machine_id,block_id,rate
H1,B01,1194.708925
H2,B01,1194.708925
H3,B01,1480.641393
H4,B01,569.826226
H5,B01,569.826226
H6,B01,569.826226
H7,B01,937.184825
H8,B01,937.184825
H9,B01,937.184825
H1,B02,1220.906942
H2,B02,1220.906942
H3,B02,1332.369187
H4,B02,531.895933
H5,B02,531.895933
H6,B02,531.895933
H7,B02,802.411354
H8,B02,802.411354
H9,B02,802.411354
