machine_id,block_id,rate
H1,B01,1194.708925
H2,B01,1194.708925
H3,B01,1480.641393
H4,B01,569.826226
H5,B01,569.826226
H6,B01,569.826226
H7,B01,937.184825
H8,B01,937.184825
H9,B01,937.184825
H1,B02,1224.950119
H2,B02,1224.950119
H3,B02,1321.329411
H4,B02,528.988828
H5,B02,528.988828
H6,B02,528.988828
H7,B02,789.824516
H8,B02,789.824516
H9,B02,789.824516
