{
  "samples": 1,
  "total_production": 139963.533991,
  "total_hours": 5112.0,
  "mobilisation_cost": 10662.28,
  "average_utilisation": 0.5634920634920635
}