day,sample_id,production_units,total_hours,idle_hours,mobilisation_cost,completed_blocks,blackout_conflicts,sequencing_violations,available_hours,utilisation_ratio,downtime_hours,downtime_events,weather_severity_total
1,0,2340.893841,48.0,168.0,0.0,0,0,0,216.0,0.2222222222222222,0.0,0,0.0
2,0,3217.574552,72.0,144.0,107.44,0,0,0,216.0,0.3333333333333333,0.0,0,0.0
3,0,4000.7108209999997,120.0,96.0,160.92000000000002,0,0,0,216.0,0.5555555555555556,0.0,0,0.0
4,0,4227.068211,120.0,96.0,160.68,0,0,0,216.0,0.5555555555555556,0.0,0,0.0
5,0,3564.8867950000003,96.0,120.0,217.28,0,0,0,216.0,0.4444444444444444,0.0,0,0.0
6,0,3299.223976,96.0,120.0,159.96,0,0,0,216.0,0.4444444444444444,0.0,0,0.0
7,0,4673.480161695008,139.99232853075654,76.00767146924346,327.12,0,0,0,216.0,0.6481126320868358,4.0076714692434745,1,0.0
8,0,4850.255850999999,168.0,48.0,325.44000000000005,0,0,0,216.0,0.7777777777777778,0.0,0,0.0
9,0,3685.164688,144.0,72.0,272.92,0,0,0,216.0,0.6666666666666666,0.0,0,0.0
10,0,4041.2065135780445,137.02836010708543,78.97163989291457,269.8,0,0,0,216.0,0.6343905560513214,6.9716398929145615,2,0.0
11,0,3940.2763863907485,117.29324075310693,98.70675924689307,216.56,0,0,0,216.0,0.5430242627458655,2.706759246893074,1,0.0
12,0,3988.543912999999,168.0,48.0,272.67999999999995,0,0,0,216.0,0.7777777777777778,0.0,0,0.0
13,0,4685.3910209845,163.73681004222155,52.26318995777845,378.68,1,0,0,216.0,0.7580407872325071,4.2631899577784536,1,0.0
14,0,4582.894479,144.0,72.0,325.44,0,0,0,216.0,0.6666666666666666,0.0,0,0.0
15,0,4538.758908079578,161.53729847938885,54.46270152061115,326.4,0,0,1,216.0,0.747857863330504,6.462701520611141,1,0.0
16,0,5429.4887499999995,168.0,48.0,381.32,0,0,0,216.0,0.7777777777777778,0.0,0,0.0
17,0,3355.443990979392,165.76053301352027,50.23946698647973,327.36,0,0,0,216.0,0.7674098750625938,2.2394669864797128,1,0.0
18,0,2945.087932987674,144.0,72.0,328.56000000000006,0,0,1,216.0,0.6666666666666666,0.0,0,0.0
19,0,3287.5732848,144.0,72.0,329.76,0,0,0,216.0,0.6666666666666666,0.0,0,1.8
20,0,3000.1713411,168.0,48.0,381.08,0,0,2,216.0,0.7777777777777778,0.0,0,0.0
21,0,4096.039002,144.0,72.0,324.72,0,0,0,216.0,0.6666666666666666,0.0,0,0.0
22,0,3534.338818,144.0,72.0,324.48,0,0,1,216.0,0.6666666666666666,0.0,0,0.0
23,0,3225.5748744876746,96.0,120.0,218.0,0,0,1,216.0,0.4444444444444444,0.0,0,0.0
24,0,1792.532784645574,85.07989303516905,130.92010696483095,218.0,0,0,0,216.0,0.3938883936813382,10.920106964830957,2,1.2
25,0,2237.105180845574,96.0,120.0,217.28000000000003,0,0,2,216.0,0.4444444444444444,0.0,0,0.0
26,0,2350.190473995866,91.7502399425392,124.2497600574608,217.28,0,0,1,216.0,0.4247696293636074,4.249760057460798,1,0.0
27,0,2783.577802,120.0,96.0,270.52000000000004,0,0,0,216.0,0.5555555555555556,0.0,0,0.0
28,0,2617.772447,96.0,120.0,215.35999999999999,0,0,0,216.0,0.4444444444444444,0.0,0,0.0
29,0,2781.560019,120.0,96.0,270.76,0,0,0,216.0,0.5555555555555556,0.0,0,0.0
30,0,2321.238319,96.0,120.0,218.72000000000003,0,0,0,216.0,0.4444444444444444,0.0,0,0.0
31,0,2284.572898,96.0,120.0,216.07999999999998,0,0,2,216.0,0.4444444444444444,0.0,0,0.0
32,0,2587.935428,144.0,72.0,323.28,0,0,3,216.0,0.6666666666666666,0.0,0,0.0
33,0,3114.694861181708,120.0,96.0,269.56,0,0,1,216.0,0.5555555555555556,0.0,0,0.0
34,0,1656.4923260000003,96.0,120.0,218.0,0,0,0,216.0,0.4444444444444444,0.0,0,0.0
35,0,1023.1768134472674,72.0,144.0,162.12,0,0,1,216.0,0.3333333333333333,0.0,0,0.0
36,0,1393.0548784472678,120.0,96.0,272.68,0,0,4,216.0,0.5555555555555556,0.0,0,0.0
37,0,1645.8176677472675,96.0,120.0,216.07999999999998,0,0,3,216.0,0.4444444444444444,0.0,0,0.0
38,0,2351.8713692141037,120.0,96.0,272.92,0,0,0,216.0,0.5555555555555556,0.0,0,0.0
39,0,1872.1298114530398,96.0,120.0,215.84,0,0,0,216.0,0.4444444444444444,0.0,0,0.0
40,0,2118.6892106530395,96.0,120.0,215.6,0,0,1,216.0,0.4444444444444444,0.0,0,0.0
41,0,2296.670831,120.0,96.0,268.36,1,0,0,216.0,0.5555555555555556,0.0,0,0.0
42,0,1201.8131356818603,118.82363981494292,97.17636018505708,267.64,0,0,0,216.0,0.5501094435876988,1.1763601850570806,1,1.5
1,1,2340.893841,48.0,168.0,0.0,0,0,0,216.0,0.2222222222222222,0.0,0,0.0
2,1,3217.574552,72.0,144.0,107.44,0,0,0,216.0,0.3333333333333333,0.0,0,0.0
3,1,3280.3034694766857,120.0,96.0,160.92000000000002,0,0,0,216.0,0.5555555555555556,0.0,0,0.0
4,1,4227.068211,120.0,96.0,160.68,0,0,0,216.0,0.5555555555555556,0.0,0,0.0
5,1,3564.8867950000003,96.0,120.0,217.28,0,0,0,216.0,0.4444444444444444,0.0,0,0.0
6,1,3299.223976,96.0,120.0,159.96,0,0,0,216.0,0.4444444444444444,0.0,0,0.0
7,1,5067.157271,144.0,72.0,327.12,0,0,0,216.0,0.6666666666666666,0.0,0,0.0
8,1,4850.255850999999,168.0,48.0,325.44000000000005,0,0,0,216.0,0.7777777777777778,0.0,0,0.0
9,1,3009.1591898089696,144.0,72.0,272.92,0,0,0,216.0,0.6666666666666666,0.0,0,0.0
10,1,3791.9439021888625,144.0,72.0,269.8,0,0,0,216.0,0.6666666666666666,0.0,0,0.0
11,1,4648.825759007368,118.82271585875094,97.17728414124906,216.56,0,0,0,216.0,0.5501051660127358,1.177284141249062,1,0.0
12,1,3140.384998974854,164.569500031727,51.43049996827301,272.67999999999995,0,0,1,216.0,0.7618958334802175,3.4304999682730184,1,0.0
13,1,4802.854536007368,168.0,48.0,378.68,0,0,1,216.0,0.7777777777777778,0.0,0,0.0
14,1,4582.894479,144.0,72.0,325.44,0,0,0,216.0,0.6666666666666666,0.0,0,0.0
15,1,4830.99066116651,168.0,48.0,326.4,0,0,1,216.0,0.7777777777777778,0.0,0,0.0
16,1,5392.8735741665105,168.0,48.0,381.32,0,0,1,216.0,0.7777777777777778,0.0,0,0.0
17,1,4451.508277166511,168.0,48.0,327.36,0,0,1,216.0,0.7777777777777778,0.0,0,0.0
18,1,3240.336050852893,138.47118215510181,77.52881784489819,328.56000000000006,0,0,0,216.0,0.641070287755101,5.528817844898178,1,0.0
19,1,4378.773130919637,138.27617865353056,77.72382134646944,329.76,0,0,0,216.0,0.6401674937663452,5.723821346469424,1,0.0
20,1,3288.0671659196373,168.0,48.0,381.08,0,0,1,216.0,0.7777777777777778,0.0,0,0.0
21,1,4056.5616385444455,141.4035056764663,74.5964943235337,324.72,0,0,0,216.0,0.6546458596132699,2.596494323533706,1,0.0
22,1,3627.8654876700148,138.30097349025903,77.69902650974097,324.48,0,0,0,216.0,0.6402822846771251,5.699026509740972,1,0.0
23,1,3488.6009556700146,96.0,120.0,218.0,0,0,1,216.0,0.4444444444444444,0.0,0,0.0
24,1,2100.5811057,96.0,120.0,218.0,0,0,0,216.0,0.4444444444444444,0.0,0,1.2
25,1,1720.0966756701014,89.7732444589731,126.2267555410269,217.28000000000003,0,0,0,216.0,0.4156168724952458,6.226755541026903,1,1.2
26,1,1694.7761527272603,88.06921078048151,127.93078921951849,217.28,0,0,1,216.0,0.4077278276874144,7.930789219518496,1,0.0
27,1,2226.6945851582764,113.96392083782123,102.03607916217877,270.52000000000004,0,0,1,216.0,0.5276107446195427,6.036079162178762,1,0.0
28,1,2617.772447,96.0,120.0,215.35999999999999,0,0,0,216.0,0.4444444444444444,0.0,0,0.0
29,1,2781.560019,120.0,96.0,270.76,0,0,0,216.0,0.5555555555555556,0.0,0,0.0
30,1,2152.2251019786036,96.0,120.0,218.72000000000003,0,0,1,216.0,0.4444444444444444,0.0,0,0.0
31,1,2642.519355321148,92.23045745828408,123.76954254171592,216.07999999999998,0,0,1,216.0,0.42699285860316705,3.769542541715917,1,0.0
32,1,2951.576683321148,138.7472846967115,77.25271530328851,323.28,0,0,3,216.0,0.6423485402625532,5.252715303288506,1,0.0
33,1,3039.3091726727334,114.5392028041338,101.4607971958662,269.56,0,0,0,216.0,0.530274087056175,5.460797195866202,1,0.0
34,1,1159.5446282,96.0,120.0,218.0,0,0,0,216.0,0.4444444444444444,0.0,0,1.2
35,1,1041.8780225419791,72.0,144.0,162.12,0,0,1,216.0,0.3333333333333333,0.0,0,0.0
36,1,1767.819146969226,120.0,96.0,272.68,0,0,4,216.0,0.5555555555555556,0.0,0,0.0
37,1,2203.609404516129,90.02349954220793,125.97650045779207,216.07999999999998,0,0,1,216.0,0.4167754608435552,5.9765004577920635,1,0.0
38,1,1990.5481084766857,120.0,96.0,272.92,0,0,1,216.0,0.5555555555555556,0.0,0,0.0
39,1,1886.2304602369884,89.44382899857303,126.55617100142697,215.84,0,0,1,216.0,0.4140918009193196,6.556171001426973,1,0.0
40,1,2010.6835173973386,96.0,120.0,215.6,0,0,2,216.0,0.4444444444444444,0.0,0,0.0
41,1,2101.7867263973385,120.0,96.0,268.36,0,0,2,216.0,0.5555555555555556,0.0,0,0.0
42,1,1524.4494217654271,115.18639410650056,100.81360589349944,267.64,0,0,1,216.0,0.5332703430856507,4.813605893499443,1,0.0
1,2,2340.893841,48.0,168.0,0.0,0,0,0,216.0,0.2222222222222222,0.0,0,0.0
2,2,2796.6923755153525,72.0,144.0,107.44,0,0,0,216.0,0.3333333333333333,0.0,0,0.0
3,2,3371.948763135681,120.0,96.0,160.92000000000002,0,0,0,216.0,0.5555555555555556,0.0,0,0.0
4,2,3912.690945811888,120.0,96.0,160.68,0,0,1,216.0,0.5555555555555556,0.0,0,0.0
5,2,2760.6741376566188,92.2172137623829,123.7827862376171,217.28,0,0,0,216.0,0.4269315451962171,3.782786237617094,1,0.0
6,2,3036.687015515353,90.9035899392795,125.0964100607205,159.96,0,0,1,216.0,0.4208499534225903,5.096410060720495,1,0.0
7,2,4758.684029027622,141.85034464832322,74.14965535167678,327.12,0,0,0,216.0,0.656714558557052,2.149655351676784,1,0.0
8,2,4850.255850999999,168.0,48.0,325.44000000000005,0,0,0,216.0,0.7777777777777778,0.0,0,0.0
9,2,3220.5555330204434,144.0,72.0,272.92,0,0,1,216.0,0.6666666666666666,0.0,0,0.0
10,2,4178.4183219999995,144.0,72.0,269.8,0,0,0,216.0,0.6666666666666666,0.0,0,0.0
11,2,4522.049408683974,116.27968991629783,99.72031008370217,216.56,0,0,0,216.0,0.5383318977606381,3.7203100837021807,1,0.0
12,2,3795.7403900655922,161.31024759853017,54.68975240146983,272.67999999999995,0,0,0,216.0,0.746806701845047,6.689752401469848,2,0.0
13,2,3280.2459141168565,162.1342203562098,53.865779643790205,378.68,0,0,0,216.0,0.7506213905380084,5.8657796437902014,1,2.1
14,2,4017.500597730308,144.0,72.0,325.44,0,0,1,216.0,0.6666666666666666,0.0,0,0.0
15,2,3936.5704087078807,168.0,48.0,326.4,0,0,3,216.0,0.7777777777777778,0.0,0,0.0
16,2,5008.6065735153525,165.66139807895178,50.33860192104822,381.32,0,0,1,216.0,0.7669509170321841,2.3386019210482085,1,0.0
17,2,4067.241276515353,168.0,48.0,327.36,0,0,2,216.0,0.7777777777777778,0.0,0,0.0
18,2,2268.498951367853,144.0,72.0,328.56000000000006,0,0,0,216.0,0.6666666666666666,0.0,0,1.8
19,2,4145.374942460864,144.0,72.0,329.76,0,0,2,216.0,0.6666666666666666,0.0,0,0.0
20,2,3200.4524121298173,168.0,48.0,381.08,0,0,1,216.0,0.7777777777777778,0.0,0,0.0
21,2,3976.34994390266,144.0,72.0,324.72,0,0,0,216.0,0.6666666666666666,0.0,0,0.0
22,2,3763.1761030000007,144.0,72.0,324.48,0,0,0,216.0,0.6666666666666666,0.0,0,0.0
23,2,3421.4439439999996,96.0,120.0,218.0,0,0,1,216.0,0.4444444444444444,0.0,0,0.0
24,2,3000.830151,96.0,120.0,218.0,0,0,0,216.0,0.4444444444444444,0.0,0,0.0
25,2,2605.1213239999997,96.0,120.0,217.28000000000003,0,0,0,216.0,0.4444444444444444,0.0,0,0.0
26,2,2554.246526,96.0,120.0,217.28,0,0,0,216.0,0.4444444444444444,0.0,0,0.0
27,2,2679.9155953,120.0,96.0,270.52000000000004,0,0,2,216.0,0.5555555555555556,0.0,0,0.0
28,2,2617.772447,96.0,120.0,215.35999999999999,0,0,0,216.0,0.4444444444444444,0.0,0,0.0
29,2,2781.560019,120.0,96.0,270.76,0,0,0,216.0,0.5555555555555556,0.0,0,0.0
30,2,2210.5502858102864,96.0,120.0,218.72000000000003,0,0,1,216.0,0.4444444444444444,0.0,0,0.0
31,2,2391.768499566058,96.0,120.0,216.07999999999998,0,0,2,216.0,0.4444444444444444,0.0,0,0.0
32,2,2428.727168677523,140.62360969251742,75.37639030748258,323.28,0,0,0,216.0,0.651035230057951,3.3763903074825716,1,1.8
33,2,2949.7271168809,120.0,96.0,269.56,0,0,1,216.0,0.5555555555555556,0.0,0,0.0
34,2,1586.5723196466906,87.20790960829427,128.79209039170573,218.0,0,0,1,216.0,0.4037403222606216,8.792090391705718,1,0.0
35,2,591.5211476466901,72.0,144.0,162.12,0,0,2,216.0,0.3333333333333333,0.0,0,0.0
36,2,1793.0833122929303,120.0,96.0,272.68,0,0,4,216.0,0.5555555555555556,0.0,0,0.0
37,2,1405.887912946239,96.0,120.0,216.07999999999998,0,0,2,216.0,0.4444444444444444,0.0,0,1.2
38,2,2173.576481525766,120.0,96.0,272.92,0,0,2,216.0,0.5555555555555556,0.0,0,0.0
39,2,1750.2756320999997,96.0,120.0,215.84,0,0,2,216.0,0.4444444444444444,0.0,0,0.0
40,2,2003.1864679,96.0,120.0,215.6,0,0,1,216.0,0.4444444444444444,0.0,0,0.0
41,2,2094.2896769,120.0,96.0,268.36,0,0,1,216.0,0.5555555555555556,0.0,0,0.0
42,2,1622.066984,120.0,96.0,267.64,1,0,1,216.0,0.5555555555555556,0.0,0,0.0
1,3,2192.9599838425847,44.98310759622244,171.01689240377755,0.0,0,0,0,216.0,0.20825512776028907,3.016892403777561,1,0.0
2,3,3081.756759842585,72.0,144.0,107.44,0,0,1,216.0,0.3333333333333333,0.0,0,0.0
3,3,3995.289960842584,120.0,96.0,160.92000000000002,0,0,1,216.0,0.5555555555555556,0.0,0,0.0
4,3,4227.068211,120.0,96.0,160.68,0,0,0,216.0,0.5555555555555556,0.0,0,0.0
5,3,3048.6195995747826,96.0,120.0,217.28,0,0,0,216.0,0.4444444444444444,0.0,0,0.0
6,3,3299.223976,96.0,120.0,159.96,0,0,0,216.0,0.4444444444444444,0.0,0,0.0
7,3,5067.157271,144.0,72.0,327.12,0,0,0,216.0,0.6666666666666666,0.0,0,0.0
8,3,4717.199229271846,163.89597505231245,52.10402494768755,325.44000000000005,0,0,0,216.0,0.7587776622792243,4.1040249476875355,1,0.0
9,3,3685.164688,144.0,72.0,272.92,0,0,0,216.0,0.6666666666666666,0.0,0,0.0
10,3,2924.8928254,144.0,72.0,269.8,0,0,0,216.0,0.6666666666666666,0.0,0,1.8
11,3,4639.3463223,120.0,96.0,216.56,0,0,1,216.0,0.5555555555555556,0.0,0,0.0
12,3,3977.964052299999,168.0,48.0,272.67999999999995,0,0,1,216.0,0.7777777777777778,0.0,0,0.0
13,3,4865.334536,168.0,48.0,378.68,1,0,0,216.0,0.7777777777777778,0.0,0,0.0
14,3,4196.041676756255,135.13013816812622,80.86986183187378,325.44,0,0,0,216.0,0.6256024915191029,8.869861831873779,2,0.0
15,3,4307.025304409446,168.0,48.0,326.4,0,0,1,216.0,0.7777777777777778,0.0,0,0.0
16,3,4369.288149845107,168.0,48.0,381.32,0,0,1,216.0,0.7777777777777778,0.0,0,0.0
17,3,4322.173111118068,163.07360256304565,52.926397436954346,327.36,0,0,1,216.0,0.7549703822363225,4.926397436954338,1,0.0
18,3,3395.7427919999996,144.0,72.0,328.56000000000006,0,0,0,216.0,0.6666666666666666,0.0,0,0.0
19,3,3684.887341513141,144.0,72.0,329.76,0,0,0,216.0,0.6666666666666666,0.0,0,0.0
20,3,2185.5669737436638,168.0,48.0,381.08,0,0,1,216.0,0.7777777777777778,0.0,0,2.1
21,3,3576.5523612387587,141.72604119095254,74.27395880904746,324.72,0,0,1,216.0,0.6561390795877432,2.2739588090474485,1,0.0
22,3,3545.302169042585,144.0,72.0,324.48,0,0,1,216.0,0.6666666666666666,0.0,0,0.0
23,3,3586.334916,96.0,120.0,218.0,0,0,0,216.0,0.4444444444444444,0.0,0,0.0
24,3,3000.830151,96.0,120.0,218.0,0,0,0,216.0,0.4444444444444444,0.0,0,0.0
25,3,2605.1213239999997,96.0,120.0,217.28000000000003,0,0,0,216.0,0.4444444444444444,0.0,0,0.0
26,3,2554.246526,96.0,120.0,217.28,0,0,0,216.0,0.4444444444444444,0.0,0,0.0
27,3,2441.45637033823,120.0,96.0,270.52000000000004,0,0,0,216.0,0.5555555555555556,0.0,0,0.0
28,3,2521.16931933823,96.0,120.0,215.35999999999999,0,0,1,216.0,0.4444444444444444,0.0,0,0.0
29,3,2525.188241,120.0,96.0,270.76,0,0,1,216.0,0.5555555555555556,0.0,0,0.0
30,3,2279.0731537,96.0,120.0,218.72000000000003,0,0,1,216.0,0.4444444444444444,0.0,0,0.0
31,3,2693.4446076269624,96.0,120.0,216.07999999999998,0,0,2,216.0,0.4444444444444444,0.0,0,0.0
32,3,3502.2737537,144.0,72.0,323.28,0,0,1,216.0,0.6666666666666666,0.0,0,0.0
33,3,2255.3190863,120.0,96.0,269.56,0,0,0,216.0,0.5555555555555556,0.0,0,1.5
34,3,1656.4923260000003,96.0,120.0,218.0,0,0,0,216.0,0.4444444444444444,0.0,0,0.0
35,3,645.6294720000002,72.0,144.0,162.12,0,0,2,216.0,0.3333333333333333,0.0,0,0.0
36,3,1590.4120009258158,115.7871532554463,100.2128467445537,272.68,0,0,2,216.0,0.5360516354418811,4.2128467445536995,1,0.0
37,3,2040.6346927541808,96.0,120.0,216.07999999999998,0,0,1,216.0,0.4444444444444444,0.0,0,0.0
38,3,2225.6783269999996,120.0,96.0,272.92,0,0,1,216.0,0.5555555555555556,0.0,0,0.0
39,3,2021.7918832116861,96.0,120.0,215.84,0,0,0,216.0,0.4444444444444444,0.0,0,0.0
40,3,2082.841405482613,96.0,120.0,215.6,0,0,2,216.0,0.4444444444444444,0.0,0,0.0
41,3,1607.6695817,120.0,96.0,268.36,0,0,0,216.0,0.5555555555555556,0.0,0,1.5
42,3,1257.6256998,120.0,96.0,267.64,0,0,3,216.0,0.5555555555555556,0.0,0,0.0
1,4,2340.893841,48.0,168.0,0.0,0,0,0,216.0,0.2222222222222222,0.0,0,0.0
2,4,3217.574552,72.0,144.0,107.44,0,0,0,216.0,0.3333333333333333,0.0,0,0.0
3,4,3613.144026107102,115.28068925666778,100.71931074333222,160.92000000000002,0,0,0,216.0,0.5337068947067953,4.7193107433322155,1,0.0
4,4,3395.3129051503292,120.0,96.0,160.68,0,0,0,216.0,0.5555555555555556,0.0,0,0.0
5,4,3564.8867950000003,96.0,120.0,217.28,0,0,0,216.0,0.4444444444444444,0.0,0,0.0
6,4,3171.6967875393066,96.0,120.0,159.96,0,0,1,216.0,0.4444444444444444,0.0,0,0.0
7,4,5067.157271,144.0,72.0,327.12,0,0,0,216.0,0.6666666666666666,0.0,0,0.0
8,4,4850.255850999999,168.0,48.0,325.44000000000005,0,0,0,216.0,0.7777777777777778,0.0,0,0.0
9,4,3685.164688,144.0,72.0,272.92,0,0,0,216.0,0.6666666666666666,0.0,0,0.0
10,4,4178.4183219999995,144.0,72.0,269.8,0,0,0,216.0,0.6666666666666666,0.0,0,0.0
11,4,4609.4055290393035,115.530994257321,100.469005742679,216.56,0,0,0,216.0,0.5348657141542639,4.469005742679,1,0.0
12,4,2791.9807390999995,168.0,48.0,272.67999999999995,0,0,0,216.0,0.7777777777777778,0.0,0,2.1
13,4,4402.747531725785,165.155436799769,50.84456320023099,378.68,0,0,1,216.0,0.7646085037026343,2.8445632002310033,1,0.0
14,4,4221.720192425602,142.18707152749798,73.81292847250202,325.44,0,0,0,216.0,0.6582734792939721,1.8129284725020183,1,0.0
15,4,4632.4119783999995,168.0,48.0,326.4,0,0,1,216.0,0.7777777777777778,0.0,0,0.0
16,4,5066.767702939307,168.0,48.0,381.32,0,0,1,216.0,0.7777777777777778,0.0,0,0.0
17,4,3134.431683639308,168.0,48.0,327.36,0,0,1,216.0,0.7777777777777778,0.0,0,2.1
18,4,3292.5393150999994,144.0,72.0,328.56000000000006,0,0,1,216.0,0.6666666666666666,0.0,0,0.0
19,4,4696.533264,144.0,72.0,329.76,0,0,0,216.0,0.6666666666666666,0.0,0,0.0
20,4,3260.5311763741256,168.0,48.0,381.08,0,0,0,216.0,0.7777777777777778,0.0,0,0.0
21,4,4096.039002,144.0,72.0,324.72,0,0,0,216.0,0.6666666666666666,0.0,0,0.0
22,4,3406.505139155085,139.53656409925085,76.46343590074915,324.48,0,0,1,216.0,0.6460026115706058,4.463435900749142,1,0.0
23,4,3230.9156482521503,93.32670903706463,122.67329096293537,218.0,0,0,1,216.0,0.43206809739381774,2.6732909629353614,1,0.0
24,4,2977.059632719145,94.82580289638496,121.17419710361504,218.0,0,0,0,216.0,0.4390083467425229,1.1741971036150383,1,0.0
25,4,2465.6234349560473,91.12929697663736,124.87070302336264,217.28000000000003,0,0,0,216.0,0.4218948934103582,4.870703023362637,1,0.0
26,4,1787.9725682,96.0,120.0,217.28,0,0,0,216.0,0.4444444444444444,0.0,0,1.2
27,4,2783.577802,120.0,96.0,270.52000000000004,0,0,0,216.0,0.5555555555555556,0.0,0,0.0
28,4,2617.772447,96.0,120.0,215.35999999999999,0,0,0,216.0,0.4444444444444444,0.0,0,0.0
29,4,2781.560019,120.0,96.0,270.76,0,0,0,216.0,0.5555555555555556,0.0,0,0.0
30,4,2321.238319,96.0,120.0,218.72000000000003,0,0,0,216.0,0.4444444444444444,0.0,0,0.0
31,4,2408.5208326205425,92.09043484048466,123.90956515951534,216.07999999999998,0,0,1,216.0,0.42634460574298455,3.9095651595153367,1,0.0
32,4,3337.9153306205417,140.1499121569532,75.8500878430468,323.28,0,0,1,216.0,0.6488421859118204,3.850087843046792,1,0.0
33,4,3221.884409,120.0,96.0,269.56,0,0,0,216.0,0.5555555555555556,0.0,0,0.0
34,4,1623.1000046000001,96.0,120.0,218.0,0,0,1,216.0,0.4444444444444444,0.0,0,0.0
35,4,852.0472120999991,72.0,144.0,162.12,0,0,0,216.0,0.3333333333333333,0.0,0,0.8999999999999999
36,4,1770.475784499999,120.0,96.0,272.68,0,0,2,216.0,0.5555555555555556,0.0,0,0.0
37,4,2002.717567820543,96.0,120.0,216.07999999999998,0,0,3,216.0,0.4444444444444444,0.0,0,0.0
38,4,2305.587905543284,120.0,96.0,272.92,0,0,2,216.0,0.5555555555555556,0.0,0,0.0
39,4,2171.324175,96.0,120.0,215.84,0,0,0,216.0,0.4444444444444444,0.0,0,0.0
40,4,2205.567622,96.0,120.0,215.6,0,0,0,216.0,0.4444444444444444,0.0,0,0.0
41,4,2203.7478237843034,114.54911716038909,101.45088283961091,268.36,1,0,0,216.0,0.5303199868536532,5.450882839610911,2,0.0
42,4,1529.1439767843033,120.0,96.0,267.64,0,0,2,216.0,0.5555555555555556,0.0,0,0.0
1,5,1638.6256887,48.0,168.0,0.0,0,0,0,216.0,0.2222222222222222,0.0,0,0.6
2,5,2876.6373327,72.0,144.0,107.44,0,0,1,216.0,0.3333333333333333,0.0,0,0.0
3,5,3790.1705336999994,120.0,96.0,160.92000000000002,0,0,1,216.0,0.5555555555555556,0.0,0,0.0
4,5,4227.068211,120.0,96.0,160.68,0,0,0,216.0,0.5555555555555556,0.0,0,0.0
5,5,3457.7388265303875,92.52314733365084,123.47685266634916,217.28,0,0,0,216.0,0.4283479043224576,3.476852666349164,1,0.0
6,5,3299.223976,96.0,120.0,159.96,0,0,0,216.0,0.4444444444444444,0.0,0,0.0
7,5,5067.157271,144.0,72.0,327.12,0,0,0,216.0,0.6666666666666666,0.0,0,0.0
8,5,4696.630203590305,163.2615399264971,52.73846007350289,325.44000000000005,0,0,0,216.0,0.7558404626226718,4.738460073502906,1,0.0
9,5,3564.7105854816823,140.5335604129463,75.46643958705371,272.92,0,0,1,216.0,0.6506183352451217,3.466439587053702,1,0.0
10,5,4178.4183219999995,144.0,72.0,269.8,0,0,0,216.0,0.6666666666666666,0.0,0,0.0
11,5,3297.9140313000003,120.0,96.0,216.56,0,0,0,216.0,0.5555555555555556,0.0,0,1.5
12,5,3503.639013099999,168.0,48.0,272.67999999999995,0,0,2,216.0,0.7777777777777778,0.0,0,0.0
13,5,4326.587228177619,164.5696213964688,51.43037860353121,378.68,0,0,0,216.0,0.7618963953540222,3.4303786035312065,1,0.0
14,5,4582.894479,144.0,72.0,325.44,0,0,0,216.0,0.6666666666666666,0.0,0,0.0
15,5,4867.605836999999,168.0,48.0,326.4,0,0,0,216.0,0.7777777777777778,0.0,0,0.0
16,5,5429.4887499999995,168.0,48.0,381.32,0,0,0,216.0,0.7777777777777778,0.0,0,0.0
17,5,4391.735023300129,159.61379028125847,56.386209718741526,327.36,0,0,0,216.0,0.7389527327836041,8.38620971874152,2,0.0
18,5,3395.7427919999996,144.0,72.0,328.56000000000006,0,0,0,216.0,0.6666666666666666,0.0,0,0.0
19,5,4624.638294530387,144.0,72.0,329.76,0,0,1,216.0,0.6666666666666666,0.0,0,0.0
20,5,3331.991269,168.0,48.0,381.08,0,0,0,216.0,0.7777777777777778,0.0,0,0.0
21,5,4096.039002,144.0,72.0,324.72,0,0,0,216.0,0.6666666666666666,0.0,0,0.0
22,5,3559.2042747000005,144.0,72.0,324.48,0,0,1,216.0,0.6666666666666666,0.0,0,0.0
23,5,3586.334916,96.0,120.0,218.0,0,0,0,216.0,0.4444444444444444,0.0,0,0.0
24,5,3000.830151,96.0,120.0,218.0,0,0,0,216.0,0.4444444444444444,0.0,0,0.0
25,5,2605.1213239999997,96.0,120.0,217.28000000000003,0,0,0,216.0,0.4444444444444444,0.0,0,0.0
26,5,2313.257294646822,91.02685516247162,124.97314483752838,217.28,0,0,0,216.0,0.4214206257521834,4.97314483752838,2,0.0
27,5,2783.577802,120.0,96.0,270.52000000000004,0,0,0,216.0,0.5555555555555556,0.0,0,0.0
28,5,2453.85532894046,92.6223786979769,123.3776213020231,215.35999999999999,0,0,0,216.0,0.4288073087869301,3.3776213020230963,1,0.0
29,5,2491.66805494046,120.0,96.0,270.76,0,0,1,216.0,0.5555555555555556,0.0,0,0.0
30,5,1962.8256414999994,96.0,120.0,218.72000000000003,0,0,1,216.0,0.4444444444444444,0.0,0,0.0
31,5,2379.3008174999995,96.0,120.0,216.07999999999998,0,0,1,216.0,0.4444444444444444,0.0,0,0.0
32,5,3092.7699880911514,141.12358554165212,74.87641445834788,323.28,0,0,2,216.0,0.6533499330632042,2.876414458347881,1,0.0
33,5,3221.884409,120.0,96.0,269.56,0,0,0,216.0,0.5555555555555556,0.0,0,0.0
34,5,1001.3719876934773,96.0,120.0,218.0,0,0,0,216.0,0.4444444444444444,0.0,0,1.2
35,5,652.8272928000008,72.0,144.0,162.12,0,0,2,216.0,0.3333333333333333,0.0,0,0.8999999999999999
36,5,1236.0546349404608,118.88254538243282,97.11745461756718,272.68,0,0,4,216.0,0.5503821545483001,1.1174546175671738,1,0.0
37,5,2152.981035327166,96.0,120.0,216.07999999999998,0,0,2,216.0,0.4444444444444444,0.0,0,0.0
38,5,2296.8573597988434,113.09846151776031,102.90153848223969,272.92,0,0,2,216.0,0.5236039885081496,6.901538482239678,1,0.0
39,5,2171.324175,96.0,120.0,215.84,0,0,0,216.0,0.4444444444444444,0.0,0,0.0
40,5,2205.567622,96.0,120.0,215.6,0,0,0,216.0,0.4444444444444444,0.0,0,0.0
41,5,2296.670831,120.0,96.0,268.36,1,0,0,216.0,0.5555555555555556,0.0,0,0.0
42,5,1744.2457950000003,120.0,96.0,267.64,1,0,0,216.0,0.5555555555555556,0.0,0,0.0
1,6,2340.893841,48.0,168.0,0.0,0,0,0,216.0,0.2222222222222222,0.0,0,0.0
2,6,3217.574552,72.0,144.0,107.44,0,0,0,216.0,0.3333333333333333,0.0,0,0.0
3,6,4000.7108209999997,120.0,96.0,160.92000000000002,0,0,0,216.0,0.5555555555555556,0.0,0,0.0
4,6,4020.7597178600345,113.88431814283592,102.11568185716408,160.68,0,0,0,216.0,0.5272422136242404,6.115681857164086,1,0.0
5,6,3564.8867950000003,96.0,120.0,217.28,0,0,0,216.0,0.4444444444444444,0.0,0,0.0
6,6,3120.53429925867,96.0,120.0,159.96,0,0,0,216.0,0.4444444444444444,0.0,0,0.0
7,6,3547.0100896999993,144.0,72.0,327.12,0,0,0,216.0,0.6666666666666666,0.0,0,1.8
8,6,3395.1790957,168.0,48.0,325.44000000000005,0,0,0,216.0,0.7777777777777778,0.0,0,2.1
9,6,3543.0442045,144.0,72.0,272.92,0,0,2,216.0,0.6666666666666666,0.0,0,0.0
10,6,3506.3973162250218,144.0,72.0,269.8,0,0,0,216.0,0.6666666666666666,0.0,0,0.0
11,6,4532.61608225867,120.0,96.0,216.56,0,0,1,216.0,0.5555555555555556,0.0,0,0.0
12,6,3809.854236258669,168.0,48.0,272.67999999999995,0,0,1,216.0,0.7777777777777778,0.0,0,0.0
13,6,4638.095663767524,165.51585430294472,50.48414569705528,378.68,0,0,1,216.0,0.7662771032543737,2.484145697055292,1,0.0
14,6,4032.5630711704616,144.0,72.0,325.44,0,0,0,216.0,0.6666666666666666,0.0,0,0.0
15,6,4792.291349699999,168.0,48.0,326.4,0,0,1,216.0,0.7777777777777778,0.0,0,0.0
16,6,5345.0393537,168.0,48.0,381.32,0,0,1,216.0,0.7777777777777778,0.0,0,0.0
17,6,4488.123453,168.0,48.0,327.36,0,0,0,216.0,0.7777777777777778,0.0,0,0.0
18,6,3225.1040386445175,137.92928146089926,78.07071853910074,328.56000000000006,0,0,0,216.0,0.638561488244904,6.070718539100737,1,0.0
19,6,3287.5732848,144.0,72.0,329.76,0,0,0,216.0,0.6666666666666666,0.0,0,1.8
20,6,3093.4543916117427,162.00274307589714,53.99725692410286,381.08,0,0,1,216.0,0.7500126994254498,5.997256924102857,1,0.0
21,6,4096.039002,144.0,72.0,324.72,0,0,0,216.0,0.6666666666666666,0.0,0,0.0
22,6,3763.1761030000007,144.0,72.0,324.48,0,0,0,216.0,0.6666666666666666,0.0,0,0.0
23,6,3452.8814053082824,90.1471721320747,125.8528278679253,218.0,0,0,0,216.0,0.4173480191299755,5.852827867925293,1,0.0
24,6,3000.830151,96.0,120.0,218.0,0,0,0,216.0,0.4444444444444444,0.0,0,0.0
25,6,2605.1213239999997,96.0,120.0,217.28000000000003,0,0,0,216.0,0.4444444444444444,0.0,0,0.0
26,6,2554.246526,96.0,120.0,217.28,0,0,0,216.0,0.4444444444444444,0.0,0,0.0
27,6,2783.577802,120.0,96.0,270.52000000000004,0,0,0,216.0,0.5555555555555556,0.0,0,0.0
28,6,2227.213037170463,96.0,120.0,215.35999999999999,0,0,1,216.0,0.4444444444444444,0.0,0,0.0
29,6,1849.4439495365796,115.69731952593375,100.30268047406625,270.76,0,0,0,216.0,0.5356357385459896,4.30268047406625,1,1.5
30,6,2280.713447507009,96.0,120.0,218.72000000000003,0,0,1,216.0,0.4444444444444444,0.0,0,0.0
31,6,1916.3994464999994,96.0,120.0,216.07999999999998,0,0,0,216.0,0.4444444444444444,0.0,0,1.2
32,6,2883.1893060952652,144.0,72.0,323.28,0,0,2,216.0,0.6666666666666666,0.0,0,0.0
33,6,2471.77699739811,117.74459328943621,98.25540671056379,269.56,0,0,2,216.0,0.5451138578214639,2.255406710563796,1,0.0
34,6,1496.720328,96.0,120.0,218.0,0,0,1,216.0,0.4444444444444444,0.0,0,0.0
35,6,1132.327972970462,72.0,144.0,162.12,0,0,1,216.0,0.3333333333333333,0.0,0,0.0
36,6,1390.2920001704629,120.0,96.0,272.68,0,0,3,216.0,0.5555555555555556,0.0,0,0.0
37,6,1892.4999639999992,96.0,120.0,216.07999999999998,0,0,2,216.0,0.4444444444444444,0.0,0,0.0
38,6,1706.810624537898,114.48510555900802,101.51489444099198,272.92,0,0,3,216.0,0.5300236368472594,5.514894440991981,1,0.0
39,6,1983.2412901362356,96.0,120.0,215.84,0,0,2,216.0,0.4444444444444444,0.0,0,0.0
40,6,2034.9288686445175,96.0,120.0,215.6,0,0,1,216.0,0.4444444444444444,0.0,0,0.0
41,6,2126.032077644518,120.0,96.0,268.36,0,0,1,216.0,0.5555555555555556,0.0,0,0.0
42,6,1622.066984,116.4397816574245,99.5602183425755,267.64,1,0,1,216.0,0.5390730632288171,3.5602183425755016,1,0.0
1,7,2340.893841,48.0,168.0,0.0,0,0,0,216.0,0.2222222222222222,0.0,0,0.0
2,7,3217.574552,72.0,144.0,107.44,0,0,0,216.0,0.3333333333333333,0.0,0,0.0
3,7,3745.647825381529,112.96206697457848,103.03793302542152,160.92000000000002,0,0,0,216.0,0.5229725322897152,7.03793302542152,2,0.0
4,7,3992.196051542088,120.0,96.0,160.68,0,0,0,216.0,0.5555555555555556,0.0,0,0.0
5,7,3511.336404952601,92.8626686685644,123.1373313314356,217.28,0,0,0,216.0,0.4299197623544648,3.137331331435599,1,0.0
6,7,3299.223976,96.0,120.0,159.96,0,0,0,216.0,0.4444444444444444,0.0,0,0.0
7,7,5067.157271,144.0,72.0,327.12,0,0,0,216.0,0.6666666666666666,0.0,0,0.0
8,7,4401.372788022607,168.0,48.0,325.44000000000005,0,0,0,216.0,0.7777777777777778,0.0,0,0.0
9,7,3478.7707671591043,144.0,72.0,272.92,0,0,0,216.0,0.6666666666666666,0.0,0,0.0
10,7,2924.8928254,144.0,72.0,269.8,0,0,0,216.0,0.6666666666666666,0.0,0,1.8
11,7,4639.3463223,120.0,96.0,216.56,0,0,1,216.0,0.5555555555555556,0.0,0,0.0
12,7,2527.557619453776,168.0,48.0,272.67999999999995,0,0,0,216.0,0.7777777777777778,0.0,0,2.1
13,7,4218.798055453776,163.75734553369693,52.242654466303065,378.68,0,0,2,216.0,0.7581358589523006,4.242654466303063,1,0.0
14,7,4501.173745639596,140.60063907569645,75.39936092430355,325.44,0,0,0,216.0,0.6509288846097058,3.399360924303532,1,0.0
15,7,4867.605836999999,168.0,48.0,326.4,0,0,0,216.0,0.7777777777777778,0.0,0,0.0
16,7,5248.166980589487,168.0,48.0,381.32,0,0,1,216.0,0.7777777777777778,0.0,0,0.0
17,7,4232.238164523364,163.46918205768054,52.53081794231946,327.36,0,0,1,216.0,0.756801768785558,4.530817942319476,1,0.0
18,7,3085.4422043469035,144.0,72.0,328.56000000000006,0,0,0,216.0,0.6666666666666666,0.0,0,0.0
19,7,3287.5732848,144.0,72.0,329.76,0,0,0,216.0,0.6666666666666666,0.0,0,1.8
20,7,3005.4300501,168.0,48.0,381.08,0,0,2,216.0,0.7777777777777778,0.0,0,0.0
21,7,4096.039002,144.0,72.0,324.72,0,0,0,216.0,0.6666666666666666,0.0,0,0.0
22,7,3686.4457971617944,144.0,72.0,324.48,0,0,1,216.0,0.6666666666666666,0.0,0,0.0
23,7,3586.334916,96.0,120.0,218.0,0,0,0,216.0,0.4444444444444444,0.0,0,0.0
24,7,3000.830151,96.0,120.0,218.0,0,0,0,216.0,0.4444444444444444,0.0,0,0.0
25,7,2605.1213239999997,96.0,120.0,217.28000000000003,0,0,0,216.0,0.4444444444444444,0.0,0,0.0
26,7,1787.9725682,96.0,120.0,217.28,0,0,0,216.0,0.4444444444444444,0.0,0,1.2
27,7,2559.5742222999997,120.0,96.0,270.52000000000004,0,0,1,216.0,0.5555555555555556,0.0,0,0.0
28,7,2617.772447,96.0,120.0,215.35999999999999,0,0,0,216.0,0.4444444444444444,0.0,0,0.0
29,7,2081.1525367363197,120.0,96.0,270.76,0,0,0,216.0,0.5555555555555556,0.0,0,0.0
30,7,1508.255751695708,96.0,120.0,218.72000000000003,0,0,2,216.0,0.4444444444444444,0.0,0,0.0
31,7,2379.3008174999995,88.76234659243116,127.23765340756884,216.07999999999998,0,0,1,216.0,0.4109367897797739,7.2376534075688514,1,0.0
32,7,2434.5232950966206,140.99722475899895,75.00277524100105,323.28,0,0,0,216.0,0.65276492943981,3.0027752410010433,1,1.8
33,7,3075.2106009966215,120.0,96.0,269.56,0,0,1,216.0,0.5555555555555556,0.0,0,0.0
34,7,1102.265115049524,91.86328886920737,124.13671113079263,218.0,0,0,0,216.0,0.4252930040241082,4.136711130792626,1,1.2
35,7,935.0106595954137,72.0,144.0,162.12,0,0,0,216.0,0.3333333333333333,0.0,0,0.0
36,7,1420.8382659999988,120.0,96.0,272.68,0,0,2,216.0,0.5555555555555556,0.0,0,0.0
37,7,1903.017381999999,96.0,120.0,216.07999999999998,0,0,2,216.0,0.4444444444444444,0.0,0,0.0
38,7,2561.7785372045846,120.0,96.0,272.92,0,0,1,216.0,0.5555555555555556,0.0,0,0.0
39,7,2171.324175,96.0,120.0,215.84,0,0,0,216.0,0.4444444444444444,0.0,0,0.0
40,7,1999.173701159105,96.0,120.0,215.6,0,0,1,216.0,0.4444444444444444,0.0,0,0.0
41,7,2008.5561767987015,120.0,96.0,268.36,1,0,3,216.0,0.5555555555555556,0.0,0,0.0
42,7,1456.1311407987014,120.0,96.0,267.64,0,0,2,216.0,0.5555555555555556,0.0,0,0.0
1,8,2340.893841,48.0,168.0,0.0,0,0,0,216.0,0.2222222222222222,0.0,0,0.0
2,8,3217.574552,72.0,144.0,107.44,0,0,0,216.0,0.3333333333333333,0.0,0,0.0
3,8,4000.7108209999997,120.0,96.0,160.92000000000002,0,0,0,216.0,0.5555555555555556,0.0,0,0.0
4,8,4227.068211,120.0,96.0,160.68,0,0,0,216.0,0.5555555555555556,0.0,0,0.0
5,8,3564.8867950000003,96.0,120.0,217.28,0,0,0,216.0,0.4444444444444444,0.0,0,0.0
6,8,3193.3178725089488,92.86058472035974,123.13941527964026,159.96,0,0,0,216.0,0.4299101144461099,3.1394152796402603,1,0.0
7,8,5067.157271,144.0,72.0,327.12,0,0,0,216.0,0.6666666666666666,0.0,0,0.0
8,8,4760.543329273915,163.95202672582568,52.047973274174325,325.44000000000005,0,0,0,216.0,0.7590371607677114,4.04797327417432,1,0.0
9,8,3685.164688,144.0,72.0,272.92,0,0,0,216.0,0.6666666666666666,0.0,0,0.0
10,8,4105.728287963795,140.3252416186967,75.67475838130329,269.8,0,0,0,216.0,0.6496538963828551,3.6747583813032945,1,0.0
11,8,4711.305759,120.0,96.0,216.56,0,0,0,216.0,0.5555555555555556,0.0,0,0.0
12,8,3988.543912999999,168.0,48.0,272.67999999999995,0,0,0,216.0,0.7777777777777778,0.0,0,0.0
13,8,4865.334536,168.0,48.0,378.68,1,0,0,216.0,0.7777777777777778,0.0,0,0.0
14,8,4121.02125111751,139.02013154208865,76.97986845791135,325.44,0,0,0,216.0,0.6436117201022623,4.97986845791135,1,0.0
15,8,4786.402553510634,163.98878496671074,52.01121503328926,326.4,0,0,0,216.0,0.759207337808846,4.011215033289273,1,0.0
16,8,4805.640998281831,168.0,48.0,381.32,0,0,1,216.0,0.7777777777777778,0.0,0,0.0
17,8,4382.217349508948,168.0,48.0,327.36,0,0,1,216.0,0.7777777777777778,0.0,0,0.0
18,8,3332.8665007638024,141.3517698540103,74.64823014598969,328.56000000000006,0,0,0,216.0,0.6544063419167144,2.6482301459896913,1,0.0
19,8,4696.533264,144.0,72.0,329.76,0,0,0,216.0,0.6666666666666666,0.0,0,0.0
20,8,3331.991269,168.0,48.0,381.08,0,0,0,216.0,0.7777777777777778,0.0,0,0.0
21,8,2867.2273014,144.0,72.0,324.72,0,0,0,216.0,0.6666666666666666,0.0,0,1.8
22,8,2418.7069561437806,132.13357953259217,83.86642046740783,324.48,0,0,0,216.0,0.6117295348731119,11.866420467407835,2,1.8
23,8,2939.677452000753,96.0,120.0,218.0,0,0,1,216.0,0.4444444444444444,0.0,0,0.0
24,8,3000.830151,96.0,120.0,218.0,0,0,0,216.0,0.4444444444444444,0.0,0,0.0
25,8,2605.1213239999997,96.0,120.0,217.28000000000003,0,0,0,216.0,0.4444444444444444,0.0,0,0.0
26,8,2554.246526,96.0,120.0,217.28,0,0,0,216.0,0.4444444444444444,0.0,0,0.0
27,8,2691.3051913,120.0,96.0,270.52000000000004,0,0,1,216.0,0.5555555555555556,0.0,0,0.0
28,8,2384.6695619537677,96.0,120.0,215.35999999999999,0,0,1,216.0,0.4444444444444444,0.0,0,0.0
29,8,2750.3553100714857,120.0,96.0,270.76,0,0,1,216.0,0.5555555555555556,0.0,0,0.0
30,8,2321.238319,96.0,120.0,218.72000000000003,0,0,0,216.0,0.4444444444444444,0.0,0,0.0
31,8,2610.6750520063915,90.64938170141966,125.35061829858034,216.07999999999998,0,0,0,216.0,0.4196730634324984,5.3506182985803425,1,0.0
32,8,3379.8238210063914,144.0,72.0,323.28,0,0,1,216.0,0.6666666666666666,0.0,0,0.0
33,8,3221.884409,120.0,96.0,269.56,0,0,0,216.0,0.5555555555555556,0.0,0,0.0
34,8,965.206001090906,96.0,120.0,218.0,0,0,1,216.0,0.4444444444444444,0.0,0,1.2
35,8,1217.210302999999,72.0,144.0,162.12,0,0,0,216.0,0.3333333333333333,0.0,0,0.0
36,8,1630.8826340542666,120.0,96.0,272.68,0,0,0,216.0,0.5555555555555556,0.0,0,0.0
37,8,2407.5085879999997,96.0,120.0,216.07999999999998,0,0,0,216.0,0.4444444444444444,0.0,0,0.0
38,8,2336.2171122802706,120.0,96.0,272.92,0,0,1,216.0,0.5555555555555556,0.0,0,0.0
39,8,1968.9121697099947,96.0,120.0,215.84,0,0,0,216.0,0.4444444444444444,0.0,0,0.0
40,8,1893.6860853099947,96.0,120.0,215.6,0,0,2,216.0,0.4444444444444444,0.0,0,0.0
41,8,1696.5412556522015,120.0,96.0,268.36,0,0,2,216.0,0.5555555555555556,0.0,0,0.0
42,8,1346.5282249422066,120.0,96.0,267.64,0,0,3,216.0,0.5555555555555556,0.0,0,0.0
1,9,2340.893841,48.0,168.0,0.0,0,0,0,216.0,0.2222222222222222,0.0,0,0.0
2,9,1801.9875976720548,72.0,144.0,107.44,0,0,0,216.0,0.3333333333333333,0.0,0,0.8999999999999999
3,9,3331.374699472055,120.0,96.0,160.92000000000002,0,0,2,216.0,0.5555555555555556,0.0,0,0.0
4,9,3904.698670472055,120.0,96.0,160.68,0,0,1,216.0,0.5555555555555556,0.0,0,0.0
5,9,3564.8867950000003,96.0,120.0,217.28,0,0,0,216.0,0.4444444444444444,0.0,0,0.0
6,9,2900.0546364823804,92.32450788211547,123.67549211788453,159.96,0,0,1,216.0,0.42742827723201604,3.6754921178845263,1,0.0
7,9,5067.157271,144.0,72.0,327.12,0,0,0,216.0,0.6666666666666666,0.0,0,0.0
8,9,4850.255850999999,168.0,48.0,325.44000000000005,0,0,0,216.0,0.7777777777777778,0.0,0,0.0
9,9,3685.164688,144.0,72.0,272.92,0,0,0,216.0,0.6666666666666666,0.0,0,0.0
10,9,4178.4183219999995,144.0,72.0,269.8,0,0,0,216.0,0.6666666666666666,0.0,0,0.0
11,9,4420.43023628238,120.0,96.0,216.56,0,0,1,216.0,0.5555555555555556,0.0,0,0.0
12,9,3697.6683902823793,168.0,48.0,272.67999999999995,0,0,1,216.0,0.7777777777777778,0.0,0,0.0
13,9,3405.7341751999998,168.0,48.0,378.68,0,0,0,216.0,0.7777777777777778,0.0,0,2.1
14,9,4582.894479,144.0,72.0,325.44,0,0,0,216.0,0.6666666666666666,0.0,0,0.0
15,9,4709.260620999999,168.0,48.0,326.4,0,0,1,216.0,0.7777777777777778,0.0,0,0.0
16,9,5162.8497172,168.0,48.0,381.32,0,0,1,216.0,0.7777777777777778,0.0,0,0.0
17,9,4221.4844202,168.0,48.0,327.36,0,0,1,216.0,0.7777777777777778,0.0,0,0.0
18,9,3395.7427919999996,144.0,72.0,328.56000000000006,0,0,0,216.0,0.6666666666666666,0.0,0,0.0
19,9,4696.533264,144.0,72.0,329.76,0,0,0,216.0,0.6666666666666666,0.0,0,0.0
20,9,3302.629966515363,168.0,48.0,381.08,0,0,0,216.0,0.7777777777777778,0.0,0,0.0
21,9,4096.039002,144.0,72.0,324.72,0,0,0,216.0,0.6666666666666666,0.0,0,0.0
22,9,3422.7779810000006,144.0,72.0,324.48,0,0,1,216.0,0.6666666666666666,0.0,0,0.0
23,9,3586.334916,96.0,120.0,218.0,0,0,0,216.0,0.4444444444444444,0.0,0,0.0
24,9,3000.830151,96.0,120.0,218.0,0,0,0,216.0,0.4444444444444444,0.0,0,0.0
25,9,2605.1213239999997,96.0,120.0,217.28000000000003,0,0,0,216.0,0.4444444444444444,0.0,0,0.0
26,9,1787.9725682,96.0,120.0,217.28,0,0,0,216.0,0.4444444444444444,0.0,0,1.2
27,9,2353.9418314,120.0,96.0,270.52000000000004,0,0,2,216.0,0.5555555555555556,0.0,0,0.0
28,9,2617.772447,96.0,120.0,215.35999999999999,0,0,0,216.0,0.4444444444444444,0.0,0,0.0
29,9,2457.1517194684825,120.0,96.0,270.76,0,0,1,216.0,0.5555555555555556,0.0,0,0.0
30,9,2291.877016515362,96.0,120.0,218.72000000000003,0,0,1,216.0,0.4444444444444444,0.0,0,0.0
31,9,2702.6573945153623,96.0,120.0,216.07999999999998,0,0,2,216.0,0.4444444444444444,0.0,0,0.0
32,9,3460.8955973769007,140.23039095703265,75.76960904296735,323.28,0,0,0,216.0,0.6492147729492252,3.769609042967339,1,0.0
33,9,2255.3190863,120.0,96.0,269.56,0,0,0,216.0,0.5555555555555556,0.0,0,1.5
34,9,1291.7151887000002,96.0,120.0,218.0,0,0,2,216.0,0.4444444444444444,0.0,0,0.0
35,9,908.8858995000002,72.0,144.0,162.12,0,0,2,216.0,0.3333333333333333,0.0,0,0.0
36,9,1593.816439123098,120.0,96.0,272.68,0,0,4,216.0,0.5555555555555556,0.0,0,0.0
37,9,2156.4749469999997,89.84630415895867,126.15369584104133,216.07999999999998,0,0,1,216.0,0.4159551118470309,6.153695841041328,1,0.0
38,9,2226.0333299,120.0,96.0,272.92,0,0,1,216.0,0.5555555555555556,0.0,0,0.0
39,9,1740.661374380866,91.21515594755547,124.78484405244453,215.84,0,0,1,216.0,0.42229238864609014,4.784844052444521,1,0.0
40,9,1847.6739933808662,96.0,120.0,215.6,0,0,2,216.0,0.4444444444444444,0.0,0,0.0
41,9,2162.176072455244,120.0,96.0,268.36,0,0,1,216.0,0.5555555555555556,0.0,0,0.0
42,9,1744.2457950000003,120.0,96.0,267.64,1,0,0,216.0,0.5555555555555556,0.0,0,0.0
1,10,2340.893841,48.0,168.0,0.0,0,0,0,216.0,0.2222222222222222,0.0,0,0.0
2,10,3217.574552,72.0,144.0,107.44,0,0,0,216.0,0.3333333333333333,0.0,0,0.0
3,10,4000.7108209999997,120.0,96.0,160.92000000000002,0,0,0,216.0,0.5555555555555556,0.0,0,0.0
4,10,4107.278260112873,120.0,96.0,160.68,0,0,0,216.0,0.5555555555555556,0.0,0,0.0
5,10,3564.8867950000003,96.0,120.0,217.28,0,0,0,216.0,0.4444444444444444,0.0,0,0.0
6,10,3299.223976,96.0,120.0,159.96,0,0,0,216.0,0.4444444444444444,0.0,0,0.0
7,10,5067.157271,144.0,72.0,327.12,0,0,0,216.0,0.6666666666666666,0.0,0,0.0
8,10,4769.459541926515,164.35434058157458,51.645659418425424,325.44000000000005,0,0,0,216.0,0.7608997249146972,3.6456594184254194,1,0.0
9,10,3685.164688,144.0,72.0,272.92,0,0,0,216.0,0.6666666666666666,0.0,0,0.0
10,10,4178.4183219999995,144.0,72.0,269.8,0,0,0,216.0,0.6666666666666666,0.0,0,0.0
11,10,3966.3632858183037,120.0,96.0,216.56,0,0,0,216.0,0.5555555555555556,0.0,0,0.0
12,10,2390.4031955134883,165.2656227065954,50.734377293404606,272.67999999999995,0,0,2,216.0,0.7651186236416453,2.7343772934046005,1,2.1
13,10,4120.392062818303,168.0,48.0,378.68,0,0,2,216.0,0.7777777777777778,0.0,0,0.0
14,10,4582.894479,144.0,72.0,325.44,0,0,0,216.0,0.6666666666666666,0.0,0,0.0
15,10,4687.562800909225,168.0,48.0,326.4,0,0,1,216.0,0.7777777777777778,0.0,0,0.0
16,10,5090.406209132961,168.0,48.0,381.32,0,0,0,216.0,0.7777777777777778,0.0,0,0.0
17,10,4149.040912132961,168.0,48.0,327.36,0,0,2,216.0,0.7777777777777778,0.0,0,0.0
18,10,3395.7427919999996,144.0,72.0,328.56000000000006,0,0,0,216.0,0.6666666666666666,0.0,0,0.0
19,10,4626.221264683249,140.64359688410912,75.35640311589088,329.76,0,0,0,216.0,0.651127763352357,3.356403115890898,1,0.0
20,10,3331.991269,168.0,48.0,381.08,0,0,0,216.0,0.7777777777777778,0.0,0,0.0
21,10,4096.039002,144.0,72.0,324.72,0,0,0,216.0,0.6666666666666666,0.0,0,0.0
22,10,3763.1761030000007,144.0,72.0,324.48,0,0,0,216.0,0.6666666666666666,0.0,0,0.0
23,10,3586.334916,96.0,120.0,218.0,0,0,0,216.0,0.4444444444444444,0.0,0,0.0
24,10,3000.830151,96.0,120.0,218.0,0,0,0,216.0,0.4444444444444444,0.0,0,0.0
25,10,2605.1213239999997,96.0,120.0,217.28000000000003,0,0,0,216.0,0.4444444444444444,0.0,0,0.0
26,10,2025.3850891597945,91.18633349288262,124.81366650711738,217.28,0,0,0,216.0,0.42215895135593806,4.813666507117381,1,0.0
27,10,2783.577802,120.0,96.0,270.52000000000004,0,0,0,216.0,0.5555555555555556,0.0,0,0.0
28,10,1832.4407129,96.0,120.0,215.35999999999999,0,0,0,216.0,0.4444444444444444,0.0,0,1.2
29,10,2409.646291299999,120.0,96.0,270.76,0,0,2,216.0,0.5555555555555556,0.0,0,0.0
30,10,1962.8256414999994,96.0,120.0,218.72000000000003,0,0,1,216.0,0.4444444444444444,0.0,0,0.0
31,10,1775.209445134111,96.0,120.0,216.07999999999998,0,0,1,216.0,0.4444444444444444,0.0,0,0.0
32,10,3031.661273707594,144.0,72.0,323.28,0,0,1,216.0,0.6666666666666666,0.0,0,0.0
33,10,2570.957677433114,120.0,96.0,269.56,0,0,1,216.0,0.5555555555555556,0.0,0,0.0
34,10,1386.957252911875,96.0,120.0,218.0,0,0,1,216.0,0.4444444444444444,0.0,0,0.0
35,10,1212.7882169999993,72.0,144.0,162.12,0,0,1,216.0,0.3333333333333333,0.0,0,0.0
36,10,1591.2049431999997,120.0,96.0,272.68,0,0,3,216.0,0.5555555555555556,0.0,0,0.0
37,10,1848.1322124552516,96.0,120.0,216.07999999999998,0,0,0,216.0,0.4444444444444444,0.0,0,0.0
38,10,2588.776649,120.0,96.0,272.92,0,0,0,216.0,0.5555555555555556,0.0,0,0.0
39,10,2159.934579,96.0,120.0,215.84,0,0,1,216.0,0.4444444444444444,0.0,0,0.0
40,10,2205.567622,96.0,120.0,215.6,0,0,0,216.0,0.4444444444444444,0.0,0,0.0
41,10,2296.670831,120.0,96.0,268.36,1,0,0,216.0,0.5555555555555556,0.0,0,0.0
42,10,1148.6725001913626,120.0,96.0,267.64,0,0,0,216.0,0.5555555555555556,0.0,0,0.0
1,11,2340.893841,48.0,168.0,0.0,0,0,0,216.0,0.2222222222222222,0.0,0,0.0
2,11,3217.574552,72.0,144.0,107.44,0,0,0,216.0,0.3333333333333333,0.0,0,0.0
3,11,4000.7108209999997,120.0,96.0,160.92000000000002,0,0,0,216.0,0.5555555555555556,0.0,0,0.0
4,11,4055.0654513126847,114.90125616841075,101.09874383158925,160.68,0,0,0,216.0,0.5319502600389386,5.09874383158924,1,0.0
5,11,3564.8867950000003,96.0,120.0,217.28,0,0,0,216.0,0.4444444444444444,0.0,0,0.0
6,11,3096.3337123259025,96.0,120.0,159.96,0,0,0,216.0,0.4444444444444444,0.0,0,0.0
7,11,4893.637366325903,144.0,72.0,327.12,0,0,1,216.0,0.6666666666666666,0.0,0,0.0
8,11,4850.255850999999,168.0,48.0,325.44000000000005,0,0,0,216.0,0.7777777777777778,0.0,0,0.0
9,11,3595.9184247871326,141.33065801420747,74.66934198579253,272.92,0,0,0,216.0,0.6543086019176272,2.669341985792512,1,0.0
10,11,4001.9376943669104,139.07503506185066,76.92496493814934,269.8,0,0,0,216.0,0.6438659030641234,4.9249649381493406,1,0.0
11,11,4711.305759,120.0,96.0,216.56,0,0,0,216.0,0.5555555555555556,0.0,0,0.0
12,11,3786.014049296985,163.9314636166526,52.06853638334741,272.67999999999995,0,0,0,216.0,0.7589419611882064,4.06853638334739,1,0.0
13,11,4865.334536,168.0,48.0,378.68,1,0,0,216.0,0.7777777777777778,0.0,0,0.0
14,11,4582.894479,144.0,72.0,325.44,0,0,0,216.0,0.6666666666666666,0.0,0,0.0
15,11,4867.605836999999,168.0,48.0,326.4,0,0,0,216.0,0.7777777777777778,0.0,0,0.0
16,11,5257.485990312684,168.0,48.0,381.32,0,0,1,216.0,0.7777777777777778,0.0,0,0.0
17,11,4316.120693312685,168.0,48.0,327.36,0,0,1,216.0,0.7777777777777778,0.0,0,0.0
18,11,1994.394455683555,144.0,72.0,328.56000000000006,0,0,0,216.0,0.6666666666666666,0.0,0,1.8
19,11,4174.479656683555,144.0,72.0,329.76,0,0,1,216.0,0.6666666666666666,0.0,0,0.0
20,11,3331.991269,168.0,48.0,381.08,0,0,0,216.0,0.7777777777777778,0.0,0,0.0
21,11,3557.3331870219035,144.0,72.0,324.72,0,0,0,216.0,0.6666666666666666,0.0,0,0.0
22,11,2634.2232720999996,144.0,72.0,324.48,0,0,0,216.0,0.6666666666666666,0.0,0,1.8
23,11,2908.6003406,94.10401075140736,121.89598924859264,218.0,0,0,1,216.0,0.43566671644170074,1.8959892485926368,1,0.0
24,11,3000.830151,96.0,120.0,218.0,0,0,0,216.0,0.4444444444444444,0.0,0,0.0
25,11,2605.1213239999997,96.0,120.0,217.28000000000003,0,0,0,216.0,0.4444444444444444,0.0,0,0.0
26,11,2317.1866477322897,89.35387831424123,126.64612168575877,217.28,0,0,0,216.0,0.4136753625659316,6.646121685758769,2,0.0
27,11,2691.3051913,120.0,96.0,270.52000000000004,0,0,1,216.0,0.5555555555555556,0.0,0,0.0
28,11,2617.772447,96.0,120.0,215.35999999999999,0,0,0,216.0,0.4444444444444444,0.0,0,0.0
29,11,2781.560019,120.0,96.0,270.76,0,0,0,216.0,0.5555555555555556,0.0,0,0.0
30,11,2118.7084552969854,96.0,120.0,218.72000000000003,0,0,1,216.0,0.4444444444444444,0.0,0,0.0
31,11,2737.713494999999,96.0,120.0,216.07999999999998,0,0,0,216.0,0.4444444444444444,0.0,0,0.0
32,11,2481.107243299999,144.0,72.0,323.28,0,0,0,216.0,0.6666666666666666,0.0,0,1.8
33,11,3129.2934262163258,116.72711596920124,99.27288403079876,269.56,0,0,0,216.0,0.5404033146722279,3.272884030798764,1,0.0
34,11,1656.4923260000003,96.0,120.0,218.0,0,0,0,216.0,0.4444444444444444,0.0,0,0.0
35,11,1217.210302999999,72.0,144.0,162.12,0,0,0,216.0,0.3333333333333333,0.0,0,0.0
36,11,1365.798578199999,120.0,96.0,272.68,0,0,0,216.0,0.5555555555555556,0.0,0,1.5
37,11,2238.7930878639454,96.0,120.0,216.07999999999998,0,0,2,216.0,0.4444444444444444,0.0,0,0.0
38,11,2505.0804066197916,120.0,96.0,272.92,0,0,1,216.0,0.5555555555555556,0.0,0,0.0
39,11,1968.9430209,96.0,120.0,215.84,0,0,1,216.0,0.4444444444444444,0.0,0,0.0
40,11,1891.347528656655,90.70226293855119,125.29773706144881,215.6,0,0,2,216.0,0.41991788397477403,5.297737061448818,1,0.0
41,11,1800.4827255744308,120.0,96.0,268.36,0,0,1,216.0,0.5555555555555556,0.0,0,0.0
42,11,1375.8008035380692,113.36405151443248,102.63594848556752,267.64,0,0,1,216.0,0.5248335718260763,6.635948485567518,2,0.0
1,12,2340.893841,48.0,168.0,0.0,0,0,0,216.0,0.2222222222222222,0.0,0,0.0
2,12,2683.3130212870383,72.0,144.0,107.44,0,0,0,216.0,0.3333333333333333,0.0,0,0.0
3,12,2528.948783978908,120.0,96.0,160.92000000000002,0,0,0,216.0,0.5555555555555556,0.0,0,1.5
4,12,3992.1866160789077,120.0,96.0,160.68,0,0,1,216.0,0.5555555555555556,0.0,0,0.0
5,12,3564.8867950000003,96.0,120.0,217.28,0,0,0,216.0,0.4444444444444444,0.0,0,0.0
6,12,3190.9301592,96.0,120.0,159.96,0,0,1,216.0,0.4444444444444444,0.0,0,0.0
7,12,5067.157271,144.0,72.0,327.12,0,0,0,216.0,0.6666666666666666,0.0,0,0.0
8,12,4850.255850999999,168.0,48.0,325.44000000000005,0,0,0,216.0,0.7777777777777778,0.0,0,0.0
9,12,3320.8395534473416,144.0,72.0,272.92,0,0,1,216.0,0.6666666666666666,0.0,0,0.0
10,12,3956.3249627289624,134.74976897690007,81.25023102309993,269.8,0,0,0,216.0,0.623841523041204,9.250231023099918,2,0.0
11,12,4711.305759,120.0,96.0,216.56,0,0,0,216.0,0.5555555555555556,0.0,0,0.0
12,12,3988.543912999999,168.0,48.0,272.67999999999995,0,0,0,216.0,0.7777777777777778,0.0,0,0.0
13,12,4093.0276114719104,162.39770151343959,53.602298486560414,378.68,0,0,0,216.0,0.7518412107103685,5.602298486560413,1,0.0
14,12,3208.0261353,144.0,72.0,325.44,0,0,0,216.0,0.6666666666666666,0.0,0,1.8
15,12,4273.396610899999,168.0,48.0,326.4,0,0,3,216.0,0.7777777777777778,0.0,0,0.0
16,12,5162.8497172,168.0,48.0,381.32,0,0,1,216.0,0.7777777777777778,0.0,0,0.0
17,12,4221.4844202,168.0,48.0,327.36,0,0,1,216.0,0.7777777777777778,0.0,0,0.0
18,12,3395.7427919999996,144.0,72.0,328.56000000000006,0,0,0,216.0,0.6666666666666666,0.0,0,0.0
19,12,4696.533264,144.0,72.0,329.76,0,0,0,216.0,0.6666666666666666,0.0,0,0.0
20,12,3296.6428492275722,168.0,48.0,381.08,0,0,0,216.0,0.7777777777777778,0.0,0,0.0
21,12,2867.2273014,144.0,72.0,324.72,0,0,0,216.0,0.6666666666666666,0.0,0,1.8
22,12,2780.4378339000004,144.0,72.0,324.48,0,0,2,216.0,0.6666666666666666,0.0,0,0.0
23,12,3123.72723020152,96.0,120.0,218.0,0,0,1,216.0,0.4444444444444444,0.0,0,0.0
24,12,2955.44572410152,96.0,120.0,218.0,0,0,1,216.0,0.4444444444444444,0.0,0,0.0
25,12,2358.0468834136686,87.33171191574472,128.66828808425527,217.28000000000003,0,0,0,216.0,0.40431348109141074,8.668288084255275,2,0.0
26,12,1671.7429722262523,91.7478881296441,124.2521118703559,217.28,0,0,0,216.0,0.4247587413409449,4.252111870355906,1,1.2
27,12,2783.577802,120.0,96.0,270.52000000000004,0,0,0,216.0,0.5555555555555556,0.0,0,0.0
28,12,2617.772447,96.0,120.0,215.35999999999999,0,0,0,216.0,0.4444444444444444,0.0,0,0.0
29,12,2781.560019,120.0,96.0,270.76,0,0,0,216.0,0.5555555555555556,0.0,0,0.0
30,12,2321.238319,96.0,120.0,218.72000000000003,0,0,0,216.0,0.4444444444444444,0.0,0,0.0
31,12,2718.4732905440683,96.0,120.0,216.07999999999998,0,0,1,216.0,0.4444444444444444,0.0,0,0.0
32,12,3544.4389189999984,144.0,72.0,323.28,0,0,0,216.0,0.6666666666666666,0.0,0,0.0
33,12,3203.6028356263255,119.06457581073832,96.93542418926168,269.56,0,0,0,216.0,0.5512248880126774,0.9354241892616786,1,0.0
34,12,1598.0374985954088,93.43636535992913,122.56363464007087,218.0,0,0,0,216.0,0.4325757655552274,2.5636346400708714,1,0.0
35,12,1217.210302999999,72.0,144.0,162.12,0,0,0,216.0,0.3333333333333333,0.0,0,0.0
36,12,1939.3136579999994,120.0,96.0,272.68,0,0,2,216.0,0.5555555555555556,0.0,0,0.0
37,12,1685.2560115999997,96.0,120.0,216.07999999999998,0,0,0,216.0,0.4444444444444444,0.0,0,1.2
38,12,2016.0835788268191,120.0,96.0,272.92,0,0,2,216.0,0.5555555555555556,0.0,0,0.0
39,12,1839.7140517308947,91.64451815667022,124.35548184332978,215.84,0,0,0,216.0,0.424280176651251,4.35548184332978,1,0.0
40,12,1825.8675433308945,96.0,120.0,215.6,0,0,4,216.0,0.4444444444444444,0.0,0,0.0
41,12,1781.8146812339091,117.29346865053874,98.70653134946126,268.36,0,0,3,216.0,0.5430253178265683,2.7065313494612573,1,0.0
42,12,1405.5775345114716,120.0,96.0,267.64,0,0,4,216.0,0.5555555555555556,0.0,0,0.0
1,13,2340.893841,48.0,168.0,0.0,0,0,0,216.0,0.2222222222222222,0.0,0,0.0
2,13,3217.574552,72.0,144.0,107.44,0,0,0,216.0,0.3333333333333333,0.0,0,0.0
3,13,4000.7108209999997,120.0,96.0,160.92000000000002,0,0,0,216.0,0.5555555555555556,0.0,0,0.0
4,13,2958.9477477,120.0,96.0,160.68,0,0,0,216.0,0.5555555555555556,0.0,0,1.5
5,13,3498.3541059,96.0,120.0,217.28,0,0,1,216.0,0.4444444444444444,0.0,0,0.0
6,13,3299.223976,96.0,120.0,159.96,0,0,0,216.0,0.4444444444444444,0.0,0,0.0
7,13,5067.157271,144.0,72.0,327.12,0,0,0,216.0,0.6666666666666666,0.0,0,0.0
8,13,4850.255850999999,168.0,48.0,325.44000000000005,0,0,0,216.0,0.7777777777777778,0.0,0,0.0
9,13,3685.164688,144.0,72.0,272.92,0,0,0,216.0,0.6666666666666666,0.0,0,0.0
10,13,4178.4183219999995,144.0,72.0,269.8,0,0,0,216.0,0.6666666666666666,0.0,0,0.0
11,13,4294.330700600356,120.0,96.0,216.56,0,0,0,216.0,0.5555555555555556,0.0,0,0.0
12,13,3876.635603078478,168.0,48.0,272.67999999999995,0,0,1,216.0,0.7777777777777778,0.0,0,0.0
13,13,3405.7341751999998,168.0,48.0,378.68,0,0,0,216.0,0.7777777777777778,0.0,0,2.1
14,13,4582.894479,144.0,72.0,325.44,0,0,0,216.0,0.6666666666666666,0.0,0,0.0
15,13,4778.94995331453,163.99970393371805,52.00029606628195,326.4,0,0,0,216.0,0.759257888582028,4.000296066281955,1,0.0
16,13,5186.601499599999,168.0,48.0,381.32,0,0,1,216.0,0.7777777777777778,0.0,0,0.0
17,13,4245.2362026,168.0,48.0,327.36,0,0,1,216.0,0.7777777777777778,0.0,0,0.0
18,13,3329.2101028999996,144.0,72.0,328.56000000000006,0,0,1,216.0,0.6666666666666666,0.0,0,0.0
19,13,4395.240460360792,140.33470194733573,75.66529805266427,329.76,0,0,1,216.0,0.6496976942006284,3.665298052664266,1,0.0
20,13,2990.1100581413148,168.0,48.0,381.08,0,0,0,216.0,0.7777777777777778,0.0,0,0.0
21,13,3916.5644288654044,144.0,72.0,324.72,0,0,0,216.0,0.6666666666666666,0.0,0,0.0
22,13,3651.461057337662,140.09936168646107,75.90063831353893,324.48,0,0,0,216.0,0.6486081559558383,3.9006383135389453,1,0.0
23,13,3586.334916,96.0,120.0,218.0,0,0,0,216.0,0.4444444444444444,0.0,0,0.0
24,13,3000.830151,96.0,120.0,218.0,0,0,0,216.0,0.4444444444444444,0.0,0,0.0
25,13,2546.9093762250095,93.54822315496627,122.45177684503373,217.28000000000003,0,0,0,216.0,0.4330936257174364,2.451776845033736,1,0.0
26,13,2554.246526,96.0,120.0,217.28,0,0,0,216.0,0.4444444444444444,0.0,0,0.0
27,13,2682.223122025395,115.55492026829961,100.44507973170039,270.52000000000004,0,0,0,216.0,0.5349764827236093,4.445079731700397,1,0.0
28,13,2617.772447,96.0,120.0,215.35999999999999,0,0,0,216.0,0.4444444444444444,0.0,0,0.0
29,13,2781.560019,120.0,96.0,270.76,0,0,0,216.0,0.5555555555555556,0.0,0,0.0
30,13,2321.238319,96.0,120.0,218.72000000000003,0,0,0,216.0,0.4444444444444444,0.0,0,0.0
31,13,2737.713494999999,96.0,120.0,216.07999999999998,0,0,0,216.0,0.4444444444444444,0.0,0,0.0
32,13,3381.9198484712715,144.0,72.0,323.28,0,0,2,216.0,0.6666666666666666,0.0,0,0.0
33,13,3156.4390692394168,116.65131919254523,99.34868080745477,269.56,0,0,0,216.0,0.5400524036691908,3.3486808074547696,1,0.0
34,13,1656.4923260000003,96.0,120.0,218.0,0,0,0,216.0,0.4444444444444444,0.0,0,0.0
35,13,1116.7884099392068,72.0,144.0,162.12,0,0,1,216.0,0.3333333333333333,0.0,0,0.0
36,13,1590.3993290342153,120.0,96.0,272.68,0,0,2,216.0,0.5555555555555556,0.0,0,0.0
37,13,1685.2560115999997,96.0,120.0,216.07999999999998,0,0,0,216.0,0.4444444444444444,0.0,0,1.2
38,13,2203.076051125394,120.0,96.0,272.92,0,0,2,216.0,0.5555555555555556,0.0,0,0.0
39,13,2171.324175,96.0,120.0,215.84,0,0,0,216.0,0.4444444444444444,0.0,0,0.0
40,13,2205.567622,96.0,120.0,215.6,0,0,0,216.0,0.4444444444444444,0.0,0,0.0
41,13,2296.670831,120.0,96.0,268.36,1,0,0,216.0,0.5555555555555556,0.0,0,0.0
42,13,1600.4890789425963,116.50582352907728,99.49417647092272,267.64,1,0,1,216.0,0.5393788126346171,3.494176470922719,1,0.0
1,14,2340.893841,48.0,168.0,0.0,0,0,0,216.0,0.2222222222222222,0.0,0,0.0
2,14,3217.574552,72.0,144.0,107.44,0,0,0,216.0,0.3333333333333333,0.0,0,0.0
3,14,4000.7108209999997,120.0,96.0,160.92000000000002,0,0,0,216.0,0.5555555555555556,0.0,0,0.0
4,14,4227.068211,120.0,96.0,160.68,0,0,0,216.0,0.5555555555555556,0.0,0,0.0
5,14,3395.6106013717663,96.0,120.0,217.28,0,0,0,216.0,0.4444444444444444,0.0,0,0.0
6,14,3099.983963655911,96.0,120.0,159.96,0,0,0,216.0,0.4444444444444444,0.0,0,0.0
7,14,4726.684508654319,134.00495647861283,81.99504352138717,327.12,0,0,1,216.0,0.620393317030615,9.995043521387185,2,0.0
8,14,4665.602402092705,158.91821768432433,57.08178231567567,325.44000000000005,0,0,0,216.0,0.7357324892792794,9.081782315675676,2,0.0
9,14,2431.93733291338,144.0,72.0,272.92,0,0,0,216.0,0.6666666666666666,0.0,0,1.8
10,14,2842.047650866683,137.94430207025005,78.05569792974995,269.8,0,0,0,216.0,0.6386310281030094,6.0556979297499565,1,1.8
11,14,4345.76408761338,120.0,96.0,216.56,0,0,2,216.0,0.5555555555555556,0.0,0,0.0
12,14,3614.4285194390977,161.4460293661084,54.553970633891595,272.67999999999995,0,0,2,216.0,0.7474353211393908,6.5539706338916135,1,0.0
13,14,4571.75230131338,166.35418971734822,49.64581028265178,378.68,0,0,1,216.0,0.770158285728464,1.6458102826517647,1,0.0
14,14,4485.791490848977,139.09107370372345,76.90892629627655,325.44,0,0,0,216.0,0.6439401560357567,4.908926296276553,1,0.0
15,14,4797.652538825717,168.0,48.0,326.4,0,0,1,216.0,0.7777777777777778,0.0,0,0.0
16,14,5429.4887499999995,168.0,48.0,381.32,0,0,0,216.0,0.7777777777777778,0.0,0,0.0
17,14,4361.996964206353,160.8680647751242,55.131935224875804,327.36,0,0,0,216.0,0.7447595591440935,7.131935224875819,1,0.0
18,14,3395.7427919999996,144.0,72.0,328.56000000000006,0,0,0,216.0,0.6666666666666666,0.0,0,0.0
19,14,4696.533264,144.0,72.0,329.76,0,0,0,216.0,0.6666666666666666,0.0,0,0.0
20,14,3331.991269,168.0,48.0,381.08,0,0,0,216.0,0.7777777777777778,0.0,0,0.0
21,14,3770.41798830359,137.57493135374781,78.42506864625219,324.72,0,0,0,216.0,0.6369209784895732,6.425068646252178,2,0.0
22,14,3688.2951528239464,144.0,72.0,324.48,0,0,1,216.0,0.6666666666666666,0.0,0,0.0
23,14,3586.334916,96.0,120.0,218.0,0,0,0,216.0,0.4444444444444444,0.0,0,0.0
24,14,3000.830151,96.0,120.0,218.0,0,0,0,216.0,0.4444444444444444,0.0,0,0.0
25,14,2605.1213239999997,96.0,120.0,217.28000000000003,0,0,0,216.0,0.4444444444444444,0.0,0,0.0
26,14,2554.246526,96.0,120.0,217.28,0,0,0,216.0,0.4444444444444444,0.0,0,0.0
27,14,2500.3518062115795,120.0,96.0,270.52000000000004,0,0,1,216.0,0.5555555555555556,0.0,0,0.0
28,14,2617.772447,96.0,120.0,215.35999999999999,0,0,0,216.0,0.4444444444444444,0.0,0,0.0
29,14,2731.4054144845663,117.67248554309333,98.32751445690667,270.76,0,0,0,216.0,0.5447800256624691,2.3275144569066653,1,0.0
30,14,2246.652822816047,92.18363934698183,123.81636065301817,218.72000000000003,0,0,0,216.0,0.42677610808787886,3.816360653018168,1,0.0
31,14,2737.713494999999,96.0,120.0,216.07999999999998,0,0,0,216.0,0.4444444444444444,0.0,0,0.0
32,14,3544.4389189999984,144.0,72.0,323.28,1,0,0,216.0,0.6666666666666666,0.0,0,0.0
33,14,2709.4039133868964,120.0,96.0,269.56,0,0,0,216.0,0.5555555555555556,0.0,0,0.0
34,14,1358.4858353206482,96.0,120.0,218.0,0,0,1,216.0,0.4444444444444444,0.0,0,0.0
35,14,655.9227529999994,72.0,144.0,162.12,0,0,1,216.0,0.3333333333333333,0.0,0,0.8999999999999999
36,14,1597.8981450391027,120.0,96.0,272.68,0,0,4,216.0,0.5555555555555556,0.0,0,0.0
37,14,2281.9599116,96.0,120.0,216.07999999999998,0,0,1,216.0,0.4444444444444444,0.0,0,0.0
38,14,2249.70037784827,120.0,96.0,272.92,0,0,0,216.0,0.5555555555555556,0.0,0,0.0
39,14,1816.6373536146687,95.81488296231691,120.18511703768309,215.84,0,0,1,216.0,0.4435874211218376,0.18511703768307886,1,0.0
40,14,1877.3215008145162,96.0,120.0,215.6,0,0,1,216.0,0.4444444444444444,0.0,0,0.0
41,14,1968.424709814516,120.0,96.0,268.36,1,0,2,216.0,0.5555555555555556,0.0,0,0.0
42,14,1193.9316193412883,120.0,96.0,267.64,0,0,0,216.0,0.5555555555555556,0.0,0,0.0
1,15,2340.893841,48.0,168.0,0.0,0,0,0,216.0,0.2222222222222222,0.0,0,0.0
2,15,3217.574552,72.0,144.0,107.44,0,0,0,216.0,0.3333333333333333,0.0,0,0.0
3,15,3737.9446273078684,120.0,96.0,160.92000000000002,0,0,0,216.0,0.5555555555555556,0.0,0,0.0
4,15,4227.068211,120.0,96.0,160.68,0,0,0,216.0,0.5555555555555556,0.0,0,0.0
5,15,3564.8867950000003,96.0,120.0,217.28,0,0,0,216.0,0.4444444444444444,0.0,0,0.0
6,15,2055.5635872757466,91.36287628890842,124.63712371109158,159.96,0,0,0,216.0,0.42297627911531677,4.637123711091573,1,1.2
7,15,4526.234734986298,138.1008249353701,77.8991750646299,327.12,0,0,2,216.0,0.6393556709970838,5.899175064629916,1,0.0
8,15,4850.255850999999,168.0,48.0,325.44000000000005,0,0,0,216.0,0.7777777777777778,0.0,0,0.0
9,15,3571.466309307869,144.0,72.0,272.92,0,0,1,216.0,0.6666666666666666,0.0,0,0.0
10,15,3811.475858630972,144.0,72.0,269.8,0,0,0,216.0,0.6666666666666666,0.0,0,0.0
11,15,4475.0966841,120.0,96.0,216.56,0,0,1,216.0,0.5555555555555556,0.0,0,0.0
12,15,3645.2333816927676,164.69654134217402,51.303458657825985,272.67999999999995,0,0,1,216.0,0.76248398769525,3.303458657825992,1,0.0
13,15,4299.458267302068,168.0,48.0,378.68,0,0,1,216.0,0.7777777777777778,0.0,0,0.0
14,15,4247.699737490796,136.0147522455149,79.9852477544851,325.44,0,0,1,216.0,0.629697927062569,7.985247754485092,2,0.0
15,15,4737.011860017588,168.0,48.0,326.4,0,0,1,216.0,0.7777777777777778,0.0,0,0.0
16,15,5039.1919259999995,168.0,48.0,381.32,0,0,1,216.0,0.7777777777777778,0.0,0,0.0
17,15,3620.0689302923665,160.08898731292874,55.91101268707126,327.36,0,0,2,216.0,0.7411527190413367,7.911012687071279,2,0.0
18,15,3300.3581398778933,144.0,72.0,328.56000000000006,0,0,1,216.0,0.6666666666666666,0.0,0,0.0
19,15,4696.533264,144.0,72.0,329.76,0,0,0,216.0,0.6666666666666666,0.0,0,0.0
20,15,3318.455446430655,168.0,48.0,381.08,0,0,0,216.0,0.7777777777777778,0.0,0,0.0
21,15,4096.039002,144.0,72.0,324.72,0,0,0,216.0,0.6666666666666666,0.0,0,0.0
22,15,3534.338818,144.0,72.0,324.48,0,0,1,216.0,0.6666666666666666,0.0,0,0.0
23,15,2386.9668108499654,96.0,120.0,218.0,0,0,0,216.0,0.4444444444444444,0.0,0,1.2
24,15,2587.6113890219135,96.0,120.0,218.0,0,0,1,216.0,0.4444444444444444,0.0,0,0.0
25,15,2498.0033674010665,91.48839481043049,124.51160518956951,217.28000000000003,0,0,0,216.0,0.42355738338162263,4.511605189569501,1,0.0
26,15,2436.2233715927687,96.0,120.0,217.28,0,0,1,216.0,0.4444444444444444,0.0,0,0.0
27,15,2783.577802,120.0,96.0,270.52000000000004,0,0,0,216.0,0.5555555555555556,0.0,0,0.0
28,15,2326.305452847657,87.92472519607568,128.07527480392432,215.35999999999999,0,0,0,216.0,0.40705891294479485,8.075274803924312,2,0.0
29,15,2520.7234319388313,120.0,96.0,270.76,0,0,1,216.0,0.5555555555555556,0.0,0,0.0
30,15,2285.811227108711,96.0,120.0,218.72000000000003,0,0,1,216.0,0.4444444444444444,0.0,0,0.0
31,15,2219.4008182295543,90.90933363022589,125.09066636977411,216.07999999999998,0,0,0,216.0,0.4208765445843791,5.0906663697741035,1,0.0
32,15,2444.9596531085144,144.0,72.0,323.28,0,0,1,216.0,0.6666666666666666,0.0,0,1.8
33,15,2913.1133242486617,120.0,96.0,269.56,0,0,1,216.0,0.5555555555555556,0.0,0,0.0
34,15,1632.9076798317099,96.0,120.0,218.0,0,0,1,216.0,0.4444444444444444,0.0,0,0.0
35,15,982.3688203824123,72.0,144.0,162.12,0,0,2,216.0,0.3333333333333333,0.0,0,0.0
36,15,1416.4161799999995,120.0,96.0,272.68,0,0,2,216.0,0.5555555555555556,0.0,0,0.0
37,15,1903.017381999999,96.0,120.0,216.07999999999998,0,0,2,216.0,0.4444444444444444,0.0,0,0.0
38,15,1812.1436543000002,120.0,96.0,272.92,0,0,0,216.0,0.5555555555555556,0.0,0,1.5
39,15,1629.7222050843195,96.0,120.0,215.84,0,0,1,216.0,0.4444444444444444,0.0,0,0.0
40,15,2069.3382430843194,96.0,120.0,215.6,0,0,1,216.0,0.4444444444444444,0.0,0,0.0
41,15,1882.8338598912974,120.0,96.0,268.36,0,0,1,216.0,0.5555555555555556,0.0,0,0.0
42,15,1611.108995271139,120.0,96.0,267.64,1,0,1,216.0,0.5555555555555556,0.0,0,0.0
1,16,1638.6256887,48.0,168.0,0.0,0,0,0,216.0,0.2222222222222222,0.0,0,0.6
2,16,2876.6373327,72.0,144.0,107.44,0,0,1,216.0,0.3333333333333333,0.0,0,0.0
3,16,3790.1705336999994,120.0,96.0,160.92000000000002,0,0,1,216.0,0.5555555555555556,0.0,0,0.0
4,16,3882.0922523906293,120.0,96.0,160.68,0,0,0,216.0,0.5555555555555556,0.0,0,0.0
5,16,3564.8867950000003,96.0,120.0,217.28,0,0,0,216.0,0.4444444444444444,0.0,0,0.0
6,16,2899.5030533060526,93.36254219625289,122.63745780374711,159.96,0,0,0,216.0,0.4322339916493189,2.6374578037471075,1,0.0
7,16,4987.192123519058,139.31511978917865,76.68488021082135,327.12,0,0,0,216.0,0.6449774064313827,4.684880210821342,1,0.0
8,16,4670.525862550141,161.8703069161558,54.12969308384419,325.44000000000005,0,0,0,216.0,0.7493995690562769,6.129693083844179,2,0.0
9,16,3685.164688,144.0,72.0,272.92,0,0,0,216.0,0.6666666666666666,0.0,0,0.0
10,16,4178.4183219999995,144.0,72.0,269.8,0,0,0,216.0,0.6666666666666666,0.0,0,0.0
11,16,4493.861962162403,115.90279875704107,100.09720124295893,216.56,0,0,0,216.0,0.5365870312825975,4.097201242958933,1,0.0
12,16,3771.1001161624026,168.0,48.0,272.67999999999995,0,0,1,216.0,0.7777777777777778,0.0,0,0.0
13,16,4365.754861015321,168.0,48.0,378.68,0,0,1,216.0,0.7777777777777778,0.0,0,0.0
14,16,4468.711659034398,139.17166195812774,76.82833804187226,325.44,0,0,1,216.0,0.6443132498061469,4.828338041872264,1,0.0
15,16,3407.3240859,168.0,48.0,326.4,0,0,0,216.0,0.7777777777777778,0.0,0,2.1
16,16,4852.042020086479,168.0,48.0,381.32,0,0,2,216.0,0.7777777777777778,0.0,0,0.0
17,16,3879.7142227776985,161.5439304694253,54.456069530574695,327.36,0,0,1,216.0,0.7478885669880802,6.456069530574696,1,0.0
18,16,3395.7427919999996,144.0,72.0,328.56000000000006,0,0,0,216.0,0.6666666666666666,0.0,0,0.0
19,16,4696.533264,144.0,72.0,329.76,0,0,0,216.0,0.6666666666666666,0.0,0,0.0
20,16,3240.3186580134798,163.86358434578125,52.13641565421875,381.08,0,0,0,216.0,0.7586277053045428,4.136415654218746,1,0.0
21,16,3707.398492421043,144.0,72.0,324.72,0,0,0,216.0,0.6666666666666666,0.0,0,0.0
22,16,3763.1761030000007,144.0,72.0,324.48,0,0,0,216.0,0.6666666666666666,0.0,0,0.0
23,16,3160.1286098780906,96.0,120.0,218.0,0,0,0,216.0,0.4444444444444444,0.0,0,0.0
24,16,3000.830151,96.0,120.0,218.0,0,0,0,216.0,0.4444444444444444,0.0,0,0.0
25,16,2605.1213239999997,96.0,120.0,217.28000000000003,0,0,0,216.0,0.4444444444444444,0.0,0,0.0
26,16,2553.7111043934456,96.0,120.0,217.28,0,0,1,216.0,0.4444444444444444,0.0,0,0.0
27,16,2570.2149436896243,120.0,96.0,270.52000000000004,0,0,0,216.0,0.5555555555555556,0.0,0,0.0
28,16,1895.315856447577,96.0,120.0,215.35999999999999,0,0,1,216.0,0.4444444444444444,0.0,0,0.0
29,16,2450.1878217000003,120.0,96.0,270.76,0,0,1,216.0,0.5555555555555556,0.0,0,0.0
30,16,1962.8256414999994,91.94801306254193,124.05198693745807,218.72000000000003,0,0,1,216.0,0.42568524565991633,4.0519869374580635,1,0.0
31,16,2379.3008174999995,96.0,120.0,216.07999999999998,0,0,1,216.0,0.4444444444444444,0.0,0,0.0
32,16,3544.4389189999984,144.0,72.0,323.28,0,0,0,216.0,0.6666666666666666,0.0,0,0.0
33,16,3221.884409,120.0,96.0,269.56,0,0,0,216.0,0.5555555555555556,0.0,0,0.0
34,16,1496.720328,96.0,120.0,218.0,0,0,1,216.0,0.4444444444444444,0.0,0,0.0
35,16,918.845779757212,72.0,144.0,162.12,0,0,2,216.0,0.3333333333333333,0.0,0,0.0
36,16,1590.0102160093709,114.97642265797734,101.02357734202266,272.68,0,0,2,216.0,0.5322982530461914,5.023577342022654,1,0.0
37,16,2295.1564856065543,96.0,120.0,216.07999999999998,0,0,1,216.0,0.4444444444444444,0.0,0,0.0
38,16,2465.5028486065544,120.0,96.0,272.92,0,0,1,216.0,0.5555555555555556,0.0,0,0.0
39,16,2171.324175,96.0,120.0,215.84,0,0,0,216.0,0.4444444444444444,0.0,0,0.0
40,16,2205.567622,96.0,120.0,215.6,0,0,0,216.0,0.4444444444444444,0.0,0,0.0
41,16,2192.508387692478,114.53042496355853,101.46957503644147,268.36,1,0,0,216.0,0.5302334489053636,5.469575036441466,2,0.0
42,16,1640.0833516924781,120.0,96.0,267.64,0,0,2,216.0,0.5555555555555556,0.0,0,0.0
1,17,2340.893841,48.0,168.0,0.0,0,0,0,216.0,0.2222222222222222,0.0,0,0.0
2,17,3217.574552,72.0,144.0,107.44,0,0,0,216.0,0.3333333333333333,0.0,0,0.0
3,17,3625.6277212732166,120.0,96.0,160.92000000000002,0,0,0,216.0,0.5555555555555556,0.0,0,0.0
4,17,3637.836863956495,118.42483108286606,97.57516891713394,160.68,0,0,1,216.0,0.5482631068651207,1.5751689171339285,1,0.0
5,17,3221.445766871924,92.63731107855165,123.36268892144835,217.28,0,0,1,216.0,0.42887644017847987,3.362688921448348,1,0.0
6,17,2309.4567832,96.0,120.0,159.96,0,0,0,216.0,0.4444444444444444,0.0,0,1.2
7,17,4952.1288451,144.0,72.0,327.12,0,0,1,216.0,0.6666666666666666,0.0,0,0.0
8,17,4850.255850999999,168.0,48.0,325.44000000000005,0,0,0,216.0,0.7777777777777778,0.0,0,0.0
9,17,3310.4811572399467,144.0,72.0,272.92,0,0,0,216.0,0.6666666666666666,0.0,0,0.0
10,17,3525.220020256237,144.0,72.0,269.8,0,0,0,216.0,0.6666666666666666,0.0,0,0.0
11,17,4475.0966841,120.0,96.0,216.56,0,0,1,216.0,0.5555555555555556,0.0,0,0.0
12,17,3752.3348380999987,168.0,48.0,272.67999999999995,0,0,1,216.0,0.7777777777777778,0.0,0,0.0
13,17,4025.611261641365,163.6845794544623,52.315420545537705,378.68,0,0,1,216.0,0.7577989789558439,4.315420545537703,1,0.0
14,17,4582.894479,144.0,72.0,325.44,0,0,0,216.0,0.6666666666666666,0.0,0,0.0
15,17,4867.605836999999,168.0,48.0,326.4,0,0,0,216.0,0.7777777777777778,0.0,0,0.0
16,17,4805.43530543986,168.0,48.0,381.32,0,0,1,216.0,0.7777777777777778,0.0,0,0.0
17,17,4192.098918266916,168.0,48.0,327.36,0,0,1,216.0,0.7777777777777778,0.0,0,0.0
18,17,3196.3101734269244,144.0,72.0,328.56000000000006,0,0,1,216.0,0.6666666666666666,0.0,0,0.0
19,17,4178.584410923219,139.29242505569292,76.70757494430708,329.76,0,0,1,216.0,0.6448723382208006,4.707574944307085,1,0.0
20,17,3083.479448588886,167.97058247097053,48.02941752902947,381.08,0,0,1,216.0,0.7776415855137524,0.02941752902948158,1,0.0
21,17,4096.039002,144.0,72.0,324.72,0,0,0,216.0,0.6666666666666666,0.0,0,0.0
22,17,3293.8705658316135,138.57066413780456,77.42933586219544,324.48,0,0,1,216.0,0.6415308524898359,5.4293358621954475,2,0.0
23,17,3495.0041558316134,96.0,120.0,218.0,0,0,1,216.0,0.4444444444444444,0.0,0,0.0
24,17,2901.4866945784815,91.38978856968143,124.61021143031857,218.0,0,0,0,216.0,0.4231008730077844,4.610211430318573,1,0.0
25,17,2547.2361389522785,93.97888306588632,122.02111693411368,217.28000000000003,0,0,0,216.0,0.4350874216013256,2.02111693411368,1,0.0
26,17,1787.9725682,96.0,120.0,217.28,0,0,0,216.0,0.4444444444444444,0.0,0,1.2
27,17,2634.2539711812087,120.0,96.0,270.52000000000004,0,0,2,216.0,0.5555555555555556,0.0,0,0.0
28,17,2611.24308098038,95.67443330375792,120.32556669624208,215.35999999999999,0,0,0,216.0,0.4429371912211015,0.32556669624207224,1,0.0
29,17,2703.5779653722543,116.38110281296315,99.61889718703685,270.76,0,0,0,216.0,0.5388014019118664,3.6188971870368434,1,0.0
30,17,1529.7720552756944,96.0,120.0,218.72000000000003,0,0,0,216.0,0.4444444444444444,0.0,0,1.2
31,17,1847.4189330147615,96.0,120.0,216.07999999999998,0,0,3,216.0,0.4444444444444444,0.0,0,0.0
32,17,2920.4965997706786,144.0,72.0,323.28,0,0,2,216.0,0.6666666666666666,0.0,0,0.0
33,17,3221.884409,120.0,96.0,269.56,0,0,0,216.0,0.5555555555555556,0.0,0,0.0
34,17,1645.10273,96.0,120.0,218.0,0,0,1,216.0,0.4444444444444444,0.0,0,0.0
35,17,455.0360905999997,72.0,144.0,162.12,0,0,1,216.0,0.3333333333333333,0.0,0,0.8999999999999999
36,17,1373.4646629999995,120.0,96.0,272.68,0,0,2,216.0,0.5555555555555556,0.0,0,0.0
37,17,1591.3159827421737,96.0,120.0,216.07999999999998,0,0,2,216.0,0.4444444444444444,0.0,0,0.0
38,17,2588.776649,120.0,96.0,272.92,0,0,0,216.0,0.5555555555555556,0.0,0,0.0
39,17,2159.934579,96.0,120.0,215.84,0,0,1,216.0,0.4444444444444444,0.0,0,0.0
40,17,2205.567622,96.0,120.0,215.6,0,0,0,216.0,0.4444444444444444,0.0,0,0.0
41,17,2296.670831,120.0,96.0,268.36,1,0,0,216.0,0.5555555555555556,0.0,0,0.0
42,17,1644.8598765175725,112.96959398219768,103.03040601780232,267.64,1,0,0,216.0,0.5230073795472114,7.030406017802324,2,0.0
1,18,2340.893841,48.0,168.0,0.0,0,0,0,216.0,0.2222222222222222,0.0,0,0.0
2,18,3072.8929551373362,69.01700129958047,146.98299870041953,107.44,0,0,0,216.0,0.3195231541647244,2.9829987004195306,1,0.0
3,18,4000.7108209999997,120.0,96.0,160.92000000000002,0,0,0,216.0,0.5555555555555556,0.0,0,0.0
4,18,4227.068211,120.0,96.0,160.68,0,0,0,216.0,0.5555555555555556,0.0,0,0.0
5,18,2495.4207564999997,96.0,120.0,217.28,0,0,0,216.0,0.4444444444444444,0.0,0,1.2
6,18,3299.223976,96.0,120.0,159.96,0,0,0,216.0,0.4444444444444444,0.0,0,0.0
7,18,5067.157271,144.0,72.0,327.12,0,0,0,216.0,0.6666666666666666,0.0,0,0.0
8,18,3355.801885341854,166.43016860930163,49.56983139069837,325.44000000000005,0,0,0,216.0,0.7705100398578779,1.5698313906983596,1,2.1
9,18,3517.160809425931,142.72272124663084,73.27727875336916,272.92,0,0,2,216.0,0.6607533391047724,1.2772787533691545,1,0.0
10,18,4178.4183219999995,144.0,72.0,269.8,0,0,0,216.0,0.6666666666666666,0.0,0,0.0
11,18,4611.671214000728,116.27159816456532,99.72840183543468,216.56,0,0,1,216.0,0.5382944359470616,3.7284018354346844,1,0.0
12,18,3782.921778898937,164.38930483703564,51.61069516296436,272.67999999999995,0,0,1,216.0,0.7610615964677576,3.6106951629643467,1,0.0
13,18,4839.451140925931,168.0,48.0,378.68,0,0,1,216.0,0.7777777777777778,0.0,0,0.0
14,18,4582.894479,144.0,72.0,325.44,0,0,0,216.0,0.6666666666666666,0.0,0,0.0
15,18,4867.605836999999,168.0,48.0,326.4,0,0,0,216.0,0.7777777777777778,0.0,0,0.0
16,18,5306.816003633644,164.33087705188112,51.66912294811888,381.32,0,0,0,216.0,0.7607910974624126,3.669122948118874,1,0.0
17,18,4488.123453,168.0,48.0,327.36,0,0,0,216.0,0.7777777777777778,0.0,0,0.0
18,18,3395.7427919999996,144.0,72.0,328.56000000000006,0,0,0,216.0,0.6666666666666666,0.0,0,0.0
19,18,4371.11845066284,140.5360647811378,75.46393521886219,329.76,0,0,1,216.0,0.6506299295423047,3.4639352188621952,1,0.0
20,18,3233.4692178,168.0,48.0,381.08,0,0,1,216.0,0.7777777777777778,0.0,0,0.0
21,18,3978.4057260329228,140.48160683527684,75.51839316472316,324.72,0,0,0,216.0,0.650377809422578,3.5183931647231526,1,0.0
22,18,3720.8570557293388,142.2176019843357,73.78239801566431,324.48,0,0,0,216.0,0.6584148240015542,1.782398015664309,1,0.0
23,18,2510.4344412,96.0,120.0,218.0,0,0,0,216.0,0.4444444444444444,0.0,0,1.2
24,18,2940.140806473007,96.0,120.0,218.0,0,0,1,216.0,0.4444444444444444,0.0,0,0.0
25,18,2605.1213239999997,96.0,120.0,217.28000000000003,0,0,0,216.0,0.4444444444444444,0.0,0,0.0
26,18,2543.324828,96.0,120.0,217.28,0,0,1,216.0,0.4444444444444444,0.0,0,0.0
27,18,2158.905226159843,118.46874453925213,97.53125546074787,270.52000000000004,0,0,0,216.0,0.548466409903945,1.5312554607478628,1,0.0
28,18,2227.4958257916405,96.0,120.0,215.35999999999999,0,0,1,216.0,0.4444444444444444,0.0,0,0.0
29,18,2436.5636401999996,120.0,96.0,270.76,0,0,1,216.0,0.5555555555555556,0.0,0,0.0
30,18,1843.776247,96.0,120.0,218.72000000000003,0,0,1,216.0,0.4444444444444444,0.0,0,0.0
31,18,2241.881125743669,96.0,120.0,216.07999999999998,0,0,2,216.0,0.4444444444444444,0.0,0,0.0
32,18,3414.5381268064875,138.13866732339866,77.86133267660134,323.28,0,0,0,216.0,0.6395308672379568,5.861332676601344,1,0.0
33,18,3221.884409,120.0,96.0,269.56,0,0,0,216.0,0.5555555555555556,0.0,0,0.0
34,18,1656.4923260000003,96.0,120.0,218.0,0,0,0,216.0,0.4444444444444444,0.0,0,0.0
35,18,846.5161344000009,72.0,144.0,162.12,0,0,2,216.0,0.3333333333333333,0.0,0,0.0
36,18,1224.7291065999998,120.0,96.0,272.68,0,0,2,216.0,0.5555555555555556,0.0,0,1.5
37,18,2083.2304572399216,96.0,120.0,216.07999999999998,0,0,2,216.0,0.4444444444444444,0.0,0,0.0
38,18,2114.3433693137713,116.45061598627447,99.54938401372553,272.92,0,0,2,216.0,0.5391232221586781,3.54938401372552,1,0.0
39,18,1934.0635691137236,96.0,120.0,215.84,0,0,0,216.0,0.4444444444444444,0.0,0,0.0
40,18,2205.567622,96.0,120.0,215.6,0,0,0,216.0,0.4444444444444444,0.0,0,0.0
41,18,2296.670831,120.0,96.0,268.36,1,0,0,216.0,0.5555555555555556,0.0,0,0.0
42,18,1028.1951886878546,120.0,96.0,267.64,0,0,1,216.0,0.5555555555555556,0.0,0,0.0
1,19,2160.551704504333,44.32218863126208,171.67781136873793,0.0,0,0,0,216.0,0.20519531773732444,3.677811368737922,1,0.0
2,19,2826.303002841589,72.0,144.0,107.44,0,0,0,216.0,0.3333333333333333,0.0,0,0.0
3,19,2800.4975747,120.0,96.0,160.92000000000002,0,0,0,216.0,0.5555555555555556,0.0,0,1.5
4,19,4227.068211,120.0,96.0,160.68,0,0,0,216.0,0.5555555555555556,0.0,0,0.0
5,19,3564.8867950000003,96.0,120.0,217.28,0,0,0,216.0,0.4444444444444444,0.0,0,0.0
6,19,2309.4567832,96.0,120.0,159.96,0,0,0,216.0,0.4444444444444444,0.0,0,1.2
7,19,4952.1288451,144.0,72.0,327.12,0,0,1,216.0,0.6666666666666666,0.0,0,0.0
8,19,4850.255850999999,168.0,48.0,325.44000000000005,0,0,0,216.0,0.7777777777777778,0.0,0,0.0
9,19,3600.8012522999998,144.0,72.0,272.92,0,0,1,216.0,0.6666666666666666,0.0,0,0.0
10,19,4178.4183219999995,144.0,72.0,269.8,0,0,0,216.0,0.6666666666666666,0.0,0,0.0
11,19,3696.7874502085424,120.0,96.0,216.56,0,0,0,216.0,0.5555555555555556,0.0,0,0.0
12,19,3406.0689616854843,168.0,48.0,272.67999999999995,0,0,2,216.0,0.7777777777777778,0.0,0,0.0
13,19,4235.986435326551,165.6016135569402,50.39838644305979,378.68,0,0,2,216.0,0.7666741368376861,2.3983864430597923,1,0.0
14,19,4582.894479,144.0,72.0,325.44,0,0,0,216.0,0.6666666666666666,0.0,0,0.0
15,19,4416.142122846562,168.0,48.0,326.4,0,0,1,216.0,0.7777777777777778,0.0,0,0.0
16,19,4987.383388446563,168.0,48.0,381.32,0,0,2,216.0,0.7777777777777778,0.0,0,0.0
17,19,3141.686417100001,168.0,48.0,327.36,0,0,0,216.0,0.7777777777777778,0.0,0,2.1
18,19,3292.5393150999994,140.87314145160255,75.12685854839745,328.56000000000006,0,0,1,216.0,0.6521904696833452,3.1268585483974567,1,0.0
19,19,3287.5732848,144.0,72.0,329.76,0,0,0,216.0,0.6666666666666666,0.0,0,1.8
20,19,3079.2429790741226,168.0,48.0,381.08,0,0,1,216.0,0.7777777777777778,0.0,0,0.0
21,19,4034.0472464990185,139.92269525685512,76.07730474314488,324.72,0,0,0,216.0,0.6477902558187737,4.077304743144885,1,0.0
22,19,2872.802234310163,144.0,72.0,324.48,0,0,2,216.0,0.6666666666666666,0.0,0,0.0
23,19,3573.0262566,96.0,120.0,218.0,0,0,1,216.0,0.4444444444444444,0.0,0,0.0
24,19,3000.830151,96.0,120.0,218.0,0,0,0,216.0,0.4444444444444444,0.0,0,0.0
25,19,2605.1213239999997,96.0,120.0,217.28000000000003,0,0,0,216.0,0.4444444444444444,0.0,0,0.0
26,19,2385.5148750882827,90.03571374709888,125.96428625290112,217.28,0,0,0,216.0,0.41683200808842075,5.964286252901123,1,0.0
27,19,2532.629403598445,120.0,96.0,270.52000000000004,0,0,1,216.0,0.5555555555555556,0.0,0,0.0
28,19,2523.8878736464676,93.65437004827429,122.34562995172571,215.35999999999999,0,0,1,216.0,0.43358504651978835,2.3456299517257158,1,0.0
29,19,2461.501321463231,120.0,96.0,270.76,0,0,1,216.0,0.5555555555555556,0.0,0,0.0
30,19,2321.238319,96.0,120.0,218.72000000000003,0,0,0,216.0,0.4444444444444444,0.0,0,0.0
31,19,2625.5618389999995,96.0,120.0,216.07999999999998,0,0,1,216.0,0.4444444444444444,0.0,0,0.0
32,19,2481.107243299999,144.0,72.0,323.28,0,0,0,216.0,0.6666666666666666,0.0,0,1.8
33,19,2947.011687958934,120.0,96.0,269.56,0,0,2,216.0,0.5555555555555556,0.0,0,0.0
34,19,1159.5446282,96.0,120.0,218.0,0,0,0,216.0,0.4444444444444444,0.0,0,1.2
35,19,663.4603946230577,69.87750369758822,146.12249630241178,162.12,0,0,3,216.0,0.3235069615629084,2.122496302411774,1,0.0
36,19,1815.6686036415883,120.0,96.0,272.68,0,0,2,216.0,0.5555555555555556,0.0,0,0.0
37,19,1903.017381999999,96.0,120.0,216.07999999999998,0,0,2,216.0,0.4444444444444444,0.0,0,0.0
38,19,2004.3092379999998,120.0,96.0,272.92,0,0,2,216.0,0.5555555555555556,0.0,0,0.0
39,19,2171.324175,96.0,120.0,215.84,0,0,0,216.0,0.4444444444444444,0.0,0,0.0
40,19,1543.8973354,96.0,120.0,215.6,0,0,0,216.0,0.4444444444444444,0.0,0,1.2
41,19,1780.7577865999997,120.0,96.0,268.36,0,0,3,216.0,0.5555555555555556,0.0,0,0.0
42,19,1430.7139047,120.0,96.0,267.64,0,0,1,216.0,0.5555555555555556,0.0,0,0.0
1,20,2340.893841,48.0,168.0,0.0,0,0,0,216.0,0.2222222222222222,0.0,0,0.0
2,20,2696.115152819403,72.0,144.0,107.44,0,0,0,216.0,0.3333333333333333,0.0,0,0.0
3,20,4000.7108209999997,120.0,96.0,160.92000000000002,0,0,0,216.0,0.5555555555555556,0.0,0,0.0
4,20,4023.702550847218,120.0,96.0,160.68,0,0,0,216.0,0.5555555555555556,0.0,0,0.0
5,20,2901.5010344341445,96.0,120.0,217.28,0,0,0,216.0,0.4444444444444444,0.0,0,0.0
6,20,3299.223976,96.0,120.0,159.96,0,0,0,216.0,0.4444444444444444,0.0,0,0.0
7,20,3400.385791363073,139.6813532921028,76.31864670789719,327.12,0,0,0,216.0,0.6466729319078834,4.318646707897205,1,1.8
8,20,4041.751991303524,168.0,48.0,325.44000000000005,0,0,1,216.0,0.7777777777777778,0.0,0,0.0
9,20,3555.54134009802,140.1229856305753,75.8770143694247,272.92,0,0,0,216.0,0.6487175260674782,3.877014369424689,1,0.0
10,20,4116.640197994067,140.87688027689018,75.12311972310982,269.8,0,0,0,216.0,0.6522077790596768,3.1231197231098196,1,0.0
11,20,4268.971187591509,120.0,96.0,216.56,0,0,0,216.0,0.5555555555555556,0.0,0,0.0
12,20,2303.78559755509,162.06811360645105,53.93188639354895,272.67999999999995,0,0,1,216.0,0.7503153407706067,5.931886393548962,1,2.1
13,20,4143.790243582476,168.0,48.0,378.68,0,0,2,216.0,0.7777777777777778,0.0,0,0.0
14,20,3208.0261353,144.0,72.0,325.44,0,0,0,216.0,0.6666666666666666,0.0,0,1.8
15,20,4127.7278263,168.0,48.0,326.4,0,0,3,216.0,0.7777777777777778,0.0,0,0.0
16,20,5017.194897701979,163.30674651175354,52.693253488246455,381.32,0,0,1,216.0,0.7560497523692293,4.693253488246455,1,0.0
17,20,4242.3331506,163.06361043985558,52.93638956014442,327.36,0,0,1,216.0,0.7549241224067388,4.93638956014441,1,0.0
18,20,3395.7427919999996,144.0,72.0,328.56000000000006,0,0,0,216.0,0.6666666666666666,0.0,0,0.0
19,20,4696.533264,144.0,72.0,329.76,0,0,0,216.0,0.6666666666666666,0.0,0,0.0
20,20,2837.2224865260273,168.0,48.0,381.08,0,0,0,216.0,0.7777777777777778,0.0,0,0.0
21,20,3304.050571243184,144.0,72.0,324.72,0,0,1,216.0,0.6666666666666666,0.0,0,0.0
22,20,3316.727598717157,144.0,72.0,324.48,0,0,1,216.0,0.6666666666666666,0.0,0,0.0
23,20,3177.463066717157,96.0,120.0,218.0,0,0,1,216.0,0.4444444444444444,0.0,0,0.0
24,20,2299.244371708152,96.0,120.0,218.0,0,0,1,216.0,0.4444444444444444,0.0,0,0.0
25,20,1577.8890439602067,96.0,120.0,217.28000000000003,0,0,0,216.0,0.4444444444444444,0.0,0,1.2
26,20,1430.2840262602067,96.0,120.0,217.28,0,0,1,216.0,0.4444444444444444,0.0,0,1.2
27,20,1892.053329950707,116.46320115939565,99.53679884060435,270.52000000000004,0,0,0,216.0,0.539181486849054,3.5367988406043542,1,1.5
28,20,2424.491160700001,96.0,120.0,215.35999999999999,0,0,1,216.0,0.4444444444444444,0.0,0,0.0
29,20,2592.7008187000006,120.0,96.0,270.76,0,0,1,216.0,0.5555555555555556,0.0,0,0.0
30,20,1843.776247,96.0,120.0,218.72000000000003,0,0,1,216.0,0.4444444444444444,0.0,0,0.0
31,20,2061.924725408497,96.0,120.0,216.07999999999998,0,0,2,216.0,0.4444444444444444,0.0,0,0.0
32,20,2770.333206308497,144.0,72.0,323.28,0,0,2,216.0,0.6666666666666666,0.0,0,0.0
33,20,2729.1253638673265,120.0,96.0,269.56,0,0,0,216.0,0.5555555555555556,0.0,0,0.0
34,20,917.1524514003727,92.50933523430663,123.49066476569337,218.0,0,0,1,216.0,0.4282839594180863,3.490664765693373,1,0.0
35,20,1053.0162189999992,72.0,144.0,162.12,0,0,1,216.0,0.3333333333333333,0.0,0,0.0
36,20,1741.9201861035242,120.0,96.0,272.68,0,0,3,216.0,0.5555555555555556,0.0,0,0.0
37,20,2386.6415181326724,96.0,120.0,216.07999999999998,0,0,1,216.0,0.4444444444444444,0.0,0,0.0
38,20,1858.4336645784379,120.0,96.0,272.92,0,0,3,216.0,0.5555555555555556,0.0,0,0.0
39,20,2171.324175,96.0,120.0,215.84,0,0,0,216.0,0.4444444444444444,0.0,0,0.0
40,20,2205.567622,96.0,120.0,215.6,0,0,0,216.0,0.4444444444444444,0.0,0,0.0
41,20,2123.5826260999997,120.0,96.0,268.36,1,0,1,216.0,0.5555555555555556,0.0,0,0.0
42,20,1448.9787790999999,120.0,96.0,267.64,1,0,3,216.0,0.5555555555555556,0.0,0,0.0
1,21,2340.893841,48.0,168.0,0.0,0,0,0,216.0,0.2222222222222222,0.0,0,0.0
2,21,3217.574552,72.0,144.0,107.44,0,0,0,216.0,0.3333333333333333,0.0,0,0.0
3,21,4000.7108209999997,120.0,96.0,160.92000000000002,0,0,0,216.0,0.5555555555555556,0.0,0,0.0
4,21,4227.068211,120.0,96.0,160.68,0,0,0,216.0,0.5555555555555556,0.0,0,0.0
5,21,3564.8867950000003,96.0,120.0,217.28,0,0,0,216.0,0.4444444444444444,0.0,0,0.0
6,21,3299.223976,96.0,120.0,159.96,0,0,0,216.0,0.4444444444444444,0.0,0,0.0
7,21,4465.6607659830925,144.0,72.0,327.12,0,0,0,216.0,0.6666666666666666,0.0,0,0.0
8,21,4850.255850999999,168.0,48.0,325.44000000000005,0,0,0,216.0,0.7777777777777778,0.0,0,0.0
9,21,1967.8462078393711,139.19568210203644,76.80431789796356,272.92,0,0,0,216.0,0.6444244541760946,4.804317897963563,1,1.8
10,21,4088.249460135831,144.0,72.0,269.8,0,0,1,216.0,0.6666666666666666,0.0,0,0.0
11,21,4559.706675,120.0,96.0,216.56,0,0,2,216.0,0.5555555555555556,0.0,0,0.0
12,21,3842.6396269999987,168.0,48.0,272.67999999999995,0,0,1,216.0,0.7777777777777778,0.0,0,0.0
13,21,4355.333934229753,162.4249758581999,53.5750241418001,378.68,0,0,1,216.0,0.7519674808249995,5.575024141800114,2,0.0
14,21,4507.119029118613,144.0,72.0,325.44,0,0,1,216.0,0.6666666666666666,0.0,0,0.0
15,21,3103.3865166810733,168.0,48.0,326.4,0,0,0,216.0,0.7777777777777778,0.0,0,2.1
16,21,4680.168053800814,166.09557892355033,49.904421076449665,381.32,0,0,0,216.0,0.7689610135349553,1.904421076449668,1,0.0
17,21,3942.963568674035,161.92404947361683,54.07595052638317,327.36,0,0,1,216.0,0.7496483771926705,6.075950526383174,2,0.0
18,21,3395.7427919999996,144.0,72.0,328.56000000000006,0,0,0,216.0,0.6666666666666666,0.0,0,0.0
19,21,4696.533264,144.0,72.0,329.76,0,0,0,216.0,0.6666666666666666,0.0,0,0.0
20,21,3331.991269,168.0,48.0,381.08,0,0,0,216.0,0.7777777777777778,0.0,0,0.0
21,21,4096.039002,144.0,72.0,324.72,0,0,0,216.0,0.6666666666666666,0.0,0,0.0
22,21,3763.1761030000007,144.0,72.0,324.48,0,0,0,216.0,0.6666666666666666,0.0,0,0.0
23,21,3586.334916,96.0,120.0,218.0,0,0,0,216.0,0.4444444444444444,0.0,0,0.0
24,21,2470.005616606043,96.0,120.0,218.0,0,0,0,216.0,0.4444444444444444,0.0,0,0.0
25,21,2527.437386606043,96.0,120.0,217.28000000000003,0,0,1,216.0,0.4444444444444444,0.0,0,0.0
26,21,1787.9725682,96.0,120.0,217.28,0,0,0,216.0,0.4444444444444444,0.0,0,1.2
27,21,2298.5643156301176,120.0,96.0,270.52000000000004,0,0,1,216.0,0.5555555555555556,0.0,0,0.0
28,21,1630.8370366105119,96.0,120.0,215.35999999999999,0,0,1,216.0,0.4444444444444444,0.0,0,1.2
29,21,2139.332114696984,114.92195361292465,101.07804638707535,270.76,0,0,2,216.0,0.5320460815413178,5.078046387075345,1,0.0
30,21,2173.415111585542,96.0,120.0,218.72000000000003,0,0,2,216.0,0.4444444444444444,0.0,0,0.0
31,21,1785.094151299809,96.0,120.0,216.07999999999998,0,0,2,216.0,0.4444444444444444,0.0,0,0.0
32,21,3057.9240139090625,139.24778742587552,76.75221257412448,323.28,0,0,2,216.0,0.6446656825272015,4.752212574124471,1,0.0
33,21,2255.3190863,120.0,96.0,269.56,0,0,0,216.0,0.5555555555555556,0.0,0,1.5
34,21,1294.880061218784,96.0,120.0,218.0,0,0,3,216.0,0.4444444444444444,0.0,0,0.0
35,21,1053.0162189999992,72.0,144.0,162.12,0,0,1,216.0,0.3333333333333333,0.0,0,0.0
36,21,1256.6441819999993,120.0,96.0,272.68,0,0,2,216.0,0.5555555555555556,0.0,0,0.0
37,21,2407.5085879999997,96.0,120.0,216.07999999999998,0,0,0,216.0,0.4444444444444444,0.0,0,0.0
38,21,2516.839766383091,120.0,96.0,272.92,0,0,1,216.0,0.5555555555555556,0.0,0,0.0
39,21,2159.934579,96.0,120.0,215.84,0,0,1,216.0,0.4444444444444444,0.0,0,0.0
40,21,1543.8973354,96.0,120.0,215.6,0,0,0,216.0,0.4444444444444444,0.0,0,1.2
41,21,1322.4045897575452,120.0,96.0,268.36,0,0,0,216.0,0.5555555555555556,0.0,0,1.5
42,21,850.1818968575451,120.0,96.0,267.64,0,0,5,216.0,0.5555555555555556,0.0,0,0.0
1,22,2340.893841,48.0,168.0,0.0,0,0,0,216.0,0.2222222222222222,0.0,0,0.0
2,22,3217.574552,72.0,144.0,107.44,0,0,0,216.0,0.3333333333333333,0.0,0,0.0
3,22,4000.7108209999997,120.0,96.0,160.92000000000002,0,0,0,216.0,0.5555555555555556,0.0,0,0.0
4,22,3788.482260469513,115.94926798142819,100.05073201857181,160.68,0,0,0,216.0,0.536802166580686,4.0507320185718045,1,0.0
5,22,3464.2480862561056,96.0,120.0,217.28,0,0,1,216.0,0.4444444444444444,0.0,0,0.0
6,22,3299.223976,96.0,120.0,159.96,0,0,0,216.0,0.4444444444444444,0.0,0,0.0
7,22,5067.157271,144.0,72.0,327.12,0,0,0,216.0,0.6666666666666666,0.0,0,0.0
8,22,4532.367749815931,164.59379076545076,51.40620923454924,325.44000000000005,0,0,0,216.0,0.7620082905807906,3.40620923454922,1,0.0
9,22,3685.164688,144.0,72.0,272.92,0,0,0,216.0,0.6666666666666666,0.0,0,0.0
10,22,3409.6154340896446,132.671815004378,83.328184995622,269.8,0,0,0,216.0,0.6142213657610093,11.328184995622008,3,0.0
11,22,3297.9140313000003,120.0,96.0,216.56,0,0,0,216.0,0.5555555555555556,0.0,0,1.5
12,22,2706.919815741541,164.2519484776759,51.74805152232409,272.67999999999995,0,0,0,216.0,0.7604256873966477,3.748051522324071,1,2.1
13,22,4259.748042343435,168.0,48.0,378.68,0,0,1,216.0,0.7777777777777778,0.0,0,0.0
14,22,4468.138758208445,141.65972665758548,74.34027334241452,325.44,0,0,0,216.0,0.655832067859192,2.340273342414527,1,0.0
15,22,3244.70489553436,168.0,48.0,326.4,0,0,0,216.0,0.7777777777777778,0.0,0,2.1
16,22,5078.6758059,168.0,48.0,381.32,0,0,2,216.0,0.7777777777777778,0.0,0,0.0
17,22,4488.123453,168.0,48.0,327.36,0,0,0,216.0,0.7777777777777778,0.0,0,0.0
18,22,3008.5719617354416,144.0,72.0,328.56000000000006,0,0,0,216.0,0.6666666666666666,0.0,0,0.0
19,22,3287.5732848,144.0,72.0,329.76,0,0,0,216.0,0.6666666666666666,0.0,0,1.8
20,22,3062.3733736301783,168.0,48.0,381.08,0,0,1,216.0,0.7777777777777778,0.0,0,0.0
21,22,3709.837493389224,144.0,72.0,324.72,0,0,0,216.0,0.6666666666666666,0.0,0,0.0
22,22,3352.1294384940543,137.79063860714217,78.20936139285783,324.48,0,0,1,216.0,0.6379196231812138,6.209361392857824,1,0.0
23,22,3586.334916,96.0,120.0,218.0,0,0,0,216.0,0.4444444444444444,0.0,0,0.0
24,22,2334.122787930178,96.0,120.0,218.0,0,0,1,216.0,0.4444444444444444,0.0,0,0.0
25,22,2538.98193161194,96.0,120.0,217.28000000000003,0,0,1,216.0,0.4444444444444444,0.0,0,0.0
26,22,1787.9725682,96.0,120.0,217.28,0,0,0,216.0,0.4444444444444444,0.0,0,1.2
27,22,2418.908059555155,120.0,96.0,270.52000000000004,0,0,0,216.0,0.5555555555555556,0.0,0,0.0
28,22,2309.7354399084466,96.0,120.0,215.35999999999999,0,0,1,216.0,0.4444444444444444,0.0,0,0.0
29,22,2645.3298595369783,113.67799489836851,102.32200510163149,270.76,0,0,0,216.0,0.5262870134183727,6.322005101631485,1,0.0
30,22,1707.5566001079283,91.2437599557542,124.7562400442458,218.72000000000003,0,0,1,216.0,0.42242481460997316,4.7562400442458,1,0.0
31,22,1807.110826,96.0,120.0,216.07999999999998,0,0,2,216.0,0.4444444444444444,0.0,0,0.0
32,22,2847.6494515189797,138.81413169995272,77.18586830004728,323.28,0,0,2,216.0,0.6426580171294107,5.185868300047287,1,0.0
33,22,3221.884409,120.0,96.0,269.56,0,0,0,216.0,0.5555555555555556,0.0,0,0.0
34,22,1373.2435444978846,89.75777778773947,126.24222221226053,218.0,0,0,1,216.0,0.4155452675358309,6.24222221226053,1,0.0
35,22,686.6921029502314,69.04160824459807,146.95839175540192,162.12,0,0,1,216.0,0.31963707520647255,2.9583917554019328,1,0.0
36,22,1278.1548266650157,120.0,96.0,272.68,0,0,3,216.0,0.5555555555555556,0.0,0,0.0
37,22,1763.630232941149,86.82537324121196,129.17462675878804,216.07999999999998,0,0,2,216.0,0.4019693205611665,9.174626758788055,2,0.0
38,22,2588.776649,120.0,96.0,272.92,0,0,0,216.0,0.5555555555555556,0.0,0,0.0
39,22,1458.7702372384358,91.5832805355855,124.4167194644145,215.84,0,0,0,216.0,0.4239966691462292,4.416719464414503,1,1.2
40,22,2003.1864679,96.0,120.0,215.6,0,0,1,216.0,0.4444444444444444,0.0,0,0.0
41,22,2094.2896769,120.0,96.0,268.36,0,0,1,216.0,0.5555555555555556,0.0,0,0.0
42,22,1744.2457950000003,120.0,96.0,267.64,1,0,0,216.0,0.5555555555555556,0.0,0,0.0
1,23,2340.893841,48.0,168.0,0.0,0,0,0,216.0,0.2222222222222222,0.0,0,0.0
2,23,3217.574552,72.0,144.0,107.44,0,0,0,216.0,0.3333333333333333,0.0,0,0.0
3,23,4000.7108209999997,120.0,96.0,160.92000000000002,0,0,0,216.0,0.5555555555555556,0.0,0,0.0
4,23,4227.068211,120.0,96.0,160.68,0,0,0,216.0,0.5555555555555556,0.0,0,0.0
5,23,3564.8867950000003,96.0,120.0,217.28,0,0,0,216.0,0.4444444444444444,0.0,0,0.0
6,23,2248.1752175852885,91.6348339403916,124.3651660596084,159.96,0,0,0,216.0,0.4242353423166278,4.365166059608402,1,1.2
7,23,4890.847279485289,144.0,72.0,327.12,0,0,1,216.0,0.6666666666666666,0.0,0,0.0
8,23,4673.220289957026,163.0595487865391,52.9404512134609,325.44000000000005,0,0,0,216.0,0.7549053184561996,4.9404512134609195,1,0.0
9,23,3598.0141613724495,139.54071692583642,76.45928307416358,272.92,0,0,0,216.0,0.6460218376196131,4.4592830741635945,1,0.0
10,23,4029.2494964061993,144.0,72.0,269.8,0,0,0,216.0,0.6666666666666666,0.0,0,0.0
11,23,4457.6588275061995,120.0,96.0,216.56,0,0,2,216.0,0.5555555555555556,0.0,0,0.0
12,23,3752.3348380999987,168.0,48.0,272.67999999999995,0,0,1,216.0,0.7777777777777778,0.0,0,0.0
13,23,2953.3541185971903,168.0,48.0,378.68,0,0,0,216.0,0.7777777777777778,0.0,0,2.1
14,23,4136.550138904302,141.14844576549092,74.85155423450908,325.44,0,0,1,216.0,0.6534650266920876,2.8515542345090896,1,0.0
15,23,4712.136171532869,168.0,48.0,326.4,0,0,1,216.0,0.7777777777777778,0.0,0,0.0
16,23,4640.655432516237,163.34367219576643,52.65632780423357,381.32,0,0,1,216.0,0.7562207046100298,4.6563278042335625,1,0.0
17,23,4245.2362026,163.19389336185242,52.80610663814758,327.36,0,0,1,216.0,0.7555272840826501,4.806106638147575,1,0.0
18,23,3395.7427919999996,144.0,72.0,328.56000000000006,0,0,0,216.0,0.6666666666666666,0.0,0,0.0
19,23,4696.533264,144.0,72.0,329.76,0,0,0,216.0,0.6666666666666666,0.0,0,0.0
20,23,2779.1028118335753,161.08071034795734,54.919289652042664,381.08,0,0,0,216.0,0.7457440293886913,6.919289652042652,2,0.0
21,23,3587.525476566072,135.08180739303958,80.91819260696042,324.72,0,0,1,216.0,0.6253787379307388,8.918192606960424,2,0.0
22,23,3373.382692566073,144.0,72.0,324.48,0,0,2,216.0,0.6666666666666666,0.0,0,0.0
23,23,3431.3905141144437,96.0,120.0,218.0,0,0,1,216.0,0.4444444444444444,0.0,0,0.0
24,23,3000.830151,96.0,120.0,218.0,0,0,0,216.0,0.4444444444444444,0.0,0,0.0
25,23,1763.7495845185292,92.3997840814536,123.6002159185464,217.28000000000003,0,0,0,216.0,0.4277767781548778,3.600215918546397,1,1.2
26,23,2354.9830751185295,96.0,120.0,217.28,0,0,1,216.0,0.4444444444444444,0.0,0,0.0
27,23,2631.5336589999997,120.0,96.0,270.52000000000004,0,0,1,216.0,0.5555555555555556,0.0,0,0.0
28,23,1543.3332978750464,96.0,120.0,215.35999999999999,0,0,0,216.0,0.4444444444444444,0.0,0,1.2
29,23,1625.0797087512278,120.0,96.0,270.76,0,0,2,216.0,0.5555555555555556,0.0,0,0.0
30,23,2156.284173075046,96.0,120.0,218.72000000000003,0,0,1,216.0,0.4444444444444444,0.0,0,0.0
31,23,2634.697839899999,96.0,120.0,216.07999999999998,0,0,1,216.0,0.4444444444444444,0.0,0,0.0
32,23,3300.1501805180533,144.0,72.0,323.28,0,0,3,216.0,0.6666666666666666,0.0,0,0.0
33,23,2815.7942897254375,117.43165482349632,98.56834517650368,269.56,0,0,0,216.0,0.5436650686272978,2.5683451765036818,1,0.0
34,23,1607.7792721382323,94.15632984721233,121.84367015278767,218.0,0,0,1,216.0,0.43590893447783485,1.8436701527876638,1,0.0
35,23,455.0360905999997,72.0,144.0,162.12,0,0,1,216.0,0.3333333333333333,0.0,0,0.8999999999999999
36,23,793.9038777999997,120.0,96.0,272.68,0,0,4,216.0,0.5555555555555556,0.0,0,0.0
37,23,2190.2534846445155,96.0,120.0,216.07999999999998,0,0,2,216.0,0.4444444444444444,0.0,0,0.0
38,23,2588.776649,120.0,96.0,272.92,0,0,0,216.0,0.5555555555555556,0.0,0,0.0
39,23,2159.934579,96.0,120.0,215.84,0,0,1,216.0,0.4444444444444444,0.0,0,0.0
40,23,2205.567622,96.0,120.0,215.6,0,0,0,216.0,0.4444444444444444,0.0,0,0.0
41,23,1911.6251112345772,120.0,96.0,268.36,0,0,1,216.0,0.5555555555555556,0.0,0,0.0
42,23,1452.134936756616,110.46505153004264,105.53494846995736,267.64,0,0,2,216.0,0.5114122756020493,9.534948469957358,2,0.0
1,24,2340.893841,48.0,168.0,0.0,0,0,0,216.0,0.2222222222222222,0.0,0,0.0
2,24,3217.574552,72.0,144.0,107.44,0,0,0,216.0,0.3333333333333333,0.0,0,0.0
3,24,4000.7108209999997,120.0,96.0,160.92000000000002,0,0,0,216.0,0.5555555555555556,0.0,0,0.0
4,24,4075.9117382477734,114.16979768882636,101.83020231117364,160.68,0,0,0,216.0,0.528563878189011,5.830202311173627,2,0.0
5,24,3525.821110929028,95.23206561823012,120.76793438176988,217.28,0,0,0,216.0,0.44088919267699134,0.7679343817698787,1,0.0
6,24,2309.4567832,96.0,120.0,159.96,0,0,0,216.0,0.4444444444444444,0.0,0,1.2
7,24,2950.070188261128,139.50097273435136,76.49902726564864,327.12,0,0,0,216.0,0.6458378367331081,4.49902726564864,1,1.8
8,24,4332.778802090984,158.29289560989187,57.70710439010813,325.44000000000005,0,0,0,216.0,0.7328374796754253,9.707104390108137,2,0.0
9,24,3685.164688,144.0,72.0,272.92,0,0,0,216.0,0.6666666666666666,0.0,0,0.0
10,24,3583.3774811751414,139.33948367248928,76.66051632751072,269.8,0,0,0,216.0,0.6450902021874504,4.660516327510713,1,0.0
11,24,4248.872509673566,120.0,96.0,216.56,0,0,2,216.0,0.5555555555555556,0.0,0,0.0
12,24,3587.4902396735647,168.0,48.0,272.67999999999995,0,0,2,216.0,0.7777777777777778,0.0,0,0.0
13,24,4629.1254611,168.0,48.0,378.68,0,0,1,216.0,0.7777777777777778,0.0,0,0.0
14,24,4582.894479,144.0,72.0,325.44,0,0,0,216.0,0.6666666666666666,0.0,0,0.0
15,24,4689.216397045576,168.0,48.0,326.4,0,0,1,216.0,0.7777777777777778,0.0,0,0.0
16,24,3800.6421249999994,168.0,48.0,381.32,0,0,0,216.0,0.7777777777777778,0.0,0,2.1
17,24,3992.377726917187,168.0,48.0,327.36,0,0,2,216.0,0.7777777777777778,0.0,0,0.0
18,24,3395.7427919999996,144.0,72.0,328.56000000000006,0,0,0,216.0,0.6666666666666666,0.0,0,0.0
19,24,4696.533264,144.0,72.0,329.76,0,0,0,216.0,0.6666666666666666,0.0,0,0.0
20,24,3331.991269,168.0,48.0,381.08,0,0,0,216.0,0.7777777777777778,0.0,0,0.0
21,24,4096.039002,144.0,72.0,324.72,0,0,0,216.0,0.6666666666666666,0.0,0,0.0
22,24,3763.1761030000007,144.0,72.0,324.48,0,0,0,216.0,0.6666666666666666,0.0,0,0.0
23,24,2942.029215311277,96.0,120.0,218.0,0,0,0,216.0,0.4444444444444444,0.0,0,0.0
24,24,2747.7152463112766,96.0,120.0,218.0,0,0,1,216.0,0.4444444444444444,0.0,0,0.0
25,24,1823.5849268,96.0,120.0,217.28000000000003,0,0,0,216.0,0.4444444444444444,0.0,0,1.2
26,24,1787.9725682,96.0,120.0,217.28,0,0,0,216.0,0.4444444444444444,0.0,0,1.2
27,24,2355.8838166,120.0,96.0,270.52000000000004,0,0,1,216.0,0.5555555555555556,0.0,0,0.0
28,24,2358.777648736036,93.15232396436153,122.84767603563847,215.35999999999999,0,0,1,216.0,0.4312607590942663,2.8476760356384654,1,0.0
29,24,2256.5926161360358,118.40797710813482,97.59202289186518,270.76,0,0,2,216.0,0.5481850792043278,1.5920228918651755,1,0.0
30,24,2175.1932254368166,90.90069503100977,125.09930496899023,218.72000000000003,0,0,0,216.0,0.4208365510694897,5.099304968990226,1,0.0
31,24,2737.713494999999,96.0,120.0,216.07999999999998,0,0,0,216.0,0.4444444444444444,0.0,0,0.0
32,24,3483.6986308999985,144.0,72.0,323.28,0,0,1,216.0,0.6666666666666666,0.0,0,0.0
33,24,2676.2570575528393,120.0,96.0,269.56,0,0,0,216.0,0.5555555555555556,0.0,0,0.0
34,24,966.7402285952223,96.0,120.0,218.0,0,0,1,216.0,0.4444444444444444,0.0,0,1.2
35,24,819.3523706306039,72.0,144.0,162.12,0,0,3,216.0,0.3333333333333333,0.0,0,0.0
36,24,1224.9879205410996,120.0,96.0,272.68,0,0,4,216.0,0.5555555555555556,0.0,0,0.0
37,24,1879.7146780306043,96.0,120.0,216.07999999999998,0,0,2,216.0,0.4444444444444444,0.0,0,0.0
38,24,2164.298751,120.0,96.0,272.92,0,0,1,216.0,0.5555555555555556,0.0,0,0.0
39,24,1496.4737978408086,94.53060546398993,121.46939453601007,215.84,0,0,0,216.0,0.43764169196291636,1.4693945360100713,1,1.2
40,24,1876.9418042408088,96.0,120.0,215.6,0,0,2,216.0,0.4444444444444444,0.0,0,0.0
41,24,1801.635039737147,120.0,96.0,268.36,0,0,1,216.0,0.5555555555555556,0.0,0,0.0
42,24,1378.7815999737609,120.0,96.0,267.64,0,0,2,216.0,0.5555555555555556,0.0,0,0.0
1,25,2340.893841,48.0,168.0,0.0,0,0,0,216.0,0.2222222222222222,0.0,0,0.0
2,25,3217.574552,72.0,144.0,107.44,0,0,0,216.0,0.3333333333333333,0.0,0,0.0
3,25,4000.7108209999997,120.0,96.0,160.92000000000002,0,0,0,216.0,0.5555555555555556,0.0,0,0.0
4,25,2958.9477477,120.0,96.0,160.68,0,0,0,216.0,0.5555555555555556,0.0,0,1.5
5,25,3031.049080828984,96.0,120.0,217.28,0,0,1,216.0,0.4444444444444444,0.0,0,0.0
6,25,3299.223976,96.0,120.0,159.96,0,0,0,216.0,0.4444444444444444,0.0,0,0.0
7,25,3547.0100896999993,144.0,72.0,327.12,0,0,0,216.0,0.6666666666666666,0.0,0,1.8
8,25,4719.122415899999,168.0,48.0,325.44000000000005,0,0,1,216.0,0.7777777777777778,0.0,0,0.0
9,25,3384.258040911908,134.77772429693115,81.22227570306885,272.92,0,0,0,216.0,0.6239709458191257,9.22227570306885,2,0.0
10,25,3765.6428600039385,140.18275612158206,75.81724387841794,269.8,0,0,0,216.0,0.6489942413036206,3.817243878417938,1,0.0
11,25,4711.305759,120.0,96.0,216.56,0,0,0,216.0,0.5555555555555556,0.0,0,0.0
12,25,3988.543912999999,168.0,48.0,272.67999999999995,0,0,0,216.0,0.7777777777777778,0.0,0,0.0
13,25,4865.334536,168.0,48.0,378.68,1,0,0,216.0,0.7777777777777778,0.0,0,0.0
14,25,4582.894479,144.0,72.0,325.44,0,0,0,216.0,0.6666666666666666,0.0,0,0.0
15,25,4604.287224999999,168.0,48.0,326.4,0,0,1,216.0,0.7777777777777778,0.0,0,0.0
16,25,4691.381050697356,168.0,48.0,381.32,0,0,1,216.0,0.7777777777777778,0.0,0,0.0
17,25,4032.8304675957324,168.0,48.0,327.36,0,0,0,216.0,0.7777777777777778,0.0,0,0.0
18,25,3343.3663760993472,140.4690909172694,75.5309090827306,328.56000000000006,0,0,0,216.0,0.6503198653577287,3.530909082730596,1,0.0
19,25,4634.108554525145,140.88738441580227,75.11261558419773,329.76,0,0,0,216.0,0.6522564093324179,3.112615584197708,1,0.0
20,25,3313.886084278127,160.63552709873693,55.36447290126307,381.08,0,0,0,216.0,0.7436829958274858,7.364472901263081,1,0.0
21,25,4096.039002,144.0,72.0,324.72,0,0,0,216.0,0.6666666666666666,0.0,0,0.0
22,25,3763.1761030000007,144.0,72.0,324.48,0,0,0,216.0,0.6666666666666666,0.0,0,0.0
23,25,3423.828716181565,96.0,120.0,218.0,0,0,0,216.0,0.4444444444444444,0.0,0,0.0
24,25,3000.830151,96.0,120.0,218.0,0,0,0,216.0,0.4444444444444444,0.0,0,0.0
25,25,2605.1213239999997,96.0,120.0,217.28000000000003,0,0,0,216.0,0.4444444444444444,0.0,0,0.0
26,25,2554.246526,96.0,120.0,217.28,0,0,0,216.0,0.4444444444444444,0.0,0,0.0
27,25,2716.997886247103,116.63413139526713,99.36586860473287,270.52000000000004,0,0,0,216.0,0.5399728305336441,3.365868604732861,1,0.0
28,25,2118.552634543475,96.0,120.0,215.35999999999999,0,0,1,216.0,0.4444444444444444,0.0,0,0.0
29,25,2286.762292543475,120.0,96.0,270.76,0,0,1,216.0,0.5555555555555556,0.0,0,0.0
30,25,1300.800419828983,92.87580307294965,123.12419692705035,218.72000000000003,0,0,1,216.0,0.4299805697821743,3.1241969270503414,1,1.2
31,25,2270.4084699289833,96.0,120.0,216.07999999999998,0,0,2,216.0,0.4444444444444444,0.0,0,0.0
32,25,2807.7938780770173,139.79610851783025,76.20389148216975,323.28,0,0,2,216.0,0.647204206101066,4.203891482169742,1,0.0
33,25,3221.884409,120.0,96.0,269.56,0,0,0,216.0,0.5555555555555556,0.0,0,0.0
34,25,1376.387828160738,90.72261610184785,125.27738389815215,218.0,0,0,1,216.0,0.4200121115826289,5.277383898152161,1,0.0
35,25,1053.0162189999992,72.0,144.0,162.12,0,0,1,216.0,0.3333333333333333,0.0,0,0.0
36,25,1874.6017981428217,120.0,96.0,272.68,0,0,4,216.0,0.5555555555555556,0.0,0,0.0
37,25,1685.2560115999997,96.0,120.0,216.07999999999998,0,0,0,216.0,0.4444444444444444,0.0,0,1.2
38,25,974.1497849391343,120.0,96.0,272.92,0,0,2,216.0,0.5555555555555556,0.0,0,0.0
39,25,1788.7543291456232,96.0,120.0,215.84,0,0,1,216.0,0.4444444444444444,0.0,0,0.0
40,25,2205.567622,96.0,120.0,215.6,0,0,0,216.0,0.4444444444444444,0.0,0,0.0
41,25,2150.964198187351,114.81627742999873,101.18372257000127,268.36,0,0,0,216.0,0.5315568399536978,5.18372257000126,1,0.0
42,25,1622.066984,120.0,96.0,267.64,1,0,1,216.0,0.5555555555555556,0.0,0,0.0
1,26,2340.893841,48.0,168.0,0.0,0,0,0,216.0,0.2222222222222222,0.0,0,0.0
2,26,3217.574552,72.0,144.0,107.44,0,0,0,216.0,0.3333333333333333,0.0,0,0.0
3,26,4000.7108209999997,120.0,96.0,160.92000000000002,0,0,0,216.0,0.5555555555555556,0.0,0,0.0
4,26,4227.068211,120.0,96.0,160.68,0,0,0,216.0,0.5555555555555556,0.0,0,0.0
5,26,2495.4207564999997,96.0,120.0,217.28,0,0,0,216.0,0.4444444444444444,0.0,0,1.2
6,26,3240.659500139989,94.21486864393086,121.78513135606914,159.96,0,0,0,216.0,0.43617994742560584,1.7851313560691509,1,0.0
7,26,5067.157271,144.0,72.0,327.12,0,0,0,216.0,0.6666666666666666,0.0,0,0.0
8,26,4850.255850999999,168.0,48.0,325.44000000000005,0,0,0,216.0,0.7777777777777778,0.0,0,0.0
9,26,3354.763992008537,144.0,72.0,272.92,0,0,0,216.0,0.6666666666666666,0.0,0,0.0
10,26,4178.4183219999995,144.0,72.0,269.8,0,0,0,216.0,0.6666666666666666,0.0,0,0.0
11,26,4536.176919116868,117.70863393407184,98.29136606592816,216.56,0,0,1,216.0,0.5449473793244066,2.291366065928159,1,0.0
12,26,3533.656055638716,168.0,48.0,272.67999999999995,0,0,1,216.0,0.7777777777777778,0.0,0,0.0
13,26,4806.770060139989,168.0,48.0,378.68,0,0,1,216.0,0.7777777777777778,0.0,0,0.0
14,26,4582.894479,144.0,72.0,325.44,0,0,0,216.0,0.6666666666666666,0.0,0,0.0
15,26,4602.724275589513,162.85974372295874,53.14025627704126,326.4,0,0,1,216.0,0.7539802950136979,5.140256277041276,1,0.0
16,26,5401.42239847018,168.0,48.0,381.32,0,0,1,216.0,0.7777777777777778,0.0,0,0.0
17,26,4337.161950270181,166.77772219684508,49.222277803154924,327.36,0,0,1,216.0,0.7721190842446531,1.2222778031549155,1,0.0
18,26,3395.7427919999996,144.0,72.0,328.56000000000006,0,0,0,216.0,0.6666666666666666,0.0,0,0.0
19,26,4509.9001358,144.0,72.0,329.76,0,0,1,216.0,0.6666666666666666,0.0,0,0.0
20,26,3106.1711206002274,162.25610510769866,53.74389489230134,381.08,0,0,1,216.0,0.7511856717949011,5.7438948923013236,1,0.0
21,26,4096.039002,144.0,72.0,324.72,0,0,0,216.0,0.6666666666666666,0.0,0,0.0
22,26,3763.1761030000007,144.0,72.0,324.48,0,0,0,216.0,0.6666666666666666,0.0,0,0.0
23,26,3586.334916,96.0,120.0,218.0,0,0,0,216.0,0.4444444444444444,0.0,0,0.0
24,26,2855.8472768115994,96.0,120.0,218.0,0,0,0,216.0,0.4444444444444444,0.0,0,0.0
25,26,2605.1213239999997,96.0,120.0,217.28000000000003,0,0,0,216.0,0.4444444444444444,0.0,0,0.0
26,26,2554.246526,96.0,120.0,217.28,0,0,0,216.0,0.4444444444444444,0.0,0,0.0
27,26,2694.130210875239,116.07712564967183,99.92287435032817,270.52000000000004,0,0,0,216.0,0.5373941002299621,3.922874350328175,1,0.0
28,26,2617.772447,96.0,120.0,215.35999999999999,0,0,0,216.0,0.4444444444444444,0.0,0,0.0
29,26,2581.426170664495,120.0,96.0,270.76,0,0,0,216.0,0.5555555555555556,0.0,0,0.0
30,26,1880.0266749794162,93.10899441327001,122.89100558672999,218.72000000000003,0,0,1,216.0,0.43106015932069447,2.891005586729988,1,0.0
31,26,2379.3008174999995,96.0,120.0,216.07999999999998,0,0,1,216.0,0.4444444444444444,0.0,0,0.0
32,26,3186.0262414999997,144.0,72.0,323.28,0,0,2,216.0,0.6666666666666666,0.0,0,0.0
33,26,3221.884409,120.0,96.0,269.56,0,0,0,216.0,0.5555555555555556,0.0,0,0.0
34,26,1330.7854690937186,96.0,120.0,218.0,0,0,0,216.0,0.4444444444444444,0.0,0,0.0
35,26,539.3583889768784,66.50737515950635,149.49262484049365,162.12,0,0,1,216.0,0.30790451462734425,5.492624840493646,1,0.8999999999999999
36,26,1709.5225352573163,120.0,96.0,272.68,0,0,2,216.0,0.5555555555555556,0.0,0,0.0
37,26,1924.6721413768787,96.0,120.0,216.07999999999998,0,0,2,216.0,0.4444444444444444,0.0,0,0.0
38,26,2515.8672196644948,120.0,96.0,272.92,0,0,1,216.0,0.5555555555555556,0.0,0,0.0
39,26,1830.4853561356817,96.0,120.0,215.84,0,0,0,216.0,0.4444444444444444,0.0,0,0.0
40,26,1388.570864944219,96.0,120.0,215.6,0,0,2,216.0,0.4444444444444444,0.0,0,1.2
41,26,1625.431316144219,120.0,96.0,268.36,0,0,3,216.0,0.5555555555555556,0.0,0,0.0
42,26,1391.400814272743,116.36552800552832,99.63447199447168,267.64,0,0,1,216.0,0.5387292963218904,3.634471994471678,1,0.0
1,27,1479.5538776296876,43.365664979368795,172.6343350206312,0.0,0,0,0,216.0,0.20076696749707776,4.6343350206312035,1,0.6
2,27,2717.5655216296877,72.0,144.0,107.44,0,0,1,216.0,0.3333333333333333,0.0,0,0.0
3,27,3631.0987226296875,120.0,96.0,160.92000000000002,0,0,1,216.0,0.5555555555555556,0.0,0,0.0
4,27,3640.3416303369786,120.0,96.0,160.68,0,0,1,216.0,0.5555555555555556,0.0,0,0.0
5,27,3222.7392147072915,96.0,120.0,217.28,0,0,1,216.0,0.4444444444444444,0.0,0,0.0
6,27,3215.367536707291,96.0,120.0,159.96,0,0,1,216.0,0.4444444444444444,0.0,0,0.0
7,27,4407.340329533662,144.0,72.0,327.12,0,0,1,216.0,0.6666666666666666,0.0,0,0.0
8,27,4850.255850999999,168.0,48.0,325.44000000000005,0,0,0,216.0,0.7777777777777778,0.0,0,0.0
9,27,3685.164688,144.0,72.0,272.92,0,0,0,216.0,0.6666666666666666,0.0,0,0.0
10,27,4178.4183219999995,144.0,72.0,269.8,0,0,0,216.0,0.6666666666666666,0.0,0,0.0
11,27,4711.305759,120.0,96.0,216.56,0,0,0,216.0,0.5555555555555556,0.0,0,0.0
12,27,3716.1365689127715,168.0,48.0,272.67999999999995,0,0,1,216.0,0.7777777777777778,0.0,0,0.0
13,27,4803.090667834669,164.81513080275082,51.184869197249185,378.68,1,0,0,216.0,0.7630330129756983,3.184869197249178,1,0.0
14,27,4582.894479,144.0,72.0,325.44,0,0,0,216.0,0.6666666666666666,0.0,0,0.0
15,27,4797.158251566682,163.92108072928443,52.07891927071557,326.4,0,0,0,216.0,0.7588938922652056,4.07891927071558,1,0.0
16,27,4985.7292599872535,163.903057394379,52.096942605620995,381.32,0,0,0,216.0,0.7588104508999028,4.0969426056210025,1,0.0
17,27,4115.78729677811,168.0,48.0,327.36,0,0,2,216.0,0.7777777777777778,0.0,0,0.0
18,27,3395.7427919999996,144.0,72.0,328.56000000000006,0,0,0,216.0,0.6666666666666666,0.0,0,0.0
19,27,4473.495121999999,144.0,72.0,329.76,0,0,1,216.0,0.6666666666666666,0.0,0,0.0
20,27,3085.6798247136276,164.29939549307866,51.70060450692134,381.08,0,0,1,216.0,0.7606453495049939,3.7006045069213456,1,0.0
21,27,4096.039002,144.0,72.0,324.72,0,0,0,216.0,0.6666666666666666,0.0,0,0.0
22,27,3422.7779810000006,144.0,72.0,324.48,0,0,1,216.0,0.6666666666666666,0.0,0,0.0
23,27,3586.334916,96.0,120.0,218.0,0,0,0,216.0,0.4444444444444444,0.0,0,0.0
24,27,3000.830151,96.0,120.0,218.0,0,0,0,216.0,0.4444444444444444,0.0,0,0.0
25,27,2605.1213239999997,96.0,120.0,217.28000000000003,0,0,0,216.0,0.4444444444444444,0.0,0,0.0
26,27,1787.9725682,96.0,120.0,217.28,0,0,0,216.0,0.4444444444444444,0.0,0,1.2
27,27,2691.3051913,120.0,96.0,270.52000000000004,0,0,1,216.0,0.5555555555555556,0.0,0,0.0
28,27,2391.598665122743,96.0,120.0,215.35999999999999,0,0,1,216.0,0.4444444444444444,0.0,0,0.0
29,27,2429.411391122743,120.0,96.0,270.76,0,0,1,216.0,0.5555555555555556,0.0,0,0.0
30,27,1624.8668232999999,96.0,120.0,218.72000000000003,0,0,0,216.0,0.4444444444444444,0.0,0,1.2
31,27,2533.5773053346693,96.0,120.0,216.07999999999998,0,0,2,216.0,0.4444444444444444,0.0,0,0.0
32,27,2481.107243299999,144.0,72.0,323.28,0,0,0,216.0,0.6666666666666666,0.0,0,1.8
33,27,3165.655255013628,120.0,96.0,269.56,0,0,1,216.0,0.5555555555555556,0.0,0,0.0
34,27,1485.330732,96.0,120.0,218.0,0,0,2,216.0,0.4444444444444444,0.0,0,0.0
35,27,944.5085751618644,68.27395408354205,147.72604591645796,162.12,0,0,1,216.0,0.3160831207571391,3.726045916457951,1,0.0
36,27,1840.6484769227425,120.0,96.0,272.68,0,0,2,216.0,0.5555555555555556,0.0,0,0.0
37,27,1854.8978556999987,92.59988346026331,123.40011653973669,216.07999999999998,0,0,3,216.0,0.42870316416788573,3.4001165397366897,1,0.0
38,27,2588.776649,120.0,96.0,272.92,0,0,0,216.0,0.5555555555555556,0.0,0,0.0
39,27,2159.934579,96.0,120.0,215.84,0,0,1,216.0,0.4444444444444444,0.0,0,0.0
40,27,2205.567622,96.0,120.0,215.6,0,0,0,216.0,0.4444444444444444,0.0,0,0.0
41,27,2296.670831,120.0,96.0,268.36,1,0,0,216.0,0.5555555555555556,0.0,0,0.0
42,27,1417.7220942576778,115.7729226783772,100.2270773216228,267.64,0,0,0,216.0,0.5359857531406352,4.227077321622802,1,0.0
1,28,2340.893841,48.0,168.0,0.0,0,0,0,216.0,0.2222222222222222,0.0,0,0.0
2,28,3217.574552,72.0,144.0,107.44,0,0,0,216.0,0.3333333333333333,0.0,0,0.0
3,28,3366.1613546305634,115.79013321551842,100.20986678448158,160.92000000000002,0,0,0,216.0,0.5360654315533261,4.209866784481573,1,0.0
4,28,4167.428315697466,120.0,96.0,160.68,0,0,1,216.0,0.5555555555555556,0.0,0,0.0
5,28,3392.999453464464,90.42241443990616,125.57758556009384,217.28,0,0,0,216.0,0.41862228907363963,5.577585560093828,1,0.0
6,28,2150.7036562920503,91.54186796397977,124.45813203602023,159.96,0,0,0,216.0,0.4238049442776841,4.45813203602023,1,1.2
7,28,4604.473504069988,144.0,72.0,327.12,0,0,1,216.0,0.6666666666666666,0.0,0,0.0
8,28,3395.1790957,168.0,48.0,325.44000000000005,0,0,0,216.0,0.7777777777777778,0.0,0,2.1
9,28,3543.0442045,144.0,72.0,272.92,0,0,2,216.0,0.6666666666666666,0.0,0,0.0
10,28,4174.113902146777,143.84784839110756,72.15215160889244,269.8,0,0,0,216.0,0.6659622610699424,0.15215160889242574,1,0.0
11,28,3938.1749545968987,115.41981722443852,100.58018277556148,216.56,0,0,0,216.0,0.5343510056686969,4.580182775561481,1,0.0
12,28,3215.413108596898,168.0,48.0,272.67999999999995,0,0,2,216.0,0.7777777777777778,0.0,0,0.0
13,28,3356.353315722765,168.0,48.0,378.68,0,0,2,216.0,0.7777777777777778,0.0,0,0.0
14,28,4162.834292792764,144.0,72.0,325.44,0,0,2,216.0,0.6666666666666666,0.0,0,0.0
15,28,4844.346764769987,168.0,48.0,326.4,0,0,1,216.0,0.7777777777777778,0.0,0,0.0
16,28,3799.1961291999996,168.0,48.0,381.32,0,0,1,216.0,0.7777777777777778,0.0,0,2.1
17,28,4416.1640163,168.0,48.0,327.36,0,0,1,216.0,0.7777777777777778,0.0,0,0.0
18,28,3390.7462329062605,144.0,72.0,328.56000000000006,0,0,1,216.0,0.6666666666666666,0.0,0,0.0
19,28,4012.849429897352,144.0,72.0,329.76,0,0,0,216.0,0.6666666666666666,0.0,0,0.0
20,28,2892.5491265025007,158.10781770788302,57.892182292116985,381.08,0,0,1,216.0,0.7319806375364954,9.892182292116981,2,0.0
21,28,4096.039002,144.0,72.0,324.72,0,0,0,216.0,0.6666666666666666,0.0,0,0.0
22,28,3357.2718811166746,141.24100730105775,74.75899269894225,324.48,0,0,1,216.0,0.6538935523197118,2.7589926989422593,1,0.0
23,28,3558.4054711166746,96.0,120.0,218.0,0,0,1,216.0,0.4444444444444444,0.0,0,0.0
24,28,3000.830151,96.0,120.0,218.0,0,0,0,216.0,0.4444444444444444,0.0,0,0.0
25,28,2605.1213239999997,96.0,120.0,217.28000000000003,0,0,0,216.0,0.4444444444444444,0.0,0,0.0
26,28,2332.247841775362,96.0,120.0,217.28,0,0,0,216.0,0.4444444444444444,0.0,0,0.0
27,28,2266.414409775362,120.0,96.0,270.52000000000004,0,0,2,216.0,0.5555555555555556,0.0,0,0.0
28,28,2324.8547767000005,96.0,120.0,215.35999999999999,0,0,2,216.0,0.4444444444444444,0.0,0,0.0
29,28,2721.4783042608287,116.8095305188838,99.1904694811162,270.76,0,0,0,216.0,0.540784863513351,3.1904694811161987,1,0.0
30,28,1482.0110537926853,96.0,120.0,218.72000000000003,0,0,1,216.0,0.4444444444444444,0.0,0,0.0
31,28,1277.9793399606508,86.42207133038558,129.57792866961444,216.07999999999998,0,0,0,216.0,0.40010218208511844,9.577928669614419,2,1.2
32,28,1723.511604880628,144.0,72.0,323.28,0,0,3,216.0,0.6666666666666666,0.0,0,1.8
33,28,2271.774351947969,120.0,96.0,269.56,0,0,2,216.0,0.5555555555555556,0.0,0,0.0
34,28,1047.7042296,96.0,120.0,218.0,0,0,1,216.0,0.4444444444444444,0.0,0,1.2
35,28,1114.4187639999986,72.0,144.0,162.12,0,0,1,216.0,0.3333333333333333,0.0,0,0.0
36,28,1940.6234079999988,120.0,96.0,272.68,0,0,1,216.0,0.5555555555555556,0.0,0,0.0
37,28,1822.817654262433,96.0,120.0,216.07999999999998,0,0,0,216.0,0.4444444444444444,0.0,0,0.0
38,28,2164.298751,120.0,96.0,272.92,0,0,1,216.0,0.5555555555555556,0.0,0,0.0
39,28,2133.6580564473634,94.09583408953247,121.90416591046753,215.84,0,0,0,216.0,0.4356288615256133,1.9041659104675244,1,0.0
40,28,2106.9636775400804,96.0,120.0,215.6,0,0,0,216.0,0.4444444444444444,0.0,0,0.0
41,28,1481.181082820121,120.0,96.0,268.36,0,0,1,216.0,0.5555555555555556,0.0,0,1.5
42,28,1094.483557620121,120.0,96.0,267.64,0,0,2,216.0,0.5555555555555556,0.0,0,1.5
1,29,2340.893841,48.0,168.0,0.0,0,0,0,216.0,0.2222222222222222,0.0,0,0.0
2,29,2993.394932503067,67.37793659925752,148.6220634007425,107.44,0,0,0,216.0,0.3119348916632293,4.622063400742478,1,0.0
3,29,4000.7108209999997,120.0,96.0,160.92000000000002,0,0,0,216.0,0.5555555555555556,0.0,0,0.0
4,29,4227.068211,120.0,96.0,160.68,0,0,0,216.0,0.5555555555555556,0.0,0,0.0
5,29,3564.8867950000003,96.0,120.0,217.28,0,0,0,216.0,0.4444444444444444,0.0,0,0.0
6,29,2863.5612096033874,91.84118034003693,124.15881965996307,159.96,0,0,0,216.0,0.4251906497223932,4.15881965996307,1,0.0
7,29,3513.3602859097873,141.44731767145822,74.55268232854178,327.12,0,0,0,216.0,0.6548486929234177,2.5526823285417723,1,1.8
8,29,4719.122415899999,168.0,48.0,325.44000000000005,0,0,1,216.0,0.7777777777777778,0.0,0,0.0
9,29,3519.635144369351,139.0490368470838,76.95096315291619,272.92,0,0,0,216.0,0.6437455409587214,4.9509631529161755,1,0.0
10,29,4178.4183219999995,144.0,72.0,269.8,0,0,0,216.0,0.6666666666666666,0.0,0,0.0
11,29,4034.4723606711063,111.3021835553513,104.6978164446487,216.56,0,0,0,216.0,0.5152878868303301,8.697816444648698,2,0.0
12,29,3528.868119242316,168.0,48.0,272.67999999999995,0,0,2,216.0,0.7777777777777778,0.0,0,0.0
13,29,4599.32122573925,168.0,48.0,378.68,0,0,1,216.0,0.7777777777777778,0.0,0,0.0
14,29,4245.205318538466,140.17501940579854,75.82498059420146,325.44,0,0,0,216.0,0.6489584231749932,3.8249805942014774,1,0.0
15,29,4243.680813191453,168.0,48.0,326.4,0,0,2,216.0,0.7777777777777778,0.0,0,0.0
16,29,5093.939882656376,168.0,48.0,381.32,0,0,1,216.0,0.7777777777777778,0.0,0,0.0
17,29,3906.784283256376,164.8844736680009,51.11552633199909,327.36,0,0,1,216.0,0.7633540447592635,3.1155263319990896,1,0.0
18,29,3395.7427919999996,144.0,72.0,328.56000000000006,0,0,0,216.0,0.6666666666666666,0.0,0,0.0
19,29,4696.533264,144.0,72.0,329.76,0,0,0,216.0,0.6666666666666666,0.0,0,0.0
20,29,3331.991269,168.0,48.0,381.08,0,0,0,216.0,0.7777777777777778,0.0,0,0.0
21,29,4029.6907251868633,140.92098911026403,75.07901088973597,324.72,0,0,0,216.0,0.6524119866215927,3.079010889735955,1,0.0
22,29,3551.571299453225,137.60541952730813,78.39458047269187,324.48,0,0,1,216.0,0.6370621274412414,6.394580472691876,1,0.0
23,29,3472.086585266362,96.0,120.0,218.0,0,0,1,216.0,0.4444444444444444,0.0,0,0.0
24,29,3000.830151,96.0,120.0,218.0,0,0,0,216.0,0.4444444444444444,0.0,0,0.0
25,29,2605.1213239999997,96.0,120.0,217.28000000000003,0,0,0,216.0,0.4444444444444444,0.0,0,0.0
26,29,2498.7301595030676,96.0,120.0,217.28,0,0,1,216.0,0.4444444444444444,0.0,0,0.0
27,29,2783.577802,120.0,96.0,270.52000000000004,0,0,0,216.0,0.5555555555555556,0.0,0,0.0
28,29,2617.772447,96.0,120.0,215.35999999999999,0,0,0,216.0,0.4444444444444444,0.0,0,0.0
29,29,2781.560019,120.0,96.0,270.76,0,0,0,216.0,0.5555555555555556,0.0,0,0.0
30,29,2220.828399418052,96.0,120.0,218.72000000000003,0,0,0,216.0,0.4444444444444444,0.0,0,0.0
31,29,2737.713494999999,96.0,120.0,216.07999999999998,0,0,0,216.0,0.4444444444444444,0.0,0,0.0
32,29,3506.8622639999985,144.0,72.0,323.28,0,0,1,216.0,0.6666666666666666,0.0,0,0.0
33,29,3108.0305476413514,114.17437144063922,101.82562855936078,269.56,0,0,0,216.0,0.5285850529659223,5.8256285593607835,1,0.0
34,29,1656.4923260000003,96.0,120.0,218.0,0,0,0,216.0,0.4444444444444444,0.0,0,0.0
35,29,1217.210302999999,72.0,144.0,162.12,0,0,0,216.0,0.3333333333333333,0.0,0,0.0
36,29,1939.3136579999994,120.0,96.0,272.68,0,0,2,216.0,0.5555555555555556,0.0,0,0.0
37,29,1891.7765985306482,89.61555972384338,126.38444027615662,216.07999999999998,0,0,2,216.0,0.41488685057334895,6.38444027615662,1,0.0
38,29,2024.9132507586467,116.82885877844764,99.17114122155236,272.92,0,0,3,216.0,0.5408743461965169,3.1711412215523653,1,0.0
39,29,2171.324175,96.0,120.0,215.84,0,0,0,216.0,0.4444444444444444,0.0,0,0.0
40,29,1543.8973354,96.0,120.0,215.6,0,0,0,216.0,0.4444444444444444,0.0,0,1.2
41,29,1780.7577865999997,120.0,96.0,268.36,0,0,3,216.0,0.5555555555555556,0.0,0,0.0
42,29,1308.5350936999998,120.0,96.0,267.64,0,0,2,216.0,0.5555555555555556,0.0,0,0.0
1,30,2340.893841,48.0,168.0,0.0,0,0,0,216.0,0.2222222222222222,0.0,0,0.0
2,30,2252.3021863999998,72.0,144.0,107.44,0,0,0,216.0,0.3333333333333333,0.0,0,0.8999999999999999
3,30,3781.6892881999997,115.13572257499403,100.86427742500597,160.92000000000002,0,0,1,216.0,0.5330357526620094,4.864277425005965,1,0.0
4,30,4227.068211,120.0,96.0,160.68,0,0,0,216.0,0.5555555555555556,0.0,0,0.0
5,30,3564.8867950000003,96.0,120.0,217.28,0,0,0,216.0,0.4444444444444444,0.0,0,0.0
6,30,3190.9301592,96.0,120.0,159.96,0,0,1,216.0,0.4444444444444444,0.0,0,0.0
7,30,5067.157271,144.0,72.0,327.12,0,0,0,216.0,0.6666666666666666,0.0,0,0.0
8,30,4356.9046093630695,168.0,48.0,325.44000000000005,0,0,0,216.0,0.7777777777777778,0.0,0,0.0
9,30,3288.4397859275723,144.0,72.0,272.92,0,0,0,216.0,0.6666666666666666,0.0,0,0.0
10,30,3992.271287510399,140.3408113476429,75.6591886523571,269.8,0,0,0,216.0,0.6497259784613097,3.659188652357108,1,0.0
11,30,4525.845127838577,116.35430433331574,99.64569566668426,216.56,0,0,0,216.0,0.5386773348764617,3.6456956666842655,1,0.0
12,30,2831.6253338241236,168.0,48.0,272.67999999999995,0,0,0,216.0,0.7777777777777778,0.0,0,0.0
13,30,4041.7624922668547,168.0,48.0,378.68,0,0,2,216.0,0.7777777777777778,0.0,0,0.0
14,30,4551.732793307697,144.0,72.0,325.44,0,0,1,216.0,0.6666666666666666,0.0,0,0.0
15,30,4709.260620999999,168.0,48.0,326.4,0,0,1,216.0,0.7777777777777778,0.0,0,0.0
16,30,4799.197402741768,168.0,48.0,381.32,0,0,1,216.0,0.7777777777777778,0.0,0,0.0
17,30,4159.276972311589,163.74825097543686,52.25174902456314,327.36,0,0,0,216.0,0.7580937545159114,4.25174902456314,1,0.0
18,30,2936.929552903768,144.0,72.0,328.56000000000006,0,0,0,216.0,0.6666666666666666,0.0,0,0.0
19,30,4440.187651903768,144.0,72.0,329.76,0,0,1,216.0,0.6666666666666666,0.0,0,0.0
20,30,3223.5524841433653,166.01499377398596,49.985006226014036,381.08,0,0,0,216.0,0.7685879341388239,1.9850062260140402,1,0.0
21,30,3945.0053484223863,144.0,72.0,324.72,0,0,0,216.0,0.6666666666666666,0.0,0,0.0
22,30,3550.7230292000004,144.0,72.0,324.48,0,0,1,216.0,0.6666666666666666,0.0,0,0.0
23,30,3421.4439439999996,96.0,120.0,218.0,0,0,1,216.0,0.4444444444444444,0.0,0,0.0
24,30,2911.9393289739555,91.60904206935166,124.39095793064834,218.0,0,0,0,216.0,0.4241159355062577,4.390957930648336,1,0.0
25,30,2364.7992547182803,96.0,120.0,217.28000000000003,0,0,0,216.0,0.4444444444444444,0.0,0,0.0
26,30,2411.8031503429506,96.0,120.0,217.28,0,0,1,216.0,0.4444444444444444,0.0,0,0.0
27,30,1867.7898174079103,114.94303387794024,101.05696612205976,270.52000000000004,0,0,0,216.0,0.5321436753608344,5.0569661220597615,1,1.5
28,30,2617.772447,96.0,120.0,215.35999999999999,0,0,0,216.0,0.4444444444444444,0.0,0,0.0
29,30,2559.2521413177406,120.0,96.0,270.76,0,0,1,216.0,0.5555555555555556,0.0,0,0.0
30,30,1716.4271923588828,96.0,120.0,218.72000000000003,0,0,0,216.0,0.4444444444444444,0.0,0,0.0
31,30,1916.3994464999994,96.0,120.0,216.07999999999998,0,0,0,216.0,0.4444444444444444,0.0,0,1.2
32,30,2838.488125199999,144.0,72.0,323.28,0,0,3,216.0,0.6666666666666666,0.0,0,0.0
33,30,3221.884409,120.0,96.0,269.56,0,0,0,216.0,0.5555555555555556,0.0,0,0.0
34,30,1656.4923260000003,96.0,120.0,218.0,0,0,0,216.0,0.4444444444444444,0.0,0,0.0
35,30,1212.7882169999993,72.0,144.0,162.12,0,0,1,216.0,0.3333333333333333,0.0,0,0.0
36,30,1940.6234079999988,120.0,96.0,272.68,0,0,1,216.0,0.5555555555555556,0.0,0,0.0
37,30,2076.509411457659,96.0,120.0,216.07999999999998,0,0,1,216.0,0.4444444444444444,0.0,0,0.0
38,30,1620.2273010624972,120.0,96.0,272.92,0,0,2,216.0,0.5555555555555556,0.0,0,1.5
39,30,2110.422255542378,96.0,120.0,215.84,0,0,1,216.0,0.4444444444444444,0.0,0,0.0
40,30,2205.567622,96.0,120.0,215.6,0,0,0,216.0,0.4444444444444444,0.0,0,0.0
41,30,2296.670831,120.0,96.0,268.36,1,0,0,216.0,0.5555555555555556,0.0,0,0.0
42,30,1622.066984,120.0,96.0,267.64,1,0,1,216.0,0.5555555555555556,0.0,0,0.0
1,31,2340.893841,48.0,168.0,0.0,0,0,0,216.0,0.2222222222222222,0.0,0,0.0
2,31,2762.4379565380787,72.0,144.0,107.44,0,0,0,216.0,0.3333333333333333,0.0,0,0.0
3,31,3526.8194105037937,120.0,96.0,160.92000000000002,0,0,0,216.0,0.5555555555555556,0.0,0,0.0
4,31,4092.585472951894,115.30440579932639,100.69559420067361,160.68,0,0,0,216.0,0.5338166935154,4.695594200673619,1,0.0
5,31,3564.8867950000003,96.0,120.0,217.28,0,0,0,216.0,0.4444444444444444,0.0,0,0.0
6,31,3299.223976,96.0,120.0,159.96,0,0,0,216.0,0.4444444444444444,0.0,0,0.0
7,31,4496.766735867974,144.0,72.0,327.12,0,0,0,216.0,0.6666666666666666,0.0,0,0.0
8,31,4548.442636867973,168.0,48.0,325.44000000000005,0,0,1,216.0,0.7777777777777778,0.0,0,0.0
9,31,3502.05835889396,144.0,72.0,272.92,0,0,1,216.0,0.6666666666666666,0.0,0,0.0
10,31,4178.4183219999995,144.0,72.0,269.8,0,0,0,216.0,0.6666666666666666,0.0,0,0.0
11,31,4568.632132025986,120.0,96.0,216.56,0,0,1,216.0,0.5555555555555556,0.0,0,0.0
12,31,2791.9807390999995,168.0,48.0,272.67999999999995,0,0,0,216.0,0.7777777777777778,0.0,0,2.1
13,31,3138.802975716108,164.73607971098946,51.26392028901054,378.68,0,0,0,216.0,0.7626670356990253,3.263920289010545,1,2.1
14,31,2906.494271995138,144.0,72.0,325.44,0,0,0,216.0,0.6666666666666666,0.0,0,1.8
15,31,4020.2880014044445,165.8089235431367,50.1910764568633,326.4,0,0,3,216.0,0.7676339052922996,2.191076456863312,1,0.0
16,31,4680.4758303,168.0,48.0,381.32,0,0,2,216.0,0.7777777777777778,0.0,0,0.0
17,31,4411.274810400001,167.60154854696327,48.39845145303673,327.36,0,0,1,216.0,0.77593309512483,0.39845145303674023,1,0.0
18,31,3395.7427919999996,144.0,72.0,328.56000000000006,0,0,0,216.0,0.6666666666666666,0.0,0,0.0
19,31,4696.533264,144.0,72.0,329.76,0,0,0,216.0,0.6666666666666666,0.0,0,0.0
20,31,3236.274473908964,164.63672224049364,51.36327775950636,381.08,0,0,0,216.0,0.7622070474096928,3.363277759506367,1,0.0
21,31,4096.039002,144.0,72.0,324.72,0,0,0,216.0,0.6666666666666666,0.0,0,0.0
22,31,3430.3358895519004,144.0,72.0,324.48,0,0,1,216.0,0.6666666666666666,0.0,0,0.0
23,31,3586.334916,96.0,120.0,218.0,0,0,0,216.0,0.4444444444444444,0.0,0,0.0
24,31,3000.830151,96.0,120.0,218.0,0,0,0,216.0,0.4444444444444444,0.0,0,0.0
25,31,2376.449147731928,88.9467898398656,127.0532101601344,217.28000000000003,0,0,0,216.0,0.41179069370308147,7.0532101601344035,1,0.0
26,31,2511.7173206319276,96.0,120.0,217.28,0,0,1,216.0,0.4444444444444444,0.0,0,0.0
27,31,2684.981087090539,120.0,96.0,270.52000000000004,0,0,1,216.0,0.5555555555555556,0.0,0,0.0
28,31,2617.772447,96.0,120.0,215.35999999999999,0,0,0,216.0,0.4444444444444444,0.0,0,0.0
29,31,2781.560019,120.0,96.0,270.76,0,0,0,216.0,0.5555555555555556,0.0,0,0.0
30,31,1930.4448212964478,96.0,120.0,218.72000000000003,0,0,1,216.0,0.4444444444444444,0.0,0,0.0
31,31,2346.919997296448,96.0,120.0,216.07999999999998,0,0,2,216.0,0.4444444444444444,0.0,0,0.0
32,31,3091.5408673483507,139.1564652358257,76.84353476417431,323.28,0,0,2,216.0,0.6442428946103042,4.843534764174306,2,0.0
33,31,3221.884409,120.0,96.0,269.56,0,0,0,216.0,0.5555555555555556,0.0,0,0.0
34,31,1624.973170221527,91.26537974017603,124.73462025982397,218.0,0,0,0,216.0,0.42252490620451866,4.734620259823977,1,0.0
35,31,1204.4459622558106,72.0,144.0,162.12,0,0,1,216.0,0.3333333333333333,0.0,0,0.0
36,31,1931.808026255811,120.0,96.0,272.68,0,0,2,216.0,0.5555555555555556,0.0,0,0.0
37,31,2093.158431051902,96.0,120.0,216.07999999999998,0,0,2,216.0,0.4444444444444444,0.0,0,0.0
38,31,2466.0234972905387,120.0,96.0,272.92,0,0,2,216.0,0.5555555555555556,0.0,0,0.0
39,31,2171.324175,96.0,120.0,215.84,0,0,0,216.0,0.4444444444444444,0.0,0,0.0
40,31,1754.3118576018,96.0,120.0,215.6,0,0,0,216.0,0.4444444444444444,0.0,0,0.0
41,31,1672.3268617018002,114.82552855257707,101.17447144742293,268.36,1,0,3,216.0,0.5315996692248939,5.174471447422928,1,0.0
42,31,1119.9018257018001,120.0,96.0,267.64,0,0,3,216.0,0.5555555555555556,0.0,0,0.0
1,32,2340.893841,48.0,168.0,0.0,0,0,0,216.0,0.2222222222222222,0.0,0,0.0
2,32,3217.574552,72.0,144.0,107.44,0,0,0,216.0,0.3333333333333333,0.0,0,0.0
3,32,4000.7108209999997,120.0,96.0,160.92000000000002,0,0,0,216.0,0.5555555555555556,0.0,0,0.0
4,32,3904.9838925287677,120.0,96.0,160.68,0,0,0,216.0,0.5555555555555556,0.0,0,0.0
5,32,3564.8867950000003,96.0,120.0,217.28,0,0,0,216.0,0.4444444444444444,0.0,0,0.0
6,32,3299.223976,96.0,120.0,159.96,0,0,0,216.0,0.4444444444444444,0.0,0,0.0
7,32,3547.0100896999993,144.0,72.0,327.12,0,0,0,216.0,0.6666666666666666,0.0,0,1.8
8,32,4719.122415899999,168.0,48.0,325.44000000000005,0,0,1,216.0,0.7777777777777778,0.0,0,0.0
9,32,3685.164688,144.0,72.0,272.92,0,0,0,216.0,0.6666666666666666,0.0,0,0.0
10,32,2864.0682918343523,141.5751389890882,74.4248610109118,269.8,0,0,0,216.0,0.6554404582828157,2.424861010911785,1,1.8
11,32,4566.65829117646,118.53980102562224,97.46019897437776,216.56,0,0,1,216.0,0.5487953751186215,1.460198974377755,1,0.0
12,32,3818.520837921551,164.79701300876886,51.20298699123114,272.67999999999995,0,0,1,216.0,0.7629491342998558,3.20298699123115,1,0.0
13,32,4375.692485062098,168.0,48.0,378.68,1,0,0,216.0,0.7777777777777778,0.0,0,0.0
14,32,4442.109405753583,141.1288964797935,74.8711035202065,325.44,0,0,0,216.0,0.6533745207397847,2.8711035202065114,1,0.0
15,32,4282.005474666503,163.00091905722778,52.999080942772224,326.4,0,0,1,216.0,0.7546338845242027,4.999080942772226,1,0.0
16,32,3800.6421249999994,168.0,48.0,381.32,0,0,0,216.0,0.7777777777777778,0.0,0,2.1
17,32,3134.6093379148015,168.0,48.0,327.36,0,0,2,216.0,0.7777777777777778,0.0,0,0.0
18,32,2824.6740899768993,144.0,72.0,328.56000000000006,0,0,2,216.0,0.6666666666666666,0.0,0,0.0
19,32,4363.185187976899,144.0,72.0,329.76,0,0,2,216.0,0.6666666666666666,0.0,0,0.0
20,32,2951.531669715281,168.0,48.0,381.08,0,0,0,216.0,0.7777777777777778,0.0,0,0.0
21,32,2867.2273014,144.0,72.0,324.72,0,0,0,216.0,0.6666666666666666,0.0,0,1.8
22,32,2786.4154739000005,144.0,72.0,324.48,0,0,3,216.0,0.6666666666666666,0.0,0,0.0
23,32,2748.4142411000003,85.97097765647428,130.02902234352572,218.0,0,0,1,216.0,0.3980137854466402,10.029022343525718,2,0.0
24,32,2100.5811057,96.0,120.0,218.0,0,0,0,216.0,0.4444444444444444,0.0,0,1.2
25,32,1823.5849268,96.0,120.0,217.28000000000003,0,0,0,216.0,0.4444444444444444,0.0,0,1.2
26,32,2022.0448072216532,96.0,120.0,217.28,0,0,0,216.0,0.4444444444444444,0.0,0,0.0
27,32,1913.6405149643087,117.81569009926037,98.18430990073963,270.52000000000004,0,0,0,216.0,0.545443009718798,2.184309900739632,1,1.5
28,32,2283.7060874535837,96.0,120.0,215.35999999999999,0,0,1,216.0,0.4444444444444444,0.0,0,0.0
29,32,2781.560019,120.0,96.0,270.76,0,0,0,216.0,0.5555555555555556,0.0,0,0.0
30,32,2321.238319,96.0,120.0,218.72000000000003,0,0,0,216.0,0.4444444444444444,0.0,0,0.0
31,32,2523.2651567,96.0,120.0,216.07999999999998,0,0,1,216.0,0.4444444444444444,0.0,0,0.0
32,32,3482.7199088783464,144.0,72.0,323.28,0,0,1,216.0,0.6666666666666666,0.0,0,0.0
33,32,3221.884409,120.0,96.0,269.56,0,0,0,216.0,0.5555555555555556,0.0,0,0.0
34,32,1496.720328,96.0,120.0,218.0,0,0,1,216.0,0.4444444444444444,0.0,0,0.0
35,32,1217.210302999999,72.0,144.0,162.12,0,0,0,216.0,0.3333333333333333,0.0,0,0.0
36,32,1435.1360969351967,120.0,96.0,272.68,0,0,2,216.0,0.5555555555555556,0.0,0,0.0
37,32,1998.8534556035906,96.0,120.0,216.07999999999998,0,0,3,216.0,0.4444444444444444,0.0,0,0.0
38,32,2138.362083193852,114.16596671610006,101.83403328389994,272.92,0,0,1,216.0,0.528546142204167,5.834033283899945,1,0.0
39,32,2171.324175,96.0,120.0,215.84,0,0,0,216.0,0.4444444444444444,0.0,0,0.0
40,32,2096.0980906,96.0,120.0,215.6,0,0,1,216.0,0.4444444444444444,0.0,0,0.0
41,32,2187.2012996,120.0,96.0,268.36,1,0,1,216.0,0.5555555555555556,0.0,0,0.0
42,32,1634.7762636000002,120.0,96.0,267.64,0,0,1,216.0,0.5555555555555556,0.0,0,0.0
1,33,2223.5729244181402,45.58111501887889,170.4188849811211,0.0,0,0,0,216.0,0.21102368064295782,2.418884981121111,1,0.0
2,33,3217.574552,72.0,144.0,107.44,0,0,0,216.0,0.3333333333333333,0.0,0,0.0
3,33,2800.4975747,120.0,96.0,160.92000000000002,0,0,0,216.0,0.5555555555555556,0.0,0,1.5
4,33,4227.068211,120.0,96.0,160.68,0,0,0,216.0,0.5555555555555556,0.0,0,0.0
5,33,3564.8867950000003,96.0,120.0,217.28,0,0,0,216.0,0.4444444444444444,0.0,0,0.0
6,33,2984.4389976862194,89.70584570669592,126.29415429330408,159.96,0,0,1,216.0,0.41530484123470335,6.294154293304082,1,0.0
7,33,4977.675279280753,139.24831198761342,76.75168801238658,327.12,0,0,0,216.0,0.6446681110537659,4.751688012386572,1,0.0
8,33,4401.20534063367,164.43141013180525,51.56858986819475,325.44000000000005,0,0,0,216.0,0.7612565283879873,3.568589868194747,1,0.0
9,33,3214.8603602670055,144.0,72.0,272.92,0,0,2,216.0,0.6666666666666666,0.0,0,0.0
10,33,3907.163097922363,142.85687256193108,73.14312743806892,269.8,0,0,1,216.0,0.6613744100089402,1.1431274380689285,1,0.0
11,33,4413.205324392944,120.0,96.0,216.56,0,0,3,216.0,0.5555555555555556,0.0,0,0.0
12,33,3757.517852392943,168.0,48.0,272.67999999999995,0,0,2,216.0,0.7777777777777778,0.0,0,0.0
13,33,4541.342139966,161.98774411853407,54.01225588146593,378.68,0,0,1,216.0,0.7499432598080281,6.012255881465943,1,0.0
14,33,4454.00364847978,138.2016811464869,77.79831885351311,325.44,0,0,1,216.0,0.6398225979004023,5.798318853513116,1,0.0
15,33,4307.866754619779,156.79827224345175,59.20172775654825,326.4,0,0,1,216.0,0.7259179270530174,11.201727756548262,2,0.0
16,33,3658.764944609382,163.01448150428908,52.98551849571092,381.32,0,0,1,216.0,0.7546966736309679,4.985518495710928,1,2.1
17,33,4284.594038533336,168.0,48.0,327.36,0,0,1,216.0,0.7777777777777778,0.0,0,0.0
18,33,2340.793490612835,141.4435914780463,74.5564085219537,328.56000000000006,0,0,0,216.0,0.6548314420279921,2.55640852195371,1,1.8
19,33,4203.732401689095,139.83824579867084,76.16175420132916,329.76,0,0,2,216.0,0.6473992861049576,4.161754201329156,1,0.0
20,33,3322.951209519247,168.0,48.0,381.08,0,0,1,216.0,0.7777777777777778,0.0,0,0.0
21,33,4096.039002,144.0,72.0,324.72,0,0,0,216.0,0.6666666666666666,0.0,0,0.0
22,33,3459.445176800001,144.0,72.0,324.48,0,0,1,216.0,0.6666666666666666,0.0,0,0.0
23,33,3170.021225561287,96.0,120.0,218.0,0,0,0,216.0,0.4444444444444444,0.0,0,0.0
24,33,3000.830151,96.0,120.0,218.0,0,0,0,216.0,0.4444444444444444,0.0,0,0.0
25,33,2518.0425281935877,92.33240626002025,123.66759373997975,217.28000000000003,0,0,0,216.0,0.42746484379639005,3.6675937399797482,1,0.0
26,33,2554.246526,96.0,120.0,217.28,0,0,0,216.0,0.4444444444444444,0.0,0,0.0
27,33,2548.1846262999998,120.0,96.0,270.52000000000004,0,0,2,216.0,0.5555555555555556,0.0,0,0.0
28,33,2424.4911607000004,96.0,120.0,215.35999999999999,0,0,1,216.0,0.4444444444444444,0.0,0,0.0
29,33,2699.9863874971466,117.4839266590943,98.5160733409057,270.76,0,0,0,216.0,0.5439070678661773,2.5160733409057006,1,0.0
30,33,1492.0778048350007,96.0,120.0,218.72000000000003,0,0,1,216.0,0.4444444444444444,0.0,0,1.2
31,33,2591.3046446999992,96.0,120.0,216.07999999999998,0,0,1,216.0,0.4444444444444444,0.0,0,0.0
32,33,2658.510929147681,141.28341817141882,74.71658182858118,323.28,0,0,0,216.0,0.6540898989417537,2.7165818285811647,1,0.0
33,33,2188.1589065655057,117.13035624150193,98.86964375849807,269.56,0,0,0,216.0,0.5422701677847311,2.8696437584980687,1,1.5
34,33,1131.9431907,96.0,120.0,218.0,0,0,3,216.0,0.4444444444444444,0.0,0,0.0
35,33,1174.4564039000002,72.0,144.0,162.12,0,0,1,216.0,0.3333333333333333,0.0,0,0.0
36,33,1951.1408259999987,120.0,96.0,272.68,0,0,0,216.0,0.5555555555555556,0.0,0,0.0
37,33,1685.2560115999997,96.0,120.0,216.07999999999998,0,0,0,216.0,0.4444444444444444,0.0,0,1.2
38,33,2254.4257815871647,120.0,96.0,272.92,0,0,1,216.0,0.5555555555555556,0.0,0,0.0
39,33,1957.5534248999998,96.0,120.0,215.84,0,0,2,216.0,0.4444444444444444,0.0,0,0.0
40,33,2003.1864679,96.0,120.0,215.6,0,0,1,216.0,0.4444444444444444,0.0,0,0.0
41,33,2094.2896769,120.0,96.0,268.36,0,0,1,216.0,0.5555555555555556,0.0,0,0.0
42,33,1220.9720564999998,120.0,96.0,267.64,0,0,0,216.0,0.5555555555555556,0.0,0,1.5
1,34,2340.893841,48.0,168.0,0.0,0,0,0,216.0,0.2222222222222222,0.0,0,0.0
2,34,3217.574552,72.0,144.0,107.44,0,0,0,216.0,0.3333333333333333,0.0,0,0.0
3,34,3900.386246967625,118.14711085538453,97.85288914461547,160.92000000000002,0,0,0,216.0,0.5469773650712246,1.8528891446154718,1,0.0
4,34,4227.068211,120.0,96.0,160.68,0,0,0,216.0,0.5555555555555556,0.0,0,0.0
5,34,2444.217510225588,93.62643132166188,122.37356867833812,217.28,0,0,0,216.0,0.43345570056324945,2.373568678338114,1,1.2
6,34,3277.8070744554607,94.93211226654384,121.06788773345616,159.96,0,0,0,216.0,0.43950051975251775,1.0678877334561552,1,0.0
7,34,3547.0100896999993,144.0,72.0,327.12,0,0,0,216.0,0.6666666666666666,0.0,0,1.8
8,34,4618.56895594881,162.31411458553862,53.68588541446138,325.44000000000005,0,0,1,216.0,0.7514542341923084,5.6858854144613895,1,0.0
9,34,3589.7958571390354,139.12020604214422,76.87979395785578,272.92,0,0,0,216.0,0.6440750279728898,4.879793957855796,1,0.0
10,34,4178.4183219999995,144.0,72.0,269.8,0,0,0,216.0,0.6666666666666666,0.0,0,0.0
11,34,4207.625669849646,120.0,96.0,216.56,0,0,0,216.0,0.5555555555555556,0.0,0,0.0
12,34,3988.543912999999,168.0,48.0,272.67999999999995,0,0,0,216.0,0.7777777777777778,0.0,0,0.0
13,34,4865.334536,168.0,48.0,378.68,1,0,0,216.0,0.7777777777777778,0.0,0,0.0
14,34,4242.12658290649,144.0,72.0,325.44,0,0,0,216.0,0.6666666666666666,0.0,0,0.0
15,34,4136.20074938566,164.34158475440933,51.658415245590675,326.4,0,0,1,216.0,0.7608406701593025,3.6584152455906596,1,0.0
16,34,4769.134113788423,168.0,48.0,381.32,0,0,1,216.0,0.7777777777777778,0.0,0,0.0
17,34,4219.991459351189,168.0,48.0,327.36,0,0,1,216.0,0.7777777777777778,0.0,0,0.0
18,34,1954.751285754981,144.0,72.0,328.56000000000006,0,0,0,216.0,0.6666666666666666,0.0,0,1.8
19,34,3696.530886625108,144.0,72.0,329.76,0,0,2,216.0,0.6666666666666666,0.0,0,0.0
20,34,2565.6369149825955,159.2109513765659,56.7890486234341,381.08,0,0,1,216.0,0.7370877378544718,8.789048623434084,2,0.0
21,34,3843.4039481550726,144.0,72.0,324.72,0,0,1,216.0,0.6666666666666666,0.0,0,0.0
22,34,3763.1761030000007,144.0,72.0,324.48,0,0,0,216.0,0.6666666666666666,0.0,0,0.0
23,34,3421.4439439999996,96.0,120.0,218.0,0,0,1,216.0,0.4444444444444444,0.0,0,0.0
24,34,2281.8050541582993,88.4432265213082,127.5567734786918,218.0,0,0,0,216.0,0.40945938204309357,7.556773478691801,2,0.0
25,34,2605.1213239999997,96.0,120.0,217.28000000000003,0,0,0,216.0,0.4444444444444444,0.0,0,0.0
26,34,2554.246526,96.0,120.0,217.28,0,0,0,216.0,0.4444444444444444,0.0,0,0.0
27,34,2689.302885807312,115.23404352440949,100.76595647559051,270.52000000000004,0,0,0,216.0,0.5334909422426365,4.765956475590518,1,0.0
28,34,2598.1534008626427,96.0,120.0,215.35999999999999,0,0,1,216.0,0.4444444444444444,0.0,0,0.0
29,34,2781.560019,120.0,96.0,270.76,0,0,0,216.0,0.5555555555555556,0.0,0,0.0
30,34,1624.8668232999999,96.0,120.0,218.72000000000003,0,0,0,216.0,0.4444444444444444,0.0,0,1.2
31,34,2712.785414727049,96.0,120.0,216.07999999999998,0,0,1,216.0,0.4444444444444444,0.0,0,0.0
32,34,2269.7649627733454,144.0,72.0,323.28,0,0,0,216.0,0.6666666666666666,0.0,0,1.8
33,34,2452.4132013290928,107.95261590571744,108.04738409428256,269.56,0,0,1,216.0,0.49978062919313626,12.047384094282572,2,0.0
34,34,1496.720328,96.0,120.0,218.0,0,0,1,216.0,0.4444444444444444,0.0,0,0.0
35,34,640.7490771360211,72.0,144.0,162.12,0,0,2,216.0,0.3333333333333333,0.0,0,0.0
36,34,1951.1408259999987,120.0,96.0,272.68,0,0,0,216.0,0.5555555555555556,0.0,0,0.0
37,34,1578.6090801150763,96.0,120.0,216.07999999999998,0,0,3,216.0,0.4444444444444444,0.0,0,0.0
38,34,1447.0850880294488,120.0,96.0,272.92,0,0,1,216.0,0.5555555555555556,0.0,0,0.0
39,34,1821.9697879811104,96.0,120.0,215.84,0,0,2,216.0,0.4444444444444444,0.0,0,0.0
40,34,1530.0677598614639,96.0,120.0,215.6,0,0,1,216.0,0.4444444444444444,0.0,0,0.0
41,34,1280.4030727679544,120.0,96.0,268.36,0,0,4,216.0,0.5555555555555556,0.0,0,0.0
42,34,839.8182732355048,120.0,96.0,267.64,0,0,4,216.0,0.5555555555555556,0.0,0,0.0
1,35,2340.893841,48.0,168.0,0.0,0,0,0,216.0,0.2222222222222222,0.0,0,0.0
2,35,3217.574552,72.0,144.0,107.44,0,0,0,216.0,0.3333333333333333,0.0,0,0.0
3,35,3373.1152096683763,120.0,96.0,160.92000000000002,0,0,0,216.0,0.5555555555555556,0.0,0,0.0
4,35,4227.068211,120.0,96.0,160.68,0,0,0,216.0,0.5555555555555556,0.0,0,0.0
5,35,3564.8867950000003,96.0,120.0,217.28,0,0,0,216.0,0.4444444444444444,0.0,0,0.0
6,35,3299.223976,96.0,120.0,159.96,0,0,0,216.0,0.4444444444444444,0.0,0,0.0
7,35,5067.157271,144.0,72.0,327.12,0,0,0,216.0,0.6666666666666666,0.0,0,0.0
8,35,4850.255850999999,168.0,48.0,325.44000000000005,0,0,0,216.0,0.7777777777777778,0.0,0,0.0
9,35,3685.164688,144.0,72.0,272.92,0,0,0,216.0,0.6666666666666666,0.0,0,0.0
10,35,4178.4183219999995,144.0,72.0,269.8,0,0,0,216.0,0.6666666666666666,0.0,0,0.0
11,35,4711.305759,120.0,96.0,216.56,0,0,0,216.0,0.5555555555555556,0.0,0,0.0
12,35,3939.7927046811724,167.02065768894138,48.979342311058616,272.67999999999995,0,0,0,216.0,0.7732437855969508,0.9793423110586104,1,0.0
13,35,4666.594964836557,161.4971306111126,54.502869388887405,378.68,0,0,0,216.0,0.7476719009773731,6.5028693888874,1,0.0
14,35,4033.7495510780645,144.0,72.0,325.44,0,0,0,216.0,0.6666666666666666,0.0,0,0.0
15,35,4867.605836999999,168.0,48.0,326.4,0,0,0,216.0,0.7777777777777778,0.0,0,0.0
16,35,5429.4887499999995,168.0,48.0,381.32,0,0,0,216.0,0.7777777777777778,0.0,0,0.0
17,35,4374.712809028693,168.0,48.0,327.36,1,0,0,216.0,0.7777777777777778,0.0,0,0.0
18,35,3326.0984023306914,141.066710383275,74.933289616725,328.56000000000006,0,0,0,216.0,0.6530866221447916,2.9332896167250126,1,0.0
19,35,4696.533264,144.0,72.0,329.76,0,0,0,216.0,0.6666666666666666,0.0,0,0.0
20,35,3324.4517765986066,164.93323275446838,51.06676724553162,381.08,0,0,0,216.0,0.7635797812706869,3.066767245531623,1,0.0
21,35,4096.039002,144.0,72.0,324.72,0,0,0,216.0,0.6666666666666666,0.0,0,0.0
22,35,3536.168618636213,144.0,72.0,324.48,0,0,0,216.0,0.6666666666666666,0.0,0,0.0
23,35,3554.2671813306915,96.0,120.0,218.0,0,0,1,216.0,0.4444444444444444,0.0,0,0.0
24,35,1954.0318087847406,92.60650624346763,123.39349375653237,218.0,0,0,0,216.0,0.42873382520123904,3.393493756532369,1,1.2
25,35,2537.1645958540485,96.0,120.0,217.28000000000003,0,0,1,216.0,0.4444444444444444,0.0,0,0.0
26,35,2482.365469712398,92.32201903924036,123.67798096075964,217.28,0,0,0,216.0,0.427416754811298,3.6779809607596325,1,0.0
27,35,2500.0123628425026,120.0,96.0,270.52000000000004,0,0,0,216.0,0.5555555555555556,0.0,0,0.0
28,35,2228.399517078065,96.0,120.0,215.35999999999999,0,0,1,216.0,0.4444444444444444,0.0,0,0.0
29,35,2706.9085602780647,120.0,96.0,270.76,0,0,1,216.0,0.5555555555555556,0.0,0,0.0
30,35,1538.8484786472404,89.78717205684107,126.21282794315893,218.72000000000003,0,0,0,216.0,0.41568135211500495,6.212827943158926,2,1.2
31,35,2083.260379572701,96.0,120.0,216.07999999999998,0,0,2,216.0,0.4444444444444444,0.0,0,0.0
32,35,2071.4236351202244,144.0,72.0,323.28,0,0,2,216.0,0.6666666666666666,0.0,0,0.0
33,35,3013.3468296934752,120.0,96.0,269.56,0,0,1,216.0,0.5555555555555556,0.0,0,0.0
34,35,1496.720328,96.0,120.0,218.0,0,0,1,216.0,0.4444444444444444,0.0,0,0.0
35,35,1053.0162189999992,68.80148870478546,147.19851129521453,162.12,0,0,1,216.0,0.31852541067030304,3.19851129521454,1,0.0
36,35,1814.4147198780645,120.0,96.0,272.68,0,0,2,216.0,0.5555555555555556,0.0,0,0.0
37,35,1505.415016299999,96.0,120.0,216.07999999999998,0,0,1,216.0,0.4444444444444444,0.0,0,1.2
38,35,1900.1565111033597,113.764550239864,102.235449760136,272.92,0,0,2,216.0,0.5266877325919629,6.235449760136002,1,0.0
39,35,2171.324175,96.0,120.0,215.84,0,0,0,216.0,0.4444444444444444,0.0,0,0.0
40,35,2205.567622,96.0,120.0,215.6,0,0,0,216.0,0.4444444444444444,0.0,0,0.0
41,35,2222.534223849005,115.87085613765632,100.12914386234368,268.36,1,0,0,216.0,0.536439148785446,4.129143862343674,1,0.0
42,35,1135.4468888,120.0,96.0,267.64,0,0,1,216.0,0.5555555555555556,0.0,0,1.5
1,36,2340.893841,48.0,168.0,0.0,0,0,0,216.0,0.2222222222222222,0.0,0,0.0
2,36,3217.574552,72.0,144.0,107.44,0,0,0,216.0,0.3333333333333333,0.0,0,0.0
3,36,4000.7108209999997,120.0,96.0,160.92000000000002,0,0,0,216.0,0.5555555555555556,0.0,0,0.0
4,36,4227.068211,120.0,96.0,160.68,0,0,0,216.0,0.5555555555555556,0.0,0,0.0
5,36,3564.8867950000003,96.0,120.0,217.28,0,0,0,216.0,0.4444444444444444,0.0,0,0.0
6,36,3299.223976,96.0,120.0,159.96,0,0,0,216.0,0.4444444444444444,0.0,0,0.0
7,36,5067.157271,144.0,72.0,327.12,0,0,0,216.0,0.6666666666666666,0.0,0,0.0
8,36,4491.897579088086,168.0,48.0,325.44000000000005,0,0,0,216.0,0.7777777777777778,0.0,0,0.0
9,36,3685.164688,144.0,72.0,272.92,0,0,0,216.0,0.6666666666666666,0.0,0,0.0
10,36,4178.4183219999995,144.0,72.0,269.8,0,0,0,216.0,0.6666666666666666,0.0,0,0.0
11,36,4711.305759,120.0,96.0,216.56,0,0,0,216.0,0.5555555555555556,0.0,0,0.0
12,36,2791.9807390999995,168.0,48.0,272.67999999999995,0,0,0,216.0,0.7777777777777778,0.0,0,2.1
13,36,4048.078296571233,168.0,48.0,378.68,0,0,1,216.0,0.7777777777777778,0.0,0,0.0
14,36,4497.265807449364,140.43807944324823,75.56192055675177,325.44,0,0,0,216.0,0.6501762937187417,3.5619205567517778,1,0.0
15,36,4671.413398504518,162.10475035423346,53.89524964576654,326.4,0,0,1,216.0,0.7504849553436734,5.89524964576654,1,0.0
16,36,5130.194721590951,163.4635550806427,52.53644491935731,381.32,0,0,1,216.0,0.7567757179659383,4.536444919357305,1,0.0
17,36,3621.826087269692,165.48583789913727,50.514162100862734,327.36,0,0,1,216.0,0.7661381384219318,2.514162100862733,1,0.0
18,36,3004.6097870071044,144.0,72.0,328.56000000000006,0,0,1,216.0,0.6666666666666666,0.0,0,0.0
19,36,4507.867886007104,144.0,72.0,329.76,0,0,1,216.0,0.6666666666666666,0.0,0,0.0
20,36,3331.991269,168.0,48.0,381.08,0,0,0,216.0,0.7777777777777778,0.0,0,0.0
21,36,3878.663475420002,144.0,72.0,324.72,0,0,0,216.0,0.6666666666666666,0.0,0,0.0
22,36,3534.338818,144.0,72.0,324.48,0,0,1,216.0,0.6666666666666666,0.0,0,0.0
23,36,3192.606659,96.0,120.0,218.0,0,0,1,216.0,0.4444444444444444,0.0,0,0.0
24,36,3000.830151,96.0,120.0,218.0,0,0,0,216.0,0.4444444444444444,0.0,0,0.0
25,36,2605.1213239999997,96.0,120.0,217.28000000000003,0,0,0,216.0,0.4444444444444444,0.0,0,0.0
26,36,2458.9613922999997,96.0,120.0,217.28,0,0,1,216.0,0.4444444444444444,0.0,0,0.0
27,36,2783.577802,120.0,96.0,270.52000000000004,0,0,0,216.0,0.5555555555555556,0.0,0,0.0
28,36,2555.099059190952,96.0,120.0,215.35999999999999,0,0,1,216.0,0.4444444444444444,0.0,0,0.0
29,36,2723.308717190952,120.0,96.0,270.76,0,0,1,216.0,0.5555555555555556,0.0,0,0.0
30,36,2203.2232528424847,96.0,120.0,218.72000000000003,0,0,0,216.0,0.4444444444444444,0.0,0,0.0
31,36,2507.546772842484,96.0,120.0,216.07999999999998,0,0,1,216.0,0.4444444444444444,0.0,0,0.0
32,36,3276.6955418424845,144.0,72.0,323.28,0,0,2,216.0,0.6666666666666666,0.0,0,0.0
33,36,3221.884409,120.0,96.0,269.56,0,0,0,216.0,0.5555555555555556,0.0,0,0.0
34,36,1496.720328,96.0,120.0,218.0,0,0,1,216.0,0.4444444444444444,0.0,0,0.0
35,36,617.8733404712331,72.0,144.0,162.12,0,0,2,216.0,0.3333333333333333,0.0,0,0.0
36,36,1293.5525616621856,120.0,96.0,272.68,0,0,3,216.0,0.5555555555555556,0.0,0,0.0
37,36,1794.2820076353478,90.50715082332215,125.49284917667785,216.07999999999998,0,0,2,216.0,0.41901458714500994,5.492849176677849,1,0.0
38,36,2310.6996945996643,115.60011438756462,100.39988561243538,272.92,0,0,1,216.0,0.5351857147572436,4.39988561243539,1,0.0
39,36,2171.324175,96.0,120.0,215.84,0,0,0,216.0,0.4444444444444444,0.0,0,0.0
40,36,2205.567622,96.0,120.0,215.6,0,0,0,216.0,0.4444444444444444,0.0,0,0.0
41,36,2076.6793823566404,112.51647387599087,103.48352612400913,268.36,1,0,1,216.0,0.5209096012777356,7.483526124009137,1,0.0
42,36,1270.7388862830203,117.27942450760315,98.72057549239685,267.64,0,0,1,216.0,0.5429602986463109,2.720575492396853,1,0.0
1,37,1371.3360536418068,48.0,168.0,0.0,0,0,0,216.0,0.2222222222222222,0.0,0,0.6
2,37,2609.347697641807,72.0,144.0,107.44,0,0,1,216.0,0.3333333333333333,0.0,0,0.0
3,37,3362.9843355825656,115.06811855493117,100.93188144506883,160.92000000000002,0,0,1,216.0,0.5327227710876443,4.931881445068823,1,0.0
4,37,4096.204869641807,120.0,96.0,160.68,0,0,1,216.0,0.5555555555555556,0.0,0,0.0
5,37,3564.8867950000003,96.0,120.0,217.28,0,0,0,216.0,0.4444444444444444,0.0,0,0.0
6,37,3069.1564309565624,89.18001944694603,126.81998055305397,159.96,0,0,0,216.0,0.41287046040252795,6.81998055305397,1,0.0
7,37,4766.393089992337,144.0,72.0,327.12,0,0,0,216.0,0.6666666666666666,0.0,0,0.0
8,37,4850.255850999999,168.0,48.0,325.44000000000005,0,0,0,216.0,0.7777777777777778,0.0,0,0.0
9,37,3674.335939940758,144.0,72.0,272.92,0,0,1,216.0,0.6666666666666666,0.0,0,0.0
10,37,4178.4183219999995,144.0,72.0,269.8,0,0,0,216.0,0.6666666666666666,0.0,0,0.0
11,37,4711.305759,120.0,96.0,216.56,0,0,0,216.0,0.5555555555555556,0.0,0,0.0
12,37,3988.543912999999,168.0,48.0,272.67999999999995,0,0,0,216.0,0.7777777777777778,0.0,0,0.0
13,37,4865.334536,168.0,48.0,378.68,1,0,0,216.0,0.7777777777777778,0.0,0,0.0
14,37,4324.013674307106,139.33677349097277,76.66322650902723,325.44,0,0,0,216.0,0.6450776550507998,4.663226509027223,1,0.0
15,37,3342.735852976807,163.83667863799263,52.163321362007366,326.4,0,0,0,216.0,0.7585031418425585,4.163321362007374,1,2.1
16,37,4964.342135412556,168.0,48.0,381.32,0,0,2,216.0,0.7777777777777778,0.0,0,0.0
17,37,3141.686417100001,168.0,48.0,327.36,0,0,0,216.0,0.7777777777777778,0.0,0,2.1
18,37,3292.5393150999994,144.0,72.0,328.56000000000006,0,0,1,216.0,0.6666666666666666,0.0,0,0.0
19,37,4696.533264,144.0,72.0,329.76,0,0,0,216.0,0.6666666666666666,0.0,0,0.0
20,37,2332.3938883,168.0,48.0,381.08,0,0,0,216.0,0.7777777777777778,0.0,0,2.1
21,37,3819.2604214000003,144.0,72.0,324.72,0,0,2,216.0,0.6666666666666666,0.0,0,0.0
22,37,2974.9191632,144.0,72.0,324.48,0,0,2,216.0,0.6666666666666666,0.0,0,0.0
23,37,3067.0337914618394,96.0,120.0,218.0,0,0,1,216.0,0.4444444444444444,0.0,0,0.0
24,37,3000.830151,96.0,120.0,218.0,0,0,0,216.0,0.4444444444444444,0.0,0,0.0
25,37,2268.131548118132,91.49433728799356,124.50566271200644,217.28000000000003,0,0,0,216.0,0.42358489485182205,4.505662712006439,1,0.0
26,37,2543.324828,96.0,120.0,217.28,0,0,1,216.0,0.4444444444444444,0.0,0,0.0
27,37,2783.577802,120.0,96.0,270.52000000000004,0,0,0,216.0,0.5555555555555556,0.0,0,0.0
28,37,2617.772447,96.0,120.0,215.35999999999999,0,0,0,216.0,0.4444444444444444,0.0,0,0.0
29,37,2525.188241,120.0,96.0,270.76,0,0,1,216.0,0.5555555555555556,0.0,0,0.0
30,37,2321.238319,96.0,120.0,218.72000000000003,0,0,0,216.0,0.4444444444444444,0.0,0,0.0
31,37,2732.5387047838144,96.0,120.0,216.07999999999998,0,0,1,216.0,0.4444444444444444,0.0,0,0.0
32,37,3394.7106079999994,144.0,72.0,323.28,0,0,1,216.0,0.6666666666666666,0.0,0,0.0
33,37,2255.3190863,120.0,96.0,269.56,0,0,0,216.0,0.5555555555555556,0.0,0,1.5
34,37,1607.3491201000008,96.0,120.0,218.0,0,0,1,216.0,0.4444444444444444,0.0,0,0.0
35,37,755.9842088478989,65.05461498731177,150.94538501268823,162.12,0,0,1,216.0,0.3011787730894063,6.945385012688231,1,0.0
36,37,1593.5645340867147,120.0,96.0,272.68,0,0,0,216.0,0.5555555555555556,0.0,0,0.0
37,37,1934.9773394592403,96.0,120.0,216.07999999999998,0,0,2,216.0,0.4444444444444444,0.0,0,0.0
38,37,2243.7744601324853,111.34775152467421,104.65224847532579,272.92,0,0,1,216.0,0.5154988496512695,8.652248475325804,2,0.0
39,37,2099.009349999999,96.0,120.0,215.84,0,0,1,216.0,0.4444444444444444,0.0,0,0.0
40,37,2205.567622,96.0,120.0,215.6,0,0,0,216.0,0.4444444444444444,0.0,0,0.0
41,37,2296.670831,120.0,96.0,268.36,1,0,0,216.0,0.5555555555555556,0.0,0,0.0
42,37,1662.9638479813962,116.50649465066674,99.49350534933326,267.64,0,0,0,216.0,0.5393819196790127,3.4935053493332635,1,0.0
1,38,2340.893841,48.0,168.0,0.0,0,0,0,216.0,0.2222222222222222,0.0,0,0.0
2,38,3217.574552,72.0,144.0,107.44,0,0,0,216.0,0.3333333333333333,0.0,0,0.0
3,38,4000.7108209999997,120.0,96.0,160.92000000000002,0,0,0,216.0,0.5555555555555556,0.0,0,0.0
4,38,2958.9477477,120.0,96.0,160.68,0,0,0,216.0,0.5555555555555556,0.0,0,1.5
5,38,3240.7599537497003,93.00467976077842,122.99532023922158,217.28,0,0,0,216.0,0.4305772211147149,2.9953202392215883,1,0.0
6,38,2309.4567832,96.0,120.0,159.96,0,0,0,216.0,0.4444444444444444,0.0,0,1.2
7,38,4952.1288451,144.0,72.0,327.12,0,0,1,216.0,0.6666666666666666,0.0,0,0.0
8,38,4850.255850999999,168.0,48.0,325.44000000000005,0,0,0,216.0,0.7777777777777778,0.0,0,0.0
9,38,3562.715526122211,144.0,72.0,272.92,0,0,0,216.0,0.6666666666666666,0.0,0,0.0
10,38,4178.4183219999995,144.0,72.0,269.8,0,0,0,216.0,0.6666666666666666,0.0,0,0.0
11,38,4352.647522222211,120.0,96.0,216.56,0,0,1,216.0,0.5555555555555556,0.0,0,0.0
12,38,3499.6220027297313,168.0,48.0,272.67999999999995,0,0,1,216.0,0.7777777777777778,0.0,0,0.0
13,38,4506.676299222211,168.0,48.0,378.68,0,0,1,216.0,0.7777777777777778,0.0,0,0.0
14,38,3208.0261353,144.0,72.0,325.44,0,0,0,216.0,0.6666666666666666,0.0,0,1.8
15,38,4387.295848670573,163.75885789603757,52.24114210396243,326.4,0,0,1,216.0,0.7581428606298035,4.24114210396243,1,0.0
16,38,3788.1273856607636,168.0,48.0,381.32,0,0,1,216.0,0.7777777777777778,0.0,0,2.1
17,38,3961.317205838928,163.9036784881033,52.09632151189669,327.36,0,0,2,216.0,0.7588133263338116,4.096321511896689,1,0.0
18,38,3395.7427919999996,144.0,72.0,328.56000000000006,0,0,0,216.0,0.6666666666666666,0.0,0,0.0
19,38,4696.533264,144.0,72.0,329.76,0,0,0,216.0,0.6666666666666666,0.0,0,0.0
20,38,3304.3041926232,166.75071458190072,49.24928541809928,381.08,0,0,0,216.0,0.7719940489902811,1.2492854180992774,1,0.0
21,38,2612.397603998467,144.0,72.0,324.72,0,0,0,216.0,0.6666666666666666,0.0,0,1.8
22,38,3078.7841283984662,138.34715533422911,77.65284466577089,324.48,0,0,2,216.0,0.64049608951032,5.652844665770878,2,0.0
23,38,3291.8708091,90.71586341258572,125.28413658741428,218.0,0,0,1,216.0,0.4199808491323413,5.284136587414272,1,0.0
24,38,2100.5811057,96.0,120.0,218.0,0,0,0,216.0,0.4444444444444444,0.0,0,1.2
25,38,1823.5849268,96.0,120.0,217.28000000000003,0,0,0,216.0,0.4444444444444444,0.0,0,1.2
26,38,2414.8184174,96.0,120.0,217.28,0,0,1,216.0,0.4444444444444444,0.0,0,0.0
27,38,2783.577802,120.0,96.0,270.52000000000004,0,0,0,216.0,0.5555555555555556,0.0,0,0.0
28,38,1594.4928607389293,96.0,120.0,215.35999999999999,0,0,1,216.0,0.4444444444444444,0.0,0,1.2
29,38,2725.2723111,120.0,96.0,270.76,0,0,1,216.0,0.5555555555555556,0.0,0,0.0
30,38,2321.238319,96.0,120.0,218.72000000000003,0,0,0,216.0,0.4444444444444444,0.0,0,0.0
31,38,1976.1983341757152,92.37869780908802,123.62130219091198,216.07999999999998,0,0,1,216.0,0.42767915652355565,3.6213021909119805,1,0.0
32,38,2575.8252615525153,144.0,72.0,323.28,0,0,3,216.0,0.6666666666666666,0.0,0,0.0
33,38,2831.0656727646,120.0,96.0,269.56,0,0,0,216.0,0.5555555555555556,0.0,0,0.0
34,38,1496.720328,94.28299001170346,121.71700998829654,218.0,0,0,1,216.0,0.43649532412825676,1.7170099882965348,1,0.0
35,38,1217.210302999999,72.0,144.0,162.12,0,0,0,216.0,0.3333333333333333,0.0,0,0.0
36,38,1829.9649746999994,120.0,96.0,272.68,0,0,3,216.0,0.5555555555555556,0.0,0,0.0
37,38,2165.298837675715,91.53390849352952,124.46609150647048,216.07999999999998,0,0,2,216.0,0.4237680948774515,4.466091506470478,1,0.0
38,38,2524.8022880999993,120.0,96.0,272.92,0,0,1,216.0,0.5555555555555556,0.0,0,0.0
39,38,2171.324175,96.0,120.0,215.84,0,0,0,216.0,0.4444444444444444,0.0,0,0.0
40,38,2096.0980906,96.0,120.0,215.6,0,0,1,216.0,0.4444444444444444,0.0,0,0.0
41,38,2014.1130946999997,120.0,96.0,268.36,1,0,2,216.0,0.5555555555555556,0.0,0,0.0
42,38,1339.5092476999998,115.79109516714746,100.20890483285254,267.64,0,0,4,216.0,0.53606988503309,4.208904832852536,1,0.0
1,39,2340.893841,48.0,168.0,0.0,0,0,0,216.0,0.2222222222222222,0.0,0,0.0
2,39,2958.175294058557,66.65490566376505,149.34509433623495,107.44,0,0,0,216.0,0.3085875262211345,5.3450943362349435,1,0.0
3,39,3871.7084950585568,120.0,96.0,160.92000000000002,0,0,1,216.0,0.5555555555555556,0.0,0,0.0
4,39,4210.04352855661,119.12888790004374,96.87111209995626,160.68,0,0,0,216.0,0.5515226291668691,0.8711120999562638,1,0.0
5,39,3476.109483083599,90.79884568628864,125.20115431371136,217.28,0,0,0,216.0,0.4203650263254104,5.201154313711351,1,0.0
6,39,3299.223976,96.0,120.0,159.96,0,0,0,216.0,0.4444444444444444,0.0,0,0.0
7,39,4811.4889212068465,144.0,72.0,327.12,0,0,0,216.0,0.6666666666666666,0.0,0,0.0
8,39,4850.255850999999,168.0,48.0,325.44000000000005,0,0,0,216.0,0.7777777777777778,0.0,0,0.0
9,39,3453.7790066536077,144.0,72.0,272.92,0,0,0,216.0,0.6666666666666666,0.0,0,0.0
10,39,4121.317968808518,141.1133594274937,74.88664057250631,269.8,0,0,0,216.0,0.6533025899421004,2.8866405725063125,1,0.0
11,39,4248.24502284339,115.44584347572231,100.55415652427769,216.56,0,0,1,216.0,0.5344714975727884,4.554156524277688,1,0.0
12,39,3280.0556752847274,168.0,48.0,272.67999999999995,0,0,1,216.0,0.7777777777777778,0.0,0,0.0
13,39,4633.948854653608,168.0,48.0,378.68,0,0,1,216.0,0.7777777777777778,0.0,0,0.0
14,39,4582.894479,144.0,72.0,325.44,0,0,0,216.0,0.6666666666666666,0.0,0,0.0
15,39,4867.605836999999,168.0,48.0,326.4,0,0,0,216.0,0.7777777777777778,0.0,0,0.0
16,39,5005.3210401095575,156.2911622617039,59.7088377382961,381.32,0,0,0,216.0,0.7235701956560366,11.708837738296085,3,0.0
17,39,4284.736472533574,165.60857999945495,50.391420000545054,327.36,0,0,1,216.0,0.7667063888863654,2.3914200005450574,1,0.0
18,39,3299.530335161819,139.24737379234733,76.75262620765267,328.56000000000006,0,0,0,216.0,0.6446637675571636,4.752626207652684,1,0.0
19,39,4696.533264,144.0,72.0,329.76,0,0,0,216.0,0.6666666666666666,0.0,0,0.0
20,39,3252.820633417692,163.79586738290536,52.20413261709464,381.08,0,0,0,216.0,0.758314200846784,4.204132617094641,1,0.0
21,39,3899.7197755251514,144.0,72.0,324.72,0,0,0,216.0,0.6666666666666666,0.0,0,0.0
22,39,2570.6559453544337,140.79005322531236,75.20994677468764,324.48,0,0,0,216.0,0.6518058019690387,3.2099467746876464,1,1.8
23,39,3111.0679676,89.56915654444268,126.43084345555732,218.0,0,0,1,216.0,0.41467202103908646,6.430843455557316,1,0.0
24,39,3000.830151,96.0,120.0,218.0,0,0,0,216.0,0.4444444444444444,0.0,0,0.0
25,39,2605.1213239999997,96.0,120.0,217.28000000000003,0,0,0,216.0,0.4444444444444444,0.0,0,0.0
26,39,1787.9725682,96.0,120.0,217.28,0,0,0,216.0,0.4444444444444444,0.0,0,1.2
27,39,2424.0474588544344,120.0,96.0,270.52000000000004,0,0,1,216.0,0.5555555555555556,0.0,0,0.0
28,39,2617.772447,96.0,120.0,215.35999999999999,0,0,0,216.0,0.4444444444444444,0.0,0,0.0
29,39,2487.364543401266,120.0,96.0,270.76,0,0,1,216.0,0.5555555555555556,0.0,0,0.0
30,39,1844.1357626311199,96.0,120.0,218.72000000000003,0,0,1,216.0,0.4444444444444444,0.0,0,0.0
31,39,2737.713494999999,96.0,120.0,216.07999999999998,0,0,0,216.0,0.4444444444444444,0.0,0,0.0
32,39,3464.777355051646,140.40554210674804,75.59445789325196,323.28,0,0,0,216.0,0.6500256579016113,3.594457893251944,1,0.0
33,39,2545.8749168830623,120.0,96.0,269.56,0,0,0,216.0,0.5555555555555556,0.0,0,0.0
34,39,1656.4923260000003,96.0,120.0,218.0,0,0,0,216.0,0.4444444444444444,0.0,0,0.0
35,39,924.9305003266234,72.0,144.0,162.12,0,0,1,216.0,0.3333333333333333,0.0,0,0.0
36,39,1365.798578199999,120.0,96.0,272.68,0,0,0,216.0,0.5555555555555556,0.0,0,1.5
37,39,2296.192621349709,96.0,120.0,216.07999999999998,0,0,1,216.0,0.4444444444444444,0.0,0,0.0
38,39,1894.8312649742165,120.0,96.0,272.92,0,0,0,216.0,0.5555555555555556,0.0,0,0.0
39,39,2077.3892348859818,96.0,120.0,215.84,0,0,1,216.0,0.4444444444444444,0.0,0,0.0
40,39,2009.2483955251514,96.0,120.0,215.6,0,0,1,216.0,0.4444444444444444,0.0,0,0.0
41,39,2100.3516045251513,120.0,96.0,268.36,1,0,2,216.0,0.5555555555555556,0.0,0,0.0
42,39,1547.9265685251514,118.07028053550732,97.92971946449268,267.64,0,0,1,216.0,0.5466216691458672,1.9297194644926754,1,0.0
1,40,2079.548581106795,42.61166736110711,173.3883326388929,0.0,0,0,0,216.0,0.1972762377829033,5.3883326388928925,1,0.0
2,40,3217.574552,72.0,144.0,107.44,0,0,0,216.0,0.3333333333333333,0.0,0,0.0
3,40,3598.1534980806173,120.0,96.0,160.92000000000002,0,0,0,216.0,0.5555555555555556,0.0,0,0.0
4,40,4133.568216080617,120.0,96.0,160.68,0,0,1,216.0,0.5555555555555556,0.0,0,0.0
5,40,3322.187285295272,96.0,120.0,217.28,0,0,0,216.0,0.4444444444444444,0.0,0,0.0
6,40,2961.6577717738983,96.0,120.0,159.96,0,0,0,216.0,0.4444444444444444,0.0,0,0.0
7,40,5067.157271,144.0,72.0,327.12,0,0,0,216.0,0.6666666666666666,0.0,0,0.0
8,40,4850.255850999999,168.0,48.0,325.44000000000005,0,0,0,216.0,0.7777777777777778,0.0,0,0.0
9,40,3525.175175,144.0,72.0,272.92,0,0,1,216.0,0.6666666666666666,0.0,0,0.0
10,40,4178.4183219999995,144.0,72.0,269.8,0,0,0,216.0,0.6666666666666666,0.0,0,0.0
11,40,3052.1037840841454,120.0,96.0,216.56,0,0,0,216.0,0.5555555555555556,0.0,0,1.5
12,40,3503.6390130999994,168.0,48.0,272.67999999999995,0,0,2,216.0,0.7777777777777778,0.0,0,0.0
13,40,3960.717521040612,162.08141926296253,53.91858073703747,378.68,0,0,1,216.0,0.750376941032234,5.918580737037479,1,0.0
14,40,4440.649608142915,138.08299906534526,77.91700093465474,325.44,0,0,0,216.0,0.6392731438210428,5.91700093465473,1,0.0
15,40,4820.984389480993,165.89636530186414,50.10363469813586,326.4,0,0,0,216.0,0.768038728249371,2.1036346981358727,1,0.0
16,40,4875.584771213583,168.0,48.0,381.32,0,0,0,216.0,0.7777777777777778,0.0,0,0.0
17,40,4213.83108896372,164.39449339783533,51.60550660216467,327.36,0,0,1,216.0,0.761085617582571,3.605506602164651,1,0.0
18,40,3395.7427919999996,144.0,72.0,328.56000000000006,0,0,0,216.0,0.6666666666666666,0.0,0,0.0
19,40,4696.533264,144.0,72.0,329.76,0,0,0,216.0,0.6666666666666666,0.0,0,0.0
20,40,3331.991269,168.0,48.0,381.08,0,0,0,216.0,0.7777777777777778,0.0,0,0.0
21,40,3974.8552339003277,138.3762496999131,77.6237503000869,324.72,0,0,0,216.0,0.6406307856477459,5.623750300086906,1,0.0
22,40,3648.5607939003285,144.0,72.0,324.48,0,0,1,216.0,0.6666666666666666,0.0,0,0.0
23,40,3586.334916,96.0,120.0,218.0,0,0,0,216.0,0.4444444444444444,0.0,0,0.0
24,40,2794.8881948928747,92.08867500638573,123.91132499361427,218.0,0,0,1,216.0,0.4263364583628969,3.911324993614277,1,0.0
25,40,2605.1213239999997,96.0,120.0,217.28000000000003,0,0,0,216.0,0.4444444444444444,0.0,0,0.0
26,40,2554.246526,96.0,120.0,217.28,0,0,0,216.0,0.4444444444444444,0.0,0,0.0
27,40,2418.813988500191,120.0,96.0,270.52000000000004,0,0,0,216.0,0.5555555555555556,0.0,0,0.0
28,40,1756.1343425820305,96.0,120.0,215.35999999999999,0,0,1,216.0,0.4444444444444444,0.0,0,1.2
29,40,2223.2069176326527,114.300069736084,101.699930263916,270.76,0,0,1,216.0,0.5291669895189074,5.699930263915999,1,0.0
30,40,1843.776247,96.0,120.0,218.72000000000003,0,0,1,216.0,0.4444444444444444,0.0,0,0.0
31,40,2084.5618990318476,96.0,120.0,216.07999999999998,0,0,3,216.0,0.4444444444444444,0.0,0,0.0
32,40,2228.078403884145,144.0,72.0,323.28,0,0,2,216.0,0.6666666666666666,0.0,0,1.8
33,40,3083.184470279302,115.8515061972855,100.1484938027145,269.56,0,0,0,216.0,0.5363495657281736,4.1484938027144995,1,0.0
34,40,1371.6649903055732,96.0,120.0,218.0,0,0,1,216.0,0.4444444444444444,0.0,0,0.0
35,40,338.13325545471525,64.70283687127795,151.29716312872205,162.12,0,0,2,216.0,0.2995501707003609,7.2971631287220555,1,0.0
36,40,1389.4996729484114,120.0,96.0,272.68,0,0,4,216.0,0.5555555555555556,0.0,0,0.0
37,40,1930.1211104684003,96.0,120.0,216.07999999999998,0,0,2,216.0,0.4444444444444444,0.0,0,0.0
38,40,2512.1879218429813,116.21673114002884,99.78326885997116,272.92,0,0,0,216.0,0.538040421944578,3.783268859971162,1,0.0
39,40,2171.324175,96.0,120.0,215.84,0,0,0,216.0,0.4444444444444444,0.0,0,0.0
40,40,1682.4821337470871,96.0,120.0,215.6,0,0,0,216.0,0.4444444444444444,0.0,0,0.0
41,40,1631.3404718900024,120.0,96.0,268.36,1,0,3,216.0,0.5555555555555556,0.0,0,0.0
42,40,1078.9154358900023,120.0,96.0,267.64,0,0,3,216.0,0.5555555555555556,0.0,0,0.0
1,41,1661.1299783388968,48.0,168.0,0.0,0,0,0,216.0,0.2222222222222222,0.0,0,0.0
2,41,2549.926754338897,72.0,144.0,107.44,0,0,1,216.0,0.3333333333333333,0.0,0,0.0
3,41,3364.651904468806,116.95234479474665,99.04765520525335,160.92000000000002,0,0,2,216.0,0.5414460407164197,3.0476552052533474,1,0.0
4,41,3412.3213996365025,114.57281846459027,101.42718153540973,160.68,0,0,1,216.0,0.5304297151138438,5.427181535409734,1,0.0
5,41,3564.8867950000003,96.0,120.0,217.28,0,0,0,216.0,0.4444444444444444,0.0,0,0.0
6,41,2309.4567832,96.0,120.0,159.96,0,0,0,216.0,0.4444444444444444,0.0,0,1.2
7,41,4768.930317837716,140.8944938864386,75.1055061135614,327.12,0,0,2,216.0,0.6522893235483268,3.1055061135613986,1,0.0
8,41,4850.255850999999,168.0,48.0,325.44000000000005,0,0,0,216.0,0.7777777777777778,0.0,0,0.0
9,41,3253.162429536923,144.0,72.0,272.92,0,0,0,216.0,0.6666666666666666,0.0,0,0.0
10,41,3841.339612592203,144.0,72.0,269.8,0,0,0,216.0,0.6666666666666666,0.0,0,0.0
11,41,3115.2976267679783,109.6942942586686,106.3057057413314,216.56,0,0,2,216.0,0.5078439549012436,10.305705741331387,2,0.0
12,41,2735.313756030477,168.0,48.0,272.67999999999995,0,0,1,216.0,0.7777777777777778,0.0,0,2.1
13,41,4043.856056122266,168.0,48.0,378.68,0,0,2,216.0,0.7777777777777778,0.0,0,0.0
14,41,4420.7738094781935,141.0797162629645,74.9202837370355,325.44,0,0,0,216.0,0.6531468345507615,2.9202837370355192,1,0.0
15,41,4598.821573271985,168.0,48.0,326.4,0,0,1,216.0,0.7777777777777778,0.0,0,0.0
16,41,4927.26962279379,168.0,48.0,381.32,0,0,2,216.0,0.7777777777777778,0.0,0,0.0
17,41,2686.7280521150574,168.0,48.0,327.36,0,0,0,216.0,0.7777777777777778,0.0,0,2.1
18,41,3252.916429892203,144.0,72.0,328.56000000000006,0,0,2,216.0,0.6666666666666666,0.0,0,0.0
19,41,3821.077883258209,144.0,72.0,329.76,0,0,0,216.0,0.6666666666666666,0.0,0,0.0
20,41,2942.904890591702,160.05866481686422,55.94133518313578,381.08,0,0,1,216.0,0.7410123371151122,7.941335183135759,2,0.0
21,41,3932.604100158759,144.0,72.0,324.72,0,0,0,216.0,0.6666666666666666,0.0,0,0.0
22,41,3193.940696,133.32277999563527,82.67722000436473,324.48,0,0,2,216.0,0.6172350925723855,10.677220004364738,2,0.0
23,41,3291.8708091,96.0,120.0,218.0,0,0,1,216.0,0.4444444444444444,0.0,0,0.0
24,41,3000.830151,96.0,120.0,218.0,0,0,0,216.0,0.4444444444444444,0.0,0,0.0
25,41,2605.1213239999997,96.0,120.0,217.28000000000003,0,0,0,216.0,0.4444444444444444,0.0,0,0.0
26,41,2394.2570130000004,96.0,120.0,217.28,0,0,1,216.0,0.4444444444444444,0.0,0,0.0
27,41,1948.5044613999999,120.0,96.0,270.52000000000004,0,0,0,216.0,0.5555555555555556,0.0,0,1.5
28,41,2473.568945,96.0,120.0,215.35999999999999,0,0,1,216.0,0.4444444444444444,0.0,0,0.0
29,41,1947.0920133,120.0,96.0,270.76,0,0,0,216.0,0.5555555555555556,0.0,0,1.5
30,41,2061.4471807515656,92.3387186457047,123.6612813542953,218.72000000000003,0,0,1,216.0,0.4274940678041884,3.6612813542952964,1,0.0
31,41,2122.468863467102,96.0,120.0,216.07999999999998,0,0,2,216.0,0.4444444444444444,0.0,0,0.0
32,41,2896.876341467102,144.0,72.0,323.28,0,0,3,216.0,0.6666666666666666,0.0,0,0.0
33,41,3209.07565885185,120.0,96.0,269.56,0,0,1,216.0,0.5555555555555556,0.0,0,0.0
34,41,1610.983939600001,96.0,120.0,218.0,0,0,1,216.0,0.4444444444444444,0.0,0,0.0
35,41,455.0360905999997,72.0,144.0,162.12,0,0,1,216.0,0.3333333333333333,0.0,0,0.8999999999999999
36,41,852.188901,120.0,96.0,272.68,0,0,4,216.0,0.5555555555555556,0.0,0,0.0
37,41,1756.2385418766767,96.0,120.0,216.07999999999998,0,0,2,216.0,0.4444444444444444,0.0,0,0.0
38,41,2211.4460562,120.0,96.0,272.92,0,0,2,216.0,0.5555555555555556,0.0,0,0.0
39,41,1891.2886273520526,96.0,120.0,215.84,0,0,0,216.0,0.4444444444444444,0.0,0,0.0
40,41,2205.567622,96.0,120.0,215.6,0,0,0,216.0,0.4444444444444444,0.0,0,0.0
41,41,2296.670831,120.0,96.0,268.36,1,0,0,216.0,0.5555555555555556,0.0,0,0.0
42,41,1044.2287874722708,115.84305579150632,100.15694420849368,267.64,0,0,0,216.0,0.5363104434791959,4.156944208493686,1,0.0
1,42,2340.893841,48.0,168.0,0.0,0,0,0,216.0,0.2222222222222222,0.0,0,0.0
2,42,3217.574552,72.0,144.0,107.44,0,0,0,216.0,0.3333333333333333,0.0,0,0.0
3,42,4000.7108209999997,120.0,96.0,160.92000000000002,0,0,0,216.0,0.5555555555555556,0.0,0,0.0
4,42,3946.2822297879625,120.0,96.0,160.68,0,0,0,216.0,0.5555555555555556,0.0,0,0.0
5,42,3217.4205929841446,96.0,120.0,217.28,0,0,0,216.0,0.4444444444444444,0.0,0,0.0
6,42,3210.048914984144,96.0,120.0,159.96,0,0,1,216.0,0.4444444444444444,0.0,0,0.0
7,42,4904.196593025794,137.95644970816292,78.04355029183708,327.12,0,0,1,216.0,0.638687267167421,6.043550291837079,1,0.0
8,42,4595.499572340925,163.29492003526767,52.705079964732334,325.44000000000005,0,0,0,216.0,0.7559950001632763,4.705079964732332,1,0.0
9,42,3605.24020044802,140.05593278888153,75.94406721111847,272.92,0,0,0,216.0,0.648407096244822,3.9440672111184805,1,0.0
10,42,4069.3102540453306,140.14327397221334,75.85672602778666,269.8,0,0,0,216.0,0.6488114535750618,3.8567260277866713,1,0.0
11,42,4269.726820402434,109.27004836083049,106.72995163916951,216.56,0,0,0,216.0,0.5058798535223633,10.729951639169528,2,0.0
12,42,2791.9807390999995,168.0,48.0,272.67999999999995,0,0,0,216.0,0.7777777777777778,0.0,0,2.1
13,42,4483.2211750999995,161.2190406561627,54.78095934383731,378.68,0,0,1,216.0,0.7463844474822346,6.780959343837305,1,0.0
14,42,4409.752190268789,144.0,72.0,325.44,0,0,0,216.0,0.6666666666666666,0.0,0,0.0
15,42,4789.806962184177,168.0,48.0,326.4,0,0,2,216.0,0.7777777777777778,0.0,0,0.0
16,42,5429.4887499999995,168.0,48.0,381.32,0,0,0,216.0,0.7777777777777778,0.0,0,0.0
17,42,4384.9674770416495,168.0,48.0,327.36,0,0,1,216.0,0.7777777777777778,0.0,0,0.0
18,42,2280.520454532498,138.19374867247427,77.80625132752573,328.56000000000006,0,0,0,216.0,0.6397858734836772,5.8062513275257155,1,1.8
19,42,4015.681386332498,144.0,72.0,329.76,0,0,2,216.0,0.6666666666666666,0.0,0,0.0
20,42,2945.8077178,162.8581999532324,53.1418000467676,381.08,0,0,1,216.0,0.7539731479316315,5.14180004676759,1,0.0
21,42,4096.039002,144.0,72.0,324.72,0,0,0,216.0,0.6666666666666666,0.0,0,0.0
22,42,3763.1761030000007,144.0,72.0,324.48,0,0,0,216.0,0.6666666666666666,0.0,0,0.0
23,42,3421.4439439999996,96.0,120.0,218.0,0,0,1,216.0,0.4444444444444444,0.0,0,0.0
24,42,2100.5811057,96.0,120.0,218.0,0,0,0,216.0,0.4444444444444444,0.0,0,1.2
25,42,2605.1213239999997,96.0,120.0,217.28000000000003,0,0,0,216.0,0.4444444444444444,0.0,0,0.0
26,42,2389.2533235254436,94.21487330357772,121.78512669642228,217.28,0,0,1,216.0,0.436179968998045,1.7851266964222892,1,0.0
27,42,1948.5044613999999,120.0,96.0,270.52000000000004,0,0,0,216.0,0.5555555555555556,0.0,0,1.5
28,42,2617.772447,96.0,120.0,215.35999999999999,0,0,0,216.0,0.4444444444444444,0.0,0,0.0
29,42,2745.758210541257,118.09884625043972,97.90115374956028,270.76,0,0,0,216.0,0.5467539178261098,1.9011537495602844,1,0.0
30,42,1572.486697701719,96.0,120.0,218.72000000000003,0,0,0,216.0,0.4444444444444444,0.0,0,0.0
31,42,2731.916312567501,96.0,120.0,216.07999999999998,0,0,1,216.0,0.4444444444444444,0.0,0,0.0
32,42,3544.4389189999984,144.0,72.0,323.28,0,0,0,216.0,0.6666666666666666,0.0,0,0.0
33,42,3221.884409,120.0,96.0,269.56,0,0,0,216.0,0.5555555555555556,0.0,0,0.0
34,42,1656.4923260000003,96.0,120.0,218.0,0,0,0,216.0,0.4444444444444444,0.0,0,0.0
35,42,1217.210302999999,72.0,144.0,162.12,0,0,0,216.0,0.3333333333333333,0.0,0,0.0
36,42,1951.1408259999987,120.0,96.0,272.68,0,0,0,216.0,0.5555555555555556,0.0,0,0.0
37,42,2407.5085879999997,96.0,120.0,216.07999999999998,1,0,0,216.0,0.4444444444444444,0.0,0,0.0
38,42,2293.175209195594,120.0,96.0,272.92,0,0,3,216.0,0.5555555555555556,0.0,0,0.0
39,42,1968.9430209,96.0,120.0,215.84,0,0,1,216.0,0.4444444444444444,0.0,0,0.0
40,42,2003.1864679,96.0,120.0,215.6,0,0,1,216.0,0.4444444444444444,0.0,0,0.0
41,42,2094.2896769,120.0,96.0,268.36,0,0,1,216.0,0.5555555555555556,0.0,0,0.0
42,42,1270.6750550753,115.25714982428872,100.74285017571128,267.64,0,0,1,216.0,0.5335979158531885,4.742850175711289,1,0.0
1,43,2002.8656873447753,48.0,168.0,0.0,0,0,0,216.0,0.2222222222222222,0.0,0,0.0
2,43,2891.6624633447755,72.0,144.0,107.44,0,0,1,216.0,0.3333333333333333,0.0,0,0.0
3,43,3805.1956643447747,120.0,96.0,160.92000000000002,0,0,1,216.0,0.5555555555555556,0.0,0,0.0
4,43,4227.068211,120.0,96.0,160.68,0,0,0,216.0,0.5555555555555556,0.0,0,0.0
5,43,2920.3312626741335,83.18288316641805,132.81711683358196,217.28,0,0,0,216.0,0.38510594058526876,12.817116833581952,2,0.0
6,43,3299.223976,96.0,120.0,159.96,0,0,0,216.0,0.4444444444444444,0.0,0,0.0
7,43,3547.0100896999993,144.0,72.0,327.12,0,0,0,216.0,0.6666666666666666,0.0,0,1.8
8,43,3395.1790957,168.0,48.0,325.44000000000005,0,0,0,216.0,0.7777777777777778,0.0,0,2.1
9,43,3543.0442045,144.0,72.0,272.92,0,0,2,216.0,0.6666666666666666,0.0,0,0.0
10,43,2924.8928254,144.0,72.0,269.8,0,0,0,216.0,0.6666666666666666,0.0,0,1.8
11,43,4028.8203838231884,120.0,96.0,216.56,0,0,1,216.0,0.5555555555555556,0.0,0,0.0
12,43,3228.633384693013,161.71749584947895,54.28250415052105,272.67999999999995,0,0,3,216.0,0.7486921104142544,6.282504150521059,2,0.0
13,43,4254.808597523188,162.110441621123,53.88955837887701,378.68,0,0,1,216.0,0.7505113038014953,5.889558378877021,1,0.0
14,43,4582.894479,144.0,72.0,325.44,0,0,0,216.0,0.6666666666666666,0.0,0,0.0
15,43,4477.636540165894,164.3482968870565,51.651703112943494,326.4,0,0,1,216.0,0.7608717448474839,3.6517031129435096,1,0.0
16,43,5345.0393537,168.0,48.0,381.32,0,0,1,216.0,0.7777777777777778,0.0,0,0.0
17,43,4488.123453,168.0,48.0,327.36,0,0,0,216.0,0.7777777777777778,0.0,0,0.0
18,43,3395.7427919999996,144.0,72.0,328.56000000000006,0,0,0,216.0,0.6666666666666666,0.0,0,0.0
19,43,4426.511102329508,137.12658738558446,78.87341261441554,329.76,0,0,0,216.0,0.6348453119702984,6.873412614415553,2,0.0
20,43,3331.991269,168.0,48.0,381.08,0,0,0,216.0,0.7777777777777778,0.0,0,0.0
21,43,2510.2773492921506,141.33362384297718,74.66637615702282,324.72,0,0,0,216.0,0.6543223326063758,2.6663761570228304,1,1.8
22,43,2931.889258244776,144.0,72.0,324.48,0,0,2,216.0,0.6666666666666666,0.0,0,0.0
23,43,3128.321158496552,88.82725536495974,127.17274463504026,218.0,0,0,1,216.0,0.4112372933562951,7.1727446350402655,1,0.0
24,43,2884.1715277266844,90.58624716883344,125.41375283116656,218.0,0,0,0,216.0,0.41938077392978446,5.413752831166562,1,0.0
25,43,2019.0430665293359,96.0,120.0,217.28000000000003,0,0,0,216.0,0.4444444444444444,0.0,0,0.0
26,43,2161.6235206991614,96.0,120.0,217.28,0,0,2,216.0,0.4444444444444444,0.0,0,0.0
27,43,2719.7842784733866,117.2022278743029,98.7977721256971,270.52000000000004,0,0,0,216.0,0.5426029068254764,2.797772125697098,1,0.0
28,43,2412.779650299698,96.0,120.0,215.35999999999999,0,0,0,216.0,0.4444444444444444,0.0,0,0.0
29,43,2766.541623019773,120.0,96.0,270.76,0,0,1,216.0,0.5555555555555556,0.0,0,0.0
30,43,1620.258645355261,96.0,120.0,218.72000000000003,0,0,1,216.0,0.4444444444444444,0.0,0,1.2
31,43,1735.9357786572343,96.0,120.0,216.07999999999998,0,0,0,216.0,0.4444444444444444,0.0,0,0.0
32,43,2347.0240450790466,144.0,72.0,323.28,0,0,4,216.0,0.6666666666666666,0.0,0,0.0
33,43,3082.2552205501247,120.0,96.0,269.56,0,0,1,216.0,0.5555555555555556,0.0,0,0.0
34,43,1644.376261000001,96.0,120.0,218.0,0,0,1,216.0,0.4444444444444444,0.0,0,0.0
35,43,1217.210302999999,72.0,144.0,162.12,0,0,0,216.0,0.3333333333333333,0.0,0,0.0
36,43,1940.6234079999988,120.0,96.0,272.68,0,0,1,216.0,0.5555555555555556,0.0,0,0.0
37,43,1892.4999639999992,96.0,120.0,216.07999999999998,0,0,1,216.0,0.4444444444444444,0.0,0,0.0
38,43,1851.4150943699378,118.22308267737787,97.77691732262213,272.92,0,0,2,216.0,0.547329086469342,1.7769173226221318,1,0.0
39,43,2171.324175,96.0,120.0,215.84,0,0,0,216.0,0.4444444444444444,0.0,0,0.0
40,43,2096.0980906,96.0,120.0,215.6,0,0,1,216.0,0.4444444444444444,0.0,0,0.0
41,43,2187.2012996,120.0,96.0,268.36,1,0,1,216.0,0.5555555555555556,0.0,0,0.0
42,43,1512.5974526,120.0,96.0,267.64,0,0,2,216.0,0.5555555555555556,0.0,0,0.0
1,44,2340.893841,48.0,168.0,0.0,0,0,0,216.0,0.2222222222222222,0.0,0,0.0
2,44,2924.3093760099864,72.0,144.0,107.44,0,0,0,216.0,0.3333333333333333,0.0,0,0.0
3,44,3662.966825811909,120.0,96.0,160.92000000000002,0,0,0,216.0,0.5555555555555556,0.0,0,0.0
4,44,3784.5477665786493,120.0,96.0,160.68,0,0,0,216.0,0.5555555555555556,0.0,0,0.0
5,44,3344.2998335786497,96.0,120.0,217.28,0,0,1,216.0,0.4444444444444444,0.0,0,0.0
6,44,3299.223976,96.0,120.0,159.96,0,0,0,216.0,0.4444444444444444,0.0,0,0.0
7,44,5067.157271,144.0,72.0,327.12,0,0,0,216.0,0.6666666666666666,0.0,0,0.0
8,44,4850.255850999999,168.0,48.0,325.44000000000005,0,0,0,216.0,0.7777777777777778,0.0,0,0.0
9,44,3685.164688,144.0,72.0,272.92,0,0,0,216.0,0.6666666666666666,0.0,0,0.0
10,44,3504.8150146624193,141.00340449421319,74.99659550578681,269.8,0,0,0,216.0,0.652793539325061,2.99659550578681,1,0.0
11,44,4711.305759,120.0,96.0,216.56,0,0,0,216.0,0.5555555555555556,0.0,0,0.0
12,44,3945.4593750655677,165.87174435763364,50.128255642366355,272.67999999999995,0,0,0,216.0,0.767924742396452,2.1282556423663492,1,0.0
13,44,4418.583451264596,168.0,48.0,378.68,1,0,0,216.0,0.7777777777777778,0.0,0,0.0
14,44,4582.894479,144.0,72.0,325.44,0,0,0,216.0,0.6666666666666666,0.0,0,0.0
15,44,4783.304482521072,163.83574892686687,52.16425107313313,326.4,0,0,0,216.0,0.7584988376243836,4.16425107313314,1,0.0
16,44,5429.4887499999995,168.0,48.0,381.32,0,0,0,216.0,0.7777777777777778,0.0,0,0.0
17,44,4488.123453,168.0,48.0,327.36,1,0,0,216.0,0.7777777777777778,0.0,0,0.0
18,44,3170.925190264596,144.0,72.0,328.56000000000006,0,0,1,216.0,0.6666666666666666,0.0,0,0.0
19,44,3902.935631176084,144.0,72.0,329.76,0,0,1,216.0,0.6666666666666666,0.0,0,0.0
20,44,3009.9507818432457,168.0,48.0,381.08,0,0,1,216.0,0.7777777777777778,0.0,0,0.0
21,44,3952.3603025887423,141.67108443531797,74.32891556468203,324.72,0,0,0,216.0,0.655884650163509,2.328915564682033,1,0.0
22,44,2634.2232720999996,144.0,72.0,324.48,0,0,0,216.0,0.6666666666666666,0.0,0,1.8
23,44,3111.0679676,96.0,120.0,218.0,0,0,1,216.0,0.4444444444444444,0.0,0,0.0
24,44,2084.540893312918,94.86808340220023,121.13191659779977,218.0,0,0,0,216.0,0.43920408982500103,1.1319165977997745,1,1.2
25,44,2605.1213239999997,96.0,120.0,217.28000000000003,0,0,0,216.0,0.4444444444444444,0.0,0,0.0
26,44,2554.246526,96.0,120.0,217.28,0,0,0,216.0,0.4444444444444444,0.0,0,0.0
27,44,2691.3051913,120.0,96.0,270.52000000000004,0,0,1,216.0,0.5555555555555556,0.0,0,0.0
28,44,2392.629387930539,91.36077743851355,124.63922256148645,215.35999999999999,0,0,0,216.0,0.4229665622153405,4.639222561486444,1,0.0
29,44,2781.560019,120.0,96.0,270.76,0,0,0,216.0,0.5555555555555556,0.0,0,0.0
30,44,2321.238319,96.0,120.0,218.72000000000003,0,0,0,216.0,0.4444444444444444,0.0,0,0.0
31,44,1916.3994464999994,96.0,120.0,216.07999999999998,0,0,0,216.0,0.4444444444444444,0.0,0,1.2
32,44,2838.488125199999,144.0,72.0,323.28,0,0,3,216.0,0.6666666666666666,0.0,0,0.0
33,44,3221.884409,120.0,96.0,269.56,0,0,0,216.0,0.5555555555555556,0.0,0,0.0
34,44,1656.4923260000003,96.0,120.0,218.0,0,0,0,216.0,0.4444444444444444,0.0,0,0.0
35,44,1002.593112672305,72.0,144.0,162.12,0,0,1,216.0,0.3333333333333333,0.0,0,0.0
36,44,1490.3816590842146,120.0,96.0,272.68,0,0,4,216.0,0.5555555555555556,0.0,0,0.0
37,44,1598.096692582292,96.0,120.0,216.07999999999998,0,0,3,216.0,0.4444444444444444,0.0,0,0.0
38,44,2520.917119009986,120.0,96.0,272.92,0,0,1,216.0,0.5555555555555556,0.0,0,0.0
39,44,2171.324175,96.0,120.0,215.84,0,0,0,216.0,0.4444444444444444,0.0,0,0.0
40,44,2205.567622,96.0,120.0,215.6,0,0,0,216.0,0.4444444444444444,0.0,0,0.0
41,44,2296.670831,120.0,96.0,268.36,1,0,0,216.0,0.5555555555555556,0.0,0,0.0
42,44,1669.3237561318278,115.80612604121137,100.19387395878863,267.64,1,0,0,216.0,0.5361394724130156,4.193873958788622,1,0.0
1,45,2172.1789253672227,44.52149005134571,171.47850994865428,0.0,0,0,0,216.0,0.20611800949697087,3.478509948654295,1,0.0
2,45,3217.574552,72.0,144.0,107.44,0,0,0,216.0,0.3333333333333333,0.0,0,0.0
3,45,3234.7348195494433,120.0,96.0,160.92000000000002,0,0,0,216.0,0.5555555555555556,0.0,0,0.0
4,45,3945.9673156727667,115.17711745924905,100.82288254075095,160.68,0,0,1,216.0,0.5332273956446715,4.822882540750955,1,0.0
5,45,3486.262028205232,91.39364803741475,124.60635196258525,217.28,0,0,0,216.0,0.4231187409139572,4.606351962585246,1,0.0
6,45,2273.7367792501577,96.0,120.0,159.96,0,0,1,216.0,0.4444444444444444,0.0,0,1.2
7,45,4811.8939438450725,144.0,72.0,327.12,0,0,0,216.0,0.6666666666666666,0.0,0,0.0
8,45,4850.255850999999,168.0,48.0,325.44000000000005,0,0,0,216.0,0.7777777777777778,0.0,0,0.0
9,45,3525.175175,144.0,72.0,272.92,0,0,1,216.0,0.6666666666666666,0.0,0,0.0
10,45,4178.4183219999995,144.0,72.0,269.8,0,0,0,216.0,0.6666666666666666,0.0,0,0.0
11,45,4475.0966841,120.0,96.0,216.56,0,0,1,216.0,0.5555555555555556,0.0,0,0.0
12,45,3719.6390035194117,166.9915231646393,49.00847683536071,272.67999999999995,0,0,1,216.0,0.7731089035399967,1.0084768353607028,1,0.0
13,45,4561.046954370411,164.51658636475045,51.48341363524955,378.68,0,0,1,216.0,0.7616508627997706,3.483413635249553,1,0.0
14,45,4582.894479,144.0,72.0,325.44,0,0,0,216.0,0.6666666666666666,0.0,0,0.0
15,45,4709.260620999999,168.0,48.0,326.4,0,0,1,216.0,0.7777777777777778,0.0,0,0.0
16,45,3247.1409833460716,168.0,48.0,381.32,0,0,1,216.0,0.7777777777777778,0.0,0,2.1
17,45,4051.170982650158,168.0,48.0,327.36,0,0,2,216.0,0.7777777777777778,0.0,0,0.0
18,45,3395.7427919999996,144.0,72.0,328.56000000000006,0,0,0,216.0,0.6666666666666666,0.0,0,0.0
19,45,3262.611218297253,142.22191935890555,73.77808064109445,329.76,0,0,0,216.0,0.658434811846785,1.7780806410944545,1,1.8
20,45,2929.2136579265684,157.67838740840503,58.32161259159497,381.08,0,0,2,216.0,0.7299925342981715,10.32161259159496,2,0.0
21,45,4096.039002,144.0,72.0,324.72,0,0,0,216.0,0.6666666666666666,0.0,0,0.0
22,45,3264.401492101916,144.0,72.0,324.48,0,0,0,216.0,0.6666666666666666,0.0,0,0.0
23,45,3586.334916,96.0,120.0,218.0,0,0,0,216.0,0.4444444444444444,0.0,0,0.0
24,45,2643.688445075729,92.15993807987147,123.84006192012853,218.0,0,0,0,216.0,0.42666637999940493,3.8400619201285373,1,0.0
25,45,1993.1672939459688,96.0,120.0,217.28000000000003,0,0,0,216.0,0.4444444444444444,0.0,0,0.0
26,45,2463.492225445969,96.0,120.0,217.28,0,0,1,216.0,0.4444444444444444,0.0,0,0.0
27,45,2271.0126771223104,120.0,96.0,270.52000000000004,0,0,1,216.0,0.5555555555555556,0.0,0,0.0
28,45,1669.2755116146177,96.0,120.0,215.35999999999999,0,0,1,216.0,0.4444444444444444,0.0,0,0.0
29,45,1953.354776720445,120.0,96.0,270.76,0,0,2,216.0,0.5555555555555556,0.0,0,0.0
30,45,2321.238319,96.0,120.0,218.72000000000003,0,0,0,216.0,0.4444444444444444,0.0,0,0.0
31,45,2737.713494999999,96.0,120.0,216.07999999999998,0,0,0,216.0,0.4444444444444444,0.0,0,0.0
32,45,3041.076024999999,144.0,72.0,323.28,0,0,3,216.0,0.6666666666666666,0.0,0,0.0
33,45,3109.934011858175,120.0,96.0,269.56,0,0,1,216.0,0.5555555555555556,0.0,0,0.0
34,45,1047.7042296,96.0,120.0,218.0,0,0,1,216.0,0.4444444444444444,0.0,0,1.2
35,45,1053.0162189999992,72.0,144.0,162.12,0,0,1,216.0,0.3333333333333333,0.0,0,0.0
36,45,1649.730041899229,120.0,96.0,272.68,0,0,3,216.0,0.5555555555555556,0.0,0,0.0
37,45,2277.185209986034,90.28444935821653,125.71555064178347,216.07999999999998,0,0,0,216.0,0.4179835618435951,5.71555064178346,1,0.0
38,45,2428.787136,120.0,96.0,272.92,0,0,1,216.0,0.5555555555555556,0.0,0,0.0
39,45,2087.799876027696,93.02850319598711,122.97149680401289,215.84,0,0,0,216.0,0.4306875147962366,2.971496804012891,1,0.0
40,45,2122.043323027696,96.0,120.0,215.6,0,0,1,216.0,0.4444444444444444,0.0,0,0.0
41,45,2213.1465320276957,120.0,96.0,268.36,0,0,1,216.0,0.5555555555555556,0.0,0,0.0
42,45,1686.801508473482,120.0,96.0,267.64,1,0,1,216.0,0.5555555555555556,0.0,0,0.0
1,46,2340.893841,48.0,168.0,0.0,0,0,0,216.0,0.2222222222222222,0.0,0,0.0
2,46,3217.574552,72.0,144.0,107.44,0,0,0,216.0,0.3333333333333333,0.0,0,0.0
3,46,4000.7108209999997,120.0,96.0,160.92000000000002,0,0,0,216.0,0.5555555555555556,0.0,0,0.0
4,46,3857.0878567597447,120.0,96.0,160.68,0,0,0,216.0,0.5555555555555556,0.0,0,0.0
5,46,3564.8867950000003,96.0,120.0,217.28,0,0,0,216.0,0.4444444444444444,0.0,0,0.0
6,46,3299.223976,96.0,120.0,159.96,0,0,0,216.0,0.4444444444444444,0.0,0,0.0
7,46,3547.0100896999993,144.0,72.0,327.12,0,0,0,216.0,0.6666666666666666,0.0,0,1.8
8,46,4719.122415899999,168.0,48.0,325.44000000000005,0,0,1,216.0,0.7777777777777778,0.0,0,0.0
9,46,3685.164688,144.0,72.0,272.92,0,0,0,216.0,0.6666666666666666,0.0,0,0.0
10,46,3774.4677548298073,144.0,72.0,269.8,0,0,0,216.0,0.6666666666666666,0.0,0,0.0
11,46,4711.305759,120.0,96.0,216.56,0,0,0,216.0,0.5555555555555556,0.0,0,0.0
12,46,3988.543912999999,168.0,48.0,272.67999999999995,0,0,0,216.0,0.7777777777777778,0.0,0,0.0
13,46,4865.334536,168.0,48.0,378.68,1,0,0,216.0,0.7777777777777778,0.0,0,0.0
14,46,3208.0261353,144.0,72.0,325.44,0,0,0,216.0,0.6666666666666666,0.0,0,1.8
15,46,4163.164505899999,168.0,48.0,326.4,0,0,3,216.0,0.7777777777777778,0.0,0,0.0
16,46,4763.3814979597455,164.29156849355024,51.708431506449756,381.32,0,0,2,216.0,0.760609113396066,3.708431506449754,1,0.0
17,46,4118.143098759745,168.0,48.0,327.36,0,0,2,216.0,0.7777777777777778,0.0,0,0.0
18,46,3395.7427919999996,144.0,72.0,328.56000000000006,0,0,0,216.0,0.6666666666666666,0.0,0,0.0
19,46,4696.533264,144.0,72.0,329.76,0,0,0,216.0,0.6666666666666666,0.0,0,0.0
20,46,3331.991269,168.0,48.0,381.08,0,0,0,216.0,0.7777777777777778,0.0,0,0.0
21,46,4044.657109914896,141.0195868543724,74.98041314562761,324.72,0,0,0,216.0,0.6528684576591315,2.980413145627603,1,0.0
22,46,3763.1761030000007,144.0,72.0,324.48,0,0,0,216.0,0.6666666666666666,0.0,0,0.0
23,46,3586.334916,96.0,120.0,218.0,0,0,0,216.0,0.4444444444444444,0.0,0,0.0
24,46,2078.784476744849,94.55498329344155,121.44501670655845,218.0,0,0,0,216.0,0.43775455228445165,1.4450167065584525,1,1.2
25,46,2605.1213239999997,96.0,120.0,217.28000000000003,0,0,0,216.0,0.4444444444444444,0.0,0,0.0
26,46,2554.246526,96.0,120.0,217.28,0,0,0,216.0,0.4444444444444444,0.0,0,0.0
27,46,2783.577802,120.0,96.0,270.52000000000004,0,0,0,216.0,0.5555555555555556,0.0,0,0.0
28,46,1948.3659465381802,96.0,120.0,215.35999999999999,0,0,1,216.0,0.4444444444444444,0.0,0,0.0
29,46,2760.1861644267665,120.0,96.0,270.76,0,0,1,216.0,0.5555555555555556,0.0,0,0.0
30,46,1624.8668232999999,96.0,120.0,218.72000000000003,0,0,0,216.0,0.4444444444444444,0.0,0,1.2
31,46,2150.2824555,96.0,120.0,216.07999999999998,0,0,2,216.0,0.4444444444444444,0.0,0,0.0
32,46,2957.0078795,139.15119986105714,76.84880013894286,323.28,0,0,2,216.0,0.6442185178752645,4.8488001389428455,1,0.0
33,46,3221.884409,120.0,96.0,269.56,0,0,0,216.0,0.5555555555555556,0.0,0,0.0
34,46,1496.720328,96.0,120.0,218.0,0,0,1,216.0,0.4444444444444444,0.0,0,0.0
35,46,1196.2530328551506,72.0,144.0,162.12,0,0,1,216.0,0.3333333333333333,0.0,0,0.0
36,46,1365.798578199999,120.0,96.0,272.68,0,0,0,216.0,0.5555555555555556,0.0,0,1.5
37,46,1730.926495099999,96.0,120.0,216.07999999999998,0,0,2,216.0,0.4444444444444444,0.0,0,0.0
38,46,2524.8022880999993,120.0,96.0,272.92,0,0,1,216.0,0.5555555555555556,0.0,0,0.0
39,46,2034.0733401699133,89.06144697385164,126.93855302614836,215.84,0,0,0,216.0,0.4123215137678317,6.938553026148364,1,0.0
40,46,1513.3019309643373,91.19962458004133,124.80037541995867,215.6,0,0,0,216.0,0.42222048416685803,4.800375419958666,1,1.2
41,46,1577.0741772643373,120.0,96.0,268.36,0,0,4,216.0,0.5555555555555556,0.0,0,0.0
42,46,1135.4468888,116.14954316660835,99.85045683339165,267.64,0,0,4,216.0,0.5377293665120757,3.8504568333916502,1,0.0
1,47,2340.893841,48.0,168.0,0.0,0,0,0,216.0,0.2222222222222222,0.0,0,0.0
2,47,3217.574552,72.0,144.0,107.44,0,0,0,216.0,0.3333333333333333,0.0,0,0.0
3,47,3922.2108427214935,118.55018813677836,97.44981186322164,160.92000000000002,0,0,0,216.0,0.5488434635961961,1.4498118632216404,1,0.0
4,47,4155.557232168125,117.50312536492727,98.49687463507273,160.68,0,0,0,216.0,0.5439959507635522,2.496874635072728,1,0.0
5,47,3234.736678567153,96.0,120.0,217.28,0,0,0,216.0,0.4444444444444444,0.0,0,0.0
6,47,3299.223976,96.0,120.0,159.96,0,0,0,216.0,0.4444444444444444,0.0,0,0.0
7,47,4874.868237158322,144.0,72.0,327.12,0,0,0,216.0,0.6666666666666666,0.0,0,0.0
8,47,4850.255850999999,168.0,48.0,325.44000000000005,0,0,0,216.0,0.7777777777777778,0.0,0,0.0
9,47,3621.759005697244,140.7556835645203,75.2443164354797,272.92,0,0,0,216.0,0.6516466831690755,3.244316435479711,1,0.0
10,47,4178.4183219999995,144.0,72.0,269.8,0,0,0,216.0,0.6666666666666666,0.0,0,0.0
11,47,4711.305759,120.0,96.0,216.56,0,0,0,216.0,0.5555555555555556,0.0,0,0.0
12,47,3988.543912999999,168.0,48.0,272.67999999999995,0,0,0,216.0,0.7777777777777778,0.0,0,0.0
13,47,4865.334536,168.0,48.0,378.68,1,0,0,216.0,0.7777777777777778,0.0,0,0.0
14,47,4582.894479,144.0,72.0,325.44,0,0,0,216.0,0.6666666666666666,0.0,0,0.0
15,47,4867.605836999999,168.0,48.0,326.4,0,0,0,216.0,0.7777777777777778,0.0,0,0.0
16,47,3800.6421249999994,168.0,48.0,381.32,0,0,0,216.0,0.7777777777777778,0.0,0,2.1
17,47,3141.686417100001,168.0,48.0,327.36,0,0,0,216.0,0.7777777777777778,0.0,0,2.1
18,47,3292.5393150999994,144.0,72.0,328.56000000000006,0,0,1,216.0,0.6666666666666666,0.0,0,0.0
19,47,4696.533264,144.0,72.0,329.76,0,0,0,216.0,0.6666666666666666,0.0,0,0.0
20,47,3331.991269,168.0,48.0,381.08,0,0,0,216.0,0.7777777777777778,0.0,0,0.0
21,47,2867.2273014,144.0,72.0,324.72,0,0,0,216.0,0.6666666666666666,0.0,0,1.8
22,47,2857.9264527318755,144.0,72.0,324.48,0,0,3,216.0,0.6666666666666666,0.0,0,0.0
23,47,2847.6783912,96.0,120.0,218.0,0,0,1,216.0,0.4444444444444444,0.0,0,0.0
24,47,3000.830151,96.0,120.0,218.0,0,0,0,216.0,0.4444444444444444,0.0,0,0.0
25,47,2365.710781722712,96.0,120.0,217.28000000000003,0,0,0,216.0,0.4444444444444444,0.0,0,0.0
26,47,2554.246526,96.0,120.0,217.28,0,0,0,216.0,0.4444444444444444,0.0,0,0.0
27,47,2744.170005205906,118.00778561355928,97.99221438644072,270.52000000000004,0,0,0,216.0,0.5463323408035152,1.9922143864407191,1,0.0
28,47,2391.0988393000002,96.0,120.0,215.35999999999999,0,0,1,216.0,0.4444444444444444,0.0,0,0.0
29,47,2237.892837279747,120.0,96.0,270.76,0,0,0,216.0,0.5555555555555556,0.0,0,0.0
30,47,2321.238319,96.0,120.0,218.72000000000003,0,0,0,216.0,0.4444444444444444,0.0,0,0.0
31,47,2579.952580204493,89.35540945233339,126.64459054766661,216.07999999999998,0,0,0,216.0,0.4136824511682101,6.644590547666612,1,0.0
32,47,3349.101349204493,144.0,72.0,323.28,0,0,1,216.0,0.6666666666666666,0.0,0,0.0
33,47,3221.884409,120.0,96.0,269.56,0,0,0,216.0,0.5555555555555556,0.0,0,0.0
34,47,1496.720328,96.0,120.0,218.0,0,0,1,216.0,0.4444444444444444,0.0,0,0.0
35,47,887.0601865671514,72.0,144.0,162.12,0,0,1,216.0,0.3333333333333333,0.0,0,0.0
36,47,1310.1656111241869,120.0,96.0,272.68,0,0,4,216.0,0.5555555555555556,0.0,0,0.0
37,47,1318.4387532999997,96.0,120.0,216.07999999999998,0,0,1,216.0,0.4444444444444444,0.0,0,1.2
38,47,1760.3835047319253,115.25847856670785,100.74152143329215,272.92,0,0,1,216.0,0.5336040674384622,4.741521433292142,1,0.0
39,47,2042.8055062232631,96.0,120.0,215.84,0,0,1,216.0,0.4444444444444444,0.0,0,0.0
40,47,1834.6531111151157,85.06243129732331,130.93756870267669,215.6,0,0,0,216.0,0.39380755230242276,10.937568702676675,2,0.0
41,47,2017.3017943030995,120.0,96.0,268.36,1,0,2,216.0,0.5555555555555556,0.0,0,0.0
42,47,1181.9904984329482,120.0,96.0,267.64,0,0,1,216.0,0.5555555555555556,0.0,0,0.0
1,48,2340.893841,48.0,168.0,0.0,0,0,0,216.0,0.2222222222222222,0.0,0,0.0
2,48,3217.574552,72.0,144.0,107.44,0,0,0,216.0,0.3333333333333333,0.0,0,0.0
3,48,4000.7108209999997,120.0,96.0,160.92000000000002,0,0,0,216.0,0.5555555555555556,0.0,0,0.0
4,48,3960.9575104930045,120.0,96.0,160.68,0,0,0,216.0,0.5555555555555556,0.0,0,0.0
5,48,2990.437312713807,96.0,120.0,217.28,0,0,0,216.0,0.4444444444444444,0.0,0,0.0
6,48,2309.4567832,96.0,120.0,159.96,0,0,0,216.0,0.4444444444444444,0.0,0,1.2
7,48,4952.1288451,144.0,72.0,327.12,0,0,1,216.0,0.6666666666666666,0.0,0,0.0
8,48,4850.255850999999,168.0,48.0,325.44000000000005,0,0,0,216.0,0.7777777777777778,0.0,0,0.0
9,48,3649.9228148168954,142.19675801548678,73.80324198451322,272.92,0,0,0,216.0,0.6583183241457721,1.8032419845132264,1,0.0
10,48,4178.4183219999995,144.0,72.0,269.8,0,0,0,216.0,0.6666666666666666,0.0,0,0.0
11,48,4304.336336050155,120.0,96.0,216.56,0,0,1,216.0,0.5555555555555556,0.0,0,0.0
12,48,3549.727304451735,163.8360649750628,52.16393502493719,272.67999999999995,0,0,1,216.0,0.7585003008104759,4.1639350249371905,1,0.0
13,48,4173.01019340135,168.0,48.0,378.68,0,0,1,216.0,0.7777777777777778,0.0,0,0.0
14,48,4582.894479,144.0,72.0,325.44,0,0,0,216.0,0.6666666666666666,0.0,0,0.0
15,48,4638.9470830797745,168.0,48.0,326.4,0,0,0,216.0,0.7777777777777778,0.0,0,0.0
16,48,5271.6597290525115,168.0,48.0,381.32,0,0,1,216.0,0.7777777777777778,0.0,0,0.0
17,48,3822.9442394227617,168.0,48.0,327.36,0,0,1,216.0,0.7777777777777778,0.0,0,0.0
18,48,3281.4294321621683,139.18533807163175,76.81466192836825,328.56000000000006,0,0,0,216.0,0.6443765651464433,4.814661928368237,1,0.0
19,48,4696.533264,144.0,72.0,329.76,0,0,0,216.0,0.6666666666666666,0.0,0,0.0
20,48,3331.991269,168.0,48.0,381.08,0,0,0,216.0,0.7777777777777778,0.0,0,0.0
21,48,2820.1794746445553,139.57940462901908,76.42059537098092,324.72,0,0,0,216.0,0.6462009473565699,4.4205953709809105,1,1.8
22,48,2159.01476898249,139.66244619657573,76.33755380342427,324.48,0,0,0,216.0,0.646585399058221,4.337553803424264,2,1.8
23,48,2409.0634592211,93.23458949554356,122.76541050445644,218.0,0,0,2,216.0,0.4316416180349239,2.7654105044564314,1,0.0
24,48,3000.830151,96.0,120.0,218.0,0,0,0,216.0,0.4444444444444444,0.0,0,0.0
25,48,2480.6172709258008,92.15977218368974,123.84022781631026,217.28000000000003,0,0,0,216.0,0.4266656119615266,3.8402278163102563,1,0.0
26,48,2070.4387229355693,90.40251257091924,125.59748742908076,217.28,0,0,0,216.0,0.4185301507912928,5.597487429080765,1,0.0
27,48,2783.577802,120.0,96.0,270.52000000000004,0,0,0,216.0,0.5555555555555556,0.0,0,0.0
28,48,2617.772447,96.0,120.0,215.35999999999999,0,0,0,216.0,0.4444444444444444,0.0,0,0.0
29,48,2632.8201336975476,120.0,96.0,270.76,0,0,0,216.0,0.5555555555555556,0.0,0,0.0
30,48,2321.238319,96.0,120.0,218.72000000000003,0,0,0,216.0,0.4444444444444444,0.0,0,0.0
31,48,1518.8955113401132,91.00174843312544,124.99825156687456,216.07999999999998,0,0,1,216.0,0.42130439089409927,4.998251566874564,1,1.2
32,48,2810.336478867668,140.0868069593315,75.91319304066849,323.28,0,0,2,216.0,0.6485500322191273,3.9131930406684976,1,0.0
33,48,2381.381350693302,108.92661916139633,107.07338083860367,269.56,0,0,0,216.0,0.504289903524983,11.073380838603665,2,0.0
34,48,1533.2366953555565,96.0,120.0,218.0,0,0,0,216.0,0.4444444444444444,0.0,0,0.0
35,48,650.0515579999995,72.0,144.0,162.12,0,0,1,216.0,0.3333333333333333,0.0,0,0.0
36,48,1104.0731496813087,120.0,96.0,272.68,0,0,2,216.0,0.5555555555555556,0.0,0,0.0
37,48,1475.1749313866758,96.0,120.0,216.07999999999998,0,0,3,216.0,0.4444444444444444,0.0,0,0.0
38,48,1960.984371106031,120.0,96.0,272.92,0,0,1,216.0,0.5555555555555556,0.0,0,0.0
39,48,1950.3749292322548,92.59971464261812,123.40028535738188,215.84,0,0,1,216.0,0.42870238260471355,3.4002853573818768,1,0.0
40,48,2049.050263844555,96.0,120.0,215.6,0,0,1,216.0,0.4444444444444444,0.0,0,0.0
41,48,1607.6695817,120.0,96.0,268.36,0,0,0,216.0,0.5555555555555556,0.0,0,1.5
42,48,1149.3062240711565,120.0,96.0,267.64,0,0,1,216.0,0.5555555555555556,0.0,0,0.0
1,49,2340.893841,48.0,168.0,0.0,0,0,0,216.0,0.2222222222222222,0.0,0,0.0
2,49,2818.373730757305,72.0,144.0,107.44,0,0,0,216.0,0.3333333333333333,0.0,0,0.0
3,49,4000.7108209999997,120.0,96.0,160.92000000000002,0,0,0,216.0,0.5555555555555556,0.0,0,0.0
4,49,4125.746719745518,117.47105620142048,98.52894379857952,160.68,0,0,0,216.0,0.5438474824139837,2.5289437985795136,1,0.0
5,49,3564.8867950000003,96.0,120.0,217.28,0,0,0,216.0,0.4444444444444444,0.0,0,0.0
6,49,3058.368370757305,96.0,120.0,159.96,0,0,1,216.0,0.4444444444444444,0.0,0,0.0
7,49,4870.889659038802,144.0,72.0,327.12,0,0,0,216.0,0.6666666666666666,0.0,0,0.0
8,49,3224.906236051059,168.0,48.0,325.44000000000005,0,0,0,216.0,0.7777777777777778,0.0,0,2.1
9,49,3543.0442045,139.70182910685313,76.29817089314687,272.92,0,0,2,216.0,0.6467677273465422,4.298170893146881,1,0.0
10,49,3997.6489184118823,138.95535013388223,77.04464986611777,269.8,0,0,0,216.0,0.6433118061753808,5.044649866117773,1,0.0
11,49,4711.305759,120.0,96.0,216.56,0,0,0,216.0,0.5555555555555556,0.0,0,0.0
12,49,3988.543912999999,168.0,48.0,272.67999999999995,0,0,0,216.0,0.7777777777777778,0.0,0,0.0
13,49,4721.340748423369,163.28844312212007,52.71155687787993,378.68,0,0,0,216.0,0.7559650144542596,4.711556877879927,1,0.0
14,49,4229.9224746728805,144.0,72.0,325.44,0,0,0,216.0,0.6666666666666666,0.0,0,0.0
15,49,4482.899967933181,164.02678282414874,51.97321717585126,326.4,0,0,2,216.0,0.7593832538155034,3.9732171758512584,1,0.0
16,49,4992.577284230186,168.0,48.0,381.32,0,0,3,216.0,0.7777777777777778,0.0,0,0.0
17,49,2755.2470500236705,158.57096979305652,57.42903020694348,327.36,0,0,0,216.0,0.7341248601530395,9.429030206943494,2,2.1
18,49,2982.418963805066,144.0,72.0,328.56000000000006,0,0,1,216.0,0.6666666666666666,0.0,0,0.0
19,49,4485.677062805066,144.0,72.0,329.76,0,0,1,216.0,0.6666666666666666,0.0,0,0.0
20,49,3302.3730968413665,168.0,48.0,381.08,0,0,0,216.0,0.7777777777777778,0.0,0,0.0
21,49,4096.039002,144.0,72.0,324.72,0,0,0,216.0,0.6666666666666666,0.0,0,0.0
22,49,2729.91078261769,144.0,72.0,324.48,0,0,1,216.0,0.6666666666666666,0.0,0,0.0
23,49,3192.606659,96.0,120.0,218.0,0,0,1,216.0,0.4444444444444444,0.0,0,0.0
24,49,3000.830151,96.0,120.0,218.0,0,0,0,216.0,0.4444444444444444,0.0,0,0.0
25,49,2605.1213239999997,96.0,120.0,217.28000000000003,0,0,0,216.0,0.4444444444444444,0.0,0,0.0
26,49,2543.324828,96.0,120.0,217.28,0,0,1,216.0,0.4444444444444444,0.0,0,0.0
27,49,2783.577802,120.0,96.0,270.52000000000004,0,0,0,216.0,0.5555555555555556,0.0,0,0.0
28,49,2617.772447,96.0,120.0,215.35999999999999,0,0,0,216.0,0.4444444444444444,0.0,0,0.0
29,49,2781.560019,120.0,96.0,270.76,0,0,0,216.0,0.5555555555555556,0.0,0,0.0
30,49,2321.238319,96.0,120.0,218.72000000000003,0,0,0,216.0,0.4444444444444444,0.0,0,0.0
31,49,2406.269528393021,96.0,120.0,216.07999999999998,0,0,1,216.0,0.4444444444444444,0.0,0,0.0
32,49,3098.5615805431144,144.0,72.0,323.28,0,0,1,216.0,0.6666666666666666,0.0,0,0.0
33,49,3074.803196543114,120.0,96.0,269.56,0,0,1,216.0,0.5555555555555556,0.0,0,0.0
34,49,1623.1000046000001,96.0,120.0,218.0,0,0,1,216.0,0.4444444444444444,0.0,0,0.0
35,49,1183.8179815999988,72.0,144.0,162.12,0,0,1,216.0,0.3333333333333333,0.0,0,0.0
36,49,1815.97548404227,110.30360516537205,105.69639483462795,272.68,0,0,0,216.0,0.5106648387285743,9.696394834627947,2,0.0
37,49,2020.0976430422709,96.0,120.0,216.07999999999998,0,0,2,216.0,0.4444444444444444,0.0,0,0.0
38,49,2002.1303883999994,115.24274522984064,100.75725477015936,272.92,0,0,3,216.0,0.5335312279159289,4.757254770159372,1,0.0
39,49,2088.906035566338,93.067856409055,122.932143590945,215.84,0,0,0,216.0,0.43086970559747684,2.932143590945011,1,0.0
40,49,2123.1494825663376,96.0,120.0,215.6,0,0,1,216.0,0.4444444444444444,0.0,0,0.0
41,49,2214.2526915663375,120.0,96.0,268.36,0,0,1,216.0,0.5555555555555556,0.0,0,0.0
42,49,1586.6129185139262,118.25172955905022,97.74827044094978,267.64,0,0,1,216.0,0.5474617109215288,1.7482704409497831,1,0.0
