{
  "samples": 50,
  "total_production": 6009826.002563839,
  "total_hours": 243072.0,
  "mobilisation_cost": 504474.4,
  "average_utilisation": 0.5358730158730158
}
