{
  "samples": 50,
  "total_production": 11018.924921114172,
  "total_hours": 117480.0,
  "mobilisation_cost": 93350.0,
  "average_utilisation": 0.3542281746031746
}
