{
  "samples": 50,
  "total_production": 13133.201717231404,
  "total_hours": 139176.0,
  "mobilisation_cost": 136900.0,
  "average_utilisation": 0.4219570105820105
}