day,shift_id,machine_id,machine_role,sample_id,production_units,total_hours,idle_hours,mobilisation_cost,sequencing_violations,blackout_conflicts,available_hours,utilisation_ratio,downtime_hours,downtime_events,weather_severity_total
1,S1,H1,feller_buncher,0,1176.844281,24.0,0.0,0.0,0,0,24.0,1.0,0.0,0,0.0
1,S1,H2,feller_buncher,0,1299.478592,24.0,0.0,0.0,0,0,24.0,1.0,0.0,0,0.0
2,S1,H1,feller_buncher,0,1164.04956,24.0,0.0,54.2,0,0,24.0,1.0,0.0,0,0.0
2,S1,H2,feller_buncher,0,1299.478592,24.0,0.0,0.0,0,0,24.0,1.0,0.0,0,0.0
2,S1,H3,grapple_skidder,0,1164.728216,24.0,0.0,0.0,0,0,24.0,1.0,0.0,0,0.0
3,S1,H1,feller_buncher,0,622.1577432,24.0,0.0,53.24,0,0,24.0,1.0,0.0,0,0.3
3,S1,H2,feller_buncher,0,909.6350143999999,24.0,0.0,0.0,0,0,24.0,1.0,0.0,0,0.3
3,S1,H3,grapple_skidder,0,544.6729182999999,24.0,0.0,54.2,0,0,24.0,1.0,0.0,0,0.3
3,S1,H4,processor,0,362.0159494,24.0,0.0,0.0,0,0,24.0,1.0,0.0,0,0.3
3,S1,H5,processor,0,362.0159494,24.0,0.0,0.0,0,0,24.0,1.0,0.0,0,0.3
4,S1,H1,feller_buncher,0,961.553907,24.0,0.0,53.24,0,0,24.0,1.0,0.0,0,0.0
4,S1,H2,feller_buncher,0,1299.478592,24.0,0.0,0.0,0,0,24.0,1.0,0.0,0,0.0
4,S1,H3,grapple_skidder,0,622.1577432,24.0,0.0,53.24,1,0,24.0,1.0,0.0,0,0.0
4,S1,H4,processor,0,469.046841,24.0,0.0,54.2,0,0,24.0,1.0,0.0,0,0.0
4,S1,H7,loader,0,687.364703,24.0,0.0,0.0,0,0,24.0,1.0,0.0,0,0.0
5,S1,H1,feller_buncher,0,356.0085949999998,24.0,0.0,53.24,0,0,24.0,1.0,0.0,0,0.0
5,S1,H2,feller_buncher,0,646.0546744643709,24.0,0.0,55.64,0,0,24.0,1.0,0.0,0,0.0
5,S1,H3,grapple_skidder,0,739.620424,24.0,0.0,53.24,0,0,24.0,1.0,0.0,0,0.0
5,S1,H4,processor,0,409.650504,24.0,0.0,53.24,0,0,24.0,1.0,0.0,0,0.0
6,S1,H1,feller_buncher,0,1220.906942,24.0,0.0,55.4,0,0,24.0,1.0,0.0,0,0.0
6,S1,H2,feller_buncher,0,1164.04956,24.0,0.0,54.92,0,0,24.0,1.0,0.0,0,0.0
6,S1,H3,grapple_skidder,0,678.968019,24.0,0.0,53.24,0,0,24.0,1.0,0.0,0,0.0
6,S1,H4,processor,0,353.2067389256939,24.0,0.0,53.24,0,0,24.0,1.0,0.0,0,0.0
7,S1,H1,feller_buncher,0,1176.844281,24.0,0.0,53.48,0,0,24.0,1.0,0.0,0,0.0
7,S1,H2,feller_buncher,0,1220.906942,24.0,0.0,54.68,0,0,24.0,1.0,0.0,0,0.0
7,S1,H3,grapple_skidder,0,629.3263960832161,19.411068733134094,4.588931266865906,53.72,0,0,24.0,0.8087945305472539,4.588931266865907,1,0.0
7,S1,H4,processor,0,547.23705,24.0,0.0,53.24,0,0,24.0,1.0,0.0,0,0.0
7,S1,H7,loader,0,353.2067389256939,24.0,0.0,54.68,1,0,24.0,1.0,0.0,0,0.0
8,S1,H1,feller_buncher,0,674.603847,24.0,0.0,53.24,0,0,24.0,1.0,0.0,0,0.0
8,S1,H2,feller_buncher,0,1220.906942,24.0,0.0,0.0,0,0,24.0,1.0,0.0,0,0.0
8,S1,H3,grapple_skidder,0,678.968019,24.0,0.0,53.72,0,0,24.0,1.0,0.0,0,0.0
8,S1,H4,processor,0,469.046841,24.0,0.0,53.72,0,0,24.0,1.0,0.0,0,0.0
8,S1,H5,processor,0,235.90563238321602,24.0,0.0,54.2,1,0,24.0,1.0,0.0,0,0.0
8,S1,H7,loader,0,485.857474,24.0,0.0,53.24,0,0,24.0,1.0,0.0,0,0.0
9,S1,H1,feller_buncher,0,1194.708925,24.0,0.0,53.96,0,0,24.0,1.0,0.0,0,0.0
9,S1,H2,feller_buncher,0,961.553907,24.0,0.0,55.16,0,0,24.0,1.0,0.0,0,0.0
9,S1,H3,grapple_skidder,0,1332.369187,24.0,0.0,55.4,0,0,24.0,1.0,0.0,0,0.0
9,S1,H4,processor,0,547.23705,24.0,0.0,53.72,0,0,24.0,1.0,0.0,0,0.0
9,S1,H7,loader,0,474.741639,24.0,0.0,53.72,0,0,24.0,1.0,0.0,0,0.0
9,S1,H8,loader,0,474.741639,24.0,0.0,0.0,0,0,24.0,1.0,0.0,0,0.0
10,S1,H1,feller_buncher,0,961.553907,24.0,0.0,55.4,0,0,24.0,1.0,0.0,0,0.0
10,S1,H2,feller_buncher,0,860.013242,24.0,0.0,53.72,0,0,24.0,1.0,0.0,0,0.0
10,S1,H3,grapple_skidder,0,1480.641393,24.0,0.0,53.24,0,0,24.0,1.0,0.0,0,0.0
10,S1,H4,processor,0,531.895933,24.0,0.0,55.4,0,0,24.0,1.0,0.0,0,0.0
10,S1,H5,processor,0,531.895933,24.0,0.0,54.68,0,0,24.0,1.0,0.0,0,0.0
10,S1,H7,loader,0,416.80857147740323,20.589177383854913,3.4108226161450865,53.72,0,0,24.0,0.8578823909939547,3.410822616145085,1,0.0
11,S1,H1,feller_buncher,0,860.013242,24.0,0.0,53.72,0,0,24.0,1.0,0.0,0,0.0
11,S1,H2,feller_buncher,0,1220.906942,24.0,0.0,54.44,0,0,24.0,1.0,0.0,0,0.0
11,S1,H3,grapple_skidder,0,1164.728216,24.0,0.0,53.72,0,0,24.0,1.0,0.0,0,0.0
11,S1,H4,processor,0,569.826226,24.0,0.0,53.24,0,0,24.0,1.0,0.0,0,0.0
11,S1,H5,processor,0,492.0056349623428,20.722344287284923,3.2776557127150774,53.24,0,0,24.0,0.8634310119702051,3.277655712715076,1,0.0
11,S1,H7,loader,0,802.411354,24.0,0.0,55.4,0,0,24.0,1.0,0.0,0,0.0
12,S1,H1,feller_buncher,0,1013.0077249999999,24.0,0.0,54.44,0,0,24.0,1.0,0.0,0,0.0
12,S1,H2,feller_buncher,0,888.796776,24.0,0.0,54.92,0,0,24.0,1.0,0.0,0,0.0
12,S1,H3,grapple_skidder,0,678.968019,24.0,0.0,54.92,0,0,24.0,1.0,0.0,0,0.0
12,S1,H4,processor,0,517.165642,24.0,0.0,53.72,0,0,24.0,1.0,0.0,0,0.0
12,S1,H5,processor,0,517.165642,24.0,0.0,53.72,0,0,24.0,1.0,0.0,0,0.0
12,S1,H7,loader,0,937.184825,24.0,0.0,53.24,0,0,24.0,1.0,0.0,0,0.0
13,S1,H1,feller_buncher,0,413.7565330000002,24.0,0.0,55.16,0,0,24.0,1.0,0.0,0,0.0
13,S1,H2,feller_buncher,0,680.207863,24.0,0.0,53.96,0,0,24.0,1.0,0.0,0,0.0
13,S1,H3,grapple_skidder,0,1332.369187,24.0,0.0,55.4,0,0,24.0,1.0,0.0,0,0.0
13,S1,H4,processor,0,547.23705,24.0,0.0,54.92,0,0,24.0,1.0,0.0,0,0.0
13,S1,H7,loader,0,514.1584768539184,17.95233795194462,6.047662048055379,53.72,0,0,24.0,0.7480140813310259,6.047662048055379,1,0.0
13,S1,H8,loader,0,556.8400029460817,24.0,0.0,54.2,1,0,24.0,1.0,0.0,0,0.0
14,S1,H1,feller_buncher,0,1164.04956,24.0,0.0,53.48,0,0,24.0,1.0,0.0,0,0.0
14,S1,H2,feller_buncher,0,1176.844281,24.0,0.0,53.48,0,0,24.0,1.0,0.0,0,0.0
14,S1,H3,grapple_skidder,0,678.968019,24.0,0.0,55.4,0,0,24.0,1.0,0.0,0,0.0
14,S1,H4,processor,0,531.895933,24.0,0.0,55.4,0,0,24.0,1.0,0.0,0,0.0
14,S1,H5,processor,0,531.895933,24.0,0.0,53.48,0,0,24.0,1.0,0.0,0,0.0
14,S1,H6,processor,0,531.895933,24.0,0.0,0.0,0,0,24.0,1.0,0.0,0,0.0
14,S1,H7,loader,0,485.857474,24.0,0.0,54.92,0,0,24.0,1.0,0.0,0,0.0
15,S1,H1,feller_buncher,0,787.363583,24.0,0.0,54.44,0,0,24.0,1.0,0.0,0,0.0
15,S1,H2,feller_buncher,0,1176.844281,24.0,0.0,0.0,0,0,24.0,1.0,0.0,0,0.0
15,S1,H3,grapple_skidder,0,739.620424,24.0,0.0,53.24,0,0,24.0,1.0,0.0,0,0.0
15,S1,H4,processor,0,547.23705,24.0,0.0,55.4,0,0,24.0,1.0,0.0,0,0.0
15,S1,H7,loader,0,384.22646579310947,24.0,0.0,55.4,0,0,24.0,1.0,0.0,0,0.0
15,S1,H8,loader,0,317.1066678151283,19.80748518156753,4.192514818432471,53.48,0,0,24.0,0.8253118825653137,4.192514818432469,1,0.0
16,S1,H1,feller_buncher,0,1194.708925,24.0,0.0,53.48,0,0,24.0,1.0,0.0,0,0.0
16,S1,H2,feller_buncher,0,111.30773800000088,24.0,0.0,0.0,0,0,24.0,1.0,0.0,0,0.0
16,S1,H3,grapple_skidder,0,674.603847,24.0,0.0,54.44,0,0,24.0,1.0,0.0,0,0.0
16,S1,H4,processor,0,481.329283,24.0,0.0,53.24,0,0,24.0,1.0,0.0,0,0.0
16,S1,H5,processor,0,481.329283,24.0,0.0,55.16,0,0,24.0,1.0,0.0,0,0.0
16,S1,H7,loader,0,485.857474,24.0,0.0,55.4,0,0,24.0,1.0,0.0,0,0.0
17,S1,H1,feller_buncher,0,1194.708925,24.0,0.0,0.0,0,0,24.0,1.0,0.0,0,0.0
17,S1,H2,feller_buncher,0,1164.04956,24.0,0.0,54.2,0,0,24.0,1.0,0.0,0,0.0
17,S1,H3,grapple_skidder,0,1164.728216,24.0,0.0,53.24,0,0,24.0,1.0,0.0,0,0.0
17,S1,H4,processor,0,456.082335,24.0,0.0,54.44,0,0,24.0,1.0,0.0,0,0.0
17,S1,H5,processor,0,218.52151199999997,24.0,0.0,54.44,0,0,24.0,1.0,0.0,0,0.0
17,S1,H7,loader,0,451.958924,24.0,0.0,53.24,0,0,24.0,1.0,0.0,0,0.0
17,S1,H8,loader,0,451.958924,24.0,0.0,55.16,0,0,24.0,1.0,0.0,0,0.0
18,S1,H1,feller_buncher,0,140.55055100000027,24.0,0.0,0.0,0,0,24.0,1.0,0.0,0,0.0
18,S1,H2,feller_buncher,0,1164.04956,24.0,0.0,0.0,0,0,24.0,1.0,0.0,0,0.0
18,S1,H3,grapple_skidder,0,739.620424,24.0,0.0,54.68,0,0,24.0,1.0,0.0,0,0.0
18,S1,H4,processor,0,517.165642,24.0,0.0,53.24,0,0,24.0,1.0,0.0,0,0.0
18,S1,H5,processor,0,404.2638515382527,18.76058973948247,5.239410260517531,53.24,0,0,24.0,0.7816912391451029,5.239410260517532,1,0.0
18,S1,H7,loader,0,674.603847,24.0,0.0,54.44,0,0,24.0,1.0,0.0,0,0.0
19,S1,H1,feller_buncher,0,502.7667789999996,24.0,0.0,54.92,0,0,24.0,1.0,0.0,0,0.0
19,S1,H2,feller_buncher,0,256.1621419999998,24.0,0.0,53.24,0,0,24.0,1.0,0.0,0,0.0
19,S1,H3,grapple_skidder,0,1164.728216,24.0,0.0,54.68,0,0,24.0,1.0,0.0,0,0.0
19,S1,H4,processor,0,481.329283,24.0,0.0,54.68,0,0,24.0,1.0,0.0,0,0.0
19,S1,H7,loader,0,687.364703,24.0,0.0,53.24,0,0,24.0,1.0,0.0,0,0.0
20,S1,H1,feller_buncher,0,59.00278800000001,24.0,0.0,53.24,0,0,24.0,1.0,0.0,0,0.0
20,S1,H2,feller_buncher,0,486.3476200000001,24.0,0.0,54.68,0,0,24.0,1.0,0.0,0,0.0
20,S1,H3,grapple_skidder,0,678.968019,24.0,0.0,54.92,0,0,24.0,1.0,0.0,0,0.0
20,S1,H4,processor,0,517.165642,24.0,0.0,54.68,0,0,24.0,1.0,0.0,0,0.0
20,S1,H5,processor,0,517.165642,24.0,0.0,0.0,0,0,24.0,1.0,0.0,0,0.0
20,S1,H6,processor,0,517.165642,24.0,0.0,53.48,0,0,24.0,1.0,0.0,0,0.0
20,S1,H7,loader,0,451.958924,24.0,0.0,54.68,0,0,24.0,1.0,0.0,0,0.0
21,S1,H1,feller_buncher,0,576.960683,24.0,0.0,53.24,0,0,24.0,1.0,0.0,0,0.0
21,S1,H2,feller_buncher,0,364.89843800000006,24.0,0.0,53.72,0,0,24.0,1.0,0.0,0,0.0
21,S1,H3,grapple_skidder,0,1273.711203,24.0,0.0,55.16,0,0,24.0,1.0,0.0,0,0.0
21,S1,H4,processor,0,547.23705,24.0,0.0,54.92,0,0,24.0,1.0,0.0,0,0.0
21,S1,H5,processor,0,547.23705,24.0,0.0,54.92,0,0,24.0,1.0,0.0,0,0.0
21,S1,H7,loader,0,687.364703,24.0,0.0,54.68,0,0,24.0,1.0,0.0,0,0.0
21,S1,H8,loader,0,687.364703,24.0,0.0,54.68,0,0,24.0,1.0,0.0,0,0.0
22,S1,H3,grapple_skidder,0,778.104169,24.0,0.0,54.44,0,0,24.0,1.0,0.0,0,0.0
22,S1,H4,processor,0,441.264891,24.0,0.0,55.16,0,0,24.0,1.0,0.0,0,0.0
22,S1,H5,processor,0,441.264891,24.0,0.0,55.16,0,0,24.0,1.0,0.0,0,0.0
22,S1,H6,processor,0,391.18142100000006,24.0,0.0,53.24,0,0,24.0,1.0,0.0,0,0.0
22,S1,H7,loader,0,485.857474,24.0,0.0,54.92,0,0,24.0,1.0,0.0,0,0.0
22,S1,H8,loader,0,485.857474,24.0,0.0,54.92,0,0,24.0,1.0,0.0,0,0.0
23,S1,H3,grapple_skidder,0,440.53965269731094,24.0,0.0,53.72,0,0,24.0,1.0,0.0,0,0.0
23,S1,H4,processor,0,469.046841,24.0,0.0,54.44,0,0,24.0,1.0,0.0,0,0.0
23,S1,H7,loader,0,733.483855,24.0,0.0,55.16,0,0,24.0,1.0,0.0,0,0.0
23,S1,H8,loader,0,540.2273480000001,24.0,0.0,55.16,0,0,24.0,1.0,0.0,0,0.0
24,S1,H3,grapple_skidder,0,1036.4489751,24.0,0.0,55.64,0,0,24.0,1.0,0.0,0,0.3
24,S1,H4,processor,0,383.06593499999997,24.0,0.0,53.72,0,0,24.0,1.0,0.0,0,0.3
24,S1,H7,loader,0,332.3191473,24.0,0.0,54.44,0,0,24.0,1.0,0.0,0,0.3
25,S1,H3,grapple_skidder,0,1332.369187,24.0,0.0,53.24,0,0,24.0,1.0,0.0,0,0.0
25,S1,H4,processor,0,569.826226,24.0,0.0,55.64,0,0,24.0,1.0,0.0,0,0.0
25,S1,H5,processor,0,472.2254574647818,19.889240722933597,4.110759277066403,53.48,0,0,24.0,0.8287183634555665,4.110759277066403,1,0.0
25,S1,H6,processor,0,413.20682367287566,24.0,0.0,53.48,1,0,24.0,1.0,0.0,0,0.0
25,S1,H7,loader,0,382.60380436270424,18.899557578288693,5.100442421711307,53.72,0,0,24.0,0.7874815657620289,5.100442421711307,1,0.0
26,S1,H3,grapple_skidder,0,678.968019,24.0,0.0,55.4,0,0,24.0,1.0,0.0,0,0.0
26,S1,H4,processor,0,531.895933,24.0,0.0,53.24,0,0,24.0,1.0,0.0,0,0.0
26,S1,H5,processor,0,531.895933,24.0,0.0,53.24,0,0,24.0,1.0,0.0,0,0.0
26,S1,H7,loader,0,937.184825,24.0,0.0,55.64,0,0,24.0,1.0,0.0,0,0.0
26,S1,H8,loader,0,642.7207181000003,24.0,0.0,53.48,1,0,24.0,1.0,0.0,0,0.0
27,S1,H3,grapple_skidder,0,739.620424,24.0,0.0,53.24,0,0,24.0,1.0,0.0,0,0.0
27,S1,H4,processor,0,547.23705,24.0,0.0,55.4,0,0,24.0,1.0,0.0,0,0.0
27,S1,H7,loader,0,618.8203239300999,18.508820569757788,5.491179430242212,53.24,0,0,24.0,0.7712008570732412,5.491179430242212,1,0.0
28,S1,H3,grapple_skidder,0,1285.700443372316,20.840164800752387,3.1598351992476132,55.4,0,0,24.0,0.8683402000313495,3.159835199247613,1,0.0
28,S1,H4,processor,0,357.47237286587404,24.0,0.0,53.24,0,0,24.0,1.0,0.0,0,0.0
28,S1,H5,processor,0,357.47237286587404,24.0,0.0,55.16,0,0,24.0,1.0,0.0,0,0.0
28,S1,H7,loader,0,485.857474,24.0,0.0,55.4,0,0,24.0,1.0,0.0,0,0.0
28,S1,H8,loader,0,485.857474,24.0,0.0,55.64,0,0,24.0,1.0,0.0,0,0.0
29,S1,H3,grapple_skidder,0,544.6729182999999,24.0,0.0,54.92,0,0,24.0,1.0,0.0,0,0.3
29,S1,H4,processor,0,398.8783582,24.0,0.0,55.4,0,0,24.0,1.0,0.0,0,0.3
29,S1,H5,processor,0,398.8783582,24.0,0.0,55.4,0,0,24.0,1.0,0.0,0,0.3
29,S1,H7,loader,0,316.3712468,24.0,0.0,53.24,0,0,24.0,1.0,0.0,0,0.3
29,S1,H8,loader,0,316.3712468,24.0,0.0,53.24,0,0,24.0,1.0,0.0,0,0.3
30,S1,H3,grapple_skidder,0,649.731618702688,24.0,0.0,53.72,1,0,24.0,1.0,0.0,0,0.0
30,S1,H4,processor,0,469.046841,24.0,0.0,54.92,0,0,24.0,1.0,0.0,0,0.0
30,S1,H5,processor,0,384.6834052999999,24.0,0.0,54.92,1,0,24.0,1.0,0.0,0,0.0
30,S1,H7,loader,0,797.7567164,24.0,0.0,55.4,1,0,24.0,1.0,0.0,0,0.0
31,S1,H3,grapple_skidder,0,923.199854,24.0,0.0,53.96,0,0,24.0,1.0,0.0,0,0.0
31,S1,H4,processor,0,547.23705,24.0,0.0,53.72,0,0,24.0,1.0,0.0,0,0.0
31,S1,H7,loader,0,474.741639,24.0,0.0,54.92,0,0,24.0,1.0,0.0,0,0.0
31,S1,H8,loader,0,474.741639,24.0,0.0,53.48,0,0,24.0,1.0,0.0,0,0.0
32,S1,H3,grapple_skidder,0,778.104169,24.0,0.0,53.24,0,0,24.0,1.0,0.0,0,0.0
32,S1,H4,processor,0,395.784917,24.0,0.0,53.96,0,0,24.0,1.0,0.0,0,0.0
32,S1,H5,processor,0,395.784917,24.0,0.0,53.24,0,0,24.0,1.0,0.0,0,0.0
32,S1,H7,loader,0,485.857474,24.0,0.0,53.72,0,0,24.0,1.0,0.0,0,0.0
33,S1,H3,grapple_skidder,0,339.9365580000001,24.0,0.0,53.48,0,0,24.0,1.0,0.0,0,0.0
33,S1,H4,processor,0,469.046841,24.0,0.0,53.24,0,0,24.0,1.0,0.0,0,0.0
33,S1,H5,processor,0,309.057328,24.0,0.0,53.24,1,0,24.0,1.0,0.0,0,0.0
33,S1,H7,loader,0,456.725789,24.0,0.0,53.96,0,0,24.0,1.0,0.0,0,0.0
34,S1,H3,grapple_skidder,0,0.0,24.0,0.0,53.24,1,0,24.0,1.0,0.0,0,0.0
34,S1,H4,processor,0,410.4425559999998,24.0,0.0,53.48,0,0,24.0,1.0,0.0,0,0.0
34,S1,H7,loader,0,474.741639,24.0,0.0,53.24,0,0,24.0,1.0,0.0,0,0.0
34,S1,H8,loader,0,474.741639,24.0,0.0,0.0,0,0,24.0,1.0,0.0,0,0.0
35,S1,H3,grapple_skidder,0,809.624168,24.0,0.0,53.48,0,0,24.0,1.0,0.0,0,0.0
35,S1,H4,processor,0,403.11705039999936,24.0,0.0,53.24,1,0,24.0,1.0,0.0,0,0.0
35,S1,H5,processor,0,0.0,24.0,0.0,53.72,1,0,24.0,1.0,0.0,0,0.0
35,S1,H7,loader,0,451.958924,24.0,0.0,53.48,0,0,24.0,1.0,0.0,0,0.0
35,S1,H8,loader,0,128.7969611317476,24.0,0.0,53.48,1,0,24.0,1.0,0.0,0,0.0
36,S1,H3,grapple_skidder,0,778.104169,24.0,0.0,53.24,0,0,24.0,1.0,0.0,0,0.0
36,S1,H4,processor,0,409.650504,24.0,0.0,53.48,0,0,24.0,1.0,0.0,0,0.0
36,S1,H5,processor,0,409.650504,24.0,0.0,53.48,0,0,24.0,1.0,0.0,0,0.0
36,S1,H7,loader,0,477.80721755989134,24.0,0.0,53.24,1,0,24.0,1.0,0.0,0,0.0
36,S1,H8,loader,0,0.0,24.0,0.0,53.24,1,0,24.0,1.0,0.0,0,0.0
37,S1,H3,grapple_skidder,0,1332.369187,24.0,0.0,54.68,0,0,24.0,1.0,0.0,0,0.0
37,S1,H4,processor,0,469.046841,24.0,0.0,53.24,0,0,24.0,1.0,0.0,0,0.0
37,S1,H7,loader,0,424.433991,24.0,0.0,53.48,0,0,24.0,1.0,0.0,0,0.0
37,S1,H8,loader,0,424.433991,24.0,0.0,53.48,0,0,24.0,1.0,0.0,0,0.0
38,S1,H3,grapple_skidder,0,477.4620719999998,24.0,0.0,53.24,0,0,24.0,1.0,0.0,0,0.0
38,S1,H4,processor,0,531.895933,24.0,0.0,54.68,0,0,24.0,1.0,0.0,0,0.0
38,S1,H5,processor,0,531.895933,24.0,0.0,54.92,0,0,24.0,1.0,0.0,0,0.0
38,S1,H6,processor,0,531.895933,24.0,0.0,53.24,0,0,24.0,1.0,0.0,0,0.0
38,S1,H7,loader,0,474.741639,24.0,0.0,53.24,0,0,24.0,1.0,0.0,0,0.0
39,S1,H3,grapple_skidder,0,159.77199800000017,24.0,0.0,53.72,0,0,24.0,1.0,0.0,0,0.0
39,S1,H4,processor,0,569.826226,24.0,0.0,53.24,0,0,24.0,1.0,0.0,0,0.0
39,S1,H5,processor,0,360.77644299999906,24.0,0.0,53.24,0,0,24.0,1.0,0.0,0,0.0
39,S1,H7,loader,0,802.411354,24.0,0.0,54.68,0,0,24.0,1.0,0.0,0,0.0
39,S1,H8,loader,0,802.411354,24.0,0.0,54.92,0,0,24.0,1.0,0.0,0,0.0
40,S1,H3,grapple_skidder,0,567.1587449999993,24.0,0.0,53.48,0,0,24.0,1.0,0.0,0,0.0
40,S1,H4,processor,0,164.19408399999952,24.0,0.0,53.72,0,0,24.0,1.0,0.0,0,0.0
40,S1,H7,loader,0,930.6026689999991,24.0,0.0,53.24,1,0,24.0,1.0,0.0,0,0.0
40,S1,H8,loader,0,0.0,24.0,0.0,53.24,1,0,24.0,1.0,0.0,0,0.0
41,S1,H3,grapple_skidder,0,576.960683,24.0,0.0,54.2,0,0,24.0,1.0,0.0,0,0.0
41,S1,H4,processor,0,531.895933,24.0,0.0,53.48,0,0,24.0,1.0,0.0,0,0.0
41,S1,H5,processor,0,45.780229999999165,24.0,0.0,53.24,0,0,24.0,1.0,0.0,0,0.0
41,S1,H7,loader,0,575.0263945382526,24.0,0.0,53.72,1,0,24.0,1.0,0.0,0,0.0
41,S1,H8,loader,0,0.0,24.0,0.0,53.72,1,0,24.0,1.0,0.0,0,0.0
42,S1,H3,grapple_skidder,0,1045.106301,24.0,0.0,53.24,0,0,24.0,1.0,0.0,0,0.0
42,S1,H4,processor,0,428.751305,24.0,0.0,54.2,0,0,24.0,1.0,0.0,0,0.0
42,S1,H5,processor,0,148.20937800000002,24.0,0.0,54.2,0,0,24.0,1.0,0.0,0,0.0
42,S1,H7,loader,0,802.411354,24.0,0.0,53.48,0,0,24.0,1.0,0.0,0,0.0
42,S1,H8,loader,0,279.7560149999998,24.0,0.0,53.48,0,0,24.0,1.0,0.0,0,0.0
1,S1,H1,feller_buncher,1,1176.844281,24.0,0.0,0.0,0,0,24.0,1.0,0.0,0,0.0
1,S1,H2,feller_buncher,1,1299.478592,24.0,0.0,0.0,0,0,24.0,1.0,0.0,0,0.0
2,S1,H1,feller_buncher,1,1164.04956,24.0,0.0,54.2,0,0,24.0,1.0,0.0,0,0.0
2,S1,H2,feller_buncher,1,1299.478592,24.0,0.0,0.0,0,0,24.0,1.0,0.0,0,0.0
2,S1,H3,grapple_skidder,1,1164.728216,24.0,0.0,0.0,0,0,24.0,1.0,0.0,0,0.0
3,S1,H1,feller_buncher,1,888.796776,24.0,0.0,53.24,0,0,24.0,1.0,0.0,0,0.0
3,S1,H2,feller_buncher,1,1299.478592,24.0,0.0,0.0,0,0,24.0,1.0,0.0,0,0.0
3,S1,H3,grapple_skidder,1,778.104169,24.0,0.0,54.2,0,0,24.0,1.0,0.0,0,0.0
3,S1,H4,processor,1,517.165642,24.0,0.0,0.0,0,0,24.0,1.0,0.0,0,0.0
3,S1,H5,processor,1,517.165642,24.0,0.0,0.0,0,0,24.0,1.0,0.0,0,0.0
4,S1,H1,feller_buncher,1,673.0877349,24.0,0.0,53.24,0,0,24.0,1.0,0.0,0,0.3
4,S1,H2,feller_buncher,1,909.6350143999999,24.0,0.0,0.0,0,0,24.0,1.0,0.0,0,0.3
4,S1,H3,grapple_skidder,1,566.7369176,24.0,0.0,53.24,0,0,24.0,1.0,0.0,0,0.3
4,S1,H4,processor,1,328.3327887,24.0,0.0,54.2,0,0,24.0,1.0,0.0,0,0.3
4,S1,H7,loader,1,481.15529209999994,24.0,0.0,0.0,0,0,24.0,1.0,0.0,0,0.3
5,S1,H1,feller_buncher,1,356.0085949999998,24.0,0.0,53.24,0,0,24.0,1.0,0.0,0,0.0
5,S1,H2,feller_buncher,1,1194.708925,24.0,0.0,55.64,0,0,24.0,1.0,0.0,0,0.0
5,S1,H3,grapple_skidder,1,673.0877349,24.0,0.0,53.24,1,0,24.0,1.0,0.0,0,0.0
5,S1,H4,processor,1,409.650504,24.0,0.0,53.24,0,0,24.0,1.0,0.0,0,0.0
6,S1,H1,feller_buncher,1,1220.906942,24.0,0.0,55.4,0,0,24.0,1.0,0.0,0,0.0
6,S1,H2,feller_buncher,1,1164.04956,24.0,0.0,54.92,0,0,24.0,1.0,0.0,0,0.0
6,S1,H3,grapple_skidder,1,337.5600430252978,24.0,0.0,53.24,0,0,24.0,1.0,0.0,0,0.0
6,S1,H4,processor,1,481.329283,24.0,0.0,53.24,0,0,24.0,1.0,0.0,0,0.0
7,S1,H1,feller_buncher,1,1176.844281,24.0,0.0,53.48,0,0,24.0,1.0,0.0,0,0.0
7,S1,H2,feller_buncher,1,1220.906942,24.0,0.0,54.68,0,0,24.0,1.0,0.0,0,0.0
7,S1,H3,grapple_skidder,1,778.104169,24.0,0.0,53.72,0,0,24.0,1.0,0.0,0,0.0
7,S1,H4,processor,1,337.5600430252978,24.0,0.0,53.24,1,0,24.0,1.0,0.0,0,0.0
7,S1,H7,loader,1,451.958924,24.0,0.0,54.68,0,0,24.0,1.0,0.0,0,0.0
8,S1,H1,feller_buncher,1,674.603847,24.0,0.0,53.24,0,0,24.0,1.0,0.0,0,0.0
8,S1,H2,feller_buncher,1,1220.906942,24.0,0.0,0.0,0,0,24.0,1.0,0.0,0,0.0
8,S1,H3,grapple_skidder,1,302.56046958127024,24.0,0.0,53.72,0,0,24.0,1.0,0.0,0,0.0
8,S1,H4,processor,1,469.046841,24.0,0.0,53.72,0,0,24.0,1.0,0.0,0,0.0
8,S1,H5,processor,1,469.046841,24.0,0.0,54.2,0,0,24.0,1.0,0.0,0,0.0
8,S1,H7,loader,1,216.50690661324037,24.0,0.0,53.24,0,0,24.0,1.0,0.0,0,0.0
9,S1,H1,feller_buncher,1,1194.708925,24.0,0.0,53.96,0,0,24.0,1.0,0.0,0,0.0
9,S1,H2,feller_buncher,1,961.553907,24.0,0.0,55.16,0,0,24.0,1.0,0.0,0,0.0
9,S1,H3,grapple_skidder,1,1332.369187,24.0,0.0,55.4,0,0,24.0,1.0,0.0,0,0.0
9,S1,H4,processor,1,302.56046958127024,24.0,0.0,53.72,1,0,24.0,1.0,0.0,0,0.0
9,S1,H7,loader,1,474.741639,24.0,0.0,53.72,0,0,24.0,1.0,0.0,0,0.0
9,S1,H8,loader,1,474.741639,24.0,0.0,0.0,0,0,24.0,1.0,0.0,0,0.0
10,S1,H1,feller_buncher,1,961.553907,24.0,0.0,55.4,0,0,24.0,1.0,0.0,0,0.0
10,S1,H2,feller_buncher,1,860.013242,24.0,0.0,53.72,0,0,24.0,1.0,0.0,0,0.0
10,S1,H3,grapple_skidder,1,1480.641393,24.0,0.0,53.24,0,0,24.0,1.0,0.0,0,0.0
10,S1,H4,processor,1,531.895933,24.0,0.0,55.4,0,0,24.0,1.0,0.0,0,0.0
10,S1,H5,processor,1,531.895933,24.0,0.0,54.68,0,0,24.0,1.0,0.0,0,0.0
10,S1,H7,loader,1,423.6136059933276,24.0,0.0,53.72,1,0,24.0,1.0,0.0,0,0.0
11,S1,H1,feller_buncher,1,860.013242,24.0,0.0,53.72,0,0,24.0,1.0,0.0,0,0.0
11,S1,H2,feller_buncher,1,1220.906942,24.0,0.0,54.44,0,0,24.0,1.0,0.0,0,0.0
11,S1,H3,grapple_skidder,1,1164.728216,24.0,0.0,53.72,0,0,24.0,1.0,0.0,0,0.0
11,S1,H4,processor,1,569.826226,24.0,0.0,53.24,0,0,24.0,1.0,0.0,0,0.0
11,S1,H5,processor,1,458.7331671043371,19.32097104022041,4.67902895977959,53.24,0,0,24.0,0.8050404600091837,4.67902895977959,1,0.0
11,S1,H7,loader,1,802.411354,24.0,0.0,55.4,0,0,24.0,1.0,0.0,0,0.0
12,S1,H1,feller_buncher,1,1013.0077249999999,24.0,0.0,54.44,0,0,24.0,1.0,0.0,0,0.0
12,S1,H2,feller_buncher,1,828.7781114483262,22.379328111739042,1.6206718882609579,54.92,0,0,24.0,0.9324720046557934,1.6206718882609579,1,0.0
12,S1,H3,grapple_skidder,1,678.968019,24.0,0.0,54.92,0,0,24.0,1.0,0.0,0,0.0
12,S1,H4,processor,1,517.165642,24.0,0.0,53.72,0,0,24.0,1.0,0.0,0,0.0
12,S1,H5,processor,1,517.165642,24.0,0.0,53.72,0,0,24.0,1.0,0.0,0,0.0
12,S1,H7,loader,1,937.184825,24.0,0.0,53.24,0,0,24.0,1.0,0.0,0,0.0
13,S1,H1,feller_buncher,1,413.7565330000002,24.0,0.0,55.16,0,0,24.0,1.0,0.0,0,0.0
13,S1,H2,feller_buncher,1,680.207863,24.0,0.0,53.96,0,0,24.0,1.0,0.0,0,0.0
13,S1,H3,grapple_skidder,1,1332.369187,24.0,0.0,55.4,0,0,24.0,1.0,0.0,0,0.0
13,S1,H4,processor,1,547.23705,24.0,0.0,54.92,0,0,24.0,1.0,0.0,0,0.0
13,S1,H7,loader,1,687.364703,24.0,0.0,53.72,0,0,24.0,1.0,0.0,0,0.0
13,S1,H8,loader,1,687.364703,24.0,0.0,54.2,0,0,24.0,1.0,0.0,0,0.0
14,S1,H1,feller_buncher,1,705.5337179784441,24.0,0.0,53.48,0,0,24.0,1.0,0.0,0,0.0
14,S1,H2,feller_buncher,1,1176.844281,24.0,0.0,53.48,0,0,24.0,1.0,0.0,0,0.0
14,S1,H3,grapple_skidder,1,678.968019,24.0,0.0,55.4,0,0,24.0,1.0,0.0,0,0.0
14,S1,H4,processor,1,531.895933,24.0,0.0,55.4,0,0,24.0,1.0,0.0,0,0.0
14,S1,H5,processor,1,531.895933,24.0,0.0,53.48,0,0,24.0,1.0,0.0,0,0.0
14,S1,H6,processor,1,531.895933,24.0,0.0,0.0,0,0,24.0,1.0,0.0,0,0.0
14,S1,H7,loader,1,485.857474,24.0,0.0,54.92,0,0,24.0,1.0,0.0,0,0.0
15,S1,H1,feller_buncher,1,787.363583,24.0,0.0,54.44,0,0,24.0,1.0,0.0,0,0.0
15,S1,H2,feller_buncher,1,1176.844281,24.0,0.0,0.0,0,0,24.0,1.0,0.0,0,0.0
15,S1,H3,grapple_skidder,1,739.620424,24.0,0.0,53.24,0,0,24.0,1.0,0.0,0,0.0
15,S1,H4,processor,1,547.23705,24.0,0.0,55.4,0,0,24.0,1.0,0.0,0,0.0
15,S1,H7,loader,1,548.410453670105,24.0,0.0,55.4,0,0,24.0,1.0,0.0,0,0.0
15,S1,H8,loader,1,548.410453670105,24.0,0.0,53.48,0,0,24.0,1.0,0.0,0,0.0
16,S1,H1,feller_buncher,1,1194.708925,24.0,0.0,53.48,0,0,24.0,1.0,0.0,0,0.0
16,S1,H2,feller_buncher,1,111.30773800000088,24.0,0.0,0.0,0,0,24.0,1.0,0.0,0,0.0
16,S1,H3,grapple_skidder,1,674.603847,24.0,0.0,54.44,0,0,24.0,1.0,0.0,0,0.0
16,S1,H4,processor,1,481.329283,24.0,0.0,53.24,0,0,24.0,1.0,0.0,0,0.0
16,S1,H5,processor,1,450.04959289999994,24.0,0.0,55.16,1,0,24.0,1.0,0.0,0,0.0
16,S1,H7,loader,1,485.857474,24.0,0.0,55.4,0,0,24.0,1.0,0.0,0,0.0
17,S1,H1,feller_buncher,1,581.5032900786031,24.0,0.0,0.0,0,0,24.0,1.0,0.0,0,0.0
17,S1,H2,feller_buncher,1,1164.04956,24.0,0.0,54.2,0,0,24.0,1.0,0.0,0,0.0
17,S1,H3,grapple_skidder,1,1164.728216,24.0,0.0,53.24,0,0,24.0,1.0,0.0,0,0.0
17,S1,H4,processor,1,456.082335,24.0,0.0,54.44,0,0,24.0,1.0,0.0,0,0.0
17,S1,H5,processor,1,218.52151199999997,24.0,0.0,54.44,0,0,24.0,1.0,0.0,0,0.0
17,S1,H7,loader,1,451.958924,24.0,0.0,53.24,0,0,24.0,1.0,0.0,0,0.0
17,S1,H8,loader,1,451.958924,24.0,0.0,55.16,0,0,24.0,1.0,0.0,0,0.0
18,S1,H1,feller_buncher,1,140.55055100000027,24.0,0.0,0.0,0,0,24.0,1.0,0.0,0,0.0
18,S1,H2,feller_buncher,1,1164.04956,24.0,0.0,0.0,0,0,24.0,1.0,0.0,0,0.0
18,S1,H3,grapple_skidder,1,739.620424,24.0,0.0,54.68,0,0,24.0,1.0,0.0,0,0.0
18,S1,H4,processor,1,517.165642,24.0,0.0,53.24,0,0,24.0,1.0,0.0,0,0.0
18,S1,H5,processor,1,434.82792393921545,20.17897038593521,3.8210296140647912,53.24,0,0,24.0,0.8407904327473004,3.8210296140647904,1,0.0
18,S1,H7,loader,1,674.603847,24.0,0.0,54.44,0,0,24.0,1.0,0.0,0,0.0
19,S1,H1,feller_buncher,1,502.7667789999996,24.0,0.0,54.92,0,0,24.0,1.0,0.0,0,0.0
19,S1,H2,feller_buncher,1,256.1621419999998,24.0,0.0,53.24,0,0,24.0,1.0,0.0,0,0.0
19,S1,H3,grapple_skidder,1,1164.728216,24.0,0.0,54.68,0,0,24.0,1.0,0.0,0,0.0
19,S1,H4,processor,1,481.329283,24.0,0.0,54.68,0,0,24.0,1.0,0.0,0,0.0
19,S1,H7,loader,1,687.364703,24.0,0.0,53.24,0,0,24.0,1.0,0.0,0,0.0
20,S1,H1,feller_buncher,1,59.00278800000001,24.0,0.0,53.24,0,0,24.0,1.0,0.0,0,0.0
20,S1,H2,feller_buncher,1,370.16770252766,18.266820881458898,5.733179118541102,54.68,0,0,24.0,0.7611175367274541,5.7331791185411,1,0.0
20,S1,H3,grapple_skidder,1,678.968019,24.0,0.0,54.92,0,0,24.0,1.0,0.0,0,0.0
20,S1,H4,processor,1,517.165642,24.0,0.0,54.68,0,0,24.0,1.0,0.0,0,0.0
20,S1,H5,processor,1,517.165642,24.0,0.0,0.0,0,0,24.0,1.0,0.0,0,0.0
20,S1,H6,processor,1,517.165642,24.0,0.0,53.48,0,0,24.0,1.0,0.0,0,0.0
20,S1,H7,loader,1,451.958924,24.0,0.0,54.68,0,0,24.0,1.0,0.0,0,0.0
21,S1,H1,feller_buncher,1,576.960683,24.0,0.0,53.24,0,0,24.0,1.0,0.0,0,0.0
21,S1,H2,feller_buncher,1,364.89843800000006,24.0,0.0,53.72,0,0,24.0,1.0,0.0,0,0.0
21,S1,H3,grapple_skidder,1,1157.53128552766,24.0,0.0,55.16,1,0,24.0,1.0,0.0,0,0.0
21,S1,H4,processor,1,547.23705,24.0,0.0,54.92,0,0,24.0,1.0,0.0,0,0.0
21,S1,H5,processor,1,395.1929070000002,24.0,0.0,54.92,1,0,24.0,1.0,0.0,0,0.0
21,S1,H7,loader,1,687.364703,24.0,0.0,54.68,0,0,24.0,1.0,0.0,0,0.0
21,S1,H8,loader,1,562.2338647055411,19.63093637779214,4.369063622207861,54.68,0,0,24.0,0.8179556824080058,4.369063622207863,1,0.0
22,S1,H3,grapple_skidder,1,778.104169,24.0,0.0,54.44,0,0,24.0,1.0,0.0,0,0.0
22,S1,H4,processor,1,441.264891,24.0,0.0,55.16,0,0,24.0,1.0,0.0,0,0.0
22,S1,H5,processor,1,441.264891,24.0,0.0,55.16,0,0,24.0,1.0,0.0,0,0.0
22,S1,H6,processor,1,275.00150352765996,24.0,0.0,53.24,1,0,24.0,1.0,0.0,0,0.0
22,S1,H7,loader,1,485.857474,24.0,0.0,54.92,0,0,24.0,1.0,0.0,0,0.0
22,S1,H8,loader,1,485.857474,24.0,0.0,54.92,0,0,24.0,1.0,0.0,0,0.0
23,S1,H3,grapple_skidder,1,678.968019,24.0,0.0,53.72,0,0,24.0,1.0,0.0,0,0.0
23,S1,H4,processor,1,357.6672417846142,18.30097349025903,5.699026509740971,54.44,0,0,24.0,0.7625405620941262,5.699026509740972,1,0.0
23,S1,H7,loader,1,733.483855,24.0,0.0,55.16,0,0,24.0,1.0,0.0,0,0.0
23,S1,H8,loader,1,424.04743052766,24.0,0.0,55.16,1,0,24.0,1.0,0.0,0,0.0
24,S1,H3,grapple_skidder,1,1480.641393,24.0,0.0,55.64,0,0,24.0,1.0,0.0,0,0.0
24,S1,H4,processor,1,547.23705,24.0,0.0,53.72,0,0,24.0,1.0,0.0,0,0.0
24,S1,H7,loader,1,474.741639,24.0,0.0,54.44,0,0,24.0,1.0,0.0,0,0.0
25,S1,H3,grapple_skidder,1,1332.369187,24.0,0.0,53.24,0,0,24.0,1.0,0.0,0,0.0
25,S1,H4,processor,1,569.826226,24.0,0.0,55.64,0,0,24.0,1.0,0.0,0,0.0
25,S1,H5,processor,1,569.826226,24.0,0.0,53.48,0,0,24.0,1.0,0.0,0,0.0
25,S1,H6,processor,1,569.826226,24.0,0.0,53.48,0,0,24.0,1.0,0.0,0,0.0
25,S1,H7,loader,1,485.857474,24.0,0.0,53.72,0,0,24.0,1.0,0.0,0,0.0
26,S1,H3,grapple_skidder,1,678.968019,24.0,0.0,55.4,0,0,24.0,1.0,0.0,0,0.0
26,S1,H4,processor,1,531.895933,24.0,0.0,53.24,0,0,24.0,1.0,0.0,0,0.0
26,S1,H5,processor,1,409.590621272579,18.481387618622563,5.518612381377437,53.24,0,0,24.0,0.7700578174426068,5.5186123813774355,1,0.0
26,S1,H7,loader,1,937.184825,24.0,0.0,55.64,0,0,24.0,1.0,0.0,0,0.0
26,S1,H8,loader,1,863.6684211043371,24.0,0.0,53.48,1,0,24.0,1.0,0.0,0,0.0
27,S1,H3,grapple_skidder,1,495.21318711687917,16.069210780481505,7.930789219518495,53.24,0,0,24.0,0.6695504491867293,7.930789219518496,1,0.0
27,S1,H4,processor,1,547.23705,24.0,0.0,55.4,0,0,24.0,1.0,0.0,0,0.0
27,S1,H7,loader,1,802.411354,24.0,0.0,53.24,0,0,24.0,1.0,0.0,0,0.0
28,S1,H3,grapple_skidder,1,1344.8978300786032,24.0,0.0,55.4,1,0,24.0,1.0,0.0,0,0.0
28,S1,H4,processor,1,481.329283,24.0,0.0,53.24,0,0,24.0,1.0,0.0,0,0.0
28,S1,H5,processor,1,272.1750451168792,24.0,0.0,55.16,1,0,24.0,1.0,0.0,0,0.0
28,S1,H7,loader,1,363.6627167249913,17.963920837821238,6.036079162178762,55.4,0,0,24.0,0.7484967015758849,6.036079162178762,1,0.0
28,S1,H8,loader,1,338.42807027500845,24.0,0.0,55.64,1,0,24.0,1.0,0.0,0,0.0
29,S1,H3,grapple_skidder,1,544.6729182999999,24.0,0.0,54.92,0,0,24.0,1.0,0.0,0,0.3
29,S1,H4,processor,1,398.8783582,24.0,0.0,55.4,0,0,24.0,1.0,0.0,0,0.3
29,S1,H5,processor,1,398.8783582,24.0,0.0,55.4,0,0,24.0,1.0,0.0,0,0.3
29,S1,H7,loader,1,316.3712468,24.0,0.0,53.24,0,0,24.0,1.0,0.0,0,0.3
29,S1,H8,loader,1,316.3712468,24.0,0.0,53.24,0,0,24.0,1.0,0.0,0,0.3
30,S1,H3,grapple_skidder,1,475.2776133,24.0,0.0,53.72,0,0,24.0,1.0,0.0,0,0.3
30,S1,H4,processor,1,328.3327887,24.0,0.0,54.92,0,0,24.0,1.0,0.0,0,0.3
30,S1,H5,processor,1,328.3327887,24.0,0.0,54.92,0,0,24.0,1.0,0.0,0,0.3
30,S1,H7,loader,1,656.0293775,24.0,0.0,55.4,0,0,24.0,1.0,0.0,0,0.3
31,S1,H3,grapple_skidder,1,923.199854,24.0,0.0,53.96,0,0,24.0,1.0,0.0,0,0.0
31,S1,H4,processor,1,547.23705,24.0,0.0,53.72,0,0,24.0,1.0,0.0,0,0.0
31,S1,H7,loader,1,194.92885075149675,24.0,0.0,54.92,0,0,24.0,1.0,0.0,0,0.0
31,S1,H8,loader,1,194.92885075149675,24.0,0.0,53.48,0,0,24.0,1.0,0.0,0,0.0
32,S1,H3,grapple_skidder,1,778.104169,24.0,0.0,53.24,0,0,24.0,1.0,0.0,0,0.0
32,S1,H4,processor,1,333.62124691662484,20.230457458284082,3.769542541715918,53.96,0,0,24.0,0.8429357274285034,3.769542541715917,1,0.0
32,S1,H5,processor,1,395.784917,24.0,0.0,53.24,0,0,24.0,1.0,0.0,0,0.0
32,S1,H7,loader,1,485.857474,24.0,0.0,53.72,0,0,24.0,1.0,0.0,0,0.0
33,S1,H3,grapple_skidder,1,339.9365580000001,24.0,0.0,53.48,0,0,24.0,1.0,0.0,0,0.0
33,S1,H4,processor,1,469.046841,24.0,0.0,53.24,0,0,24.0,1.0,0.0,0,0.0
33,S1,H5,processor,1,425.61335517704737,21.777612876512556,2.2223871234874437,53.24,0,0,24.0,0.9074005365213565,2.222387123487445,1,0.0
33,S1,H7,loader,1,456.725789,24.0,0.0,53.96,0,0,24.0,1.0,0.0,0,0.0
34,S1,H3,grapple_skidder,1,122.17881099999954,24.0,0.0,53.24,0,0,24.0,1.0,0.0,0,0.0
34,S1,H4,processor,1,339.9365580000001,24.0,0.0,53.48,1,0,24.0,1.0,0.0,0,0.0
34,S1,H7,loader,1,474.741639,24.0,0.0,53.24,0,0,24.0,1.0,0.0,0,0.0
34,S1,H8,loader,1,474.741639,24.0,0.0,0.0,0,0,24.0,1.0,0.0,0,0.0
35,S1,H3,grapple_skidder,1,809.624168,24.0,0.0,53.48,0,0,24.0,1.0,0.0,0,0.0
35,S1,H4,processor,1,313.6813122999997,24.0,0.0,53.24,1,0,24.0,1.0,0.0,0,0.0
35,S1,H5,processor,1,0.0,21.6752650961351,2.3247349038649006,53.72,1,0,24.0,0.9031360456722958,2.3247349038649023,1,0.0
35,S1,H7,loader,1,203.014973078618,24.0,0.0,53.48,0,0,24.0,1.0,0.0,0,0.0
35,S1,H8,loader,1,60.50835610521972,24.0,0.0,53.48,0,0,24.0,1.0,0.0,0,0.0
36,S1,H3,grapple_skidder,1,778.104169,24.0,0.0,53.24,0,0,24.0,1.0,0.0,0,0.0
36,S1,H4,processor,1,409.650504,24.0,0.0,53.48,0,0,24.0,1.0,0.0,0,0.0
36,S1,H5,processor,1,409.650504,24.0,0.0,53.48,0,0,24.0,1.0,0.0,0,0.0
36,S1,H7,loader,1,375.06088829999965,24.0,0.0,53.24,1,0,24.0,1.0,0.0,0,0.0
36,S1,H8,loader,1,0.0,24.0,0.0,53.24,1,0,24.0,1.0,0.0,0,0.0
37,S1,H3,grapple_skidder,1,1332.369187,24.0,0.0,54.68,0,0,24.0,1.0,0.0,0,0.0
37,S1,H4,processor,1,469.046841,24.0,0.0,53.24,0,0,24.0,1.0,0.0,0,0.0
37,S1,H7,loader,1,424.433991,24.0,0.0,53.48,0,0,24.0,1.0,0.0,0,0.0
37,S1,H8,loader,1,424.433991,24.0,0.0,53.48,0,0,24.0,1.0,0.0,0,0.0
38,S1,H3,grapple_skidder,1,0.0,24.0,0.0,53.24,1,0,24.0,1.0,0.0,0,0.0
38,S1,H4,processor,1,531.895933,24.0,0.0,54.68,0,0,24.0,1.0,0.0,0,0.0
38,S1,H5,processor,1,531.895933,24.0,0.0,54.92,0,0,24.0,1.0,0.0,0,0.0
38,S1,H6,processor,1,399.44275437199013,18.023499542207936,5.9765004577920635,53.24,0,0,24.0,0.7509791475919974,5.9765004577920635,1,0.0
38,S1,H7,loader,1,474.741639,24.0,0.0,53.24,0,0,24.0,1.0,0.0,0,0.0
39,S1,H3,grapple_skidder,1,111.84039860000011,24.0,0.0,53.72,0,0,24.0,1.0,0.0,0,0.3
39,S1,H4,processor,1,398.8783582,24.0,0.0,53.24,0,0,24.0,1.0,0.0,0,0.3
39,S1,H5,processor,1,252.54351009999934,24.0,0.0,53.24,0,0,24.0,1.0,0.0,0,0.3
39,S1,H7,loader,1,561.6879478,24.0,0.0,54.68,0,0,24.0,1.0,0.0,0,0.3
39,S1,H8,loader,1,561.6879478,24.0,0.0,54.92,0,0,24.0,1.0,0.0,0,0.3
40,S1,H3,grapple_skidder,1,567.1587449999993,24.0,0.0,53.48,0,0,24.0,1.0,0.0,0,0.0
40,S1,H4,processor,1,164.19408399999952,24.0,0.0,53.72,0,0,24.0,1.0,0.0,0,0.0
40,S1,H7,loader,1,681.1704928065661,17.443828998573025,6.556171001426975,53.24,0,0,24.0,0.726826208273876,6.556171001426973,1,0.0
40,S1,H8,loader,1,111.97871439343317,24.0,0.0,53.24,1,0,24.0,1.0,0.0,0,0.0
41,S1,H3,grapple_skidder,1,576.960683,24.0,0.0,54.2,0,0,24.0,1.0,0.0,0,0.0
41,S1,H4,processor,1,531.895933,24.0,0.0,53.48,0,0,24.0,1.0,0.0,0,0.0
41,S1,H5,processor,1,45.780229999999165,24.0,0.0,53.24,0,0,24.0,1.0,0.0,0,0.0
41,S1,H7,loader,1,687.364703,24.0,0.0,53.72,0,0,24.0,1.0,0.0,0,0.0
41,S1,H8,loader,1,7.131940999999415,24.0,0.0,53.72,0,0,24.0,1.0,0.0,0,0.0
42,S1,H3,grapple_skidder,1,1045.106301,24.0,0.0,53.24,0,0,24.0,1.0,0.0,0,0.0
42,S1,H4,processor,1,428.751305,24.0,0.0,54.2,0,0,24.0,1.0,0.0,0,0.0
42,S1,H5,processor,1,148.20937800000002,24.0,0.0,54.2,0,0,24.0,1.0,0.0,0,0.0
42,S1,H7,loader,1,802.411354,24.0,0.0,53.48,0,0,24.0,1.0,0.0,0,0.0
42,S1,H8,loader,1,279.7560149999998,24.0,0.0,53.48,0,0,24.0,1.0,0.0,0,0.0
1,S1,H1,feller_buncher,2,823.7909966999999,24.0,0.0,0.0,0,0,24.0,1.0,0.0,0,0.3
1,S1,H2,feller_buncher,2,909.6350143999999,24.0,0.0,0.0,0,0,24.0,1.0,0.0,0,0.3
2,S1,H1,feller_buncher,2,1164.04956,24.0,0.0,54.2,0,0,24.0,1.0,0.0,0,0.0
2,S1,H2,feller_buncher,2,1299.478592,24.0,0.0,0.0,0,0,24.0,1.0,0.0,0,0.0
2,S1,H3,grapple_skidder,2,823.7909966999999,24.0,0.0,0.0,1,0,24.0,1.0,0.0,0,0.0
3,S1,H1,feller_buncher,2,888.796776,24.0,0.0,53.24,0,0,24.0,1.0,0.0,0,0.0
3,S1,H2,feller_buncher,2,1299.478592,24.0,0.0,0.0,0,0,24.0,1.0,0.0,0,0.0
3,S1,H3,grapple_skidder,2,778.104169,24.0,0.0,54.2,0,0,24.0,1.0,0.0,0,0.0
3,S1,H4,processor,2,517.165642,24.0,0.0,0.0,0,0,24.0,1.0,0.0,0,0.0
3,S1,H5,processor,2,306.6253546999999,24.0,0.0,0.0,1,0,24.0,1.0,0.0,0,0.0
4,S1,H1,feller_buncher,2,961.553907,24.0,0.0,53.24,0,0,24.0,1.0,0.0,0,0.0
4,S1,H2,feller_buncher,2,1299.478592,24.0,0.0,0.0,0,0,24.0,1.0,0.0,0,0.0
4,S1,H3,grapple_skidder,2,809.624168,24.0,0.0,53.24,0,0,24.0,1.0,0.0,0,0.0
4,S1,H4,processor,2,469.046841,24.0,0.0,54.2,0,0,24.0,1.0,0.0,0,0.0
4,S1,H7,loader,2,687.364703,24.0,0.0,0.0,0,0,24.0,1.0,0.0,0,0.0
5,S1,H1,feller_buncher,2,356.0085949999998,24.0,0.0,53.24,0,0,24.0,1.0,0.0,0,0.0
5,S1,H2,feller_buncher,2,1194.708925,24.0,0.0,55.64,0,0,24.0,1.0,0.0,0,0.0
5,S1,H3,grapple_skidder,2,623.0443422930116,20.217213762382904,3.7827862376170955,53.24,0,0,24.0,0.8423839067659543,3.782786237617094,1,0.0
5,S1,H4,processor,2,409.650504,24.0,0.0,53.24,0,0,24.0,1.0,0.0,0,0.0
6,S1,H1,feller_buncher,2,1220.906942,24.0,0.0,55.4,0,0,24.0,1.0,0.0,0,0.0
6,S1,H2,feller_buncher,2,1164.04956,24.0,0.0,54.92,0,0,24.0,1.0,0.0,0,0.0
6,S1,H3,grapple_skidder,2,534.7888755442057,18.903589939279506,5.096410060720494,53.24,0,0,24.0,0.7876495808033127,5.096410060720495,1,0.0
6,S1,H4,processor,2,481.329283,24.0,0.0,53.24,0,0,24.0,1.0,0.0,0,0.0
7,S1,H1,feller_buncher,2,991.8624877536176,20.227569688199747,3.772430311800253,53.48,0,0,24.0,0.8428154036749894,3.772430311800253,1,0.0
7,S1,H2,feller_buncher,2,1220.906942,24.0,0.0,54.68,0,0,24.0,1.0,0.0,0,0.0
7,S1,H3,grapple_skidder,2,459.9381611064896,24.0,0.0,53.72,0,0,24.0,1.0,0.0,0,0.0
7,S1,H4,processor,2,416.43869197081455,24.0,0.0,53.24,0,0,24.0,1.0,0.0,0,0.0
7,S1,H7,loader,2,451.958924,24.0,0.0,54.68,0,0,24.0,1.0,0.0,0,0.0
8,S1,H1,feller_buncher,2,674.603847,24.0,0.0,53.24,0,0,24.0,1.0,0.0,0,0.0
8,S1,H2,feller_buncher,2,1220.906942,24.0,0.0,0.0,0,0,24.0,1.0,0.0,0,0.0
8,S1,H3,grapple_skidder,2,678.968019,24.0,0.0,53.72,0,0,24.0,1.0,0.0,0,0.0
8,S1,H4,processor,2,469.046841,24.0,0.0,53.72,0,0,24.0,1.0,0.0,0,0.0
8,S1,H5,processor,2,299.9486481064896,24.0,0.0,54.2,1,0,24.0,1.0,0.0,0,0.0
8,S1,H7,loader,2,416.43869197081455,24.0,0.0,53.24,1,0,24.0,1.0,0.0,0,0.0
9,S1,H1,feller_buncher,2,1194.708925,24.0,0.0,53.96,0,0,24.0,1.0,0.0,0,0.0
9,S1,H2,feller_buncher,2,961.553907,24.0,0.0,55.16,0,0,24.0,1.0,0.0,0,0.0
9,S1,H3,grapple_skidder,2,581.9550860437907,24.0,0.0,55.4,0,0,24.0,1.0,0.0,0,0.0
9,S1,H4,processor,2,276.05090839715695,24.0,0.0,53.72,0,0,24.0,1.0,0.0,0,0.0
9,S1,H7,loader,2,474.741639,24.0,0.0,53.72,0,0,24.0,1.0,0.0,0,0.0
9,S1,H8,loader,2,474.741639,24.0,0.0,0.0,0,0,24.0,1.0,0.0,0,0.0
10,S1,H1,feller_buncher,2,961.553907,24.0,0.0,55.4,0,0,24.0,1.0,0.0,0,0.0
10,S1,H2,feller_buncher,2,860.013242,24.0,0.0,53.72,0,0,24.0,1.0,0.0,0,0.0
10,S1,H3,grapple_skidder,2,1480.641393,24.0,0.0,53.24,0,0,24.0,1.0,0.0,0,0.0
10,S1,H4,processor,2,531.895933,24.0,0.0,55.4,0,0,24.0,1.0,0.0,0,0.0
10,S1,H5,processor,2,50.05915304379073,24.0,0.0,54.68,1,0,24.0,1.0,0.0,0,0.0
10,S1,H7,loader,2,276.05090839715695,24.0,0.0,53.72,1,0,24.0,1.0,0.0,0,0.0
11,S1,H1,feller_buncher,2,860.013242,24.0,0.0,53.72,0,0,24.0,1.0,0.0,0,0.0
11,S1,H2,feller_buncher,2,1220.906942,24.0,0.0,54.44,0,0,24.0,1.0,0.0,0,0.0
11,S1,H3,grapple_skidder,2,976.679235827802,20.125125619749944,3.8748743802500556,53.72,0,0,24.0,0.8385469008229144,3.874874380250054,1,0.0
11,S1,H4,processor,2,569.826226,24.0,0.0,53.24,0,0,24.0,1.0,0.0,0,0.0
11,S1,H5,processor,2,569.826226,24.0,0.0,53.24,0,0,24.0,1.0,0.0,0,0.0
11,S1,H7,loader,2,581.9550860437907,24.0,0.0,55.4,1,0,24.0,1.0,0.0,0,0.0
12,S1,H1,feller_buncher,2,1013.0077249999999,24.0,0.0,54.44,0,0,24.0,1.0,0.0,0,0.0
12,S1,H2,feller_buncher,2,888.796776,24.0,0.0,54.92,0,0,24.0,1.0,0.0,0,0.0
12,S1,H3,grapple_skidder,2,663.392389274383,23.449436346110424,0.5505636538895757,54.92,0,0,24.0,0.977059847754601,0.5505636538895757,1,0.0
12,S1,H4,processor,2,517.165642,24.0,0.0,53.72,0,0,24.0,1.0,0.0,0,0.0
12,S1,H5,processor,2,459.51359382780197,24.0,0.0,53.72,1,0,24.0,1.0,0.0,0,0.0
12,S1,H7,loader,2,745.9828545618675,19.10358344682418,4.896416553175818,53.24,0,0,24.0,0.7959826436176742,4.896416553175817,1,0.0
13,S1,H1,feller_buncher,2,413.7565330000002,24.0,0.0,55.16,0,0,24.0,1.0,0.0,0,0.0
13,S1,H2,feller_buncher,2,680.207863,24.0,0.0,53.96,0,0,24.0,1.0,0.0,0,0.0
13,S1,H3,grapple_skidder,2,826.5615078024134,24.0,0.0,55.4,0,0,24.0,1.0,0.0,0,0.0
13,S1,H4,processor,2,547.23705,24.0,0.0,54.92,0,0,24.0,1.0,0.0,0,0.0
13,S1,H7,loader,2,687.364703,24.0,0.0,53.72,0,0,24.0,1.0,0.0,0,0.0
13,S1,H8,loader,2,425.740826527802,24.0,0.0,54.2,1,0,24.0,1.0,0.0,0,0.0
14,S1,H1,feller_buncher,2,1164.04956,24.0,0.0,53.48,0,0,24.0,1.0,0.0,0,0.0
14,S1,H2,feller_buncher,2,991.1021165437195,20.2120630410314,3.7879369589686007,53.48,0,0,24.0,0.8421692933763083,3.787936958968601,1,0.0
14,S1,H3,grapple_skidder,2,678.968019,24.0,0.0,55.4,0,0,24.0,1.0,0.0,0,0.0
14,S1,H4,processor,2,531.895933,24.0,0.0,55.4,0,0,24.0,1.0,0.0,0,0.0
14,S1,H5,processor,2,294.6655748024134,24.0,0.0,53.48,1,0,24.0,1.0,0.0,0,0.0
14,S1,H6,processor,2,0.0,24.0,0.0,0.0,1,0,24.0,1.0,0.0,0,0.0
14,S1,H7,loader,2,485.857474,24.0,0.0,54.92,0,0,24.0,1.0,0.0,0,0.0
15,S1,H1,feller_buncher,2,787.363583,24.0,0.0,54.44,0,0,24.0,1.0,0.0,0,0.0
15,S1,H2,feller_buncher,2,1176.844281,24.0,0.0,0.0,0,0,24.0,1.0,0.0,0,0.0
15,S1,H3,grapple_skidder,2,739.620424,24.0,0.0,53.24,0,0,24.0,1.0,0.0,0,0.0
15,S1,H4,processor,2,547.23705,24.0,0.0,55.4,0,0,24.0,1.0,0.0,0,0.0
15,S1,H7,loader,2,802.411354,24.0,0.0,55.4,0,0,24.0,1.0,0.0,0,0.0
15,S1,H8,loader,2,24.150153802413456,24.0,0.0,53.48,1,0,24.0,1.0,0.0,0,0.0
16,S1,H1,feller_buncher,2,1194.708925,24.0,0.0,53.48,0,0,24.0,1.0,0.0,0,0.0
16,S1,H2,feller_buncher,2,111.30773800000088,24.0,0.0,0.0,0,0,24.0,1.0,0.0,0,0.0
16,S1,H3,grapple_skidder,2,674.603847,24.0,0.0,54.44,0,0,24.0,1.0,0.0,0,0.0
16,S1,H4,processor,2,481.329283,24.0,0.0,53.24,0,0,24.0,1.0,0.0,0,0.0
16,S1,H5,processor,2,400.00620029301155,24.0,0.0,55.16,1,0,24.0,1.0,0.0,0,0.0
16,S1,H7,loader,2,485.857474,24.0,0.0,55.4,0,0,24.0,1.0,0.0,0,0.0
17,S1,H1,feller_buncher,2,691.2036172552101,19.836136851881598,4.163863148118402,0.0,0,0,24.0,0.8265057021617332,4.1638631481184,1,0.3
17,S1,H2,feller_buncher,2,814.8346919999999,24.0,0.0,54.2,0,0,24.0,1.0,0.0,0,0.3
17,S1,H3,grapple_skidder,2,815.3097511999999,24.0,0.0,53.24,0,0,24.0,1.0,0.0,0,0.3
17,S1,H4,processor,2,319.2576345,24.0,0.0,54.44,0,0,24.0,1.0,0.0,0,0.3
17,S1,H5,processor,2,152.96505839999998,24.0,0.0,54.44,0,0,24.0,1.0,0.0,0,0.3
17,S1,H7,loader,2,316.3712468,24.0,0.0,53.24,0,0,24.0,1.0,0.0,0,0.3
17,S1,H8,loader,2,316.3712468,24.0,0.0,55.16,0,0,24.0,1.0,0.0,0,0.3
18,S1,H1,feller_buncher,2,140.55055100000027,24.0,0.0,0.0,0,0,24.0,1.0,0.0,0,0.0
18,S1,H2,feller_buncher,2,1164.04956,24.0,0.0,0.0,0,0,24.0,1.0,0.0,0,0.0
18,S1,H3,grapple_skidder,2,739.620424,24.0,0.0,54.68,0,0,24.0,1.0,0.0,0,0.0
18,S1,H4,processor,2,517.165642,24.0,0.0,53.24,0,0,24.0,1.0,0.0,0,0.0
18,S1,H5,processor,2,298.1441091999999,24.0,0.0,53.24,1,0,24.0,1.0,0.0,0,0.0
18,S1,H7,loader,2,472.22269289999997,24.0,0.0,54.44,1,0,24.0,1.0,0.0,0,0.0
19,S1,H1,feller_buncher,2,502.7667789999996,24.0,0.0,54.92,0,0,24.0,1.0,0.0,0,0.0
19,S1,H2,feller_buncher,2,183.2489096080387,24.0,0.0,53.24,0,0,24.0,1.0,0.0,0,0.0
19,S1,H3,grapple_skidder,2,1164.728216,24.0,0.0,54.68,0,0,24.0,1.0,0.0,0,0.0
19,S1,H4,processor,2,481.329283,24.0,0.0,54.68,0,0,24.0,1.0,0.0,0,0.0
19,S1,H7,loader,2,687.364703,24.0,0.0,53.24,0,0,24.0,1.0,0.0,0,0.0
20,S1,H1,feller_buncher,2,59.00278800000001,24.0,0.0,53.24,0,0,24.0,1.0,0.0,0,0.0
20,S1,H2,feller_buncher,2,486.3476200000001,24.0,0.0,54.68,0,0,24.0,1.0,0.0,0,0.0
20,S1,H3,grapple_skidder,2,678.968019,24.0,0.0,54.92,0,0,24.0,1.0,0.0,0,0.0
20,S1,H4,processor,2,517.165642,24.0,0.0,54.68,0,0,24.0,1.0,0.0,0,0.0
20,S1,H5,processor,2,517.165642,24.0,0.0,0.0,0,0,24.0,1.0,0.0,0,0.0
20,S1,H6,processor,2,130.39693199999988,24.0,0.0,53.48,1,0,24.0,1.0,0.0,0,0.0
20,S1,H7,loader,2,451.958924,24.0,0.0,54.68,0,0,24.0,1.0,0.0,0,0.0
21,S1,H1,feller_buncher,2,425.72091087705337,24.0,0.0,53.24,0,0,24.0,1.0,0.0,0,0.0
21,S1,H2,feller_buncher,2,364.89843800000006,24.0,0.0,53.72,0,0,24.0,1.0,0.0,0,0.0
21,S1,H3,grapple_skidder,2,1273.711203,24.0,0.0,55.16,0,0,24.0,1.0,0.0,0,0.0
21,S1,H4,processor,2,547.23705,24.0,0.0,54.92,0,0,24.0,1.0,0.0,0,0.0
21,S1,H5,processor,2,547.23705,24.0,0.0,54.92,0,0,24.0,1.0,0.0,0,0.0
21,S1,H7,loader,2,687.364703,24.0,0.0,54.68,0,0,24.0,1.0,0.0,0,0.0
21,S1,H8,loader,2,605.3085612,24.0,0.0,54.68,1,0,24.0,1.0,0.0,0,0.0
22,S1,H3,grapple_skidder,2,544.6729182999999,24.0,0.0,54.44,0,0,24.0,1.0,0.0,0,0.3
22,S1,H4,processor,2,308.8854237,24.0,0.0,55.16,0,0,24.0,1.0,0.0,0,0.3
22,S1,H5,processor,2,308.8854237,24.0,0.0,55.16,0,0,24.0,1.0,0.0,0,0.3
22,S1,H6,processor,2,273.8269947,24.0,0.0,53.24,0,0,24.0,1.0,0.0,0,0.3
22,S1,H7,loader,2,340.1002318,24.0,0.0,54.92,0,0,24.0,1.0,0.0,0,0.3
22,S1,H8,loader,2,340.1002318,24.0,0.0,54.92,0,0,24.0,1.0,0.0,0,0.3
23,S1,H3,grapple_skidder,2,678.968019,24.0,0.0,53.72,0,0,24.0,1.0,0.0,0,0.0
23,S1,H4,processor,2,469.046841,24.0,0.0,54.44,0,0,24.0,1.0,0.0,0,0.0
23,S1,H7,loader,2,733.483855,24.0,0.0,55.16,0,0,24.0,1.0,0.0,0,0.0
23,S1,H8,loader,2,158.11398710000003,24.0,0.0,55.16,1,0,24.0,1.0,0.0,0,0.0
24,S1,H3,grapple_skidder,2,1480.641393,24.0,0.0,55.64,0,0,24.0,1.0,0.0,0,0.0
24,S1,H4,processor,2,547.23705,24.0,0.0,53.72,0,0,24.0,1.0,0.0,0,0.0
24,S1,H7,loader,2,474.741639,24.0,0.0,54.44,0,0,24.0,1.0,0.0,0,0.0
25,S1,H3,grapple_skidder,2,1332.369187,24.0,0.0,53.24,0,0,24.0,1.0,0.0,0,0.0
25,S1,H4,processor,2,569.826226,24.0,0.0,55.64,0,0,24.0,1.0,0.0,0,0.0
25,S1,H5,processor,2,569.826226,24.0,0.0,53.48,0,0,24.0,1.0,0.0,0,0.0
25,S1,H6,processor,2,569.826226,24.0,0.0,53.48,0,0,24.0,1.0,0.0,0,0.0
25,S1,H7,loader,2,485.857474,24.0,0.0,53.72,0,0,24.0,1.0,0.0,0,0.0
26,S1,H3,grapple_skidder,2,678.968019,24.0,0.0,55.4,0,0,24.0,1.0,0.0,0,0.0
26,S1,H4,processor,2,531.895933,24.0,0.0,53.24,0,0,24.0,1.0,0.0,0,0.0
26,S1,H5,processor,2,531.895933,24.0,0.0,53.24,0,0,24.0,1.0,0.0,0,0.0
26,S1,H7,loader,2,937.184825,24.0,0.0,55.64,0,0,24.0,1.0,0.0,0,0.0
26,S1,H8,loader,2,937.184825,24.0,0.0,53.48,0,0,24.0,1.0,0.0,0,0.0
27,S1,H3,grapple_skidder,2,739.620424,24.0,0.0,53.24,0,0,24.0,1.0,0.0,0,0.0
27,S1,H4,processor,2,547.23705,24.0,0.0,55.4,0,0,24.0,1.0,0.0,0,0.0
27,S1,H7,loader,2,802.411354,24.0,0.0,53.24,0,0,24.0,1.0,0.0,0,0.0
28,S1,H3,grapple_skidder,2,1454.5981572552103,24.0,0.0,55.4,1,0,24.0,1.0,0.0,0,0.0
28,S1,H4,processor,2,340.3171977181794,24.0,0.0,53.24,0,0,24.0,1.0,0.0,0,0.0
28,S1,H5,processor,2,340.3171977181794,24.0,0.0,55.16,0,0,24.0,1.0,0.0,0,0.0
28,S1,H7,loader,2,485.857474,24.0,0.0,55.4,0,0,24.0,1.0,0.0,0,0.0
28,S1,H8,loader,2,485.857474,24.0,0.0,55.64,0,0,24.0,1.0,0.0,0,0.0
29,S1,H3,grapple_skidder,2,778.104169,24.0,0.0,54.92,0,0,24.0,1.0,0.0,0,0.0
29,S1,H4,processor,2,569.826226,24.0,0.0,55.4,0,0,24.0,1.0,0.0,0,0.0
29,S1,H5,processor,2,569.826226,24.0,0.0,55.4,0,0,24.0,1.0,0.0,0,0.0
29,S1,H7,loader,2,451.958924,24.0,0.0,53.24,0,0,24.0,1.0,0.0,0,0.0
29,S1,H8,loader,2,451.958924,24.0,0.0,53.24,0,0,24.0,1.0,0.0,0,0.0
30,S1,H3,grapple_skidder,2,571.0580255814101,24.0,0.0,53.72,1,0,24.0,1.0,0.0,0,0.0
30,S1,H4,processor,2,469.046841,24.0,0.0,54.92,0,0,24.0,1.0,0.0,0,0.0
30,S1,H5,processor,2,384.6834052999999,24.0,0.0,54.92,1,0,24.0,1.0,0.0,0,0.0
30,S1,H7,loader,2,937.184825,24.0,0.0,55.4,0,0,24.0,1.0,0.0,0,0.0
31,S1,H3,grapple_skidder,2,509.486367462755,24.0,0.0,53.96,0,0,24.0,1.0,0.0,0,0.0
31,S1,H4,processor,2,547.23705,24.0,0.0,53.72,0,0,24.0,1.0,0.0,0,0.0
31,S1,H7,loader,2,474.741639,24.0,0.0,54.92,0,0,24.0,1.0,0.0,0,0.0
31,S1,H8,loader,2,474.741639,24.0,0.0,53.48,0,0,24.0,1.0,0.0,0,0.0
32,S1,H3,grapple_skidder,2,778.104169,24.0,0.0,53.24,0,0,24.0,1.0,0.0,0,0.0
32,S1,H4,processor,2,395.784917,24.0,0.0,53.96,0,0,24.0,1.0,0.0,0,0.0
32,S1,H5,processor,2,113.70145046275502,24.0,0.0,53.24,1,0,24.0,1.0,0.0,0,0.0
32,S1,H7,loader,2,485.857474,24.0,0.0,53.72,0,0,24.0,1.0,0.0,0,0.0
33,S1,H3,grapple_skidder,2,339.9365580000001,24.0,0.0,53.48,0,0,24.0,1.0,0.0,0,0.0
33,S1,H4,processor,2,469.046841,24.0,0.0,53.24,0,0,24.0,1.0,0.0,0,0.0
33,S1,H5,processor,2,309.057328,20.02390518391561,3.976094816084391,53.24,1,0,24.0,0.8343293826631504,3.9760948160843927,1,0.0
33,S1,H7,loader,2,456.725789,24.0,0.0,53.96,0,0,24.0,1.0,0.0,0,0.0
34,S1,H3,grapple_skidder,2,0.0,24.0,0.0,53.24,1,0,24.0,1.0,0.0,0,0.0
34,S1,H4,processor,2,410.4425559999998,24.0,0.0,53.48,0,0,24.0,1.0,0.0,0,0.0
34,S1,H7,loader,2,474.741639,24.0,0.0,53.24,0,0,24.0,1.0,0.0,0,0.0
34,S1,H8,loader,2,474.741639,24.0,0.0,0.0,0,0,24.0,1.0,0.0,0,0.0
35,S1,H3,grapple_skidder,2,809.624168,24.0,0.0,53.48,0,0,24.0,1.0,0.0,0,0.0
35,S1,H4,processor,2,547.23705,24.0,0.0,53.24,0,0,24.0,1.0,0.0,0,0.0
35,S1,H5,processor,2,81.55246300000022,24.0,0.0,53.72,0,0,24.0,1.0,0.0,0,0.0
35,S1,H7,loader,2,381.66583960379995,20.26728462273089,3.732715377269109,53.48,0,0,24.0,0.8444701926137871,3.732715377269111,1,0.0
35,S1,H8,loader,2,112.82697152557012,24.0,0.0,53.48,1,0,24.0,1.0,0.0,0,0.0
36,S1,H3,grapple_skidder,2,544.6729182999999,24.0,0.0,53.24,0,0,24.0,1.0,0.0,0,0.3
36,S1,H4,processor,2,286.75535279999997,24.0,0.0,53.48,0,0,24.0,1.0,0.0,0,0.3
36,S1,H5,processor,2,286.75535279999997,24.0,0.0,53.48,0,0,24.0,1.0,0.0,0,0.3
36,S1,H7,loader,2,340.1002318,24.0,0.0,53.24,0,0,24.0,1.0,0.0,0,0.3
36,S1,H8,loader,2,146.64352429999954,24.0,0.0,53.24,0,0,24.0,1.0,0.0,0,0.3
37,S1,H3,grapple_skidder,2,1332.369187,24.0,0.0,54.68,0,0,24.0,1.0,0.0,0,0.0
37,S1,H4,processor,2,469.046841,24.0,0.0,53.24,0,0,24.0,1.0,0.0,0,0.0
37,S1,H7,loader,2,424.433991,24.0,0.0,53.48,0,0,24.0,1.0,0.0,0,0.0
37,S1,H8,loader,2,424.433991,24.0,0.0,53.48,0,0,24.0,1.0,0.0,0,0.0
38,S1,H3,grapple_skidder,2,0.0,24.0,0.0,53.24,1,0,24.0,1.0,0.0,0,0.0
38,S1,H4,processor,2,531.895933,24.0,0.0,54.68,0,0,24.0,1.0,0.0,0,0.0
38,S1,H5,processor,2,531.895933,24.0,0.0,54.92,0,0,24.0,1.0,0.0,0,0.0
38,S1,H6,processor,2,531.895933,24.0,0.0,53.24,0,0,24.0,1.0,0.0,0,0.0
38,S1,H7,loader,2,474.741639,24.0,0.0,53.24,0,0,24.0,1.0,0.0,0,0.0
39,S1,H3,grapple_skidder,2,159.77199800000017,24.0,0.0,53.72,0,0,24.0,1.0,0.0,0,0.0
39,S1,H4,processor,2,427.09736125521044,24.0,0.0,53.24,1,0,24.0,1.0,0.0,0,0.0
39,S1,H5,processor,2,0.0,24.0,0.0,53.24,1,0,24.0,1.0,0.0,0,0.0
39,S1,H7,loader,2,802.411354,24.0,0.0,54.68,0,0,24.0,1.0,0.0,0,0.0
39,S1,H8,loader,2,802.411354,24.0,0.0,54.92,0,0,24.0,1.0,0.0,0,0.0
40,S1,H3,grapple_skidder,2,567.1587449999993,24.0,0.0,53.48,0,0,24.0,1.0,0.0,0,0.0
40,S1,H4,processor,2,159.77199800000017,24.0,0.0,53.72,1,0,24.0,1.0,0.0,0,0.0
40,S1,H7,loader,2,858.3436136933426,24.0,0.0,53.24,1,0,24.0,1.0,0.0,0,0.0
40,S1,H8,loader,2,0.0,24.0,0.0,53.24,1,0,24.0,1.0,0.0,0,0.0
41,S1,H3,grapple_skidder,2,403.87247809999997,24.0,0.0,54.2,0,0,24.0,1.0,0.0,0,0.3
41,S1,H4,processor,2,372.3271531,24.0,0.0,53.48,0,0,24.0,1.0,0.0,0,0.3
41,S1,H5,processor,2,32.046160999999415,24.0,0.0,53.24,0,0,24.0,1.0,0.0,0,0.3
41,S1,H7,loader,2,159.77199800000017,24.0,0.0,53.72,1,0,24.0,1.0,0.0,0,0.3
41,S1,H8,loader,2,0.0,24.0,0.0,53.72,1,0,24.0,1.0,0.0,0,0.3
42,S1,H3,grapple_skidder,2,1045.106301,24.0,0.0,53.24,0,0,24.0,1.0,0.0,0,0.0
42,S1,H4,processor,2,403.87247809999997,24.0,0.0,54.2,1,0,24.0,1.0,0.0,0,0.0
42,S1,H5,processor,2,0.0,24.0,0.0,54.2,1,0,24.0,1.0,0.0,0,0.0
42,S1,H7,loader,2,656.6189170999996,24.0,0.0,53.48,1,0,24.0,1.0,0.0,0,0.0
42,S1,H8,loader,2,0.0,24.0,0.0,53.48,1,0,24.0,1.0,0.0,0,0.0
1,S1,H1,feller_buncher,3,1028.9104238425846,20.98310759622244,3.016892403777561,0.0,0,0,24.0,0.8742961498426016,3.016892403777561,1,0.0
1,S1,H2,feller_buncher,3,1299.478592,24.0,0.0,0.0,0,0,24.0,1.0,0.0,0,0.0
2,S1,H1,feller_buncher,3,1164.04956,24.0,0.0,54.2,0,0,24.0,1.0,0.0,0,0.0
2,S1,H2,feller_buncher,3,1299.478592,24.0,0.0,0.0,0,0,24.0,1.0,0.0,0,0.0
2,S1,H3,grapple_skidder,3,749.9710254481588,24.0,0.0,0.0,0,0,24.0,1.0,0.0,0,0.0
3,S1,H1,feller_buncher,3,888.796776,24.0,0.0,53.24,0,0,24.0,1.0,0.0,0,0.0
3,S1,H2,feller_buncher,3,1299.478592,24.0,0.0,0.0,0,0,24.0,1.0,0.0,0,0.0
3,S1,H3,grapple_skidder,3,778.104169,24.0,0.0,54.2,0,0,24.0,1.0,0.0,0,0.0
3,S1,H4,processor,3,517.165642,24.0,0.0,0.0,0,0,24.0,1.0,0.0,0,0.0
3,S1,H5,processor,3,232.80538344815875,24.0,0.0,0.0,1,0,24.0,1.0,0.0,0,0.0
4,S1,H1,feller_buncher,3,961.553907,24.0,0.0,53.24,0,0,24.0,1.0,0.0,0,0.0
4,S1,H2,feller_buncher,3,1299.478592,24.0,0.0,0.0,0,0,24.0,1.0,0.0,0,0.0
4,S1,H3,grapple_skidder,3,809.624168,24.0,0.0,53.24,0,0,24.0,1.0,0.0,0,0.0
4,S1,H4,processor,3,469.046841,24.0,0.0,54.2,0,0,24.0,1.0,0.0,0,0.0
4,S1,H7,loader,3,687.364703,24.0,0.0,0.0,0,0,24.0,1.0,0.0,0,0.0
5,S1,H1,feller_buncher,3,356.0085949999998,24.0,0.0,53.24,0,0,24.0,1.0,0.0,0,0.0
5,S1,H2,feller_buncher,3,1194.708925,24.0,0.0,55.64,0,0,24.0,1.0,0.0,0,0.0
5,S1,H3,grapple_skidder,3,739.620424,24.0,0.0,53.24,0,0,24.0,1.0,0.0,0,0.0
5,S1,H4,processor,3,409.650504,24.0,0.0,53.24,0,0,24.0,1.0,0.0,0,0.0
6,S1,H1,feller_buncher,3,1220.906942,24.0,0.0,55.4,0,0,24.0,1.0,0.0,0,0.0
6,S1,H2,feller_buncher,3,1164.04956,24.0,0.0,54.92,0,0,24.0,1.0,0.0,0,0.0
6,S1,H3,grapple_skidder,3,678.968019,24.0,0.0,53.24,0,0,24.0,1.0,0.0,0,0.0
6,S1,H4,processor,3,481.329283,24.0,0.0,53.24,0,0,24.0,1.0,0.0,0,0.0
7,S1,H1,feller_buncher,3,1176.844281,24.0,0.0,53.48,0,0,24.0,1.0,0.0,0,0.0
7,S1,H2,feller_buncher,3,1220.906942,24.0,0.0,54.68,0,0,24.0,1.0,0.0,0,0.0
7,S1,H3,grapple_skidder,3,778.104169,24.0,0.0,53.72,0,0,24.0,1.0,0.0,0,0.0
7,S1,H4,processor,3,547.23705,24.0,0.0,53.24,0,0,24.0,1.0,0.0,0,0.0
7,S1,H7,loader,3,451.958924,24.0,0.0,54.68,0,0,24.0,1.0,0.0,0,0.0
8,S1,H1,feller_buncher,3,674.603847,24.0,0.0,53.24,0,0,24.0,1.0,0.0,0,0.0
8,S1,H2,feller_buncher,3,704.6397465747825,24.0,0.0,0.0,0,0,24.0,1.0,0.0,0,0.0
8,S1,H3,grapple_skidder,3,678.968019,24.0,0.0,53.72,0,0,24.0,1.0,0.0,0,0.0
8,S1,H4,processor,3,355.0610739006992,18.16762214078483,5.832377859215171,53.72,0,0,24.0,0.7569842558660346,5.83237785921517,1,0.0
8,S1,H5,processor,3,469.046841,24.0,0.0,54.2,0,0,24.0,1.0,0.0,0,0.0
8,S1,H7,loader,3,485.857474,24.0,0.0,53.24,0,0,24.0,1.0,0.0,0,0.0
9,S1,H1,feller_buncher,3,1194.708925,24.0,0.0,53.96,0,0,24.0,1.0,0.0,0,0.0
9,S1,H2,feller_buncher,3,961.553907,24.0,0.0,55.16,0,0,24.0,1.0,0.0,0,0.0
9,S1,H3,grapple_skidder,3,1332.369187,24.0,0.0,55.4,0,0,24.0,1.0,0.0,0,0.0
9,S1,H4,processor,3,547.23705,24.0,0.0,53.72,0,0,24.0,1.0,0.0,0,0.0
9,S1,H7,loader,3,474.741639,24.0,0.0,53.72,0,0,24.0,1.0,0.0,0,0.0
9,S1,H8,loader,3,474.741639,24.0,0.0,0.0,0,0,24.0,1.0,0.0,0,0.0
10,S1,H1,feller_buncher,3,961.553907,24.0,0.0,55.4,0,0,24.0,1.0,0.0,0,0.0
10,S1,H2,feller_buncher,3,860.013242,24.0,0.0,53.72,0,0,24.0,1.0,0.0,0,0.0
10,S1,H3,grapple_skidder,3,1480.641393,24.0,0.0,53.24,0,0,24.0,1.0,0.0,0,0.0
10,S1,H4,processor,3,531.895933,24.0,0.0,55.4,0,0,24.0,1.0,0.0,0,0.0
10,S1,H5,processor,3,531.895933,24.0,0.0,54.68,0,0,24.0,1.0,0.0,0,0.0
10,S1,H7,loader,3,485.857474,24.0,0.0,53.72,0,0,24.0,1.0,0.0,0,0.0
11,S1,H1,feller_buncher,3,860.013242,24.0,0.0,53.72,0,0,24.0,1.0,0.0,0,0.0
11,S1,H2,feller_buncher,3,1220.906942,24.0,0.0,54.44,0,0,24.0,1.0,0.0,0,0.0
11,S1,H3,grapple_skidder,3,1164.728216,24.0,0.0,53.72,0,0,24.0,1.0,0.0,0,0.0
11,S1,H4,processor,3,569.826226,24.0,0.0,53.24,0,0,24.0,1.0,0.0,0,0.0
11,S1,H5,processor,3,569.826226,24.0,0.0,53.24,0,0,24.0,1.0,0.0,0,0.0
11,S1,H7,loader,3,802.411354,24.0,0.0,55.4,0,0,24.0,1.0,0.0,0,0.0
12,S1,H1,feller_buncher,3,1013.0077249999999,24.0,0.0,54.44,0,0,24.0,1.0,0.0,0,0.0
12,S1,H2,feller_buncher,3,888.796776,24.0,0.0,54.92,0,0,24.0,1.0,0.0,0,0.0
12,S1,H3,grapple_skidder,3,678.968019,24.0,0.0,54.92,0,0,24.0,1.0,0.0,0,0.0
12,S1,H4,processor,3,517.165642,24.0,0.0,53.72,0,0,24.0,1.0,0.0,0,0.0
12,S1,H5,processor,3,517.165642,24.0,0.0,53.72,0,0,24.0,1.0,0.0,0,0.0
12,S1,H7,loader,3,937.184825,24.0,0.0,53.24,0,0,24.0,1.0,0.0,0,0.0
13,S1,H1,feller_buncher,3,286.6845383193646,24.0,0.0,55.16,0,0,24.0,1.0,0.0,0,0.0
13,S1,H2,feller_buncher,3,680.207863,24.0,0.0,53.96,0,0,24.0,1.0,0.0,0,0.0
13,S1,H3,grapple_skidder,3,1332.369187,24.0,0.0,55.4,0,0,24.0,1.0,0.0,0,0.0
13,S1,H4,processor,3,547.23705,24.0,0.0,54.92,0,0,24.0,1.0,0.0,0,0.0
13,S1,H7,loader,3,687.364703,24.0,0.0,53.72,0,0,24.0,1.0,0.0,0,0.0
13,S1,H8,loader,3,409.57290344815897,24.0,0.0,54.2,1,0,24.0,1.0,0.0,0,0.0
14,S1,H1,feller_buncher,3,814.8346919999999,24.0,0.0,53.48,0,0,24.0,1.0,0.0,0,0.3
14,S1,H2,feller_buncher,3,823.7909966999999,24.0,0.0,53.48,0,0,24.0,1.0,0.0,0,0.3
14,S1,H3,grapple_skidder,3,475.2776133,24.0,0.0,55.4,0,0,24.0,1.0,0.0,0,0.3
14,S1,H4,processor,3,372.3271531,24.0,0.0,55.4,0,0,24.0,1.0,0.0,0,0.3
14,S1,H5,processor,3,372.3271531,24.0,0.0,53.48,0,0,24.0,1.0,0.0,0,0.3
14,S1,H6,processor,3,292.4227187955656,18.849404865211735,5.150595134788265,0.0,0,0,24.0,0.7853918693838223,5.150595134788265,1,0.3
14,S1,H7,loader,3,302.0515070753597,21.31499920315148,2.68500079684852,54.92,0,0,24.0,0.8881249667979784,2.685000796848522,1,0.3
15,S1,H1,feller_buncher,3,787.363583,24.0,0.0,54.44,0,0,24.0,1.0,0.0,0,0.0
15,S1,H2,feller_buncher,3,1176.844281,24.0,0.0,0.0,0,0,24.0,1.0,0.0,0,0.0
15,S1,H3,grapple_skidder,3,739.620424,24.0,0.0,53.24,0,0,24.0,1.0,0.0,0,0.0
15,S1,H4,processor,3,547.23705,24.0,0.0,55.4,0,0,24.0,1.0,0.0,0,0.0
15,S1,H7,loader,3,802.411354,24.0,0.0,55.4,0,0,24.0,1.0,0.0,0,0.0
15,S1,H8,loader,3,496.0461829955656,24.0,0.0,53.48,1,0,24.0,1.0,0.0,0,0.0
16,S1,H1,feller_buncher,3,1194.708925,24.0,0.0,53.48,0,0,24.0,1.0,0.0,0,0.0
16,S1,H2,feller_buncher,3,111.30773800000088,24.0,0.0,0.0,0,0,24.0,1.0,0.0,0,0.0
16,S1,H3,grapple_skidder,3,674.603847,24.0,0.0,54.44,0,0,24.0,1.0,0.0,0,0.0
16,S1,H4,processor,3,481.329283,24.0,0.0,53.24,0,0,24.0,1.0,0.0,0,0.0
16,S1,H5,processor,3,481.329283,24.0,0.0,55.16,0,0,24.0,1.0,0.0,0,0.0
16,S1,H7,loader,3,485.857474,24.0,0.0,55.4,0,0,24.0,1.0,0.0,0,0.0
17,S1,H1,feller_buncher,3,1194.708925,24.0,0.0,0.0,0,0,24.0,1.0,0.0,0,0.0
17,S1,H2,feller_buncher,3,1164.04956,24.0,0.0,54.2,0,0,24.0,1.0,0.0,0,0.0
17,S1,H3,grapple_skidder,3,1164.728216,24.0,0.0,53.24,0,0,24.0,1.0,0.0,0,0.0
17,S1,H4,processor,3,456.082335,24.0,0.0,54.44,0,0,24.0,1.0,0.0,0,0.0
17,S1,H5,processor,3,218.52151199999997,24.0,0.0,54.44,0,0,24.0,1.0,0.0,0,0.0
17,S1,H7,loader,3,451.958924,24.0,0.0,53.24,0,0,24.0,1.0,0.0,0,0.0
17,S1,H8,loader,3,451.958924,24.0,0.0,55.16,0,0,24.0,1.0,0.0,0,0.0
18,S1,H1,feller_buncher,3,140.55055100000027,24.0,0.0,0.0,0,0,24.0,1.0,0.0,0,0.0
18,S1,H2,feller_buncher,3,1095.5844965808105,22.588409309599715,1.4115906904002848,0.0,0,0,24.0,0.9411837212333215,1.4115906904002844,1,0.0
18,S1,H3,grapple_skidder,3,739.620424,24.0,0.0,54.68,0,0,24.0,1.0,0.0,0,0.0
18,S1,H4,processor,3,517.165642,24.0,0.0,53.24,0,0,24.0,1.0,0.0,0,0.0
18,S1,H5,processor,3,517.165642,24.0,0.0,53.24,0,0,24.0,1.0,0.0,0,0.0
18,S1,H7,loader,3,674.603847,24.0,0.0,54.44,0,0,24.0,1.0,0.0,0,0.0
19,S1,H1,feller_buncher,3,244.43523940484152,24.0,0.0,54.92,0,0,24.0,1.0,0.0,0,0.0
19,S1,H2,feller_buncher,3,203.341597583261,24.0,0.0,53.24,0,0,24.0,1.0,0.0,0,0.0
19,S1,H3,grapple_skidder,3,1164.728216,24.0,0.0,54.68,0,0,24.0,1.0,0.0,0,0.0
19,S1,H4,processor,3,481.329283,24.0,0.0,54.68,0,0,24.0,1.0,0.0,0,0.0
19,S1,H7,loader,3,687.364703,24.0,0.0,53.24,0,0,24.0,1.0,0.0,0,0.0
20,S1,H1,feller_buncher,3,59.00278800000001,24.0,0.0,53.24,0,0,24.0,1.0,0.0,0,0.0
20,S1,H2,feller_buncher,3,486.3476200000001,24.0,0.0,54.68,0,0,24.0,1.0,0.0,0,0.0
20,S1,H3,grapple_skidder,3,678.968019,24.0,0.0,54.92,0,0,24.0,1.0,0.0,0,0.0
20,S1,H4,processor,3,517.165642,24.0,0.0,54.68,0,0,24.0,1.0,0.0,0,0.0
20,S1,H5,processor,3,517.165642,24.0,0.0,0.0,0,0,24.0,1.0,0.0,0,0.0
20,S1,H6,processor,3,391.19079599999964,24.0,0.0,53.48,1,0,24.0,1.0,0.0,0,0.0
20,S1,H7,loader,3,451.958924,24.0,0.0,54.68,0,0,24.0,1.0,0.0,0,0.0
21,S1,H1,feller_buncher,3,576.960683,24.0,0.0,53.24,0,0,24.0,1.0,0.0,0,0.0
21,S1,H2,feller_buncher,3,364.89843800000006,24.0,0.0,53.72,0,0,24.0,1.0,0.0,0,0.0
21,S1,H3,grapple_skidder,3,1273.711203,24.0,0.0,55.16,0,0,24.0,1.0,0.0,0,0.0
21,S1,H4,processor,3,547.23705,24.0,0.0,54.92,0,0,24.0,1.0,0.0,0,0.0
21,S1,H5,processor,3,454.9644393000003,24.0,0.0,54.92,1,0,24.0,1.0,0.0,0,0.0
21,S1,H7,loader,3,687.364703,24.0,0.0,54.68,0,0,24.0,1.0,0.0,0,0.0
21,S1,H8,loader,3,581.27427149324,20.29575050180859,3.704249498191409,54.68,0,0,24.0,0.8456562709086913,3.7042494981914107,1,0.0
22,S1,H3,grapple_skidder,3,778.104169,24.0,0.0,54.44,0,0,24.0,1.0,0.0,0,0.0
22,S1,H4,processor,3,441.264891,24.0,0.0,55.16,0,0,24.0,1.0,0.0,0,0.0
22,S1,H5,processor,3,441.264891,24.0,0.0,55.16,0,0,24.0,1.0,0.0,0,0.0
22,S1,H6,processor,3,391.18142100000006,24.0,0.0,53.24,0,0,24.0,1.0,0.0,0,0.0
22,S1,H7,loader,3,485.857474,24.0,0.0,54.92,0,0,24.0,1.0,0.0,0,0.0
22,S1,H8,loader,3,485.857474,24.0,0.0,54.92,0,0,24.0,1.0,0.0,0,0.0
23,S1,H3,grapple_skidder,3,678.968019,24.0,0.0,53.72,0,0,24.0,1.0,0.0,0,0.0
23,S1,H4,processor,3,242.37874407563018,24.0,0.0,54.44,0,0,24.0,1.0,0.0,0,0.0
23,S1,H7,loader,3,733.483855,24.0,0.0,55.16,0,0,24.0,1.0,0.0,0,0.0
23,S1,H8,loader,3,540.2273480000001,24.0,0.0,55.16,0,0,24.0,1.0,0.0,0,0.0
24,S1,H3,grapple_skidder,3,1036.4489751,24.0,0.0,55.64,0,0,24.0,1.0,0.0,0,0.3
24,S1,H4,processor,3,383.06593499999997,24.0,0.0,53.72,0,0,24.0,1.0,0.0,0,0.3
24,S1,H7,loader,3,332.3191473,24.0,0.0,54.44,0,0,24.0,1.0,0.0,0,0.3
25,S1,H3,grapple_skidder,3,956.197794586383,24.0,0.0,53.24,0,0,24.0,1.0,0.0,0,0.0
25,S1,H4,processor,3,569.826226,24.0,0.0,55.64,0,0,24.0,1.0,0.0,0,0.0
25,S1,H5,processor,3,569.826226,24.0,0.0,53.48,0,0,24.0,1.0,0.0,0,0.0
25,S1,H6,processor,3,237.78546410000013,24.0,0.0,53.48,1,0,24.0,1.0,0.0,0,0.0
25,S1,H7,loader,3,485.857474,24.0,0.0,53.72,0,0,24.0,1.0,0.0,0,0.0
26,S1,H3,grapple_skidder,3,678.968019,24.0,0.0,55.4,0,0,24.0,1.0,0.0,0,0.0
26,S1,H4,processor,3,531.895933,24.0,0.0,53.24,0,0,24.0,1.0,0.0,0,0.0
26,S1,H5,processor,3,531.895933,24.0,0.0,53.24,0,0,24.0,1.0,0.0,0,0.0
26,S1,H7,loader,3,937.184825,24.0,0.0,55.64,0,0,24.0,1.0,0.0,0,0.0
26,S1,H8,loader,3,642.7207181000001,24.0,0.0,53.48,1,0,24.0,1.0,0.0,0,0.0
27,S1,H3,grapple_skidder,3,739.620424,24.0,0.0,53.24,0,0,24.0,1.0,0.0,0,0.0
27,S1,H4,processor,3,547.23705,24.0,0.0,55.4,0,0,24.0,1.0,0.0,0,0.0
27,S1,H7,loader,3,802.411354,24.0,0.0,53.24,0,0,24.0,1.0,0.0,0,0.0
28,S1,H3,grapple_skidder,3,1480.641393,24.0,0.0,55.4,0,0,24.0,1.0,0.0,0,0.0
28,S1,H4,processor,3,481.329283,24.0,0.0,53.24,0,0,24.0,1.0,0.0,0,0.0
28,S1,H5,processor,3,481.329283,24.0,0.0,55.16,0,0,24.0,1.0,0.0,0,0.0
28,S1,H7,loader,3,485.857474,24.0,0.0,55.4,0,0,24.0,1.0,0.0,0,0.0
28,S1,H8,loader,3,418.39884922464,24.0,0.0,55.64,1,0,24.0,1.0,0.0,0,0.0
29,S1,H3,grapple_skidder,3,778.104169,24.0,0.0,54.92,0,0,24.0,1.0,0.0,0,0.0
29,S1,H4,processor,3,569.826226,24.0,0.0,55.4,0,0,24.0,1.0,0.0,0,0.0
29,S1,H5,processor,3,569.826226,24.0,0.0,55.4,0,0,24.0,1.0,0.0,0,0.0
29,S1,H7,loader,3,451.958924,24.0,0.0,53.24,0,0,24.0,1.0,0.0,0,0.0
29,S1,H8,loader,3,451.958924,24.0,0.0,53.24,0,0,24.0,1.0,0.0,0,0.0
30,S1,H3,grapple_skidder,3,466.729546922099,24.0,0.0,53.72,0,0,24.0,1.0,0.0,0,0.0
30,S1,H4,processor,3,469.046841,24.0,0.0,54.92,0,0,24.0,1.0,0.0,0,0.0
30,S1,H5,processor,3,469.046841,24.0,0.0,54.92,0,0,24.0,1.0,0.0,0,0.0
30,S1,H7,loader,3,937.184825,24.0,0.0,55.4,0,0,24.0,1.0,0.0,0,0.0
31,S1,H3,grapple_skidder,3,923.199854,24.0,0.0,53.96,0,0,24.0,1.0,0.0,0,0.0
31,S1,H4,processor,3,547.23705,24.0,0.0,53.72,0,0,24.0,1.0,0.0,0,0.0
31,S1,H7,loader,3,474.741639,24.0,0.0,54.92,0,0,24.0,1.0,0.0,0,0.0
31,S1,H8,loader,3,474.741639,24.0,0.0,53.48,0,0,24.0,1.0,0.0,0,0.0
32,S1,H3,grapple_skidder,3,778.104169,24.0,0.0,53.24,0,0,24.0,1.0,0.0,0,0.0
32,S1,H4,processor,3,395.784917,24.0,0.0,53.96,0,0,24.0,1.0,0.0,0,0.0
32,S1,H5,processor,3,395.784917,24.0,0.0,53.24,0,0,24.0,1.0,0.0,0,0.0
32,S1,H7,loader,3,485.857474,24.0,0.0,53.72,0,0,24.0,1.0,0.0,0,0.0
33,S1,H3,grapple_skidder,3,212.86456331936438,24.0,0.0,53.48,1,0,24.0,1.0,0.0,0,0.0
33,S1,H4,processor,3,469.046841,24.0,0.0,53.24,0,0,24.0,1.0,0.0,0,0.0
33,S1,H5,processor,3,469.046841,24.0,0.0,53.24,0,0,24.0,1.0,0.0,0,0.0
33,S1,H7,loader,3,456.725789,24.0,0.0,53.96,0,0,24.0,1.0,0.0,0,0.0
34,S1,H3,grapple_skidder,3,122.17881099999954,24.0,0.0,53.24,0,0,24.0,1.0,0.0,0,0.0
34,S1,H4,processor,3,283.37056131936407,24.0,0.0,53.48,1,0,24.0,1.0,0.0,0,0.0
34,S1,H7,loader,3,474.741639,24.0,0.0,53.24,0,0,24.0,1.0,0.0,0,0.0
34,S1,H8,loader,3,474.741639,24.0,0.0,0.0,0,0,24.0,1.0,0.0,0,0.0
35,S1,H3,grapple_skidder,3,597.8848861292163,24.0,0.0,53.48,0,0,24.0,1.0,0.0,0,0.0
35,S1,H4,processor,3,469.3043609220988,24.0,0.0,53.24,1,0,24.0,1.0,0.0,0,0.0
35,S1,H5,processor,3,0.0,24.0,0.0,53.72,1,0,24.0,1.0,0.0,0,0.0
35,S1,H7,loader,3,451.958924,24.0,0.0,53.48,0,0,24.0,1.0,0.0,0,0.0
35,S1,H8,loader,3,7.633791319363638,24.0,0.0,53.48,1,0,24.0,1.0,0.0,0,0.0
36,S1,H3,grapple_skidder,3,778.104169,24.0,0.0,53.24,0,0,24.0,1.0,0.0,0,0.0
36,S1,H4,processor,3,409.650504,24.0,0.0,53.48,0,0,24.0,1.0,0.0,0,0.0
36,S1,H5,processor,3,409.650504,24.0,0.0,53.48,0,0,24.0,1.0,0.0,0,0.0
36,S1,H7,loader,3,485.857474,24.0,0.0,53.24,0,0,24.0,1.0,0.0,0,0.0
36,S1,H8,loader,3,44.8264629220987,24.0,0.0,53.24,1,0,24.0,1.0,0.0,0,0.0
37,S1,H3,grapple_skidder,3,932.6584309,24.0,0.0,54.68,0,0,24.0,1.0,0.0,0,0.3
37,S1,H4,processor,3,264.3526463244152,19.323271175279867,4.676728824720133,53.24,0,0,24.0,0.8051362989699945,4.676728824720132,1,0.3
37,S1,H7,loader,3,297.1037937,24.0,0.0,53.48,0,0,24.0,1.0,0.0,0,0.3
37,S1,H8,loader,3,297.1037937,24.0,0.0,53.48,0,0,24.0,1.0,0.0,0,0.3
38,S1,H3,grapple_skidder,3,477.4620719999998,24.0,0.0,53.24,0,0,24.0,1.0,0.0,0,0.0
38,S1,H4,processor,3,531.895933,24.0,0.0,54.68,0,0,24.0,1.0,0.0,0,0.0
38,S1,H5,processor,3,531.895933,24.0,0.0,54.92,0,0,24.0,1.0,0.0,0,0.0
38,S1,H6,processor,3,325.14197649081734,24.0,0.0,53.24,1,0,24.0,1.0,0.0,0,0.0
38,S1,H7,loader,3,474.741639,24.0,0.0,53.24,0,0,24.0,1.0,0.0,0,0.0
39,S1,H3,grapple_skidder,3,73.54204709442683,24.0,0.0,53.72,1,0,24.0,1.0,0.0,0,0.0
39,S1,H4,processor,3,569.826226,24.0,0.0,53.24,0,0,24.0,1.0,0.0,0,0.0
39,S1,H5,processor,3,248.62478699999986,24.0,0.0,53.24,1,0,24.0,1.0,0.0,0,0.0
39,S1,H7,loader,3,802.411354,24.0,0.0,54.68,0,0,24.0,1.0,0.0,0,0.0
39,S1,H8,loader,3,802.411354,24.0,0.0,54.92,0,0,24.0,1.0,0.0,0,0.0
40,S1,H3,grapple_skidder,3,567.1587449999993,24.0,0.0,53.48,0,0,24.0,1.0,0.0,0,0.0
40,S1,H4,processor,3,73.54204709442683,24.0,0.0,53.72,1,0,24.0,1.0,0.0,0,0.0
40,S1,H7,loader,3,937.184825,24.0,0.0,53.24,0,0,24.0,1.0,0.0,0,0.0
40,S1,H8,loader,3,83.73381499999982,24.0,0.0,53.24,1,0,24.0,1.0,0.0,0,0.0
41,S1,H3,grapple_skidder,3,576.960683,24.0,0.0,54.2,0,0,24.0,1.0,0.0,0,0.0
41,S1,H4,processor,3,531.895933,24.0,0.0,53.48,0,0,24.0,1.0,0.0,0,0.0
41,S1,H5,processor,3,35.26281199999926,24.0,0.0,53.24,1,0,24.0,1.0,0.0,0,0.0
41,S1,H7,loader,3,577.3917336011867,24.0,0.0,53.72,1,0,24.0,1.0,0.0,0,0.0
41,S1,H8,loader,3,0.0,24.0,0.0,53.72,1,0,24.0,1.0,0.0,0,0.0
42,S1,H3,grapple_skidder,3,1045.106301,24.0,0.0,53.24,0,0,24.0,1.0,0.0,0,0.0
42,S1,H4,processor,3,428.751305,24.0,0.0,54.2,0,0,24.0,1.0,0.0,0,0.0
42,S1,H5,processor,3,148.20937800000002,24.0,0.0,54.2,0,0,24.0,1.0,0.0,0,0.0
42,S1,H7,loader,3,612.6503914908169,24.0,0.0,53.48,1,0,24.0,1.0,0.0,0,0.0
42,S1,H8,loader,3,0.0,24.0,0.0,53.48,1,0,24.0,1.0,0.0,0,0.0
1,S1,H1,feller_buncher,4,1176.844281,24.0,0.0,0.0,0,0,24.0,1.0,0.0,0,0.0
1,S1,H2,feller_buncher,4,1299.478592,24.0,0.0,0.0,0,0,24.0,1.0,0.0,0,0.0
2,S1,H1,feller_buncher,4,1164.04956,24.0,0.0,54.2,0,0,24.0,1.0,0.0,0,0.0
2,S1,H2,feller_buncher,4,1299.478592,24.0,0.0,0.0,0,0,24.0,1.0,0.0,0,0.0
2,S1,H3,grapple_skidder,4,1164.728216,24.0,0.0,0.0,0,0,24.0,1.0,0.0,0,0.0
3,S1,H1,feller_buncher,4,563.1394255756536,24.0,0.0,53.24,0,0,24.0,1.0,0.0,0,0.0
3,S1,H2,feller_buncher,4,1299.478592,24.0,0.0,0.0,0,0,24.0,1.0,0.0,0,0.0
3,S1,H3,grapple_skidder,4,778.104169,24.0,0.0,54.2,0,0,24.0,1.0,0.0,0,0.0
3,S1,H4,processor,4,517.165642,24.0,0.0,0.0,0,0,24.0,1.0,0.0,0,0.0
3,S1,H5,processor,4,415.4712515677958,19.280689256667785,4.7193107433322155,0.0,0,0,24.0,0.8033620523611577,4.7193107433322155,1,0.0
4,S1,H1,feller_buncher,4,961.553907,24.0,0.0,53.24,0,0,24.0,1.0,0.0,0,0.0
4,S1,H2,feller_buncher,4,1299.478592,24.0,0.0,0.0,0,0,24.0,1.0,0.0,0,0.0
4,S1,H3,grapple_skidder,4,563.1394255756536,24.0,0.0,53.24,1,0,24.0,1.0,0.0,0,0.0
4,S1,H4,processor,4,469.046841,24.0,0.0,54.2,0,0,24.0,1.0,0.0,0,0.0
4,S1,H7,loader,4,687.364703,24.0,0.0,0.0,0,0,24.0,1.0,0.0,0,0.0
5,S1,H1,feller_buncher,4,356.0085949999998,24.0,0.0,53.24,0,0,24.0,1.0,0.0,0,0.0
5,S1,H2,feller_buncher,4,1194.708925,24.0,0.0,55.64,0,0,24.0,1.0,0.0,0,0.0
5,S1,H3,grapple_skidder,4,739.620424,24.0,0.0,53.24,0,0,24.0,1.0,0.0,0,0.0
5,S1,H4,processor,4,409.650504,24.0,0.0,53.24,0,0,24.0,1.0,0.0,0,0.0
6,S1,H1,feller_buncher,4,1220.906942,24.0,0.0,55.4,0,0,24.0,1.0,0.0,0,0.0
6,S1,H2,feller_buncher,4,1164.04956,24.0,0.0,54.92,0,0,24.0,1.0,0.0,0,0.0
6,S1,H3,grapple_skidder,4,678.968019,24.0,0.0,53.24,0,0,24.0,1.0,0.0,0,0.0
6,S1,H4,processor,4,481.329283,24.0,0.0,53.24,0,0,24.0,1.0,0.0,0,0.0
7,S1,H1,feller_buncher,4,1176.844281,24.0,0.0,53.48,0,0,24.0,1.0,0.0,0,0.0
7,S1,H2,feller_buncher,4,1220.906942,24.0,0.0,54.68,0,0,24.0,1.0,0.0,0,0.0
7,S1,H3,grapple_skidder,4,778.104169,24.0,0.0,53.72,0,0,24.0,1.0,0.0,0,0.0
7,S1,H4,processor,4,547.23705,24.0,0.0,53.24,0,0,24.0,1.0,0.0,0,0.0
7,S1,H7,loader,4,451.958924,24.0,0.0,54.68,0,0,24.0,1.0,0.0,0,0.0
8,S1,H1,feller_buncher,4,674.603847,24.0,0.0,53.24,0,0,24.0,1.0,0.0,0,0.0
8,S1,H2,feller_buncher,4,1220.906942,24.0,0.0,0.0,0,0,24.0,1.0,0.0,0,0.0
8,S1,H3,grapple_skidder,4,322.12161077482085,24.0,0.0,53.72,0,0,24.0,1.0,0.0,0,0.0
8,S1,H4,processor,4,469.046841,24.0,0.0,53.72,0,0,24.0,1.0,0.0,0,0.0
8,S1,H5,processor,4,469.046841,24.0,0.0,54.2,0,0,24.0,1.0,0.0,0,0.0
8,S1,H7,loader,4,230.50451236623803,24.0,0.0,53.24,0,0,24.0,1.0,0.0,0,0.0
9,S1,H1,feller_buncher,4,1194.708925,24.0,0.0,53.96,0,0,24.0,1.0,0.0,0,0.0
9,S1,H2,feller_buncher,4,961.553907,24.0,0.0,55.16,0,0,24.0,1.0,0.0,0,0.0
9,S1,H3,grapple_skidder,4,1332.369187,24.0,0.0,55.4,0,0,24.0,1.0,0.0,0,0.0
9,S1,H4,processor,4,453.8525797748209,24.0,0.0,53.72,1,0,24.0,1.0,0.0,0,0.0
9,S1,H7,loader,4,474.741639,24.0,0.0,53.72,0,0,24.0,1.0,0.0,0,0.0
9,S1,H8,loader,4,474.741639,24.0,0.0,0.0,0,0,24.0,1.0,0.0,0,0.0
10,S1,H1,feller_buncher,4,961.553907,24.0,0.0,55.4,0,0,24.0,1.0,0.0,0,0.0
10,S1,H2,feller_buncher,4,860.013242,24.0,0.0,53.72,0,0,24.0,1.0,0.0,0,0.0
10,S1,H3,grapple_skidder,4,1480.641393,24.0,0.0,53.24,0,0,24.0,1.0,0.0,0,0.0
10,S1,H4,processor,4,531.895933,24.0,0.0,55.4,0,0,24.0,1.0,0.0,0,0.0
10,S1,H5,processor,4,531.895933,24.0,0.0,54.68,0,0,24.0,1.0,0.0,0,0.0
10,S1,H7,loader,4,485.857474,24.0,0.0,53.72,0,0,24.0,1.0,0.0,0,0.0
11,S1,H1,feller_buncher,4,860.013242,24.0,0.0,53.72,0,0,24.0,1.0,0.0,0,0.0
11,S1,H2,feller_buncher,4,1220.906942,24.0,0.0,54.44,0,0,24.0,1.0,0.0,0,0.0
11,S1,H3,grapple_skidder,4,1164.728216,24.0,0.0,53.72,0,0,24.0,1.0,0.0,0,0.0
11,S1,H4,processor,4,569.826226,24.0,0.0,53.24,0,0,24.0,1.0,0.0,0,0.0
11,S1,H5,processor,4,569.826226,24.0,0.0,53.24,0,0,24.0,1.0,0.0,0,0.0
11,S1,H7,loader,4,680.265081504608,20.346623804267097,3.6533761957329034,55.4,0,0,24.0,0.8477759918444624,3.6533761957329025,1,0.0
12,S1,H1,feller_buncher,4,1013.0077249999999,24.0,0.0,54.44,0,0,24.0,1.0,0.0,0,0.0
12,S1,H2,feller_buncher,4,888.796776,24.0,0.0,54.92,0,0,24.0,1.0,0.0,0,0.0
12,S1,H3,grapple_skidder,4,678.968019,24.0,0.0,54.92,0,0,24.0,1.0,0.0,0,0.0
12,S1,H4,processor,4,517.165642,24.0,0.0,53.72,0,0,24.0,1.0,0.0,0,0.0
12,S1,H5,processor,4,517.165642,24.0,0.0,53.72,0,0,24.0,1.0,0.0,0,0.0
12,S1,H7,loader,4,937.184825,24.0,0.0,53.24,0,0,24.0,1.0,0.0,0,0.0
13,S1,H1,feller_buncher,4,413.7565330000002,24.0,0.0,55.16,0,0,24.0,1.0,0.0,0,0.0
13,S1,H2,feller_buncher,4,680.207863,24.0,0.0,53.96,0,0,24.0,1.0,0.0,0,0.0
13,S1,H3,grapple_skidder,4,1332.369187,24.0,0.0,55.4,0,0,24.0,1.0,0.0,0,0.0
13,S1,H4,processor,4,547.23705,24.0,0.0,54.92,0,0,24.0,1.0,0.0,0,0.0
13,S1,H7,loader,4,559.5299881578882,19.536527926411896,4.463472073588104,53.72,0,0,24.0,0.814021996933829,4.463472073588105,1,0.0
13,S1,H8,loader,4,687.364703,24.0,0.0,54.2,0,0,24.0,1.0,0.0,0,0.0
14,S1,H1,feller_buncher,4,1164.04956,24.0,0.0,53.48,0,0,24.0,1.0,0.0,0,0.0
14,S1,H2,feller_buncher,4,1176.844281,24.0,0.0,53.48,0,0,24.0,1.0,0.0,0,0.0
14,S1,H3,grapple_skidder,4,678.968019,24.0,0.0,55.4,0,0,24.0,1.0,0.0,0,0.0
14,S1,H4,processor,4,531.895933,24.0,0.0,55.4,0,0,24.0,1.0,0.0,0,0.0
14,S1,H5,processor,4,531.895933,24.0,0.0,53.48,0,0,24.0,1.0,0.0,0,0.0
14,S1,H6,processor,4,531.895933,24.0,0.0,0.0,0,0,24.0,1.0,0.0,0,0.0
14,S1,H7,loader,4,485.857474,24.0,0.0,54.92,0,0,24.0,1.0,0.0,0,0.0
15,S1,H1,feller_buncher,4,615.7097794860907,18.767739614477673,5.232260385522327,54.44,0,0,24.0,0.7819891506032364,5.232260385522326,1,0.0
15,S1,H2,feller_buncher,4,1176.844281,24.0,0.0,0.0,0,0,24.0,1.0,0.0,0,0.0
15,S1,H3,grapple_skidder,4,739.620424,24.0,0.0,53.24,0,0,24.0,1.0,0.0,0,0.0
15,S1,H4,processor,4,547.23705,24.0,0.0,55.4,0,0,24.0,1.0,0.0,0,0.0
15,S1,H7,loader,4,802.411354,24.0,0.0,55.4,0,0,24.0,1.0,0.0,0,0.0
15,S1,H8,loader,4,802.411354,24.0,0.0,53.48,0,0,24.0,1.0,0.0,0,0.0
16,S1,H1,feller_buncher,4,836.2962474999999,24.0,0.0,53.48,0,0,24.0,1.0,0.0,0,0.3
16,S1,H2,feller_buncher,4,77.91541660000061,24.0,0.0,0.0,0,0,24.0,1.0,0.0,0,0.3
16,S1,H3,grapple_skidder,4,472.22269289999997,24.0,0.0,54.44,0,0,24.0,1.0,0.0,0,0.3
16,S1,H4,processor,4,336.93049809999997,24.0,0.0,53.24,0,0,24.0,1.0,0.0,0,0.3
16,S1,H5,processor,4,336.93049809999997,24.0,0.0,55.16,0,0,24.0,1.0,0.0,0,0.3
16,S1,H7,loader,4,340.1002318,24.0,0.0,55.4,0,0,24.0,1.0,0.0,0,0.3
17,S1,H1,feller_buncher,4,1194.708925,24.0,0.0,0.0,0,0,24.0,1.0,0.0,0,0.0
17,S1,H2,feller_buncher,4,1164.04956,24.0,0.0,54.2,0,0,24.0,1.0,0.0,0,0.0
17,S1,H3,grapple_skidder,4,1164.728216,24.0,0.0,53.24,0,0,24.0,1.0,0.0,0,0.0
17,S1,H4,processor,4,318.00158454341505,24.0,0.0,54.44,0,0,24.0,1.0,0.0,0,0.0
17,S1,H5,processor,4,152.36325053638149,24.0,0.0,54.44,0,0,24.0,1.0,0.0,0,0.0
17,S1,H7,loader,4,451.958924,24.0,0.0,53.24,0,0,24.0,1.0,0.0,0,0.0
17,S1,H8,loader,4,251.2724311999998,24.0,0.0,55.16,1,0,24.0,1.0,0.0,0,0.0
18,S1,H1,feller_buncher,4,140.55055100000027,24.0,0.0,0.0,0,0,24.0,1.0,0.0,0,0.0
18,S1,H2,feller_buncher,4,749.5669805492885,24.0,0.0,0.0,0,0,24.0,1.0,0.0,0,0.0
18,S1,H3,grapple_skidder,4,739.620424,24.0,0.0,54.68,0,0,24.0,1.0,0.0,0,0.0
18,S1,H4,processor,4,517.165642,24.0,0.0,53.24,0,0,24.0,1.0,0.0,0,0.0
18,S1,H5,processor,4,517.165642,24.0,0.0,53.24,0,0,24.0,1.0,0.0,0,0.0
18,S1,H7,loader,4,470.36483507979653,24.0,0.0,54.44,1,0,24.0,1.0,0.0,0,0.0
19,S1,H1,feller_buncher,4,502.7667789999996,24.0,0.0,54.92,0,0,24.0,1.0,0.0,0,0.0
19,S1,H2,feller_buncher,4,256.1621419999998,24.0,0.0,53.24,0,0,24.0,1.0,0.0,0,0.0
19,S1,H3,grapple_skidder,4,1164.728216,24.0,0.0,54.68,0,0,24.0,1.0,0.0,0,0.0
19,S1,H4,processor,4,481.329283,24.0,0.0,54.68,0,0,24.0,1.0,0.0,0,0.0
19,S1,H7,loader,4,687.364703,24.0,0.0,53.24,0,0,24.0,1.0,0.0,0,0.0
20,S1,H1,feller_buncher,4,59.00278800000001,24.0,0.0,53.24,0,0,24.0,1.0,0.0,0,0.0
20,S1,H2,feller_buncher,4,486.3476200000001,24.0,0.0,54.68,0,0,24.0,1.0,0.0,0,0.0
20,S1,H3,grapple_skidder,4,678.968019,24.0,0.0,54.92,0,0,24.0,1.0,0.0,0,0.0
20,S1,H4,processor,4,517.165642,24.0,0.0,54.68,0,0,24.0,1.0,0.0,0,0.0
20,S1,H5,processor,4,517.165642,24.0,0.0,0.0,0,0,24.0,1.0,0.0,0,0.0
20,S1,H6,processor,4,517.165642,24.0,0.0,53.48,0,0,24.0,1.0,0.0,0,0.0
20,S1,H7,loader,4,451.958924,24.0,0.0,54.68,0,0,24.0,1.0,0.0,0,0.0
21,S1,H1,feller_buncher,4,403.87247809999997,24.0,0.0,53.24,0,0,24.0,1.0,0.0,0,0.3
21,S1,H2,feller_buncher,4,255.42890660000003,24.0,0.0,53.72,0,0,24.0,1.0,0.0,0,0.3
21,S1,H3,grapple_skidder,4,891.5978421,24.0,0.0,55.16,0,0,24.0,1.0,0.0,0,0.3
21,S1,H4,processor,4,383.06593499999997,24.0,0.0,54.92,0,0,24.0,1.0,0.0,0,0.3
21,S1,H5,processor,4,383.06593499999997,24.0,0.0,54.92,0,0,24.0,1.0,0.0,0,0.3
21,S1,H7,loader,4,481.15529209999994,24.0,0.0,54.68,0,0,24.0,1.0,0.0,0,0.3
21,S1,H8,loader,4,481.15529209999994,24.0,0.0,54.68,0,0,24.0,1.0,0.0,0,0.3
22,S1,H3,grapple_skidder,4,778.104169,24.0,0.0,54.44,0,0,24.0,1.0,0.0,0,0.0
22,S1,H4,processor,4,441.264891,24.0,0.0,55.16,0,0,24.0,1.0,0.0,0,0.0
22,S1,H5,processor,4,441.264891,24.0,0.0,55.16,0,0,24.0,1.0,0.0,0,0.0
22,S1,H6,processor,4,9.068060100000025,24.0,0.0,53.24,1,0,24.0,1.0,0.0,0,0.0
22,S1,H7,loader,4,485.857474,24.0,0.0,54.92,0,0,24.0,1.0,0.0,0,0.0
22,S1,H8,loader,4,485.857474,24.0,0.0,54.92,0,0,24.0,1.0,0.0,0,0.0
23,S1,H3,grapple_skidder,4,678.968019,24.0,0.0,53.72,0,0,24.0,1.0,0.0,0,0.0
23,S1,H4,processor,4,469.046841,24.0,0.0,54.44,0,0,24.0,1.0,0.0,0,0.0
23,S1,H7,loader,4,597.0730978738801,19.536564099250857,4.463435900749143,55.16,0,0,24.0,0.8140235041354523,4.463435900749142,1,0.0
23,S1,H8,loader,4,294.5247442261199,24.0,0.0,55.16,1,0,24.0,1.0,0.0,0,0.0
24,S1,H3,grapple_skidder,4,727.8391425877321,24.0,0.0,55.64,0,0,24.0,1.0,0.0,0,0.0
24,S1,H4,processor,4,467.538287370166,20.504676898035296,3.495323101964704,53.72,0,0,24.0,0.8543615374181374,3.495323101964705,1,0.0
24,S1,H7,loader,4,474.741639,24.0,0.0,54.44,0,0,24.0,1.0,0.0,0,0.0
25,S1,H3,grapple_skidder,4,1332.369187,24.0,0.0,53.24,0,0,24.0,1.0,0.0,0,0.0
25,S1,H4,processor,4,569.826226,24.0,0.0,55.64,0,0,24.0,1.0,0.0,0,0.0
25,S1,H5,processor,4,499.00185758773216,24.0,0.0,53.48,1,0,24.0,1.0,0.0,0,0.0
25,S1,H6,processor,4,0.0,24.0,0.0,53.48,1,0,24.0,1.0,0.0,0,0.0
25,S1,H7,loader,4,462.08695571914507,22.82580289638496,1.1741971036150396,53.72,0,0,24.0,0.9510751206827067,1.1741971036150383,1,0.0
26,S1,H3,grapple_skidder,4,678.968019,24.0,0.0,55.4,0,0,24.0,1.0,0.0,0,0.0
26,S1,H4,processor,4,531.895933,24.0,0.0,53.24,0,0,24.0,1.0,0.0,0,0.0
26,S1,H5,processor,4,531.895933,24.0,0.0,53.24,0,0,24.0,1.0,0.0,0,0.0
26,S1,H7,loader,4,797.7665704645038,20.429692394078288,3.5703076059217125,55.64,0,0,24.0,0.8512371830865954,3.5703076059217116,1,0.0
26,S1,H8,loader,4,473.52914012322833,24.0,0.0,53.48,1,0,24.0,1.0,0.0,0,0.0
27,S1,H3,grapple_skidder,4,739.620424,24.0,0.0,53.24,0,0,24.0,1.0,0.0,0,0.0
27,S1,H4,processor,4,547.23705,24.0,0.0,55.4,0,0,24.0,1.0,0.0,0,0.0
27,S1,H7,loader,4,802.411354,24.0,0.0,53.24,0,0,24.0,1.0,0.0,0,0.0
28,S1,H3,grapple_skidder,4,1480.641393,24.0,0.0,55.4,0,0,24.0,1.0,0.0,0,0.0
28,S1,H4,processor,4,481.329283,24.0,0.0,53.24,0,0,24.0,1.0,0.0,0,0.0
28,S1,H5,processor,4,481.329283,24.0,0.0,55.16,0,0,24.0,1.0,0.0,0,0.0
28,S1,H7,loader,4,485.857474,24.0,0.0,55.4,0,0,24.0,1.0,0.0,0,0.0
28,S1,H8,loader,4,414.4918672596034,24.0,0.0,55.64,1,0,24.0,1.0,0.0,0,0.0
29,S1,H3,grapple_skidder,4,778.104169,24.0,0.0,54.92,0,0,24.0,1.0,0.0,0,0.0
29,S1,H4,processor,4,569.826226,24.0,0.0,55.4,0,0,24.0,1.0,0.0,0,0.0
29,S1,H5,processor,4,569.826226,24.0,0.0,55.4,0,0,24.0,1.0,0.0,0,0.0
29,S1,H7,loader,4,451.958924,24.0,0.0,53.24,0,0,24.0,1.0,0.0,0,0.0
29,S1,H8,loader,4,451.958924,24.0,0.0,53.24,0,0,24.0,1.0,0.0,0,0.0
30,S1,H3,grapple_skidder,4,475.2776133,24.0,0.0,53.72,0,0,24.0,1.0,0.0,0,0.3
30,S1,H4,processor,4,328.3327887,24.0,0.0,54.92,0,0,24.0,1.0,0.0,0,0.3
30,S1,H5,processor,4,328.3327887,24.0,0.0,54.92,0,0,24.0,1.0,0.0,0,0.3
30,S1,H7,loader,4,656.0293775,24.0,0.0,55.4,0,0,24.0,1.0,0.0,0,0.3
31,S1,H3,grapple_skidder,4,923.199854,24.0,0.0,53.96,0,0,24.0,1.0,0.0,0,0.0
31,S1,H4,processor,4,547.23705,24.0,0.0,53.72,0,0,24.0,1.0,0.0,0,0.0
31,S1,H7,loader,4,474.741639,24.0,0.0,54.92,0,0,24.0,1.0,0.0,0,0.0
31,S1,H8,loader,4,474.741639,24.0,0.0,53.48,0,0,24.0,1.0,0.0,0,0.0
32,S1,H3,grapple_skidder,4,651.3521294334986,20.09043484048466,3.9095651595153385,53.24,0,0,24.0,0.8371014516868609,3.9095651595153367,1,0.0
32,S1,H4,processor,4,395.784917,24.0,0.0,53.96,0,0,24.0,1.0,0.0,0,0.0
32,S1,H5,processor,4,395.784917,24.0,0.0,53.24,0,0,24.0,1.0,0.0,0,0.0
32,S1,H7,loader,4,485.857474,24.0,0.0,53.72,0,0,24.0,1.0,0.0,0,0.0
33,S1,H3,grapple_skidder,4,339.9365580000001,24.0,0.0,53.48,0,0,24.0,1.0,0.0,0,0.0
33,S1,H4,processor,4,389.63554169785414,19.936714595096273,4.063285404903727,53.24,0,0,24.0,0.8306964414623447,4.063285404903728,1,0.0
33,S1,H5,processor,4,469.046841,24.0,0.0,53.24,0,0,24.0,1.0,0.0,0,0.0
33,S1,H7,loader,4,456.725789,24.0,0.0,53.96,0,0,24.0,1.0,0.0,0,0.0
34,S1,H3,grapple_skidder,4,122.17881099999954,24.0,0.0,53.24,0,0,24.0,1.0,0.0,0,0.0
34,S1,H4,processor,4,410.4425559999998,24.0,0.0,53.48,0,0,24.0,1.0,0.0,0,0.0
34,S1,H7,loader,4,474.741639,24.0,0.0,53.24,0,0,24.0,1.0,0.0,0,0.0
34,S1,H8,loader,4,474.741639,24.0,0.0,0.0,0,0,24.0,1.0,0.0,0,0.0
35,S1,H3,grapple_skidder,4,809.624168,24.0,0.0,53.48,0,0,24.0,1.0,0.0,0,0.0
35,S1,H4,processor,4,547.23705,24.0,0.0,53.24,0,0,24.0,1.0,0.0,0,0.0
35,S1,H5,processor,4,22.44111192983405,24.0,0.0,53.72,1,0,24.0,1.0,0.0,0,0.0
35,S1,H7,loader,4,349.3077028048083,24.0,0.0,53.48,0,0,24.0,1.0,0.0,0,0.0
35,S1,H8,loader,4,104.11071927894018,24.0,0.0,53.48,0,0,24.0,1.0,0.0,0,0.0
36,S1,H3,grapple_skidder,4,778.104169,24.0,0.0,53.24,0,0,24.0,1.0,0.0,0,0.0
36,S1,H4,processor,4,409.650504,24.0,0.0,53.48,0,0,24.0,1.0,0.0,0,0.0
36,S1,H5,processor,4,409.650504,24.0,0.0,53.48,0,0,24.0,1.0,0.0,0,0.0
36,S1,H7,loader,4,485.857474,24.0,0.0,53.24,0,0,24.0,1.0,0.0,0,0.0
36,S1,H8,loader,4,145.2002639298339,24.0,0.0,53.24,1,0,24.0,1.0,0.0,0,0.0
37,S1,H3,grapple_skidder,4,1332.369187,24.0,0.0,54.68,0,0,24.0,1.0,0.0,0,0.0
37,S1,H4,processor,4,469.046841,24.0,0.0,53.24,0,0,24.0,1.0,0.0,0,0.0
37,S1,H7,loader,4,424.433991,24.0,0.0,53.48,0,0,24.0,1.0,0.0,0,0.0
37,S1,H8,loader,4,424.433991,24.0,0.0,53.48,0,0,24.0,1.0,0.0,0,0.0
38,S1,H3,grapple_skidder,4,477.4620719999998,24.0,0.0,53.24,0,0,24.0,1.0,0.0,0,0.0
38,S1,H4,processor,4,531.895933,24.0,0.0,54.68,0,0,24.0,1.0,0.0,0,0.0
38,S1,H5,processor,4,531.895933,24.0,0.0,54.92,0,0,24.0,1.0,0.0,0,0.0
38,S1,H6,processor,4,531.895933,24.0,0.0,53.24,0,0,24.0,1.0,0.0,0,0.0
38,S1,H7,loader,4,474.741639,24.0,0.0,53.24,0,0,24.0,1.0,0.0,0,0.0
39,S1,H3,grapple_skidder,4,111.84039860000011,24.0,0.0,53.72,0,0,24.0,1.0,0.0,0,0.3
39,S1,H4,processor,4,398.8783582,24.0,0.0,53.24,0,0,24.0,1.0,0.0,0,0.3
39,S1,H5,processor,4,252.54351009999934,24.0,0.0,53.24,0,0,24.0,1.0,0.0,0,0.3
39,S1,H7,loader,4,561.6879478,24.0,0.0,54.68,0,0,24.0,1.0,0.0,0,0.3
39,S1,H8,loader,4,561.6879478,24.0,0.0,54.92,0,0,24.0,1.0,0.0,0,0.3
40,S1,H3,grapple_skidder,4,567.1587449999993,24.0,0.0,53.48,0,0,24.0,1.0,0.0,0,0.0
40,S1,H4,processor,4,164.19408399999952,24.0,0.0,53.72,0,0,24.0,1.0,0.0,0,0.0
40,S1,H7,loader,4,937.184825,24.0,0.0,53.24,0,0,24.0,1.0,0.0,0,0.0
40,S1,H8,loader,4,197.86011779999922,24.0,0.0,53.24,1,0,24.0,1.0,0.0,0,0.0
41,S1,H3,grapple_skidder,4,403.87247809999997,24.0,0.0,54.2,1,0,24.0,1.0,0.0,0,0.0
41,S1,H4,processor,4,531.895933,24.0,0.0,53.48,0,0,24.0,1.0,0.0,0,0.0
41,S1,H5,processor,4,45.780229999999165,24.0,0.0,53.24,0,0,24.0,1.0,0.0,0,0.0
41,S1,H7,loader,4,687.364703,24.0,0.0,53.72,0,0,24.0,1.0,0.0,0,0.0
41,S1,H8,loader,4,7.131940999999415,24.0,0.0,53.72,0,0,24.0,1.0,0.0,0,0.0
42,S1,H3,grapple_skidder,4,935.6367696,24.0,0.0,53.24,1,0,24.0,1.0,0.0,0,0.0
42,S1,H4,processor,4,403.87247809999997,23.52073551339679,0.47926448660320986,54.2,1,0,24.0,0.9800306463915329,0.4792644866032094,1,0.0
42,S1,H5,processor,4,0.0,16.460376417412366,7.539623582587634,54.2,1,0,24.0,0.685849017392182,7.539623582587634,1,0.0
42,S1,H7,loader,4,802.411354,24.0,0.0,53.48,0,0,24.0,1.0,0.0,0,0.0
42,S1,H8,loader,4,279.7560149999998,24.0,0.0,53.48,0,0,24.0,1.0,0.0,0,0.0
1,S1,H1,feller_buncher,5,1176.844281,24.0,0.0,0.0,0,0,24.0,1.0,0.0,0,0.0
1,S1,H2,feller_buncher,5,1299.478592,24.0,0.0,0.0,0,0,24.0,1.0,0.0,0,0.0
2,S1,H1,feller_buncher,5,814.8346919999999,24.0,0.0,54.2,0,0,24.0,1.0,0.0,0,0.3
2,S1,H2,feller_buncher,5,909.6350143999999,24.0,0.0,0.0,0,0,24.0,1.0,0.0,0,0.3
2,S1,H3,grapple_skidder,5,815.3097511999999,24.0,0.0,0.0,0,0,24.0,1.0,0.0,0,0.3
3,S1,H1,feller_buncher,5,888.796776,24.0,0.0,53.24,0,0,24.0,1.0,0.0,0,0.0
3,S1,H2,feller_buncher,5,1299.478592,24.0,0.0,0.0,0,0,24.0,1.0,0.0,0,0.0
3,S1,H3,grapple_skidder,5,778.104169,24.0,0.0,54.2,0,0,24.0,1.0,0.0,0,0.0
3,S1,H4,processor,5,517.165642,24.0,0.0,0.0,0,0,24.0,1.0,0.0,0,0.0
3,S1,H5,processor,5,298.1441091999999,24.0,0.0,0.0,1,0,24.0,1.0,0.0,0,0.0
4,S1,H1,feller_buncher,5,961.553907,24.0,0.0,53.24,0,0,24.0,1.0,0.0,0,0.0
4,S1,H2,feller_buncher,5,1299.478592,24.0,0.0,0.0,0,0,24.0,1.0,0.0,0,0.0
4,S1,H3,grapple_skidder,5,809.624168,24.0,0.0,53.24,0,0,24.0,1.0,0.0,0,0.0
4,S1,H4,processor,5,469.046841,24.0,0.0,54.2,0,0,24.0,1.0,0.0,0,0.0
4,S1,H7,loader,5,687.364703,24.0,0.0,0.0,0,0,24.0,1.0,0.0,0,0.0
5,S1,H1,feller_buncher,5,356.0085949999998,24.0,0.0,53.24,0,0,24.0,1.0,0.0,0,0.0
5,S1,H2,feller_buncher,5,1194.708925,24.0,0.0,55.64,0,0,24.0,1.0,0.0,0,0.0
5,S1,H3,grapple_skidder,5,632.4724555303875,20.523147333650837,3.4768526663491635,53.24,0,0,24.0,0.8551311389021182,3.476852666349164,1,0.0
5,S1,H4,processor,5,409.650504,24.0,0.0,53.24,0,0,24.0,1.0,0.0,0,0.0
6,S1,H1,feller_buncher,5,1220.906942,24.0,0.0,55.4,0,0,24.0,1.0,0.0,0,0.0
6,S1,H2,feller_buncher,5,1164.04956,24.0,0.0,54.92,0,0,24.0,1.0,0.0,0,0.0
6,S1,H3,grapple_skidder,5,678.968019,24.0,0.0,53.24,0,0,24.0,1.0,0.0,0,0.0
6,S1,H4,processor,5,481.329283,24.0,0.0,53.24,0,0,24.0,1.0,0.0,0,0.0
7,S1,H1,feller_buncher,5,1176.844281,24.0,0.0,53.48,0,0,24.0,1.0,0.0,0,0.0
7,S1,H2,feller_buncher,5,1220.906942,24.0,0.0,54.68,0,0,24.0,1.0,0.0,0,0.0
7,S1,H3,grapple_skidder,5,778.104169,24.0,0.0,53.72,0,0,24.0,1.0,0.0,0,0.0
7,S1,H4,processor,5,547.23705,24.0,0.0,53.24,0,0,24.0,1.0,0.0,0,0.0
7,S1,H7,loader,5,451.958924,24.0,0.0,54.68,0,0,24.0,1.0,0.0,0,0.0
8,S1,H1,feller_buncher,5,674.603847,24.0,0.0,53.24,0,0,24.0,1.0,0.0,0,0.0
8,S1,H2,feller_buncher,5,1220.906942,24.0,0.0,0.0,0,0,24.0,1.0,0.0,0,0.0
8,S1,H3,grapple_skidder,5,678.968019,24.0,0.0,53.72,0,0,24.0,1.0,0.0,0,0.0
8,S1,H4,processor,5,381.4774735005298,19.51928584465771,4.480714155342291,53.72,0,0,24.0,0.8133035768607378,4.480714155342289,1,0.0
8,S1,H5,processor,5,469.046841,24.0,0.0,54.2,0,0,24.0,1.0,0.0,0,0.0
8,S1,H7,loader,5,485.857474,24.0,0.0,53.24,0,0,24.0,1.0,0.0,0,0.0
9,S1,H1,feller_buncher,5,1194.708925,24.0,0.0,53.96,0,0,24.0,1.0,0.0,0,0.0
9,S1,H2,feller_buncher,5,961.553907,24.0,0.0,55.16,0,0,24.0,1.0,0.0,0,0.0
9,S1,H3,grapple_skidder,5,1332.369187,24.0,0.0,55.4,0,0,24.0,1.0,0.0,0,0.0
9,S1,H4,processor,5,547.23705,24.0,0.0,53.72,0,0,24.0,1.0,0.0,0,0.0
9,S1,H7,loader,5,474.741639,24.0,0.0,53.72,0,0,24.0,1.0,0.0,0,0.0
9,S1,H8,loader,5,474.741639,24.0,0.0,0.0,0,0,24.0,1.0,0.0,0,0.0
10,S1,H1,feller_buncher,5,961.553907,24.0,0.0,55.4,0,0,24.0,1.0,0.0,0,0.0
10,S1,H2,feller_buncher,5,650.7338636410444,18.159735181595103,5.840264818404897,53.72,0,0,24.0,0.7566556325664626,5.840264818404895,1,0.0
10,S1,H3,grapple_skidder,5,1480.641393,24.0,0.0,53.24,0,0,24.0,1.0,0.0,0,0.0
10,S1,H4,processor,5,531.895933,24.0,0.0,55.4,0,0,24.0,1.0,0.0,0,0.0
10,S1,H5,processor,5,531.895933,24.0,0.0,54.68,0,0,24.0,1.0,0.0,0,0.0
10,S1,H7,loader,5,485.857474,24.0,0.0,53.72,0,0,24.0,1.0,0.0,0,0.0
11,S1,H1,feller_buncher,5,860.013242,24.0,0.0,53.72,0,0,24.0,1.0,0.0,0,0.0
11,S1,H2,feller_buncher,5,1220.906942,24.0,0.0,54.44,0,0,24.0,1.0,0.0,0,0.0
11,S1,H3,grapple_skidder,5,1164.728216,24.0,0.0,53.72,0,0,24.0,1.0,0.0,0,0.0
11,S1,H4,processor,5,569.826226,24.0,0.0,53.24,0,0,24.0,1.0,0.0,0,0.0
11,S1,H5,processor,5,569.826226,24.0,0.0,53.24,0,0,24.0,1.0,0.0,0,0.0
11,S1,H7,loader,5,802.411354,24.0,0.0,55.4,0,0,24.0,1.0,0.0,0,0.0
12,S1,H1,feller_buncher,5,709.1054075,24.0,0.0,54.44,0,0,24.0,1.0,0.0,0,0.3
12,S1,H2,feller_buncher,5,622.1577432,24.0,0.0,54.92,0,0,24.0,1.0,0.0,0,0.3
12,S1,H3,grapple_skidder,5,475.2776133,24.0,0.0,54.92,0,0,24.0,1.0,0.0,0,0.3
12,S1,H4,processor,5,362.0159494,24.0,0.0,53.72,0,0,24.0,1.0,0.0,0,0.3
12,S1,H5,processor,5,362.0159494,24.0,0.0,53.72,0,0,24.0,1.0,0.0,0,0.3
12,S1,H7,loader,5,656.0293775,24.0,0.0,53.24,0,0,24.0,1.0,0.0,0,0.3
13,S1,H1,feller_buncher,5,413.7565330000002,24.0,0.0,55.16,0,0,24.0,1.0,0.0,0,0.0
13,S1,H2,feller_buncher,5,680.207863,24.0,0.0,53.96,0,0,24.0,1.0,0.0,0,0.0
13,S1,H3,grapple_skidder,5,1332.369187,24.0,0.0,55.4,0,0,24.0,1.0,0.0,0,0.0
13,S1,H4,processor,5,547.23705,24.0,0.0,54.92,0,0,24.0,1.0,0.0,0,0.0
13,S1,H7,loader,5,657.9021681838595,22.97128724751034,1.0287127524896604,53.72,0,0,24.0,0.9571369686462642,1.0287127524896622,1,0.0
13,S1,H8,loader,5,194.07477881614045,24.0,0.0,54.2,1,0,24.0,1.0,0.0,0,0.0
14,S1,H1,feller_buncher,5,1164.04956,24.0,0.0,53.48,0,0,24.0,1.0,0.0,0,0.0
14,S1,H2,feller_buncher,5,1176.844281,24.0,0.0,53.48,0,0,24.0,1.0,0.0,0,0.0
14,S1,H3,grapple_skidder,5,678.968019,24.0,0.0,55.4,0,0,24.0,1.0,0.0,0,0.0
14,S1,H4,processor,5,531.895933,24.0,0.0,55.4,0,0,24.0,1.0,0.0,0,0.0
14,S1,H5,processor,5,531.895933,24.0,0.0,53.48,0,0,24.0,1.0,0.0,0,0.0
14,S1,H6,processor,5,531.895933,24.0,0.0,0.0,0,0,24.0,1.0,0.0,0,0.0
14,S1,H7,loader,5,485.857474,24.0,0.0,54.92,0,0,24.0,1.0,0.0,0,0.0
15,S1,H1,feller_buncher,5,787.363583,24.0,0.0,54.44,0,0,24.0,1.0,0.0,0,0.0
15,S1,H2,feller_buncher,5,1176.844281,24.0,0.0,0.0,0,0,24.0,1.0,0.0,0,0.0
15,S1,H3,grapple_skidder,5,739.620424,24.0,0.0,53.24,0,0,24.0,1.0,0.0,0,0.0
15,S1,H4,processor,5,547.23705,24.0,0.0,55.4,0,0,24.0,1.0,0.0,0,0.0
15,S1,H7,loader,5,802.411354,24.0,0.0,55.4,0,0,24.0,1.0,0.0,0,0.0
15,S1,H8,loader,5,802.411354,24.0,0.0,53.48,0,0,24.0,1.0,0.0,0,0.0
16,S1,H1,feller_buncher,5,1194.708925,24.0,0.0,53.48,0,0,24.0,1.0,0.0,0,0.0
16,S1,H2,feller_buncher,5,111.30773800000088,24.0,0.0,0.0,0,0,24.0,1.0,0.0,0,0.0
16,S1,H3,grapple_skidder,5,674.603847,24.0,0.0,54.44,0,0,24.0,1.0,0.0,0,0.0
16,S1,H4,processor,5,481.329283,24.0,0.0,53.24,0,0,24.0,1.0,0.0,0,0.0
16,S1,H5,processor,5,409.43431353038756,24.0,0.0,55.16,1,0,24.0,1.0,0.0,0,0.0
16,S1,H7,loader,5,485.857474,24.0,0.0,55.4,0,0,24.0,1.0,0.0,0,0.0
17,S1,H1,feller_buncher,5,1194.708925,24.0,0.0,0.0,0,0,24.0,1.0,0.0,0,0.0
17,S1,H2,feller_buncher,5,1164.04956,24.0,0.0,54.2,0,0,24.0,1.0,0.0,0,0.0
17,S1,H3,grapple_skidder,5,1164.728216,24.0,0.0,53.24,0,0,24.0,1.0,0.0,0,0.0
17,S1,H4,processor,5,456.082335,24.0,0.0,54.44,0,0,24.0,1.0,0.0,0,0.0
17,S1,H5,processor,5,218.52151199999997,24.0,0.0,54.44,0,0,24.0,1.0,0.0,0,0.0
17,S1,H7,loader,5,360.4793178048438,19.142234322418755,4.857765677581245,53.24,0,0,24.0,0.7975930967674482,4.857765677581245,1,0.0
17,S1,H8,loader,5,451.958924,24.0,0.0,55.16,0,0,24.0,1.0,0.0,0,0.0
18,S1,H1,feller_buncher,5,101.72857703913483,17.370873550963392,6.629126449036608,0.0,0,0,24.0,0.723786397956808,6.629126449036608,1,0.0
18,S1,H2,feller_buncher,5,1164.04956,24.0,0.0,0.0,0,0,24.0,1.0,0.0,0,0.0
18,S1,H3,grapple_skidder,5,739.620424,24.0,0.0,54.68,0,0,24.0,1.0,0.0,0,0.0
18,S1,H4,processor,5,384.6641537972247,17.851030581674625,6.148969418325375,53.24,0,0,24.0,0.7437929409031093,6.148969418325375,1,0.0
18,S1,H5,processor,5,517.165642,24.0,0.0,53.24,0,0,24.0,1.0,0.0,0,0.0
18,S1,H7,loader,5,674.603847,24.0,0.0,54.44,0,0,24.0,1.0,0.0,0,0.0
19,S1,H1,feller_buncher,5,502.7667789999996,24.0,0.0,54.92,0,0,24.0,1.0,0.0,0,0.0
19,S1,H2,feller_buncher,5,256.1621419999998,24.0,0.0,53.24,0,0,24.0,1.0,0.0,0,0.0
19,S1,H3,grapple_skidder,5,1164.728216,24.0,0.0,54.68,0,0,24.0,1.0,0.0,0,0.0
19,S1,H4,processor,5,481.329283,24.0,0.0,54.68,0,0,24.0,1.0,0.0,0,0.0
19,S1,H7,loader,5,687.364703,24.0,0.0,53.24,0,0,24.0,1.0,0.0,0,0.0
20,S1,H1,feller_buncher,5,59.00278800000001,24.0,0.0,53.24,0,0,24.0,1.0,0.0,0,0.0
20,S1,H2,feller_buncher,5,486.3476200000001,24.0,0.0,54.68,0,0,24.0,1.0,0.0,0,0.0
20,S1,H3,grapple_skidder,5,678.968019,24.0,0.0,54.92,0,0,24.0,1.0,0.0,0,0.0
20,S1,H4,processor,5,517.165642,24.0,0.0,54.68,0,0,24.0,1.0,0.0,0,0.0
20,S1,H5,processor,5,517.165642,24.0,0.0,0.0,0,0,24.0,1.0,0.0,0,0.0
20,S1,H6,processor,5,517.165642,24.0,0.0,53.48,0,0,24.0,1.0,0.0,0,0.0
20,S1,H7,loader,5,451.958924,24.0,0.0,54.68,0,0,24.0,1.0,0.0,0,0.0
21,S1,H1,feller_buncher,5,576.960683,24.0,0.0,53.24,0,0,24.0,1.0,0.0,0,0.0
21,S1,H2,feller_buncher,5,364.89843800000006,24.0,0.0,53.72,0,0,24.0,1.0,0.0,0,0.0
21,S1,H3,grapple_skidder,5,1273.711203,24.0,0.0,55.16,0,0,24.0,1.0,0.0,0,0.0
21,S1,H4,processor,5,547.23705,24.0,0.0,54.92,0,0,24.0,1.0,0.0,0,0.0
21,S1,H5,processor,5,454.9644393000003,24.0,0.0,54.92,1,0,24.0,1.0,0.0,0,0.0
21,S1,H7,loader,5,687.364703,24.0,0.0,54.68,0,0,24.0,1.0,0.0,0,0.0
21,S1,H8,loader,5,687.364703,24.0,0.0,54.68,0,0,24.0,1.0,0.0,0,0.0
22,S1,H3,grapple_skidder,5,778.104169,24.0,0.0,54.44,0,0,24.0,1.0,0.0,0,0.0
22,S1,H4,processor,5,441.264891,24.0,0.0,55.16,0,0,24.0,1.0,0.0,0,0.0
22,S1,H5,processor,5,441.264891,24.0,0.0,55.16,0,0,24.0,1.0,0.0,0,0.0
22,S1,H6,processor,5,391.18142100000006,24.0,0.0,53.24,0,0,24.0,1.0,0.0,0,0.0
22,S1,H7,loader,5,485.857474,24.0,0.0,54.92,0,0,24.0,1.0,0.0,0,0.0
22,S1,H8,loader,5,485.857474,24.0,0.0,54.92,0,0,24.0,1.0,0.0,0,0.0
23,S1,H3,grapple_skidder,5,678.968019,24.0,0.0,53.72,0,0,24.0,1.0,0.0,0,0.0
23,S1,H4,processor,5,469.046841,24.0,0.0,54.44,0,0,24.0,1.0,0.0,0,0.0
23,S1,H7,loader,5,733.483855,24.0,0.0,55.16,0,0,24.0,1.0,0.0,0,0.0
23,S1,H8,loader,5,540.2273480000001,24.0,0.0,55.16,0,0,24.0,1.0,0.0,0,0.0
24,S1,H3,grapple_skidder,5,1480.641393,24.0,0.0,55.64,0,0,24.0,1.0,0.0,0,0.0
24,S1,H4,processor,5,547.23705,24.0,0.0,53.72,0,0,24.0,1.0,0.0,0,0.0
24,S1,H7,loader,5,474.741639,24.0,0.0,54.44,0,0,24.0,1.0,0.0,0,0.0
25,S1,H3,grapple_skidder,5,1332.369187,24.0,0.0,53.24,0,0,24.0,1.0,0.0,0,0.0
25,S1,H4,processor,5,569.826226,24.0,0.0,55.64,0,0,24.0,1.0,0.0,0,0.0
25,S1,H5,processor,5,569.826226,24.0,0.0,53.48,0,0,24.0,1.0,0.0,0,0.0
25,S1,H6,processor,5,569.826226,24.0,0.0,53.48,0,0,24.0,1.0,0.0,0,0.0
25,S1,H7,loader,5,485.857474,24.0,0.0,53.72,0,0,24.0,1.0,0.0,0,0.0
26,S1,H3,grapple_skidder,5,678.968019,24.0,0.0,55.4,0,0,24.0,1.0,0.0,0,0.0
26,S1,H4,processor,5,531.895933,24.0,0.0,53.24,0,0,24.0,1.0,0.0,0,0.0
26,S1,H5,processor,5,458.87262233470204,20.705070771866286,3.2949292281337144,53.24,0,0,24.0,0.8627112821610953,3.2949292281337135,1,0.0
26,S1,H7,loader,5,871.651566574883,22.321784390605334,1.678215609394666,55.64,0,0,24.0,0.9300743496085556,1.678215609394667,1,0.0
26,S1,H8,loader,5,937.184825,24.0,0.0,53.48,0,0,24.0,1.0,0.0,0,0.0
27,S1,H3,grapple_skidder,5,739.620424,24.0,0.0,53.24,0,0,24.0,1.0,0.0,0,0.0
27,S1,H4,processor,5,431.3398512134722,24.0,0.0,55.4,0,0,24.0,1.0,0.0,0,0.0
27,S1,H7,loader,5,802.411354,24.0,0.0,53.24,0,0,24.0,1.0,0.0,0,0.0
28,S1,H3,grapple_skidder,5,1480.641393,24.0,0.0,55.4,0,0,24.0,1.0,0.0,0,0.0
28,S1,H4,processor,5,481.329283,24.0,0.0,53.24,0,0,24.0,1.0,0.0,0,0.0
28,S1,H5,processor,5,397.22691951055526,19.806495064737888,4.193504935262112,55.16,0,0,24.0,0.825270627697412,4.193504935262111,1,0.0
28,S1,H7,loader,5,485.857474,24.0,0.0,55.4,0,0,24.0,1.0,0.0,0,0.0
28,S1,H8,loader,5,282.86679851347196,24.0,0.0,55.64,1,0,24.0,1.0,0.0,0,0.0
29,S1,H3,grapple_skidder,5,778.104169,24.0,0.0,54.92,0,0,24.0,1.0,0.0,0,0.0
29,S1,H4,processor,5,569.826226,24.0,0.0,55.4,0,0,24.0,1.0,0.0,0,0.0
29,S1,H5,processor,5,569.826226,24.0,0.0,55.4,0,0,24.0,1.0,0.0,0,0.0
29,S1,H7,loader,5,451.958924,24.0,0.0,53.24,0,0,24.0,1.0,0.0,0,0.0
29,S1,H8,loader,5,451.958924,24.0,0.0,53.24,0,0,24.0,1.0,0.0,0,0.0
30,S1,H3,grapple_skidder,5,614.9936580999992,24.0,0.0,53.72,1,0,24.0,1.0,0.0,0,0.0
30,S1,H4,processor,5,469.046841,24.0,0.0,54.92,0,0,24.0,1.0,0.0,0,0.0
30,S1,H5,processor,5,469.046841,24.0,0.0,54.92,0,0,24.0,1.0,0.0,0,0.0
30,S1,H7,loader,5,937.184825,24.0,0.0,55.4,0,0,24.0,1.0,0.0,0,0.0
31,S1,H3,grapple_skidder,5,923.199854,24.0,0.0,53.96,0,0,24.0,1.0,0.0,0,0.0
31,S1,H4,processor,5,547.23705,24.0,0.0,53.72,0,0,24.0,1.0,0.0,0,0.0
31,S1,H7,loader,5,474.741639,24.0,0.0,54.92,0,0,24.0,1.0,0.0,0,0.0
31,S1,H8,loader,5,474.741639,24.0,0.0,53.48,0,0,24.0,1.0,0.0,0,0.0
32,S1,H3,grapple_skidder,5,778.104169,24.0,0.0,53.24,0,0,24.0,1.0,0.0,0,0.0
32,S1,H4,processor,5,342.46661143910995,20.7668314822079,3.2331685177921017,53.96,0,0,24.0,0.8652846450919958,3.2331685177921035,1,0.0
32,S1,H5,processor,5,395.784917,24.0,0.0,53.24,0,0,24.0,1.0,0.0,0,0.0
32,S1,H7,loader,5,485.857474,24.0,0.0,53.72,0,0,24.0,1.0,0.0,0,0.0
33,S1,H3,grapple_skidder,5,339.9365580000001,24.0,0.0,53.48,0,0,24.0,1.0,0.0,0,0.0
33,S1,H4,processor,5,469.046841,24.0,0.0,53.24,0,0,24.0,1.0,0.0,0,0.0
33,S1,H5,processor,5,469.046841,24.0,0.0,53.24,0,0,24.0,1.0,0.0,0,0.0
33,S1,H7,loader,5,456.725789,24.0,0.0,53.96,0,0,24.0,1.0,0.0,0,0.0
34,S1,H3,grapple_skidder,5,0.0,24.0,0.0,53.24,1,0,24.0,1.0,0.0,0,0.0
34,S1,H4,processor,5,410.4425559999998,24.0,0.0,53.48,0,0,24.0,1.0,0.0,0,0.0
34,S1,H7,loader,5,474.741639,24.0,0.0,53.24,0,0,24.0,1.0,0.0,0,0.0
34,S1,H8,loader,5,474.741639,24.0,0.0,0.0,0,0,24.0,1.0,0.0,0,0.0
35,S1,H3,grapple_skidder,5,566.7369176,24.0,0.0,53.48,0,0,24.0,1.0,0.0,0,0.3
35,S1,H4,processor,5,383.06593499999997,24.0,0.0,53.24,0,0,24.0,1.0,0.0,0,0.3
35,S1,H5,processor,5,57.08672410000015,24.0,0.0,53.72,0,0,24.0,1.0,0.0,0,0.3
35,S1,H7,loader,5,316.3712468,24.0,0.0,53.48,0,0,24.0,1.0,0.0,0,0.3
35,S1,H8,loader,5,94.2940501999995,24.0,0.0,53.48,0,0,24.0,1.0,0.0,0,0.3
36,S1,H3,grapple_skidder,5,544.6729182999999,24.0,0.0,53.24,0,0,24.0,1.0,0.0,0,0.3
36,S1,H4,processor,5,286.75535279999997,24.0,0.0,53.48,0,0,24.0,1.0,0.0,0,0.3
36,S1,H5,processor,5,286.75535279999997,24.0,0.0,53.48,0,0,24.0,1.0,0.0,0,0.3
36,S1,H7,loader,5,340.1002318,24.0,0.0,53.24,0,0,24.0,1.0,0.0,0,0.3
36,S1,H8,loader,5,146.64352429999954,24.0,0.0,53.24,0,0,24.0,1.0,0.0,0,0.3
37,S1,H3,grapple_skidder,5,1332.369187,24.0,0.0,54.68,0,0,24.0,1.0,0.0,0,0.0
37,S1,H4,processor,5,229.27194669744094,24.0,0.0,53.24,0,0,24.0,1.0,0.0,0,0.0
37,S1,H7,loader,5,424.433991,24.0,0.0,53.48,0,0,24.0,1.0,0.0,0,0.0
37,S1,H8,loader,5,424.433991,24.0,0.0,53.48,0,0,24.0,1.0,0.0,0,0.0
38,S1,H3,grapple_skidder,5,438.6400980391345,24.0,0.0,53.24,1,0,24.0,1.0,0.0,0,0.0
38,S1,H4,processor,5,531.895933,24.0,0.0,54.68,0,0,24.0,1.0,0.0,0,0.0
38,S1,H5,processor,5,451.53629068521917,20.37404368806343,3.6259563119365694,54.92,0,0,24.0,0.8489184870026429,3.625956311936568,1,0.0
38,S1,H6,processor,5,531.895933,24.0,0.0,53.24,0,0,24.0,1.0,0.0,0,0.0
38,S1,H7,loader,5,474.741639,24.0,0.0,53.24,0,0,24.0,1.0,0.0,0,0.0
39,S1,H3,grapple_skidder,5,159.77199800000017,24.0,0.0,53.72,0,0,24.0,1.0,0.0,0,0.0
39,S1,H4,processor,5,569.826226,24.0,0.0,53.24,0,0,24.0,1.0,0.0,0,0.0
39,S1,H5,processor,5,321.9544690391348,24.0,0.0,53.24,1,0,24.0,1.0,0.0,0,0.0
39,S1,H7,loader,5,802.411354,24.0,0.0,54.68,0,0,24.0,1.0,0.0,0,0.0
39,S1,H8,loader,5,802.411354,24.0,0.0,54.92,0,0,24.0,1.0,0.0,0,0.0
40,S1,H3,grapple_skidder,5,263.2564275,24.0,0.0,53.48,1,0,24.0,1.0,0.0,0,0.0
40,S1,H4,processor,5,164.19408399999952,24.0,0.0,53.72,0,0,24.0,1.0,0.0,0,0.0
40,S1,H7,loader,5,937.184825,24.0,0.0,53.24,0,0,24.0,1.0,0.0,0,0.0
40,S1,H8,loader,5,233.46212599999876,24.0,0.0,53.24,0,0,24.0,1.0,0.0,0,0.0
41,S1,H3,grapple_skidder,5,576.960683,24.0,0.0,54.2,0,0,24.0,1.0,0.0,0,0.0
41,S1,H4,processor,5,427.1567984800786,24.0,0.0,53.48,1,0,24.0,1.0,0.0,0,0.0
41,S1,H5,processor,5,0.0,24.0,0.0,53.24,1,0,24.0,1.0,0.0,0,0.0
41,S1,H7,loader,5,555.4266967972246,24.0,0.0,53.72,1,0,24.0,1.0,0.0,0,0.0
41,S1,H8,loader,5,0.0,24.0,0.0,53.72,1,0,24.0,1.0,0.0,0,0.0
42,S1,H3,grapple_skidder,5,1045.106301,24.0,0.0,53.24,0,0,24.0,1.0,0.0,0,0.0
42,S1,H4,processor,5,428.751305,24.0,0.0,54.2,0,0,24.0,1.0,0.0,0,0.0
42,S1,H5,processor,5,148.20937800000002,24.0,0.0,54.2,0,0,24.0,1.0,0.0,0,0.0
42,S1,H7,loader,5,778.2650515000004,24.0,0.0,53.48,1,0,24.0,1.0,0.0,0,0.0
42,S1,H8,loader,5,0.0,24.0,0.0,53.48,1,0,24.0,1.0,0.0,0,0.0
1,S1,H1,feller_buncher,6,1176.844281,24.0,0.0,0.0,0,0,24.0,1.0,0.0,0,0.0
1,S1,H2,feller_buncher,6,1299.478592,24.0,0.0,0.0,0,0,24.0,1.0,0.0,0,0.0
2,S1,H1,feller_buncher,6,1164.04956,24.0,0.0,54.2,0,0,24.0,1.0,0.0,0,0.0
2,S1,H2,feller_buncher,6,1299.478592,24.0,0.0,0.0,0,0,24.0,1.0,0.0,0,0.0
2,S1,H3,grapple_skidder,6,1164.728216,24.0,0.0,0.0,0,0,24.0,1.0,0.0,0,0.0
3,S1,H1,feller_buncher,6,888.796776,24.0,0.0,53.24,0,0,24.0,1.0,0.0,0,0.0
3,S1,H2,feller_buncher,6,1299.478592,24.0,0.0,0.0,0,0,24.0,1.0,0.0,0,0.0
3,S1,H3,grapple_skidder,6,778.104169,24.0,0.0,54.2,0,0,24.0,1.0,0.0,0,0.0
3,S1,H4,processor,6,517.165642,24.0,0.0,0.0,0,0,24.0,1.0,0.0,0,0.0
3,S1,H5,processor,6,517.165642,24.0,0.0,0.0,0,0,24.0,1.0,0.0,0,0.0
4,S1,H1,feller_buncher,6,961.553907,24.0,0.0,53.24,0,0,24.0,1.0,0.0,0,0.0
4,S1,H2,feller_buncher,6,1299.478592,24.0,0.0,0.0,0,0,24.0,1.0,0.0,0,0.0
4,S1,H3,grapple_skidder,6,603.3156748600346,17.884318142835916,6.115681857164084,53.24,0,0,24.0,0.7451799226181631,6.115681857164086,1,0.0
4,S1,H4,processor,6,469.046841,24.0,0.0,54.2,0,0,24.0,1.0,0.0,0,0.0
4,S1,H7,loader,6,687.364703,24.0,0.0,0.0,0,0,24.0,1.0,0.0,0,0.0
5,S1,H1,feller_buncher,6,356.0085949999998,24.0,0.0,53.24,0,0,24.0,1.0,0.0,0,0.0
5,S1,H2,feller_buncher,6,1194.708925,24.0,0.0,55.64,0,0,24.0,1.0,0.0,0,0.0
5,S1,H3,grapple_skidder,6,739.620424,24.0,0.0,53.24,0,0,24.0,1.0,0.0,0,0.0
5,S1,H4,processor,6,409.650504,24.0,0.0,53.24,0,0,24.0,1.0,0.0,0,0.0
6,S1,H1,feller_buncher,6,1220.906942,24.0,0.0,55.4,0,0,24.0,1.0,0.0,0,0.0
6,S1,H2,feller_buncher,6,1164.04956,24.0,0.0,54.92,0,0,24.0,1.0,0.0,0,0.0
6,S1,H3,grapple_skidder,6,678.968019,24.0,0.0,53.24,0,0,24.0,1.0,0.0,0,0.0
6,S1,H4,processor,6,481.329283,24.0,0.0,53.24,0,0,24.0,1.0,0.0,0,0.0
7,S1,H1,feller_buncher,6,1176.844281,24.0,0.0,53.48,0,0,24.0,1.0,0.0,0,0.0
7,S1,H2,feller_buncher,6,1220.906942,24.0,0.0,54.68,0,0,24.0,1.0,0.0,0,0.0
7,S1,H3,grapple_skidder,6,778.104169,24.0,0.0,53.72,0,0,24.0,1.0,0.0,0,0.0
7,S1,H4,processor,6,547.23705,24.0,0.0,53.24,0,0,24.0,1.0,0.0,0,0.0
7,S1,H7,loader,6,451.958924,24.0,0.0,54.68,0,0,24.0,1.0,0.0,0,0.0
8,S1,H1,feller_buncher,6,674.603847,24.0,0.0,53.24,0,0,24.0,1.0,0.0,0,0.0
8,S1,H2,feller_buncher,6,1220.906942,24.0,0.0,0.0,0,0,24.0,1.0,0.0,0,0.0
8,S1,H3,grapple_skidder,6,678.968019,24.0,0.0,53.72,0,0,24.0,1.0,0.0,0,0.0
8,S1,H4,processor,6,469.046841,24.0,0.0,53.72,0,0,24.0,1.0,0.0,0,0.0
8,S1,H5,processor,6,469.046841,24.0,0.0,54.2,0,0,24.0,1.0,0.0,0,0.0
8,S1,H7,loader,6,485.857474,24.0,0.0,53.24,0,0,24.0,1.0,0.0,0,0.0
9,S1,H1,feller_buncher,6,1194.708925,24.0,0.0,53.96,0,0,24.0,1.0,0.0,0,0.0
9,S1,H2,feller_buncher,6,961.553907,24.0,0.0,55.16,0,0,24.0,1.0,0.0,0,0.0
9,S1,H3,grapple_skidder,6,1332.369187,24.0,0.0,55.4,0,0,24.0,1.0,0.0,0,0.0
9,S1,H4,processor,6,547.23705,24.0,0.0,53.72,0,0,24.0,1.0,0.0,0,0.0
9,S1,H7,loader,6,474.741639,24.0,0.0,53.72,0,0,24.0,1.0,0.0,0,0.0
9,S1,H8,loader,6,474.741639,24.0,0.0,0.0,0,0,24.0,1.0,0.0,0,0.0
10,S1,H1,feller_buncher,6,961.553907,24.0,0.0,55.4,0,0,24.0,1.0,0.0,0,0.0
10,S1,H2,feller_buncher,6,860.013242,24.0,0.0,53.72,0,0,24.0,1.0,0.0,0,0.0
10,S1,H3,grapple_skidder,6,1480.641393,24.0,0.0,53.24,0,0,24.0,1.0,0.0,0,0.0
10,S1,H4,processor,6,531.895933,24.0,0.0,55.4,0,0,24.0,1.0,0.0,0,0.0
10,S1,H5,processor,6,531.895933,24.0,0.0,54.68,0,0,24.0,1.0,0.0,0,0.0
10,S1,H7,loader,6,485.857474,24.0,0.0,53.72,0,0,24.0,1.0,0.0,0,0.0
11,S1,H1,feller_buncher,6,602.0092694,24.0,0.0,53.72,0,0,24.0,1.0,0.0,0,0.3
11,S1,H2,feller_buncher,6,854.6348594,24.0,0.0,54.44,0,0,24.0,1.0,0.0,0,0.3
11,S1,H3,grapple_skidder,6,815.3097511999999,24.0,0.0,53.72,0,0,24.0,1.0,0.0,0,0.3
11,S1,H4,processor,6,398.8783582,24.0,0.0,53.24,0,0,24.0,1.0,0.0,0,0.3
11,S1,H5,processor,6,398.8783582,24.0,0.0,53.24,0,0,24.0,1.0,0.0,0,0.3
11,S1,H7,loader,6,561.6879478,24.0,0.0,55.4,0,0,24.0,1.0,0.0,0,0.3
12,S1,H1,feller_buncher,6,709.1054075,24.0,0.0,54.44,0,0,24.0,1.0,0.0,0,0.3
12,S1,H2,feller_buncher,6,622.1577432,24.0,0.0,54.92,0,0,24.0,1.0,0.0,0,0.3
12,S1,H3,grapple_skidder,6,475.2776133,24.0,0.0,54.92,0,0,24.0,1.0,0.0,0,0.3
12,S1,H4,processor,6,362.0159494,24.0,0.0,53.72,0,0,24.0,1.0,0.0,0,0.3
12,S1,H5,processor,6,362.0159494,24.0,0.0,53.72,0,0,24.0,1.0,0.0,0,0.3
12,S1,H7,loader,6,656.0293775,24.0,0.0,53.24,0,0,24.0,1.0,0.0,0,0.3
13,S1,H1,feller_buncher,6,413.7565330000002,24.0,0.0,55.16,0,0,24.0,1.0,0.0,0,0.0
13,S1,H2,feller_buncher,6,680.207863,24.0,0.0,53.96,0,0,24.0,1.0,0.0,0,0.0
13,S1,H3,grapple_skidder,6,1332.369187,24.0,0.0,55.4,0,0,24.0,1.0,0.0,0,0.0
13,S1,H4,processor,6,547.23705,24.0,0.0,54.92,0,0,24.0,1.0,0.0,0,0.0
13,S1,H7,loader,6,687.364703,24.0,0.0,53.72,0,0,24.0,1.0,0.0,0,0.0
13,S1,H8,loader,6,383.6337768000001,20.598000783581092,3.4019992164189077,54.2,1,0,24.0,0.8582500326492122,3.401999216418907,1,0.0
14,S1,H1,feller_buncher,6,1164.04956,24.0,0.0,53.48,0,0,24.0,1.0,0.0,0,0.0
14,S1,H2,feller_buncher,6,1176.844281,24.0,0.0,53.48,0,0,24.0,1.0,0.0,0,0.0
14,S1,H3,grapple_skidder,6,678.968019,24.0,0.0,55.4,0,0,24.0,1.0,0.0,0,0.0
14,S1,H4,processor,6,239.12567544315496,24.0,0.0,55.4,0,0,24.0,1.0,0.0,0,0.0
14,S1,H5,processor,6,239.12567544315496,24.0,0.0,53.48,0,0,24.0,1.0,0.0,0,0.0
14,S1,H6,processor,6,239.12567544315496,24.0,0.0,0.0,0,0,24.0,1.0,0.0,0,0.0
14,S1,H7,loader,6,485.857474,24.0,0.0,54.92,0,0,24.0,1.0,0.0,0,0.0
15,S1,H1,feller_buncher,6,787.363583,24.0,0.0,54.44,0,0,24.0,1.0,0.0,0,0.0
15,S1,H2,feller_buncher,6,1176.844281,24.0,0.0,0.0,0,0,24.0,1.0,0.0,0,0.0
15,S1,H3,grapple_skidder,6,739.620424,24.0,0.0,53.24,0,0,24.0,1.0,0.0,0,0.0
15,S1,H4,processor,6,547.23705,24.0,0.0,55.4,0,0,24.0,1.0,0.0,0,0.0
15,S1,H7,loader,6,802.411354,24.0,0.0,55.4,0,0,24.0,1.0,0.0,0,0.0
15,S1,H8,loader,6,417.069590529465,24.0,0.0,53.48,1,0,24.0,1.0,0.0,0,0.0
16,S1,H1,feller_buncher,6,1194.708925,24.0,0.0,53.48,0,0,24.0,1.0,0.0,0,0.0
16,S1,H2,feller_buncher,6,111.30773800000088,24.0,0.0,0.0,0,0,24.0,1.0,0.0,0,0.0
16,S1,H3,grapple_skidder,6,674.603847,24.0,0.0,54.44,0,0,24.0,1.0,0.0,0,0.0
16,S1,H4,processor,6,481.329283,24.0,0.0,53.24,0,0,24.0,1.0,0.0,0,0.0
16,S1,H5,processor,6,481.329283,24.0,0.0,55.16,0,0,24.0,1.0,0.0,0,0.0
16,S1,H7,loader,6,485.857474,24.0,0.0,55.4,0,0,24.0,1.0,0.0,0,0.0
17,S1,H1,feller_buncher,6,1194.708925,24.0,0.0,0.0,0,0,24.0,1.0,0.0,0,0.0
17,S1,H2,feller_buncher,6,1164.04956,24.0,0.0,54.2,0,0,24.0,1.0,0.0,0,0.0
17,S1,H3,grapple_skidder,6,1164.728216,24.0,0.0,53.24,0,0,24.0,1.0,0.0,0,0.0
17,S1,H4,processor,6,456.082335,24.0,0.0,54.44,0,0,24.0,1.0,0.0,0,0.0
17,S1,H5,processor,6,218.52151199999997,24.0,0.0,54.44,0,0,24.0,1.0,0.0,0,0.0
17,S1,H7,loader,6,451.958924,24.0,0.0,53.24,0,0,24.0,1.0,0.0,0,0.0
17,S1,H8,loader,6,451.958924,24.0,0.0,55.16,0,0,24.0,1.0,0.0,0,0.0
18,S1,H1,feller_buncher,6,140.55055100000027,24.0,0.0,0.0,0,0,24.0,1.0,0.0,0,0.0
18,S1,H2,feller_buncher,6,1164.04956,24.0,0.0,0.0,0,0,24.0,1.0,0.0,0,0.0
18,S1,H3,grapple_skidder,6,536.2965196374006,24.0,0.0,54.68,0,0,24.0,1.0,0.0,0,0.0
18,S1,H4,processor,6,275.3218395208115,24.0,0.0,53.24,0,0,24.0,1.0,0.0,0,0.0
18,S1,H5,processor,6,234.43806048338095,20.436131987908777,3.5638680120912234,53.24,0,0,24.0,0.851505499496199,3.563868012091222,1,0.0
18,S1,H7,loader,6,674.603847,24.0,0.0,54.44,0,0,24.0,1.0,0.0,0,0.0
19,S1,H1,feller_buncher,6,502.7667789999996,24.0,0.0,54.92,0,0,24.0,1.0,0.0,0,0.0
19,S1,H2,feller_buncher,6,256.1621419999998,24.0,0.0,53.24,0,0,24.0,1.0,0.0,0,0.0
19,S1,H3,grapple_skidder,6,1164.728216,24.0,0.0,54.68,0,0,24.0,1.0,0.0,0,0.0
19,S1,H4,processor,6,481.329283,24.0,0.0,54.68,0,0,24.0,1.0,0.0,0,0.0
19,S1,H7,loader,6,509.75990000419245,24.0,0.0,53.24,1,0,24.0,1.0,0.0,0,0.0
20,S1,H1,feller_buncher,6,59.00278800000001,24.0,0.0,53.24,0,0,24.0,1.0,0.0,0,0.0
20,S1,H2,feller_buncher,6,486.3476200000001,24.0,0.0,54.68,0,0,24.0,1.0,0.0,0,0.0
20,S1,H3,grapple_skidder,6,678.968019,24.0,0.0,54.92,0,0,24.0,1.0,0.0,0,0.0
20,S1,H4,processor,6,517.165642,24.0,0.0,54.68,0,0,24.0,1.0,0.0,0,0.0
20,S1,H5,processor,6,517.165642,24.0,0.0,0.0,0,0,24.0,1.0,0.0,0,0.0
20,S1,H6,processor,6,517.165642,24.0,0.0,53.48,0,0,24.0,1.0,0.0,0,0.0
20,S1,H7,loader,6,451.958924,24.0,0.0,54.68,0,0,24.0,1.0,0.0,0,0.0
21,S1,H1,feller_buncher,6,576.960683,24.0,0.0,53.24,0,0,24.0,1.0,0.0,0,0.0
21,S1,H2,feller_buncher,6,364.89843800000006,24.0,0.0,53.72,0,0,24.0,1.0,0.0,0,0.0
21,S1,H3,grapple_skidder,6,820.6949371348319,15.464006632621226,8.535993367378774,55.16,0,0,24.0,0.644333609692551,8.535993367378774,1,0.0
21,S1,H4,processor,6,547.23705,24.0,0.0,54.92,0,0,24.0,1.0,0.0,0,0.0
21,S1,H5,processor,6,454.9644393000003,24.0,0.0,54.92,1,0,24.0,1.0,0.0,0,0.0
21,S1,H7,loader,6,687.364703,24.0,0.0,54.68,0,0,24.0,1.0,0.0,0,0.0
21,S1,H8,loader,6,687.364703,24.0,0.0,54.68,0,0,24.0,1.0,0.0,0,0.0
22,S1,H3,grapple_skidder,6,778.104169,24.0,0.0,54.44,0,0,24.0,1.0,0.0,0,0.0
22,S1,H4,processor,6,441.264891,24.0,0.0,55.16,0,0,24.0,1.0,0.0,0,0.0
22,S1,H5,processor,6,379.4300461348319,24.0,0.0,55.16,1,0,24.0,1.0,0.0,0,0.0
22,S1,H6,processor,6,0.0,24.0,0.0,53.24,1,0,24.0,1.0,0.0,0,0.0
22,S1,H7,loader,6,485.857474,24.0,0.0,54.92,0,0,24.0,1.0,0.0,0,0.0
22,S1,H8,loader,6,485.857474,24.0,0.0,54.92,0,0,24.0,1.0,0.0,0,0.0
23,S1,H3,grapple_skidder,6,475.2776133,24.0,0.0,53.72,0,0,24.0,1.0,0.0,0,0.3
23,S1,H4,processor,6,328.3327887,24.0,0.0,54.44,0,0,24.0,1.0,0.0,0,0.3
23,S1,H7,loader,6,513.4386985,24.0,0.0,55.16,0,0,24.0,1.0,0.0,0,0.3
23,S1,H8,loader,6,307.2562386348319,24.0,0.0,55.16,1,0,24.0,1.0,0.0,0,0.3
24,S1,H3,grapple_skidder,6,1053.7287857450629,24.0,0.0,55.64,0,0,24.0,1.0,0.0,0,0.0
24,S1,H4,processor,6,412.6247762460899,18.096352631654156,5.903647368345844,53.72,0,0,24.0,0.7540146929855899,5.903647368345842,1,0.0
24,S1,H7,loader,6,474.741639,24.0,0.0,54.44,0,0,24.0,1.0,0.0,0,0.0
25,S1,H3,grapple_skidder,6,1332.369187,24.0,0.0,53.24,0,0,24.0,1.0,0.0,0,0.0
25,S1,H4,processor,6,569.826226,24.0,0.0,55.64,0,0,24.0,1.0,0.0,0,0.0
25,S1,H5,processor,6,569.826226,24.0,0.0,53.48,0,0,24.0,1.0,0.0,0,0.0
25,S1,H6,processor,6,569.826226,24.0,0.0,53.48,0,0,24.0,1.0,0.0,0,0.0
25,S1,H7,loader,6,485.857474,24.0,0.0,53.72,0,0,24.0,1.0,0.0,0,0.0
26,S1,H3,grapple_skidder,6,678.968019,24.0,0.0,55.4,0,0,24.0,1.0,0.0,0,0.0
26,S1,H4,processor,6,274.6058649014136,24.0,0.0,53.24,0,0,24.0,1.0,0.0,0,0.0
26,S1,H5,processor,6,274.6058649014136,24.0,0.0,53.24,0,0,24.0,1.0,0.0,0,0.0
26,S1,H7,loader,6,937.184825,24.0,0.0,55.64,0,0,24.0,1.0,0.0,0,0.0
26,S1,H8,loader,6,914.0211918999998,24.0,0.0,53.48,1,0,24.0,1.0,0.0,0,0.0
27,S1,H3,grapple_skidder,6,316.2859490858138,24.0,0.0,53.24,0,0,24.0,1.0,0.0,0,0.0
27,S1,H4,processor,6,547.23705,24.0,0.0,55.4,0,0,24.0,1.0,0.0,0,0.0
27,S1,H7,loader,6,549.2117298028272,24.0,0.0,53.24,1,0,24.0,1.0,0.0,0,0.0
28,S1,H3,grapple_skidder,6,1480.641393,24.0,0.0,55.4,0,0,24.0,1.0,0.0,0,0.0
28,S1,H4,processor,6,406.50618472321435,24.0,0.0,53.24,1,0,24.0,1.0,0.0,0,0.0
28,S1,H5,processor,6,0.0,24.0,0.0,55.16,1,0,24.0,1.0,0.0,0,0.0
28,S1,H7,loader,6,485.857474,24.0,0.0,55.4,0,0,24.0,1.0,0.0,0,0.0
28,S1,H8,loader,6,264.15172354608967,24.0,0.0,55.64,1,0,24.0,1.0,0.0,0,0.0
29,S1,H3,grapple_skidder,6,778.104169,24.0,0.0,54.92,0,0,24.0,1.0,0.0,0,0.0
29,S1,H4,processor,6,569.826226,24.0,0.0,55.4,0,0,24.0,1.0,0.0,0,0.0
29,S1,H5,processor,6,569.826226,24.0,0.0,55.4,0,0,24.0,1.0,0.0,0,0.0
29,S1,H7,loader,6,451.958924,24.0,0.0,53.24,0,0,24.0,1.0,0.0,0,0.0
29,S1,H8,loader,6,72.02869672321413,22.17510483350125,1.8248951664987487,53.24,1,0,24.0,0.9239627013958854,1.8248951664987496,1,0.0
30,S1,H3,grapple_skidder,6,678.968019,24.0,0.0,53.72,0,0,24.0,1.0,0.0,0,0.0
30,S1,H4,processor,6,469.046841,24.0,0.0,54.92,0,0,24.0,1.0,0.0,0,0.0
30,S1,H5,processor,6,469.046841,24.0,0.0,54.92,0,0,24.0,1.0,0.0,0,0.0
30,S1,H7,loader,6,937.184825,24.0,0.0,55.4,0,0,24.0,1.0,0.0,0,0.0
31,S1,H3,grapple_skidder,6,923.199854,24.0,0.0,53.96,0,0,24.0,1.0,0.0,0,0.0
31,S1,H4,processor,6,547.23705,24.0,0.0,53.72,0,0,24.0,1.0,0.0,0,0.0
31,S1,H7,loader,6,474.741639,24.0,0.0,54.92,0,0,24.0,1.0,0.0,0,0.0
31,S1,H8,loader,6,474.741639,24.0,0.0,53.48,0,0,24.0,1.0,0.0,0,0.0
32,S1,H3,grapple_skidder,6,778.104169,24.0,0.0,53.24,0,0,24.0,1.0,0.0,0,0.0
32,S1,H4,processor,6,395.784917,24.0,0.0,53.96,0,0,24.0,1.0,0.0,0,0.0
32,S1,H5,processor,6,395.784917,24.0,0.0,53.24,0,0,24.0,1.0,0.0,0,0.0
32,S1,H7,loader,6,485.857474,24.0,0.0,53.72,0,0,24.0,1.0,0.0,0,0.0
33,S1,H3,grapple_skidder,6,237.95559060000005,24.0,0.0,53.48,0,0,24.0,1.0,0.0,0,0.3
33,S1,H4,processor,6,328.3327887,24.0,0.0,53.24,0,0,24.0,1.0,0.0,0,0.3
33,S1,H5,processor,6,328.3327887,24.0,0.0,53.24,0,0,24.0,1.0,0.0,0,0.3
33,S1,H7,loader,6,319.7080523,24.0,0.0,53.96,0,0,24.0,1.0,0.0,0,0.3
34,S1,H3,grapple_skidder,6,122.17881099999954,24.0,0.0,53.24,0,0,24.0,1.0,0.0,0,0.0
34,S1,H4,processor,6,237.95559060000005,24.0,0.0,53.48,1,0,24.0,1.0,0.0,0,0.0
34,S1,H7,loader,6,375.1257751306031,18.964038254783194,5.035961745216806,53.24,0,0,24.0,0.7901682606159665,5.035961745216806,1,0.0
34,S1,H8,loader,6,474.741639,24.0,0.0,0.0,0,0,24.0,1.0,0.0,0,0.0
35,S1,H3,grapple_skidder,6,566.7369176,24.0,0.0,53.48,0,0,24.0,1.0,0.0,0,0.3
35,S1,H4,processor,6,383.06593499999997,24.0,0.0,53.24,0,0,24.0,1.0,0.0,0,0.3
35,S1,H5,processor,6,57.08672410000015,24.0,0.0,53.72,0,0,24.0,1.0,0.0,0,0.3
35,S1,H7,loader,6,237.95559060000005,24.0,0.0,53.48,1,0,24.0,1.0,0.0,0,0.3
35,S1,H8,loader,6,0.0,24.0,0.0,53.48,1,0,24.0,1.0,0.0,0,0.3
36,S1,H3,grapple_skidder,6,778.104169,24.0,0.0,53.24,0,0,24.0,1.0,0.0,0,0.0
36,S1,H4,processor,6,228.61715130532173,24.0,0.0,53.48,0,0,24.0,1.0,0.0,0,0.0
36,S1,H5,processor,6,228.61715130532173,24.0,0.0,53.48,0,0,24.0,1.0,0.0,0,0.0
36,S1,H7,loader,6,485.857474,24.0,0.0,53.24,0,0,24.0,1.0,0.0,0,0.0
36,S1,H8,loader,6,15.674761100000012,24.0,0.0,53.24,1,0,24.0,1.0,0.0,0,0.0
37,S1,H3,grapple_skidder,6,1229.3535319000005,24.0,0.0,54.68,1,0,24.0,1.0,0.0,0,0.0
37,S1,H4,processor,6,469.046841,24.0,0.0,53.24,0,0,24.0,1.0,0.0,0,0.0
37,S1,H7,loader,6,424.433991,24.0,0.0,53.48,0,0,24.0,1.0,0.0,0,0.0
37,S1,H8,loader,6,424.433991,24.0,0.0,53.48,0,0,24.0,1.0,0.0,0,0.0
38,S1,H3,grapple_skidder,6,477.4620719999998,24.0,0.0,53.24,0,0,24.0,1.0,0.0,0,0.0
38,S1,H4,processor,6,531.895933,24.0,0.0,54.68,0,0,24.0,1.0,0.0,0,0.0
38,S1,H5,processor,6,531.895933,24.0,0.0,54.92,0,0,24.0,1.0,0.0,0,0.0
38,S1,H6,processor,6,531.895933,24.0,0.0,53.24,0,0,24.0,1.0,0.0,0,0.0
38,S1,H7,loader,6,474.741639,24.0,0.0,53.24,0,0,24.0,1.0,0.0,0,0.0
39,S1,H3,grapple_skidder,6,159.77199800000017,24.0,0.0,53.72,0,0,24.0,1.0,0.0,0,0.0
39,S1,H4,processor,6,569.826226,24.0,0.0,53.24,0,0,24.0,1.0,0.0,0,0.0
39,S1,H5,processor,6,275.7595713450627,18.48510555900802,5.514894440991981,53.24,1,0,24.0,0.7702127316253341,5.514894440991981,1,0.0
39,S1,H7,loader,6,802.411354,24.0,0.0,54.68,0,0,24.0,1.0,0.0,0,0.0
39,S1,H8,loader,6,793.2764450000001,24.0,0.0,54.92,1,0,24.0,1.0,0.0,0,0.0
40,S1,H3,grapple_skidder,6,0.0,24.0,0.0,53.48,1,0,24.0,1.0,0.0,0,0.0
40,S1,H4,processor,6,164.19408399999952,24.0,0.0,53.72,0,0,24.0,1.0,0.0,0,0.0
40,S1,H7,loader,6,937.184825,24.0,0.0,53.24,0,0,24.0,1.0,0.0,0,0.0
40,S1,H8,loader,6,110.86859934506265,24.0,0.0,53.24,1,0,24.0,1.0,0.0,0,0.0
41,S1,H3,grapple_skidder,6,576.960683,24.0,0.0,54.2,0,0,24.0,1.0,0.0,0,0.0
41,S1,H4,processor,6,531.895933,24.0,0.0,53.48,0,0,24.0,1.0,0.0,0,0.0
41,S1,H5,processor,6,45.780229999999165,24.0,0.0,53.24,0,0,24.0,1.0,0.0,0,0.0
41,S1,H7,loader,6,340.96160399999985,24.0,0.0,53.72,1,0,24.0,1.0,0.0,0,0.0
41,S1,H8,loader,6,0.0,24.0,0.0,53.72,1,0,24.0,1.0,0.0,0,0.0
42,S1,H3,grapple_skidder,6,1045.106301,24.0,0.0,53.24,0,0,24.0,1.0,0.0,0,0.0
42,S1,H4,processor,6,428.751305,24.0,0.0,54.2,0,0,24.0,1.0,0.0,0,0.0
42,S1,H5,processor,6,148.20937800000002,24.0,0.0,54.2,0,0,24.0,1.0,0.0,0,0.0
42,S1,H7,loader,6,577.6761629999992,24.0,0.0,53.48,1,0,24.0,1.0,0.0,0,0.0
42,S1,H8,loader,6,0.0,22.924299456422194,1.0757005435778062,53.48,1,0,24.0,0.9551791440175914,1.0757005435778062,1,0.0
1,S1,H1,feller_buncher,7,1176.844281,24.0,0.0,0.0,0,0,24.0,1.0,0.0,0,0.0
1,S1,H2,feller_buncher,7,1299.478592,24.0,0.0,0.0,0,0,24.0,1.0,0.0,0,0.0
2,S1,H1,feller_buncher,7,1164.04956,24.0,0.0,54.2,0,0,24.0,1.0,0.0,0,0.0
2,S1,H2,feller_buncher,7,1299.478592,24.0,0.0,0.0,0,0,24.0,1.0,0.0,0,0.0
2,S1,H3,grapple_skidder,7,1164.728216,24.0,0.0,0.0,0,0,24.0,1.0,0.0,0,0.0
3,S1,H1,feller_buncher,7,888.796776,24.0,0.0,53.24,0,0,24.0,1.0,0.0,0,0.0
3,S1,H2,feller_buncher,7,1127.7143612197353,20.827695689559807,3.172304310440193,0.0,0,0,24.0,0.8678206537316586,3.1723043104401927,1,0.0
3,S1,H3,grapple_skidder,7,778.104169,24.0,0.0,54.2,0,0,24.0,1.0,0.0,0,0.0
3,S1,H4,processor,7,517.165642,24.0,0.0,0.0,0,0,24.0,1.0,0.0,0,0.0
3,S1,H5,processor,7,433.8668771617937,20.134371285018673,3.8656287149813267,0.0,0,0,24.0,0.8389321368757781,3.8656287149813275,1,0.0
4,S1,H1,feller_buncher,7,961.553907,24.0,0.0,53.24,0,0,24.0,1.0,0.0,0,0.0
4,S1,H2,feller_buncher,7,1299.478592,24.0,0.0,0.0,0,0,24.0,1.0,0.0,0,0.0
4,S1,H3,grapple_skidder,7,809.624168,24.0,0.0,53.24,0,0,24.0,1.0,0.0,0,0.0
4,S1,H4,processor,7,469.046841,24.0,0.0,54.2,0,0,24.0,1.0,0.0,0,0.0
4,S1,H7,loader,7,687.364703,24.0,0.0,0.0,0,0,24.0,1.0,0.0,0,0.0
5,S1,H1,feller_buncher,7,356.0085949999998,24.0,0.0,53.24,0,0,24.0,1.0,0.0,0,0.0
5,S1,H2,feller_buncher,7,1194.708925,24.0,0.0,55.64,0,0,24.0,1.0,0.0,0,0.0
5,S1,H3,grapple_skidder,7,739.620424,24.0,0.0,53.24,0,0,24.0,1.0,0.0,0,0.0
5,S1,H4,processor,7,221.18623090619917,20.8626686685644,3.1373313314356004,53.24,0,0,24.0,0.8692778611901834,3.137331331435599,1,0.0
6,S1,H1,feller_buncher,7,1220.906942,24.0,0.0,55.4,0,0,24.0,1.0,0.0,0,0.0
6,S1,H2,feller_buncher,7,1164.04956,24.0,0.0,54.92,0,0,24.0,1.0,0.0,0,0.0
6,S1,H3,grapple_skidder,7,678.968019,24.0,0.0,53.24,0,0,24.0,1.0,0.0,0,0.0
6,S1,H4,processor,7,481.329283,24.0,0.0,53.24,0,0,24.0,1.0,0.0,0,0.0
7,S1,H1,feller_buncher,7,1176.844281,24.0,0.0,53.48,0,0,24.0,1.0,0.0,0,0.0
7,S1,H2,feller_buncher,7,1220.906942,24.0,0.0,54.68,0,0,24.0,1.0,0.0,0,0.0
7,S1,H3,grapple_skidder,7,778.104169,24.0,0.0,53.72,0,0,24.0,1.0,0.0,0,0.0
7,S1,H4,processor,7,547.23705,24.0,0.0,53.24,0,0,24.0,1.0,0.0,0,0.0
7,S1,H7,loader,7,451.958924,24.0,0.0,54.68,0,0,24.0,1.0,0.0,0,0.0
8,S1,H1,feller_buncher,7,674.603847,24.0,0.0,53.24,0,0,24.0,1.0,0.0,0,0.0
8,S1,H2,feller_buncher,7,1220.906942,24.0,0.0,0.0,0,0,24.0,1.0,0.0,0,0.0
8,S1,H3,grapple_skidder,7,390.42221713165685,24.0,0.0,53.72,0,0,24.0,1.0,0.0,0,0.0
8,S1,H4,processor,7,469.046841,24.0,0.0,53.72,0,0,24.0,1.0,0.0,0,0.0
8,S1,H5,processor,7,469.046841,24.0,0.0,54.2,0,0,24.0,1.0,0.0,0,0.0
8,S1,H7,loader,7,279.3792150747329,24.0,0.0,53.24,0,0,24.0,1.0,0.0,0,0.0
9,S1,H1,feller_buncher,7,1194.708925,24.0,0.0,53.96,0,0,24.0,1.0,0.0,0,0.0
9,S1,H2,feller_buncher,7,961.553907,24.0,0.0,55.16,0,0,24.0,1.0,0.0,0,0.0
9,S1,H3,grapple_skidder,7,1332.369187,24.0,0.0,55.4,0,0,24.0,1.0,0.0,0,0.0
9,S1,H4,processor,7,522.1531861316569,24.0,0.0,53.72,1,0,24.0,1.0,0.0,0,0.0
9,S1,H7,loader,7,474.741639,24.0,0.0,53.72,0,0,24.0,1.0,0.0,0,0.0
9,S1,H8,loader,7,474.741639,24.0,0.0,0.0,0,0,24.0,1.0,0.0,0,0.0
10,S1,H1,feller_buncher,7,459.52122182708706,24.0,0.0,55.4,0,0,24.0,1.0,0.0,0,0.0
10,S1,H2,feller_buncher,7,860.013242,24.0,0.0,53.72,0,0,24.0,1.0,0.0,0,0.0
10,S1,H3,grapple_skidder,7,1480.641393,24.0,0.0,53.24,0,0,24.0,1.0,0.0,0,0.0
10,S1,H4,processor,7,531.895933,24.0,0.0,55.4,0,0,24.0,1.0,0.0,0,0.0
10,S1,H5,processor,7,531.895933,24.0,0.0,54.68,0,0,24.0,1.0,0.0,0,0.0
10,S1,H7,loader,7,485.857474,24.0,0.0,53.72,0,0,24.0,1.0,0.0,0,0.0
11,S1,H1,feller_buncher,7,860.013242,24.0,0.0,53.72,0,0,24.0,1.0,0.0,0,0.0
11,S1,H2,feller_buncher,7,1220.906942,24.0,0.0,54.44,0,0,24.0,1.0,0.0,0,0.0
11,S1,H3,grapple_skidder,7,1164.728216,24.0,0.0,53.72,0,0,24.0,1.0,0.0,0,0.0
11,S1,H4,processor,7,569.826226,24.0,0.0,53.24,0,0,24.0,1.0,0.0,0,0.0
11,S1,H5,processor,7,569.826226,24.0,0.0,53.24,0,0,24.0,1.0,0.0,0,0.0
11,S1,H7,loader,7,802.411354,24.0,0.0,55.4,0,0,24.0,1.0,0.0,0,0.0
12,S1,H1,feller_buncher,7,1013.0077249999999,24.0,0.0,54.44,0,0,24.0,1.0,0.0,0,0.0
12,S1,H2,feller_buncher,7,888.796776,24.0,0.0,54.92,0,0,24.0,1.0,0.0,0,0.0
12,S1,H3,grapple_skidder,7,678.968019,24.0,0.0,54.92,0,0,24.0,1.0,0.0,0,0.0
12,S1,H4,processor,7,517.165642,24.0,0.0,53.72,0,0,24.0,1.0,0.0,0,0.0
12,S1,H5,processor,7,517.165642,24.0,0.0,53.72,0,0,24.0,1.0,0.0,0,0.0
12,S1,H7,loader,7,937.184825,24.0,0.0,53.24,0,0,24.0,1.0,0.0,0,0.0
13,S1,H1,feller_buncher,7,413.7565330000002,24.0,0.0,55.16,0,0,24.0,1.0,0.0,0,0.0
13,S1,H2,feller_buncher,7,680.207863,24.0,0.0,53.96,0,0,24.0,1.0,0.0,0,0.0
13,S1,H3,grapple_skidder,7,1332.369187,24.0,0.0,55.4,0,0,24.0,1.0,0.0,0,0.0
13,S1,H4,processor,7,547.23705,24.0,0.0,54.92,0,0,24.0,1.0,0.0,0,0.0
13,S1,H7,loader,7,687.364703,24.0,0.0,53.72,0,0,24.0,1.0,0.0,0,0.0
13,S1,H8,loader,7,610.6343971617939,24.0,0.0,54.2,1,0,24.0,1.0,0.0,0,0.0
14,S1,H1,feller_buncher,7,1164.04956,24.0,0.0,53.48,0,0,24.0,1.0,0.0,0,0.0
14,S1,H2,feller_buncher,7,1176.844281,24.0,0.0,53.48,0,0,24.0,1.0,0.0,0,0.0
14,S1,H3,grapple_skidder,7,557.4544060639056,19.70476571965569,4.29523428034431,55.4,0,0,24.0,0.8210319049856537,4.295234280344312,1,0.0
14,S1,H4,processor,7,531.895933,24.0,0.0,55.4,0,0,24.0,1.0,0.0,0,0.0
14,S1,H5,processor,7,531.895933,24.0,0.0,53.48,0,0,24.0,1.0,0.0,0,0.0
14,S1,H6,processor,7,531.895933,24.0,0.0,0.0,0,0,24.0,1.0,0.0,0,0.0
14,S1,H7,loader,7,420.1307295496137,20.753282698684448,3.2467173013155524,54.92,0,0,24.0,0.8647201124451853,3.2467173013155515,1,0.0
15,S1,H1,feller_buncher,7,787.363583,24.0,0.0,54.44,0,0,24.0,1.0,0.0,0,0.0
15,S1,H2,feller_buncher,7,1176.844281,24.0,0.0,0.0,0,0,24.0,1.0,0.0,0,0.0
15,S1,H3,grapple_skidder,7,739.620424,24.0,0.0,53.24,0,0,24.0,1.0,0.0,0,0.0
15,S1,H4,processor,7,547.23705,24.0,0.0,55.4,0,0,24.0,1.0,0.0,0,0.0
15,S1,H7,loader,7,802.411354,24.0,0.0,55.4,0,0,24.0,1.0,0.0,0,0.0
15,S1,H8,loader,7,802.411354,24.0,0.0,53.48,0,0,24.0,1.0,0.0,0,0.0
16,S1,H1,feller_buncher,7,1194.708925,24.0,0.0,53.48,0,0,24.0,1.0,0.0,0,0.0
16,S1,H2,feller_buncher,7,111.30773800000088,24.0,0.0,0.0,0,0,24.0,1.0,0.0,0,0.0
16,S1,H3,grapple_skidder,7,674.603847,24.0,0.0,54.44,0,0,24.0,1.0,0.0,0,0.0
16,S1,H4,processor,7,481.329283,24.0,0.0,53.24,0,0,24.0,1.0,0.0,0,0.0
16,S1,H5,processor,7,481.329283,24.0,0.0,55.16,0,0,24.0,1.0,0.0,0,0.0
16,S1,H7,loader,7,485.857474,24.0,0.0,55.4,0,0,24.0,1.0,0.0,0,0.0
17,S1,H1,feller_buncher,7,836.2962474999999,24.0,0.0,0.0,0,0,24.0,1.0,0.0,0,0.3
17,S1,H2,feller_buncher,7,814.8346919999999,24.0,0.0,54.2,0,0,24.0,1.0,0.0,0,0.3
17,S1,H3,grapple_skidder,7,815.3097511999999,24.0,0.0,53.24,0,0,24.0,1.0,0.0,0,0.3
17,S1,H4,processor,7,319.2576345,24.0,0.0,54.44,0,0,24.0,1.0,0.0,0,0.3
17,S1,H5,processor,7,152.96505839999998,24.0,0.0,54.44,0,0,24.0,1.0,0.0,0,0.3
17,S1,H7,loader,7,316.3712468,24.0,0.0,53.24,0,0,24.0,1.0,0.0,0,0.3
17,S1,H8,loader,7,316.3712468,24.0,0.0,55.16,0,0,24.0,1.0,0.0,0,0.3
18,S1,H1,feller_buncher,7,114.0168444052632,19.469182057680523,4.5308179423194765,0.0,0,0,24.0,0.8112159190700218,4.530817942319476,1,0.0
18,S1,H2,feller_buncher,7,1164.04956,24.0,0.0,0.0,0,0,24.0,1.0,0.0,0,0.0
18,S1,H3,grapple_skidder,7,739.620424,24.0,0.0,54.68,0,0,24.0,1.0,0.0,0,0.0
18,S1,H4,processor,7,517.165642,24.0,0.0,53.24,0,0,24.0,1.0,0.0,0,0.0
18,S1,H5,processor,7,517.165642,24.0,0.0,53.24,0,0,24.0,1.0,0.0,0,0.0
18,S1,H7,loader,7,472.22269289999997,24.0,0.0,54.44,1,0,24.0,1.0,0.0,0,0.0
19,S1,H1,feller_buncher,7,351.9367452999997,24.0,0.0,54.92,0,0,24.0,1.0,0.0,0,0.3
19,S1,H2,feller_buncher,7,179.31349939999984,24.0,0.0,53.24,0,0,24.0,1.0,0.0,0,0.3
19,S1,H3,grapple_skidder,7,815.3097511999999,24.0,0.0,54.68,0,0,24.0,1.0,0.0,0,0.3
19,S1,H4,processor,7,336.93049809999997,24.0,0.0,54.68,0,0,24.0,1.0,0.0,0,0.3
19,S1,H7,loader,7,481.15529209999994,24.0,0.0,53.24,0,0,24.0,1.0,0.0,0,0.3
20,S1,H1,feller_buncher,7,59.00278800000001,24.0,0.0,53.24,0,0,24.0,1.0,0.0,0,0.0
20,S1,H2,feller_buncher,7,486.3476200000001,24.0,0.0,54.68,0,0,24.0,1.0,0.0,0,0.0
20,S1,H3,grapple_skidder,7,678.968019,24.0,0.0,54.92,0,0,24.0,1.0,0.0,0,0.0
20,S1,H4,processor,7,517.165642,24.0,0.0,54.68,0,0,24.0,1.0,0.0,0,0.0
20,S1,H5,processor,7,423.21520523820584,24.0,0.0,0.0,1,0,24.0,1.0,0.0,0,0.0
20,S1,H6,processor,7,0.0,24.0,0.0,53.48,1,0,24.0,1.0,0.0,0,0.0
20,S1,H7,loader,7,451.958924,24.0,0.0,54.68,0,0,24.0,1.0,0.0,0,0.0
21,S1,H1,feller_buncher,7,576.960683,24.0,0.0,53.24,0,0,24.0,1.0,0.0,0,0.0
21,S1,H2,feller_buncher,7,364.89843800000006,24.0,0.0,53.72,0,0,24.0,1.0,0.0,0,0.0
21,S1,H3,grapple_skidder,7,1273.711203,24.0,0.0,55.16,0,0,24.0,1.0,0.0,0,0.0
21,S1,H4,processor,7,547.23705,24.0,0.0,54.92,0,0,24.0,1.0,0.0,0,0.0
21,S1,H5,processor,7,273.6792940639058,24.0,0.0,54.92,1,0,24.0,1.0,0.0,0,0.0
21,S1,H7,loader,7,687.364703,24.0,0.0,54.68,0,0,24.0,1.0,0.0,0,0.0
21,S1,H8,loader,7,687.364703,24.0,0.0,54.68,0,0,24.0,1.0,0.0,0,0.0
22,S1,H3,grapple_skidder,7,778.104169,24.0,0.0,54.44,0,0,24.0,1.0,0.0,0,0.0
22,S1,H4,processor,7,441.264891,24.0,0.0,55.16,0,0,24.0,1.0,0.0,0,0.0
22,S1,H5,processor,7,441.264891,24.0,0.0,55.16,0,0,24.0,1.0,0.0,0,0.0
22,S1,H6,processor,7,391.18142100000006,24.0,0.0,53.24,0,0,24.0,1.0,0.0,0,0.0
22,S1,H7,loader,7,485.857474,24.0,0.0,54.92,0,0,24.0,1.0,0.0,0,0.0
22,S1,H8,loader,7,485.857474,24.0,0.0,54.92,0,0,24.0,1.0,0.0,0,0.0
23,S1,H3,grapple_skidder,7,678.968019,24.0,0.0,53.72,0,0,24.0,1.0,0.0,0,0.0
23,S1,H4,processor,7,469.046841,24.0,0.0,54.44,0,0,24.0,1.0,0.0,0,0.0
23,S1,H7,loader,7,733.483855,24.0,0.0,55.16,0,0,24.0,1.0,0.0,0,0.0
23,S1,H8,loader,7,540.2273480000001,24.0,0.0,55.16,0,0,24.0,1.0,0.0,0,0.0
24,S1,H3,grapple_skidder,7,1480.641393,24.0,0.0,55.64,0,0,24.0,1.0,0.0,0,0.0
24,S1,H4,processor,7,547.23705,24.0,0.0,53.72,0,0,24.0,1.0,0.0,0,0.0
24,S1,H7,loader,7,474.741639,24.0,0.0,54.44,0,0,24.0,1.0,0.0,0,0.0
25,S1,H3,grapple_skidder,7,1332.369187,24.0,0.0,53.24,0,0,24.0,1.0,0.0,0,0.0
25,S1,H4,processor,7,569.826226,24.0,0.0,55.64,0,0,24.0,1.0,0.0,0,0.0
25,S1,H5,processor,7,569.826226,24.0,0.0,53.48,0,0,24.0,1.0,0.0,0,0.0
25,S1,H6,processor,7,569.826226,24.0,0.0,53.48,0,0,24.0,1.0,0.0,0,0.0
25,S1,H7,loader,7,485.857474,24.0,0.0,53.72,0,0,24.0,1.0,0.0,0,0.0
26,S1,H3,grapple_skidder,7,195.27931547579377,24.0,0.0,55.4,0,0,24.0,1.0,0.0,0,0.3
26,S1,H4,processor,7,372.3271531,24.0,0.0,53.24,0,0,24.0,1.0,0.0,0,0.3
26,S1,H5,processor,7,372.3271531,24.0,0.0,53.24,0,0,24.0,1.0,0.0,0,0.3
26,S1,H7,loader,7,656.0293775,24.0,0.0,55.64,0,0,24.0,1.0,0.0,0,0.3
26,S1,H8,loader,7,656.0293775,24.0,0.0,53.48,0,0,24.0,1.0,0.0,0,0.3
27,S1,H3,grapple_skidder,7,577.5242968270873,24.0,0.0,53.24,1,0,24.0,1.0,0.0,0,0.0
27,S1,H4,processor,7,327.0102844757938,24.0,0.0,55.4,1,0,24.0,1.0,0.0,0,0.0
27,S1,H7,loader,7,802.411354,24.0,0.0,53.24,0,0,24.0,1.0,0.0,0,0.0
28,S1,H3,grapple_skidder,7,1480.641393,24.0,0.0,55.4,0,0,24.0,1.0,0.0,0,0.0
28,S1,H4,processor,7,481.329283,24.0,0.0,53.24,0,0,24.0,1.0,0.0,0,0.0
28,S1,H5,processor,7,481.329283,24.0,0.0,55.16,0,0,24.0,1.0,0.0,0,0.0
28,S1,H7,loader,7,485.857474,24.0,0.0,55.4,0,0,24.0,1.0,0.0,0,0.0
28,S1,H8,loader,7,244.37322604700955,24.0,0.0,55.64,1,0,24.0,1.0,0.0,0,0.0
29,S1,H3,grapple_skidder,7,778.104169,24.0,0.0,54.92,0,0,24.0,1.0,0.0,0,0.0
29,S1,H4,processor,7,569.826226,24.0,0.0,55.4,0,0,24.0,1.0,0.0,0,0.0
29,S1,H5,processor,7,569.826226,24.0,0.0,55.4,0,0,24.0,1.0,0.0,0,0.0
29,S1,H7,loader,7,255.5645445020793,24.0,0.0,53.24,0,0,24.0,1.0,0.0,0,0.0
29,S1,H8,loader,7,255.5645445020793,24.0,0.0,53.24,0,0,24.0,1.0,0.0,0,0.0
30,S1,H3,grapple_skidder,7,678.968019,24.0,0.0,53.72,0,0,24.0,1.0,0.0,0,0.0
30,S1,H4,processor,7,469.046841,24.0,0.0,54.92,0,0,24.0,1.0,0.0,0,0.0
30,S1,H5,processor,7,469.046841,24.0,0.0,54.92,0,0,24.0,1.0,0.0,0,0.0
30,S1,H7,loader,7,937.184825,24.0,0.0,55.4,0,0,24.0,1.0,0.0,0,0.0
31,S1,H3,grapple_skidder,7,923.199854,24.0,0.0,53.96,0,0,24.0,1.0,0.0,0,0.0
31,S1,H4,processor,7,547.23705,24.0,0.0,53.72,0,0,24.0,1.0,0.0,0,0.0
31,S1,H7,loader,7,219.89848766511145,24.0,0.0,54.92,0,0,24.0,1.0,0.0,0,0.0
31,S1,H8,loader,7,219.89848766511145,24.0,0.0,53.48,0,0,24.0,1.0,0.0,0,0.0
32,S1,H3,grapple_skidder,7,778.104169,24.0,0.0,53.24,0,0,24.0,1.0,0.0,0,0.0
32,S1,H4,processor,7,395.784917,24.0,0.0,53.96,0,0,24.0,1.0,0.0,0,0.0
32,S1,H5,processor,7,395.784917,24.0,0.0,53.24,0,0,24.0,1.0,0.0,0,0.0
32,S1,H7,loader,7,485.857474,24.0,0.0,53.72,0,0,24.0,1.0,0.0,0,0.0
33,S1,H3,grapple_skidder,7,0.0,19.843283860632866,4.156716139367134,53.48,1,0,24.0,0.8268034941930361,4.156716139367136,1,0.3
33,S1,H4,processor,7,328.3327887,24.0,0.0,53.24,0,0,24.0,1.0,0.0,0,0.3
33,S1,H5,processor,7,328.3327887,24.0,0.0,53.24,0,0,24.0,1.0,0.0,0,0.3
33,S1,H7,loader,7,319.7080523,24.0,0.0,53.96,0,0,24.0,1.0,0.0,0,0.3
34,S1,H3,grapple_skidder,7,122.17881099999954,24.0,0.0,53.24,0,0,24.0,1.0,0.0,0,0.0
34,S1,H4,processor,7,52.808655727087,24.0,0.0,53.48,1,0,24.0,1.0,0.0,0,0.0
34,S1,H7,loader,7,474.741639,24.0,0.0,53.24,0,0,24.0,1.0,0.0,0,0.0
34,S1,H8,loader,7,474.741639,24.0,0.0,0.0,0,0,24.0,1.0,0.0,0,0.0
35,S1,H3,grapple_skidder,7,809.624168,24.0,0.0,53.48,0,0,24.0,1.0,0.0,0,0.0
35,S1,H4,processor,7,253.9097799999996,24.0,0.0,53.24,1,0,24.0,1.0,0.0,0,0.0
35,S1,H5,processor,7,0.0,24.0,0.0,53.72,1,0,24.0,1.0,0.0,0,0.0
35,S1,H7,loader,7,451.958924,24.0,0.0,53.48,0,0,24.0,1.0,0.0,0,0.0
35,S1,H8,loader,7,134.7057859999993,24.0,0.0,53.48,0,0,24.0,1.0,0.0,0,0.0
36,S1,H3,grapple_skidder,7,778.104169,24.0,0.0,53.24,0,0,24.0,1.0,0.0,0,0.0
36,S1,H4,processor,7,409.650504,24.0,0.0,53.48,0,0,24.0,1.0,0.0,0,0.0
36,S1,H5,processor,7,409.650504,24.0,0.0,53.48,0,0,24.0,1.0,0.0,0,0.0
36,S1,H7,loader,7,213.05720048167564,24.0,0.0,53.24,0,0,24.0,1.0,0.0,0,0.0
36,S1,H8,loader,7,76.03124369904099,19.863288869207373,4.1367111307926265,53.24,0,0,24.0,0.8276370362169739,4.136711130792626,1,0.0
37,S1,H3,grapple_skidder,7,1332.369187,24.0,0.0,54.68,0,0,24.0,1.0,0.0,0,0.0
37,S1,H4,processor,7,191.15033245938866,24.0,0.0,53.24,0,0,24.0,1.0,0.0,0,0.0
37,S1,H7,loader,7,424.433991,24.0,0.0,53.48,0,0,24.0,1.0,0.0,0,0.0
37,S1,H8,loader,7,424.433991,24.0,0.0,53.48,0,0,24.0,1.0,0.0,0,0.0
38,S1,H3,grapple_skidder,7,92.5156879052629,24.0,0.0,53.24,1,0,24.0,1.0,0.0,0,0.0
38,S1,H4,processor,7,531.895933,24.0,0.0,54.68,0,0,24.0,1.0,0.0,0,0.0
38,S1,H5,processor,7,531.895933,24.0,0.0,54.92,0,0,24.0,1.0,0.0,0,0.0
38,S1,H6,processor,7,531.895933,24.0,0.0,53.24,0,0,24.0,1.0,0.0,0,0.0
38,S1,H7,loader,7,474.741639,24.0,0.0,53.24,0,0,24.0,1.0,0.0,0,0.0
39,S1,H3,grapple_skidder,7,111.84039860000011,24.0,0.0,53.72,0,0,24.0,1.0,0.0,0,0.3
39,S1,H4,processor,7,398.8783582,24.0,0.0,53.24,0,0,24.0,1.0,0.0,0,0.3
39,S1,H5,processor,7,146.7779267052632,24.0,0.0,53.24,1,0,24.0,1.0,0.0,0,0.3
39,S1,H7,loader,7,561.6879478,24.0,0.0,54.68,0,0,24.0,1.0,0.0,0,0.3
39,S1,H8,loader,7,561.6879478,24.0,0.0,54.92,0,0,24.0,1.0,0.0,0,0.3
40,S1,H3,grapple_skidder,7,567.1587449999993,24.0,0.0,53.48,0,0,24.0,1.0,0.0,0,0.0
40,S1,H4,processor,7,111.84039860000011,24.0,0.0,53.72,1,0,24.0,1.0,0.0,0,0.0
40,S1,H7,loader,7,937.184825,24.0,0.0,53.24,0,0,24.0,1.0,0.0,0,0.0
40,S1,H8,loader,7,233.46212599999876,24.0,0.0,53.24,0,0,24.0,1.0,0.0,0,0.0
41,S1,H3,grapple_skidder,7,403.87247809999997,24.0,0.0,54.2,0,0,24.0,1.0,0.0,0,0.3
41,S1,H4,processor,7,372.3271531,24.0,0.0,53.48,0,0,24.0,1.0,0.0,0,0.3
41,S1,H5,processor,7,32.046160999999415,24.0,0.0,53.24,0,0,24.0,1.0,0.0,0,0.3
41,S1,H7,loader,7,230.6678317382062,24.0,0.0,53.72,1,0,24.0,1.0,0.0,0,0.3
41,S1,H8,loader,7,0.0,24.0,0.0,53.72,1,0,24.0,1.0,0.0,0,0.3
42,S1,H3,grapple_skidder,7,1045.106301,24.0,0.0,53.24,0,0,24.0,1.0,0.0,0,0.0
42,S1,H4,processor,7,403.87247809999997,24.0,0.0,54.2,1,0,24.0,1.0,0.0,0,0.0
42,S1,H5,processor,7,0.0,24.0,0.0,54.2,1,0,24.0,1.0,0.0,0,0.0
42,S1,H7,loader,7,802.411354,24.0,0.0,53.48,0,0,24.0,1.0,0.0,0,0.0
42,S1,H8,loader,7,268.7624186999998,24.0,0.0,53.48,1,0,24.0,1.0,0.0,0,0.0
1,S1,H1,feller_buncher,8,1176.844281,24.0,0.0,0.0,0,0,24.0,1.0,0.0,0,0.0
1,S1,H2,feller_buncher,8,1299.478592,24.0,0.0,0.0,0,0,24.0,1.0,0.0,0,0.0
2,S1,H1,feller_buncher,8,1164.04956,24.0,0.0,54.2,0,0,24.0,1.0,0.0,0,0.0
2,S1,H2,feller_buncher,8,1299.478592,24.0,0.0,0.0,0,0,24.0,1.0,0.0,0,0.0
2,S1,H3,grapple_skidder,8,1164.728216,24.0,0.0,0.0,0,0,24.0,1.0,0.0,0,0.0
3,S1,H1,feller_buncher,8,622.1577432,24.0,0.0,53.24,0,0,24.0,1.0,0.0,0,0.3
3,S1,H2,feller_buncher,8,909.6350143999999,24.0,0.0,0.0,0,0,24.0,1.0,0.0,0,0.3
3,S1,H3,grapple_skidder,8,544.6729182999999,24.0,0.0,54.2,0,0,24.0,1.0,0.0,0,0.3
3,S1,H4,processor,8,362.0159494,24.0,0.0,0.0,0,0,24.0,1.0,0.0,0,0.3
3,S1,H5,processor,8,362.0159494,24.0,0.0,0.0,0,0,24.0,1.0,0.0,0,0.3
4,S1,H1,feller_buncher,8,961.553907,24.0,0.0,53.24,0,0,24.0,1.0,0.0,0,0.0
4,S1,H2,feller_buncher,8,1299.478592,24.0,0.0,0.0,0,0,24.0,1.0,0.0,0,0.0
4,S1,H3,grapple_skidder,8,622.1577432,24.0,0.0,53.24,1,0,24.0,1.0,0.0,0,0.0
4,S1,H4,processor,8,469.046841,24.0,0.0,54.2,0,0,24.0,1.0,0.0,0,0.0
4,S1,H7,loader,8,687.364703,24.0,0.0,0.0,0,0,24.0,1.0,0.0,0,0.0
5,S1,H1,feller_buncher,8,356.0085949999998,24.0,0.0,53.24,0,0,24.0,1.0,0.0,0,0.0
5,S1,H2,feller_buncher,8,1194.708925,24.0,0.0,55.64,0,0,24.0,1.0,0.0,0,0.0
5,S1,H3,grapple_skidder,8,739.620424,24.0,0.0,53.24,0,0,24.0,1.0,0.0,0,0.0
5,S1,H4,processor,8,409.650504,24.0,0.0,53.24,0,0,24.0,1.0,0.0,0,0.0
6,S1,H1,feller_buncher,8,1220.906942,24.0,0.0,55.4,0,0,24.0,1.0,0.0,0,0.0
6,S1,H2,feller_buncher,8,1164.04956,24.0,0.0,54.92,0,0,24.0,1.0,0.0,0,0.0
6,S1,H3,grapple_skidder,8,388.866048528474,20.86058472035974,3.139415279640261,53.24,0,0,24.0,0.8691910300149891,3.1394152796402603,1,0.0
6,S1,H4,processor,8,481.329283,24.0,0.0,53.24,0,0,24.0,1.0,0.0,0,0.0
7,S1,H1,feller_buncher,8,1176.844281,24.0,0.0,53.48,0,0,24.0,1.0,0.0,0,0.0
7,S1,H2,feller_buncher,8,1220.906942,24.0,0.0,54.68,0,0,24.0,1.0,0.0,0,0.0
7,S1,H3,grapple_skidder,8,778.104169,24.0,0.0,53.72,0,0,24.0,1.0,0.0,0,0.0
7,S1,H4,processor,8,388.866048528474,24.0,0.0,53.24,1,0,24.0,1.0,0.0,0,0.0
7,S1,H7,loader,8,451.958924,24.0,0.0,54.68,0,0,24.0,1.0,0.0,0,0.0
8,S1,H1,feller_buncher,8,674.603847,24.0,0.0,53.24,0,0,24.0,1.0,0.0,0,0.0
8,S1,H2,feller_buncher,8,1220.906942,24.0,0.0,0.0,0,0,24.0,1.0,0.0,0,0.0
8,S1,H3,grapple_skidder,8,678.968019,24.0,0.0,53.72,0,0,24.0,1.0,0.0,0,0.0
8,S1,H4,processor,8,469.046841,24.0,0.0,53.72,0,0,24.0,1.0,0.0,0,0.0
8,S1,H5,processor,8,384.6834052999999,24.0,0.0,54.2,1,0,24.0,1.0,0.0,0,0.0
8,S1,H7,loader,8,388.866048528474,20.28613076313947,3.7138692368605284,53.24,1,0,24.0,0.8452554484641447,3.713869236860529,1,0.0
9,S1,H1,feller_buncher,8,1194.708925,24.0,0.0,53.96,0,0,24.0,1.0,0.0,0,0.0
9,S1,H2,feller_buncher,8,961.553907,24.0,0.0,55.16,0,0,24.0,1.0,0.0,0,0.0
9,S1,H3,grapple_skidder,8,1332.369187,24.0,0.0,55.4,0,0,24.0,1.0,0.0,0,0.0
9,S1,H4,processor,8,547.23705,24.0,0.0,53.72,0,0,24.0,1.0,0.0,0,0.0
9,S1,H7,loader,8,474.741639,24.0,0.0,53.72,0,0,24.0,1.0,0.0,0,0.0
9,S1,H8,loader,8,474.741639,24.0,0.0,0.0,0,0,24.0,1.0,0.0,0,0.0
10,S1,H1,feller_buncher,8,961.553907,24.0,0.0,55.4,0,0,24.0,1.0,0.0,0,0.0
10,S1,H2,feller_buncher,8,860.013242,24.0,0.0,53.72,0,0,24.0,1.0,0.0,0,0.0
10,S1,H3,grapple_skidder,8,1480.641393,24.0,0.0,53.24,0,0,24.0,1.0,0.0,0,0.0
10,S1,H4,processor,8,531.895933,24.0,0.0,55.4,0,0,24.0,1.0,0.0,0,0.0
10,S1,H5,processor,8,531.895933,24.0,0.0,54.68,0,0,24.0,1.0,0.0,0,0.0
10,S1,H7,loader,8,485.857474,24.0,0.0,53.72,0,0,24.0,1.0,0.0,0,0.0
11,S1,H1,feller_buncher,8,741.6703181898761,20.697457628864075,3.3025423711359245,53.72,0,0,24.0,0.8623940678693365,3.3025423711359236,1,0.0
11,S1,H2,feller_buncher,8,1220.906942,24.0,0.0,54.44,0,0,24.0,1.0,0.0,0,0.0
11,S1,H3,grapple_skidder,8,1164.728216,24.0,0.0,53.72,0,0,24.0,1.0,0.0,0,0.0
11,S1,H4,processor,8,569.826226,24.0,0.0,53.24,0,0,24.0,1.0,0.0,0,0.0
11,S1,H5,processor,8,569.826226,24.0,0.0,53.24,0,0,24.0,1.0,0.0,0,0.0
11,S1,H7,loader,8,802.411354,24.0,0.0,55.4,0,0,24.0,1.0,0.0,0,0.0
12,S1,H1,feller_buncher,8,1013.0077249999999,24.0,0.0,54.44,0,0,24.0,1.0,0.0,0,0.0
12,S1,H2,feller_buncher,8,888.796776,24.0,0.0,54.92,0,0,24.0,1.0,0.0,0,0.0
12,S1,H3,grapple_skidder,8,678.968019,24.0,0.0,54.92,0,0,24.0,1.0,0.0,0,0.0
12,S1,H4,processor,8,517.165642,24.0,0.0,53.72,0,0,24.0,1.0,0.0,0,0.0
12,S1,H5,processor,8,517.165642,24.0,0.0,53.72,0,0,24.0,1.0,0.0,0,0.0
12,S1,H7,loader,8,937.184825,24.0,0.0,53.24,0,0,24.0,1.0,0.0,0,0.0
13,S1,H1,feller_buncher,8,413.7565330000002,24.0,0.0,55.16,0,0,24.0,1.0,0.0,0,0.0
13,S1,H2,feller_buncher,8,680.207863,24.0,0.0,53.96,0,0,24.0,1.0,0.0,0,0.0
13,S1,H3,grapple_skidder,8,1332.369187,24.0,0.0,55.4,0,0,24.0,1.0,0.0,0,0.0
13,S1,H4,processor,8,547.23705,24.0,0.0,54.92,0,0,24.0,1.0,0.0,0,0.0
13,S1,H7,loader,8,687.364703,24.0,0.0,53.72,0,0,24.0,1.0,0.0,0,0.0
13,S1,H8,loader,8,383.6337768000001,24.0,0.0,54.2,1,0,24.0,1.0,0.0,0,0.0
14,S1,H1,feller_buncher,8,1164.04956,24.0,0.0,53.48,0,0,24.0,1.0,0.0,0,0.0
14,S1,H2,feller_buncher,8,1176.844281,24.0,0.0,53.48,0,0,24.0,1.0,0.0,0,0.0
14,S1,H3,grapple_skidder,8,678.968019,24.0,0.0,55.4,0,0,24.0,1.0,0.0,0,0.0
14,S1,H4,processor,8,531.895933,24.0,0.0,55.4,0,0,24.0,1.0,0.0,0,0.0
14,S1,H5,processor,8,486.96730532835005,21.972748056113453,2.0272519438865473,53.48,0,0,24.0,0.9155311690047272,2.027251943886547,1,0.0
14,S1,H6,processor,8,531.895933,24.0,0.0,0.0,0,0,24.0,1.0,0.0,0,0.0
14,S1,H7,loader,8,485.857474,24.0,0.0,54.92,0,0,24.0,1.0,0.0,0,0.0
15,S1,H1,feller_buncher,8,787.363583,24.0,0.0,54.44,0,0,24.0,1.0,0.0,0,0.0
15,S1,H2,feller_buncher,8,1176.844281,24.0,0.0,0.0,0,0,24.0,1.0,0.0,0,0.0
15,S1,H3,grapple_skidder,8,739.620424,24.0,0.0,53.24,0,0,24.0,1.0,0.0,0,0.0
15,S1,H4,processor,8,547.23705,24.0,0.0,55.4,0,0,24.0,1.0,0.0,0,0.0
15,S1,H7,loader,8,802.411354,24.0,0.0,55.4,0,0,24.0,1.0,0.0,0,0.0
15,S1,H8,loader,8,802.411354,24.0,0.0,53.48,0,0,24.0,1.0,0.0,0,0.0
16,S1,H1,feller_buncher,8,1194.708925,24.0,0.0,53.48,0,0,24.0,1.0,0.0,0,0.0
16,S1,H2,feller_buncher,8,111.30773800000088,24.0,0.0,0.0,0,0,24.0,1.0,0.0,0,0.0
16,S1,H3,grapple_skidder,8,637.3901915219305,22.676070800002915,1.3239291999970852,54.44,0,0,24.0,0.9448362833334548,1.3239291999970848,1,0.0
16,S1,H4,processor,8,481.329283,24.0,0.0,53.24,0,0,24.0,1.0,0.0,0,0.0
16,S1,H5,processor,8,481.329283,24.0,0.0,55.16,0,0,24.0,1.0,0.0,0,0.0
16,S1,H7,loader,8,485.857474,24.0,0.0,55.4,0,0,24.0,1.0,0.0,0,0.0
17,S1,H1,feller_buncher,8,1194.708925,24.0,0.0,0.0,0,0,24.0,1.0,0.0,0,0.0
17,S1,H2,feller_buncher,8,1164.04956,24.0,0.0,54.2,0,0,24.0,1.0,0.0,0,0.0
17,S1,H3,grapple_skidder,8,1164.728216,24.0,0.0,53.24,0,0,24.0,1.0,0.0,0,0.0
17,S1,H4,processor,8,456.082335,24.0,0.0,54.44,0,0,24.0,1.0,0.0,0,0.0
17,S1,H5,processor,8,181.30785652193055,24.0,0.0,54.44,1,0,24.0,1.0,0.0,0,0.0
17,S1,H7,loader,8,451.958924,24.0,0.0,53.24,0,0,24.0,1.0,0.0,0,0.0
17,S1,H8,loader,8,451.958924,24.0,0.0,55.16,0,0,24.0,1.0,0.0,0,0.0
18,S1,H1,feller_buncher,8,140.55055100000027,24.0,0.0,0.0,0,0,24.0,1.0,0.0,0,0.0
18,S1,H2,feller_buncher,8,1164.04956,24.0,0.0,0.0,0,0,24.0,1.0,0.0,0,0.0
18,S1,H3,grapple_skidder,8,739.620424,24.0,0.0,54.68,0,0,24.0,1.0,0.0,0,0.0
18,S1,H4,processor,8,517.165642,24.0,0.0,53.24,0,0,24.0,1.0,0.0,0,0.0
18,S1,H5,processor,8,517.165642,24.0,0.0,53.24,0,0,24.0,1.0,0.0,0,0.0
18,S1,H7,loader,8,637.3901915219305,24.0,0.0,54.44,1,0,24.0,1.0,0.0,0,0.0
19,S1,H1,feller_buncher,8,502.7667789999996,24.0,0.0,54.92,0,0,24.0,1.0,0.0,0,0.0
19,S1,H2,feller_buncher,8,256.1621419999998,24.0,0.0,53.24,0,0,24.0,1.0,0.0,0,0.0
19,S1,H3,grapple_skidder,8,982.7275861083473,20.249755902367816,3.7502440976321836,54.68,0,0,24.0,0.8437398292653256,3.750244097632185,1,0.0
19,S1,H4,processor,8,481.329283,24.0,0.0,54.68,0,0,24.0,1.0,0.0,0,0.0
19,S1,H7,loader,8,687.364703,24.0,0.0,53.24,0,0,24.0,1.0,0.0,0,0.0
20,S1,H1,feller_buncher,8,59.00278800000001,24.0,0.0,53.24,0,0,24.0,1.0,0.0,0,0.0
20,S1,H2,feller_buncher,8,486.3476200000001,24.0,0.0,54.68,0,0,24.0,1.0,0.0,0,0.0
20,S1,H3,grapple_skidder,8,678.968019,24.0,0.0,54.92,0,0,24.0,1.0,0.0,0,0.0
20,S1,H4,processor,8,517.165642,24.0,0.0,54.68,0,0,24.0,1.0,0.0,0,0.0
20,S1,H5,processor,8,517.165642,24.0,0.0,0.0,0,0,24.0,1.0,0.0,0,0.0
20,S1,H6,processor,8,517.165642,24.0,0.0,53.48,0,0,24.0,1.0,0.0,0,0.0
20,S1,H7,loader,8,451.958924,24.0,0.0,54.68,0,0,24.0,1.0,0.0,0,0.0
21,S1,H1,feller_buncher,8,576.960683,24.0,0.0,53.24,0,0,24.0,1.0,0.0,0,0.0
21,S1,H2,feller_buncher,8,364.89843800000006,24.0,0.0,53.72,0,0,24.0,1.0,0.0,0,0.0
21,S1,H3,grapple_skidder,8,1273.711203,24.0,0.0,55.16,0,0,24.0,1.0,0.0,0,0.0
21,S1,H4,processor,8,547.23705,24.0,0.0,54.92,0,0,24.0,1.0,0.0,0,0.0
21,S1,H5,processor,8,526.9238760000003,24.0,0.0,54.92,1,0,24.0,1.0,0.0,0,0.0
21,S1,H7,loader,8,687.364703,24.0,0.0,54.68,0,0,24.0,1.0,0.0,0,0.0
21,S1,H8,loader,8,687.364703,24.0,0.0,54.68,0,0,24.0,1.0,0.0,0,0.0
22,S1,H3,grapple_skidder,8,778.104169,24.0,0.0,54.44,0,0,24.0,1.0,0.0,0,0.0
22,S1,H4,processor,8,441.264891,24.0,0.0,55.16,0,0,24.0,1.0,0.0,0,0.0
22,S1,H5,processor,8,441.264891,24.0,0.0,55.16,0,0,24.0,1.0,0.0,0,0.0
22,S1,H6,processor,8,391.18142100000006,24.0,0.0,53.24,0,0,24.0,1.0,0.0,0,0.0
22,S1,H7,loader,8,485.857474,24.0,0.0,54.92,0,0,24.0,1.0,0.0,0,0.0
22,S1,H8,loader,8,485.857474,24.0,0.0,54.92,0,0,24.0,1.0,0.0,0,0.0
23,S1,H3,grapple_skidder,8,494.2558468942401,17.4708380859125,6.529161914087499,53.72,0,0,24.0,0.7279515869130209,6.529161914087499,1,0.0
23,S1,H4,processor,8,469.046841,24.0,0.0,54.44,0,0,24.0,1.0,0.0,0,0.0
23,S1,H7,loader,8,733.483855,24.0,0.0,55.16,0,0,24.0,1.0,0.0,0,0.0
23,S1,H8,loader,8,420.0884715895601,18.662741446679664,5.337258553320336,55.16,0,0,24.0,0.777614226944986,5.337258553320336,1,0.0
24,S1,H3,grapple_skidder,8,1480.641393,24.0,0.0,55.64,0,0,24.0,1.0,0.0,0,0.0
24,S1,H4,processor,8,494.2558468942401,24.0,0.0,53.72,1,0,24.0,1.0,0.0,0,0.0
24,S1,H7,loader,8,474.741639,24.0,0.0,54.44,0,0,24.0,1.0,0.0,0,0.0
25,S1,H3,grapple_skidder,8,932.6584309,24.0,0.0,53.24,0,0,24.0,1.0,0.0,0,0.3
25,S1,H4,processor,8,398.8783582,24.0,0.0,55.64,0,0,24.0,1.0,0.0,0,0.3
25,S1,H5,processor,8,398.8783582,24.0,0.0,53.48,0,0,24.0,1.0,0.0,0,0.3
25,S1,H6,processor,8,398.8783582,24.0,0.0,53.48,0,0,24.0,1.0,0.0,0,0.3
25,S1,H7,loader,8,340.1002318,24.0,0.0,53.72,0,0,24.0,1.0,0.0,0,0.3
26,S1,H3,grapple_skidder,8,475.2776133,24.0,0.0,55.4,0,0,24.0,1.0,0.0,0,0.3
26,S1,H4,processor,8,372.3271531,24.0,0.0,53.24,0,0,24.0,1.0,0.0,0,0.3
26,S1,H5,processor,8,372.3271531,24.0,0.0,53.24,0,0,24.0,1.0,0.0,0,0.3
26,S1,H7,loader,8,656.0293775,24.0,0.0,55.64,0,0,24.0,1.0,0.0,0,0.3
26,S1,H8,loader,8,656.0293775,24.0,0.0,53.48,0,0,24.0,1.0,0.0,0,0.3
27,S1,H3,grapple_skidder,8,739.620424,24.0,0.0,53.24,0,0,24.0,1.0,0.0,0,0.0
27,S1,H4,processor,8,475.2776133,24.0,0.0,55.4,1,0,24.0,1.0,0.0,0,0.0
27,S1,H7,loader,8,802.411354,24.0,0.0,53.24,0,0,24.0,1.0,0.0,0,0.0
28,S1,H3,grapple_skidder,8,1480.641393,24.0,0.0,55.4,0,0,24.0,1.0,0.0,0,0.0
28,S1,H4,processor,8,481.329283,24.0,0.0,53.24,0,0,24.0,1.0,0.0,0,0.0
28,S1,H5,processor,8,481.329283,24.0,0.0,55.16,0,0,24.0,1.0,0.0,0,0.0
28,S1,H7,loader,8,485.857474,24.0,0.0,55.4,0,0,24.0,1.0,0.0,0,0.0
28,S1,H8,loader,8,430.16046039424,24.0,0.0,55.64,1,0,24.0,1.0,0.0,0,0.0
29,S1,H3,grapple_skidder,8,778.104169,24.0,0.0,54.92,0,0,24.0,1.0,0.0,0,0.0
29,S1,H4,processor,8,569.826226,24.0,0.0,55.4,0,0,24.0,1.0,0.0,0,0.0
29,S1,H5,processor,8,569.826226,24.0,0.0,55.4,0,0,24.0,1.0,0.0,0,0.0
29,S1,H7,loader,8,451.958924,24.0,0.0,53.24,0,0,24.0,1.0,0.0,0,0.0
29,S1,H8,loader,8,451.958924,24.0,0.0,53.24,0,0,24.0,1.0,0.0,0,0.0
30,S1,H3,grapple_skidder,8,678.968019,24.0,0.0,53.72,0,0,24.0,1.0,0.0,0,0.0
30,S1,H4,processor,8,469.046841,24.0,0.0,54.92,0,0,24.0,1.0,0.0,0,0.0
30,S1,H5,processor,8,469.046841,24.0,0.0,54.92,0,0,24.0,1.0,0.0,0,0.0
30,S1,H7,loader,8,937.184825,24.0,0.0,55.4,0,0,24.0,1.0,0.0,0,0.0
31,S1,H3,grapple_skidder,8,923.199854,24.0,0.0,53.96,0,0,24.0,1.0,0.0,0,0.0
31,S1,H4,processor,8,547.23705,24.0,0.0,53.72,0,0,24.0,1.0,0.0,0,0.0
31,S1,H7,loader,8,474.741639,24.0,0.0,54.92,0,0,24.0,1.0,0.0,0,0.0
31,S1,H8,loader,8,474.741639,24.0,0.0,53.48,0,0,24.0,1.0,0.0,0,0.0
32,S1,H3,grapple_skidder,8,778.104169,24.0,0.0,53.24,0,0,24.0,1.0,0.0,0,0.0
32,S1,H4,processor,8,307.5476661999041,18.649381701419657,5.350618298580343,53.96,0,0,24.0,0.7770575708924857,5.3506182985803425,1,0.0
32,S1,H5,processor,8,395.784917,24.0,0.0,53.24,0,0,24.0,1.0,0.0,0,0.0
32,S1,H7,loader,8,485.857474,24.0,0.0,53.72,0,0,24.0,1.0,0.0,0,0.0
33,S1,H3,grapple_skidder,8,339.9365580000001,24.0,0.0,53.48,0,0,24.0,1.0,0.0,0,0.0
33,S1,H4,processor,8,469.046841,24.0,0.0,53.24,0,0,24.0,1.0,0.0,0,0.0
33,S1,H5,processor,8,458.1251430000001,24.0,0.0,53.24,1,0,24.0,1.0,0.0,0,0.0
33,S1,H7,loader,8,456.725789,24.0,0.0,53.96,0,0,24.0,1.0,0.0,0,0.0
34,S1,H3,grapple_skidder,8,122.17881099999954,24.0,0.0,53.24,0,0,24.0,1.0,0.0,0,0.0
34,S1,H4,processor,8,410.4425559999998,24.0,0.0,53.48,0,0,24.0,1.0,0.0,0,0.0
34,S1,H7,loader,8,474.741639,24.0,0.0,53.24,0,0,24.0,1.0,0.0,0,0.0
34,S1,H8,loader,8,474.741639,24.0,0.0,0.0,0,0,24.0,1.0,0.0,0,0.0
35,S1,H3,grapple_skidder,8,809.624168,24.0,0.0,53.48,0,0,24.0,1.0,0.0,0,0.0
35,S1,H4,processor,8,253.9097799999996,24.0,0.0,53.24,1,0,24.0,1.0,0.0,0,0.0
35,S1,H5,processor,8,0.0,24.0,0.0,53.72,1,0,24.0,1.0,0.0,0,0.0
35,S1,H7,loader,8,451.958924,24.0,0.0,53.48,0,0,24.0,1.0,0.0,0,0.0
35,S1,H8,loader,8,134.7057859999993,24.0,0.0,53.48,0,0,24.0,1.0,0.0,0,0.0
36,S1,H3,grapple_skidder,8,778.104169,24.0,0.0,53.24,0,0,24.0,1.0,0.0,0,0.0
36,S1,H4,processor,8,409.650504,24.0,0.0,53.48,0,0,24.0,1.0,0.0,0,0.0
36,S1,H5,processor,8,409.650504,24.0,0.0,53.48,0,0,24.0,1.0,0.0,0,0.0
36,S1,H7,loader,8,315.28935599999954,24.0,0.0,53.24,1,0,24.0,1.0,0.0,0,0.0
36,S1,H8,loader,8,0.0,24.0,0.0,53.24,1,0,24.0,1.0,0.0,0,0.0
37,S1,H3,grapple_skidder,8,1332.369187,24.0,0.0,54.68,0,0,24.0,1.0,0.0,0,0.0
37,S1,H4,processor,8,469.046841,24.0,0.0,53.24,0,0,24.0,1.0,0.0,0,0.0
37,S1,H7,loader,8,424.433991,24.0,0.0,53.48,0,0,24.0,1.0,0.0,0,0.0
37,S1,H8,loader,8,424.433991,24.0,0.0,53.48,0,0,24.0,1.0,0.0,0,0.0
38,S1,H3,grapple_skidder,8,334.2234503999998,24.0,0.0,53.24,0,0,24.0,1.0,0.0,0,0.3
38,S1,H4,processor,8,372.3271531,24.0,0.0,54.68,0,0,24.0,1.0,0.0,0,0.3
38,S1,H5,processor,8,372.3271531,24.0,0.0,54.92,0,0,24.0,1.0,0.0,0,0.3
38,S1,H6,processor,8,372.3271531,24.0,0.0,53.24,0,0,24.0,1.0,0.0,0,0.3
38,S1,H7,loader,8,332.3191473,24.0,0.0,53.24,0,0,24.0,1.0,0.0,0,0.3
39,S1,H3,grapple_skidder,8,159.77199800000017,24.0,0.0,53.72,0,0,24.0,1.0,0.0,0,0.0
39,S1,H4,processor,8,569.826226,24.0,0.0,53.24,0,0,24.0,1.0,0.0,0,0.0
39,S1,H5,processor,8,360.77644299999906,24.0,0.0,53.24,0,0,24.0,1.0,0.0,0,0.0
39,S1,H7,loader,8,802.411354,24.0,0.0,54.68,0,0,24.0,1.0,0.0,0,0.0
39,S1,H8,loader,8,464.1300328283502,24.0,0.0,54.92,1,0,24.0,1.0,0.0,0,0.0
40,S1,H3,grapple_skidder,8,567.1587449999993,24.0,0.0,53.48,0,0,24.0,1.0,0.0,0,0.0
40,S1,H4,processor,8,88.47809469418864,24.0,0.0,53.72,0,0,24.0,1.0,0.0,0,0.0
40,S1,H7,loader,8,937.184825,24.0,0.0,53.24,0,0,24.0,1.0,0.0,0,0.0
40,S1,H8,loader,8,233.46212599999876,24.0,0.0,53.24,0,0,24.0,1.0,0.0,0,0.0
41,S1,H3,grapple_skidder,8,576.960683,24.0,0.0,54.2,0,0,24.0,1.0,0.0,0,0.0
41,S1,H4,processor,8,531.895933,24.0,0.0,53.48,0,0,24.0,1.0,0.0,0,0.0
41,S1,H5,processor,8,45.780229999999165,24.0,0.0,53.24,0,0,24.0,1.0,0.0,0,0.0
41,S1,H7,loader,8,612.2121956941891,24.0,0.0,53.72,1,0,24.0,1.0,0.0,0,0.0
41,S1,H8,loader,8,0.0,24.0,0.0,53.72,1,0,24.0,1.0,0.0,0,0.0
42,S1,H3,grapple_skidder,8,1045.106301,24.0,0.0,53.24,0,0,24.0,1.0,0.0,0,0.0
42,S1,H4,processor,8,428.751305,24.0,0.0,54.2,0,0,24.0,1.0,0.0,0,0.0
42,S1,H5,processor,8,148.20937800000002,24.0,0.0,54.2,0,0,24.0,1.0,0.0,0,0.0
42,S1,H7,loader,8,577.6761629999992,24.0,0.0,53.48,1,0,24.0,1.0,0.0,0,0.0
42,S1,H8,loader,8,0.0,24.0,0.0,53.48,1,0,24.0,1.0,0.0,0,0.0
1,S1,H1,feller_buncher,9,1176.844281,24.0,0.0,0.0,0,0,24.0,1.0,0.0,0,0.0
1,S1,H2,feller_buncher,9,1299.478592,24.0,0.0,0.0,0,0,24.0,1.0,0.0,0,0.0
2,S1,H1,feller_buncher,9,1164.04956,24.0,0.0,54.2,0,0,24.0,1.0,0.0,0,0.0
2,S1,H2,feller_buncher,9,1299.478592,24.0,0.0,0.0,0,0,24.0,1.0,0.0,0,0.0
2,S1,H3,grapple_skidder,9,1164.728216,24.0,0.0,0.0,0,0,24.0,1.0,0.0,0,0.0
3,S1,H1,feller_buncher,9,622.1577432,24.0,0.0,53.24,0,0,24.0,1.0,0.0,0,0.3
3,S1,H2,feller_buncher,9,400.57499770183256,24.0,0.0,0.0,0,0,24.0,1.0,0.0,0,0.3
3,S1,H3,grapple_skidder,9,544.6729182999999,24.0,0.0,54.2,0,0,24.0,1.0,0.0,0,0.3
3,S1,H4,processor,9,362.0159494,24.0,0.0,0.0,0,0,24.0,1.0,0.0,0,0.3
3,S1,H5,processor,9,362.0159494,24.0,0.0,0.0,0,0,24.0,1.0,0.0,0,0.3
4,S1,H1,feller_buncher,9,961.553907,24.0,0.0,53.24,0,0,24.0,1.0,0.0,0,0.0
4,S1,H2,feller_buncher,9,525.2389030665684,24.0,0.0,0.0,0,0,24.0,1.0,0.0,0,0.0
4,S1,H3,grapple_skidder,9,622.1577432,24.0,0.0,53.24,1,0,24.0,1.0,0.0,0,0.0
4,S1,H4,processor,9,469.046841,24.0,0.0,54.2,0,0,24.0,1.0,0.0,0,0.0
4,S1,H7,loader,9,687.364703,24.0,0.0,0.0,0,0,24.0,1.0,0.0,0,0.0
5,S1,H1,feller_buncher,9,356.0085949999998,24.0,0.0,53.24,0,0,24.0,1.0,0.0,0,0.0
5,S1,H2,feller_buncher,9,1194.708925,24.0,0.0,55.64,0,0,24.0,1.0,0.0,0,0.0
5,S1,H3,grapple_skidder,9,739.620424,24.0,0.0,53.24,0,0,24.0,1.0,0.0,0,0.0
5,S1,H4,processor,9,409.650504,24.0,0.0,53.24,0,0,24.0,1.0,0.0,0,0.0
6,S1,H1,feller_buncher,9,723.7513723419145,20.324507882115473,3.6754921178845272,55.4,0,0,24.0,0.8468544950881447,3.6754921178845263,1,0.3
6,S1,H2,feller_buncher,9,814.8346919999999,24.0,0.0,54.92,0,0,24.0,1.0,0.0,0,0.3
6,S1,H3,grapple_skidder,9,475.2776133,24.0,0.0,53.24,0,0,24.0,1.0,0.0,0,0.3
6,S1,H4,processor,9,336.93049809999997,24.0,0.0,53.24,0,0,24.0,1.0,0.0,0,0.3
7,S1,H1,feller_buncher,9,1176.844281,24.0,0.0,53.48,0,0,24.0,1.0,0.0,0,0.0
7,S1,H2,feller_buncher,9,1220.906942,24.0,0.0,54.68,0,0,24.0,1.0,0.0,0,0.0
7,S1,H3,grapple_skidder,9,778.104169,24.0,0.0,53.72,0,0,24.0,1.0,0.0,0,0.0
7,S1,H4,processor,9,475.2776133,24.0,0.0,53.24,1,0,24.0,1.0,0.0,0,0.0
7,S1,H7,loader,9,336.93049809999997,24.0,0.0,54.68,1,0,24.0,1.0,0.0,0,0.0
8,S1,H1,feller_buncher,9,674.603847,24.0,0.0,53.24,0,0,24.0,1.0,0.0,0,0.0
8,S1,H2,feller_buncher,9,1220.906942,24.0,0.0,0.0,0,0,24.0,1.0,0.0,0,0.0
8,S1,H3,grapple_skidder,9,678.968019,24.0,0.0,53.72,0,0,24.0,1.0,0.0,0,0.0
8,S1,H4,processor,9,469.046841,24.0,0.0,53.72,0,0,24.0,1.0,0.0,0,0.0
8,S1,H5,processor,9,384.6834052999999,24.0,0.0,54.2,1,0,24.0,1.0,0.0,0,0.0
8,S1,H7,loader,9,475.2776133,24.0,0.0,53.24,1,0,24.0,1.0,0.0,0,0.0
9,S1,H1,feller_buncher,9,1194.708925,24.0,0.0,53.96,0,0,24.0,1.0,0.0,0,0.0
9,S1,H2,feller_buncher,9,961.553907,24.0,0.0,55.16,0,0,24.0,1.0,0.0,0,0.0
9,S1,H3,grapple_skidder,9,1332.369187,24.0,0.0,55.4,0,0,24.0,1.0,0.0,0,0.0
9,S1,H4,processor,9,547.23705,24.0,0.0,53.72,0,0,24.0,1.0,0.0,0,0.0
9,S1,H7,loader,9,474.741639,24.0,0.0,53.72,0,0,24.0,1.0,0.0,0,0.0
9,S1,H8,loader,9,474.741639,24.0,0.0,0.0,0,0,24.0,1.0,0.0,0,0.0
10,S1,H1,feller_buncher,9,961.553907,24.0,0.0,55.4,0,0,24.0,1.0,0.0,0,0.0
10,S1,H2,feller_buncher,9,391.99735934636766,24.0,0.0,53.72,0,0,24.0,1.0,0.0,0,0.0
10,S1,H3,grapple_skidder,9,1480.641393,24.0,0.0,53.24,0,0,24.0,1.0,0.0,0,0.0
10,S1,H4,processor,9,531.895933,24.0,0.0,55.4,0,0,24.0,1.0,0.0,0,0.0
10,S1,H5,processor,9,531.895933,24.0,0.0,54.68,0,0,24.0,1.0,0.0,0,0.0
10,S1,H7,loader,9,485.857474,24.0,0.0,53.72,0,0,24.0,1.0,0.0,0,0.0
11,S1,H1,feller_buncher,9,860.013242,24.0,0.0,53.72,0,0,24.0,1.0,0.0,0,0.0
11,S1,H2,feller_buncher,9,1220.906942,24.0,0.0,54.44,0,0,24.0,1.0,0.0,0,0.0
11,S1,H3,grapple_skidder,9,1164.728216,24.0,0.0,53.72,0,0,24.0,1.0,0.0,0,0.0
11,S1,H4,processor,9,569.826226,24.0,0.0,53.24,0,0,24.0,1.0,0.0,0,0.0
11,S1,H5,processor,9,569.826226,24.0,0.0,53.24,0,0,24.0,1.0,0.0,0,0.0
11,S1,H7,loader,9,802.411354,24.0,0.0,55.4,0,0,24.0,1.0,0.0,0,0.0
12,S1,H1,feller_buncher,9,1013.0077249999999,24.0,0.0,54.44,0,0,24.0,1.0,0.0,0,0.0
12,S1,H2,feller_buncher,9,888.796776,24.0,0.0,54.92,0,0,24.0,1.0,0.0,0,0.0
12,S1,H3,grapple_skidder,9,678.968019,24.0,0.0,54.92,0,0,24.0,1.0,0.0,0,0.0
12,S1,H4,processor,9,517.165642,24.0,0.0,53.72,0,0,24.0,1.0,0.0,0,0.0
12,S1,H5,processor,9,517.165642,24.0,0.0,53.72,0,0,24.0,1.0,0.0,0,0.0
12,S1,H7,loader,9,937.184825,24.0,0.0,53.24,0,0,24.0,1.0,0.0,0,0.0
13,S1,H1,feller_buncher,9,413.7565330000002,24.0,0.0,55.16,0,0,24.0,1.0,0.0,0,0.0
13,S1,H2,feller_buncher,9,680.207863,24.0,0.0,53.96,0,0,24.0,1.0,0.0,0,0.0
13,S1,H3,grapple_skidder,9,1332.369187,24.0,0.0,55.4,0,0,24.0,1.0,0.0,0,0.0
13,S1,H4,processor,9,547.23705,24.0,0.0,54.92,0,0,24.0,1.0,0.0,0,0.0
13,S1,H7,loader,9,687.364703,24.0,0.0,53.72,0,0,24.0,1.0,0.0,0,0.0
13,S1,H8,loader,9,383.6337768000001,24.0,0.0,54.2,1,0,24.0,1.0,0.0,0,0.0
14,S1,H1,feller_buncher,9,1164.04956,24.0,0.0,53.48,0,0,24.0,1.0,0.0,0,0.0
14,S1,H2,feller_buncher,9,1176.844281,24.0,0.0,53.48,0,0,24.0,1.0,0.0,0,0.0
14,S1,H3,grapple_skidder,9,678.968019,24.0,0.0,55.4,0,0,24.0,1.0,0.0,0,0.0
14,S1,H4,processor,9,531.895933,24.0,0.0,55.4,0,0,24.0,1.0,0.0,0,0.0
14,S1,H5,processor,9,531.895933,24.0,0.0,53.48,0,0,24.0,1.0,0.0,0,0.0
14,S1,H6,processor,9,531.895933,24.0,0.0,0.0,0,0,24.0,1.0,0.0,0,0.0
14,S1,H7,loader,9,485.857474,24.0,0.0,54.92,0,0,24.0,1.0,0.0,0,0.0
15,S1,H1,feller_buncher,9,787.363583,24.0,0.0,54.44,0,0,24.0,1.0,0.0,0,0.0
15,S1,H2,feller_buncher,9,1176.844281,24.0,0.0,0.0,0,0,24.0,1.0,0.0,0,0.0
15,S1,H3,grapple_skidder,9,739.620424,24.0,0.0,53.24,0,0,24.0,1.0,0.0,0,0.0
15,S1,H4,processor,9,547.23705,24.0,0.0,55.4,0,0,24.0,1.0,0.0,0,0.0
15,S1,H7,loader,9,802.411354,24.0,0.0,55.4,0,0,24.0,1.0,0.0,0,0.0
15,S1,H8,loader,9,802.411354,24.0,0.0,53.48,0,0,24.0,1.0,0.0,0,0.0
16,S1,H1,feller_buncher,9,1194.708925,24.0,0.0,53.48,0,0,24.0,1.0,0.0,0,0.0
16,S1,H2,feller_buncher,9,111.30773800000088,24.0,0.0,0.0,0,0,24.0,1.0,0.0,0,0.0
16,S1,H3,grapple_skidder,9,674.603847,24.0,0.0,54.44,0,0,24.0,1.0,0.0,0,0.0
16,S1,H4,processor,9,481.329283,24.0,0.0,53.24,0,0,24.0,1.0,0.0,0,0.0
16,S1,H5,processor,9,481.329283,24.0,0.0,55.16,0,0,24.0,1.0,0.0,0,0.0
16,S1,H7,loader,9,485.857474,24.0,0.0,55.4,0,0,24.0,1.0,0.0,0,0.0
17,S1,H1,feller_buncher,9,836.2962474999999,24.0,0.0,0.0,0,0,24.0,1.0,0.0,0,0.3
17,S1,H2,feller_buncher,9,814.8346919999999,24.0,0.0,54.2,0,0,24.0,1.0,0.0,0,0.3
17,S1,H3,grapple_skidder,9,815.3097511999999,24.0,0.0,53.24,0,0,24.0,1.0,0.0,0,0.3
17,S1,H4,processor,9,319.2576345,24.0,0.0,54.44,0,0,24.0,1.0,0.0,0,0.3
17,S1,H5,processor,9,152.96505839999998,24.0,0.0,54.44,0,0,24.0,1.0,0.0,0,0.3
17,S1,H7,loader,9,316.3712468,24.0,0.0,53.24,0,0,24.0,1.0,0.0,0,0.3
17,S1,H8,loader,9,316.3712468,24.0,0.0,55.16,0,0,24.0,1.0,0.0,0,0.3
18,S1,H1,feller_buncher,9,140.55055100000027,24.0,0.0,0.0,0,0,24.0,1.0,0.0,0,0.0
18,S1,H2,feller_buncher,9,1164.04956,24.0,0.0,0.0,0,0,24.0,1.0,0.0,0,0.0
18,S1,H3,grapple_skidder,9,739.620424,24.0,0.0,54.68,0,0,24.0,1.0,0.0,0,0.0
18,S1,H4,processor,9,517.165642,24.0,0.0,53.24,0,0,24.0,1.0,0.0,0,0.0
18,S1,H5,processor,9,517.165642,24.0,0.0,53.24,0,0,24.0,1.0,0.0,0,0.0
18,S1,H7,loader,9,472.22269289999997,24.0,0.0,54.44,1,0,24.0,1.0,0.0,0,0.0
19,S1,H1,feller_buncher,9,502.7667789999996,24.0,0.0,54.92,0,0,24.0,1.0,0.0,0,0.0
19,S1,H2,feller_buncher,9,256.1621419999998,24.0,0.0,53.24,0,0,24.0,1.0,0.0,0,0.0
19,S1,H3,grapple_skidder,9,1164.728216,24.0,0.0,54.68,0,0,24.0,1.0,0.0,0,0.0
19,S1,H4,processor,9,481.329283,24.0,0.0,54.68,0,0,24.0,1.0,0.0,0,0.0
19,S1,H7,loader,9,687.364703,24.0,0.0,53.24,0,0,24.0,1.0,0.0,0,0.0
20,S1,H1,feller_buncher,9,59.00278800000001,24.0,0.0,53.24,0,0,24.0,1.0,0.0,0,0.0
20,S1,H2,feller_buncher,9,486.3476200000001,24.0,0.0,54.68,0,0,24.0,1.0,0.0,0,0.0
20,S1,H3,grapple_skidder,9,678.968019,24.0,0.0,54.92,0,0,24.0,1.0,0.0,0,0.0
20,S1,H4,processor,9,517.165642,24.0,0.0,54.68,0,0,24.0,1.0,0.0,0,0.0
20,S1,H5,processor,9,517.165642,24.0,0.0,0.0,0,0,24.0,1.0,0.0,0,0.0
20,S1,H6,processor,9,482.4686483999999,24.0,0.0,53.48,1,0,24.0,1.0,0.0,0,0.0
20,S1,H7,loader,9,451.958924,24.0,0.0,54.68,0,0,24.0,1.0,0.0,0,0.0
21,S1,H1,feller_buncher,9,576.960683,24.0,0.0,53.24,0,0,24.0,1.0,0.0,0,0.0
21,S1,H2,feller_buncher,9,364.89843800000006,24.0,0.0,53.72,0,0,24.0,1.0,0.0,0,0.0
21,S1,H3,grapple_skidder,9,1273.711203,24.0,0.0,55.16,0,0,24.0,1.0,0.0,0,0.0
21,S1,H4,processor,9,547.23705,24.0,0.0,54.92,0,0,24.0,1.0,0.0,0,0.0
21,S1,H5,processor,9,526.9238760000003,24.0,0.0,54.92,1,0,24.0,1.0,0.0,0,0.0
21,S1,H7,loader,9,687.364703,24.0,0.0,54.68,0,0,24.0,1.0,0.0,0,0.0
21,S1,H8,loader,9,687.364703,24.0,0.0,54.68,0,0,24.0,1.0,0.0,0,0.0
22,S1,H3,grapple_skidder,9,778.104169,24.0,0.0,54.44,0,0,24.0,1.0,0.0,0,0.0
22,S1,H4,processor,9,179.02569285009193,24.0,0.0,55.16,0,0,24.0,1.0,0.0,0,0.0
22,S1,H5,processor,9,179.02569285009193,24.0,0.0,55.16,0,0,24.0,1.0,0.0,0,0.0
22,S1,H6,processor,9,158.70631530621483,24.0,0.0,53.24,0,0,24.0,1.0,0.0,0,0.0
22,S1,H7,loader,9,485.857474,24.0,0.0,54.92,0,0,24.0,1.0,0.0,0,0.0
22,S1,H8,loader,9,485.857474,24.0,0.0,54.92,0,0,24.0,1.0,0.0,0,0.0
23,S1,H3,grapple_skidder,9,678.968019,24.0,0.0,53.72,0,0,24.0,1.0,0.0,0,0.0
23,S1,H4,processor,9,469.046841,24.0,0.0,54.44,0,0,24.0,1.0,0.0,0,0.0
23,S1,H7,loader,9,516.7577010063987,24.0,0.0,55.16,1,0,24.0,1.0,0.0,0,0.0
23,S1,H8,loader,9,0.0,24.0,0.0,55.16,1,0,24.0,1.0,0.0,0,0.0
24,S1,H3,grapple_skidder,9,1171.3323258932596,24.0,0.0,55.64,0,0,24.0,1.0,0.0,0,0.0
24,S1,H4,processor,9,547.23705,24.0,0.0,53.72,0,0,24.0,1.0,0.0,0,0.0
24,S1,H7,loader,9,474.741639,24.0,0.0,54.44,0,0,24.0,1.0,0.0,0,0.0
25,S1,H3,grapple_skidder,9,1332.369187,24.0,0.0,53.24,0,0,24.0,1.0,0.0,0,0.0
25,S1,H4,processor,9,569.826226,24.0,0.0,55.64,0,0,24.0,1.0,0.0,0,0.0
25,S1,H5,processor,9,569.826226,24.0,0.0,53.48,0,0,24.0,1.0,0.0,0,0.0
25,S1,H6,processor,9,372.66881489325965,24.0,0.0,53.48,1,0,24.0,1.0,0.0,0,0.0
25,S1,H7,loader,9,485.857474,24.0,0.0,53.72,0,0,24.0,1.0,0.0,0,0.0
26,S1,H3,grapple_skidder,9,10.661971468400907,24.0,0.0,55.4,1,0,24.0,1.0,0.0,0,0.0
26,S1,H4,processor,9,531.895933,24.0,0.0,53.24,0,0,24.0,1.0,0.0,0,0.0
26,S1,H5,processor,9,531.895933,24.0,0.0,53.24,0,0,24.0,1.0,0.0,0,0.0
26,S1,H7,loader,9,937.184825,24.0,0.0,55.64,0,0,24.0,1.0,0.0,0,0.0
26,S1,H8,loader,9,777.6040688932596,24.0,0.0,53.48,1,0,24.0,1.0,0.0,0,0.0
27,S1,H3,grapple_skidder,9,739.620424,24.0,0.0,53.24,0,0,24.0,1.0,0.0,0,0.0
27,S1,H4,processor,9,142.39294046840098,24.0,0.0,55.4,1,0,24.0,1.0,0.0,0,0.0
27,S1,H7,loader,9,802.411354,24.0,0.0,53.24,0,0,24.0,1.0,0.0,0,0.0
28,S1,H3,grapple_skidder,9,1480.641393,24.0,0.0,55.4,0,0,24.0,1.0,0.0,0,0.0
28,S1,H4,processor,9,481.329283,24.0,0.0,53.24,0,0,24.0,1.0,0.0,0,0.0
28,S1,H5,processor,9,481.329283,24.0,0.0,55.16,0,0,24.0,1.0,0.0,0,0.0
28,S1,H7,loader,9,485.857474,24.0,0.0,55.4,0,0,24.0,1.0,0.0,0,0.0
28,S1,H8,loader,9,4.499748468400753,24.0,0.0,55.64,1,0,24.0,1.0,0.0,0,0.0
29,S1,H3,grapple_skidder,9,778.104169,24.0,0.0,54.92,0,0,24.0,1.0,0.0,0,0.0
29,S1,H4,processor,9,569.826226,24.0,0.0,55.4,0,0,24.0,1.0,0.0,0,0.0
29,S1,H5,processor,9,569.826226,24.0,0.0,55.4,0,0,24.0,1.0,0.0,0,0.0
29,S1,H7,loader,9,451.958924,24.0,0.0,53.24,0,0,24.0,1.0,0.0,0,0.0
29,S1,H8,loader,9,451.958924,24.0,0.0,53.24,0,0,24.0,1.0,0.0,0,0.0
30,S1,H3,grapple_skidder,9,0.0,24.0,0.0,53.72,1,0,24.0,1.0,0.0,0,0.3
30,S1,H4,processor,9,328.3327887,24.0,0.0,54.92,0,0,24.0,1.0,0.0,0,0.3
30,S1,H5,processor,9,328.3327887,24.0,0.0,54.92,0,0,24.0,1.0,0.0,0,0.3
30,S1,H7,loader,9,656.0293775,24.0,0.0,55.4,0,0,24.0,1.0,0.0,0,0.3
31,S1,H3,grapple_skidder,9,923.199854,24.0,0.0,53.96,0,0,24.0,1.0,0.0,0,0.0
31,S1,H4,processor,9,0.0,24.0,0.0,53.72,1,0,24.0,1.0,0.0,0,0.0
31,S1,H7,loader,9,474.741639,24.0,0.0,54.92,0,0,24.0,1.0,0.0,0,0.0
31,S1,H8,loader,9,474.741639,24.0,0.0,53.48,0,0,24.0,1.0,0.0,0,0.0
32,S1,H3,grapple_skidder,9,778.104169,24.0,0.0,53.24,0,0,24.0,1.0,0.0,0,0.0
32,S1,H4,processor,9,395.784917,24.0,0.0,53.96,0,0,24.0,1.0,0.0,0,0.0
32,S1,H5,processor,9,395.784917,24.0,0.0,53.24,0,0,24.0,1.0,0.0,0,0.0
32,S1,H7,loader,9,0.0,24.0,0.0,53.72,1,0,24.0,1.0,0.0,0,0.0
33,S1,H3,grapple_skidder,9,190.68674434756062,24.0,0.0,53.48,0,0,24.0,1.0,0.0,0,0.0
33,S1,H4,processor,9,469.046841,24.0,0.0,53.24,0,0,24.0,1.0,0.0,0,0.0
33,S1,H5,processor,9,469.046841,24.0,0.0,53.24,0,0,24.0,1.0,0.0,0,0.0
33,S1,H7,loader,9,419.2840189749129,22.03251206250127,1.9674879374987313,53.96,0,0,24.0,0.9180213359375529,1.9674879374987313,1,0.0
34,S1,H3,grapple_skidder,9,0.0,24.0,0.0,53.24,1,0,24.0,1.0,0.0,0,0.0
34,S1,H4,processor,9,405.5915272475603,24.0,0.0,53.48,1,0,24.0,1.0,0.0,0,0.0
34,S1,H7,loader,9,474.741639,24.0,0.0,53.24,0,0,24.0,1.0,0.0,0,0.0
34,S1,H8,loader,9,474.741639,24.0,0.0,0.0,0,0,24.0,1.0,0.0,0,0.0
35,S1,H3,grapple_skidder,9,809.624168,24.0,0.0,53.48,0,0,24.0,1.0,0.0,0,0.0
35,S1,H4,processor,9,0.0,24.0,0.0,53.24,1,0,24.0,1.0,0.0,0,0.0
35,S1,H5,processor,9,0.0,24.0,0.0,53.72,1,0,24.0,1.0,0.0,0,0.0
35,S1,H7,loader,9,451.958924,24.0,0.0,53.48,0,0,24.0,1.0,0.0,0,0.0
35,S1,H8,loader,9,134.7057859999993,24.0,0.0,53.48,0,0,24.0,1.0,0.0,0,0.0
36,S1,H3,grapple_skidder,9,778.104169,24.0,0.0,53.24,0,0,24.0,1.0,0.0,0,0.0
36,S1,H4,processor,9,409.650504,24.0,0.0,53.48,0,0,24.0,1.0,0.0,0,0.0
36,S1,H5,processor,9,409.650504,24.0,0.0,53.48,0,0,24.0,1.0,0.0,0,0.0
36,S1,H7,loader,9,0.0,24.0,0.0,53.24,1,0,24.0,1.0,0.0,0,0.0
36,S1,H8,loader,9,0.0,24.0,0.0,53.24,1,0,24.0,1.0,0.0,0,0.0
37,S1,H3,grapple_skidder,9,932.6584309,24.0,0.0,54.68,0,0,24.0,1.0,0.0,0,0.3
37,S1,H4,processor,9,328.3327887,24.0,0.0,53.24,0,0,24.0,1.0,0.0,0,0.3
37,S1,H7,loader,9,297.1037937,24.0,0.0,53.48,0,0,24.0,1.0,0.0,0,0.3
37,S1,H8,loader,9,297.1037937,24.0,0.0,53.48,0,0,24.0,1.0,0.0,0,0.3
38,S1,H3,grapple_skidder,9,428.3584616067403,24.0,0.0,53.24,1,0,24.0,1.0,0.0,0,0.0
38,S1,H4,processor,9,304.68823359970196,17.846304158958674,6.153695841041326,54.68,0,0,24.0,0.7435960066232781,6.153695841041328,1,0.0
38,S1,H5,processor,9,409.74969053870086,24.0,0.0,54.92,0,0,24.0,1.0,0.0,0,0.0
38,S1,H6,processor,9,409.74969053870086,24.0,0.0,53.24,0,0,24.0,1.0,0.0,0,0.0
38,S1,H7,loader,9,391.72450339999955,24.0,0.0,53.24,1,0,24.0,1.0,0.0,0,0.0
39,S1,H3,grapple_skidder,9,159.77199800000017,24.0,0.0,53.72,0,0,24.0,1.0,0.0,0,0.0
39,S1,H4,processor,9,569.826226,24.0,0.0,53.24,0,0,24.0,1.0,0.0,0,0.0
39,S1,H5,processor,9,199.52117660674037,24.0,0.0,53.24,1,0,24.0,1.0,0.0,0,0.0
39,S1,H7,loader,9,802.411354,24.0,0.0,54.68,0,0,24.0,1.0,0.0,0,0.0
39,S1,H8,loader,9,802.411354,24.0,0.0,54.92,0,0,24.0,1.0,0.0,0,0.0
40,S1,H3,grapple_skidder,9,454.0851555081182,19.21515594755548,4.7848440524445195,53.48,0,0,24.0,0.8006314978148117,4.784844052444521,1,0.0
40,S1,H4,processor,9,159.77199800000017,24.0,0.0,53.72,1,0,24.0,1.0,0.0,0,0.0
40,S1,H7,loader,9,937.184825,24.0,0.0,53.24,0,0,24.0,1.0,0.0,0,0.0
40,S1,H8,loader,9,233.46212599999876,24.0,0.0,53.24,0,0,24.0,1.0,0.0,0,0.0
41,S1,H3,grapple_skidder,9,576.960683,24.0,0.0,54.2,0,0,24.0,1.0,0.0,0,0.0
41,S1,H4,processor,9,531.895933,24.0,0.0,53.48,0,0,24.0,1.0,0.0,0,0.0
41,S1,H5,processor,9,4.496068731014361,24.0,0.0,53.24,1,0,24.0,1.0,0.0,0,0.0
41,S1,H7,loader,9,648.8091054000004,24.0,0.0,53.72,1,0,24.0,1.0,0.0,0,0.0
41,S1,H8,loader,9,0.0,24.0,0.0,53.72,1,0,24.0,1.0,0.0,0,0.0
42,S1,H3,grapple_skidder,9,1045.106301,24.0,0.0,53.24,0,0,24.0,1.0,0.0,0,0.0
42,S1,H4,processor,9,245.23496867887715,24.0,0.0,54.2,0,0,24.0,1.0,0.0,0,0.0
42,S1,H5,processor,9,84.77203858713823,24.0,0.0,54.2,0,0,24.0,1.0,0.0,0,0.0
42,S1,H7,loader,9,569.3830234081187,24.0,0.0,53.48,1,0,24.0,1.0,0.0,0,0.0
42,S1,H8,loader,9,0.0,24.0,0.0,53.48,1,0,24.0,1.0,0.0,0,0.0
1,S1,H1,feller_buncher,10,1176.844281,24.0,0.0,0.0,0,0,24.0,1.0,0.0,0,0.0
1,S1,H2,feller_buncher,10,1299.478592,24.0,0.0,0.0,0,0,24.0,1.0,0.0,0,0.0
2,S1,H1,feller_buncher,10,1164.04956,24.0,0.0,54.2,0,0,24.0,1.0,0.0,0,0.0
2,S1,H2,feller_buncher,10,1299.478592,24.0,0.0,0.0,0,0,24.0,1.0,0.0,0,0.0
2,S1,H3,grapple_skidder,10,1164.728216,24.0,0.0,0.0,0,0,24.0,1.0,0.0,0,0.0
3,S1,H1,feller_buncher,10,888.796776,24.0,0.0,53.24,0,0,24.0,1.0,0.0,0,0.0
3,S1,H2,feller_buncher,10,1299.478592,24.0,0.0,0.0,0,0,24.0,1.0,0.0,0,0.0
3,S1,H3,grapple_skidder,10,778.104169,24.0,0.0,54.2,0,0,24.0,1.0,0.0,0,0.0
3,S1,H4,processor,10,517.165642,24.0,0.0,0.0,0,0,24.0,1.0,0.0,0,0.0
3,S1,H5,processor,10,517.165642,24.0,0.0,0.0,0,0,24.0,1.0,0.0,0,0.0
4,S1,H1,feller_buncher,10,715.7960862359449,24.0,0.0,53.24,0,0,24.0,1.0,0.0,0,0.0
4,S1,H2,feller_buncher,10,1299.478592,24.0,0.0,0.0,0,0,24.0,1.0,0.0,0,0.0
4,S1,H3,grapple_skidder,10,809.624168,24.0,0.0,53.24,0,0,24.0,1.0,0.0,0,0.0
4,S1,H4,processor,10,469.046841,24.0,0.0,54.2,0,0,24.0,1.0,0.0,0,0.0
4,S1,H7,loader,10,687.364703,24.0,0.0,0.0,0,0,24.0,1.0,0.0,0,0.0
5,S1,H1,feller_buncher,10,356.0085949999998,24.0,0.0,53.24,0,0,24.0,1.0,0.0,0,0.0
5,S1,H2,feller_buncher,10,1194.708925,24.0,0.0,55.64,0,0,24.0,1.0,0.0,0,0.0
5,S1,H3,grapple_skidder,10,715.7960862359449,24.0,0.0,53.24,1,0,24.0,1.0,0.0,0,0.0
5,S1,H4,processor,10,409.650504,24.0,0.0,53.24,0,0,24.0,1.0,0.0,0,0.0
6,S1,H1,feller_buncher,10,1220.906942,24.0,0.0,55.4,0,0,24.0,1.0,0.0,0,0.0
6,S1,H2,feller_buncher,10,1164.04956,24.0,0.0,54.92,0,0,24.0,1.0,0.0,0,0.0
6,S1,H3,grapple_skidder,10,678.968019,24.0,0.0,53.24,0,0,24.0,1.0,0.0,0,0.0
6,S1,H4,processor,10,481.329283,24.0,0.0,53.24,0,0,24.0,1.0,0.0,0,0.0
7,S1,H1,feller_buncher,10,1176.844281,24.0,0.0,53.48,0,0,24.0,1.0,0.0,0,0.0
7,S1,H2,feller_buncher,10,1220.906942,24.0,0.0,54.68,0,0,24.0,1.0,0.0,0,0.0
7,S1,H3,grapple_skidder,10,778.104169,24.0,0.0,53.72,0,0,24.0,1.0,0.0,0,0.0
7,S1,H4,processor,10,547.23705,24.0,0.0,53.24,0,0,24.0,1.0,0.0,0,0.0
7,S1,H7,loader,10,451.958924,24.0,0.0,54.68,0,0,24.0,1.0,0.0,0,0.0
8,S1,H1,feller_buncher,10,442.8456552862227,24.0,0.0,53.24,0,0,24.0,1.0,0.0,0,0.0
8,S1,H2,feller_buncher,10,1220.906942,24.0,0.0,0.0,0,0,24.0,1.0,0.0,0,0.0
8,S1,H3,grapple_skidder,10,678.968019,24.0,0.0,53.72,0,0,24.0,1.0,0.0,0,0.0
8,S1,H4,processor,10,349.25689011287295,24.0,0.0,53.72,0,0,24.0,1.0,0.0,0,0.0
8,S1,H5,processor,10,280.0227212621458,19.242412964621977,4.757587035378023,54.2,0,0,24.0,0.8017672068592491,4.757587035378023,1,0.0
8,S1,H7,loader,10,485.857474,24.0,0.0,53.24,0,0,24.0,1.0,0.0,0,0.0
9,S1,H1,feller_buncher,10,1194.708925,24.0,0.0,53.96,0,0,24.0,1.0,0.0,0,0.0
9,S1,H2,feller_buncher,10,961.553907,24.0,0.0,55.16,0,0,24.0,1.0,0.0,0,0.0
9,S1,H3,grapple_skidder,10,1332.369187,24.0,0.0,55.4,0,0,24.0,1.0,0.0,0,0.0
9,S1,H4,processor,10,547.23705,24.0,0.0,53.72,0,0,24.0,1.0,0.0,0,0.0
9,S1,H7,loader,10,474.741639,24.0,0.0,53.72,0,0,24.0,1.0,0.0,0,0.0
9,S1,H8,loader,10,474.741639,24.0,0.0,0.0,0,0,24.0,1.0,0.0,0,0.0
10,S1,H1,feller_buncher,10,961.553907,24.0,0.0,55.4,0,0,24.0,1.0,0.0,0,0.0
10,S1,H2,feller_buncher,10,860.013242,24.0,0.0,53.72,0,0,24.0,1.0,0.0,0,0.0
10,S1,H3,grapple_skidder,10,1480.641393,24.0,0.0,53.24,0,0,24.0,1.0,0.0,0,0.0
10,S1,H4,processor,10,531.895933,24.0,0.0,55.4,0,0,24.0,1.0,0.0,0,0.0
10,S1,H5,processor,10,531.895933,24.0,0.0,54.68,0,0,24.0,1.0,0.0,0,0.0
10,S1,H7,loader,10,485.857474,24.0,0.0,53.72,0,0,24.0,1.0,0.0,0,0.0
11,S1,H1,feller_buncher,10,860.013242,24.0,0.0,53.72,0,0,24.0,1.0,0.0,0,0.0
11,S1,H2,feller_buncher,10,1220.906942,24.0,0.0,54.44,0,0,24.0,1.0,0.0,0,0.0
11,S1,H3,grapple_skidder,10,1164.728216,24.0,0.0,53.72,0,0,24.0,1.0,0.0,0,0.0
11,S1,H4,processor,10,569.826226,24.0,0.0,53.24,0,0,24.0,1.0,0.0,0,0.0
11,S1,H5,processor,10,569.826226,24.0,0.0,53.24,0,0,24.0,1.0,0.0,0,0.0
11,S1,H7,loader,10,802.411354,24.0,0.0,55.4,0,0,24.0,1.0,0.0,0,0.0
12,S1,H1,feller_buncher,10,1013.0077249999999,24.0,0.0,54.44,0,0,24.0,1.0,0.0,0,0.0
12,S1,H2,feller_buncher,10,888.796776,24.0,0.0,54.92,0,0,24.0,1.0,0.0,0,0.0
12,S1,H3,grapple_skidder,10,678.968019,24.0,0.0,54.92,0,0,24.0,1.0,0.0,0,0.0
12,S1,H4,processor,10,517.165642,24.0,0.0,53.72,0,0,24.0,1.0,0.0,0,0.0
12,S1,H5,processor,10,517.165642,24.0,0.0,53.72,0,0,24.0,1.0,0.0,0,0.0
12,S1,H7,loader,10,937.184825,24.0,0.0,53.24,0,0,24.0,1.0,0.0,0,0.0
13,S1,H1,feller_buncher,10,413.7565330000002,24.0,0.0,55.16,0,0,24.0,1.0,0.0,0,0.0
13,S1,H2,feller_buncher,10,587.352760429385,20.723762568891736,3.276237431108264,53.96,0,0,24.0,0.8634901070371557,3.276237431108264,1,0.0
13,S1,H3,grapple_skidder,10,1332.369187,24.0,0.0,55.4,0,0,24.0,1.0,0.0,0,0.0
13,S1,H4,processor,10,547.23705,24.0,0.0,54.92,0,0,24.0,1.0,0.0,0,0.0
13,S1,H7,loader,10,687.364703,24.0,0.0,53.72,0,0,24.0,1.0,0.0,0,0.0
13,S1,H8,loader,10,687.364703,24.0,0.0,54.2,0,0,24.0,1.0,0.0,0,0.0
14,S1,H1,feller_buncher,10,1164.04956,24.0,0.0,53.48,0,0,24.0,1.0,0.0,0,0.0
14,S1,H2,feller_buncher,10,1176.844281,24.0,0.0,53.48,0,0,24.0,1.0,0.0,0,0.0
14,S1,H3,grapple_skidder,10,678.968019,24.0,0.0,55.4,0,0,24.0,1.0,0.0,0,0.0
14,S1,H4,processor,10,531.895933,24.0,0.0,55.4,0,0,24.0,1.0,0.0,0,0.0
14,S1,H5,processor,10,531.895933,24.0,0.0,53.48,0,0,24.0,1.0,0.0,0,0.0
14,S1,H6,processor,10,531.895933,24.0,0.0,0.0,0,0,24.0,1.0,0.0,0,0.0
14,S1,H7,loader,10,485.857474,24.0,0.0,54.92,0,0,24.0,1.0,0.0,0,0.0
15,S1,H1,feller_buncher,10,326.86627919068286,24.0,0.0,54.44,0,0,24.0,1.0,0.0,0,0.0
15,S1,H2,feller_buncher,10,1176.844281,24.0,0.0,0.0,0,0,24.0,1.0,0.0,0,0.0
15,S1,H3,grapple_skidder,10,739.620424,24.0,0.0,53.24,0,0,24.0,1.0,0.0,0,0.0
15,S1,H4,processor,10,547.23705,24.0,0.0,55.4,0,0,24.0,1.0,0.0,0,0.0
15,S1,H7,loader,10,802.411354,24.0,0.0,55.4,0,0,24.0,1.0,0.0,0,0.0
15,S1,H8,loader,10,802.411354,24.0,0.0,53.48,0,0,24.0,1.0,0.0,0,0.0
16,S1,H1,feller_buncher,10,836.2962474999999,24.0,0.0,53.48,0,0,24.0,1.0,0.0,0,0.3
16,S1,H2,feller_buncher,10,77.91541660000061,24.0,0.0,0.0,0,0,24.0,1.0,0.0,0,0.3
16,S1,H3,grapple_skidder,10,442.8456552862227,24.0,0.0,54.44,1,0,24.0,1.0,0.0,0,0.3
16,S1,H4,processor,10,336.93049809999997,24.0,0.0,53.24,0,0,24.0,1.0,0.0,0,0.3
16,S1,H5,processor,10,336.93049809999997,24.0,0.0,55.16,0,0,24.0,1.0,0.0,0,0.3
16,S1,H7,loader,10,340.1002318,24.0,0.0,55.4,0,0,24.0,1.0,0.0,0,0.3
17,S1,H1,feller_buncher,10,521.834135047654,24.0,0.0,0.0,0,0,24.0,1.0,0.0,0,0.0
17,S1,H2,feller_buncher,10,1164.04956,24.0,0.0,54.2,0,0,24.0,1.0,0.0,0,0.0
17,S1,H3,grapple_skidder,10,1164.728216,24.0,0.0,53.24,0,0,24.0,1.0,0.0,0,0.0
17,S1,H4,processor,10,442.8456552862227,24.0,0.0,54.44,1,0,24.0,1.0,0.0,0,0.0
17,S1,H5,processor,10,0.0,24.0,0.0,54.44,1,0,24.0,1.0,0.0,0,0.0
17,S1,H7,loader,10,451.958924,24.0,0.0,53.24,0,0,24.0,1.0,0.0,0,0.0
17,S1,H8,loader,10,251.2724311999998,24.0,0.0,55.16,1,0,24.0,1.0,0.0,0,0.0
18,S1,H1,feller_buncher,10,140.55055100000027,24.0,0.0,0.0,0,0,24.0,1.0,0.0,0,0.0
18,S1,H2,feller_buncher,10,1164.04956,24.0,0.0,0.0,0,0,24.0,1.0,0.0,0,0.0
18,S1,H3,grapple_skidder,10,739.620424,24.0,0.0,54.68,0,0,24.0,1.0,0.0,0,0.0
18,S1,H4,processor,10,517.165642,24.0,0.0,53.24,0,0,24.0,1.0,0.0,0,0.0
18,S1,H5,processor,10,517.165642,24.0,0.0,53.24,0,0,24.0,1.0,0.0,0,0.0
18,S1,H7,loader,10,442.8456552862227,24.0,0.0,54.44,1,0,24.0,1.0,0.0,0,0.0
19,S1,H1,feller_buncher,10,502.7667789999996,24.0,0.0,54.92,0,0,24.0,1.0,0.0,0,0.0
19,S1,H2,feller_buncher,10,256.1621419999998,24.0,0.0,53.24,0,0,24.0,1.0,0.0,0,0.0
19,S1,H3,grapple_skidder,10,1164.728216,24.0,0.0,54.68,0,0,24.0,1.0,0.0,0,0.0
19,S1,H4,processor,10,481.329283,24.0,0.0,54.68,0,0,24.0,1.0,0.0,0,0.0
19,S1,H7,loader,10,687.364703,24.0,0.0,53.24,0,0,24.0,1.0,0.0,0,0.0
20,S1,H1,feller_buncher,10,44.99894384645361,18.303790192336102,5.696209807663898,53.24,0,0,24.0,0.762657924680671,5.696209807663896,1,0.0
20,S1,H2,feller_buncher,10,486.3476200000001,24.0,0.0,54.68,0,0,24.0,1.0,0.0,0,0.0
20,S1,H3,grapple_skidder,10,678.968019,24.0,0.0,54.92,0,0,24.0,1.0,0.0,0,0.0
20,S1,H4,processor,10,517.165642,24.0,0.0,54.68,0,0,24.0,1.0,0.0,0,0.0
20,S1,H5,processor,10,517.165642,24.0,0.0,0.0,0,0,24.0,1.0,0.0,0,0.0
20,S1,H6,processor,10,517.165642,24.0,0.0,53.48,0,0,24.0,1.0,0.0,0,0.0
20,S1,H7,loader,10,451.958924,24.0,0.0,54.68,0,0,24.0,1.0,0.0,0,0.0
21,S1,H1,feller_buncher,10,576.960683,24.0,0.0,53.24,0,0,24.0,1.0,0.0,0,0.0
21,S1,H2,feller_buncher,10,227.0654409006543,24.0,0.0,53.72,0,0,24.0,1.0,0.0,0,0.0
21,S1,H3,grapple_skidder,10,813.2138991906829,24.0,0.0,55.16,1,0,24.0,1.0,0.0,0,0.0
21,S1,H4,processor,10,547.23705,24.0,0.0,54.92,0,0,24.0,1.0,0.0,0,0.0
21,S1,H5,processor,10,547.23705,24.0,0.0,54.92,0,0,24.0,1.0,0.0,0,0.0
21,S1,H7,loader,10,687.364703,24.0,0.0,54.68,0,0,24.0,1.0,0.0,0,0.0
21,S1,H8,loader,10,687.364703,24.0,0.0,54.68,0,0,24.0,1.0,0.0,0,0.0
22,S1,H3,grapple_skidder,10,778.104169,24.0,0.0,54.44,0,0,24.0,1.0,0.0,0,0.0
22,S1,H4,processor,10,441.264891,24.0,0.0,55.16,0,0,24.0,1.0,0.0,0,0.0
22,S1,H5,processor,10,371.94900819068295,24.0,0.0,55.16,1,0,24.0,1.0,0.0,0,0.0
22,S1,H6,processor,10,0.0,24.0,0.0,53.24,1,0,24.0,1.0,0.0,0,0.0
22,S1,H7,loader,10,485.857474,24.0,0.0,54.92,0,0,24.0,1.0,0.0,0,0.0
22,S1,H8,loader,10,485.857474,24.0,0.0,54.92,0,0,24.0,1.0,0.0,0,0.0
23,S1,H3,grapple_skidder,10,678.968019,24.0,0.0,53.72,0,0,24.0,1.0,0.0,0,0.0
23,S1,H4,processor,10,469.046841,24.0,0.0,54.44,0,0,24.0,1.0,0.0,0,0.0
23,S1,H7,loader,10,733.483855,24.0,0.0,55.16,0,0,24.0,1.0,0.0,0,0.0
23,S1,H8,loader,10,79.73004419068297,24.0,0.0,55.16,1,0,24.0,1.0,0.0,0,0.0
24,S1,H3,grapple_skidder,10,1480.641393,24.0,0.0,55.64,0,0,24.0,1.0,0.0,0,0.0
24,S1,H4,processor,10,547.23705,24.0,0.0,53.72,0,0,24.0,1.0,0.0,0,0.0
24,S1,H7,loader,10,474.741639,24.0,0.0,54.44,0,0,24.0,1.0,0.0,0,0.0
25,S1,H3,grapple_skidder,10,1332.369187,24.0,0.0,53.24,0,0,24.0,1.0,0.0,0,0.0
25,S1,H4,processor,10,569.826226,24.0,0.0,55.64,0,0,24.0,1.0,0.0,0,0.0
25,S1,H5,processor,10,569.826226,24.0,0.0,53.48,0,0,24.0,1.0,0.0,0,0.0
25,S1,H6,processor,10,569.826226,24.0,0.0,53.48,0,0,24.0,1.0,0.0,0,0.0
25,S1,H7,loader,10,485.857474,24.0,0.0,53.72,0,0,24.0,1.0,0.0,0,0.0
26,S1,H3,grapple_skidder,10,678.968019,24.0,0.0,55.4,0,0,24.0,1.0,0.0,0,0.0
26,S1,H4,processor,10,531.895933,24.0,0.0,53.24,0,0,24.0,1.0,0.0,0,0.0
26,S1,H5,processor,10,531.895933,24.0,0.0,53.24,0,0,24.0,1.0,0.0,0,0.0
26,S1,H7,loader,10,937.184825,24.0,0.0,55.64,0,0,24.0,1.0,0.0,0,0.0
26,S1,H8,loader,10,937.184825,24.0,0.0,53.48,0,0,24.0,1.0,0.0,0,0.0
27,S1,H3,grapple_skidder,10,739.620424,24.0,0.0,53.24,0,0,24.0,1.0,0.0,0,0.0
27,S1,H4,processor,10,547.23705,24.0,0.0,55.4,0,0,24.0,1.0,0.0,0,0.0
27,S1,H7,loader,10,641.4721598466455,19.186333492882618,4.813666507117382,53.24,0,0,24.0,0.7994305622034424,4.813666507117381,1,0.0
28,S1,H3,grapple_skidder,10,926.8159975476535,24.0,0.0,55.4,1,0,24.0,1.0,0.0,0,0.0
28,S1,H4,processor,10,481.329283,24.0,0.0,53.24,0,0,24.0,1.0,0.0,0,0.0
28,S1,H5,processor,10,481.329283,24.0,0.0,55.16,0,0,24.0,1.0,0.0,0,0.0
28,S1,H7,loader,10,485.857474,24.0,0.0,55.4,0,0,24.0,1.0,0.0,0,0.0
28,S1,H8,loader,10,485.857474,24.0,0.0,55.64,0,0,24.0,1.0,0.0,0,0.0
29,S1,H3,grapple_skidder,10,778.104169,24.0,0.0,54.92,0,0,24.0,1.0,0.0,0,0.0
29,S1,H4,processor,10,569.826226,24.0,0.0,55.4,0,0,24.0,1.0,0.0,0,0.0
29,S1,H5,processor,10,469.14142754765373,24.0,0.0,55.4,1,0,24.0,1.0,0.0,0,0.0
29,S1,H7,loader,10,451.958924,24.0,0.0,53.24,0,0,24.0,1.0,0.0,0,0.0
29,S1,H8,loader,10,451.958924,24.0,0.0,53.24,0,0,24.0,1.0,0.0,0,0.0
30,S1,H3,grapple_skidder,10,678.968019,24.0,0.0,53.72,0,0,24.0,1.0,0.0,0,0.0
30,S1,H4,processor,10,469.046841,24.0,0.0,54.92,0,0,24.0,1.0,0.0,0,0.0
30,S1,H5,processor,10,469.046841,24.0,0.0,54.92,0,0,24.0,1.0,0.0,0,0.0
30,S1,H7,loader,10,510.7677983117722,24.0,0.0,55.4,0,0,24.0,1.0,0.0,0,0.0
31,S1,H3,grapple_skidder,10,923.199854,24.0,0.0,53.96,0,0,24.0,1.0,0.0,0,0.0
31,S1,H4,processor,10,547.23705,24.0,0.0,53.72,0,0,24.0,1.0,0.0,0,0.0
31,S1,H7,loader,10,474.741639,24.0,0.0,54.92,0,0,24.0,1.0,0.0,0,0.0
31,S1,H8,loader,10,474.741639,24.0,0.0,53.48,0,0,24.0,1.0,0.0,0,0.0
32,S1,H3,grapple_skidder,10,544.6729182999999,24.0,0.0,53.24,0,0,24.0,1.0,0.0,0,0.3
32,S1,H4,processor,10,277.0494419,24.0,0.0,53.96,0,0,24.0,1.0,0.0,0,0.3
32,S1,H5,processor,10,277.0494419,24.0,0.0,53.24,0,0,24.0,1.0,0.0,0,0.3
32,S1,H7,loader,10,340.1002318,24.0,0.0,53.72,0,0,24.0,1.0,0.0,0,0.3
33,S1,H3,grapple_skidder,10,118.00307500000031,24.0,0.0,53.48,1,0,24.0,1.0,0.0,0,0.0
33,S1,H4,processor,10,469.046841,24.0,0.0,53.24,0,0,24.0,1.0,0.0,0,0.0
33,S1,H5,processor,10,469.046841,24.0,0.0,53.24,0,0,24.0,1.0,0.0,0,0.0
33,S1,H7,loader,10,456.725789,24.0,0.0,53.96,0,0,24.0,1.0,0.0,0,0.0
34,S1,H3,grapple_skidder,10,122.17881099999954,24.0,0.0,53.24,0,0,24.0,1.0,0.0,0,0.0
34,S1,H4,processor,10,410.4425559999998,24.0,0.0,53.48,0,0,24.0,1.0,0.0,0,0.0
34,S1,H7,loader,10,474.741639,24.0,0.0,53.24,0,0,24.0,1.0,0.0,0,0.0
34,S1,H8,loader,10,474.741639,24.0,0.0,0.0,0,0,24.0,1.0,0.0,0,0.0
35,S1,H3,grapple_skidder,10,809.624168,24.0,0.0,53.48,0,0,24.0,1.0,0.0,0,0.0
35,S1,H4,processor,10,547.23705,24.0,0.0,53.24,0,0,24.0,1.0,0.0,0,0.0
35,S1,H5,processor,10,81.55246300000022,24.0,0.0,53.72,0,0,24.0,1.0,0.0,0,0.0
35,S1,H7,loader,10,451.958924,24.0,0.0,53.48,0,0,24.0,1.0,0.0,0,0.0
35,S1,H8,loader,10,46.59470899999957,24.0,0.0,53.48,1,0,24.0,1.0,0.0,0,0.0
36,S1,H3,grapple_skidder,10,778.104169,24.0,0.0,53.24,0,0,24.0,1.0,0.0,0,0.0
36,S1,H4,processor,10,409.650504,24.0,0.0,53.48,0,0,24.0,1.0,0.0,0,0.0
36,S1,H5,processor,10,409.650504,24.0,0.0,53.48,0,0,24.0,1.0,0.0,0,0.0
36,S1,H7,loader,10,485.857474,24.0,0.0,53.24,0,0,24.0,1.0,0.0,0,0.0
36,S1,H8,loader,10,209.49074899999937,24.0,0.0,53.24,0,0,24.0,1.0,0.0,0,0.0
37,S1,H3,grapple_skidder,10,1332.369187,24.0,0.0,54.68,0,0,24.0,1.0,0.0,0,0.0
37,S1,H4,processor,10,188.12484939950124,24.0,0.0,53.24,0,0,24.0,1.0,0.0,0,0.0
37,S1,H7,loader,10,424.433991,24.0,0.0,53.48,0,0,24.0,1.0,0.0,0,0.0
37,S1,H8,loader,10,424.433991,24.0,0.0,53.48,0,0,24.0,1.0,0.0,0,0.0
38,S1,H3,grapple_skidder,10,0.0,24.0,0.0,53.24,1,0,24.0,1.0,0.0,0,0.0
38,S1,H4,processor,10,531.895933,24.0,0.0,54.68,0,0,24.0,1.0,0.0,0,0.0
38,S1,H5,processor,10,531.895933,24.0,0.0,54.92,0,0,24.0,1.0,0.0,0,0.0
38,S1,H6,processor,10,531.895933,24.0,0.0,53.24,0,0,24.0,1.0,0.0,0,0.0
38,S1,H7,loader,10,308.49403377451927,24.0,0.0,53.24,1,0,24.0,1.0,0.0,0,0.0
39,S1,H3,grapple_skidder,10,126.3796766000005,24.0,0.0,53.72,1,0,24.0,1.0,0.0,0,0.0
39,S1,H4,processor,10,0.0,24.0,0.0,53.24,1,0,24.0,1.0,0.0,0,0.0
39,S1,H5,processor,10,0.0,24.0,0.0,53.24,1,0,24.0,1.0,0.0,0,0.0
39,S1,H7,loader,10,802.411354,24.0,0.0,54.68,0,0,24.0,1.0,0.0,0,0.0
39,S1,H8,loader,10,802.411354,24.0,0.0,54.92,0,0,24.0,1.0,0.0,0,0.0
40,S1,H3,grapple_skidder,10,567.1587449999993,24.0,0.0,53.48,0,0,24.0,1.0,0.0,0,0.0
40,S1,H4,processor,10,130.80176259999985,24.0,0.0,53.72,1,0,24.0,1.0,0.0,0,0.0
40,S1,H7,loader,10,565.7765102358815,24.0,0.0,53.24,1,0,24.0,1.0,0.0,0,0.0
40,S1,H8,loader,10,0.0,24.0,0.0,53.24,1,0,24.0,1.0,0.0,0,0.0
41,S1,H3,grapple_skidder,10,576.960683,24.0,0.0,54.2,0,0,24.0,1.0,0.0,0,0.0
41,S1,H4,processor,10,256.9569284692394,24.0,0.0,53.48,0,0,24.0,1.0,0.0,0,0.0
41,S1,H5,processor,10,22.116257251801763,24.0,0.0,53.24,0,0,24.0,1.0,0.0,0,0.0
41,S1,H7,loader,10,661.1043226000006,24.0,0.0,53.72,1,0,24.0,1.0,0.0,0,0.0
41,S1,H8,loader,10,0.0,24.0,0.0,53.72,1,0,24.0,1.0,0.0,0,0.0
42,S1,H3,grapple_skidder,10,814.4182013300392,24.0,0.0,53.24,1,0,24.0,1.0,0.0,0,0.0
42,S1,H4,processor,10,428.751305,24.0,0.0,54.2,0,0,24.0,1.0,0.0,0,0.0
42,S1,H5,processor,10,148.20937800000002,24.0,0.0,54.2,0,0,24.0,1.0,0.0,0,0.0
42,S1,H7,loader,10,802.411354,24.0,0.0,53.48,0,0,24.0,1.0,0.0,0,0.0
42,S1,H8,loader,10,142.09223187439613,24.0,0.0,53.48,1,0,24.0,1.0,0.0,0,0.0
1,S1,H1,feller_buncher,11,637.563934566665,24.0,0.0,0.0,0,0,24.0,1.0,0.0,0,0.3
1,S1,H2,feller_buncher,11,909.6350143999999,24.0,0.0,0.0,0,0,24.0,1.0,0.0,0,0.3
2,S1,H1,feller_buncher,11,1164.04956,24.0,0.0,54.2,0,0,24.0,1.0,0.0,0,0.0
2,S1,H2,feller_buncher,11,1299.478592,24.0,0.0,0.0,0,0,24.0,1.0,0.0,0,0.0
2,S1,H3,grapple_skidder,11,637.563934566665,24.0,0.0,0.0,1,0,24.0,1.0,0.0,0,0.0
3,S1,H1,feller_buncher,11,622.1577432,24.0,0.0,53.24,0,0,24.0,1.0,0.0,0,0.3
3,S1,H2,feller_buncher,11,909.6350143999999,24.0,0.0,0.0,0,0,24.0,1.0,0.0,0,0.3
3,S1,H3,grapple_skidder,11,544.6729182999999,24.0,0.0,54.2,0,0,24.0,1.0,0.0,0,0.3
3,S1,H4,processor,11,362.0159494,24.0,0.0,0.0,0,0,24.0,1.0,0.0,0,0.3
3,S1,H5,processor,11,275.547985166665,24.0,0.0,0.0,1,0,24.0,1.0,0.0,0,0.3
4,S1,H1,feller_buncher,11,961.553907,24.0,0.0,53.24,0,0,24.0,1.0,0.0,0,0.0
4,S1,H2,feller_buncher,11,1299.478592,24.0,0.0,0.0,0,0,24.0,1.0,0.0,0,0.0
4,S1,H3,grapple_skidder,11,622.1577432,18.90125616841076,5.098743831589239,53.24,1,0,24.0,0.7875523403504484,5.09874383158924,1,0.0
4,S1,H4,processor,11,469.046841,24.0,0.0,54.2,0,0,24.0,1.0,0.0,0,0.0
4,S1,H7,loader,11,637.563934566665,24.0,0.0,0.0,1,0,24.0,1.0,0.0,0,0.0
5,S1,H1,feller_buncher,11,356.0085949999998,24.0,0.0,53.24,0,0,24.0,1.0,0.0,0,0.0
5,S1,H2,feller_buncher,11,1194.708925,24.0,0.0,55.64,0,0,24.0,1.0,0.0,0,0.0
5,S1,H3,grapple_skidder,11,739.620424,24.0,0.0,53.24,0,0,24.0,1.0,0.0,0,0.0
5,S1,H4,processor,11,409.650504,24.0,0.0,53.24,0,0,24.0,1.0,0.0,0,0.0
6,S1,H1,feller_buncher,11,854.6348594,24.0,0.0,55.4,0,0,24.0,1.0,0.0,0,0.3
6,S1,H2,feller_buncher,11,814.8346919999999,24.0,0.0,54.92,0,0,24.0,1.0,0.0,0,0.3
6,S1,H3,grapple_skidder,11,475.2776133,24.0,0.0,53.24,0,0,24.0,1.0,0.0,0,0.3
6,S1,H4,processor,11,336.93049809999997,24.0,0.0,53.24,0,0,24.0,1.0,0.0,0,0.3
7,S1,H1,feller_buncher,11,1176.844281,24.0,0.0,53.48,0,0,24.0,1.0,0.0,0,0.0
7,S1,H2,feller_buncher,11,1220.906942,24.0,0.0,54.68,0,0,24.0,1.0,0.0,0,0.0
7,S1,H3,grapple_skidder,11,778.104169,24.0,0.0,53.72,0,0,24.0,1.0,0.0,0,0.0
7,S1,H4,processor,11,475.2776133,24.0,0.0,53.24,1,0,24.0,1.0,0.0,0,0.0
7,S1,H7,loader,11,336.93049809999997,24.0,0.0,54.68,1,0,24.0,1.0,0.0,0,0.0
8,S1,H1,feller_buncher,11,674.603847,24.0,0.0,53.24,0,0,24.0,1.0,0.0,0,0.0
8,S1,H2,feller_buncher,11,1220.906942,24.0,0.0,0.0,0,0,24.0,1.0,0.0,0,0.0
8,S1,H3,grapple_skidder,11,678.968019,24.0,0.0,53.72,0,0,24.0,1.0,0.0,0,0.0
8,S1,H4,processor,11,469.046841,24.0,0.0,53.72,0,0,24.0,1.0,0.0,0,0.0
8,S1,H5,processor,11,384.6834052999999,24.0,0.0,54.2,1,0,24.0,1.0,0.0,0,0.0
8,S1,H7,loader,11,475.2776133,24.0,0.0,53.24,1,0,24.0,1.0,0.0,0,0.0
9,S1,H1,feller_buncher,11,1194.708925,24.0,0.0,53.96,0,0,24.0,1.0,0.0,0,0.0
9,S1,H2,feller_buncher,11,961.553907,24.0,0.0,55.16,0,0,24.0,1.0,0.0,0,0.0
9,S1,H3,grapple_skidder,11,1332.369187,24.0,0.0,55.4,0,0,24.0,1.0,0.0,0,0.0
9,S1,H4,processor,11,547.23705,24.0,0.0,53.72,0,0,24.0,1.0,0.0,0,0.0
9,S1,H7,loader,11,474.741639,24.0,0.0,53.72,0,0,24.0,1.0,0.0,0,0.0
9,S1,H8,loader,11,474.741639,24.0,0.0,0.0,0,0,24.0,1.0,0.0,0,0.0
10,S1,H1,feller_buncher,11,961.553907,24.0,0.0,55.4,0,0,24.0,1.0,0.0,0,0.0
10,S1,H2,feller_buncher,11,766.7989879680672,21.398712034289368,2.6012879657106325,53.72,0,0,24.0,0.8916130014287237,2.6012879657106334,1,0.0
10,S1,H3,grapple_skidder,11,1480.641393,24.0,0.0,53.24,0,0,24.0,1.0,0.0,0,0.0
10,S1,H4,processor,11,501.2529012516498,22.617337121168767,1.3826628788312334,55.4,0,0,24.0,0.9423890467153653,1.3826628788312334,1,0.0
10,S1,H5,processor,11,531.895933,24.0,0.0,54.68,0,0,24.0,1.0,0.0,0,0.0
10,S1,H7,loader,11,485.857474,24.0,0.0,53.72,0,0,24.0,1.0,0.0,0,0.0
11,S1,H1,feller_buncher,11,394.1342973785783,24.0,0.0,53.72,0,0,24.0,1.0,0.0,0,0.0
11,S1,H2,feller_buncher,11,1220.906942,24.0,0.0,54.44,0,0,24.0,1.0,0.0,0,0.0
11,S1,H3,grapple_skidder,11,1164.728216,24.0,0.0,53.72,0,0,24.0,1.0,0.0,0,0.0
11,S1,H4,processor,11,569.826226,24.0,0.0,53.24,0,0,24.0,1.0,0.0,0,0.0
11,S1,H5,processor,11,569.826226,24.0,0.0,53.24,0,0,24.0,1.0,0.0,0,0.0
11,S1,H7,loader,11,802.411354,24.0,0.0,55.4,0,0,24.0,1.0,0.0,0,0.0
12,S1,H1,feller_buncher,11,1013.0077249999999,24.0,0.0,54.44,0,0,24.0,1.0,0.0,0,0.0
12,S1,H2,feller_buncher,11,888.796776,24.0,0.0,54.92,0,0,24.0,1.0,0.0,0,0.0
12,S1,H3,grapple_skidder,11,494.83470222728096,17.491299326507367,6.508700673492633,54.92,0,0,24.0,0.7288041386044736,6.508700673492632,1,0.0
12,S1,H4,processor,11,517.165642,24.0,0.0,53.72,0,0,24.0,1.0,0.0,0,0.0
12,S1,H5,processor,11,517.165642,24.0,0.0,53.72,0,0,24.0,1.0,0.0,0,0.0
12,S1,H7,loader,11,937.184825,24.0,0.0,53.24,0,0,24.0,1.0,0.0,0,0.0
13,S1,H1,feller_buncher,11,413.7565330000002,24.0,0.0,55.16,0,0,24.0,1.0,0.0,0,0.0
13,S1,H2,feller_buncher,11,680.207863,24.0,0.0,53.96,0,0,24.0,1.0,0.0,0,0.0
13,S1,H3,grapple_skidder,11,1332.369187,24.0,0.0,55.4,0,0,24.0,1.0,0.0,0,0.0
13,S1,H4,processor,11,547.23705,24.0,0.0,54.92,0,0,24.0,1.0,0.0,0,0.0
13,S1,H7,loader,11,687.364703,24.0,0.0,53.72,0,0,24.0,1.0,0.0,0,0.0
13,S1,H8,loader,11,346.96658100000013,24.0,0.0,54.2,1,0,24.0,1.0,0.0,0,0.0
14,S1,H1,feller_buncher,11,1164.04956,24.0,0.0,53.48,0,0,24.0,1.0,0.0,0,0.0
14,S1,H2,feller_buncher,11,1176.844281,24.0,0.0,53.48,0,0,24.0,1.0,0.0,0,0.0
14,S1,H3,grapple_skidder,11,678.968019,24.0,0.0,55.4,0,0,24.0,1.0,0.0,0,0.0
14,S1,H4,processor,11,531.895933,24.0,0.0,55.4,0,0,24.0,1.0,0.0,0,0.0
14,S1,H5,processor,11,531.895933,24.0,0.0,53.48,0,0,24.0,1.0,0.0,0,0.0
14,S1,H6,processor,11,531.895933,24.0,0.0,0.0,0,0,24.0,1.0,0.0,0,0.0
14,S1,H7,loader,11,485.857474,24.0,0.0,54.92,0,0,24.0,1.0,0.0,0,0.0
15,S1,H1,feller_buncher,11,787.363583,24.0,0.0,54.44,0,0,24.0,1.0,0.0,0,0.0
15,S1,H2,feller_buncher,11,1176.844281,24.0,0.0,0.0,0,0,24.0,1.0,0.0,0,0.0
15,S1,H3,grapple_skidder,11,739.620424,24.0,0.0,53.24,0,0,24.0,1.0,0.0,0,0.0
15,S1,H4,processor,11,547.23705,24.0,0.0,55.4,0,0,24.0,1.0,0.0,0,0.0
15,S1,H7,loader,11,802.411354,24.0,0.0,55.4,0,0,24.0,1.0,0.0,0,0.0
15,S1,H8,loader,11,802.411354,24.0,0.0,53.48,0,0,24.0,1.0,0.0,0,0.0
16,S1,H1,feller_buncher,11,1194.708925,24.0,0.0,53.48,0,0,24.0,1.0,0.0,0,0.0
16,S1,H2,feller_buncher,11,111.30773800000088,24.0,0.0,0.0,0,0,24.0,1.0,0.0,0,0.0
16,S1,H3,grapple_skidder,11,674.603847,24.0,0.0,54.44,0,0,24.0,1.0,0.0,0,0.0
16,S1,H4,processor,11,481.329283,24.0,0.0,53.24,0,0,24.0,1.0,0.0,0,0.0
16,S1,H5,processor,11,481.329283,24.0,0.0,55.16,0,0,24.0,1.0,0.0,0,0.0
16,S1,H7,loader,11,485.857474,24.0,0.0,55.4,0,0,24.0,1.0,0.0,0,0.0
17,S1,H1,feller_buncher,11,1194.708925,24.0,0.0,0.0,0,0,24.0,1.0,0.0,0,0.0
17,S1,H2,feller_buncher,11,1164.04956,24.0,0.0,54.2,0,0,24.0,1.0,0.0,0,0.0
17,S1,H3,grapple_skidder,11,1164.728216,24.0,0.0,53.24,0,0,24.0,1.0,0.0,0,0.0
17,S1,H4,processor,11,456.082335,24.0,0.0,54.44,0,0,24.0,1.0,0.0,0,0.0
17,S1,H5,processor,11,218.52151199999997,24.0,0.0,54.44,0,0,24.0,1.0,0.0,0,0.0
17,S1,H7,loader,11,451.958924,24.0,0.0,53.24,0,0,24.0,1.0,0.0,0,0.0
17,S1,H8,loader,11,451.958924,24.0,0.0,55.16,0,0,24.0,1.0,0.0,0,0.0
18,S1,H1,feller_buncher,11,140.55055100000027,24.0,0.0,0.0,0,0,24.0,1.0,0.0,0,0.0
18,S1,H2,feller_buncher,11,1164.04956,24.0,0.0,0.0,0,0,24.0,1.0,0.0,0,0.0
18,S1,H3,grapple_skidder,11,739.620424,24.0,0.0,54.68,0,0,24.0,1.0,0.0,0,0.0
18,S1,H4,processor,11,517.165642,24.0,0.0,53.24,0,0,24.0,1.0,0.0,0,0.0
18,S1,H5,processor,11,517.165642,24.0,0.0,53.24,0,0,24.0,1.0,0.0,0,0.0
18,S1,H7,loader,11,674.603847,24.0,0.0,54.44,0,0,24.0,1.0,0.0,0,0.0
19,S1,H1,feller_buncher,11,502.7667789999996,24.0,0.0,54.92,0,0,24.0,1.0,0.0,0,0.0
19,S1,H2,feller_buncher,11,256.1621419999998,24.0,0.0,53.24,0,0,24.0,1.0,0.0,0,0.0
19,S1,H3,grapple_skidder,11,1164.728216,24.0,0.0,54.68,0,0,24.0,1.0,0.0,0,0.0
19,S1,H4,processor,11,481.329283,24.0,0.0,54.68,0,0,24.0,1.0,0.0,0,0.0
19,S1,H7,loader,11,687.364703,24.0,0.0,53.24,0,0,24.0,1.0,0.0,0,0.0
20,S1,H1,feller_buncher,11,59.00278800000001,24.0,0.0,53.24,0,0,24.0,1.0,0.0,0,0.0
20,S1,H2,feller_buncher,11,486.3476200000001,24.0,0.0,54.68,0,0,24.0,1.0,0.0,0,0.0
20,S1,H3,grapple_skidder,11,678.968019,24.0,0.0,54.92,0,0,24.0,1.0,0.0,0,0.0
20,S1,H4,processor,11,517.165642,24.0,0.0,54.68,0,0,24.0,1.0,0.0,0,0.0
20,S1,H5,processor,11,517.165642,24.0,0.0,0.0,0,0,24.0,1.0,0.0,0,0.0
20,S1,H6,processor,11,391.19079599999964,24.0,0.0,53.48,1,0,24.0,1.0,0.0,0,0.0
20,S1,H7,loader,11,451.958924,24.0,0.0,54.68,0,0,24.0,1.0,0.0,0,0.0
21,S1,H1,feller_buncher,11,576.960683,24.0,0.0,53.24,0,0,24.0,1.0,0.0,0,0.0
21,S1,H2,feller_buncher,11,364.89843800000006,24.0,0.0,53.72,0,0,24.0,1.0,0.0,0,0.0
21,S1,H3,grapple_skidder,11,1122.8407030284231,21.157211155252874,2.842788844747126,55.16,0,0,24.0,0.8815504648022031,2.842788844747127,1,0.0
21,S1,H4,processor,11,547.23705,24.0,0.0,54.92,0,0,24.0,1.0,0.0,0,0.0
21,S1,H5,processor,11,342.79055922728116,24.0,0.0,54.92,1,0,24.0,1.0,0.0,0,0.0
21,S1,H7,loader,11,687.364703,24.0,0.0,54.68,0,0,24.0,1.0,0.0,0,0.0
21,S1,H8,loader,11,687.364703,24.0,0.0,54.68,0,0,24.0,1.0,0.0,0,0.0
22,S1,H3,grapple_skidder,11,778.104169,24.0,0.0,54.44,0,0,24.0,1.0,0.0,0,0.0
22,S1,H4,processor,11,441.264891,24.0,0.0,55.16,0,0,24.0,1.0,0.0,0,0.0
22,S1,H5,processor,11,441.264891,24.0,0.0,55.16,0,0,24.0,1.0,0.0,0,0.0
22,S1,H6,processor,11,240.31092102842314,24.0,0.0,53.24,1,0,24.0,1.0,0.0,0,0.0
22,S1,H7,loader,11,485.857474,24.0,0.0,54.92,0,0,24.0,1.0,0.0,0,0.0
22,S1,H8,loader,11,485.857474,24.0,0.0,54.92,0,0,24.0,1.0,0.0,0,0.0
23,S1,H3,grapple_skidder,11,678.968019,24.0,0.0,53.72,0,0,24.0,1.0,0.0,0,0.0
23,S1,H4,processor,11,469.046841,24.0,0.0,54.44,0,0,24.0,1.0,0.0,0,0.0
23,S1,H7,loader,11,733.483855,24.0,0.0,55.16,0,0,24.0,1.0,0.0,0,0.0
23,S1,H8,loader,11,389.3568480284232,24.0,0.0,55.16,1,0,24.0,1.0,0.0,0,0.0
24,S1,H3,grapple_skidder,11,539.3402728613314,24.0,0.0,55.64,0,0,24.0,1.0,0.0,0,0.3
24,S1,H4,processor,11,383.06593499999997,24.0,0.0,53.72,0,0,24.0,1.0,0.0,0,0.3
24,S1,H7,loader,11,332.3191473,24.0,0.0,54.44,0,0,24.0,1.0,0.0,0,0.3
25,S1,H3,grapple_skidder,11,1137.5933659006175,20.491498188343215,3.508501811656785,53.24,0,0,24.0,0.8538124245143006,3.5085018116567865,1,0.0
25,S1,H4,processor,11,569.826226,24.0,0.0,55.64,0,0,24.0,1.0,0.0,0,0.0
25,S1,H5,processor,11,310.50298786133146,24.0,0.0,53.48,1,0,24.0,1.0,0.0,0,0.0
25,S1,H6,processor,11,0.0,24.0,0.0,53.48,1,0,24.0,1.0,0.0,0,0.0
25,S1,H7,loader,11,485.51732422728094,24.0,0.0,53.72,1,0,24.0,1.0,0.0,0,0.0
26,S1,H3,grapple_skidder,11,678.968019,24.0,0.0,55.4,0,0,24.0,1.0,0.0,0,0.0
26,S1,H4,processor,11,531.895933,24.0,0.0,53.24,0,0,24.0,1.0,0.0,0,0.0
26,S1,H5,processor,11,531.895933,24.0,0.0,53.24,0,0,24.0,1.0,0.0,0,0.0
26,S1,H7,loader,11,937.184825,24.0,0.0,55.64,0,0,24.0,1.0,0.0,0,0.0
26,S1,H8,loader,11,145.61201586133143,24.0,0.0,53.48,1,0,24.0,1.0,0.0,0,0.0
27,S1,H3,grapple_skidder,11,704.124413448691,22.848187224706205,1.151812775293795,53.24,0,0,24.0,0.9520078010294252,1.1518127752937959,1,0.0
27,S1,H4,processor,11,547.23705,24.0,0.0,55.4,0,0,24.0,1.0,0.0,0,0.0
27,S1,H7,loader,11,289.5712543815536,18.505691089535027,5.494308910464973,53.24,0,0,24.0,0.7710704620639595,5.494308910464973,1,0.0
28,S1,H3,grapple_skidder,11,1036.4489751,24.0,0.0,55.4,0,0,24.0,1.0,0.0,0,0.3
28,S1,H4,processor,11,336.93049809999997,24.0,0.0,53.24,0,0,24.0,1.0,0.0,0,0.3
28,S1,H5,processor,11,336.93049809999997,24.0,0.0,55.16,0,0,24.0,1.0,0.0,0,0.3
28,S1,H7,loader,11,340.1002318,24.0,0.0,55.4,0,0,24.0,1.0,0.0,0,0.3
28,S1,H8,loader,11,207.13681819999994,24.0,0.0,55.64,1,0,24.0,1.0,0.0,0,0.3
29,S1,H3,grapple_skidder,11,778.104169,24.0,0.0,54.92,0,0,24.0,1.0,0.0,0,0.0
29,S1,H4,processor,11,569.826226,24.0,0.0,55.4,0,0,24.0,1.0,0.0,0,0.0
29,S1,H5,processor,11,466.6227491000001,24.0,0.0,55.4,1,0,24.0,1.0,0.0,0,0.0
29,S1,H7,loader,11,451.958924,24.0,0.0,53.24,0,0,24.0,1.0,0.0,0,0.0
29,S1,H8,loader,11,310.0131491999997,24.0,0.0,53.24,1,0,24.0,1.0,0.0,0,0.0
30,S1,H3,grapple_skidder,11,409.2833972727193,24.0,0.0,53.72,1,0,24.0,1.0,0.0,0,0.0
30,S1,H4,processor,11,469.046841,24.0,0.0,54.92,0,0,24.0,1.0,0.0,0,0.0
30,S1,H5,processor,11,469.046841,24.0,0.0,54.92,0,0,24.0,1.0,0.0,0,0.0
30,S1,H7,loader,11,937.184825,24.0,0.0,55.4,0,0,24.0,1.0,0.0,0,0.0
31,S1,H3,grapple_skidder,11,923.199854,24.0,0.0,53.96,0,0,24.0,1.0,0.0,0,0.0
31,S1,H4,processor,11,547.23705,24.0,0.0,53.72,0,0,24.0,1.0,0.0,0,0.0
31,S1,H7,loader,11,474.741639,24.0,0.0,54.92,0,0,24.0,1.0,0.0,0,0.0
31,S1,H8,loader,11,474.741639,24.0,0.0,53.48,0,0,24.0,1.0,0.0,0,0.0
32,S1,H3,grapple_skidder,11,778.104169,24.0,0.0,53.24,0,0,24.0,1.0,0.0,0,0.0
32,S1,H4,processor,11,395.784917,24.0,0.0,53.96,0,0,24.0,1.0,0.0,0,0.0
32,S1,H5,processor,11,395.784917,24.0,0.0,53.24,0,0,24.0,1.0,0.0,0,0.0
32,S1,H7,loader,11,485.857474,24.0,0.0,53.72,0,0,24.0,1.0,0.0,0,0.0
33,S1,H3,grapple_skidder,11,339.9365580000001,24.0,0.0,53.48,0,0,24.0,1.0,0.0,0,0.0
33,S1,H4,processor,11,469.046841,24.0,0.0,53.24,0,0,24.0,1.0,0.0,0,0.0
33,S1,H5,processor,11,458.1251430000001,24.0,0.0,53.24,1,0,24.0,1.0,0.0,0,0.0
33,S1,H7,loader,11,456.725789,24.0,0.0,53.96,0,0,24.0,1.0,0.0,0,0.0
34,S1,H3,grapple_skidder,11,0.0,24.0,0.0,53.24,1,0,24.0,1.0,0.0,0,0.0
34,S1,H4,processor,11,410.4425559999998,24.0,0.0,53.48,0,0,24.0,1.0,0.0,0,0.0
34,S1,H7,loader,11,356.00490638142287,17.997405433303793,6.002594566696207,53.24,0,0,24.0,0.7498918930543247,6.002594566696207,1,0.0
34,S1,H8,loader,11,474.741639,24.0,0.0,0.0,0,0,24.0,1.0,0.0,0,0.0
35,S1,H3,grapple_skidder,11,809.624168,24.0,0.0,53.48,0,0,24.0,1.0,0.0,0,0.0
35,S1,H4,processor,11,289.6794002727195,24.0,0.0,53.24,1,0,24.0,1.0,0.0,0,0.0
35,S1,H5,processor,11,0.0,24.0,0.0,53.72,1,0,24.0,1.0,0.0,0,0.0
35,S1,H7,loader,11,410.4425559999998,24.0,0.0,53.48,1,0,24.0,1.0,0.0,0,0.0
35,S1,H8,loader,11,0.0,24.0,0.0,53.48,1,0,24.0,1.0,0.0,0,0.0
36,S1,H3,grapple_skidder,11,778.104169,24.0,0.0,53.24,0,0,24.0,1.0,0.0,0,0.0
36,S1,H4,processor,11,409.650504,24.0,0.0,53.48,0,0,24.0,1.0,0.0,0,0.0
36,S1,H5,processor,11,409.650504,24.0,0.0,53.48,0,0,24.0,1.0,0.0,0,0.0
36,S1,H7,loader,11,351.0589762727194,24.0,0.0,53.24,1,0,24.0,1.0,0.0,0,0.0
36,S1,H8,loader,11,0.0,24.0,0.0,53.24,1,0,24.0,1.0,0.0,0,0.0
37,S1,H3,grapple_skidder,11,1332.369187,24.0,0.0,54.68,0,0,24.0,1.0,0.0,0,0.0
37,S1,H4,processor,11,469.046841,24.0,0.0,53.24,0,0,24.0,1.0,0.0,0,0.0
37,S1,H7,loader,11,424.433991,24.0,0.0,53.48,0,0,24.0,1.0,0.0,0,0.0
37,S1,H8,loader,11,424.433991,24.0,0.0,53.48,0,0,24.0,1.0,0.0,0,0.0
38,S1,H3,grapple_skidder,11,334.2234503999998,24.0,0.0,53.24,0,0,24.0,1.0,0.0,0,0.3
38,S1,H4,processor,11,372.3271531,24.0,0.0,54.68,0,0,24.0,1.0,0.0,0,0.3
38,S1,H5,processor,11,372.3271531,24.0,0.0,54.92,0,0,24.0,1.0,0.0,0,0.3
38,S1,H6,processor,11,372.3271531,24.0,0.0,53.24,0,0,24.0,1.0,0.0,0,0.3
38,S1,H7,loader,11,332.3191473,24.0,0.0,53.24,0,0,24.0,1.0,0.0,0,0.3
39,S1,H3,grapple_skidder,11,123.95423098272234,24.0,0.0,53.72,0,0,24.0,1.0,0.0,0,0.0
39,S1,H4,processor,11,334.2234503999998,24.0,0.0,53.24,1,0,24.0,1.0,0.0,0,0.0
39,S1,H5,processor,11,0.0,24.0,0.0,53.24,1,0,24.0,1.0,0.0,0,0.0
39,S1,H7,loader,11,802.411354,24.0,0.0,54.68,0,0,24.0,1.0,0.0,0,0.0
39,S1,H8,loader,11,802.411354,24.0,0.0,54.92,0,0,24.0,1.0,0.0,0,0.0
40,S1,H3,grapple_skidder,11,395.66248349938314,24.0,0.0,53.48,1,0,24.0,1.0,0.0,0,0.0
40,S1,H4,processor,11,123.95423098272234,24.0,0.0,53.72,1,0,24.0,1.0,0.0,0,0.0
40,S1,H7,loader,11,433.48760049999987,24.0,0.0,53.24,1,0,24.0,1.0,0.0,0,0.0
40,S1,H8,loader,11,0.0,24.0,0.0,53.24,1,0,24.0,1.0,0.0,0,0.0
41,S1,H3,grapple_skidder,11,576.960683,24.0,0.0,54.2,0,0,24.0,1.0,0.0,0,0.0
41,S1,H4,processor,11,531.895933,24.0,0.0,53.48,0,0,24.0,1.0,0.0,0,0.0
41,S1,H5,processor,11,41.241086839865204,21.620382513516926,2.379617486483074,53.24,0,0,24.0,0.9008492713965386,2.3796174864830726,1,0.0
41,S1,H7,loader,11,521.7134859827223,24.0,0.0,53.72,1,0,24.0,1.0,0.0,0,0.0
41,S1,H8,loader,11,0.0,24.0,0.0,53.72,1,0,24.0,1.0,0.0,0,0.0
42,S1,H3,grapple_skidder,11,731.5744106999999,24.0,0.0,53.24,0,0,24.0,1.0,0.0,0,0.3
42,S1,H4,processor,11,300.12591349999997,24.0,0.0,54.2,0,0,24.0,1.0,0.0,0,0.3
42,S1,H5,processor,11,103.7465646,24.0,0.0,54.2,0,0,24.0,1.0,0.0,0,0.3
42,S1,H7,loader,11,561.6879478,24.0,0.0,53.48,0,0,24.0,1.0,0.0,0,0.3
42,S1,H8,loader,11,195.82921049999987,24.0,0.0,53.48,0,0,24.0,1.0,0.0,0,0.3
1,S1,H1,feller_buncher,12,1176.844281,24.0,0.0,0.0,0,0,24.0,1.0,0.0,0,0.0
1,S1,H2,feller_buncher,12,1299.478592,24.0,0.0,0.0,0,0,24.0,1.0,0.0,0,0.0
2,S1,H1,feller_buncher,12,1164.04956,24.0,0.0,54.2,0,0,24.0,1.0,0.0,0,0.0
2,S1,H2,feller_buncher,12,1299.478592,24.0,0.0,0.0,0,0,24.0,1.0,0.0,0,0.0
2,S1,H3,grapple_skidder,12,1164.728216,24.0,0.0,0.0,0,0,24.0,1.0,0.0,0,0.0
3,S1,H1,feller_buncher,12,888.796776,24.0,0.0,53.24,0,0,24.0,1.0,0.0,0,0.0
3,S1,H2,feller_buncher,12,1299.478592,24.0,0.0,0.0,0,0,24.0,1.0,0.0,0,0.0
3,S1,H3,grapple_skidder,12,778.104169,24.0,0.0,54.2,0,0,24.0,1.0,0.0,0,0.0
3,S1,H4,processor,12,517.165642,24.0,0.0,0.0,0,0,24.0,1.0,0.0,0,0.0
3,S1,H5,processor,12,517.165642,24.0,0.0,0.0,0,0,24.0,1.0,0.0,0,0.0
4,S1,H1,feller_buncher,12,961.553907,24.0,0.0,53.24,0,0,24.0,1.0,0.0,0,0.0
4,S1,H2,feller_buncher,12,1299.478592,24.0,0.0,0.0,0,0,24.0,1.0,0.0,0,0.0
4,S1,H3,grapple_skidder,12,809.624168,24.0,0.0,53.24,0,0,24.0,1.0,0.0,0,0.0
4,S1,H4,processor,12,469.046841,24.0,0.0,54.2,0,0,24.0,1.0,0.0,0,0.0
4,S1,H7,loader,12,687.364703,24.0,0.0,0.0,0,0,24.0,1.0,0.0,0,0.0
5,S1,H1,feller_buncher,12,356.0085949999998,24.0,0.0,53.24,0,0,24.0,1.0,0.0,0,0.0
5,S1,H2,feller_buncher,12,1194.708925,24.0,0.0,55.64,0,0,24.0,1.0,0.0,0,0.0
5,S1,H3,grapple_skidder,12,739.620424,24.0,0.0,53.24,0,0,24.0,1.0,0.0,0,0.0
5,S1,H4,processor,12,409.650504,24.0,0.0,53.24,0,0,24.0,1.0,0.0,0,0.0
6,S1,H1,feller_buncher,12,854.6348594,24.0,0.0,55.4,0,0,24.0,1.0,0.0,0,0.3
6,S1,H2,feller_buncher,12,814.8346919999999,24.0,0.0,54.92,0,0,24.0,1.0,0.0,0,0.3
6,S1,H3,grapple_skidder,12,475.2776133,24.0,0.0,53.24,0,0,24.0,1.0,0.0,0,0.3
6,S1,H4,processor,12,336.93049809999997,24.0,0.0,53.24,0,0,24.0,1.0,0.0,0,0.3
7,S1,H1,feller_buncher,12,1176.844281,24.0,0.0,53.48,0,0,24.0,1.0,0.0,0,0.0
7,S1,H2,feller_buncher,12,1220.906942,24.0,0.0,54.68,0,0,24.0,1.0,0.0,0,0.0
7,S1,H3,grapple_skidder,12,778.104169,24.0,0.0,53.72,0,0,24.0,1.0,0.0,0,0.0
7,S1,H4,processor,12,475.2776133,24.0,0.0,53.24,1,0,24.0,1.0,0.0,0,0.0
7,S1,H7,loader,12,336.93049809999997,24.0,0.0,54.68,1,0,24.0,1.0,0.0,0,0.0
8,S1,H1,feller_buncher,12,674.603847,24.0,0.0,53.24,0,0,24.0,1.0,0.0,0,0.0
8,S1,H2,feller_buncher,12,1220.906942,24.0,0.0,0.0,0,0,24.0,1.0,0.0,0,0.0
8,S1,H3,grapple_skidder,12,678.968019,24.0,0.0,53.72,0,0,24.0,1.0,0.0,0,0.0
8,S1,H4,processor,12,469.046841,24.0,0.0,53.72,0,0,24.0,1.0,0.0,0,0.0
8,S1,H5,processor,12,469.046841,24.0,0.0,54.2,0,0,24.0,1.0,0.0,0,0.0
8,S1,H7,loader,12,475.2776133,24.0,0.0,53.24,1,0,24.0,1.0,0.0,0,0.0
9,S1,H1,feller_buncher,12,1194.708925,24.0,0.0,53.96,0,0,24.0,1.0,0.0,0,0.0
9,S1,H2,feller_buncher,12,961.553907,24.0,0.0,55.16,0,0,24.0,1.0,0.0,0,0.0
9,S1,H3,grapple_skidder,12,1332.369187,24.0,0.0,55.4,0,0,24.0,1.0,0.0,0,0.0
9,S1,H4,processor,12,547.23705,24.0,0.0,53.72,0,0,24.0,1.0,0.0,0,0.0
9,S1,H7,loader,12,474.741639,24.0,0.0,53.72,0,0,24.0,1.0,0.0,0,0.0
9,S1,H8,loader,12,474.741639,24.0,0.0,0.0,0,0,24.0,1.0,0.0,0,0.0
10,S1,H1,feller_buncher,12,961.553907,24.0,0.0,55.4,0,0,24.0,1.0,0.0,0,0.0
10,S1,H2,feller_buncher,12,860.013242,24.0,0.0,53.72,0,0,24.0,1.0,0.0,0,0.0
10,S1,H3,grapple_skidder,12,1480.641393,24.0,0.0,53.24,0,0,24.0,1.0,0.0,0,0.0
10,S1,H4,processor,12,531.895933,24.0,0.0,55.4,0,0,24.0,1.0,0.0,0,0.0
10,S1,H5,processor,12,463.0226449541663,20.892326467365546,3.107673532634454,54.68,0,0,24.0,0.8705136028068977,3.107673532634454,1,0.0
10,S1,H7,loader,12,485.857474,24.0,0.0,53.72,0,0,24.0,1.0,0.0,0,0.0
11,S1,H1,feller_buncher,12,721.3122675949762,20.129334732126637,3.8706652678733633,53.72,0,0,24.0,0.8387222805052765,3.870665267873365,1,0.0
11,S1,H2,feller_buncher,12,1220.906942,24.0,0.0,54.44,0,0,24.0,1.0,0.0,0,0.0
11,S1,H3,grapple_skidder,12,1164.728216,24.0,0.0,53.72,0,0,24.0,1.0,0.0,0,0.0
11,S1,H4,processor,12,569.826226,24.0,0.0,53.24,0,0,24.0,1.0,0.0,0,0.0
11,S1,H5,processor,12,569.826226,24.0,0.0,53.24,0,0,24.0,1.0,0.0,0,0.0
11,S1,H7,loader,12,802.411354,24.0,0.0,55.4,0,0,24.0,1.0,0.0,0,0.0
12,S1,H1,feller_buncher,12,659.568853244122,24.0,0.0,54.44,0,0,24.0,1.0,0.0,0,0.0
12,S1,H2,feller_buncher,12,888.796776,24.0,0.0,54.92,0,0,24.0,1.0,0.0,0,0.0
12,S1,H3,grapple_skidder,12,678.968019,24.0,0.0,54.92,0,0,24.0,1.0,0.0,0,0.0
12,S1,H4,processor,12,517.165642,24.0,0.0,53.72,0,0,24.0,1.0,0.0,0,0.0
12,S1,H5,processor,12,517.165642,24.0,0.0,53.72,0,0,24.0,1.0,0.0,0,0.0
12,S1,H7,loader,12,937.184825,24.0,0.0,53.24,0,0,24.0,1.0,0.0,0,0.0
13,S1,H1,feller_buncher,12,413.7565330000002,24.0,0.0,55.16,0,0,24.0,1.0,0.0,0,0.0
13,S1,H2,feller_buncher,12,680.207863,24.0,0.0,53.96,0,0,24.0,1.0,0.0,0,0.0
13,S1,H3,grapple_skidder,12,1332.369187,24.0,0.0,55.4,0,0,24.0,1.0,0.0,0,0.0
13,S1,H4,processor,12,547.23705,24.0,0.0,54.92,0,0,24.0,1.0,0.0,0,0.0
13,S1,H7,loader,12,687.364703,24.0,0.0,53.72,0,0,24.0,1.0,0.0,0,0.0
13,S1,H8,loader,12,687.364703,24.0,0.0,54.2,0,0,24.0,1.0,0.0,0,0.0
14,S1,H1,feller_buncher,12,1164.04956,24.0,0.0,53.48,0,0,24.0,1.0,0.0,0,0.0
14,S1,H2,feller_buncher,12,1010.5876687285975,20.609442082581136,3.390557917418864,53.48,0,0,24.0,0.8587267534408807,3.3905579174188643,1,0.0
14,S1,H3,grapple_skidder,12,678.968019,24.0,0.0,55.4,0,0,24.0,1.0,0.0,0,0.0
14,S1,H4,processor,12,531.895933,24.0,0.0,55.4,0,0,24.0,1.0,0.0,0,0.0
14,S1,H5,processor,12,531.895933,24.0,0.0,53.48,0,0,24.0,1.0,0.0,0,0.0
14,S1,H6,processor,12,531.895933,24.0,0.0,0.0,0,0,24.0,1.0,0.0,0,0.0
14,S1,H7,loader,12,485.857474,24.0,0.0,54.92,0,0,24.0,1.0,0.0,0,0.0
15,S1,H1,feller_buncher,12,787.363583,24.0,0.0,54.44,0,0,24.0,1.0,0.0,0,0.0
15,S1,H2,feller_buncher,12,1176.844281,24.0,0.0,0.0,0,0,24.0,1.0,0.0,0,0.0
15,S1,H3,grapple_skidder,12,739.620424,24.0,0.0,53.24,0,0,24.0,1.0,0.0,0,0.0
15,S1,H4,processor,12,547.23705,24.0,0.0,55.4,0,0,24.0,1.0,0.0,0,0.0
15,S1,H7,loader,12,802.411354,24.0,0.0,55.4,0,0,24.0,1.0,0.0,0,0.0
15,S1,H8,loader,12,802.411354,24.0,0.0,53.48,0,0,24.0,1.0,0.0,0,0.0
16,S1,H1,feller_buncher,12,1194.708925,24.0,0.0,53.48,0,0,24.0,1.0,0.0,0,0.0
16,S1,H2,feller_buncher,12,111.30773800000088,24.0,0.0,0.0,0,0,24.0,1.0,0.0,0,0.0
16,S1,H3,grapple_skidder,12,674.603847,24.0,0.0,54.44,0,0,24.0,1.0,0.0,0,0.0
16,S1,H4,processor,12,481.329283,24.0,0.0,53.24,0,0,24.0,1.0,0.0,0,0.0
16,S1,H5,processor,12,481.329283,24.0,0.0,55.16,0,0,24.0,1.0,0.0,0,0.0
16,S1,H7,loader,12,485.857474,24.0,0.0,55.4,0,0,24.0,1.0,0.0,0,0.0
17,S1,H1,feller_buncher,12,836.2962474999999,24.0,0.0,0.0,0,0,24.0,1.0,0.0,0,0.3
17,S1,H2,feller_buncher,12,814.8346919999999,24.0,0.0,54.2,0,0,24.0,1.0,0.0,0,0.3
17,S1,H3,grapple_skidder,12,815.3097511999999,24.0,0.0,53.24,0,0,24.0,1.0,0.0,0,0.3
17,S1,H4,processor,12,319.2576345,24.0,0.0,54.44,0,0,24.0,1.0,0.0,0,0.3
17,S1,H5,processor,12,152.96505839999998,24.0,0.0,54.44,0,0,24.0,1.0,0.0,0,0.3
17,S1,H7,loader,12,316.3712468,24.0,0.0,53.24,0,0,24.0,1.0,0.0,0,0.3
17,S1,H8,loader,12,316.3712468,24.0,0.0,55.16,0,0,24.0,1.0,0.0,0,0.3
18,S1,H1,feller_buncher,12,140.55055100000027,24.0,0.0,0.0,0,0,24.0,1.0,0.0,0,0.0
18,S1,H2,feller_buncher,12,1164.04956,24.0,0.0,0.0,0,0,24.0,1.0,0.0,0,0.0
18,S1,H3,grapple_skidder,12,739.620424,24.0,0.0,54.68,0,0,24.0,1.0,0.0,0,0.0
18,S1,H4,processor,12,517.165642,24.0,0.0,53.24,0,0,24.0,1.0,0.0,0,0.0
18,S1,H5,processor,12,517.165642,24.0,0.0,53.24,0,0,24.0,1.0,0.0,0,0.0
18,S1,H7,loader,12,472.22269289999997,24.0,0.0,54.44,1,0,24.0,1.0,0.0,0,0.0
19,S1,H1,feller_buncher,12,502.7667789999996,24.0,0.0,54.92,0,0,24.0,1.0,0.0,0,0.0
19,S1,H2,feller_buncher,12,256.1621419999998,24.0,0.0,53.24,0,0,24.0,1.0,0.0,0,0.0
19,S1,H3,grapple_skidder,12,1164.728216,24.0,0.0,54.68,0,0,24.0,1.0,0.0,0,0.0
19,S1,H4,processor,12,481.329283,24.0,0.0,54.68,0,0,24.0,1.0,0.0,0,0.0
19,S1,H7,loader,12,687.364703,24.0,0.0,53.24,0,0,24.0,1.0,0.0,0,0.0
20,S1,H1,feller_buncher,12,59.00278800000001,24.0,0.0,53.24,0,0,24.0,1.0,0.0,0,0.0
20,S1,H2,feller_buncher,12,486.3476200000001,24.0,0.0,54.68,0,0,24.0,1.0,0.0,0,0.0
20,S1,H3,grapple_skidder,12,678.968019,24.0,0.0,54.92,0,0,24.0,1.0,0.0,0,0.0
20,S1,H4,processor,12,517.165642,24.0,0.0,54.68,0,0,24.0,1.0,0.0,0,0.0
20,S1,H5,processor,12,517.165642,24.0,0.0,0.0,0,0,24.0,1.0,0.0,0,0.0
20,S1,H6,processor,12,172.16926319999948,24.0,0.0,53.48,1,0,24.0,1.0,0.0,0,0.0
20,S1,H7,loader,12,451.958924,24.0,0.0,54.68,0,0,24.0,1.0,0.0,0,0.0
21,S1,H1,feller_buncher,12,576.960683,24.0,0.0,53.24,0,0,24.0,1.0,0.0,0,0.0
21,S1,H2,feller_buncher,12,364.89843800000006,24.0,0.0,53.72,0,0,24.0,1.0,0.0,0,0.0
21,S1,H3,grapple_skidder,12,1273.711203,24.0,0.0,55.16,0,0,24.0,1.0,0.0,0,0.0
21,S1,H4,processor,12,547.23705,24.0,0.0,54.92,0,0,24.0,1.0,0.0,0,0.0
21,S1,H5,processor,12,526.9238760000003,24.0,0.0,54.92,1,0,24.0,1.0,0.0,0,0.0
21,S1,H7,loader,12,687.364703,24.0,0.0,54.68,0,0,24.0,1.0,0.0,0,0.0
21,S1,H8,loader,12,687.364703,24.0,0.0,54.68,0,0,24.0,1.0,0.0,0,0.0
22,S1,H3,grapple_skidder,12,778.104169,24.0,0.0,54.44,0,0,24.0,1.0,0.0,0,0.0
22,S1,H4,processor,12,441.264891,24.0,0.0,55.16,0,0,24.0,1.0,0.0,0,0.0
22,S1,H5,processor,12,441.264891,24.0,0.0,55.16,0,0,24.0,1.0,0.0,0,0.0
22,S1,H6,processor,12,391.18142100000006,24.0,0.0,53.24,0,0,24.0,1.0,0.0,0,0.0
22,S1,H7,loader,12,485.857474,24.0,0.0,54.92,0,0,24.0,1.0,0.0,0,0.0
22,S1,H8,loader,12,485.857474,24.0,0.0,54.92,0,0,24.0,1.0,0.0,0,0.0
23,S1,H3,grapple_skidder,12,678.968019,24.0,0.0,53.72,0,0,24.0,1.0,0.0,0,0.0
23,S1,H4,processor,12,469.046841,24.0,0.0,54.44,0,0,24.0,1.0,0.0,0,0.0
23,S1,H7,loader,12,733.483855,24.0,0.0,55.16,0,0,24.0,1.0,0.0,0,0.0
23,S1,H8,loader,12,540.2273480000001,24.0,0.0,55.16,0,0,24.0,1.0,0.0,0,0.0
24,S1,H3,grapple_skidder,12,1036.4489751,24.0,0.0,55.64,0,0,24.0,1.0,0.0,0,0.3
24,S1,H4,processor,12,383.06593499999997,24.0,0.0,53.72,0,0,24.0,1.0,0.0,0,0.3
24,S1,H7,loader,12,332.3191473,24.0,0.0,54.44,0,0,24.0,1.0,0.0,0,0.3
25,S1,H3,grapple_skidder,12,1332.369187,24.0,0.0,53.24,0,0,24.0,1.0,0.0,0,0.0
25,S1,H4,processor,12,569.826226,24.0,0.0,55.64,0,0,24.0,1.0,0.0,0,0.0
25,S1,H5,processor,12,569.826226,24.0,0.0,53.48,0,0,24.0,1.0,0.0,0,0.0
25,S1,H6,processor,12,237.78546410000013,24.0,0.0,53.48,1,0,24.0,1.0,0.0,0,0.0
25,S1,H7,loader,12,485.857474,24.0,0.0,53.72,0,0,24.0,1.0,0.0,0,0.0
26,S1,H3,grapple_skidder,12,393.65744869048575,20.086745861610016,3.913254138389984,55.4,0,0,24.0,0.8369477442337506,3.9132541383899846,1,0.0
26,S1,H4,processor,12,531.895933,24.0,0.0,53.24,0,0,24.0,1.0,0.0,0,0.0
26,S1,H5,processor,12,437.97945542237517,19.762337476148748,4.237662523851252,53.24,0,0,24.0,0.8234307281728644,4.2376625238512515,1,0.0
26,S1,H7,loader,12,937.184825,24.0,0.0,55.64,0,0,24.0,1.0,0.0,0,0.0
26,S1,H8,loader,12,642.7207181000001,22.572949639411664,1.4270503605883356,53.48,1,0,24.0,0.9405395683088194,1.4270503605883356,1,0.0
27,S1,H3,grapple_skidder,12,739.620424,24.0,0.0,53.24,0,0,24.0,1.0,0.0,0,0.0
27,S1,H4,processor,12,524.3396978272737,22.995798160695752,1.0042018393042476,55.4,0,0,24.0,0.9581582566956564,1.0042018393042489,1,0.0
27,S1,H7,loader,12,802.411354,24.0,0.0,53.24,0,0,24.0,1.0,0.0,0,0.0
28,S1,H3,grapple_skidder,12,1480.641393,24.0,0.0,55.4,0,0,24.0,1.0,0.0,0,0.0
28,S1,H4,processor,12,481.329283,24.0,0.0,53.24,0,0,24.0,1.0,0.0,0,0.0
28,S1,H5,processor,12,481.329283,24.0,0.0,55.16,0,0,24.0,1.0,0.0,0,0.0
28,S1,H7,loader,12,485.857474,24.0,0.0,55.4,0,0,24.0,1.0,0.0,0,0.0
28,S1,H8,loader,12,222.27539082727344,24.0,0.0,55.64,1,0,24.0,1.0,0.0,0,0.0
29,S1,H3,grapple_skidder,12,544.6729182999999,24.0,0.0,54.92,0,0,24.0,1.0,0.0,0,0.3
29,S1,H4,processor,12,398.8783582,24.0,0.0,55.4,0,0,24.0,1.0,0.0,0,0.3
29,S1,H5,processor,12,398.8783582,24.0,0.0,55.4,0,0,24.0,1.0,0.0,0,0.3
29,S1,H7,loader,12,316.3712468,24.0,0.0,53.24,0,0,24.0,1.0,0.0,0,0.3
29,S1,H8,loader,12,316.3712468,24.0,0.0,53.24,0,0,24.0,1.0,0.0,0,0.3
30,S1,H3,grapple_skidder,12,678.968019,24.0,0.0,53.72,0,0,24.0,1.0,0.0,0,0.0
30,S1,H4,processor,12,469.046841,24.0,0.0,54.92,0,0,24.0,1.0,0.0,0,0.0
30,S1,H5,processor,12,469.046841,24.0,0.0,54.92,0,0,24.0,1.0,0.0,0,0.0
30,S1,H7,loader,12,797.7567164,24.0,0.0,55.4,1,0,24.0,1.0,0.0,0,0.0
31,S1,H3,grapple_skidder,12,923.199854,24.0,0.0,53.96,0,0,24.0,1.0,0.0,0,0.0
31,S1,H4,processor,12,547.23705,24.0,0.0,53.72,0,0,24.0,1.0,0.0,0,0.0
31,S1,H7,loader,12,474.741639,24.0,0.0,54.92,0,0,24.0,1.0,0.0,0,0.0
31,S1,H8,loader,12,474.741639,24.0,0.0,53.48,0,0,24.0,1.0,0.0,0,0.0
32,S1,H3,grapple_skidder,12,778.104169,24.0,0.0,53.24,0,0,24.0,1.0,0.0,0,0.0
32,S1,H4,processor,12,395.784917,24.0,0.0,53.96,0,0,24.0,1.0,0.0,0,0.0
32,S1,H5,processor,12,395.784917,24.0,0.0,53.24,0,0,24.0,1.0,0.0,0,0.0
32,S1,H7,loader,12,485.857474,24.0,0.0,53.72,0,0,24.0,1.0,0.0,0,0.0
33,S1,H3,grapple_skidder,12,339.9365580000001,24.0,0.0,53.48,0,0,24.0,1.0,0.0,0,0.0
33,S1,H4,processor,12,469.046841,24.0,0.0,53.24,0,0,24.0,1.0,0.0,0,0.0
33,S1,H5,processor,12,373.7617073,24.0,0.0,53.24,1,0,24.0,1.0,0.0,0,0.0
33,S1,H7,loader,12,456.725789,24.0,0.0,53.96,0,0,24.0,1.0,0.0,0,0.0
34,S1,H3,grapple_skidder,12,122.17881099999954,24.0,0.0,53.24,0,0,24.0,1.0,0.0,0,0.0
34,S1,H4,processor,12,410.4425559999998,24.0,0.0,53.48,0,0,24.0,1.0,0.0,0,0.0
34,S1,H7,loader,12,395.4126018872822,19.989614699238068,4.010385300761932,53.24,0,0,24.0,0.8329006124682529,4.010385300761932,1,0.0
34,S1,H8,loader,12,474.741639,24.0,0.0,0.0,0,0,24.0,1.0,0.0,0,0.0
35,S1,H3,grapple_skidder,12,809.624168,24.0,0.0,53.48,0,0,24.0,1.0,0.0,0,0.0
35,S1,H4,processor,12,419.1296148632118,24.0,0.0,53.24,1,0,24.0,1.0,0.0,0,0.0
35,S1,H5,processor,12,0.0,24.0,0.0,53.72,1,0,24.0,1.0,0.0,0,0.0
35,S1,H7,loader,12,419.7323735798104,22.288700213640322,1.7112997863596782,53.48,0,0,24.0,0.9286958422350134,1.7112997863596795,1,0.0
35,S1,H8,loader,12,134.7057859999993,24.0,0.0,53.48,0,0,24.0,1.0,0.0,0,0.0
36,S1,H3,grapple_skidder,12,778.104169,24.0,0.0,53.24,0,0,24.0,1.0,0.0,0,0.0
36,S1,H4,processor,12,409.650504,24.0,0.0,53.48,0,0,24.0,1.0,0.0,0,0.0
36,S1,H5,processor,12,409.650504,24.0,0.0,53.48,0,0,24.0,1.0,0.0,0,0.0
36,S1,H7,loader,12,480.50919086321176,24.0,0.0,53.24,1,0,24.0,1.0,0.0,0,0.0
36,S1,H8,loader,12,0.0,24.0,0.0,53.24,1,0,24.0,1.0,0.0,0,0.0
37,S1,H3,grapple_skidder,12,1179.816977644122,24.0,0.0,54.68,1,0,24.0,1.0,0.0,0,0.0
37,S1,H4,processor,12,469.046841,24.0,0.0,53.24,0,0,24.0,1.0,0.0,0,0.0
37,S1,H7,loader,12,424.433991,24.0,0.0,53.48,0,0,24.0,1.0,0.0,0,0.0
37,S1,H8,loader,12,424.433991,24.0,0.0,53.48,0,0,24.0,1.0,0.0,0,0.0
38,S1,H3,grapple_skidder,12,477.4620719999998,24.0,0.0,53.24,0,0,24.0,1.0,0.0,0,0.0
38,S1,H4,processor,12,531.895933,24.0,0.0,54.68,0,0,24.0,1.0,0.0,0,0.0
38,S1,H5,processor,12,531.895933,24.0,0.0,54.92,0,0,24.0,1.0,0.0,0,0.0
38,S1,H6,processor,12,531.895933,24.0,0.0,53.24,0,0,24.0,1.0,0.0,0,0.0
38,S1,H7,loader,12,193.69690329207407,24.0,0.0,53.24,0,0,24.0,1.0,0.0,0,0.0
39,S1,H3,grapple_skidder,12,159.77199800000017,24.0,0.0,53.72,0,0,24.0,1.0,0.0,0,0.0
39,S1,H4,processor,12,569.826226,24.0,0.0,53.24,0,0,24.0,1.0,0.0,0,0.0
39,S1,H5,processor,12,360.77644299999906,24.0,0.0,53.24,0,0,24.0,1.0,0.0,0,0.0
39,S1,H7,loader,12,802.411354,24.0,0.0,54.68,0,0,24.0,1.0,0.0,0,0.0
39,S1,H8,loader,12,802.411354,24.0,0.0,54.92,0,0,24.0,1.0,0.0,0,0.0
40,S1,H3,grapple_skidder,12,0.0,22.318165118958355,1.6818348810416452,53.48,1,0,24.0,0.9299235466232648,1.6818348810416444,1,0.3
40,S1,H4,processor,12,114.93585879999965,24.0,0.0,53.72,0,0,24.0,1.0,0.0,0,0.3
40,S1,H7,loader,12,656.0293775,24.0,0.0,53.24,0,0,24.0,1.0,0.0,0,0.3
40,S1,H8,loader,12,163.42348819999913,24.0,0.0,53.24,0,0,24.0,1.0,0.0,0,0.3
41,S1,H3,grapple_skidder,12,576.960683,24.0,0.0,54.2,0,0,24.0,1.0,0.0,0,0.0
41,S1,H4,processor,12,20.754974267580565,24.0,0.0,53.48,1,0,24.0,1.0,0.0,0,0.0
41,S1,H5,processor,12,0.0,24.0,0.0,53.24,1,0,24.0,1.0,0.0,0,0.0
41,S1,H7,loader,12,300.24203999999975,24.0,0.0,53.72,1,0,24.0,1.0,0.0,0,0.0
41,S1,H8,loader,12,0.0,24.0,0.0,53.72,1,0,24.0,1.0,0.0,0,0.0
42,S1,H3,grapple_skidder,12,753.3297921771023,17.299594304379237,6.700405695620763,53.24,0,0,24.0,0.7208164293491349,6.700405695620762,1,0.0
42,S1,H4,processor,12,428.751305,24.0,0.0,54.2,0,0,24.0,1.0,0.0,0,0.0
42,S1,H5,processor,12,148.20937800000002,24.0,0.0,54.2,0,0,24.0,1.0,0.0,0,0.0
42,S1,H7,loader,12,362.45641464412245,24.0,0.0,53.48,1,0,24.0,1.0,0.0,0,0.0
42,S1,H8,loader,12,0.0,24.0,0.0,53.48,1,0,24.0,1.0,0.0,0,0.0
1,S1,H1,feller_buncher,13,1176.844281,24.0,0.0,0.0,0,0,24.0,1.0,0.0,0,0.0
1,S1,H2,feller_buncher,13,1299.478592,24.0,0.0,0.0,0,0,24.0,1.0,0.0,0,0.0
2,S1,H1,feller_buncher,13,814.8346919999999,24.0,0.0,54.2,0,0,24.0,1.0,0.0,0,0.3
2,S1,H2,feller_buncher,13,909.6350143999999,24.0,0.0,0.0,0,0,24.0,1.0,0.0,0,0.3
2,S1,H3,grapple_skidder,13,815.3097511999999,24.0,0.0,0.0,0,0,24.0,1.0,0.0,0,0.3
3,S1,H1,feller_buncher,13,888.796776,24.0,0.0,53.24,0,0,24.0,1.0,0.0,0,0.0
3,S1,H2,feller_buncher,13,1299.478592,24.0,0.0,0.0,0,0,24.0,1.0,0.0,0,0.0
3,S1,H3,grapple_skidder,13,778.104169,24.0,0.0,54.2,0,0,24.0,1.0,0.0,0,0.0
3,S1,H4,processor,13,517.165642,24.0,0.0,0.0,0,0,24.0,1.0,0.0,0,0.0
3,S1,H5,processor,13,298.1441091999999,24.0,0.0,0.0,1,0,24.0,1.0,0.0,0,0.0
4,S1,H1,feller_buncher,13,961.553907,24.0,0.0,53.24,0,0,24.0,1.0,0.0,0,0.0
4,S1,H2,feller_buncher,13,1299.478592,24.0,0.0,0.0,0,0,24.0,1.0,0.0,0,0.0
4,S1,H3,grapple_skidder,13,809.624168,24.0,0.0,53.24,0,0,24.0,1.0,0.0,0,0.0
4,S1,H4,processor,13,469.046841,24.0,0.0,54.2,0,0,24.0,1.0,0.0,0,0.0
4,S1,H7,loader,13,687.364703,24.0,0.0,0.0,0,0,24.0,1.0,0.0,0,0.0
5,S1,H1,feller_buncher,13,356.0085949999998,24.0,0.0,53.24,0,0,24.0,1.0,0.0,0,0.0
5,S1,H2,feller_buncher,13,1194.708925,24.0,0.0,55.64,0,0,24.0,1.0,0.0,0,0.0
5,S1,H3,grapple_skidder,13,739.620424,24.0,0.0,53.24,0,0,24.0,1.0,0.0,0,0.0
5,S1,H4,processor,13,409.650504,24.0,0.0,53.24,0,0,24.0,1.0,0.0,0,0.0
6,S1,H1,feller_buncher,13,1220.906942,24.0,0.0,55.4,0,0,24.0,1.0,0.0,0,0.0
6,S1,H2,feller_buncher,13,1164.04956,24.0,0.0,54.92,0,0,24.0,1.0,0.0,0,0.0
6,S1,H3,grapple_skidder,13,344.73018028651796,24.0,0.0,53.24,0,0,24.0,1.0,0.0,0,0.0
6,S1,H4,processor,13,481.329283,24.0,0.0,53.24,0,0,24.0,1.0,0.0,0,0.0
7,S1,H1,feller_buncher,13,1176.844281,24.0,0.0,53.48,0,0,24.0,1.0,0.0,0,0.0
7,S1,H2,feller_buncher,13,1220.906942,24.0,0.0,54.68,0,0,24.0,1.0,0.0,0,0.0
7,S1,H3,grapple_skidder,13,778.104169,24.0,0.0,53.72,0,0,24.0,1.0,0.0,0,0.0
7,S1,H4,processor,13,344.73018028651796,24.0,0.0,53.24,1,0,24.0,1.0,0.0,0,0.0
7,S1,H7,loader,13,451.958924,24.0,0.0,54.68,0,0,24.0,1.0,0.0,0,0.0
8,S1,H1,feller_buncher,13,674.603847,24.0,0.0,53.24,0,0,24.0,1.0,0.0,0,0.0
8,S1,H2,feller_buncher,13,1220.906942,24.0,0.0,0.0,0,0,24.0,1.0,0.0,0,0.0
8,S1,H3,grapple_skidder,13,678.968019,24.0,0.0,53.72,0,0,24.0,1.0,0.0,0,0.0
8,S1,H4,processor,13,469.046841,24.0,0.0,53.72,0,0,24.0,1.0,0.0,0,0.0
8,S1,H5,processor,13,469.046841,24.0,0.0,54.2,0,0,24.0,1.0,0.0,0,0.0
8,S1,H7,loader,13,344.73018028651796,24.0,0.0,53.24,1,0,24.0,1.0,0.0,0,0.0
9,S1,H1,feller_buncher,13,836.2962474999999,24.0,0.0,53.96,0,0,24.0,1.0,0.0,0,0.3
9,S1,H2,feller_buncher,13,673.0877349,24.0,0.0,55.16,0,0,24.0,1.0,0.0,0,0.3
9,S1,H3,grapple_skidder,13,932.6584309,24.0,0.0,55.4,0,0,24.0,1.0,0.0,0,0.3
9,S1,H4,processor,13,383.06593499999997,24.0,0.0,53.72,0,0,24.0,1.0,0.0,0,0.3
9,S1,H7,loader,13,332.3191473,24.0,0.0,53.72,0,0,24.0,1.0,0.0,0,0.3
9,S1,H8,loader,13,332.3191473,24.0,0.0,0.0,0,0,24.0,1.0,0.0,0,0.3
10,S1,H1,feller_buncher,13,961.553907,24.0,0.0,55.4,0,0,24.0,1.0,0.0,0,0.0
10,S1,H2,feller_buncher,13,860.013242,24.0,0.0,53.72,0,0,24.0,1.0,0.0,0,0.0
10,S1,H3,grapple_skidder,13,1480.641393,24.0,0.0,53.24,0,0,24.0,1.0,0.0,0,0.0
10,S1,H4,processor,13,531.895933,24.0,0.0,55.4,0,0,24.0,1.0,0.0,0,0.0
10,S1,H5,processor,13,400.76249789999997,24.0,0.0,54.68,1,0,24.0,1.0,0.0,0,0.0
10,S1,H7,loader,13,383.06593499999997,24.0,0.0,53.72,1,0,24.0,1.0,0.0,0,0.0
11,S1,H1,feller_buncher,13,860.013242,24.0,0.0,53.72,0,0,24.0,1.0,0.0,0,0.0
11,S1,H2,feller_buncher,13,1220.906942,24.0,0.0,54.44,0,0,24.0,1.0,0.0,0,0.0
11,S1,H3,grapple_skidder,13,1164.728216,24.0,0.0,53.72,0,0,24.0,1.0,0.0,0,0.0
11,S1,H4,processor,13,569.826226,24.0,0.0,53.24,0,0,24.0,1.0,0.0,0,0.0
11,S1,H5,processor,13,569.826226,24.0,0.0,53.24,0,0,24.0,1.0,0.0,0,0.0
11,S1,H7,loader,13,802.411354,24.0,0.0,55.4,0,0,24.0,1.0,0.0,0,0.0
12,S1,H1,feller_buncher,13,1013.0077249999999,24.0,0.0,54.44,0,0,24.0,1.0,0.0,0,0.0
12,S1,H2,feller_buncher,13,888.796776,24.0,0.0,54.92,0,0,24.0,1.0,0.0,0,0.0
12,S1,H3,grapple_skidder,13,678.968019,24.0,0.0,54.92,0,0,24.0,1.0,0.0,0,0.0
12,S1,H4,processor,13,517.165642,24.0,0.0,53.72,0,0,24.0,1.0,0.0,0,0.0
12,S1,H5,processor,13,517.165642,24.0,0.0,53.72,0,0,24.0,1.0,0.0,0,0.0
12,S1,H7,loader,13,937.184825,24.0,0.0,53.24,0,0,24.0,1.0,0.0,0,0.0
13,S1,H1,feller_buncher,13,413.7565330000002,24.0,0.0,55.16,0,0,24.0,1.0,0.0,0,0.0
13,S1,H2,feller_buncher,13,680.207863,24.0,0.0,53.96,0,0,24.0,1.0,0.0,0,0.0
13,S1,H3,grapple_skidder,13,1332.369187,24.0,0.0,55.4,0,0,24.0,1.0,0.0,0,0.0
13,S1,H4,processor,13,547.23705,24.0,0.0,54.92,0,0,24.0,1.0,0.0,0,0.0
13,S1,H7,loader,13,687.364703,24.0,0.0,53.72,0,0,24.0,1.0,0.0,0,0.0
13,S1,H8,loader,13,474.9116292000001,24.0,0.0,54.2,1,0,24.0,1.0,0.0,0,0.0
14,S1,H1,feller_buncher,13,1164.04956,24.0,0.0,53.48,0,0,24.0,1.0,0.0,0,0.0
14,S1,H2,feller_buncher,13,1176.844281,24.0,0.0,53.48,0,0,24.0,1.0,0.0,0,0.0
14,S1,H3,grapple_skidder,13,678.968019,24.0,0.0,55.4,0,0,24.0,1.0,0.0,0,0.0
14,S1,H4,processor,13,531.895933,24.0,0.0,55.4,0,0,24.0,1.0,0.0,0,0.0
14,S1,H5,processor,13,531.895933,24.0,0.0,53.48,0,0,24.0,1.0,0.0,0,0.0
14,S1,H6,processor,13,268.577321,24.0,0.0,0.0,1,0,24.0,1.0,0.0,0,0.0
14,S1,H7,loader,13,485.857474,24.0,0.0,54.92,0,0,24.0,1.0,0.0,0,0.0
15,S1,H1,feller_buncher,13,787.363583,24.0,0.0,54.44,0,0,24.0,1.0,0.0,0,0.0
15,S1,H2,feller_buncher,13,1176.844281,24.0,0.0,0.0,0,0,24.0,1.0,0.0,0,0.0
15,S1,H3,grapple_skidder,13,739.620424,24.0,0.0,53.24,0,0,24.0,1.0,0.0,0,0.0
15,S1,H4,processor,13,547.23705,24.0,0.0,55.4,0,0,24.0,1.0,0.0,0,0.0
15,S1,H7,loader,13,802.411354,24.0,0.0,55.4,0,0,24.0,1.0,0.0,0,0.0
15,S1,H8,loader,13,660.2049099,24.0,0.0,53.48,1,0,24.0,1.0,0.0,0,0.0
16,S1,H1,feller_buncher,13,1194.708925,24.0,0.0,53.48,0,0,24.0,1.0,0.0,0,0.0
16,S1,H2,feller_buncher,13,91.6718468130354,19.766139920234764,4.233860079765236,0.0,0,0,24.0,0.8235891633431152,4.233860079765234,1,0.0
16,S1,H3,grapple_skidder,13,674.603847,24.0,0.0,54.44,0,0,24.0,1.0,0.0,0,0.0
16,S1,H4,processor,13,481.329283,24.0,0.0,53.24,0,0,24.0,1.0,0.0,0,0.0
16,S1,H5,processor,13,481.329283,24.0,0.0,55.16,0,0,24.0,1.0,0.0,0,0.0
16,S1,H7,loader,13,332.0060223692481,24.0,0.0,55.4,0,0,24.0,1.0,0.0,0,0.0
17,S1,H1,feller_buncher,13,1194.708925,24.0,0.0,0.0,0,0,24.0,1.0,0.0,0,0.0
17,S1,H2,feller_buncher,13,1164.04956,24.0,0.0,54.2,0,0,24.0,1.0,0.0,0,0.0
17,S1,H3,grapple_skidder,13,1164.728216,24.0,0.0,53.24,0,0,24.0,1.0,0.0,0,0.0
17,S1,H4,processor,13,456.082335,24.0,0.0,54.44,0,0,24.0,1.0,0.0,0,0.0
17,S1,H5,processor,13,218.52151199999997,24.0,0.0,54.44,0,0,24.0,1.0,0.0,0,0.0
17,S1,H7,loader,13,451.958924,24.0,0.0,53.24,0,0,24.0,1.0,0.0,0,0.0
17,S1,H8,loader,13,451.958924,24.0,0.0,55.16,0,0,24.0,1.0,0.0,0,0.0
18,S1,H1,feller_buncher,13,98.38538570000019,24.0,0.0,0.0,0,0,24.0,1.0,0.0,0,0.3
18,S1,H2,feller_buncher,13,814.8346919999999,24.0,0.0,0.0,0,0,24.0,1.0,0.0,0,0.3
18,S1,H3,grapple_skidder,13,517.7342967999999,24.0,0.0,54.68,0,0,24.0,1.0,0.0,0,0.3
18,S1,H4,processor,13,362.0159494,24.0,0.0,53.24,0,0,24.0,1.0,0.0,0,0.3
18,S1,H5,processor,13,362.0159494,24.0,0.0,53.24,0,0,24.0,1.0,0.0,0,0.3
18,S1,H7,loader,13,286.32646284792946,24.0,0.0,54.44,0,0,24.0,1.0,0.0,0,0.3
19,S1,H1,feller_buncher,13,502.7667789999996,24.0,0.0,54.92,0,0,24.0,1.0,0.0,0,0.0
19,S1,H2,feller_buncher,13,256.1621419999998,24.0,0.0,53.24,0,0,24.0,1.0,0.0,0,0.0
19,S1,H3,grapple_skidder,13,1164.728216,24.0,0.0,54.68,0,0,24.0,1.0,0.0,0,0.0
19,S1,H4,processor,13,481.329283,24.0,0.0,54.68,0,0,24.0,1.0,0.0,0,0.0
19,S1,H7,loader,13,687.364703,24.0,0.0,53.24,0,0,24.0,1.0,0.0,0,0.0
20,S1,H1,feller_buncher,13,59.00278800000001,24.0,0.0,53.24,0,0,24.0,1.0,0.0,0,0.0
20,S1,H2,feller_buncher,13,362.7036453851073,17.89848892288724,6.101511077112761,54.68,0,0,24.0,0.7457703717869683,6.101511077112759,1,0.0
20,S1,H3,grapple_skidder,13,678.968019,24.0,0.0,54.92,0,0,24.0,1.0,0.0,0,0.0
20,S1,H4,processor,13,517.165642,24.0,0.0,54.68,0,0,24.0,1.0,0.0,0,0.0
20,S1,H5,processor,13,517.165642,24.0,0.0,0.0,0,0,24.0,1.0,0.0,0,0.0
20,S1,H6,processor,13,517.165642,24.0,0.0,53.48,0,0,24.0,1.0,0.0,0,0.0
20,S1,H7,loader,13,451.958924,24.0,0.0,54.68,0,0,24.0,1.0,0.0,0,0.0
21,S1,H1,feller_buncher,13,576.960683,24.0,0.0,53.24,0,0,24.0,1.0,0.0,0,0.0
21,S1,H2,feller_buncher,13,364.89843800000006,24.0,0.0,53.72,0,0,24.0,1.0,0.0,0,0.0
21,S1,H3,grapple_skidder,13,1150.0672283851072,24.0,0.0,55.16,1,0,24.0,1.0,0.0,0,0.0
21,S1,H4,processor,13,547.23705,24.0,0.0,54.92,0,0,24.0,1.0,0.0,0,0.0
21,S1,H5,processor,13,547.23705,24.0,0.0,54.92,0,0,24.0,1.0,0.0,0,0.0
21,S1,H7,loader,13,687.364703,24.0,0.0,54.68,0,0,24.0,1.0,0.0,0,0.0
21,S1,H8,loader,13,687.364703,24.0,0.0,54.68,0,0,24.0,1.0,0.0,0,0.0
22,S1,H3,grapple_skidder,13,778.104169,24.0,0.0,54.44,0,0,24.0,1.0,0.0,0,0.0
22,S1,H4,processor,13,441.264891,24.0,0.0,55.16,0,0,24.0,1.0,0.0,0,0.0
22,S1,H5,processor,13,441.264891,24.0,0.0,55.16,0,0,24.0,1.0,0.0,0,0.0
22,S1,H6,processor,13,267.5374463851072,24.0,0.0,53.24,1,0,24.0,1.0,0.0,0,0.0
22,S1,H7,loader,13,485.857474,24.0,0.0,54.92,0,0,24.0,1.0,0.0,0,0.0
22,S1,H8,loader,13,485.857474,24.0,0.0,54.92,0,0,24.0,1.0,0.0,0,0.0
23,S1,H3,grapple_skidder,13,678.968019,24.0,0.0,53.72,0,0,24.0,1.0,0.0,0,0.0
23,S1,H4,processor,13,469.046841,24.0,0.0,54.44,0,0,24.0,1.0,0.0,0,0.0
23,S1,H7,loader,13,733.483855,24.0,0.0,55.16,0,0,24.0,1.0,0.0,0,0.0
23,S1,H8,loader,13,416.5833733851073,24.0,0.0,55.16,1,0,24.0,1.0,0.0,0,0.0
24,S1,H3,grapple_skidder,13,1226.9198800113275,19.887379388070272,4.112620611929728,55.64,0,0,24.0,0.8286408078362614,4.112620611929728,1,0.0
24,S1,H4,processor,13,442.8723854437685,19.4229123387213,4.5770876612787,53.72,0,0,24.0,0.8092880141133875,4.5770876612787,1,0.0
24,S1,H7,loader,13,474.741639,24.0,0.0,54.44,0,0,24.0,1.0,0.0,0,0.0
25,S1,H3,grapple_skidder,13,1332.369187,24.0,0.0,53.24,0,0,24.0,1.0,0.0,0,0.0
25,S1,H4,processor,13,569.826226,24.0,0.0,55.64,0,0,24.0,1.0,0.0,0,0.0
25,S1,H5,processor,13,569.826226,24.0,0.0,53.48,0,0,24.0,1.0,0.0,0,0.0
25,S1,H6,processor,13,428.2563690113275,24.0,0.0,53.48,1,0,24.0,1.0,0.0,0,0.0
25,S1,H7,loader,13,485.857474,24.0,0.0,53.72,0,0,24.0,1.0,0.0,0,0.0
26,S1,H3,grapple_skidder,13,678.968019,24.0,0.0,55.4,0,0,24.0,1.0,0.0,0,0.0
26,S1,H4,processor,13,412.9272830035512,24.0,0.0,53.24,0,0,24.0,1.0,0.0,0,0.0
26,S1,H5,processor,13,367.1726934828926,21.340669426083036,2.6593305739169644,53.24,0,0,24.0,0.8891945594201265,2.659330573916964,1,0.0
26,S1,H7,loader,13,937.184825,24.0,0.0,55.64,0,0,24.0,1.0,0.0,0,0.0
26,S1,H8,loader,13,833.1916230113275,24.0,0.0,53.48,1,0,24.0,1.0,0.0,0,0.0
27,S1,H3,grapple_skidder,13,739.620424,24.0,0.0,53.24,0,0,24.0,1.0,0.0,0,0.0
27,S1,H4,processor,13,547.23705,24.0,0.0,55.4,0,0,24.0,1.0,0.0,0,0.0
27,S1,H7,loader,13,780.0999764864439,24.0,0.0,53.24,1,0,24.0,1.0,0.0,0,0.0
28,S1,H3,grapple_skidder,13,1480.641393,24.0,0.0,55.4,0,0,24.0,1.0,0.0,0,0.0
28,S1,H4,processor,13,392.18148966095066,19.554920268299604,4.445079731700396,53.24,0,0,24.0,0.8147883445124835,4.445079731700397,1,0.0
28,S1,H5,processor,13,419.0969471390491,24.0,0.0,55.16,1,0,24.0,1.0,0.0,0,0.0
28,S1,H7,loader,13,485.857474,24.0,0.0,55.4,0,0,24.0,1.0,0.0,0,0.0
28,S1,H8,loader,13,417.76424307452,24.0,0.0,55.64,1,0,24.0,1.0,0.0,0,0.0
29,S1,H3,grapple_skidder,13,778.104169,24.0,0.0,54.92,0,0,24.0,1.0,0.0,0,0.0
29,S1,H4,processor,13,569.826226,24.0,0.0,55.4,0,0,24.0,1.0,0.0,0,0.0
29,S1,H5,processor,13,569.826226,24.0,0.0,55.4,0,0,24.0,1.0,0.0,0,0.0
29,S1,H7,loader,13,451.958924,24.0,0.0,53.24,0,0,24.0,1.0,0.0,0,0.0
29,S1,H8,loader,13,451.958924,24.0,0.0,53.24,0,0,24.0,1.0,0.0,0,0.0
30,S1,H3,grapple_skidder,13,678.968019,24.0,0.0,53.72,0,0,24.0,1.0,0.0,0,0.0
30,S1,H4,processor,13,469.046841,24.0,0.0,54.92,0,0,24.0,1.0,0.0,0,0.0
30,S1,H5,processor,13,469.046841,24.0,0.0,54.92,0,0,24.0,1.0,0.0,0,0.0
30,S1,H7,loader,13,937.184825,24.0,0.0,55.4,0,0,24.0,1.0,0.0,0,0.0
31,S1,H3,grapple_skidder,13,923.199854,24.0,0.0,53.96,0,0,24.0,1.0,0.0,0,0.0
31,S1,H4,processor,13,547.23705,24.0,0.0,53.72,0,0,24.0,1.0,0.0,0,0.0
31,S1,H7,loader,13,474.741639,24.0,0.0,54.92,0,0,24.0,1.0,0.0,0,0.0
31,S1,H8,loader,13,474.741639,24.0,0.0,53.48,0,0,24.0,1.0,0.0,0,0.0
32,S1,H3,grapple_skidder,13,778.104169,24.0,0.0,53.24,0,0,24.0,1.0,0.0,0,0.0
32,S1,H4,processor,13,395.784917,24.0,0.0,53.96,0,0,24.0,1.0,0.0,0,0.0
32,S1,H5,processor,13,395.784917,24.0,0.0,53.24,0,0,24.0,1.0,0.0,0,0.0
32,S1,H7,loader,13,485.857474,24.0,0.0,53.72,0,0,24.0,1.0,0.0,0,0.0
33,S1,H3,grapple_skidder,13,273.35651310000037,24.0,0.0,53.48,1,0,24.0,1.0,0.0,0,0.0
33,S1,H4,processor,13,469.046841,24.0,0.0,53.24,0,0,24.0,1.0,0.0,0,0.0
33,S1,H5,processor,13,469.046841,24.0,0.0,53.24,0,0,24.0,1.0,0.0,0,0.0
33,S1,H7,loader,13,456.725789,24.0,0.0,53.96,0,0,24.0,1.0,0.0,0,0.0
34,S1,H3,grapple_skidder,13,66.5730721134812,24.0,0.0,53.24,1,0,24.0,1.0,0.0,0,0.0
34,S1,H4,processor,13,273.35651310000037,24.0,0.0,53.48,1,0,24.0,1.0,0.0,0,0.0
34,S1,H7,loader,13,474.741639,24.0,0.0,53.24,0,0,24.0,1.0,0.0,0,0.0
34,S1,H8,loader,13,367.8287786947097,18.59514726213647,5.4048527378635285,0.0,0,0,24.0,0.7747978025890196,5.404852737863527,1,0.0
35,S1,H3,grapple_skidder,13,809.624168,24.0,0.0,53.48,0,0,24.0,1.0,0.0,0,0.0
35,S1,H4,processor,13,547.23705,24.0,0.0,53.24,0,0,24.0,1.0,0.0,0,0.0
35,S1,H5,processor,13,81.55246300000022,24.0,0.0,53.72,0,0,24.0,1.0,0.0,0,0.0
35,S1,H7,loader,13,298.1985378999999,24.0,0.0,53.48,1,0,24.0,1.0,0.0,0,0.0
35,S1,H8,loader,13,0.0,24.0,0.0,53.48,1,0,24.0,1.0,0.0,0,0.0
36,S1,H3,grapple_skidder,13,778.104169,24.0,0.0,53.24,0,0,24.0,1.0,0.0,0,0.0
36,S1,H4,processor,13,409.650504,24.0,0.0,53.48,0,0,24.0,1.0,0.0,0,0.0
36,S1,H5,processor,13,409.650504,24.0,0.0,53.48,0,0,24.0,1.0,0.0,0,0.0
36,S1,H7,loader,13,485.857474,24.0,0.0,53.24,0,0,24.0,1.0,0.0,0,0.0
36,S1,H8,loader,13,204.31161500000007,24.0,0.0,53.24,1,0,24.0,1.0,0.0,0,0.0
37,S1,H3,grapple_skidder,13,1332.369187,24.0,0.0,54.68,0,0,24.0,1.0,0.0,0,0.0
37,S1,H4,processor,13,469.046841,24.0,0.0,53.24,0,0,24.0,1.0,0.0,0,0.0
37,S1,H7,loader,13,269.197261587088,24.0,0.0,53.48,0,0,24.0,1.0,0.0,0,0.0
37,S1,H8,loader,13,269.197261587088,24.0,0.0,53.48,0,0,24.0,1.0,0.0,0,0.0
38,S1,H3,grapple_skidder,13,330.60574218867214,24.0,0.0,53.24,1,0,24.0,1.0,0.0,0,0.0
38,S1,H4,processor,13,531.895933,24.0,0.0,54.68,0,0,24.0,1.0,0.0,0,0.0
38,S1,H5,processor,13,531.895933,24.0,0.0,54.92,0,0,24.0,1.0,0.0,0,0.0
38,S1,H6,processor,13,531.895933,24.0,0.0,53.24,0,0,24.0,1.0,0.0,0,0.0
38,S1,H7,loader,13,474.741639,24.0,0.0,53.24,0,0,24.0,1.0,0.0,0,0.0
39,S1,H3,grapple_skidder,13,159.77199800000017,24.0,0.0,53.72,0,0,24.0,1.0,0.0,0,0.0
39,S1,H4,processor,13,569.826226,24.0,0.0,53.24,0,0,24.0,1.0,0.0,0,0.0
39,S1,H5,processor,13,101.76845718867219,24.0,0.0,53.24,1,0,24.0,1.0,0.0,0,0.0
39,S1,H7,loader,13,802.411354,24.0,0.0,54.68,0,0,24.0,1.0,0.0,0,0.0
39,S1,H8,loader,13,793.2764450000001,24.0,0.0,54.92,1,0,24.0,1.0,0.0,0,0.0
40,S1,H3,grapple_skidder,13,567.1587449999993,24.0,0.0,53.48,0,0,24.0,1.0,0.0,0,0.0
40,S1,H4,processor,13,164.19408399999952,24.0,0.0,53.72,0,0,24.0,1.0,0.0,0,0.0
40,S1,H7,loader,13,874.0623101886722,24.0,0.0,53.24,1,0,24.0,1.0,0.0,0,0.0
40,S1,H8,loader,13,0.0,24.0,0.0,53.24,1,0,24.0,1.0,0.0,0,0.0
41,S1,H3,grapple_skidder,13,576.960683,24.0,0.0,54.2,0,0,24.0,1.0,0.0,0,0.0
41,S1,H4,processor,13,531.895933,24.0,0.0,53.48,0,0,24.0,1.0,0.0,0,0.0
41,S1,H5,processor,13,45.780229999999165,24.0,0.0,53.24,0,0,24.0,1.0,0.0,0,0.0
41,S1,H7,loader,13,377.6287998,24.0,0.0,53.72,1,0,24.0,1.0,0.0,0,0.0
41,S1,H8,loader,13,0.0,24.0,0.0,53.72,1,0,24.0,1.0,0.0,0,0.0
42,S1,H3,grapple_skidder,13,731.5744106999999,24.0,0.0,53.24,0,0,24.0,1.0,0.0,0,0.3
42,S1,H4,processor,13,300.12591349999997,24.0,0.0,54.2,0,0,24.0,1.0,0.0,0,0.3
42,S1,H5,processor,13,103.7465646,24.0,0.0,54.2,0,0,24.0,1.0,0.0,0,0.3
42,S1,H7,loader,13,561.6879478,24.0,0.0,53.48,0,0,24.0,1.0,0.0,0,0.3
42,S1,H8,loader,13,15.988215199999217,24.0,0.0,53.48,1,0,24.0,1.0,0.0,0,0.3
1,S1,H1,feller_buncher,14,823.7909966999999,24.0,0.0,0.0,0,0,24.0,1.0,0.0,0,0.3
1,S1,H2,feller_buncher,14,909.6350143999999,24.0,0.0,0.0,0,0,24.0,1.0,0.0,0,0.3
2,S1,H1,feller_buncher,14,1164.04956,24.0,0.0,54.2,0,0,24.0,1.0,0.0,0,0.0
2,S1,H2,feller_buncher,14,1299.478592,24.0,0.0,0.0,0,0,24.0,1.0,0.0,0,0.0
2,S1,H3,grapple_skidder,14,823.7909966999999,24.0,0.0,0.0,1,0,24.0,1.0,0.0,0,0.0
3,S1,H1,feller_buncher,14,888.796776,24.0,0.0,53.24,0,0,24.0,1.0,0.0,0,0.0
3,S1,H2,feller_buncher,14,1299.478592,24.0,0.0,0.0,0,0,24.0,1.0,0.0,0,0.0
3,S1,H3,grapple_skidder,14,493.06897660791986,24.0,0.0,54.2,0,0,24.0,1.0,0.0,0,0.0
3,S1,H4,processor,14,517.165642,24.0,0.0,0.0,0,0,24.0,1.0,0.0,0,0.0
3,S1,H5,processor,14,306.6253546999999,24.0,0.0,0.0,1,0,24.0,1.0,0.0,0,0.0
4,S1,H1,feller_buncher,14,961.553907,24.0,0.0,53.24,0,0,24.0,1.0,0.0,0,0.0
4,S1,H2,feller_buncher,14,1299.478592,24.0,0.0,0.0,0,0,24.0,1.0,0.0,0,0.0
4,S1,H3,grapple_skidder,14,809.624168,24.0,0.0,53.24,0,0,24.0,1.0,0.0,0,0.0
4,S1,H4,processor,14,469.046841,24.0,0.0,54.2,0,0,24.0,1.0,0.0,0,0.0
4,S1,H7,loader,14,687.364703,24.0,0.0,0.0,0,0,24.0,1.0,0.0,0,0.0
5,S1,H1,feller_buncher,14,356.0085949999998,24.0,0.0,53.24,0,0,24.0,1.0,0.0,0,0.0
5,S1,H2,feller_buncher,14,1194.708925,24.0,0.0,55.64,0,0,24.0,1.0,0.0,0,0.0
5,S1,H3,grapple_skidder,14,739.620424,24.0,0.0,53.24,0,0,24.0,1.0,0.0,0,0.0
5,S1,H4,processor,14,409.650504,24.0,0.0,53.24,0,0,24.0,1.0,0.0,0,0.0
6,S1,H1,feller_buncher,14,1220.906942,24.0,0.0,55.4,0,0,24.0,1.0,0.0,0,0.0
6,S1,H2,feller_buncher,14,730.8123692187439,24.0,0.0,54.92,0,0,24.0,1.0,0.0,0,0.0
6,S1,H3,grapple_skidder,14,678.968019,24.0,0.0,53.24,0,0,24.0,1.0,0.0,0,0.0
6,S1,H4,processor,14,481.329283,24.0,0.0,53.24,0,0,24.0,1.0,0.0,0,0.0
7,S1,H1,feller_buncher,14,1176.844281,24.0,0.0,53.48,0,0,24.0,1.0,0.0,0,0.0
7,S1,H2,feller_buncher,14,1220.906942,24.0,0.0,54.68,0,0,24.0,1.0,0.0,0,0.0
7,S1,H3,grapple_skidder,14,778.104169,24.0,0.0,53.72,0,0,24.0,1.0,0.0,0,0.0
7,S1,H4,processor,14,471.5544380774806,20.680811933072764,3.319188066927236,53.24,0,0,24.0,0.8617004972113652,3.319188066927237,1,0.0
7,S1,H7,loader,14,347.9414213088734,18.476444800574313,5.523555199425687,54.68,0,0,24.0,0.7698518666905964,5.5235551994256875,1,0.0
8,S1,H1,feller_buncher,14,674.603847,24.0,0.0,53.24,0,0,24.0,1.0,0.0,0,0.0
8,S1,H2,feller_buncher,14,1220.906942,24.0,0.0,0.0,0,0,24.0,1.0,0.0,0,0.0
8,S1,H3,grapple_skidder,14,678.968019,24.0,0.0,53.72,0,0,24.0,1.0,0.0,0,0.0
8,S1,H4,processor,14,469.046841,24.0,0.0,53.72,0,0,24.0,1.0,0.0,0,0.0
8,S1,H5,processor,14,333.0794636079198,24.0,0.0,54.2,1,0,24.0,1.0,0.0,0,0.0
8,S1,H7,loader,14,404.2075815469095,19.966723733318194,4.033276266681806,53.24,0,0,24.0,0.8319468222215914,4.033276266681805,1,0.0
9,S1,H1,feller_buncher,14,1194.708925,24.0,0.0,53.96,0,0,24.0,1.0,0.0,0,0.0
9,S1,H2,feller_buncher,14,961.553907,24.0,0.0,55.16,0,0,24.0,1.0,0.0,0,0.0
9,S1,H3,grapple_skidder,14,948.5278047119991,24.0,0.0,55.4,0,0,24.0,1.0,0.0,0,0.0
9,S1,H4,processor,14,547.23705,24.0,0.0,53.72,0,0,24.0,1.0,0.0,0,0.0
9,S1,H7,loader,14,474.741639,24.0,0.0,53.72,0,0,24.0,1.0,0.0,0,0.0
9,S1,H8,loader,14,474.741639,24.0,0.0,0.0,0,0,24.0,1.0,0.0,0,0.0
10,S1,H1,feller_buncher,14,961.553907,24.0,0.0,55.4,0,0,24.0,1.0,0.0,0,0.0
10,S1,H2,feller_buncher,14,860.013242,24.0,0.0,53.72,0,0,24.0,1.0,0.0,0,0.0
10,S1,H3,grapple_skidder,14,1480.641393,24.0,0.0,53.24,0,0,24.0,1.0,0.0,0,0.0
10,S1,H4,processor,14,531.895933,24.0,0.0,55.4,0,0,24.0,1.0,0.0,0,0.0
10,S1,H5,processor,14,416.6318717119991,24.0,0.0,54.68,1,0,24.0,1.0,0.0,0,0.0
10,S1,H7,loader,14,485.857474,24.0,0.0,53.72,0,0,24.0,1.0,0.0,0,0.0
11,S1,H1,feller_buncher,14,736.8912540416123,20.5640904503639,3.4359095496361007,53.72,0,0,24.0,0.8568371020984958,3.4359095496361016,1,0.0
11,S1,H2,feller_buncher,14,1220.906942,24.0,0.0,54.44,0,0,24.0,1.0,0.0,0,0.0
11,S1,H3,grapple_skidder,14,1164.728216,24.0,0.0,53.72,0,0,24.0,1.0,0.0,0,0.0
11,S1,H4,processor,14,569.826226,24.0,0.0,53.24,0,0,24.0,1.0,0.0,0,0.0
11,S1,H5,processor,14,569.826226,24.0,0.0,53.24,0,0,24.0,1.0,0.0,0,0.0
11,S1,H7,loader,14,802.411354,24.0,0.0,55.4,0,0,24.0,1.0,0.0,0,0.0
12,S1,H1,feller_buncher,14,1013.0077249999999,24.0,0.0,54.44,0,0,24.0,1.0,0.0,0,0.0
12,S1,H2,feller_buncher,14,888.796776,24.0,0.0,54.92,0,0,24.0,1.0,0.0,0,0.0
12,S1,H3,grapple_skidder,14,596.4185990631197,21.082062743687008,2.9179372563129924,54.92,0,0,24.0,0.8784192809869587,2.9179372563129924,1,0.0
12,S1,H4,processor,14,517.165642,24.0,0.0,53.72,0,0,24.0,1.0,0.0,0,0.0
12,S1,H5,processor,14,517.165642,24.0,0.0,53.72,0,0,24.0,1.0,0.0,0,0.0
12,S1,H7,loader,14,937.184825,24.0,0.0,53.24,0,0,24.0,1.0,0.0,0,0.0
13,S1,H1,feller_buncher,14,413.7565330000002,24.0,0.0,55.16,0,0,24.0,1.0,0.0,0,0.0
13,S1,H2,feller_buncher,14,680.207863,24.0,0.0,53.96,0,0,24.0,1.0,0.0,0,0.0
13,S1,H3,grapple_skidder,14,1332.369187,24.0,0.0,55.4,0,0,24.0,1.0,0.0,0,0.0
13,S1,H4,processor,14,547.23705,24.0,0.0,54.92,0,0,24.0,1.0,0.0,0,0.0
13,S1,H7,loader,14,687.364703,24.0,0.0,53.72,0,0,24.0,1.0,0.0,0,0.0
13,S1,H8,loader,14,483.3928747000002,24.0,0.0,54.2,1,0,24.0,1.0,0.0,0,0.0
14,S1,H1,feller_buncher,14,1164.04956,24.0,0.0,53.48,0,0,24.0,1.0,0.0,0,0.0
14,S1,H2,feller_buncher,14,1176.844281,24.0,0.0,53.48,0,0,24.0,1.0,0.0,0,0.0
14,S1,H3,grapple_skidder,14,574.0170070544162,20.290216599003006,3.7097834009969937,55.4,0,0,24.0,0.8454256916251253,3.7097834009969928,1,0.0
14,S1,H4,processor,14,531.895933,24.0,0.0,55.4,0,0,24.0,1.0,0.0,0,0.0
14,S1,H5,processor,14,531.895933,24.0,0.0,53.48,0,0,24.0,1.0,0.0,0,0.0
14,S1,H6,processor,14,268.577321,24.0,0.0,0.0,1,0,24.0,1.0,0.0,0,0.0
14,S1,H7,loader,14,485.857474,24.0,0.0,54.92,0,0,24.0,1.0,0.0,0,0.0
15,S1,H1,feller_buncher,14,312.07399443780264,24.0,0.0,54.44,0,0,24.0,1.0,0.0,0,0.3
15,S1,H2,feller_buncher,14,648.1183691953249,18.88202338092851,5.1179766190714915,0.0,0,0,24.0,0.7867509742053546,5.117976619071491,1,0.3
15,S1,H3,grapple_skidder,14,517.7342967999999,24.0,0.0,53.24,0,0,24.0,1.0,0.0,0,0.3
15,S1,H4,processor,14,383.06593499999997,24.0,0.0,55.4,0,0,24.0,1.0,0.0,0,0.3
15,S1,H7,loader,14,561.6879478,24.0,0.0,55.4,0,0,24.0,1.0,0.0,0,0.3
15,S1,H8,loader,14,561.6879478,24.0,0.0,53.48,0,0,24.0,1.0,0.0,0,0.3
16,S1,H1,feller_buncher,14,663.644415320894,24.0,0.0,53.48,0,0,24.0,1.0,0.0,0,0.3
16,S1,H2,feller_buncher,14,77.91541660000061,24.0,0.0,0.0,0,0,24.0,1.0,0.0,0,0.3
16,S1,H3,grapple_skidder,14,472.22269289999997,24.0,0.0,54.44,0,0,24.0,1.0,0.0,0,0.3
16,S1,H4,processor,14,336.93049809999997,24.0,0.0,53.24,0,0,24.0,1.0,0.0,0,0.3
16,S1,H5,processor,14,336.93049809999997,24.0,0.0,55.16,0,0,24.0,1.0,0.0,0,0.3
16,S1,H7,loader,14,340.1002318,24.0,0.0,55.4,0,0,24.0,1.0,0.0,0,0.3
17,S1,H1,feller_buncher,14,1194.708925,24.0,0.0,0.0,0,0,24.0,1.0,0.0,0,0.0
17,S1,H2,feller_buncher,14,1164.04956,24.0,0.0,54.2,0,0,24.0,1.0,0.0,0,0.0
17,S1,H3,grapple_skidder,14,1164.728216,24.0,0.0,53.24,0,0,24.0,1.0,0.0,0,0.0
17,S1,H4,processor,14,456.082335,24.0,0.0,54.44,0,0,24.0,1.0,0.0,0,0.0
17,S1,H5,processor,14,16.14035789999997,24.0,0.0,54.44,1,0,24.0,1.0,0.0,0,0.0
17,S1,H7,loader,14,451.958924,24.0,0.0,53.24,0,0,24.0,1.0,0.0,0,0.0
17,S1,H8,loader,14,355.28993389112657,24.0,0.0,55.16,1,0,24.0,1.0,0.0,0,0.0
18,S1,H1,feller_buncher,14,140.55055100000027,24.0,0.0,0.0,0,0,24.0,1.0,0.0,0,0.0
18,S1,H2,feller_buncher,14,1164.04956,24.0,0.0,0.0,0,0,24.0,1.0,0.0,0,0.0
18,S1,H3,grapple_skidder,14,599.3356310251621,19.447887967739373,4.552112032260627,54.68,0,0,24.0,0.8103286653224738,4.552112032260627,1,0.0
18,S1,H4,processor,14,517.165642,24.0,0.0,53.24,0,0,24.0,1.0,0.0,0,0.0
18,S1,H5,processor,14,517.165642,24.0,0.0,53.24,0,0,24.0,1.0,0.0,0,0.0
18,S1,H7,loader,14,472.22269289999997,24.0,0.0,54.44,1,0,24.0,1.0,0.0,0,0.0
19,S1,H1,feller_buncher,14,502.7667789999996,24.0,0.0,54.92,0,0,24.0,1.0,0.0,0,0.0
19,S1,H2,feller_buncher,14,256.1621419999998,24.0,0.0,53.24,0,0,24.0,1.0,0.0,0,0.0
19,S1,H3,grapple_skidder,14,750.2659157953253,24.0,0.0,54.68,1,0,24.0,1.0,0.0,0,0.0
19,S1,H4,processor,14,481.329283,24.0,0.0,54.68,0,0,24.0,1.0,0.0,0,0.0
19,S1,H7,loader,14,687.364703,24.0,0.0,53.24,0,0,24.0,1.0,0.0,0,0.0
20,S1,H1,feller_buncher,14,59.00278800000001,24.0,0.0,53.24,0,0,24.0,1.0,0.0,0,0.0
20,S1,H2,feller_buncher,14,486.3476200000001,24.0,0.0,54.68,0,0,24.0,1.0,0.0,0,0.0
20,S1,H3,grapple_skidder,14,678.968019,24.0,0.0,54.92,0,0,24.0,1.0,0.0,0,0.0
20,S1,H4,processor,14,517.165642,24.0,0.0,54.68,0,0,24.0,1.0,0.0,0,0.0
20,S1,H5,processor,14,493.89413779532504,24.0,0.0,0.0,1,0,24.0,1.0,0.0,0,0.0
20,S1,H6,processor,14,0.0,24.0,0.0,53.48,1,0,24.0,1.0,0.0,0,0.0
20,S1,H7,loader,14,451.958924,24.0,0.0,54.68,0,0,24.0,1.0,0.0,0,0.0
21,S1,H1,feller_buncher,14,576.960683,24.0,0.0,53.24,0,0,24.0,1.0,0.0,0,0.0
21,S1,H2,feller_buncher,14,364.89843800000006,24.0,0.0,53.72,0,0,24.0,1.0,0.0,0,0.0
21,S1,H3,grapple_skidder,14,798.4216144378028,24.0,0.0,55.16,1,0,24.0,1.0,0.0,0,0.0
21,S1,H4,processor,14,547.23705,24.0,0.0,54.92,0,0,24.0,1.0,0.0,0,0.0
21,S1,H5,processor,14,547.23705,24.0,0.0,54.92,0,0,24.0,1.0,0.0,0,0.0
21,S1,H7,loader,14,687.364703,24.0,0.0,54.68,0,0,24.0,1.0,0.0,0,0.0
21,S1,H8,loader,14,670.6616577953253,24.0,0.0,54.68,1,0,24.0,1.0,0.0,0,0.0
22,S1,H3,grapple_skidder,14,692.3420915982705,21.354737399380895,2.6452626006191053,54.44,0,0,24.0,0.8897807249742039,2.6452626006191067,1,0.0
22,S1,H4,processor,14,441.264891,24.0,0.0,55.16,0,0,24.0,1.0,0.0,0,0.0
22,S1,H5,processor,14,357.1567234378028,24.0,0.0,55.16,1,0,24.0,1.0,0.0,0,0.0
22,S1,H6,processor,14,0.0,24.0,0.0,53.24,1,0,24.0,1.0,0.0,0,0.0
22,S1,H7,loader,14,409.3388482691161,20.220193954366927,3.779806045633073,54.92,0,0,24.0,0.8425080814319553,3.7798060456330713,1,0.0
22,S1,H8,loader,14,485.857474,24.0,0.0,54.92,0,0,24.0,1.0,0.0,0,0.0
23,S1,H3,grapple_skidder,14,678.968019,24.0,0.0,53.72,0,0,24.0,1.0,0.0,0,0.0
23,S1,H4,processor,14,469.046841,24.0,0.0,54.44,0,0,24.0,1.0,0.0,0,0.0
23,S1,H7,loader,14,733.483855,24.0,0.0,55.16,0,0,24.0,1.0,0.0,0,0.0
23,S1,H8,loader,14,64.93775943780281,24.0,0.0,55.16,1,0,24.0,1.0,0.0,0,0.0
24,S1,H3,grapple_skidder,14,1480.641393,24.0,0.0,55.64,0,0,24.0,1.0,0.0,0,0.0
24,S1,H4,processor,14,547.23705,24.0,0.0,53.72,0,0,24.0,1.0,0.0,0,0.0
24,S1,H7,loader,14,474.741639,24.0,0.0,54.44,0,0,24.0,1.0,0.0,0,0.0
25,S1,H3,grapple_skidder,14,1332.369187,24.0,0.0,53.24,0,0,24.0,1.0,0.0,0,0.0
25,S1,H4,processor,14,569.826226,24.0,0.0,55.64,0,0,24.0,1.0,0.0,0,0.0
25,S1,H5,processor,14,569.826226,24.0,0.0,53.48,0,0,24.0,1.0,0.0,0,0.0
25,S1,H6,processor,14,569.826226,24.0,0.0,53.48,0,0,24.0,1.0,0.0,0,0.0
25,S1,H7,loader,14,485.857474,24.0,0.0,53.72,0,0,24.0,1.0,0.0,0,0.0
26,S1,H3,grapple_skidder,14,678.968019,24.0,0.0,55.4,0,0,24.0,1.0,0.0,0,0.0
26,S1,H4,processor,14,531.895933,24.0,0.0,53.24,0,0,24.0,1.0,0.0,0,0.0
26,S1,H5,processor,14,531.895933,24.0,0.0,53.24,0,0,24.0,1.0,0.0,0,0.0
26,S1,H7,loader,14,937.184825,24.0,0.0,55.64,0,0,24.0,1.0,0.0,0,0.0
26,S1,H8,loader,14,937.184825,24.0,0.0,53.48,0,0,24.0,1.0,0.0,0,0.0
27,S1,H3,grapple_skidder,14,590.1827958446181,24.0,0.0,53.24,0,0,24.0,1.0,0.0,0,0.0
27,S1,H4,processor,14,547.23705,24.0,0.0,55.4,0,0,24.0,1.0,0.0,0,0.0
27,S1,H7,loader,14,802.411354,24.0,0.0,53.24,0,0,24.0,1.0,0.0,0,0.0
28,S1,H3,grapple_skidder,14,1427.038955320894,24.0,0.0,55.4,1,0,24.0,1.0,0.0,0,0.0
28,S1,H4,processor,14,481.329283,24.0,0.0,53.24,0,0,24.0,1.0,0.0,0,0.0
28,S1,H5,processor,14,329.02430246978025,24.0,0.0,55.16,1,0,24.0,1.0,0.0,0,0.0
28,S1,H7,loader,14,485.857474,24.0,0.0,55.4,0,0,24.0,1.0,0.0,0,0.0
28,S1,H8,loader,14,485.857474,24.0,0.0,55.64,0,0,24.0,1.0,0.0,0,0.0
29,S1,H3,grapple_skidder,14,778.104169,24.0,0.0,54.92,0,0,24.0,1.0,0.0,0,0.0
29,S1,H4,processor,14,569.826226,24.0,0.0,55.4,0,0,24.0,1.0,0.0,0,0.0
29,S1,H5,processor,14,569.826226,24.0,0.0,55.4,0,0,24.0,1.0,0.0,0,0.0
29,S1,H7,loader,14,451.958924,24.0,0.0,53.24,0,0,24.0,1.0,0.0,0,0.0
29,S1,H8,loader,14,387.7650204697802,24.0,0.0,53.24,1,0,24.0,1.0,0.0,0,0.0
30,S1,H3,grapple_skidder,14,598.803684282463,24.0,0.0,53.72,1,0,24.0,1.0,0.0,0,0.0
30,S1,H4,processor,14,469.046841,24.0,0.0,54.92,0,0,24.0,1.0,0.0,0,0.0
30,S1,H5,processor,14,469.046841,24.0,0.0,54.92,0,0,24.0,1.0,0.0,0,0.0
30,S1,H7,loader,14,816.2005807008003,20.901761759553892,3.0982382404461077,55.4,0,0,24.0,0.8709067399814122,3.0982382404461086,1,0.0
31,S1,H3,grapple_skidder,14,923.199854,24.0,0.0,53.96,0,0,24.0,1.0,0.0,0,0.0
31,S1,H4,processor,14,547.23705,24.0,0.0,53.72,0,0,24.0,1.0,0.0,0,0.0
31,S1,H7,loader,14,474.741639,24.0,0.0,54.92,0,0,24.0,1.0,0.0,0,0.0
31,S1,H8,loader,14,364.18942510293215,18.411164061533626,5.588835938466374,53.48,0,0,24.0,0.7671318358972344,5.5888359384663735,1,0.0
32,S1,H3,grapple_skidder,14,778.104169,24.0,0.0,53.24,0,0,24.0,1.0,0.0,0,0.0
32,S1,H4,processor,14,395.784917,24.0,0.0,53.96,0,0,24.0,1.0,0.0,0,0.0
32,S1,H5,processor,14,395.784917,24.0,0.0,53.24,0,0,24.0,1.0,0.0,0,0.0
32,S1,H7,loader,14,485.857474,24.0,0.0,53.72,0,0,24.0,1.0,0.0,0,0.0
33,S1,H3,grapple_skidder,14,219.09933286028004,24.0,0.0,53.48,0,0,24.0,1.0,0.0,0,0.0
33,S1,H4,processor,14,469.046841,24.0,0.0,53.24,0,0,24.0,1.0,0.0,0,0.0
33,S1,H5,processor,14,372.3630655982705,24.0,0.0,53.24,1,0,24.0,1.0,0.0,0,0.0
33,S1,H7,loader,14,456.725789,24.0,0.0,53.96,0,0,24.0,1.0,0.0,0,0.0
34,S1,H3,grapple_skidder,14,0.0,24.0,0.0,53.24,1,0,24.0,1.0,0.0,0,0.0
34,S1,H4,processor,14,219.09933286028004,24.0,0.0,53.48,1,0,24.0,1.0,0.0,0,0.0
34,S1,H7,loader,14,474.741639,24.0,0.0,53.24,0,0,24.0,1.0,0.0,0,0.0
34,S1,H8,loader,14,474.741639,24.0,0.0,0.0,0,0,24.0,1.0,0.0,0,0.0
35,S1,H3,grapple_skidder,14,809.624168,24.0,0.0,53.48,0,0,24.0,1.0,0.0,0,0.0
35,S1,H4,processor,14,478.79966232251877,24.0,0.0,53.24,1,0,24.0,1.0,0.0,0,0.0
35,S1,H5,processor,14,0.0,24.0,0.0,53.72,1,0,24.0,1.0,0.0,0,0.0
35,S1,H7,loader,14,219.09933286028004,24.0,0.0,53.48,1,0,24.0,1.0,0.0,0,0.0
35,S1,H8,loader,14,0.0,24.0,0.0,53.48,1,0,24.0,1.0,0.0,0,0.0
36,S1,H3,grapple_skidder,14,778.104169,24.0,0.0,53.24,0,0,24.0,1.0,0.0,0,0.0
36,S1,H4,processor,14,409.650504,24.0,0.0,53.48,0,0,24.0,1.0,0.0,0,0.0
36,S1,H5,processor,14,409.650504,24.0,0.0,53.48,0,0,24.0,1.0,0.0,0,0.0
36,S1,H7,loader,14,485.857474,24.0,0.0,53.24,0,0,24.0,1.0,0.0,0,0.0
36,S1,H8,loader,14,123.57293178397322,24.0,0.0,53.24,1,0,24.0,1.0,0.0,0,0.0
37,S1,H3,grapple_skidder,14,1332.369187,24.0,0.0,54.68,0,0,24.0,1.0,0.0,0,0.0
37,S1,H4,processor,14,469.046841,24.0,0.0,53.24,0,0,24.0,1.0,0.0,0,0.0
37,S1,H7,loader,14,424.433991,24.0,0.0,53.48,0,0,24.0,1.0,0.0,0,0.0
37,S1,H8,loader,14,424.433991,24.0,0.0,53.48,0,0,24.0,1.0,0.0,0,0.0
38,S1,H3,grapple_skidder,14,0.0,24.0,0.0,53.24,1,0,24.0,1.0,0.0,0,0.0
38,S1,H4,processor,14,531.895933,24.0,0.0,54.68,0,0,24.0,1.0,0.0,0,0.0
38,S1,H5,processor,14,531.895933,24.0,0.0,54.92,0,0,24.0,1.0,0.0,0,0.0
38,S1,H6,processor,14,531.895933,24.0,0.0,53.24,0,0,24.0,1.0,0.0,0,0.0
38,S1,H7,loader,14,474.741639,24.0,0.0,53.24,0,0,24.0,1.0,0.0,0,0.0
39,S1,H3,grapple_skidder,14,0.0,24.0,0.0,53.72,1,0,24.0,1.0,0.0,0,0.0
39,S1,H4,processor,14,399.53815932089424,24.0,0.0,53.24,1,0,24.0,1.0,0.0,0,0.0
39,S1,H5,processor,14,0.0,24.0,0.0,53.24,1,0,24.0,1.0,0.0,0,0.0
39,S1,H7,loader,14,802.411354,24.0,0.0,54.68,0,0,24.0,1.0,0.0,0,0.0
39,S1,H8,loader,14,802.411354,24.0,0.0,54.92,0,0,24.0,1.0,0.0,0,0.0
40,S1,H3,grapple_skidder,14,567.1587449999993,24.0,0.0,53.48,0,0,24.0,1.0,0.0,0,0.0
40,S1,H4,processor,14,0.0,24.0,0.0,53.72,1,0,24.0,1.0,0.0,0,0.0
40,S1,H7,loader,14,760.5666856200938,24.0,0.0,53.24,1,0,24.0,1.0,0.0,0,0.0
40,S1,H8,loader,14,0.0,22.19899496457149,1.8010050354285099,53.24,1,0,24.0,0.9249581235238121,1.8010050354285108,1,0.0
41,S1,H3,grapple_skidder,14,403.87247809999997,24.0,0.0,54.2,0,0,24.0,1.0,0.0,0,0.3
41,S1,H4,processor,14,372.3271531,24.0,0.0,53.48,0,0,24.0,1.0,0.0,0,0.3
41,S1,H5,processor,14,32.046160999999415,24.0,0.0,53.24,0,0,24.0,1.0,0.0,0,0.3
41,S1,H7,loader,14,0.0,24.0,0.0,53.72,1,0,24.0,1.0,0.0,0,0.3
41,S1,H8,loader,14,0.0,24.0,0.0,53.72,1,0,24.0,1.0,0.0,0,0.3
42,S1,H3,grapple_skidder,14,1045.106301,24.0,0.0,53.24,0,0,24.0,1.0,0.0,0,0.0
42,S1,H4,processor,14,403.87247809999997,24.0,0.0,54.2,1,0,24.0,1.0,0.0,0,0.0
42,S1,H5,processor,14,0.0,24.0,0.0,54.2,1,0,24.0,1.0,0.0,0,0.0
42,S1,H7,loader,14,802.411354,24.0,0.0,53.48,0,0,24.0,1.0,0.0,0,0.0
42,S1,H8,loader,14,209.31730521199904,24.0,0.0,53.48,1,0,24.0,1.0,0.0,0,0.0
1,S1,H1,feller_buncher,15,823.7909966999999,24.0,0.0,0.0,0,0,24.0,1.0,0.0,0,0.3
1,S1,H2,feller_buncher,15,909.6350143999999,24.0,0.0,0.0,0,0,24.0,1.0,0.0,0,0.3
2,S1,H1,feller_buncher,15,1164.04956,24.0,0.0,54.2,0,0,24.0,1.0,0.0,0,0.0
2,S1,H2,feller_buncher,15,1299.478592,24.0,0.0,0.0,0,0,24.0,1.0,0.0,0,0.0
2,S1,H3,grapple_skidder,15,823.7909966999999,24.0,0.0,0.0,1,0,24.0,1.0,0.0,0,0.0
3,S1,H1,feller_buncher,15,888.796776,24.0,0.0,53.24,0,0,24.0,1.0,0.0,0,0.0
3,S1,H2,feller_buncher,15,1299.478592,24.0,0.0,0.0,0,0,24.0,1.0,0.0,0,0.0
3,S1,H3,grapple_skidder,15,778.104169,24.0,0.0,54.2,0,0,24.0,1.0,0.0,0,0.0
3,S1,H4,processor,15,517.165642,24.0,0.0,0.0,0,0,24.0,1.0,0.0,0,0.0
3,S1,H5,processor,15,306.6253546999999,24.0,0.0,0.0,1,0,24.0,1.0,0.0,0,0.0
4,S1,H1,feller_buncher,15,961.553907,24.0,0.0,53.24,0,0,24.0,1.0,0.0,0,0.0
4,S1,H2,feller_buncher,15,1299.478592,24.0,0.0,0.0,0,0,24.0,1.0,0.0,0,0.0
4,S1,H3,grapple_skidder,15,809.624168,24.0,0.0,53.24,0,0,24.0,1.0,0.0,0,0.0
4,S1,H4,processor,15,469.046841,24.0,0.0,54.2,0,0,24.0,1.0,0.0,0,0.0
4,S1,H7,loader,15,687.364703,24.0,0.0,0.0,0,0,24.0,1.0,0.0,0,0.0
5,S1,H1,feller_buncher,15,356.0085949999998,24.0,0.0,53.24,0,0,24.0,1.0,0.0,0,0.0
5,S1,H2,feller_buncher,15,1194.708925,24.0,0.0,55.64,0,0,24.0,1.0,0.0,0,0.0
5,S1,H3,grapple_skidder,15,739.620424,24.0,0.0,53.24,0,0,24.0,1.0,0.0,0,0.0
5,S1,H4,processor,15,409.650504,24.0,0.0,53.24,0,0,24.0,1.0,0.0,0,0.0
6,S1,H1,feller_buncher,15,1220.906942,24.0,0.0,55.4,0,0,24.0,1.0,0.0,0,0.0
6,S1,H2,feller_buncher,15,1164.04956,24.0,0.0,54.92,0,0,24.0,1.0,0.0,0,0.0
6,S1,H3,grapple_skidder,15,678.968019,24.0,0.0,53.24,0,0,24.0,1.0,0.0,0,0.0
6,S1,H4,processor,15,388.32997337324974,19.362876288908428,4.637123711091572,53.24,0,0,24.0,0.8067865120378511,4.637123711091573,1,0.0
7,S1,H1,feller_buncher,15,937.2073142308483,19.11295819224902,4.887041807750979,53.48,0,0,24.0,0.7963732580103758,4.887041807750978,1,0.0
7,S1,H2,feller_buncher,15,1220.906942,24.0,0.0,54.68,0,0,24.0,1.0,0.0,0,0.0
7,S1,H3,grapple_skidder,15,515.3379753078686,24.0,0.0,53.72,0,0,24.0,1.0,0.0,0,0.0
7,S1,H4,processor,15,547.23705,24.0,0.0,53.24,0,0,24.0,1.0,0.0,0,0.0
7,S1,H7,loader,15,388.32997337324974,24.0,0.0,54.68,1,0,24.0,1.0,0.0,0,0.0
8,S1,H1,feller_buncher,15,674.603847,24.0,0.0,53.24,0,0,24.0,1.0,0.0,0,0.0
8,S1,H2,feller_buncher,15,1220.906942,24.0,0.0,0.0,0,0,24.0,1.0,0.0,0,0.0
8,S1,H3,grapple_skidder,15,678.968019,24.0,0.0,53.72,0,0,24.0,1.0,0.0,0,0.0
8,S1,H4,processor,15,469.046841,24.0,0.0,53.72,0,0,24.0,1.0,0.0,0,0.0
8,S1,H5,processor,15,355.34846230786866,24.0,0.0,54.2,1,0,24.0,1.0,0.0,0,0.0
8,S1,H7,loader,15,485.857474,24.0,0.0,53.24,0,0,24.0,1.0,0.0,0,0.0
9,S1,H1,feller_buncher,15,1194.708925,24.0,0.0,53.96,0,0,24.0,1.0,0.0,0,0.0
9,S1,H2,feller_buncher,15,961.553907,24.0,0.0,55.16,0,0,24.0,1.0,0.0,0,0.0
9,S1,H3,grapple_skidder,15,1332.369187,24.0,0.0,55.4,0,0,24.0,1.0,0.0,0,0.0
9,S1,H4,processor,15,547.23705,24.0,0.0,53.72,0,0,24.0,1.0,0.0,0,0.0
9,S1,H7,loader,15,474.741639,24.0,0.0,53.72,0,0,24.0,1.0,0.0,0,0.0
9,S1,H8,loader,15,474.741639,24.0,0.0,0.0,0,0,24.0,1.0,0.0,0,0.0
10,S1,H1,feller_buncher,15,673.0877349,24.0,0.0,55.4,0,0,24.0,1.0,0.0,0,0.3
10,S1,H2,feller_buncher,15,602.0092694,24.0,0.0,53.72,0,0,24.0,1.0,0.0,0,0.3
10,S1,H3,grapple_skidder,15,1036.4489751,24.0,0.0,53.24,0,0,24.0,1.0,0.0,0,0.3
10,S1,H4,processor,15,372.3271531,24.0,0.0,55.4,0,0,24.0,1.0,0.0,0,0.3
10,S1,H5,processor,15,372.3271531,24.0,0.0,54.68,0,0,24.0,1.0,0.0,0,0.3
10,S1,H7,loader,15,340.1002318,24.0,0.0,53.72,0,0,24.0,1.0,0.0,0,0.3
11,S1,H1,feller_buncher,15,860.013242,24.0,0.0,53.72,0,0,24.0,1.0,0.0,0,0.0
11,S1,H2,feller_buncher,15,1220.906942,24.0,0.0,54.44,0,0,24.0,1.0,0.0,0,0.0
11,S1,H3,grapple_skidder,15,937.2073142308483,24.0,0.0,53.72,1,0,24.0,1.0,0.0,0,0.0
11,S1,H4,processor,15,569.826226,24.0,0.0,53.24,0,0,24.0,1.0,0.0,0,0.0
11,S1,H5,processor,15,466.6227491000001,24.0,0.0,53.24,1,0,24.0,1.0,0.0,0,0.0
11,S1,H7,loader,15,744.6543062,24.0,0.0,55.4,1,0,24.0,1.0,0.0,0,0.0
12,S1,H1,feller_buncher,15,1013.0077249999999,24.0,0.0,54.44,0,0,24.0,1.0,0.0,0,0.0
12,S1,H2,feller_buncher,15,888.796776,24.0,0.0,54.92,0,0,24.0,1.0,0.0,0,0.0
12,S1,H3,grapple_skidder,15,678.968019,24.0,0.0,54.92,0,0,24.0,1.0,0.0,0,0.0
12,S1,H4,processor,15,419.87129159211554,19.484881012669383,4.515118987330617,53.72,0,0,24.0,0.8118700421945576,4.5151189873306175,1,0.0
12,S1,H5,processor,15,517.165642,24.0,0.0,53.72,0,0,24.0,1.0,0.0,0,0.0
12,S1,H7,loader,15,937.184825,24.0,0.0,53.24,0,0,24.0,1.0,0.0,0,0.0
13,S1,H1,feller_buncher,15,413.7565330000002,24.0,0.0,55.16,0,0,24.0,1.0,0.0,0,0.0
13,S1,H2,feller_buncher,15,680.207863,24.0,0.0,53.96,0,0,24.0,1.0,0.0,0,0.0
13,S1,H3,grapple_skidder,15,1332.369187,24.0,0.0,55.4,0,0,24.0,1.0,0.0,0,0.0
13,S1,H4,processor,15,547.23705,24.0,0.0,54.92,0,0,24.0,1.0,0.0,0,0.0
13,S1,H7,loader,15,687.364703,24.0,0.0,53.72,0,0,24.0,1.0,0.0,0,0.0
13,S1,H8,loader,15,386.0985242921156,24.0,0.0,54.2,1,0,24.0,1.0,0.0,0,0.0
14,S1,H1,feller_buncher,15,1164.04956,24.0,0.0,53.48,0,0,24.0,1.0,0.0,0,0.0
14,S1,H2,feller_buncher,15,1176.844281,24.0,0.0,53.48,0,0,24.0,1.0,0.0,0,0.0
14,S1,H3,grapple_skidder,15,678.968019,24.0,0.0,55.4,0,0,24.0,1.0,0.0,0,0.0
14,S1,H4,processor,15,412.36198680103604,18.606436088739308,5.393563911260692,55.4,0,0,24.0,0.7752681703641379,5.393563911260694,1,0.0
14,S1,H5,processor,15,531.895933,24.0,0.0,53.48,0,0,24.0,1.0,0.0,0,0.0
14,S1,H6,processor,15,459.0070915510346,20.711138239187907,3.288861760812093,0.0,0,0,24.0,0.8629640932994961,3.2888617608120922,1,0.0
14,S1,H7,loader,15,485.857474,24.0,0.0,54.92,0,0,24.0,1.0,0.0,0,0.0
15,S1,H1,feller_buncher,15,787.363583,24.0,0.0,54.44,0,0,24.0,1.0,0.0,0,0.0
15,S1,H2,feller_buncher,15,1176.844281,24.0,0.0,0.0,0,0,24.0,1.0,0.0,0,0.0
15,S1,H3,grapple_skidder,15,739.620424,24.0,0.0,53.24,0,0,24.0,1.0,0.0,0,0.0
15,S1,H4,processor,15,547.23705,24.0,0.0,55.4,0,0,24.0,1.0,0.0,0,0.0
15,S1,H7,loader,15,802.411354,24.0,0.0,55.4,0,0,24.0,1.0,0.0,0,0.0
15,S1,H8,loader,15,600.8536573520706,24.0,0.0,53.48,1,0,24.0,1.0,0.0,0,0.0
16,S1,H1,feller_buncher,15,1194.708925,24.0,0.0,53.48,0,0,24.0,1.0,0.0,0,0.0
16,S1,H2,feller_buncher,15,111.30773800000088,24.0,0.0,0.0,0,0,24.0,1.0,0.0,0,0.0
16,S1,H3,grapple_skidder,15,674.603847,24.0,0.0,54.44,0,0,24.0,1.0,0.0,0,0.0
16,S1,H4,processor,15,481.329283,24.0,0.0,53.24,0,0,24.0,1.0,0.0,0,0.0
16,S1,H5,processor,15,481.329283,24.0,0.0,55.16,0,0,24.0,1.0,0.0,0,0.0
16,S1,H7,loader,15,485.857474,24.0,0.0,55.4,0,0,24.0,1.0,0.0,0,0.0
17,S1,H1,feller_buncher,15,1194.708925,24.0,0.0,0.0,0,0,24.0,1.0,0.0,0,0.0
17,S1,H2,feller_buncher,15,1164.04956,24.0,0.0,54.2,0,0,24.0,1.0,0.0,0,0.0
17,S1,H3,grapple_skidder,15,1164.728216,24.0,0.0,53.24,0,0,24.0,1.0,0.0,0,0.0
17,S1,H4,processor,15,456.082335,24.0,0.0,54.44,0,0,24.0,1.0,0.0,0,0.0
17,S1,H5,processor,15,218.52151199999997,24.0,0.0,54.44,0,0,24.0,1.0,0.0,0,0.0
17,S1,H7,loader,15,451.958924,24.0,0.0,53.24,0,0,24.0,1.0,0.0,0,0.0
17,S1,H8,loader,15,451.958924,24.0,0.0,55.16,0,0,24.0,1.0,0.0,0,0.0
18,S1,H1,feller_buncher,15,140.55055100000027,24.0,0.0,0.0,0,0,24.0,1.0,0.0,0,0.0
18,S1,H2,feller_buncher,15,1164.04956,24.0,0.0,0.0,0,0,24.0,1.0,0.0,0,0.0
18,S1,H3,grapple_skidder,15,527.5947363407275,17.119962160722405,6.880037839277595,54.68,0,0,24.0,0.7133317566967668,6.880037839277594,1,0.0
18,S1,H4,processor,15,373.24479834944697,17.321094892817197,6.678905107182803,53.24,0,0,24.0,0.7217122872007166,6.678905107182803,1,0.0
18,S1,H5,processor,15,517.165642,24.0,0.0,53.24,0,0,24.0,1.0,0.0,0,0.0
18,S1,H7,loader,15,674.603847,24.0,0.0,54.44,0,0,24.0,1.0,0.0,0,0.0
19,S1,H1,feller_buncher,15,502.7667789999996,24.0,0.0,54.92,0,0,24.0,1.0,0.0,0,0.0
19,S1,H2,feller_buncher,15,256.1621419999998,24.0,0.0,53.24,0,0,24.0,1.0,0.0,0,0.0
19,S1,H3,grapple_skidder,15,1164.728216,24.0,0.0,54.68,0,0,24.0,1.0,0.0,0,0.0
19,S1,H4,processor,15,481.329283,24.0,0.0,54.68,0,0,24.0,1.0,0.0,0,0.0
19,S1,H7,loader,15,687.364703,24.0,0.0,53.24,0,0,24.0,1.0,0.0,0,0.0
20,S1,H1,feller_buncher,15,59.00278800000001,24.0,0.0,53.24,0,0,24.0,1.0,0.0,0,0.0
20,S1,H2,feller_buncher,15,486.3476200000001,24.0,0.0,54.68,0,0,24.0,1.0,0.0,0,0.0
20,S1,H3,grapple_skidder,15,678.968019,24.0,0.0,54.92,0,0,24.0,1.0,0.0,0,0.0
20,S1,H4,processor,15,517.165642,24.0,0.0,54.68,0,0,24.0,1.0,0.0,0,0.0
20,S1,H5,processor,15,517.165642,24.0,0.0,0.0,0,0,24.0,1.0,0.0,0,0.0
20,S1,H6,processor,15,404.8850882892855,24.0,0.0,53.48,1,0,24.0,1.0,0.0,0,0.0
20,S1,H7,loader,15,451.958924,24.0,0.0,54.68,0,0,24.0,1.0,0.0,0,0.0
21,S1,H1,feller_buncher,15,576.960683,24.0,0.0,53.24,0,0,24.0,1.0,0.0,0,0.0
21,S1,H2,feller_buncher,15,364.89843800000006,24.0,0.0,53.72,0,0,24.0,1.0,0.0,0,0.0
21,S1,H3,grapple_skidder,15,1273.711203,24.0,0.0,55.16,0,0,24.0,1.0,0.0,0,0.0
21,S1,H4,processor,15,547.23705,24.0,0.0,54.92,0,0,24.0,1.0,0.0,0,0.0
21,S1,H5,processor,15,547.23705,24.0,0.0,54.92,0,0,24.0,1.0,0.0,0,0.0
21,S1,H7,loader,15,687.364703,24.0,0.0,54.68,0,0,24.0,1.0,0.0,0,0.0
21,S1,H8,loader,15,687.364703,24.0,0.0,54.68,0,0,24.0,1.0,0.0,0,0.0
22,S1,H3,grapple_skidder,15,778.104169,24.0,0.0,54.44,0,0,24.0,1.0,0.0,0,0.0
22,S1,H4,processor,15,441.264891,24.0,0.0,55.16,0,0,24.0,1.0,0.0,0,0.0
22,S1,H5,processor,15,441.264891,24.0,0.0,55.16,0,0,24.0,1.0,0.0,0,0.0
22,S1,H6,processor,15,391.18142100000006,24.0,0.0,53.24,0,0,24.0,1.0,0.0,0,0.0
22,S1,H7,loader,15,485.857474,24.0,0.0,54.92,0,0,24.0,1.0,0.0,0,0.0
22,S1,H8,loader,15,485.857474,24.0,0.0,54.92,0,0,24.0,1.0,0.0,0,0.0
23,S1,H3,grapple_skidder,15,678.968019,24.0,0.0,53.72,0,0,24.0,1.0,0.0,0,0.0
23,S1,H4,processor,15,469.046841,24.0,0.0,54.44,0,0,24.0,1.0,0.0,0,0.0
23,S1,H7,loader,15,733.483855,24.0,0.0,55.16,0,0,24.0,1.0,0.0,0,0.0
23,S1,H8,loader,15,540.2273480000001,24.0,0.0,55.16,0,0,24.0,1.0,0.0,0,0.0
24,S1,H3,grapple_skidder,15,1480.641393,24.0,0.0,55.64,0,0,24.0,1.0,0.0,0,0.0
24,S1,H4,processor,15,547.23705,24.0,0.0,53.72,0,0,24.0,1.0,0.0,0,0.0
24,S1,H7,loader,15,474.741639,24.0,0.0,54.44,0,0,24.0,1.0,0.0,0,0.0
25,S1,H3,grapple_skidder,15,1332.369187,24.0,0.0,53.24,0,0,24.0,1.0,0.0,0,0.0
25,S1,H4,processor,15,569.826226,24.0,0.0,55.64,0,0,24.0,1.0,0.0,0,0.0
25,S1,H5,processor,15,569.826226,24.0,0.0,53.48,0,0,24.0,1.0,0.0,0,0.0
25,S1,H6,processor,15,340.98894100000007,24.0,0.0,53.48,1,0,24.0,1.0,0.0,0,0.0
25,S1,H7,loader,15,485.857474,24.0,0.0,53.72,0,0,24.0,1.0,0.0,0,0.0
26,S1,H3,grapple_skidder,15,678.968019,24.0,0.0,55.4,0,0,24.0,1.0,0.0,0,0.0
26,S1,H4,processor,15,364.89653034399333,16.46471834981269,7.535281650187311,53.24,0,0,24.0,0.6860299312421954,7.535281650187311,1,0.0
26,S1,H5,processor,15,531.895933,24.0,0.0,53.24,0,0,24.0,1.0,0.0,0,0.0
26,S1,H7,loader,15,937.184825,24.0,0.0,55.64,0,0,24.0,1.0,0.0,0,0.0
26,S1,H8,loader,15,642.7207181000001,21.373714208076198,2.6262857919238023,53.48,1,0,24.0,0.8905714253365082,2.6262857919238023,1,0.0
27,S1,H3,grapple_skidder,15,517.7342967999999,24.0,0.0,53.24,0,0,24.0,1.0,0.0,0,0.3
27,S1,H4,processor,15,259.5983046499652,24.0,0.0,55.4,0,0,24.0,1.0,0.0,0,0.3
27,S1,H7,loader,15,561.6879478,24.0,0.0,53.24,0,0,24.0,1.0,0.0,0,0.3
28,S1,H3,grapple_skidder,15,1480.641393,24.0,0.0,55.4,0,0,24.0,1.0,0.0,0,0.0
28,S1,H4,processor,15,481.329283,24.0,0.0,53.24,0,0,24.0,1.0,0.0,0,0.0
28,S1,H5,processor,15,210.92277576747784,24.0,0.0,55.16,1,0,24.0,1.0,0.0,0,0.0
28,S1,H7,loader,15,485.857474,24.0,0.0,55.4,0,0,24.0,1.0,0.0,0,0.0
28,S1,H8,loader,15,349.1551048499647,19.45757532481441,4.54242467518559,55.64,1,0,24.0,0.8107323052006005,4.54242467518559,1,0.0
29,S1,H3,grapple_skidder,15,778.104169,24.0,0.0,54.92,0,0,24.0,1.0,0.0,0,0.0
29,S1,H4,processor,15,569.826226,24.0,0.0,55.4,0,0,24.0,1.0,0.0,0,0.0
29,S1,H5,processor,15,569.826226,24.0,0.0,55.4,0,0,24.0,1.0,0.0,0,0.0
29,S1,H7,loader,15,451.958924,24.0,0.0,53.24,0,0,24.0,1.0,0.0,0,0.0
29,S1,H8,loader,15,328.4042117674776,24.0,0.0,53.24,1,0,24.0,1.0,0.0,0,0.0
30,S1,H3,grapple_skidder,15,411.303252399999,24.0,0.0,53.72,1,0,24.0,1.0,0.0,0,0.0
30,S1,H4,processor,15,469.046841,24.0,0.0,54.92,0,0,24.0,1.0,0.0,0,0.0
30,S1,H5,processor,15,469.046841,24.0,0.0,54.92,0,0,24.0,1.0,0.0,0,0.0
30,S1,H7,loader,15,937.184825,24.0,0.0,55.4,0,0,24.0,1.0,0.0,0,0.0
31,S1,H3,grapple_skidder,15,923.199854,24.0,0.0,53.96,0,0,24.0,1.0,0.0,0,0.0
31,S1,H4,processor,15,547.23705,24.0,0.0,53.72,0,0,24.0,1.0,0.0,0,0.0
31,S1,H7,loader,15,474.741639,24.0,0.0,54.92,0,0,24.0,1.0,0.0,0,0.0
31,S1,H8,loader,15,474.741639,24.0,0.0,53.48,0,0,24.0,1.0,0.0,0,0.0
32,S1,H3,grapple_skidder,15,778.104169,24.0,0.0,53.24,0,0,24.0,1.0,0.0,0,0.0
32,S1,H4,processor,15,311.8345433901777,18.909333630225895,5.090666369774105,53.96,0,0,24.0,0.7878889012594122,5.0906663697741035,1,0.0
32,S1,H5,processor,15,395.784917,24.0,0.0,53.24,0,0,24.0,1.0,0.0,0,0.0
32,S1,H7,loader,15,485.857474,24.0,0.0,53.72,0,0,24.0,1.0,0.0,0,0.0
33,S1,H3,grapple_skidder,15,339.9365580000001,24.0,0.0,53.48,0,0,24.0,1.0,0.0,0,0.0
33,S1,H4,processor,15,469.046841,24.0,0.0,53.24,0,0,24.0,1.0,0.0,0,0.0
33,S1,H5,processor,15,458.1251430000001,24.0,0.0,53.24,1,0,24.0,1.0,0.0,0,0.0
33,S1,H7,loader,15,456.725789,24.0,0.0,53.96,0,0,24.0,1.0,0.0,0,0.0
34,S1,H3,grapple_skidder,15,0.0,24.0,0.0,53.24,1,0,24.0,1.0,0.0,0,0.0
34,S1,H4,processor,15,339.9365580000001,24.0,0.0,53.48,1,0,24.0,1.0,0.0,0,0.0
34,S1,H7,loader,15,474.741639,24.0,0.0,53.24,0,0,24.0,1.0,0.0,0,0.0
34,S1,H8,loader,15,474.741639,24.0,0.0,0.0,0,0,24.0,1.0,0.0,0,0.0
35,S1,H3,grapple_skidder,15,809.624168,24.0,0.0,53.48,0,0,24.0,1.0,0.0,0,0.0
35,S1,H4,processor,15,526.5846807500341,24.0,0.0,53.24,1,0,24.0,1.0,0.0,0,0.0
35,S1,H5,processor,15,0.0,24.0,0.0,53.72,1,0,24.0,1.0,0.0,0,0.0
35,S1,H7,loader,15,339.9365580000001,24.0,0.0,53.48,1,0,24.0,1.0,0.0,0,0.0
35,S1,H8,loader,15,0.0,24.0,0.0,53.48,1,0,24.0,1.0,0.0,0,0.0
36,S1,H3,grapple_skidder,15,544.6729182999999,24.0,0.0,53.24,0,0,24.0,1.0,0.0,0,0.3
36,S1,H4,processor,15,286.75535279999997,24.0,0.0,53.48,0,0,24.0,1.0,0.0,0,0.3
36,S1,H5,processor,15,286.75535279999997,24.0,0.0,53.48,0,0,24.0,1.0,0.0,0,0.3
36,S1,H7,loader,15,340.1002318,24.0,0.0,53.24,0,0,24.0,1.0,0.0,0,0.3
36,S1,H8,loader,15,146.64352429999954,24.0,0.0,53.24,0,0,24.0,1.0,0.0,0,0.3
37,S1,H3,grapple_skidder,15,1332.369187,24.0,0.0,54.68,0,0,24.0,1.0,0.0,0,0.0
37,S1,H4,processor,15,367.0658539655363,24.0,0.0,53.24,0,0,24.0,1.0,0.0,0,0.0
37,S1,H7,loader,15,424.433991,24.0,0.0,53.48,0,0,24.0,1.0,0.0,0,0.0
37,S1,H8,loader,15,424.433991,24.0,0.0,53.48,0,0,24.0,1.0,0.0,0,0.0
38,S1,H3,grapple_skidder,15,477.4620719999998,24.0,0.0,53.24,0,0,24.0,1.0,0.0,0,0.0
38,S1,H4,processor,15,531.895933,24.0,0.0,54.68,0,0,24.0,1.0,0.0,0,0.0
38,S1,H5,processor,15,531.895933,24.0,0.0,54.92,0,0,24.0,1.0,0.0,0,0.0
38,S1,H6,processor,15,531.895933,24.0,0.0,53.24,0,0,24.0,1.0,0.0,0,0.0
38,S1,H7,loader,15,474.741639,24.0,0.0,53.24,0,0,24.0,1.0,0.0,0,0.0
39,S1,H3,grapple_skidder,15,135.53986800000075,24.0,0.0,53.72,1,0,24.0,1.0,0.0,0,0.0
39,S1,H4,processor,15,569.826226,24.0,0.0,53.24,0,0,24.0,1.0,0.0,0,0.0
39,S1,H5,processor,15,248.62478699999986,24.0,0.0,53.24,1,0,24.0,1.0,0.0,0,0.0
39,S1,H7,loader,15,802.411354,24.0,0.0,54.68,0,0,24.0,1.0,0.0,0,0.0
39,S1,H8,loader,15,802.411354,24.0,0.0,54.92,0,0,24.0,1.0,0.0,0,0.0
40,S1,H3,grapple_skidder,15,567.1587449999993,24.0,0.0,53.48,0,0,24.0,1.0,0.0,0,0.0
40,S1,H4,processor,15,135.53986800000075,24.0,0.0,53.72,1,0,24.0,1.0,0.0,0,0.0
40,S1,H7,loader,15,389.7271986682378,24.0,0.0,53.24,0,0,24.0,1.0,0.0,0,0.0
40,S1,H8,loader,15,97.08494838369867,24.0,0.0,53.24,0,0,24.0,1.0,0.0,0,0.0
41,S1,H3,grapple_skidder,15,576.960683,24.0,0.0,54.2,0,0,24.0,1.0,0.0,0,0.0
41,S1,H4,processor,15,531.895933,24.0,0.0,53.48,0,0,24.0,1.0,0.0,0,0.0
41,S1,H5,processor,15,45.780229999999165,24.0,0.0,53.24,0,0,24.0,1.0,0.0,0,0.0
41,S1,H7,loader,15,403.0725716387335,24.0,0.0,53.72,1,0,24.0,1.0,0.0,0,0.0
41,S1,H8,loader,15,0.0,24.0,0.0,53.72,1,0,24.0,1.0,0.0,0,0.0
42,S1,H3,grapple_skidder,15,731.5744106999999,24.0,0.0,53.24,0,0,24.0,1.0,0.0,0,0.3
42,S1,H4,processor,15,300.12591349999997,24.0,0.0,54.2,0,0,24.0,1.0,0.0,0,0.3
42,S1,H5,processor,15,103.7465646,24.0,0.0,54.2,0,0,24.0,1.0,0.0,0,0.3
42,S1,H7,loader,15,561.6879478,24.0,0.0,53.48,0,0,24.0,1.0,0.0,0,0.3
42,S1,H8,loader,15,195.82921049999987,24.0,0.0,53.48,0,0,24.0,1.0,0.0,0,0.3
1,S1,H1,feller_buncher,16,1176.844281,24.0,0.0,0.0,0,0,24.0,1.0,0.0,0,0.0
1,S1,H2,feller_buncher,16,1299.478592,24.0,0.0,0.0,0,0,24.0,1.0,0.0,0,0.0
2,S1,H1,feller_buncher,16,1164.04956,24.0,0.0,54.2,0,0,24.0,1.0,0.0,0,0.0
2,S1,H2,feller_buncher,16,1299.478592,24.0,0.0,0.0,0,0,24.0,1.0,0.0,0,0.0
2,S1,H3,grapple_skidder,16,1164.728216,24.0,0.0,0.0,0,0,24.0,1.0,0.0,0,0.0
3,S1,H1,feller_buncher,16,888.796776,24.0,0.0,53.24,0,0,24.0,1.0,0.0,0,0.0
3,S1,H2,feller_buncher,16,1299.478592,24.0,0.0,0.0,0,0,24.0,1.0,0.0,0,0.0
3,S1,H3,grapple_skidder,16,778.104169,24.0,0.0,54.2,0,0,24.0,1.0,0.0,0,0.0
3,S1,H4,processor,16,517.165642,24.0,0.0,0.0,0,0,24.0,1.0,0.0,0,0.0
3,S1,H5,processor,16,517.165642,24.0,0.0,0.0,0,0,24.0,1.0,0.0,0,0.0
4,S1,H1,feller_buncher,16,961.553907,24.0,0.0,53.24,0,0,24.0,1.0,0.0,0,0.0
4,S1,H2,feller_buncher,16,1299.478592,24.0,0.0,0.0,0,0,24.0,1.0,0.0,0,0.0
4,S1,H3,grapple_skidder,16,809.624168,24.0,0.0,53.24,0,0,24.0,1.0,0.0,0,0.0
4,S1,H4,processor,16,469.046841,24.0,0.0,54.2,0,0,24.0,1.0,0.0,0,0.0
4,S1,H7,loader,16,687.364703,24.0,0.0,0.0,0,0,24.0,1.0,0.0,0,0.0
5,S1,H1,feller_buncher,16,249.20601649999983,24.0,0.0,53.24,0,0,24.0,1.0,0.0,0,0.3
5,S1,H2,feller_buncher,16,836.2962474999999,24.0,0.0,55.64,0,0,24.0,1.0,0.0,0,0.3
5,S1,H3,grapple_skidder,16,517.7342967999999,24.0,0.0,53.24,0,0,24.0,1.0,0.0,0,0.3
5,S1,H4,processor,16,286.75535279999997,24.0,0.0,53.24,0,0,24.0,1.0,0.0,0,0.3
6,S1,H1,feller_buncher,16,1220.906942,24.0,0.0,55.4,0,0,24.0,1.0,0.0,0,0.0
6,S1,H2,feller_buncher,16,1036.1274101679005,21.362542196252893,2.6374578037471075,54.92,0,0,24.0,0.8901059248438705,2.6374578037471075,1,0.0
6,S1,H3,grapple_skidder,16,678.968019,24.0,0.0,53.24,0,0,24.0,1.0,0.0,0,0.0
6,S1,H4,processor,16,481.329283,24.0,0.0,53.24,0,0,24.0,1.0,0.0,0,0.0
7,S1,H1,feller_buncher,16,1176.844281,24.0,0.0,53.48,0,0,24.0,1.0,0.0,0,0.0
7,S1,H2,feller_buncher,16,1220.906942,24.0,0.0,54.68,0,0,24.0,1.0,0.0,0,0.0
7,S1,H3,grapple_skidder,16,778.104169,24.0,0.0,53.72,0,0,24.0,1.0,0.0,0,0.0
7,S1,H4,processor,16,545.5518948436106,23.926094690128632,0.07390530987136756,53.24,0,0,24.0,0.996920612088693,0.07390530987136756,1,0.0
7,S1,H7,loader,16,451.958924,24.0,0.0,54.68,0,0,24.0,1.0,0.0,0,0.0
8,S1,H1,feller_buncher,16,536.62036064208,24.0,0.0,53.24,0,0,24.0,1.0,0.0,0,0.0
8,S1,H2,feller_buncher,16,1220.906942,24.0,0.0,0.0,0,0,24.0,1.0,0.0,0,0.0
8,S1,H3,grapple_skidder,16,678.968019,24.0,0.0,53.72,0,0,24.0,1.0,0.0,0,0.0
8,S1,H4,processor,16,412.366004305178,21.099777758282084,2.900222241717916,53.72,0,0,24.0,0.8791574065950868,2.900222241717917,1,0.0
8,S1,H5,processor,16,469.046841,24.0,0.0,54.2,0,0,24.0,1.0,0.0,0,0.0
8,S1,H7,loader,16,394.8139792434341,19.502706058695765,4.497293941304235,53.24,0,0,24.0,0.8126127524456569,4.497293941304237,1,0.0
9,S1,H1,feller_buncher,16,1194.708925,24.0,0.0,53.96,0,0,24.0,1.0,0.0,0,0.0
9,S1,H2,feller_buncher,16,961.553907,24.0,0.0,55.16,0,0,24.0,1.0,0.0,0,0.0
9,S1,H3,grapple_skidder,16,1332.369187,24.0,0.0,55.4,0,0,24.0,1.0,0.0,0,0.0
9,S1,H4,processor,16,547.23705,24.0,0.0,53.72,0,0,24.0,1.0,0.0,0,0.0
9,S1,H7,loader,16,474.741639,24.0,0.0,53.72,0,0,24.0,1.0,0.0,0,0.0
9,S1,H8,loader,16,474.741639,24.0,0.0,0.0,0,0,24.0,1.0,0.0,0,0.0
10,S1,H1,feller_buncher,16,961.553907,24.0,0.0,55.4,0,0,24.0,1.0,0.0,0,0.0
10,S1,H2,feller_buncher,16,860.013242,24.0,0.0,53.72,0,0,24.0,1.0,0.0,0,0.0
10,S1,H3,grapple_skidder,16,1480.641393,24.0,0.0,53.24,0,0,24.0,1.0,0.0,0,0.0
10,S1,H4,processor,16,531.895933,24.0,0.0,55.4,0,0,24.0,1.0,0.0,0,0.0
10,S1,H5,processor,16,531.895933,24.0,0.0,54.68,0,0,24.0,1.0,0.0,0,0.0
10,S1,H7,loader,16,485.857474,24.0,0.0,53.72,0,0,24.0,1.0,0.0,0,0.0
11,S1,H1,feller_buncher,16,860.013242,24.0,0.0,53.72,0,0,24.0,1.0,0.0,0,0.0
11,S1,H2,feller_buncher,16,1220.906942,24.0,0.0,54.44,0,0,24.0,1.0,0.0,0,0.0
11,S1,H3,grapple_skidder,16,1164.728216,24.0,0.0,53.72,0,0,24.0,1.0,0.0,0,0.0
11,S1,H4,processor,16,569.826226,24.0,0.0,53.24,0,0,24.0,1.0,0.0,0,0.0
11,S1,H5,processor,16,519.4772419221367,21.87939627427973,2.120603725720269,53.24,0,0,24.0,0.9116415114283222,2.120603725720268,1,0.0
11,S1,H7,loader,16,802.411354,24.0,0.0,55.4,0,0,24.0,1.0,0.0,0,0.0
12,S1,H1,feller_buncher,16,1013.0077249999999,24.0,0.0,54.44,0,0,24.0,1.0,0.0,0,0.0
12,S1,H2,feller_buncher,16,888.796776,24.0,0.0,54.92,0,0,24.0,1.0,0.0,0,0.0
12,S1,H3,grapple_skidder,16,678.968019,24.0,0.0,54.92,0,0,24.0,1.0,0.0,0,0.0
12,S1,H4,processor,16,517.165642,24.0,0.0,53.72,0,0,24.0,1.0,0.0,0,0.0
12,S1,H5,processor,16,517.165642,24.0,0.0,53.72,0,0,24.0,1.0,0.0,0,0.0
12,S1,H7,loader,16,937.184825,24.0,0.0,53.24,0,0,24.0,1.0,0.0,0,0.0
13,S1,H1,feller_buncher,16,413.7565330000002,24.0,0.0,55.16,0,0,24.0,1.0,0.0,0,0.0
13,S1,H2,feller_buncher,16,680.207863,24.0,0.0,53.96,0,0,24.0,1.0,0.0,0,0.0
13,S1,H3,grapple_skidder,16,1332.369187,24.0,0.0,55.4,0,0,24.0,1.0,0.0,0,0.0
13,S1,H4,processor,16,547.23705,24.0,0.0,54.92,0,0,24.0,1.0,0.0,0,0.0
13,S1,H7,loader,16,687.364703,24.0,0.0,53.72,0,0,24.0,1.0,0.0,0,0.0
13,S1,H8,loader,16,687.364703,24.0,0.0,54.2,0,0,24.0,1.0,0.0,0,0.0
14,S1,H1,feller_buncher,16,1164.04956,24.0,0.0,53.48,0,0,24.0,1.0,0.0,0,0.0
14,S1,H2,feller_buncher,16,1176.844281,24.0,0.0,53.48,0,0,24.0,1.0,0.0,0,0.0
14,S1,H3,grapple_skidder,16,678.968019,24.0,0.0,55.4,0,0,24.0,1.0,0.0,0,0.0
14,S1,H4,processor,16,531.895933,24.0,0.0,55.4,0,0,24.0,1.0,0.0,0,0.0
14,S1,H5,processor,16,531.895933,24.0,0.0,53.48,0,0,24.0,1.0,0.0,0,0.0
14,S1,H6,processor,16,531.895933,24.0,0.0,0.0,0,0,24.0,1.0,0.0,0,0.0
14,S1,H7,loader,16,485.857474,24.0,0.0,54.92,0,0,24.0,1.0,0.0,0,0.0
15,S1,H1,feller_buncher,16,787.363583,24.0,0.0,54.44,0,0,24.0,1.0,0.0,0,0.0
15,S1,H2,feller_buncher,16,1023.8312685935783,20.87952573076733,3.1204742692326697,0.0,0,0,24.0,0.8699802387819721,3.120474269232669,1,0.0
15,S1,H3,grapple_skidder,16,739.620424,24.0,0.0,53.24,0,0,24.0,1.0,0.0,0,0.0
15,S1,H4,processor,16,547.23705,24.0,0.0,55.4,0,0,24.0,1.0,0.0,0,0.0
15,S1,H7,loader,16,802.411354,24.0,0.0,55.4,0,0,24.0,1.0,0.0,0,0.0
15,S1,H8,loader,16,802.411354,24.0,0.0,53.48,0,0,24.0,1.0,0.0,0,0.0
16,S1,H1,feller_buncher,16,1194.708925,24.0,0.0,53.48,0,0,24.0,1.0,0.0,0,0.0
16,S1,H2,feller_buncher,16,111.30773800000088,24.0,0.0,0.0,0,0,24.0,1.0,0.0,0,0.0
16,S1,H3,grapple_skidder,16,536.62036064208,24.0,0.0,54.44,1,0,24.0,1.0,0.0,0,0.0
16,S1,H4,processor,16,481.329283,24.0,0.0,53.24,0,0,24.0,1.0,0.0,0,0.0
16,S1,H5,processor,16,294.6961548,24.0,0.0,55.16,1,0,24.0,1.0,0.0,0,0.0
16,S1,H7,loader,16,485.857474,24.0,0.0,55.4,0,0,24.0,1.0,0.0,0,0.0
17,S1,H1,feller_buncher,16,1194.708925,24.0,0.0,0.0,0,0,24.0,1.0,0.0,0,0.0
17,S1,H2,feller_buncher,16,1164.04956,24.0,0.0,54.2,0,0,24.0,1.0,0.0,0,0.0
17,S1,H3,grapple_skidder,16,1164.728216,24.0,0.0,53.24,0,0,24.0,1.0,0.0,0,0.0
17,S1,H4,processor,16,456.082335,24.0,0.0,54.44,0,0,24.0,1.0,0.0,0,0.0
17,S1,H5,processor,16,80.53802564207996,24.0,0.0,54.44,1,0,24.0,1.0,0.0,0,0.0
17,S1,H7,loader,16,451.958924,24.0,0.0,53.24,0,0,24.0,1.0,0.0,0,0.0
17,S1,H8,loader,16,353.43687279999995,24.0,0.0,55.16,1,0,24.0,1.0,0.0,0,0.0
18,S1,H1,feller_buncher,16,140.55055100000027,24.0,0.0,0.0,0,0,24.0,1.0,0.0,0,0.0
18,S1,H2,feller_buncher,16,1164.04956,24.0,0.0,0.0,0,0,24.0,1.0,0.0,0,0.0
18,S1,H3,grapple_skidder,16,538.2625347388176,17.466122371076686,6.533877628923314,54.68,0,0,24.0,0.7277550987948619,6.533877628923312,1,0.0
18,S1,H4,processor,16,517.165642,24.0,0.0,53.24,0,0,24.0,1.0,0.0,0,0.0
18,S1,H5,processor,16,517.165642,24.0,0.0,53.24,0,0,24.0,1.0,0.0,0,0.0
18,S1,H7,loader,16,339.5259165461831,24.0,0.0,54.44,0,0,24.0,1.0,0.0,0,0.0
19,S1,H1,feller_buncher,16,351.9367452999997,24.0,0.0,54.92,0,0,24.0,1.0,0.0,0,0.3
19,S1,H2,feller_buncher,16,179.31349939999984,24.0,0.0,53.24,0,0,24.0,1.0,0.0,0,0.3
19,S1,H3,grapple_skidder,16,815.3097511999999,24.0,0.0,54.68,0,0,24.0,1.0,0.0,0,0.3
19,S1,H4,processor,16,336.93049809999997,24.0,0.0,54.68,0,0,24.0,1.0,0.0,0,0.3
19,S1,H7,loader,16,481.15529209999994,24.0,0.0,53.24,0,0,24.0,1.0,0.0,0,0.3
20,S1,H1,feller_buncher,16,59.00278800000001,24.0,0.0,53.24,0,0,24.0,1.0,0.0,0,0.0
20,S1,H2,feller_buncher,16,486.3476200000001,24.0,0.0,54.68,0,0,24.0,1.0,0.0,0,0.0
20,S1,H3,grapple_skidder,16,678.968019,24.0,0.0,54.92,0,0,24.0,1.0,0.0,0,0.0
20,S1,H4,processor,16,517.165642,24.0,0.0,54.68,0,0,24.0,1.0,0.0,0,0.0
20,S1,H5,processor,16,517.165642,24.0,0.0,0.0,0,0,24.0,1.0,0.0,0,0.0
20,S1,H6,processor,16,172.16926319999948,24.0,0.0,53.48,1,0,24.0,1.0,0.0,0,0.0
20,S1,H7,loader,16,336.93049809999997,24.0,0.0,54.68,1,0,24.0,1.0,0.0,0,0.0
21,S1,H1,feller_buncher,16,576.960683,24.0,0.0,53.24,0,0,24.0,1.0,0.0,0,0.0
21,S1,H2,feller_buncher,16,219.08228826683387,19.896903899786032,4.103096100213968,53.72,0,0,24.0,0.8290376624910847,4.103096100213966,1,0.0
21,S1,H3,grapple_skidder,16,1273.711203,24.0,0.0,55.16,0,0,24.0,1.0,0.0,0,0.0
21,S1,H4,processor,16,328.7305106288577,24.0,0.0,54.92,0,0,24.0,1.0,0.0,0,0.0
21,S1,H5,processor,16,328.7305106288577,24.0,0.0,54.92,0,0,24.0,1.0,0.0,0,0.0
21,S1,H7,loader,16,687.364703,24.0,0.0,54.68,0,0,24.0,1.0,0.0,0,0.0
21,S1,H8,loader,16,687.364703,24.0,0.0,54.68,0,0,24.0,1.0,0.0,0,0.0
22,S1,H3,grapple_skidder,16,778.104169,24.0,0.0,54.44,0,0,24.0,1.0,0.0,0,0.0
22,S1,H4,processor,16,441.264891,24.0,0.0,55.16,0,0,24.0,1.0,0.0,0,0.0
22,S1,H5,processor,16,441.264891,24.0,0.0,55.16,0,0,24.0,1.0,0.0,0,0.0
22,S1,H6,processor,16,391.18142100000006,24.0,0.0,53.24,0,0,24.0,1.0,0.0,0,0.0
22,S1,H7,loader,16,485.857474,24.0,0.0,54.92,0,0,24.0,1.0,0.0,0,0.0
22,S1,H8,loader,16,485.857474,24.0,0.0,54.92,0,0,24.0,1.0,0.0,0,0.0
23,S1,H3,grapple_skidder,16,678.968019,24.0,0.0,53.72,0,0,24.0,1.0,0.0,0,0.0
23,S1,H4,processor,16,469.046841,24.0,0.0,54.44,0,0,24.0,1.0,0.0,0,0.0
23,S1,H7,loader,16,733.483855,24.0,0.0,55.16,0,0,24.0,1.0,0.0,0,0.0
23,S1,H8,loader,16,540.2273480000001,24.0,0.0,55.16,0,0,24.0,1.0,0.0,0,0.0
24,S1,H3,grapple_skidder,16,1480.641393,24.0,0.0,55.64,0,0,24.0,1.0,0.0,0,0.0
24,S1,H4,processor,16,547.23705,24.0,0.0,53.72,0,0,24.0,1.0,0.0,0,0.0
24,S1,H7,loader,16,474.741639,24.0,0.0,54.44,0,0,24.0,1.0,0.0,0,0.0
25,S1,H3,grapple_skidder,16,687.0485080219449,24.0,0.0,53.24,0,0,24.0,1.0,0.0,0,0.0
25,S1,H4,processor,16,569.826226,24.0,0.0,55.64,0,0,24.0,1.0,0.0,0,0.0
25,S1,H5,processor,16,569.826226,24.0,0.0,53.48,0,0,24.0,1.0,0.0,0,0.0
25,S1,H6,processor,16,569.826226,24.0,0.0,53.48,0,0,24.0,1.0,0.0,0,0.0
25,S1,H7,loader,16,485.857474,24.0,0.0,53.72,0,0,24.0,1.0,0.0,0,0.0
26,S1,H3,grapple_skidder,16,678.968019,24.0,0.0,55.4,0,0,24.0,1.0,0.0,0,0.0
26,S1,H4,processor,16,531.895933,24.0,0.0,53.24,0,0,24.0,1.0,0.0,0,0.0
26,S1,H5,processor,16,160.41128402194488,24.0,0.0,53.24,1,0,24.0,1.0,0.0,0,0.0
26,S1,H7,loader,16,937.184825,24.0,0.0,55.64,0,0,24.0,1.0,0.0,0,0.0
26,S1,H8,loader,16,924.4124959221367,24.0,0.0,53.48,1,0,24.0,1.0,0.0,0,0.0
27,S1,H3,grapple_skidder,16,739.620424,24.0,0.0,53.24,0,0,24.0,1.0,0.0,0,0.0
27,S1,H4,processor,16,547.23705,24.0,0.0,55.4,0,0,24.0,1.0,0.0,0,0.0
27,S1,H7,loader,16,802.411354,24.0,0.0,53.24,0,0,24.0,1.0,0.0,0,0.0
28,S1,H3,grapple_skidder,16,1480.641393,24.0,0.0,55.4,0,0,24.0,1.0,0.0,0,0.0
28,S1,H4,processor,16,481.329283,24.0,0.0,53.24,0,0,24.0,1.0,0.0,0,0.0
28,S1,H5,processor,16,459.6231776388177,24.0,0.0,55.16,1,0,24.0,1.0,0.0,0,0.0
28,S1,H7,loader,16,485.857474,24.0,0.0,55.4,0,0,24.0,1.0,0.0,0,0.0
28,S1,H8,loader,16,143.3818688578915,24.0,0.0,55.64,1,0,24.0,1.0,0.0,0,0.0
29,S1,H3,grapple_skidder,16,778.104169,24.0,0.0,54.92,0,0,24.0,1.0,0.0,0,0.0
29,S1,H4,processor,16,569.826226,24.0,0.0,55.4,0,0,24.0,1.0,0.0,0,0.0
29,S1,H5,processor,16,569.826226,24.0,0.0,55.4,0,0,24.0,1.0,0.0,0,0.0
29,S1,H7,loader,16,451.958924,24.0,0.0,53.24,0,0,24.0,1.0,0.0,0,0.0
29,S1,H8,loader,16,451.958924,24.0,0.0,53.24,0,0,24.0,1.0,0.0,0,0.0
30,S1,H3,grapple_skidder,16,678.968019,24.0,0.0,53.72,0,0,24.0,1.0,0.0,0,0.0
30,S1,H4,processor,16,469.046841,24.0,0.0,54.92,0,0,24.0,1.0,0.0,0,0.0
30,S1,H5,processor,16,469.046841,24.0,0.0,54.92,0,0,24.0,1.0,0.0,0,0.0
30,S1,H7,loader,16,937.184825,24.0,0.0,55.4,0,0,24.0,1.0,0.0,0,0.0
31,S1,H3,grapple_skidder,16,767.3334477887004,19.948013062541936,4.051986937458064,53.96,0,0,24.0,0.8311672109392473,4.0519869374580635,1,0.0
31,S1,H4,processor,16,547.23705,24.0,0.0,53.72,0,0,24.0,1.0,0.0,0,0.0
31,S1,H7,loader,16,368.0602098448123,24.0,0.0,54.92,0,0,24.0,1.0,0.0,0,0.0
31,S1,H8,loader,16,368.0602098448123,24.0,0.0,53.48,0,0,24.0,1.0,0.0,0,0.0
32,S1,H3,grapple_skidder,16,778.104169,24.0,0.0,53.24,0,0,24.0,1.0,0.0,0,0.0
32,S1,H4,processor,16,395.784917,24.0,0.0,53.96,0,0,24.0,1.0,0.0,0,0.0
32,S1,H5,processor,16,371.54853078870036,24.0,0.0,53.24,1,0,24.0,1.0,0.0,0,0.0
32,S1,H7,loader,16,227.32785437378806,24.0,0.0,53.72,0,0,24.0,1.0,0.0,0,0.0
33,S1,H3,grapple_skidder,16,339.9365580000001,24.0,0.0,53.48,0,0,24.0,1.0,0.0,0,0.0
33,S1,H4,processor,16,469.046841,24.0,0.0,53.24,0,0,24.0,1.0,0.0,0,0.0
33,S1,H5,processor,16,469.046841,24.0,0.0,53.24,0,0,24.0,1.0,0.0,0,0.0
33,S1,H7,loader,16,456.725789,24.0,0.0,53.96,0,0,24.0,1.0,0.0,0,0.0
34,S1,H3,grapple_skidder,16,15.37623250000047,24.0,0.0,53.24,1,0,24.0,1.0,0.0,0,0.0
34,S1,H4,processor,16,339.9365580000001,24.0,0.0,53.48,1,0,24.0,1.0,0.0,0,0.0
34,S1,H7,loader,16,474.741639,24.0,0.0,53.24,0,0,24.0,1.0,0.0,0,0.0
34,S1,H8,loader,16,474.741639,24.0,0.0,0.0,0,0,24.0,1.0,0.0,0,0.0
35,S1,H3,grapple_skidder,16,809.624168,24.0,0.0,53.48,0,0,24.0,1.0,0.0,0,0.0
35,S1,H4,processor,16,547.23705,24.0,0.0,53.24,0,0,24.0,1.0,0.0,0,0.0
35,S1,H5,processor,16,81.55246300000022,24.0,0.0,53.72,0,0,24.0,1.0,0.0,0,0.0
35,S1,H7,loader,16,376.97117063881774,24.0,0.0,53.48,1,0,24.0,1.0,0.0,0,0.0
35,S1,H8,loader,16,0.0,24.0,0.0,53.48,1,0,24.0,1.0,0.0,0,0.0
36,S1,H3,grapple_skidder,16,778.104169,24.0,0.0,53.24,0,0,24.0,1.0,0.0,0,0.0
36,S1,H4,processor,16,409.650504,24.0,0.0,53.48,0,0,24.0,1.0,0.0,0,0.0
36,S1,H5,processor,16,409.650504,24.0,0.0,53.48,0,0,24.0,1.0,0.0,0,0.0
36,S1,H7,loader,16,246.42783852857295,24.0,0.0,53.24,0,0,24.0,1.0,0.0,0,0.0
36,S1,H8,loader,16,106.25410790284899,24.0,0.0,53.24,0,0,24.0,1.0,0.0,0,0.0
37,S1,H3,grapple_skidder,16,1332.369187,24.0,0.0,54.68,0,0,24.0,1.0,0.0,0,0.0
37,S1,H4,processor,16,469.046841,24.0,0.0,53.24,0,0,24.0,1.0,0.0,0,0.0
37,S1,H7,loader,16,424.433991,24.0,0.0,53.48,0,0,24.0,1.0,0.0,0,0.0
37,S1,H8,loader,16,424.433991,24.0,0.0,53.48,0,0,24.0,1.0,0.0,0,0.0
38,S1,H3,grapple_skidder,16,119.04939449999938,20.214488970942483,3.785511029057517,53.24,1,0,24.0,0.8422703737892702,3.7855110290575165,1,0.0
38,S1,H4,processor,16,531.895933,24.0,0.0,54.68,0,0,24.0,1.0,0.0,0,0.0
38,S1,H5,processor,16,531.895933,24.0,0.0,54.92,0,0,24.0,1.0,0.0,0,0.0
38,S1,H6,processor,16,268.577321,24.0,0.0,53.24,1,0,24.0,1.0,0.0,0,0.0
38,S1,H7,loader,16,474.741639,24.0,0.0,53.24,0,0,24.0,1.0,0.0,0,0.0
39,S1,H3,grapple_skidder,16,159.77199800000017,24.0,0.0,53.72,0,0,24.0,1.0,0.0,0,0.0
39,S1,H4,processor,16,569.826226,24.0,0.0,53.24,0,0,24.0,1.0,0.0,0,0.0
39,S1,H5,processor,16,52.712749577862496,24.0,0.0,53.24,1,0,24.0,1.0,0.0,0,0.0
39,S1,H7,loader,16,802.411354,24.0,0.0,54.68,0,0,24.0,1.0,0.0,0,0.0
39,S1,H8,loader,16,672.0992990219451,24.0,0.0,54.92,1,0,24.0,1.0,0.0,0,0.0
40,S1,H3,grapple_skidder,16,567.1587449999993,24.0,0.0,53.48,0,0,24.0,1.0,0.0,0,0.0
40,S1,H4,processor,16,159.77199800000017,24.0,0.0,53.72,1,0,24.0,1.0,0.0,0,0.0
40,S1,H7,loader,16,825.0066025778625,24.0,0.0,53.24,1,0,24.0,1.0,0.0,0,0.0
40,S1,H8,loader,16,0.0,24.0,0.0,53.24,1,0,24.0,1.0,0.0,0,0.0
41,S1,H3,grapple_skidder,16,576.960683,24.0,0.0,54.2,0,0,24.0,1.0,0.0,0,0.0
41,S1,H4,processor,16,531.895933,24.0,0.0,53.48,0,0,24.0,1.0,0.0,0,0.0
41,S1,H5,processor,16,35.26281199999926,24.0,0.0,53.24,1,0,24.0,1.0,0.0,0,0.0
41,S1,H7,loader,16,551.2875901000002,24.0,0.0,53.72,1,0,24.0,1.0,0.0,0,0.0
41,S1,H8,loader,16,0.0,21.162007076648795,2.837992923351205,53.72,1,0,24.0,0.8817502948603665,2.8379929233512042,1,0.0
42,S1,H3,grapple_skidder,16,899.2901512668338,24.0,0.0,53.24,1,0,24.0,1.0,0.0,0,0.0
42,S1,H4,processor,16,313.5750953535441,17.552838208819114,6.447161791180886,54.2,0,0,24.0,0.7313682587007965,6.447161791180885,1,0.0
42,S1,H5,processor,16,148.20937800000002,24.0,0.0,54.2,0,0,24.0,1.0,0.0,0,0.0
42,S1,H7,loader,16,567.1587449999993,24.0,0.0,53.48,1,0,24.0,1.0,0.0,0,0.0
42,S1,H8,loader,16,0.0,24.0,0.0,53.48,1,0,24.0,1.0,0.0,0,0.0
1,S1,H1,feller_buncher,17,546.0056549416508,24.0,0.0,0.0,0,0,24.0,1.0,0.0,0,0.3
1,S1,H2,feller_buncher,17,909.6350143999999,24.0,0.0,0.0,0,0,24.0,1.0,0.0,0,0.3
2,S1,H1,feller_buncher,17,1164.04956,24.0,0.0,54.2,0,0,24.0,1.0,0.0,0,0.0
2,S1,H2,feller_buncher,17,1299.478592,24.0,0.0,0.0,0,0,24.0,1.0,0.0,0,0.0
2,S1,H3,grapple_skidder,17,546.0056549416508,24.0,0.0,0.0,1,0,24.0,1.0,0.0,0,0.0
3,S1,H1,feller_buncher,17,888.796776,24.0,0.0,53.24,0,0,24.0,1.0,0.0,0,0.0
3,S1,H2,feller_buncher,17,1299.478592,24.0,0.0,0.0,0,0,24.0,1.0,0.0,0,0.0
3,S1,H3,grapple_skidder,17,778.104169,24.0,0.0,54.2,0,0,24.0,1.0,0.0,0,0.0
3,S1,H4,processor,17,517.165642,24.0,0.0,0.0,0,0,24.0,1.0,0.0,0,0.0
3,S1,H5,processor,17,28.840012941650798,24.0,0.0,0.0,1,0,24.0,1.0,0.0,0,0.0
4,S1,H1,feller_buncher,17,961.553907,24.0,0.0,53.24,0,0,24.0,1.0,0.0,0,0.0
4,S1,H2,feller_buncher,17,1299.478592,24.0,0.0,0.0,0,0,24.0,1.0,0.0,0,0.0
4,S1,H3,grapple_skidder,17,756.4868836669159,22.42483108286607,1.5751689171339294,53.24,0,0,24.0,0.9343679617860863,1.5751689171339285,1,0.0
4,S1,H4,processor,17,469.046841,24.0,0.0,54.2,0,0,24.0,1.0,0.0,0,0.0
4,S1,H7,loader,17,546.0056549416508,24.0,0.0,0.0,1,0,24.0,1.0,0.0,0,0.0
5,S1,H1,feller_buncher,17,356.0085949999998,24.0,0.0,53.24,0,0,24.0,1.0,0.0,0,0.0
5,S1,H2,feller_buncher,17,1194.708925,24.0,0.0,55.64,0,0,24.0,1.0,0.0,0,0.0
5,S1,H3,grapple_skidder,17,739.620424,24.0,0.0,53.24,0,0,24.0,1.0,0.0,0,0.0
5,S1,H4,processor,17,352.2535368555612,20.63731107855165,3.362688921448349,53.24,0,0,24.0,0.8598879616063188,3.362688921448348,1,0.0
6,S1,H1,feller_buncher,17,1220.906942,24.0,0.0,55.4,0,0,24.0,1.0,0.0,0,0.0
6,S1,H2,feller_buncher,17,1164.04956,24.0,0.0,54.92,0,0,24.0,1.0,0.0,0,0.0
6,S1,H3,grapple_skidder,17,678.968019,24.0,0.0,53.24,0,0,24.0,1.0,0.0,0,0.0
6,S1,H4,processor,17,481.329283,24.0,0.0,53.24,0,0,24.0,1.0,0.0,0,0.0
7,S1,H1,feller_buncher,17,750.0812045645995,24.0,0.0,53.48,0,0,24.0,1.0,0.0,0,0.0
7,S1,H2,feller_buncher,17,1220.906942,24.0,0.0,54.68,0,0,24.0,1.0,0.0,0,0.0
7,S1,H3,grapple_skidder,17,778.104169,24.0,0.0,53.72,0,0,24.0,1.0,0.0,0,0.0
7,S1,H4,processor,17,547.23705,24.0,0.0,53.24,0,0,24.0,1.0,0.0,0,0.0
7,S1,H7,loader,17,320.86944382183646,24.0,0.0,54.68,0,0,24.0,1.0,0.0,0,0.0
8,S1,H1,feller_buncher,17,674.603847,24.0,0.0,53.24,0,0,24.0,1.0,0.0,0,0.0
8,S1,H2,feller_buncher,17,1220.906942,24.0,0.0,0.0,0,0,24.0,1.0,0.0,0,0.0
8,S1,H3,grapple_skidder,17,678.968019,24.0,0.0,53.72,0,0,24.0,1.0,0.0,0,0.0
8,S1,H4,processor,17,469.046841,24.0,0.0,53.72,0,0,24.0,1.0,0.0,0,0.0
8,S1,H5,processor,17,469.046841,24.0,0.0,54.2,0,0,24.0,1.0,0.0,0,0.0
8,S1,H7,loader,17,485.857474,24.0,0.0,53.24,0,0,24.0,1.0,0.0,0,0.0
9,S1,H1,feller_buncher,17,1194.708925,24.0,0.0,53.96,0,0,24.0,1.0,0.0,0,0.0
9,S1,H2,feller_buncher,17,961.553907,24.0,0.0,55.16,0,0,24.0,1.0,0.0,0,0.0
9,S1,H3,grapple_skidder,17,1332.369187,24.0,0.0,55.4,0,0,24.0,1.0,0.0,0,0.0
9,S1,H4,processor,17,547.23705,24.0,0.0,53.72,0,0,24.0,1.0,0.0,0,0.0
9,S1,H7,loader,17,474.741639,24.0,0.0,53.72,0,0,24.0,1.0,0.0,0,0.0
9,S1,H8,loader,17,474.741639,24.0,0.0,0.0,0,0,24.0,1.0,0.0,0,0.0
10,S1,H1,feller_buncher,17,673.0877349,24.0,0.0,55.4,0,0,24.0,1.0,0.0,0,0.3
10,S1,H2,feller_buncher,17,602.0092694,24.0,0.0,53.72,0,0,24.0,1.0,0.0,0,0.3
10,S1,H3,grapple_skidder,17,1036.4489751,24.0,0.0,53.24,0,0,24.0,1.0,0.0,0,0.3
10,S1,H4,processor,17,372.3271531,24.0,0.0,55.4,0,0,24.0,1.0,0.0,0,0.3
10,S1,H5,processor,17,372.3271531,24.0,0.0,54.68,0,0,24.0,1.0,0.0,0,0.3
10,S1,H7,loader,17,340.1002318,24.0,0.0,53.72,0,0,24.0,1.0,0.0,0,0.3
11,S1,H1,feller_buncher,17,860.013242,24.0,0.0,53.72,0,0,24.0,1.0,0.0,0,0.0
11,S1,H2,feller_buncher,17,1220.906942,24.0,0.0,54.44,0,0,24.0,1.0,0.0,0,0.0
11,S1,H3,grapple_skidder,17,750.0812045645995,24.0,0.0,53.72,1,0,24.0,1.0,0.0,0,0.0
11,S1,H4,processor,17,569.826226,24.0,0.0,53.24,0,0,24.0,1.0,0.0,0,0.0
11,S1,H5,processor,17,466.6227491000001,24.0,0.0,53.24,1,0,24.0,1.0,0.0,0,0.0
11,S1,H7,loader,17,744.6543062,24.0,0.0,55.4,1,0,24.0,1.0,0.0,0,0.0
12,S1,H1,feller_buncher,17,1013.0077249999999,24.0,0.0,54.44,0,0,24.0,1.0,0.0,0,0.0
12,S1,H2,feller_buncher,17,888.796776,24.0,0.0,54.92,0,0,24.0,1.0,0.0,0,0.0
12,S1,H3,grapple_skidder,17,678.968019,24.0,0.0,54.92,0,0,24.0,1.0,0.0,0,0.0
12,S1,H4,processor,17,517.165642,24.0,0.0,53.72,0,0,24.0,1.0,0.0,0,0.0
12,S1,H5,processor,17,232.91556256459944,24.0,0.0,53.72,1,0,24.0,1.0,0.0,0,0.0
12,S1,H7,loader,17,937.184825,24.0,0.0,53.24,0,0,24.0,1.0,0.0,0,0.0
13,S1,H1,feller_buncher,17,413.7565330000002,24.0,0.0,55.16,0,0,24.0,1.0,0.0,0,0.0
13,S1,H2,feller_buncher,17,680.207863,24.0,0.0,53.96,0,0,24.0,1.0,0.0,0,0.0
13,S1,H3,grapple_skidder,17,1332.369187,24.0,0.0,55.4,0,0,24.0,1.0,0.0,0,0.0
13,S1,H4,processor,17,423.62459469889484,18.578768145858323,5.421231854141677,54.92,0,0,24.0,0.7741153394107635,5.421231854141678,1,0.0
13,S1,H7,loader,17,687.364703,24.0,0.0,53.72,0,0,24.0,1.0,0.0,0,0.0
13,S1,H8,loader,17,62.716501564599525,24.0,0.0,54.2,1,0,24.0,1.0,0.0,0,0.0
14,S1,H1,feller_buncher,17,1164.04956,24.0,0.0,53.48,0,0,24.0,1.0,0.0,0,0.0
14,S1,H2,feller_buncher,17,1176.844281,24.0,0.0,53.48,0,0,24.0,1.0,0.0,0,0.0
14,S1,H3,grapple_skidder,17,678.968019,24.0,0.0,55.4,0,0,24.0,1.0,0.0,0,0.0
14,S1,H4,processor,17,247.3259070724925,24.0,0.0,55.4,0,0,24.0,1.0,0.0,0,0.0
14,S1,H5,processor,17,247.3259070724925,24.0,0.0,53.48,0,0,24.0,1.0,0.0,0,0.0
14,S1,H6,processor,17,247.3259070724925,24.0,0.0,0.0,0,0,24.0,1.0,0.0,0,0.0
14,S1,H7,loader,17,485.857474,24.0,0.0,54.92,0,0,24.0,1.0,0.0,0,0.0
15,S1,H1,feller_buncher,17,787.363583,24.0,0.0,54.44,0,0,24.0,1.0,0.0,0,0.0
15,S1,H2,feller_buncher,17,1176.844281,24.0,0.0,0.0,0,0,24.0,1.0,0.0,0,0.0
15,S1,H3,grapple_skidder,17,739.620424,24.0,0.0,53.24,0,0,24.0,1.0,0.0,0,0.0
15,S1,H4,processor,17,547.23705,24.0,0.0,55.4,0,0,24.0,1.0,0.0,0,0.0
15,S1,H7,loader,17,741.9777212174774,24.0,0.0,55.4,1,0,24.0,1.0,0.0,0,0.0
15,S1,H8,loader,17,0.0,24.0,0.0,53.48,1,0,24.0,1.0,0.0,0,0.0
16,S1,H1,feller_buncher,17,1194.708925,24.0,0.0,53.48,0,0,24.0,1.0,0.0,0,0.0
16,S1,H2,feller_buncher,17,111.30773800000088,24.0,0.0,0.0,0,0,24.0,1.0,0.0,0,0.0
16,S1,H3,grapple_skidder,17,674.603847,24.0,0.0,54.44,0,0,24.0,1.0,0.0,0,0.0
16,S1,H4,processor,17,481.329283,24.0,0.0,53.24,0,0,24.0,1.0,0.0,0,0.0
16,S1,H5,processor,17,481.329283,24.0,0.0,55.16,0,0,24.0,1.0,0.0,0,0.0
16,S1,H7,loader,17,485.857474,24.0,0.0,55.4,0,0,24.0,1.0,0.0,0,0.0
17,S1,H1,feller_buncher,17,1194.708925,24.0,0.0,0.0,0,0,24.0,1.0,0.0,0,0.0
17,S1,H2,feller_buncher,17,1164.04956,24.0,0.0,54.2,0,0,24.0,1.0,0.0,0,0.0
17,S1,H3,grapple_skidder,17,1164.728216,24.0,0.0,53.24,0,0,24.0,1.0,0.0,0,0.0
17,S1,H4,processor,17,456.082335,24.0,0.0,54.44,0,0,24.0,1.0,0.0,0,0.0
17,S1,H5,processor,17,218.52151199999997,24.0,0.0,54.44,0,0,24.0,1.0,0.0,0,0.0
17,S1,H7,loader,17,253.90432873429543,24.0,0.0,53.24,0,0,24.0,1.0,0.0,0,0.0
17,S1,H8,loader,17,253.90432873429543,24.0,0.0,55.16,0,0,24.0,1.0,0.0,0,0.0
18,S1,H1,feller_buncher,17,140.55055100000027,24.0,0.0,0.0,0,0,24.0,1.0,0.0,0,0.0
18,S1,H2,feller_buncher,17,1164.04956,24.0,0.0,0.0,0,0,24.0,1.0,0.0,0,0.0
18,S1,H3,grapple_skidder,17,739.620424,24.0,0.0,54.68,0,0,24.0,1.0,0.0,0,0.0
18,S1,H4,processor,17,517.165642,24.0,0.0,53.24,0,0,24.0,1.0,0.0,0,0.0
18,S1,H5,processor,17,517.165642,24.0,0.0,53.24,0,0,24.0,1.0,0.0,0,0.0
18,S1,H7,loader,17,674.603847,24.0,0.0,54.44,0,0,24.0,1.0,0.0,0,0.0
19,S1,H1,feller_buncher,17,502.7667789999996,24.0,0.0,54.92,0,0,24.0,1.0,0.0,0,0.0
19,S1,H2,feller_buncher,17,256.1621419999998,24.0,0.0,53.24,0,0,24.0,1.0,0.0,0,0.0
19,S1,H3,grapple_skidder,17,1164.728216,24.0,0.0,54.68,0,0,24.0,1.0,0.0,0,0.0
19,S1,H4,processor,17,481.329283,24.0,0.0,54.68,0,0,24.0,1.0,0.0,0,0.0
19,S1,H7,loader,17,687.364703,24.0,0.0,53.24,0,0,24.0,1.0,0.0,0,0.0
20,S1,H1,feller_buncher,17,59.00278800000001,24.0,0.0,53.24,0,0,24.0,1.0,0.0,0,0.0
20,S1,H2,feller_buncher,17,486.3476200000001,24.0,0.0,54.68,0,0,24.0,1.0,0.0,0,0.0
20,S1,H3,grapple_skidder,17,678.968019,24.0,0.0,54.92,0,0,24.0,1.0,0.0,0,0.0
20,S1,H4,processor,17,428.10448255946056,19.866957019211753,4.133042980788247,54.68,0,0,24.0,0.8277898758004897,4.1330429807882485,1,0.0
20,S1,H5,processor,17,517.165642,24.0,0.0,0.0,0,0,24.0,1.0,0.0,0,0.0
20,S1,H6,processor,17,349.8550234405392,24.0,0.0,53.48,1,0,24.0,1.0,0.0,0,0.0
20,S1,H7,loader,17,451.958924,24.0,0.0,54.68,0,0,24.0,1.0,0.0,0,0.0
21,S1,H1,feller_buncher,17,417.7411349394616,17.376898520045387,6.623101479954613,53.24,0,0,24.0,0.7240374383352245,6.623101479954611,1,0.0
21,S1,H2,feller_buncher,17,364.89843800000006,24.0,0.0,53.72,0,0,24.0,1.0,0.0,0,0.0
21,S1,H3,grapple_skidder,17,1273.711203,24.0,0.0,55.16,0,0,24.0,1.0,0.0,0,0.0
21,S1,H4,processor,17,547.23705,24.0,0.0,54.92,0,0,24.0,1.0,0.0,0,0.0
21,S1,H5,processor,17,547.23705,24.0,0.0,54.92,0,0,24.0,1.0,0.0,0,0.0
21,S1,H7,loader,17,687.364703,24.0,0.0,54.68,0,0,24.0,1.0,0.0,0,0.0
21,S1,H8,loader,17,687.364703,24.0,0.0,54.68,0,0,24.0,1.0,0.0,0,0.0
22,S1,H3,grapple_skidder,17,778.104169,24.0,0.0,54.44,0,0,24.0,1.0,0.0,0,0.0
22,S1,H4,processor,17,441.264891,24.0,0.0,55.16,0,0,24.0,1.0,0.0,0,0.0
22,S1,H5,processor,17,441.264891,24.0,0.0,55.16,0,0,24.0,1.0,0.0,0,0.0
22,S1,H6,processor,17,391.18142100000006,24.0,0.0,53.24,0,0,24.0,1.0,0.0,0,0.0
22,S1,H7,loader,17,485.857474,24.0,0.0,54.92,0,0,24.0,1.0,0.0,0,0.0
22,S1,H8,loader,17,430.95993358946663,21.288215082901452,2.711784917098548,54.92,0,0,24.0,0.8870089617875605,2.7117849170985497,1,0.0
23,S1,H3,grapple_skidder,17,615.401960679581,21.753082093708954,2.2469179062910456,53.72,0,0,24.0,0.9063784205712064,2.246917906291047,1,0.0
23,S1,H4,processor,17,271.1497716546502,24.0,0.0,54.44,0,0,24.0,1.0,0.0,0,0.0
23,S1,H7,loader,17,733.483855,24.0,0.0,55.16,0,0,24.0,1.0,0.0,0,0.0
23,S1,H8,loader,17,405.9734414917209,18.035670781704482,5.964329218295518,55.16,0,0,24.0,0.7514862825710201,5.964329218295517,1,0.0
24,S1,H3,grapple_skidder,17,1480.641393,24.0,0.0,55.64,0,0,24.0,1.0,0.0,0,0.0
24,S1,H4,processor,17,547.23705,24.0,0.0,53.72,0,0,24.0,1.0,0.0,0,0.0
24,S1,H7,loader,17,474.741639,24.0,0.0,54.44,0,0,24.0,1.0,0.0,0,0.0
25,S1,H3,grapple_skidder,17,1332.369187,24.0,0.0,53.24,0,0,24.0,1.0,0.0,0,0.0
25,S1,H4,processor,17,569.826226,24.0,0.0,55.64,0,0,24.0,1.0,0.0,0,0.0
25,S1,H5,processor,17,487.85908960393533,20.547699660447794,3.452300339552206,53.48,0,0,24.0,0.8561541525186581,3.452300339552207,1,0.0
25,S1,H6,processor,17,422.95607739606476,24.0,0.0,53.48,1,0,24.0,1.0,0.0,0,0.0
25,S1,H7,loader,17,485.857474,24.0,0.0,53.72,0,0,24.0,1.0,0.0,0,0.0
26,S1,H3,grapple_skidder,17,678.968019,24.0,0.0,55.4,0,0,24.0,1.0,0.0,0,0.0
26,S1,H4,processor,17,531.895933,24.0,0.0,53.24,0,0,24.0,1.0,0.0,0,0.0
26,S1,H5,processor,17,456.635786140519,20.604141125050592,3.3958588749494076,53.24,0,0,24.0,0.8585058802104414,3.395858874949407,1,0.0
26,S1,H7,loader,17,937.184825,24.0,0.0,55.64,0,0,24.0,1.0,0.0,0,0.0
26,S1,H8,loader,17,642.7207181000001,24.0,0.0,53.48,1,0,24.0,1.0,0.0,0,0.0
27,S1,H3,grapple_skidder,17,739.620424,24.0,0.0,53.24,0,0,24.0,1.0,0.0,0,0.0
27,S1,H4,processor,17,547.23705,24.0,0.0,55.4,0,0,24.0,1.0,0.0,0,0.0
27,S1,H7,loader,17,802.411354,24.0,0.0,53.24,0,0,24.0,1.0,0.0,0,0.0
28,S1,H3,grapple_skidder,17,1480.641393,24.0,0.0,55.4,0,0,24.0,1.0,0.0,0,0.0
28,S1,H4,processor,17,481.329283,24.0,0.0,53.24,0,0,24.0,1.0,0.0,0,0.0
28,S1,H5,processor,17,481.329283,24.0,0.0,55.16,0,0,24.0,1.0,0.0,0,0.0
28,S1,H7,loader,17,485.857474,24.0,0.0,55.4,0,0,24.0,1.0,0.0,0,0.0
28,S1,H8,loader,17,485.857474,24.0,0.0,55.64,0,0,24.0,1.0,0.0,0,0.0
29,S1,H3,grapple_skidder,17,661.8652968060183,20.414705069321432,3.585294930678568,54.92,0,0,24.0,0.8506127112217263,3.5852949306785677,1,0.0
29,S1,H4,processor,17,569.826226,24.0,0.0,55.4,0,0,24.0,1.0,0.0,0,0.0
29,S1,H5,processor,17,569.826226,24.0,0.0,55.4,0,0,24.0,1.0,0.0,0,0.0
29,S1,H7,loader,17,451.958924,24.0,0.0,53.24,0,0,24.0,1.0,0.0,0,0.0
29,S1,H8,loader,17,451.958924,24.0,0.0,53.24,0,0,24.0,1.0,0.0,0,0.0
30,S1,H3,grapple_skidder,17,344.40657348151024,17.391430886391902,6.608569113608098,53.72,0,0,24.0,0.7246429535996626,6.608569113608098,1,0.3
30,S1,H4,processor,17,328.3327887,24.0,0.0,54.92,0,0,24.0,1.0,0.0,0,0.3
30,S1,H5,processor,17,328.3327887,24.0,0.0,54.92,0,0,24.0,1.0,0.0,0,0.3
30,S1,H7,loader,17,656.0293775,24.0,0.0,55.4,0,0,24.0,1.0,0.0,0,0.3
31,S1,H3,grapple_skidder,17,923.199854,24.0,0.0,53.96,0,0,24.0,1.0,0.0,0,0.0
31,S1,H4,processor,17,547.23705,24.0,0.0,53.72,0,0,24.0,1.0,0.0,0,0.0
31,S1,H7,loader,17,474.741639,24.0,0.0,54.92,0,0,24.0,1.0,0.0,0,0.0
31,S1,H8,loader,17,435.98931605465015,24.0,0.0,53.48,1,0,24.0,1.0,0.0,0,0.0
32,S1,H3,grapple_skidder,17,449.8751135797349,24.0,0.0,53.24,0,0,24.0,1.0,0.0,0,0.0
32,S1,H4,processor,17,395.784917,24.0,0.0,53.96,0,0,24.0,1.0,0.0,0,0.0
32,S1,H5,processor,17,395.784917,24.0,0.0,53.24,0,0,24.0,1.0,0.0,0,0.0
32,S1,H7,loader,17,485.857474,24.0,0.0,53.72,0,0,24.0,1.0,0.0,0,0.0
33,S1,H3,grapple_skidder,17,51.47038590000034,24.0,0.0,53.48,1,0,24.0,1.0,0.0,0,0.0
33,S1,H4,processor,17,469.046841,24.0,0.0,53.24,0,0,24.0,1.0,0.0,0,0.0
33,S1,H5,processor,17,469.046841,24.0,0.0,53.24,0,0,24.0,1.0,0.0,0,0.0
33,S1,H7,loader,17,456.725789,24.0,0.0,53.96,0,0,24.0,1.0,0.0,0,0.0
34,S1,H3,grapple_skidder,17,34.977610469552594,24.0,0.0,53.24,0,0,24.0,1.0,0.0,0,0.3
34,S1,H4,processor,17,121.97638390000003,24.0,0.0,53.48,1,0,24.0,1.0,0.0,0,0.3
34,S1,H7,loader,17,332.3191473,24.0,0.0,53.24,0,0,24.0,1.0,0.0,0,0.3
34,S1,H8,loader,17,332.3191473,24.0,0.0,0.0,0,0,24.0,1.0,0.0,0,0.3
35,S1,H3,grapple_skidder,17,809.624168,24.0,0.0,53.48,0,0,24.0,1.0,0.0,0,0.0
35,S1,H4,processor,17,267.0732639317497,24.0,0.0,53.24,1,0,24.0,1.0,0.0,0,0.0
35,S1,H5,processor,17,0.0,24.0,0.0,53.72,1,0,24.0,1.0,0.0,0,0.0
35,S1,H7,loader,17,451.958924,24.0,0.0,53.48,0,0,24.0,1.0,0.0,0,0.0
35,S1,H8,loader,17,134.7057859999993,24.0,0.0,53.48,0,0,24.0,1.0,0.0,0,0.0
36,S1,H3,grapple_skidder,17,778.104169,24.0,0.0,53.24,0,0,24.0,1.0,0.0,0,0.0
36,S1,H4,processor,17,409.650504,24.0,0.0,53.48,0,0,24.0,1.0,0.0,0,0.0
36,S1,H5,processor,17,409.650504,24.0,0.0,53.48,0,0,24.0,1.0,0.0,0,0.0
36,S1,H7,loader,17,410.6743012411773,24.0,0.0,53.24,1,0,24.0,1.0,0.0,0,0.0
36,S1,H8,loader,17,0.0,24.0,0.0,53.24,1,0,24.0,1.0,0.0,0,0.0
37,S1,H3,grapple_skidder,17,1332.369187,24.0,0.0,54.68,0,0,24.0,1.0,0.0,0,0.0
37,S1,H4,processor,17,469.046841,24.0,0.0,53.24,0,0,24.0,1.0,0.0,0,0.0
37,S1,H7,loader,17,424.433991,24.0,0.0,53.48,0,0,24.0,1.0,0.0,0,0.0
37,S1,H8,loader,17,424.433991,24.0,0.0,53.48,0,0,24.0,1.0,0.0,0,0.0
38,S1,H3,grapple_skidder,17,477.4620719999998,24.0,0.0,53.24,0,0,24.0,1.0,0.0,0,0.0
38,S1,H4,processor,17,531.895933,24.0,0.0,54.68,0,0,24.0,1.0,0.0,0,0.0
38,S1,H5,processor,17,531.895933,24.0,0.0,54.92,0,0,24.0,1.0,0.0,0,0.0
38,S1,H6,processor,17,531.895933,24.0,0.0,53.24,0,0,24.0,1.0,0.0,0,0.0
38,S1,H7,loader,17,474.741639,24.0,0.0,53.24,0,0,24.0,1.0,0.0,0,0.0
39,S1,H3,grapple_skidder,17,111.84039860000011,24.0,0.0,53.72,0,0,24.0,1.0,0.0,0,0.3
39,S1,H4,processor,17,398.8783582,24.0,0.0,53.24,0,0,24.0,1.0,0.0,0,0.3
39,S1,H5,processor,17,252.54351009999934,24.0,0.0,53.24,0,0,24.0,1.0,0.0,0,0.3
39,S1,H7,loader,17,561.6879478,24.0,0.0,54.68,0,0,24.0,1.0,0.0,0,0.3
39,S1,H8,loader,17,561.6879478,24.0,0.0,54.92,0,0,24.0,1.0,0.0,0,0.3
40,S1,H3,grapple_skidder,17,567.1587449999993,24.0,0.0,53.48,0,0,24.0,1.0,0.0,0,0.0
40,S1,H4,processor,17,111.84039860000011,24.0,0.0,53.72,1,0,24.0,1.0,0.0,0,0.0
40,S1,H7,loader,17,937.184825,24.0,0.0,53.24,0,0,24.0,1.0,0.0,0,0.0
40,S1,H8,loader,17,197.86011779999922,24.0,0.0,53.24,1,0,24.0,1.0,0.0,0,0.0
41,S1,H3,grapple_skidder,17,417.7411349394616,24.0,0.0,54.2,1,0,24.0,1.0,0.0,0,0.0
41,S1,H4,processor,17,531.895933,24.0,0.0,53.48,0,0,24.0,1.0,0.0,0,0.0
41,S1,H5,processor,17,45.780229999999165,24.0,0.0,53.24,0,0,24.0,1.0,0.0,0,0.0
41,S1,H7,loader,17,379.20272159999996,24.0,0.0,53.72,1,0,24.0,1.0,0.0,0,0.0
41,S1,H8,loader,17,0.0,24.0,0.0,53.72,1,0,24.0,1.0,0.0,0,0.0
42,S1,H3,grapple_skidder,17,1045.106301,24.0,0.0,53.24,0,0,24.0,1.0,0.0,0,0.0
42,S1,H4,processor,17,417.7411349394616,24.0,0.0,54.2,1,0,24.0,1.0,0.0,0,0.0
42,S1,H5,processor,17,0.0,24.0,0.0,54.2,1,0,24.0,1.0,0.0,0,0.0
42,S1,H7,loader,17,802.411354,24.0,0.0,53.48,0,0,24.0,1.0,0.0,0,0.0
42,S1,H8,loader,17,228.63629351323567,19.614488161470486,4.3855118385295135,53.48,0,0,24.0,0.8172703400612703,4.385511838529514,1,0.0
1,S1,H1,feller_buncher,18,1176.844281,24.0,0.0,0.0,0,0,24.0,1.0,0.0,0,0.0
1,S1,H2,feller_buncher,18,1299.478592,24.0,0.0,0.0,0,0,24.0,1.0,0.0,0,0.0
2,S1,H1,feller_buncher,18,1019.3679631373363,21.01700129958047,2.982998700419529,54.2,0,0,24.0,0.8757083874825197,2.9829987004195306,1,0.0
2,S1,H2,feller_buncher,18,1299.478592,24.0,0.0,0.0,0,0,24.0,1.0,0.0,0,0.0
2,S1,H3,grapple_skidder,18,1164.728216,24.0,0.0,0.0,0,0,24.0,1.0,0.0,0,0.0
3,S1,H1,feller_buncher,18,424.9844095135194,24.0,0.0,53.24,0,0,24.0,1.0,0.0,0,0.0
3,S1,H2,feller_buncher,18,1299.478592,24.0,0.0,0.0,0,0,24.0,1.0,0.0,0,0.0
3,S1,H3,grapple_skidder,18,778.104169,24.0,0.0,54.2,0,0,24.0,1.0,0.0,0,0.0
3,S1,H4,processor,18,517.165642,24.0,0.0,0.0,0,0,24.0,1.0,0.0,0,0.0
3,S1,H5,processor,18,517.165642,24.0,0.0,0.0,0,0,24.0,1.0,0.0,0,0.0
4,S1,H1,feller_buncher,18,961.553907,24.0,0.0,53.24,0,0,24.0,1.0,0.0,0,0.0
4,S1,H2,feller_buncher,18,1299.478592,24.0,0.0,0.0,0,0,24.0,1.0,0.0,0,0.0
4,S1,H3,grapple_skidder,18,424.9844095135194,24.0,0.0,53.24,1,0,24.0,1.0,0.0,0,0.0
4,S1,H4,processor,18,469.046841,24.0,0.0,54.2,0,0,24.0,1.0,0.0,0,0.0
4,S1,H7,loader,18,687.364703,24.0,0.0,0.0,0,0,24.0,1.0,0.0,0,0.0
5,S1,H1,feller_buncher,18,356.0085949999998,24.0,0.0,53.24,0,0,24.0,1.0,0.0,0,0.0
5,S1,H2,feller_buncher,18,1194.708925,24.0,0.0,55.64,0,0,24.0,1.0,0.0,0,0.0
5,S1,H3,grapple_skidder,18,739.620424,24.0,0.0,53.24,0,0,24.0,1.0,0.0,0,0.0
5,S1,H4,processor,18,409.650504,24.0,0.0,53.24,0,0,24.0,1.0,0.0,0,0.0
6,S1,H1,feller_buncher,18,1220.906942,24.0,0.0,55.4,0,0,24.0,1.0,0.0,0,0.0
6,S1,H2,feller_buncher,18,1164.04956,24.0,0.0,54.92,0,0,24.0,1.0,0.0,0,0.0
6,S1,H3,grapple_skidder,18,678.968019,24.0,0.0,53.24,0,0,24.0,1.0,0.0,0,0.0
6,S1,H4,processor,18,481.329283,24.0,0.0,53.24,0,0,24.0,1.0,0.0,0,0.0
7,S1,H1,feller_buncher,18,823.7909966999999,24.0,0.0,53.48,0,0,24.0,1.0,0.0,0,0.3
7,S1,H2,feller_buncher,18,854.6348594,24.0,0.0,54.68,0,0,24.0,1.0,0.0,0,0.3
7,S1,H3,grapple_skidder,18,544.6729182999999,24.0,0.0,53.72,0,0,24.0,1.0,0.0,0,0.3
7,S1,H4,processor,18,383.06593499999997,24.0,0.0,53.24,0,0,24.0,1.0,0.0,0,0.3
7,S1,H7,loader,18,316.3712468,24.0,0.0,54.68,0,0,24.0,1.0,0.0,0,0.3
8,S1,H1,feller_buncher,18,674.603847,24.0,0.0,53.24,0,0,24.0,1.0,0.0,0,0.0
8,S1,H2,feller_buncher,18,1031.0996304376258,20.268859385765555,3.7311406142344445,0.0,0,0,24.0,0.8445358077402315,3.731140614234445,1,0.0
8,S1,H3,grapple_skidder,18,678.968019,24.0,0.0,53.72,0,0,24.0,1.0,0.0,0,0.0
8,S1,H4,processor,18,469.046841,24.0,0.0,53.72,0,0,24.0,1.0,0.0,0,0.0
8,S1,H5,processor,18,384.6834052999999,24.0,0.0,54.2,1,0,24.0,1.0,0.0,0,0.0
8,S1,H7,loader,18,383.06593499999997,24.0,0.0,53.24,1,0,24.0,1.0,0.0,0,0.0
9,S1,H1,feller_buncher,18,1194.708925,24.0,0.0,53.96,0,0,24.0,1.0,0.0,0,0.0
9,S1,H2,feller_buncher,18,961.553907,24.0,0.0,55.16,0,0,24.0,1.0,0.0,0,0.0
9,S1,H3,grapple_skidder,18,1011.8914642003434,18.22722664090568,5.7727733590943195,55.4,0,0,24.0,0.7594677767044034,5.772773359094319,1,0.0
9,S1,H4,processor,18,547.23705,24.0,0.0,53.72,0,0,24.0,1.0,0.0,0,0.0
9,S1,H7,loader,18,474.741639,24.0,0.0,53.72,0,0,24.0,1.0,0.0,0,0.0
9,S1,H8,loader,18,474.741639,24.0,0.0,0.0,0,0,24.0,1.0,0.0,0,0.0
10,S1,H1,feller_buncher,18,673.0877349,24.0,0.0,55.4,0,0,24.0,1.0,0.0,0,0.3
10,S1,H2,feller_buncher,18,602.0092694,24.0,0.0,53.72,0,0,24.0,1.0,0.0,0,0.3
10,S1,H3,grapple_skidder,18,1036.4489751,24.0,0.0,53.24,0,0,24.0,1.0,0.0,0,0.3
10,S1,H4,processor,18,372.3271531,24.0,0.0,55.4,0,0,24.0,1.0,0.0,0,0.3
10,S1,H5,processor,18,372.3271531,24.0,0.0,54.68,0,0,24.0,1.0,0.0,0,0.3
10,S1,H7,loader,18,340.1002318,24.0,0.0,53.72,0,0,24.0,1.0,0.0,0,0.3
11,S1,H1,feller_buncher,18,860.013242,24.0,0.0,53.72,0,0,24.0,1.0,0.0,0,0.0
11,S1,H2,feller_buncher,18,1220.906942,24.0,0.0,54.44,0,0,24.0,1.0,0.0,0,0.0
11,S1,H3,grapple_skidder,18,835.9070616999999,24.0,0.0,53.72,1,0,24.0,1.0,0.0,0,0.0
11,S1,H4,processor,18,569.826226,24.0,0.0,53.24,0,0,24.0,1.0,0.0,0,0.0
11,S1,H5,processor,18,466.6227491000001,24.0,0.0,53.24,1,0,24.0,1.0,0.0,0,0.0
11,S1,H7,loader,18,744.6543062,24.0,0.0,55.4,1,0,24.0,1.0,0.0,0,0.0
12,S1,H1,feller_buncher,18,825.2988939344316,19.552835546665115,4.447164453334885,54.44,0,0,24.0,0.8147014811110465,4.447164453334885,1,0.0
12,S1,H2,feller_buncher,18,888.796776,24.0,0.0,54.92,0,0,24.0,1.0,0.0,0,0.0
12,S1,H3,grapple_skidder,18,678.968019,24.0,0.0,54.92,0,0,24.0,1.0,0.0,0,0.0
12,S1,H4,processor,18,411.8999020683,19.11495437208336,4.885045627916639,53.72,0,0,24.0,0.7964564321701401,4.8850456279166385,1,0.0
12,S1,H5,processor,18,517.165642,24.0,0.0,53.72,0,0,24.0,1.0,0.0,0,0.0
12,S1,H7,loader,18,937.184825,24.0,0.0,53.24,0,0,24.0,1.0,0.0,0,0.0
13,S1,H1,feller_buncher,18,413.7565330000002,24.0,0.0,55.16,0,0,24.0,1.0,0.0,0,0.0
13,S1,H2,feller_buncher,18,546.2027085868349,19.271851619398348,4.728148380601652,53.96,0,0,24.0,0.8029938174749311,4.728148380601654,1,0.0
13,S1,H3,grapple_skidder,18,1332.369187,24.0,0.0,55.4,0,0,24.0,1.0,0.0,0,0.0
13,S1,H4,processor,18,547.23705,24.0,0.0,54.92,0,0,24.0,1.0,0.0,0,0.0
13,S1,H7,loader,18,687.364703,24.0,0.0,53.72,0,0,24.0,1.0,0.0,0,0.0
13,S1,H8,loader,18,588.6674220683001,24.0,0.0,54.2,1,0,24.0,1.0,0.0,0,0.0
14,S1,H1,feller_buncher,18,1164.04956,24.0,0.0,53.48,0,0,24.0,1.0,0.0,0,0.0
14,S1,H2,feller_buncher,18,1176.844281,24.0,0.0,53.48,0,0,24.0,1.0,0.0,0,0.0
14,S1,H3,grapple_skidder,18,678.968019,24.0,0.0,55.4,0,0,24.0,1.0,0.0,0,0.0
14,S1,H4,processor,18,531.895933,24.0,0.0,55.4,0,0,24.0,1.0,0.0,0,0.0
14,S1,H5,processor,18,531.895933,24.0,0.0,53.48,0,0,24.0,1.0,0.0,0,0.0
14,S1,H6,processor,18,531.895933,24.0,0.0,0.0,0,0,24.0,1.0,0.0,0,0.0
14,S1,H7,loader,18,485.857474,24.0,0.0,54.92,0,0,24.0,1.0,0.0,0,0.0
15,S1,H1,feller_buncher,18,787.363583,24.0,0.0,54.44,0,0,24.0,1.0,0.0,0,0.0
15,S1,H2,feller_buncher,18,1176.844281,24.0,0.0,0.0,0,0,24.0,1.0,0.0,0,0.0
15,S1,H3,grapple_skidder,18,739.620424,24.0,0.0,53.24,0,0,24.0,1.0,0.0,0,0.0
15,S1,H4,processor,18,547.23705,24.0,0.0,55.4,0,0,24.0,1.0,0.0,0,0.0
15,S1,H7,loader,18,802.411354,24.0,0.0,55.4,0,0,24.0,1.0,0.0,0,0.0
15,S1,H8,loader,18,793.2764450000001,24.0,0.0,53.48,1,0,24.0,1.0,0.0,0,0.0
16,S1,H1,feller_buncher,18,1194.708925,24.0,0.0,53.48,0,0,24.0,1.0,0.0,0,0.0
16,S1,H2,feller_buncher,18,111.30773800000088,24.0,0.0,0.0,0,0,24.0,1.0,0.0,0,0.0
16,S1,H3,grapple_skidder,18,674.603847,24.0,0.0,54.44,0,0,24.0,1.0,0.0,0,0.0
16,S1,H4,processor,18,481.329283,24.0,0.0,53.24,0,0,24.0,1.0,0.0,0,0.0
16,S1,H5,processor,18,481.329283,24.0,0.0,55.16,0,0,24.0,1.0,0.0,0,0.0
16,S1,H7,loader,18,485.857474,24.0,0.0,55.4,0,0,24.0,1.0,0.0,0,0.0
17,S1,H1,feller_buncher,18,1194.708925,24.0,0.0,0.0,0,0,24.0,1.0,0.0,0,0.0
17,S1,H2,feller_buncher,18,1164.04956,24.0,0.0,54.2,0,0,24.0,1.0,0.0,0,0.0
17,S1,H3,grapple_skidder,18,876.4716442176508,18.060281507959637,5.939718492040363,53.24,0,0,24.0,0.7525117294983182,5.939718492040362,1,0.0
17,S1,H4,processor,18,456.082335,24.0,0.0,54.44,0,0,24.0,1.0,0.0,0,0.0
17,S1,H5,processor,18,218.52151199999997,24.0,0.0,54.44,0,0,24.0,1.0,0.0,0,0.0
17,S1,H7,loader,18,451.958924,24.0,0.0,53.24,0,0,24.0,1.0,0.0,0,0.0
17,S1,H8,loader,18,451.958924,24.0,0.0,55.16,0,0,24.0,1.0,0.0,0,0.0
18,S1,H1,feller_buncher,18,140.55055100000027,24.0,0.0,0.0,0,0,24.0,1.0,0.0,0,0.0
18,S1,H2,feller_buncher,18,1164.04956,24.0,0.0,0.0,0,0,24.0,1.0,0.0,0,0.0
18,S1,H3,grapple_skidder,18,739.620424,24.0,0.0,54.68,0,0,24.0,1.0,0.0,0,0.0
18,S1,H4,processor,18,517.165642,24.0,0.0,53.24,0,0,24.0,1.0,0.0,0,0.0
18,S1,H5,processor,18,396.5444518493505,24.0,0.0,53.24,1,0,24.0,1.0,0.0,0,0.0
18,S1,H7,loader,18,294.5207601184863,24.0,0.0,54.44,0,0,24.0,1.0,0.0,0,0.0
19,S1,H1,feller_buncher,18,502.7667789999996,24.0,0.0,54.92,0,0,24.0,1.0,0.0,0,0.0
19,S1,H2,feller_buncher,18,256.1621419999998,24.0,0.0,53.24,0,0,24.0,1.0,0.0,0,0.0
19,S1,H3,grapple_skidder,18,1164.728216,24.0,0.0,54.68,0,0,24.0,1.0,0.0,0,0.0
19,S1,H4,processor,18,440.9982849970814,21.98901918861636,2.0109808113836394,54.68,0,0,24.0,0.9162091328590151,2.01098081138364,1,0.0
19,S1,H7,loader,18,687.364703,24.0,0.0,53.24,0,0,24.0,1.0,0.0,0,0.0
20,S1,H1,feller_buncher,18,59.00278800000001,24.0,0.0,53.24,0,0,24.0,1.0,0.0,0,0.0
20,S1,H2,feller_buncher,18,486.3476200000001,24.0,0.0,54.68,0,0,24.0,1.0,0.0,0,0.0
20,S1,H3,grapple_skidder,18,678.968019,24.0,0.0,54.92,0,0,24.0,1.0,0.0,0,0.0
20,S1,H4,processor,18,347.158974344529,20.805162547754346,3.194837452245654,54.68,0,0,24.0,0.8668817728230978,3.1948374522456553,1,0.0
20,S1,H5,processor,18,400.4686512371425,24.0,0.0,0.0,0,0,24.0,1.0,0.0,0,0.0
20,S1,H6,processor,18,400.4686512371425,24.0,0.0,53.48,0,0,24.0,1.0,0.0,0,0.0
20,S1,H7,loader,18,451.958924,24.0,0.0,54.68,0,0,24.0,1.0,0.0,0,0.0
21,S1,H1,feller_buncher,18,576.960683,24.0,0.0,53.24,0,0,24.0,1.0,0.0,0,0.0
21,S1,H2,feller_buncher,18,364.89843800000006,24.0,0.0,53.72,0,0,24.0,1.0,0.0,0,0.0
21,S1,H3,grapple_skidder,18,1273.711203,24.0,0.0,55.16,0,0,24.0,1.0,0.0,0,0.0
21,S1,H4,processor,18,547.23705,24.0,0.0,54.92,0,0,24.0,1.0,0.0,0,0.0
21,S1,H5,processor,18,547.23705,24.0,0.0,54.92,0,0,24.0,1.0,0.0,0,0.0
21,S1,H7,loader,18,687.364703,24.0,0.0,54.68,0,0,24.0,1.0,0.0,0,0.0
21,S1,H8,loader,18,687.0769646681645,24.0,0.0,54.68,1,0,24.0,1.0,0.0,0,0.0
22,S1,H3,grapple_skidder,18,778.104169,24.0,0.0,54.44,0,0,24.0,1.0,0.0,0,0.0
22,S1,H4,processor,18,163.3452926821407,21.649290526005842,2.350709473994158,55.16,0,0,24.0,0.90205377191691,2.3507094739941587,1,0.0
22,S1,H5,processor,18,181.0815472064638,24.0,0.0,55.16,0,0,24.0,1.0,0.0,0,0.0
22,S1,H6,processor,18,160.52883063634243,24.0,0.0,53.24,0,0,24.0,1.0,0.0,0,0.0
22,S1,H7,loader,18,485.857474,24.0,0.0,54.92,0,0,24.0,1.0,0.0,0,0.0
22,S1,H8,loader,18,439.79402709360875,21.724594588096444,2.275405411903556,54.92,0,0,24.0,0.9051914411706852,2.275405411903556,1,0.0
23,S1,H3,grapple_skidder,18,678.968019,24.0,0.0,53.72,0,0,24.0,1.0,0.0,0,0.0
23,S1,H4,processor,18,340.51190176016695,24.0,0.0,54.44,0,0,24.0,1.0,0.0,0,0.0
23,S1,H7,loader,18,504.9556705249469,24.0,0.0,55.16,1,0,24.0,1.0,0.0,0,0.0
23,S1,H8,loader,18,0.0,24.0,0.0,55.16,1,0,24.0,1.0,0.0,0,0.0
24,S1,H3,grapple_skidder,18,1480.641393,24.0,0.0,55.64,0,0,24.0,1.0,0.0,0,0.0
24,S1,H4,processor,18,547.23705,24.0,0.0,53.72,0,0,24.0,1.0,0.0,0,0.0
24,S1,H7,loader,18,474.741639,24.0,0.0,54.44,0,0,24.0,1.0,0.0,0,0.0
25,S1,H3,grapple_skidder,18,932.6584309,24.0,0.0,53.24,0,0,24.0,1.0,0.0,0,0.3
25,S1,H4,processor,18,398.8783582,24.0,0.0,55.64,0,0,24.0,1.0,0.0,0,0.3
25,S1,H5,processor,18,398.8783582,24.0,0.0,53.48,0,0,24.0,1.0,0.0,0,0.3
25,S1,H6,processor,18,398.8783582,24.0,0.0,53.48,0,0,24.0,1.0,0.0,0,0.3
25,S1,H7,loader,18,340.1002318,24.0,0.0,53.72,0,0,24.0,1.0,0.0,0,0.3
26,S1,H3,grapple_skidder,18,678.968019,24.0,0.0,55.4,0,0,24.0,1.0,0.0,0,0.0
26,S1,H4,processor,18,531.895933,24.0,0.0,53.24,0,0,24.0,1.0,0.0,0,0.0
26,S1,H5,processor,18,404.6810439003434,24.0,0.0,53.24,1,0,24.0,1.0,0.0,0,0.0
26,S1,H7,loader,18,937.184825,24.0,0.0,55.64,0,0,24.0,1.0,0.0,0,0.0
26,S1,H8,loader,18,358.71439969999983,24.0,0.0,53.48,1,0,24.0,1.0,0.0,0,0.0
27,S1,H3,grapple_skidder,18,739.620424,24.0,0.0,53.24,0,0,24.0,1.0,0.0,0,0.0
27,S1,H4,processor,18,547.23705,24.0,0.0,55.4,0,0,24.0,1.0,0.0,0,0.0
27,S1,H7,loader,18,802.411354,24.0,0.0,53.24,0,0,24.0,1.0,0.0,0,0.0
28,S1,H3,grapple_skidder,18,1480.641393,24.0,0.0,55.4,0,0,24.0,1.0,0.0,0,0.0
28,S1,H4,processor,18,419.77456145802324,20.93076368053127,3.069236319468729,53.24,0,0,24.0,0.8721151533554696,3.069236319468729,1,0.0
28,S1,H5,processor,18,481.329283,24.0,0.0,55.16,0,0,24.0,1.0,0.0,0,0.0
28,S1,H7,loader,18,485.857474,24.0,0.0,55.4,0,0,24.0,1.0,0.0,0,0.0
28,S1,H8,loader,18,485.857474,24.0,0.0,55.64,0,0,24.0,1.0,0.0,0,0.0
29,S1,H3,grapple_skidder,18,778.104169,24.0,0.0,54.92,0,0,24.0,1.0,0.0,0,0.0
29,S1,H4,processor,18,569.826226,24.0,0.0,55.4,0,0,24.0,1.0,0.0,0,0.0
29,S1,H5,processor,18,569.826226,24.0,0.0,55.4,0,0,24.0,1.0,0.0,0,0.0
29,S1,H7,loader,18,451.958924,24.0,0.0,53.24,0,0,24.0,1.0,0.0,0,0.0
29,S1,H8,loader,18,451.958924,24.0,0.0,53.24,0,0,24.0,1.0,0.0,0,0.0
30,S1,H3,grapple_skidder,18,678.968019,24.0,0.0,53.72,0,0,24.0,1.0,0.0,0,0.0
30,S1,H4,processor,18,469.046841,24.0,0.0,54.92,0,0,24.0,1.0,0.0,0,0.0
30,S1,H5,processor,18,469.046841,24.0,0.0,54.92,0,0,24.0,1.0,0.0,0,0.0
30,S1,H7,loader,18,937.184825,24.0,0.0,55.4,0,0,24.0,1.0,0.0,0,0.0
31,S1,H3,grapple_skidder,18,923.199854,24.0,0.0,53.96,0,0,24.0,1.0,0.0,0,0.0
31,S1,H4,processor,18,547.23705,24.0,0.0,53.72,0,0,24.0,1.0,0.0,0,0.0
31,S1,H7,loader,18,474.741639,24.0,0.0,54.92,0,0,24.0,1.0,0.0,0,0.0
31,S1,H8,loader,18,474.741639,24.0,0.0,53.48,0,0,24.0,1.0,0.0,0,0.0
32,S1,H3,grapple_skidder,18,778.104169,24.0,0.0,53.24,0,0,24.0,1.0,0.0,0,0.0
32,S1,H4,processor,18,395.784917,24.0,0.0,53.96,0,0,24.0,1.0,0.0,0,0.0
32,S1,H5,processor,18,395.784917,24.0,0.0,53.24,0,0,24.0,1.0,0.0,0,0.0
32,S1,H7,loader,18,414.85007597172586,20.492433184883804,3.5075668151161956,53.72,0,0,24.0,0.8538513827034918,3.5075668151161965,1,0.0
33,S1,H3,grapple_skidder,18,51.47038590000034,24.0,0.0,53.48,1,0,24.0,1.0,0.0,0,0.0
33,S1,H4,processor,18,469.046841,24.0,0.0,53.24,0,0,24.0,1.0,0.0,0,0.0
33,S1,H5,processor,18,469.046841,24.0,0.0,53.24,0,0,24.0,1.0,0.0,0,0.0
33,S1,H7,loader,18,456.725789,24.0,0.0,53.96,0,0,24.0,1.0,0.0,0,0.0
34,S1,H3,grapple_skidder,18,122.17881099999954,24.0,0.0,53.24,0,0,24.0,1.0,0.0,0,0.0
34,S1,H4,processor,18,223.86210344489547,24.0,0.0,53.48,1,0,24.0,1.0,0.0,0,0.0
34,S1,H7,loader,18,474.741639,24.0,0.0,53.24,0,0,24.0,1.0,0.0,0,0.0
34,S1,H8,loader,18,474.741639,24.0,0.0,0.0,0,0,24.0,1.0,0.0,0,0.0
35,S1,H3,grapple_skidder,18,809.624168,24.0,0.0,53.48,0,0,24.0,1.0,0.0,0,0.0
35,S1,H4,processor,18,547.23705,24.0,0.0,53.24,0,0,24.0,1.0,0.0,0,0.0
35,S1,H5,processor,18,81.55246300000022,24.0,0.0,53.72,0,0,24.0,1.0,0.0,0,0.0
35,S1,H7,loader,18,433.78621509999977,24.0,0.0,53.48,1,0,24.0,1.0,0.0,0,0.0
35,S1,H8,loader,18,0.0,24.0,0.0,53.48,1,0,24.0,1.0,0.0,0,0.0
36,S1,H3,grapple_skidder,18,778.104169,24.0,0.0,53.24,0,0,24.0,1.0,0.0,0,0.0
36,S1,H4,processor,18,409.650504,24.0,0.0,53.48,0,0,24.0,1.0,0.0,0,0.0
36,S1,H5,processor,18,409.650504,24.0,0.0,53.48,0,0,24.0,1.0,0.0,0,0.0
36,S1,H7,loader,18,485.857474,24.0,0.0,53.24,0,0,24.0,1.0,0.0,0,0.0
36,S1,H8,loader,18,209.49074899999937,24.0,0.0,53.24,0,0,24.0,1.0,0.0,0,0.0
37,S1,H3,grapple_skidder,18,1332.369187,24.0,0.0,54.68,0,0,24.0,1.0,0.0,0,0.0
37,S1,H4,processor,18,469.046841,24.0,0.0,53.24,0,0,24.0,1.0,0.0,0,0.0
37,S1,H7,loader,18,424.433991,24.0,0.0,53.48,0,0,24.0,1.0,0.0,0,0.0
37,S1,H8,loader,18,424.433991,24.0,0.0,53.48,0,0,24.0,1.0,0.0,0,0.0
38,S1,H3,grapple_skidder,18,334.2234503999998,24.0,0.0,53.24,0,0,24.0,1.0,0.0,0,0.3
38,S1,H4,processor,18,372.3271531,24.0,0.0,54.68,0,0,24.0,1.0,0.0,0,0.3
38,S1,H5,processor,18,372.3271531,24.0,0.0,54.92,0,0,24.0,1.0,0.0,0,0.3
38,S1,H6,processor,18,325.5640761022316,20.98567821712157,3.0143217828784294,53.24,0,0,24.0,0.8744032590467321,3.0143217828784286,1,0.3
38,S1,H7,loader,18,332.3191473,24.0,0.0,53.24,0,0,24.0,1.0,0.0,0,0.3
39,S1,H3,grapple_skidder,18,159.77199800000017,24.0,0.0,53.72,0,0,24.0,1.0,0.0,0,0.0
39,S1,H4,processor,18,569.826226,24.0,0.0,53.24,0,0,24.0,1.0,0.0,0,0.0
39,S1,H5,processor,18,360.77644299999906,24.0,0.0,53.24,0,0,24.0,1.0,0.0,0,0.0
39,S1,H7,loader,18,802.411354,24.0,0.0,54.68,0,0,24.0,1.0,0.0,0,0.0
39,S1,H8,loader,18,401.97265120257487,24.0,0.0,54.92,1,0,24.0,1.0,0.0,0,0.0
40,S1,H3,grapple_skidder,18,543.5589986717143,24.0,0.0,53.48,1,0,24.0,1.0,0.0,0,0.0
40,S1,H4,processor,18,164.19408399999952,24.0,0.0,53.72,0,0,24.0,1.0,0.0,0,0.0
40,S1,H7,loader,18,510.51923178920174,24.0,0.0,53.24,0,0,24.0,1.0,0.0,0,0.0
40,S1,H8,loader,18,127.1754535903771,24.0,0.0,53.24,0,0,24.0,1.0,0.0,0,0.0
41,S1,H3,grapple_skidder,18,576.960683,24.0,0.0,54.2,0,0,24.0,1.0,0.0,0,0.0
41,S1,H4,processor,18,531.895933,24.0,0.0,53.48,0,0,24.0,1.0,0.0,0,0.0
41,S1,H5,processor,18,45.780229999999165,24.0,0.0,53.24,0,0,24.0,1.0,0.0,0,0.0
41,S1,H7,loader,18,164.19408399999952,24.0,0.0,53.72,1,0,24.0,1.0,0.0,0,0.0
41,S1,H8,loader,18,0.0,24.0,0.0,53.72,1,0,24.0,1.0,0.0,0,0.0
42,S1,H3,grapple_skidder,18,911.101146586835,24.0,0.0,53.24,1,0,24.0,1.0,0.0,0,0.0
42,S1,H4,processor,18,428.751305,24.0,0.0,54.2,0,0,24.0,1.0,0.0,0,0.0
42,S1,H5,processor,18,148.20937800000002,24.0,0.0,54.2,0,0,24.0,1.0,0.0,0,0.0
42,S1,H7,loader,18,577.6761629999992,24.0,0.0,53.48,1,0,24.0,1.0,0.0,0,0.0
42,S1,H8,loader,18,0.0,24.0,0.0,53.48,1,0,24.0,1.0,0.0,0,0.0
1,S1,H1,feller_buncher,19,996.5021445043329,20.32218863126208,3.6778113687379204,0.0,0,0,24.0,0.84675785963592,3.677811368737922,1,0.0
1,S1,H2,feller_buncher,19,1299.478592,24.0,0.0,0.0,0,0,24.0,1.0,0.0,0,0.0
2,S1,H1,feller_buncher,19,1164.04956,24.0,0.0,54.2,0,0,24.0,1.0,0.0,0,0.0
2,S1,H2,feller_buncher,19,1299.478592,24.0,0.0,0.0,0,0,24.0,1.0,0.0,0,0.0
2,S1,H3,grapple_skidder,19,996.5021445043329,24.0,0.0,0.0,1,0,24.0,1.0,0.0,0,0.0
3,S1,H1,feller_buncher,19,888.796776,24.0,0.0,53.24,0,0,24.0,1.0,0.0,0,0.0
3,S1,H2,feller_buncher,19,1299.478592,24.0,0.0,0.0,0,0,24.0,1.0,0.0,0,0.0
3,S1,H3,grapple_skidder,19,778.104169,24.0,0.0,54.2,0,0,24.0,1.0,0.0,0,0.0
3,S1,H4,processor,19,517.165642,24.0,0.0,0.0,0,0,24.0,1.0,0.0,0,0.0
3,S1,H5,processor,19,479.3365025043329,24.0,0.0,0.0,1,0,24.0,1.0,0.0,0,0.0
4,S1,H1,feller_buncher,19,961.553907,24.0,0.0,53.24,0,0,24.0,1.0,0.0,0,0.0
4,S1,H2,feller_buncher,19,1299.478592,24.0,0.0,0.0,0,0,24.0,1.0,0.0,0,0.0
4,S1,H3,grapple_skidder,19,809.624168,24.0,0.0,53.24,0,0,24.0,1.0,0.0,0,0.0
4,S1,H4,processor,19,469.046841,24.0,0.0,54.2,0,0,24.0,1.0,0.0,0,0.0
4,S1,H7,loader,19,456.45568192102485,24.0,0.0,0.0,0,0,24.0,1.0,0.0,0,0.0
5,S1,H1,feller_buncher,19,356.0085949999998,24.0,0.0,53.24,0,0,24.0,1.0,0.0,0,0.0
5,S1,H2,feller_buncher,19,1194.708925,24.0,0.0,55.64,0,0,24.0,1.0,0.0,0,0.0
5,S1,H3,grapple_skidder,19,739.620424,24.0,0.0,53.24,0,0,24.0,1.0,0.0,0,0.0
5,S1,H4,processor,19,409.650504,24.0,0.0,53.24,0,0,24.0,1.0,0.0,0,0.0
6,S1,H1,feller_buncher,19,854.6348594,24.0,0.0,55.4,0,0,24.0,1.0,0.0,0,0.3
6,S1,H2,feller_buncher,19,814.8346919999999,24.0,0.0,54.92,0,0,24.0,1.0,0.0,0,0.3
6,S1,H3,grapple_skidder,19,475.2776133,24.0,0.0,53.24,0,0,24.0,1.0,0.0,0,0.3
6,S1,H4,processor,19,336.93049809999997,24.0,0.0,53.24,0,0,24.0,1.0,0.0,0,0.3
7,S1,H1,feller_buncher,19,1176.844281,24.0,0.0,53.48,0,0,24.0,1.0,0.0,0,0.0
7,S1,H2,feller_buncher,19,1220.906942,24.0,0.0,54.68,0,0,24.0,1.0,0.0,0,0.0
7,S1,H3,grapple_skidder,19,778.104169,24.0,0.0,53.72,0,0,24.0,1.0,0.0,0,0.0
7,S1,H4,processor,19,475.2776133,24.0,0.0,53.24,1,0,24.0,1.0,0.0,0,0.0
7,S1,H7,loader,19,336.93049809999997,24.0,0.0,54.68,1,0,24.0,1.0,0.0,0,0.0
8,S1,H1,feller_buncher,19,674.603847,24.0,0.0,53.24,0,0,24.0,1.0,0.0,0,0.0
8,S1,H2,feller_buncher,19,1220.906942,24.0,0.0,0.0,0,0,24.0,1.0,0.0,0,0.0
8,S1,H3,grapple_skidder,19,678.968019,24.0,0.0,53.72,0,0,24.0,1.0,0.0,0,0.0
8,S1,H4,processor,19,265.7980277465563,24.0,0.0,53.72,0,0,24.0,1.0,0.0,0,0.0
8,S1,H5,processor,19,265.7980277465563,24.0,0.0,54.2,0,0,24.0,1.0,0.0,0,0.0
8,S1,H7,loader,19,475.2776133,24.0,0.0,53.24,1,0,24.0,1.0,0.0,0,0.0
9,S1,H1,feller_buncher,19,836.2962474999999,24.0,0.0,53.96,0,0,24.0,1.0,0.0,0,0.3
9,S1,H2,feller_buncher,19,673.0877349,24.0,0.0,55.16,0,0,24.0,1.0,0.0,0,0.3
9,S1,H3,grapple_skidder,19,932.6584309,24.0,0.0,55.4,0,0,24.0,1.0,0.0,0,0.3
9,S1,H4,processor,19,383.06593499999997,24.0,0.0,53.72,0,0,24.0,1.0,0.0,0,0.3
9,S1,H7,loader,19,332.3191473,24.0,0.0,53.72,0,0,24.0,1.0,0.0,0,0.3
9,S1,H8,loader,19,332.3191473,24.0,0.0,0.0,0,0,24.0,1.0,0.0,0,0.3
10,S1,H1,feller_buncher,19,961.553907,24.0,0.0,55.4,0,0,24.0,1.0,0.0,0,0.0
10,S1,H2,feller_buncher,19,860.013242,24.0,0.0,53.72,0,0,24.0,1.0,0.0,0,0.0
10,S1,H3,grapple_skidder,19,1480.641393,24.0,0.0,53.24,0,0,24.0,1.0,0.0,0,0.0
10,S1,H4,processor,19,531.895933,24.0,0.0,55.4,0,0,24.0,1.0,0.0,0,0.0
10,S1,H5,processor,19,400.76249789999997,24.0,0.0,54.68,1,0,24.0,1.0,0.0,0,0.0
10,S1,H7,loader,19,383.06593499999997,24.0,0.0,53.72,1,0,24.0,1.0,0.0,0,0.0
11,S1,H1,feller_buncher,19,860.013242,24.0,0.0,53.72,0,0,24.0,1.0,0.0,0,0.0
11,S1,H2,feller_buncher,19,1220.906942,24.0,0.0,54.44,0,0,24.0,1.0,0.0,0,0.0
11,S1,H3,grapple_skidder,19,1164.728216,24.0,0.0,53.72,0,0,24.0,1.0,0.0,0,0.0
11,S1,H4,processor,19,569.826226,24.0,0.0,53.24,0,0,24.0,1.0,0.0,0,0.0
11,S1,H5,processor,19,569.826226,24.0,0.0,53.24,0,0,24.0,1.0,0.0,0,0.0
11,S1,H7,loader,19,802.411354,24.0,0.0,55.4,0,0,24.0,1.0,0.0,0,0.0
12,S1,H1,feller_buncher,19,1013.0077249999999,24.0,0.0,54.44,0,0,24.0,1.0,0.0,0,0.0
12,S1,H2,feller_buncher,19,888.796776,24.0,0.0,54.92,0,0,24.0,1.0,0.0,0,0.0
12,S1,H3,grapple_skidder,19,678.968019,24.0,0.0,54.92,0,0,24.0,1.0,0.0,0,0.0
12,S1,H4,processor,19,517.165642,24.0,0.0,53.72,0,0,24.0,1.0,0.0,0,0.0
12,S1,H5,processor,19,517.165642,24.0,0.0,53.72,0,0,24.0,1.0,0.0,0,0.0
12,S1,H7,loader,19,937.184825,24.0,0.0,53.24,0,0,24.0,1.0,0.0,0,0.0
13,S1,H1,feller_buncher,19,413.7565330000002,24.0,0.0,55.16,0,0,24.0,1.0,0.0,0,0.0
13,S1,H2,feller_buncher,19,680.207863,24.0,0.0,53.96,0,0,24.0,1.0,0.0,0,0.0
13,S1,H3,grapple_skidder,19,860.8825919550644,24.0,0.0,55.4,0,0,24.0,1.0,0.0,0,0.0
13,S1,H4,processor,19,547.23705,24.0,0.0,54.92,0,0,24.0,1.0,0.0,0,0.0
13,S1,H7,loader,19,687.364703,24.0,0.0,53.72,0,0,24.0,1.0,0.0,0,0.0
13,S1,H8,loader,19,687.364703,24.0,0.0,54.2,0,0,24.0,1.0,0.0,0,0.0
14,S1,H1,feller_buncher,19,983.074541850661,20.268715194923374,3.7312848050766263,53.48,0,0,24.0,0.8445297997884739,3.731284805076628,1,0.0
14,S1,H2,feller_buncher,19,819.124177804866,24.0,0.0,53.48,0,0,24.0,1.0,0.0,0,0.0
14,S1,H3,grapple_skidder,19,678.968019,24.0,0.0,55.4,0,0,24.0,1.0,0.0,0,0.0
14,S1,H4,processor,19,531.895933,24.0,0.0,55.4,0,0,24.0,1.0,0.0,0,0.0
14,S1,H5,processor,19,328.9866589550644,24.0,0.0,53.48,1,0,24.0,1.0,0.0,0,0.0
14,S1,H6,processor,19,0.0,24.0,0.0,0.0,1,0,24.0,1.0,0.0,0,0.0
14,S1,H7,loader,19,485.857474,24.0,0.0,54.92,0,0,24.0,1.0,0.0,0,0.0
15,S1,H1,feller_buncher,19,787.363583,24.0,0.0,54.44,0,0,24.0,1.0,0.0,0,0.0
15,S1,H2,feller_buncher,19,1176.844281,24.0,0.0,0.0,0,0,24.0,1.0,0.0,0,0.0
15,S1,H3,grapple_skidder,19,739.620424,24.0,0.0,53.24,0,0,24.0,1.0,0.0,0,0.0
15,S1,H4,processor,19,547.23705,24.0,0.0,55.4,0,0,24.0,1.0,0.0,0,0.0
15,S1,H7,loader,19,802.411354,24.0,0.0,55.4,0,0,24.0,1.0,0.0,0,0.0
15,S1,H8,loader,19,188.71831485506448,24.0,0.0,53.48,1,0,24.0,1.0,0.0,0,0.0
16,S1,H1,feller_buncher,19,1194.708925,24.0,0.0,53.48,0,0,24.0,1.0,0.0,0,0.0
16,S1,H2,feller_buncher,19,111.30773800000088,24.0,0.0,0.0,0,0,24.0,1.0,0.0,0,0.0
16,S1,H3,grapple_skidder,19,674.603847,24.0,0.0,54.44,0,0,24.0,1.0,0.0,0,0.0
16,S1,H4,processor,19,481.329283,24.0,0.0,53.24,0,0,24.0,1.0,0.0,0,0.0
16,S1,H5,processor,19,481.329283,24.0,0.0,55.16,0,0,24.0,1.0,0.0,0,0.0
16,S1,H7,loader,19,485.857474,24.0,0.0,55.4,0,0,24.0,1.0,0.0,0,0.0
17,S1,H1,feller_buncher,19,1194.708925,24.0,0.0,0.0,0,0,24.0,1.0,0.0,0,0.0
17,S1,H2,feller_buncher,19,1164.04956,24.0,0.0,54.2,0,0,24.0,1.0,0.0,0,0.0
17,S1,H3,grapple_skidder,19,1164.728216,24.0,0.0,53.24,0,0,24.0,1.0,0.0,0,0.0
17,S1,H4,processor,19,456.082335,24.0,0.0,54.44,0,0,24.0,1.0,0.0,0,0.0
17,S1,H5,processor,19,218.52151199999997,24.0,0.0,54.44,0,0,24.0,1.0,0.0,0,0.0
17,S1,H7,loader,19,451.958924,24.0,0.0,53.24,0,0,24.0,1.0,0.0,0,0.0
17,S1,H8,loader,19,451.958924,24.0,0.0,55.16,0,0,24.0,1.0,0.0,0,0.0
18,S1,H1,feller_buncher,19,140.55055100000027,24.0,0.0,0.0,0,0,24.0,1.0,0.0,0,0.0
18,S1,H2,feller_buncher,19,1164.04956,24.0,0.0,0.0,0,0,24.0,1.0,0.0,0,0.0
18,S1,H3,grapple_skidder,19,739.620424,24.0,0.0,54.68,0,0,24.0,1.0,0.0,0,0.0
18,S1,H4,processor,19,517.165642,24.0,0.0,53.24,0,0,24.0,1.0,0.0,0,0.0
18,S1,H5,processor,19,517.165642,24.0,0.0,53.24,0,0,24.0,1.0,0.0,0,0.0
18,S1,H7,loader,19,674.603847,24.0,0.0,54.44,0,0,24.0,1.0,0.0,0,0.0
19,S1,H1,feller_buncher,19,502.7667789999996,24.0,0.0,54.92,0,0,24.0,1.0,0.0,0,0.0
19,S1,H2,feller_buncher,19,256.1621419999998,24.0,0.0,53.24,0,0,24.0,1.0,0.0,0,0.0
19,S1,H3,grapple_skidder,19,954.6640458048669,20.136503473585787,3.863496526414213,54.68,1,0,24.0,0.8390209780660745,3.8634965264142123,1,0.0
19,S1,H4,processor,19,481.329283,24.0,0.0,54.68,0,0,24.0,1.0,0.0,0,0.0
19,S1,H7,loader,19,687.364703,24.0,0.0,53.24,0,0,24.0,1.0,0.0,0,0.0
20,S1,H1,feller_buncher,19,41.3019516,24.0,0.0,53.24,0,0,24.0,1.0,0.0,0,0.3
20,S1,H2,feller_buncher,19,340.44333400000005,24.0,0.0,54.68,0,0,24.0,1.0,0.0,0,0.3
20,S1,H3,grapple_skidder,19,475.2776133,24.0,0.0,54.92,0,0,24.0,1.0,0.0,0,0.3
20,S1,H4,processor,19,362.0159494,24.0,0.0,54.68,0,0,24.0,1.0,0.0,0,0.3
20,S1,H5,processor,19,362.0159494,24.0,0.0,0.0,0,0,24.0,1.0,0.0,0,0.3
20,S1,H6,processor,19,362.0159494,24.0,0.0,53.48,0,0,24.0,1.0,0.0,0,0.3
20,S1,H7,loader,19,316.3712468,24.0,0.0,54.68,0,0,24.0,1.0,0.0,0,0.3
21,S1,H1,feller_buncher,19,576.960683,24.0,0.0,53.24,0,0,24.0,1.0,0.0,0,0.0
21,S1,H2,feller_buncher,19,364.89843800000006,24.0,0.0,53.72,0,0,24.0,1.0,0.0,0,0.0
21,S1,H3,grapple_skidder,19,1127.8069169999999,24.0,0.0,55.16,1,0,24.0,1.0,0.0,0,0.0
21,S1,H4,processor,19,547.23705,24.0,0.0,54.92,0,0,24.0,1.0,0.0,0,0.0
21,S1,H5,processor,19,487.40458530000024,24.0,0.0,54.92,1,0,24.0,1.0,0.0,0,0.0
21,S1,H7,loader,19,687.364703,24.0,0.0,54.68,0,0,24.0,1.0,0.0,0,0.0
21,S1,H8,loader,19,687.3202410587809,23.99844756854025,0.0015524314597499256,54.68,0,0,24.0,0.9999353153558438,0.0015524314597499256,1,0.0
22,S1,H3,grapple_skidder,19,544.6729182999999,24.0,0.0,54.44,0,0,24.0,1.0,0.0,0,0.3
22,S1,H4,processor,19,308.8854237,24.0,0.0,55.16,0,0,24.0,1.0,0.0,0,0.3
22,S1,H5,processor,19,308.8854237,24.0,0.0,55.16,0,0,24.0,1.0,0.0,0,0.3
22,S1,H6,processor,19,248.3102682498941,21.763546156311296,2.236453843688704,53.24,0,0,24.0,0.9068144231796373,2.2364538436887034,1,0.3
22,S1,H7,loader,19,340.1002318,24.0,0.0,54.92,0,0,24.0,1.0,0.0,0,0.3
22,S1,H8,loader,19,340.1002318,24.0,0.0,54.92,0,0,24.0,1.0,0.0,0,0.3
23,S1,H3,grapple_skidder,19,678.968019,24.0,0.0,53.72,0,0,24.0,1.0,0.0,0,0.0
23,S1,H4,processor,19,469.046841,24.0,0.0,54.44,0,0,24.0,1.0,0.0,0,0.0
23,S1,H7,loader,19,733.483855,24.0,0.0,55.16,0,0,24.0,1.0,0.0,0,0.0
23,S1,H8,loader,19,132.5972606498941,24.0,0.0,55.16,1,0,24.0,1.0,0.0,0,0.0
24,S1,H3,grapple_skidder,19,1480.641393,24.0,0.0,55.64,0,0,24.0,1.0,0.0,0,0.0
24,S1,H4,processor,19,258.8515782270663,24.0,0.0,53.72,0,0,24.0,1.0,0.0,0,0.0
24,S1,H7,loader,19,474.741639,24.0,0.0,54.44,0,0,24.0,1.0,0.0,0,0.0
25,S1,H3,grapple_skidder,19,1332.369187,24.0,0.0,53.24,0,0,24.0,1.0,0.0,0,0.0
25,S1,H4,processor,19,569.826226,24.0,0.0,55.64,0,0,24.0,1.0,0.0,0,0.0
25,S1,H5,processor,19,569.826226,24.0,0.0,53.48,0,0,24.0,1.0,0.0,0,0.0
25,S1,H6,processor,19,569.826226,24.0,0.0,53.48,0,0,24.0,1.0,0.0,0,0.0
25,S1,H7,loader,19,485.857474,24.0,0.0,53.72,0,0,24.0,1.0,0.0,0,0.0
26,S1,H3,grapple_skidder,19,678.968019,24.0,0.0,55.4,0,0,24.0,1.0,0.0,0,0.0
26,S1,H4,processor,19,531.895933,24.0,0.0,53.24,0,0,24.0,1.0,0.0,0,0.0
26,S1,H5,processor,19,531.895933,24.0,0.0,53.24,0,0,24.0,1.0,0.0,0,0.0
26,S1,H7,loader,19,774.8477417620928,19.84277306484367,4.157226935156331,55.64,0,0,24.0,0.8267822110351529,4.157226935156332,1,0.0
26,S1,H8,loader,19,937.184825,24.0,0.0,53.48,0,0,24.0,1.0,0.0,0,0.0
27,S1,H3,grapple_skidder,19,739.620424,24.0,0.0,53.24,0,0,24.0,1.0,0.0,0,0.0
27,S1,H4,processor,19,547.23705,24.0,0.0,55.4,0,0,24.0,1.0,0.0,0,0.0
27,S1,H7,loader,19,802.411354,24.0,0.0,53.24,0,0,24.0,1.0,0.0,0,0.0
28,S1,H3,grapple_skidder,19,1480.641393,24.0,0.0,55.4,0,0,24.0,1.0,0.0,0,0.0
28,S1,H4,processor,19,481.329283,24.0,0.0,53.24,0,0,24.0,1.0,0.0,0,0.0
28,S1,H5,processor,19,481.329283,24.0,0.0,55.16,0,0,24.0,1.0,0.0,0,0.0
28,S1,H7,loader,19,485.857474,24.0,0.0,55.4,0,0,24.0,1.0,0.0,0,0.0
28,S1,H8,loader,19,311.5740039270661,24.0,0.0,55.64,1,0,24.0,1.0,0.0,0,0.0
29,S1,H3,grapple_skidder,19,715.1837921455061,22.0592713615086,1.9407286384914002,54.92,0,0,24.0,0.919136306729525,1.9407286384913989,1,0.0
29,S1,H4,processor,19,569.826226,24.0,0.0,55.4,0,0,24.0,1.0,0.0,0,0.0
29,S1,H5,processor,19,569.826226,24.0,0.0,55.4,0,0,24.0,1.0,0.0,0,0.0
29,S1,H7,loader,19,451.958924,24.0,0.0,53.24,0,0,24.0,1.0,0.0,0,0.0
29,S1,H8,loader,19,451.958924,24.0,0.0,53.24,0,0,24.0,1.0,0.0,0,0.0
30,S1,H3,grapple_skidder,19,678.968019,24.0,0.0,53.72,0,0,24.0,1.0,0.0,0,0.0
30,S1,H4,processor,19,469.046841,24.0,0.0,54.92,0,0,24.0,1.0,0.0,0,0.0
30,S1,H5,processor,19,469.046841,24.0,0.0,54.92,0,0,24.0,1.0,0.0,0,0.0
30,S1,H7,loader,19,937.184825,24.0,0.0,55.4,0,0,24.0,1.0,0.0,0,0.0
31,S1,H3,grapple_skidder,19,923.199854,24.0,0.0,53.96,0,0,24.0,1.0,0.0,0,0.0
31,S1,H4,processor,19,547.23705,24.0,0.0,53.72,0,0,24.0,1.0,0.0,0,0.0
31,S1,H7,loader,19,474.741639,24.0,0.0,54.92,0,0,24.0,1.0,0.0,0,0.0
31,S1,H8,loader,19,474.741639,24.0,0.0,53.48,0,0,24.0,1.0,0.0,0,0.0
32,S1,H3,grapple_skidder,19,778.104169,24.0,0.0,53.24,0,0,24.0,1.0,0.0,0,0.0
32,S1,H4,processor,19,395.784917,24.0,0.0,53.96,0,0,24.0,1.0,0.0,0,0.0
32,S1,H5,processor,19,395.784917,24.0,0.0,53.24,0,0,24.0,1.0,0.0,0,0.0
32,S1,H7,loader,19,485.857474,24.0,0.0,53.72,0,0,24.0,1.0,0.0,0,0.0
33,S1,H3,grapple_skidder,19,51.47038590000034,24.0,0.0,53.48,1,0,24.0,1.0,0.0,0,0.0
33,S1,H4,processor,19,469.046841,24.0,0.0,53.24,0,0,24.0,1.0,0.0,0,0.0
33,S1,H5,processor,19,469.046841,24.0,0.0,53.24,0,0,24.0,1.0,0.0,0,0.0
33,S1,H7,loader,19,456.725789,24.0,0.0,53.96,0,0,24.0,1.0,0.0,0,0.0
34,S1,H3,grapple_skidder,19,122.17881099999954,24.0,0.0,53.24,0,0,24.0,1.0,0.0,0,0.0
34,S1,H4,processor,19,266.37516880000004,24.0,0.0,53.48,1,0,24.0,1.0,0.0,0,0.0
34,S1,H7,loader,19,474.741639,24.0,0.0,53.24,0,0,24.0,1.0,0.0,0,0.0
34,S1,H8,loader,19,474.741639,24.0,0.0,0.0,0,0,24.0,1.0,0.0,0,0.0
35,S1,H3,grapple_skidder,19,566.7369176,24.0,0.0,53.48,0,0,24.0,1.0,0.0,0,0.3
35,S1,H4,processor,19,383.06593499999997,24.0,0.0,53.24,0,0,24.0,1.0,0.0,0,0.3
35,S1,H5,processor,19,57.08672410000015,24.0,0.0,53.72,0,0,24.0,1.0,0.0,0,0.3
35,S1,H7,loader,19,316.3712468,24.0,0.0,53.48,0,0,24.0,1.0,0.0,0,0.3
35,S1,H8,loader,19,94.2940501999995,24.0,0.0,53.48,0,0,24.0,1.0,0.0,0,0.3
36,S1,H3,grapple_skidder,19,778.104169,24.0,0.0,53.24,0,0,24.0,1.0,0.0,0,0.0
36,S1,H4,processor,19,345.2044247785824,20.22432808891644,3.7756719110835597,53.48,0,0,24.0,0.842680337038185,3.775671911083559,1,0.0
36,S1,H5,processor,19,409.650504,24.0,0.0,53.48,0,0,24.0,1.0,0.0,0,0.0
36,S1,H7,loader,19,485.857474,24.0,0.0,53.24,0,0,24.0,1.0,0.0,0,0.0
36,S1,H8,loader,19,15.674761100000012,24.0,0.0,53.24,1,0,24.0,1.0,0.0,0,0.0
37,S1,H3,grapple_skidder,19,932.6584309,24.0,0.0,54.68,0,0,24.0,1.0,0.0,0,0.3
37,S1,H4,processor,19,328.3327887,24.0,0.0,53.24,0,0,24.0,1.0,0.0,0,0.3
37,S1,H7,loader,19,297.1037937,24.0,0.0,53.48,0,0,24.0,1.0,0.0,0,0.3
37,S1,H8,loader,19,297.1037937,24.0,0.0,53.48,0,0,24.0,1.0,0.0,0,0.3
38,S1,H3,grapple_skidder,19,119.04939449999938,24.0,0.0,53.24,1,0,24.0,1.0,0.0,0,0.0
38,S1,H4,processor,19,531.895933,24.0,0.0,54.68,0,0,24.0,1.0,0.0,0,0.0
38,S1,H5,processor,19,531.895933,24.0,0.0,54.92,0,0,24.0,1.0,0.0,0,0.0
38,S1,H6,processor,19,137.44388589999994,24.0,0.0,53.24,1,0,24.0,1.0,0.0,0,0.0
38,S1,H7,loader,19,474.741639,24.0,0.0,53.24,0,0,24.0,1.0,0.0,0,0.0
39,S1,H3,grapple_skidder,19,0.0,24.0,0.0,53.72,1,0,24.0,1.0,0.0,0,0.0
39,S1,H4,processor,19,569.826226,24.0,0.0,53.24,0,0,24.0,1.0,0.0,0,0.0
39,S1,H5,processor,19,2.3637654999996585,24.0,0.0,53.24,1,0,24.0,1.0,0.0,0,0.0
39,S1,H7,loader,19,802.411354,24.0,0.0,54.68,0,0,24.0,1.0,0.0,0,0.0
39,S1,H8,loader,19,660.2049099,24.0,0.0,54.92,1,0,24.0,1.0,0.0,0,0.0
40,S1,H3,grapple_skidder,19,567.1587449999993,24.0,0.0,53.48,0,0,24.0,1.0,0.0,0,0.0
40,S1,H4,processor,19,129.41006160486666,24.0,0.0,53.72,1,0,24.0,1.0,0.0,0,0.0
40,S1,H7,loader,19,937.184825,24.0,0.0,53.24,0,0,24.0,1.0,0.0,0,0.0
40,S1,H8,loader,19,37.38653173790658,24.0,0.0,53.24,1,0,24.0,1.0,0.0,0,0.0
41,S1,H3,grapple_skidder,19,576.960683,24.0,0.0,54.2,0,0,24.0,1.0,0.0,0,0.0
41,S1,H4,processor,19,531.895933,24.0,0.0,53.48,0,0,24.0,1.0,0.0,0,0.0
41,S1,H5,processor,19,35.26281199999926,24.0,0.0,53.24,1,0,24.0,1.0,0.0,0,0.0
41,S1,H7,loader,19,387.3878873293943,24.0,0.0,53.72,1,0,24.0,1.0,0.0,0,0.0
41,S1,H8,loader,19,0.0,24.0,0.0,53.72,1,0,24.0,1.0,0.0,0,0.0
42,S1,H3,grapple_skidder,19,1045.106301,24.0,0.0,53.24,0,0,24.0,1.0,0.0,0,0.0
42,S1,H4,processor,19,428.751305,24.0,0.0,54.2,0,0,24.0,1.0,0.0,0,0.0
42,S1,H5,processor,19,148.20937800000002,24.0,0.0,54.2,0,0,24.0,1.0,0.0,0,0.0
42,S1,H7,loader,19,567.1587449999993,24.0,0.0,53.48,1,0,24.0,1.0,0.0,0,0.0
42,S1,H8,loader,19,0.0,24.0,0.0,53.48,1,0,24.0,1.0,0.0,0,0.0
1,S1,H1,feller_buncher,20,1176.844281,24.0,0.0,0.0,0,0,24.0,1.0,0.0,0,0.0
1,S1,H2,feller_buncher,20,1299.478592,24.0,0.0,0.0,0,0,24.0,1.0,0.0,0,0.0
2,S1,H1,feller_buncher,20,1164.04956,24.0,0.0,54.2,0,0,24.0,1.0,0.0,0,0.0
2,S1,H2,feller_buncher,20,1299.478592,24.0,0.0,0.0,0,0,24.0,1.0,0.0,0,0.0
2,S1,H3,grapple_skidder,20,1164.728216,24.0,0.0,0.0,0,0,24.0,1.0,0.0,0,0.0
3,S1,H1,feller_buncher,20,888.796776,24.0,0.0,53.24,0,0,24.0,1.0,0.0,0,0.0
3,S1,H2,feller_buncher,20,1299.478592,24.0,0.0,0.0,0,0,24.0,1.0,0.0,0,0.0
3,S1,H3,grapple_skidder,20,778.104169,24.0,0.0,54.2,0,0,24.0,1.0,0.0,0,0.0
3,S1,H4,processor,20,517.165642,24.0,0.0,0.0,0,0,24.0,1.0,0.0,0,0.0
3,S1,H5,processor,20,517.165642,24.0,0.0,0.0,0,0,24.0,1.0,0.0,0,0.0
4,S1,H1,feller_buncher,20,961.553907,24.0,0.0,53.24,0,0,24.0,1.0,0.0,0,0.0
4,S1,H2,feller_buncher,20,1299.478592,24.0,0.0,0.0,0,0,24.0,1.0,0.0,0,0.0
4,S1,H3,grapple_skidder,20,809.624168,24.0,0.0,53.24,0,0,24.0,1.0,0.0,0,0.0
4,S1,H4,processor,20,258.9278801754995,24.0,0.0,54.2,0,0,24.0,1.0,0.0,0,0.0
4,S1,H7,loader,20,687.364703,24.0,0.0,0.0,0,0,24.0,1.0,0.0,0,0.0
5,S1,H1,feller_buncher,20,356.0085949999998,24.0,0.0,53.24,0,0,24.0,1.0,0.0,0,0.0
5,S1,H2,feller_buncher,20,1194.708925,24.0,0.0,55.64,0,0,24.0,1.0,0.0,0,0.0
5,S1,H3,grapple_skidder,20,739.620424,24.0,0.0,53.24,0,0,24.0,1.0,0.0,0,0.0
5,S1,H4,processor,20,409.650504,24.0,0.0,53.24,0,0,24.0,1.0,0.0,0,0.0
6,S1,H1,feller_buncher,20,1220.906942,24.0,0.0,55.4,0,0,24.0,1.0,0.0,0,0.0
6,S1,H2,feller_buncher,20,1164.04956,24.0,0.0,54.92,0,0,24.0,1.0,0.0,0,0.0
6,S1,H3,grapple_skidder,20,678.968019,24.0,0.0,53.24,0,0,24.0,1.0,0.0,0,0.0
6,S1,H4,processor,20,379.529636952532,24.0,0.0,53.24,0,0,24.0,1.0,0.0,0,0.0
7,S1,H1,feller_buncher,20,1176.844281,24.0,0.0,53.48,0,0,24.0,1.0,0.0,0,0.0
7,S1,H2,feller_buncher,20,977.8774393571657,19.222643214827404,4.777356785172596,54.68,0,0,24.0,0.8009434672844752,4.777356785172596,1,0.0
7,S1,H3,grapple_skidder,20,778.104169,24.0,0.0,53.72,0,0,24.0,1.0,0.0,0,0.0
7,S1,H4,processor,20,547.23705,24.0,0.0,53.24,0,0,24.0,1.0,0.0,0,0.0
7,S1,H7,loader,20,379.529636952532,24.0,0.0,54.68,1,0,24.0,1.0,0.0,0,0.0
8,S1,H1,feller_buncher,20,674.603847,24.0,0.0,53.24,0,0,24.0,1.0,0.0,0,0.0
8,S1,H2,feller_buncher,20,1220.906942,24.0,0.0,0.0,0,0,24.0,1.0,0.0,0,0.0
8,S1,H3,grapple_skidder,20,678.968019,24.0,0.0,53.72,0,0,24.0,1.0,0.0,0,0.0
8,S1,H4,processor,20,469.046841,24.0,0.0,53.72,0,0,24.0,1.0,0.0,0,0.0
8,S1,H5,processor,20,469.046841,24.0,0.0,54.2,0,0,24.0,1.0,0.0,0,0.0
8,S1,H7,loader,20,485.857474,24.0,0.0,53.24,0,0,24.0,1.0,0.0,0,0.0
9,S1,H1,feller_buncher,20,836.2962474999999,24.0,0.0,53.96,0,0,24.0,1.0,0.0,0,0.3
9,S1,H2,feller_buncher,20,673.0877349,24.0,0.0,55.16,0,0,24.0,1.0,0.0,0,0.3
9,S1,H3,grapple_skidder,20,932.6584309,24.0,0.0,55.4,0,0,24.0,1.0,0.0,0,0.3
9,S1,H4,processor,20,383.06593499999997,24.0,0.0,53.72,0,0,24.0,1.0,0.0,0,0.3
9,S1,H7,loader,20,332.3191473,24.0,0.0,53.72,0,0,24.0,1.0,0.0,0,0.3
9,S1,H8,loader,20,332.3191473,24.0,0.0,0.0,0,0,24.0,1.0,0.0,0,0.3
10,S1,H1,feller_buncher,20,530.7944494816934,24.0,0.0,55.4,0,0,24.0,1.0,0.0,0,0.0
10,S1,H2,feller_buncher,20,736.1220095538159,20.542623492873595,3.457376507126405,53.72,0,0,24.0,0.8559426455363998,3.4573765071264067,1,0.0
10,S1,H3,grapple_skidder,20,1263.3075531536208,20.477194153173926,3.522805846826074,53.24,0,0,24.0,0.8532164230489135,3.522805846826076,1,0.0
10,S1,H4,processor,20,531.895933,24.0,0.0,55.4,0,0,24.0,1.0,0.0,0,0.0
10,S1,H5,processor,20,400.76249789999997,24.0,0.0,54.68,1,0,24.0,1.0,0.0,0,0.0
10,S1,H7,loader,20,232.5978316458833,24.0,0.0,53.72,0,0,24.0,1.0,0.0,0,0.0
11,S1,H1,feller_buncher,20,790.6283315758606,22.06370673280942,1.9362932671905817,53.72,0,0,24.0,0.9193211138670591,1.9362932671905817,1,0.0
11,S1,H2,feller_buncher,20,1220.906942,24.0,0.0,54.44,0,0,24.0,1.0,0.0,0,0.0
11,S1,H3,grapple_skidder,20,1164.728216,24.0,0.0,53.72,0,0,24.0,1.0,0.0,0,0.0
11,S1,H4,processor,20,569.826226,24.0,0.0,53.24,0,0,24.0,1.0,0.0,0,0.0
11,S1,H5,processor,20,569.826226,24.0,0.0,53.24,0,0,24.0,1.0,0.0,0,0.0
11,S1,H7,loader,20,802.411354,24.0,0.0,55.4,0,0,24.0,1.0,0.0,0,0.0
12,S1,H1,feller_buncher,20,1013.0077249999999,24.0,0.0,54.44,0,0,24.0,1.0,0.0,0,0.0
12,S1,H2,feller_buncher,20,888.796776,24.0,0.0,54.92,0,0,24.0,1.0,0.0,0,0.0
12,S1,H3,grapple_skidder,20,678.968019,24.0,0.0,54.92,0,0,24.0,1.0,0.0,0,0.0
12,S1,H4,processor,20,517.165642,24.0,0.0,53.72,0,0,24.0,1.0,0.0,0,0.0
12,S1,H5,processor,20,517.165642,24.0,0.0,53.72,0,0,24.0,1.0,0.0,0,0.0
12,S1,H7,loader,20,937.184825,24.0,0.0,53.24,0,0,24.0,1.0,0.0,0,0.0
13,S1,H1,feller_buncher,20,384.9180269963596,22.327218813757376,1.6727811862426236,55.16,0,0,24.0,0.9303007839065573,1.6727811862426223,1,0.0
13,S1,H2,feller_buncher,20,680.207863,24.0,0.0,53.96,0,0,24.0,1.0,0.0,0,0.0
13,S1,H3,grapple_skidder,20,1332.369187,24.0,0.0,55.4,0,0,24.0,1.0,0.0,0,0.0
13,S1,H4,processor,20,547.23705,24.0,0.0,54.92,0,0,24.0,1.0,0.0,0,0.0
13,S1,H7,loader,20,687.364703,24.0,0.0,53.72,0,0,24.0,1.0,0.0,0,0.0
13,S1,H8,loader,20,687.364703,24.0,0.0,54.2,0,0,24.0,1.0,0.0,0,0.0
14,S1,H1,feller_buncher,20,814.8346919999999,24.0,0.0,53.48,0,0,24.0,1.0,0.0,0,0.3
14,S1,H2,feller_buncher,20,823.7909966999999,24.0,0.0,53.48,0,0,24.0,1.0,0.0,0,0.3
14,S1,H3,grapple_skidder,20,475.2776133,24.0,0.0,55.4,0,0,24.0,1.0,0.0,0,0.3
14,S1,H4,processor,20,372.3271531,24.0,0.0,55.4,0,0,24.0,1.0,0.0,0,0.3
14,S1,H5,processor,20,372.3271531,24.0,0.0,53.48,0,0,24.0,1.0,0.0,0,0.3
14,S1,H6,processor,20,372.3271531,24.0,0.0,0.0,0,0,24.0,1.0,0.0,0,0.3
14,S1,H7,loader,20,340.1002318,24.0,0.0,54.92,0,0,24.0,1.0,0.0,0,0.3
15,S1,H1,feller_buncher,20,787.363583,24.0,0.0,54.44,0,0,24.0,1.0,0.0,0,0.0
15,S1,H2,feller_buncher,20,1176.844281,24.0,0.0,0.0,0,0,24.0,1.0,0.0,0,0.0
15,S1,H3,grapple_skidder,20,739.620424,24.0,0.0,53.24,0,0,24.0,1.0,0.0,0,0.0
15,S1,H4,processor,20,547.23705,24.0,0.0,55.4,0,0,24.0,1.0,0.0,0,0.0
15,S1,H7,loader,20,802.411354,24.0,0.0,55.4,0,0,24.0,1.0,0.0,0,0.0
15,S1,H8,loader,20,444.8171821999998,24.0,0.0,53.48,1,0,24.0,1.0,0.0,0,0.0
16,S1,H1,feller_buncher,20,836.2962474999999,24.0,0.0,53.48,0,0,24.0,1.0,0.0,0,0.3
16,S1,H2,feller_buncher,20,77.91541660000061,24.0,0.0,0.0,0,0,24.0,1.0,0.0,0,0.3
16,S1,H3,grapple_skidder,20,472.22269289999997,24.0,0.0,54.44,0,0,24.0,1.0,0.0,0,0.3
16,S1,H4,processor,20,336.93049809999997,24.0,0.0,53.24,0,0,24.0,1.0,0.0,0,0.3
16,S1,H5,processor,20,336.93049809999997,24.0,0.0,55.16,0,0,24.0,1.0,0.0,0,0.3
16,S1,H7,loader,20,340.1002318,24.0,0.0,55.4,0,0,24.0,1.0,0.0,0,0.3
17,S1,H1,feller_buncher,20,1194.708925,24.0,0.0,0.0,0,0,24.0,1.0,0.0,0,0.0
17,S1,H2,feller_buncher,20,1164.04956,24.0,0.0,54.2,0,0,24.0,1.0,0.0,0,0.0
17,S1,H3,grapple_skidder,20,823.7328212073114,16.973562962928575,7.026437037071425,53.24,0,0,24.0,0.707231790122024,7.0264370370714255,1,0.0
17,S1,H4,processor,20,456.082335,24.0,0.0,54.44,0,0,24.0,1.0,0.0,0,0.0
17,S1,H5,processor,20,16.14035789999997,24.0,0.0,54.44,1,0,24.0,1.0,0.0,0,0.0
17,S1,H7,loader,20,451.958924,24.0,0.0,53.24,0,0,24.0,1.0,0.0,0,0.0
17,S1,H8,loader,20,221.9020721999999,24.0,0.0,55.16,1,0,24.0,1.0,0.0,0,0.0
18,S1,H1,feller_buncher,20,140.55055100000027,24.0,0.0,0.0,0,0,24.0,1.0,0.0,0,0.0
18,S1,H2,feller_buncher,20,903.7655808546688,18.63354850674232,5.3664514932576814,0.0,0,0,24.0,0.7763978544475966,5.3664514932576814,1,0.0
18,S1,H3,grapple_skidder,20,739.620424,24.0,0.0,54.68,0,0,24.0,1.0,0.0,0,0.0
18,S1,H4,processor,20,517.165642,24.0,0.0,53.24,0,0,24.0,1.0,0.0,0,0.0
18,S1,H5,processor,20,517.165642,24.0,0.0,53.24,0,0,24.0,1.0,0.0,0,0.0
18,S1,H7,loader,20,472.22269289999997,24.0,0.0,54.44,1,0,24.0,1.0,0.0,0,0.0
19,S1,H1,feller_buncher,20,502.7667789999996,24.0,0.0,54.92,0,0,24.0,1.0,0.0,0,0.0
19,S1,H2,feller_buncher,20,256.1621419999998,24.0,0.0,53.24,0,0,24.0,1.0,0.0,0,0.0
19,S1,H3,grapple_skidder,20,1164.728216,24.0,0.0,54.68,0,0,24.0,1.0,0.0,0,0.0
19,S1,H4,processor,20,481.329283,24.0,0.0,54.68,0,0,24.0,1.0,0.0,0,0.0
19,S1,H7,loader,20,687.364703,24.0,0.0,53.24,0,0,24.0,1.0,0.0,0,0.0
20,S1,H1,feller_buncher,20,59.00278800000001,24.0,0.0,53.24,0,0,24.0,1.0,0.0,0,0.0
20,S1,H2,feller_buncher,20,486.3476200000001,24.0,0.0,54.68,0,0,24.0,1.0,0.0,0,0.0
20,S1,H3,grapple_skidder,20,678.968019,24.0,0.0,54.92,0,0,24.0,1.0,0.0,0,0.0
20,S1,H4,processor,20,517.165642,24.0,0.0,54.68,0,0,24.0,1.0,0.0,0,0.0
20,S1,H5,processor,20,517.165642,24.0,0.0,0.0,0,0,24.0,1.0,0.0,0,0.0
20,S1,H6,processor,20,180.59233320731096,24.0,0.0,53.48,1,0,24.0,1.0,0.0,0,0.0
20,S1,H7,loader,20,451.958924,24.0,0.0,54.68,0,0,24.0,1.0,0.0,0,0.0
21,S1,H1,feller_buncher,20,576.960683,24.0,0.0,53.24,0,0,24.0,1.0,0.0,0,0.0
21,S1,H2,feller_buncher,20,364.89843800000006,24.0,0.0,53.72,0,0,24.0,1.0,0.0,0,0.0
21,S1,H3,grapple_skidder,20,1273.711203,24.0,0.0,55.16,0,0,24.0,1.0,0.0,0,0.0
21,S1,H4,processor,20,547.23705,24.0,0.0,54.92,0,0,24.0,1.0,0.0,0,0.0
21,S1,H5,processor,20,547.23705,24.0,0.0,54.92,0,0,24.0,1.0,0.0,0,0.0
21,S1,H7,loader,20,687.364703,24.0,0.0,54.68,0,0,24.0,1.0,0.0,0,0.0
21,S1,H8,loader,20,687.364703,24.0,0.0,54.68,0,0,24.0,1.0,0.0,0,0.0
22,S1,H3,grapple_skidder,20,778.104169,24.0,0.0,54.44,0,0,24.0,1.0,0.0,0,0.0
22,S1,H4,processor,20,441.264891,24.0,0.0,55.16,0,0,24.0,1.0,0.0,0,0.0
22,S1,H5,processor,20,441.264891,24.0,0.0,55.16,0,0,24.0,1.0,0.0,0,0.0
22,S1,H6,processor,20,391.18142100000006,24.0,0.0,53.24,0,0,24.0,1.0,0.0,0,0.0
22,S1,H7,loader,20,485.857474,24.0,0.0,54.92,0,0,24.0,1.0,0.0,0,0.0
22,S1,H8,loader,20,485.857474,24.0,0.0,54.92,0,0,24.0,1.0,0.0,0,0.0
23,S1,H3,grapple_skidder,20,474.3577124816372,24.0,0.0,53.72,0,0,24.0,1.0,0.0,0,0.0
23,S1,H4,processor,20,469.046841,24.0,0.0,54.44,0,0,24.0,1.0,0.0,0,0.0
23,S1,H7,loader,20,733.483855,24.0,0.0,55.16,0,0,24.0,1.0,0.0,0,0.0
23,S1,H8,loader,20,540.2273480000001,24.0,0.0,55.16,0,0,24.0,1.0,0.0,0,0.0
24,S1,H3,grapple_skidder,20,1480.641393,24.0,0.0,55.64,0,0,24.0,1.0,0.0,0,0.0
24,S1,H4,processor,20,546.2562167816375,24.0,0.0,53.72,1,0,24.0,1.0,0.0,0,0.0
24,S1,H7,loader,20,474.741639,24.0,0.0,54.44,0,0,24.0,1.0,0.0,0,0.0
25,S1,H3,grapple_skidder,20,1332.369187,24.0,0.0,53.24,0,0,24.0,1.0,0.0,0,0.0
25,S1,H4,processor,20,569.826226,24.0,0.0,55.64,0,0,24.0,1.0,0.0,0,0.0
25,S1,H5,processor,20,569.826226,24.0,0.0,53.48,0,0,24.0,1.0,0.0,0,0.0
25,S1,H6,processor,20,464.64404215362094,24.0,0.0,53.48,1,0,24.0,1.0,0.0,0,0.0
25,S1,H7,loader,20,485.857474,24.0,0.0,53.72,0,0,24.0,1.0,0.0,0,0.0
26,S1,H3,grapple_skidder,20,296.740824646184,24.0,0.0,55.4,0,0,24.0,1.0,0.0,0,0.0
26,S1,H4,processor,20,531.895933,24.0,0.0,53.24,0,0,24.0,1.0,0.0,0,0.0
26,S1,H5,processor,20,531.895933,24.0,0.0,53.24,0,0,24.0,1.0,0.0,0,0.0
26,S1,H7,loader,20,937.184825,24.0,0.0,55.64,0,0,24.0,1.0,0.0,0,0.0
26,S1,H8,loader,20,869.579296153621,24.0,0.0,53.48,1,0,24.0,1.0,0.0,0,0.0
27,S1,H3,grapple_skidder,20,331.49284637805295,24.0,0.0,53.24,1,0,24.0,1.0,0.0,0,0.3
27,S1,H4,processor,20,296.740824646184,24.0,0.0,55.4,1,0,24.0,1.0,0.0,0,0.3
27,S1,H7,loader,20,561.6879478,24.0,0.0,53.24,0,0,24.0,1.0,0.0,0,0.3
28,S1,H3,grapple_skidder,20,798.0143609866701,18.478810943715004,5.521189056284996,55.4,0,0,24.0,0.7699504559881252,5.521189056284994,1,0.3
28,S1,H4,processor,20,336.93049809999997,24.0,0.0,53.24,0,0,24.0,1.0,0.0,0,0.3
28,S1,H5,processor,20,336.93049809999997,24.0,0.0,55.16,0,0,24.0,1.0,0.0,0,0.3
28,S1,H7,loader,20,340.1002318,24.0,0.0,55.4,0,0,24.0,1.0,0.0,0,0.3
28,S1,H8,loader,20,235.24117642759467,16.60036573448249,7.399634265517509,55.64,0,0,24.0,0.6916819056034371,7.399634265517509,1,0.3
29,S1,H3,grapple_skidder,20,544.6729182999999,24.0,0.0,54.92,0,0,24.0,1.0,0.0,0,0.3
29,S1,H4,processor,20,398.8783582,24.0,0.0,55.4,0,0,24.0,1.0,0.0,0,0.3
29,S1,H5,processor,20,398.8783582,24.0,0.0,55.4,0,0,24.0,1.0,0.0,0,0.3
29,S1,H7,loader,20,316.3712468,24.0,0.0,53.24,0,0,24.0,1.0,0.0,0,0.3
29,S1,H8,loader,20,316.3712468,24.0,0.0,53.24,0,0,24.0,1.0,0.0,0,0.3
30,S1,H3,grapple_skidder,20,678.968019,24.0,0.0,53.72,0,0,24.0,1.0,0.0,0,0.0
30,S1,H4,processor,20,469.046841,24.0,0.0,54.92,0,0,24.0,1.0,0.0,0,0.0
30,S1,H5,processor,20,469.046841,24.0,0.0,54.92,0,0,24.0,1.0,0.0,0,0.0
30,S1,H7,loader,20,797.7567164,24.0,0.0,55.4,1,0,24.0,1.0,0.0,0,0.0
31,S1,H3,grapple_skidder,20,923.199854,24.0,0.0,53.96,0,0,24.0,1.0,0.0,0,0.0
31,S1,H4,processor,20,388.0788579000433,24.0,0.0,53.72,0,0,24.0,1.0,0.0,0,0.0
31,S1,H7,loader,20,474.741639,24.0,0.0,54.92,0,0,24.0,1.0,0.0,0,0.0
31,S1,H8,loader,20,474.741639,24.0,0.0,53.48,0,0,24.0,1.0,0.0,0,0.0
32,S1,H3,grapple_skidder,20,778.104169,24.0,0.0,53.24,0,0,24.0,1.0,0.0,0,0.0
32,S1,H4,processor,20,395.784917,24.0,0.0,53.96,0,0,24.0,1.0,0.0,0,0.0
32,S1,H5,processor,20,395.784917,24.0,0.0,53.24,0,0,24.0,1.0,0.0,0,0.0
32,S1,H7,loader,20,485.857474,24.0,0.0,53.72,0,0,24.0,1.0,0.0,0,0.0
33,S1,H3,grapple_skidder,20,0.0,24.0,0.0,53.48,1,0,24.0,1.0,0.0,0,0.0
33,S1,H4,processor,20,469.046841,24.0,0.0,53.24,0,0,24.0,1.0,0.0,0,0.0
33,S1,H5,processor,20,469.046841,24.0,0.0,53.24,0,0,24.0,1.0,0.0,0,0.0
33,S1,H7,loader,20,456.725789,24.0,0.0,53.96,0,0,24.0,1.0,0.0,0,0.0
34,S1,H3,grapple_skidder,20,122.17881099999954,24.0,0.0,53.24,0,0,24.0,1.0,0.0,0,0.0
34,S1,H4,processor,20,341.7732060255208,24.0,0.0,53.48,1,0,24.0,1.0,0.0,0,0.0
34,S1,H7,loader,20,474.741639,24.0,0.0,53.24,0,0,24.0,1.0,0.0,0,0.0
34,S1,H8,loader,20,474.741639,24.0,0.0,0.0,0,0,24.0,1.0,0.0,0,0.0
35,S1,H3,grapple_skidder,20,809.624168,24.0,0.0,53.48,0,0,24.0,1.0,0.0,0,0.0
35,S1,H4,processor,20,413.06797209995625,24.0,0.0,53.24,1,0,24.0,1.0,0.0,0,0.0
35,S1,H5,processor,20,0.0,24.0,0.0,53.72,1,0,24.0,1.0,0.0,0,0.0
35,S1,H7,loader,20,386.2240451855213,20.509335234306626,3.4906647656933742,53.48,0,0,24.0,0.8545556347627761,3.490664765693373,1,0.0
35,S1,H8,loader,20,26.038022439999338,24.0,0.0,53.48,1,0,24.0,1.0,0.0,0,0.0
36,S1,H3,grapple_skidder,20,326.92110988953993,24.0,0.0,53.24,0,0,24.0,1.0,0.0,0,0.0
36,S1,H4,processor,20,409.650504,24.0,0.0,53.48,0,0,24.0,1.0,0.0,0,0.0
36,S1,H5,processor,20,409.650504,24.0,0.0,53.48,0,0,24.0,1.0,0.0,0,0.0
36,S1,H7,loader,20,485.857474,24.0,0.0,53.24,0,0,24.0,1.0,0.0,0,0.0
36,S1,H8,loader,20,209.49074899999937,24.0,0.0,53.24,0,0,24.0,1.0,0.0,0,0.0
37,S1,H3,grapple_skidder,20,1332.369187,24.0,0.0,54.68,0,0,24.0,1.0,0.0,0,0.0
37,S1,H4,processor,20,441.75493701404037,24.0,0.0,53.24,1,0,24.0,1.0,0.0,0,0.0
37,S1,H7,loader,20,424.433991,24.0,0.0,53.48,0,0,24.0,1.0,0.0,0,0.0
37,S1,H8,loader,20,424.433991,24.0,0.0,53.48,0,0,24.0,1.0,0.0,0,0.0
38,S1,H3,grapple_skidder,20,477.4620719999998,24.0,0.0,53.24,0,0,24.0,1.0,0.0,0,0.0
38,S1,H4,processor,20,531.895933,24.0,0.0,54.68,0,0,24.0,1.0,0.0,0,0.0
38,S1,H5,processor,20,531.895933,24.0,0.0,54.92,0,0,24.0,1.0,0.0,0,0.0
38,S1,H6,processor,20,531.895933,24.0,0.0,53.24,0,0,24.0,1.0,0.0,0,0.0
38,S1,H7,loader,20,474.741639,24.0,0.0,53.24,0,0,24.0,1.0,0.0,0,0.0
39,S1,H3,grapple_skidder,20,83.30467986101398,24.0,0.0,53.72,0,0,24.0,1.0,0.0,0,0.0
39,S1,H4,processor,20,477.71971658666996,24.0,0.0,53.24,1,0,24.0,1.0,0.0,0,0.0
39,S1,H5,processor,20,0.0,24.0,0.0,53.24,1,0,24.0,1.0,0.0,0,0.0
39,S1,H7,loader,20,802.411354,24.0,0.0,54.68,0,0,24.0,1.0,0.0,0,0.0
39,S1,H8,loader,20,802.411354,24.0,0.0,54.92,0,0,24.0,1.0,0.0,0,0.0
40,S1,H3,grapple_skidder,20,567.1587449999993,24.0,0.0,53.48,0,0,24.0,1.0,0.0,0,0.0
40,S1,H4,processor,20,83.30467986101398,24.0,0.0,53.72,1,0,24.0,1.0,0.0,0,0.0
40,S1,H7,loader,20,477.71971658666996,24.0,0.0,53.24,1,0,24.0,1.0,0.0,0,0.0
40,S1,H8,loader,20,0.0,24.0,0.0,53.24,1,0,24.0,1.0,0.0,0,0.0
41,S1,H3,grapple_skidder,20,576.960683,24.0,0.0,54.2,0,0,24.0,1.0,0.0,0,0.0
41,S1,H4,processor,20,531.895933,24.0,0.0,53.48,0,0,24.0,1.0,0.0,0,0.0
41,S1,H5,processor,20,45.780229999999165,24.0,0.0,53.24,0,0,24.0,1.0,0.0,0,0.0
41,S1,H7,loader,20,277.03393106832556,24.0,0.0,53.72,1,0,24.0,1.0,0.0,0,0.0
41,S1,H8,loader,20,0.0,24.0,0.0,53.72,1,0,24.0,1.0,0.0,0,0.0
42,S1,H3,grapple_skidder,20,1045.106301,24.0,0.0,53.24,0,0,24.0,1.0,0.0,0,0.0
42,S1,H4,processor,20,428.751305,24.0,0.0,54.2,0,0,24.0,1.0,0.0,0,0.0
42,S1,H5,processor,20,148.20937800000002,24.0,0.0,54.2,0,0,24.0,1.0,0.0,0,0.0
42,S1,H7,loader,20,802.411354,24.0,0.0,53.48,0,0,24.0,1.0,0.0,0,0.0
42,S1,H8,loader,20,268.23381819999975,24.0,0.0,53.48,1,0,24.0,1.0,0.0,0,0.0
1,S1,H1,feller_buncher,21,1176.844281,24.0,0.0,0.0,0,0,24.0,1.0,0.0,0,0.0
1,S1,H2,feller_buncher,21,615.1913032224454,24.0,0.0,0.0,0,0,24.0,1.0,0.0,0,0.0
2,S1,H1,feller_buncher,21,1164.04956,24.0,0.0,54.2,0,0,24.0,1.0,0.0,0,0.0
2,S1,H2,feller_buncher,21,1299.478592,24.0,0.0,0.0,0,0,24.0,1.0,0.0,0,0.0
2,S1,H3,grapple_skidder,21,1164.728216,24.0,0.0,0.0,0,0,24.0,1.0,0.0,0,0.0
3,S1,H1,feller_buncher,21,888.796776,24.0,0.0,53.24,0,0,24.0,1.0,0.0,0,0.0
3,S1,H2,feller_buncher,21,1299.478592,24.0,0.0,0.0,0,0,24.0,1.0,0.0,0,0.0
3,S1,H3,grapple_skidder,21,337.61071314016317,24.0,0.0,54.2,0,0,24.0,1.0,0.0,0,0.0
3,S1,H4,processor,21,517.165642,24.0,0.0,0.0,0,0,24.0,1.0,0.0,0,0.0
3,S1,H5,processor,21,517.165642,24.0,0.0,0.0,0,0,24.0,1.0,0.0,0,0.0
4,S1,H1,feller_buncher,21,961.553907,24.0,0.0,53.24,0,0,24.0,1.0,0.0,0,0.0
4,S1,H2,feller_buncher,21,1299.478592,24.0,0.0,0.0,0,0,24.0,1.0,0.0,0,0.0
4,S1,H3,grapple_skidder,21,809.624168,24.0,0.0,53.24,0,0,24.0,1.0,0.0,0,0.0
4,S1,H4,processor,21,337.61071314016317,24.0,0.0,54.2,1,0,24.0,1.0,0.0,0,0.0
4,S1,H7,loader,21,687.364703,24.0,0.0,0.0,0,0,24.0,1.0,0.0,0,0.0
5,S1,H1,feller_buncher,21,356.0085949999998,24.0,0.0,53.24,0,0,24.0,1.0,0.0,0,0.0
5,S1,H2,feller_buncher,21,1194.708925,24.0,0.0,55.64,0,0,24.0,1.0,0.0,0,0.0
5,S1,H3,grapple_skidder,21,739.620424,24.0,0.0,53.24,0,0,24.0,1.0,0.0,0,0.0
5,S1,H4,processor,21,409.650504,24.0,0.0,53.24,0,0,24.0,1.0,0.0,0,0.0
6,S1,H1,feller_buncher,21,1220.906942,24.0,0.0,55.4,0,0,24.0,1.0,0.0,0,0.0
6,S1,H2,feller_buncher,21,1164.04956,24.0,0.0,54.92,0,0,24.0,1.0,0.0,0,0.0
6,S1,H3,grapple_skidder,21,678.968019,24.0,0.0,53.24,0,0,24.0,1.0,0.0,0,0.0
6,S1,H4,processor,21,481.329283,24.0,0.0,53.24,0,0,24.0,1.0,0.0,0,0.0
7,S1,H1,feller_buncher,21,1176.844281,24.0,0.0,53.48,0,0,24.0,1.0,0.0,0,0.0
7,S1,H2,feller_buncher,21,1220.906942,24.0,0.0,54.68,0,0,24.0,1.0,0.0,0,0.0
7,S1,H3,grapple_skidder,21,778.104169,24.0,0.0,53.72,0,0,24.0,1.0,0.0,0,0.0
7,S1,H4,processor,21,547.23705,24.0,0.0,53.24,0,0,24.0,1.0,0.0,0,0.0
7,S1,H7,loader,21,451.958924,24.0,0.0,54.68,0,0,24.0,1.0,0.0,0,0.0
8,S1,H1,feller_buncher,21,674.603847,24.0,0.0,53.24,0,0,24.0,1.0,0.0,0,0.0
8,S1,H2,feller_buncher,21,648.9519252313761,24.0,0.0,0.0,0,0,24.0,1.0,0.0,0,0.0
8,S1,H3,grapple_skidder,21,678.968019,24.0,0.0,53.72,0,0,24.0,1.0,0.0,0,0.0
8,S1,H4,processor,21,469.046841,24.0,0.0,53.72,0,0,24.0,1.0,0.0,0,0.0
8,S1,H5,processor,21,309.057328,24.0,0.0,54.2,1,0,24.0,1.0,0.0,0,0.0
8,S1,H7,loader,21,485.857474,24.0,0.0,53.24,0,0,24.0,1.0,0.0,0,0.0
9,S1,H1,feller_buncher,21,1194.708925,24.0,0.0,53.96,0,0,24.0,1.0,0.0,0,0.0
9,S1,H2,feller_buncher,21,961.553907,24.0,0.0,55.16,0,0,24.0,1.0,0.0,0,0.0
9,S1,H3,grapple_skidder,21,1332.369187,24.0,0.0,55.4,0,0,24.0,1.0,0.0,0,0.0
9,S1,H4,processor,21,547.23705,24.0,0.0,53.72,0,0,24.0,1.0,0.0,0,0.0
9,S1,H7,loader,21,474.741639,24.0,0.0,53.72,0,0,24.0,1.0,0.0,0,0.0
9,S1,H8,loader,21,359.36081673384945,18.16705949741305,5.8329405025869505,0.0,0,0,24.0,0.7569608123922104,5.832940502586951,1,0.0
10,S1,H1,feller_buncher,21,961.553907,24.0,0.0,55.4,0,0,24.0,1.0,0.0,0,0.0
10,S1,H2,feller_buncher,21,860.013242,24.0,0.0,53.72,0,0,24.0,1.0,0.0,0,0.0
10,S1,H3,grapple_skidder,21,1480.641393,24.0,0.0,53.24,0,0,24.0,1.0,0.0,0,0.0
10,S1,H4,processor,21,531.895933,24.0,0.0,55.4,0,0,24.0,1.0,0.0,0,0.0
10,S1,H5,processor,21,531.895933,24.0,0.0,54.68,0,0,24.0,1.0,0.0,0,0.0
10,S1,H7,loader,21,485.857474,24.0,0.0,53.72,0,0,24.0,1.0,0.0,0,0.0
11,S1,H1,feller_buncher,21,860.013242,24.0,0.0,53.72,0,0,24.0,1.0,0.0,0,0.0
11,S1,H2,feller_buncher,21,1220.906942,24.0,0.0,54.44,0,0,24.0,1.0,0.0,0,0.0
11,S1,H3,grapple_skidder,21,1164.728216,24.0,0.0,53.72,0,0,24.0,1.0,0.0,0,0.0
11,S1,H4,processor,21,569.826226,24.0,0.0,53.24,0,0,24.0,1.0,0.0,0,0.0
11,S1,H5,processor,21,569.826226,24.0,0.0,53.24,0,0,24.0,1.0,0.0,0,0.0
11,S1,H7,loader,21,802.411354,24.0,0.0,55.4,0,0,24.0,1.0,0.0,0,0.0
12,S1,H1,feller_buncher,21,1013.0077249999999,24.0,0.0,54.44,0,0,24.0,1.0,0.0,0,0.0
12,S1,H2,feller_buncher,21,888.796776,24.0,0.0,54.92,0,0,24.0,1.0,0.0,0,0.0
12,S1,H3,grapple_skidder,21,364.69051342124436,24.0,0.0,54.92,0,0,24.0,1.0,0.0,0,0.0
12,S1,H4,processor,21,517.165642,24.0,0.0,53.72,0,0,24.0,1.0,0.0,0,0.0
12,S1,H5,processor,21,517.165642,24.0,0.0,53.72,0,0,24.0,1.0,0.0,0,0.0
12,S1,H7,loader,21,937.184825,24.0,0.0,53.24,0,0,24.0,1.0,0.0,0,0.0
13,S1,H1,feller_buncher,21,413.7565330000002,24.0,0.0,55.16,0,0,24.0,1.0,0.0,0,0.0
13,S1,H2,feller_buncher,21,680.207863,24.0,0.0,53.96,0,0,24.0,1.0,0.0,0,0.0
13,S1,H3,grapple_skidder,21,1140.2948041685756,20.540159264465046,3.4598407355349536,55.4,0,0,24.0,0.8558399693527102,3.459840735534952,1,0.0
13,S1,H4,processor,21,547.23705,24.0,0.0,54.92,0,0,24.0,1.0,0.0,0,0.0
13,S1,H7,loader,21,687.364703,24.0,0.0,53.72,0,0,24.0,1.0,0.0,0,0.0
13,S1,H8,loader,21,687.364703,24.0,0.0,54.2,0,0,24.0,1.0,0.0,0,0.0
14,S1,H1,feller_buncher,21,538.1317681813714,24.0,0.0,53.48,0,0,24.0,1.0,0.0,0,0.3
14,S1,H2,feller_buncher,21,823.7909966999999,24.0,0.0,53.48,0,0,24.0,1.0,0.0,0,0.3
14,S1,H3,grapple_skidder,21,475.2776133,24.0,0.0,55.4,0,0,24.0,1.0,0.0,0,0.3
14,S1,H4,processor,21,265.9957843488365,24.0,0.0,55.4,0,0,24.0,1.0,0.0,0,0.3
14,S1,H5,processor,21,265.9957843488365,24.0,0.0,53.48,0,0,24.0,1.0,0.0,0,0.3
14,S1,H6,processor,21,265.9957843488365,24.0,0.0,0.0,0,0,24.0,1.0,0.0,0,0.3
14,S1,H7,loader,21,340.1002318,24.0,0.0,54.92,0,0,24.0,1.0,0.0,0,0.3
15,S1,H1,feller_buncher,21,787.363583,24.0,0.0,54.44,0,0,24.0,1.0,0.0,0,0.0
15,S1,H2,feller_buncher,21,1176.844281,24.0,0.0,0.0,0,0,24.0,1.0,0.0,0,0.0
15,S1,H3,grapple_skidder,21,526.1217550879261,24.0,0.0,53.24,0,0,24.0,1.0,0.0,0,0.0
15,S1,H4,processor,21,547.23705,24.0,0.0,55.4,0,0,24.0,1.0,0.0,0,0.0
15,S1,H7,loader,21,802.411354,24.0,0.0,55.4,0,0,24.0,1.0,0.0,0,0.0
15,S1,H8,loader,21,256.9565110465095,24.0,0.0,53.48,1,0,24.0,1.0,0.0,0,0.0
16,S1,H1,feller_buncher,21,1194.708925,24.0,0.0,53.48,0,0,24.0,1.0,0.0,0,0.0
16,S1,H2,feller_buncher,21,111.30773800000088,24.0,0.0,0.0,0,0,24.0,1.0,0.0,0,0.0
16,S1,H3,grapple_skidder,21,674.603847,24.0,0.0,54.44,0,0,24.0,1.0,0.0,0,0.0
16,S1,H4,processor,21,481.329283,24.0,0.0,53.24,0,0,24.0,1.0,0.0,0,0.0
16,S1,H5,processor,21,303.08361308792615,24.0,0.0,55.16,1,0,24.0,1.0,0.0,0,0.0
16,S1,H7,loader,21,485.857474,24.0,0.0,55.4,0,0,24.0,1.0,0.0,0,0.0
17,S1,H1,feller_buncher,21,1194.708925,24.0,0.0,0.0,0,0,24.0,1.0,0.0,0,0.0
17,S1,H2,feller_buncher,21,1164.04956,24.0,0.0,54.2,0,0,24.0,1.0,0.0,0,0.0
17,S1,H3,grapple_skidder,21,535.6561603453385,24.0,0.0,53.24,0,0,24.0,1.0,0.0,0,0.0
17,S1,H4,processor,21,358.70341526503887,24.0,0.0,54.44,0,0,24.0,1.0,0.0,0,0.0
17,S1,H5,processor,21,154.9524779234643,21.63830860065147,2.36169139934853,54.44,0,0,24.0,0.9015961916938112,2.3616913993485316,1,0.0
17,S1,H7,loader,21,451.958924,24.0,0.0,53.24,0,0,24.0,1.0,0.0,0,0.0
17,S1,H8,loader,21,342.36714116248794,18.18043842386816,5.819561576131839,55.16,0,0,24.0,0.7575182676611734,5.819561576131839,1,0.0
18,S1,H1,feller_buncher,21,124.72190233364768,21.29714636271713,2.702853637282871,0.0,0,0,24.0,0.887381098446547,2.70285363728287,1,0.0
18,S1,H2,feller_buncher,21,1164.04956,24.0,0.0,0.0,0,0,24.0,1.0,0.0,0,0.0
18,S1,H3,grapple_skidder,21,739.620424,24.0,0.0,54.68,0,0,24.0,1.0,0.0,0,0.0
18,S1,H4,processor,21,517.165642,24.0,0.0,53.24,0,0,24.0,1.0,0.0,0,0.0
18,S1,H5,processor,21,279.28438234533826,24.0,0.0,53.24,1,0,24.0,1.0,0.0,0,0.0
18,S1,H7,loader,21,513.6558931885031,24.0,0.0,54.44,1,0,24.0,1.0,0.0,0,0.0
19,S1,H1,feller_buncher,21,502.7667789999996,24.0,0.0,54.92,0,0,24.0,1.0,0.0,0,0.0
19,S1,H2,feller_buncher,21,256.1621419999998,24.0,0.0,53.24,0,0,24.0,1.0,0.0,0,0.0
19,S1,H3,grapple_skidder,21,1164.728216,24.0,0.0,54.68,0,0,24.0,1.0,0.0,0,0.0
19,S1,H4,processor,21,481.329283,24.0,0.0,54.68,0,0,24.0,1.0,0.0,0,0.0
19,S1,H7,loader,21,687.364703,24.0,0.0,53.24,0,0,24.0,1.0,0.0,0,0.0
20,S1,H1,feller_buncher,21,41.3019516,24.0,0.0,53.24,0,0,24.0,1.0,0.0,0,0.3
20,S1,H2,feller_buncher,21,340.44333400000005,24.0,0.0,54.68,0,0,24.0,1.0,0.0,0,0.3
20,S1,H3,grapple_skidder,21,475.2776133,24.0,0.0,54.92,0,0,24.0,1.0,0.0,0,0.3
20,S1,H4,processor,21,362.0159494,24.0,0.0,54.68,0,0,24.0,1.0,0.0,0,0.3
20,S1,H5,processor,21,362.0159494,24.0,0.0,0.0,0,0,24.0,1.0,0.0,0,0.3
20,S1,H6,processor,21,362.0159494,24.0,0.0,53.48,0,0,24.0,1.0,0.0,0,0.3
20,S1,H7,loader,21,316.3712468,24.0,0.0,54.68,0,0,24.0,1.0,0.0,0,0.3
21,S1,H1,feller_buncher,21,576.960683,24.0,0.0,53.24,0,0,24.0,1.0,0.0,0,0.0
21,S1,H2,feller_buncher,21,364.89843800000006,24.0,0.0,53.72,0,0,24.0,1.0,0.0,0,0.0
21,S1,H3,grapple_skidder,21,1127.8069169999999,24.0,0.0,55.16,1,0,24.0,1.0,0.0,0,0.0
21,S1,H4,processor,21,484.2335780212445,24.0,0.0,54.92,1,0,24.0,1.0,0.0,0,0.0
21,S1,H5,processor,21,0.0,24.0,0.0,54.92,1,0,24.0,1.0,0.0,0,0.0
21,S1,H7,loader,21,478.41740183761,24.0,0.0,54.68,0,0,24.0,1.0,0.0,0,0.0
21,S1,H8,loader,21,478.41740183761,24.0,0.0,54.68,0,0,24.0,1.0,0.0,0,0.0
22,S1,H3,grapple_skidder,21,778.104169,24.0,0.0,54.44,0,0,24.0,1.0,0.0,0,0.0
22,S1,H4,processor,21,441.264891,24.0,0.0,55.16,0,0,24.0,1.0,0.0,0,0.0
22,S1,H5,processor,21,441.264891,24.0,0.0,55.16,0,0,24.0,1.0,0.0,0,0.0
22,S1,H6,processor,21,245.27713499999987,24.0,0.0,53.24,1,0,24.0,1.0,0.0,0,0.0
22,S1,H7,loader,21,485.857474,24.0,0.0,54.92,0,0,24.0,1.0,0.0,0,0.0
22,S1,H8,loader,21,389.65165022124415,24.0,0.0,54.92,1,0,24.0,1.0,0.0,0,0.0
23,S1,H3,grapple_skidder,21,678.968019,24.0,0.0,53.72,0,0,24.0,1.0,0.0,0,0.0
23,S1,H4,processor,21,469.046841,24.0,0.0,54.44,0,0,24.0,1.0,0.0,0,0.0
23,S1,H7,loader,21,733.483855,24.0,0.0,55.16,0,0,24.0,1.0,0.0,0,0.0
23,S1,H8,loader,21,394.32306199999994,24.0,0.0,55.16,1,0,24.0,1.0,0.0,0,0.0
24,S1,H3,grapple_skidder,21,1480.641393,24.0,0.0,55.64,0,0,24.0,1.0,0.0,0,0.0
24,S1,H4,processor,21,547.23705,24.0,0.0,53.72,0,0,24.0,1.0,0.0,0,0.0
24,S1,H7,loader,21,474.741639,24.0,0.0,54.44,0,0,24.0,1.0,0.0,0,0.0
25,S1,H3,grapple_skidder,21,1332.369187,24.0,0.0,53.24,0,0,24.0,1.0,0.0,0,0.0
25,S1,H4,processor,21,569.826226,24.0,0.0,55.64,0,0,24.0,1.0,0.0,0,0.0
25,S1,H5,processor,21,569.826226,24.0,0.0,53.48,0,0,24.0,1.0,0.0,0,0.0
25,S1,H6,processor,21,569.826226,24.0,0.0,53.48,0,0,24.0,1.0,0.0,0,0.0
25,S1,H7,loader,21,485.857474,24.0,0.0,53.72,0,0,24.0,1.0,0.0,0,0.0
26,S1,H3,grapple_skidder,21,678.968019,24.0,0.0,55.4,0,0,24.0,1.0,0.0,0,0.0
26,S1,H4,processor,21,531.895933,24.0,0.0,53.24,0,0,24.0,1.0,0.0,0,0.0
26,S1,H5,processor,21,531.895933,24.0,0.0,53.24,0,0,24.0,1.0,0.0,0,0.0
26,S1,H7,loader,21,937.184825,24.0,0.0,55.64,0,0,24.0,1.0,0.0,0,0.0
26,S1,H8,loader,21,937.184825,24.0,0.0,53.48,0,0,24.0,1.0,0.0,0,0.0
27,S1,H3,grapple_skidder,21,739.620424,24.0,0.0,53.24,0,0,24.0,1.0,0.0,0,0.0
27,S1,H4,processor,21,547.23705,24.0,0.0,55.4,0,0,24.0,1.0,0.0,0,0.0
27,S1,H7,loader,21,802.411354,24.0,0.0,53.24,0,0,24.0,1.0,0.0,0,0.0
28,S1,H3,grapple_skidder,21,1480.641393,24.0,0.0,55.4,0,0,24.0,1.0,0.0,0,0.0
28,S1,H4,processor,21,481.329283,24.0,0.0,53.24,0,0,24.0,1.0,0.0,0,0.0
28,S1,H5,processor,21,481.329283,24.0,0.0,55.16,0,0,24.0,1.0,0.0,0,0.0
28,S1,H7,loader,21,485.857474,24.0,0.0,55.4,0,0,24.0,1.0,0.0,0,0.0
28,S1,H8,loader,21,122.75915199999986,24.0,0.0,55.64,1,0,24.0,1.0,0.0,0,0.0
29,S1,H3,grapple_skidder,21,778.104169,24.0,0.0,54.92,0,0,24.0,1.0,0.0,0,0.0
29,S1,H4,processor,21,365.5379070782585,24.0,0.0,55.4,0,0,24.0,1.0,0.0,0,0.0
29,S1,H5,processor,21,365.5379070782585,24.0,0.0,55.4,0,0,24.0,1.0,0.0,0,0.0
29,S1,H7,loader,21,451.958924,24.0,0.0,53.24,0,0,24.0,1.0,0.0,0,0.0
29,S1,H8,loader,21,451.958924,24.0,0.0,53.24,0,0,24.0,1.0,0.0,0,0.0
30,S1,H3,grapple_skidder,21,678.968019,24.0,0.0,53.72,0,0,24.0,1.0,0.0,0,0.0
30,S1,H4,processor,21,469.046841,24.0,0.0,54.92,0,0,24.0,1.0,0.0,0,0.0
30,S1,H5,processor,21,469.046841,24.0,0.0,54.92,0,0,24.0,1.0,0.0,0,0.0
30,S1,H7,loader,21,768.6524691565169,24.0,0.0,55.4,1,0,24.0,1.0,0.0,0,0.0
31,S1,H3,grapple_skidder,21,536.5449105372866,19.926157293494914,4.073842706505086,53.96,0,0,24.0,0.8302565538956214,4.073842706505086,1,0.3
31,S1,H4,processor,21,383.06593499999997,24.0,0.0,53.72,0,0,24.0,1.0,0.0,0,0.3
31,S1,H7,loader,21,332.3191473,24.0,0.0,54.92,0,0,24.0,1.0,0.0,0,0.3
31,S1,H8,loader,21,332.3191473,24.0,0.0,53.48,0,0,24.0,1.0,0.0,0,0.3
32,S1,H3,grapple_skidder,21,399.9451363837923,24.0,0.0,53.24,0,0,24.0,1.0,0.0,0,0.0
32,S1,H4,processor,21,395.784917,24.0,0.0,53.96,0,0,24.0,1.0,0.0,0,0.0
32,S1,H5,processor,21,140.75999353728656,24.0,0.0,53.24,1,0,24.0,1.0,0.0,0,0.0
32,S1,H7,loader,21,383.06593499999997,24.0,0.0,53.72,1,0,24.0,1.0,0.0,0,0.0
33,S1,H3,grapple_skidder,21,237.95559060000005,24.0,0.0,53.48,0,0,24.0,1.0,0.0,0,0.3
33,S1,H4,processor,21,328.3327887,24.0,0.0,53.24,0,0,24.0,1.0,0.0,0,0.3
33,S1,H5,processor,21,220.6801626837924,24.0,0.0,53.24,1,0,24.0,1.0,0.0,0,0.3
33,S1,H7,loader,21,232.37439348776857,17.443994305383484,6.556005694616516,53.96,0,0,24.0,0.7268330960576451,6.556005694616514,1,0.3
34,S1,H3,grapple_skidder,21,122.17881099999954,24.0,0.0,53.24,0,0,24.0,1.0,0.0,0,0.0
34,S1,H4,processor,21,273.2085895999999,24.0,0.0,53.48,1,0,24.0,1.0,0.0,0,0.0
34,S1,H7,loader,21,474.741639,24.0,0.0,53.24,0,0,24.0,1.0,0.0,0,0.0
34,S1,H8,loader,21,474.741639,24.0,0.0,0.0,0,0,24.0,1.0,0.0,0,0.0
35,S1,H3,grapple_skidder,21,809.624168,24.0,0.0,53.48,0,0,24.0,1.0,0.0,0,0.0
35,S1,H4,processor,21,547.23705,24.0,0.0,53.24,0,0,24.0,1.0,0.0,0,0.0
35,S1,H5,processor,21,81.55246300000022,24.0,0.0,53.72,0,0,24.0,1.0,0.0,0,0.0
35,S1,H7,loader,21,451.958924,24.0,0.0,53.48,0,0,24.0,1.0,0.0,0,0.0
35,S1,H8,loader,21,64.4056097254379,24.0,0.0,53.48,1,0,24.0,1.0,0.0,0,0.0
36,S1,H3,grapple_skidder,21,778.104169,24.0,0.0,53.24,0,0,24.0,1.0,0.0,0,0.0
36,S1,H4,processor,21,409.650504,24.0,0.0,53.48,0,0,24.0,1.0,0.0,0,0.0
36,S1,H5,processor,21,409.650504,24.0,0.0,53.48,0,0,24.0,1.0,0.0,0,0.0
36,S1,H7,loader,21,485.857474,24.0,0.0,53.24,0,0,24.0,1.0,0.0,0,0.0
36,S1,H8,loader,21,142.93203900000015,24.0,0.0,53.24,1,0,24.0,1.0,0.0,0,0.0
37,S1,H3,grapple_skidder,21,1332.369187,24.0,0.0,54.68,0,0,24.0,1.0,0.0,0,0.0
37,S1,H4,processor,21,469.046841,24.0,0.0,53.24,0,0,24.0,1.0,0.0,0,0.0
37,S1,H7,loader,21,424.433991,24.0,0.0,53.48,0,0,24.0,1.0,0.0,0,0.0
37,S1,H8,loader,21,424.433991,24.0,0.0,53.48,0,0,24.0,1.0,0.0,0,0.0
38,S1,H3,grapple_skidder,21,334.2234503999998,24.0,0.0,53.24,0,0,24.0,1.0,0.0,0,0.3
38,S1,H4,processor,21,372.3271531,24.0,0.0,54.68,0,0,24.0,1.0,0.0,0,0.3
38,S1,H5,processor,21,372.3271531,24.0,0.0,54.92,0,0,24.0,1.0,0.0,0,0.3
38,S1,H6,processor,21,372.3271531,24.0,0.0,53.24,0,0,24.0,1.0,0.0,0,0.3
38,S1,H7,loader,21,332.3191473,24.0,0.0,53.24,0,0,24.0,1.0,0.0,0,0.3
39,S1,H3,grapple_skidder,21,159.77199800000017,24.0,0.0,53.72,0,0,24.0,1.0,0.0,0,0.0
39,S1,H4,processor,21,569.826226,24.0,0.0,53.24,0,0,24.0,1.0,0.0,0,0.0
39,S1,H5,processor,21,360.77644299999906,24.0,0.0,53.24,0,0,24.0,1.0,0.0,0,0.0
39,S1,H7,loader,21,802.411354,24.0,0.0,54.68,0,0,24.0,1.0,0.0,0,0.0
39,S1,H8,loader,21,575.9506172999999,24.0,0.0,54.92,1,0,24.0,1.0,0.0,0,0.0
40,S1,H3,grapple_skidder,21,187.2781110628007,24.0,0.0,53.48,1,0,24.0,1.0,0.0,0,0.0
40,S1,H4,processor,21,164.19408399999952,24.0,0.0,53.72,0,0,24.0,1.0,0.0,0,0.0
40,S1,H7,loader,21,930.6026689999991,24.0,0.0,53.24,1,0,24.0,1.0,0.0,0,0.0
40,S1,H8,loader,21,0.0,24.0,0.0,53.24,1,0,24.0,1.0,0.0,0,0.0
41,S1,H3,grapple_skidder,21,576.960683,24.0,0.0,54.2,0,0,24.0,1.0,0.0,0,0.0
41,S1,H4,processor,21,531.895933,24.0,0.0,53.48,0,0,24.0,1.0,0.0,0,0.0
41,S1,H5,processor,21,45.780229999999165,24.0,0.0,53.24,0,0,24.0,1.0,0.0,0,0.0
41,S1,H7,loader,21,409.0609088701183,24.0,0.0,53.72,1,0,24.0,1.0,0.0,0,0.0
41,S1,H8,loader,21,0.0,24.0,0.0,53.72,1,0,24.0,1.0,0.0,0,0.0
42,S1,H3,grapple_skidder,21,1045.106301,24.0,0.0,53.24,0,0,24.0,1.0,0.0,0,0.0
42,S1,H4,processor,21,428.751305,24.0,0.0,54.2,0,0,24.0,1.0,0.0,0,0.0
42,S1,H5,processor,21,148.20937800000002,24.0,0.0,54.2,0,0,24.0,1.0,0.0,0,0.0
42,S1,H7,loader,21,577.6761629999992,24.0,0.0,53.48,1,0,24.0,1.0,0.0,0,0.0
42,S1,H8,loader,21,0.0,24.0,0.0,53.48,1,0,24.0,1.0,0.0,0,0.0
1,S1,H1,feller_buncher,22,1176.844281,24.0,0.0,0.0,0,0,24.0,1.0,0.0,0,0.0
1,S1,H2,feller_buncher,22,1299.478592,24.0,0.0,0.0,0,0,24.0,1.0,0.0,0,0.0
2,S1,H1,feller_buncher,22,1164.04956,24.0,0.0,54.2,0,0,24.0,1.0,0.0,0,0.0
2,S1,H2,feller_buncher,22,1299.478592,24.0,0.0,0.0,0,0,24.0,1.0,0.0,0,0.0
2,S1,H3,grapple_skidder,22,1164.728216,24.0,0.0,0.0,0,0,24.0,1.0,0.0,0,0.0
3,S1,H1,feller_buncher,22,888.796776,24.0,0.0,53.24,0,0,24.0,1.0,0.0,0,0.0
3,S1,H2,feller_buncher,22,1299.478592,24.0,0.0,0.0,0,0,24.0,1.0,0.0,0,0.0
3,S1,H3,grapple_skidder,22,778.104169,24.0,0.0,54.2,0,0,24.0,1.0,0.0,0,0.0
3,S1,H4,processor,22,517.165642,24.0,0.0,0.0,0,0,24.0,1.0,0.0,0,0.0
3,S1,H5,processor,22,517.165642,24.0,0.0,0.0,0,0,24.0,1.0,0.0,0,0.0
4,S1,H1,feller_buncher,22,961.553907,24.0,0.0,53.24,0,0,24.0,1.0,0.0,0,0.0
4,S1,H2,feller_buncher,22,1299.478592,24.0,0.0,0.0,0,0,24.0,1.0,0.0,0,0.0
4,S1,H3,grapple_skidder,22,809.624168,24.0,0.0,53.24,0,0,24.0,1.0,0.0,0,0.0
4,S1,H4,processor,22,469.046841,24.0,0.0,54.2,0,0,24.0,1.0,0.0,0,0.0
4,S1,H7,loader,22,571.3509442134083,19.949267981428196,4.050732018571804,0.0,0,0,24.0,0.8312194992261749,4.0507320185718045,1,0.0
5,S1,H1,feller_buncher,22,356.0085949999998,24.0,0.0,53.24,0,0,24.0,1.0,0.0,0,0.0
5,S1,H2,feller_buncher,22,1194.708925,24.0,0.0,55.64,0,0,24.0,1.0,0.0,0,0.0
5,S1,H3,grapple_skidder,22,739.620424,24.0,0.0,53.24,0,0,24.0,1.0,0.0,0,0.0
5,S1,H4,processor,22,409.650504,24.0,0.0,53.24,0,0,24.0,1.0,0.0,0,0.0
6,S1,H1,feller_buncher,22,1220.906942,24.0,0.0,55.4,0,0,24.0,1.0,0.0,0,0.0
6,S1,H2,feller_buncher,22,1164.04956,24.0,0.0,54.92,0,0,24.0,1.0,0.0,0,0.0
6,S1,H3,grapple_skidder,22,678.968019,24.0,0.0,53.24,0,0,24.0,1.0,0.0,0,0.0
6,S1,H4,processor,22,481.329283,24.0,0.0,53.24,0,0,24.0,1.0,0.0,0,0.0
7,S1,H1,feller_buncher,22,1176.844281,24.0,0.0,53.48,0,0,24.0,1.0,0.0,0,0.0
7,S1,H2,feller_buncher,22,1220.906942,24.0,0.0,54.68,0,0,24.0,1.0,0.0,0,0.0
7,S1,H3,grapple_skidder,22,778.104169,24.0,0.0,53.72,0,0,24.0,1.0,0.0,0,0.0
7,S1,H4,processor,22,547.23705,24.0,0.0,53.24,0,0,24.0,1.0,0.0,0,0.0
7,S1,H7,loader,22,451.958924,24.0,0.0,54.68,0,0,24.0,1.0,0.0,0,0.0
8,S1,H1,feller_buncher,22,674.603847,24.0,0.0,53.24,0,0,24.0,1.0,0.0,0,0.0
8,S1,H2,feller_buncher,22,896.4246182594025,17.621482930535795,6.3785170694642055,0.0,0,0,24.0,0.7342284554389914,6.3785170694642055,1,0.0
8,S1,H3,grapple_skidder,22,678.968019,24.0,0.0,53.72,0,0,24.0,1.0,0.0,0,0.0
8,S1,H4,processor,22,469.046841,24.0,0.0,53.72,0,0,24.0,1.0,0.0,0,0.0
8,S1,H5,processor,22,469.046841,24.0,0.0,54.2,0,0,24.0,1.0,0.0,0,0.0
8,S1,H7,loader,22,485.857474,24.0,0.0,53.24,0,0,24.0,1.0,0.0,0,0.0
9,S1,H1,feller_buncher,22,1194.708925,24.0,0.0,53.96,0,0,24.0,1.0,0.0,0,0.0
9,S1,H2,feller_buncher,22,638.9817152561054,24.0,0.0,55.16,0,0,24.0,1.0,0.0,0,0.0
9,S1,H3,grapple_skidder,22,1332.369187,24.0,0.0,55.4,0,0,24.0,1.0,0.0,0,0.0
9,S1,H4,processor,22,547.23705,24.0,0.0,53.72,0,0,24.0,1.0,0.0,0,0.0
9,S1,H7,loader,22,474.741639,24.0,0.0,53.72,0,0,24.0,1.0,0.0,0,0.0
9,S1,H8,loader,22,474.741639,24.0,0.0,0.0,0,0,24.0,1.0,0.0,0,0.0
10,S1,H1,feller_buncher,22,961.553907,24.0,0.0,55.4,0,0,24.0,1.0,0.0,0,0.0
10,S1,H2,feller_buncher,22,860.013242,24.0,0.0,53.72,0,0,24.0,1.0,0.0,0,0.0
10,S1,H3,grapple_skidder,22,1480.641393,24.0,0.0,53.24,0,0,24.0,1.0,0.0,0,0.0
10,S1,H4,processor,22,531.895933,24.0,0.0,55.4,0,0,24.0,1.0,0.0,0,0.0
10,S1,H5,processor,22,429.7069449237005,19.389068496917446,4.610931503082554,54.68,0,0,24.0,0.8078778540382269,4.610931503082554,1,0.0
10,S1,H7,loader,22,404.95209003798874,20.003500369970084,3.9964996300299163,53.72,0,0,24.0,0.8334791820820868,3.996499630029918,1,0.0
11,S1,H1,feller_buncher,22,860.013242,24.0,0.0,53.72,0,0,24.0,1.0,0.0,0,0.0
11,S1,H2,feller_buncher,22,1220.906942,24.0,0.0,54.44,0,0,24.0,1.0,0.0,0,0.0
11,S1,H3,grapple_skidder,22,1164.728216,24.0,0.0,53.72,0,0,24.0,1.0,0.0,0,0.0
11,S1,H4,processor,22,569.826226,24.0,0.0,53.24,0,0,24.0,1.0,0.0,0,0.0
11,S1,H5,processor,22,569.826226,24.0,0.0,53.24,0,0,24.0,1.0,0.0,0,0.0
11,S1,H7,loader,22,802.411354,24.0,0.0,55.4,0,0,24.0,1.0,0.0,0,0.0
12,S1,H1,feller_buncher,22,1013.0077249999999,24.0,0.0,54.44,0,0,24.0,1.0,0.0,0,0.0
12,S1,H2,feller_buncher,22,888.796776,24.0,0.0,54.92,0,0,24.0,1.0,0.0,0,0.0
12,S1,H3,grapple_skidder,22,678.968019,24.0,0.0,54.92,0,0,24.0,1.0,0.0,0,0.0
12,S1,H4,processor,22,517.165642,24.0,0.0,53.72,0,0,24.0,1.0,0.0,0,0.0
12,S1,H5,processor,22,436.9040302688063,20.2753158270544,3.724684172945601,53.72,0,0,24.0,0.8448048261272666,3.724684172945599,1,0.0
12,S1,H7,loader,22,937.184825,24.0,0.0,53.24,0,0,24.0,1.0,0.0,0,0.0
13,S1,H1,feller_buncher,22,413.7565330000002,24.0,0.0,55.16,0,0,24.0,1.0,0.0,0,0.0
13,S1,H2,feller_buncher,22,680.207863,24.0,0.0,53.96,0,0,24.0,1.0,0.0,0,0.0
13,S1,H3,grapple_skidder,22,1332.369187,24.0,0.0,55.4,0,0,24.0,1.0,0.0,0,0.0
13,S1,H4,processor,22,547.23705,24.0,0.0,54.92,0,0,24.0,1.0,0.0,0,0.0
13,S1,H7,loader,22,687.364703,24.0,0.0,53.72,0,0,24.0,1.0,0.0,0,0.0
13,S1,H8,loader,22,687.364703,24.0,0.0,54.2,0,0,24.0,1.0,0.0,0,0.0
14,S1,H1,feller_buncher,22,1164.04956,24.0,0.0,53.48,0,0,24.0,1.0,0.0,0,0.0
14,S1,H2,feller_buncher,22,1176.844281,24.0,0.0,53.48,0,0,24.0,1.0,0.0,0,0.0
14,S1,H3,grapple_skidder,22,678.968019,24.0,0.0,55.4,0,0,24.0,1.0,0.0,0,0.0
14,S1,H4,processor,22,531.895933,24.0,0.0,55.4,0,0,24.0,1.0,0.0,0,0.0
14,S1,H5,processor,22,531.895933,24.0,0.0,53.48,0,0,24.0,1.0,0.0,0,0.0
14,S1,H6,processor,22,481.3478239345903,21.719188017236007,2.2808119827639928,0.0,0,0,24.0,0.9049661673848336,2.280811982763991,1,0.0
14,S1,H7,loader,22,485.857474,24.0,0.0,54.92,0,0,24.0,1.0,0.0,0,0.0
15,S1,H1,feller_buncher,22,787.363583,24.0,0.0,54.44,0,0,24.0,1.0,0.0,0,0.0
15,S1,H2,feller_buncher,22,1176.844281,24.0,0.0,0.0,0,0,24.0,1.0,0.0,0,0.0
15,S1,H3,grapple_skidder,22,739.620424,24.0,0.0,53.24,0,0,24.0,1.0,0.0,0,0.0
15,S1,H4,processor,22,547.23705,24.0,0.0,55.4,0,0,24.0,1.0,0.0,0,0.0
15,S1,H7,loader,22,471.12558813867,24.0,0.0,55.4,0,0,24.0,1.0,0.0,0,0.0
15,S1,H8,loader,22,471.12558813867,24.0,0.0,53.48,0,0,24.0,1.0,0.0,0,0.0
16,S1,H1,feller_buncher,22,836.2962474999999,24.0,0.0,53.48,0,0,24.0,1.0,0.0,0,0.3
16,S1,H2,feller_buncher,22,77.91541660000061,24.0,0.0,0.0,0,0,24.0,1.0,0.0,0,0.3
16,S1,H3,grapple_skidder,22,472.22269289999997,24.0,0.0,54.44,0,0,24.0,1.0,0.0,0,0.3
16,S1,H4,processor,22,336.93049809999997,24.0,0.0,53.24,0,0,24.0,1.0,0.0,0,0.3
16,S1,H5,processor,22,336.93049809999997,24.0,0.0,55.16,0,0,24.0,1.0,0.0,0,0.3
16,S1,H7,loader,22,340.1002318,24.0,0.0,55.4,0,0,24.0,1.0,0.0,0,0.3
17,S1,H1,feller_buncher,22,836.2962474999999,24.0,0.0,0.0,0,0,24.0,1.0,0.0,0,0.3
17,S1,H2,feller_buncher,22,814.8346919999999,24.0,0.0,54.2,0,0,24.0,1.0,0.0,0,0.3
17,S1,H3,grapple_skidder,22,815.3097511999999,24.0,0.0,53.24,0,0,24.0,1.0,0.0,0,0.3
17,S1,H4,processor,22,319.2576345,24.0,0.0,54.44,0,0,24.0,1.0,0.0,0,0.3
17,S1,H5,processor,22,152.96505839999998,24.0,0.0,54.44,0,0,24.0,1.0,0.0,0,0.3
17,S1,H7,loader,22,316.3712468,24.0,0.0,53.24,0,0,24.0,1.0,0.0,0,0.3
17,S1,H8,loader,22,316.3712468,24.0,0.0,55.16,0,0,24.0,1.0,0.0,0,0.3
18,S1,H1,feller_buncher,22,140.55055100000027,24.0,0.0,0.0,0,0,24.0,1.0,0.0,0,0.0
18,S1,H2,feller_buncher,22,886.7491081917135,24.0,0.0,0.0,0,0,24.0,1.0,0.0,0,0.0
18,S1,H3,grapple_skidder,22,739.620424,24.0,0.0,54.68,0,0,24.0,1.0,0.0,0,0.0
18,S1,H4,processor,22,517.165642,24.0,0.0,53.24,0,0,24.0,1.0,0.0,0,0.0
18,S1,H5,processor,22,517.165642,24.0,0.0,53.24,0,0,24.0,1.0,0.0,0,0.0
18,S1,H7,loader,22,472.22269289999997,24.0,0.0,54.44,1,0,24.0,1.0,0.0,0,0.0
19,S1,H1,feller_buncher,22,502.7667789999996,24.0,0.0,54.92,0,0,24.0,1.0,0.0,0,0.0
19,S1,H2,feller_buncher,22,256.1621419999998,24.0,0.0,53.24,0,0,24.0,1.0,0.0,0,0.0
19,S1,H3,grapple_skidder,22,1164.728216,24.0,0.0,54.68,0,0,24.0,1.0,0.0,0,0.0
19,S1,H4,processor,22,481.329283,24.0,0.0,54.68,0,0,24.0,1.0,0.0,0,0.0
19,S1,H7,loader,22,687.364703,24.0,0.0,53.24,0,0,24.0,1.0,0.0,0,0.0
20,S1,H1,feller_buncher,22,41.3019516,24.0,0.0,53.24,0,0,24.0,1.0,0.0,0,0.3
20,S1,H2,feller_buncher,22,340.44333400000005,24.0,0.0,54.68,0,0,24.0,1.0,0.0,0,0.3
20,S1,H3,grapple_skidder,22,248.023252828965,24.0,0.0,54.92,0,0,24.0,1.0,0.0,0,0.3
20,S1,H4,processor,22,362.0159494,24.0,0.0,54.68,0,0,24.0,1.0,0.0,0,0.3
20,S1,H5,processor,22,362.0159494,24.0,0.0,0.0,0,0,24.0,1.0,0.0,0,0.3
20,S1,H6,processor,22,362.0159494,24.0,0.0,53.48,0,0,24.0,1.0,0.0,0,0.3
20,S1,H7,loader,22,316.3712468,24.0,0.0,54.68,0,0,24.0,1.0,0.0,0,0.3
21,S1,H1,feller_buncher,22,576.960683,24.0,0.0,53.24,0,0,24.0,1.0,0.0,0,0.0
21,S1,H2,feller_buncher,22,364.89843800000006,24.0,0.0,53.72,0,0,24.0,1.0,0.0,0,0.0
21,S1,H3,grapple_skidder,22,1127.8069169999999,24.0,0.0,55.16,1,0,24.0,1.0,0.0,0,0.0
21,S1,H4,processor,22,547.23705,24.0,0.0,54.92,0,0,24.0,1.0,0.0,0,0.0
21,S1,H5,processor,22,227.71007882896538,24.0,0.0,54.92,1,0,24.0,1.0,0.0,0,0.0
21,S1,H7,loader,22,687.364703,24.0,0.0,54.68,0,0,24.0,1.0,0.0,0,0.0
21,S1,H8,loader,22,687.364703,24.0,0.0,54.68,0,0,24.0,1.0,0.0,0,0.0
22,S1,H3,grapple_skidder,22,778.104169,24.0,0.0,54.44,0,0,24.0,1.0,0.0,0,0.0
22,S1,H4,processor,22,441.264891,24.0,0.0,55.16,0,0,24.0,1.0,0.0,0,0.0
22,S1,H5,processor,22,441.264891,24.0,0.0,55.16,0,0,24.0,1.0,0.0,0,0.0
22,S1,H6,processor,22,245.27713499999987,24.0,0.0,53.24,1,0,24.0,1.0,0.0,0,0.0
22,S1,H7,loader,22,485.857474,24.0,0.0,54.92,0,0,24.0,1.0,0.0,0,0.0
22,S1,H8,loader,22,485.857474,24.0,0.0,54.92,0,0,24.0,1.0,0.0,0,0.0
23,S1,H3,grapple_skidder,22,366.7133489055428,24.0,0.0,53.72,0,0,24.0,1.0,0.0,0,0.0
23,S1,H4,processor,22,421.4234647232293,21.563226247924998,2.436773752075002,54.44,0,0,24.0,0.8984677603302083,2.4367737520750032,1,0.0
23,S1,H7,loader,22,733.483855,24.0,0.0,55.16,0,0,24.0,1.0,0.0,0,0.0
23,S1,H8,loader,22,394.32306199999994,24.0,0.0,55.16,1,0,24.0,1.0,0.0,0,0.0
24,S1,H3,grapple_skidder,22,1036.4489751,24.0,0.0,55.64,0,0,24.0,1.0,0.0,0,0.3
24,S1,H4,processor,22,366.7133489055428,24.0,0.0,53.72,1,0,24.0,1.0,0.0,0,0.3
24,S1,H7,loader,22,332.3191473,24.0,0.0,54.44,0,0,24.0,1.0,0.0,0,0.3
25,S1,H3,grapple_skidder,22,1332.369187,24.0,0.0,53.24,0,0,24.0,1.0,0.0,0,0.0
25,S1,H4,processor,22,290.36150174397113,24.0,0.0,55.64,0,0,24.0,1.0,0.0,0,0.0
25,S1,H5,processor,22,290.36150174397113,24.0,0.0,53.48,0,0,24.0,1.0,0.0,0,0.0
25,S1,H6,processor,22,290.36150174397113,24.0,0.0,53.48,0,0,24.0,1.0,0.0,0,0.0
25,S1,H7,loader,22,485.857474,24.0,0.0,53.72,0,0,24.0,1.0,0.0,0,0.0
26,S1,H3,grapple_skidder,22,678.968019,24.0,0.0,55.4,0,0,24.0,1.0,0.0,0,0.0
26,S1,H4,processor,22,531.895933,24.0,0.0,53.24,0,0,24.0,1.0,0.0,0,0.0
26,S1,H5,processor,22,531.895933,24.0,0.0,53.24,0,0,24.0,1.0,0.0,0,0.0
26,S1,H7,loader,22,937.184825,24.0,0.0,55.64,0,0,24.0,1.0,0.0,0,0.0
26,S1,H8,loader,22,136.3673072319134,24.0,0.0,53.48,1,0,24.0,1.0,0.0,0,0.0
27,S1,H3,grapple_skidder,22,739.620424,24.0,0.0,53.24,0,0,24.0,1.0,0.0,0,0.0
27,S1,H4,processor,22,547.23705,24.0,0.0,55.4,0,0,24.0,1.0,0.0,0,0.0
27,S1,H7,loader,22,802.411354,24.0,0.0,53.24,0,0,24.0,1.0,0.0,0,0.0
28,S1,H3,grapple_skidder,22,1480.641393,24.0,0.0,55.4,0,0,24.0,1.0,0.0,0,0.0
28,S1,H4,processor,22,481.329283,24.0,0.0,53.24,0,0,24.0,1.0,0.0,0,0.0
28,S1,H5,processor,22,481.329283,24.0,0.0,55.16,0,0,24.0,1.0,0.0,0,0.0
28,S1,H7,loader,22,485.857474,24.0,0.0,55.4,0,0,24.0,1.0,0.0,0,0.0
28,S1,H8,loader,22,217.6485618965189,24.0,0.0,55.64,1,0,24.0,1.0,0.0,0,0.0
29,S1,H3,grapple_skidder,22,778.104169,24.0,0.0,54.92,0,0,24.0,1.0,0.0,0,0.0
29,S1,H4,processor,22,569.826226,24.0,0.0,55.4,0,0,24.0,1.0,0.0,0,0.0
29,S1,H5,processor,22,569.826226,24.0,0.0,55.4,0,0,24.0,1.0,0.0,0,0.0
29,S1,H7,loader,22,451.958924,24.0,0.0,53.24,0,0,24.0,1.0,0.0,0,0.0
29,S1,H8,loader,22,451.958924,24.0,0.0,53.24,0,0,24.0,1.0,0.0,0,0.0
30,S1,H3,grapple_skidder,22,678.968019,24.0,0.0,53.72,0,0,24.0,1.0,0.0,0,0.0
30,S1,H4,processor,22,374.432459347561,19.1588093956302,4.8411906043698,54.92,0,0,24.0,0.798283724817925,4.841190604369801,1,0.0
30,S1,H5,processor,22,469.046841,24.0,0.0,54.92,0,0,24.0,1.0,0.0,0,0.0
30,S1,H7,loader,22,937.184825,24.0,0.0,55.4,0,0,24.0,1.0,0.0,0,0.0
31,S1,H3,grapple_skidder,22,646.2398977999999,24.0,0.0,53.96,0,0,24.0,1.0,0.0,0,0.3
31,S1,H4,processor,22,383.06593499999997,24.0,0.0,53.72,0,0,24.0,1.0,0.0,0,0.3
31,S1,H7,loader,22,332.3191473,24.0,0.0,54.92,0,0,24.0,1.0,0.0,0,0.3
31,S1,H8,loader,22,262.6057844161297,18.96531956462177,5.034680435378231,53.48,0,0,24.0,0.790221648525907,5.034680435378231,1,0.3
32,S1,H3,grapple_skidder,22,778.104169,24.0,0.0,53.24,0,0,24.0,1.0,0.0,0,0.0
32,S1,H4,processor,22,395.784917,24.0,0.0,53.96,0,0,24.0,1.0,0.0,0,0.0
32,S1,H5,processor,22,250.45498079999987,24.0,0.0,53.24,1,0,24.0,1.0,0.0,0,0.0
32,S1,H7,loader,22,323.9737712166423,24.0,0.0,53.72,0,0,24.0,1.0,0.0,0,0.0
33,S1,H3,grapple_skidder,22,17.36436625610554,24.0,0.0,53.48,1,0,24.0,1.0,0.0,0,0.0
33,S1,H4,processor,22,469.046841,24.0,0.0,53.24,0,0,24.0,1.0,0.0,0,0.0
33,S1,H5,processor,22,469.046841,24.0,0.0,53.24,0,0,24.0,1.0,0.0,0,0.0
33,S1,H7,loader,22,380.4869834577469,19.99380771333218,4.006192286667819,53.96,0,0,24.0,0.8330753213888409,4.006192286667821,1,0.0
34,S1,H3,grapple_skidder,22,122.17881099999954,24.0,0.0,53.24,0,0,24.0,1.0,0.0,0,0.0
34,S1,H4,processor,22,376.66793405610525,24.0,0.0,53.48,1,0,24.0,1.0,0.0,0,0.0
34,S1,H7,loader,22,474.741639,24.0,0.0,53.24,0,0,24.0,1.0,0.0,0,0.0
34,S1,H8,loader,22,474.741639,24.0,0.0,0.0,0,0,24.0,1.0,0.0,0,0.0
35,S1,H3,grapple_skidder,22,809.624168,24.0,0.0,53.48,0,0,24.0,1.0,0.0,0,0.0
35,S1,H4,processor,22,547.23705,24.0,0.0,53.24,0,0,24.0,1.0,0.0,0,0.0
35,S1,H5,processor,22,2.5748139999997193,24.0,0.0,53.72,1,0,24.0,1.0,0.0,0,0.0
35,S1,H7,loader,22,451.958924,24.0,0.0,53.48,0,0,24.0,1.0,0.0,0,0.0
35,S1,H8,loader,22,134.7057859999993,24.0,0.0,53.48,0,0,24.0,1.0,0.0,0,0.0
36,S1,H3,grapple_skidder,22,778.104169,24.0,0.0,53.24,0,0,24.0,1.0,0.0,0,0.0
36,S1,H4,processor,22,409.650504,24.0,0.0,53.48,0,0,24.0,1.0,0.0,0,0.0
36,S1,H5,processor,22,383.78312365909596,22.48452004301282,1.5154799569871784,53.48,0,0,24.0,0.9368550017922009,1.5154799569871789,1,0.0
36,S1,H7,loader,22,485.857474,24.0,0.0,53.24,0,0,24.0,1.0,0.0,0,0.0
36,S1,H8,loader,22,123.04655378335735,24.0,0.0,53.24,1,0,24.0,1.0,0.0,0,0.0
37,S1,H3,grapple_skidder,22,1092.0868952221876,19.67178897640816,4.328211023591841,54.68,0,0,24.0,0.8196578740170066,4.328211023591841,1,0.0
37,S1,H4,processor,22,469.046841,24.0,0.0,53.24,0,0,24.0,1.0,0.0,0,0.0
37,S1,H7,loader,22,424.433991,24.0,0.0,53.48,0,0,24.0,1.0,0.0,0,0.0
37,S1,H8,loader,22,424.433991,24.0,0.0,53.48,0,0,24.0,1.0,0.0,0,0.0
38,S1,H3,grapple_skidder,22,204.82913489999987,24.0,0.0,53.24,1,0,24.0,1.0,0.0,0,0.0
38,S1,H4,processor,22,531.895933,24.0,0.0,54.68,0,0,24.0,1.0,0.0,0,0.0
38,S1,H5,processor,22,531.895933,24.0,0.0,54.92,0,0,24.0,1.0,0.0,0,0.0
38,S1,H6,processor,22,454.8681563638968,24.0,0.0,53.24,1,0,24.0,1.0,0.0,0,0.0
38,S1,H7,loader,22,394.39211189861436,19.938025039271402,4.061974960728598,53.24,0,0,24.0,0.8307510433029751,4.0619749607286,1,0.0
39,S1,H3,grapple_skidder,22,159.77199800000017,24.0,0.0,53.72,0,0,24.0,1.0,0.0,0,0.0
39,S1,H4,processor,22,250.7772426313816,24.0,0.0,53.24,0,0,24.0,1.0,0.0,0,0.0
39,S1,H5,processor,22,158.77563624440407,24.0,0.0,53.24,0,0,24.0,1.0,0.0,0,0.0
39,S1,H7,loader,22,802.411354,24.0,0.0,54.68,0,0,24.0,1.0,0.0,0,0.0
39,S1,H8,loader,22,802.411354,24.0,0.0,54.92,0,0,24.0,1.0,0.0,0,0.0
40,S1,H3,grapple_skidder,22,482.9587130372154,24.0,0.0,53.48,1,0,24.0,1.0,0.0,0,0.0
40,S1,H4,processor,22,164.19408399999952,24.0,0.0,53.72,0,0,24.0,1.0,0.0,0,0.0
40,S1,H7,loader,22,612.0205058757856,24.0,0.0,53.24,1,0,24.0,1.0,0.0,0,0.0
40,S1,H8,loader,22,0.0,17.324209723257898,6.675790276742102,53.24,1,0,24.0,0.7218420718024124,6.675790276742101,1,0.0
41,S1,H3,grapple_skidder,22,576.960683,24.0,0.0,54.2,0,0,24.0,1.0,0.0,0,0.0
41,S1,H4,processor,22,482.9587130372154,24.0,0.0,53.48,1,0,24.0,1.0,0.0,0,0.0
41,S1,H5,processor,22,0.0,24.0,0.0,53.24,1,0,24.0,1.0,0.0,0,0.0
41,S1,H7,loader,22,264.79971325539805,24.0,0.0,53.72,1,0,24.0,1.0,0.0,0,0.0
41,S1,H8,loader,22,0.0,24.0,0.0,53.72,1,0,24.0,1.0,0.0,0,0.0
42,S1,H3,grapple_skidder,22,1045.106301,24.0,0.0,53.24,0,0,24.0,1.0,0.0,0,0.0
42,S1,H4,processor,22,252.8550689640008,24.0,0.0,54.2,0,0,24.0,1.0,0.0,0,0.0
42,S1,H5,processor,22,87.40613044968264,24.0,0.0,54.2,0,0,24.0,1.0,0.0,0,0.0
42,S1,H7,loader,22,802.411354,24.0,0.0,53.48,0,0,24.0,1.0,0.0,0,0.0
42,S1,H8,loader,22,279.7560149999998,24.0,0.0,53.48,0,0,24.0,1.0,0.0,0,0.0
1,S1,H1,feller_buncher,23,823.7909966999999,24.0,0.0,0.0,0,0,24.0,1.0,0.0,0,0.3
1,S1,H2,feller_buncher,23,909.6350143999999,24.0,0.0,0.0,0,0,24.0,1.0,0.0,0,0.3
2,S1,H1,feller_buncher,23,1164.04956,24.0,0.0,54.2,0,0,24.0,1.0,0.0,0,0.0
2,S1,H2,feller_buncher,23,1299.478592,24.0,0.0,0.0,0,0,24.0,1.0,0.0,0,0.0
2,S1,H3,grapple_skidder,23,823.7909966999999,24.0,0.0,0.0,1,0,24.0,1.0,0.0,0,0.0
3,S1,H1,feller_buncher,23,888.796776,24.0,0.0,53.24,0,0,24.0,1.0,0.0,0,0.0
3,S1,H2,feller_buncher,23,1299.478592,24.0,0.0,0.0,0,0,24.0,1.0,0.0,0,0.0
3,S1,H3,grapple_skidder,23,778.104169,24.0,0.0,54.2,0,0,24.0,1.0,0.0,0,0.0
3,S1,H4,processor,23,517.165642,24.0,0.0,0.0,0,0,24.0,1.0,0.0,0,0.0
3,S1,H5,processor,23,306.6253546999999,24.0,0.0,0.0,1,0,24.0,1.0,0.0,0,0.0
4,S1,H1,feller_buncher,23,673.0877349,24.0,0.0,53.24,0,0,24.0,1.0,0.0,0,0.3
4,S1,H2,feller_buncher,23,909.6350143999999,24.0,0.0,0.0,0,0,24.0,1.0,0.0,0,0.3
4,S1,H3,grapple_skidder,23,566.7369176,24.0,0.0,53.24,0,0,24.0,1.0,0.0,0,0.3
4,S1,H4,processor,23,328.3327887,24.0,0.0,54.2,0,0,24.0,1.0,0.0,0,0.3
4,S1,H7,loader,23,481.15529209999994,24.0,0.0,0.0,0,0,24.0,1.0,0.0,0,0.3
5,S1,H1,feller_buncher,23,249.20601649999983,24.0,0.0,53.24,0,0,24.0,1.0,0.0,0,0.3
5,S1,H2,feller_buncher,23,836.2962474999999,24.0,0.0,55.64,0,0,24.0,1.0,0.0,0,0.3
5,S1,H3,grapple_skidder,23,384.91697150139936,24.0,0.0,53.24,0,0,24.0,1.0,0.0,0,0.3
5,S1,H4,processor,23,286.75535279999997,24.0,0.0,53.24,0,0,24.0,1.0,0.0,0,0.3
6,S1,H1,feller_buncher,23,1220.906942,24.0,0.0,55.4,0,0,24.0,1.0,0.0,0,0.0
6,S1,H2,feller_buncher,23,1164.04956,24.0,0.0,54.92,0,0,24.0,1.0,0.0,0,0.0
6,S1,H3,grapple_skidder,23,678.968019,24.0,0.0,53.24,0,0,24.0,1.0,0.0,0,0.0
6,S1,H4,processor,23,384.91697150139936,19.634833940391598,4.365166059608402,53.24,1,0,24.0,0.8181180808496499,4.365166059608402,1,0.0
7,S1,H1,feller_buncher,23,823.7909966999999,24.0,0.0,53.48,0,0,24.0,1.0,0.0,0,0.3
7,S1,H2,feller_buncher,23,854.6348594,24.0,0.0,54.68,0,0,24.0,1.0,0.0,0,0.3
7,S1,H3,grapple_skidder,23,544.6729182999999,24.0,0.0,53.72,0,0,24.0,1.0,0.0,0,0.3
7,S1,H4,processor,23,383.06593499999997,24.0,0.0,53.24,0,0,24.0,1.0,0.0,0,0.3
7,S1,H7,loader,23,316.3712468,24.0,0.0,54.68,0,0,24.0,1.0,0.0,0,0.3
8,S1,H1,feller_buncher,23,674.603847,24.0,0.0,53.24,0,0,24.0,1.0,0.0,0,0.0
8,S1,H2,feller_buncher,23,819.5221512451291,16.109771312843513,7.890228687156487,0.0,0,0,24.0,0.6712404713684798,7.890228687156487,1,0.0
8,S1,H3,grapple_skidder,23,678.968019,24.0,0.0,53.72,0,0,24.0,1.0,0.0,0,0.0
8,S1,H4,processor,23,469.046841,24.0,0.0,53.72,0,0,24.0,1.0,0.0,0,0.0
8,S1,H5,processor,23,469.046841,24.0,0.0,54.2,0,0,24.0,1.0,0.0,0,0.0
8,S1,H7,loader,23,383.06593499999997,24.0,0.0,53.24,1,0,24.0,1.0,0.0,0,0.0
9,S1,H1,feller_buncher,23,1194.708925,24.0,0.0,53.96,0,0,24.0,1.0,0.0,0,0.0
9,S1,H2,feller_buncher,23,961.553907,24.0,0.0,55.16,0,0,24.0,1.0,0.0,0,0.0
9,S1,H3,grapple_skidder,23,1332.369187,24.0,0.0,55.4,0,0,24.0,1.0,0.0,0,0.0
9,S1,H4,processor,23,397.9337936049804,24.0,0.0,53.72,0,0,24.0,1.0,0.0,0,0.0
9,S1,H7,loader,23,474.741639,24.0,0.0,53.72,0,0,24.0,1.0,0.0,0,0.0
9,S1,H8,loader,23,344.3536574419727,17.40839037421646,6.591609625783541,0.0,0,0,24.0,0.7253495989256858,6.591609625783542,1,0.0
10,S1,H1,feller_buncher,23,961.553907,24.0,0.0,55.4,0,0,24.0,1.0,0.0,0,0.0
10,S1,H2,feller_buncher,23,860.013242,24.0,0.0,53.72,0,0,24.0,1.0,0.0,0,0.0
10,S1,H3,grapple_skidder,23,1480.641393,24.0,0.0,53.24,0,0,24.0,1.0,0.0,0,0.0
10,S1,H4,processor,23,531.895933,24.0,0.0,55.4,0,0,24.0,1.0,0.0,0,0.0
10,S1,H5,processor,23,531.895933,24.0,0.0,54.68,0,0,24.0,1.0,0.0,0,0.0
10,S1,H7,loader,23,397.9337936049804,24.0,0.0,53.72,1,0,24.0,1.0,0.0,0,0.0
11,S1,H1,feller_buncher,23,860.013242,24.0,0.0,53.72,0,0,24.0,1.0,0.0,0,0.0
11,S1,H2,feller_buncher,23,1220.906942,24.0,0.0,54.44,0,0,24.0,1.0,0.0,0,0.0
11,S1,H3,grapple_skidder,23,823.7909966999999,24.0,0.0,53.72,1,0,24.0,1.0,0.0,0,0.0
11,S1,H4,processor,23,569.826226,24.0,0.0,53.24,0,0,24.0,1.0,0.0,0,0.0
11,S1,H5,processor,23,569.826226,24.0,0.0,53.24,0,0,24.0,1.0,0.0,0,0.0
11,S1,H7,loader,23,802.411354,24.0,0.0,55.4,0,0,24.0,1.0,0.0,0,0.0
12,S1,H1,feller_buncher,23,1013.0077249999999,24.0,0.0,54.44,0,0,24.0,1.0,0.0,0,0.0
12,S1,H2,feller_buncher,23,888.796776,24.0,0.0,54.92,0,0,24.0,1.0,0.0,0,0.0
12,S1,H3,grapple_skidder,23,678.968019,24.0,0.0,54.92,0,0,24.0,1.0,0.0,0,0.0
12,S1,H4,processor,23,517.165642,24.0,0.0,53.72,0,0,24.0,1.0,0.0,0,0.0
12,S1,H5,processor,23,306.6253546999999,24.0,0.0,53.72,1,0,24.0,1.0,0.0,0,0.0
12,S1,H7,loader,23,937.184825,24.0,0.0,53.24,0,0,24.0,1.0,0.0,0,0.0
13,S1,H1,feller_buncher,23,413.7565330000002,24.0,0.0,55.16,0,0,24.0,1.0,0.0,0,0.0
13,S1,H2,feller_buncher,23,680.207863,24.0,0.0,53.96,0,0,24.0,1.0,0.0,0,0.0
13,S1,H3,grapple_skidder,23,1332.369187,24.0,0.0,55.4,0,0,24.0,1.0,0.0,0,0.0
13,S1,H4,processor,23,547.23705,24.0,0.0,54.92,0,0,24.0,1.0,0.0,0,0.0
13,S1,H7,loader,23,687.364703,24.0,0.0,53.72,0,0,24.0,1.0,0.0,0,0.0
13,S1,H8,loader,23,479.0619982999999,24.0,0.0,54.2,1,0,24.0,1.0,0.0,0,0.0
14,S1,H1,feller_buncher,23,814.8346919999999,24.0,0.0,53.48,0,0,24.0,1.0,0.0,0,0.3
14,S1,H2,feller_buncher,23,823.7909966999999,24.0,0.0,53.48,0,0,24.0,1.0,0.0,0,0.3
14,S1,H3,grapple_skidder,23,475.2776133,24.0,0.0,55.4,0,0,24.0,1.0,0.0,0,0.3
14,S1,H4,processor,23,308.8247245061603,19.90666897763747,4.0933310223625305,55.4,0,0,24.0,0.8294445407348946,4.0933310223625305,1,0.3
14,S1,H5,processor,23,372.3271531,24.0,0.0,53.48,0,0,24.0,1.0,0.0,0,0.3
14,S1,H6,processor,23,372.3271531,24.0,0.0,0.0,0,0,24.0,1.0,0.0,0,0.3
14,S1,H7,loader,23,340.1002318,24.0,0.0,54.92,0,0,24.0,1.0,0.0,0,0.3
15,S1,H1,feller_buncher,23,787.363583,24.0,0.0,54.44,0,0,24.0,1.0,0.0,0,0.0
15,S1,H2,feller_buncher,23,1176.844281,24.0,0.0,0.0,0,0,24.0,1.0,0.0,0,0.0
15,S1,H3,grapple_skidder,23,342.1782463021586,24.0,0.0,53.24,0,0,24.0,1.0,0.0,0,0.0
15,S1,H4,processor,23,547.23705,24.0,0.0,55.4,0,0,24.0,1.0,0.0,0,0.0
15,S1,H7,loader,23,802.411354,24.0,0.0,55.4,0,0,24.0,1.0,0.0,0,0.0
15,S1,H8,loader,23,512.4481887061605,24.0,0.0,53.48,1,0,24.0,1.0,0.0,0,0.0
16,S1,H1,feller_buncher,23,870.8912773533647,24.0,0.0,53.48,0,0,24.0,1.0,0.0,0,0.0
16,S1,H2,feller_buncher,23,111.30773800000088,24.0,0.0,0.0,0,0,24.0,1.0,0.0,0,0.0
16,S1,H3,grapple_skidder,23,674.603847,24.0,0.0,54.44,0,0,24.0,1.0,0.0,0,0.0
16,S1,H4,processor,23,342.1782463021586,24.0,0.0,53.24,1,0,24.0,1.0,0.0,0,0.0
16,S1,H5,processor,23,0.0,24.0,0.0,55.16,1,0,24.0,1.0,0.0,0,0.0
16,S1,H7,loader,23,485.857474,24.0,0.0,55.4,0,0,24.0,1.0,0.0,0,0.0
17,S1,H1,feller_buncher,23,1194.708925,24.0,0.0,0.0,0,0,24.0,1.0,0.0,0,0.0
17,S1,H2,feller_buncher,23,1164.04956,24.0,0.0,54.2,0,0,24.0,1.0,0.0,0,0.0
17,S1,H3,grapple_skidder,23,1164.728216,24.0,0.0,53.24,0,0,24.0,1.0,0.0,0,0.0
17,S1,H4,processor,23,456.082335,24.0,0.0,54.44,0,0,24.0,1.0,0.0,0,0.0
17,S1,H5,processor,23,180.56923548072336,19.83173927305318,4.168260726946819,54.44,0,0,24.0,0.8263224697105492,4.16826072694682,1,0.0
17,S1,H7,loader,23,410.72397100355795,24.0,0.0,53.24,1,0,24.0,1.0,0.0,0,0.0
17,S1,H8,loader,23,0.0,24.0,0.0,55.16,1,0,24.0,1.0,0.0,0,0.0
18,S1,H1,feller_buncher,23,140.55055100000027,24.0,0.0,0.0,0,0,24.0,1.0,0.0,0,0.0
18,S1,H2,feller_buncher,23,1164.04956,24.0,0.0,0.0,0,0,24.0,1.0,0.0,0,0.0
18,S1,H3,grapple_skidder,23,632.0696871548357,20.51007787166794,3.4899221283320614,54.68,0,0,24.0,0.8545865779861641,3.4899221283320627,1,0.0
18,S1,H4,processor,23,517.165642,24.0,0.0,53.24,0,0,24.0,1.0,0.0,0,0.0
18,S1,H5,processor,23,517.165642,24.0,0.0,53.24,0,0,24.0,1.0,0.0,0,0.0
18,S1,H7,loader,23,636.6515704807234,24.0,0.0,54.44,1,0,24.0,1.0,0.0,0,0.0
19,S1,H1,feller_buncher,23,502.7667789999996,24.0,0.0,54.92,0,0,24.0,1.0,0.0,0,0.0
19,S1,H2,feller_buncher,23,256.1621419999998,24.0,0.0,53.24,0,0,24.0,1.0,0.0,0,0.0
19,S1,H3,grapple_skidder,23,947.2147997000006,24.0,0.0,54.68,1,0,24.0,1.0,0.0,0,0.0
19,S1,H4,processor,23,481.329283,24.0,0.0,54.68,0,0,24.0,1.0,0.0,0,0.0
19,S1,H7,loader,23,687.364703,24.0,0.0,53.24,0,0,24.0,1.0,0.0,0,0.0
20,S1,H1,feller_buncher,23,59.00278800000001,24.0,0.0,53.24,0,0,24.0,1.0,0.0,0,0.0
20,S1,H2,feller_buncher,23,342.5875126407509,24.0,0.0,54.68,0,0,24.0,1.0,0.0,0,0.0
20,S1,H3,grapple_skidder,23,409.20869875238736,24.0,0.0,54.92,0,0,24.0,1.0,0.0,0,0.0
20,S1,H4,processor,23,517.165642,24.0,0.0,54.68,0,0,24.0,1.0,0.0,0,0.0
20,S1,H5,processor,23,517.165642,24.0,0.0,0.0,0,0,24.0,1.0,0.0,0,0.0
20,S1,H6,processor,23,43.28044770000042,24.0,0.0,53.48,1,0,24.0,1.0,0.0,0,0.0
20,S1,H7,loader,23,451.958924,24.0,0.0,54.68,0,0,24.0,1.0,0.0,0,0.0
21,S1,H1,feller_buncher,23,310.92794129552686,24.0,0.0,53.24,0,0,24.0,1.0,0.0,0,0.3
21,S1,H2,feller_buncher,23,213.04737049867822,20.01784747086365,3.98215252913635,53.72,0,0,24.0,0.8340769779526521,3.982152529136351,1,0.3
21,S1,H3,grapple_skidder,23,891.5978421,24.0,0.0,55.16,0,0,24.0,1.0,0.0,0,0.3
21,S1,H4,processor,23,299.06543998023284,18.73716742660918,5.262832573390821,54.92,0,0,24.0,0.7807153094420491,5.2628325733908214,1,0.3
21,S1,H5,processor,23,383.06593499999997,24.0,0.0,54.92,0,0,24.0,1.0,0.0,0,0.3
21,S1,H7,loader,23,481.15529209999994,24.0,0.0,54.68,0,0,24.0,1.0,0.0,0,0.3
21,S1,H8,loader,23,481.15529209999994,24.0,0.0,54.68,0,0,24.0,1.0,0.0,0,0.3
22,S1,H3,grapple_skidder,23,778.104169,24.0,0.0,54.44,0,0,24.0,1.0,0.0,0,0.0
22,S1,H4,processor,23,368.0940850549236,20.020305765314482,3.9796942346855175,55.16,0,0,24.0,0.8341794068881034,3.979694234685516,1,0.0
22,S1,H5,processor,23,385.93424433767007,20.99061596111457,3.009384038885429,55.16,0,0,24.0,0.8746089983797738,3.009384038885429,1,0.0
22,S1,H6,processor,23,137.56951270740626,24.0,0.0,53.24,1,0,24.0,1.0,0.0,0,0.0
22,S1,H7,loader,23,485.857474,24.0,0.0,54.92,0,0,24.0,1.0,0.0,0,0.0
22,S1,H8,loader,23,464.79029518023253,24.0,0.0,54.92,1,0,24.0,1.0,0.0,0,0.0
23,S1,H3,grapple_skidder,23,678.968019,24.0,0.0,53.72,0,0,24.0,1.0,0.0,0,0.0
23,S1,H4,processor,23,281.216965387376,21.64657790363427,2.3534220963657297,54.44,0,0,24.0,0.9019407459847613,2.353422096365731,1,0.0
23,S1,H7,loader,23,733.483855,24.0,0.0,55.16,0,0,24.0,1.0,0.0,0,0.0
23,S1,H8,loader,23,158.11398709999992,24.0,0.0,55.16,1,0,24.0,1.0,0.0,0,0.0
24,S1,H3,grapple_skidder,23,1480.641393,24.0,0.0,55.64,0,0,24.0,1.0,0.0,0,0.0
24,S1,H4,processor,23,547.23705,24.0,0.0,53.72,0,0,24.0,1.0,0.0,0,0.0
24,S1,H7,loader,23,474.741639,24.0,0.0,54.44,0,0,24.0,1.0,0.0,0,0.0
25,S1,H3,grapple_skidder,23,1332.369187,24.0,0.0,53.24,0,0,24.0,1.0,0.0,0,0.0
25,S1,H4,processor,23,569.826226,24.0,0.0,55.64,0,0,24.0,1.0,0.0,0,0.0
25,S1,H5,processor,23,569.826226,24.0,0.0,53.48,0,0,24.0,1.0,0.0,0,0.0
25,S1,H6,processor,23,569.826226,24.0,0.0,53.48,0,0,24.0,1.0,0.0,0,0.0
25,S1,H7,loader,23,485.857474,24.0,0.0,53.72,0,0,24.0,1.0,0.0,0,0.0
26,S1,H3,grapple_skidder,23,678.968019,24.0,0.0,55.4,0,0,24.0,1.0,0.0,0,0.0
26,S1,H4,processor,23,531.895933,24.0,0.0,53.24,0,0,24.0,1.0,0.0,0,0.0
26,S1,H5,processor,23,452.1067577918047,20.399784081453603,3.6002159185463967,53.24,0,0,24.0,0.8499910033939001,3.600215918546397,1,0.0
26,S1,H7,loader,23,937.184825,24.0,0.0,55.64,0,0,24.0,1.0,0.0,0,0.0
26,S1,H8,loader,23,937.184825,24.0,0.0,53.48,0,0,24.0,1.0,0.0,0,0.0
27,S1,H3,grapple_skidder,23,739.620424,24.0,0.0,53.24,0,0,24.0,1.0,0.0,0,0.0
27,S1,H4,processor,23,547.23705,24.0,0.0,55.4,0,0,24.0,1.0,0.0,0,0.0
27,S1,H7,loader,23,802.411354,24.0,0.0,53.24,0,0,24.0,1.0,0.0,0,0.0
28,S1,H3,grapple_skidder,23,1275.8731398533644,24.0,0.0,55.4,1,0,24.0,1.0,0.0,0,0.0
28,S1,H4,processor,23,481.329283,24.0,0.0,53.24,0,0,24.0,1.0,0.0,0,0.0
28,S1,H5,processor,23,409.03154515483567,24.0,0.0,55.16,1,0,24.0,1.0,0.0,0,0.0
28,S1,H7,loader,23,485.857474,24.0,0.0,55.4,0,0,24.0,1.0,0.0,0,0.0
28,S1,H8,loader,23,122.75915199999986,24.0,0.0,55.64,1,0,24.0,1.0,0.0,0,0.0
29,S1,H3,grapple_skidder,23,778.104169,24.0,0.0,54.92,0,0,24.0,1.0,0.0,0,0.0
29,S1,H4,processor,23,569.826226,24.0,0.0,55.4,0,0,24.0,1.0,0.0,0,0.0
29,S1,H5,processor,23,569.826226,24.0,0.0,55.4,0,0,24.0,1.0,0.0,0,0.0
29,S1,H7,loader,23,451.958924,24.0,0.0,53.24,0,0,24.0,1.0,0.0,0,0.0
29,S1,H8,loader,23,451.958924,24.0,0.0,53.24,0,0,24.0,1.0,0.0,0,0.0
30,S1,H3,grapple_skidder,23,388.10682224761274,24.0,0.0,53.72,1,0,24.0,1.0,0.0,0,0.0
30,S1,H4,processor,23,469.046841,24.0,0.0,54.92,0,0,24.0,1.0,0.0,0,0.0
30,S1,H5,processor,23,469.046841,24.0,0.0,54.92,0,0,24.0,1.0,0.0,0,0.0
30,S1,H7,loader,23,937.184825,24.0,0.0,55.4,0,0,24.0,1.0,0.0,0,0.0
31,S1,H3,grapple_skidder,23,923.199854,24.0,0.0,53.96,0,0,24.0,1.0,0.0,0,0.0
31,S1,H4,processor,23,547.23705,24.0,0.0,53.72,0,0,24.0,1.0,0.0,0,0.0
31,S1,H7,loader,23,474.741639,24.0,0.0,54.92,0,0,24.0,1.0,0.0,0,0.0
31,S1,H8,loader,23,474.741639,24.0,0.0,53.48,0,0,24.0,1.0,0.0,0,0.0
32,S1,H3,grapple_skidder,23,778.104169,24.0,0.0,53.24,0,0,24.0,1.0,0.0,0,0.0
32,S1,H4,processor,23,395.784917,24.0,0.0,53.96,0,0,24.0,1.0,0.0,0,0.0
32,S1,H5,processor,23,395.784917,24.0,0.0,53.24,0,0,24.0,1.0,0.0,0,0.0
32,S1,H7,loader,23,485.857474,24.0,0.0,53.72,0,0,24.0,1.0,0.0,0,0.0
33,S1,H3,grapple_skidder,23,237.95559060000005,24.0,0.0,53.48,0,0,24.0,1.0,0.0,0,0.3
33,S1,H4,processor,23,328.3327887,24.0,0.0,53.24,0,0,24.0,1.0,0.0,0,0.3
33,S1,H5,processor,23,328.3327887,24.0,0.0,53.24,0,0,24.0,1.0,0.0,0,0.3
33,S1,H7,loader,23,319.7080523,24.0,0.0,53.96,0,0,24.0,1.0,0.0,0,0.3
34,S1,H3,grapple_skidder,23,0.0,24.0,0.0,53.24,1,0,24.0,1.0,0.0,0,0.0
34,S1,H4,processor,23,237.95559060000005,24.0,0.0,53.48,1,0,24.0,1.0,0.0,0,0.0
34,S1,H7,loader,23,474.741639,24.0,0.0,53.24,0,0,24.0,1.0,0.0,0,0.0
34,S1,H8,loader,23,424.3408430454029,24.0,0.0,0.0,1,0,24.0,1.0,0.0,0,0.0
35,S1,H3,grapple_skidder,23,809.624168,24.0,0.0,53.48,0,0,24.0,1.0,0.0,0,0.0
35,S1,H4,processor,23,468.11687571478694,21.323375449704443,2.676624550295557,53.24,1,0,24.0,0.8884739770710185,2.676624550295558,1,0.0
35,S1,H5,processor,23,0.0,24.0,0.0,53.72,1,0,24.0,1.0,0.0,0,0.0
35,S1,H7,loader,23,253.76892975483565,24.0,0.0,53.48,1,0,24.0,1.0,0.0,0,0.0
35,S1,H8,loader,23,0.0,24.0,0.0,53.48,1,0,24.0,1.0,0.0,0,0.0
36,S1,H3,grapple_skidder,23,445.10108455869687,19.61255217672666,4.387447823273341,53.24,0,0,24.0,0.8171896740302774,4.387447823273342,1,0.3
36,S1,H4,processor,23,286.75535279999997,24.0,0.0,53.48,0,0,24.0,1.0,0.0,0,0.3
36,S1,H5,processor,23,286.75535279999997,24.0,0.0,53.48,0,0,24.0,1.0,0.0,0,0.3
36,S1,H7,loader,23,340.1002318,24.0,0.0,53.24,0,0,24.0,1.0,0.0,0,0.3
36,S1,H8,loader,23,146.64352429999954,24.0,0.0,53.24,0,0,24.0,1.0,0.0,0,0.3
37,S1,H3,grapple_skidder,23,1131.871058645129,24.0,0.0,54.68,1,0,24.0,1.0,0.0,0,0.0
37,S1,H4,processor,23,469.046841,24.0,0.0,53.24,0,0,24.0,1.0,0.0,0,0.0
37,S1,H7,loader,23,243.65697208693996,24.0,0.0,53.48,0,0,24.0,1.0,0.0,0,0.0
37,S1,H8,loader,23,243.65697208693996,24.0,0.0,53.48,0,0,24.0,1.0,0.0,0,0.0
38,S1,H3,grapple_skidder,23,0.0,24.0,0.0,53.24,1,0,24.0,1.0,0.0,0,0.0
38,S1,H4,processor,23,531.895933,24.0,0.0,54.68,0,0,24.0,1.0,0.0,0,0.0
38,S1,H5,processor,23,531.895933,24.0,0.0,54.92,0,0,24.0,1.0,0.0,0,0.0
38,S1,H6,processor,23,531.895933,24.0,0.0,53.24,0,0,24.0,1.0,0.0,0,0.0
38,S1,H7,loader,23,469.046841,24.0,0.0,53.24,1,0,24.0,1.0,0.0,0,0.0
39,S1,H3,grapple_skidder,23,0.0,24.0,0.0,53.72,1,0,24.0,1.0,0.0,0,0.0
39,S1,H4,processor,23,248.37234385336455,24.0,0.0,53.24,1,0,24.0,1.0,0.0,0,0.0
39,S1,H5,processor,23,0.0,24.0,0.0,53.24,1,0,24.0,1.0,0.0,0,0.0
39,S1,H7,loader,23,802.411354,24.0,0.0,54.68,0,0,24.0,1.0,0.0,0,0.0
39,S1,H8,loader,23,802.411354,24.0,0.0,54.92,0,0,24.0,1.0,0.0,0,0.0
40,S1,H3,grapple_skidder,23,0.0,24.0,0.0,53.48,1,0,24.0,1.0,0.0,0,0.0
40,S1,H4,processor,23,0.0,24.0,0.0,53.72,1,0,24.0,1.0,0.0,0,0.0
40,S1,H7,loader,23,488.4166258533644,24.0,0.0,53.24,1,0,24.0,1.0,0.0,0,0.0
40,S1,H8,loader,23,0.0,24.0,0.0,53.24,1,0,24.0,1.0,0.0,0,0.0
41,S1,H3,grapple_skidder,23,310.92794129552686,24.0,0.0,54.2,1,0,24.0,1.0,0.0,0,0.0
41,S1,H4,processor,23,432.017233147164,24.0,0.0,53.48,1,0,24.0,1.0,0.0,0,0.0
41,S1,H5,processor,23,0.0,24.0,0.0,53.24,1,0,24.0,1.0,0.0,0,0.0
41,S1,H7,loader,23,462.2677285000007,24.0,0.0,53.72,1,0,24.0,1.0,0.0,0,0.0
41,S1,H8,loader,23,0.0,24.0,0.0,53.72,1,0,24.0,1.0,0.0,0,0.0
42,S1,H3,grapple_skidder,23,893.2552334986782,24.0,0.0,53.24,1,0,24.0,1.0,0.0,0,0.0
42,S1,H4,processor,23,310.92794129552686,24.0,0.0,54.2,1,0,24.0,1.0,0.0,0,0.0
42,S1,H5,processor,23,0.0,24.0,0.0,54.2,1,0,24.0,1.0,0.0,0,0.0
42,S1,H7,loader,23,604.473660938969,24.0,0.0,53.48,1,0,24.0,1.0,0.0,0,0.0
42,S1,H8,loader,23,0.0,24.0,0.0,53.48,1,0,24.0,1.0,0.0,0,0.0
1,S1,H1,feller_buncher,24,1176.844281,24.0,0.0,0.0,0,0,24.0,1.0,0.0,0,0.0
1,S1,H2,feller_buncher,24,1299.478592,24.0,0.0,0.0,0,0,24.0,1.0,0.0,0,0.0
2,S1,H1,feller_buncher,24,1164.04956,24.0,0.0,54.2,0,0,24.0,1.0,0.0,0,0.0
2,S1,H2,feller_buncher,24,1299.478592,24.0,0.0,0.0,0,0,24.0,1.0,0.0,0,0.0
2,S1,H3,grapple_skidder,24,1164.728216,24.0,0.0,0.0,0,0,24.0,1.0,0.0,0,0.0
3,S1,H1,feller_buncher,24,888.796776,24.0,0.0,53.24,0,0,24.0,1.0,0.0,0,0.0
3,S1,H2,feller_buncher,24,1299.478592,24.0,0.0,0.0,0,0,24.0,1.0,0.0,0,0.0
3,S1,H3,grapple_skidder,24,778.104169,24.0,0.0,54.2,0,0,24.0,1.0,0.0,0,0.0
3,S1,H4,processor,24,517.165642,24.0,0.0,0.0,0,0,24.0,1.0,0.0,0,0.0
3,S1,H5,processor,24,517.165642,24.0,0.0,0.0,0,0,24.0,1.0,0.0,0,0.0
4,S1,H1,feller_buncher,24,961.553907,24.0,0.0,53.24,0,0,24.0,1.0,0.0,0,0.0
4,S1,H2,feller_buncher,24,1299.478592,24.0,0.0,0.0,0,0,24.0,1.0,0.0,0,0.0
4,S1,H3,grapple_skidder,24,721.1604832053906,21.377637033346776,2.622362966653224,53.24,0,0,24.0,0.890734876389449,2.622362966653223,1,0.0
4,S1,H4,processor,24,406.35405304238304,20.792160655479595,3.207839344520405,54.2,0,0,24.0,0.8663400273116498,3.207839344520404,1,0.0
4,S1,H7,loader,24,687.364703,24.0,0.0,0.0,0,0,24.0,1.0,0.0,0,0.0
5,S1,H1,feller_buncher,24,356.0085949999998,24.0,0.0,53.24,0,0,24.0,1.0,0.0,0,0.0
5,S1,H2,feller_buncher,24,1156.4815058452152,23.23206561823012,0.76793438176988,55.64,0,0,24.0,0.9680027340929217,0.7679343817698787,1,0.0
5,S1,H3,grapple_skidder,24,739.620424,24.0,0.0,53.24,0,0,24.0,1.0,0.0,0,0.0
5,S1,H4,processor,24,409.650504,24.0,0.0,53.24,0,0,24.0,1.0,0.0,0,0.0
6,S1,H1,feller_buncher,24,1220.906942,24.0,0.0,55.4,0,0,24.0,1.0,0.0,0,0.0
6,S1,H2,feller_buncher,24,1164.04956,24.0,0.0,54.92,0,0,24.0,1.0,0.0,0,0.0
6,S1,H3,grapple_skidder,24,678.968019,24.0,0.0,53.24,0,0,24.0,1.0,0.0,0,0.0
6,S1,H4,processor,24,481.329283,24.0,0.0,53.24,0,0,24.0,1.0,0.0,0,0.0
7,S1,H1,feller_buncher,24,1176.844281,24.0,0.0,53.48,0,0,24.0,1.0,0.0,0,0.0
7,S1,H2,feller_buncher,24,1220.906942,24.0,0.0,54.68,0,0,24.0,1.0,0.0,0,0.0
7,S1,H3,grapple_skidder,24,778.104169,24.0,0.0,53.72,0,0,24.0,1.0,0.0,0,0.0
7,S1,H4,processor,24,440.39899334476996,19.314437573761644,4.685562426238356,53.24,0,0,24.0,0.8047682322400685,4.685562426238354,1,0.0
7,S1,H7,loader,24,451.958924,24.0,0.0,54.68,0,0,24.0,1.0,0.0,0,0.0
8,S1,H1,feller_buncher,24,674.603847,24.0,0.0,53.24,0,0,24.0,1.0,0.0,0,0.0
8,S1,H2,feller_buncher,24,966.4974908425986,18.99894167382199,5.001058326178011,0.0,0,0,24.0,0.7916225697425828,5.001058326178013,1,0.0
8,S1,H3,grapple_skidder,24,678.968019,24.0,0.0,53.72,0,0,24.0,1.0,0.0,0,0.0
8,S1,H4,processor,24,469.046841,24.0,0.0,53.72,0,0,24.0,1.0,0.0,0,0.0
8,S1,H5,processor,24,469.046841,24.0,0.0,54.2,0,0,24.0,1.0,0.0,0,0.0
8,S1,H7,loader,24,440.39899334476996,24.0,0.0,53.24,1,0,24.0,1.0,0.0,0,0.0
9,S1,H1,feller_buncher,24,989.1809225298207,19.8712352807741,4.128764719225899,53.96,0,0,24.0,0.8279681366989209,4.128764719225898,1,0.0
9,S1,H2,feller_buncher,24,961.553907,24.0,0.0,55.16,0,0,24.0,1.0,0.0,0,0.0
9,S1,H3,grapple_skidder,24,1332.369187,24.0,0.0,55.4,0,0,24.0,1.0,0.0,0,0.0
9,S1,H4,processor,24,547.23705,24.0,0.0,53.72,0,0,24.0,1.0,0.0,0,0.0
9,S1,H7,loader,24,474.741639,24.0,0.0,53.72,0,0,24.0,1.0,0.0,0,0.0
9,S1,H8,loader,24,474.741639,24.0,0.0,0.0,0,0,24.0,1.0,0.0,0,0.0
10,S1,H1,feller_buncher,24,673.0877349,24.0,0.0,55.4,0,0,24.0,1.0,0.0,0,0.3
10,S1,H2,feller_buncher,24,602.0092694,24.0,0.0,53.72,0,0,24.0,1.0,0.0,0,0.3
10,S1,H3,grapple_skidder,24,625.0349951450087,24.0,0.0,53.24,0,0,24.0,1.0,0.0,0,0.3
10,S1,H4,processor,24,349.63055432944935,22.536989940277298,1.463010059722702,55.4,0,0,24.0,0.939041247511554,1.4630100597227034,1,0.3
10,S1,H5,processor,24,372.3271531,24.0,0.0,54.68,0,0,24.0,1.0,0.0,0,0.3
10,S1,H7,loader,24,340.1002318,24.0,0.0,53.72,0,0,24.0,1.0,0.0,0,0.3
11,S1,H1,feller_buncher,24,602.0092694,24.0,0.0,53.72,0,0,24.0,1.0,0.0,0,0.3
11,S1,H2,feller_buncher,24,854.6348594,24.0,0.0,54.44,0,0,24.0,1.0,0.0,0,0.3
11,S1,H3,grapple_skidder,24,815.3097511999999,24.0,0.0,53.72,0,0,24.0,1.0,0.0,0,0.3
11,S1,H4,processor,24,398.8783582,24.0,0.0,53.24,0,0,24.0,1.0,0.0,0,0.3
11,S1,H5,processor,24,226.1566369450087,24.0,0.0,53.24,1,0,24.0,1.0,0.0,0,0.3
11,S1,H7,loader,24,561.6879478,24.0,0.0,55.4,0,0,24.0,1.0,0.0,0,0.3
12,S1,H1,feller_buncher,24,807.259686198856,24.0,0.0,54.44,0,0,24.0,1.0,0.0,0,0.0
12,S1,H2,feller_buncher,24,888.796776,24.0,0.0,54.92,0,0,24.0,1.0,0.0,0,0.0
12,S1,H3,grapple_skidder,24,678.968019,24.0,0.0,54.92,0,0,24.0,1.0,0.0,0,0.0
12,S1,H4,processor,24,517.165642,24.0,0.0,53.72,0,0,24.0,1.0,0.0,0,0.0
12,S1,H5,processor,24,428.54104119999977,24.0,0.0,53.72,1,0,24.0,1.0,0.0,0,0.0
12,S1,H7,loader,24,625.0349951450087,24.0,0.0,53.24,1,0,24.0,1.0,0.0,0,0.0
13,S1,H1,feller_buncher,24,413.7565330000002,24.0,0.0,55.16,0,0,24.0,1.0,0.0,0,0.0
13,S1,H2,feller_buncher,24,680.207863,24.0,0.0,53.96,0,0,24.0,1.0,0.0,0,0.0
13,S1,H3,grapple_skidder,24,1332.369187,24.0,0.0,55.4,0,0,24.0,1.0,0.0,0,0.0
13,S1,H4,processor,24,547.23705,24.0,0.0,54.92,0,0,24.0,1.0,0.0,0,0.0
13,S1,H7,loader,24,687.364703,24.0,0.0,53.72,0,0,24.0,1.0,0.0,0,0.0
13,S1,H8,loader,24,605.3085612,24.0,0.0,54.2,1,0,24.0,1.0,0.0,0,0.0
14,S1,H1,feller_buncher,24,1164.04956,24.0,0.0,53.48,0,0,24.0,1.0,0.0,0,0.0
14,S1,H2,feller_buncher,24,1176.844281,24.0,0.0,53.48,0,0,24.0,1.0,0.0,0,0.0
14,S1,H3,grapple_skidder,24,321.01287557356574,24.0,0.0,55.4,0,0,24.0,1.0,0.0,0,0.0
14,S1,H4,processor,24,531.895933,24.0,0.0,55.4,0,0,24.0,1.0,0.0,0,0.0
14,S1,H5,processor,24,531.895933,24.0,0.0,53.48,0,0,24.0,1.0,0.0,0,0.0
14,S1,H6,processor,24,531.895933,24.0,0.0,0.0,0,0,24.0,1.0,0.0,0,0.0
14,S1,H7,loader,24,229.71112111784007,24.0,0.0,54.92,0,0,24.0,1.0,0.0,0,0.0
15,S1,H1,feller_buncher,24,787.363583,24.0,0.0,54.44,0,0,24.0,1.0,0.0,0,0.0
15,S1,H2,feller_buncher,24,1176.844281,24.0,0.0,0.0,0,0,24.0,1.0,0.0,0,0.0
15,S1,H3,grapple_skidder,24,739.620424,24.0,0.0,53.24,0,0,24.0,1.0,0.0,0,0.0
15,S1,H4,processor,24,547.23705,24.0,0.0,55.4,0,0,24.0,1.0,0.0,0,0.0
15,S1,H7,loader,24,802.411354,24.0,0.0,55.4,0,0,24.0,1.0,0.0,0,0.0
15,S1,H8,loader,24,802.411354,24.0,0.0,53.48,0,0,24.0,1.0,0.0,0,0.0
16,S1,H1,feller_buncher,24,1194.708925,24.0,0.0,53.48,0,0,24.0,1.0,0.0,0,0.0
16,S1,H2,feller_buncher,24,111.30773800000088,24.0,0.0,0.0,0,0,24.0,1.0,0.0,0,0.0
16,S1,H3,grapple_skidder,24,674.603847,24.0,0.0,54.44,0,0,24.0,1.0,0.0,0,0.0
16,S1,H4,processor,24,481.329283,24.0,0.0,53.24,0,0,24.0,1.0,0.0,0,0.0
16,S1,H5,processor,24,481.329283,24.0,0.0,55.16,0,0,24.0,1.0,0.0,0,0.0
16,S1,H7,loader,24,485.857474,24.0,0.0,55.4,0,0,24.0,1.0,0.0,0,0.0
17,S1,H1,feller_buncher,24,1194.708925,24.0,0.0,0.0,0,0,24.0,1.0,0.0,0,0.0
17,S1,H2,feller_buncher,24,1164.04956,24.0,0.0,54.2,0,0,24.0,1.0,0.0,0,0.0
17,S1,H3,grapple_skidder,24,1164.728216,24.0,0.0,53.24,0,0,24.0,1.0,0.0,0,0.0
17,S1,H4,processor,24,456.082335,24.0,0.0,54.44,0,0,24.0,1.0,0.0,0,0.0
17,S1,H5,processor,24,218.52151199999997,24.0,0.0,54.44,0,0,24.0,1.0,0.0,0,0.0
17,S1,H7,loader,24,451.958924,24.0,0.0,53.24,0,0,24.0,1.0,0.0,0,0.0
17,S1,H8,loader,24,451.958924,24.0,0.0,55.16,0,0,24.0,1.0,0.0,0,0.0
18,S1,H1,feller_buncher,24,140.55055100000027,24.0,0.0,0.0,0,0,24.0,1.0,0.0,0,0.0
18,S1,H2,feller_buncher,24,1164.04956,24.0,0.0,0.0,0,0,24.0,1.0,0.0,0,0.0
18,S1,H3,grapple_skidder,24,739.620424,24.0,0.0,54.68,0,0,24.0,1.0,0.0,0,0.0
18,S1,H4,processor,24,517.165642,24.0,0.0,53.24,0,0,24.0,1.0,0.0,0,0.0
18,S1,H5,processor,24,517.165642,24.0,0.0,53.24,0,0,24.0,1.0,0.0,0,0.0
18,S1,H7,loader,24,674.603847,24.0,0.0,54.44,0,0,24.0,1.0,0.0,0,0.0
19,S1,H1,feller_buncher,24,502.7667789999996,24.0,0.0,54.92,0,0,24.0,1.0,0.0,0,0.0
19,S1,H2,feller_buncher,24,256.1621419999998,24.0,0.0,53.24,0,0,24.0,1.0,0.0,0,0.0
19,S1,H3,grapple_skidder,24,1164.728216,24.0,0.0,54.68,0,0,24.0,1.0,0.0,0,0.0
19,S1,H4,processor,24,481.329283,24.0,0.0,54.68,0,0,24.0,1.0,0.0,0,0.0
19,S1,H7,loader,24,687.364703,24.0,0.0,53.24,0,0,24.0,1.0,0.0,0,0.0
20,S1,H1,feller_buncher,24,41.3019516,24.0,0.0,53.24,0,0,24.0,1.0,0.0,0,0.3
20,S1,H2,feller_buncher,24,340.44333400000005,24.0,0.0,54.68,0,0,24.0,1.0,0.0,0,0.3
20,S1,H3,grapple_skidder,24,475.2776133,24.0,0.0,54.92,0,0,24.0,1.0,0.0,0,0.3
20,S1,H4,processor,24,362.0159494,24.0,0.0,54.68,0,0,24.0,1.0,0.0,0,0.3
20,S1,H5,processor,24,362.0159494,24.0,0.0,0.0,0,0,24.0,1.0,0.0,0,0.3
20,S1,H6,processor,24,362.0159494,24.0,0.0,53.48,0,0,24.0,1.0,0.0,0,0.3
20,S1,H7,loader,24,316.3712468,24.0,0.0,54.68,0,0,24.0,1.0,0.0,0,0.3
21,S1,H1,feller_buncher,24,576.960683,24.0,0.0,53.24,0,0,24.0,1.0,0.0,0,0.0
21,S1,H2,feller_buncher,24,364.89843800000006,24.0,0.0,53.72,0,0,24.0,1.0,0.0,0,0.0
21,S1,H3,grapple_skidder,24,1127.8069169999999,24.0,0.0,55.16,1,0,24.0,1.0,0.0,0,0.0
21,S1,H4,processor,24,547.23705,24.0,0.0,54.92,0,0,24.0,1.0,0.0,0,0.0
21,S1,H5,processor,24,203.84735252879614,24.0,0.0,54.92,1,0,24.0,1.0,0.0,0,0.0
21,S1,H7,loader,24,687.364703,24.0,0.0,54.68,0,0,24.0,1.0,0.0,0,0.0
21,S1,H8,loader,24,687.364703,24.0,0.0,54.68,0,0,24.0,1.0,0.0,0,0.0
22,S1,H3,grapple_skidder,24,778.104169,24.0,0.0,54.44,0,0,24.0,1.0,0.0,0,0.0
22,S1,H4,processor,24,441.264891,24.0,0.0,55.16,0,0,24.0,1.0,0.0,0,0.0
22,S1,H5,processor,24,441.264891,24.0,0.0,55.16,0,0,24.0,1.0,0.0,0,0.0
22,S1,H6,processor,24,245.27713499999987,24.0,0.0,53.24,1,0,24.0,1.0,0.0,0,0.0
22,S1,H7,loader,24,485.857474,24.0,0.0,54.92,0,0,24.0,1.0,0.0,0,0.0
22,S1,H8,loader,24,485.857474,24.0,0.0,54.92,0,0,24.0,1.0,0.0,0,0.0
23,S1,H3,grapple_skidder,24,678.968019,24.0,0.0,53.72,0,0,24.0,1.0,0.0,0,0.0
23,S1,H4,processor,24,469.046841,24.0,0.0,54.44,0,0,24.0,1.0,0.0,0,0.0
23,S1,H7,loader,24,733.483855,24.0,0.0,55.16,0,0,24.0,1.0,0.0,0,0.0
23,S1,H8,loader,24,394.32306199999994,24.0,0.0,55.16,1,0,24.0,1.0,0.0,0,0.0
24,S1,H3,grapple_skidder,24,1480.641393,24.0,0.0,55.64,0,0,24.0,1.0,0.0,0,0.0
24,S1,H4,processor,24,547.23705,24.0,0.0,53.72,0,0,24.0,1.0,0.0,0,0.0
24,S1,H7,loader,24,474.741639,24.0,0.0,54.44,0,0,24.0,1.0,0.0,0,0.0
25,S1,H3,grapple_skidder,24,1332.369187,24.0,0.0,53.24,0,0,24.0,1.0,0.0,0,0.0
25,S1,H4,processor,24,569.826226,24.0,0.0,55.64,0,0,24.0,1.0,0.0,0,0.0
25,S1,H5,processor,24,569.826226,24.0,0.0,53.48,0,0,24.0,1.0,0.0,0,0.0
25,S1,H6,processor,24,340.98894100000007,24.0,0.0,53.48,1,0,24.0,1.0,0.0,0,0.0
25,S1,H7,loader,24,485.857474,24.0,0.0,53.72,0,0,24.0,1.0,0.0,0,0.0
26,S1,H3,grapple_skidder,24,678.968019,24.0,0.0,55.4,0,0,24.0,1.0,0.0,0,0.0
26,S1,H4,processor,24,531.895933,24.0,0.0,53.24,0,0,24.0,1.0,0.0,0,0.0
26,S1,H5,processor,24,531.895933,24.0,0.0,53.24,0,0,24.0,1.0,0.0,0,0.0
26,S1,H7,loader,24,937.184825,24.0,0.0,55.64,0,0,24.0,1.0,0.0,0,0.0
26,S1,H8,loader,24,543.4565680000001,24.0,0.0,53.48,1,0,24.0,1.0,0.0,0,0.0
27,S1,H3,grapple_skidder,24,739.620424,24.0,0.0,53.24,0,0,24.0,1.0,0.0,0,0.0
27,S1,H4,processor,24,547.23705,24.0,0.0,55.4,0,0,24.0,1.0,0.0,0,0.0
27,S1,H7,loader,24,802.411354,24.0,0.0,53.24,0,0,24.0,1.0,0.0,0,0.0
28,S1,H3,grapple_skidder,24,1480.641393,24.0,0.0,55.4,0,0,24.0,1.0,0.0,0,0.0
28,S1,H4,processor,24,481.329283,24.0,0.0,53.24,0,0,24.0,1.0,0.0,0,0.0
28,S1,H5,processor,24,481.329283,24.0,0.0,55.16,0,0,24.0,1.0,0.0,0,0.0
28,S1,H7,loader,24,485.857474,24.0,0.0,55.4,0,0,24.0,1.0,0.0,0,0.0
28,S1,H8,loader,24,485.857474,24.0,0.0,55.64,0,0,24.0,1.0,0.0,0,0.0
29,S1,H3,grapple_skidder,24,480.4527768024036,21.170258802745558,2.8297411972544424,54.92,0,0,24.0,0.8820941167810649,2.8297411972544406,1,0.3
29,S1,H4,processor,24,398.8783582,24.0,0.0,55.4,0,0,24.0,1.0,0.0,0,0.3
29,S1,H5,processor,24,398.8783582,24.0,0.0,55.4,0,0,24.0,1.0,0.0,0,0.3
29,S1,H7,loader,24,316.3712468,24.0,0.0,53.24,0,0,24.0,1.0,0.0,0,0.3
29,S1,H8,loader,24,316.3712468,24.0,0.0,53.24,0,0,24.0,1.0,0.0,0,0.3
30,S1,H3,grapple_skidder,24,475.2776133,24.0,0.0,53.72,0,0,24.0,1.0,0.0,0,0.3
30,S1,H4,processor,24,328.3327887,24.0,0.0,54.92,0,0,24.0,1.0,0.0,0,0.3
30,S1,H5,processor,24,306.5530672099862,22.407977108134823,1.5920228918651773,54.92,0,0,24.0,0.933665712838951,1.5920228918651755,1,0.3
30,S1,H7,loader,24,656.0293775,24.0,0.0,55.4,0,0,24.0,1.0,0.0,0,0.3
31,S1,H3,grapple_skidder,24,923.199854,24.0,0.0,53.96,0,0,24.0,1.0,0.0,0,0.0
31,S1,H4,processor,24,547.23705,24.0,0.0,53.72,0,0,24.0,1.0,0.0,0,0.0
31,S1,H7,loader,24,474.741639,24.0,0.0,54.92,0,0,24.0,1.0,0.0,0,0.0
31,S1,H8,loader,24,373.87278905253066,18.900695031009775,5.099304968990225,53.48,0,0,24.0,0.7875289596254073,5.099304968990226,1,0.0
32,S1,H3,grapple_skidder,24,778.104169,24.0,0.0,53.24,0,0,24.0,1.0,0.0,0,0.0
32,S1,H4,processor,24,395.784917,24.0,0.0,53.96,0,0,24.0,1.0,0.0,0,0.0
32,S1,H5,processor,24,395.784917,24.0,0.0,53.24,0,0,24.0,1.0,0.0,0,0.0
32,S1,H7,loader,24,485.857474,24.0,0.0,53.72,0,0,24.0,1.0,0.0,0,0.0
33,S1,H3,grapple_skidder,24,51.47038590000034,24.0,0.0,53.48,1,0,24.0,1.0,0.0,0,0.0
33,S1,H4,processor,24,469.046841,24.0,0.0,53.24,0,0,24.0,1.0,0.0,0,0.0
33,S1,H5,processor,24,469.046841,24.0,0.0,53.24,0,0,24.0,1.0,0.0,0,0.0
33,S1,H7,loader,24,456.725789,24.0,0.0,53.96,0,0,24.0,1.0,0.0,0,0.0
34,S1,H3,grapple_skidder,24,122.17881099999954,24.0,0.0,53.24,0,0,24.0,1.0,0.0,0,0.0
34,S1,H4,processor,24,121.97638390000003,24.0,0.0,53.48,1,0,24.0,1.0,0.0,0,0.0
34,S1,H7,loader,24,474.741639,24.0,0.0,53.24,0,0,24.0,1.0,0.0,0,0.0
34,S1,H8,loader,24,474.741639,24.0,0.0,0.0,0,0,24.0,1.0,0.0,0,0.0
35,S1,H3,grapple_skidder,24,809.624168,24.0,0.0,53.48,0,0,24.0,1.0,0.0,0,0.0
35,S1,H4,processor,24,313.6813122999997,24.0,0.0,53.24,1,0,24.0,1.0,0.0,0,0.0
35,S1,H5,processor,24,0.0,24.0,0.0,53.72,1,0,24.0,1.0,0.0,0,0.0
35,S1,H7,loader,24,451.958924,24.0,0.0,53.48,0,0,24.0,1.0,0.0,0,0.0
35,S1,H8,loader,24,134.7057859999993,24.0,0.0,53.48,0,0,24.0,1.0,0.0,0,0.0
36,S1,H3,grapple_skidder,24,778.104169,24.0,0.0,53.24,0,0,24.0,1.0,0.0,0,0.0
36,S1,H4,processor,24,409.650504,24.0,0.0,53.48,0,0,24.0,1.0,0.0,0,0.0
36,S1,H5,processor,24,409.650504,24.0,0.0,53.48,0,0,24.0,1.0,0.0,0,0.0
36,S1,H7,loader,24,377.3743439109553,24.0,0.0,53.24,1,0,24.0,1.0,0.0,0,0.0
36,S1,H8,loader,24,0.0,24.0,0.0,53.24,1,0,24.0,1.0,0.0,0,0.0
37,S1,H3,grapple_skidder,24,1073.098359441454,24.0,0.0,54.68,1,0,24.0,1.0,0.0,0,0.0
37,S1,H4,processor,24,196.23316527641975,24.0,0.0,53.24,0,0,24.0,1.0,0.0,0,0.0
37,S1,H7,loader,24,424.433991,24.0,0.0,53.48,0,0,24.0,1.0,0.0,0,0.0
37,S1,H8,loader,24,424.433991,24.0,0.0,53.48,0,0,24.0,1.0,0.0,0,0.0
38,S1,H3,grapple_skidder,24,334.2234503999998,24.0,0.0,53.24,0,0,24.0,1.0,0.0,0,0.3
38,S1,H4,processor,24,372.3271531,24.0,0.0,54.68,0,0,24.0,1.0,0.0,0,0.3
38,S1,H5,processor,24,372.3271531,24.0,0.0,54.92,0,0,24.0,1.0,0.0,0,0.3
38,S1,H6,processor,24,372.3271531,24.0,0.0,53.24,0,0,24.0,1.0,0.0,0,0.3
38,S1,H7,loader,24,332.3191473,24.0,0.0,53.24,0,0,24.0,1.0,0.0,0,0.3
39,S1,H3,grapple_skidder,24,127.24037630306992,24.0,0.0,53.72,0,0,24.0,1.0,0.0,0,0.0
39,S1,H4,processor,24,569.826226,24.0,0.0,53.24,0,0,24.0,1.0,0.0,0,0.0
39,S1,H5,processor,24,360.77644299999906,24.0,0.0,53.24,0,0,24.0,1.0,0.0,0,0.0
39,S1,H7,loader,24,802.411354,24.0,0.0,54.68,0,0,24.0,1.0,0.0,0,0.0
39,S1,H8,loader,24,727.0854679294497,24.0,0.0,54.92,1,0,24.0,1.0,0.0,0,0.0
40,S1,H3,grapple_skidder,24,0.0,24.0,0.0,53.48,1,0,24.0,1.0,0.0,0,0.0
40,S1,H4,processor,24,154.14133858855044,22.53060546398993,1.4693945360100713,53.72,0,0,24.0,0.938775227666247,1.4693945360100713,1,0.0
40,S1,H7,loader,24,937.184825,24.0,0.0,53.24,0,0,24.0,1.0,0.0,0,0.0
40,S1,H8,loader,24,135.1451828999991,24.0,0.0,53.24,1,0,24.0,1.0,0.0,0,0.0
41,S1,H3,grapple_skidder,24,576.960683,24.0,0.0,54.2,0,0,24.0,1.0,0.0,0,0.0
41,S1,H4,processor,24,531.895933,24.0,0.0,53.48,0,0,24.0,1.0,0.0,0,0.0
41,S1,H5,processor,24,39.89115571200455,24.0,0.0,53.24,1,0,24.0,1.0,0.0,0,0.0
41,S1,H7,loader,24,212.42636178855074,24.0,0.0,53.72,1,0,24.0,1.0,0.0,0,0.0
41,S1,H8,loader,24,0.0,24.0,0.0,53.72,1,0,24.0,1.0,0.0,0,0.0
42,S1,H3,grapple_skidder,24,1045.106301,24.0,0.0,53.24,0,0,24.0,1.0,0.0,0,0.0
42,S1,H4,processor,24,428.751305,24.0,0.0,54.2,0,0,24.0,1.0,0.0,0,0.0
42,S1,H5,processor,24,148.20937800000002,24.0,0.0,54.2,0,0,24.0,1.0,0.0,0,0.0
42,S1,H7,loader,24,571.7870887120046,24.0,0.0,53.48,1,0,24.0,1.0,0.0,0,0.0
42,S1,H8,loader,24,0.0,24.0,0.0,53.48,1,0,24.0,1.0,0.0,0,0.0
1,S1,H1,feller_buncher,25,1176.844281,24.0,0.0,0.0,0,0,24.0,1.0,0.0,0,0.0
1,S1,H2,feller_buncher,25,1299.478592,24.0,0.0,0.0,0,0,24.0,1.0,0.0,0,0.0
2,S1,H1,feller_buncher,25,1164.04956,24.0,0.0,54.2,0,0,24.0,1.0,0.0,0,0.0
2,S1,H2,feller_buncher,25,841.3652112997813,24.0,0.0,0.0,0,0,24.0,1.0,0.0,0,0.0
2,S1,H3,grapple_skidder,25,1164.728216,24.0,0.0,0.0,0,0,24.0,1.0,0.0,0,0.0
3,S1,H1,feller_buncher,25,888.796776,24.0,0.0,53.24,0,0,24.0,1.0,0.0,0,0.0
3,S1,H2,feller_buncher,25,1299.478592,24.0,0.0,0.0,0,0,24.0,1.0,0.0,0,0.0
3,S1,H3,grapple_skidder,25,450.81404204403657,24.0,0.0,54.2,0,0,24.0,1.0,0.0,0,0.0
3,S1,H4,processor,25,517.165642,24.0,0.0,0.0,0,0,24.0,1.0,0.0,0,0.0
3,S1,H5,processor,25,517.165642,24.0,0.0,0.0,0,0,24.0,1.0,0.0,0,0.0
4,S1,H1,feller_buncher,25,961.553907,24.0,0.0,53.24,0,0,24.0,1.0,0.0,0,0.0
4,S1,H2,feller_buncher,25,1299.478592,24.0,0.0,0.0,0,0,24.0,1.0,0.0,0,0.0
4,S1,H3,grapple_skidder,25,809.624168,24.0,0.0,53.24,0,0,24.0,1.0,0.0,0,0.0
4,S1,H4,processor,25,450.81404204403657,24.0,0.0,54.2,1,0,24.0,1.0,0.0,0,0.0
4,S1,H7,loader,25,687.364703,24.0,0.0,0.0,0,0,24.0,1.0,0.0,0,0.0
5,S1,H1,feller_buncher,25,356.0085949999998,24.0,0.0,53.24,0,0,24.0,1.0,0.0,0,0.0
5,S1,H2,feller_buncher,25,1194.708925,24.0,0.0,55.64,0,0,24.0,1.0,0.0,0,0.0
5,S1,H3,grapple_skidder,25,739.620424,24.0,0.0,53.24,0,0,24.0,1.0,0.0,0,0.0
5,S1,H4,processor,25,409.650504,24.0,0.0,53.24,0,0,24.0,1.0,0.0,0,0.0
6,S1,H1,feller_buncher,25,1220.906942,24.0,0.0,55.4,0,0,24.0,1.0,0.0,0,0.0
6,S1,H2,feller_buncher,25,1164.04956,24.0,0.0,54.92,0,0,24.0,1.0,0.0,0,0.0
6,S1,H3,grapple_skidder,25,678.968019,24.0,0.0,53.24,0,0,24.0,1.0,0.0,0,0.0
6,S1,H4,processor,25,481.329283,24.0,0.0,53.24,0,0,24.0,1.0,0.0,0,0.0
7,S1,H1,feller_buncher,25,823.7909966999999,24.0,0.0,53.48,0,0,24.0,1.0,0.0,0,0.3
7,S1,H2,feller_buncher,25,854.6348594,24.0,0.0,54.68,0,0,24.0,1.0,0.0,0,0.3
7,S1,H3,grapple_skidder,25,544.6729182999999,24.0,0.0,53.72,0,0,24.0,1.0,0.0,0,0.3
7,S1,H4,processor,25,383.06593499999997,24.0,0.0,53.24,0,0,24.0,1.0,0.0,0,0.3
7,S1,H7,loader,25,316.3712468,24.0,0.0,54.68,0,0,24.0,1.0,0.0,0,0.3
8,S1,H1,feller_buncher,25,674.603847,24.0,0.0,53.24,0,0,24.0,1.0,0.0,0,0.0
8,S1,H2,feller_buncher,25,1220.906942,24.0,0.0,0.0,0,0,24.0,1.0,0.0,0,0.0
8,S1,H3,grapple_skidder,25,678.968019,24.0,0.0,53.72,0,0,24.0,1.0,0.0,0,0.0
8,S1,H4,processor,25,469.046841,24.0,0.0,53.72,0,0,24.0,1.0,0.0,0,0.0
8,S1,H5,processor,25,75.6260772999999,24.0,0.0,54.2,1,0,24.0,1.0,0.0,0,0.0
8,S1,H7,loader,25,383.06593499999997,24.0,0.0,53.24,1,0,24.0,1.0,0.0,0,0.0
9,S1,H1,feller_buncher,25,1194.708925,24.0,0.0,53.96,0,0,24.0,1.0,0.0,0,0.0
9,S1,H2,feller_buncher,25,961.553907,24.0,0.0,55.16,0,0,24.0,1.0,0.0,0,0.0
9,S1,H3,grapple_skidder,25,1332.369187,24.0,0.0,55.4,0,0,24.0,1.0,0.0,0,0.0
9,S1,H4,processor,25,547.23705,24.0,0.0,53.72,0,0,24.0,1.0,0.0,0,0.0
9,S1,H7,loader,25,381.54847094205576,19.288730017232254,4.711269982767746,53.72,0,0,24.0,0.8036970840513439,4.711269982767748,1,0.0
9,S1,H8,loader,25,474.741639,24.0,0.0,0.0,0,0,24.0,1.0,0.0,0,0.0
10,S1,H1,feller_buncher,25,579.6364286534267,20.667846948286805,3.3321530517131954,55.4,0,0,24.0,0.8611602895119502,3.3321530517131954,1,0.3
10,S1,H2,feller_buncher,25,602.0092694,24.0,0.0,53.72,0,0,24.0,1.0,0.0,0,0.3
10,S1,H3,grapple_skidder,25,1036.4489751,24.0,0.0,53.24,0,0,24.0,1.0,0.0,0,0.3
10,S1,H4,processor,25,372.3271531,24.0,0.0,55.4,0,0,24.0,1.0,0.0,0,0.3
10,S1,H5,processor,25,372.3271531,24.0,0.0,54.68,0,0,24.0,1.0,0.0,0,0.3
10,S1,H7,loader,25,340.1002318,24.0,0.0,53.72,0,0,24.0,1.0,0.0,0,0.3
11,S1,H1,feller_buncher,25,860.013242,24.0,0.0,53.72,0,0,24.0,1.0,0.0,0,0.0
11,S1,H2,feller_buncher,25,1220.906942,24.0,0.0,54.44,0,0,24.0,1.0,0.0,0,0.0
11,S1,H3,grapple_skidder,25,835.9070616999999,24.0,0.0,53.72,1,0,24.0,1.0,0.0,0,0.0
11,S1,H4,processor,25,569.826226,24.0,0.0,53.24,0,0,24.0,1.0,0.0,0,0.0
11,S1,H5,processor,25,466.6227491000001,24.0,0.0,53.24,1,0,24.0,1.0,0.0,0,0.0
11,S1,H7,loader,25,744.6543062,24.0,0.0,55.4,1,0,24.0,1.0,0.0,0,0.0
12,S1,H1,feller_buncher,25,1013.0077249999999,24.0,0.0,54.44,0,0,24.0,1.0,0.0,0,0.0
12,S1,H2,feller_buncher,25,888.796776,24.0,0.0,54.92,0,0,24.0,1.0,0.0,0,0.0
12,S1,H3,grapple_skidder,25,678.968019,24.0,0.0,54.92,0,0,24.0,1.0,0.0,0,0.0
12,S1,H4,processor,25,517.165642,24.0,0.0,53.72,0,0,24.0,1.0,0.0,0,0.0
12,S1,H5,processor,25,449.1383516999997,24.0,0.0,53.72,1,0,24.0,1.0,0.0,0,0.0
12,S1,H7,loader,25,937.184825,24.0,0.0,53.24,0,0,24.0,1.0,0.0,0,0.0
13,S1,H1,feller_buncher,25,413.7565330000002,24.0,0.0,55.16,0,0,24.0,1.0,0.0,0,0.0
13,S1,H2,feller_buncher,25,680.207863,24.0,0.0,53.96,0,0,24.0,1.0,0.0,0,0.0
13,S1,H3,grapple_skidder,25,1332.369187,24.0,0.0,55.4,0,0,24.0,1.0,0.0,0,0.0
13,S1,H4,processor,25,547.23705,24.0,0.0,54.92,0,0,24.0,1.0,0.0,0,0.0
13,S1,H7,loader,25,687.364703,24.0,0.0,53.72,0,0,24.0,1.0,0.0,0,0.0
13,S1,H8,loader,25,625.9058717,24.0,0.0,54.2,1,0,24.0,1.0,0.0,0,0.0
14,S1,H1,feller_buncher,25,1164.04956,24.0,0.0,53.48,0,0,24.0,1.0,0.0,0,0.0
14,S1,H2,feller_buncher,25,1176.844281,24.0,0.0,53.48,0,0,24.0,1.0,0.0,0,0.0
14,S1,H3,grapple_skidder,25,678.968019,24.0,0.0,55.4,0,0,24.0,1.0,0.0,0,0.0
14,S1,H4,processor,25,531.895933,24.0,0.0,55.4,0,0,24.0,1.0,0.0,0,0.0
14,S1,H5,processor,25,531.895933,24.0,0.0,53.48,0,0,24.0,1.0,0.0,0,0.0
14,S1,H6,processor,25,531.895933,24.0,0.0,0.0,0,0,24.0,1.0,0.0,0,0.0
14,S1,H7,loader,25,485.857474,24.0,0.0,54.92,0,0,24.0,1.0,0.0,0,0.0
15,S1,H1,feller_buncher,25,787.363583,24.0,0.0,54.44,0,0,24.0,1.0,0.0,0,0.0
15,S1,H2,feller_buncher,25,1176.844281,24.0,0.0,0.0,0,0,24.0,1.0,0.0,0,0.0
15,S1,H3,grapple_skidder,25,739.620424,24.0,0.0,53.24,0,0,24.0,1.0,0.0,0,0.0
15,S1,H4,processor,25,547.23705,24.0,0.0,55.4,0,0,24.0,1.0,0.0,0,0.0
15,S1,H7,loader,25,802.411354,24.0,0.0,55.4,0,0,24.0,1.0,0.0,0,0.0
15,S1,H8,loader,25,793.2764450000001,24.0,0.0,53.48,1,0,24.0,1.0,0.0,0,0.0
16,S1,H1,feller_buncher,25,1194.708925,24.0,0.0,53.48,0,0,24.0,1.0,0.0,0,0.0
16,S1,H2,feller_buncher,25,111.30773800000088,24.0,0.0,0.0,0,0,24.0,1.0,0.0,0,0.0
16,S1,H3,grapple_skidder,25,674.603847,24.0,0.0,54.44,0,0,24.0,1.0,0.0,0,0.0
16,S1,H4,processor,25,481.329283,24.0,0.0,53.24,0,0,24.0,1.0,0.0,0,0.0
16,S1,H5,processor,25,481.329283,24.0,0.0,55.16,0,0,24.0,1.0,0.0,0,0.0
16,S1,H7,loader,25,485.857474,24.0,0.0,55.4,0,0,24.0,1.0,0.0,0,0.0
17,S1,H1,feller_buncher,25,1194.708925,24.0,0.0,0.0,0,0,24.0,1.0,0.0,0,0.0
17,S1,H2,feller_buncher,25,1164.04956,24.0,0.0,54.2,0,0,24.0,1.0,0.0,0,0.0
17,S1,H3,grapple_skidder,25,1164.728216,24.0,0.0,53.24,0,0,24.0,1.0,0.0,0,0.0
17,S1,H4,processor,25,456.082335,24.0,0.0,54.44,0,0,24.0,1.0,0.0,0,0.0
17,S1,H5,processor,25,218.52151199999997,24.0,0.0,54.44,0,0,24.0,1.0,0.0,0,0.0
17,S1,H7,loader,25,451.958924,24.0,0.0,53.24,0,0,24.0,1.0,0.0,0,0.0
17,S1,H8,loader,25,451.958924,24.0,0.0,55.16,0,0,24.0,1.0,0.0,0,0.0
18,S1,H1,feller_buncher,25,140.55055100000027,24.0,0.0,0.0,0,0,24.0,1.0,0.0,0,0.0
18,S1,H2,feller_buncher,25,1164.04956,24.0,0.0,0.0,0,0,24.0,1.0,0.0,0,0.0
18,S1,H3,grapple_skidder,25,739.620424,24.0,0.0,54.68,0,0,24.0,1.0,0.0,0,0.0
18,S1,H4,processor,25,517.165642,24.0,0.0,53.24,0,0,24.0,1.0,0.0,0,0.0
18,S1,H5,processor,25,517.165642,24.0,0.0,53.24,0,0,24.0,1.0,0.0,0,0.0
18,S1,H7,loader,25,674.603847,24.0,0.0,54.44,0,0,24.0,1.0,0.0,0,0.0
19,S1,H1,feller_buncher,25,428.7991212305702,20.469090917269405,3.530909082730595,54.92,0,0,24.0,0.8528787882195585,3.530909082730596,1,0.0
19,S1,H2,feller_buncher,25,256.1621419999998,24.0,0.0,53.24,0,0,24.0,1.0,0.0,0,0.0
19,S1,H3,grapple_skidder,25,512.5209799675221,24.0,0.0,54.68,0,0,24.0,1.0,0.0,0,0.0
19,S1,H4,processor,25,481.329283,24.0,0.0,54.68,0,0,24.0,1.0,0.0,0,0.0
19,S1,H7,loader,25,302.464408724039,24.0,0.0,53.24,0,0,24.0,1.0,0.0,0,0.0
20,S1,H1,feller_buncher,25,59.00278800000001,24.0,0.0,53.24,0,0,24.0,1.0,0.0,0,0.0
20,S1,H2,feller_buncher,25,486.3476200000001,24.0,0.0,54.68,0,0,24.0,1.0,0.0,0,0.0
20,S1,H3,grapple_skidder,25,678.968019,24.0,0.0,54.92,0,0,24.0,1.0,0.0,0,0.0
20,S1,H4,processor,25,517.165642,24.0,0.0,54.68,0,0,24.0,1.0,0.0,0,0.0
20,S1,H5,processor,25,125.7522699675219,18.763167295394748,5.236832704605252,0.0,1,0,24.0,0.7817986373081145,5.236832704605252,1,0.0
20,S1,H6,processor,25,0.0,24.0,0.0,53.48,1,0,24.0,1.0,0.0,0,0.0
20,S1,H7,loader,25,451.958924,24.0,0.0,54.68,0,0,24.0,1.0,0.0,0,0.0
21,S1,H1,feller_buncher,25,372.5735523943557,20.05315377500473,3.9468462249952694,53.24,0,0,24.0,0.8355480739585305,3.9468462249952685,1,0.0
21,S1,H2,feller_buncher,25,364.89843800000006,24.0,0.0,53.72,0,0,24.0,1.0,0.0,0,0.0
21,S1,H3,grapple_skidder,25,1273.711203,24.0,0.0,55.16,0,0,24.0,1.0,0.0,0,0.0
21,S1,H4,processor,25,547.23705,24.0,0.0,54.92,0,0,24.0,1.0,0.0,0,0.0
21,S1,H5,processor,25,547.23705,24.0,0.0,54.92,0,0,24.0,1.0,0.0,0,0.0
21,S1,H7,loader,25,687.364703,24.0,0.0,54.68,0,0,24.0,1.0,0.0,0,0.0
21,S1,H8,loader,25,687.364703,24.0,0.0,54.68,0,0,24.0,1.0,0.0,0,0.0
22,S1,H3,grapple_skidder,25,778.104169,24.0,0.0,54.44,0,0,24.0,1.0,0.0,0,0.0
22,S1,H4,processor,25,441.264891,24.0,0.0,55.16,0,0,24.0,1.0,0.0,0,0.0
22,S1,H5,processor,25,441.264891,24.0,0.0,55.16,0,0,24.0,1.0,0.0,0,0.0
22,S1,H6,processor,25,391.18142100000006,24.0,0.0,53.24,0,0,24.0,1.0,0.0,0,0.0
22,S1,H7,loader,25,485.857474,24.0,0.0,54.92,0,0,24.0,1.0,0.0,0,0.0
22,S1,H8,loader,25,485.857474,24.0,0.0,54.92,0,0,24.0,1.0,0.0,0,0.0
23,S1,H3,grapple_skidder,25,678.968019,24.0,0.0,53.72,0,0,24.0,1.0,0.0,0,0.0
23,S1,H4,processor,25,469.046841,24.0,0.0,54.44,0,0,24.0,1.0,0.0,0,0.0
23,S1,H7,loader,25,733.483855,24.0,0.0,55.16,0,0,24.0,1.0,0.0,0,0.0
23,S1,H8,loader,25,540.2273480000001,24.0,0.0,55.16,0,0,24.0,1.0,0.0,0,0.0
24,S1,H3,grapple_skidder,25,1480.641393,24.0,0.0,55.64,0,0,24.0,1.0,0.0,0,0.0
24,S1,H4,processor,25,547.23705,24.0,0.0,53.72,0,0,24.0,1.0,0.0,0,0.0
24,S1,H7,loader,25,474.741639,24.0,0.0,54.44,0,0,24.0,1.0,0.0,0,0.0
25,S1,H3,grapple_skidder,25,1332.369187,24.0,0.0,53.24,0,0,24.0,1.0,0.0,0,0.0
25,S1,H4,processor,25,569.826226,24.0,0.0,55.64,0,0,24.0,1.0,0.0,0,0.0
25,S1,H5,processor,25,569.826226,24.0,0.0,53.48,0,0,24.0,1.0,0.0,0,0.0
25,S1,H6,processor,25,340.98894100000007,24.0,0.0,53.48,1,0,24.0,1.0,0.0,0,0.0
25,S1,H7,loader,25,485.857474,24.0,0.0,53.72,0,0,24.0,1.0,0.0,0,0.0
26,S1,H3,grapple_skidder,25,477.3433070658552,24.0,0.0,55.4,0,0,24.0,1.0,0.0,0,0.0
26,S1,H4,processor,25,531.895933,24.0,0.0,53.24,0,0,24.0,1.0,0.0,0,0.0
26,S1,H5,processor,25,531.895933,24.0,0.0,53.24,0,0,24.0,1.0,0.0,0,0.0
26,S1,H7,loader,25,937.184825,24.0,0.0,55.64,0,0,24.0,1.0,0.0,0,0.0
26,S1,H8,loader,25,642.7207181000001,24.0,0.0,53.48,1,0,24.0,1.0,0.0,0,0.0
27,S1,H3,grapple_skidder,25,697.6395036534273,24.0,0.0,53.24,1,0,24.0,1.0,0.0,0,0.0
27,S1,H4,processor,25,547.23705,24.0,0.0,55.4,0,0,24.0,1.0,0.0,0,0.0
27,S1,H7,loader,25,802.411354,24.0,0.0,53.24,0,0,24.0,1.0,0.0,0,0.0
28,S1,H3,grapple_skidder,25,1480.641393,24.0,0.0,55.4,0,0,24.0,1.0,0.0,0,0.0
28,S1,H4,processor,25,481.329283,24.0,0.0,53.24,0,0,24.0,1.0,0.0,0,0.0
28,S1,H5,processor,25,428.90685918090117,21.38611753721543,2.61388246278457,55.16,0,0,24.0,0.8910882307173096,2.6138824627845687,1,0.0
28,S1,H7,loader,25,485.857474,24.0,0.0,55.4,0,0,24.0,1.0,0.0,0,0.0
28,S1,H8,loader,25,485.857474,24.0,0.0,55.64,0,0,24.0,1.0,0.0,0,0.0
29,S1,H3,grapple_skidder,25,778.104169,24.0,0.0,54.92,0,0,24.0,1.0,0.0,0,0.0
29,S1,H4,processor,25,569.826226,24.0,0.0,55.4,0,0,24.0,1.0,0.0,0,0.0
29,S1,H5,processor,25,569.826226,24.0,0.0,55.4,0,0,24.0,1.0,0.0,0,0.0
29,S1,H7,loader,25,451.958924,24.0,0.0,53.24,0,0,24.0,1.0,0.0,0,0.0
29,S1,H8,loader,25,451.958924,24.0,0.0,53.24,0,0,24.0,1.0,0.0,0,0.0
30,S1,H3,grapple_skidder,25,544.6581612339255,24.0,0.0,53.72,1,0,24.0,1.0,0.0,0,0.0
30,S1,H4,processor,25,469.046841,24.0,0.0,54.92,0,0,24.0,1.0,0.0,0,0.0
30,S1,H5,processor,25,469.046841,24.0,0.0,54.92,0,0,24.0,1.0,0.0,0,0.0
30,S1,H7,loader,25,774.8768555230224,19.843518627771783,4.1564813722282175,55.4,0,0,24.0,0.8268132761571576,4.156481372228218,1,0.0
31,S1,H3,grapple_skidder,25,923.199854,24.0,0.0,53.96,0,0,24.0,1.0,0.0,0,0.0
31,S1,H4,processor,25,547.23705,24.0,0.0,53.72,0,0,24.0,1.0,0.0,0,0.0
31,S1,H7,loader,25,474.741639,24.0,0.0,54.92,0,0,24.0,1.0,0.0,0,0.0
31,S1,H8,loader,25,474.741639,24.0,0.0,53.48,0,0,24.0,1.0,0.0,0,0.0
32,S1,H3,grapple_skidder,25,778.104169,24.0,0.0,53.24,0,0,24.0,1.0,0.0,0,0.0
32,S1,H4,processor,25,395.784917,24.0,0.0,53.96,0,0,24.0,1.0,0.0,0,0.0
32,S1,H5,processor,25,395.784917,24.0,0.0,53.24,0,0,24.0,1.0,0.0,0,0.0
32,S1,H7,loader,25,485.857474,24.0,0.0,53.72,0,0,24.0,1.0,0.0,0,0.0
33,S1,H3,grapple_skidder,25,0.0,24.0,0.0,53.48,1,0,24.0,1.0,0.0,0,0.3
33,S1,H4,processor,25,328.3327887,24.0,0.0,53.24,0,0,24.0,1.0,0.0,0,0.3
33,S1,H5,processor,25,328.3327887,24.0,0.0,53.24,0,0,24.0,1.0,0.0,0,0.3
33,S1,H7,loader,25,266.54435795421324,20.009081863532145,3.9909181364678545,53.96,0,0,24.0,0.8337117443138394,3.990918136467854,1,0.3
34,S1,H3,grapple_skidder,25,0.0,24.0,0.0,53.24,1,0,24.0,1.0,0.0,0,0.0
34,S1,H4,processor,25,80.94750147252586,24.0,0.0,53.48,1,0,24.0,1.0,0.0,0,0.0
34,S1,H7,loader,25,474.741639,24.0,0.0,53.24,0,0,24.0,1.0,0.0,0,0.0
34,S1,H8,loader,25,304.0363948019804,24.0,0.0,0.0,1,0,24.0,1.0,0.0,0,0.0
35,S1,H3,grapple_skidder,25,809.624168,24.0,0.0,53.48,0,0,24.0,1.0,0.0,0,0.0
35,S1,H4,processor,25,334.8472472997812,24.0,0.0,53.24,1,0,24.0,1.0,0.0,0,0.0
35,S1,H5,processor,25,0.0,24.0,0.0,53.72,1,0,24.0,1.0,0.0,0,0.0
35,S1,H7,loader,25,340.33490885342695,21.513213558345047,2.486786441654953,53.48,1,0,24.0,0.8963838982643769,2.486786441654954,1,0.0
35,S1,H8,loader,25,0.0,24.0,0.0,53.48,1,0,24.0,1.0,0.0,0,0.0
36,S1,H3,grapple_skidder,25,778.104169,24.0,0.0,53.24,0,0,24.0,1.0,0.0,0,0.0
36,S1,H4,processor,25,409.650504,24.0,0.0,53.48,0,0,24.0,1.0,0.0,0,0.0
36,S1,H5,processor,25,409.650504,24.0,0.0,53.48,0,0,24.0,1.0,0.0,0,0.0
36,S1,H7,loader,25,485.78362349978045,24.0,0.0,53.24,1,0,24.0,1.0,0.0,0,0.0
36,S1,H8,loader,25,0.0,24.0,0.0,53.24,1,0,24.0,1.0,0.0,0,0.0
37,S1,H3,grapple_skidder,25,1332.369187,24.0,0.0,54.68,0,0,24.0,1.0,0.0,0,0.0
37,S1,H4,processor,25,469.046841,24.0,0.0,53.24,0,0,24.0,1.0,0.0,0,0.0
37,S1,H7,loader,25,424.433991,24.0,0.0,53.48,0,0,24.0,1.0,0.0,0,0.0
37,S1,H8,loader,25,424.433991,24.0,0.0,53.48,0,0,24.0,1.0,0.0,0,0.0
38,S1,H3,grapple_skidder,25,477.4620719999998,24.0,0.0,53.24,0,0,24.0,1.0,0.0,0,0.0
38,S1,H4,processor,25,531.895933,24.0,0.0,54.68,0,0,24.0,1.0,0.0,0,0.0
38,S1,H5,processor,25,531.895933,24.0,0.0,54.92,0,0,24.0,1.0,0.0,0,0.0
38,S1,H6,processor,25,531.895933,24.0,0.0,53.24,0,0,24.0,1.0,0.0,0,0.0
38,S1,H7,loader,25,469.046841,24.0,0.0,53.24,1,0,24.0,1.0,0.0,0,0.0
39,S1,H3,grapple_skidder,25,159.77199800000017,24.0,0.0,53.72,0,0,24.0,1.0,0.0,0,0.0
39,S1,H4,processor,25,569.826226,24.0,0.0,53.24,0,0,24.0,1.0,0.0,0,0.0
39,S1,H5,processor,25,248.62478699999986,24.0,0.0,53.24,1,0,24.0,1.0,0.0,0,0.0
39,S1,H7,loader,25,802.411354,24.0,0.0,54.68,0,0,24.0,1.0,0.0,0,0.0
39,S1,H8,loader,25,802.411354,24.0,0.0,54.92,0,0,24.0,1.0,0.0,0,0.0
40,S1,H3,grapple_skidder,25,200.88666240000066,24.0,0.0,53.48,1,0,24.0,1.0,0.0,0,0.3
40,S1,H4,processor,25,114.93585879999965,24.0,0.0,53.72,0,0,24.0,1.0,0.0,0,0.3
40,S1,H7,loader,25,656.0293775,24.0,0.0,53.24,0,0,24.0,1.0,0.0,0,0.3
40,S1,H8,loader,25,163.42348819999913,24.0,0.0,53.24,0,0,24.0,1.0,0.0,0,0.3
41,S1,H3,grapple_skidder,25,372.5735523943557,24.0,0.0,54.2,1,0,24.0,1.0,0.0,0,0.0
41,S1,H4,processor,25,530.5416402000005,24.0,0.0,53.48,1,0,24.0,1.0,0.0,0,0.0
41,S1,H5,processor,25,0.0,24.0,0.0,53.24,1,0,24.0,1.0,0.0,0,0.0
41,S1,H7,loader,25,114.99124004348288,24.0,0.0,53.72,1,0,24.0,1.0,0.0,0,0.0
41,S1,H8,loader,25,0.0,24.0,0.0,53.72,1,0,24.0,1.0,0.0,0,0.0
42,S1,H3,grapple_skidder,25,1045.106301,24.0,0.0,53.24,0,0,24.0,1.0,0.0,0,0.0
42,S1,H4,processor,25,372.5735523943557,24.0,0.0,54.2,1,0,24.0,1.0,0.0,0,0.0
42,S1,H5,processor,25,0.0,19.359457725563768,4.640542274436232,54.2,1,0,24.0,0.8066440718984903,4.640542274436232,1,0.0
42,S1,H7,loader,25,782.7872432000007,24.0,0.0,53.48,1,0,24.0,1.0,0.0,0,0.0
42,S1,H8,loader,25,0.0,24.0,0.0,53.48,1,0,24.0,1.0,0.0,0,0.0
1,S1,H1,feller_buncher,26,823.7909966999999,24.0,0.0,0.0,0,0,24.0,1.0,0.0,0,0.3
1,S1,H2,feller_buncher,26,909.6350143999999,24.0,0.0,0.0,0,0,24.0,1.0,0.0,0,0.3
2,S1,H1,feller_buncher,26,630.8120036433281,24.0,0.0,54.2,0,0,24.0,1.0,0.0,0,0.3
2,S1,H2,feller_buncher,26,909.6350143999999,24.0,0.0,0.0,0,0,24.0,1.0,0.0,0,0.3
2,S1,H3,grapple_skidder,26,418.64636528334995,24.0,0.0,0.0,0,0,24.0,1.0,0.0,0,0.3
3,S1,H1,feller_buncher,26,888.796776,24.0,0.0,53.24,0,0,24.0,1.0,0.0,0,0.0
3,S1,H2,feller_buncher,26,1299.478592,24.0,0.0,0.0,0,0,24.0,1.0,0.0,0,0.0
3,S1,H3,grapple_skidder,26,630.8120036433281,24.0,0.0,54.2,1,0,24.0,1.0,0.0,0,0.0
3,S1,H4,processor,26,418.64636528334995,24.0,0.0,0.0,1,0,24.0,1.0,0.0,0,0.0
3,S1,H5,processor,26,0.0,24.0,0.0,0.0,1,0,24.0,1.0,0.0,0,0.0
4,S1,H1,feller_buncher,26,961.553907,24.0,0.0,53.24,0,0,24.0,1.0,0.0,0,0.0
4,S1,H2,feller_buncher,26,1299.478592,24.0,0.0,0.0,0,0,24.0,1.0,0.0,0,0.0
4,S1,H3,grapple_skidder,26,809.624168,24.0,0.0,53.24,0,0,24.0,1.0,0.0,0,0.0
4,S1,H4,processor,26,469.046841,24.0,0.0,54.2,0,0,24.0,1.0,0.0,0,0.0
4,S1,H7,loader,26,418.64636528334995,24.0,0.0,0.0,1,0,24.0,1.0,0.0,0,0.0
5,S1,H1,feller_buncher,26,249.20601649999983,24.0,0.0,53.24,0,0,24.0,1.0,0.0,0,0.3
5,S1,H2,feller_buncher,26,836.2962474999999,24.0,0.0,55.64,0,0,24.0,1.0,0.0,0,0.3
5,S1,H3,grapple_skidder,26,276.48058683583633,24.0,0.0,53.24,0,0,24.0,1.0,0.0,0,0.3
5,S1,H4,processor,26,286.75535279999997,24.0,0.0,53.24,0,0,24.0,1.0,0.0,0,0.3
6,S1,H1,feller_buncher,26,1130.0953059580543,22.21486864393085,1.7851313560691509,55.4,0,0,24.0,0.925619526830452,1.7851313560691509,1,0.0
6,S1,H2,feller_buncher,26,1164.04956,24.0,0.0,54.92,0,0,24.0,1.0,0.0,0,0.0
6,S1,H3,grapple_skidder,26,678.968019,24.0,0.0,53.24,0,0,24.0,1.0,0.0,0,0.0
6,S1,H4,processor,26,276.48058683583633,24.0,0.0,53.24,1,0,24.0,1.0,0.0,0,0.0
7,S1,H1,feller_buncher,26,1176.844281,24.0,0.0,53.48,0,0,24.0,1.0,0.0,0,0.0
7,S1,H2,feller_buncher,26,1220.906942,24.0,0.0,54.68,0,0,24.0,1.0,0.0,0,0.0
7,S1,H3,grapple_skidder,26,778.104169,24.0,0.0,53.72,0,0,24.0,1.0,0.0,0,0.0
7,S1,H4,processor,26,547.23705,24.0,0.0,53.24,0,0,24.0,1.0,0.0,0,0.0
7,S1,H7,loader,26,276.48058683583633,24.0,0.0,54.68,1,0,24.0,1.0,0.0,0,0.0
8,S1,H1,feller_buncher,26,674.603847,24.0,0.0,53.24,0,0,24.0,1.0,0.0,0,0.0
8,S1,H2,feller_buncher,26,1220.906942,24.0,0.0,0.0,0,0,24.0,1.0,0.0,0,0.0
8,S1,H3,grapple_skidder,26,678.968019,24.0,0.0,53.72,0,0,24.0,1.0,0.0,0,0.0
8,S1,H4,processor,26,469.046841,24.0,0.0,53.72,0,0,24.0,1.0,0.0,0,0.0
8,S1,H5,processor,26,469.046841,24.0,0.0,54.2,0,0,24.0,1.0,0.0,0,0.0
8,S1,H7,loader,26,485.857474,24.0,0.0,53.24,0,0,24.0,1.0,0.0,0,0.0
9,S1,H1,feller_buncher,26,1194.708925,24.0,0.0,53.96,0,0,24.0,1.0,0.0,0,0.0
9,S1,H2,feller_buncher,26,961.553907,24.0,0.0,55.16,0,0,24.0,1.0,0.0,0,0.0
9,S1,H3,grapple_skidder,26,1332.369187,24.0,0.0,55.4,0,0,24.0,1.0,0.0,0,0.0
9,S1,H4,processor,26,547.23705,24.0,0.0,53.72,0,0,24.0,1.0,0.0,0,0.0
9,S1,H7,loader,26,474.741639,24.0,0.0,53.72,0,0,24.0,1.0,0.0,0,0.0
9,S1,H8,loader,26,474.741639,24.0,0.0,0.0,0,0,24.0,1.0,0.0,0,0.0
10,S1,H1,feller_buncher,26,673.0877349,24.0,0.0,55.4,0,0,24.0,1.0,0.0,0,0.3
10,S1,H2,feller_buncher,26,602.0092694,24.0,0.0,53.72,0,0,24.0,1.0,0.0,0,0.3
10,S1,H3,grapple_skidder,26,1036.4489751,24.0,0.0,53.24,0,0,24.0,1.0,0.0,0,0.3
10,S1,H4,processor,26,372.3271531,24.0,0.0,55.4,0,0,24.0,1.0,0.0,0,0.3
10,S1,H5,processor,26,372.3271531,24.0,0.0,54.68,0,0,24.0,1.0,0.0,0,0.3
10,S1,H7,loader,26,340.1002318,24.0,0.0,53.72,0,0,24.0,1.0,0.0,0,0.3
11,S1,H1,feller_buncher,26,860.013242,24.0,0.0,53.72,0,0,24.0,1.0,0.0,0,0.0
11,S1,H2,feller_buncher,26,1220.906942,24.0,0.0,54.44,0,0,24.0,1.0,0.0,0,0.0
11,S1,H3,grapple_skidder,26,982.6934381488076,20.249052260936537,3.750947739063463,53.72,0,0,24.0,0.8437105108723557,3.750947739063461,1,0.0
11,S1,H4,processor,26,569.826226,24.0,0.0,53.24,0,0,24.0,1.0,0.0,0,0.0
11,S1,H5,processor,26,466.6227491000001,24.0,0.0,53.24,1,0,24.0,1.0,0.0,0,0.0
11,S1,H7,loader,26,744.6543062,24.0,0.0,55.4,1,0,24.0,1.0,0.0,0,0.0
12,S1,H1,feller_buncher,26,1013.0077249999999,24.0,0.0,54.44,0,0,24.0,1.0,0.0,0,0.0
12,S1,H2,feller_buncher,26,888.796776,24.0,0.0,54.92,0,0,24.0,1.0,0.0,0,0.0
12,S1,H3,grapple_skidder,26,678.968019,24.0,0.0,54.92,0,0,24.0,1.0,0.0,0,0.0
12,S1,H4,processor,26,517.165642,24.0,0.0,53.72,0,0,24.0,1.0,0.0,0,0.0
12,S1,H5,processor,26,465.5277961488075,24.0,0.0,53.72,1,0,24.0,1.0,0.0,0,0.0
12,S1,H7,loader,26,937.184825,24.0,0.0,53.24,0,0,24.0,1.0,0.0,0,0.0
13,S1,H1,feller_buncher,26,413.7565330000002,24.0,0.0,55.16,0,0,24.0,1.0,0.0,0,0.0
13,S1,H2,feller_buncher,26,680.207863,24.0,0.0,53.96,0,0,24.0,1.0,0.0,0,0.0
13,S1,H3,grapple_skidder,26,1332.369187,24.0,0.0,55.4,0,0,24.0,1.0,0.0,0,0.0
13,S1,H4,processor,26,547.23705,24.0,0.0,54.92,0,0,24.0,1.0,0.0,0,0.0
13,S1,H7,loader,26,687.364703,24.0,0.0,53.72,0,0,24.0,1.0,0.0,0,0.0
13,S1,H8,loader,26,295.3287351488076,24.0,0.0,54.2,1,0,24.0,1.0,0.0,0,0.0
14,S1,H1,feller_buncher,26,1164.04956,24.0,0.0,53.48,0,0,24.0,1.0,0.0,0,0.0
14,S1,H2,feller_buncher,26,1176.844281,24.0,0.0,53.48,0,0,24.0,1.0,0.0,0,0.0
14,S1,H3,grapple_skidder,26,678.968019,24.0,0.0,55.4,0,0,24.0,1.0,0.0,0,0.0
14,S1,H4,processor,26,531.895933,24.0,0.0,55.4,0,0,24.0,1.0,0.0,0,0.0
14,S1,H5,processor,26,531.895933,24.0,0.0,53.48,0,0,24.0,1.0,0.0,0,0.0
14,S1,H6,processor,26,531.895933,24.0,0.0,0.0,0,0,24.0,1.0,0.0,0,0.0
14,S1,H7,loader,26,485.857474,24.0,0.0,54.92,0,0,24.0,1.0,0.0,0,0.0
15,S1,H1,feller_buncher,26,787.363583,24.0,0.0,54.44,0,0,24.0,1.0,0.0,0,0.0
15,S1,H2,feller_buncher,26,1176.844281,24.0,0.0,0.0,0,0,24.0,1.0,0.0,0,0.0
15,S1,H3,grapple_skidder,26,739.620424,24.0,0.0,53.24,0,0,24.0,1.0,0.0,0,0.0
15,S1,H4,processor,26,547.23705,24.0,0.0,55.4,0,0,24.0,1.0,0.0,0,0.0
15,S1,H7,loader,26,802.411354,24.0,0.0,55.4,0,0,24.0,1.0,0.0,0,0.0
15,S1,H8,loader,26,793.2764450000001,24.0,0.0,53.48,1,0,24.0,1.0,0.0,0,0.0
16,S1,H1,feller_buncher,26,1021.4514215479577,20.519503624827266,3.4804963751727342,53.48,0,0,24.0,0.8549793177011361,3.4804963751727325,1,0.0
16,S1,H2,feller_buncher,26,111.30773800000088,24.0,0.0,0.0,0,0,24.0,1.0,0.0,0,0.0
16,S1,H3,grapple_skidder,26,674.603847,24.0,0.0,54.44,0,0,24.0,1.0,0.0,0,0.0
16,S1,H4,processor,26,481.329283,24.0,0.0,53.24,0,0,24.0,1.0,0.0,0,0.0
16,S1,H5,processor,26,258.291141,24.0,0.0,55.16,1,0,24.0,1.0,0.0,0,0.0
16,S1,H7,loader,26,485.857474,24.0,0.0,55.4,0,0,24.0,1.0,0.0,0,0.0
17,S1,H1,feller_buncher,26,1194.708925,24.0,0.0,0.0,0,0,24.0,1.0,0.0,0,0.0
17,S1,H2,feller_buncher,26,1164.04956,24.0,0.0,54.2,0,0,24.0,1.0,0.0,0,0.0
17,S1,H3,grapple_skidder,26,849.4251516156432,24.0,0.0,53.24,0,0,24.0,1.0,0.0,0,0.0
17,S1,H4,processor,26,456.082335,24.0,0.0,54.44,0,0,24.0,1.0,0.0,0,0.0
17,S1,H5,processor,26,218.52151199999997,24.0,0.0,54.44,0,0,24.0,1.0,0.0,0,0.0
17,S1,H7,loader,26,451.958924,24.0,0.0,53.24,0,0,24.0,1.0,0.0,0,0.0
17,S1,H8,loader,26,287.66149999999993,24.0,0.0,55.16,1,0,24.0,1.0,0.0,0,0.0
18,S1,H1,feller_buncher,26,140.55055100000027,24.0,0.0,0.0,0,0,24.0,1.0,0.0,0,0.0
18,S1,H2,feller_buncher,26,1164.04956,24.0,0.0,0.0,0,0,24.0,1.0,0.0,0,0.0
18,S1,H3,grapple_skidder,26,651.2669667344326,21.133011872622898,2.866988127377102,54.68,0,0,24.0,0.8805421613592874,2.8669881273771027,1,0.0
18,S1,H4,processor,26,517.165642,24.0,0.0,53.24,0,0,24.0,1.0,0.0,0,0.0
18,S1,H5,processor,26,332.2595096156432,24.0,0.0,53.24,1,0,24.0,1.0,0.0,0,0.0
18,S1,H7,loader,26,674.603847,24.0,0.0,54.44,0,0,24.0,1.0,0.0,0,0.0
19,S1,H1,feller_buncher,26,502.7667789999996,24.0,0.0,54.92,0,0,24.0,1.0,0.0,0,0.0
19,S1,H2,feller_buncher,26,256.1621419999998,24.0,0.0,53.24,0,0,24.0,1.0,0.0,0,0.0
19,S1,H3,grapple_skidder,26,1164.728216,24.0,0.0,54.68,0,0,24.0,1.0,0.0,0,0.0
19,S1,H4,processor,26,481.329283,24.0,0.0,54.68,0,0,24.0,1.0,0.0,0,0.0
19,S1,H7,loader,26,687.364703,24.0,0.0,53.24,0,0,24.0,1.0,0.0,0,0.0
20,S1,H1,feller_buncher,26,59.00278800000001,24.0,0.0,53.24,0,0,24.0,1.0,0.0,0,0.0
20,S1,H2,feller_buncher,26,486.3476200000001,24.0,0.0,54.68,0,0,24.0,1.0,0.0,0,0.0
20,S1,H3,grapple_skidder,26,678.968019,24.0,0.0,54.92,0,0,24.0,1.0,0.0,0,0.0
20,S1,H4,processor,26,517.165642,24.0,0.0,54.68,0,0,24.0,1.0,0.0,0,0.0
20,S1,H5,processor,26,517.165642,24.0,0.0,0.0,0,0,24.0,1.0,0.0,0,0.0
20,S1,H6,processor,26,130.39693199999988,24.0,0.0,53.48,1,0,24.0,1.0,0.0,0,0.0
20,S1,H7,loader,26,451.958924,24.0,0.0,54.68,0,0,24.0,1.0,0.0,0,0.0
21,S1,H1,feller_buncher,26,576.960683,24.0,0.0,53.24,0,0,24.0,1.0,0.0,0,0.0
21,S1,H2,feller_buncher,26,364.89843800000006,24.0,0.0,53.72,0,0,24.0,1.0,0.0,0,0.0
21,S1,H3,grapple_skidder,26,989.3872250585281,18.6426038692891,5.3573961307108995,55.16,0,0,24.0,0.7767751612203792,5.3573961307109,1,0.0
21,S1,H4,processor,26,547.23705,24.0,0.0,54.92,0,0,24.0,1.0,0.0,0,0.0
21,S1,H5,processor,26,547.23705,24.0,0.0,54.92,0,0,24.0,1.0,0.0,0,0.0
21,S1,H7,loader,26,687.364703,24.0,0.0,54.68,0,0,24.0,1.0,0.0,0,0.0
21,S1,H8,loader,26,639.4239616156433,24.0,0.0,54.68,1,0,24.0,1.0,0.0,0,0.0
22,S1,H3,grapple_skidder,26,778.104169,24.0,0.0,54.44,0,0,24.0,1.0,0.0,0,0.0
22,S1,H4,processor,26,441.264891,24.0,0.0,55.16,0,0,24.0,1.0,0.0,0,0.0
22,S1,H5,processor,26,441.264891,24.0,0.0,55.16,0,0,24.0,1.0,0.0,0,0.0
22,S1,H6,processor,26,106.85744305852819,24.0,0.0,53.24,1,0,24.0,1.0,0.0,0,0.0
22,S1,H7,loader,26,485.857474,24.0,0.0,54.92,0,0,24.0,1.0,0.0,0,0.0
22,S1,H8,loader,26,485.857474,24.0,0.0,54.92,0,0,24.0,1.0,0.0,0,0.0
23,S1,H3,grapple_skidder,26,678.968019,24.0,0.0,53.72,0,0,24.0,1.0,0.0,0,0.0
23,S1,H4,processor,26,469.046841,24.0,0.0,54.44,0,0,24.0,1.0,0.0,0,0.0
23,S1,H7,loader,26,733.483855,24.0,0.0,55.16,0,0,24.0,1.0,0.0,0,0.0
23,S1,H8,loader,26,255.90337005852825,24.0,0.0,55.16,1,0,24.0,1.0,0.0,0,0.0
24,S1,H3,grapple_skidder,26,1480.641393,24.0,0.0,55.64,0,0,24.0,1.0,0.0,0,0.0
24,S1,H4,processor,26,547.23705,24.0,0.0,53.72,0,0,24.0,1.0,0.0,0,0.0
24,S1,H7,loader,26,474.741639,24.0,0.0,54.44,0,0,24.0,1.0,0.0,0,0.0
25,S1,H3,grapple_skidder,26,1332.369187,24.0,0.0,53.24,0,0,24.0,1.0,0.0,0,0.0
25,S1,H4,processor,26,569.826226,24.0,0.0,55.64,0,0,24.0,1.0,0.0,0,0.0
25,S1,H5,processor,26,569.826226,24.0,0.0,53.48,0,0,24.0,1.0,0.0,0,0.0
25,S1,H6,processor,26,340.98894100000007,24.0,0.0,53.48,1,0,24.0,1.0,0.0,0,0.0
25,S1,H7,loader,26,485.857474,24.0,0.0,53.72,0,0,24.0,1.0,0.0,0,0.0
26,S1,H3,grapple_skidder,26,593.6251153000011,24.0,0.0,55.4,1,0,24.0,1.0,0.0,0,0.0
26,S1,H4,processor,26,531.895933,24.0,0.0,53.24,0,0,24.0,1.0,0.0,0,0.0
26,S1,H5,processor,26,531.895933,24.0,0.0,53.24,0,0,24.0,1.0,0.0,0,0.0
26,S1,H7,loader,26,937.184825,24.0,0.0,55.64,0,0,24.0,1.0,0.0,0,0.0
26,S1,H8,loader,26,642.7207181000001,24.0,0.0,53.48,1,0,24.0,1.0,0.0,0,0.0
27,S1,H3,grapple_skidder,26,739.620424,24.0,0.0,53.24,0,0,24.0,1.0,0.0,0,0.0
27,S1,H4,processor,26,547.23705,24.0,0.0,55.4,0,0,24.0,1.0,0.0,0,0.0
27,S1,H7,loader,26,802.411354,24.0,0.0,53.24,0,0,24.0,1.0,0.0,0,0.0
28,S1,H3,grapple_skidder,26,1480.641393,24.0,0.0,55.4,0,0,24.0,1.0,0.0,0,0.0
28,S1,H4,processor,26,402.65452056906037,20.077125649671824,3.9228743503281756,53.24,0,0,24.0,0.8365469020696593,3.922874350328175,1,0.0
28,S1,H5,processor,26,481.329283,24.0,0.0,55.16,0,0,24.0,1.0,0.0,0,0.0
28,S1,H7,loader,26,485.857474,24.0,0.0,55.4,0,0,24.0,1.0,0.0,0,0.0
28,S1,H8,loader,26,485.857474,24.0,0.0,55.64,0,0,24.0,1.0,0.0,0,0.0
29,S1,H3,grapple_skidder,26,778.104169,24.0,0.0,54.92,0,0,24.0,1.0,0.0,0,0.0
29,S1,H4,processor,26,569.826226,24.0,0.0,55.4,0,0,24.0,1.0,0.0,0,0.0
29,S1,H5,processor,26,569.826226,24.0,0.0,55.4,0,0,24.0,1.0,0.0,0,0.0
29,S1,H7,loader,26,451.958924,24.0,0.0,53.24,0,0,24.0,1.0,0.0,0,0.0
29,S1,H8,loader,26,451.958924,24.0,0.0,53.24,0,0,24.0,1.0,0.0,0,0.0
30,S1,H3,grapple_skidder,26,0.0,24.0,0.0,53.72,1,0,24.0,1.0,0.0,0,0.0
30,S1,H4,processor,26,469.046841,24.0,0.0,54.92,0,0,24.0,1.0,0.0,0,0.0
30,S1,H5,processor,26,469.046841,24.0,0.0,54.92,0,0,24.0,1.0,0.0,0,0.0
30,S1,H7,loader,26,937.184825,24.0,0.0,55.4,0,0,24.0,1.0,0.0,0,0.0
31,S1,H3,grapple_skidder,26,923.199854,24.0,0.0,53.96,0,0,24.0,1.0,0.0,0,0.0
31,S1,H4,processor,26,289.5368293000015,24.0,0.0,53.72,1,0,24.0,1.0,0.0,0,0.0
31,S1,H7,loader,26,474.741639,24.0,0.0,54.92,0,0,24.0,1.0,0.0,0,0.0
31,S1,H8,loader,26,417.5549418915687,21.10899441327001,2.891005586729989,53.48,0,0,24.0,0.8795414338862505,2.891005586729988,1,0.0
32,S1,H3,grapple_skidder,26,778.104169,24.0,0.0,53.24,0,0,24.0,1.0,0.0,0,0.0
32,S1,H4,processor,26,395.784917,24.0,0.0,53.96,0,0,24.0,1.0,0.0,0,0.0
32,S1,H5,processor,26,395.784917,24.0,0.0,53.24,0,0,24.0,1.0,0.0,0,0.0
32,S1,H7,loader,26,440.4732055000011,24.0,0.0,53.72,1,0,24.0,1.0,0.0,0,0.0
33,S1,H3,grapple_skidder,26,339.9365580000001,24.0,0.0,53.48,0,0,24.0,1.0,0.0,0,0.0
33,S1,H4,processor,26,469.046841,24.0,0.0,53.24,0,0,24.0,1.0,0.0,0,0.0
33,S1,H5,processor,26,459.90079264332815,24.0,0.0,53.24,1,0,24.0,1.0,0.0,0,0.0
33,S1,H7,loader,26,456.725789,24.0,0.0,53.96,0,0,24.0,1.0,0.0,0,0.0
34,S1,H3,grapple_skidder,26,0.0,24.0,0.0,53.24,1,0,24.0,1.0,0.0,0,0.0
34,S1,H4,processor,26,365.51086216537226,24.0,0.0,53.48,1,0,24.0,1.0,0.0,0,0.0
34,S1,H7,loader,26,352.6347605594412,24.0,0.0,53.24,0,0,24.0,1.0,0.0,0,0.0
34,S1,H8,loader,26,352.6347605594412,24.0,0.0,0.0,0,0,24.0,1.0,0.0,0,0.0
35,S1,H3,grapple_skidder,26,809.624168,24.0,0.0,53.48,0,0,24.0,1.0,0.0,0,0.0
35,S1,H4,processor,26,0.0,24.0,0.0,53.24,1,0,24.0,1.0,0.0,0,0.0
35,S1,H5,processor,26,0.0,24.0,0.0,53.72,1,0,24.0,1.0,0.0,0,0.0
35,S1,H7,loader,26,200.93806078156726,24.0,0.0,53.48,0,0,24.0,1.0,0.0,0,0.0
35,S1,H8,loader,26,59.88933502040254,24.0,0.0,53.48,0,0,24.0,1.0,0.0,0,0.0
36,S1,H3,grapple_skidder,26,778.104169,24.0,0.0,53.24,0,0,24.0,1.0,0.0,0,0.0
36,S1,H4,processor,26,409.650504,24.0,0.0,53.48,0,0,24.0,1.0,0.0,0,0.0
36,S1,H5,processor,26,315.8981484087024,18.507375159506353,5.492624840493647,53.48,0,0,24.0,0.771140631646098,5.492624840493646,1,0.0
36,S1,H7,loader,26,0.0,24.0,0.0,53.24,1,0,24.0,1.0,0.0,0,0.0
36,S1,H8,loader,26,0.0,24.0,0.0,53.24,1,0,24.0,1.0,0.0,0,0.0
37,S1,H3,grapple_skidder,26,1332.369187,24.0,0.0,54.68,0,0,24.0,1.0,0.0,0,0.0
37,S1,H4,processor,26,469.046841,24.0,0.0,53.24,0,0,24.0,1.0,0.0,0,0.0
37,S1,H7,loader,26,424.433991,24.0,0.0,53.48,0,0,24.0,1.0,0.0,0,0.0
37,S1,H8,loader,26,424.433991,24.0,0.0,53.48,0,0,24.0,1.0,0.0,0,0.0
38,S1,H3,grapple_skidder,26,389.9843089479573,24.0,0.0,53.24,1,0,24.0,1.0,0.0,0,0.0
38,S1,H4,processor,26,531.895933,24.0,0.0,54.68,0,0,24.0,1.0,0.0,0,0.0
38,S1,H5,processor,26,531.895933,24.0,0.0,54.92,0,0,24.0,1.0,0.0,0,0.0
38,S1,H6,processor,26,531.895933,24.0,0.0,53.24,0,0,24.0,1.0,0.0,0,0.0
38,S1,H7,loader,26,474.741639,24.0,0.0,53.24,0,0,24.0,1.0,0.0,0,0.0
39,S1,H3,grapple_skidder,26,159.77199800000017,24.0,0.0,53.72,0,0,24.0,1.0,0.0,0,0.0
39,S1,H4,processor,26,569.826226,24.0,0.0,53.24,0,0,24.0,1.0,0.0,0,0.0
39,S1,H5,processor,26,161.14702394795734,24.0,0.0,53.24,1,0,24.0,1.0,0.0,0,0.0
39,S1,H7,loader,26,802.411354,24.0,0.0,54.68,0,0,24.0,1.0,0.0,0,0.0
39,S1,H8,loader,26,802.411354,24.0,0.0,54.92,0,0,24.0,1.0,0.0,0,0.0
40,S1,H3,grapple_skidder,26,397.0111214999995,24.0,0.0,53.48,0,0,24.0,1.0,0.0,0,0.3
40,S1,H4,processor,26,114.93585879999965,24.0,0.0,53.72,0,0,24.0,1.0,0.0,0,0.3
40,S1,H7,loader,26,656.0293775,24.0,0.0,53.24,0,0,24.0,1.0,0.0,0,0.3
40,S1,H8,loader,26,163.42348819999913,24.0,0.0,53.24,0,0,24.0,1.0,0.0,0,0.3
41,S1,H3,grapple_skidder,26,576.960683,24.0,0.0,54.2,0,0,24.0,1.0,0.0,0,0.0
41,S1,H4,processor,26,531.895933,24.0,0.0,53.48,0,0,24.0,1.0,0.0,0,0.0
41,S1,H5,processor,26,45.780229999999165,24.0,0.0,53.24,0,0,24.0,1.0,0.0,0,0.0
41,S1,H7,loader,26,114.93585879999965,24.0,0.0,53.72,1,0,24.0,1.0,0.0,0,0.0
41,S1,H8,loader,26,0.0,24.0,0.0,53.72,1,0,24.0,1.0,0.0,0,0.0
42,S1,H3,grapple_skidder,26,1045.106301,24.0,0.0,53.24,0,0,24.0,1.0,0.0,0,0.0
42,S1,H4,processor,26,428.751305,24.0,0.0,54.2,0,0,24.0,1.0,0.0,0,0.0
42,S1,H5,processor,26,148.20937800000002,24.0,0.0,54.2,0,0,24.0,1.0,0.0,0,0.0
42,S1,H7,loader,26,802.411354,24.0,0.0,53.48,0,0,24.0,1.0,0.0,0,0.0
42,S1,H8,loader,26,27.510411999999405,24.0,0.0,53.48,1,0,24.0,1.0,0.0,0,0.0
1,S1,H1,feller_buncher,27,949.5988366138396,19.365664979368795,4.634335020631205,0.0,0,0,24.0,0.8069027074736997,4.6343350206312035,1,0.0
1,S1,H2,feller_buncher,27,1299.478592,24.0,0.0,0.0,0,0,24.0,1.0,0.0,0,0.0
2,S1,H1,feller_buncher,27,1164.04956,24.0,0.0,54.2,0,0,24.0,1.0,0.0,0,0.0
2,S1,H2,feller_buncher,27,976.3497125548673,24.0,0.0,0.0,0,0,24.0,1.0,0.0,0,0.0
2,S1,H3,grapple_skidder,27,949.5988366138396,24.0,0.0,0.0,1,0,24.0,1.0,0.0,0,0.0
3,S1,H1,feller_buncher,27,888.796776,24.0,0.0,53.24,0,0,24.0,1.0,0.0,0,0.0
3,S1,H2,feller_buncher,27,1299.478592,24.0,0.0,0.0,0,0,24.0,1.0,0.0,0,0.0
3,S1,H3,grapple_skidder,27,778.104169,24.0,0.0,54.2,0,0,24.0,1.0,0.0,0,0.0
3,S1,H4,processor,27,517.165642,24.0,0.0,0.0,0,0,24.0,1.0,0.0,0,0.0
3,S1,H5,processor,27,432.43319461383953,24.0,0.0,0.0,1,0,24.0,1.0,0.0,0,0.0
4,S1,H1,feller_buncher,27,961.553907,24.0,0.0,53.24,0,0,24.0,1.0,0.0,0,0.0
4,S1,H2,feller_buncher,27,1299.478592,24.0,0.0,0.0,0,0,24.0,1.0,0.0,0,0.0
4,S1,H3,grapple_skidder,27,809.624168,24.0,0.0,53.24,0,0,24.0,1.0,0.0,0,0.0
4,S1,H4,processor,27,469.046841,24.0,0.0,54.2,0,0,24.0,1.0,0.0,0,0.0
4,S1,H7,loader,27,687.364703,24.0,0.0,0.0,0,0,24.0,1.0,0.0,0,0.0
5,S1,H1,feller_buncher,27,249.20601649999983,24.0,0.0,53.24,0,0,24.0,1.0,0.0,0,0.3
5,S1,H2,feller_buncher,27,836.2962474999999,24.0,0.0,55.64,0,0,24.0,1.0,0.0,0,0.3
5,S1,H3,grapple_skidder,27,517.7342967999999,24.0,0.0,53.24,0,0,24.0,1.0,0.0,0,0.3
5,S1,H4,processor,27,286.75535279999997,24.0,0.0,53.24,0,0,24.0,1.0,0.0,0,0.3
6,S1,H1,feller_buncher,27,1220.906942,24.0,0.0,55.4,0,0,24.0,1.0,0.0,0,0.0
6,S1,H2,feller_buncher,27,1164.04956,24.0,0.0,54.92,0,0,24.0,1.0,0.0,0,0.0
6,S1,H3,grapple_skidder,27,678.968019,24.0,0.0,53.24,0,0,24.0,1.0,0.0,0,0.0
6,S1,H4,processor,27,481.329283,24.0,0.0,53.24,0,0,24.0,1.0,0.0,0,0.0
7,S1,H1,feller_buncher,27,1176.844281,24.0,0.0,53.48,0,0,24.0,1.0,0.0,0,0.0
7,S1,H2,feller_buncher,27,1220.906942,24.0,0.0,54.68,0,0,24.0,1.0,0.0,0,0.0
7,S1,H3,grapple_skidder,27,778.104169,24.0,0.0,53.72,0,0,24.0,1.0,0.0,0,0.0
7,S1,H4,processor,27,547.23705,24.0,0.0,53.24,0,0,24.0,1.0,0.0,0,0.0
7,S1,H7,loader,27,451.958924,24.0,0.0,54.68,0,0,24.0,1.0,0.0,0,0.0
8,S1,H1,feller_buncher,27,674.603847,24.0,0.0,53.24,0,0,24.0,1.0,0.0,0,0.0
8,S1,H2,feller_buncher,27,1220.906942,24.0,0.0,0.0,0,0,24.0,1.0,0.0,0,0.0
8,S1,H3,grapple_skidder,27,678.968019,24.0,0.0,53.72,0,0,24.0,1.0,0.0,0,0.0
8,S1,H4,processor,27,469.046841,24.0,0.0,53.72,0,0,24.0,1.0,0.0,0,0.0
8,S1,H5,processor,27,469.046841,24.0,0.0,54.2,0,0,24.0,1.0,0.0,0,0.0
8,S1,H7,loader,27,485.857474,24.0,0.0,53.24,0,0,24.0,1.0,0.0,0,0.0
9,S1,H1,feller_buncher,27,1194.708925,24.0,0.0,53.96,0,0,24.0,1.0,0.0,0,0.0
9,S1,H2,feller_buncher,27,961.553907,24.0,0.0,55.16,0,0,24.0,1.0,0.0,0,0.0
9,S1,H3,grapple_skidder,27,1332.369187,24.0,0.0,55.4,0,0,24.0,1.0,0.0,0,0.0
9,S1,H4,processor,27,547.23705,24.0,0.0,53.72,0,0,24.0,1.0,0.0,0,0.0
9,S1,H7,loader,27,474.741639,24.0,0.0,53.72,0,0,24.0,1.0,0.0,0,0.0
9,S1,H8,loader,27,474.741639,24.0,0.0,0.0,0,0,24.0,1.0,0.0,0,0.0
10,S1,H1,feller_buncher,27,961.553907,24.0,0.0,55.4,0,0,24.0,1.0,0.0,0,0.0
10,S1,H2,feller_buncher,27,468.9716597545145,24.0,0.0,53.72,0,0,24.0,1.0,0.0,0,0.0
10,S1,H3,grapple_skidder,27,1480.641393,24.0,0.0,53.24,0,0,24.0,1.0,0.0,0,0.0
10,S1,H4,processor,27,531.895933,24.0,0.0,55.4,0,0,24.0,1.0,0.0,0,0.0
10,S1,H5,processor,27,531.895933,24.0,0.0,54.68,0,0,24.0,1.0,0.0,0,0.0
10,S1,H7,loader,27,485.857474,24.0,0.0,53.72,0,0,24.0,1.0,0.0,0,0.0
11,S1,H1,feller_buncher,27,860.013242,24.0,0.0,53.72,0,0,24.0,1.0,0.0,0,0.0
11,S1,H2,feller_buncher,27,1220.906942,24.0,0.0,54.44,0,0,24.0,1.0,0.0,0,0.0
11,S1,H3,grapple_skidder,27,1164.728216,24.0,0.0,53.72,0,0,24.0,1.0,0.0,0,0.0
11,S1,H4,processor,27,569.826226,24.0,0.0,53.24,0,0,24.0,1.0,0.0,0,0.0
11,S1,H5,processor,27,569.826226,24.0,0.0,53.24,0,0,24.0,1.0,0.0,0,0.0
11,S1,H7,loader,27,802.411354,24.0,0.0,55.4,0,0,24.0,1.0,0.0,0,0.0
12,S1,H1,feller_buncher,27,1013.0077249999999,24.0,0.0,54.44,0,0,24.0,1.0,0.0,0,0.0
12,S1,H2,feller_buncher,27,888.796776,24.0,0.0,54.92,0,0,24.0,1.0,0.0,0,0.0
12,S1,H3,grapple_skidder,27,678.968019,24.0,0.0,54.92,0,0,24.0,1.0,0.0,0,0.0
12,S1,H4,processor,27,517.165642,24.0,0.0,53.72,0,0,24.0,1.0,0.0,0,0.0
12,S1,H5,processor,27,517.165642,24.0,0.0,53.72,0,0,24.0,1.0,0.0,0,0.0
12,S1,H7,loader,27,605.037273917874,24.0,0.0,53.24,0,0,24.0,1.0,0.0,0,0.0
13,S1,H1,feller_buncher,27,413.7565330000002,24.0,0.0,55.16,0,0,24.0,1.0,0.0,0,0.0
13,S1,H2,feller_buncher,27,680.207863,24.0,0.0,53.96,0,0,24.0,1.0,0.0,0,0.0
13,S1,H3,grapple_skidder,27,1332.369187,24.0,0.0,55.4,0,0,24.0,1.0,0.0,0,0.0
13,S1,H4,processor,27,547.23705,24.0,0.0,54.92,0,0,24.0,1.0,0.0,0,0.0
13,S1,H7,loader,27,687.364703,24.0,0.0,53.72,0,0,24.0,1.0,0.0,0,0.0
13,S1,H8,loader,27,609.2007146138396,24.0,0.0,54.2,1,0,24.0,1.0,0.0,0,0.0
14,S1,H1,feller_buncher,27,938.2582373464404,19.344707021163746,4.655292978836254,53.48,0,0,24.0,0.8060294592151561,4.655292978836253,1,0.0
14,S1,H2,feller_buncher,27,1176.844281,24.0,0.0,53.48,0,0,24.0,1.0,0.0,0,0.0
14,S1,H3,grapple_skidder,27,678.968019,24.0,0.0,55.4,0,0,24.0,1.0,0.0,0,0.0
14,S1,H4,processor,27,531.895933,24.0,0.0,55.4,0,0,24.0,1.0,0.0,0,0.0
14,S1,H5,processor,27,531.895933,24.0,0.0,53.48,0,0,24.0,1.0,0.0,0,0.0
14,S1,H6,processor,27,531.895933,24.0,0.0,0.0,0,0,24.0,1.0,0.0,0,0.0
14,S1,H7,loader,27,485.857474,24.0,0.0,54.92,0,0,24.0,1.0,0.0,0,0.0
15,S1,H1,feller_buncher,27,787.363583,24.0,0.0,54.44,0,0,24.0,1.0,0.0,0,0.0
15,S1,H2,feller_buncher,27,1176.844281,24.0,0.0,0.0,0,0,24.0,1.0,0.0,0,0.0
15,S1,H3,grapple_skidder,27,739.620424,24.0,0.0,53.24,0,0,24.0,1.0,0.0,0,0.0
15,S1,H4,processor,27,547.23705,24.0,0.0,55.4,0,0,24.0,1.0,0.0,0,0.0
15,S1,H7,loader,27,631.6369590097762,18.89216415080117,5.107835849198828,55.4,0,0,24.0,0.7871735062833821,5.107835849198827,1,0.0
15,S1,H8,loader,27,802.411354,24.0,0.0,53.48,0,0,24.0,1.0,0.0,0,0.0
16,S1,H1,feller_buncher,27,1194.708925,24.0,0.0,53.48,0,0,24.0,1.0,0.0,0,0.0
16,S1,H2,feller_buncher,27,111.30773800000088,24.0,0.0,0.0,0,0,24.0,1.0,0.0,0,0.0
16,S1,H3,grapple_skidder,27,674.603847,24.0,0.0,54.44,0,0,24.0,1.0,0.0,0,0.0
16,S1,H4,processor,27,481.329283,24.0,0.0,53.24,0,0,24.0,1.0,0.0,0,0.0
16,S1,H5,processor,27,294.6961548,24.0,0.0,55.16,1,0,24.0,1.0,0.0,0,0.0
16,S1,H7,loader,27,485.857474,24.0,0.0,55.4,0,0,24.0,1.0,0.0,0,0.0
17,S1,H1,feller_buncher,27,1034.9561404611657,20.790794185343497,3.209205814656503,0.0,0,0,24.0,0.866283091055979,3.209205814656503,1,0.0
17,S1,H2,feller_buncher,27,1164.04956,24.0,0.0,54.2,0,0,24.0,1.0,0.0,0,0.0
17,S1,H3,grapple_skidder,27,1164.728216,24.0,0.0,53.24,0,0,24.0,1.0,0.0,0,0.0
17,S1,H4,processor,27,456.082335,24.0,0.0,54.44,0,0,24.0,1.0,0.0,0,0.0
17,S1,H5,processor,27,218.52151199999997,24.0,0.0,54.44,0,0,24.0,1.0,0.0,0,0.0
17,S1,H7,loader,27,451.958924,24.0,0.0,53.24,0,0,24.0,1.0,0.0,0,0.0
17,S1,H8,loader,27,353.43687279999995,24.0,0.0,55.16,1,0,24.0,1.0,0.0,0,0.0
18,S1,H1,feller_buncher,27,140.55055100000027,24.0,0.0,0.0,0,0,24.0,1.0,0.0,0,0.0
18,S1,H2,feller_buncher,27,1164.04956,24.0,0.0,0.0,0,0,24.0,1.0,0.0,0,0.0
18,S1,H3,grapple_skidder,27,739.620424,24.0,0.0,54.68,0,0,24.0,1.0,0.0,0,0.0
18,S1,H4,processor,27,517.165642,24.0,0.0,53.24,0,0,24.0,1.0,0.0,0,0.0
18,S1,H5,processor,27,517.165642,24.0,0.0,53.24,0,0,24.0,1.0,0.0,0,0.0
18,S1,H7,loader,27,674.603847,24.0,0.0,54.44,0,0,24.0,1.0,0.0,0,0.0
19,S1,H1,feller_buncher,27,502.7667789999996,24.0,0.0,54.92,0,0,24.0,1.0,0.0,0,0.0
19,S1,H2,feller_buncher,27,256.1621419999998,24.0,0.0,53.24,0,0,24.0,1.0,0.0,0,0.0
19,S1,H3,grapple_skidder,27,1164.728216,24.0,0.0,54.68,0,0,24.0,1.0,0.0,0,0.0
19,S1,H4,processor,27,481.329283,24.0,0.0,54.68,0,0,24.0,1.0,0.0,0,0.0
19,S1,H7,loader,27,687.364703,24.0,0.0,53.24,0,0,24.0,1.0,0.0,0,0.0
20,S1,H1,feller_buncher,27,59.00278800000001,24.0,0.0,53.24,0,0,24.0,1.0,0.0,0,0.0
20,S1,H2,feller_buncher,27,355.83329326035533,24.0,0.0,54.68,0,0,24.0,1.0,0.0,0,0.0
20,S1,H3,grapple_skidder,27,678.968019,24.0,0.0,54.92,0,0,24.0,1.0,0.0,0,0.0
20,S1,H4,processor,27,352.88572186571184,24.0,0.0,54.68,0,0,24.0,1.0,0.0,0,0.0
20,S1,H5,processor,27,352.88572186571184,24.0,0.0,0.0,0,0,24.0,1.0,0.0,0,0.0
20,S1,H6,processor,27,352.88572186571184,24.0,0.0,53.48,0,0,24.0,1.0,0.0,0,0.0
20,S1,H7,loader,27,451.958924,24.0,0.0,54.68,0,0,24.0,1.0,0.0,0,0.0
21,S1,H1,feller_buncher,27,576.960683,24.0,0.0,53.24,0,0,24.0,1.0,0.0,0,0.0
21,S1,H2,feller_buncher,27,310.61238485344967,20.42951259901746,3.5704874009825396,53.72,0,0,24.0,0.8512296916257275,3.5704874009825396,1,0.0
21,S1,H3,grapple_skidder,27,1143.1968762603553,24.0,0.0,55.16,1,0,24.0,1.0,0.0,0,0.0
21,S1,H4,processor,27,547.23705,24.0,0.0,54.92,0,0,24.0,1.0,0.0,0,0.0
21,S1,H5,processor,27,547.23705,24.0,0.0,54.92,0,0,24.0,1.0,0.0,0,0.0
21,S1,H7,loader,27,687.364703,24.0,0.0,54.68,0,0,24.0,1.0,0.0,0,0.0
21,S1,H8,loader,27,687.364703,24.0,0.0,54.68,0,0,24.0,1.0,0.0,0,0.0
22,S1,H3,grapple_skidder,27,778.104169,24.0,0.0,54.44,0,0,24.0,1.0,0.0,0,0.0
22,S1,H4,processor,27,441.264891,24.0,0.0,55.16,0,0,24.0,1.0,0.0,0,0.0
22,S1,H5,processor,27,441.264891,24.0,0.0,55.16,0,0,24.0,1.0,0.0,0,0.0
22,S1,H6,processor,27,260.6670942603553,24.0,0.0,53.24,1,0,24.0,1.0,0.0,0,0.0
22,S1,H7,loader,27,485.857474,24.0,0.0,54.92,0,0,24.0,1.0,0.0,0,0.0
22,S1,H8,loader,27,485.857474,24.0,0.0,54.92,0,0,24.0,1.0,0.0,0,0.0
23,S1,H3,grapple_skidder,27,678.968019,24.0,0.0,53.72,0,0,24.0,1.0,0.0,0,0.0
23,S1,H4,processor,27,469.046841,24.0,0.0,54.44,0,0,24.0,1.0,0.0,0,0.0
23,S1,H7,loader,27,561.1297124288127,24.0,0.0,55.16,0,0,24.0,1.0,0.0,0,0.0
23,S1,H8,loader,27,413.28464745746885,24.0,0.0,55.16,0,0,24.0,1.0,0.0,0,0.0
24,S1,H3,grapple_skidder,27,1480.641393,24.0,0.0,55.64,0,0,24.0,1.0,0.0,0,0.0
24,S1,H4,processor,27,547.23705,24.0,0.0,53.72,0,0,24.0,1.0,0.0,0,0.0
24,S1,H7,loader,27,273.34738073541877,24.0,0.0,54.44,0,0,24.0,1.0,0.0,0,0.0
25,S1,H3,grapple_skidder,27,1332.369187,24.0,0.0,53.24,0,0,24.0,1.0,0.0,0,0.0
25,S1,H4,processor,27,569.826226,24.0,0.0,55.64,0,0,24.0,1.0,0.0,0,0.0
25,S1,H5,processor,27,569.826226,24.0,0.0,53.48,0,0,24.0,1.0,0.0,0,0.0
25,S1,H6,processor,27,569.826226,24.0,0.0,53.48,0,0,24.0,1.0,0.0,0,0.0
25,S1,H7,loader,27,485.857474,24.0,0.0,53.72,0,0,24.0,1.0,0.0,0,0.0
26,S1,H3,grapple_skidder,27,678.968019,24.0,0.0,55.4,0,0,24.0,1.0,0.0,0,0.0
26,S1,H4,processor,27,531.895933,24.0,0.0,53.24,0,0,24.0,1.0,0.0,0,0.0
26,S1,H5,processor,27,531.895933,24.0,0.0,53.24,0,0,24.0,1.0,0.0,0,0.0
26,S1,H7,loader,27,937.184825,24.0,0.0,55.64,0,0,24.0,1.0,0.0,0,0.0
26,S1,H8,loader,27,937.184825,24.0,0.0,53.48,0,0,24.0,1.0,0.0,0,0.0
27,S1,H3,grapple_skidder,27,739.620424,24.0,0.0,53.24,0,0,24.0,1.0,0.0,0,0.0
27,S1,H4,processor,27,547.23705,24.0,0.0,55.4,0,0,24.0,1.0,0.0,0,0.0
27,S1,H7,loader,27,802.411354,24.0,0.0,53.24,0,0,24.0,1.0,0.0,0,0.0
28,S1,H3,grapple_skidder,27,1439.9380029611655,24.0,0.0,55.4,1,0,24.0,1.0,0.0,0,0.0
28,S1,H4,processor,27,481.329283,24.0,0.0,53.24,0,0,24.0,1.0,0.0,0,0.0
28,S1,H5,processor,27,481.329283,24.0,0.0,55.16,0,0,24.0,1.0,0.0,0,0.0
28,S1,H7,loader,27,485.857474,24.0,0.0,55.4,0,0,24.0,1.0,0.0,0,0.0
28,S1,H8,loader,27,485.857474,24.0,0.0,55.64,0,0,24.0,1.0,0.0,0,0.0
29,S1,H3,grapple_skidder,27,778.104169,24.0,0.0,54.92,0,0,24.0,1.0,0.0,0,0.0
29,S1,H4,processor,27,569.826226,24.0,0.0,55.4,0,0,24.0,1.0,0.0,0,0.0
29,S1,H5,processor,27,569.826226,24.0,0.0,55.4,0,0,24.0,1.0,0.0,0,0.0
29,S1,H7,loader,27,451.958924,24.0,0.0,53.24,0,0,24.0,1.0,0.0,0,0.0
29,S1,H8,loader,27,451.958924,24.0,0.0,53.24,0,0,24.0,1.0,0.0,0,0.0
30,S1,H3,grapple_skidder,27,371.21537205486845,24.0,0.0,53.72,1,0,24.0,1.0,0.0,0,0.3
30,S1,H4,processor,27,328.3327887,24.0,0.0,54.92,0,0,24.0,1.0,0.0,0,0.3
30,S1,H5,processor,27,328.3327887,24.0,0.0,54.92,0,0,24.0,1.0,0.0,0,0.3
30,S1,H7,loader,27,656.0293775,24.0,0.0,55.4,0,0,24.0,1.0,0.0,0,0.3
31,S1,H3,grapple_skidder,27,923.199854,24.0,0.0,53.96,0,0,24.0,1.0,0.0,0,0.0
31,S1,H4,processor,27,547.23705,24.0,0.0,53.72,0,0,24.0,1.0,0.0,0,0.0
31,S1,H7,loader,27,474.741639,24.0,0.0,54.92,0,0,24.0,1.0,0.0,0,0.0
31,S1,H8,loader,27,474.741639,24.0,0.0,53.48,0,0,24.0,1.0,0.0,0,0.0
32,S1,H3,grapple_skidder,27,778.104169,24.0,0.0,53.24,0,0,24.0,1.0,0.0,0,0.0
32,S1,H4,processor,27,395.784917,24.0,0.0,53.96,0,0,24.0,1.0,0.0,0,0.0
32,S1,H5,processor,27,395.784917,24.0,0.0,53.24,0,0,24.0,1.0,0.0,0,0.0
32,S1,H7,loader,27,485.857474,24.0,0.0,53.72,0,0,24.0,1.0,0.0,0,0.0
33,S1,H3,grapple_skidder,27,339.9365580000001,24.0,0.0,53.48,0,0,24.0,1.0,0.0,0,0.0
33,S1,H4,processor,27,469.046841,24.0,0.0,53.24,0,0,24.0,1.0,0.0,0,0.0
33,S1,H5,processor,27,469.046841,24.0,0.0,53.24,0,0,24.0,1.0,0.0,0,0.0
33,S1,H7,loader,27,456.725789,24.0,0.0,53.96,0,0,24.0,1.0,0.0,0,0.0
34,S1,H3,grapple_skidder,27,0.0,24.0,0.0,53.24,1,0,24.0,1.0,0.0,0,0.3
34,S1,H4,processor,27,287.30978919999984,24.0,0.0,53.48,0,0,24.0,1.0,0.0,0,0.3
34,S1,H7,loader,27,332.3191473,24.0,0.0,53.24,0,0,24.0,1.0,0.0,0,0.3
34,S1,H8,loader,27,332.3191473,24.0,0.0,0.0,0,0,24.0,1.0,0.0,0,0.3
35,S1,H3,grapple_skidder,27,809.624168,24.0,0.0,53.48,0,0,24.0,1.0,0.0,0,0.0
35,S1,H4,processor,27,198.85805505486894,24.0,0.0,53.24,1,0,24.0,1.0,0.0,0,0.0
35,S1,H5,processor,27,0.0,24.0,0.0,53.72,1,0,24.0,1.0,0.0,0,0.0
35,S1,H7,loader,27,375.42086619999964,24.0,0.0,53.48,1,0,24.0,1.0,0.0,0,0.0
35,S1,H8,loader,27,0.0,24.0,0.0,53.48,1,0,24.0,1.0,0.0,0,0.0
36,S1,H3,grapple_skidder,27,544.6729182999999,24.0,0.0,53.24,0,0,24.0,1.0,0.0,0,0.3
36,S1,H4,processor,27,286.75535279999997,24.0,0.0,53.48,0,0,24.0,1.0,0.0,0,0.3
36,S1,H5,processor,27,286.75535279999997,24.0,0.0,53.48,0,0,24.0,1.0,0.0,0,0.3
36,S1,H7,loader,27,265.4167650548683,20.273954083542048,3.7260459164579522,53.24,1,0,24.0,0.844748086814252,3.726045916457951,1,0.3
36,S1,H8,loader,27,0.0,24.0,0.0,53.24,1,0,24.0,1.0,0.0,0,0.3
37,S1,H3,grapple_skidder,27,1332.369187,24.0,0.0,54.68,0,0,24.0,1.0,0.0,0,0.0
37,S1,H4,processor,27,469.046841,24.0,0.0,53.24,0,0,24.0,1.0,0.0,0,0.0
37,S1,H7,loader,27,176.82737142434476,24.0,0.0,53.48,0,0,24.0,1.0,0.0,0,0.0
37,S1,H8,loader,27,176.82737142434476,24.0,0.0,53.48,0,0,24.0,1.0,0.0,0,0.0
38,S1,H3,grapple_skidder,27,0.0,24.0,0.0,53.24,1,0,24.0,1.0,0.0,0,0.0
38,S1,H4,processor,27,531.895933,24.0,0.0,54.68,0,0,24.0,1.0,0.0,0,0.0
38,S1,H5,processor,27,531.895933,24.0,0.0,54.92,0,0,24.0,1.0,0.0,0,0.0
38,S1,H6,processor,27,456.5414263661676,20.59988346026331,3.4001165397366897,53.24,0,0,24.0,0.8583284775109713,3.4001165397366897,1,0.0
38,S1,H7,loader,27,474.741639,24.0,0.0,53.24,0,0,24.0,1.0,0.0,0,0.0
39,S1,H3,grapple_skidder,27,147.65593300000046,24.0,0.0,53.72,1,0,24.0,1.0,0.0,0,0.0
39,S1,H4,processor,27,412.43720696116566,24.0,0.0,53.24,1,0,24.0,1.0,0.0,0,0.0
39,S1,H5,processor,27,0.0,24.0,0.0,53.24,1,0,24.0,1.0,0.0,0,0.0
39,S1,H7,loader,27,802.411354,24.0,0.0,54.68,0,0,24.0,1.0,0.0,0,0.0
39,S1,H8,loader,27,802.411354,24.0,0.0,54.92,0,0,24.0,1.0,0.0,0,0.0
40,S1,H3,grapple_skidder,27,567.1587449999993,24.0,0.0,53.48,0,0,24.0,1.0,0.0,0,0.0
40,S1,H4,processor,27,164.19408399999952,24.0,0.0,53.72,0,0,24.0,1.0,0.0,0,0.0
40,S1,H7,loader,27,937.184825,24.0,0.0,53.24,0,0,24.0,1.0,0.0,0,0.0
40,S1,H8,loader,27,233.46212599999876,24.0,0.0,53.24,0,0,24.0,1.0,0.0,0,0.0
41,S1,H3,grapple_skidder,27,576.960683,24.0,0.0,54.2,0,0,24.0,1.0,0.0,0,0.0
41,S1,H4,processor,27,531.895933,24.0,0.0,53.48,0,0,24.0,1.0,0.0,0,0.0
41,S1,H5,processor,27,45.780229999999165,24.0,0.0,53.24,0,0,24.0,1.0,0.0,0,0.0
41,S1,H7,loader,27,195.08842459713537,24.0,0.0,53.72,1,0,24.0,1.0,0.0,0,0.0
41,S1,H8,loader,27,0.0,24.0,0.0,53.72,1,0,24.0,1.0,0.0,0,0.0
42,S1,H3,grapple_skidder,27,990.8202478534497,24.0,0.0,53.24,1,0,24.0,1.0,0.0,0,0.0
42,S1,H4,processor,27,428.751305,24.0,0.0,54.2,0,0,24.0,1.0,0.0,0,0.0
42,S1,H5,processor,27,148.20937800000002,24.0,0.0,54.2,0,0,24.0,1.0,0.0,0,0.0
42,S1,H7,loader,27,802.411354,24.0,0.0,53.48,0,0,24.0,1.0,0.0,0,0.0
42,S1,H8,loader,27,254.32576386413044,21.818363164556565,2.1816368354434346,53.48,0,0,24.0,0.9090984651898569,2.1816368354434337,1,0.0
1,S1,H1,feller_buncher,28,1176.844281,24.0,0.0,0.0,0,0,24.0,1.0,0.0,0,0.0
1,S1,H2,feller_buncher,28,1299.478592,24.0,0.0,0.0,0,0,24.0,1.0,0.0,0,0.0
2,S1,H1,feller_buncher,28,1164.04956,24.0,0.0,54.2,0,0,24.0,1.0,0.0,0,0.0
2,S1,H2,feller_buncher,28,1299.478592,24.0,0.0,0.0,0,0,24.0,1.0,0.0,0,0.0
2,S1,H3,grapple_skidder,28,1164.728216,24.0,0.0,0.0,0,0,24.0,1.0,0.0,0,0.0
3,S1,H1,feller_buncher,28,888.796776,24.0,0.0,53.24,0,0,24.0,1.0,0.0,0,0.0
3,S1,H2,feller_buncher,28,1071.5356019330966,19.790133215518427,4.209866784481573,0.0,0,0,24.0,0.8245888839799345,4.209866784481573,1,0.0
3,S1,H3,grapple_skidder,28,778.104169,24.0,0.0,54.2,0,0,24.0,1.0,0.0,0,0.0
3,S1,H4,processor,28,517.165642,24.0,0.0,0.0,0,0,24.0,1.0,0.0,0,0.0
3,S1,H5,processor,28,517.165642,24.0,0.0,0.0,0,0,24.0,1.0,0.0,0,0.0
4,S1,H1,feller_buncher,28,961.553907,24.0,0.0,53.24,0,0,24.0,1.0,0.0,0,0.0
4,S1,H2,feller_buncher,28,1299.478592,24.0,0.0,0.0,0,0,24.0,1.0,0.0,0,0.0
4,S1,H3,grapple_skidder,28,451.27483384563055,24.0,0.0,53.24,0,0,24.0,1.0,0.0,0,0.0
4,S1,H4,processor,28,469.046841,24.0,0.0,54.2,0,0,24.0,1.0,0.0,0,0.0
4,S1,H7,loader,28,687.364703,24.0,0.0,0.0,0,0,24.0,1.0,0.0,0,0.0
5,S1,H1,feller_buncher,28,356.0085949999998,24.0,0.0,53.24,0,0,24.0,1.0,0.0,0,0.0
5,S1,H2,feller_buncher,28,1194.708925,24.0,0.0,55.64,0,0,24.0,1.0,0.0,0,0.0
5,S1,H3,grapple_skidder,28,567.7330824644635,18.42241443990617,5.57758556009383,53.24,0,0,24.0,0.7676006016627571,5.577585560093828,1,0.0
5,S1,H4,processor,28,409.650504,24.0,0.0,53.24,0,0,24.0,1.0,0.0,0,0.0
6,S1,H1,feller_buncher,28,1220.906942,24.0,0.0,55.4,0,0,24.0,1.0,0.0,0,0.0
6,S1,H2,feller_buncher,28,947.8209502103643,19.54186796397977,4.458132036020231,54.92,0,0,24.0,0.814244498499157,4.45813203602023,1,0.0
6,S1,H3,grapple_skidder,28,678.968019,24.0,0.0,53.24,0,0,24.0,1.0,0.0,0,0.0
6,S1,H4,processor,28,481.329283,24.0,0.0,53.24,0,0,24.0,1.0,0.0,0,0.0
7,S1,H1,feller_buncher,28,1176.844281,24.0,0.0,53.48,0,0,24.0,1.0,0.0,0,0.0
7,S1,H2,feller_buncher,28,1220.906942,24.0,0.0,54.68,0,0,24.0,1.0,0.0,0,0.0
7,S1,H3,grapple_skidder,28,778.104169,24.0,0.0,53.72,0,0,24.0,1.0,0.0,0,0.0
7,S1,H4,processor,28,547.23705,24.0,0.0,53.24,0,0,24.0,1.0,0.0,0,0.0
7,S1,H7,loader,28,451.958924,24.0,0.0,54.68,0,0,24.0,1.0,0.0,0,0.0
8,S1,H1,feller_buncher,28,674.603847,24.0,0.0,53.24,0,0,24.0,1.0,0.0,0,0.0
8,S1,H2,feller_buncher,28,1220.906942,24.0,0.0,0.0,0,0,24.0,1.0,0.0,0,0.0
8,S1,H3,grapple_skidder,28,678.968019,24.0,0.0,53.72,0,0,24.0,1.0,0.0,0,0.0
8,S1,H4,processor,28,469.046841,24.0,0.0,53.72,0,0,24.0,1.0,0.0,0,0.0
8,S1,H5,processor,28,469.046841,24.0,0.0,54.2,0,0,24.0,1.0,0.0,0,0.0
8,S1,H7,loader,28,485.857474,24.0,0.0,53.24,0,0,24.0,1.0,0.0,0,0.0
9,S1,H1,feller_buncher,28,1194.708925,24.0,0.0,53.96,0,0,24.0,1.0,0.0,0,0.0
9,S1,H2,feller_buncher,28,961.553907,24.0,0.0,55.16,0,0,24.0,1.0,0.0,0,0.0
9,S1,H3,grapple_skidder,28,1332.369187,24.0,0.0,55.4,0,0,24.0,1.0,0.0,0,0.0
9,S1,H4,processor,28,547.23705,24.0,0.0,53.72,0,0,24.0,1.0,0.0,0,0.0
9,S1,H7,loader,28,474.741639,24.0,0.0,53.72,0,0,24.0,1.0,0.0,0,0.0
9,S1,H8,loader,28,474.741639,24.0,0.0,0.0,0,0,24.0,1.0,0.0,0,0.0
10,S1,H1,feller_buncher,28,507.3670559238861,24.0,0.0,55.4,0,0,24.0,1.0,0.0,0,0.3
10,S1,H2,feller_buncher,28,602.0092694,24.0,0.0,53.72,0,0,24.0,1.0,0.0,0,0.3
10,S1,H3,grapple_skidder,28,1036.4489751,24.0,0.0,53.24,0,0,24.0,1.0,0.0,0,0.3
10,S1,H4,processor,28,275.17575944073343,24.0,0.0,55.4,0,0,24.0,1.0,0.0,0,0.3
10,S1,H5,processor,28,224.638899948141,19.592327499023597,4.407672500976403,54.68,0,0,24.0,0.8163469791259832,4.407672500976404,1,0.3
10,S1,H7,loader,28,340.1002318,24.0,0.0,53.72,0,0,24.0,1.0,0.0,0,0.3
11,S1,H1,feller_buncher,28,860.013242,24.0,0.0,53.72,0,0,24.0,1.0,0.0,0,0.0
11,S1,H2,feller_buncher,28,1220.906942,24.0,0.0,54.44,0,0,24.0,1.0,0.0,0,0.0
11,S1,H3,grapple_skidder,28,1164.728216,24.0,0.0,53.72,0,0,24.0,1.0,0.0,0,0.0
11,S1,H4,processor,28,569.826226,24.0,0.0,53.24,0,0,24.0,1.0,0.0,0,0.0
11,S1,H5,processor,28,433.79585915508704,18.270658921413155,5.729341078586845,53.24,0,0,24.0,0.7612774550588814,5.729341078586845,1,0.0
11,S1,H7,loader,28,499.8146593888744,24.0,0.0,55.4,1,0,24.0,1.0,0.0,0,0.0
12,S1,H1,feller_buncher,28,709.1054075,24.0,0.0,54.44,0,0,24.0,1.0,0.0,0,0.3
12,S1,H2,feller_buncher,28,622.1577432,24.0,0.0,54.92,0,0,24.0,1.0,0.0,0,0.3
12,S1,H3,grapple_skidder,28,475.2776133,24.0,0.0,54.92,0,0,24.0,1.0,0.0,0,0.3
12,S1,H4,processor,28,362.0159494,24.0,0.0,53.72,0,0,24.0,1.0,0.0,0,0.3
12,S1,H5,processor,28,362.0159494,24.0,0.0,53.72,0,0,24.0,1.0,0.0,0,0.3
12,S1,H7,loader,28,656.0293775,24.0,0.0,53.24,0,0,24.0,1.0,0.0,0,0.3
13,S1,H1,feller_buncher,28,413.7565330000002,24.0,0.0,55.16,0,0,24.0,1.0,0.0,0,0.0
13,S1,H2,feller_buncher,28,680.207863,24.0,0.0,53.96,0,0,24.0,1.0,0.0,0,0.0
13,S1,H3,grapple_skidder,28,1332.369187,24.0,0.0,55.4,0,0,24.0,1.0,0.0,0,0.0
13,S1,H4,processor,28,547.23705,24.0,0.0,54.92,0,0,24.0,1.0,0.0,0,0.0
13,S1,H7,loader,28,687.364703,24.0,0.0,53.72,0,0,24.0,1.0,0.0,0,0.0
13,S1,H8,loader,28,383.6337768000001,24.0,0.0,54.2,1,0,24.0,1.0,0.0,0,0.0
14,S1,H1,feller_buncher,28,1164.04956,24.0,0.0,53.48,0,0,24.0,1.0,0.0,0,0.0
14,S1,H2,feller_buncher,28,1176.844281,24.0,0.0,53.48,0,0,24.0,1.0,0.0,0,0.0
14,S1,H3,grapple_skidder,28,678.968019,24.0,0.0,55.4,0,0,24.0,1.0,0.0,0,0.0
14,S1,H4,processor,28,531.895933,24.0,0.0,55.4,0,0,24.0,1.0,0.0,0,0.0
14,S1,H5,processor,28,531.895933,24.0,0.0,53.48,0,0,24.0,1.0,0.0,0,0.0
14,S1,H6,processor,28,531.895933,24.0,0.0,0.0,0,0,24.0,1.0,0.0,0,0.0
14,S1,H7,loader,28,485.857474,24.0,0.0,54.92,0,0,24.0,1.0,0.0,0,0.0
15,S1,H1,feller_buncher,28,787.363583,24.0,0.0,54.44,0,0,24.0,1.0,0.0,0,0.0
15,S1,H2,feller_buncher,28,1176.844281,24.0,0.0,0.0,0,0,24.0,1.0,0.0,0,0.0
15,S1,H3,grapple_skidder,28,739.620424,24.0,0.0,53.24,0,0,24.0,1.0,0.0,0,0.0
15,S1,H4,processor,28,547.23705,24.0,0.0,55.4,0,0,24.0,1.0,0.0,0,0.0
15,S1,H7,loader,28,802.411354,24.0,0.0,55.4,0,0,24.0,1.0,0.0,0,0.0
15,S1,H8,loader,28,793.2764450000001,24.0,0.0,53.48,1,0,24.0,1.0,0.0,0,0.0
16,S1,H1,feller_buncher,28,1194.708925,24.0,0.0,53.48,0,0,24.0,1.0,0.0,0,0.0
16,S1,H2,feller_buncher,28,111.30773800000088,24.0,0.0,0.0,0,0,24.0,1.0,0.0,0,0.0
16,S1,H3,grapple_skidder,28,674.603847,24.0,0.0,54.44,0,0,24.0,1.0,0.0,0,0.0
16,S1,H4,processor,28,481.329283,24.0,0.0,53.24,0,0,24.0,1.0,0.0,0,0.0
16,S1,H5,processor,28,344.6949404644634,24.0,0.0,55.16,1,0,24.0,1.0,0.0,0,0.0
16,S1,H7,loader,28,216.55998913421254,24.0,0.0,55.4,0,0,24.0,1.0,0.0,0,0.0
17,S1,H1,feller_buncher,28,1194.708925,24.0,0.0,0.0,0,0,24.0,1.0,0.0,0,0.0
17,S1,H2,feller_buncher,28,1164.04956,24.0,0.0,54.2,0,0,24.0,1.0,0.0,0,0.0
17,S1,H3,grapple_skidder,28,1164.728216,24.0,0.0,53.24,0,0,24.0,1.0,0.0,0,0.0
17,S1,H4,processor,28,456.082335,24.0,0.0,54.44,0,0,24.0,1.0,0.0,0,0.0
17,S1,H5,processor,28,218.52151199999997,24.0,0.0,54.44,0,0,24.0,1.0,0.0,0,0.0
17,S1,H7,loader,28,451.958924,24.0,0.0,53.24,0,0,24.0,1.0,0.0,0,0.0
17,S1,H8,loader,28,403.43565846446336,24.0,0.0,55.16,1,0,24.0,1.0,0.0,0,0.0
18,S1,H1,feller_buncher,28,140.55055100000027,24.0,0.0,0.0,0,0,24.0,1.0,0.0,0,0.0
18,S1,H2,feller_buncher,28,1164.04956,24.0,0.0,0.0,0,0,24.0,1.0,0.0,0,0.0
18,S1,H3,grapple_skidder,28,739.620424,24.0,0.0,54.68,0,0,24.0,1.0,0.0,0,0.0
18,S1,H4,processor,28,517.165642,24.0,0.0,53.24,0,0,24.0,1.0,0.0,0,0.0
18,S1,H5,processor,28,517.165642,24.0,0.0,53.24,0,0,24.0,1.0,0.0,0,0.0
18,S1,H7,loader,28,674.603847,24.0,0.0,54.44,0,0,24.0,1.0,0.0,0,0.0
19,S1,H1,feller_buncher,28,502.7667789999996,24.0,0.0,54.92,0,0,24.0,1.0,0.0,0,0.0
19,S1,H2,feller_buncher,28,256.1621419999998,24.0,0.0,53.24,0,0,24.0,1.0,0.0,0,0.0
19,S1,H3,grapple_skidder,28,1164.728216,24.0,0.0,54.68,0,0,24.0,1.0,0.0,0,0.0
19,S1,H4,processor,28,481.329283,24.0,0.0,54.68,0,0,24.0,1.0,0.0,0,0.0
19,S1,H7,loader,28,687.364703,24.0,0.0,53.24,0,0,24.0,1.0,0.0,0,0.0
20,S1,H1,feller_buncher,28,41.3019516,24.0,0.0,53.24,0,0,24.0,1.0,0.0,0,0.3
20,S1,H2,feller_buncher,28,340.44333400000005,24.0,0.0,54.68,0,0,24.0,1.0,0.0,0,0.3
20,S1,H3,grapple_skidder,28,475.2776133,24.0,0.0,54.92,0,0,24.0,1.0,0.0,0,0.3
20,S1,H4,processor,28,362.0159494,24.0,0.0,54.68,0,0,24.0,1.0,0.0,0,0.3
20,S1,H5,processor,28,362.0159494,24.0,0.0,0.0,0,0,24.0,1.0,0.0,0,0.3
20,S1,H6,processor,28,305.8997746548045,20.279754535354478,3.7202454646455223,53.48,0,0,24.0,0.8449897723064366,3.7202454646455205,1,0.3
20,S1,H7,loader,28,316.3712468,24.0,0.0,54.68,0,0,24.0,1.0,0.0,0,0.3
21,S1,H1,feller_buncher,28,512.5251013816352,21.319654519958412,2.680345480041588,53.24,0,0,24.0,0.8883189383316005,2.680345480041586,1,0.0
21,S1,H2,feller_buncher,28,364.89843800000006,24.0,0.0,53.72,0,0,24.0,1.0,0.0,0,0.0
21,S1,H3,grapple_skidder,28,1127.8069169999999,24.0,0.0,55.16,1,0,24.0,1.0,0.0,0,0.0
21,S1,H4,processor,28,547.23705,24.0,0.0,54.92,0,0,24.0,1.0,0.0,0,0.0
21,S1,H5,processor,28,251.27403360000028,24.0,0.0,54.92,1,0,24.0,1.0,0.0,0,0.0
21,S1,H7,loader,28,687.364703,24.0,0.0,54.68,0,0,24.0,1.0,0.0,0,0.0
21,S1,H8,loader,28,687.364703,24.0,0.0,54.68,0,0,24.0,1.0,0.0,0,0.0
22,S1,H3,grapple_skidder,28,778.104169,24.0,0.0,54.44,0,0,24.0,1.0,0.0,0,0.0
22,S1,H4,processor,28,441.264891,24.0,0.0,55.16,0,0,24.0,1.0,0.0,0,0.0
22,S1,H5,processor,28,441.264891,24.0,0.0,55.16,0,0,24.0,1.0,0.0,0,0.0
22,S1,H6,processor,28,245.27713499999987,24.0,0.0,53.24,1,0,24.0,1.0,0.0,0,0.0
22,S1,H7,loader,28,236.483689280877,24.0,0.0,54.92,0,0,24.0,1.0,0.0,0,0.0
22,S1,H8,loader,28,199.31063013990803,20.227420918135184,3.7725790818648157,54.92,0,0,24.0,0.8428092049222994,3.772579081864816,1,0.0
23,S1,H3,grapple_skidder,28,678.968019,24.0,0.0,53.72,0,0,24.0,1.0,0.0,0,0.0
23,S1,H4,processor,28,469.046841,24.0,0.0,54.44,0,0,24.0,1.0,0.0,0,0.0
23,S1,H7,loader,28,733.483855,24.0,0.0,55.16,0,0,24.0,1.0,0.0,0,0.0
23,S1,H8,loader,28,394.32306199999994,24.0,0.0,55.16,1,0,24.0,1.0,0.0,0,0.0
24,S1,H3,grapple_skidder,28,1480.641393,24.0,0.0,55.64,0,0,24.0,1.0,0.0,0,0.0
24,S1,H4,processor,28,547.23705,24.0,0.0,53.72,0,0,24.0,1.0,0.0,0,0.0
24,S1,H7,loader,28,265.69621230428453,24.0,0.0,54.44,0,0,24.0,1.0,0.0,0,0.0
25,S1,H3,grapple_skidder,28,1332.369187,24.0,0.0,53.24,0,0,24.0,1.0,0.0,0,0.0
25,S1,H4,processor,28,569.826226,24.0,0.0,55.64,0,0,24.0,1.0,0.0,0,0.0
25,S1,H5,processor,28,569.826226,24.0,0.0,53.48,0,0,24.0,1.0,0.0,0,0.0
25,S1,H6,processor,28,373.81583094491316,24.0,0.0,53.48,1,0,24.0,1.0,0.0,0,0.0
25,S1,H7,loader,28,485.857474,24.0,0.0,53.72,0,0,24.0,1.0,0.0,0,0.0
26,S1,H3,grapple_skidder,28,678.968019,24.0,0.0,55.4,0,0,24.0,1.0,0.0,0,0.0
26,S1,H4,processor,28,531.895933,24.0,0.0,53.24,0,0,24.0,1.0,0.0,0,0.0
26,S1,H5,processor,28,531.895933,24.0,0.0,53.24,0,0,24.0,1.0,0.0,0,0.0
26,S1,H7,loader,28,937.184825,24.0,0.0,55.64,0,0,24.0,1.0,0.0,0,0.0
26,S1,H8,loader,28,923.8761656000001,24.0,0.0,53.48,1,0,24.0,1.0,0.0,0,0.0
27,S1,H3,grapple_skidder,28,739.620424,24.0,0.0,53.24,0,0,24.0,1.0,0.0,0,0.0
27,S1,H4,processor,28,547.23705,24.0,0.0,55.4,0,0,24.0,1.0,0.0,0,0.0
27,S1,H7,loader,28,802.411354,24.0,0.0,53.24,0,0,24.0,1.0,0.0,0,0.0
28,S1,H3,grapple_skidder,28,1480.641393,24.0,0.0,55.4,0,0,24.0,1.0,0.0,0,0.0
28,S1,H4,processor,28,481.329283,24.0,0.0,53.24,0,0,24.0,1.0,0.0,0,0.0
28,S1,H5,processor,28,481.329283,24.0,0.0,55.16,0,0,24.0,1.0,0.0,0,0.0
28,S1,H7,loader,28,485.857474,24.0,0.0,55.4,0,0,24.0,1.0,0.0,0,0.0
28,S1,H8,loader,28,485.857474,24.0,0.0,55.64,0,0,24.0,1.0,0.0,0,0.0
29,S1,H3,grapple_skidder,28,593.9668008221962,24.0,0.0,54.92,0,0,24.0,1.0,0.0,0,0.0
29,S1,H4,processor,28,569.826226,24.0,0.0,55.4,0,0,24.0,1.0,0.0,0,0.0
29,S1,H5,processor,28,569.826226,24.0,0.0,55.4,0,0,24.0,1.0,0.0,0,0.0
29,S1,H7,loader,28,451.958924,24.0,0.0,53.24,0,0,24.0,1.0,0.0,0,0.0
29,S1,H8,loader,28,451.958924,24.0,0.0,53.24,0,0,24.0,1.0,0.0,0,0.0
30,S1,H3,grapple_skidder,28,678.968019,24.0,0.0,53.72,0,0,24.0,1.0,0.0,0,0.0
30,S1,H4,processor,28,469.046841,24.0,0.0,54.92,0,0,24.0,1.0,0.0,0,0.0
30,S1,H5,processor,28,469.046841,24.0,0.0,54.92,0,0,24.0,1.0,0.0,0,0.0
30,S1,H7,loader,28,812.5990090696781,20.8095305188838,3.1904694811161995,55.4,0,0,24.0,0.8670637716201584,3.1904694811161987,1,0.0
31,S1,H3,grapple_skidder,28,585.7044933545831,24.0,0.0,53.96,0,0,24.0,1.0,0.0,0,0.0
31,S1,H4,processor,28,547.23705,24.0,0.0,53.72,0,0,24.0,1.0,0.0,0,0.0
31,S1,H7,loader,28,474.741639,24.0,0.0,54.92,0,0,24.0,1.0,0.0,0,0.0
31,S1,H8,loader,28,474.741639,24.0,0.0,53.48,0,0,24.0,1.0,0.0,0,0.0
32,S1,H3,grapple_skidder,28,620.1168000140046,19.127006117269772,4.872993882730228,53.24,0,0,24.0,0.7969585882195739,4.872993882730228,1,0.0
32,S1,H4,processor,28,395.784917,24.0,0.0,53.96,0,0,24.0,1.0,0.0,0,0.0
32,S1,H5,processor,28,189.91957635458306,24.0,0.0,53.24,1,0,24.0,1.0,0.0,0,0.0
32,S1,H7,loader,28,390.61048521290496,19.29506521311581,4.704934786884191,53.72,0,0,24.0,0.803961050546492,4.70493478688419,1,0.0
33,S1,H3,grapple_skidder,28,57.637048459422886,24.0,0.0,53.48,1,0,24.0,1.0,0.0,0,0.0
33,S1,H4,processor,28,469.046841,24.0,0.0,53.24,0,0,24.0,1.0,0.0,0,0.0
33,S1,H5,processor,28,265.068220836201,24.0,0.0,53.24,1,0,24.0,1.0,0.0,0,0.0
33,S1,H7,loader,28,456.725789,24.0,0.0,53.96,0,0,24.0,1.0,0.0,0,0.0
34,S1,H3,grapple_skidder,28,122.17881099999954,24.0,0.0,53.24,0,0,24.0,1.0,0.0,0,0.0
34,S1,H4,processor,28,92.89004745942276,24.0,0.0,53.48,1,0,24.0,1.0,0.0,0,0.0
34,S1,H7,loader,28,474.741639,24.0,0.0,53.24,0,0,24.0,1.0,0.0,0,0.0
34,S1,H8,loader,28,474.741639,24.0,0.0,0.0,0,0,24.0,1.0,0.0,0,0.0
35,S1,H3,grapple_skidder,28,566.7369176,24.0,0.0,53.48,0,0,24.0,1.0,0.0,0,0.3
35,S1,H4,processor,28,383.06593499999997,24.0,0.0,53.24,0,0,24.0,1.0,0.0,0,0.3
35,S1,H5,processor,28,57.08672410000015,24.0,0.0,53.72,0,0,24.0,1.0,0.0,0,0.3
35,S1,H7,loader,28,316.3712468,24.0,0.0,53.48,0,0,24.0,1.0,0.0,0,0.3
35,S1,H8,loader,28,0.21755485942270525,24.0,0.0,53.48,1,0,24.0,1.0,0.0,0,0.3
36,S1,H3,grapple_skidder,28,544.6729182999999,24.0,0.0,53.24,0,0,24.0,1.0,0.0,0,0.3
36,S1,H4,processor,28,286.75535279999997,24.0,0.0,53.48,0,0,24.0,1.0,0.0,0,0.3
36,S1,H5,processor,28,286.75535279999997,24.0,0.0,53.48,0,0,24.0,1.0,0.0,0,0.3
36,S1,H7,loader,28,340.1002318,24.0,0.0,53.24,0,0,24.0,1.0,0.0,0,0.3
36,S1,H8,loader,28,146.64352429999954,24.0,0.0,53.24,0,0,24.0,1.0,0.0,0,0.3
37,S1,H3,grapple_skidder,28,1332.369187,24.0,0.0,54.68,0,0,24.0,1.0,0.0,0,0.0
37,S1,H4,processor,28,469.046841,24.0,0.0,53.24,0,0,24.0,1.0,0.0,0,0.0
37,S1,H7,loader,28,424.433991,24.0,0.0,53.48,0,0,24.0,1.0,0.0,0,0.0
37,S1,H8,loader,28,424.433991,24.0,0.0,53.48,0,0,24.0,1.0,0.0,0,0.0
38,S1,H3,grapple_skidder,28,334.2234503999998,24.0,0.0,53.24,0,0,24.0,1.0,0.0,0,0.3
38,S1,H4,processor,28,372.3271531,24.0,0.0,54.68,0,0,24.0,1.0,0.0,0,0.3
38,S1,H5,processor,28,372.3271531,24.0,0.0,54.92,0,0,24.0,1.0,0.0,0,0.3
38,S1,H6,processor,28,372.3271531,24.0,0.0,53.24,0,0,24.0,1.0,0.0,0,0.3
38,S1,H7,loader,28,332.3191473,24.0,0.0,53.24,0,0,24.0,1.0,0.0,0,0.3
39,S1,H3,grapple_skidder,28,159.77199800000017,24.0,0.0,53.72,0,0,24.0,1.0,0.0,0,0.0
39,S1,H4,processor,28,569.826226,24.0,0.0,53.24,0,0,24.0,1.0,0.0,0,0.0
39,S1,H5,processor,28,105.38616539999987,24.0,0.0,53.24,1,0,24.0,1.0,0.0,0,0.0
39,S1,H7,loader,28,802.411354,24.0,0.0,54.68,0,0,24.0,1.0,0.0,0,0.0
39,S1,H8,loader,28,575.9506172999999,24.0,0.0,54.92,1,0,24.0,1.0,0.0,0,0.0
40,S1,H3,grapple_skidder,28,260.72502163065593,24.0,0.0,53.48,0,0,24.0,1.0,0.0,0,0.0
40,S1,H4,processor,28,164.19408399999952,24.0,0.0,53.72,0,0,24.0,1.0,0.0,0,0.0
40,S1,H7,loader,28,648.1729481146516,22.095834089532474,1.9041659104675261,53.24,0,0,24.0,0.9206597537305198,1.9041659104675244,1,0.0
40,S1,H8,loader,28,175.38115715620503,24.0,0.0,53.24,0,0,24.0,1.0,0.0,0,0.0
41,S1,H3,grapple_skidder,28,512.5251013816352,24.0,0.0,54.2,1,0,24.0,1.0,0.0,0,0.0
41,S1,H4,processor,28,225.1068097311257,24.0,0.0,53.48,0,0,24.0,1.0,0.0,0,0.0
41,S1,H5,processor,28,19.37492070287551,24.0,0.0,53.24,0,0,24.0,1.0,0.0,0,0.0
41,S1,H7,loader,28,166.3629324548042,24.0,0.0,53.72,1,0,24.0,1.0,0.0,0,0.0
41,S1,H8,loader,28,0.0,24.0,0.0,53.72,1,0,24.0,1.0,0.0,0,0.0
42,S1,H3,grapple_skidder,28,1045.106301,24.0,0.0,53.24,0,0,24.0,1.0,0.0,0,0.0
42,S1,H4,processor,28,281.293706552208,24.0,0.0,54.2,0,0,24.0,1.0,0.0,0,0.0
42,S1,H5,processor,28,97.23670761402644,24.0,0.0,54.2,0,0,24.0,1.0,0.0,0,0.0
42,S1,H7,loader,28,244.4817304340012,24.0,0.0,53.48,1,0,24.0,1.0,0.0,0,0.0
42,S1,H8,loader,28,0.0,24.0,0.0,53.48,1,0,24.0,1.0,0.0,0,0.0
1,S1,H1,feller_buncher,29,702.895025569443,24.0,0.0,0.0,0,0,24.0,1.0,0.0,0,0.0
1,S1,H2,feller_buncher,29,1299.478592,24.0,0.0,0.0,0,0,24.0,1.0,0.0,0,0.0
2,S1,H1,feller_buncher,29,939.8699405030673,19.377936599257524,4.622063400742476,54.2,0,0,24.0,0.8074140249690634,4.622063400742478,1,0.0
2,S1,H2,feller_buncher,29,1299.478592,24.0,0.0,0.0,0,0,24.0,1.0,0.0,0,0.0
2,S1,H3,grapple_skidder,29,702.895025569443,24.0,0.0,0.0,1,0,24.0,1.0,0.0,0,0.0
3,S1,H1,feller_buncher,29,888.796776,24.0,0.0,53.24,0,0,24.0,1.0,0.0,0,0.0
3,S1,H2,feller_buncher,29,1299.478592,24.0,0.0,0.0,0,0,24.0,1.0,0.0,0,0.0
3,S1,H3,grapple_skidder,29,778.104169,24.0,0.0,54.2,0,0,24.0,1.0,0.0,0,0.0
3,S1,H4,processor,29,517.165642,24.0,0.0,0.0,0,0,24.0,1.0,0.0,0,0.0
3,S1,H5,processor,29,185.72938356944292,24.0,0.0,0.0,1,0,24.0,1.0,0.0,0,0.0
4,S1,H1,feller_buncher,29,961.553907,24.0,0.0,53.24,0,0,24.0,1.0,0.0,0,0.0
4,S1,H2,feller_buncher,29,943.4120359969837,24.0,0.0,0.0,0,0,24.0,1.0,0.0,0,0.0
4,S1,H3,grapple_skidder,29,809.624168,24.0,0.0,53.24,0,0,24.0,1.0,0.0,0,0.0
4,S1,H4,processor,29,469.046841,24.0,0.0,54.2,0,0,24.0,1.0,0.0,0,0.0
4,S1,H7,loader,29,687.364703,24.0,0.0,0.0,0,0,24.0,1.0,0.0,0,0.0
5,S1,H1,feller_buncher,29,356.0085949999998,24.0,0.0,53.24,0,0,24.0,1.0,0.0,0,0.0
5,S1,H2,feller_buncher,29,1194.708925,24.0,0.0,55.64,0,0,24.0,1.0,0.0,0,0.0
5,S1,H3,grapple_skidder,29,739.620424,24.0,0.0,53.24,0,0,24.0,1.0,0.0,0,0.0
5,S1,H4,processor,29,409.650504,24.0,0.0,53.24,0,0,24.0,1.0,0.0,0,0.0
6,S1,H1,feller_buncher,29,1220.906942,24.0,0.0,55.4,0,0,24.0,1.0,0.0,0,0.0
6,S1,H2,feller_buncher,29,1164.04956,24.0,0.0,54.92,0,0,24.0,1.0,0.0,0,0.0
6,S1,H3,grapple_skidder,29,561.3136212540259,19.841180340036928,4.158819659963072,53.24,0,0,24.0,0.8267158475015387,4.15881965996307,1,0.0
6,S1,H4,processor,29,481.329283,24.0,0.0,53.24,0,0,24.0,1.0,0.0,0,0.0
7,S1,H1,feller_buncher,29,1176.844281,24.0,0.0,53.48,0,0,24.0,1.0,0.0,0,0.0
7,S1,H2,feller_buncher,29,1220.906942,24.0,0.0,54.68,0,0,24.0,1.0,0.0,0,0.0
7,S1,H3,grapple_skidder,29,778.104169,24.0,0.0,53.72,0,0,24.0,1.0,0.0,0,0.0
7,S1,H4,processor,29,547.23705,24.0,0.0,53.24,0,0,24.0,1.0,0.0,0,0.0
7,S1,H7,loader,29,451.958924,24.0,0.0,54.68,0,0,24.0,1.0,0.0,0,0.0
8,S1,H1,feller_buncher,29,582.56814307748,20.725697749926294,3.2743022500737062,53.24,0,0,24.0,0.8635707395802622,3.274302250073706,1,0.0
8,S1,H2,feller_buncher,29,1220.906942,24.0,0.0,0.0,0,0,24.0,1.0,0.0,0,0.0
8,S1,H3,grapple_skidder,29,678.968019,24.0,0.0,53.72,0,0,24.0,1.0,0.0,0,0.0
8,S1,H4,processor,29,469.046841,24.0,0.0,53.72,0,0,24.0,1.0,0.0,0,0.0
8,S1,H5,processor,29,469.046841,24.0,0.0,54.2,0,0,24.0,1.0,0.0,0,0.0
8,S1,H7,loader,29,485.857474,24.0,0.0,53.24,0,0,24.0,1.0,0.0,0,0.0
9,S1,H1,feller_buncher,29,836.2962474999999,24.0,0.0,53.96,0,0,24.0,1.0,0.0,0,0.3
9,S1,H2,feller_buncher,29,673.0877349,24.0,0.0,55.16,0,0,24.0,1.0,0.0,0,0.3
9,S1,H3,grapple_skidder,29,932.6584309,24.0,0.0,55.4,0,0,24.0,1.0,0.0,0,0.3
9,S1,H4,processor,29,383.06593499999997,24.0,0.0,53.72,0,0,24.0,1.0,0.0,0,0.3
9,S1,H7,loader,29,332.3191473,24.0,0.0,53.72,0,0,24.0,1.0,0.0,0,0.3
9,S1,H8,loader,29,332.3191473,24.0,0.0,0.0,0,0,24.0,1.0,0.0,0,0.3
10,S1,H1,feller_buncher,29,961.553907,24.0,0.0,55.4,0,0,24.0,1.0,0.0,0,0.0
10,S1,H2,feller_buncher,29,738.9982560689016,20.622889601569224,3.3771103984307764,53.72,0,0,24.0,0.859287066732051,3.3771103984307755,1,0.0
10,S1,H3,grapple_skidder,29,1480.641393,24.0,0.0,53.24,0,0,24.0,1.0,0.0,0,0.0
10,S1,H4,processor,29,531.895933,24.0,0.0,55.4,0,0,24.0,1.0,0.0,0,0.0
10,S1,H5,processor,29,400.76249789999997,24.0,0.0,54.68,1,0,24.0,1.0,0.0,0,0.0
10,S1,H7,loader,29,444.4455109999999,24.0,0.0,53.72,1,0,24.0,1.0,0.0,0,0.0
11,S1,H1,feller_buncher,29,349.9351733201893,24.0,0.0,53.72,0,0,24.0,1.0,0.0,0,0.0
11,S1,H2,feller_buncher,29,1220.906942,24.0,0.0,54.44,0,0,24.0,1.0,0.0,0,0.0
11,S1,H3,grapple_skidder,29,963.8986817904856,19.86177379854225,4.138226201457751,53.72,0,0,24.0,0.8275739082725937,4.138226201457751,1,0.0
11,S1,H4,processor,29,569.826226,24.0,0.0,53.24,0,0,24.0,1.0,0.0,0,0.0
11,S1,H5,processor,29,482.323699831718,20.31455954075591,3.6854404592440915,53.24,0,0,24.0,0.8464399808648295,3.6854404592440932,1,0.0
11,S1,H7,loader,29,802.411354,24.0,0.0,55.4,0,0,24.0,1.0,0.0,0,0.0
12,S1,H1,feller_buncher,29,1013.0077249999999,24.0,0.0,54.44,0,0,24.0,1.0,0.0,0,0.0
12,S1,H2,feller_buncher,29,888.796776,24.0,0.0,54.92,0,0,24.0,1.0,0.0,0,0.0
12,S1,H3,grapple_skidder,29,678.968019,24.0,0.0,54.92,0,0,24.0,1.0,0.0,0,0.0
12,S1,H4,processor,29,517.165642,24.0,0.0,53.72,0,0,24.0,1.0,0.0,0,0.0
12,S1,H5,processor,29,446.7330397904856,24.0,0.0,53.72,1,0,24.0,1.0,0.0,0,0.0
12,S1,H7,loader,29,937.184825,24.0,0.0,53.24,0,0,24.0,1.0,0.0,0,0.0
13,S1,H1,feller_buncher,29,413.7565330000002,24.0,0.0,55.16,0,0,24.0,1.0,0.0,0,0.0
13,S1,H2,feller_buncher,29,680.207863,24.0,0.0,53.96,0,0,24.0,1.0,0.0,0,0.0
13,S1,H3,grapple_skidder,29,1332.369187,24.0,0.0,55.4,0,0,24.0,1.0,0.0,0,0.0
13,S1,H4,processor,29,547.23705,24.0,0.0,54.92,0,0,24.0,1.0,0.0,0,0.0
13,S1,H7,loader,29,687.364703,24.0,0.0,53.72,0,0,24.0,1.0,0.0,0,0.0
13,S1,H8,loader,29,292.06430135992866,24.0,0.0,54.2,1,0,24.0,1.0,0.0,0,0.0
14,S1,H1,feller_buncher,29,1164.04956,24.0,0.0,53.48,0,0,24.0,1.0,0.0,0,0.0
14,S1,H2,feller_buncher,29,1176.844281,24.0,0.0,53.48,0,0,24.0,1.0,0.0,0,0.0
14,S1,H3,grapple_skidder,29,678.968019,24.0,0.0,55.4,0,0,24.0,1.0,0.0,0,0.0
14,S1,H4,processor,29,531.895933,24.0,0.0,55.4,0,0,24.0,1.0,0.0,0,0.0
14,S1,H5,processor,29,531.895933,24.0,0.0,53.48,0,0,24.0,1.0,0.0,0,0.0
14,S1,H6,processor,29,268.577321,24.0,0.0,0.0,1,0,24.0,1.0,0.0,0,0.0
14,S1,H7,loader,29,408.42433193342714,20.175019405798523,3.8249805942014774,54.92,0,0,24.0,0.8406258085749384,3.8249805942014774,1,0.0
15,S1,H1,feller_buncher,29,787.363583,24.0,0.0,54.44,0,0,24.0,1.0,0.0,0,0.0
15,S1,H2,feller_buncher,29,1176.844281,24.0,0.0,0.0,0,0,24.0,1.0,0.0,0,0.0
15,S1,H3,grapple_skidder,29,739.620424,24.0,0.0,53.24,0,0,24.0,1.0,0.0,0,0.0
15,S1,H4,processor,29,547.23705,24.0,0.0,55.4,0,0,24.0,1.0,0.0,0,0.0
15,S1,H7,loader,29,802.411354,24.0,0.0,55.4,0,0,24.0,1.0,0.0,0,0.0
15,S1,H8,loader,29,660.2049099,24.0,0.0,53.48,1,0,24.0,1.0,0.0,0,0.0
16,S1,H1,feller_buncher,29,1194.708925,24.0,0.0,53.48,0,0,24.0,1.0,0.0,0,0.0
16,S1,H2,feller_buncher,29,111.30773800000088,24.0,0.0,0.0,0,0,24.0,1.0,0.0,0,0.0
16,S1,H3,grapple_skidder,29,582.56814307748,24.0,0.0,54.44,1,0,24.0,1.0,0.0,0,0.0
16,S1,H4,processor,29,481.329283,24.0,0.0,53.24,0,0,24.0,1.0,0.0,0,0.0
16,S1,H5,processor,29,481.329283,24.0,0.0,55.16,0,0,24.0,1.0,0.0,0,0.0
16,S1,H7,loader,29,221.31658824066992,24.0,0.0,55.4,0,0,24.0,1.0,0.0,0,0.0
17,S1,H1,feller_buncher,29,1194.708925,24.0,0.0,0.0,0,0,24.0,1.0,0.0,0,0.0
17,S1,H2,feller_buncher,29,1164.04956,24.0,0.0,54.2,0,0,24.0,1.0,0.0,0,0.0
17,S1,H3,grapple_skidder,29,1164.728216,24.0,0.0,53.24,0,0,24.0,1.0,0.0,0,0.0
17,S1,H4,processor,29,456.082335,24.0,0.0,54.44,0,0,24.0,1.0,0.0,0,0.0
17,S1,H5,processor,29,126.48580807748004,24.0,0.0,54.44,1,0,24.0,1.0,0.0,0,0.0
17,S1,H7,loader,29,451.958924,24.0,0.0,53.24,0,0,24.0,1.0,0.0,0,0.0
17,S1,H8,loader,29,393.89870876807385,20.91687653109328,3.08312346890672,55.16,0,0,24.0,0.8715365221288867,3.0831234689067193,1,0.0
18,S1,H1,feller_buncher,29,140.55055100000027,24.0,0.0,0.0,0,0,24.0,1.0,0.0,0,0.0
18,S1,H2,feller_buncher,29,1164.04956,24.0,0.0,0.0,0,0,24.0,1.0,0.0,0,0.0
18,S1,H3,grapple_skidder,29,297.83882980980263,24.0,0.0,54.68,0,0,24.0,1.0,0.0,0,0.0
18,S1,H4,processor,29,517.165642,24.0,0.0,53.24,0,0,24.0,1.0,0.0,0,0.0
18,S1,H5,processor,29,517.165642,24.0,0.0,53.24,0,0,24.0,1.0,0.0,0,0.0
18,S1,H7,loader,29,582.56814307748,24.0,0.0,54.44,1,0,24.0,1.0,0.0,0,0.0
19,S1,H1,feller_buncher,29,502.7667789999996,24.0,0.0,54.92,0,0,24.0,1.0,0.0,0,0.0
19,S1,H2,feller_buncher,29,186.82335599415572,24.0,0.0,53.24,0,0,24.0,1.0,0.0,0,0.0
19,S1,H3,grapple_skidder,29,1164.728216,24.0,0.0,54.68,0,0,24.0,1.0,0.0,0,0.0
19,S1,H4,processor,29,333.0918288098025,24.0,0.0,54.68,1,0,24.0,1.0,0.0,0,0.0
19,S1,H7,loader,29,687.364703,24.0,0.0,53.24,0,0,24.0,1.0,0.0,0,0.0
20,S1,H1,feller_buncher,29,59.00278800000001,24.0,0.0,53.24,0,0,24.0,1.0,0.0,0,0.0
20,S1,H2,feller_buncher,29,486.3476200000001,24.0,0.0,54.68,0,0,24.0,1.0,0.0,0,0.0
20,S1,H3,grapple_skidder,29,678.968019,24.0,0.0,54.92,0,0,24.0,1.0,0.0,0,0.0
20,S1,H4,processor,29,517.165642,24.0,0.0,54.68,0,0,24.0,1.0,0.0,0,0.0
20,S1,H5,processor,29,517.165642,24.0,0.0,0.0,0,0,24.0,1.0,0.0,0,0.0
20,S1,H6,processor,29,260.79386399999976,24.0,0.0,53.48,1,0,24.0,1.0,0.0,0,0.0
20,S1,H7,loader,29,451.958924,24.0,0.0,54.68,0,0,24.0,1.0,0.0,0,0.0
21,S1,H1,feller_buncher,29,576.960683,24.0,0.0,53.24,0,0,24.0,1.0,0.0,0,0.0
21,S1,H2,feller_buncher,29,364.89843800000006,24.0,0.0,53.72,0,0,24.0,1.0,0.0,0,0.0
21,S1,H3,grapple_skidder,29,1273.711203,24.0,0.0,55.16,0,0,24.0,1.0,0.0,0,0.0
21,S1,H4,processor,29,547.23705,24.0,0.0,54.92,0,0,24.0,1.0,0.0,0,0.0
21,S1,H5,processor,29,547.23705,24.0,0.0,54.92,0,0,24.0,1.0,0.0,0,0.0
21,S1,H7,loader,29,687.364703,24.0,0.0,54.68,0,0,24.0,1.0,0.0,0,0.0
21,S1,H8,loader,29,687.364703,24.0,0.0,54.68,0,0,24.0,1.0,0.0,0,0.0
22,S1,H3,grapple_skidder,29,744.5047537742778,22.963652943212374,1.0363470567876263,54.44,0,0,24.0,0.9568188726338489,1.0363470567876272,1,0.0
22,S1,H4,processor,29,441.264891,24.0,0.0,55.16,0,0,24.0,1.0,0.0,0,0.0
22,S1,H5,processor,29,441.264891,24.0,0.0,55.16,0,0,24.0,1.0,0.0,0,0.0
22,S1,H6,processor,29,391.18142100000006,24.0,0.0,53.24,0,0,24.0,1.0,0.0,0,0.0
22,S1,H7,loader,29,382.09334121668144,18.874342126926617,5.125657873073383,54.92,0,0,24.0,0.7864309219552758,5.125657873073383,1,0.0
22,S1,H8,loader,29,485.857474,24.0,0.0,54.92,0,0,24.0,1.0,0.0,0,0.0
23,S1,H3,grapple_skidder,29,678.968019,24.0,0.0,53.72,0,0,24.0,1.0,0.0,0,0.0
23,S1,H4,processor,29,469.046841,24.0,0.0,54.44,0,0,24.0,1.0,0.0,0,0.0
23,S1,H7,loader,29,733.483855,24.0,0.0,55.16,0,0,24.0,1.0,0.0,0,0.0
23,S1,H8,loader,29,540.2273480000001,24.0,0.0,55.16,0,0,24.0,1.0,0.0,0,0.0
24,S1,H3,grapple_skidder,29,1480.641393,24.0,0.0,55.64,0,0,24.0,1.0,0.0,0,0.0
24,S1,H4,processor,29,547.23705,24.0,0.0,53.72,0,0,24.0,1.0,0.0,0,0.0
24,S1,H7,loader,29,474.741639,24.0,0.0,54.44,0,0,24.0,1.0,0.0,0,0.0
25,S1,H3,grapple_skidder,29,1332.369187,24.0,0.0,53.24,0,0,24.0,1.0,0.0,0,0.0
25,S1,H4,processor,29,569.826226,24.0,0.0,55.64,0,0,24.0,1.0,0.0,0,0.0
25,S1,H5,processor,29,569.826226,24.0,0.0,53.48,0,0,24.0,1.0,0.0,0,0.0
25,S1,H6,processor,29,569.826226,24.0,0.0,53.48,0,0,24.0,1.0,0.0,0,0.0
25,S1,H7,loader,29,485.857474,24.0,0.0,53.72,0,0,24.0,1.0,0.0,0,0.0
26,S1,H3,grapple_skidder,29,678.968019,24.0,0.0,55.4,0,0,24.0,1.0,0.0,0,0.0
26,S1,H4,processor,29,531.895933,24.0,0.0,53.24,0,0,24.0,1.0,0.0,0,0.0
26,S1,H5,processor,29,531.895933,24.0,0.0,53.24,0,0,24.0,1.0,0.0,0,0.0
26,S1,H7,loader,29,937.184825,24.0,0.0,55.64,0,0,24.0,1.0,0.0,0,0.0
26,S1,H8,loader,29,887.2589538317179,24.0,0.0,53.48,1,0,24.0,1.0,0.0,0,0.0
27,S1,H3,grapple_skidder,29,739.620424,24.0,0.0,53.24,0,0,24.0,1.0,0.0,0,0.0
27,S1,H4,processor,29,547.23705,24.0,0.0,55.4,0,0,24.0,1.0,0.0,0,0.0
27,S1,H7,loader,29,802.411354,24.0,0.0,53.24,0,0,24.0,1.0,0.0,0,0.0
28,S1,H3,grapple_skidder,29,1480.641393,24.0,0.0,55.4,0,0,24.0,1.0,0.0,0,0.0
28,S1,H4,processor,29,481.329283,24.0,0.0,53.24,0,0,24.0,1.0,0.0,0,0.0
28,S1,H5,processor,29,258.291141,24.0,0.0,55.16,1,0,24.0,1.0,0.0,0,0.0
28,S1,H7,loader,29,485.857474,24.0,0.0,55.4,0,0,24.0,1.0,0.0,0,0.0
28,S1,H8,loader,29,485.857474,24.0,0.0,55.64,0,0,24.0,1.0,0.0,0,0.0
29,S1,H3,grapple_skidder,29,778.104169,24.0,0.0,54.92,0,0,24.0,1.0,0.0,0,0.0
29,S1,H4,processor,29,569.826226,24.0,0.0,55.4,0,0,24.0,1.0,0.0,0,0.0
29,S1,H5,processor,29,569.826226,24.0,0.0,55.4,0,0,24.0,1.0,0.0,0,0.0
29,S1,H7,loader,29,451.958924,24.0,0.0,53.24,0,0,24.0,1.0,0.0,0,0.0
29,S1,H8,loader,29,314.9656970417284,24.0,0.0,53.24,1,0,24.0,1.0,0.0,0,0.0
30,S1,H3,grapple_skidder,29,562.7346717429581,24.0,0.0,53.72,1,0,24.0,1.0,0.0,0,0.0
30,S1,H4,processor,29,469.046841,24.0,0.0,54.92,0,0,24.0,1.0,0.0,0,0.0
30,S1,H5,processor,29,469.046841,24.0,0.0,54.92,0,0,24.0,1.0,0.0,0,0.0
30,S1,H7,loader,29,937.184825,24.0,0.0,55.4,0,0,24.0,1.0,0.0,0,0.0
31,S1,H3,grapple_skidder,29,598.4995804704081,24.0,0.0,53.96,0,0,24.0,1.0,0.0,0,0.0
31,S1,H4,processor,29,547.23705,24.0,0.0,53.72,0,0,24.0,1.0,0.0,0,0.0
31,S1,H7,loader,29,474.741639,24.0,0.0,54.92,0,0,24.0,1.0,0.0,0,0.0
31,S1,H8,loader,29,474.741639,24.0,0.0,53.48,0,0,24.0,1.0,0.0,0,0.0
32,S1,H3,grapple_skidder,29,778.104169,24.0,0.0,53.24,0,0,24.0,1.0,0.0,0,0.0
32,S1,H4,processor,29,395.784917,24.0,0.0,53.96,0,0,24.0,1.0,0.0,0,0.0
32,S1,H5,processor,29,202.71466347040808,24.0,0.0,53.24,1,0,24.0,1.0,0.0,0,0.0
32,S1,H7,loader,29,485.857474,24.0,0.0,53.72,0,0,24.0,1.0,0.0,0,0.0
33,S1,H3,grapple_skidder,29,339.9365580000001,24.0,0.0,53.48,0,0,24.0,1.0,0.0,0,0.0
33,S1,H4,processor,29,469.046841,24.0,0.0,53.24,0,0,24.0,1.0,0.0,0,0.0
33,S1,H5,processor,29,469.046841,24.0,0.0,53.24,0,0,24.0,1.0,0.0,0,0.0
33,S1,H7,loader,29,456.725789,24.0,0.0,53.96,0,0,24.0,1.0,0.0,0,0.0
34,S1,H3,grapple_skidder,29,0.0,24.0,0.0,53.24,1,0,24.0,1.0,0.0,0,0.0
34,S1,H4,processor,29,165.79148035816877,24.0,0.0,53.48,0,0,24.0,1.0,0.0,0,0.0
34,S1,H7,loader,29,409.1665659760177,20.68493002659163,3.31506997340837,53.24,0,0,24.0,0.8618720844413179,3.3150699734083693,1,0.0
34,S1,H8,loader,29,474.741639,24.0,0.0,0.0,0,0,24.0,1.0,0.0,0,0.0
35,S1,H3,grapple_skidder,29,809.624168,24.0,0.0,53.48,0,0,24.0,1.0,0.0,0,0.0
35,S1,H4,processor,29,436.8940719969845,24.0,0.0,53.24,1,0,24.0,1.0,0.0,0,0.0
35,S1,H5,processor,29,0.0,24.0,0.0,53.72,1,0,24.0,1.0,0.0,0,0.0
35,S1,H7,loader,29,165.79148035816877,24.0,0.0,53.48,1,0,24.0,1.0,0.0,0,0.0
35,S1,H8,loader,29,0.0,24.0,0.0,53.48,1,0,24.0,1.0,0.0,0,0.0
36,S1,H3,grapple_skidder,29,778.104169,24.0,0.0,53.24,0,0,24.0,1.0,0.0,0,0.0
36,S1,H4,processor,29,409.650504,24.0,0.0,53.48,0,0,24.0,1.0,0.0,0,0.0
36,S1,H5,processor,29,409.650504,24.0,0.0,53.48,0,0,24.0,1.0,0.0,0,0.0
36,S1,H7,loader,29,485.857474,24.0,0.0,53.24,0,0,24.0,1.0,0.0,0,0.0
36,S1,H8,loader,29,209.49074899999937,24.0,0.0,53.24,0,0,24.0,1.0,0.0,0,0.0
37,S1,H3,grapple_skidder,29,1332.369187,24.0,0.0,54.68,0,0,24.0,1.0,0.0,0,0.0
37,S1,H4,processor,29,469.046841,24.0,0.0,53.24,0,0,24.0,1.0,0.0,0,0.0
37,S1,H7,loader,29,424.433991,24.0,0.0,53.48,0,0,24.0,1.0,0.0,0,0.0
37,S1,H8,loader,29,424.433991,24.0,0.0,53.48,0,0,24.0,1.0,0.0,0,0.0
38,S1,H3,grapple_skidder,29,119.04939449999938,24.0,0.0,53.24,1,0,24.0,1.0,0.0,0,0.0
38,S1,H4,processor,29,531.895933,24.0,0.0,54.68,0,0,24.0,1.0,0.0,0,0.0
38,S1,H5,processor,29,482.7486330656311,21.782394778294247,2.217605221705753,54.92,0,0,24.0,0.9075997824289269,2.217605221705754,1,0.0
38,S1,H6,processor,29,531.895933,24.0,0.0,53.24,0,0,24.0,1.0,0.0,0,0.0
38,S1,H7,loader,29,397.0269971870633,20.07122853719077,3.9287714628092303,53.24,0,0,24.0,0.8363011890496154,3.9287714628092303,1,0.0
39,S1,H3,grapple_skidder,29,159.77199800000017,24.0,0.0,53.72,0,0,24.0,1.0,0.0,0,0.0
39,S1,H4,processor,29,569.826226,24.0,0.0,53.24,0,0,24.0,1.0,0.0,0,0.0
39,S1,H5,processor,29,89.86629166828129,24.0,0.0,53.24,1,0,24.0,1.0,0.0,0,0.0
39,S1,H7,loader,29,802.411354,24.0,0.0,54.68,0,0,24.0,1.0,0.0,0,0.0
39,S1,H8,loader,29,802.411354,24.0,0.0,54.92,0,0,24.0,1.0,0.0,0,0.0
40,S1,H3,grapple_skidder,29,567.1587449999993,24.0,0.0,53.48,0,0,24.0,1.0,0.0,0,0.0
40,S1,H4,processor,29,159.77199800000017,24.0,0.0,53.72,1,0,24.0,1.0,0.0,0,0.0
40,S1,H7,loader,29,862.1601446682813,24.0,0.0,53.24,1,0,24.0,1.0,0.0,0,0.0
40,S1,H8,loader,29,0.0,24.0,0.0,53.24,1,0,24.0,1.0,0.0,0,0.0
41,S1,H3,grapple_skidder,29,576.960683,24.0,0.0,54.2,0,0,24.0,1.0,0.0,0,0.0
41,S1,H4,processor,29,531.895933,24.0,0.0,53.48,0,0,24.0,1.0,0.0,0,0.0
41,S1,H5,processor,29,45.780229999999165,24.0,0.0,53.24,0,0,24.0,1.0,0.0,0,0.0
41,S1,H7,loader,29,427.1343210000002,24.0,0.0,53.72,1,0,24.0,1.0,0.0,0,0.0
41,S1,H8,loader,29,0.0,24.0,0.0,53.72,1,0,24.0,1.0,0.0,0,0.0
42,S1,H3,grapple_skidder,29,731.5744106999999,24.0,0.0,53.24,0,0,24.0,1.0,0.0,0,0.3
42,S1,H4,processor,29,300.12591349999997,24.0,0.0,54.2,0,0,24.0,1.0,0.0,0,0.3
42,S1,H5,processor,29,103.7465646,24.0,0.0,54.2,0,0,24.0,1.0,0.0,0,0.3
42,S1,H7,loader,29,561.6879478,24.0,0.0,53.48,0,0,24.0,1.0,0.0,0,0.3
42,S1,H8,loader,29,195.82921049999987,24.0,0.0,53.48,0,0,24.0,1.0,0.0,0,0.3
1,S1,H1,feller_buncher,30,1176.844281,24.0,0.0,0.0,0,0,24.0,1.0,0.0,0,0.0
1,S1,H2,feller_buncher,30,1299.478592,24.0,0.0,0.0,0,0,24.0,1.0,0.0,0,0.0
2,S1,H1,feller_buncher,30,1164.04956,24.0,0.0,54.2,0,0,24.0,1.0,0.0,0,0.0
2,S1,H2,feller_buncher,30,1299.478592,24.0,0.0,0.0,0,0,24.0,1.0,0.0,0,0.0
2,S1,H3,grapple_skidder,30,1164.728216,24.0,0.0,0.0,0,0,24.0,1.0,0.0,0,0.0
3,S1,H1,feller_buncher,30,888.796776,24.0,0.0,53.24,0,0,24.0,1.0,0.0,0,0.0
3,S1,H2,feller_buncher,30,869.3535342466432,24.0,0.0,0.0,0,0,24.0,1.0,0.0,0,0.0
3,S1,H3,grapple_skidder,30,778.104169,24.0,0.0,54.2,0,0,24.0,1.0,0.0,0,0.0
3,S1,H4,processor,30,517.165642,24.0,0.0,0.0,0,0,24.0,1.0,0.0,0,0.0
3,S1,H5,processor,30,412.34742710961183,19.135722574994034,4.864277425005966,0.0,0,0,24.0,0.7973217739580848,4.864277425005965,1,0.0
4,S1,H1,feller_buncher,30,961.553907,24.0,0.0,53.24,0,0,24.0,1.0,0.0,0,0.0
4,S1,H2,feller_buncher,30,1299.478592,24.0,0.0,0.0,0,0,24.0,1.0,0.0,0,0.0
4,S1,H3,grapple_skidder,30,809.624168,24.0,0.0,53.24,0,0,24.0,1.0,0.0,0,0.0
4,S1,H4,processor,30,469.046841,24.0,0.0,54.2,0,0,24.0,1.0,0.0,0,0.0
4,S1,H7,loader,30,687.364703,24.0,0.0,0.0,0,0,24.0,1.0,0.0,0,0.0
5,S1,H1,feller_buncher,30,356.0085949999998,24.0,0.0,53.24,0,0,24.0,1.0,0.0,0,0.0
5,S1,H2,feller_buncher,30,1194.708925,24.0,0.0,55.64,0,0,24.0,1.0,0.0,0,0.0
5,S1,H3,grapple_skidder,30,739.620424,24.0,0.0,53.24,0,0,24.0,1.0,0.0,0,0.0
5,S1,H4,processor,30,409.650504,24.0,0.0,53.24,0,0,24.0,1.0,0.0,0,0.0
6,S1,H1,feller_buncher,30,854.6348594,24.0,0.0,55.4,0,0,24.0,1.0,0.0,0,0.3
6,S1,H2,feller_buncher,30,814.8346919999999,24.0,0.0,54.92,0,0,24.0,1.0,0.0,0,0.3
6,S1,H3,grapple_skidder,30,475.2776133,24.0,0.0,53.24,0,0,24.0,1.0,0.0,0,0.3
6,S1,H4,processor,30,336.93049809999997,24.0,0.0,53.24,0,0,24.0,1.0,0.0,0,0.3
7,S1,H1,feller_buncher,30,1176.844281,24.0,0.0,53.48,0,0,24.0,1.0,0.0,0,0.0
7,S1,H2,feller_buncher,30,1220.906942,24.0,0.0,54.68,0,0,24.0,1.0,0.0,0,0.0
7,S1,H3,grapple_skidder,30,778.104169,24.0,0.0,53.72,0,0,24.0,1.0,0.0,0,0.0
7,S1,H4,processor,30,475.2776133,24.0,0.0,53.24,1,0,24.0,1.0,0.0,0,0.0
7,S1,H7,loader,30,336.93049809999997,24.0,0.0,54.68,1,0,24.0,1.0,0.0,0,0.0
8,S1,H1,feller_buncher,30,674.603847,24.0,0.0,53.24,0,0,24.0,1.0,0.0,0,0.0
8,S1,H2,feller_buncher,30,1220.906942,24.0,0.0,0.0,0,0,24.0,1.0,0.0,0,0.0
8,S1,H3,grapple_skidder,30,678.968019,24.0,0.0,53.72,0,0,24.0,1.0,0.0,0,0.0
8,S1,H4,processor,30,469.046841,24.0,0.0,53.72,0,0,24.0,1.0,0.0,0,0.0
8,S1,H5,processor,30,469.046841,24.0,0.0,54.2,0,0,24.0,1.0,0.0,0,0.0
8,S1,H7,loader,30,475.2776133,24.0,0.0,53.24,1,0,24.0,1.0,0.0,0,0.0
9,S1,H1,feller_buncher,30,1194.708925,24.0,0.0,53.96,0,0,24.0,1.0,0.0,0,0.0
9,S1,H2,feller_buncher,30,961.553907,24.0,0.0,55.16,0,0,24.0,1.0,0.0,0,0.0
9,S1,H3,grapple_skidder,30,1332.369187,24.0,0.0,55.4,0,0,24.0,1.0,0.0,0,0.0
9,S1,H4,processor,30,547.23705,24.0,0.0,53.72,0,0,24.0,1.0,0.0,0,0.0
9,S1,H7,loader,30,474.741639,24.0,0.0,53.72,0,0,24.0,1.0,0.0,0,0.0
9,S1,H8,loader,30,474.741639,24.0,0.0,0.0,0,0,24.0,1.0,0.0,0,0.0
10,S1,H1,feller_buncher,30,961.553907,24.0,0.0,55.4,0,0,24.0,1.0,0.0,0,0.0
10,S1,H2,feller_buncher,30,860.013242,24.0,0.0,53.72,0,0,24.0,1.0,0.0,0,0.0
10,S1,H3,grapple_skidder,30,1480.641393,24.0,0.0,53.24,0,0,24.0,1.0,0.0,0,0.0
10,S1,H4,processor,30,461.7568909701702,20.835213611765077,3.1647863882349228,55.4,0,0,24.0,0.8681339004902116,3.164786388234922,1,0.0
10,S1,H5,processor,30,531.895933,24.0,0.0,54.68,0,0,24.0,1.0,0.0,0,0.0
10,S1,H7,loader,30,485.857474,24.0,0.0,53.72,0,0,24.0,1.0,0.0,0,0.0
11,S1,H1,feller_buncher,30,860.013242,24.0,0.0,53.72,0,0,24.0,1.0,0.0,0,0.0
11,S1,H2,feller_buncher,30,1220.906942,24.0,0.0,54.44,0,0,24.0,1.0,0.0,0,0.0
11,S1,H3,grapple_skidder,30,974.6953381812875,20.084246088489113,3.915753911510887,53.72,0,0,24.0,0.8368435870203798,3.915753911510888,1,0.0
11,S1,H4,processor,30,569.826226,24.0,0.0,53.24,0,0,24.0,1.0,0.0,0,0.0
11,S1,H5,processor,30,569.826226,24.0,0.0,53.24,0,0,24.0,1.0,0.0,0,0.0
11,S1,H7,loader,30,802.411354,24.0,0.0,55.4,0,0,24.0,1.0,0.0,0,0.0
12,S1,H1,feller_buncher,30,1013.0077249999999,24.0,0.0,54.44,0,0,24.0,1.0,0.0,0,0.0
12,S1,H2,feller_buncher,30,888.796776,24.0,0.0,54.92,0,0,24.0,1.0,0.0,0,0.0
12,S1,H3,grapple_skidder,30,421.1956191562504,24.0,0.0,54.92,0,0,24.0,1.0,0.0,0,0.0
12,S1,H4,processor,30,517.165642,24.0,0.0,53.72,0,0,24.0,1.0,0.0,0,0.0
12,S1,H5,processor,30,517.165642,24.0,0.0,53.72,0,0,24.0,1.0,0.0,0,0.0
12,S1,H7,loader,30,937.184825,24.0,0.0,53.24,0,0,24.0,1.0,0.0,0,0.0
13,S1,H1,feller_buncher,30,413.7565330000002,24.0,0.0,55.16,0,0,24.0,1.0,0.0,0,0.0
13,S1,H2,feller_buncher,30,680.207863,24.0,0.0,53.96,0,0,24.0,1.0,0.0,0,0.0
13,S1,H3,grapple_skidder,30,1332.369187,24.0,0.0,55.4,0,0,24.0,1.0,0.0,0,0.0
13,S1,H4,processor,30,547.23705,24.0,0.0,54.92,0,0,24.0,1.0,0.0,0,0.0
13,S1,H7,loader,30,687.364703,24.0,0.0,53.72,0,0,24.0,1.0,0.0,0,0.0
13,S1,H8,loader,30,589.1149471096121,24.0,0.0,54.2,1,0,24.0,1.0,0.0,0,0.0
14,S1,H1,feller_buncher,30,1164.04956,24.0,0.0,53.48,0,0,24.0,1.0,0.0,0,0.0
14,S1,H2,feller_buncher,30,1176.844281,24.0,0.0,53.48,0,0,24.0,1.0,0.0,0,0.0
14,S1,H3,grapple_skidder,30,678.968019,24.0,0.0,55.4,0,0,24.0,1.0,0.0,0,0.0
14,S1,H4,processor,30,531.895933,24.0,0.0,55.4,0,0,24.0,1.0,0.0,0,0.0
14,S1,H5,processor,30,531.895933,24.0,0.0,53.48,0,0,24.0,1.0,0.0,0,0.0
14,S1,H6,processor,30,531.895933,24.0,0.0,0.0,0,0,24.0,1.0,0.0,0,0.0
14,S1,H7,loader,30,485.857474,24.0,0.0,54.92,0,0,24.0,1.0,0.0,0,0.0
15,S1,H1,feller_buncher,30,787.363583,24.0,0.0,54.44,0,0,24.0,1.0,0.0,0,0.0
15,S1,H2,feller_buncher,30,1176.844281,24.0,0.0,0.0,0,0,24.0,1.0,0.0,0,0.0
15,S1,H3,grapple_skidder,30,739.620424,24.0,0.0,53.24,0,0,24.0,1.0,0.0,0,0.0
15,S1,H4,processor,30,547.23705,24.0,0.0,55.4,0,0,24.0,1.0,0.0,0,0.0
15,S1,H7,loader,30,802.411354,24.0,0.0,55.4,0,0,24.0,1.0,0.0,0,0.0
15,S1,H8,loader,30,802.411354,24.0,0.0,53.48,0,0,24.0,1.0,0.0,0,0.0
16,S1,H1,feller_buncher,30,1194.708925,24.0,0.0,53.48,0,0,24.0,1.0,0.0,0,0.0
16,S1,H2,feller_buncher,30,111.30773800000088,24.0,0.0,0.0,0,0,24.0,1.0,0.0,0,0.0
16,S1,H3,grapple_skidder,30,674.603847,24.0,0.0,54.44,0,0,24.0,1.0,0.0,0,0.0
16,S1,H4,processor,30,243.48504749200688,24.0,0.0,53.24,0,0,24.0,1.0,0.0,0,0.0
16,S1,H5,processor,30,243.48504749200688,24.0,0.0,55.16,0,0,24.0,1.0,0.0,0,0.0
16,S1,H7,loader,30,229.7623401146934,24.0,0.0,55.4,0,0,24.0,1.0,0.0,0,0.0
17,S1,H1,feller_buncher,30,1194.708925,24.0,0.0,0.0,0,0,24.0,1.0,0.0,0,0.0
17,S1,H2,feller_buncher,30,847.7772409851763,24.0,0.0,54.2,0,0,24.0,1.0,0.0,0,0.0
17,S1,H3,grapple_skidder,30,1164.728216,24.0,0.0,53.24,0,0,24.0,1.0,0.0,0,0.0
17,S1,H4,processor,30,456.082335,24.0,0.0,54.44,0,0,24.0,1.0,0.0,0,0.0
17,S1,H5,processor,30,218.52151199999997,24.0,0.0,54.44,0,0,24.0,1.0,0.0,0,0.0
17,S1,H7,loader,30,400.08482505625506,21.245372735134048,2.7546272648659524,53.24,0,0,24.0,0.8852238639639186,2.7546272648659524,1,0.0
17,S1,H8,loader,30,86.88526992775871,24.0,0.0,55.16,1,0,24.0,1.0,0.0,0,0.0
18,S1,H1,feller_buncher,30,140.55055100000027,24.0,0.0,0.0,0,0,24.0,1.0,0.0,0,0.0
18,S1,H2,feller_buncher,30,1164.04956,24.0,0.0,0.0,0,0,24.0,1.0,0.0,0,0.0
18,S1,H3,grapple_skidder,30,739.620424,24.0,0.0,54.68,0,0,24.0,1.0,0.0,0,0.0
18,S1,H4,processor,30,517.165642,24.0,0.0,53.24,0,0,24.0,1.0,0.0,0,0.0
18,S1,H5,processor,30,517.165642,24.0,0.0,53.24,0,0,24.0,1.0,0.0,0,0.0
18,S1,H7,loader,30,674.603847,24.0,0.0,54.44,0,0,24.0,1.0,0.0,0,0.0
19,S1,H1,feller_buncher,30,502.7667789999996,24.0,0.0,54.92,0,0,24.0,1.0,0.0,0,0.0
19,S1,H2,feller_buncher,30,256.1621419999998,24.0,0.0,53.24,0,0,24.0,1.0,0.0,0,0.0
19,S1,H3,grapple_skidder,30,1164.728216,24.0,0.0,54.68,0,0,24.0,1.0,0.0,0,0.0
19,S1,H4,processor,30,481.329283,24.0,0.0,54.68,0,0,24.0,1.0,0.0,0,0.0
19,S1,H7,loader,30,687.364703,24.0,0.0,53.24,0,0,24.0,1.0,0.0,0,0.0
20,S1,H1,feller_buncher,30,59.00278800000001,24.0,0.0,53.24,0,0,24.0,1.0,0.0,0,0.0
20,S1,H2,feller_buncher,30,486.3476200000001,24.0,0.0,54.68,0,0,24.0,1.0,0.0,0,0.0
20,S1,H3,grapple_skidder,30,678.968019,24.0,0.0,54.92,0,0,24.0,1.0,0.0,0,0.0
20,S1,H4,processor,30,517.165642,24.0,0.0,54.68,0,0,24.0,1.0,0.0,0,0.0
20,S1,H5,processor,30,517.165642,24.0,0.0,0.0,0,0,24.0,1.0,0.0,0,0.0
20,S1,H6,processor,30,436.3730650716752,24.0,0.0,53.48,1,0,24.0,1.0,0.0,0,0.0
20,S1,H7,loader,30,451.958924,24.0,0.0,54.68,0,0,24.0,1.0,0.0,0,0.0
21,S1,H1,feller_buncher,30,506.3921995940883,21.06454243478861,2.93545756521139,53.24,0,0,24.0,0.8776892681161921,2.9354575652113897,1,0.0
21,S1,H2,feller_buncher,30,364.89843800000006,24.0,0.0,53.72,0,0,24.0,1.0,0.0,0,0.0
21,S1,H3,grapple_skidder,30,797.1205559659747,24.0,0.0,55.16,0,0,24.0,1.0,0.0,0,0.0
21,S1,H4,processor,30,547.23705,24.0,0.0,54.92,0,0,24.0,1.0,0.0,0,0.0
21,S1,H5,processor,30,269.15147615625074,24.0,0.0,54.92,1,0,24.0,1.0,0.0,0,0.0
21,S1,H7,loader,30,687.364703,24.0,0.0,54.68,0,0,24.0,1.0,0.0,0,0.0
21,S1,H8,loader,30,687.364703,24.0,0.0,54.68,0,0,24.0,1.0,0.0,0,0.0
22,S1,H3,grapple_skidder,30,778.104169,24.0,0.0,54.44,0,0,24.0,1.0,0.0,0,0.0
22,S1,H4,processor,30,441.264891,24.0,0.0,55.16,0,0,24.0,1.0,0.0,0,0.0
22,S1,H5,processor,30,355.85566496597477,24.0,0.0,55.16,1,0,24.0,1.0,0.0,0,0.0
22,S1,H6,processor,30,0.0,24.0,0.0,53.24,1,0,24.0,1.0,0.0,0,0.0
22,S1,H7,loader,30,485.857474,24.0,0.0,54.92,0,0,24.0,1.0,0.0,0,0.0
22,S1,H8,loader,30,485.857474,24.0,0.0,54.92,0,0,24.0,1.0,0.0,0,0.0
23,S1,H3,grapple_skidder,30,678.968019,24.0,0.0,53.72,0,0,24.0,1.0,0.0,0,0.0
23,S1,H4,processor,30,469.046841,24.0,0.0,54.44,0,0,24.0,1.0,0.0,0,0.0
23,S1,H7,loader,30,437.88332845944336,24.0,0.0,55.16,0,0,24.0,1.0,0.0,0,0.0
23,S1,H8,loader,30,322.51091507264067,24.0,0.0,55.16,0,0,24.0,1.0,0.0,0,0.0
24,S1,H3,grapple_skidder,30,1480.641393,24.0,0.0,55.64,0,0,24.0,1.0,0.0,0,0.0
24,S1,H4,processor,30,547.23705,24.0,0.0,53.72,0,0,24.0,1.0,0.0,0,0.0
24,S1,H7,loader,30,474.741639,24.0,0.0,54.44,0,0,24.0,1.0,0.0,0,0.0
25,S1,H3,grapple_skidder,30,1332.369187,24.0,0.0,53.24,0,0,24.0,1.0,0.0,0,0.0
25,S1,H4,processor,30,569.826226,24.0,0.0,55.64,0,0,24.0,1.0,0.0,0,0.0
25,S1,H5,processor,30,569.826226,24.0,0.0,53.48,0,0,24.0,1.0,0.0,0,0.0
25,S1,H6,processor,30,569.826226,24.0,0.0,53.48,0,0,24.0,1.0,0.0,0,0.0
25,S1,H7,loader,30,396.96665197395555,19.609042069351663,4.390957930648337,53.72,0,0,24.0,0.8170434195563193,4.390957930648336,1,0.0
26,S1,H3,grapple_skidder,30,678.968019,24.0,0.0,55.4,0,0,24.0,1.0,0.0,0,0.0
26,S1,H4,processor,30,531.895933,24.0,0.0,53.24,0,0,24.0,1.0,0.0,0,0.0
26,S1,H5,processor,30,531.895933,24.0,0.0,53.24,0,0,24.0,1.0,0.0,0,0.0
26,S1,H7,loader,30,937.184825,24.0,0.0,55.64,0,0,24.0,1.0,0.0,0,0.0
26,S1,H8,loader,30,937.184825,24.0,0.0,53.48,0,0,24.0,1.0,0.0,0,0.0
27,S1,H3,grapple_skidder,30,739.620424,24.0,0.0,53.24,0,0,24.0,1.0,0.0,0,0.0
27,S1,H4,processor,30,547.23705,24.0,0.0,55.4,0,0,24.0,1.0,0.0,0,0.0
27,S1,H7,loader,30,802.411354,24.0,0.0,53.24,0,0,24.0,1.0,0.0,0,0.0
28,S1,H3,grapple_skidder,30,1480.641393,24.0,0.0,55.4,0,0,24.0,1.0,0.0,0,0.0
28,S1,H4,processor,30,481.329283,24.0,0.0,53.24,0,0,24.0,1.0,0.0,0,0.0
28,S1,H5,processor,30,379.9098714297368,18.943033877940238,5.056966122059762,55.16,0,0,24.0,0.7892930782475099,5.0569661220597615,1,0.0
28,S1,H7,loader,30,485.857474,24.0,0.0,55.4,0,0,24.0,1.0,0.0,0,0.0
28,S1,H8,loader,30,485.857474,24.0,0.0,55.64,0,0,24.0,1.0,0.0,0,0.0
29,S1,H3,grapple_skidder,30,537.7820997182804,24.0,0.0,54.92,0,0,24.0,1.0,0.0,0,0.0
29,S1,H4,processor,30,569.826226,24.0,0.0,55.4,0,0,24.0,1.0,0.0,0,0.0
29,S1,H5,processor,30,569.826226,24.0,0.0,55.4,0,0,24.0,1.0,0.0,0,0.0
29,S1,H7,loader,30,451.958924,24.0,0.0,53.24,0,0,24.0,1.0,0.0,0,0.0
29,S1,H8,loader,30,438.6505894297368,24.0,0.0,53.24,1,0,24.0,1.0,0.0,0,0.0
30,S1,H3,grapple_skidder,30,678.968019,24.0,0.0,53.72,0,0,24.0,1.0,0.0,0,0.0
30,S1,H4,processor,30,469.046841,24.0,0.0,54.92,0,0,24.0,1.0,0.0,0,0.0
30,S1,H5,processor,30,469.046841,24.0,0.0,54.92,0,0,24.0,1.0,0.0,0,0.0
30,S1,H7,loader,30,937.184825,24.0,0.0,55.4,0,0,24.0,1.0,0.0,0,0.0
31,S1,H3,grapple_skidder,30,646.2398977999999,24.0,0.0,53.96,0,0,24.0,1.0,0.0,0,0.3
31,S1,H4,processor,30,383.06593499999997,24.0,0.0,53.72,0,0,24.0,1.0,0.0,0,0.3
31,S1,H7,loader,30,332.3191473,24.0,0.0,54.92,0,0,24.0,1.0,0.0,0,0.3
31,S1,H8,loader,30,332.3191473,24.0,0.0,53.48,0,0,24.0,1.0,0.0,0,0.3
32,S1,H3,grapple_skidder,30,778.104169,24.0,0.0,53.24,0,0,24.0,1.0,0.0,0,0.0
32,S1,H4,processor,30,395.784917,24.0,0.0,53.96,0,0,24.0,1.0,0.0,0,0.0
32,S1,H5,processor,30,250.45498079999987,24.0,0.0,53.24,1,0,24.0,1.0,0.0,0,0.0
32,S1,H7,loader,30,393.7658750676013,24.0,0.0,53.72,1,0,24.0,1.0,0.0,0,0.0
33,S1,H3,grapple_skidder,30,339.9365580000001,24.0,0.0,53.48,0,0,24.0,1.0,0.0,0,0.0
33,S1,H4,processor,30,469.046841,24.0,0.0,53.24,0,0,24.0,1.0,0.0,0,0.0
33,S1,H5,processor,30,366.8708887182805,24.0,0.0,53.24,1,0,24.0,1.0,0.0,0,0.0
33,S1,H7,loader,30,456.725789,24.0,0.0,53.96,0,0,24.0,1.0,0.0,0,0.0
34,S1,H3,grapple_skidder,30,122.17881099999954,24.0,0.0,53.24,0,0,24.0,1.0,0.0,0,0.0
34,S1,H4,processor,30,410.4425559999998,24.0,0.0,53.48,0,0,24.0,1.0,0.0,0,0.0
34,S1,H7,loader,30,474.741639,24.0,0.0,53.24,0,0,24.0,1.0,0.0,0,0.0
34,S1,H8,loader,30,474.741639,24.0,0.0,0.0,0,0,24.0,1.0,0.0,0,0.0
35,S1,H3,grapple_skidder,30,566.7369176,24.0,0.0,53.48,0,0,24.0,1.0,0.0,0,0.3
35,S1,H4,processor,30,383.06593499999997,24.0,0.0,53.24,0,0,24.0,1.0,0.0,0,0.3
35,S1,H5,processor,30,57.08672410000015,24.0,0.0,53.72,0,0,24.0,1.0,0.0,0,0.3
35,S1,H7,loader,30,316.3712468,24.0,0.0,53.48,0,0,24.0,1.0,0.0,0,0.3
35,S1,H8,loader,30,94.0713091999998,24.0,0.0,53.48,1,0,24.0,1.0,0.0,0,0.3
36,S1,H3,grapple_skidder,30,778.104169,24.0,0.0,53.24,0,0,24.0,1.0,0.0,0,0.0
36,S1,H4,processor,30,409.650504,24.0,0.0,53.48,0,0,24.0,1.0,0.0,0,0.0
36,S1,H5,processor,30,409.650504,24.0,0.0,53.48,0,0,24.0,1.0,0.0,0,0.0
36,S1,H7,loader,30,440.1526591000001,24.0,0.0,53.24,1,0,24.0,1.0,0.0,0,0.0
36,S1,H8,loader,30,0.0,24.0,0.0,53.24,1,0,24.0,1.0,0.0,0,0.0
37,S1,H3,grapple_skidder,30,1332.369187,24.0,0.0,54.68,0,0,24.0,1.0,0.0,0,0.0
37,S1,H4,processor,30,469.046841,24.0,0.0,53.24,0,0,24.0,1.0,0.0,0,0.0
37,S1,H7,loader,30,424.433991,24.0,0.0,53.48,0,0,24.0,1.0,0.0,0,0.0
37,S1,H8,loader,30,424.433991,24.0,0.0,53.48,0,0,24.0,1.0,0.0,0,0.0
38,S1,H3,grapple_skidder,30,477.4620719999998,24.0,0.0,53.24,0,0,24.0,1.0,0.0,0,0.0
38,S1,H4,processor,30,531.895933,24.0,0.0,54.68,0,0,24.0,1.0,0.0,0,0.0
38,S1,H5,processor,30,531.895933,24.0,0.0,54.92,0,0,24.0,1.0,0.0,0,0.0
38,S1,H6,processor,30,531.895933,24.0,0.0,53.24,0,0,24.0,1.0,0.0,0,0.0
38,S1,H7,loader,30,474.741639,24.0,0.0,53.24,0,0,24.0,1.0,0.0,0,0.0
39,S1,H3,grapple_skidder,30,159.77199800000017,24.0,0.0,53.72,0,0,24.0,1.0,0.0,0,0.0
39,S1,H4,processor,30,569.826226,24.0,0.0,53.24,0,0,24.0,1.0,0.0,0,0.0
39,S1,H5,processor,30,360.77644299999906,24.0,0.0,53.24,0,0,24.0,1.0,0.0,0,0.0
39,S1,H7,loader,30,802.411354,24.0,0.0,54.68,0,0,24.0,1.0,0.0,0,0.0
39,S1,H8,loader,30,802.411354,24.0,0.0,54.92,0,0,24.0,1.0,0.0,0,0.0
40,S1,H3,grapple_skidder,30,200.88666240000066,24.0,0.0,53.48,1,0,24.0,1.0,0.0,0,0.0
40,S1,H4,processor,30,159.77199800000017,24.0,0.0,53.72,1,0,24.0,1.0,0.0,0,0.0
40,S1,H7,loader,30,937.184825,24.0,0.0,53.24,0,0,24.0,1.0,0.0,0,0.0
40,S1,H8,loader,30,233.46212599999876,24.0,0.0,53.24,0,0,24.0,1.0,0.0,0,0.0
41,S1,H3,grapple_skidder,30,506.3921995940883,24.0,0.0,54.2,1,0,24.0,1.0,0.0,0,0.0
41,S1,H4,processor,30,281.5431224298304,24.0,0.0,53.48,1,0,24.0,1.0,0.0,0,0.0
41,S1,H5,processor,30,0.0,24.0,0.0,53.24,1,0,24.0,1.0,0.0,0,0.0
41,S1,H7,loader,30,602.7135220716757,24.0,0.0,53.72,1,0,24.0,1.0,0.0,0,0.0
41,S1,H8,loader,30,0.0,24.0,0.0,53.72,1,0,24.0,1.0,0.0,0,0.0
42,S1,H3,grapple_skidder,30,731.5744106999999,24.0,0.0,53.24,0,0,24.0,1.0,0.0,0,0.3
42,S1,H4,processor,30,300.12591349999997,24.0,0.0,54.2,0,0,24.0,1.0,0.0,0,0.3
42,S1,H5,processor,30,103.7465646,24.0,0.0,54.2,0,0,24.0,1.0,0.0,0,0.3
42,S1,H7,loader,30,561.6879478,24.0,0.0,53.48,0,0,24.0,1.0,0.0,0,0.3
42,S1,H8,loader,30,154.2073386000011,24.0,0.0,53.48,1,0,24.0,1.0,0.0,0,0.3
1,S1,H1,feller_buncher,31,1176.844281,24.0,0.0,0.0,0,0,24.0,1.0,0.0,0,0.0
1,S1,H2,feller_buncher,31,1299.478592,24.0,0.0,0.0,0,0,24.0,1.0,0.0,0,0.0
2,S1,H1,feller_buncher,31,1164.04956,24.0,0.0,54.2,0,0,24.0,1.0,0.0,0,0.0
2,S1,H2,feller_buncher,31,1299.478592,24.0,0.0,0.0,0,0,24.0,1.0,0.0,0,0.0
2,S1,H3,grapple_skidder,31,829.1424194089843,24.0,0.0,0.0,0,0,24.0,1.0,0.0,0,0.0
3,S1,H1,feller_buncher,31,888.796776,24.0,0.0,53.24,0,0,24.0,1.0,0.0,0,0.0
3,S1,H2,feller_buncher,31,1299.478592,24.0,0.0,0.0,0,0,24.0,1.0,0.0,0,0.0
3,S1,H3,grapple_skidder,31,778.104169,24.0,0.0,54.2,0,0,24.0,1.0,0.0,0,0.0
3,S1,H4,processor,31,517.165642,24.0,0.0,0.0,0,0,24.0,1.0,0.0,0,0.0
3,S1,H5,processor,31,311.9767774089843,24.0,0.0,0.0,1,0,24.0,1.0,0.0,0,0.0
4,S1,H1,feller_buncher,31,961.553907,24.0,0.0,53.24,0,0,24.0,1.0,0.0,0,0.0
4,S1,H2,feller_buncher,31,1299.478592,24.0,0.0,0.0,0,0,24.0,1.0,0.0,0,0.0
4,S1,H3,grapple_skidder,31,809.624168,24.0,0.0,53.24,0,0,24.0,1.0,0.0,0,0.0
4,S1,H4,processor,31,469.046841,24.0,0.0,54.2,0,0,24.0,1.0,0.0,0,0.0
4,S1,H7,loader,31,552.881964951894,19.304405799326382,4.695594200673618,0.0,0,0,24.0,0.8043502416385993,4.695594200673619,1,0.0
5,S1,H1,feller_buncher,31,356.0085949999998,24.0,0.0,53.24,0,0,24.0,1.0,0.0,0,0.0
5,S1,H2,feller_buncher,31,1194.708925,24.0,0.0,55.64,0,0,24.0,1.0,0.0,0,0.0
5,S1,H3,grapple_skidder,31,739.620424,24.0,0.0,53.24,0,0,24.0,1.0,0.0,0,0.0
5,S1,H4,processor,31,409.650504,24.0,0.0,53.24,0,0,24.0,1.0,0.0,0,0.0
6,S1,H1,feller_buncher,31,1220.906942,24.0,0.0,55.4,0,0,24.0,1.0,0.0,0,0.0
6,S1,H2,feller_buncher,31,1164.04956,24.0,0.0,54.92,0,0,24.0,1.0,0.0,0,0.0
6,S1,H3,grapple_skidder,31,678.968019,24.0,0.0,53.24,0,0,24.0,1.0,0.0,0,0.0
6,S1,H4,processor,31,481.329283,24.0,0.0,53.24,0,0,24.0,1.0,0.0,0,0.0
7,S1,H1,feller_buncher,31,637.6588141341601,24.0,0.0,53.48,0,0,24.0,1.0,0.0,0,0.0
7,S1,H2,feller_buncher,31,1220.906942,24.0,0.0,54.68,0,0,24.0,1.0,0.0,0,0.0
7,S1,H3,grapple_skidder,31,778.104169,24.0,0.0,53.72,0,0,24.0,1.0,0.0,0,0.0
7,S1,H4,processor,31,547.23705,24.0,0.0,53.24,0,0,24.0,1.0,0.0,0,0.0
7,S1,H7,loader,31,451.958924,24.0,0.0,54.68,0,0,24.0,1.0,0.0,0,0.0
8,S1,H1,feller_buncher,31,674.603847,24.0,0.0,53.24,0,0,24.0,1.0,0.0,0,0.0
8,S1,H2,feller_buncher,31,1220.906942,24.0,0.0,0.0,0,0,24.0,1.0,0.0,0,0.0
8,S1,H3,grapple_skidder,31,678.968019,24.0,0.0,53.72,0,0,24.0,1.0,0.0,0,0.0
8,S1,H4,processor,31,469.046841,24.0,0.0,53.72,0,0,24.0,1.0,0.0,0,0.0
8,S1,H5,processor,31,469.046841,24.0,0.0,54.2,0,0,24.0,1.0,0.0,0,0.0
8,S1,H7,loader,31,485.857474,24.0,0.0,53.24,0,0,24.0,1.0,0.0,0,0.0
9,S1,H1,feller_buncher,31,1194.708925,24.0,0.0,53.96,0,0,24.0,1.0,0.0,0,0.0
9,S1,H2,feller_buncher,31,961.553907,24.0,0.0,55.16,0,0,24.0,1.0,0.0,0,0.0
9,S1,H3,grapple_skidder,31,1332.369187,24.0,0.0,55.4,0,0,24.0,1.0,0.0,0,0.0
9,S1,H4,processor,31,547.23705,24.0,0.0,53.72,0,0,24.0,1.0,0.0,0,0.0
9,S1,H7,loader,31,474.741639,24.0,0.0,53.72,0,0,24.0,1.0,0.0,0,0.0
9,S1,H8,loader,31,474.741639,24.0,0.0,0.0,0,0,24.0,1.0,0.0,0,0.0
10,S1,H1,feller_buncher,31,961.553907,24.0,0.0,55.4,0,0,24.0,1.0,0.0,0,0.0
10,S1,H2,feller_buncher,31,860.013242,24.0,0.0,53.72,0,0,24.0,1.0,0.0,0,0.0
10,S1,H3,grapple_skidder,31,1480.641393,24.0,0.0,53.24,0,0,24.0,1.0,0.0,0,0.0
10,S1,H4,processor,31,531.895933,24.0,0.0,55.4,0,0,24.0,1.0,0.0,0,0.0
10,S1,H5,processor,31,531.895933,24.0,0.0,54.68,0,0,24.0,1.0,0.0,0,0.0
10,S1,H7,loader,31,485.857474,24.0,0.0,53.72,0,0,24.0,1.0,0.0,0,0.0
11,S1,H1,feller_buncher,31,860.013242,24.0,0.0,53.72,0,0,24.0,1.0,0.0,0,0.0
11,S1,H2,feller_buncher,31,698.2336688647927,24.0,0.0,54.44,0,0,24.0,1.0,0.0,0,0.0
11,S1,H3,grapple_skidder,31,985.3606757251757,24.0,0.0,53.72,1,0,24.0,1.0,0.0,0,0.0
11,S1,H4,processor,31,569.826226,24.0,0.0,53.24,0,0,24.0,1.0,0.0,0,0.0
11,S1,H5,processor,31,569.826226,24.0,0.0,53.24,0,0,24.0,1.0,0.0,0,0.0
11,S1,H7,loader,31,458.8970742720094,24.0,0.0,55.4,0,0,24.0,1.0,0.0,0,0.0
12,S1,H1,feller_buncher,31,1013.0077249999999,24.0,0.0,54.44,0,0,24.0,1.0,0.0,0,0.0
12,S1,H2,feller_buncher,31,888.796776,24.0,0.0,54.92,0,0,24.0,1.0,0.0,0,0.0
12,S1,H3,grapple_skidder,31,678.968019,24.0,0.0,54.92,0,0,24.0,1.0,0.0,0,0.0
12,S1,H4,processor,31,517.165642,24.0,0.0,53.72,0,0,24.0,1.0,0.0,0,0.0
12,S1,H5,processor,31,468.1950337251757,24.0,0.0,53.72,1,0,24.0,1.0,0.0,0,0.0
12,S1,H7,loader,31,937.184825,24.0,0.0,53.24,0,0,24.0,1.0,0.0,0,0.0
13,S1,H1,feller_buncher,31,413.7565330000002,24.0,0.0,55.16,0,0,24.0,1.0,0.0,0,0.0
13,S1,H2,feller_buncher,31,680.207863,24.0,0.0,53.96,0,0,24.0,1.0,0.0,0,0.0
13,S1,H3,grapple_skidder,31,1332.369187,24.0,0.0,55.4,0,0,24.0,1.0,0.0,0,0.0
13,S1,H4,processor,31,517.1051286868185,22.678513979423805,1.3214860205761951,54.92,0,0,24.0,0.9449380824759919,1.321486020576196,1,0.0
13,S1,H7,loader,31,687.364703,24.0,0.0,53.72,0,0,24.0,1.0,0.0,0,0.0
13,S1,H8,loader,31,574.256427182266,24.0,0.0,54.2,1,0,24.0,1.0,0.0,0,0.0
14,S1,H1,feller_buncher,31,1164.04956,24.0,0.0,53.48,0,0,24.0,1.0,0.0,0,0.0
14,S1,H2,feller_buncher,31,1176.844281,24.0,0.0,53.48,0,0,24.0,1.0,0.0,0,0.0
14,S1,H3,grapple_skidder,31,678.968019,24.0,0.0,55.4,0,0,24.0,1.0,0.0,0,0.0
14,S1,H4,processor,31,531.895933,24.0,0.0,55.4,0,0,24.0,1.0,0.0,0,0.0
14,S1,H5,processor,31,531.895933,24.0,0.0,53.48,0,0,24.0,1.0,0.0,0,0.0
14,S1,H6,processor,31,531.895933,24.0,0.0,0.0,0,0,24.0,1.0,0.0,0,0.0
14,S1,H7,loader,31,485.857474,24.0,0.0,54.92,0,0,24.0,1.0,0.0,0,0.0
15,S1,H1,feller_buncher,31,787.363583,24.0,0.0,54.44,0,0,24.0,1.0,0.0,0,0.0
15,S1,H2,feller_buncher,31,1176.844281,24.0,0.0,0.0,0,0,24.0,1.0,0.0,0,0.0
15,S1,H3,grapple_skidder,31,739.620424,24.0,0.0,53.24,0,0,24.0,1.0,0.0,0,0.0
15,S1,H4,processor,31,489.16197514071933,21.453020045658942,2.546979954341058,55.4,0,0,24.0,0.8938758352357893,2.5469799543410567,1,0.0
15,S1,H7,loader,31,802.411354,24.0,0.0,55.4,0,0,24.0,1.0,0.0,0,0.0
15,S1,H8,loader,31,802.411354,24.0,0.0,53.48,0,0,24.0,1.0,0.0,0,0.0
16,S1,H1,feller_buncher,31,836.2962474999999,24.0,0.0,53.48,0,0,24.0,1.0,0.0,0,0.3
16,S1,H2,feller_buncher,31,77.91541660000061,24.0,0.0,0.0,0,0,24.0,1.0,0.0,0,0.3
16,S1,H3,grapple_skidder,31,472.22269289999997,24.0,0.0,54.44,0,0,24.0,1.0,0.0,0,0.3
16,S1,H4,processor,31,336.93049809999997,24.0,0.0,53.24,0,0,24.0,1.0,0.0,0,0.3
16,S1,H5,processor,31,336.93049809999997,24.0,0.0,55.16,0,0,24.0,1.0,0.0,0,0.3
16,S1,H7,loader,31,340.1002318,24.0,0.0,55.4,0,0,24.0,1.0,0.0,0,0.3
17,S1,H1,feller_buncher,31,836.2962474999999,24.0,0.0,0.0,0,0,24.0,1.0,0.0,0,0.3
17,S1,H2,feller_buncher,31,814.8346919999999,24.0,0.0,54.2,0,0,24.0,1.0,0.0,0,0.3
17,S1,H3,grapple_skidder,31,815.3097511999999,24.0,0.0,53.24,0,0,24.0,1.0,0.0,0,0.3
17,S1,H4,processor,31,319.2576345,24.0,0.0,54.44,0,0,24.0,1.0,0.0,0,0.3
17,S1,H5,processor,31,152.96505839999998,24.0,0.0,54.44,0,0,24.0,1.0,0.0,0,0.3
17,S1,H7,loader,31,316.3712468,24.0,0.0,53.24,0,0,24.0,1.0,0.0,0,0.3
17,S1,H8,loader,31,316.3712468,24.0,0.0,55.16,0,0,24.0,1.0,0.0,0,0.3
18,S1,H1,feller_buncher,31,98.38538570000019,24.0,0.0,0.0,0,0,24.0,1.0,0.0,0,0.3
18,S1,H2,feller_buncher,31,445.1620069313914,24.0,0.0,0.0,0,0,24.0,1.0,0.0,0,0.3
18,S1,H3,grapple_skidder,31,407.26495211757464,18.8791024879652,5.1208975120348015,54.68,0,0,24.0,0.7866292703318832,5.120897512034803,1,0.3
18,S1,H4,processor,31,362.0159494,24.0,0.0,53.24,0,0,24.0,1.0,0.0,0,0.3
18,S1,H5,processor,31,362.0159494,24.0,0.0,53.24,0,0,24.0,1.0,0.0,0,0.3
18,S1,H7,loader,31,472.22269289999997,24.0,0.0,54.44,0,0,24.0,1.0,0.0,0,0.3
19,S1,H1,feller_buncher,31,502.7667789999996,24.0,0.0,54.92,0,0,24.0,1.0,0.0,0,0.0
19,S1,H2,feller_buncher,31,256.1621419999998,24.0,0.0,53.24,0,0,24.0,1.0,0.0,0,0.0
19,S1,H3,grapple_skidder,31,1164.728216,24.0,0.0,54.68,0,0,24.0,1.0,0.0,0,0.0
19,S1,H4,processor,31,481.329283,24.0,0.0,54.68,0,0,24.0,1.0,0.0,0,0.0
19,S1,H7,loader,31,687.364703,24.0,0.0,53.24,0,0,24.0,1.0,0.0,0,0.0
20,S1,H1,feller_buncher,31,59.00278800000001,24.0,0.0,53.24,0,0,24.0,1.0,0.0,0,0.0
20,S1,H2,feller_buncher,31,486.3476200000001,24.0,0.0,54.68,0,0,24.0,1.0,0.0,0,0.0
20,S1,H3,grapple_skidder,31,678.968019,24.0,0.0,54.92,0,0,24.0,1.0,0.0,0,0.0
20,S1,H4,processor,31,517.165642,24.0,0.0,54.68,0,0,24.0,1.0,0.0,0,0.0
20,S1,H5,processor,31,517.165642,24.0,0.0,0.0,0,0,24.0,1.0,0.0,0,0.0
20,S1,H6,processor,31,221.6747843999999,24.0,0.0,53.48,1,0,24.0,1.0,0.0,0,0.0
20,S1,H7,loader,31,451.958924,24.0,0.0,54.68,0,0,24.0,1.0,0.0,0,0.0
21,S1,H1,feller_buncher,31,576.960683,24.0,0.0,53.24,0,0,24.0,1.0,0.0,0,0.0
21,S1,H2,feller_buncher,31,364.89843800000006,24.0,0.0,53.72,0,0,24.0,1.0,0.0,0,0.0
21,S1,H3,grapple_skidder,31,1273.711203,24.0,0.0,55.16,0,0,24.0,1.0,0.0,0,0.0
21,S1,H4,processor,31,547.23705,24.0,0.0,54.92,0,0,24.0,1.0,0.0,0,0.0
21,S1,H5,processor,31,443.05208341494784,19.430793295078885,4.569206704921115,54.92,0,0,24.0,0.8096163872949536,4.569206704921116,1,0.0
21,S1,H7,loader,31,687.364703,24.0,0.0,54.68,0,0,24.0,1.0,0.0,0,0.0
21,S1,H8,loader,31,605.3085612000002,24.0,0.0,54.68,1,0,24.0,1.0,0.0,0,0.0
22,S1,H3,grapple_skidder,31,778.104169,24.0,0.0,54.44,0,0,24.0,1.0,0.0,0,0.0
22,S1,H4,processor,31,295.4680246468023,24.0,0.0,55.16,0,0,24.0,1.0,0.0,0,0.0
22,S1,H5,processor,31,295.4680246468023,24.0,0.0,55.16,0,0,24.0,1.0,0.0,0,0.0
22,S1,H6,processor,31,261.9324675467987,24.0,0.0,53.24,0,0,24.0,1.0,0.0,0,0.0
22,S1,H7,loader,31,485.857474,24.0,0.0,54.92,0,0,24.0,1.0,0.0,0,0.0
22,S1,H8,loader,31,485.857474,24.0,0.0,54.92,0,0,24.0,1.0,0.0,0,0.0
23,S1,H3,grapple_skidder,31,678.968019,24.0,0.0,53.72,0,0,24.0,1.0,0.0,0,0.0
23,S1,H4,processor,31,469.046841,24.0,0.0,54.44,0,0,24.0,1.0,0.0,0,0.0
23,S1,H7,loader,31,733.483855,24.0,0.0,55.16,0,0,24.0,1.0,0.0,0,0.0
23,S1,H8,loader,31,119.3846618404034,24.0,0.0,55.16,1,0,24.0,1.0,0.0,0,0.0
24,S1,H3,grapple_skidder,31,1139.522966984942,24.0,0.0,55.64,0,0,24.0,1.0,0.0,0,0.0
24,S1,H4,processor,31,547.23705,24.0,0.0,53.72,0,0,24.0,1.0,0.0,0,0.0
24,S1,H7,loader,31,474.741639,24.0,0.0,54.44,0,0,24.0,1.0,0.0,0,0.0
25,S1,H3,grapple_skidder,31,1332.369187,24.0,0.0,53.24,0,0,24.0,1.0,0.0,0,0.0
25,S1,H4,processor,31,569.826226,24.0,0.0,55.64,0,0,24.0,1.0,0.0,0,0.0
25,S1,H5,processor,31,569.826226,24.0,0.0,53.48,0,0,24.0,1.0,0.0,0,0.0
25,S1,H6,processor,31,340.8594559849421,24.0,0.0,53.48,1,0,24.0,1.0,0.0,0,0.0
25,S1,H7,loader,31,485.857474,24.0,0.0,53.72,0,0,24.0,1.0,0.0,0,0.0
26,S1,H3,grapple_skidder,31,557.7807764005779,19.7163021806685,4.2836978193315005,55.4,0,0,24.0,0.8215125908611874,4.283697819331502,1,0.0
26,S1,H4,processor,31,531.895933,24.0,0.0,53.24,0,0,24.0,1.0,0.0,0,0.0
26,S1,H5,processor,31,531.895933,24.0,0.0,53.24,0,0,24.0,1.0,0.0,0,0.0
26,S1,H7,loader,31,937.184825,24.0,0.0,55.64,0,0,24.0,1.0,0.0,0,0.0
26,S1,H8,loader,31,745.7947099849421,24.0,0.0,53.48,1,0,24.0,1.0,0.0,0,0.0
27,S1,H3,grapple_skidder,31,739.620424,24.0,0.0,53.24,0,0,24.0,1.0,0.0,0,0.0
27,S1,H4,processor,31,547.23705,24.0,0.0,55.4,0,0,24.0,1.0,0.0,0,0.0
27,S1,H7,loader,31,802.411354,24.0,0.0,53.24,0,0,24.0,1.0,0.0,0,0.0
28,S1,H3,grapple_skidder,31,1480.641393,24.0,0.0,55.4,0,0,24.0,1.0,0.0,0,0.0
28,S1,H4,processor,31,481.329283,24.0,0.0,53.24,0,0,24.0,1.0,0.0,0,0.0
28,S1,H5,processor,31,481.329283,24.0,0.0,55.16,0,0,24.0,1.0,0.0,0,0.0
28,S1,H7,loader,31,485.857474,24.0,0.0,55.4,0,0,24.0,1.0,0.0,0,0.0
28,S1,H8,loader,31,444.4018874424853,24.0,0.0,55.64,1,0,24.0,1.0,0.0,0,0.0
29,S1,H3,grapple_skidder,31,778.104169,24.0,0.0,54.92,0,0,24.0,1.0,0.0,0,0.0
29,S1,H4,processor,31,569.826226,24.0,0.0,55.4,0,0,24.0,1.0,0.0,0,0.0
29,S1,H5,processor,31,569.826226,24.0,0.0,55.4,0,0,24.0,1.0,0.0,0,0.0
29,S1,H7,loader,31,451.958924,24.0,0.0,53.24,0,0,24.0,1.0,0.0,0,0.0
29,S1,H8,loader,31,451.958924,24.0,0.0,53.24,0,0,24.0,1.0,0.0,0,0.0
30,S1,H3,grapple_skidder,31,678.968019,24.0,0.0,53.72,0,0,24.0,1.0,0.0,0,0.0
30,S1,H4,processor,31,469.046841,24.0,0.0,54.92,0,0,24.0,1.0,0.0,0,0.0
30,S1,H5,processor,31,469.046841,24.0,0.0,54.92,0,0,24.0,1.0,0.0,0,0.0
30,S1,H7,loader,31,937.184825,24.0,0.0,55.4,0,0,24.0,1.0,0.0,0,0.0
31,S1,H3,grapple_skidder,31,923.199854,24.0,0.0,53.96,0,0,24.0,1.0,0.0,0,0.0
31,S1,H4,processor,31,547.23705,24.0,0.0,53.72,0,0,24.0,1.0,0.0,0,0.0
31,S1,H7,loader,31,474.741639,24.0,0.0,54.92,0,0,24.0,1.0,0.0,0,0.0
31,S1,H8,loader,31,474.741639,24.0,0.0,53.48,0,0,24.0,1.0,0.0,0,0.0
32,S1,H3,grapple_skidder,31,778.104169,24.0,0.0,53.24,0,0,24.0,1.0,0.0,0,0.0
32,S1,H4,processor,31,395.784917,24.0,0.0,53.96,0,0,24.0,1.0,0.0,0,0.0
32,S1,H5,processor,31,395.784917,24.0,0.0,53.24,0,0,24.0,1.0,0.0,0,0.0
32,S1,H7,loader,31,485.857474,24.0,0.0,53.72,0,0,24.0,1.0,0.0,0,0.0
33,S1,H3,grapple_skidder,31,339.9365580000001,24.0,0.0,53.48,0,0,24.0,1.0,0.0,0,0.0
33,S1,H4,processor,31,383.8892477502074,19.642690538885816,4.357309461114184,53.24,0,0,24.0,0.8184454391202424,4.357309461114186,1,0.0
33,S1,H5,processor,31,469.046841,24.0,0.0,53.24,0,0,24.0,1.0,0.0,0,0.0
33,S1,H7,loader,31,456.725789,24.0,0.0,53.96,0,0,24.0,1.0,0.0,0,0.0
34,S1,H3,grapple_skidder,31,103.60088802736433,20.350675311914383,3.649324688085617,53.24,0,0,24.0,0.8479448046630993,3.6493246880856183,1,0.0
34,S1,H4,processor,31,366.8846539175746,24.0,0.0,53.48,1,0,24.0,1.0,0.0,0,0.0
34,S1,H7,loader,31,474.741639,24.0,0.0,53.24,0,0,24.0,1.0,0.0,0,0.0
34,S1,H8,loader,31,474.741639,24.0,0.0,0.0,0,0,24.0,1.0,0.0,0,0.0
35,S1,H3,grapple_skidder,31,635.2241051084094,24.0,0.0,53.48,0,0,24.0,1.0,0.0,0,0.0
35,S1,H4,processor,31,547.23705,24.0,0.0,53.24,0,0,24.0,1.0,0.0,0,0.0
35,S1,H5,processor,31,81.55246300000022,24.0,0.0,53.72,0,0,24.0,1.0,0.0,0,0.0
35,S1,H7,loader,31,373.6109369601891,19.839551806359594,4.160448193640406,53.48,0,0,24.0,0.8266479919316497,4.160448193640407,1,0.0
35,S1,H8,loader,31,134.7057859999993,24.0,0.0,53.48,0,0,24.0,1.0,0.0,0,0.0
36,S1,H3,grapple_skidder,31,778.104169,24.0,0.0,53.24,0,0,24.0,1.0,0.0,0,0.0
36,S1,H4,processor,31,409.650504,24.0,0.0,53.48,0,0,24.0,1.0,0.0,0,0.0
36,S1,H5,processor,31,409.650504,24.0,0.0,53.48,0,0,24.0,1.0,0.0,0,0.0
36,S1,H7,loader,31,485.857474,24.0,0.0,53.24,0,0,24.0,1.0,0.0,0,0.0
36,S1,H8,loader,31,204.31161500000007,24.0,0.0,53.24,1,0,24.0,1.0,0.0,0,0.0
37,S1,H3,grapple_skidder,31,1332.369187,24.0,0.0,54.68,0,0,24.0,1.0,0.0,0,0.0
37,S1,H4,processor,31,469.046841,24.0,0.0,53.24,0,0,24.0,1.0,0.0,0,0.0
37,S1,H7,loader,31,424.433991,24.0,0.0,53.48,0,0,24.0,1.0,0.0,0,0.0
37,S1,H8,loader,31,424.433991,24.0,0.0,53.48,0,0,24.0,1.0,0.0,0,0.0
38,S1,H3,grapple_skidder,31,59.58997771505801,24.0,0.0,53.24,1,0,24.0,1.0,0.0,0,0.0
38,S1,H4,processor,31,531.895933,24.0,0.0,54.68,0,0,24.0,1.0,0.0,0,0.0
38,S1,H5,processor,31,531.895933,24.0,0.0,54.92,0,0,24.0,1.0,0.0,0,0.0
38,S1,H6,processor,31,531.895933,24.0,0.0,53.24,0,0,24.0,1.0,0.0,0,0.0
38,S1,H7,loader,31,474.741639,24.0,0.0,53.24,0,0,24.0,1.0,0.0,0,0.0
39,S1,H3,grapple_skidder,31,159.77199800000017,24.0,0.0,53.72,0,0,24.0,1.0,0.0,0,0.0
39,S1,H4,processor,31,400.5789187150581,24.0,0.0,53.24,1,0,24.0,1.0,0.0,0,0.0
39,S1,H5,processor,31,0.0,24.0,0.0,53.24,1,0,24.0,1.0,0.0,0,0.0
39,S1,H7,loader,31,802.411354,24.0,0.0,54.68,0,0,24.0,1.0,0.0,0,0.0
39,S1,H8,loader,31,802.411354,24.0,0.0,54.92,0,0,24.0,1.0,0.0,0,0.0
40,S1,H3,grapple_skidder,31,44.48547186479345,24.0,0.0,53.48,1,0,24.0,1.0,0.0,0,0.0
40,S1,H4,processor,31,159.77199800000017,24.0,0.0,53.72,1,0,24.0,1.0,0.0,0,0.0
40,S1,H7,loader,31,603.0465457150581,24.0,0.0,53.24,1,0,24.0,1.0,0.0,0,0.0
40,S1,H8,loader,31,0.0,24.0,0.0,53.24,1,0,24.0,1.0,0.0,0,0.0
41,S1,H3,grapple_skidder,31,576.960683,24.0,0.0,54.2,0,0,24.0,1.0,0.0,0,0.0
41,S1,H4,processor,31,55.00288986479336,24.0,0.0,53.48,1,0,24.0,1.0,0.0,0,0.0
41,S1,H5,processor,31,0.0,24.0,0.0,53.24,1,0,24.0,1.0,0.0,0,0.0
41,S1,H7,loader,31,159.77199800000017,24.0,0.0,53.72,1,0,24.0,1.0,0.0,0,0.0
41,S1,H8,loader,31,0.0,24.0,0.0,53.72,1,0,24.0,1.0,0.0,0,0.0
42,S1,H3,grapple_skidder,31,1045.106301,24.0,0.0,53.24,0,0,24.0,1.0,0.0,0,0.0
42,S1,H4,processor,31,342.50823111270887,19.172414056454038,4.827585943545962,54.2,0,0,24.0,0.7988505856855849,4.827585943545961,1,0.0
42,S1,H5,processor,31,148.20937800000002,24.0,0.0,54.2,0,0,24.0,1.0,0.0,0,0.0
42,S1,H7,loader,31,802.411354,24.0,0.0,53.48,0,0,24.0,1.0,0.0,0,0.0
42,S1,H8,loader,31,100.59702159278436,24.0,0.0,53.48,1,0,24.0,1.0,0.0,0,0.0
1,S1,H1,feller_buncher,32,1176.844281,24.0,0.0,0.0,0,0,24.0,1.0,0.0,0,0.0
1,S1,H2,feller_buncher,32,1299.478592,24.0,0.0,0.0,0,0,24.0,1.0,0.0,0,0.0
2,S1,H1,feller_buncher,32,1164.04956,24.0,0.0,54.2,0,0,24.0,1.0,0.0,0,0.0
2,S1,H2,feller_buncher,32,1299.478592,24.0,0.0,0.0,0,0,24.0,1.0,0.0,0,0.0
2,S1,H3,grapple_skidder,32,1164.728216,24.0,0.0,0.0,0,0,24.0,1.0,0.0,0,0.0
3,S1,H1,feller_buncher,32,888.796776,24.0,0.0,53.24,0,0,24.0,1.0,0.0,0,0.0
3,S1,H2,feller_buncher,32,1299.478592,24.0,0.0,0.0,0,0,24.0,1.0,0.0,0,0.0
3,S1,H3,grapple_skidder,32,778.104169,24.0,0.0,54.2,0,0,24.0,1.0,0.0,0,0.0
3,S1,H4,processor,32,517.165642,24.0,0.0,0.0,0,0,24.0,1.0,0.0,0,0.0
3,S1,H5,processor,32,517.165642,24.0,0.0,0.0,0,0,24.0,1.0,0.0,0,0.0
4,S1,H1,feller_buncher,32,961.553907,24.0,0.0,53.24,0,0,24.0,1.0,0.0,0,0.0
4,S1,H2,feller_buncher,32,1299.478592,24.0,0.0,0.0,0,0,24.0,1.0,0.0,0,0.0
4,S1,H3,grapple_skidder,32,809.624168,24.0,0.0,53.24,0,0,24.0,1.0,0.0,0,0.0
4,S1,H4,processor,32,469.046841,24.0,0.0,54.2,0,0,24.0,1.0,0.0,0,0.0
4,S1,H7,loader,32,687.364703,24.0,0.0,0.0,0,0,24.0,1.0,0.0,0,0.0
5,S1,H1,feller_buncher,32,356.0085949999998,24.0,0.0,53.24,0,0,24.0,1.0,0.0,0,0.0
5,S1,H2,feller_buncher,32,1194.708925,24.0,0.0,55.64,0,0,24.0,1.0,0.0,0,0.0
5,S1,H3,grapple_skidder,32,739.620424,24.0,0.0,53.24,0,0,24.0,1.0,0.0,0,0.0
5,S1,H4,processor,32,409.650504,24.0,0.0,53.24,0,0,24.0,1.0,0.0,0,0.0
6,S1,H1,feller_buncher,32,700.1764890803275,24.0,0.0,55.4,0,0,24.0,1.0,0.0,0,0.0
6,S1,H2,feller_buncher,32,1164.04956,24.0,0.0,54.92,0,0,24.0,1.0,0.0,0,0.0
6,S1,H3,grapple_skidder,32,678.968019,24.0,0.0,53.24,0,0,24.0,1.0,0.0,0,0.0
6,S1,H4,processor,32,481.329283,24.0,0.0,53.24,0,0,24.0,1.0,0.0,0,0.0
7,S1,H1,feller_buncher,32,1176.844281,24.0,0.0,53.48,0,0,24.0,1.0,0.0,0,0.0
7,S1,H2,feller_buncher,32,1220.906942,24.0,0.0,54.68,0,0,24.0,1.0,0.0,0,0.0
7,S1,H3,grapple_skidder,32,778.104169,24.0,0.0,53.72,0,0,24.0,1.0,0.0,0,0.0
7,S1,H4,processor,32,547.23705,24.0,0.0,53.24,0,0,24.0,1.0,0.0,0,0.0
7,S1,H7,loader,32,451.958924,24.0,0.0,54.68,0,0,24.0,1.0,0.0,0,0.0
8,S1,H1,feller_buncher,32,674.603847,24.0,0.0,53.24,0,0,24.0,1.0,0.0,0,0.0
8,S1,H2,feller_buncher,32,1220.906942,24.0,0.0,0.0,0,0,24.0,1.0,0.0,0,0.0
8,S1,H3,grapple_skidder,32,678.968019,24.0,0.0,53.72,0,0,24.0,1.0,0.0,0,0.0
8,S1,H4,processor,32,469.046841,24.0,0.0,53.72,0,0,24.0,1.0,0.0,0,0.0
8,S1,H5,processor,32,469.046841,24.0,0.0,54.2,0,0,24.0,1.0,0.0,0,0.0
8,S1,H7,loader,32,485.857474,24.0,0.0,53.24,0,0,24.0,1.0,0.0,0,0.0
9,S1,H1,feller_buncher,32,1194.708925,24.0,0.0,53.96,0,0,24.0,1.0,0.0,0,0.0
9,S1,H2,feller_buncher,32,961.553907,24.0,0.0,55.16,0,0,24.0,1.0,0.0,0,0.0
9,S1,H3,grapple_skidder,32,1332.369187,24.0,0.0,55.4,0,0,24.0,1.0,0.0,0,0.0
9,S1,H4,processor,32,547.23705,24.0,0.0,53.72,0,0,24.0,1.0,0.0,0,0.0
9,S1,H7,loader,32,474.741639,24.0,0.0,53.72,0,0,24.0,1.0,0.0,0,0.0
9,S1,H8,loader,32,474.741639,24.0,0.0,0.0,0,0,24.0,1.0,0.0,0,0.0
10,S1,H1,feller_buncher,32,961.553907,24.0,0.0,55.4,0,0,24.0,1.0,0.0,0,0.0
10,S1,H2,feller_buncher,32,860.013242,24.0,0.0,53.72,0,0,24.0,1.0,0.0,0,0.0
10,S1,H3,grapple_skidder,32,1334.7586016146574,21.635357886250702,2.364642113749298,53.24,0,0,24.0,0.9014732452604459,2.364642113749297,1,0.0
10,S1,H4,processor,32,531.895933,24.0,0.0,55.4,0,0,24.0,1.0,0.0,0,0.0
10,S1,H5,processor,32,531.895933,24.0,0.0,54.68,0,0,24.0,1.0,0.0,0,0.0
10,S1,H7,loader,32,485.857474,24.0,0.0,53.72,0,0,24.0,1.0,0.0,0,0.0
11,S1,H1,feller_buncher,32,860.013242,24.0,0.0,53.72,0,0,24.0,1.0,0.0,0,0.0
11,S1,H2,feller_buncher,32,1220.906942,24.0,0.0,54.44,0,0,24.0,1.0,0.0,0,0.0
11,S1,H3,grapple_skidder,32,634.9823080399193,24.0,0.0,53.72,0,0,24.0,1.0,0.0,0,0.0
11,S1,H4,processor,32,304.09027369294097,23.722715475911162,0.27728452408883797,53.24,0,0,24.0,0.988446478162965,0.27728452408883886,1,0.0
11,S1,H5,processor,32,307.6446529083648,24.0,0.0,53.24,0,0,24.0,1.0,0.0,0,0.0
11,S1,H7,loader,32,802.411354,24.0,0.0,55.4,0,0,24.0,1.0,0.0,0,0.0
12,S1,H1,feller_buncher,32,709.1054075,24.0,0.0,54.44,0,0,24.0,1.0,0.0,0,0.3
12,S1,H2,feller_buncher,32,622.1577432,24.0,0.0,54.92,0,0,24.0,1.0,0.0,0,0.3
12,S1,H3,grapple_skidder,32,421.01719625886705,21.26002241101729,2.739977588982711,54.92,0,0,24.0,0.8858342671257203,2.7399775889827107,1,0.3
12,S1,H4,processor,32,362.0159494,24.0,0.0,53.72,0,0,24.0,1.0,0.0,0,0.3
12,S1,H5,processor,32,362.0159494,24.0,0.0,53.72,0,0,24.0,1.0,0.0,0,0.3
12,S1,H7,loader,32,611.7349266013057,24.0,0.0,53.24,1,0,24.0,1.0,0.0,0,0.3
13,S1,H1,feller_buncher,32,413.7565330000002,24.0,0.0,55.16,0,0,24.0,1.0,0.0,0,0.0
13,S1,H2,feller_buncher,32,486.88415458466034,24.0,0.0,53.96,0,0,24.0,1.0,0.0,0,0.0
13,S1,H3,grapple_skidder,32,1332.369187,24.0,0.0,55.4,0,0,24.0,1.0,0.0,0,0.0
13,S1,H4,processor,32,547.23705,24.0,0.0,54.92,0,0,24.0,1.0,0.0,0,0.0
13,S1,H7,loader,32,687.364703,24.0,0.0,53.72,0,0,24.0,1.0,0.0,0,0.0
13,S1,H8,loader,32,383.6337768000001,24.0,0.0,54.2,1,0,24.0,1.0,0.0,0,0.0
14,S1,H1,feller_buncher,32,1164.04956,24.0,0.0,53.48,0,0,24.0,1.0,0.0,0,0.0
14,S1,H2,feller_buncher,32,1176.844281,24.0,0.0,53.48,0,0,24.0,1.0,0.0,0,0.0
14,S1,H3,grapple_skidder,32,678.968019,24.0,0.0,55.4,0,0,24.0,1.0,0.0,0,0.0
14,S1,H4,processor,32,531.895933,24.0,0.0,55.4,0,0,24.0,1.0,0.0,0,0.0
14,S1,H5,processor,32,477.25159835091983,21.534359730519082,2.465640269480918,53.48,0,0,24.0,0.8972649887716284,2.4656402694809176,1,0.0
14,S1,H6,processor,32,531.895933,24.0,0.0,0.0,0,0,24.0,1.0,0.0,0,0.0
14,S1,H7,loader,32,485.857474,24.0,0.0,54.92,0,0,24.0,1.0,0.0,0,0.0
15,S1,H1,feller_buncher,32,551.1545080999999,24.0,0.0,54.44,0,0,24.0,1.0,0.0,0,0.3
15,S1,H2,feller_buncher,32,823.7909966999999,24.0,0.0,0.0,0,0,24.0,1.0,0.0,0,0.3
15,S1,H3,grapple_skidder,32,517.7342967999999,24.0,0.0,53.24,0,0,24.0,1.0,0.0,0,0.3
15,S1,H4,processor,32,383.06593499999997,24.0,0.0,55.4,0,0,24.0,1.0,0.0,0,0.3
15,S1,H7,loader,32,561.6879478,24.0,0.0,55.4,0,0,24.0,1.0,0.0,0,0.3
15,S1,H8,loader,32,561.6879478,24.0,0.0,53.48,0,0,24.0,1.0,0.0,0,0.3
16,S1,H1,feller_buncher,32,1194.708925,24.0,0.0,53.48,0,0,24.0,1.0,0.0,0,0.0
16,S1,H2,feller_buncher,32,111.30773800000088,24.0,0.0,0.0,0,0,24.0,1.0,0.0,0,0.0
16,S1,H3,grapple_skidder,32,618.4225957092251,22.001271358035115,1.9987286419648846,54.44,0,0,24.0,0.9167196399181298,1.9987286419648846,1,0.0
16,S1,H4,processor,32,481.329283,24.0,0.0,53.24,0,0,24.0,1.0,0.0,0,0.0
16,S1,H5,processor,32,294.6961548,24.0,0.0,55.16,1,0,24.0,1.0,0.0,0,0.0
16,S1,H7,loader,32,485.857474,24.0,0.0,55.4,0,0,24.0,1.0,0.0,0,0.0
17,S1,H1,feller_buncher,32,1194.708925,24.0,0.0,0.0,0,0,24.0,1.0,0.0,0,0.0
17,S1,H2,feller_buncher,32,1164.04956,24.0,0.0,54.2,0,0,24.0,1.0,0.0,0,0.0
17,S1,H3,grapple_skidder,32,1164.728216,24.0,0.0,53.24,0,0,24.0,1.0,0.0,0,0.0
17,S1,H4,processor,32,456.082335,24.0,0.0,54.44,0,0,24.0,1.0,0.0,0,0.0
17,S1,H5,processor,32,162.3402607092251,24.0,0.0,54.44,1,0,24.0,1.0,0.0,0,0.0
17,S1,H7,loader,32,451.958924,24.0,0.0,53.24,0,0,24.0,1.0,0.0,0,0.0
17,S1,H8,loader,32,353.43687279999995,24.0,0.0,55.16,1,0,24.0,1.0,0.0,0,0.0
18,S1,H1,feller_buncher,32,140.55055100000027,24.0,0.0,0.0,0,0,24.0,1.0,0.0,0,0.0
18,S1,H2,feller_buncher,32,1164.04956,24.0,0.0,0.0,0,0,24.0,1.0,0.0,0,0.0
18,S1,H3,grapple_skidder,32,362.9912421241675,24.0,0.0,54.68,0,0,24.0,1.0,0.0,0,0.0
18,S1,H4,processor,32,517.165642,24.0,0.0,53.24,0,0,24.0,1.0,0.0,0,0.0
18,S1,H5,processor,32,517.165642,24.0,0.0,53.24,0,0,24.0,1.0,0.0,0,0.0
18,S1,H7,loader,32,618.4225957092251,24.0,0.0,54.44,1,0,24.0,1.0,0.0,0,0.0
19,S1,H1,feller_buncher,32,502.7667789999996,24.0,0.0,54.92,0,0,24.0,1.0,0.0,0,0.0
19,S1,H2,feller_buncher,32,256.1621419999998,24.0,0.0,53.24,0,0,24.0,1.0,0.0,0,0.0
19,S1,H3,grapple_skidder,32,1164.728216,24.0,0.0,54.68,0,0,24.0,1.0,0.0,0,0.0
19,S1,H4,processor,32,362.9912421241675,24.0,0.0,54.68,1,0,24.0,1.0,0.0,0,0.0
19,S1,H7,loader,32,687.364703,24.0,0.0,53.24,0,0,24.0,1.0,0.0,0,0.0
20,S1,H1,feller_buncher,32,59.00278800000001,24.0,0.0,53.24,0,0,24.0,1.0,0.0,0,0.0
20,S1,H2,feller_buncher,32,486.3476200000001,24.0,0.0,54.68,0,0,24.0,1.0,0.0,0,0.0
20,S1,H3,grapple_skidder,32,288.73266185692466,24.0,0.0,54.92,0,0,24.0,1.0,0.0,0,0.0
20,S1,H4,processor,32,517.165642,24.0,0.0,54.68,0,0,24.0,1.0,0.0,0,0.0
20,S1,H5,processor,32,517.165642,24.0,0.0,0.0,0,0,24.0,1.0,0.0,0,0.0
20,S1,H6,processor,32,302.1412052399189,24.0,0.0,53.48,1,0,24.0,1.0,0.0,0,0.0
20,S1,H7,loader,32,362.9912421241675,24.0,0.0,54.68,1,0,24.0,1.0,0.0,0,0.0
21,S1,H1,feller_buncher,32,403.87247809999997,24.0,0.0,53.24,0,0,24.0,1.0,0.0,0,0.3
21,S1,H2,feller_buncher,32,255.42890660000003,24.0,0.0,53.72,0,0,24.0,1.0,0.0,0,0.3
21,S1,H3,grapple_skidder,32,891.5978421,24.0,0.0,55.16,0,0,24.0,1.0,0.0,0,0.3
21,S1,H4,processor,32,383.06593499999997,24.0,0.0,54.92,0,0,24.0,1.0,0.0,0,0.3
21,S1,H5,processor,32,338.81089511579194,24.0,0.0,54.92,1,0,24.0,1.0,0.0,0,0.3
21,S1,H7,loader,32,481.15529209999994,24.0,0.0,54.68,0,0,24.0,1.0,0.0,0,0.3
21,S1,H8,loader,32,481.15529209999994,24.0,0.0,54.68,0,0,24.0,1.0,0.0,0,0.3
22,S1,H3,grapple_skidder,32,778.104169,24.0,0.0,54.44,0,0,24.0,1.0,0.0,0,0.0
22,S1,H4,processor,32,441.264891,24.0,0.0,55.16,0,0,24.0,1.0,0.0,0,0.0
22,S1,H5,processor,32,441.264891,24.0,0.0,55.16,0,0,24.0,1.0,0.0,0,0.0
22,S1,H6,processor,32,9.068060100000025,24.0,0.0,53.24,1,0,24.0,1.0,0.0,0,0.0
22,S1,H7,loader,32,485.857474,24.0,0.0,54.92,0,0,24.0,1.0,0.0,0,0.0
22,S1,H8,loader,32,317.3665451157916,24.0,0.0,54.92,1,0,24.0,1.0,0.0,0,0.0
23,S1,H3,grapple_skidder,32,678.968019,24.0,0.0,53.72,0,0,24.0,1.0,0.0,0,0.0
23,S1,H4,processor,32,469.046841,24.0,0.0,54.44,0,0,24.0,1.0,0.0,0,0.0
23,S1,H7,loader,32,733.483855,24.0,0.0,55.16,0,0,24.0,1.0,0.0,0,0.0
23,S1,H8,loader,32,158.11398710000003,24.0,0.0,55.16,1,0,24.0,1.0,0.0,0,0.0
24,S1,H3,grapple_skidder,32,1480.641393,24.0,0.0,55.64,0,0,24.0,1.0,0.0,0,0.0
24,S1,H4,processor,32,547.23705,24.0,0.0,53.72,0,0,24.0,1.0,0.0,0,0.0
24,S1,H7,loader,32,389.29995614266784,19.680597149861605,4.319402850138395,54.44,0,0,24.0,0.8200248812442336,4.319402850138395,1,0.0
25,S1,H3,grapple_skidder,32,872.8695349692541,24.0,0.0,53.24,0,0,24.0,1.0,0.0,0,0.0
25,S1,H4,processor,32,569.826226,24.0,0.0,55.64,0,0,24.0,1.0,0.0,0,0.0
25,S1,H5,processor,32,569.826226,24.0,0.0,53.48,0,0,24.0,1.0,0.0,0,0.0
25,S1,H6,processor,32,569.826226,24.0,0.0,53.48,0,0,24.0,1.0,0.0,0,0.0
25,S1,H7,loader,32,485.857474,24.0,0.0,53.72,0,0,24.0,1.0,0.0,0,0.0
26,S1,H3,grapple_skidder,32,475.2776133,24.0,0.0,55.4,0,0,24.0,1.0,0.0,0,0.3
26,S1,H4,processor,32,372.3271531,24.0,0.0,53.24,0,0,24.0,1.0,0.0,0,0.3
26,S1,H5,processor,32,372.3271531,24.0,0.0,53.24,0,0,24.0,1.0,0.0,0,0.3
26,S1,H7,loader,32,656.0293775,24.0,0.0,55.64,0,0,24.0,1.0,0.0,0,0.3
26,S1,H8,loader,32,656.0293775,24.0,0.0,53.48,0,0,24.0,1.0,0.0,0,0.3
27,S1,H3,grapple_skidder,32,739.620424,24.0,0.0,53.24,0,0,24.0,1.0,0.0,0,0.0
27,S1,H4,processor,32,547.23705,24.0,0.0,55.4,0,0,24.0,1.0,0.0,0,0.0
27,S1,H7,loader,32,802.411354,24.0,0.0,53.24,0,0,24.0,1.0,0.0,0,0.0
28,S1,H3,grapple_skidder,32,1480.641393,24.0,0.0,55.4,0,0,24.0,1.0,0.0,0,0.0
28,S1,H4,processor,32,481.329283,24.0,0.0,53.24,0,0,24.0,1.0,0.0,0,0.0
28,S1,H5,processor,32,258.291141,19.61518495939169,4.384815040608309,55.16,1,0,24.0,0.8172993733079871,4.384815040608309,1,0.0
28,S1,H7,loader,32,485.857474,24.0,0.0,55.4,0,0,24.0,1.0,0.0,0,0.0
28,S1,H8,loader,32,122.75915199999986,24.0,0.0,55.64,1,0,24.0,1.0,0.0,0,0.0
29,S1,H3,grapple_skidder,32,544.6729182999999,24.0,0.0,54.92,0,0,24.0,1.0,0.0,0,0.3
29,S1,H4,processor,32,398.8783582,24.0,0.0,55.4,0,0,24.0,1.0,0.0,0,0.3
29,S1,H5,processor,32,398.8783582,24.0,0.0,55.4,0,0,24.0,1.0,0.0,0,0.3
29,S1,H7,loader,32,316.3712468,24.0,0.0,53.24,0,0,24.0,1.0,0.0,0,0.3
29,S1,H8,loader,32,316.3712468,24.0,0.0,53.24,0,0,24.0,1.0,0.0,0,0.3
30,S1,H3,grapple_skidder,32,475.2776133,24.0,0.0,53.72,0,0,24.0,1.0,0.0,0,0.3
30,S1,H4,processor,32,328.3327887,24.0,0.0,54.92,0,0,24.0,1.0,0.0,0,0.3
30,S1,H5,processor,32,328.3327887,24.0,0.0,54.92,0,0,24.0,1.0,0.0,0,0.3
30,S1,H7,loader,32,656.0293775,24.0,0.0,55.4,0,0,24.0,1.0,0.0,0,0.3
31,S1,H3,grapple_skidder,32,923.199854,24.0,0.0,53.96,0,0,24.0,1.0,0.0,0,0.0
31,S1,H4,processor,32,535.0491456000001,24.0,0.0,53.72,1,0,24.0,1.0,0.0,0,0.0
31,S1,H7,loader,32,474.741639,24.0,0.0,54.92,0,0,24.0,1.0,0.0,0,0.0
31,S1,H8,loader,32,474.741639,24.0,0.0,53.48,0,0,24.0,1.0,0.0,0,0.0
32,S1,H3,grapple_skidder,32,544.6729182999999,24.0,0.0,53.24,0,0,24.0,1.0,0.0,0,0.3
32,S1,H4,processor,32,277.0494419,24.0,0.0,53.96,0,0,24.0,1.0,0.0,0,0.3
32,S1,H5,processor,32,277.0494419,24.0,0.0,53.24,0,0,24.0,1.0,0.0,0,0.3
32,S1,H7,loader,32,340.1002318,24.0,0.0,53.72,0,0,24.0,1.0,0.0,0,0.3
33,S1,H3,grapple_skidder,32,339.9365580000001,24.0,0.0,53.48,0,0,24.0,1.0,0.0,0,0.0
33,S1,H4,processor,32,469.046841,24.0,0.0,53.24,0,0,24.0,1.0,0.0,0,0.0
33,S1,H5,processor,32,421.7585611999999,24.0,0.0,53.24,1,0,24.0,1.0,0.0,0,0.0
33,S1,H7,loader,32,456.725789,24.0,0.0,53.96,0,0,24.0,1.0,0.0,0,0.0
34,S1,H3,grapple_skidder,32,122.17881099999954,24.0,0.0,53.24,0,0,24.0,1.0,0.0,0,0.0
34,S1,H4,processor,32,339.9365580000001,24.0,0.0,53.48,1,0,24.0,1.0,0.0,0,0.0
34,S1,H7,loader,32,474.741639,24.0,0.0,53.24,0,0,24.0,1.0,0.0,0,0.0
34,S1,H8,loader,32,474.741639,24.0,0.0,0.0,0,0,24.0,1.0,0.0,0,0.0
35,S1,H3,grapple_skidder,32,809.624168,24.0,0.0,53.48,0,0,24.0,1.0,0.0,0,0.0
35,S1,H4,processor,32,122.17881099999954,24.0,0.0,53.24,1,0,24.0,1.0,0.0,0,0.0
35,S1,H5,processor,32,0.0,24.0,0.0,53.72,1,0,24.0,1.0,0.0,0,0.0
35,S1,H7,loader,32,446.8144884000001,24.0,0.0,53.48,1,0,24.0,1.0,0.0,0,0.0
35,S1,H8,loader,32,0.0,24.0,0.0,53.48,1,0,24.0,1.0,0.0,0,0.0
36,S1,H3,grapple_skidder,32,778.104169,24.0,0.0,53.24,0,0,24.0,1.0,0.0,0,0.0
36,S1,H4,processor,32,409.650504,24.0,0.0,53.48,0,0,24.0,1.0,0.0,0,0.0
36,S1,H5,processor,32,409.650504,24.0,0.0,53.48,0,0,24.0,1.0,0.0,0,0.0
36,S1,H7,loader,32,317.1277247999996,24.0,0.0,53.24,1,0,24.0,1.0,0.0,0,0.0
36,S1,H8,loader,32,0.0,24.0,0.0,53.24,1,0,24.0,1.0,0.0,0,0.0
37,S1,H3,grapple_skidder,32,1332.369187,24.0,0.0,54.68,0,0,24.0,1.0,0.0,0,0.0
37,S1,H4,processor,32,469.046841,24.0,0.0,53.24,0,0,24.0,1.0,0.0,0,0.0
37,S1,H7,loader,32,424.433991,24.0,0.0,53.48,0,0,24.0,1.0,0.0,0,0.0
37,S1,H8,loader,32,424.433991,24.0,0.0,53.48,0,0,24.0,1.0,0.0,0,0.0
38,S1,H3,grapple_skidder,32,477.4620719999998,24.0,0.0,53.24,0,0,24.0,1.0,0.0,0,0.0
38,S1,H4,processor,32,531.895933,24.0,0.0,54.68,0,0,24.0,1.0,0.0,0,0.0
38,S1,H5,processor,32,531.895933,24.0,0.0,54.92,0,0,24.0,1.0,0.0,0,0.0
38,S1,H6,processor,32,456.6955934183343,24.0,0.0,53.24,1,0,24.0,1.0,0.0,0,0.0
38,S1,H7,loader,32,474.741639,24.0,0.0,53.24,0,0,24.0,1.0,0.0,0,0.0
39,S1,H3,grapple_skidder,32,159.77199800000017,24.0,0.0,53.72,0,0,24.0,1.0,0.0,0,0.0
39,S1,H4,processor,32,569.826226,24.0,0.0,53.24,0,0,24.0,1.0,0.0,0,0.0
39,S1,H5,processor,32,360.77644299999906,24.0,0.0,53.24,0,0,24.0,1.0,0.0,0,0.0
39,S1,H7,loader,32,802.411354,24.0,0.0,54.68,0,0,24.0,1.0,0.0,0,0.0
39,S1,H8,loader,32,802.411354,24.0,0.0,54.92,0,0,24.0,1.0,0.0,0,0.0
40,S1,H3,grapple_skidder,32,202.02562661107322,23.037361093424217,0.9626389065757834,53.48,1,0,24.0,0.9598900455593423,0.9626389065757839,1,0.0
40,S1,H4,processor,32,159.77199800000017,24.0,0.0,53.72,1,0,24.0,1.0,0.0,0,0.0
40,S1,H7,loader,32,937.184825,24.0,0.0,53.24,0,0,24.0,1.0,0.0,0,0.0
40,S1,H8,loader,32,233.46212599999876,24.0,0.0,53.24,0,0,24.0,1.0,0.0,0,0.0
41,S1,H3,grapple_skidder,32,403.87247809999997,24.0,0.0,54.2,1,0,24.0,1.0,0.0,0,0.0
41,S1,H4,processor,32,202.02562661107322,24.0,0.0,53.48,1,0,24.0,1.0,0.0,0,0.0
41,S1,H5,processor,32,0.0,24.0,0.0,53.24,1,0,24.0,1.0,0.0,0,0.0
41,S1,H7,loader,32,687.364703,24.0,0.0,53.72,0,0,24.0,1.0,0.0,0,0.0
41,S1,H8,loader,32,7.131940999999415,24.0,0.0,53.72,0,0,24.0,1.0,0.0,0,0.0
42,S1,H3,grapple_skidder,32,742.3130611846603,24.0,0.0,53.24,1,0,24.0,1.0,0.0,0,0.0
42,S1,H4,processor,32,403.87247809999997,24.0,0.0,54.2,1,0,24.0,1.0,0.0,0,0.0
42,S1,H5,processor,32,0.0,24.0,0.0,54.2,1,0,24.0,1.0,0.0,0,0.0
42,S1,H7,loader,32,738.9814109803277,24.0,0.0,53.48,1,0,24.0,1.0,0.0,0,0.0
42,S1,H8,loader,32,0.0,24.0,0.0,53.48,1,0,24.0,1.0,0.0,0,0.0
1,S1,H1,feller_buncher,33,1176.844281,24.0,0.0,0.0,0,0,24.0,1.0,0.0,0,0.0
1,S1,H2,feller_buncher,33,1168.5082066051164,21.58111501887889,2.41888498112111,0.0,0,0,24.0,0.8992131257866204,2.418884981121111,1,0.0
2,S1,H1,feller_buncher,33,1164.04956,24.0,0.0,54.2,0,0,24.0,1.0,0.0,0,0.0
2,S1,H2,feller_buncher,33,1299.478592,24.0,0.0,0.0,0,0,24.0,1.0,0.0,0,0.0
2,S1,H3,grapple_skidder,33,1164.728216,24.0,0.0,0.0,0,0,24.0,1.0,0.0,0,0.0
3,S1,H1,feller_buncher,33,888.796776,24.0,0.0,53.24,0,0,24.0,1.0,0.0,0,0.0
3,S1,H2,feller_buncher,33,1299.478592,24.0,0.0,0.0,0,0,24.0,1.0,0.0,0,0.0
3,S1,H3,grapple_skidder,33,778.104169,24.0,0.0,54.2,0,0,24.0,1.0,0.0,0,0.0
3,S1,H4,processor,33,517.165642,24.0,0.0,0.0,0,0,24.0,1.0,0.0,0,0.0
3,S1,H5,processor,33,517.165642,24.0,0.0,0.0,0,0,24.0,1.0,0.0,0,0.0
4,S1,H1,feller_buncher,33,961.553907,24.0,0.0,53.24,0,0,24.0,1.0,0.0,0,0.0
4,S1,H2,feller_buncher,33,1299.478592,24.0,0.0,0.0,0,0,24.0,1.0,0.0,0,0.0
4,S1,H3,grapple_skidder,33,809.624168,24.0,0.0,53.24,0,0,24.0,1.0,0.0,0,0.0
4,S1,H4,processor,33,469.046841,24.0,0.0,54.2,0,0,24.0,1.0,0.0,0,0.0
4,S1,H7,loader,33,687.364703,24.0,0.0,0.0,0,0,24.0,1.0,0.0,0,0.0
5,S1,H1,feller_buncher,33,356.0085949999998,24.0,0.0,53.24,0,0,24.0,1.0,0.0,0,0.0
5,S1,H2,feller_buncher,33,491.53009190066047,24.0,0.0,55.64,0,0,24.0,1.0,0.0,0,0.0
5,S1,H3,grapple_skidder,33,739.620424,24.0,0.0,53.24,0,0,24.0,1.0,0.0,0,0.0
5,S1,H4,processor,33,409.650504,24.0,0.0,53.24,0,0,24.0,1.0,0.0,0,0.0
6,S1,H1,feller_buncher,33,611.0853364575979,17.705845706695918,6.294154293304082,55.4,0,0,24.0,0.7377435711123299,6.294154293304082,1,0.0
6,S1,H2,feller_buncher,33,1164.04956,24.0,0.0,54.92,0,0,24.0,1.0,0.0,0,0.0
6,S1,H3,grapple_skidder,33,678.968019,24.0,0.0,53.24,0,0,24.0,1.0,0.0,0,0.0
6,S1,H4,processor,33,481.329283,24.0,0.0,53.24,0,0,24.0,1.0,0.0,0,0.0
7,S1,H1,feller_buncher,33,1176.844281,24.0,0.0,53.48,0,0,24.0,1.0,0.0,0,0.0
7,S1,H2,feller_buncher,33,1220.906942,24.0,0.0,54.68,0,0,24.0,1.0,0.0,0,0.0
7,S1,H3,grapple_skidder,33,778.104169,24.0,0.0,53.72,0,0,24.0,1.0,0.0,0,0.0
7,S1,H4,processor,33,547.23705,24.0,0.0,53.24,0,0,24.0,1.0,0.0,0,0.0
7,S1,H7,loader,33,451.958924,24.0,0.0,54.68,0,0,24.0,1.0,0.0,0,0.0
8,S1,H1,feller_buncher,33,642.207575181713,22.847456137262604,1.1525438627373958,53.24,0,0,24.0,0.9519773390526085,1.1525438627373958,1,0.0
8,S1,H2,feller_buncher,33,1220.906942,24.0,0.0,0.0,0,0,24.0,1.0,0.0,0,0.0
8,S1,H3,grapple_skidder,33,678.968019,24.0,0.0,53.72,0,0,24.0,1.0,0.0,0,0.0
8,S1,H4,processor,33,469.046841,24.0,0.0,53.72,0,0,24.0,1.0,0.0,0,0.0
8,S1,H5,processor,33,469.046841,24.0,0.0,54.2,0,0,24.0,1.0,0.0,0,0.0
8,S1,H7,loader,33,485.857474,24.0,0.0,53.24,0,0,24.0,1.0,0.0,0,0.0
9,S1,H1,feller_buncher,33,692.0615240126216,19.86075702952729,4.139242970472711,53.96,0,0,24.0,0.8275315428969704,4.139242970472711,1,0.3
9,S1,H2,feller_buncher,33,673.0877349,24.0,0.0,55.16,0,0,24.0,1.0,0.0,0,0.3
9,S1,H3,grapple_skidder,33,932.6584309,24.0,0.0,55.4,0,0,24.0,1.0,0.0,0,0.3
9,S1,H4,processor,33,383.06593499999997,24.0,0.0,53.72,0,0,24.0,1.0,0.0,0,0.3
9,S1,H7,loader,33,332.3191473,24.0,0.0,53.72,0,0,24.0,1.0,0.0,0,0.3
9,S1,H8,loader,33,332.3191473,24.0,0.0,0.0,0,0,24.0,1.0,0.0,0,0.3
10,S1,H1,feller_buncher,33,961.553907,24.0,0.0,55.4,0,0,24.0,1.0,0.0,0,0.0
10,S1,H2,feller_buncher,33,860.013242,24.0,0.0,53.72,0,0,24.0,1.0,0.0,0,0.0
10,S1,H3,grapple_skidder,33,1183.591615913282,22.191704471649274,1.808295528350726,53.24,1,0,24.0,0.9246543529853865,1.8082955283507243,1,0.0
10,S1,H4,processor,33,531.895933,24.0,0.0,55.4,0,0,24.0,1.0,0.0,0,0.0
10,S1,H5,processor,33,400.76249789999997,24.0,0.0,54.68,1,0,24.0,1.0,0.0,0,0.0
10,S1,H7,loader,33,444.4455109999999,24.0,0.0,53.72,1,0,24.0,1.0,0.0,0,0.0
11,S1,H1,feller_buncher,33,860.013242,24.0,0.0,53.72,0,0,24.0,1.0,0.0,0,0.0
11,S1,H2,feller_buncher,33,1220.906942,24.0,0.0,54.44,0,0,24.0,1.0,0.0,0,0.0
11,S1,H3,grapple_skidder,33,1164.728216,24.0,0.0,53.72,0,0,24.0,1.0,0.0,0,0.0
11,S1,H4,processor,33,569.826226,24.0,0.0,53.24,0,0,24.0,1.0,0.0,0,0.0
11,S1,H5,processor,33,569.826226,24.0,0.0,53.24,0,0,24.0,1.0,0.0,0,0.0
11,S1,H7,loader,33,802.411354,24.0,0.0,55.4,0,0,24.0,1.0,0.0,0,0.0
12,S1,H1,feller_buncher,33,1013.0077249999999,24.0,0.0,54.44,0,0,24.0,1.0,0.0,0,0.0
12,S1,H2,feller_buncher,33,888.796776,24.0,0.0,54.92,0,0,24.0,1.0,0.0,0,0.0
12,S1,H3,grapple_skidder,33,678.968019,24.0,0.0,54.92,0,0,24.0,1.0,0.0,0,0.0
12,S1,H4,processor,33,517.165642,24.0,0.0,53.72,0,0,24.0,1.0,0.0,0,0.0
12,S1,H5,processor,33,517.165642,24.0,0.0,53.72,0,0,24.0,1.0,0.0,0,0.0
12,S1,H7,loader,33,937.184825,24.0,0.0,53.24,0,0,24.0,1.0,0.0,0,0.0
13,S1,H1,feller_buncher,33,413.7565330000002,24.0,0.0,55.16,0,0,24.0,1.0,0.0,0,0.0
13,S1,H2,feller_buncher,33,680.207863,24.0,0.0,53.96,0,0,24.0,1.0,0.0,0,0.0
13,S1,H3,grapple_skidder,33,1332.369187,24.0,0.0,55.4,0,0,24.0,1.0,0.0,0,0.0
13,S1,H4,processor,33,547.23705,24.0,0.0,54.92,0,0,24.0,1.0,0.0,0,0.0
13,S1,H7,loader,33,687.364703,24.0,0.0,53.72,0,0,24.0,1.0,0.0,0,0.0
13,S1,H8,loader,33,687.364703,24.0,0.0,54.2,0,0,24.0,1.0,0.0,0,0.0
14,S1,H1,feller_buncher,33,949.3092317208441,19.572552874209464,4.427447125790536,53.48,0,0,24.0,0.8155230364253944,4.427447125790538,1,0.0
14,S1,H2,feller_buncher,33,1176.844281,24.0,0.0,53.48,0,0,24.0,1.0,0.0,0,0.0
14,S1,H3,grapple_skidder,33,542.6118530436345,24.0,0.0,55.4,0,0,24.0,1.0,0.0,0,0.0
14,S1,H4,processor,33,531.895933,24.0,0.0,55.4,0,0,24.0,1.0,0.0,0,0.0
14,S1,H5,processor,33,531.895933,24.0,0.0,53.48,0,0,24.0,1.0,0.0,0,0.0
14,S1,H6,processor,33,268.577321,24.0,0.0,0.0,1,0,24.0,1.0,0.0,0,0.0
14,S1,H7,loader,33,388.2834196970321,24.0,0.0,54.92,0,0,24.0,1.0,0.0,0,0.0
15,S1,H1,feller_buncher,33,787.363583,24.0,0.0,54.44,0,0,24.0,1.0,0.0,0,0.0
15,S1,H2,feller_buncher,33,1176.844281,24.0,0.0,0.0,0,0,24.0,1.0,0.0,0,0.0
15,S1,H3,grapple_skidder,33,739.620424,24.0,0.0,53.24,0,0,24.0,1.0,0.0,0,0.0
15,S1,H4,processor,33,317.05174047001725,20.464941206478564,3.5350587935214364,55.4,0,0,24.0,0.8527058836032735,3.5350587935214377,1,0.0
15,S1,H7,loader,33,802.411354,24.0,0.0,55.4,0,0,24.0,1.0,0.0,0,0.0
15,S1,H8,loader,33,660.2049099,22.37067699494956,1.6293230050504413,53.48,1,0,24.0,0.9321115414562317,1.6293230050504404,1,0.0
16,S1,H1,feller_buncher,33,1001.143463401314,20.11154568183337,3.8884543181666302,53.48,0,0,24.0,0.8379810700763904,3.8884543181666293,1,0.0
16,S1,H2,feller_buncher,33,111.30773800000088,24.0,0.0,0.0,0,0,24.0,1.0,0.0,0,0.0
16,S1,H3,grapple_skidder,33,642.207575181713,24.0,0.0,54.44,1,0,24.0,1.0,0.0,0,0.0
16,S1,H4,processor,33,481.329283,24.0,0.0,53.24,0,0,24.0,1.0,0.0,0,0.0
16,S1,H5,processor,33,481.329283,24.0,0.0,55.16,0,0,24.0,1.0,0.0,0,0.0
16,S1,H7,loader,33,476.0053707729851,24.0,0.0,55.4,1,0,24.0,1.0,0.0,0,0.0
17,S1,H1,feller_buncher,33,1194.708925,24.0,0.0,0.0,0,0,24.0,1.0,0.0,0,0.0
17,S1,H2,feller_buncher,33,1164.04956,24.0,0.0,54.2,0,0,24.0,1.0,0.0,0,0.0
17,S1,H3,grapple_skidder,33,1164.728216,24.0,0.0,53.24,0,0,24.0,1.0,0.0,0,0.0
17,S1,H4,processor,33,456.082335,24.0,0.0,54.44,0,0,24.0,1.0,0.0,0,0.0
17,S1,H5,processor,33,172.6782759243378,18.965083044932015,5.034916955067985,54.44,0,0,24.0,0.790211793538834,5.034916955067984,1,0.0
17,S1,H7,loader,33,225.69137614519934,24.0,0.0,53.24,0,0,24.0,1.0,0.0,0,0.0
17,S1,H8,loader,33,225.69137614519934,24.0,0.0,55.16,0,0,24.0,1.0,0.0,0,0.0
18,S1,H1,feller_buncher,33,140.55055100000027,24.0,0.0,0.0,0,0,24.0,1.0,0.0,0,0.0
18,S1,H2,feller_buncher,33,1164.04956,24.0,0.0,0.0,0,0,24.0,1.0,0.0,0,0.0
18,S1,H3,grapple_skidder,33,739.620424,24.0,0.0,54.68,0,0,24.0,1.0,0.0,0,0.0
18,S1,H4,processor,33,517.165642,24.0,0.0,53.24,0,0,24.0,1.0,0.0,0,0.0
18,S1,H5,processor,33,517.165642,24.0,0.0,53.24,0,0,24.0,1.0,0.0,0,0.0
18,S1,H7,loader,33,628.7606109243378,24.0,0.0,54.44,1,0,24.0,1.0,0.0,0,0.0
19,S1,H1,feller_buncher,33,502.7667789999996,24.0,0.0,54.92,0,0,24.0,1.0,0.0,0,0.0
19,S1,H2,feller_buncher,33,256.1621419999998,24.0,0.0,53.24,0,0,24.0,1.0,0.0,0,0.0
19,S1,H3,grapple_skidder,33,1164.728216,24.0,0.0,54.68,0,0,24.0,1.0,0.0,0,0.0
19,S1,H4,processor,33,481.329283,24.0,0.0,54.68,0,0,24.0,1.0,0.0,0,0.0
19,S1,H7,loader,33,687.364703,24.0,0.0,53.24,0,0,24.0,1.0,0.0,0,0.0
20,S1,H1,feller_buncher,33,49.64436098071216,20.19336210921239,3.8066378907876093,53.24,0,0,24.0,0.8413900878838496,3.80663789078761,1,0.0
20,S1,H2,feller_buncher,33,486.3476200000001,24.0,0.0,54.68,0,0,24.0,1.0,0.0,0,0.0
20,S1,H3,grapple_skidder,33,561.2306020982757,19.838245798670844,4.161754201329156,54.92,0,0,24.0,0.8265935749446185,4.161754201329156,1,0.0
20,S1,H4,processor,33,517.165642,24.0,0.0,54.68,0,0,24.0,1.0,0.0,0,0.0
20,S1,H5,processor,33,517.165642,24.0,0.0,0.0,0,0,24.0,1.0,0.0,0,0.0
20,S1,H6,processor,33,517.165642,24.0,0.0,53.48,0,0,24.0,1.0,0.0,0,0.0
20,S1,H7,loader,33,451.958924,24.0,0.0,54.68,0,0,24.0,1.0,0.0,0,0.0
21,S1,H1,feller_buncher,33,576.960683,24.0,0.0,53.24,0,0,24.0,1.0,0.0,0,0.0
21,S1,H2,feller_buncher,33,364.89843800000006,24.0,0.0,53.72,0,0,24.0,1.0,0.0,0,0.0
21,S1,H3,grapple_skidder,33,1273.711203,24.0,0.0,55.16,0,0,24.0,1.0,0.0,0,0.0
21,S1,H4,processor,33,547.23705,24.0,0.0,54.92,0,0,24.0,1.0,0.0,0,0.0
21,S1,H5,processor,33,547.23705,24.0,0.0,54.92,0,0,24.0,1.0,0.0,0,0.0
21,S1,H7,loader,33,687.364703,24.0,0.0,54.68,0,0,24.0,1.0,0.0,0,0.0
21,S1,H8,loader,33,687.364703,24.0,0.0,54.68,0,0,24.0,1.0,0.0,0,0.0
22,S1,H3,grapple_skidder,33,544.6729182999999,24.0,0.0,54.44,0,0,24.0,1.0,0.0,0,0.3
22,S1,H4,processor,33,308.8854237,24.0,0.0,55.16,0,0,24.0,1.0,0.0,0,0.3
22,S1,H5,processor,33,308.8854237,24.0,0.0,55.16,0,0,24.0,1.0,0.0,0,0.3
22,S1,H6,processor,33,273.8269947,24.0,0.0,53.24,0,0,24.0,1.0,0.0,0,0.3
22,S1,H7,loader,33,340.1002318,24.0,0.0,54.92,0,0,24.0,1.0,0.0,0,0.3
22,S1,H8,loader,33,340.1002318,24.0,0.0,54.92,0,0,24.0,1.0,0.0,0,0.3
23,S1,H3,grapple_skidder,33,678.968019,24.0,0.0,53.72,0,0,24.0,1.0,0.0,0,0.0
23,S1,H4,processor,33,469.046841,24.0,0.0,54.44,0,0,24.0,1.0,0.0,0,0.0
23,S1,H7,loader,33,733.483855,24.0,0.0,55.16,0,0,24.0,1.0,0.0,0,0.0
23,S1,H8,loader,33,158.11398710000003,24.0,0.0,55.16,1,0,24.0,1.0,0.0,0,0.0
24,S1,H3,grapple_skidder,33,1036.4489751,24.0,0.0,55.64,0,0,24.0,1.0,0.0,0,0.3
24,S1,H4,processor,33,383.06593499999997,24.0,0.0,53.72,0,0,24.0,1.0,0.0,0,0.3
24,S1,H7,loader,33,332.3191473,24.0,0.0,54.44,0,0,24.0,1.0,0.0,0,0.3
25,S1,H3,grapple_skidder,33,1332.369187,24.0,0.0,53.24,0,0,24.0,1.0,0.0,0,0.0
25,S1,H4,processor,33,569.826226,24.0,0.0,55.64,0,0,24.0,1.0,0.0,0,0.0
25,S1,H5,processor,33,510.56191301328215,24.0,0.0,53.48,1,0,24.0,1.0,0.0,0,0.0
25,S1,H6,processor,33,0.0,24.0,0.0,53.48,1,0,24.0,1.0,0.0,0,0.0
25,S1,H7,loader,33,485.857474,24.0,0.0,53.72,0,0,24.0,1.0,0.0,0,0.0
26,S1,H3,grapple_skidder,33,678.968019,24.0,0.0,55.4,0,0,24.0,1.0,0.0,0,0.0
26,S1,H4,processor,33,531.895933,24.0,0.0,53.24,0,0,24.0,1.0,0.0,0,0.0
26,S1,H5,processor,33,531.895933,24.0,0.0,53.24,0,0,24.0,1.0,0.0,0,0.0
26,S1,H7,loader,33,930.5514774707074,23.830129194950395,0.16987080504960517,55.64,0,0,24.0,0.9929220497895997,0.16987080504960606,1,0.0
26,S1,H8,loader,33,352.3042885425748,24.0,0.0,53.48,1,0,24.0,1.0,0.0,0,0.0
27,S1,H3,grapple_skidder,33,739.620424,24.0,0.0,53.24,0,0,24.0,1.0,0.0,0,0.0
27,S1,H4,processor,33,547.23705,24.0,0.0,55.4,0,0,24.0,1.0,0.0,0,0.0
27,S1,H7,loader,33,802.411354,24.0,0.0,53.24,0,0,24.0,1.0,0.0,0,0.0
28,S1,H3,grapple_skidder,33,1151.7781495431145,24.0,0.0,55.4,0,0,24.0,1.0,0.0,0,0.0
28,S1,H4,processor,33,481.329283,24.0,0.0,53.24,0,0,24.0,1.0,0.0,0,0.0
28,S1,H5,processor,33,481.329283,24.0,0.0,55.16,0,0,24.0,1.0,0.0,0,0.0
28,S1,H7,loader,33,485.857474,24.0,0.0,55.4,0,0,24.0,1.0,0.0,0,0.0
28,S1,H8,loader,33,372.86167339999975,24.0,0.0,55.64,1,0,24.0,1.0,0.0,0,0.0
29,S1,H3,grapple_skidder,33,778.104169,24.0,0.0,54.92,0,0,24.0,1.0,0.0,0,0.0
29,S1,H4,processor,33,569.826226,24.0,0.0,55.4,0,0,24.0,1.0,0.0,0,0.0
29,S1,H5,processor,33,569.826226,24.0,0.0,55.4,0,0,24.0,1.0,0.0,0,0.0
29,S1,H7,loader,33,451.958924,24.0,0.0,53.24,0,0,24.0,1.0,0.0,0,0.0
29,S1,H8,loader,33,451.958924,24.0,0.0,53.24,0,0,24.0,1.0,0.0,0,0.0
30,S1,H3,grapple_skidder,33,678.968019,24.0,0.0,53.72,0,0,24.0,1.0,0.0,0,0.0
30,S1,H4,processor,33,428.6983224064448,21.935463238211373,2.064536761788627,54.92,0,0,24.0,0.9139776349254739,2.0645367617886263,1,0.0
30,S1,H5,processor,33,469.046841,24.0,0.0,54.92,0,0,24.0,1.0,0.0,0,0.0
30,S1,H7,loader,33,937.184825,24.0,0.0,55.4,0,0,24.0,1.0,0.0,0,0.0
31,S1,H3,grapple_skidder,33,923.199854,24.0,0.0,53.96,0,0,24.0,1.0,0.0,0,0.0
31,S1,H4,processor,33,547.23705,24.0,0.0,53.72,0,0,24.0,1.0,0.0,0,0.0
31,S1,H7,loader,33,474.741639,24.0,0.0,54.92,0,0,24.0,1.0,0.0,0,0.0
31,S1,H8,loader,33,474.741639,24.0,0.0,53.48,0,0,24.0,1.0,0.0,0,0.0
32,S1,H3,grapple_skidder,33,778.104169,24.0,0.0,53.24,0,0,24.0,1.0,0.0,0,0.0
32,S1,H4,processor,33,395.784917,24.0,0.0,53.96,0,0,24.0,1.0,0.0,0,0.0
32,S1,H5,processor,33,395.784917,24.0,0.0,53.24,0,0,24.0,1.0,0.0,0,0.0
32,S1,H7,loader,33,485.857474,24.0,0.0,53.72,0,0,24.0,1.0,0.0,0,0.0
33,S1,H3,grapple_skidder,33,51.47038590000034,24.0,0.0,53.48,1,0,24.0,1.0,0.0,0,0.0
33,S1,H4,processor,33,469.046841,24.0,0.0,53.24,0,0,24.0,1.0,0.0,0,0.0
33,S1,H5,processor,33,414.11022589355525,24.0,0.0,53.24,1,0,24.0,1.0,0.0,0,0.0
33,S1,H7,loader,33,456.725789,24.0,0.0,53.96,0,0,24.0,1.0,0.0,0,0.0
34,S1,H3,grapple_skidder,33,108.34928025832241,21.283418171418834,2.716581828581166,53.24,0,0,24.0,0.8868090904757847,2.7165818285811647,1,0.0
34,S1,H4,processor,33,121.97638390000003,24.0,0.0,53.48,1,0,24.0,1.0,0.0,0,0.0
34,S1,H7,loader,33,474.741639,24.0,0.0,53.24,0,0,24.0,1.0,0.0,0,0.0
34,S1,H8,loader,33,474.741639,24.0,0.0,0.0,0,0,24.0,1.0,0.0,0,0.0
35,S1,H3,grapple_skidder,33,809.624168,24.0,0.0,53.48,0,0,24.0,1.0,0.0,0,0.0
35,S1,H4,processor,33,547.23705,24.0,0.0,53.24,0,0,24.0,1.0,0.0,0,0.0
35,S1,H5,processor,33,81.55246300000022,24.0,0.0,53.72,0,0,24.0,1.0,0.0,0,0.0
35,S1,H7,loader,33,451.958924,24.0,0.0,53.48,0,0,24.0,1.0,0.0,0,0.0
35,S1,H8,loader,33,118.59921858214621,21.130356241501932,2.869643758498068,53.48,0,0,24.0,0.8804315100625805,2.8696437584980687,1,0.0
36,S1,H3,grapple_skidder,33,544.6729182999999,24.0,0.0,53.24,0,0,24.0,1.0,0.0,0,0.3
36,S1,H4,processor,33,286.75535279999997,24.0,0.0,53.48,0,0,24.0,1.0,0.0,0,0.3
36,S1,H5,processor,33,286.75535279999997,24.0,0.0,53.48,0,0,24.0,1.0,0.0,0,0.3
36,S1,H7,loader,33,340.1002318,24.0,0.0,53.24,0,0,24.0,1.0,0.0,0,0.3
36,S1,H8,loader,33,146.64352429999954,24.0,0.0,53.24,0,0,24.0,1.0,0.0,0,0.3
37,S1,H3,grapple_skidder,33,615.8731205609564,24.0,0.0,54.68,0,0,24.0,1.0,0.0,0,0.0
37,S1,H4,processor,33,469.046841,24.0,0.0,53.24,0,0,24.0,1.0,0.0,0,0.0
37,S1,H7,loader,33,424.433991,24.0,0.0,53.48,0,0,24.0,1.0,0.0,0,0.0
37,S1,H8,loader,33,424.433991,24.0,0.0,53.48,0,0,24.0,1.0,0.0,0,0.0
38,S1,H3,grapple_skidder,33,148.17581475819952,24.0,0.0,53.24,1,0,24.0,1.0,0.0,0,0.0
38,S1,H4,processor,33,531.895933,24.0,0.0,54.68,0,0,24.0,1.0,0.0,0,0.0
38,S1,H5,processor,33,352.5545085609564,24.0,0.0,54.92,1,0,24.0,1.0,0.0,0,0.0
38,S1,H6,processor,33,0.0,24.0,0.0,53.24,1,0,24.0,1.0,0.0,0,0.0
38,S1,H7,loader,33,474.741639,24.0,0.0,53.24,0,0,24.0,1.0,0.0,0,0.0
39,S1,H3,grapple_skidder,33,111.84039860000011,24.0,0.0,53.72,0,0,24.0,1.0,0.0,0,0.3
39,S1,H4,processor,33,160.301512301314,24.0,0.0,53.24,1,0,24.0,1.0,0.0,0,0.3
39,S1,H5,processor,33,0.0,24.0,0.0,53.24,1,0,24.0,1.0,0.0,0,0.3
39,S1,H7,loader,33,561.6879478,24.0,0.0,54.68,0,0,24.0,1.0,0.0,0,0.3
39,S1,H8,loader,33,561.6879478,24.0,0.0,54.92,0,0,24.0,1.0,0.0,0,0.3
40,S1,H3,grapple_skidder,33,567.1587449999993,24.0,0.0,53.48,0,0,24.0,1.0,0.0,0,0.0
40,S1,H4,processor,33,116.26248459999947,24.0,0.0,53.72,1,0,24.0,1.0,0.0,0,0.0
40,S1,H7,loader,33,362.769139301314,24.0,0.0,53.24,1,0,24.0,1.0,0.0,0,0.0
40,S1,H8,loader,33,0.0,24.0,0.0,53.24,1,0,24.0,1.0,0.0,0,0.0
41,S1,H3,grapple_skidder,33,576.960683,24.0,0.0,54.2,0,0,24.0,1.0,0.0,0,0.0
41,S1,H4,processor,33,531.895933,24.0,0.0,53.48,0,0,24.0,1.0,0.0,0,0.0
41,S1,H5,processor,33,35.26281199999926,24.0,0.0,53.24,1,0,24.0,1.0,0.0,0,0.0
41,S1,H7,loader,33,646.5650446000002,24.0,0.0,53.72,1,0,24.0,1.0,0.0,0,0.0
41,S1,H8,loader,33,0.0,24.0,0.0,53.72,1,0,24.0,1.0,0.0,0,0.0
42,S1,H3,grapple_skidder,33,1045.106301,24.0,0.0,53.24,0,0,24.0,1.0,0.0,0,0.0
42,S1,H4,processor,33,428.751305,24.0,0.0,54.2,0,0,24.0,1.0,0.0,0,0.0
42,S1,H5,processor,33,148.20937800000002,24.0,0.0,54.2,0,0,24.0,1.0,0.0,0,0.0
42,S1,H7,loader,33,589.6138029609558,24.0,0.0,53.48,1,0,24.0,1.0,0.0,0,0.0
42,S1,H8,loader,33,0.0,24.0,0.0,53.48,1,0,24.0,1.0,0.0,0,0.0
1,S1,H1,feller_buncher,34,1176.844281,24.0,0.0,0.0,0,0,24.0,1.0,0.0,0,0.0
1,S1,H2,feller_buncher,34,1299.478592,24.0,0.0,0.0,0,0,24.0,1.0,0.0,0,0.0
2,S1,H1,feller_buncher,34,1164.04956,24.0,0.0,54.2,0,0,24.0,1.0,0.0,0,0.0
2,S1,H2,feller_buncher,34,1299.478592,24.0,0.0,0.0,0,0,24.0,1.0,0.0,0,0.0
2,S1,H3,grapple_skidder,34,1164.728216,24.0,0.0,0.0,0,0,24.0,1.0,0.0,0,0.0
3,S1,H1,feller_buncher,34,888.796776,24.0,0.0,53.24,0,0,24.0,1.0,0.0,0,0.0
3,S1,H2,feller_buncher,34,1199.1540179676251,22.14711085538453,1.852889144615471,0.0,0,0,24.0,0.922796285641022,1.8528891446154718,1,0.0
3,S1,H3,grapple_skidder,34,778.104169,24.0,0.0,54.2,0,0,24.0,1.0,0.0,0,0.0
3,S1,H4,processor,34,517.165642,24.0,0.0,0.0,0,0,24.0,1.0,0.0,0,0.0
3,S1,H5,processor,34,517.165642,24.0,0.0,0.0,0,0,24.0,1.0,0.0,0,0.0
4,S1,H1,feller_buncher,34,961.553907,24.0,0.0,53.24,0,0,24.0,1.0,0.0,0,0.0
4,S1,H2,feller_buncher,34,1299.478592,24.0,0.0,0.0,0,0,24.0,1.0,0.0,0,0.0
4,S1,H3,grapple_skidder,34,809.624168,24.0,0.0,53.24,0,0,24.0,1.0,0.0,0,0.0
4,S1,H4,processor,34,469.046841,24.0,0.0,54.2,0,0,24.0,1.0,0.0,0,0.0
4,S1,H7,loader,34,687.364703,24.0,0.0,0.0,0,0,24.0,1.0,0.0,0,0.0
5,S1,H1,feller_buncher,34,356.0085949999998,24.0,0.0,53.24,0,0,24.0,1.0,0.0,0,0.0
5,S1,H2,feller_buncher,34,1194.708925,24.0,0.0,55.64,0,0,24.0,1.0,0.0,0,0.0
5,S1,H3,grapple_skidder,34,666.4729293222684,21.626431321661887,2.3735686783381134,53.24,0,0,24.0,0.9011013050692452,2.373568678338114,1,0.0
5,S1,H4,processor,34,409.650504,24.0,0.0,53.24,0,0,24.0,1.0,0.0,0,0.0
6,S1,H1,feller_buncher,34,1220.906942,24.0,0.0,55.4,0,0,24.0,1.0,0.0,0,0.0
6,S1,H2,feller_buncher,34,1164.04956,24.0,0.0,54.92,0,0,24.0,1.0,0.0,0,0.0
6,S1,H3,grapple_skidder,34,678.968019,24.0,0.0,53.24,0,0,24.0,1.0,0.0,0,0.0
6,S1,H4,processor,34,459.91238145546055,22.932112266543847,1.0678877334561534,53.24,0,0,24.0,0.9555046777726602,1.0678877334561552,1,0.0
7,S1,H1,feller_buncher,34,1176.844281,24.0,0.0,53.48,0,0,24.0,1.0,0.0,0,0.0
7,S1,H2,feller_buncher,34,1220.906942,24.0,0.0,54.68,0,0,24.0,1.0,0.0,0,0.0
7,S1,H3,grapple_skidder,34,778.104169,24.0,0.0,53.72,0,0,24.0,1.0,0.0,0,0.0
7,S1,H4,processor,34,547.23705,24.0,0.0,53.24,0,0,24.0,1.0,0.0,0,0.0
7,S1,H7,loader,34,451.958924,24.0,0.0,54.68,0,0,24.0,1.0,0.0,0,0.0
8,S1,H1,feller_buncher,34,674.603847,24.0,0.0,53.24,0,0,24.0,1.0,0.0,0,0.0
8,S1,H2,feller_buncher,34,1220.906942,24.0,0.0,0.0,0,0,24.0,1.0,0.0,0,0.0
8,S1,H3,grapple_skidder,34,678.968019,24.0,0.0,53.72,0,0,24.0,1.0,0.0,0,0.0
8,S1,H4,processor,34,469.046841,24.0,0.0,53.72,0,0,24.0,1.0,0.0,0,0.0
8,S1,H5,processor,34,469.046841,24.0,0.0,54.2,0,0,24.0,1.0,0.0,0,0.0
8,S1,H7,loader,34,485.857474,24.0,0.0,53.24,0,0,24.0,1.0,0.0,0,0.0
9,S1,H1,feller_buncher,34,836.2962474999999,24.0,0.0,53.96,0,0,24.0,1.0,0.0,0,0.3
9,S1,H2,feller_buncher,34,583.8965044051179,20.819746637939854,3.180253362060146,55.16,0,0,24.0,0.8674894432474939,3.1802533620601454,1,0.3
9,S1,H3,grapple_skidder,34,932.6584309,24.0,0.0,55.4,0,0,24.0,1.0,0.0,0,0.3
9,S1,H4,processor,34,383.06593499999997,24.0,0.0,53.72,0,0,24.0,1.0,0.0,0,0.3
9,S1,H7,loader,34,332.3191473,24.0,0.0,53.72,0,0,24.0,1.0,0.0,0,0.3
9,S1,H8,loader,34,332.3191473,24.0,0.0,0.0,0,0,24.0,1.0,0.0,0,0.3
10,S1,H1,feller_buncher,34,841.1072078812653,20.99369868105623,3.0063013189437697,55.4,0,0,24.0,0.8747374450440096,3.006301318943768,1,0.0
10,S1,H2,feller_buncher,34,860.013242,24.0,0.0,53.72,0,0,24.0,1.0,0.0,0,0.0
10,S1,H3,grapple_skidder,34,1480.641393,24.0,0.0,53.24,0,0,24.0,1.0,0.0,0,0.0
10,S1,H4,processor,34,531.895933,24.0,0.0,55.4,0,0,24.0,1.0,0.0,0,0.0
10,S1,H5,processor,34,400.76249789999997,24.0,0.0,54.68,1,0,24.0,1.0,0.0,0,0.0
10,S1,H7,loader,34,444.4455109999999,24.0,0.0,53.72,1,0,24.0,1.0,0.0,0,0.0
11,S1,H1,feller_buncher,34,602.0092694,24.0,0.0,53.72,0,0,24.0,1.0,0.0,0,0.3
11,S1,H2,feller_buncher,34,854.6348594,24.0,0.0,54.44,0,0,24.0,1.0,0.0,0,0.3
11,S1,H3,grapple_skidder,34,815.3097511999999,24.0,0.0,53.72,0,0,24.0,1.0,0.0,0,0.3
11,S1,H4,processor,34,398.8783582,24.0,0.0,53.24,0,0,24.0,1.0,0.0,0,0.3
11,S1,H5,processor,34,398.8783582,24.0,0.0,53.24,0,0,24.0,1.0,0.0,0,0.3
11,S1,H7,loader,34,561.6879478,24.0,0.0,55.4,0,0,24.0,1.0,0.0,0,0.3
12,S1,H1,feller_buncher,34,1013.0077249999999,24.0,0.0,54.44,0,0,24.0,1.0,0.0,0,0.0
12,S1,H2,feller_buncher,34,888.796776,24.0,0.0,54.92,0,0,24.0,1.0,0.0,0,0.0
12,S1,H3,grapple_skidder,34,678.968019,24.0,0.0,54.92,0,0,24.0,1.0,0.0,0,0.0
12,S1,H4,processor,34,517.165642,24.0,0.0,53.72,0,0,24.0,1.0,0.0,0,0.0
12,S1,H5,processor,34,428.54104119999977,24.0,0.0,53.72,1,0,24.0,1.0,0.0,0,0.0
12,S1,H7,loader,34,797.7567164,24.0,0.0,53.24,1,0,24.0,1.0,0.0,0,0.0
13,S1,H1,feller_buncher,34,413.7565330000002,24.0,0.0,55.16,0,0,24.0,1.0,0.0,0,0.0
13,S1,H2,feller_buncher,34,680.207863,24.0,0.0,53.96,0,0,24.0,1.0,0.0,0,0.0
13,S1,H3,grapple_skidder,34,1332.369187,24.0,0.0,55.4,0,0,24.0,1.0,0.0,0,0.0
13,S1,H4,processor,34,547.23705,24.0,0.0,54.92,0,0,24.0,1.0,0.0,0,0.0
13,S1,H7,loader,34,687.364703,24.0,0.0,53.72,0,0,24.0,1.0,0.0,0,0.0
13,S1,H8,loader,34,605.3085612,24.0,0.0,54.2,1,0,24.0,1.0,0.0,0,0.0
14,S1,H1,feller_buncher,34,1164.04956,24.0,0.0,53.48,0,0,24.0,1.0,0.0,0,0.0
14,S1,H2,feller_buncher,34,1176.844281,24.0,0.0,53.48,0,0,24.0,1.0,0.0,0,0.0
14,S1,H3,grapple_skidder,34,678.968019,24.0,0.0,55.4,0,0,24.0,1.0,0.0,0,0.0
14,S1,H4,processor,34,531.895933,24.0,0.0,55.4,0,0,24.0,1.0,0.0,0,0.0
14,S1,H5,processor,34,531.895933,24.0,0.0,53.48,0,0,24.0,1.0,0.0,0,0.0
14,S1,H6,processor,34,268.577321,24.0,0.0,0.0,1,0,24.0,1.0,0.0,0,0.0
14,S1,H7,loader,34,485.857474,24.0,0.0,54.92,0,0,24.0,1.0,0.0,0,0.0
15,S1,H1,feller_buncher,34,787.363583,24.0,0.0,54.44,0,0,24.0,1.0,0.0,0,0.0
15,S1,H2,feller_buncher,34,1176.844281,24.0,0.0,0.0,0,0,24.0,1.0,0.0,0,0.0
15,S1,H3,grapple_skidder,34,739.620424,24.0,0.0,53.24,0,0,24.0,1.0,0.0,0,0.0
15,S1,H4,processor,34,458.3715652691386,20.102654903317177,3.897345096682823,55.4,0,0,24.0,0.837610620971549,3.8973450966828236,1,0.0
15,S1,H7,loader,34,471.37988189131283,24.0,0.0,55.4,0,0,24.0,1.0,0.0,0,0.0
15,S1,H8,loader,34,471.37988189131283,24.0,0.0,53.48,0,0,24.0,1.0,0.0,0,0.0
16,S1,H1,feller_buncher,34,1194.708925,24.0,0.0,53.48,0,0,24.0,1.0,0.0,0,0.0
16,S1,H2,feller_buncher,34,111.30773800000088,24.0,0.0,0.0,0,0,24.0,1.0,0.0,0,0.0
16,S1,H3,grapple_skidder,34,674.603847,24.0,0.0,54.44,0,0,24.0,1.0,0.0,0,0.0
16,S1,H4,processor,34,481.329283,24.0,0.0,53.24,0,0,24.0,1.0,0.0,0,0.0
16,S1,H5,processor,34,464.8516888668078,24.0,0.0,55.16,1,0,24.0,1.0,0.0,0,0.0
16,S1,H7,loader,34,485.857474,24.0,0.0,55.4,0,0,24.0,1.0,0.0,0,0.0
17,S1,H1,feller_buncher,34,1194.708925,24.0,0.0,0.0,0,0,24.0,1.0,0.0,0,0.0
17,S1,H2,feller_buncher,34,1164.04956,24.0,0.0,54.2,0,0,24.0,1.0,0.0,0,0.0
17,S1,H3,grapple_skidder,34,1164.728216,24.0,0.0,53.24,0,0,24.0,1.0,0.0,0,0.0
17,S1,H4,processor,34,456.082335,24.0,0.0,54.44,0,0,24.0,1.0,0.0,0,0.0
17,S1,H5,processor,34,218.52151199999997,24.0,0.0,54.44,0,0,24.0,1.0,0.0,0,0.0
17,S1,H7,loader,34,451.958924,24.0,0.0,53.24,0,0,24.0,1.0,0.0,0,0.0
17,S1,H8,loader,34,451.958924,24.0,0.0,55.16,0,0,24.0,1.0,0.0,0,0.0
18,S1,H1,feller_buncher,34,140.55055100000027,24.0,0.0,0.0,0,0,24.0,1.0,0.0,0,0.0
18,S1,H2,feller_buncher,34,1164.04956,24.0,0.0,0.0,0,0,24.0,1.0,0.0,0,0.0
18,S1,H3,grapple_skidder,34,739.620424,24.0,0.0,54.68,0,0,24.0,1.0,0.0,0,0.0
18,S1,H4,processor,34,517.165642,24.0,0.0,53.24,0,0,24.0,1.0,0.0,0,0.0
18,S1,H5,processor,34,517.165642,24.0,0.0,53.24,0,0,24.0,1.0,0.0,0,0.0
18,S1,H7,loader,34,674.603847,24.0,0.0,54.44,0,0,24.0,1.0,0.0,0,0.0
19,S1,H1,feller_buncher,34,502.7667789999996,24.0,0.0,54.92,0,0,24.0,1.0,0.0,0,0.0
19,S1,H2,feller_buncher,34,177.36652510950796,24.0,0.0,53.24,0,0,24.0,1.0,0.0,0,0.0
19,S1,H3,grapple_skidder,34,1164.728216,24.0,0.0,54.68,0,0,24.0,1.0,0.0,0,0.0
19,S1,H4,processor,34,481.329283,24.0,0.0,54.68,0,0,24.0,1.0,0.0,0,0.0
19,S1,H7,loader,34,687.364703,24.0,0.0,53.24,0,0,24.0,1.0,0.0,0,0.0
20,S1,H1,feller_buncher,34,59.00278800000001,24.0,0.0,53.24,0,0,24.0,1.0,0.0,0,0.0
20,S1,H2,feller_buncher,34,486.3476200000001,24.0,0.0,54.68,0,0,24.0,1.0,0.0,0,0.0
20,S1,H3,grapple_skidder,34,678.968019,24.0,0.0,54.92,0,0,24.0,1.0,0.0,0,0.0
20,S1,H4,processor,34,517.165642,24.0,0.0,54.68,0,0,24.0,1.0,0.0,0,0.0
20,S1,H5,processor,34,517.165642,24.0,0.0,0.0,0,0,24.0,1.0,0.0,0,0.0
20,S1,H6,processor,34,260.79386399999976,24.0,0.0,53.48,1,0,24.0,1.0,0.0,0,0.0
20,S1,H7,loader,34,381.36823777317466,20.251481319475374,3.748518680524626,54.68,0,0,24.0,0.8438117216448072,3.7485186805246253,1,0.0
21,S1,H1,feller_buncher,34,576.960683,24.0,0.0,53.24,0,0,24.0,1.0,0.0,0,0.0
21,S1,H2,feller_buncher,34,303.2272982776647,19.9437827099275,4.0562172900724995,53.72,0,0,24.0,0.8309909462469792,4.056217290072499,1,0.0
21,S1,H3,grapple_skidder,34,1273.711203,24.0,0.0,55.16,0,0,24.0,1.0,0.0,0,0.0
21,S1,H4,processor,34,547.23705,24.0,0.0,54.92,0,0,24.0,1.0,0.0,0,0.0
21,S1,H5,processor,34,547.23705,24.0,0.0,54.92,0,0,24.0,1.0,0.0,0,0.0
21,S1,H7,loader,34,687.364703,24.0,0.0,54.68,0,0,24.0,1.0,0.0,0,0.0
21,S1,H8,loader,34,687.364703,24.0,0.0,54.68,0,0,24.0,1.0,0.0,0,0.0
22,S1,H3,grapple_skidder,34,544.6729182999999,24.0,0.0,54.44,0,0,24.0,1.0,0.0,0,0.3
22,S1,H4,processor,34,308.8854237,24.0,0.0,55.16,0,0,24.0,1.0,0.0,0,0.3
22,S1,H5,processor,34,308.8854237,24.0,0.0,55.16,0,0,24.0,1.0,0.0,0,0.3
22,S1,H6,processor,34,273.8269947,24.0,0.0,53.24,0,0,24.0,1.0,0.0,0,0.3
22,S1,H7,loader,34,340.1002318,24.0,0.0,54.92,0,0,24.0,1.0,0.0,0,0.3
22,S1,H8,loader,34,340.1002318,24.0,0.0,54.92,0,0,24.0,1.0,0.0,0,0.3
23,S1,H3,grapple_skidder,34,678.968019,24.0,0.0,53.72,0,0,24.0,1.0,0.0,0,0.0
23,S1,H4,processor,34,469.046841,24.0,0.0,54.44,0,0,24.0,1.0,0.0,0,0.0
23,S1,H7,loader,34,733.483855,24.0,0.0,55.16,0,0,24.0,1.0,0.0,0,0.0
23,S1,H8,loader,34,158.11398710000003,24.0,0.0,55.16,1,0,24.0,1.0,0.0,0,0.0
24,S1,H3,grapple_skidder,34,1480.641393,24.0,0.0,55.64,0,0,24.0,1.0,0.0,0,0.0
24,S1,H4,processor,34,547.23705,24.0,0.0,53.72,0,0,24.0,1.0,0.0,0,0.0
24,S1,H7,loader,34,474.741639,24.0,0.0,54.44,0,0,24.0,1.0,0.0,0,0.0
25,S1,H3,grapple_skidder,34,1332.369187,24.0,0.0,53.24,0,0,24.0,1.0,0.0,0,0.0
25,S1,H4,processor,34,471.0294933835449,19.838868983901556,4.1611310160984445,55.64,0,0,24.0,0.8266195409958982,4.161131016098446,1,0.0
25,S1,H5,processor,34,569.826226,24.0,0.0,53.48,0,0,24.0,1.0,0.0,0,0.0
25,S1,H6,processor,34,489.20430394562845,20.604357537406646,3.3956424625933543,53.48,0,0,24.0,0.8585148973919435,3.3956424625933543,1,0.0
25,S1,H7,loader,34,485.857474,24.0,0.0,53.72,0,0,24.0,1.0,0.0,0,0.0
26,S1,H3,grapple_skidder,34,678.968019,24.0,0.0,55.4,0,0,24.0,1.0,0.0,0,0.0
26,S1,H4,processor,34,217.20227024866858,24.0,0.0,53.24,0,0,24.0,1.0,0.0,0,0.0
26,S1,H5,processor,34,217.20227024866858,24.0,0.0,53.24,0,0,24.0,1.0,0.0,0,0.0
26,S1,H7,loader,34,937.184825,24.0,0.0,55.64,0,0,24.0,1.0,0.0,0,0.0
26,S1,H8,loader,34,592.8751983291734,24.0,0.0,53.48,1,0,24.0,1.0,0.0,0,0.0
27,S1,H3,grapple_skidder,34,654.600374964115,24.0,0.0,53.24,1,0,24.0,1.0,0.0,0,0.0
27,S1,H4,processor,34,547.23705,24.0,0.0,55.4,0,0,24.0,1.0,0.0,0,0.0
27,S1,H7,loader,34,459.8360860006434,24.0,0.0,53.24,0,0,24.0,1.0,0.0,0,0.0
28,S1,H3,grapple_skidder,34,1009.8811952549436,24.0,0.0,55.4,0,0,24.0,1.0,0.0,0,0.0
28,S1,H4,processor,34,481.329283,24.0,0.0,53.24,0,0,24.0,1.0,0.0,0,0.0
28,S1,H5,processor,34,431.5622329641149,24.0,0.0,55.16,1,0,24.0,1.0,0.0,0,0.0
28,S1,H7,loader,34,485.857474,24.0,0.0,55.4,0,0,24.0,1.0,0.0,0,0.0
28,S1,H8,loader,34,389.3751583989854,19.234043524409483,4.765956475590517,55.64,0,0,24.0,0.8014184801837284,4.765956475590518,1,0.0
29,S1,H3,grapple_skidder,34,778.104169,24.0,0.0,54.92,0,0,24.0,1.0,0.0,0,0.0
29,S1,H4,processor,34,569.826226,24.0,0.0,55.4,0,0,24.0,1.0,0.0,0,0.0
29,S1,H5,processor,34,569.826226,24.0,0.0,55.4,0,0,24.0,1.0,0.0,0,0.0
29,S1,H7,loader,34,451.958924,24.0,0.0,53.24,0,0,24.0,1.0,0.0,0,0.0
29,S1,H8,loader,34,451.958924,24.0,0.0,53.24,0,0,24.0,1.0,0.0,0,0.0
30,S1,H3,grapple_skidder,34,678.968019,24.0,0.0,53.72,0,0,24.0,1.0,0.0,0,0.0
30,S1,H4,processor,34,469.046841,24.0,0.0,54.92,0,0,24.0,1.0,0.0,0,0.0
30,S1,H5,processor,34,469.046841,24.0,0.0,54.92,0,0,24.0,1.0,0.0,0,0.0
30,S1,H7,loader,34,937.184825,24.0,0.0,55.4,0,0,24.0,1.0,0.0,0,0.0
31,S1,H3,grapple_skidder,34,923.199854,24.0,0.0,53.96,0,0,24.0,1.0,0.0,0,0.0
31,S1,H4,processor,34,547.23705,24.0,0.0,53.72,0,0,24.0,1.0,0.0,0,0.0
31,S1,H7,loader,34,474.741639,24.0,0.0,54.92,0,0,24.0,1.0,0.0,0,0.0
31,S1,H8,loader,34,474.741639,24.0,0.0,53.48,0,0,24.0,1.0,0.0,0,0.0
32,S1,H3,grapple_skidder,34,778.104169,24.0,0.0,53.24,0,0,24.0,1.0,0.0,0,0.0
32,S1,H4,processor,34,395.784917,24.0,0.0,53.96,0,0,24.0,1.0,0.0,0,0.0
32,S1,H5,processor,34,395.784917,24.0,0.0,53.24,0,0,24.0,1.0,0.0,0,0.0
32,S1,H7,loader,34,485.857474,24.0,0.0,53.72,0,0,24.0,1.0,0.0,0,0.0
33,S1,H3,grapple_skidder,34,0.0,24.0,0.0,53.48,1,0,24.0,1.0,0.0,0,0.0
33,S1,H4,processor,34,469.046841,24.0,0.0,53.24,0,0,24.0,1.0,0.0,0,0.0
33,S1,H5,processor,34,373.7617073,24.0,0.0,53.24,1,0,24.0,1.0,0.0,0,0.0
33,S1,H7,loader,34,456.725789,24.0,0.0,53.96,0,0,24.0,1.0,0.0,0,0.0
34,S1,H3,grapple_skidder,34,21.854236967624956,24.0,0.0,53.24,1,0,24.0,1.0,0.0,0,0.3
34,S1,H4,processor,34,0.0,24.0,0.0,53.48,1,0,24.0,1.0,0.0,0,0.3
34,S1,H7,loader,34,265.3426758707292,19.16297713399164,4.837022866008361,53.24,0,0,24.0,0.798457380582985,4.837022866008359,1,0.3
34,S1,H8,loader,34,268.1514648950193,19.365827126628716,4.634172873371284,0.0,0,0,24.0,0.8069094636095299,4.634172873371286,1,0.3
35,S1,H3,grapple_skidder,34,809.624168,24.0,0.0,53.48,0,0,24.0,1.0,0.0,0,0.0
35,S1,H4,processor,34,547.23705,24.0,0.0,53.24,0,0,24.0,1.0,0.0,0,0.0
35,S1,H5,processor,34,81.55246300000022,24.0,0.0,53.72,0,0,24.0,1.0,0.0,0,0.0
35,S1,H7,loader,34,159.15129451320854,24.0,0.0,53.48,1,0,24.0,1.0,0.0,0,0.0
35,S1,H8,loader,34,0.0,24.0,0.0,53.48,1,0,24.0,1.0,0.0,0,0.0
36,S1,H3,grapple_skidder,34,333.3306377733463,24.0,0.0,53.24,0,0,24.0,1.0,0.0,0,0.3
36,S1,H4,processor,34,286.75535279999997,24.0,0.0,53.48,0,0,24.0,1.0,0.0,0,0.3
36,S1,H5,processor,34,286.75535279999997,24.0,0.0,53.48,0,0,24.0,1.0,0.0,0,0.3
36,S1,H7,loader,34,340.1002318,24.0,0.0,53.24,0,0,24.0,1.0,0.0,0,0.3
36,S1,H8,loader,34,146.64352429999954,24.0,0.0,53.24,0,0,24.0,1.0,0.0,0,0.3
37,S1,H3,grapple_skidder,34,1332.369187,24.0,0.0,54.68,0,0,24.0,1.0,0.0,0,0.0
37,S1,H4,processor,34,333.3306377733463,24.0,0.0,53.24,1,0,24.0,1.0,0.0,0,0.0
37,S1,H7,loader,34,424.433991,24.0,0.0,53.48,0,0,24.0,1.0,0.0,0,0.0
37,S1,H8,loader,34,424.433991,24.0,0.0,53.48,0,0,24.0,1.0,0.0,0,0.0
38,S1,H3,grapple_skidder,34,477.4620719999998,24.0,0.0,53.24,0,0,24.0,1.0,0.0,0,0.0
38,S1,H4,processor,34,531.895933,24.0,0.0,54.68,0,0,24.0,1.0,0.0,0,0.0
38,S1,H5,processor,34,531.895933,24.0,0.0,54.92,0,0,24.0,1.0,0.0,0,0.0
38,S1,H6,processor,34,531.895933,24.0,0.0,53.24,0,0,24.0,1.0,0.0,0,0.0
38,S1,H7,loader,34,474.741639,24.0,0.0,53.24,0,0,24.0,1.0,0.0,0,0.0
39,S1,H3,grapple_skidder,34,159.77199800000017,24.0,0.0,53.72,0,0,24.0,1.0,0.0,0,0.0
39,S1,H4,processor,34,569.826226,24.0,0.0,53.24,0,0,24.0,1.0,0.0,0,0.0
39,S1,H5,processor,34,360.77644299999906,24.0,0.0,53.24,0,0,24.0,1.0,0.0,0,0.0
39,S1,H7,loader,34,802.411354,24.0,0.0,54.68,0,0,24.0,1.0,0.0,0,0.0
39,S1,H8,loader,34,802.411354,24.0,0.0,54.92,0,0,24.0,1.0,0.0,0,0.0
40,S1,H3,grapple_skidder,34,567.1587449999993,24.0,0.0,53.48,0,0,24.0,1.0,0.0,0,0.0
40,S1,H4,processor,34,159.77199800000017,24.0,0.0,53.72,1,0,24.0,1.0,0.0,0,0.0
40,S1,H7,loader,34,937.184825,24.0,0.0,53.24,0,0,24.0,1.0,0.0,0,0.0
40,S1,H8,loader,34,195.88547099999892,24.0,0.0,53.24,1,0,24.0,1.0,0.0,0,0.0
41,S1,H3,grapple_skidder,34,576.960683,24.0,0.0,54.2,0,0,24.0,1.0,0.0,0,0.0
41,S1,H4,processor,34,531.895933,24.0,0.0,53.48,0,0,24.0,1.0,0.0,0,0.0
41,S1,H5,processor,34,45.780229999999165,24.0,0.0,53.24,0,0,24.0,1.0,0.0,0,0.0
41,S1,H7,loader,34,427.1343210000002,24.0,0.0,53.72,1,0,24.0,1.0,0.0,0,0.0
41,S1,H8,loader,34,0.0,24.0,0.0,53.72,1,0,24.0,1.0,0.0,0,0.0
42,S1,H3,grapple_skidder,34,983.4351612776647,24.0,0.0,53.24,1,0,24.0,1.0,0.0,0,0.0
42,S1,H4,processor,34,428.751305,24.0,0.0,54.2,0,0,24.0,1.0,0.0,0,0.0
42,S1,H5,processor,34,148.20937800000002,24.0,0.0,54.2,0,0,24.0,1.0,0.0,0,0.0
42,S1,H7,loader,34,802.411354,24.0,0.0,53.48,0,0,24.0,1.0,0.0,0,0.0
42,S1,H8,loader,34,279.7560149999998,24.0,0.0,53.48,0,0,24.0,1.0,0.0,0,0.0
1,S1,H1,feller_buncher,35,1176.844281,24.0,0.0,0.0,0,0,24.0,1.0,0.0,0,0.0
1,S1,H2,feller_buncher,35,1299.478592,24.0,0.0,0.0,0,0,24.0,1.0,0.0,0,0.0
2,S1,H1,feller_buncher,35,1164.04956,24.0,0.0,54.2,0,0,24.0,1.0,0.0,0,0.0
2,S1,H2,feller_buncher,35,1299.478592,24.0,0.0,0.0,0,0,24.0,1.0,0.0,0,0.0
2,S1,H3,grapple_skidder,35,1164.728216,24.0,0.0,0.0,0,0,24.0,1.0,0.0,0,0.0
3,S1,H1,feller_buncher,35,888.796776,24.0,0.0,53.24,0,0,24.0,1.0,0.0,0,0.0
3,S1,H2,feller_buncher,35,1299.478592,24.0,0.0,0.0,0,0,24.0,1.0,0.0,0,0.0
3,S1,H3,grapple_skidder,35,778.104169,24.0,0.0,54.2,0,0,24.0,1.0,0.0,0,0.0
3,S1,H4,processor,35,517.165642,24.0,0.0,0.0,0,0,24.0,1.0,0.0,0,0.0
3,S1,H5,processor,35,517.165642,24.0,0.0,0.0,0,0,24.0,1.0,0.0,0,0.0
4,S1,H1,feller_buncher,35,961.553907,24.0,0.0,53.24,0,0,24.0,1.0,0.0,0,0.0
4,S1,H2,feller_buncher,35,671.8829806683768,24.0,0.0,0.0,0,0,24.0,1.0,0.0,0,0.0
4,S1,H3,grapple_skidder,35,809.624168,24.0,0.0,53.24,0,0,24.0,1.0,0.0,0,0.0
4,S1,H4,processor,35,469.046841,24.0,0.0,54.2,0,0,24.0,1.0,0.0,0,0.0
4,S1,H7,loader,35,687.364703,24.0,0.0,0.0,0,0,24.0,1.0,0.0,0,0.0
5,S1,H1,feller_buncher,35,356.0085949999998,24.0,0.0,53.24,0,0,24.0,1.0,0.0,0,0.0
5,S1,H2,feller_buncher,35,1194.708925,24.0,0.0,55.64,0,0,24.0,1.0,0.0,0,0.0
5,S1,H3,grapple_skidder,35,739.620424,24.0,0.0,53.24,0,0,24.0,1.0,0.0,0,0.0
5,S1,H4,processor,35,409.650504,24.0,0.0,53.24,0,0,24.0,1.0,0.0,0,0.0
6,S1,H1,feller_buncher,35,1220.906942,24.0,0.0,55.4,0,0,24.0,1.0,0.0,0,0.0
6,S1,H2,feller_buncher,35,1164.04956,24.0,0.0,54.92,0,0,24.0,1.0,0.0,0,0.0
6,S1,H3,grapple_skidder,35,678.968019,24.0,0.0,53.24,0,0,24.0,1.0,0.0,0,0.0
6,S1,H4,processor,35,481.329283,24.0,0.0,53.24,0,0,24.0,1.0,0.0,0,0.0
7,S1,H1,feller_buncher,35,1176.844281,24.0,0.0,53.48,0,0,24.0,1.0,0.0,0,0.0
7,S1,H2,feller_buncher,35,1220.906942,24.0,0.0,54.68,0,0,24.0,1.0,0.0,0,0.0
7,S1,H3,grapple_skidder,35,778.104169,24.0,0.0,53.72,0,0,24.0,1.0,0.0,0,0.0
7,S1,H4,processor,35,547.23705,24.0,0.0,53.24,0,0,24.0,1.0,0.0,0,0.0
7,S1,H7,loader,35,451.958924,24.0,0.0,54.68,0,0,24.0,1.0,0.0,0,0.0
8,S1,H1,feller_buncher,35,674.603847,24.0,0.0,53.24,0,0,24.0,1.0,0.0,0,0.0
8,S1,H2,feller_buncher,35,1220.906942,24.0,0.0,0.0,0,0,24.0,1.0,0.0,0,0.0
8,S1,H3,grapple_skidder,35,678.968019,24.0,0.0,53.72,0,0,24.0,1.0,0.0,0,0.0
8,S1,H4,processor,35,469.046841,24.0,0.0,53.72,0,0,24.0,1.0,0.0,0,0.0
8,S1,H5,processor,35,469.046841,24.0,0.0,54.2,0,0,24.0,1.0,0.0,0,0.0
8,S1,H7,loader,35,485.857474,24.0,0.0,53.24,0,0,24.0,1.0,0.0,0,0.0
9,S1,H1,feller_buncher,35,1194.708925,24.0,0.0,53.96,0,0,24.0,1.0,0.0,0,0.0
9,S1,H2,feller_buncher,35,961.553907,24.0,0.0,55.16,0,0,24.0,1.0,0.0,0,0.0
9,S1,H3,grapple_skidder,35,1332.369187,24.0,0.0,55.4,0,0,24.0,1.0,0.0,0,0.0
9,S1,H4,processor,35,547.23705,24.0,0.0,53.72,0,0,24.0,1.0,0.0,0,0.0
9,S1,H7,loader,35,474.741639,24.0,0.0,53.72,0,0,24.0,1.0,0.0,0,0.0
9,S1,H8,loader,35,474.741639,24.0,0.0,0.0,0,0,24.0,1.0,0.0,0,0.0
10,S1,H1,feller_buncher,35,961.553907,24.0,0.0,55.4,0,0,24.0,1.0,0.0,0,0.0
10,S1,H2,feller_buncher,35,860.013242,24.0,0.0,53.72,0,0,24.0,1.0,0.0,0,0.0
10,S1,H3,grapple_skidder,35,1480.641393,24.0,0.0,53.24,0,0,24.0,1.0,0.0,0,0.0
10,S1,H4,processor,35,531.895933,24.0,0.0,55.4,0,0,24.0,1.0,0.0,0,0.0
10,S1,H5,processor,35,531.895933,24.0,0.0,54.68,0,0,24.0,1.0,0.0,0,0.0
10,S1,H7,loader,35,485.857474,24.0,0.0,53.72,0,0,24.0,1.0,0.0,0,0.0
11,S1,H1,feller_buncher,35,860.013242,24.0,0.0,53.72,0,0,24.0,1.0,0.0,0,0.0
11,S1,H2,feller_buncher,35,1220.906942,24.0,0.0,54.44,0,0,24.0,1.0,0.0,0,0.0
11,S1,H3,grapple_skidder,35,1164.728216,24.0,0.0,53.72,0,0,24.0,1.0,0.0,0,0.0
11,S1,H4,processor,35,569.826226,24.0,0.0,53.24,0,0,24.0,1.0,0.0,0,0.0
11,S1,H5,processor,35,569.826226,24.0,0.0,53.24,0,0,24.0,1.0,0.0,0,0.0
11,S1,H7,loader,35,802.411354,24.0,0.0,55.4,0,0,24.0,1.0,0.0,0,0.0
12,S1,H1,feller_buncher,35,1013.0077249999999,24.0,0.0,54.44,0,0,24.0,1.0,0.0,0,0.0
12,S1,H2,feller_buncher,35,888.796776,24.0,0.0,54.92,0,0,24.0,1.0,0.0,0,0.0
12,S1,H3,grapple_skidder,35,551.2887260026266,19.486822727747708,4.5131772722522925,54.92,0,0,24.0,0.8119509469894878,4.513177272252291,1,0.0
12,S1,H4,processor,35,517.165642,24.0,0.0,53.72,0,0,24.0,1.0,0.0,0,0.0
12,S1,H5,processor,35,517.165642,24.0,0.0,53.72,0,0,24.0,1.0,0.0,0,0.0
12,S1,H7,loader,35,937.184825,24.0,0.0,53.24,0,0,24.0,1.0,0.0,0,0.0
13,S1,H1,feller_buncher,35,413.7565330000002,24.0,0.0,55.16,0,0,24.0,1.0,0.0,0,0.0
13,S1,H2,feller_buncher,35,680.207863,24.0,0.0,53.96,0,0,24.0,1.0,0.0,0,0.0
13,S1,H3,grapple_skidder,35,1332.369187,24.0,0.0,55.4,0,0,24.0,1.0,0.0,0,0.0
13,S1,H4,processor,35,547.23705,24.0,0.0,54.92,0,0,24.0,1.0,0.0,0,0.0
13,S1,H7,loader,35,687.364703,24.0,0.0,53.72,0,0,24.0,1.0,0.0,0,0.0
13,S1,H8,loader,35,687.364703,24.0,0.0,54.2,0,0,24.0,1.0,0.0,0,0.0
14,S1,H1,feller_buncher,35,1164.04956,24.0,0.0,53.48,0,0,24.0,1.0,0.0,0,0.0
14,S1,H2,feller_buncher,35,1016.9578497767088,20.739352511363407,3.260647488636593,53.48,0,0,24.0,0.8641396879734753,3.260647488636594,1,0.0
14,S1,H3,grapple_skidder,35,678.968019,24.0,0.0,55.4,0,0,24.0,1.0,0.0,0,0.0
14,S1,H4,processor,35,531.895933,24.0,0.0,55.4,0,0,24.0,1.0,0.0,0,0.0
14,S1,H5,processor,35,531.895933,24.0,0.0,53.48,0,0,24.0,1.0,0.0,0,0.0
14,S1,H6,processor,35,531.895933,24.0,0.0,0.0,0,0,24.0,1.0,0.0,0,0.0
14,S1,H7,loader,35,485.857474,24.0,0.0,54.92,0,0,24.0,1.0,0.0,0,0.0
15,S1,H1,feller_buncher,35,787.363583,24.0,0.0,54.44,0,0,24.0,1.0,0.0,0,0.0
15,S1,H2,feller_buncher,35,627.6993530780647,24.0,0.0,0.0,0,0,24.0,1.0,0.0,0,0.0
15,S1,H3,grapple_skidder,35,739.620424,24.0,0.0,53.24,0,0,24.0,1.0,0.0,0,0.0
15,S1,H4,processor,35,547.23705,24.0,0.0,55.4,0,0,24.0,1.0,0.0,0,0.0
15,S1,H7,loader,35,802.411354,24.0,0.0,55.4,0,0,24.0,1.0,0.0,0,0.0
15,S1,H8,loader,35,802.411354,24.0,0.0,53.48,0,0,24.0,1.0,0.0,0,0.0
16,S1,H1,feller_buncher,35,1194.708925,24.0,0.0,53.48,0,0,24.0,1.0,0.0,0,0.0
16,S1,H2,feller_buncher,35,111.30773800000088,24.0,0.0,0.0,0,0,24.0,1.0,0.0,0,0.0
16,S1,H3,grapple_skidder,35,674.603847,24.0,0.0,54.44,0,0,24.0,1.0,0.0,0,0.0
16,S1,H4,processor,35,481.329283,24.0,0.0,53.24,0,0,24.0,1.0,0.0,0,0.0
16,S1,H5,processor,35,481.329283,24.0,0.0,55.16,0,0,24.0,1.0,0.0,0,0.0
16,S1,H7,loader,35,485.857474,24.0,0.0,55.4,0,0,24.0,1.0,0.0,0,0.0
17,S1,H1,feller_buncher,35,1194.708925,24.0,0.0,0.0,0,0,24.0,1.0,0.0,0,0.0
17,S1,H2,feller_buncher,35,1164.04956,24.0,0.0,54.2,0,0,24.0,1.0,0.0,0,0.0
17,S1,H3,grapple_skidder,35,1164.728216,24.0,0.0,53.24,0,0,24.0,1.0,0.0,0,0.0
17,S1,H4,processor,35,456.082335,24.0,0.0,54.44,0,0,24.0,1.0,0.0,0,0.0
17,S1,H5,processor,35,218.52151199999997,24.0,0.0,54.44,0,0,24.0,1.0,0.0,0,0.0
17,S1,H7,loader,35,451.958924,24.0,0.0,53.24,0,0,24.0,1.0,0.0,0,0.0
17,S1,H8,loader,35,451.958924,24.0,0.0,55.16,0,0,24.0,1.0,0.0,0,0.0
18,S1,H1,feller_buncher,35,140.55055100000027,24.0,0.0,0.0,0,0,24.0,1.0,0.0,0,0.0
18,S1,H2,feller_buncher,35,1164.04956,24.0,0.0,0.0,0,0,24.0,1.0,0.0,0,0.0
18,S1,H3,grapple_skidder,35,739.620424,24.0,0.0,54.68,0,0,24.0,1.0,0.0,0,0.0
18,S1,H4,processor,35,517.165642,24.0,0.0,53.24,0,0,24.0,1.0,0.0,0,0.0
18,S1,H5,processor,35,517.165642,24.0,0.0,53.24,0,0,24.0,1.0,0.0,0,0.0
18,S1,H7,loader,35,674.603847,24.0,0.0,54.44,0,0,24.0,1.0,0.0,0,0.0
19,S1,H1,feller_buncher,35,502.7667789999996,24.0,0.0,54.92,0,0,24.0,1.0,0.0,0,0.0
19,S1,H2,feller_buncher,35,218.59210490128967,20.480038450142867,3.5199615498571326,53.24,0,0,24.0,0.8533349354226195,3.519961549857133,1,0.0
19,S1,H3,grapple_skidder,35,615.4688548547742,24.0,0.0,54.68,1,0,24.0,1.0,0.0,0,0.0
19,S1,H4,processor,35,481.329283,24.0,0.0,54.68,0,0,24.0,1.0,0.0,0,0.0
19,S1,H7,loader,35,687.364703,24.0,0.0,53.24,0,0,24.0,1.0,0.0,0,0.0
20,S1,H1,feller_buncher,35,59.00278800000001,24.0,0.0,53.24,0,0,24.0,1.0,0.0,0,0.0
20,S1,H2,feller_buncher,35,486.3476200000001,24.0,0.0,54.68,0,0,24.0,1.0,0.0,0,0.0
20,S1,H3,grapple_skidder,35,678.968019,24.0,0.0,54.92,0,0,24.0,1.0,0.0,0,0.0
20,S1,H4,processor,35,517.165642,24.0,0.0,54.68,0,0,24.0,1.0,0.0,0,0.0
20,S1,H5,processor,35,489.4940088547738,24.0,0.0,0.0,1,0,24.0,1.0,0.0,0,0.0
20,S1,H6,processor,35,0.0,20.76249774972037,3.237502250279629,53.48,1,0,24.0,0.8651040729050155,3.23750225027963,1,0.0
20,S1,H7,loader,35,451.958924,24.0,0.0,54.68,0,0,24.0,1.0,0.0,0,0.0
21,S1,H1,feller_buncher,35,576.960683,24.0,0.0,53.24,0,0,24.0,1.0,0.0,0,0.0
21,S1,H2,feller_buncher,35,364.89843800000006,24.0,0.0,53.72,0,0,24.0,1.0,0.0,0,0.0
21,S1,H3,grapple_skidder,35,1273.711203,24.0,0.0,55.16,0,0,24.0,1.0,0.0,0,0.0
21,S1,H4,processor,35,468.762350295076,20.558360233616902,3.4416397663830978,54.92,0,0,24.0,0.8565983430673709,3.4416397663830978,1,0.0
21,S1,H5,processor,35,547.23705,24.0,0.0,54.92,0,0,24.0,1.0,0.0,0,0.0
21,S1,H7,loader,35,687.364703,24.0,0.0,54.68,0,0,24.0,1.0,0.0,0,0.0
21,S1,H8,loader,35,672.8299878547743,24.0,0.0,54.68,1,0,24.0,1.0,0.0,0,0.0
22,S1,H3,grapple_skidder,35,778.104169,24.0,0.0,54.44,0,0,24.0,1.0,0.0,0,0.0
22,S1,H4,processor,35,441.264891,24.0,0.0,55.16,0,0,24.0,1.0,0.0,0,0.0
22,S1,H5,processor,35,441.264891,24.0,0.0,55.16,0,0,24.0,1.0,0.0,0,0.0
22,S1,H6,processor,35,391.18142100000006,24.0,0.0,53.24,0,0,24.0,1.0,0.0,0,0.0
22,S1,H7,loader,35,485.857474,24.0,0.0,54.92,0,0,24.0,1.0,0.0,0,0.0
22,S1,H8,loader,35,485.857474,24.0,0.0,54.92,0,0,24.0,1.0,0.0,0,0.0
23,S1,H3,grapple_skidder,35,451.9605346362124,24.0,0.0,53.72,0,0,24.0,1.0,0.0,0,0.0
23,S1,H4,processor,35,469.046841,24.0,0.0,54.44,0,0,24.0,1.0,0.0,0,0.0
23,S1,H7,loader,35,733.483855,24.0,0.0,55.16,0,0,24.0,1.0,0.0,0,0.0
23,S1,H8,loader,35,540.2273480000001,24.0,0.0,55.16,0,0,24.0,1.0,0.0,0,0.0
24,S1,H3,grapple_skidder,35,1480.641393,24.0,0.0,55.64,0,0,24.0,1.0,0.0,0,0.0
24,S1,H4,processor,35,514.1737363437634,24.0,0.0,53.72,1,0,24.0,1.0,0.0,0,0.0
24,S1,H7,loader,35,374.25869569491965,18.920204083210976,5.079795916789024,54.44,0,0,24.0,0.7883418368004573,5.079795916789023,1,0.0
25,S1,H3,grapple_skidder,35,1332.369187,24.0,0.0,53.24,0,0,24.0,1.0,0.0,0,0.0
25,S1,H4,processor,35,569.826226,24.0,0.0,55.64,0,0,24.0,1.0,0.0,0,0.0
25,S1,H5,processor,35,569.826226,24.0,0.0,53.48,0,0,24.0,1.0,0.0,0,0.0
25,S1,H6,processor,35,569.826226,24.0,0.0,53.48,0,0,24.0,1.0,0.0,0,0.0
25,S1,H7,loader,35,485.857474,24.0,0.0,53.72,0,0,24.0,1.0,0.0,0,0.0
26,S1,H3,grapple_skidder,35,475.2776133,24.0,0.0,55.4,0,0,24.0,1.0,0.0,0,0.3
26,S1,H4,processor,35,372.3271531,24.0,0.0,53.24,0,0,24.0,1.0,0.0,0,0.3
26,S1,H5,processor,35,372.3271531,24.0,0.0,53.24,0,0,24.0,1.0,0.0,0,0.3
26,S1,H7,loader,35,656.0293775,24.0,0.0,55.64,0,0,24.0,1.0,0.0,0,0.3
26,S1,H8,loader,35,649.4638350837484,23.759807985138533,0.24019201486146713,53.48,0,0,24.0,0.9899919993807722,0.24019201486146624,1,0.3
27,S1,H3,grapple_skidder,35,739.620424,24.0,0.0,53.24,0,0,24.0,1.0,0.0,0,0.0
27,S1,H4,processor,35,475.2776133,24.0,0.0,55.4,1,0,24.0,1.0,0.0,0,0.0
27,S1,H7,loader,35,802.411354,24.0,0.0,53.24,0,0,24.0,1.0,0.0,0,0.0
28,S1,H3,grapple_skidder,35,1480.641393,24.0,0.0,55.4,0,0,24.0,1.0,0.0,0,0.0
28,S1,H4,processor,35,481.329283,24.0,0.0,53.24,0,0,24.0,1.0,0.0,0,0.0
28,S1,H5,processor,35,481.329283,24.0,0.0,55.16,0,0,24.0,1.0,0.0,0,0.0
28,S1,H7,loader,35,359.97748471312485,24.0,0.0,55.4,0,0,24.0,1.0,0.0,0,0.0
28,S1,H8,loader,35,359.97748471312485,24.0,0.0,55.64,0,0,24.0,1.0,0.0,0,0.0
29,S1,H3,grapple_skidder,35,778.104169,24.0,0.0,54.92,0,0,24.0,1.0,0.0,0,0.0
29,S1,H4,processor,35,569.826226,24.0,0.0,55.4,0,0,24.0,1.0,0.0,0,0.0
29,S1,H5,processor,35,569.826226,24.0,0.0,55.4,0,0,24.0,1.0,0.0,0,0.0
29,S1,H7,loader,35,451.958924,24.0,0.0,53.24,0,0,24.0,1.0,0.0,0,0.0
29,S1,H8,loader,35,451.958924,24.0,0.0,53.24,0,0,24.0,1.0,0.0,0,0.0
30,S1,H3,grapple_skidder,35,678.968019,24.0,0.0,53.72,0,0,24.0,1.0,0.0,0,0.0
30,S1,H4,processor,35,469.046841,24.0,0.0,54.92,0,0,24.0,1.0,0.0,0,0.0
30,S1,H5,processor,35,399.1545972380526,20.423781798187747,3.576218201812253,54.92,0,0,24.0,0.8509909082578228,3.5762182018122517,1,0.0
30,S1,H7,loader,35,743.1470383620202,19.03096213779228,4.9690378622077205,55.4,0,0,24.0,0.7929567557413449,4.969037862207719,1,0.0
31,S1,H3,grapple_skidder,35,923.199854,24.0,0.0,53.96,0,0,24.0,1.0,0.0,0,0.0
31,S1,H4,processor,35,547.23705,24.0,0.0,53.72,0,0,24.0,1.0,0.0,0,0.0
31,S1,H7,loader,35,474.741639,24.0,0.0,54.92,0,0,24.0,1.0,0.0,0,0.0
31,S1,H8,loader,35,474.741639,24.0,0.0,53.48,0,0,24.0,1.0,0.0,0,0.0
32,S1,H3,grapple_skidder,35,544.6729182999999,24.0,0.0,53.24,0,0,24.0,1.0,0.0,0,0.3
32,S1,H4,processor,35,277.0494419,24.0,0.0,53.96,0,0,24.0,1.0,0.0,0,0.3
32,S1,H5,processor,35,277.0494419,24.0,0.0,53.24,0,0,24.0,1.0,0.0,0,0.3
32,S1,H7,loader,35,340.1002318,24.0,0.0,53.72,0,0,24.0,1.0,0.0,0,0.3
33,S1,H3,grapple_skidder,35,339.9365580000001,24.0,0.0,53.48,0,0,24.0,1.0,0.0,0,0.0
33,S1,H4,processor,35,469.046841,24.0,0.0,53.24,0,0,24.0,1.0,0.0,0,0.0
33,S1,H5,processor,35,443.6539510619473,24.0,0.0,53.24,1,0,24.0,1.0,0.0,0,0.0
33,S1,H7,loader,35,456.725789,24.0,0.0,53.96,0,0,24.0,1.0,0.0,0,0.0
34,S1,H3,grapple_skidder,35,52.96038272953831,24.0,0.0,53.24,1,0,24.0,1.0,0.0,0,0.0
34,S1,H4,processor,35,410.4425559999998,24.0,0.0,53.48,0,0,24.0,1.0,0.0,0,0.0
34,S1,H7,loader,35,474.741639,24.0,0.0,53.24,0,0,24.0,1.0,0.0,0,0.0
34,S1,H8,loader,35,474.741639,24.0,0.0,0.0,0,0,24.0,1.0,0.0,0,0.0
35,S1,H3,grapple_skidder,35,809.624168,24.0,0.0,53.48,0,0,24.0,1.0,0.0,0,0.0
35,S1,H4,processor,35,184.69135172953838,24.0,0.0,53.24,1,0,24.0,1.0,0.0,0,0.0
35,S1,H5,processor,35,0.0,24.0,0.0,53.72,1,0,24.0,1.0,0.0,0,0.0
35,S1,H7,loader,35,451.958924,24.0,0.0,53.48,0,0,24.0,1.0,0.0,0,0.0
35,S1,H8,loader,35,134.7057859999993,24.0,0.0,53.48,0,0,24.0,1.0,0.0,0,0.0
36,S1,H3,grapple_skidder,35,778.104169,24.0,0.0,53.24,0,0,24.0,1.0,0.0,0,0.0
36,S1,H4,processor,35,310.39790515526283,18.185135013836838,5.814864986163162,53.48,0,0,24.0,0.7577139589098683,5.814864986163162,1,0.0
36,S1,H5,processor,35,409.650504,24.0,0.0,53.48,0,0,24.0,1.0,0.0,0,0.0
36,S1,H7,loader,35,465.26983244212755,24.0,0.0,53.24,1,0,24.0,1.0,0.0,0,0.0
36,S1,H8,loader,35,0.0,24.0,0.0,53.24,1,0,24.0,1.0,0.0,0,0.0
37,S1,H3,grapple_skidder,35,1332.369187,24.0,0.0,54.68,0,0,24.0,1.0,0.0,0,0.0
37,S1,H4,processor,35,469.046841,24.0,0.0,53.24,0,0,24.0,1.0,0.0,0,0.0
37,S1,H7,loader,35,424.433991,24.0,0.0,53.48,0,0,24.0,1.0,0.0,0,0.0
37,S1,H8,loader,35,424.433991,24.0,0.0,53.48,0,0,24.0,1.0,0.0,0,0.0
38,S1,H3,grapple_skidder,35,477.4620719999998,24.0,0.0,53.24,0,0,24.0,1.0,0.0,0,0.0
38,S1,H4,processor,35,531.895933,24.0,0.0,54.68,0,0,24.0,1.0,0.0,0,0.0
38,S1,H5,processor,35,531.895933,24.0,0.0,54.92,0,0,24.0,1.0,0.0,0,0.0
38,S1,H6,processor,35,531.895933,24.0,0.0,53.24,0,0,24.0,1.0,0.0,0,0.0
38,S1,H7,loader,35,474.741639,24.0,0.0,53.24,0,0,24.0,1.0,0.0,0,0.0
39,S1,H3,grapple_skidder,35,0.0,24.0,0.0,53.72,1,0,24.0,1.0,0.0,0,0.3
39,S1,H4,processor,35,398.8783582,24.0,0.0,53.24,0,0,24.0,1.0,0.0,0,0.3
39,S1,H5,processor,35,206.19315289711645,19.595180519868794,4.404819480131206,53.24,0,0,24.0,0.8164658549945331,4.404819480131207,1,0.3
39,S1,H7,loader,35,561.6879478,24.0,0.0,54.68,0,0,24.0,1.0,0.0,0,0.3
39,S1,H8,loader,35,561.6879478,24.0,0.0,54.92,0,0,24.0,1.0,0.0,0,0.3
40,S1,H3,grapple_skidder,35,567.1587449999993,24.0,0.0,53.48,0,0,24.0,1.0,0.0,0,0.0
40,S1,H4,processor,35,0.0,24.0,0.0,53.72,1,0,24.0,1.0,0.0,0,0.0
40,S1,H7,loader,35,937.184825,24.0,0.0,53.24,0,0,24.0,1.0,0.0,0,0.0
40,S1,H8,loader,35,233.46212599999876,24.0,0.0,53.24,0,0,24.0,1.0,0.0,0,0.0
41,S1,H3,grapple_skidder,35,576.960683,24.0,0.0,54.2,0,0,24.0,1.0,0.0,0,0.0
41,S1,H4,processor,35,531.895933,24.0,0.0,53.48,0,0,24.0,1.0,0.0,0,0.0
41,S1,H5,processor,35,45.780229999999165,24.0,0.0,53.24,0,0,24.0,1.0,0.0,0,0.0
41,S1,H7,loader,35,0.0,18.562481315363655,5.437518684636345,53.72,1,0,24.0,0.7734367214734856,5.437518684636347,1,0.0
41,S1,H8,loader,35,0.0,24.0,0.0,53.72,1,0,24.0,1.0,0.0,0,0.0
42,S1,H3,grapple_skidder,35,1045.106301,24.0,0.0,53.24,0,0,24.0,1.0,0.0,0,0.0
42,S1,H4,processor,35,428.751305,24.0,0.0,54.2,0,0,24.0,1.0,0.0,0,0.0
42,S1,H5,processor,35,148.20937800000002,24.0,0.0,54.2,0,0,24.0,1.0,0.0,0,0.0
42,S1,H7,loader,35,802.411354,24.0,0.0,53.48,0,0,24.0,1.0,0.0,0,0.0
42,S1,H8,loader,35,279.7560149999998,24.0,0.0,53.48,0,0,24.0,1.0,0.0,0,0.0
1,S1,H1,feller_buncher,36,1176.844281,24.0,0.0,0.0,0,0,24.0,1.0,0.0,0,0.0
1,S1,H2,feller_buncher,36,1299.478592,24.0,0.0,0.0,0,0,24.0,1.0,0.0,0,0.0
2,S1,H1,feller_buncher,36,814.8346919999999,24.0,0.0,54.2,0,0,24.0,1.0,0.0,0,0.3
2,S1,H2,feller_buncher,36,909.6350143999999,24.0,0.0,0.0,0,0,24.0,1.0,0.0,0,0.3
2,S1,H3,grapple_skidder,36,815.3097511999999,24.0,0.0,0.0,0,0,24.0,1.0,0.0,0,0.3
3,S1,H1,feller_buncher,36,888.796776,24.0,0.0,53.24,0,0,24.0,1.0,0.0,0,0.0
3,S1,H2,feller_buncher,36,1299.478592,24.0,0.0,0.0,0,0,24.0,1.0,0.0,0,0.0
3,S1,H3,grapple_skidder,36,493.85680190839923,24.0,0.0,54.2,0,0,24.0,1.0,0.0,0,0.0
3,S1,H4,processor,36,517.165642,24.0,0.0,0.0,0,0,24.0,1.0,0.0,0,0.0
3,S1,H5,processor,36,298.1441091999999,24.0,0.0,0.0,1,0,24.0,1.0,0.0,0,0.0
4,S1,H1,feller_buncher,36,961.553907,24.0,0.0,53.24,0,0,24.0,1.0,0.0,0,0.0
4,S1,H2,feller_buncher,36,1299.478592,24.0,0.0,0.0,0,0,24.0,1.0,0.0,0,0.0
4,S1,H3,grapple_skidder,36,809.624168,24.0,0.0,53.24,0,0,24.0,1.0,0.0,0,0.0
4,S1,H4,processor,36,469.046841,24.0,0.0,54.2,0,0,24.0,1.0,0.0,0,0.0
4,S1,H7,loader,36,687.364703,24.0,0.0,0.0,0,0,24.0,1.0,0.0,0,0.0
5,S1,H1,feller_buncher,36,356.0085949999998,24.0,0.0,53.24,0,0,24.0,1.0,0.0,0,0.0
5,S1,H2,feller_buncher,36,1194.708925,24.0,0.0,55.64,0,0,24.0,1.0,0.0,0,0.0
5,S1,H3,grapple_skidder,36,739.620424,24.0,0.0,53.24,0,0,24.0,1.0,0.0,0,0.0
5,S1,H4,processor,36,409.650504,24.0,0.0,53.24,0,0,24.0,1.0,0.0,0,0.0
6,S1,H1,feller_buncher,36,1220.906942,24.0,0.0,55.4,0,0,24.0,1.0,0.0,0,0.0
6,S1,H2,feller_buncher,36,1164.04956,24.0,0.0,54.92,0,0,24.0,1.0,0.0,0,0.0
6,S1,H3,grapple_skidder,36,678.968019,24.0,0.0,53.24,0,0,24.0,1.0,0.0,0,0.0
6,S1,H4,processor,36,309.3179747578976,24.0,0.0,53.24,0,0,24.0,1.0,0.0,0,0.0
7,S1,H1,feller_buncher,36,1176.844281,24.0,0.0,53.48,0,0,24.0,1.0,0.0,0,0.0
7,S1,H2,feller_buncher,36,906.690498167332,24.0,0.0,54.68,0,0,24.0,1.0,0.0,0,0.0
7,S1,H3,grapple_skidder,36,778.104169,24.0,0.0,53.72,0,0,24.0,1.0,0.0,0,0.0
7,S1,H4,processor,36,547.23705,24.0,0.0,53.24,0,0,24.0,1.0,0.0,0,0.0
7,S1,H7,loader,36,309.3179747578976,24.0,0.0,54.68,1,0,24.0,1.0,0.0,0,0.0
8,S1,H1,feller_buncher,36,324.0400548950209,24.0,0.0,53.24,0,0,24.0,1.0,0.0,0,0.0
8,S1,H2,feller_buncher,36,1220.906942,24.0,0.0,0.0,0,0,24.0,1.0,0.0,0,0.0
8,S1,H3,grapple_skidder,36,678.968019,24.0,0.0,53.72,0,0,24.0,1.0,0.0,0,0.0
8,S1,H4,processor,36,469.046841,24.0,0.0,53.72,0,0,24.0,1.0,0.0,0,0.0
8,S1,H5,processor,36,333.86728890839925,24.0,0.0,54.2,1,0,24.0,1.0,0.0,0,0.0
8,S1,H7,loader,36,485.857474,24.0,0.0,53.24,0,0,24.0,1.0,0.0,0,0.0
9,S1,H1,feller_buncher,36,1194.708925,24.0,0.0,53.96,0,0,24.0,1.0,0.0,0,0.0
9,S1,H2,feller_buncher,36,961.553907,24.0,0.0,55.16,0,0,24.0,1.0,0.0,0,0.0
9,S1,H3,grapple_skidder,36,1332.369187,24.0,0.0,55.4,0,0,24.0,1.0,0.0,0,0.0
9,S1,H4,processor,36,547.23705,24.0,0.0,53.72,0,0,24.0,1.0,0.0,0,0.0
9,S1,H7,loader,36,474.741639,24.0,0.0,53.72,0,0,24.0,1.0,0.0,0,0.0
9,S1,H8,loader,36,474.741639,24.0,0.0,0.0,0,0,24.0,1.0,0.0,0,0.0
10,S1,H1,feller_buncher,36,961.553907,24.0,0.0,55.4,0,0,24.0,1.0,0.0,0,0.0
10,S1,H2,feller_buncher,36,860.013242,24.0,0.0,53.72,0,0,24.0,1.0,0.0,0,0.0
10,S1,H3,grapple_skidder,36,1480.641393,24.0,0.0,53.24,0,0,24.0,1.0,0.0,0,0.0
10,S1,H4,processor,36,531.895933,24.0,0.0,55.4,0,0,24.0,1.0,0.0,0,0.0
10,S1,H5,processor,36,531.895933,24.0,0.0,54.68,0,0,24.0,1.0,0.0,0,0.0
10,S1,H7,loader,36,485.857474,24.0,0.0,53.72,0,0,24.0,1.0,0.0,0,0.0
11,S1,H1,feller_buncher,36,860.013242,24.0,0.0,53.72,0,0,24.0,1.0,0.0,0,0.0
11,S1,H2,feller_buncher,36,1220.906942,24.0,0.0,54.44,0,0,24.0,1.0,0.0,0,0.0
11,S1,H3,grapple_skidder,36,1164.728216,24.0,0.0,53.72,0,0,24.0,1.0,0.0,0,0.0
11,S1,H4,processor,36,569.826226,24.0,0.0,53.24,0,0,24.0,1.0,0.0,0,0.0
11,S1,H5,processor,36,569.826226,24.0,0.0,53.24,0,0,24.0,1.0,0.0,0,0.0
11,S1,H7,loader,36,802.411354,24.0,0.0,55.4,0,0,24.0,1.0,0.0,0,0.0
12,S1,H1,feller_buncher,36,1013.0077249999999,24.0,0.0,54.44,0,0,24.0,1.0,0.0,0,0.0
12,S1,H2,feller_buncher,36,888.796776,24.0,0.0,54.92,0,0,24.0,1.0,0.0,0,0.0
12,S1,H3,grapple_skidder,36,678.968019,24.0,0.0,54.92,0,0,24.0,1.0,0.0,0,0.0
12,S1,H4,processor,36,517.165642,24.0,0.0,53.72,0,0,24.0,1.0,0.0,0,0.0
12,S1,H5,processor,36,517.165642,24.0,0.0,53.72,0,0,24.0,1.0,0.0,0,0.0
12,S1,H7,loader,36,937.184825,24.0,0.0,53.24,0,0,24.0,1.0,0.0,0,0.0
13,S1,H1,feller_buncher,36,413.7565330000002,24.0,0.0,55.16,0,0,24.0,1.0,0.0,0,0.0
13,S1,H2,feller_buncher,36,680.207863,24.0,0.0,53.96,0,0,24.0,1.0,0.0,0,0.0
13,S1,H3,grapple_skidder,36,1332.369187,24.0,0.0,55.4,0,0,24.0,1.0,0.0,0,0.0
13,S1,H4,processor,36,547.23705,24.0,0.0,54.92,0,0,24.0,1.0,0.0,0,0.0
13,S1,H7,loader,36,687.364703,24.0,0.0,53.72,0,0,24.0,1.0,0.0,0,0.0
13,S1,H8,loader,36,474.9116292000001,24.0,0.0,54.2,1,0,24.0,1.0,0.0,0,0.0
14,S1,H1,feller_buncher,36,1164.04956,24.0,0.0,53.48,0,0,24.0,1.0,0.0,0,0.0
14,S1,H2,feller_buncher,36,1176.844281,24.0,0.0,53.48,0,0,24.0,1.0,0.0,0,0.0
14,S1,H3,grapple_skidder,36,678.968019,24.0,0.0,55.4,0,0,24.0,1.0,0.0,0,0.0
14,S1,H4,processor,36,514.6299624353068,23.22093163748135,0.7790683625186503,55.4,0,0,24.0,0.9675388182283896,0.7790683625186494,1,0.0
14,S1,H5,processor,36,531.895933,24.0,0.0,53.48,0,0,24.0,1.0,0.0,0,0.0
14,S1,H6,processor,36,531.895933,24.0,0.0,0.0,0,0,24.0,1.0,0.0,0,0.0
14,S1,H7,loader,36,485.857474,24.0,0.0,54.92,0,0,24.0,1.0,0.0,0,0.0
15,S1,H1,feller_buncher,36,787.363583,24.0,0.0,54.44,0,0,24.0,1.0,0.0,0,0.0
15,S1,H2,feller_buncher,36,1176.844281,24.0,0.0,0.0,0,0,24.0,1.0,0.0,0,0.0
15,S1,H3,grapple_skidder,36,739.620424,24.0,0.0,53.24,0,0,24.0,1.0,0.0,0,0.0
15,S1,H4,processor,36,547.23705,24.0,0.0,55.4,0,0,24.0,1.0,0.0,0,0.0
15,S1,H7,loader,36,802.411354,24.0,0.0,55.4,0,0,24.0,1.0,0.0,0,0.0
15,S1,H8,loader,36,802.411354,24.0,0.0,53.48,0,0,24.0,1.0,0.0,0,0.0
16,S1,H1,feller_buncher,36,1194.708925,24.0,0.0,53.48,0,0,24.0,1.0,0.0,0,0.0
16,S1,H2,feller_buncher,36,111.30773800000088,24.0,0.0,0.0,0,0,24.0,1.0,0.0,0,0.0
16,S1,H3,grapple_skidder,36,324.0400548950209,19.363558307724738,4.6364416922752625,54.44,1,0,24.0,0.8068149294885307,4.636441692275262,1,0.0
16,S1,H4,processor,36,481.329283,24.0,0.0,53.24,0,0,24.0,1.0,0.0,0,0.0
16,S1,H5,processor,36,394.3411512549594,19.662605132044348,4.337394867955652,55.16,0,0,24.0,0.8192752138351812,4.337394867955652,1,0.0
16,S1,H7,loader,36,485.857474,24.0,0.0,55.4,0,0,24.0,1.0,0.0,0,0.0
17,S1,H1,feller_buncher,36,836.2962474999999,24.0,0.0,0.0,0,0,24.0,1.0,0.0,0,0.3
17,S1,H2,feller_buncher,36,814.8346919999999,24.0,0.0,54.2,0,0,24.0,1.0,0.0,0,0.3
17,S1,H3,grapple_skidder,36,815.3097511999999,24.0,0.0,53.24,0,0,24.0,1.0,0.0,0,0.3
17,S1,H4,processor,36,319.2576345,24.0,0.0,54.44,0,0,24.0,1.0,0.0,0,0.3
17,S1,H5,processor,36,4.782420395020893,24.0,0.0,54.44,1,0,24.0,1.0,0.0,0,0.3
17,S1,H7,loader,36,200.5787274278178,24.0,0.0,53.24,0,0,24.0,1.0,0.0,0,0.3
17,S1,H8,loader,36,200.5787274278178,24.0,0.0,55.16,0,0,24.0,1.0,0.0,0,0.3
18,S1,H1,feller_buncher,36,114.11782890881618,19.486425875424587,4.513574124575413,0.0,0,0,24.0,0.8119344114760244,4.513574124575415,1,0.0
18,S1,H2,feller_buncher,36,1164.04956,24.0,0.0,0.0,0,0,24.0,1.0,0.0,0,0.0
18,S1,H3,grapple_skidder,36,739.620424,24.0,0.0,54.68,0,0,24.0,1.0,0.0,0,0.0
18,S1,H4,processor,36,517.165642,24.0,0.0,53.24,0,0,24.0,1.0,0.0,0,0.0
18,S1,H5,processor,36,428.54104119999977,24.0,0.0,53.24,1,0,24.0,1.0,0.0,0,0.0
18,S1,H7,loader,36,324.0400548950209,24.0,0.0,54.44,1,0,24.0,1.0,0.0,0,0.0
19,S1,H1,feller_buncher,36,502.7667789999996,24.0,0.0,54.92,0,0,24.0,1.0,0.0,0,0.0
19,S1,H2,feller_buncher,36,256.1621419999998,24.0,0.0,53.24,0,0,24.0,1.0,0.0,0,0.0
19,S1,H3,grapple_skidder,36,1164.728216,24.0,0.0,54.68,0,0,24.0,1.0,0.0,0,0.0
19,S1,H4,processor,36,481.329283,24.0,0.0,54.68,0,0,24.0,1.0,0.0,0,0.0
19,S1,H7,loader,36,687.364703,24.0,0.0,53.24,0,0,24.0,1.0,0.0,0,0.0
20,S1,H1,feller_buncher,36,59.00278800000001,24.0,0.0,53.24,0,0,24.0,1.0,0.0,0,0.0
20,S1,H2,feller_buncher,36,486.3476200000001,24.0,0.0,54.68,0,0,24.0,1.0,0.0,0,0.0
20,S1,H3,grapple_skidder,36,678.968019,24.0,0.0,54.92,0,0,24.0,1.0,0.0,0,0.0
20,S1,H4,processor,36,517.165642,24.0,0.0,54.68,0,0,24.0,1.0,0.0,0,0.0
20,S1,H5,processor,36,517.165642,24.0,0.0,0.0,0,0,24.0,1.0,0.0,0,0.0
20,S1,H6,processor,36,130.39693199999988,24.0,0.0,53.48,1,0,24.0,1.0,0.0,0,0.0
20,S1,H7,loader,36,451.958924,24.0,0.0,54.68,0,0,24.0,1.0,0.0,0,0.0
21,S1,H1,feller_buncher,36,576.960683,24.0,0.0,53.24,0,0,24.0,1.0,0.0,0,0.0
21,S1,H2,feller_buncher,36,364.89843800000006,24.0,0.0,53.72,0,0,24.0,1.0,0.0,0,0.0
21,S1,H3,grapple_skidder,36,1273.711203,24.0,0.0,55.16,0,0,24.0,1.0,0.0,0,0.0
21,S1,H4,processor,36,547.23705,24.0,0.0,54.92,0,0,24.0,1.0,0.0,0,0.0
21,S1,H5,processor,36,547.23705,24.0,0.0,54.92,0,0,24.0,1.0,0.0,0,0.0
21,S1,H7,loader,36,687.364703,24.0,0.0,54.68,0,0,24.0,1.0,0.0,0,0.0
21,S1,H8,loader,36,687.364703,24.0,0.0,54.68,0,0,24.0,1.0,0.0,0,0.0
22,S1,H3,grapple_skidder,36,778.104169,24.0,0.0,54.44,0,0,24.0,1.0,0.0,0,0.0
22,S1,H4,processor,36,441.264891,24.0,0.0,55.16,0,0,24.0,1.0,0.0,0,0.0
22,S1,H5,processor,36,441.264891,24.0,0.0,55.16,0,0,24.0,1.0,0.0,0,0.0
22,S1,H6,processor,36,391.18142100000006,24.0,0.0,53.24,0,0,24.0,1.0,0.0,0,0.0
22,S1,H7,loader,36,485.857474,24.0,0.0,54.92,0,0,24.0,1.0,0.0,0,0.0
22,S1,H8,loader,36,485.857474,24.0,0.0,54.92,0,0,24.0,1.0,0.0,0,0.0
23,S1,H3,grapple_skidder,36,678.968019,24.0,0.0,53.72,0,0,24.0,1.0,0.0,0,0.0
23,S1,H4,processor,36,469.046841,24.0,0.0,54.44,0,0,24.0,1.0,0.0,0,0.0
23,S1,H7,loader,36,733.483855,24.0,0.0,55.16,0,0,24.0,1.0,0.0,0,0.0
23,S1,H8,loader,36,540.2273480000001,24.0,0.0,55.16,0,0,24.0,1.0,0.0,0,0.0
24,S1,H3,grapple_skidder,36,1480.641393,24.0,0.0,55.64,0,0,24.0,1.0,0.0,0,0.0
24,S1,H4,processor,36,547.23705,24.0,0.0,53.72,0,0,24.0,1.0,0.0,0,0.0
24,S1,H7,loader,36,474.741639,24.0,0.0,54.44,0,0,24.0,1.0,0.0,0,0.0
25,S1,H3,grapple_skidder,36,1332.369187,24.0,0.0,53.24,0,0,24.0,1.0,0.0,0,0.0
25,S1,H4,processor,36,569.826226,24.0,0.0,55.64,0,0,24.0,1.0,0.0,0,0.0
25,S1,H5,processor,36,569.826226,24.0,0.0,53.48,0,0,24.0,1.0,0.0,0,0.0
25,S1,H6,processor,36,569.826226,24.0,0.0,53.48,0,0,24.0,1.0,0.0,0,0.0
25,S1,H7,loader,36,485.857474,24.0,0.0,53.72,0,0,24.0,1.0,0.0,0,0.0
26,S1,H3,grapple_skidder,36,678.968019,24.0,0.0,55.4,0,0,24.0,1.0,0.0,0,0.0
26,S1,H4,processor,36,531.895933,24.0,0.0,53.24,0,0,24.0,1.0,0.0,0,0.0
26,S1,H5,processor,36,531.895933,24.0,0.0,53.24,0,0,24.0,1.0,0.0,0,0.0
26,S1,H7,loader,36,937.184825,24.0,0.0,55.64,0,0,24.0,1.0,0.0,0,0.0
26,S1,H8,loader,36,937.184825,24.0,0.0,53.48,0,0,24.0,1.0,0.0,0,0.0
27,S1,H3,grapple_skidder,36,739.620424,24.0,0.0,53.24,0,0,24.0,1.0,0.0,0,0.0
27,S1,H4,processor,36,547.23705,24.0,0.0,55.4,0,0,24.0,1.0,0.0,0,0.0
27,S1,H7,loader,36,802.411354,24.0,0.0,53.24,0,0,24.0,1.0,0.0,0,0.0
28,S1,H3,grapple_skidder,36,1480.641393,24.0,0.0,55.4,0,0,24.0,1.0,0.0,0,0.0
28,S1,H4,processor,36,481.329283,24.0,0.0,53.24,0,0,24.0,1.0,0.0,0,0.0
28,S1,H5,processor,36,481.329283,24.0,0.0,55.16,0,0,24.0,1.0,0.0,0,0.0
28,S1,H7,loader,36,485.857474,24.0,0.0,55.4,0,0,24.0,1.0,0.0,0,0.0
28,S1,H8,loader,36,485.857474,24.0,0.0,55.64,0,0,24.0,1.0,0.0,0,0.0
29,S1,H3,grapple_skidder,36,778.104169,24.0,0.0,54.92,0,0,24.0,1.0,0.0,0,0.0
29,S1,H4,processor,36,569.826226,24.0,0.0,55.4,0,0,24.0,1.0,0.0,0,0.0
29,S1,H5,processor,36,569.826226,24.0,0.0,55.4,0,0,24.0,1.0,0.0,0,0.0
29,S1,H7,loader,36,451.958924,24.0,0.0,53.24,0,0,24.0,1.0,0.0,0,0.0
29,S1,H8,loader,36,451.958924,24.0,0.0,53.24,0,0,24.0,1.0,0.0,0,0.0
30,S1,H3,grapple_skidder,36,411.303252399999,24.0,0.0,53.72,1,0,24.0,1.0,0.0,0,0.0
30,S1,H4,processor,36,469.046841,24.0,0.0,54.92,0,0,24.0,1.0,0.0,0,0.0
30,S1,H5,processor,36,469.046841,24.0,0.0,54.92,0,0,24.0,1.0,0.0,0,0.0
30,S1,H7,loader,36,937.184825,24.0,0.0,55.4,0,0,24.0,1.0,0.0,0,0.0
31,S1,H3,grapple_skidder,36,923.199854,24.0,0.0,53.96,0,0,24.0,1.0,0.0,0,0.0
31,S1,H4,processor,36,547.23705,24.0,0.0,53.72,0,0,24.0,1.0,0.0,0,0.0
31,S1,H7,loader,36,474.741639,24.0,0.0,54.92,0,0,24.0,1.0,0.0,0,0.0
31,S1,H8,loader,36,474.741639,24.0,0.0,53.48,0,0,24.0,1.0,0.0,0,0.0
32,S1,H3,grapple_skidder,36,778.104169,24.0,0.0,53.24,0,0,24.0,1.0,0.0,0,0.0
32,S1,H4,processor,36,395.784917,24.0,0.0,53.96,0,0,24.0,1.0,0.0,0,0.0
32,S1,H5,processor,36,395.784917,24.0,0.0,53.24,0,0,24.0,1.0,0.0,0,0.0
32,S1,H7,loader,36,485.857474,24.0,0.0,53.72,0,0,24.0,1.0,0.0,0,0.0
33,S1,H3,grapple_skidder,36,339.9365580000001,24.0,0.0,53.48,0,0,24.0,1.0,0.0,0,0.0
33,S1,H4,processor,36,469.046841,24.0,0.0,53.24,0,0,24.0,1.0,0.0,0,0.0
33,S1,H5,processor,36,458.1251430000001,24.0,0.0,53.24,1,0,24.0,1.0,0.0,0,0.0
33,S1,H7,loader,36,456.725789,24.0,0.0,53.96,0,0,24.0,1.0,0.0,0,0.0
34,S1,H3,grapple_skidder,36,0.0,24.0,0.0,53.24,1,0,24.0,1.0,0.0,0,0.0
34,S1,H4,processor,36,410.4425559999998,24.0,0.0,53.48,0,0,24.0,1.0,0.0,0,0.0
34,S1,H7,loader,36,474.741639,24.0,0.0,53.24,0,0,24.0,1.0,0.0,0,0.0
34,S1,H8,loader,36,474.741639,24.0,0.0,0.0,0,0,24.0,1.0,0.0,0,0.0
35,S1,H3,grapple_skidder,36,809.624168,24.0,0.0,53.48,0,0,24.0,1.0,0.0,0,0.0
35,S1,H4,processor,36,238.94593539999948,24.0,0.0,53.24,1,0,24.0,1.0,0.0,0,0.0
35,S1,H5,processor,36,0.0,24.0,0.0,53.72,1,0,24.0,1.0,0.0,0,0.0
35,S1,H7,loader,36,451.958924,24.0,0.0,53.48,0,0,24.0,1.0,0.0,0,0.0
35,S1,H8,loader,36,134.7057859999993,24.0,0.0,53.48,0,0,24.0,1.0,0.0,0,0.0
36,S1,H3,grapple_skidder,36,778.104169,24.0,0.0,53.24,0,0,24.0,1.0,0.0,0,0.0
36,S1,H4,processor,36,409.650504,24.0,0.0,53.48,0,0,24.0,1.0,0.0,0,0.0
36,S1,H5,processor,36,409.650504,24.0,0.0,53.48,0,0,24.0,1.0,0.0,0,0.0
36,S1,H7,loader,36,305.5046453999988,24.0,0.0,53.24,1,0,24.0,1.0,0.0,0,0.0
36,S1,H8,loader,36,0.0,24.0,0.0,53.24,1,0,24.0,1.0,0.0,0,0.0
37,S1,H3,grapple_skidder,36,1332.369187,24.0,0.0,54.68,0,0,24.0,1.0,0.0,0,0.0
37,S1,H4,processor,36,469.046841,24.0,0.0,53.24,0,0,24.0,1.0,0.0,0,0.0
37,S1,H7,loader,36,424.433991,24.0,0.0,53.48,0,0,24.0,1.0,0.0,0,0.0
37,S1,H8,loader,36,424.433991,24.0,0.0,53.48,0,0,24.0,1.0,0.0,0,0.0
38,S1,H3,grapple_skidder,36,92.6166724088157,24.0,0.0,53.24,1,0,24.0,1.0,0.0,0,0.0
38,S1,H4,processor,36,410.1615939309439,18.50715082332215,5.492849176677851,54.68,0,0,24.0,0.7711312843050896,5.492849176677849,1,0.0
38,S1,H5,processor,36,531.895933,24.0,0.0,54.92,0,0,24.0,1.0,0.0,0,0.0
38,S1,H6,processor,36,531.895933,24.0,0.0,53.24,0,0,24.0,1.0,0.0,0,0.0
38,S1,H7,loader,36,474.741639,24.0,0.0,53.24,0,0,24.0,1.0,0.0,0,0.0
39,S1,H3,grapple_skidder,36,159.77199800000017,24.0,0.0,53.72,0,0,24.0,1.0,0.0,0,0.0
39,S1,H4,processor,36,545.757269408816,24.0,0.0,53.24,1,0,24.0,1.0,0.0,0,0.0
39,S1,H5,processor,36,0.0,24.0,0.0,53.24,1,0,24.0,1.0,0.0,0,0.0
39,S1,H7,loader,36,655.3064301783583,19.60011438756461,4.399885612435391,54.68,0,0,24.0,0.816671432815192,4.39988561243539,1,0.0
39,S1,H8,loader,36,802.411354,24.0,0.0,54.92,0,0,24.0,1.0,0.0,0,0.0
40,S1,H3,grapple_skidder,36,252.94230116733206,24.0,0.0,53.48,1,0,24.0,1.0,0.0,0,0.0
40,S1,H4,processor,36,159.77199800000017,24.0,0.0,53.72,1,0,24.0,1.0,0.0,0,0.0
40,S1,H7,loader,36,785.8015514088158,24.0,0.0,53.24,1,0,24.0,1.0,0.0,0,0.0
40,S1,H8,loader,36,0.0,24.0,0.0,53.24,1,0,24.0,1.0,0.0,0,0.0
41,S1,H3,grapple_skidder,36,576.960683,24.0,0.0,54.2,0,0,24.0,1.0,0.0,0,0.0
41,S1,H4,processor,36,402.4600288010811,24.0,0.0,53.48,1,0,24.0,1.0,0.0,0,0.0
41,S1,H5,processor,36,0.0,24.0,0.0,53.24,1,0,24.0,1.0,0.0,0,0.0
41,S1,H7,loader,36,208.11278820000007,24.0,0.0,53.72,1,0,24.0,1.0,0.0,0,0.0
41,S1,H8,loader,36,0.0,24.0,0.0,53.72,1,0,24.0,1.0,0.0,0,0.0
42,S1,H3,grapple_skidder,36,1045.106301,24.0,0.0,53.24,0,0,24.0,1.0,0.0,0,0.0
42,S1,H4,processor,36,355.21258631322627,19.88355947165556,4.116440528344441,54.2,0,0,24.0,0.828481644652315,4.116440528344443,1,0.0
42,S1,H5,processor,36,148.20937800000002,24.0,0.0,54.2,0,0,24.0,1.0,0.0,0,0.0
42,S1,H7,loader,36,802.411354,24.0,0.0,53.48,0,0,24.0,1.0,0.0,0,0.0
42,S1,H8,loader,36,112.64449498897397,24.0,0.0,53.48,1,0,24.0,1.0,0.0,0,0.0
1,S1,H1,feller_buncher,37,823.7909966999999,24.0,0.0,0.0,0,0,24.0,1.0,0.0,0,0.3
1,S1,H2,feller_buncher,37,909.6350143999999,24.0,0.0,0.0,0,0,24.0,1.0,0.0,0,0.3
2,S1,H1,feller_buncher,37,1164.04956,24.0,0.0,54.2,0,0,24.0,1.0,0.0,0,0.0
2,S1,H2,feller_buncher,37,1299.478592,24.0,0.0,0.0,0,0,24.0,1.0,0.0,0,0.0
2,S1,H3,grapple_skidder,37,823.7909966999999,24.0,0.0,0.0,1,0,24.0,1.0,0.0,0,0.0
3,S1,H1,feller_buncher,37,622.1577432,24.0,0.0,53.24,0,0,24.0,1.0,0.0,0,0.3
3,S1,H2,feller_buncher,37,909.6350143999999,24.0,0.0,0.0,0,0,24.0,1.0,0.0,0,0.3
3,S1,H3,grapple_skidder,37,432.7453241585309,19.068118554931175,4.931881445068825,54.2,0,0,24.0,0.794504939788799,4.931881445068823,1,0.3
3,S1,H4,processor,37,362.0159494,24.0,0.0,0.0,0,0,24.0,1.0,0.0,0,0.3
3,S1,H5,processor,37,362.0159494,24.0,0.0,0.0,0,0,24.0,1.0,0.0,0,0.3
4,S1,H1,feller_buncher,37,961.553907,24.0,0.0,53.24,0,0,24.0,1.0,0.0,0,0.0
4,S1,H2,feller_buncher,37,1299.478592,24.0,0.0,0.0,0,0,24.0,1.0,0.0,0,0.0
4,S1,H3,grapple_skidder,37,622.1577432,24.0,0.0,53.24,1,0,24.0,1.0,0.0,0,0.0
4,S1,H4,processor,37,432.7453241585309,24.0,0.0,54.2,1,0,24.0,1.0,0.0,0,0.0
4,S1,H7,loader,37,687.364703,24.0,0.0,0.0,0,0,24.0,1.0,0.0,0,0.0
5,S1,H1,feller_buncher,37,356.0085949999998,24.0,0.0,53.24,0,0,24.0,1.0,0.0,0,0.0
5,S1,H2,feller_buncher,37,1194.708925,24.0,0.0,55.64,0,0,24.0,1.0,0.0,0,0.0
5,S1,H3,grapple_skidder,37,739.620424,24.0,0.0,53.24,0,0,24.0,1.0,0.0,0,0.0
5,S1,H4,processor,37,409.650504,24.0,0.0,53.24,0,0,24.0,1.0,0.0,0,0.0
6,S1,H1,feller_buncher,37,854.6348594,24.0,0.0,55.4,0,0,24.0,1.0,0.0,0,0.3
6,S1,H2,feller_buncher,37,814.8346919999999,24.0,0.0,54.92,0,0,24.0,1.0,0.0,0,0.3
6,S1,H3,grapple_skidder,37,340.21994329967066,17.18001944694603,6.81998055305397,53.24,0,0,24.0,0.7158341436227512,6.81998055305397,1,0.3
6,S1,H4,processor,37,242.37958330893835,24.0,0.0,53.24,0,0,24.0,1.0,0.0,0,0.3
7,S1,H1,feller_buncher,37,1176.844281,24.0,0.0,53.48,0,0,24.0,1.0,0.0,0,0.0
7,S1,H2,feller_buncher,37,1220.906942,24.0,0.0,54.68,0,0,24.0,1.0,0.0,0,0.0
7,S1,H3,grapple_skidder,37,778.104169,24.0,0.0,53.72,0,0,24.0,1.0,0.0,0,0.0
7,S1,H4,processor,37,340.21994329967066,24.0,0.0,53.24,1,0,24.0,1.0,0.0,0,0.0
7,S1,H7,loader,37,242.37958330893835,24.0,0.0,54.68,1,0,24.0,1.0,0.0,0,0.0
8,S1,H1,feller_buncher,37,674.603847,24.0,0.0,53.24,0,0,24.0,1.0,0.0,0,0.0
8,S1,H2,feller_buncher,37,1220.906942,24.0,0.0,0.0,0,0,24.0,1.0,0.0,0,0.0
8,S1,H3,grapple_skidder,37,678.968019,24.0,0.0,53.72,0,0,24.0,1.0,0.0,0,0.0
8,S1,H4,processor,37,469.046841,24.0,0.0,53.72,0,0,24.0,1.0,0.0,0,0.0
8,S1,H5,processor,37,309.057328,24.0,0.0,54.2,1,0,24.0,1.0,0.0,0,0.0
8,S1,H7,loader,37,340.21994329967066,24.0,0.0,53.24,1,0,24.0,1.0,0.0,0,0.0
9,S1,H1,feller_buncher,37,1194.708925,24.0,0.0,53.96,0,0,24.0,1.0,0.0,0,0.0
9,S1,H2,feller_buncher,37,961.553907,24.0,0.0,55.16,0,0,24.0,1.0,0.0,0,0.0
9,S1,H3,grapple_skidder,37,1332.369187,24.0,0.0,55.4,0,0,24.0,1.0,0.0,0,0.0
9,S1,H4,processor,37,547.23705,24.0,0.0,53.72,0,0,24.0,1.0,0.0,0,0.0
9,S1,H7,loader,37,474.741639,24.0,0.0,53.72,0,0,24.0,1.0,0.0,0,0.0
9,S1,H8,loader,37,474.741639,24.0,0.0,0.0,0,0,24.0,1.0,0.0,0,0.0
10,S1,H1,feller_buncher,37,961.553907,24.0,0.0,55.4,0,0,24.0,1.0,0.0,0,0.0
10,S1,H2,feller_buncher,37,860.013242,24.0,0.0,53.72,0,0,24.0,1.0,0.0,0,0.0
10,S1,H3,grapple_skidder,37,1480.641393,24.0,0.0,53.24,0,0,24.0,1.0,0.0,0,0.0
10,S1,H4,processor,37,531.895933,24.0,0.0,55.4,0,0,24.0,1.0,0.0,0,0.0
10,S1,H5,processor,37,531.895933,24.0,0.0,54.68,0,0,24.0,1.0,0.0,0,0.0
10,S1,H7,loader,37,485.857474,24.0,0.0,53.72,0,0,24.0,1.0,0.0,0,0.0
11,S1,H1,feller_buncher,37,860.013242,24.0,0.0,53.72,0,0,24.0,1.0,0.0,0,0.0
11,S1,H2,feller_buncher,37,1220.906942,24.0,0.0,54.44,0,0,24.0,1.0,0.0,0,0.0
11,S1,H3,grapple_skidder,37,1164.728216,24.0,0.0,53.72,0,0,24.0,1.0,0.0,0,0.0
11,S1,H4,processor,37,569.826226,24.0,0.0,53.24,0,0,24.0,1.0,0.0,0,0.0
11,S1,H5,processor,37,569.826226,24.0,0.0,53.24,0,0,24.0,1.0,0.0,0,0.0
11,S1,H7,loader,37,802.411354,24.0,0.0,55.4,0,0,24.0,1.0,0.0,0,0.0
12,S1,H1,feller_buncher,37,1013.0077249999999,24.0,0.0,54.44,0,0,24.0,1.0,0.0,0,0.0
12,S1,H2,feller_buncher,37,693.1791626880613,24.0,0.0,54.92,0,0,24.0,1.0,0.0,0,0.0
12,S1,H3,grapple_skidder,37,678.968019,24.0,0.0,54.92,0,0,24.0,1.0,0.0,0,0.0
12,S1,H4,processor,37,517.165642,24.0,0.0,53.72,0,0,24.0,1.0,0.0,0,0.0
12,S1,H5,processor,37,517.165642,24.0,0.0,53.72,0,0,24.0,1.0,0.0,0,0.0
12,S1,H7,loader,37,937.184825,24.0,0.0,53.24,0,0,24.0,1.0,0.0,0,0.0
13,S1,H1,feller_buncher,37,413.7565330000002,24.0,0.0,55.16,0,0,24.0,1.0,0.0,0,0.0
13,S1,H2,feller_buncher,37,680.207863,24.0,0.0,53.96,0,0,24.0,1.0,0.0,0,0.0
13,S1,H3,grapple_skidder,37,1332.369187,24.0,0.0,55.4,0,0,24.0,1.0,0.0,0,0.0
13,S1,H4,processor,37,547.23705,24.0,0.0,54.92,0,0,24.0,1.0,0.0,0,0.0
13,S1,H7,loader,37,687.364703,24.0,0.0,53.72,0,0,24.0,1.0,0.0,0,0.0
13,S1,H8,loader,37,383.6337768000001,24.0,0.0,54.2,1,0,24.0,1.0,0.0,0,0.0
14,S1,H1,feller_buncher,37,1164.04956,24.0,0.0,53.48,0,0,24.0,1.0,0.0,0,0.0
14,S1,H2,feller_buncher,37,1176.844281,24.0,0.0,53.48,0,0,24.0,1.0,0.0,0,0.0
14,S1,H3,grapple_skidder,37,678.968019,24.0,0.0,55.4,0,0,24.0,1.0,0.0,0,0.0
14,S1,H4,processor,37,531.895933,24.0,0.0,55.4,0,0,24.0,1.0,0.0,0,0.0
14,S1,H5,processor,37,531.895933,24.0,0.0,53.48,0,0,24.0,1.0,0.0,0,0.0
14,S1,H6,processor,37,431.0556614523201,19.44992475596854,4.550075244031461,0.0,0,0,24.0,0.8104135314986891,4.550075244031462,1,0.0
14,S1,H7,loader,37,485.857474,24.0,0.0,54.92,0,0,24.0,1.0,0.0,0,0.0
15,S1,H1,feller_buncher,37,787.363583,24.0,0.0,54.44,0,0,24.0,1.0,0.0,0,0.0
15,S1,H2,feller_buncher,37,1176.844281,24.0,0.0,0.0,0,0,24.0,1.0,0.0,0,0.0
15,S1,H3,grapple_skidder,37,739.620424,24.0,0.0,53.24,0,0,24.0,1.0,0.0,0,0.0
15,S1,H4,processor,37,547.23705,24.0,0.0,55.4,0,0,24.0,1.0,0.0,0,0.0
15,S1,H7,loader,37,802.411354,24.0,0.0,55.4,0,0,24.0,1.0,0.0,0,0.0
15,S1,H8,loader,37,802.411354,24.0,0.0,53.48,0,0,24.0,1.0,0.0,0,0.0
16,S1,H1,feller_buncher,37,980.1197962950343,19.68921016563162,4.310789834368379,53.48,0,0,24.0,0.8203837569013176,4.310789834368377,1,0.0
16,S1,H2,feller_buncher,37,111.30773800000088,24.0,0.0,0.0,0,0,24.0,1.0,0.0,0,0.0
16,S1,H3,grapple_skidder,37,326.49873948361403,24.0,0.0,54.44,0,0,24.0,1.0,0.0,0,0.0
16,S1,H4,processor,37,291.3472585575562,24.0,0.0,53.24,0,0,24.0,1.0,0.0,0,0.0
16,S1,H5,processor,37,291.3472585575562,24.0,0.0,55.16,0,0,24.0,1.0,0.0,0,0.0
16,S1,H7,loader,37,485.857474,24.0,0.0,55.4,0,0,24.0,1.0,0.0,0,0.0
17,S1,H1,feller_buncher,37,1194.708925,24.0,0.0,0.0,0,0,24.0,1.0,0.0,0,0.0
17,S1,H2,feller_buncher,37,1164.04956,24.0,0.0,54.2,0,0,24.0,1.0,0.0,0,0.0
17,S1,H3,grapple_skidder,37,1164.728216,24.0,0.0,53.24,0,0,24.0,1.0,0.0,0,0.0
17,S1,H4,processor,37,326.49873948361403,24.0,0.0,54.44,1,0,24.0,1.0,0.0,0,0.0
17,S1,H5,processor,37,0.0,24.0,0.0,54.44,1,0,24.0,1.0,0.0,0,0.0
17,S1,H7,loader,37,451.958924,24.0,0.0,53.24,0,0,24.0,1.0,0.0,0,0.0
17,S1,H8,loader,37,130.73559311511235,24.0,0.0,55.16,1,0,24.0,1.0,0.0,0,0.0
18,S1,H1,feller_buncher,37,97.6842197478653,24.0,0.0,0.0,0,0,24.0,1.0,0.0,0,0.0
18,S1,H2,feller_buncher,37,1164.04956,24.0,0.0,0.0,0,0,24.0,1.0,0.0,0,0.0
18,S1,H3,grapple_skidder,37,739.620424,24.0,0.0,54.68,0,0,24.0,1.0,0.0,0,0.0
18,S1,H4,processor,37,517.165642,24.0,0.0,53.24,0,0,24.0,1.0,0.0,0,0.0
18,S1,H5,processor,37,517.165642,24.0,0.0,53.24,0,0,24.0,1.0,0.0,0,0.0
18,S1,H7,loader,37,326.49873948361403,24.0,0.0,54.44,1,0,24.0,1.0,0.0,0,0.0
19,S1,H1,feller_buncher,37,502.7667789999996,24.0,0.0,54.92,0,0,24.0,1.0,0.0,0,0.0
19,S1,H2,feller_buncher,37,256.1621419999998,24.0,0.0,53.24,0,0,24.0,1.0,0.0,0,0.0
19,S1,H3,grapple_skidder,37,1164.728216,24.0,0.0,54.68,0,0,24.0,1.0,0.0,0,0.0
19,S1,H4,processor,37,481.329283,24.0,0.0,54.68,0,0,24.0,1.0,0.0,0,0.0
19,S1,H7,loader,37,687.364703,24.0,0.0,53.24,0,0,24.0,1.0,0.0,0,0.0
20,S1,H1,feller_buncher,37,41.3019516,24.0,0.0,53.24,0,0,24.0,1.0,0.0,0,0.3
20,S1,H2,feller_buncher,37,340.44333400000005,24.0,0.0,54.68,0,0,24.0,1.0,0.0,0,0.3
20,S1,H3,grapple_skidder,37,475.2776133,24.0,0.0,54.92,0,0,24.0,1.0,0.0,0,0.3
20,S1,H4,processor,37,362.0159494,24.0,0.0,54.68,0,0,24.0,1.0,0.0,0,0.3
20,S1,H5,processor,37,362.0159494,24.0,0.0,0.0,0,0,24.0,1.0,0.0,0,0.3
20,S1,H6,processor,37,362.0159494,24.0,0.0,53.48,0,0,24.0,1.0,0.0,0,0.3
20,S1,H7,loader,37,316.3712468,24.0,0.0,54.68,0,0,24.0,1.0,0.0,0,0.3
21,S1,H1,feller_buncher,37,576.960683,24.0,0.0,53.24,0,0,24.0,1.0,0.0,0,0.0
21,S1,H2,feller_buncher,37,364.89843800000006,24.0,0.0,53.72,0,0,24.0,1.0,0.0,0,0.0
21,S1,H3,grapple_skidder,37,1127.8069169999999,24.0,0.0,55.16,1,0,24.0,1.0,0.0,0,0.0
21,S1,H4,processor,37,547.23705,24.0,0.0,54.92,0,0,24.0,1.0,0.0,0,0.0
21,S1,H5,processor,37,323.23347030000025,24.0,0.0,54.92,1,0,24.0,1.0,0.0,0,0.0
21,S1,H7,loader,37,687.364703,24.0,0.0,54.68,0,0,24.0,1.0,0.0,0,0.0
21,S1,H8,loader,37,687.364703,24.0,0.0,54.68,0,0,24.0,1.0,0.0,0,0.0
22,S1,H3,grapple_skidder,37,544.6729182999999,24.0,0.0,54.44,0,0,24.0,1.0,0.0,0,0.3
22,S1,H4,processor,37,308.8854237,24.0,0.0,55.16,0,0,24.0,1.0,0.0,0,0.3
22,S1,H5,processor,37,308.8854237,24.0,0.0,55.16,0,0,24.0,1.0,0.0,0,0.3
22,S1,H6,processor,37,273.8269947,24.0,0.0,53.24,0,0,24.0,1.0,0.0,0,0.3
22,S1,H7,loader,37,340.1002318,24.0,0.0,54.92,0,0,24.0,1.0,0.0,0,0.3
22,S1,H8,loader,37,340.1002318,24.0,0.0,54.92,0,0,24.0,1.0,0.0,0,0.3
23,S1,H3,grapple_skidder,37,678.968019,24.0,0.0,53.72,0,0,24.0,1.0,0.0,0,0.0
23,S1,H4,processor,37,469.046841,24.0,0.0,54.44,0,0,24.0,1.0,0.0,0,0.0
23,S1,H7,loader,37,733.483855,24.0,0.0,55.16,0,0,24.0,1.0,0.0,0,0.0
23,S1,H8,loader,37,158.11398710000003,24.0,0.0,55.16,1,0,24.0,1.0,0.0,0,0.0
24,S1,H3,grapple_skidder,37,1480.641393,24.0,0.0,55.64,0,0,24.0,1.0,0.0,0,0.0
24,S1,H4,processor,37,547.23705,24.0,0.0,53.72,0,0,24.0,1.0,0.0,0,0.0
24,S1,H7,loader,37,474.741639,24.0,0.0,54.44,0,0,24.0,1.0,0.0,0,0.0
25,S1,H3,grapple_skidder,37,932.6584309,24.0,0.0,53.24,0,0,24.0,1.0,0.0,0,0.3
25,S1,H4,processor,37,398.8783582,24.0,0.0,55.64,0,0,24.0,1.0,0.0,0,0.3
25,S1,H5,processor,37,398.8783582,24.0,0.0,53.48,0,0,24.0,1.0,0.0,0,0.3
25,S1,H6,processor,37,398.8783582,24.0,0.0,53.48,0,0,24.0,1.0,0.0,0,0.3
25,S1,H7,loader,37,340.1002318,24.0,0.0,53.72,0,0,24.0,1.0,0.0,0,0.3
26,S1,H3,grapple_skidder,37,678.968019,24.0,0.0,55.4,0,0,24.0,1.0,0.0,0,0.0
26,S1,H4,processor,37,531.895933,24.0,0.0,53.24,0,0,24.0,1.0,0.0,0,0.0
26,S1,H5,processor,37,425.8809549078227,19.216433673667034,4.783566326332966,53.24,0,0,24.0,0.800684736402793,4.783566326332967,1,0.0
26,S1,H7,loader,37,937.184825,24.0,0.0,55.64,0,0,24.0,1.0,0.0,0,0.0
26,S1,H8,loader,37,461.9178765999998,24.0,0.0,53.48,1,0,24.0,1.0,0.0,0,0.0
27,S1,H3,grapple_skidder,37,739.620424,24.0,0.0,53.24,0,0,24.0,1.0,0.0,0,0.0
27,S1,H4,processor,37,547.23705,24.0,0.0,55.4,0,0,24.0,1.0,0.0,0,0.0
27,S1,H7,loader,37,802.411354,24.0,0.0,53.24,0,0,24.0,1.0,0.0,0,0.0
28,S1,H3,grapple_skidder,37,1480.641393,24.0,0.0,55.4,0,0,24.0,1.0,0.0,0,0.0
28,S1,H4,processor,37,481.329283,24.0,0.0,53.24,0,0,24.0,1.0,0.0,0,0.0
28,S1,H5,processor,37,481.329283,24.0,0.0,55.16,0,0,24.0,1.0,0.0,0,0.0
28,S1,H7,loader,37,286.2387795944036,24.0,0.0,55.4,0,0,24.0,1.0,0.0,0,0.0
28,S1,H8,loader,37,286.2387795944036,24.0,0.0,55.64,0,0,24.0,1.0,0.0,0,0.0
29,S1,H3,grapple_skidder,37,778.104169,24.0,0.0,54.92,0,0,24.0,1.0,0.0,0,0.0
29,S1,H4,processor,37,569.826226,24.0,0.0,55.4,0,0,24.0,1.0,0.0,0,0.0
29,S1,H5,processor,37,569.826226,24.0,0.0,55.4,0,0,24.0,1.0,0.0,0,0.0
29,S1,H7,loader,37,451.958924,24.0,0.0,53.24,0,0,24.0,1.0,0.0,0,0.0
29,S1,H8,loader,37,451.958924,24.0,0.0,53.24,0,0,24.0,1.0,0.0,0,0.0
30,S1,H3,grapple_skidder,37,387.75372687184375,24.0,0.0,53.72,0,0,24.0,1.0,0.0,0,0.0
30,S1,H4,processor,37,469.046841,24.0,0.0,54.92,0,0,24.0,1.0,0.0,0,0.0
30,S1,H5,processor,37,384.6834052999999,24.0,0.0,54.92,1,0,24.0,1.0,0.0,0,0.0
30,S1,H7,loader,37,937.184825,24.0,0.0,55.4,0,0,24.0,1.0,0.0,0,0.0
31,S1,H3,grapple_skidder,37,923.199854,24.0,0.0,53.96,0,0,24.0,1.0,0.0,0,0.0
31,S1,H4,processor,37,547.23705,24.0,0.0,53.72,0,0,24.0,1.0,0.0,0,0.0
31,S1,H7,loader,37,474.741639,24.0,0.0,54.92,0,0,24.0,1.0,0.0,0,0.0
31,S1,H8,loader,37,474.741639,24.0,0.0,53.48,0,0,24.0,1.0,0.0,0,0.0
32,S1,H3,grapple_skidder,37,778.104169,24.0,0.0,53.24,0,0,24.0,1.0,0.0,0,0.0
32,S1,H4,processor,37,395.784917,24.0,0.0,53.96,0,0,24.0,1.0,0.0,0,0.0
32,S1,H5,processor,37,395.784917,24.0,0.0,53.24,0,0,24.0,1.0,0.0,0,0.0
32,S1,H7,loader,37,485.857474,24.0,0.0,53.72,0,0,24.0,1.0,0.0,0,0.0
33,S1,H3,grapple_skidder,37,339.9365580000001,24.0,0.0,53.48,0,0,24.0,1.0,0.0,0,0.0
33,S1,H4,processor,37,469.046841,24.0,0.0,53.24,0,0,24.0,1.0,0.0,0,0.0
33,S1,H5,processor,37,309.057328,24.0,0.0,53.24,1,0,24.0,1.0,0.0,0,0.0
33,S1,H7,loader,37,456.725789,24.0,0.0,53.96,0,0,24.0,1.0,0.0,0,0.0
34,S1,H3,grapple_skidder,37,122.17881099999954,24.0,0.0,53.24,0,0,24.0,1.0,0.0,0,0.0
34,S1,H4,processor,37,410.4425559999998,24.0,0.0,53.48,0,0,24.0,1.0,0.0,0,0.0
34,S1,H7,loader,37,474.741639,24.0,0.0,53.24,0,0,24.0,1.0,0.0,0,0.0
34,S1,H8,loader,37,463.2809154585303,24.0,0.0,0.0,1,0,24.0,1.0,0.0,0,0.0
35,S1,H3,grapple_skidder,37,809.624168,24.0,0.0,53.48,0,0,24.0,1.0,0.0,0,0.0
35,S1,H4,processor,37,226.15742587184354,24.0,0.0,53.24,1,0,24.0,1.0,0.0,0,0.0
35,S1,H5,processor,37,0.0,24.0,0.0,53.72,1,0,24.0,1.0,0.0,0,0.0
35,S1,H7,loader,37,451.958924,24.0,0.0,53.48,0,0,24.0,1.0,0.0,0,0.0
35,S1,H8,loader,37,134.7057859999993,24.0,0.0,53.48,0,0,24.0,1.0,0.0,0,0.0
36,S1,H3,grapple_skidder,37,778.104169,24.0,0.0,53.24,0,0,24.0,1.0,0.0,0,0.0
36,S1,H4,processor,37,409.650504,24.0,0.0,53.48,0,0,24.0,1.0,0.0,0,0.0
36,S1,H5,processor,37,409.650504,24.0,0.0,53.48,0,0,24.0,1.0,0.0,0,0.0
36,S1,H7,loader,37,485.857474,24.0,0.0,53.24,0,0,24.0,1.0,0.0,0,0.0
36,S1,H8,loader,37,148.86600281660654,17.05461498731177,6.945385012688231,53.24,0,0,24.0,0.710608957804657,6.945385012688231,1,0.0
37,S1,H3,grapple_skidder,37,1332.369187,24.0,0.0,54.68,0,0,24.0,1.0,0.0,0,0.0
37,S1,H4,processor,37,469.046841,24.0,0.0,53.24,0,0,24.0,1.0,0.0,0,0.0
37,S1,H7,loader,37,424.433991,24.0,0.0,53.48,0,0,24.0,1.0,0.0,0,0.0
37,S1,H8,loader,37,424.433991,24.0,0.0,53.48,0,0,24.0,1.0,0.0,0,0.0
38,S1,H3,grapple_skidder,37,220.00661204289918,24.0,0.0,53.24,1,0,24.0,1.0,0.0,0,0.3
38,S1,H4,processor,37,372.3271531,24.0,0.0,54.68,0,0,24.0,1.0,0.0,0,0.3
38,S1,H5,processor,37,372.3271531,24.0,0.0,54.92,0,0,24.0,1.0,0.0,0,0.3
38,S1,H6,processor,37,372.3271531,24.0,0.0,53.24,0,0,24.0,1.0,0.0,0,0.3
38,S1,H7,loader,37,332.3191473,24.0,0.0,53.24,0,0,24.0,1.0,0.0,0,0.3
39,S1,H3,grapple_skidder,37,147.65593300000046,24.0,0.0,53.72,1,0,24.0,1.0,0.0,0,0.0
39,S1,H4,processor,37,569.826226,24.0,0.0,53.24,0,0,24.0,1.0,0.0,0,0.0
39,S1,H5,processor,37,360.77644299999906,24.0,0.0,53.24,0,0,24.0,1.0,0.0,0,0.0
39,S1,H7,loader,37,658.8950404318002,19.70744916747926,4.292550832520739,54.68,0,0,24.0,0.8211437153116359,4.292550832520738,1,0.0
39,S1,H8,loader,37,656.6500669752575,19.640302357194933,4.359697642805067,54.92,0,0,24.0,0.8183459315497889,4.359697642805066,1,0.0
40,S1,H3,grapple_skidder,37,300.1007435071549,24.0,0.0,53.48,0,0,24.0,1.0,0.0,0,0.0
40,S1,H4,processor,37,121.15067820178602,24.0,0.0,53.72,0,0,24.0,1.0,0.0,0,0.0
40,S1,H7,loader,37,937.184825,24.0,0.0,53.24,0,0,24.0,1.0,0.0,0,0.0
40,S1,H8,loader,37,195.88547099999892,24.0,0.0,53.24,1,0,24.0,1.0,0.0,0,0.0
41,S1,H3,grapple_skidder,37,576.960683,24.0,0.0,54.2,0,0,24.0,1.0,0.0,0,0.0
41,S1,H4,processor,37,531.895933,24.0,0.0,53.48,0,0,24.0,1.0,0.0,0,0.0
41,S1,H5,processor,37,45.780229999999165,24.0,0.0,53.24,0,0,24.0,1.0,0.0,0,0.0
41,S1,H7,loader,37,179.43570140178633,24.0,0.0,53.72,1,0,24.0,1.0,0.0,0,0.0
41,S1,H8,loader,37,0.0,24.0,0.0,53.72,1,0,24.0,1.0,0.0,0,0.0
42,S1,H3,grapple_skidder,37,1045.106301,24.0,0.0,53.24,0,0,24.0,1.0,0.0,0,0.0
42,S1,H4,processor,37,428.751305,24.0,0.0,54.2,0,0,24.0,1.0,0.0,0,0.0
42,S1,H5,processor,37,148.20937800000002,24.0,0.0,54.2,0,0,24.0,1.0,0.0,0,0.0
42,S1,H7,loader,37,685.8833802530846,24.0,0.0,53.48,1,0,24.0,1.0,0.0,0,0.0
42,S1,H8,loader,37,0.0,24.0,0.0,53.48,1,0,24.0,1.0,0.0,0,0.0
1,S1,H1,feller_buncher,38,1176.844281,24.0,0.0,0.0,0,0,24.0,1.0,0.0,0,0.0
1,S1,H2,feller_buncher,38,1299.478592,24.0,0.0,0.0,0,0,24.0,1.0,0.0,0,0.0
2,S1,H1,feller_buncher,38,1164.04956,24.0,0.0,54.2,0,0,24.0,1.0,0.0,0,0.0
2,S1,H2,feller_buncher,38,1299.478592,24.0,0.0,0.0,0,0,24.0,1.0,0.0,0,0.0
2,S1,H3,grapple_skidder,38,1164.728216,24.0,0.0,0.0,0,0,24.0,1.0,0.0,0,0.0
3,S1,H1,feller_buncher,38,888.796776,24.0,0.0,53.24,0,0,24.0,1.0,0.0,0,0.0
3,S1,H2,feller_buncher,38,1299.478592,24.0,0.0,0.0,0,0,24.0,1.0,0.0,0,0.0
3,S1,H3,grapple_skidder,38,778.104169,24.0,0.0,54.2,0,0,24.0,1.0,0.0,0,0.0
3,S1,H4,processor,38,517.165642,24.0,0.0,0.0,0,0,24.0,1.0,0.0,0,0.0
3,S1,H5,processor,38,517.165642,24.0,0.0,0.0,0,0,24.0,1.0,0.0,0,0.0
4,S1,H1,feller_buncher,38,673.0877349,24.0,0.0,53.24,0,0,24.0,1.0,0.0,0,0.3
4,S1,H2,feller_buncher,38,909.6350143999999,24.0,0.0,0.0,0,0,24.0,1.0,0.0,0,0.3
4,S1,H3,grapple_skidder,38,566.7369176,24.0,0.0,53.24,0,0,24.0,1.0,0.0,0,0.3
4,S1,H4,processor,38,152.89353410553196,24.0,0.0,54.2,0,0,24.0,1.0,0.0,0,0.3
4,S1,H7,loader,38,481.15529209999994,24.0,0.0,0.0,0,0,24.0,1.0,0.0,0,0.3
5,S1,H1,feller_buncher,38,356.0085949999998,24.0,0.0,53.24,0,0,24.0,1.0,0.0,0,0.0
5,S1,H2,feller_buncher,38,1194.708925,24.0,0.0,55.64,0,0,24.0,1.0,0.0,0,0.0
5,S1,H3,grapple_skidder,38,647.3120896104645,21.004679760778412,2.995320239221588,53.24,0,0,24.0,0.8751949900324338,2.9953202392215883,1,0.0
5,S1,H4,processor,38,409.650504,24.0,0.0,53.24,0,0,24.0,1.0,0.0,0,0.0
6,S1,H1,feller_buncher,38,1220.906942,24.0,0.0,55.4,0,0,24.0,1.0,0.0,0,0.0
6,S1,H2,feller_buncher,38,1164.04956,24.0,0.0,54.92,0,0,24.0,1.0,0.0,0,0.0
6,S1,H3,grapple_skidder,38,678.968019,24.0,0.0,53.24,0,0,24.0,1.0,0.0,0,0.0
6,S1,H4,processor,38,481.329283,24.0,0.0,53.24,0,0,24.0,1.0,0.0,0,0.0
7,S1,H1,feller_buncher,38,1176.844281,24.0,0.0,53.48,0,0,24.0,1.0,0.0,0,0.0
7,S1,H2,feller_buncher,38,1220.906942,24.0,0.0,54.68,0,0,24.0,1.0,0.0,0,0.0
7,S1,H3,grapple_skidder,38,778.104169,24.0,0.0,53.72,0,0,24.0,1.0,0.0,0,0.0
7,S1,H4,processor,38,547.23705,24.0,0.0,53.24,0,0,24.0,1.0,0.0,0,0.0
7,S1,H7,loader,38,451.958924,24.0,0.0,54.68,0,0,24.0,1.0,0.0,0,0.0
8,S1,H1,feller_buncher,38,674.603847,24.0,0.0,53.24,0,0,24.0,1.0,0.0,0,0.0
8,S1,H2,feller_buncher,38,1220.906942,24.0,0.0,0.0,0,0,24.0,1.0,0.0,0,0.0
8,S1,H3,grapple_skidder,38,678.968019,24.0,0.0,53.72,0,0,24.0,1.0,0.0,0,0.0
8,S1,H4,processor,38,469.046841,24.0,0.0,53.72,0,0,24.0,1.0,0.0,0,0.0
8,S1,H5,processor,38,469.046841,24.0,0.0,54.2,0,0,24.0,1.0,0.0,0,0.0
8,S1,H7,loader,38,485.857474,24.0,0.0,53.24,0,0,24.0,1.0,0.0,0,0.0
9,S1,H1,feller_buncher,38,836.2962474999999,24.0,0.0,53.96,0,0,24.0,1.0,0.0,0,0.3
9,S1,H2,feller_buncher,38,673.0877349,24.0,0.0,55.16,0,0,24.0,1.0,0.0,0,0.3
9,S1,H3,grapple_skidder,38,932.6584309,24.0,0.0,55.4,0,0,24.0,1.0,0.0,0,0.3
9,S1,H4,processor,38,383.06593499999997,24.0,0.0,53.72,0,0,24.0,1.0,0.0,0,0.3
9,S1,H7,loader,38,332.3191473,24.0,0.0,53.72,0,0,24.0,1.0,0.0,0,0.3
9,S1,H8,loader,38,332.3191473,24.0,0.0,0.0,0,0,24.0,1.0,0.0,0,0.3
10,S1,H1,feller_buncher,38,961.553907,24.0,0.0,55.4,0,0,24.0,1.0,0.0,0,0.0
10,S1,H2,feller_buncher,38,860.013242,24.0,0.0,53.72,0,0,24.0,1.0,0.0,0,0.0
10,S1,H3,grapple_skidder,38,1480.641393,24.0,0.0,53.24,0,0,24.0,1.0,0.0,0,0.0
10,S1,H4,processor,38,531.895933,24.0,0.0,55.4,0,0,24.0,1.0,0.0,0,0.0
10,S1,H5,processor,38,400.76249789999997,24.0,0.0,54.68,1,0,24.0,1.0,0.0,0,0.0
10,S1,H7,loader,38,444.4455109999999,24.0,0.0,53.72,1,0,24.0,1.0,0.0,0,0.0
11,S1,H1,feller_buncher,38,602.0092694,24.0,0.0,53.72,0,0,24.0,1.0,0.0,0,0.3
11,S1,H2,feller_buncher,38,854.6348594,24.0,0.0,54.44,0,0,24.0,1.0,0.0,0,0.3
11,S1,H3,grapple_skidder,38,815.3097511999999,24.0,0.0,53.72,0,0,24.0,1.0,0.0,0,0.3
11,S1,H4,processor,38,398.8783582,24.0,0.0,53.24,0,0,24.0,1.0,0.0,0,0.3
11,S1,H5,processor,38,398.8783582,24.0,0.0,53.24,0,0,24.0,1.0,0.0,0,0.3
11,S1,H7,loader,38,561.6879478,24.0,0.0,55.4,0,0,24.0,1.0,0.0,0,0.3
12,S1,H1,feller_buncher,38,1013.0077249999999,24.0,0.0,54.44,0,0,24.0,1.0,0.0,0,0.0
12,S1,H2,feller_buncher,38,888.796776,24.0,0.0,54.92,0,0,24.0,1.0,0.0,0,0.0
12,S1,H3,grapple_skidder,38,678.968019,24.0,0.0,54.92,0,0,24.0,1.0,0.0,0,0.0
12,S1,H4,processor,38,517.165642,24.0,0.0,53.72,0,0,24.0,1.0,0.0,0,0.0
12,S1,H5,processor,38,428.54104119999977,24.0,0.0,53.72,1,0,24.0,1.0,0.0,0,0.0
12,S1,H7,loader,38,797.7567164,24.0,0.0,53.24,1,0,24.0,1.0,0.0,0,0.0
13,S1,H1,feller_buncher,38,413.7565330000002,24.0,0.0,55.16,0,0,24.0,1.0,0.0,0,0.0
13,S1,H2,feller_buncher,38,680.207863,24.0,0.0,53.96,0,0,24.0,1.0,0.0,0,0.0
13,S1,H3,grapple_skidder,38,1332.369187,24.0,0.0,55.4,0,0,24.0,1.0,0.0,0,0.0
13,S1,H4,processor,38,547.23705,24.0,0.0,54.92,0,0,24.0,1.0,0.0,0,0.0
13,S1,H7,loader,38,687.364703,24.0,0.0,53.72,0,0,24.0,1.0,0.0,0,0.0
13,S1,H8,loader,38,687.364703,24.0,0.0,54.2,0,0,24.0,1.0,0.0,0,0.0
14,S1,H1,feller_buncher,38,1164.04956,24.0,0.0,53.48,0,0,24.0,1.0,0.0,0,0.0
14,S1,H2,feller_buncher,38,719.1936907341083,24.0,0.0,53.48,0,0,24.0,1.0,0.0,0,0.0
14,S1,H3,grapple_skidder,38,678.968019,24.0,0.0,55.4,0,0,24.0,1.0,0.0,0,0.0
14,S1,H4,processor,38,531.895933,24.0,0.0,55.4,0,0,24.0,1.0,0.0,0,0.0
14,S1,H5,processor,38,531.895933,24.0,0.0,53.48,0,0,24.0,1.0,0.0,0,0.0
14,S1,H6,processor,38,268.577321,24.0,0.0,0.0,1,0,24.0,1.0,0.0,0,0.0
14,S1,H7,loader,38,485.857474,24.0,0.0,54.92,0,0,24.0,1.0,0.0,0,0.0
15,S1,H1,feller_buncher,38,787.363583,24.0,0.0,54.44,0,0,24.0,1.0,0.0,0,0.0
15,S1,H2,feller_buncher,38,1176.844281,24.0,0.0,0.0,0,0,24.0,1.0,0.0,0,0.0
15,S1,H3,grapple_skidder,38,739.620424,24.0,0.0,53.24,0,0,24.0,1.0,0.0,0,0.0
15,S1,H4,processor,38,547.23705,24.0,0.0,55.4,0,0,24.0,1.0,0.0,0,0.0
15,S1,H7,loader,38,802.411354,24.0,0.0,55.4,0,0,24.0,1.0,0.0,0,0.0
15,S1,H8,loader,38,802.411354,24.0,0.0,53.48,0,0,24.0,1.0,0.0,0,0.0
16,S1,H1,feller_buncher,38,1194.708925,24.0,0.0,53.48,0,0,24.0,1.0,0.0,0,0.0
16,S1,H2,feller_buncher,38,111.30773800000088,24.0,0.0,0.0,0,0,24.0,1.0,0.0,0,0.0
16,S1,H3,grapple_skidder,38,492.144758672279,17.508756080566343,6.491243919433657,54.44,0,0,24.0,0.729531503356931,6.491243919433658,1,0.0
16,S1,H4,processor,38,481.329283,24.0,0.0,53.24,0,0,24.0,1.0,0.0,0,0.0
16,S1,H5,processor,38,424.2739476104644,24.0,0.0,55.16,1,0,24.0,1.0,0.0,0,0.0
16,S1,H7,loader,38,485.857474,24.0,0.0,55.4,0,0,24.0,1.0,0.0,0,0.0
17,S1,H1,feller_buncher,38,1194.708925,24.0,0.0,0.0,0,0,24.0,1.0,0.0,0,0.0
17,S1,H2,feller_buncher,38,1164.04956,24.0,0.0,54.2,0,0,24.0,1.0,0.0,0,0.0
17,S1,H3,grapple_skidder,38,1164.728216,24.0,0.0,53.24,0,0,24.0,1.0,0.0,0,0.0
17,S1,H4,processor,38,456.082335,24.0,0.0,54.44,0,0,24.0,1.0,0.0,0,0.0
17,S1,H5,processor,38,36.06242367227901,24.0,0.0,54.44,1,0,24.0,1.0,0.0,0,0.0
17,S1,H7,loader,38,351.82062112572123,18.682438732014745,5.317561267985255,53.24,0,0,24.0,0.778434947167281,5.317561267985253,1,0.0
17,S1,H8,loader,38,451.958924,24.0,0.0,55.16,0,0,24.0,1.0,0.0,0,0.0
18,S1,H1,feller_buncher,38,75.90437170664944,24.0,0.0,0.0,0,0,24.0,1.0,0.0,0,0.0
18,S1,H2,feller_buncher,38,1164.04956,24.0,0.0,0.0,0,0,24.0,1.0,0.0,0,0.0
18,S1,H3,grapple_skidder,38,739.620424,24.0,0.0,54.68,0,0,24.0,1.0,0.0,0,0.0
18,S1,H4,processor,38,517.165642,24.0,0.0,53.24,0,0,24.0,1.0,0.0,0,0.0
18,S1,H5,processor,38,517.165642,24.0,0.0,53.24,0,0,24.0,1.0,0.0,0,0.0
18,S1,H7,loader,38,492.144758672279,24.0,0.0,54.44,1,0,24.0,1.0,0.0,0,0.0
19,S1,H1,feller_buncher,38,351.9367452999997,24.0,0.0,54.92,0,0,24.0,1.0,0.0,0,0.3
19,S1,H2,feller_buncher,38,179.31349939999984,24.0,0.0,53.24,0,0,24.0,1.0,0.0,0,0.3
19,S1,H3,grapple_skidder,38,815.3097511999999,24.0,0.0,54.68,0,0,24.0,1.0,0.0,0,0.3
19,S1,H4,processor,38,336.93049809999997,24.0,0.0,54.68,0,0,24.0,1.0,0.0,0,0.3
19,S1,H7,loader,38,481.15529209999994,24.0,0.0,53.24,0,0,24.0,1.0,0.0,0,0.3
20,S1,H1,feller_buncher,38,59.00278800000001,24.0,0.0,53.24,0,0,24.0,1.0,0.0,0,0.0
20,S1,H2,feller_buncher,38,486.3476200000001,24.0,0.0,54.68,0,0,24.0,1.0,0.0,0,0.0
20,S1,H3,grapple_skidder,38,678.968019,24.0,0.0,54.92,0,0,24.0,1.0,0.0,0,0.0
20,S1,H4,processor,38,517.165642,24.0,0.0,54.68,0,0,24.0,1.0,0.0,0,0.0
20,S1,H5,processor,38,428.54104119999977,24.0,0.0,0.0,1,0,24.0,1.0,0.0,0,0.0
20,S1,H6,processor,38,0.0,24.0,0.0,53.48,1,0,24.0,1.0,0.0,0,0.0
20,S1,H7,loader,38,451.958924,24.0,0.0,54.68,0,0,24.0,1.0,0.0,0,0.0
21,S1,H1,feller_buncher,38,403.87247809999997,24.0,0.0,53.24,0,0,24.0,1.0,0.0,0,0.3
21,S1,H2,feller_buncher,38,198.54472965111972,18.655185018228757,5.344814981771243,53.72,0,0,24.0,0.7772993757595316,5.344814981771242,1,0.3
21,S1,H3,grapple_skidder,38,891.5978421,24.0,0.0,55.16,0,0,24.0,1.0,0.0,0,0.3
21,S1,H4,processor,38,383.06593499999997,24.0,0.0,54.92,0,0,24.0,1.0,0.0,0,0.3
21,S1,H5,processor,38,383.06593499999997,24.0,0.0,54.92,0,0,24.0,1.0,0.0,0,0.3
21,S1,H7,loader,38,481.15529209999994,24.0,0.0,54.68,0,0,24.0,1.0,0.0,0,0.3
21,S1,H8,loader,38,481.15529209999994,24.0,0.0,54.68,0,0,24.0,1.0,0.0,0,0.3
22,S1,H3,grapple_skidder,38,778.104169,24.0,0.0,54.44,0,0,24.0,1.0,0.0,0,0.0
22,S1,H4,processor,38,441.264891,24.0,0.0,55.16,0,0,24.0,1.0,0.0,0,0.0
22,S1,H5,processor,38,441.264891,24.0,0.0,55.16,0,0,24.0,1.0,0.0,0,0.0
22,S1,H6,processor,38,9.068060100000025,24.0,0.0,53.24,1,0,24.0,1.0,0.0,0,0.0
22,S1,H7,loader,38,485.857474,24.0,0.0,54.92,0,0,24.0,1.0,0.0,0,0.0
22,S1,H8,loader,38,403.03354799999977,24.0,0.0,54.92,1,0,24.0,1.0,0.0,0,0.0
23,S1,H3,grapple_skidder,38,611.0358464822664,21.5987497278195,2.4012502721805014,53.72,0,0,24.0,0.8999479053258125,2.4012502721805022,1,0.0
23,S1,H4,processor,38,405.4989210613801,20.748405606409623,3.251594393590377,54.44,0,0,24.0,0.8645169002670676,3.251594393590376,1,0.0
23,S1,H7,loader,38,733.483855,24.0,0.0,55.16,0,0,24.0,1.0,0.0,0,0.0
23,S1,H8,loader,38,158.11398710000003,24.0,0.0,55.16,1,0,24.0,1.0,0.0,0,0.0
24,S1,H3,grapple_skidder,38,1480.641393,24.0,0.0,55.64,0,0,24.0,1.0,0.0,0,0.0
24,S1,H4,processor,38,547.23705,24.0,0.0,53.72,0,0,24.0,1.0,0.0,0,0.0
24,S1,H7,loader,38,358.5511661655641,18.126128574059074,5.873871425940926,54.44,0,0,24.0,0.7552553572524614,5.8738714259409255,1,0.0
25,S1,H3,grapple_skidder,38,1332.369187,24.0,0.0,53.24,0,0,24.0,1.0,0.0,0,0.0
25,S1,H4,processor,38,569.826226,24.0,0.0,55.64,0,0,24.0,1.0,0.0,0,0.0
25,S1,H5,processor,38,569.826226,24.0,0.0,53.48,0,0,24.0,1.0,0.0,0,0.0
25,S1,H6,processor,38,569.826226,24.0,0.0,53.48,0,0,24.0,1.0,0.0,0,0.0
25,S1,H7,loader,38,485.857474,24.0,0.0,53.72,0,0,24.0,1.0,0.0,0,0.0
26,S1,H3,grapple_skidder,38,475.2776133,24.0,0.0,55.4,0,0,24.0,1.0,0.0,0,0.3
26,S1,H4,processor,38,372.3271531,24.0,0.0,53.24,0,0,24.0,1.0,0.0,0,0.3
26,S1,H5,processor,38,372.3271531,24.0,0.0,53.24,0,0,24.0,1.0,0.0,0,0.3
26,S1,H7,loader,38,656.0293775,24.0,0.0,55.64,0,0,24.0,1.0,0.0,0,0.3
26,S1,H8,loader,38,656.0293775,24.0,0.0,53.48,0,0,24.0,1.0,0.0,0,0.3
27,S1,H3,grapple_skidder,38,594.932972189536,24.0,0.0,53.24,1,0,24.0,1.0,0.0,0,0.0
27,S1,H4,processor,38,547.23705,24.0,0.0,55.4,0,0,24.0,1.0,0.0,0,0.0
27,S1,H7,loader,38,802.411354,24.0,0.0,53.24,0,0,24.0,1.0,0.0,0,0.0
28,S1,H3,grapple_skidder,38,1480.641393,24.0,0.0,55.4,0,0,24.0,1.0,0.0,0,0.0
28,S1,H4,processor,38,481.329283,24.0,0.0,53.24,0,0,24.0,1.0,0.0,0,0.0
28,S1,H5,processor,38,481.329283,24.0,0.0,55.16,0,0,24.0,1.0,0.0,0,0.0
28,S1,H7,loader,38,485.857474,24.0,0.0,55.4,0,0,24.0,1.0,0.0,0,0.0
28,S1,H8,loader,38,122.75915199999986,24.0,0.0,55.64,1,0,24.0,1.0,0.0,0,0.0
29,S1,H3,grapple_skidder,38,544.6729182999999,24.0,0.0,54.92,0,0,24.0,1.0,0.0,0,0.3
29,S1,H4,processor,38,398.8783582,24.0,0.0,55.4,0,0,24.0,1.0,0.0,0,0.3
29,S1,H5,processor,38,398.8783582,24.0,0.0,55.4,0,0,24.0,1.0,0.0,0,0.3
29,S1,H7,loader,38,316.3712468,24.0,0.0,53.24,0,0,24.0,1.0,0.0,0,0.3
29,S1,H8,loader,38,316.3712468,24.0,0.0,53.24,0,0,24.0,1.0,0.0,0,0.3
30,S1,H3,grapple_skidder,38,475.2776133,24.0,0.0,53.72,0,0,24.0,1.0,0.0,0,0.3
30,S1,H4,processor,38,328.3327887,24.0,0.0,54.92,0,0,24.0,1.0,0.0,0,0.3
30,S1,H5,processor,38,328.3327887,24.0,0.0,54.92,0,0,24.0,1.0,0.0,0,0.3
30,S1,H7,loader,38,656.0293775,24.0,0.0,55.4,0,0,24.0,1.0,0.0,0,0.3
31,S1,H3,grapple_skidder,38,923.199854,24.0,0.0,53.96,0,0,24.0,1.0,0.0,0,0.0
31,S1,H4,processor,38,547.23705,24.0,0.0,53.72,0,0,24.0,1.0,0.0,0,0.0
31,S1,H7,loader,38,474.741639,24.0,0.0,54.92,0,0,24.0,1.0,0.0,0,0.0
31,S1,H8,loader,38,474.741639,24.0,0.0,53.48,0,0,24.0,1.0,0.0,0,0.0
32,S1,H3,grapple_skidder,38,660.6979051684397,20.37869780908802,3.6213021909119796,53.24,0,0,24.0,0.8491124087120009,3.6213021909119805,1,0.0
32,S1,H4,processor,38,395.784917,24.0,0.0,53.96,0,0,24.0,1.0,0.0,0,0.0
32,S1,H5,processor,38,395.784917,24.0,0.0,53.24,0,0,24.0,1.0,0.0,0,0.0
32,S1,H7,loader,38,485.857474,24.0,0.0,53.72,0,0,24.0,1.0,0.0,0,0.0
33,S1,H3,grapple_skidder,38,0.0,24.0,0.0,53.48,1,0,24.0,1.0,0.0,0,0.3
33,S1,H4,processor,38,328.3327887,24.0,0.0,53.24,0,0,24.0,1.0,0.0,0,0.3
33,S1,H5,processor,38,328.3327887,24.0,0.0,53.24,0,0,24.0,1.0,0.0,0,0.3
33,S1,H7,loader,38,319.7080523,24.0,0.0,53.96,0,0,24.0,1.0,0.0,0,0.3
34,S1,H3,grapple_skidder,38,122.17881099999954,24.0,0.0,53.24,0,0,24.0,1.0,0.0,0,0.0
34,S1,H4,processor,38,34.96433208953596,24.0,0.0,53.48,1,0,24.0,1.0,0.0,0,0.0
34,S1,H7,loader,38,474.741639,24.0,0.0,53.24,0,0,24.0,1.0,0.0,0,0.0
34,S1,H8,loader,38,362.40291420134787,24.0,0.0,0.0,1,0,24.0,1.0,0.0,0,0.0
35,S1,H3,grapple_skidder,38,809.624168,24.0,0.0,53.48,0,0,24.0,1.0,0.0,0,0.0
35,S1,H4,processor,38,547.23705,24.0,0.0,53.24,0,0,24.0,1.0,0.0,0,0.0
35,S1,H5,processor,38,81.55246300000022,24.0,0.0,53.72,0,0,24.0,1.0,0.0,0,0.0
35,S1,H7,loader,38,381.04602307427905,20.240909719398047,3.759090280601953,53.48,1,0,24.0,0.843371238308252,3.7590902806019524,1,0.0
35,S1,H8,loader,38,0.0,24.0,0.0,53.48,1,0,24.0,1.0,0.0,0,0.0
36,S1,H3,grapple_skidder,38,778.104169,24.0,0.0,53.24,0,0,24.0,1.0,0.0,0,0.0
36,S1,H4,processor,38,409.650504,24.0,0.0,53.48,0,0,24.0,1.0,0.0,0,0.0
36,S1,H5,processor,38,409.650504,24.0,0.0,53.48,0,0,24.0,1.0,0.0,0,0.0
36,S1,H7,loader,38,485.857474,24.0,0.0,53.24,0,0,24.0,1.0,0.0,0,0.0
36,S1,H8,loader,38,204.31161500000007,24.0,0.0,53.24,1,0,24.0,1.0,0.0,0,0.0
37,S1,H3,grapple_skidder,38,1332.369187,24.0,0.0,54.68,0,0,24.0,1.0,0.0,0,0.0
37,S1,H4,processor,38,469.046841,24.0,0.0,53.24,0,0,24.0,1.0,0.0,0,0.0
37,S1,H7,loader,38,424.433991,24.0,0.0,53.48,0,0,24.0,1.0,0.0,0,0.0
37,S1,H8,loader,38,424.433991,24.0,0.0,53.48,0,0,24.0,1.0,0.0,0,0.0
38,S1,H3,grapple_skidder,38,54.40321520664838,24.0,0.0,53.24,1,0,24.0,1.0,0.0,0,0.0
38,S1,H4,processor,38,531.895933,24.0,0.0,54.68,0,0,24.0,1.0,0.0,0,0.0
38,S1,H5,processor,38,531.895933,24.0,0.0,54.92,0,0,24.0,1.0,0.0,0,0.0
38,S1,H6,processor,38,432.91693680427124,19.533908493529523,4.466091506470477,53.24,0,0,24.0,0.8139128538970635,4.466091506470478,1,0.0
38,S1,H7,loader,38,276.95976395662643,24.0,0.0,53.24,0,0,24.0,1.0,0.0,0,0.0
39,S1,H3,grapple_skidder,38,159.77199800000017,24.0,0.0,53.72,0,0,24.0,1.0,0.0,0,0.0
39,S1,H4,processor,38,569.826226,24.0,0.0,53.24,0,0,24.0,1.0,0.0,0,0.0
39,S1,H5,processor,38,360.77644299999906,24.0,0.0,53.24,0,0,24.0,1.0,0.0,0,0.0
39,S1,H7,loader,38,802.411354,24.0,0.0,54.68,0,0,24.0,1.0,0.0,0,0.0
39,S1,H8,loader,38,735.0573631042715,24.0,0.0,54.92,1,0,24.0,1.0,0.0,0,0.0
40,S1,H3,grapple_skidder,38,567.1587449999993,24.0,0.0,53.48,0,0,24.0,1.0,0.0,0,0.0
40,S1,H4,processor,38,159.77199800000017,24.0,0.0,53.72,1,0,24.0,1.0,0.0,0,0.0
40,S1,H7,loader,38,937.184825,24.0,0.0,53.24,0,0,24.0,1.0,0.0,0,0.0
40,S1,H8,loader,38,233.46212599999876,24.0,0.0,53.24,0,0,24.0,1.0,0.0,0,0.0
41,S1,H3,grapple_skidder,38,403.87247809999997,24.0,0.0,54.2,1,0,24.0,1.0,0.0,0,0.0
41,S1,H4,processor,38,531.895933,24.0,0.0,53.48,0,0,24.0,1.0,0.0,0,0.0
41,S1,H5,processor,38,45.780229999999165,24.0,0.0,53.24,0,0,24.0,1.0,0.0,0,0.0
41,S1,H7,loader,38,687.364703,24.0,0.0,53.72,0,0,24.0,1.0,0.0,0,0.0
41,S1,H8,loader,38,7.131940999999415,24.0,0.0,53.72,0,0,24.0,1.0,0.0,0,0.0
42,S1,H3,grapple_skidder,38,878.7525926511197,24.0,0.0,53.24,1,0,24.0,1.0,0.0,0,0.0
42,S1,H4,processor,38,403.87247809999997,24.0,0.0,54.2,1,0,24.0,1.0,0.0,0,0.0
42,S1,H5,processor,38,0.0,24.0,0.0,54.2,1,0,24.0,1.0,0.0,0,0.0
42,S1,H7,loader,38,577.6761629999992,24.0,0.0,53.48,1,0,24.0,1.0,0.0,0,0.0
42,S1,H8,loader,38,0.0,24.0,0.0,53.48,1,0,24.0,1.0,0.0,0,0.0
1,S1,H1,feller_buncher,39,1176.844281,24.0,0.0,0.0,0,0,24.0,1.0,0.0,0,0.0
1,S1,H2,feller_buncher,39,1299.478592,24.0,0.0,0.0,0,0,24.0,1.0,0.0,0,0.0
2,S1,H1,feller_buncher,39,1164.04956,24.0,0.0,54.2,0,0,24.0,1.0,0.0,0,0.0
2,S1,H2,feller_buncher,39,1299.478592,24.0,0.0,0.0,0,0,24.0,1.0,0.0,0,0.0
2,S1,H3,grapple_skidder,39,905.3289580585571,18.654905663765057,5.3450943362349435,0.0,0,0,24.0,0.7772877359902107,5.3450943362349435,1,0.0
3,S1,H1,feller_buncher,39,888.796776,24.0,0.0,53.24,0,0,24.0,1.0,0.0,0,0.0
3,S1,H2,feller_buncher,39,1299.478592,24.0,0.0,0.0,0,0,24.0,1.0,0.0,0,0.0
3,S1,H3,grapple_skidder,39,607.4763990155433,24.0,0.0,54.2,0,0,24.0,1.0,0.0,0,0.0
3,S1,H4,processor,39,517.165642,24.0,0.0,0.0,0,0,24.0,1.0,0.0,0,0.0
3,S1,H5,processor,39,388.16331605855703,24.0,0.0,0.0,1,0,24.0,1.0,0.0,0,0.0
4,S1,H1,feller_buncher,39,673.0877349,24.0,0.0,53.24,0,0,24.0,1.0,0.0,0,0.3
4,S1,H2,feller_buncher,39,909.6350143999999,24.0,0.0,0.0,0,0,24.0,1.0,0.0,0,0.3
4,S1,H3,grapple_skidder,39,566.7369176,24.0,0.0,53.24,0,0,24.0,1.0,0.0,0,0.3
4,S1,H4,processor,39,316.4155109896269,23.128887900043736,0.8711120999562638,54.2,0,0,24.0,0.9637036625018224,0.8711120999562638,1,0.3
4,S1,H7,loader,39,481.15529209999994,24.0,0.0,0.0,0,0,24.0,1.0,0.0,0,0.3
5,S1,H1,feller_buncher,39,356.0085949999998,24.0,0.0,53.24,0,0,24.0,1.0,0.0,0,0.0
5,S1,H2,feller_buncher,39,1194.708925,24.0,0.0,55.64,0,0,24.0,1.0,0.0,0,0.0
5,S1,H3,grapple_skidder,39,673.0877349,24.0,0.0,53.24,1,0,24.0,1.0,0.0,0,0.0
5,S1,H4,processor,39,320.8731920835988,18.79884568628865,5.201154313711349,53.24,0,0,24.0,0.7832852369286938,5.201154313711351,1,0.0
6,S1,H1,feller_buncher,39,1220.906942,24.0,0.0,55.4,0,0,24.0,1.0,0.0,0,0.0
6,S1,H2,feller_buncher,39,1164.04956,24.0,0.0,54.92,0,0,24.0,1.0,0.0,0,0.0
6,S1,H3,grapple_skidder,39,678.968019,24.0,0.0,53.24,0,0,24.0,1.0,0.0,0,0.0
6,S1,H4,processor,39,481.329283,24.0,0.0,53.24,0,0,24.0,1.0,0.0,0,0.0
7,S1,H1,feller_buncher,39,1176.844281,24.0,0.0,53.48,0,0,24.0,1.0,0.0,0,0.0
7,S1,H2,feller_buncher,39,1220.906942,24.0,0.0,54.68,0,0,24.0,1.0,0.0,0,0.0
7,S1,H3,grapple_skidder,39,778.104169,24.0,0.0,53.72,0,0,24.0,1.0,0.0,0,0.0
7,S1,H4,processor,39,403.27214120695646,24.0,0.0,53.24,0,0,24.0,1.0,0.0,0,0.0
7,S1,H7,loader,39,451.958924,24.0,0.0,54.68,0,0,24.0,1.0,0.0,0,0.0
8,S1,H1,feller_buncher,39,508.5649567336849,24.0,0.0,53.24,0,0,24.0,1.0,0.0,0,0.0
8,S1,H2,feller_buncher,39,1220.906942,24.0,0.0,0.0,0,0,24.0,1.0,0.0,0,0.0
8,S1,H3,grapple_skidder,39,678.968019,24.0,0.0,53.72,0,0,24.0,1.0,0.0,0,0.0
8,S1,H4,processor,39,469.046841,24.0,0.0,53.72,0,0,24.0,1.0,0.0,0,0.0
8,S1,H5,processor,39,469.046841,24.0,0.0,54.2,0,0,24.0,1.0,0.0,0,0.0
8,S1,H7,loader,39,403.27214120695646,24.0,0.0,53.24,1,0,24.0,1.0,0.0,0,0.0
9,S1,H1,feller_buncher,39,1194.708925,24.0,0.0,53.96,0,0,24.0,1.0,0.0,0,0.0
9,S1,H2,feller_buncher,39,961.553907,24.0,0.0,55.16,0,0,24.0,1.0,0.0,0,0.0
9,S1,H3,grapple_skidder,39,1332.369187,24.0,0.0,55.4,0,0,24.0,1.0,0.0,0,0.0
9,S1,H4,processor,39,547.23705,24.0,0.0,53.72,0,0,24.0,1.0,0.0,0,0.0
9,S1,H7,loader,39,474.741639,24.0,0.0,53.72,0,0,24.0,1.0,0.0,0,0.0
9,S1,H8,loader,39,474.741639,24.0,0.0,0.0,0,0,24.0,1.0,0.0,0,0.0
10,S1,H1,feller_buncher,39,961.553907,24.0,0.0,55.4,0,0,24.0,1.0,0.0,0,0.0
10,S1,H2,feller_buncher,39,860.013242,24.0,0.0,53.72,0,0,24.0,1.0,0.0,0,0.0
10,S1,H3,grapple_skidder,39,1480.641393,24.0,0.0,53.24,0,0,24.0,1.0,0.0,0,0.0
10,S1,H4,processor,39,531.895933,24.0,0.0,55.4,0,0,24.0,1.0,0.0,0,0.0
10,S1,H5,processor,39,531.895933,24.0,0.0,54.68,0,0,24.0,1.0,0.0,0,0.0
10,S1,H7,loader,39,285.46892761987846,24.0,0.0,53.72,0,0,24.0,1.0,0.0,0,0.0
11,S1,H1,feller_buncher,39,860.013242,24.0,0.0,53.72,0,0,24.0,1.0,0.0,0,0.0
11,S1,H2,feller_buncher,39,1005.8371929135814,19.772262569317057,4.227737430682943,54.44,0,0,24.0,0.823844273721544,4.227737430682945,1,0.0
11,S1,H3,grapple_skidder,39,1164.728216,24.0,0.0,53.72,0,0,24.0,1.0,0.0,0,0.0
11,S1,H4,processor,39,478.3740304604195,20.148206957133045,3.851793042866955,53.24,0,0,24.0,0.8395086232138769,3.8517930428669556,1,0.0
11,S1,H5,processor,39,569.826226,24.0,0.0,53.24,0,0,24.0,1.0,0.0,0,0.0
11,S1,H7,loader,39,802.411354,24.0,0.0,55.4,0,0,24.0,1.0,0.0,0,0.0
12,S1,H1,feller_buncher,39,1013.0077249999999,24.0,0.0,54.44,0,0,24.0,1.0,0.0,0,0.0
12,S1,H2,feller_buncher,39,888.796776,24.0,0.0,54.92,0,0,24.0,1.0,0.0,0,0.0
12,S1,H3,grapple_skidder,39,678.968019,24.0,0.0,54.92,0,0,24.0,1.0,0.0,0,0.0
12,S1,H4,processor,39,517.165642,24.0,0.0,53.72,0,0,24.0,1.0,0.0,0,0.0
12,S1,H5,processor,39,517.165642,24.0,0.0,53.72,0,0,24.0,1.0,0.0,0,0.0
12,S1,H7,loader,39,937.184825,24.0,0.0,53.24,0,0,24.0,1.0,0.0,0,0.0
13,S1,H1,feller_buncher,39,413.7565330000002,24.0,0.0,55.16,0,0,24.0,1.0,0.0,0,0.0
13,S1,H2,feller_buncher,39,680.207863,24.0,0.0,53.96,0,0,24.0,1.0,0.0,0,0.0
13,S1,H3,grapple_skidder,39,1332.369187,24.0,0.0,55.4,0,0,24.0,1.0,0.0,0,0.0
13,S1,H4,processor,39,547.23705,24.0,0.0,54.92,0,0,24.0,1.0,0.0,0,0.0
13,S1,H7,loader,39,687.364703,24.0,0.0,53.72,0,0,24.0,1.0,0.0,0,0.0
13,S1,H8,loader,39,687.364703,24.0,0.0,54.2,0,0,24.0,1.0,0.0,0,0.0
14,S1,H1,feller_buncher,39,1164.04956,24.0,0.0,53.48,0,0,24.0,1.0,0.0,0,0.0
14,S1,H2,feller_buncher,39,1176.844281,24.0,0.0,53.48,0,0,24.0,1.0,0.0,0,0.0
14,S1,H3,grapple_skidder,39,678.968019,24.0,0.0,55.4,0,0,24.0,1.0,0.0,0,0.0
14,S1,H4,processor,39,531.895933,24.0,0.0,55.4,0,0,24.0,1.0,0.0,0,0.0
14,S1,H5,processor,39,531.895933,24.0,0.0,53.48,0,0,24.0,1.0,0.0,0,0.0
14,S1,H6,processor,39,531.895933,24.0,0.0,0.0,0,0,24.0,1.0,0.0,0,0.0
14,S1,H7,loader,39,485.857474,24.0,0.0,54.92,0,0,24.0,1.0,0.0,0,0.0
15,S1,H1,feller_buncher,39,787.363583,24.0,0.0,54.44,0,0,24.0,1.0,0.0,0,0.0
15,S1,H2,feller_buncher,39,1176.844281,24.0,0.0,0.0,0,0,24.0,1.0,0.0,0,0.0
15,S1,H3,grapple_skidder,39,739.620424,24.0,0.0,53.24,0,0,24.0,1.0,0.0,0,0.0
15,S1,H4,processor,39,547.23705,24.0,0.0,55.4,0,0,24.0,1.0,0.0,0,0.0
15,S1,H7,loader,39,802.411354,24.0,0.0,55.4,0,0,24.0,1.0,0.0,0,0.0
15,S1,H8,loader,39,802.411354,24.0,0.0,53.48,0,0,24.0,1.0,0.0,0,0.0
16,S1,H1,feller_buncher,39,1194.708925,24.0,0.0,53.48,0,0,24.0,1.0,0.0,0,0.0
16,S1,H2,feller_buncher,39,111.30773800000088,24.0,0.0,0.0,0,0,24.0,1.0,0.0,0,0.0
16,S1,H3,grapple_skidder,39,508.5649567336849,24.0,0.0,54.44,1,0,24.0,1.0,0.0,0,0.0
16,S1,H4,processor,39,423.4951451631105,21.116279110561933,2.8837208894380666,53.24,0,0,24.0,0.8798449629400805,2.8837208894380684,1,0.0
16,S1,H5,processor,39,395.22840211570025,19.706845159422404,4.293154840577596,55.16,0,0,24.0,0.8211185483092668,4.293154840577595,1,0.0
16,S1,H7,loader,39,485.857474,24.0,0.0,55.4,0,0,24.0,1.0,0.0,0,0.0
17,S1,H1,feller_buncher,39,717.60636863112,24.0,0.0,0.0,0,0,24.0,1.0,0.0,0,0.0
17,S1,H2,feller_buncher,39,1164.04956,24.0,0.0,54.2,0,0,24.0,1.0,0.0,0,0.0
17,S1,H3,grapple_skidder,39,1164.728216,24.0,0.0,53.24,0,0,24.0,1.0,0.0,0,0.0
17,S1,H4,processor,39,456.082335,24.0,0.0,54.44,0,0,24.0,1.0,0.0,0,0.0
17,S1,H5,processor,39,52.48262173368488,24.0,0.0,54.44,1,0,24.0,1.0,0.0,0,0.0
17,S1,H7,loader,39,451.958924,24.0,0.0,53.24,0,0,24.0,1.0,0.0,0,0.0
17,S1,H8,loader,39,321.8483326750581,17.09084514990436,6.909154850095639,55.16,0,0,24.0,0.7121185479126817,6.9091548500956375,1,0.0
18,S1,H1,feller_buncher,39,140.55055100000027,24.0,0.0,0.0,0,0,24.0,1.0,0.0,0,0.0
18,S1,H2,feller_buncher,39,1164.04956,24.0,0.0,0.0,0,0,24.0,1.0,0.0,0,0.0
18,S1,H3,grapple_skidder,39,739.620424,24.0,0.0,54.68,0,0,24.0,1.0,0.0,0,0.0
18,S1,H4,processor,39,517.165642,24.0,0.0,53.24,0,0,24.0,1.0,0.0,0,0.0
18,S1,H5,processor,39,517.165642,24.0,0.0,53.24,0,0,24.0,1.0,0.0,0,0.0
18,S1,H7,loader,39,508.5649567336849,24.0,0.0,54.44,1,0,24.0,1.0,0.0,0,0.0
19,S1,H1,feller_buncher,39,502.7667789999996,24.0,0.0,54.92,0,0,24.0,1.0,0.0,0,0.0
19,S1,H2,feller_buncher,39,256.1621419999998,24.0,0.0,53.24,0,0,24.0,1.0,0.0,0,0.0
19,S1,H3,grapple_skidder,39,1164.728216,24.0,0.0,54.68,0,0,24.0,1.0,0.0,0,0.0
19,S1,H4,processor,39,481.329283,24.0,0.0,54.68,0,0,24.0,1.0,0.0,0,0.0
19,S1,H7,loader,39,551.2485570961165,19.247373792347318,4.752626207652682,53.24,0,0,24.0,0.8019739080144715,4.752626207652684,1,0.0
20,S1,H1,feller_buncher,39,59.00278800000001,24.0,0.0,53.24,0,0,24.0,1.0,0.0,0,0.0
20,S1,H2,feller_buncher,39,486.3476200000001,24.0,0.0,54.68,0,0,24.0,1.0,0.0,0,0.0
20,S1,H3,grapple_skidder,39,678.968019,24.0,0.0,54.92,0,0,24.0,1.0,0.0,0,0.0
20,S1,H4,processor,39,517.165642,24.0,0.0,54.68,0,0,24.0,1.0,0.0,0,0.0
20,S1,H5,processor,39,517.165642,24.0,0.0,0.0,0,0,24.0,1.0,0.0,0,0.0
20,S1,H6,processor,39,391.19079599999964,24.0,0.0,53.48,1,0,24.0,1.0,0.0,0,0.0
20,S1,H7,loader,39,451.958924,24.0,0.0,54.68,0,0,24.0,1.0,0.0,0,0.0
21,S1,H1,feller_buncher,39,576.960683,24.0,0.0,53.24,0,0,24.0,1.0,0.0,0,0.0
21,S1,H2,feller_buncher,39,364.89843800000006,24.0,0.0,53.72,0,0,24.0,1.0,0.0,0,0.0
21,S1,H3,grapple_skidder,39,1273.711203,24.0,0.0,55.16,0,0,24.0,1.0,0.0,0,0.0
21,S1,H4,processor,39,547.23705,24.0,0.0,54.92,0,0,24.0,1.0,0.0,0,0.0
21,S1,H5,processor,39,547.23705,24.0,0.0,54.92,0,0,24.0,1.0,0.0,0,0.0
21,S1,H7,loader,39,566.4214363907987,19.777149472540152,4.222850527459848,54.68,0,0,24.0,0.824047894689173,4.222850527459848,1,0.0
21,S1,H8,loader,39,605.4352847647955,21.139355528349107,2.860644471650893,54.68,0,0,24.0,0.8808064803478795,2.8606444716508923,1,0.0
22,S1,H3,grapple_skidder,39,778.104169,24.0,0.0,54.44,0,0,24.0,1.0,0.0,0,0.0
22,S1,H4,processor,39,441.264891,24.0,0.0,55.16,0,0,24.0,1.0,0.0,0,0.0
22,S1,H5,processor,39,441.264891,24.0,0.0,55.16,0,0,24.0,1.0,0.0,0,0.0
22,S1,H6,processor,39,391.18142100000006,24.0,0.0,53.24,0,0,24.0,1.0,0.0,0,0.0
22,S1,H7,loader,39,457.352810865517,22.59194938467162,1.4080506153283814,54.92,0,0,24.0,0.9413312243613174,1.4080506153283823,1,0.0
22,S1,H8,loader,39,485.857474,24.0,0.0,54.92,0,0,24.0,1.0,0.0,0,0.0
23,S1,H3,grapple_skidder,39,678.968019,24.0,0.0,53.72,0,0,24.0,1.0,0.0,0,0.0
23,S1,H4,processor,39,469.046841,24.0,0.0,54.44,0,0,24.0,1.0,0.0,0,0.0
23,S1,H7,loader,39,733.483855,24.0,0.0,55.16,0,0,24.0,1.0,0.0,0,0.0
23,S1,H8,loader,39,540.2273480000001,24.0,0.0,55.16,0,0,24.0,1.0,0.0,0,0.0
24,S1,H3,grapple_skidder,39,1480.641393,24.0,0.0,55.64,0,0,24.0,1.0,0.0,0,0.0
24,S1,H4,processor,39,547.23705,24.0,0.0,53.72,0,0,24.0,1.0,0.0,0,0.0
24,S1,H7,loader,39,474.741639,24.0,0.0,54.44,0,0,24.0,1.0,0.0,0,0.0
25,S1,H3,grapple_skidder,39,1143.3202443323319,20.59465659496369,3.4053434050363087,53.24,0,0,24.0,0.8581106914568205,3.405343405036308,1,0.0
25,S1,H4,processor,39,569.826226,24.0,0.0,55.64,0,0,24.0,1.0,0.0,0,0.0
25,S1,H5,processor,39,569.826226,24.0,0.0,53.48,0,0,24.0,1.0,0.0,0,0.0
25,S1,H6,processor,39,569.826226,24.0,0.0,53.48,0,0,24.0,1.0,0.0,0,0.0
25,S1,H7,loader,39,485.857474,24.0,0.0,53.72,0,0,24.0,1.0,0.0,0,0.0
26,S1,H3,grapple_skidder,39,678.968019,24.0,0.0,55.4,0,0,24.0,1.0,0.0,0,0.0
26,S1,H4,processor,39,531.895933,24.0,0.0,53.24,0,0,24.0,1.0,0.0,0,0.0
26,S1,H5,processor,39,531.895933,24.0,0.0,53.24,0,0,24.0,1.0,0.0,0,0.0
26,S1,H7,loader,39,937.184825,24.0,0.0,55.64,0,0,24.0,1.0,0.0,0,0.0
26,S1,H8,loader,39,883.3092844604193,24.0,0.0,53.48,1,0,24.0,1.0,0.0,0,0.0
27,S1,H3,grapple_skidder,39,517.7342967999999,24.0,0.0,53.24,0,0,24.0,1.0,0.0,0,0.3
27,S1,H4,processor,39,383.06593499999997,24.0,0.0,55.4,0,0,24.0,1.0,0.0,0,0.3
27,S1,H7,loader,39,561.6879478,24.0,0.0,53.24,0,0,24.0,1.0,0.0,0,0.3
28,S1,H3,grapple_skidder,39,1480.641393,24.0,0.0,55.4,0,0,24.0,1.0,0.0,0,0.0
28,S1,H4,processor,39,481.329283,24.0,0.0,53.24,0,0,24.0,1.0,0.0,0,0.0
28,S1,H5,processor,39,407.351483421189,24.0,0.0,55.16,1,0,24.0,1.0,0.0,0,0.0
28,S1,H7,loader,39,485.857474,24.0,0.0,55.4,0,0,24.0,1.0,0.0,0,0.0
28,S1,H8,loader,39,485.857474,24.0,0.0,55.64,0,0,24.0,1.0,0.0,0,0.0
29,S1,H3,grapple_skidder,39,778.104169,24.0,0.0,54.92,0,0,24.0,1.0,0.0,0,0.0
29,S1,H4,processor,39,569.826226,24.0,0.0,55.4,0,0,24.0,1.0,0.0,0,0.0
29,S1,H5,processor,39,569.826226,24.0,0.0,55.4,0,0,24.0,1.0,0.0,0,0.0
29,S1,H7,loader,39,451.958924,24.0,0.0,53.24,0,0,24.0,1.0,0.0,0,0.0
29,S1,H8,loader,39,451.958924,24.0,0.0,53.24,0,0,24.0,1.0,0.0,0,0.0
30,S1,H3,grapple_skidder,39,411.3032524000008,24.0,0.0,53.72,1,0,24.0,1.0,0.0,0,0.0
30,S1,H4,processor,39,469.046841,24.0,0.0,54.92,0,0,24.0,1.0,0.0,0,0.0
30,S1,H5,processor,39,469.046841,24.0,0.0,54.92,0,0,24.0,1.0,0.0,0,0.0
30,S1,H7,loader,39,937.184825,24.0,0.0,55.4,0,0,24.0,1.0,0.0,0,0.0
31,S1,H3,grapple_skidder,39,646.2398977999999,24.0,0.0,53.96,0,0,24.0,1.0,0.0,0,0.3
31,S1,H4,processor,39,383.06593499999997,24.0,0.0,53.72,0,0,24.0,1.0,0.0,0,0.3
31,S1,H7,loader,39,332.3191473,24.0,0.0,54.92,0,0,24.0,1.0,0.0,0,0.3
31,S1,H8,loader,39,332.3191473,24.0,0.0,53.48,0,0,24.0,1.0,0.0,0,0.3
32,S1,H3,grapple_skidder,39,778.104169,24.0,0.0,53.24,0,0,24.0,1.0,0.0,0,0.0
32,S1,H4,processor,39,395.784917,24.0,0.0,53.96,0,0,24.0,1.0,0.0,0,0.0
32,S1,H5,processor,39,250.45498079999987,24.0,0.0,53.24,1,0,24.0,1.0,0.0,0,0.0
32,S1,H7,loader,39,391.587587514604,24.0,0.0,53.72,1,0,24.0,1.0,0.0,0,0.0
33,S1,H3,grapple_skidder,39,339.88920220000034,24.0,0.0,53.48,1,0,24.0,1.0,0.0,0,0.0
33,S1,H4,processor,39,380.3601191201549,19.462113505383822,4.537886494616178,53.24,0,0,24.0,0.8109213960576592,4.5378864946161785,1,0.0
33,S1,H5,processor,39,469.046841,24.0,0.0,53.24,0,0,24.0,1.0,0.0,0,0.0
33,S1,H7,loader,39,456.725789,24.0,0.0,53.96,0,0,24.0,1.0,0.0,0,0.0
34,S1,H3,grapple_skidder,39,0.0,24.0,0.0,53.24,1,0,24.0,1.0,0.0,0,0.0
34,S1,H4,processor,39,339.88920220000034,24.0,0.0,53.48,1,0,24.0,1.0,0.0,0,0.0
34,S1,H7,loader,39,372.1058473013764,24.0,0.0,53.24,0,0,24.0,1.0,0.0,0,0.0
34,S1,H8,loader,39,372.1058473013764,24.0,0.0,0.0,0,0,24.0,1.0,0.0,0,0.0
35,S1,H3,grapple_skidder,39,809.624168,24.0,0.0,53.48,0,0,24.0,1.0,0.0,0,0.0
35,S1,H4,processor,39,547.23705,24.0,0.0,53.24,0,0,24.0,1.0,0.0,0,0.0
35,S1,H5,processor,39,81.55246300000022,24.0,0.0,53.72,0,0,24.0,1.0,0.0,0,0.0
35,S1,H7,loader,39,428.3091292249418,24.0,0.0,53.48,1,0,24.0,1.0,0.0,0,0.0
35,S1,H8,loader,39,0.0,24.0,0.0,53.48,1,0,24.0,1.0,0.0,0,0.0
36,S1,H3,grapple_skidder,39,778.104169,24.0,0.0,53.24,0,0,24.0,1.0,0.0,0,0.0
36,S1,H4,processor,39,409.650504,24.0,0.0,53.48,0,0,24.0,1.0,0.0,0,0.0
36,S1,H5,processor,39,409.650504,24.0,0.0,53.48,0,0,24.0,1.0,0.0,0,0.0
36,S1,H7,loader,39,485.857474,24.0,0.0,53.24,0,0,24.0,1.0,0.0,0,0.0
36,S1,H8,loader,39,142.93203900000015,24.0,0.0,53.24,1,0,24.0,1.0,0.0,0,0.0
37,S1,H3,grapple_skidder,39,1332.369187,24.0,0.0,54.68,0,0,24.0,1.0,0.0,0,0.0
37,S1,H4,processor,39,469.046841,24.0,0.0,53.24,0,0,24.0,1.0,0.0,0,0.0
37,S1,H7,loader,39,424.433991,24.0,0.0,53.48,0,0,24.0,1.0,0.0,0,0.0
37,S1,H8,loader,39,424.433991,24.0,0.0,53.48,0,0,24.0,1.0,0.0,0,0.0
38,S1,H3,grapple_skidder,39,0.35951563111984797,24.0,0.0,53.24,1,0,24.0,1.0,0.0,0,0.0
38,S1,H4,processor,39,307.842087217557,24.0,0.0,54.68,0,0,24.0,1.0,0.0,0,0.0
38,S1,H5,processor,39,307.842087217557,24.0,0.0,54.92,0,0,24.0,1.0,0.0,0,0.0
38,S1,H6,processor,39,307.842087217557,24.0,0.0,53.24,0,0,24.0,1.0,0.0,0,0.0
38,S1,H7,loader,39,474.741639,24.0,0.0,53.24,0,0,24.0,1.0,0.0,0,0.0
39,S1,H3,grapple_skidder,39,159.77199800000017,24.0,0.0,53.72,0,0,24.0,1.0,0.0,0,0.0
39,S1,H4,processor,39,544.9523081707003,24.0,0.0,53.24,1,0,24.0,1.0,0.0,0,0.0
39,S1,H5,processor,39,0.0,24.0,0.0,53.24,1,0,24.0,1.0,0.0,0,0.0
39,S1,H7,loader,39,802.411354,24.0,0.0,54.68,0,0,24.0,1.0,0.0,0,0.0
39,S1,H8,loader,39,802.411354,24.0,0.0,54.92,0,0,24.0,1.0,0.0,0,0.0
40,S1,H3,grapple_skidder,39,541.1379385812497,24.0,0.0,53.48,1,0,24.0,1.0,0.0,0,0.0
40,S1,H4,processor,39,103.58933613684138,24.0,0.0,53.72,0,0,24.0,1.0,0.0,0,0.0
40,S1,H7,loader,39,747.4199351707003,24.0,0.0,53.24,1,0,24.0,1.0,0.0,0,0.0
40,S1,H8,loader,39,0.0,24.0,0.0,53.24,1,0,24.0,1.0,0.0,0,0.0
41,S1,H3,grapple_skidder,39,403.87247809999997,24.0,0.0,54.2,0,0,24.0,1.0,0.0,0,0.3
41,S1,H4,processor,39,372.3271531,24.0,0.0,53.48,0,0,24.0,1.0,0.0,0,0.3
41,S1,H5,processor,39,32.046160999999415,24.0,0.0,53.24,0,0,24.0,1.0,0.0,0,0.3
41,S1,H7,loader,39,481.15529209999994,24.0,0.0,53.72,0,0,24.0,1.0,0.0,0,0.3
41,S1,H8,loader,39,4.99235869999959,24.0,0.0,53.72,0,0,24.0,1.0,0.0,0,0.3
42,S1,H3,grapple_skidder,39,1045.106301,24.0,0.0,53.24,0,0,24.0,1.0,0.0,0,0.0
42,S1,H4,processor,39,403.87247809999997,24.0,0.0,54.2,1,0,24.0,1.0,0.0,0,0.0
42,S1,H5,processor,39,0.0,24.0,0.0,54.2,1,0,24.0,1.0,0.0,0,0.0
42,S1,H7,loader,39,477.42638895267083,24.0,0.0,53.48,1,0,24.0,1.0,0.0,0,0.0
42,S1,H8,loader,39,0.0,24.0,0.0,53.48,1,0,24.0,1.0,0.0,0,0.0
1,S1,H1,feller_buncher,40,1176.844281,24.0,0.0,0.0,0,0,24.0,1.0,0.0,0,0.0
1,S1,H2,feller_buncher,40,1007.727637382659,18.61166736110711,5.388332638892891,0.0,0,0,24.0,0.7754861400461296,5.3883326388928925,1,0.0
2,S1,H1,feller_buncher,40,1164.04956,24.0,0.0,54.2,0,0,24.0,1.0,0.0,0,0.0
2,S1,H2,feller_buncher,40,1299.478592,24.0,0.0,0.0,0,0,24.0,1.0,0.0,0,0.0
2,S1,H3,grapple_skidder,40,1164.728216,24.0,0.0,0.0,0,0,24.0,1.0,0.0,0,0.0
3,S1,H1,feller_buncher,40,888.796776,24.0,0.0,53.24,0,0,24.0,1.0,0.0,0,0.0
3,S1,H2,feller_buncher,40,523.3515036550777,24.0,0.0,0.0,0,0,24.0,1.0,0.0,0,0.0
3,S1,H3,grapple_skidder,40,778.104169,24.0,0.0,54.2,0,0,24.0,1.0,0.0,0,0.0
3,S1,H4,processor,40,517.165642,24.0,0.0,0.0,0,0,24.0,1.0,0.0,0,0.0
3,S1,H5,processor,40,517.165642,24.0,0.0,0.0,0,0,24.0,1.0,0.0,0,0.0
4,S1,H1,feller_buncher,40,961.553907,24.0,0.0,53.24,0,0,24.0,1.0,0.0,0,0.0
4,S1,H2,feller_buncher,40,1299.478592,24.0,0.0,0.0,0,0,24.0,1.0,0.0,0,0.0
4,S1,H3,grapple_skidder,40,809.624168,24.0,0.0,53.24,0,0,24.0,1.0,0.0,0,0.0
4,S1,H4,processor,40,469.046841,24.0,0.0,54.2,0,0,24.0,1.0,0.0,0,0.0
4,S1,H7,loader,40,687.364703,24.0,0.0,0.0,0,0,24.0,1.0,0.0,0,0.0
5,S1,H1,feller_buncher,40,263.4610951032681,24.0,0.0,53.24,0,0,24.0,1.0,0.0,0,0.0
5,S1,H2,feller_buncher,40,1194.708925,24.0,0.0,55.64,0,0,24.0,1.0,0.0,0,0.0
5,S1,H3,grapple_skidder,40,739.620424,24.0,0.0,53.24,0,0,24.0,1.0,0.0,0,0.0
5,S1,H4,processor,40,409.650504,24.0,0.0,53.24,0,0,24.0,1.0,0.0,0,0.0
6,S1,H1,feller_buncher,40,1220.906942,24.0,0.0,55.4,0,0,24.0,1.0,0.0,0,0.0
6,S1,H2,feller_buncher,40,1164.04956,24.0,0.0,54.92,0,0,24.0,1.0,0.0,0,0.0
6,S1,H3,grapple_skidder,40,678.968019,24.0,0.0,53.24,0,0,24.0,1.0,0.0,0,0.0
6,S1,H4,processor,40,481.329283,24.0,0.0,53.24,0,0,24.0,1.0,0.0,0,0.0
7,S1,H1,feller_buncher,40,1176.844281,24.0,0.0,53.48,0,0,24.0,1.0,0.0,0,0.0
7,S1,H2,feller_buncher,40,1220.906942,24.0,0.0,54.68,0,0,24.0,1.0,0.0,0,0.0
7,S1,H3,grapple_skidder,40,375.5468460806172,24.0,0.0,53.72,0,0,24.0,1.0,0.0,0,0.0
7,S1,H4,processor,40,547.23705,24.0,0.0,53.24,0,0,24.0,1.0,0.0,0,0.0
7,S1,H7,loader,40,451.958924,24.0,0.0,54.68,0,0,24.0,1.0,0.0,0,0.0
8,S1,H1,feller_buncher,40,674.603847,24.0,0.0,53.24,0,0,24.0,1.0,0.0,0,0.0
8,S1,H2,feller_buncher,40,1220.906942,24.0,0.0,0.0,0,0,24.0,1.0,0.0,0,0.0
8,S1,H3,grapple_skidder,40,678.968019,24.0,0.0,53.72,0,0,24.0,1.0,0.0,0,0.0
8,S1,H4,processor,40,469.046841,24.0,0.0,53.72,0,0,24.0,1.0,0.0,0,0.0
8,S1,H5,processor,40,215.55733308061724,24.0,0.0,54.2,1,0,24.0,1.0,0.0,0,0.0
8,S1,H7,loader,40,485.857474,24.0,0.0,53.24,0,0,24.0,1.0,0.0,0,0.0
9,S1,H1,feller_buncher,40,1194.708925,24.0,0.0,53.96,0,0,24.0,1.0,0.0,0,0.0
9,S1,H2,feller_buncher,40,961.553907,24.0,0.0,55.16,0,0,24.0,1.0,0.0,0,0.0
9,S1,H3,grapple_skidder,40,1332.369187,24.0,0.0,55.4,0,0,24.0,1.0,0.0,0,0.0
9,S1,H4,processor,40,547.23705,24.0,0.0,53.72,0,0,24.0,1.0,0.0,0,0.0
9,S1,H7,loader,40,474.741639,24.0,0.0,53.72,0,0,24.0,1.0,0.0,0,0.0
9,S1,H8,loader,40,474.741639,24.0,0.0,0.0,0,0,24.0,1.0,0.0,0,0.0
10,S1,H1,feller_buncher,40,961.553907,24.0,0.0,55.4,0,0,24.0,1.0,0.0,0,0.0
10,S1,H2,feller_buncher,40,860.013242,24.0,0.0,53.72,0,0,24.0,1.0,0.0,0,0.0
10,S1,H3,grapple_skidder,40,1480.641393,24.0,0.0,53.24,0,0,24.0,1.0,0.0,0,0.0
10,S1,H4,processor,40,531.895933,24.0,0.0,55.4,0,0,24.0,1.0,0.0,0,0.0
10,S1,H5,processor,40,531.895933,24.0,0.0,54.68,0,0,24.0,1.0,0.0,0,0.0
10,S1,H7,loader,40,485.857474,24.0,0.0,53.72,0,0,24.0,1.0,0.0,0,0.0
11,S1,H1,feller_buncher,40,860.013242,24.0,0.0,53.72,0,0,24.0,1.0,0.0,0,0.0
11,S1,H2,feller_buncher,40,1220.906942,24.0,0.0,54.44,0,0,24.0,1.0,0.0,0,0.0
11,S1,H3,grapple_skidder,40,1164.728216,24.0,0.0,53.72,0,0,24.0,1.0,0.0,0,0.0
11,S1,H4,processor,40,569.826226,24.0,0.0,53.24,0,0,24.0,1.0,0.0,0,0.0
11,S1,H5,processor,40,569.826226,24.0,0.0,53.24,0,0,24.0,1.0,0.0,0,0.0
11,S1,H7,loader,40,802.411354,24.0,0.0,55.4,0,0,24.0,1.0,0.0,0,0.0
12,S1,H1,feller_buncher,40,1013.0077249999999,24.0,0.0,54.44,0,0,24.0,1.0,0.0,0,0.0
12,S1,H2,feller_buncher,40,888.796776,24.0,0.0,54.92,0,0,24.0,1.0,0.0,0,0.0
12,S1,H3,grapple_skidder,40,678.968019,24.0,0.0,54.92,0,0,24.0,1.0,0.0,0,0.0
12,S1,H4,processor,40,517.165642,24.0,0.0,53.72,0,0,24.0,1.0,0.0,0,0.0
12,S1,H5,processor,40,517.165642,24.0,0.0,53.72,0,0,24.0,1.0,0.0,0,0.0
12,S1,H7,loader,40,937.184825,24.0,0.0,53.24,0,0,24.0,1.0,0.0,0,0.0
13,S1,H1,feller_buncher,40,413.7565330000002,24.0,0.0,55.16,0,0,24.0,1.0,0.0,0,0.0
13,S1,H2,feller_buncher,40,680.207863,24.0,0.0,53.96,0,0,24.0,1.0,0.0,0,0.0
13,S1,H3,grapple_skidder,40,1332.369187,24.0,0.0,55.4,0,0,24.0,1.0,0.0,0,0.0
13,S1,H4,processor,40,497.6402508542204,21.82484906769615,2.1751509323038505,54.92,0,0,24.0,0.9093687111540062,2.1751509323038523,1,0.0
13,S1,H7,loader,40,687.364703,24.0,0.0,53.72,0,0,24.0,1.0,0.0,0,0.0
13,S1,H8,loader,40,687.364703,24.0,0.0,54.2,0,0,24.0,1.0,0.0,0,0.0
14,S1,H1,feller_buncher,40,1164.04956,24.0,0.0,53.48,0,0,24.0,1.0,0.0,0,0.0
14,S1,H2,feller_buncher,40,1176.844281,24.0,0.0,53.48,0,0,24.0,1.0,0.0,0,0.0
14,S1,H3,grapple_skidder,40,678.968019,24.0,0.0,55.4,0,0,24.0,1.0,0.0,0,0.0
14,S1,H4,processor,40,431.6456830210235,19.476547478140922,4.5234525218590775,55.4,0,0,24.0,0.8115228115892051,4.5234525218590775,1,0.0
14,S1,H5,processor,40,531.895933,24.0,0.0,53.48,0,0,24.0,1.0,0.0,0,0.0
14,S1,H6,processor,40,531.895933,24.0,0.0,0.0,0,0,24.0,1.0,0.0,0,0.0
14,S1,H7,loader,40,485.857474,24.0,0.0,54.92,0,0,24.0,1.0,0.0,0,0.0
15,S1,H1,feller_buncher,40,551.1545080999999,24.0,0.0,54.44,0,0,24.0,1.0,0.0,0,0.3
15,S1,H2,feller_buncher,40,823.7909966999999,24.0,0.0,0.0,0,0,24.0,1.0,0.0,0,0.3
15,S1,H3,grapple_skidder,40,517.7342967999999,24.0,0.0,53.24,0,0,24.0,1.0,0.0,0,0.3
15,S1,H4,processor,40,383.06593499999997,24.0,0.0,55.4,0,0,24.0,1.0,0.0,0,0.3
15,S1,H7,loader,40,561.6879478,24.0,0.0,55.4,0,0,24.0,1.0,0.0,0,0.3
15,S1,H8,loader,40,561.6879478,24.0,0.0,53.48,0,0,24.0,1.0,0.0,0,0.3
16,S1,H1,feller_buncher,40,1194.708925,24.0,0.0,53.48,0,0,24.0,1.0,0.0,0,0.0
16,S1,H2,feller_buncher,40,94.72082291459306,20.423555368183074,3.5764446318169263,0.0,0,0,24.0,0.8509814736742948,3.576444631816926,1,0.0
16,S1,H3,grapple_skidder,40,674.603847,24.0,0.0,54.44,0,0,24.0,1.0,0.0,0,0.0
16,S1,H4,processor,40,481.329283,24.0,0.0,53.24,0,0,24.0,1.0,0.0,0,0.0
16,S1,H5,processor,40,294.6961548,24.0,0.0,55.16,1,0,24.0,1.0,0.0,0,0.0
16,S1,H7,loader,40,485.857474,24.0,0.0,55.4,0,0,24.0,1.0,0.0,0,0.0
17,S1,H1,feller_buncher,40,1194.708925,24.0,0.0,0.0,0,0,24.0,1.0,0.0,0,0.0
17,S1,H2,feller_buncher,40,825.6796024172222,24.0,0.0,54.2,0,0,24.0,1.0,0.0,0,0.0
17,S1,H3,grapple_skidder,40,1164.728216,24.0,0.0,53.24,0,0,24.0,1.0,0.0,0,0.0
17,S1,H4,processor,40,456.082335,24.0,0.0,54.44,0,0,24.0,1.0,0.0,0,0.0
17,S1,H5,processor,40,218.52151199999997,24.0,0.0,54.44,0,0,24.0,1.0,0.0,0,0.0
17,S1,H7,loader,40,451.958924,24.0,0.0,53.24,0,0,24.0,1.0,0.0,0,0.0
17,S1,H8,loader,40,353.43687279999995,24.0,0.0,55.16,1,0,24.0,1.0,0.0,0,0.0
18,S1,H1,feller_buncher,40,140.55055100000027,24.0,0.0,0.0,0,0,24.0,1.0,0.0,0,0.0
18,S1,H2,feller_buncher,40,974.149943187392,20.084710685769608,3.9152893142303924,0.0,0,0,24.0,0.8368629452404003,3.9152893142303937,1,0.0
18,S1,H3,grapple_skidder,40,739.620424,24.0,0.0,54.68,0,0,24.0,1.0,0.0,0,0.0
18,S1,H4,processor,40,517.165642,24.0,0.0,53.24,0,0,24.0,1.0,0.0,0,0.0
18,S1,H5,processor,40,517.165642,24.0,0.0,53.24,0,0,24.0,1.0,0.0,0,0.0
18,S1,H7,loader,40,674.603847,24.0,0.0,54.44,0,0,24.0,1.0,0.0,0,0.0
19,S1,H1,feller_buncher,40,502.7667789999996,24.0,0.0,54.92,0,0,24.0,1.0,0.0,0,0.0
19,S1,H2,feller_buncher,40,256.1621419999998,24.0,0.0,53.24,0,0,24.0,1.0,0.0,0,0.0
19,S1,H3,grapple_skidder,40,954.8600146145927,24.0,0.0,54.68,1,0,24.0,1.0,0.0,0,0.0
19,S1,H4,processor,40,481.329283,24.0,0.0,54.68,0,0,24.0,1.0,0.0,0,0.0
19,S1,H7,loader,40,687.364703,24.0,0.0,53.24,0,0,24.0,1.0,0.0,0,0.0
20,S1,H1,feller_buncher,40,59.00278800000001,24.0,0.0,53.24,0,0,24.0,1.0,0.0,0,0.0
20,S1,H2,feller_buncher,40,486.3476200000001,24.0,0.0,54.68,0,0,24.0,1.0,0.0,0,0.0
20,S1,H3,grapple_skidder,40,678.968019,24.0,0.0,54.92,0,0,24.0,1.0,0.0,0,0.0
20,S1,H4,processor,40,273.75186889484627,24.0,0.0,54.68,0,0,24.0,1.0,0.0,0,0.0
20,S1,H5,processor,40,273.75186889484627,24.0,0.0,0.0,0,0,24.0,1.0,0.0,0,0.0
20,S1,H6,processor,40,273.75186889484627,24.0,0.0,53.48,0,0,24.0,1.0,0.0,0,0.0
20,S1,H7,loader,40,268.24871567937447,24.0,0.0,54.68,0,0,24.0,1.0,0.0,0,0.0
21,S1,H1,feller_buncher,40,576.960683,24.0,0.0,53.24,0,0,24.0,1.0,0.0,0,0.0
21,S1,H2,feller_buncher,40,364.89843800000006,24.0,0.0,53.72,0,0,24.0,1.0,0.0,0,0.0
21,S1,H3,grapple_skidder,40,794.2479434590722,24.0,0.0,55.16,0,0,24.0,1.0,0.0,0,0.0
21,S1,H4,processor,40,547.23705,24.0,0.0,54.92,0,0,24.0,1.0,0.0,0,0.0
21,S1,H5,processor,40,547.23705,24.0,0.0,54.92,0,0,24.0,1.0,0.0,0,0.0
21,S1,H7,loader,40,492.2676385485579,24.0,0.0,54.68,0,0,24.0,1.0,0.0,0,0.0
21,S1,H8,loader,40,492.2676385485579,24.0,0.0,54.68,0,0,24.0,1.0,0.0,0,0.0
22,S1,H3,grapple_skidder,40,778.104169,24.0,0.0,54.44,0,0,24.0,1.0,0.0,0,0.0
22,S1,H4,processor,40,393.2552043257098,21.388796381303393,2.6112036186966066,55.16,0,0,24.0,0.8911998492209747,2.6112036186966057,1,0.0
22,S1,H5,processor,40,400.99273913336236,24.0,0.0,55.16,1,0,24.0,1.0,0.0,0,0.0
22,S1,H6,processor,40,0.0,24.0,0.0,53.24,1,0,24.0,1.0,0.0,0,0.0
22,S1,H7,loader,40,485.857474,24.0,0.0,54.92,0,0,24.0,1.0,0.0,0,0.0
22,S1,H8,loader,40,485.857474,24.0,0.0,54.92,0,0,24.0,1.0,0.0,0,0.0
23,S1,H3,grapple_skidder,40,678.968019,24.0,0.0,53.72,0,0,24.0,1.0,0.0,0,0.0
23,S1,H4,processor,40,469.046841,24.0,0.0,54.44,0,0,24.0,1.0,0.0,0,0.0
23,S1,H7,loader,40,733.483855,24.0,0.0,55.16,0,0,24.0,1.0,0.0,0,0.0
23,S1,H8,loader,40,60.76408845907224,24.0,0.0,55.16,1,0,24.0,1.0,0.0,0,0.0
24,S1,H3,grapple_skidder,40,1480.641393,24.0,0.0,55.64,0,0,24.0,1.0,0.0,0,0.0
24,S1,H4,processor,40,547.23705,24.0,0.0,53.72,0,0,24.0,1.0,0.0,0,0.0
24,S1,H7,loader,40,474.741639,24.0,0.0,54.44,0,0,24.0,1.0,0.0,0,0.0
25,S1,H3,grapple_skidder,40,1332.369187,24.0,0.0,53.24,0,0,24.0,1.0,0.0,0,0.0
25,S1,H4,processor,40,569.826226,24.0,0.0,55.64,0,0,24.0,1.0,0.0,0,0.0
25,S1,H5,processor,40,569.826226,24.0,0.0,53.48,0,0,24.0,1.0,0.0,0,0.0
25,S1,H6,processor,40,569.826226,24.0,0.0,53.48,0,0,24.0,1.0,0.0,0,0.0
25,S1,H7,loader,40,406.67637060872926,20.088675006385724,3.9113249936142758,53.72,0,0,24.0,0.8370281252660718,3.911324993614277,1,0.0
26,S1,H3,grapple_skidder,40,319.6893061410044,24.0,0.0,55.4,1,0,24.0,1.0,0.0,0,0.0
26,S1,H4,processor,40,531.895933,24.0,0.0,53.24,0,0,24.0,1.0,0.0,0,0.0
26,S1,H5,processor,40,531.895933,24.0,0.0,53.24,0,0,24.0,1.0,0.0,0,0.0
26,S1,H7,loader,40,937.184825,24.0,0.0,55.64,0,0,24.0,1.0,0.0,0,0.0
26,S1,H8,loader,40,937.184825,24.0,0.0,53.48,0,0,24.0,1.0,0.0,0,0.0
27,S1,H3,grapple_skidder,40,739.620424,24.0,0.0,53.24,0,0,24.0,1.0,0.0,0,0.0
27,S1,H4,processor,40,547.23705,24.0,0.0,55.4,0,0,24.0,1.0,0.0,0,0.0
27,S1,H7,loader,40,802.411354,24.0,0.0,53.24,0,0,24.0,1.0,0.0,0,0.0
28,S1,H3,grapple_skidder,40,1480.641393,24.0,0.0,55.4,0,0,24.0,1.0,0.0,0,0.0
28,S1,H4,processor,40,481.329283,24.0,0.0,53.24,0,0,24.0,1.0,0.0,0,0.0
28,S1,H5,processor,40,481.329283,24.0,0.0,55.16,0,0,24.0,1.0,0.0,0,0.0
28,S1,H7,loader,40,485.857474,24.0,0.0,55.4,0,0,24.0,1.0,0.0,0,0.0
28,S1,H8,loader,40,356.4497972454907,24.0,0.0,55.64,1,0,24.0,1.0,0.0,0,0.0
29,S1,H3,grapple_skidder,40,778.104169,24.0,0.0,54.92,0,0,24.0,1.0,0.0,0,0.0
29,S1,H4,processor,40,569.826226,24.0,0.0,55.4,0,0,24.0,1.0,0.0,0,0.0
29,S1,H5,processor,40,569.826226,24.0,0.0,55.4,0,0,24.0,1.0,0.0,0,0.0
29,S1,H7,loader,40,451.958924,24.0,0.0,53.24,0,0,24.0,1.0,0.0,0,0.0
29,S1,H8,loader,40,451.958924,24.0,0.0,53.24,0,0,24.0,1.0,0.0,0,0.0
30,S1,H3,grapple_skidder,40,0.0,24.0,0.0,53.72,1,0,24.0,1.0,0.0,0,0.0
30,S1,H4,processor,40,469.046841,24.0,0.0,54.92,0,0,24.0,1.0,0.0,0,0.0
30,S1,H5,processor,40,357.6495791579126,18.300069736084,5.6999302639159986,54.92,0,0,24.0,0.7625029056701668,5.699930263915999,1,0.0
30,S1,H7,loader,40,937.184825,24.0,0.0,55.4,0,0,24.0,1.0,0.0,0,0.0
31,S1,H3,grapple_skidder,40,923.199854,24.0,0.0,53.96,0,0,24.0,1.0,0.0,0,0.0
31,S1,H4,processor,40,229.36893428678434,24.0,0.0,53.72,1,0,24.0,1.0,0.0,0,0.0
31,S1,H7,loader,40,474.741639,24.0,0.0,54.92,0,0,24.0,1.0,0.0,0,0.0
31,S1,H8,loader,40,474.741639,24.0,0.0,53.48,0,0,24.0,1.0,0.0,0,0.0
32,S1,H3,grapple_skidder,40,544.6729182999999,24.0,0.0,53.24,0,0,24.0,1.0,0.0,0,0.3
32,S1,H4,processor,40,277.0494419,24.0,0.0,53.96,0,0,24.0,1.0,0.0,0,0.3
32,S1,H5,processor,40,277.0494419,24.0,0.0,53.24,0,0,24.0,1.0,0.0,0,0.3
32,S1,H7,loader,40,229.36893428678434,24.0,0.0,53.72,1,0,24.0,1.0,0.0,0,0.3
33,S1,H3,grapple_skidder,40,145.7082479299157,24.0,0.0,53.48,0,0,24.0,1.0,0.0,0,0.0
33,S1,H4,processor,40,469.046841,24.0,0.0,53.24,0,0,24.0,1.0,0.0,0,0.0
33,S1,H5,processor,40,336.09115414208736,24.0,0.0,53.24,1,0,24.0,1.0,0.0,0,0.0
33,S1,H7,loader,40,456.725789,24.0,0.0,53.96,0,0,24.0,1.0,0.0,0,0.0
34,S1,H3,grapple_skidder,40,0.0,24.0,0.0,53.24,1,0,24.0,1.0,0.0,0,0.0
34,S1,H4,processor,40,180.96124692991557,24.0,0.0,53.48,1,0,24.0,1.0,0.0,0,0.0
34,S1,H7,loader,40,474.741639,24.0,0.0,53.24,0,0,24.0,1.0,0.0,0,0.0
34,S1,H8,loader,40,406.0824373806168,24.0,0.0,0.0,1,0,24.0,1.0,0.0,0,0.0
35,S1,H3,grapple_skidder,40,809.624168,24.0,0.0,53.48,0,0,24.0,1.0,0.0,0,0.0
35,S1,H4,processor,40,0.0,24.0,0.0,53.24,1,0,24.0,1.0,0.0,0,0.0
35,S1,H5,processor,40,0.0,20.68524908515637,3.3147509148436285,53.72,1,0,24.0,0.8618853785481821,3.3147509148436267,1,0.0
35,S1,H7,loader,40,451.958924,24.0,0.0,53.48,0,0,24.0,1.0,0.0,0,0.0
35,S1,H8,loader,40,0.8236082505410423,24.0,0.0,53.48,1,0,24.0,1.0,0.0,0,0.0
36,S1,H3,grapple_skidder,40,544.6729182999999,24.0,0.0,53.24,0,0,24.0,1.0,0.0,0,0.3
36,S1,H4,processor,40,286.75535279999997,24.0,0.0,53.48,0,0,24.0,1.0,0.0,0,0.3
36,S1,H5,processor,40,286.75535279999997,24.0,0.0,53.48,0,0,24.0,1.0,0.0,0,0.3
36,S1,H7,loader,40,0.0,24.0,0.0,53.24,1,0,24.0,1.0,0.0,0,0.3
36,S1,H8,loader,40,0.0,16.702836871277945,7.297163128722055,53.24,1,0,24.0,0.6959515363032477,7.2971631287220555,1,0.3
37,S1,H3,grapple_skidder,40,1332.369187,24.0,0.0,54.68,0,0,24.0,1.0,0.0,0,0.0
37,S1,H4,processor,40,469.046841,24.0,0.0,53.24,0,0,24.0,1.0,0.0,0,0.0
37,S1,H7,loader,40,424.433991,24.0,0.0,53.48,0,0,24.0,1.0,0.0,0,0.0
37,S1,H8,loader,40,424.433991,24.0,0.0,53.48,0,0,24.0,1.0,0.0,0,0.0
38,S1,H3,grapple_skidder,40,477.4620719999998,24.0,0.0,53.24,0,0,24.0,1.0,0.0,0,0.0
38,S1,H4,processor,40,531.895933,24.0,0.0,54.68,0,0,24.0,1.0,0.0,0,0.0
38,S1,H5,processor,40,531.895933,24.0,0.0,54.92,0,0,24.0,1.0,0.0,0,0.0
38,S1,H6,processor,40,531.895933,24.0,0.0,53.24,0,0,24.0,1.0,0.0,0,0.0
38,S1,H7,loader,40,469.046841,24.0,0.0,53.24,1,0,24.0,1.0,0.0,0,0.0
39,S1,H3,grapple_skidder,40,0.0,24.0,0.0,53.72,1,0,24.0,1.0,0.0,0,0.0
39,S1,H4,processor,40,569.826226,24.0,0.0,53.24,0,0,24.0,1.0,0.0,0,0.0
39,S1,H5,processor,40,360.77644299999906,24.0,0.0,53.24,0,0,24.0,1.0,0.0,0,0.0
39,S1,H7,loader,40,802.411354,24.0,0.0,54.68,0,0,24.0,1.0,0.0,0,0.0
39,S1,H8,loader,40,675.9222753135209,20.216731140028838,3.7832688599711624,54.92,0,0,24.0,0.8423637975012016,3.783268859971162,1,0.0
40,S1,H3,grapple_skidder,40,567.1587449999993,24.0,0.0,53.48,0,0,24.0,1.0,0.0,0,0.0
40,S1,H4,processor,40,164.19408399999952,24.0,0.0,53.72,0,0,24.0,1.0,0.0,0,0.0
40,S1,H7,loader,40,937.184825,24.0,0.0,53.24,0,0,24.0,1.0,0.0,0,0.0
40,S1,H8,loader,40,233.46212599999876,24.0,0.0,53.24,0,0,24.0,1.0,0.0,0,0.0
41,S1,H3,grapple_skidder,40,576.960683,24.0,0.0,54.2,0,0,24.0,1.0,0.0,0,0.0
41,S1,H4,processor,40,531.895933,24.0,0.0,53.48,0,0,24.0,1.0,0.0,0,0.0
41,S1,H5,processor,40,45.780229999999165,24.0,0.0,53.24,0,0,24.0,1.0,0.0,0,0.0
41,S1,H7,loader,40,354.449453587423,24.0,0.0,53.72,1,0,24.0,1.0,0.0,0,0.0
41,S1,H8,loader,40,0.0,24.0,0.0,53.72,1,0,24.0,1.0,0.0,0,0.0
42,S1,H3,grapple_skidder,40,1045.106301,24.0,0.0,53.24,0,0,24.0,1.0,0.0,0,0.0
42,S1,H4,processor,40,428.751305,24.0,0.0,54.2,0,0,24.0,1.0,0.0,0,0.0
42,S1,H5,processor,40,148.20937800000002,24.0,0.0,54.2,0,0,24.0,1.0,0.0,0,0.0
42,S1,H7,loader,40,802.411354,24.0,0.0,53.48,0,0,24.0,1.0,0.0,0,0.0
42,S1,H8,loader,40,279.7560149999998,24.0,0.0,53.48,0,0,24.0,1.0,0.0,0,0.0
1,S1,H1,feller_buncher,41,823.7909966999999,24.0,0.0,0.0,0,0,24.0,1.0,0.0,0,0.3
1,S1,H2,feller_buncher,41,909.6350143999999,24.0,0.0,0.0,0,0,24.0,1.0,0.0,0,0.3
2,S1,H1,feller_buncher,41,1164.04956,24.0,0.0,54.2,0,0,24.0,1.0,0.0,0,0.0
2,S1,H2,feller_buncher,41,1299.478592,24.0,0.0,0.0,0,0,24.0,1.0,0.0,0,0.0
2,S1,H3,grapple_skidder,41,823.7909966999999,24.0,0.0,0.0,1,0,24.0,1.0,0.0,0,0.0
3,S1,H1,feller_buncher,41,888.796776,24.0,0.0,53.24,0,0,24.0,1.0,0.0,0,0.0
3,S1,H2,feller_buncher,41,1299.478592,24.0,0.0,0.0,0,0,24.0,1.0,0.0,0,0.0
3,S1,H3,grapple_skidder,41,679.2961181299091,20.95234479474665,3.047655205253349,54.2,0,0,24.0,0.8730143664477771,3.0476552052533474,1,0.0
3,S1,H4,processor,41,517.165642,24.0,0.0,0.0,0,0,24.0,1.0,0.0,0,0.0
3,S1,H5,processor,41,306.6253546999999,24.0,0.0,0.0,1,0,24.0,1.0,0.0,0,0.0
4,S1,H1,feller_buncher,41,961.553907,24.0,0.0,53.24,0,0,24.0,1.0,0.0,0,0.0
4,S1,H2,feller_buncher,41,1005.6241661598899,18.572818464590267,5.4271815354097335,0.0,0,0,24.0,0.7738674360245944,5.427181535409734,1,0.0
4,S1,H3,grapple_skidder,41,809.624168,24.0,0.0,53.24,0,0,24.0,1.0,0.0,0,0.0
4,S1,H4,processor,41,469.046841,24.0,0.0,54.2,0,0,24.0,1.0,0.0,0,0.0
4,S1,H7,loader,41,687.364703,24.0,0.0,0.0,0,0,24.0,1.0,0.0,0,0.0
5,S1,H1,feller_buncher,41,356.0085949999998,24.0,0.0,53.24,0,0,24.0,1.0,0.0,0,0.0
5,S1,H2,feller_buncher,41,1194.708925,24.0,0.0,55.64,0,0,24.0,1.0,0.0,0,0.0
5,S1,H3,grapple_skidder,41,739.620424,24.0,0.0,53.24,0,0,24.0,1.0,0.0,0,0.0
5,S1,H4,processor,41,409.650504,24.0,0.0,53.24,0,0,24.0,1.0,0.0,0,0.0
6,S1,H1,feller_buncher,41,1220.906942,24.0,0.0,55.4,0,0,24.0,1.0,0.0,0,0.0
6,S1,H2,feller_buncher,41,1164.04956,24.0,0.0,54.92,0,0,24.0,1.0,0.0,0,0.0
6,S1,H3,grapple_skidder,41,678.968019,24.0,0.0,53.24,0,0,24.0,1.0,0.0,0,0.0
6,S1,H4,processor,41,481.329283,24.0,0.0,53.24,0,0,24.0,1.0,0.0,0,0.0
7,S1,H1,feller_buncher,41,1176.844281,24.0,0.0,53.48,0,0,24.0,1.0,0.0,0,0.0
7,S1,H2,feller_buncher,41,1220.906942,24.0,0.0,54.68,0,0,24.0,1.0,0.0,0,0.0
7,S1,H3,grapple_skidder,41,778.104169,24.0,0.0,53.72,0,0,24.0,1.0,0.0,0,0.0
7,S1,H4,processor,41,547.23705,24.0,0.0,53.24,0,0,24.0,1.0,0.0,0,0.0
7,S1,H7,loader,41,392.9192698633562,20.864866199036594,3.1351338009634055,54.68,0,0,24.0,0.8693694249598581,3.1351338009634064,1,0.0
8,S1,H1,feller_buncher,41,674.603847,24.0,0.0,53.24,0,0,24.0,1.0,0.0,0,0.0
8,S1,H2,feller_buncher,41,1220.906942,24.0,0.0,0.0,0,0,24.0,1.0,0.0,0,0.0
8,S1,H3,grapple_skidder,41,678.968019,24.0,0.0,53.72,0,0,24.0,1.0,0.0,0,0.0
8,S1,H4,processor,41,469.046841,24.0,0.0,53.72,0,0,24.0,1.0,0.0,0,0.0
8,S1,H5,processor,41,469.046841,24.0,0.0,54.2,0,0,24.0,1.0,0.0,0,0.0
8,S1,H7,loader,41,485.857474,24.0,0.0,53.24,0,0,24.0,1.0,0.0,0,0.0
9,S1,H1,feller_buncher,41,1194.708925,24.0,0.0,53.96,0,0,24.0,1.0,0.0,0,0.0
9,S1,H2,feller_buncher,41,961.553907,24.0,0.0,55.16,0,0,24.0,1.0,0.0,0,0.0
9,S1,H3,grapple_skidder,41,1332.369187,24.0,0.0,55.4,0,0,24.0,1.0,0.0,0,0.0
9,S1,H4,processor,41,547.23705,24.0,0.0,53.72,0,0,24.0,1.0,0.0,0,0.0
9,S1,H7,loader,41,474.741639,24.0,0.0,53.72,0,0,24.0,1.0,0.0,0,0.0
9,S1,H8,loader,41,474.741639,24.0,0.0,0.0,0,0,24.0,1.0,0.0,0,0.0
10,S1,H1,feller_buncher,41,961.553907,24.0,0.0,55.4,0,0,24.0,1.0,0.0,0,0.0
10,S1,H2,feller_buncher,41,860.013242,24.0,0.0,53.72,0,0,24.0,1.0,0.0,0,0.0
10,S1,H3,grapple_skidder,41,1480.641393,24.0,0.0,53.24,0,0,24.0,1.0,0.0,0,0.0
10,S1,H4,processor,41,531.895933,24.0,0.0,55.4,0,0,24.0,1.0,0.0,0,0.0
10,S1,H5,processor,41,531.895933,24.0,0.0,54.68,0,0,24.0,1.0,0.0,0,0.0
10,S1,H7,loader,41,485.857474,24.0,0.0,53.72,0,0,24.0,1.0,0.0,0,0.0
11,S1,H1,feller_buncher,41,602.0092694,24.0,0.0,53.72,0,0,24.0,1.0,0.0,0,0.3
11,S1,H2,feller_buncher,41,854.6348594,24.0,0.0,54.44,0,0,24.0,1.0,0.0,0,0.3
11,S1,H3,grapple_skidder,41,815.3097511999999,24.0,0.0,53.72,0,0,24.0,1.0,0.0,0,0.3
11,S1,H4,processor,41,186.05813888660478,18.731215735869124,5.2687842641308755,53.24,0,0,24.0,0.7804673223278802,5.2687842641308755,1,0.3
11,S1,H5,processor,41,238.39324666618182,24.0,0.0,53.24,0,0,24.0,1.0,0.0,0,0.3
11,S1,H7,loader,41,432.8602560135771,18.495405117762886,5.5045948822371145,55.4,0,0,24.0,0.7706418799067869,5.504594882237116,1,0.3
12,S1,H1,feller_buncher,41,1013.0077249999999,24.0,0.0,54.44,0,0,24.0,1.0,0.0,0,0.0
12,S1,H2,feller_buncher,41,888.796776,24.0,0.0,54.92,0,0,24.0,1.0,0.0,0,0.0
12,S1,H3,grapple_skidder,41,678.968019,24.0,0.0,54.92,0,0,24.0,1.0,0.0,0,0.0
12,S1,H4,processor,41,517.165642,24.0,0.0,53.72,0,0,24.0,1.0,0.0,0,0.0
12,S1,H5,processor,41,298.1441091999999,24.0,0.0,53.72,1,0,24.0,1.0,0.0,0,0.0
12,S1,H7,loader,41,424.45138555278663,24.0,0.0,53.24,1,0,24.0,1.0,0.0,0,0.0
13,S1,H1,feller_buncher,41,413.7565330000002,24.0,0.0,55.16,0,0,24.0,1.0,0.0,0,0.0
13,S1,H2,feller_buncher,41,680.207863,24.0,0.0,53.96,0,0,24.0,1.0,0.0,0,0.0
13,S1,H3,grapple_skidder,41,1332.369187,24.0,0.0,55.4,0,0,24.0,1.0,0.0,0,0.0
13,S1,H4,processor,41,547.23705,24.0,0.0,54.92,0,0,24.0,1.0,0.0,0,0.0
13,S1,H7,loader,41,687.364703,24.0,0.0,53.72,0,0,24.0,1.0,0.0,0,0.0
13,S1,H8,loader,41,264.37134189999995,24.0,0.0,54.2,1,0,24.0,1.0,0.0,0,0.0
14,S1,H1,feller_buncher,41,1164.04956,24.0,0.0,53.48,0,0,24.0,1.0,0.0,0,0.0
14,S1,H2,feller_buncher,41,710.457181763694,24.0,0.0,53.48,0,0,24.0,1.0,0.0,0,0.0
14,S1,H3,grapple_skidder,41,678.968019,24.0,0.0,55.4,0,0,24.0,1.0,0.0,0,0.0
14,S1,H4,processor,41,379.8125788023503,24.0,0.0,55.4,0,0,24.0,1.0,0.0,0,0.0
14,S1,H5,processor,41,379.8125788023503,24.0,0.0,53.48,0,0,24.0,1.0,0.0,0,0.0
14,S1,H6,processor,41,364.5295086487194,23.034277156265496,0.965722843734504,0.0,0,0,24.0,0.959761548177729,0.9657228437345049,1,0.0
14,S1,H7,loader,41,485.857474,24.0,0.0,54.92,0,0,24.0,1.0,0.0,0,0.0
15,S1,H1,feller_buncher,41,787.363583,24.0,0.0,54.44,0,0,24.0,1.0,0.0,0,0.0
15,S1,H2,feller_buncher,41,1176.844281,24.0,0.0,0.0,0,0,24.0,1.0,0.0,0,0.0
15,S1,H3,grapple_skidder,41,739.620424,24.0,0.0,53.24,0,0,24.0,1.0,0.0,0,0.0
15,S1,H4,processor,41,275.5571572919315,24.0,0.0,55.4,0,0,24.0,1.0,0.0,0,0.0
15,S1,H7,loader,41,802.411354,24.0,0.0,55.4,0,0,24.0,1.0,0.0,0,0.0
15,S1,H8,loader,41,802.411354,24.0,0.0,53.48,0,0,24.0,1.0,0.0,0,0.0
16,S1,H1,feller_buncher,41,1194.708925,24.0,0.0,53.48,0,0,24.0,1.0,0.0,0,0.0
16,S1,H2,feller_buncher,41,111.30773800000088,24.0,0.0,0.0,0,0,24.0,1.0,0.0,0,0.0
16,S1,H3,grapple_skidder,41,674.603847,24.0,0.0,54.44,0,0,24.0,1.0,0.0,0,0.0
16,S1,H4,processor,41,481.329283,24.0,0.0,53.24,0,0,24.0,1.0,0.0,0,0.0
16,S1,H5,processor,41,481.329283,24.0,0.0,55.16,0,0,24.0,1.0,0.0,0,0.0
16,S1,H7,loader,41,459.6958852919313,24.0,0.0,55.4,1,0,24.0,1.0,0.0,0,0.0
17,S1,H1,feller_buncher,41,836.2962474999999,24.0,0.0,0.0,0,0,24.0,1.0,0.0,0,0.3
17,S1,H2,feller_buncher,41,814.8346919999999,24.0,0.0,54.2,0,0,24.0,1.0,0.0,0,0.3
17,S1,H3,grapple_skidder,41,815.3097511999999,24.0,0.0,53.24,0,0,24.0,1.0,0.0,0,0.3
17,S1,H4,processor,41,319.2576345,24.0,0.0,54.44,0,0,24.0,1.0,0.0,0,0.3
17,S1,H5,processor,41,152.96505839999998,24.0,0.0,54.44,0,0,24.0,1.0,0.0,0,0.3
17,S1,H7,loader,41,316.3712468,24.0,0.0,53.24,0,0,24.0,1.0,0.0,0,0.3
17,S1,H8,loader,41,316.3712468,24.0,0.0,55.16,0,0,24.0,1.0,0.0,0,0.3
18,S1,H1,feller_buncher,41,140.55055100000027,24.0,0.0,0.0,0,0,24.0,1.0,0.0,0,0.0
18,S1,H2,feller_buncher,41,1164.04956,24.0,0.0,0.0,0,0,24.0,1.0,0.0,0,0.0
18,S1,H3,grapple_skidder,41,471.48404221125276,24.0,0.0,54.68,0,0,24.0,1.0,0.0,0,0.0
18,S1,H4,processor,41,517.165642,24.0,0.0,53.24,0,0,24.0,1.0,0.0,0,0.0
18,S1,H5,processor,41,298.1441091999999,24.0,0.0,53.24,1,0,24.0,1.0,0.0,0,0.0
18,S1,H7,loader,41,472.22269289999997,24.0,0.0,54.44,1,0,24.0,1.0,0.0,0,0.0
19,S1,H1,feller_buncher,41,502.7667789999996,24.0,0.0,54.92,0,0,24.0,1.0,0.0,0,0.0
19,S1,H2,feller_buncher,41,256.1621419999998,24.0,0.0,53.24,0,0,24.0,1.0,0.0,0,0.0
19,S1,H3,grapple_skidder,41,1164.728216,24.0,0.0,54.68,0,0,24.0,1.0,0.0,0,0.0
19,S1,H4,processor,41,481.329283,24.0,0.0,54.68,0,0,24.0,1.0,0.0,0,0.0
19,S1,H7,loader,41,687.364703,24.0,0.0,53.24,0,0,24.0,1.0,0.0,0,0.0
20,S1,H1,feller_buncher,41,59.00278800000001,24.0,0.0,53.24,0,0,24.0,1.0,0.0,0,0.0
20,S1,H2,feller_buncher,41,486.3476200000001,24.0,0.0,54.68,0,0,24.0,1.0,0.0,0,0.0
20,S1,H3,grapple_skidder,41,678.968019,24.0,0.0,54.92,0,0,24.0,1.0,0.0,0,0.0
20,S1,H4,processor,41,517.165642,24.0,0.0,54.68,0,0,24.0,1.0,0.0,0,0.0
20,S1,H5,processor,41,517.165642,24.0,0.0,0.0,0,0,24.0,1.0,0.0,0,0.0
20,S1,H6,processor,41,130.39693199999988,24.0,0.0,53.48,1,0,24.0,1.0,0.0,0,0.0
20,S1,H7,loader,41,355.2441900278592,18.86423767277714,5.13576232722286,54.68,0,0,24.0,0.7860099030323808,5.135762327222861,1,0.0
21,S1,H1,feller_buncher,41,576.960683,24.0,0.0,53.24,0,0,24.0,1.0,0.0,0,0.0
21,S1,H2,feller_buncher,41,364.89843800000006,24.0,0.0,53.72,0,0,24.0,1.0,0.0,0,0.0
21,S1,H3,grapple_skidder,41,1273.711203,24.0,0.0,55.16,0,0,24.0,1.0,0.0,0,0.0
21,S1,H4,processor,41,401.62046237528136,17.613739963342674,6.386260036657326,54.92,0,0,24.0,0.7339058318059447,6.386260036657326,1,0.0
21,S1,H5,processor,41,547.23705,24.0,0.0,54.92,0,0,24.0,1.0,0.0,0,0.0
21,S1,H7,loader,41,687.364703,24.0,0.0,54.68,0,0,24.0,1.0,0.0,0,0.0
21,S1,H8,loader,41,605.3085612,24.0,0.0,54.68,1,0,24.0,1.0,0.0,0,0.0
22,S1,H3,grapple_skidder,41,544.6729182999999,24.0,0.0,54.44,0,0,24.0,1.0,0.0,0,0.3
22,S1,H4,processor,41,308.8854237,24.0,0.0,55.16,0,0,24.0,1.0,0.0,0,0.3
22,S1,H5,processor,41,308.8854237,24.0,0.0,55.16,0,0,24.0,1.0,0.0,0,0.3
22,S1,H6,processor,41,273.8269947,24.0,0.0,53.24,0,0,24.0,1.0,0.0,0,0.3
22,S1,H7,loader,41,340.1002318,24.0,0.0,54.92,0,0,24.0,1.0,0.0,0,0.3
22,S1,H8,loader,41,340.1002318,24.0,0.0,54.92,0,0,24.0,1.0,0.0,0,0.3
23,S1,H3,grapple_skidder,41,678.968019,24.0,0.0,53.72,0,0,24.0,1.0,0.0,0,0.0
23,S1,H4,processor,41,388.6150703262225,19.884499526624765,4.115500473375235,54.44,0,0,24.0,0.8285208136093652,4.115500473375236,1,0.0
23,S1,H7,loader,41,733.483855,24.0,0.0,55.16,0,0,24.0,1.0,0.0,0,0.0
23,S1,H8,loader,41,158.11398710000003,17.4382804690105,6.5617195309895,55.16,1,0,24.0,0.7265950195421041,6.561719530989501,1,0.0
24,S1,H3,grapple_skidder,41,1480.641393,24.0,0.0,55.64,0,0,24.0,1.0,0.0,0,0.0
24,S1,H4,processor,41,547.23705,24.0,0.0,53.72,0,0,24.0,1.0,0.0,0,0.0
24,S1,H7,loader,41,474.741639,24.0,0.0,54.44,0,0,24.0,1.0,0.0,0,0.0
25,S1,H3,grapple_skidder,41,1332.369187,24.0,0.0,53.24,0,0,24.0,1.0,0.0,0,0.0
25,S1,H4,processor,41,569.826226,24.0,0.0,55.64,0,0,24.0,1.0,0.0,0,0.0
25,S1,H5,processor,41,569.826226,24.0,0.0,53.48,0,0,24.0,1.0,0.0,0,0.0
25,S1,H6,processor,41,569.826226,24.0,0.0,53.48,0,0,24.0,1.0,0.0,0,0.0
25,S1,H7,loader,41,485.857474,24.0,0.0,53.72,0,0,24.0,1.0,0.0,0,0.0
26,S1,H3,grapple_skidder,41,678.968019,24.0,0.0,55.4,0,0,24.0,1.0,0.0,0,0.0
26,S1,H4,processor,41,423.55953027306356,24.0,0.0,53.24,0,0,24.0,1.0,0.0,0,0.0
26,S1,H5,processor,41,423.55953027306356,24.0,0.0,53.24,0,0,24.0,1.0,0.0,0,0.0
26,S1,H7,loader,41,937.184825,24.0,0.0,55.64,0,0,24.0,1.0,0.0,0,0.0
26,S1,H8,loader,41,772.2938529999999,24.0,0.0,53.48,1,0,24.0,1.0,0.0,0,0.0
27,S1,H3,grapple_skidder,41,739.620424,24.0,0.0,53.24,0,0,24.0,1.0,0.0,0,0.0
27,S1,H4,processor,41,547.23705,24.0,0.0,55.4,0,0,24.0,1.0,0.0,0,0.0
27,S1,H7,loader,41,802.411354,24.0,0.0,53.24,0,0,24.0,1.0,0.0,0,0.0
28,S1,H3,grapple_skidder,41,1480.641393,24.0,0.0,55.4,0,0,24.0,1.0,0.0,0,0.0
28,S1,H4,processor,41,481.329283,24.0,0.0,53.24,0,0,24.0,1.0,0.0,0,0.0
28,S1,H5,processor,41,283.6988992112527,24.0,0.0,55.16,1,0,24.0,1.0,0.0,0,0.0
28,S1,H7,loader,41,485.857474,24.0,0.0,55.4,0,0,24.0,1.0,0.0,0,0.0
28,S1,H8,loader,41,391.41620077528114,24.0,0.0,55.64,1,0,24.0,1.0,0.0,0,0.0
29,S1,H3,grapple_skidder,41,778.104169,24.0,0.0,54.92,0,0,24.0,1.0,0.0,0,0.0
29,S1,H4,processor,41,569.826226,24.0,0.0,55.4,0,0,24.0,1.0,0.0,0,0.0
29,S1,H5,processor,41,569.826226,24.0,0.0,55.4,0,0,24.0,1.0,0.0,0,0.0
29,S1,H7,loader,41,451.958924,24.0,0.0,53.24,0,0,24.0,1.0,0.0,0,0.0
29,S1,H8,loader,41,451.958924,24.0,0.0,53.24,0,0,24.0,1.0,0.0,0,0.0
30,S1,H3,grapple_skidder,41,117.44882655989,24.0,0.0,53.72,1,0,24.0,1.0,0.0,0,0.0
30,S1,H4,processor,41,469.046841,24.0,0.0,54.92,0,0,24.0,1.0,0.0,0,0.0
30,S1,H5,processor,41,469.046841,24.0,0.0,54.92,0,0,24.0,1.0,0.0,0,0.0
30,S1,H7,loader,41,937.184825,24.0,0.0,55.4,0,0,24.0,1.0,0.0,0,0.0
31,S1,H3,grapple_skidder,41,923.199854,24.0,0.0,53.96,0,0,24.0,1.0,0.0,0,0.0
31,S1,H4,processor,41,463.7541830189765,20.338718645704702,3.6612813542952978,53.72,0,0,24.0,0.847446610237696,3.6612813542952964,1,0.0
31,S1,H7,loader,41,474.741639,24.0,0.0,54.92,0,0,24.0,1.0,0.0,0,0.0
31,S1,H8,loader,41,474.741639,24.0,0.0,53.48,0,0,24.0,1.0,0.0,0,0.0
32,S1,H3,grapple_skidder,41,544.6729182999999,24.0,0.0,53.24,0,0,24.0,1.0,0.0,0,0.3
32,S1,H4,processor,41,277.0494419,24.0,0.0,53.96,0,0,24.0,1.0,0.0,0,0.3
32,S1,H5,processor,41,277.0494419,24.0,0.0,53.24,0,0,24.0,1.0,0.0,0,0.3
32,S1,H7,loader,41,340.1002318,24.0,0.0,53.72,0,0,24.0,1.0,0.0,0,0.3
33,S1,H3,grapple_skidder,41,339.9365580000001,24.0,0.0,53.48,0,0,24.0,1.0,0.0,0,0.0
33,S1,H4,processor,41,469.046841,24.0,0.0,53.24,0,0,24.0,1.0,0.0,0,0.0
33,S1,H5,processor,41,121.95417640368646,24.0,0.0,53.24,1,0,24.0,1.0,0.0,0,0.0
33,S1,H7,loader,41,456.725789,24.0,0.0,53.96,0,0,24.0,1.0,0.0,0,0.0
34,S1,H3,grapple_skidder,41,0.0,24.0,0.0,53.24,1,0,24.0,1.0,0.0,0,0.3
34,S1,H4,processor,41,287.30978919999984,24.0,0.0,53.48,0,0,24.0,1.0,0.0,0,0.3
34,S1,H7,loader,41,332.3191473,24.0,0.0,53.24,0,0,24.0,1.0,0.0,0,0.3
34,S1,H8,loader,41,332.3191473,24.0,0.0,0.0,0,0,24.0,1.0,0.0,0,0.3
35,S1,H3,grapple_skidder,41,809.624168,24.0,0.0,53.48,0,0,24.0,1.0,0.0,0,0.0
35,S1,H4,processor,41,445.8708568737012,24.0,0.0,53.24,1,0,24.0,1.0,0.0,0,0.0
35,S1,H5,processor,41,0.0,24.0,0.0,53.72,1,0,24.0,1.0,0.0,0,0.0
35,S1,H7,loader,41,451.958924,24.0,0.0,53.48,0,0,24.0,1.0,0.0,0,0.0
35,S1,H8,loader,41,134.7057859999993,24.0,0.0,53.48,0,0,24.0,1.0,0.0,0,0.0
36,S1,H3,grapple_skidder,41,778.104169,24.0,0.0,53.24,0,0,24.0,1.0,0.0,0,0.0
36,S1,H4,processor,41,409.650504,24.0,0.0,53.48,0,0,24.0,1.0,0.0,0,0.0
36,S1,H5,processor,41,409.650504,24.0,0.0,53.48,0,0,24.0,1.0,0.0,0,0.0
36,S1,H7,loader,41,327.87895264009086,24.0,0.0,53.24,0,0,24.0,1.0,0.0,0,0.0
36,S1,H8,loader,41,141.37398526446864,24.0,0.0,53.24,0,0,24.0,1.0,0.0,0,0.0
37,S1,H3,grapple_skidder,41,1332.369187,24.0,0.0,54.68,0,0,24.0,1.0,0.0,0,0.0
37,S1,H4,processor,41,469.046841,24.0,0.0,53.24,0,0,24.0,1.0,0.0,0,0.0
37,S1,H7,loader,41,424.433991,24.0,0.0,53.48,0,0,24.0,1.0,0.0,0,0.0
37,S1,H8,loader,41,424.433991,24.0,0.0,53.48,0,0,24.0,1.0,0.0,0,0.0
38,S1,H3,grapple_skidder,41,119.04939449999983,24.0,0.0,53.24,1,0,24.0,1.0,0.0,0,0.0
38,S1,H4,processor,41,531.895933,24.0,0.0,54.68,0,0,24.0,1.0,0.0,0,0.0
38,S1,H5,processor,41,531.895933,24.0,0.0,54.92,0,0,24.0,1.0,0.0,0,0.0
38,S1,H6,processor,41,531.895933,24.0,0.0,53.24,0,0,24.0,1.0,0.0,0,0.0
38,S1,H7,loader,41,474.741639,24.0,0.0,53.24,0,0,24.0,1.0,0.0,0,0.0
39,S1,H3,grapple_skidder,41,159.77199800000017,24.0,0.0,53.72,0,0,24.0,1.0,0.0,0,0.0
39,S1,H4,processor,41,569.826226,24.0,0.0,53.24,0,0,24.0,1.0,0.0,0,0.0
39,S1,H5,processor,41,360.77644299999906,24.0,0.0,53.24,0,0,24.0,1.0,0.0,0,0.0
39,S1,H7,loader,41,802.411354,24.0,0.0,54.68,0,0,24.0,1.0,0.0,0,0.0
39,S1,H8,loader,41,802.411354,24.0,0.0,54.92,0,0,24.0,1.0,0.0,0,0.0
40,S1,H3,grapple_skidder,41,200.88666240000066,24.0,0.0,53.48,1,0,24.0,1.0,0.0,0,0.3
40,S1,H4,processor,41,114.93585879999965,24.0,0.0,53.72,0,0,24.0,1.0,0.0,0,0.3
40,S1,H7,loader,41,656.0293775,24.0,0.0,53.24,0,0,24.0,1.0,0.0,0,0.3
40,S1,H8,loader,41,163.42348819999913,24.0,0.0,53.24,0,0,24.0,1.0,0.0,0,0.3
41,S1,H3,grapple_skidder,41,576.960683,24.0,0.0,54.2,0,0,24.0,1.0,0.0,0,0.0
41,S1,H4,processor,41,531.895933,24.0,0.0,53.48,0,0,24.0,1.0,0.0,0,0.0
41,S1,H5,processor,41,45.780229999999165,24.0,0.0,53.24,0,0,24.0,1.0,0.0,0,0.0
41,S1,H7,loader,41,114.93585879999965,24.0,0.0,53.72,1,0,24.0,1.0,0.0,0,0.0
41,S1,H8,loader,41,0.0,24.0,0.0,53.72,1,0,24.0,1.0,0.0,0,0.0
42,S1,H3,grapple_skidder,41,1045.106301,24.0,0.0,53.24,0,0,24.0,1.0,0.0,0,0.0
42,S1,H4,processor,41,428.751305,24.0,0.0,54.2,0,0,24.0,1.0,0.0,0,0.0
42,S1,H5,processor,41,148.20937800000002,24.0,0.0,54.2,0,0,24.0,1.0,0.0,0,0.0
42,S1,H7,loader,41,763.5125287859694,24.0,0.0,53.48,1,0,24.0,1.0,0.0,0,0.0
42,S1,H8,loader,41,0.0,24.0,0.0,53.48,1,0,24.0,1.0,0.0,0,0.0
1,S1,H1,feller_buncher,42,1176.844281,24.0,0.0,0.0,0,0,24.0,1.0,0.0,0,0.0
1,S1,H2,feller_buncher,42,1299.478592,24.0,0.0,0.0,0,0,24.0,1.0,0.0,0,0.0
2,S1,H1,feller_buncher,42,534.2068901250522,24.0,0.0,54.2,0,0,24.0,1.0,0.0,0,0.0
2,S1,H2,feller_buncher,42,1299.478592,24.0,0.0,0.0,0,0,24.0,1.0,0.0,0,0.0
2,S1,H3,grapple_skidder,42,693.2687335345981,24.0,0.0,0.0,0,0,24.0,1.0,0.0,0,0.0
3,S1,H1,feller_buncher,42,888.796776,24.0,0.0,53.24,0,0,24.0,1.0,0.0,0,0.0
3,S1,H2,feller_buncher,42,1299.478592,24.0,0.0,0.0,0,0,24.0,1.0,0.0,0,0.0
3,S1,H3,grapple_skidder,42,534.2068901250522,24.0,0.0,54.2,1,0,24.0,1.0,0.0,0,0.0
3,S1,H4,processor,42,517.165642,24.0,0.0,0.0,0,0,24.0,1.0,0.0,0,0.0
3,S1,H5,processor,42,176.1030915345981,24.0,0.0,0.0,1,0,24.0,1.0,0.0,0,0.0
4,S1,H1,feller_buncher,42,961.553907,24.0,0.0,53.24,0,0,24.0,1.0,0.0,0,0.0
4,S1,H2,feller_buncher,42,1299.478592,24.0,0.0,0.0,0,0,24.0,1.0,0.0,0,0.0
4,S1,H3,grapple_skidder,42,809.624168,24.0,0.0,53.24,0,0,24.0,1.0,0.0,0,0.0
4,S1,H4,processor,42,469.046841,24.0,0.0,54.2,0,0,24.0,1.0,0.0,0,0.0
4,S1,H7,loader,42,687.364703,24.0,0.0,0.0,0,0,24.0,1.0,0.0,0,0.0
5,S1,H1,feller_buncher,42,356.0085949999998,24.0,0.0,53.24,0,0,24.0,1.0,0.0,0,0.0
5,S1,H2,feller_buncher,42,1194.708925,24.0,0.0,55.64,0,0,24.0,1.0,0.0,0,0.0
5,S1,H3,grapple_skidder,42,739.620424,24.0,0.0,53.24,0,0,24.0,1.0,0.0,0,0.0
5,S1,H4,processor,42,409.650504,24.0,0.0,53.24,0,0,24.0,1.0,0.0,0,0.0
6,S1,H1,feller_buncher,42,1220.906942,24.0,0.0,55.4,0,0,24.0,1.0,0.0,0,0.0
6,S1,H2,feller_buncher,42,1164.04956,24.0,0.0,54.92,0,0,24.0,1.0,0.0,0,0.0
6,S1,H3,grapple_skidder,42,678.968019,24.0,0.0,53.24,0,0,24.0,1.0,0.0,0,0.0
6,S1,H4,processor,42,481.329283,24.0,0.0,53.24,0,0,24.0,1.0,0.0,0,0.0
7,S1,H1,feller_buncher,42,696.1076724250324,24.0,0.0,53.48,0,0,24.0,1.0,0.0,0,0.0
7,S1,H2,feller_buncher,42,1220.906942,24.0,0.0,54.68,0,0,24.0,1.0,0.0,0,0.0
7,S1,H3,grapple_skidder,42,778.104169,24.0,0.0,53.72,0,0,24.0,1.0,0.0,0,0.0
7,S1,H4,processor,42,429.87132569292237,18.85272902598634,5.1472709740136615,53.24,0,0,24.0,0.7855303760827641,5.147270974013661,1,0.0
7,S1,H7,loader,42,451.958924,24.0,0.0,54.68,0,0,24.0,1.0,0.0,0,0.0
8,S1,H1,feller_buncher,42,674.603847,24.0,0.0,53.24,0,0,24.0,1.0,0.0,0,0.0
8,S1,H2,feller_buncher,42,1220.906942,24.0,0.0,0.0,0,0,24.0,1.0,0.0,0,0.0
8,S1,H3,grapple_skidder,42,541.6478854566577,19.14604058981427,4.85395941018573,53.72,0,0,24.0,0.7977516912422612,4.85395941018573,1,0.0
8,S1,H4,processor,42,190.09470254548614,24.0,0.0,53.72,0,0,24.0,1.0,0.0,0,0.0
8,S1,H5,processor,42,190.09470254548614,24.0,0.0,54.2,0,0,24.0,1.0,0.0,0,0.0
8,S1,H7,loader,42,429.87132569292237,24.0,0.0,53.24,1,0,24.0,1.0,0.0,0,0.0
9,S1,H1,feller_buncher,42,1194.708925,24.0,0.0,53.96,0,0,24.0,1.0,0.0,0,0.0
9,S1,H2,feller_buncher,42,961.553907,24.0,0.0,55.16,0,0,24.0,1.0,0.0,0,0.0
9,S1,H3,grapple_skidder,42,1068.5352681456186,19.247552919801084,4.752447080198916,55.4,0,0,24.0,0.8019813716583785,4.752447080198916,1,0.0
9,S1,H4,processor,42,547.23705,24.0,0.0,53.72,0,0,24.0,1.0,0.0,0,0.0
9,S1,H7,loader,42,474.741639,24.0,0.0,53.72,0,0,24.0,1.0,0.0,0,0.0
9,S1,H8,loader,42,374.49460709097224,24.0,0.0,0.0,1,0,24.0,1.0,0.0,0,0.0
10,S1,H1,feller_buncher,42,961.553907,24.0,0.0,55.4,0,0,24.0,1.0,0.0,0,0.0
10,S1,H2,feller_buncher,42,860.013242,24.0,0.0,53.72,0,0,24.0,1.0,0.0,0,0.0
10,S1,H3,grapple_skidder,42,1480.641393,24.0,0.0,53.24,0,0,24.0,1.0,0.0,0,0.0
10,S1,H4,processor,42,531.895933,24.0,0.0,55.4,0,0,24.0,1.0,0.0,0,0.0
10,S1,H5,processor,42,383.185169348719,17.289931157208635,6.710068842791365,54.68,0,0,24.0,0.7204137982170264,6.7100688427913635,1,0.0
10,S1,H7,loader,42,485.857474,24.0,0.0,53.72,0,0,24.0,1.0,0.0,0,0.0
11,S1,H1,feller_buncher,42,860.013242,24.0,0.0,53.72,0,0,24.0,1.0,0.0,0,0.0
11,S1,H2,feller_buncher,42,1220.906942,24.0,0.0,54.44,0,0,24.0,1.0,0.0,0,0.0
11,S1,H3,grapple_skidder,42,1164.728216,24.0,0.0,53.72,0,0,24.0,1.0,0.0,0,0.0
11,S1,H4,processor,42,569.826226,24.0,0.0,53.24,0,0,24.0,1.0,0.0,0,0.0
11,S1,H5,processor,42,442.39360876584425,18.632779829934087,5.367220170065913,53.24,0,0,24.0,0.7763658262472536,5.367220170065914,1,0.0
11,S1,H7,loader,42,661.1713882033479,19.77553437869269,4.22446562130731,55.4,0,0,24.0,0.8239805991121955,4.224465621307309,1,0.0
12,S1,H1,feller_buncher,42,1013.0077249999999,24.0,0.0,54.44,0,0,24.0,1.0,0.0,0,0.0
12,S1,H2,feller_buncher,42,888.796776,24.0,0.0,54.92,0,0,24.0,1.0,0.0,0,0.0
12,S1,H3,grapple_skidder,42,678.968019,24.0,0.0,54.92,0,0,24.0,1.0,0.0,0,0.0
12,S1,H4,processor,42,517.165642,24.0,0.0,53.72,0,0,24.0,1.0,0.0,0,0.0
12,S1,H5,processor,42,517.165642,24.0,0.0,53.72,0,0,24.0,1.0,0.0,0,0.0
12,S1,H7,loader,42,937.184825,24.0,0.0,53.24,0,0,24.0,1.0,0.0,0,0.0
13,S1,H1,feller_buncher,42,413.7565330000002,24.0,0.0,55.16,0,0,24.0,1.0,0.0,0,0.0
13,S1,H2,feller_buncher,42,680.207863,24.0,0.0,53.96,0,0,24.0,1.0,0.0,0,0.0
13,S1,H3,grapple_skidder,42,1332.369187,24.0,0.0,55.4,0,0,24.0,1.0,0.0,0,0.0
13,S1,H4,processor,42,547.23705,24.0,0.0,54.92,0,0,24.0,1.0,0.0,0,0.0
13,S1,H7,loader,42,687.364703,24.0,0.0,53.72,0,0,24.0,1.0,0.0,0,0.0
13,S1,H8,loader,42,352.8706115345983,24.0,0.0,54.2,1,0,24.0,1.0,0.0,0,0.0
14,S1,H1,feller_buncher,42,994.8853382198236,20.512226401490814,3.487773598509186,53.48,0,0,24.0,0.8546761000621172,3.4877735985091847,1,0.0
14,S1,H2,feller_buncher,42,1176.844281,24.0,0.0,53.48,0,0,24.0,1.0,0.0,0,0.0
14,S1,H3,grapple_skidder,42,678.968019,24.0,0.0,55.4,0,0,24.0,1.0,0.0,0,0.0
14,S1,H4,processor,42,531.895933,24.0,0.0,55.4,0,0,24.0,1.0,0.0,0,0.0
14,S1,H5,processor,42,531.895933,24.0,0.0,53.48,0,0,24.0,1.0,0.0,0,0.0
14,S1,H6,processor,42,422.03148679689957,24.0,0.0,0.0,1,0,24.0,1.0,0.0,0,0.0
14,S1,H7,loader,42,485.857474,24.0,0.0,54.92,0,0,24.0,1.0,0.0,0,0.0
15,S1,H1,feller_buncher,42,551.1545080999999,24.0,0.0,54.44,0,0,24.0,1.0,0.0,0,0.3
15,S1,H2,feller_buncher,42,823.7909966999999,24.0,0.0,0.0,0,0,24.0,1.0,0.0,0,0.3
15,S1,H3,grapple_skidder,42,517.7342967999999,24.0,0.0,53.24,0,0,24.0,1.0,0.0,0,0.3
15,S1,H4,processor,42,383.06593499999997,24.0,0.0,55.4,0,0,24.0,1.0,0.0,0,0.3
15,S1,H7,loader,42,561.6879478,24.0,0.0,55.4,0,0,24.0,1.0,0.0,0,0.3
15,S1,H8,loader,42,561.6879478,24.0,0.0,53.48,0,0,24.0,1.0,0.0,0,0.3
16,S1,H1,feller_buncher,42,1194.708925,24.0,0.0,53.48,0,0,24.0,1.0,0.0,0,0.0
16,S1,H2,feller_buncher,42,111.30773800000088,24.0,0.0,0.0,0,0,24.0,1.0,0.0,0,0.0
16,S1,H3,grapple_skidder,42,674.603847,24.0,0.0,54.44,0,0,24.0,1.0,0.0,0,0.0
16,S1,H4,processor,42,481.329283,24.0,0.0,53.24,0,0,24.0,1.0,0.0,0,0.0
16,S1,H5,processor,42,294.6961548,24.0,0.0,55.16,1,0,24.0,1.0,0.0,0,0.0
16,S1,H7,loader,42,485.857474,24.0,0.0,55.4,0,0,24.0,1.0,0.0,0,0.0
17,S1,H1,feller_buncher,42,1194.708925,24.0,0.0,0.0,0,0,24.0,1.0,0.0,0,0.0
17,S1,H2,feller_buncher,42,1164.04956,24.0,0.0,54.2,0,0,24.0,1.0,0.0,0,0.0
17,S1,H3,grapple_skidder,42,1164.728216,24.0,0.0,53.24,0,0,24.0,1.0,0.0,0,0.0
17,S1,H4,processor,42,456.082335,24.0,0.0,54.44,0,0,24.0,1.0,0.0,0,0.0
17,S1,H5,processor,42,218.52151199999997,24.0,0.0,54.44,0,0,24.0,1.0,0.0,0,0.0
17,S1,H7,loader,42,451.958924,24.0,0.0,53.24,0,0,24.0,1.0,0.0,0,0.0
17,S1,H8,loader,42,353.43687279999995,24.0,0.0,55.16,1,0,24.0,1.0,0.0,0,0.0
18,S1,H1,feller_buncher,42,140.55055100000027,24.0,0.0,0.0,0,0,24.0,1.0,0.0,0,0.0
18,S1,H2,feller_buncher,42,1164.04956,24.0,0.0,0.0,0,0,24.0,1.0,0.0,0,0.0
18,S1,H3,grapple_skidder,42,739.620424,24.0,0.0,54.68,0,0,24.0,1.0,0.0,0,0.0
18,S1,H4,processor,42,517.165642,24.0,0.0,53.24,0,0,24.0,1.0,0.0,0,0.0
18,S1,H5,processor,42,517.165642,24.0,0.0,53.24,0,0,24.0,1.0,0.0,0,0.0
18,S1,H7,loader,42,674.603847,24.0,0.0,54.44,0,0,24.0,1.0,0.0,0,0.0
19,S1,H1,feller_buncher,42,502.7667789999996,24.0,0.0,54.92,0,0,24.0,1.0,0.0,0,0.0
19,S1,H2,feller_buncher,42,228.60568871138756,21.418217720373786,2.581782279626214,53.24,0,0,24.0,0.8924257383489077,2.581782279626215,1,0.0
19,S1,H3,grapple_skidder,42,962.1698035904351,24.0,0.0,54.68,1,0,24.0,1.0,0.0,0,0.0
19,S1,H4,processor,42,481.329283,24.0,0.0,54.68,0,0,24.0,1.0,0.0,0,0.0
19,S1,H7,loader,42,687.364703,24.0,0.0,53.24,0,0,24.0,1.0,0.0,0,0.0
20,S1,H1,feller_buncher,42,59.00278800000001,24.0,0.0,53.24,0,0,24.0,1.0,0.0,0,0.0
20,S1,H2,feller_buncher,42,486.3476200000001,24.0,0.0,54.68,0,0,24.0,1.0,0.0,0,0.0
20,S1,H3,grapple_skidder,42,678.968019,24.0,0.0,54.92,0,0,24.0,1.0,0.0,0,0.0
20,S1,H4,processor,42,517.165642,24.0,0.0,54.68,0,0,24.0,1.0,0.0,0,0.0
20,S1,H5,processor,42,517.165642,24.0,0.0,0.0,0,0,24.0,1.0,0.0,0,0.0
20,S1,H6,processor,42,188.63238359043476,24.0,0.0,53.48,1,0,24.0,1.0,0.0,0,0.0
20,S1,H7,loader,42,451.958924,24.0,0.0,54.68,0,0,24.0,1.0,0.0,0,0.0
21,S1,H1,feller_buncher,42,403.87247809999997,24.0,0.0,53.24,0,0,24.0,1.0,0.0,0,0.3
21,S1,H2,feller_buncher,42,255.42890660000003,24.0,0.0,53.72,0,0,24.0,1.0,0.0,0,0.3
21,S1,H3,grapple_skidder,42,891.5978421,24.0,0.0,55.16,0,0,24.0,1.0,0.0,0,0.3
21,S1,H4,processor,42,321.0840705229838,20.11668746413489,3.883312535865109,54.92,0,0,24.0,0.8381953110056205,3.8833125358651084,1,0.3
21,S1,H5,processor,42,383.06593499999997,24.0,0.0,54.92,0,0,24.0,1.0,0.0,0,0.3
21,S1,H7,loader,42,481.15529209999994,24.0,0.0,54.68,0,0,24.0,1.0,0.0,0,0.3
21,S1,H8,loader,42,481.15529209999994,24.0,0.0,54.68,0,0,24.0,1.0,0.0,0,0.3
22,S1,H3,grapple_skidder,42,778.104169,24.0,0.0,54.44,0,0,24.0,1.0,0.0,0,0.0
22,S1,H4,processor,42,441.264891,24.0,0.0,55.16,0,0,24.0,1.0,0.0,0,0.0
22,S1,H5,processor,42,441.264891,24.0,0.0,55.16,0,0,24.0,1.0,0.0,0,0.0
22,S1,H6,processor,42,9.068060100000025,24.0,0.0,53.24,1,0,24.0,1.0,0.0,0,0.0
22,S1,H7,loader,42,485.857474,24.0,0.0,54.92,0,0,24.0,1.0,0.0,0,0.0
22,S1,H8,loader,42,238.26014452298352,24.0,0.0,54.92,1,0,24.0,1.0,0.0,0,0.0
23,S1,H3,grapple_skidder,42,678.968019,24.0,0.0,53.72,0,0,24.0,1.0,0.0,0,0.0
23,S1,H4,processor,42,469.046841,24.0,0.0,54.44,0,0,24.0,1.0,0.0,0,0.0
23,S1,H7,loader,42,733.483855,24.0,0.0,55.16,0,0,24.0,1.0,0.0,0,0.0
23,S1,H8,loader,42,158.11398710000003,24.0,0.0,55.16,1,0,24.0,1.0,0.0,0,0.0
24,S1,H3,grapple_skidder,42,1480.641393,24.0,0.0,55.64,0,0,24.0,1.0,0.0,0,0.0
24,S1,H4,processor,42,547.23705,24.0,0.0,53.72,0,0,24.0,1.0,0.0,0,0.0
24,S1,H7,loader,42,469.046841,24.0,0.0,54.44,1,0,24.0,1.0,0.0,0,0.0
25,S1,H3,grapple_skidder,42,1332.369187,24.0,0.0,53.24,0,0,24.0,1.0,0.0,0,0.0
25,S1,H4,processor,42,569.826226,24.0,0.0,55.64,0,0,24.0,1.0,0.0,0,0.0
25,S1,H5,processor,42,569.826226,24.0,0.0,53.48,0,0,24.0,1.0,0.0,0,0.0
25,S1,H6,processor,42,569.826226,24.0,0.0,53.48,0,0,24.0,1.0,0.0,0,0.0
25,S1,H7,loader,42,485.857474,24.0,0.0,53.72,0,0,24.0,1.0,0.0,0,0.0
26,S1,H3,grapple_skidder,42,678.968019,24.0,0.0,55.4,0,0,24.0,1.0,0.0,0,0.0
26,S1,H4,processor,42,531.895933,24.0,0.0,53.24,0,0,24.0,1.0,0.0,0,0.0
26,S1,H5,processor,42,531.895933,24.0,0.0,53.24,0,0,24.0,1.0,0.0,0,0.0
26,S1,H7,loader,42,937.184825,24.0,0.0,55.64,0,0,24.0,1.0,0.0,0,0.0
26,S1,H8,loader,42,847.3288627658442,24.0,0.0,53.48,1,0,24.0,1.0,0.0,0,0.0
27,S1,H3,grapple_skidder,42,517.7342967999999,24.0,0.0,53.24,0,0,24.0,1.0,0.0,0,0.3
27,S1,H4,processor,42,372.5655311196107,23.34212450102267,0.6578754989773294,55.4,0,0,24.0,0.9725885208759446,0.6578754989773303,1,0.3
27,S1,H7,loader,42,561.6879478,24.0,0.0,53.24,0,0,24.0,1.0,0.0,0,0.3
28,S1,H3,grapple_skidder,42,1480.641393,24.0,0.0,55.4,0,0,24.0,1.0,0.0,0,0.0
28,S1,H4,processor,42,224.40648523841585,24.0,0.0,53.24,0,0,24.0,1.0,0.0,0,0.0
28,S1,H5,processor,42,224.40648523841585,24.0,0.0,55.16,0,0,24.0,1.0,0.0,0,0.0
28,S1,H7,loader,42,433.9451071196106,24.0,0.0,55.4,1,0,24.0,1.0,0.0,0,0.0
28,S1,H8,loader,42,0.0,24.0,0.0,55.64,1,0,24.0,1.0,0.0,0,0.0
29,S1,H3,grapple_skidder,42,778.104169,24.0,0.0,54.92,0,0,24.0,1.0,0.0,0,0.0
29,S1,H4,processor,42,569.826226,24.0,0.0,55.4,0,0,24.0,1.0,0.0,0,0.0
29,S1,H5,processor,42,569.826226,24.0,0.0,55.4,0,0,24.0,1.0,0.0,0,0.0
29,S1,H7,loader,42,451.958924,24.0,0.0,53.24,0,0,24.0,1.0,0.0,0,0.0
29,S1,H8,loader,42,26.224405476831635,24.0,0.0,53.24,1,0,24.0,1.0,0.0,0,0.0
30,S1,H3,grapple_skidder,42,475.2776133,24.0,0.0,53.72,0,0,24.0,1.0,0.0,0,0.3
30,S1,H4,processor,42,328.3327887,24.0,0.0,54.92,0,0,24.0,1.0,0.0,0,0.3
30,S1,H5,processor,42,275.7626483455218,20.157303163345393,3.842696836654607,54.92,0,0,24.0,0.8398876318060581,3.842696836654606,1,0.3
30,S1,H7,loader,42,656.0293775,24.0,0.0,55.4,0,0,24.0,1.0,0.0,0,0.3
31,S1,H3,grapple_skidder,42,923.199854,24.0,0.0,53.96,0,0,24.0,1.0,0.0,0,0.0
31,S1,H4,processor,42,547.23705,24.0,0.0,53.72,0,0,24.0,1.0,0.0,0,0.0
31,S1,H7,loader,42,474.741639,24.0,0.0,54.92,0,0,24.0,1.0,0.0,0,0.0
31,S1,H8,loader,42,129.35379804552173,24.0,0.0,53.48,1,0,24.0,1.0,0.0,0,0.0
32,S1,H3,grapple_skidder,42,778.104169,24.0,0.0,53.24,0,0,24.0,1.0,0.0,0,0.0
32,S1,H4,processor,42,395.784917,24.0,0.0,53.96,0,0,24.0,1.0,0.0,0,0.0
32,S1,H5,processor,42,395.784917,24.0,0.0,53.24,0,0,24.0,1.0,0.0,0,0.0
32,S1,H7,loader,42,485.857474,24.0,0.0,53.72,0,0,24.0,1.0,0.0,0,0.0
33,S1,H3,grapple_skidder,42,339.9365580000001,24.0,0.0,53.48,0,0,24.0,1.0,0.0,0,0.0
33,S1,H4,processor,42,469.046841,24.0,0.0,53.24,0,0,24.0,1.0,0.0,0,0.0
33,S1,H5,processor,42,469.046841,24.0,0.0,53.24,0,0,24.0,1.0,0.0,0,0.0
33,S1,H7,loader,42,456.725789,24.0,0.0,53.96,0,0,24.0,1.0,0.0,0,0.0
34,S1,H3,grapple_skidder,42,122.17881099999954,24.0,0.0,53.24,0,0,24.0,1.0,0.0,0,0.0
34,S1,H4,processor,42,410.4425559999998,24.0,0.0,53.48,0,0,24.0,1.0,0.0,0,0.0
34,S1,H7,loader,42,474.741639,24.0,0.0,53.24,0,0,24.0,1.0,0.0,0,0.0
34,S1,H8,loader,42,463.3520429999999,24.0,0.0,0.0,1,0,24.0,1.0,0.0,0,0.0
35,S1,H3,grapple_skidder,42,413.0771152889816,24.0,0.0,53.48,0,0,24.0,1.0,0.0,0,0.0
35,S1,H4,processor,42,547.23705,24.0,0.0,53.24,0,0,24.0,1.0,0.0,0,0.0
35,S1,H5,processor,42,81.55246300000022,24.0,0.0,53.72,0,0,24.0,1.0,0.0,0,0.0
35,S1,H7,loader,42,410.4425559999998,24.0,0.0,53.48,1,0,24.0,1.0,0.0,0,0.0
35,S1,H8,loader,42,0.0,24.0,0.0,53.48,1,0,24.0,1.0,0.0,0,0.0
36,S1,H3,grapple_skidder,42,778.104169,24.0,0.0,53.24,0,0,24.0,1.0,0.0,0,0.0
36,S1,H4,processor,42,409.650504,24.0,0.0,53.48,0,0,24.0,1.0,0.0,0,0.0
36,S1,H5,processor,42,403.4002752889816,24.0,0.0,53.48,1,0,24.0,1.0,0.0,0,0.0
36,S1,H7,loader,42,485.857474,24.0,0.0,53.24,0,0,24.0,1.0,0.0,0,0.0
36,S1,H8,loader,42,204.31161500000007,24.0,0.0,53.24,1,0,24.0,1.0,0.0,0,0.0
37,S1,H3,grapple_skidder,42,1332.369187,24.0,0.0,54.68,0,0,24.0,1.0,0.0,0,0.0
37,S1,H4,processor,42,469.046841,24.0,0.0,53.24,0,0,24.0,1.0,0.0,0,0.0
37,S1,H7,loader,42,424.433991,24.0,0.0,53.48,0,0,24.0,1.0,0.0,0,0.0
37,S1,H8,loader,42,424.433991,24.0,0.0,53.48,0,0,24.0,1.0,0.0,0,0.0
38,S1,H3,grapple_skidder,42,477.4620719999998,24.0,0.0,53.24,0,0,24.0,1.0,0.0,0,0.0
38,S1,H4,processor,42,531.895933,24.0,0.0,54.68,0,0,24.0,1.0,0.0,0,0.0
38,S1,H5,processor,42,531.895933,24.0,0.0,54.92,0,0,24.0,1.0,0.0,0,0.0
38,S1,H6,processor,42,531.895933,24.0,0.0,53.24,0,0,24.0,1.0,0.0,0,0.0
38,S1,H7,loader,42,469.046841,24.0,0.0,53.24,1,0,24.0,1.0,0.0,0,0.0
39,S1,H3,grapple_skidder,42,0.0,24.0,0.0,53.72,1,0,24.0,1.0,0.0,0,0.0
39,S1,H4,processor,42,569.826226,24.0,0.0,53.24,0,0,24.0,1.0,0.0,0,0.0
39,S1,H5,processor,42,360.77644299999906,24.0,0.0,53.24,0,0,24.0,1.0,0.0,0,0.0
39,S1,H7,loader,42,802.411354,24.0,0.0,54.68,0,0,24.0,1.0,0.0,0,0.0
39,S1,H8,loader,42,802.411354,24.0,0.0,54.92,0,0,24.0,1.0,0.0,0,0.0
40,S1,H3,grapple_skidder,42,567.1587449999993,24.0,0.0,53.48,0,0,24.0,1.0,0.0,0,0.0
40,S1,H4,processor,42,0.0,24.0,0.0,53.72,1,0,24.0,1.0,0.0,0,0.0
40,S1,H7,loader,42,937.184825,24.0,0.0,53.24,0,0,24.0,1.0,0.0,0,0.0
40,S1,H8,loader,42,233.46212599999876,24.0,0.0,53.24,0,0,24.0,1.0,0.0,0,0.0
41,S1,H3,grapple_skidder,42,403.87247809999997,24.0,0.0,54.2,1,0,24.0,1.0,0.0,0,0.0
41,S1,H4,processor,42,531.895933,24.0,0.0,53.48,0,0,24.0,1.0,0.0,0,0.0
41,S1,H5,processor,42,40.52152099999921,24.0,0.0,53.24,1,0,24.0,1.0,0.0,0,0.0
41,S1,H7,loader,42,607.619664390435,24.0,0.0,53.72,1,0,24.0,1.0,0.0,0,0.0
41,S1,H8,loader,42,0.0,24.0,0.0,53.72,1,0,24.0,1.0,0.0,0,0.0
42,S1,H3,grapple_skidder,42,935.6367696,24.0,0.0,53.24,1,0,24.0,1.0,0.0,0,0.0
42,S1,H4,processor,42,403.87247809999997,24.0,0.0,54.2,1,0,24.0,1.0,0.0,0,0.0
42,S1,H5,processor,42,0.0,24.0,0.0,54.2,1,0,24.0,1.0,0.0,0,0.0
42,S1,H7,loader,42,346.75326097791225,18.72970454278733,5.270295457212669,53.48,0,0,24.0,0.7804043559494721,5.270295457212667,1,0.0
42,S1,H8,loader,42,154.9113493809231,24.0,0.0,53.48,0,0,24.0,1.0,0.0,0,0.0
1,S1,H1,feller_buncher,43,1176.844281,24.0,0.0,0.0,0,0,24.0,1.0,0.0,0,0.0
1,S1,H2,feller_buncher,43,1299.478592,24.0,0.0,0.0,0,0,24.0,1.0,0.0,0,0.0
2,S1,H1,feller_buncher,43,750.8499205646962,24.0,0.0,54.2,0,0,24.0,1.0,0.0,0,0.0
2,S1,H2,feller_buncher,43,1299.478592,24.0,0.0,0.0,0,0,24.0,1.0,0.0,0,0.0
2,S1,H3,grapple_skidder,43,1164.728216,24.0,0.0,0.0,0,0,24.0,1.0,0.0,0,0.0
3,S1,H1,feller_buncher,43,888.796776,24.0,0.0,53.24,0,0,24.0,1.0,0.0,0,0.0
3,S1,H2,feller_buncher,43,1299.478592,24.0,0.0,0.0,0,0,24.0,1.0,0.0,0,0.0
3,S1,H3,grapple_skidder,43,750.8499205646962,24.0,0.0,54.2,1,0,24.0,1.0,0.0,0,0.0
3,S1,H4,processor,43,517.165642,24.0,0.0,0.0,0,0,24.0,1.0,0.0,0,0.0
3,S1,H5,processor,43,517.165642,24.0,0.0,0.0,0,0,24.0,1.0,0.0,0,0.0
4,S1,H1,feller_buncher,43,961.553907,24.0,0.0,53.24,0,0,24.0,1.0,0.0,0,0.0
4,S1,H2,feller_buncher,43,1299.478592,24.0,0.0,0.0,0,0,24.0,1.0,0.0,0,0.0
4,S1,H3,grapple_skidder,43,809.624168,24.0,0.0,53.24,0,0,24.0,1.0,0.0,0,0.0
4,S1,H4,processor,43,469.046841,24.0,0.0,54.2,0,0,24.0,1.0,0.0,0,0.0
4,S1,H7,loader,43,687.364703,24.0,0.0,0.0,0,0,24.0,1.0,0.0,0,0.0
5,S1,H1,feller_buncher,43,254.55763592602926,17.160774621816945,6.839225378183055,53.24,0,0,24.0,0.7150322759090394,6.839225378183055,1,0.0
5,S1,H2,feller_buncher,43,897.1322468980707,18.022108544601103,5.977891455398897,55.64,0,0,24.0,0.7509211893583793,5.977891455398897,1,0.0
5,S1,H3,grapple_skidder,43,739.620424,24.0,0.0,53.24,0,0,24.0,1.0,0.0,0,0.0
5,S1,H4,processor,43,409.650504,24.0,0.0,53.24,0,0,24.0,1.0,0.0,0,0.0
6,S1,H1,feller_buncher,43,1220.906942,24.0,0.0,55.4,0,0,24.0,1.0,0.0,0,0.0
6,S1,H2,feller_buncher,43,1164.04956,24.0,0.0,54.92,0,0,24.0,1.0,0.0,0,0.0
6,S1,H3,grapple_skidder,43,678.968019,24.0,0.0,53.24,0,0,24.0,1.0,0.0,0,0.0
6,S1,H4,processor,43,481.329283,24.0,0.0,53.24,0,0,24.0,1.0,0.0,0,0.0
7,S1,H1,feller_buncher,43,1176.844281,24.0,0.0,53.48,0,0,24.0,1.0,0.0,0,0.0
7,S1,H2,feller_buncher,43,1220.906942,24.0,0.0,54.68,0,0,24.0,1.0,0.0,0,0.0
7,S1,H3,grapple_skidder,43,778.104169,24.0,0.0,53.72,0,0,24.0,1.0,0.0,0,0.0
7,S1,H4,processor,43,547.23705,24.0,0.0,53.24,0,0,24.0,1.0,0.0,0,0.0
7,S1,H7,loader,43,451.958924,24.0,0.0,54.68,0,0,24.0,1.0,0.0,0,0.0
8,S1,H1,feller_buncher,43,674.603847,24.0,0.0,53.24,0,0,24.0,1.0,0.0,0,0.0
8,S1,H2,feller_buncher,43,1220.906942,24.0,0.0,0.0,0,0,24.0,1.0,0.0,0,0.0
8,S1,H3,grapple_skidder,43,678.968019,24.0,0.0,53.72,0,0,24.0,1.0,0.0,0,0.0
8,S1,H4,processor,43,469.046841,24.0,0.0,53.72,0,0,24.0,1.0,0.0,0,0.0
8,S1,H5,processor,43,469.046841,24.0,0.0,54.2,0,0,24.0,1.0,0.0,0,0.0
8,S1,H7,loader,43,485.857474,24.0,0.0,53.24,0,0,24.0,1.0,0.0,0,0.0
9,S1,H1,feller_buncher,43,1194.708925,24.0,0.0,53.96,0,0,24.0,1.0,0.0,0,0.0
9,S1,H2,feller_buncher,43,961.553907,24.0,0.0,55.16,0,0,24.0,1.0,0.0,0,0.0
9,S1,H3,grapple_skidder,43,1332.369187,24.0,0.0,55.4,0,0,24.0,1.0,0.0,0,0.0
9,S1,H4,processor,43,547.23705,24.0,0.0,53.72,0,0,24.0,1.0,0.0,0,0.0
9,S1,H7,loader,43,474.741639,24.0,0.0,53.72,0,0,24.0,1.0,0.0,0,0.0
9,S1,H8,loader,43,474.741639,24.0,0.0,0.0,0,0,24.0,1.0,0.0,0,0.0
10,S1,H1,feller_buncher,43,961.553907,24.0,0.0,55.4,0,0,24.0,1.0,0.0,0,0.0
10,S1,H2,feller_buncher,43,860.013242,24.0,0.0,53.72,0,0,24.0,1.0,0.0,0,0.0
10,S1,H3,grapple_skidder,43,1480.641393,24.0,0.0,53.24,0,0,24.0,1.0,0.0,0,0.0
10,S1,H4,processor,43,531.895933,24.0,0.0,55.4,0,0,24.0,1.0,0.0,0,0.0
10,S1,H5,processor,43,531.895933,24.0,0.0,54.68,0,0,24.0,1.0,0.0,0,0.0
10,S1,H7,loader,43,485.857474,24.0,0.0,53.72,0,0,24.0,1.0,0.0,0,0.0
11,S1,H1,feller_buncher,43,860.013242,24.0,0.0,53.72,0,0,24.0,1.0,0.0,0,0.0
11,S1,H2,feller_buncher,43,1220.906942,24.0,0.0,54.44,0,0,24.0,1.0,0.0,0,0.0
11,S1,H3,grapple_skidder,43,1164.728216,24.0,0.0,53.72,0,0,24.0,1.0,0.0,0,0.0
11,S1,H4,processor,43,569.826226,24.0,0.0,53.24,0,0,24.0,1.0,0.0,0,0.0
11,S1,H5,processor,43,569.826226,24.0,0.0,53.24,0,0,24.0,1.0,0.0,0,0.0
11,S1,H7,loader,43,802.411354,24.0,0.0,55.4,0,0,24.0,1.0,0.0,0,0.0
12,S1,H1,feller_buncher,43,709.1054075,24.0,0.0,54.44,0,0,24.0,1.0,0.0,0,0.3
12,S1,H2,feller_buncher,43,622.1577432,24.0,0.0,54.92,0,0,24.0,1.0,0.0,0,0.3
12,S1,H3,grapple_skidder,43,475.2776133,24.0,0.0,54.92,0,0,24.0,1.0,0.0,0,0.3
12,S1,H4,processor,43,301.31051894561915,19.975507893174772,4.024492106825228,53.72,0,0,24.0,0.8323128288822822,4.024492106825228,1,0.3
12,S1,H5,processor,43,362.0159494,24.0,0.0,53.72,0,0,24.0,1.0,0.0,0,0.3
12,S1,H7,loader,43,656.0293775,24.0,0.0,53.24,0,0,24.0,1.0,0.0,0,0.3
13,S1,H1,feller_buncher,43,289.62957310000013,24.0,0.0,55.16,0,0,24.0,1.0,0.0,0,0.3
13,S1,H2,feller_buncher,43,476.1455040999999,24.0,0.0,53.96,0,0,24.0,1.0,0.0,0,0.3
13,S1,H3,grapple_skidder,43,932.6584309,24.0,0.0,55.4,0,0,24.0,1.0,0.0,0,0.3
13,S1,H4,processor,43,383.06593499999997,24.0,0.0,54.92,0,0,24.0,1.0,0.0,0,0.3
13,S1,H7,loader,43,481.15529209999994,24.0,0.0,53.72,0,0,24.0,1.0,0.0,0,0.3
13,S1,H8,loader,43,481.15529209999994,24.0,0.0,54.2,0,0,24.0,1.0,0.0,0,0.3
14,S1,H1,feller_buncher,43,1164.04956,24.0,0.0,53.48,0,0,24.0,1.0,0.0,0,0.0
14,S1,H2,feller_buncher,43,1176.844281,24.0,0.0,53.48,0,0,24.0,1.0,0.0,0,0.0
14,S1,H3,grapple_skidder,43,627.162010334174,22.168773531025735,1.8312264689742648,55.4,0,0,24.0,0.9236988971260723,1.8312264689742657,1,0.0
14,S1,H4,processor,43,531.895933,24.0,0.0,55.4,0,0,24.0,1.0,0.0,0,0.0
14,S1,H5,processor,43,531.895933,24.0,0.0,53.48,0,0,24.0,1.0,0.0,0,0.0
14,S1,H6,processor,43,137.44388589999994,24.0,0.0,0.0,1,0,24.0,1.0,0.0,0,0.0
14,S1,H7,loader,43,485.857474,24.0,0.0,54.92,0,0,24.0,1.0,0.0,0,0.0
15,S1,H1,feller_buncher,43,439.5583826445397,24.0,0.0,54.44,0,0,24.0,1.0,0.0,0,0.3
15,S1,H2,feller_buncher,43,823.7909966999999,24.0,0.0,0.0,0,0,24.0,1.0,0.0,0,0.3
15,S1,H3,grapple_skidder,43,517.7342967999999,24.0,0.0,53.24,0,0,24.0,1.0,0.0,0,0.3
15,S1,H4,processor,43,383.06593499999997,24.0,0.0,55.4,0,0,24.0,1.0,0.0,0,0.3
15,S1,H7,loader,43,561.6879478,24.0,0.0,55.4,0,0,24.0,1.0,0.0,0,0.3
15,S1,H8,loader,43,462.8194762532865,19.775513207262158,4.224486792737842,53.48,0,0,24.0,0.8239797169692565,4.224486792737844,1,0.3
16,S1,H1,feller_buncher,43,1194.708925,24.0,0.0,53.48,0,0,24.0,1.0,0.0,0,0.0
16,S1,H2,feller_buncher,43,111.30773800000088,24.0,0.0,0.0,0,0,24.0,1.0,0.0,0,0.0
16,S1,H3,grapple_skidder,43,674.603847,24.0,0.0,54.44,0,0,24.0,1.0,0.0,0,0.0
16,S1,H4,processor,43,481.329283,24.0,0.0,53.24,0,0,24.0,1.0,0.0,0,0.0
16,S1,H5,processor,43,294.6961548,24.0,0.0,55.16,1,0,24.0,1.0,0.0,0,0.0
16,S1,H7,loader,43,403.03354799999977,24.0,0.0,55.4,1,0,24.0,1.0,0.0,0,0.0
17,S1,H1,feller_buncher,43,1194.708925,24.0,0.0,0.0,0,0,24.0,1.0,0.0,0,0.0
17,S1,H2,feller_buncher,43,1164.04956,24.0,0.0,54.2,0,0,24.0,1.0,0.0,0,0.0
17,S1,H3,grapple_skidder,43,1164.728216,24.0,0.0,53.24,0,0,24.0,1.0,0.0,0,0.0
17,S1,H4,processor,43,456.082335,24.0,0.0,54.44,0,0,24.0,1.0,0.0,0,0.0
17,S1,H5,processor,43,218.52151199999997,24.0,0.0,54.44,0,0,24.0,1.0,0.0,0,0.0
17,S1,H7,loader,43,451.958924,24.0,0.0,53.24,0,0,24.0,1.0,0.0,0,0.0
17,S1,H8,loader,43,353.43687279999995,24.0,0.0,55.16,1,0,24.0,1.0,0.0,0,0.0
18,S1,H1,feller_buncher,43,140.55055100000027,24.0,0.0,0.0,0,0,24.0,1.0,0.0,0,0.0
18,S1,H2,feller_buncher,43,1164.04956,24.0,0.0,0.0,0,0,24.0,1.0,0.0,0,0.0
18,S1,H3,grapple_skidder,43,739.620424,24.0,0.0,54.68,0,0,24.0,1.0,0.0,0,0.0
18,S1,H4,processor,43,517.165642,24.0,0.0,53.24,0,0,24.0,1.0,0.0,0,0.0
18,S1,H5,processor,43,517.165642,24.0,0.0,53.24,0,0,24.0,1.0,0.0,0,0.0
18,S1,H7,loader,43,674.603847,24.0,0.0,54.44,0,0,24.0,1.0,0.0,0,0.0
19,S1,H1,feller_buncher,43,502.7667789999996,24.0,0.0,54.92,0,0,24.0,1.0,0.0,0,0.0
19,S1,H2,feller_buncher,43,256.1621419999998,24.0,0.0,53.24,0,0,24.0,1.0,0.0,0,0.0
19,S1,H3,grapple_skidder,43,971.4469297000005,24.0,0.0,54.68,1,0,24.0,1.0,0.0,0,0.0
19,S1,H4,processor,43,481.329283,24.0,0.0,54.68,0,0,24.0,1.0,0.0,0,0.0
19,S1,H7,loader,43,687.364703,24.0,0.0,53.24,0,0,24.0,1.0,0.0,0,0.0
20,S1,H1,feller_buncher,43,59.00278800000001,24.0,0.0,53.24,0,0,24.0,1.0,0.0,0,0.0
20,S1,H2,feller_buncher,43,486.3476200000001,24.0,0.0,54.68,0,0,24.0,1.0,0.0,0,0.0
20,S1,H3,grapple_skidder,43,589.9659710155864,20.853976782629687,3.1460232173703133,54.92,0,0,24.0,0.8689156992762369,3.146023217370312,1,0.0
20,S1,H4,processor,43,379.73412085586443,17.622243552948063,6.377756447051937,54.68,0,0,24.0,0.7342601480395027,6.3777564470519374,1,0.0
20,S1,H5,processor,43,517.165642,24.0,0.0,0.0,0,0,24.0,1.0,0.0,0,0.0
20,S1,H6,processor,43,517.165642,24.0,0.0,53.48,0,0,24.0,1.0,0.0,0,0.0
20,S1,H7,loader,43,451.958924,24.0,0.0,54.68,0,0,24.0,1.0,0.0,0,0.0
21,S1,H1,feller_buncher,43,576.960683,24.0,0.0,53.24,0,0,24.0,1.0,0.0,0,0.0
21,S1,H2,feller_buncher,43,364.89843800000006,24.0,0.0,53.72,0,0,24.0,1.0,0.0,0,0.0
21,S1,H3,grapple_skidder,43,925.9060026445397,24.0,0.0,55.16,1,0,24.0,1.0,0.0,0,0.0
21,S1,H4,processor,43,547.23705,24.0,0.0,54.92,0,0,24.0,1.0,0.0,0,0.0
21,S1,H5,processor,43,547.23705,24.0,0.0,54.92,0,0,24.0,1.0,0.0,0,0.0
21,S1,H7,loader,43,687.364703,24.0,0.0,54.68,0,0,24.0,1.0,0.0,0,0.0
21,S1,H8,loader,43,561.4780473586711,19.60454628786504,4.395453712134959,54.68,0,0,24.0,0.8168560953277101,4.395453712134958,1,0.0
22,S1,H3,grapple_skidder,43,778.104169,24.0,0.0,54.44,0,0,24.0,1.0,0.0,0,0.0
22,S1,H4,processor,43,441.264891,24.0,0.0,55.16,0,0,24.0,1.0,0.0,0,0.0
22,S1,H5,processor,43,441.264891,24.0,0.0,55.16,0,0,24.0,1.0,0.0,0,0.0
22,S1,H6,processor,43,43.376220644539785,24.0,0.0,53.24,1,0,24.0,1.0,0.0,0,0.0
22,S1,H7,loader,43,485.857474,24.0,0.0,54.92,0,0,24.0,1.0,0.0,0,0.0
22,S1,H8,loader,43,485.857474,24.0,0.0,54.92,0,0,24.0,1.0,0.0,0,0.0
23,S1,H3,grapple_skidder,43,678.968019,24.0,0.0,53.72,0,0,24.0,1.0,0.0,0,0.0
23,S1,H4,processor,43,469.046841,24.0,0.0,54.44,0,0,24.0,1.0,0.0,0,0.0
23,S1,H7,loader,43,733.483855,24.0,0.0,55.16,0,0,24.0,1.0,0.0,0,0.0
23,S1,H8,loader,43,192.4221476445398,24.0,0.0,55.16,1,0,24.0,1.0,0.0,0,0.0
24,S1,H3,grapple_skidder,43,1480.641393,24.0,0.0,55.64,0,0,24.0,1.0,0.0,0,0.0
24,S1,H4,processor,43,547.23705,24.0,0.0,53.72,0,0,24.0,1.0,0.0,0,0.0
24,S1,H7,loader,43,365.98906104087905,18.502142520052043,5.497857479947957,54.44,0,0,24.0,0.7709226050021685,5.497857479947958,1,0.0
25,S1,H3,grapple_skidder,43,1332.369187,24.0,0.0,53.24,0,0,24.0,1.0,0.0,0,0.0
25,S1,H4,processor,43,569.826226,24.0,0.0,55.64,0,0,24.0,1.0,0.0,0,0.0
25,S1,H5,processor,43,569.826226,24.0,0.0,53.48,0,0,24.0,1.0,0.0,0,0.0
25,S1,H6,processor,43,463.74893938881036,19.532225856749964,4.467774143250036,53.48,0,0,24.0,0.8138427440312485,4.467774143250036,1,0.0
25,S1,H7,loader,43,485.857474,24.0,0.0,53.72,0,0,24.0,1.0,0.0,0,0.0
26,S1,H3,grapple_skidder,43,475.2776133,24.0,0.0,55.4,0,0,24.0,1.0,0.0,0,0.3
26,S1,H4,processor,43,157.0446613925628,24.0,0.0,53.24,0,0,24.0,1.0,0.0,0,0.3
26,S1,H5,processor,43,157.0446613925628,24.0,0.0,53.24,0,0,24.0,1.0,0.0,0,0.3
26,S1,H7,loader,43,656.0293775,24.0,0.0,55.64,0,0,24.0,1.0,0.0,0,0.3
26,S1,H8,loader,43,656.0293775,24.0,0.0,53.48,0,0,24.0,1.0,0.0,0,0.3
27,S1,H3,grapple_skidder,43,739.620424,24.0,0.0,53.24,0,0,24.0,1.0,0.0,0,0.0
27,S1,H4,processor,43,547.23705,24.0,0.0,55.4,0,0,24.0,1.0,0.0,0,0.0
27,S1,H7,loader,43,752.1981626318391,24.0,0.0,53.24,1,0,24.0,1.0,0.0,0,0.0
28,S1,H3,grapple_skidder,43,1480.641393,24.0,0.0,55.4,0,0,24.0,1.0,0.0,0,0.0
28,S1,H4,processor,43,481.329283,24.0,0.0,53.24,0,0,24.0,1.0,0.0,0,0.0
28,S1,H5,processor,43,481.329283,24.0,0.0,55.16,0,0,24.0,1.0,0.0,0,0.0
28,S1,H7,loader,43,392.15008304206697,19.371117038758584,4.628882961241416,55.4,0,0,24.0,0.807129876614941,4.628882961241414,1,0.0
28,S1,H8,loader,43,339.2256949579328,24.0,0.0,55.64,1,0,24.0,1.0,0.0,0,0.0
29,S1,H3,grapple_skidder,43,778.104169,24.0,0.0,54.92,0,0,24.0,1.0,0.0,0,0.0
29,S1,H4,processor,43,569.826226,24.0,0.0,55.4,0,0,24.0,1.0,0.0,0,0.0
29,S1,H5,processor,43,569.826226,24.0,0.0,55.4,0,0,24.0,1.0,0.0,0,0.0
29,S1,H7,loader,43,451.958924,24.0,0.0,53.24,0,0,24.0,1.0,0.0,0,0.0
29,S1,H8,loader,43,451.958924,24.0,0.0,53.24,0,0,24.0,1.0,0.0,0,0.0
30,S1,H3,grapple_skidder,43,678.968019,24.0,0.0,53.72,0,0,24.0,1.0,0.0,0,0.0
30,S1,H4,processor,43,469.046841,24.0,0.0,54.92,0,0,24.0,1.0,0.0,0,0.0
30,S1,H5,processor,43,469.046841,24.0,0.0,54.92,0,0,24.0,1.0,0.0,0,0.0
30,S1,H7,loader,43,455.22767376495904,24.0,0.0,55.4,0,0,24.0,1.0,0.0,0,0.0
31,S1,H3,grapple_skidder,43,923.199854,24.0,0.0,53.96,0,0,24.0,1.0,0.0,0,0.0
31,S1,H4,processor,43,547.23705,24.0,0.0,53.72,0,0,24.0,1.0,0.0,0,0.0
31,S1,H7,loader,43,474.741639,24.0,0.0,54.92,0,0,24.0,1.0,0.0,0,0.0
31,S1,H8,loader,43,474.741639,24.0,0.0,53.48,0,0,24.0,1.0,0.0,0,0.0
32,S1,H3,grapple_skidder,43,778.104169,24.0,0.0,53.24,0,0,24.0,1.0,0.0,0,0.0
32,S1,H4,processor,43,395.784917,24.0,0.0,53.96,0,0,24.0,1.0,0.0,0,0.0
32,S1,H5,processor,43,395.784917,24.0,0.0,53.24,0,0,24.0,1.0,0.0,0,0.0
32,S1,H7,loader,43,485.857474,24.0,0.0,53.72,0,0,24.0,1.0,0.0,0,0.0
33,S1,H3,grapple_skidder,43,195.1613527792234,24.0,0.0,53.48,0,0,24.0,1.0,0.0,0,0.0
33,S1,H4,processor,43,469.046841,24.0,0.0,53.24,0,0,24.0,1.0,0.0,0,0.0
33,S1,H5,processor,43,469.046841,24.0,0.0,53.24,0,0,24.0,1.0,0.0,0,0.0
33,S1,H7,loader,43,456.725789,24.0,0.0,53.96,0,0,24.0,1.0,0.0,0,0.0
34,S1,H3,grapple_skidder,43,122.17881099999954,24.0,0.0,53.24,0,0,24.0,1.0,0.0,0,0.0
34,S1,H4,processor,43,230.41435177922327,24.0,0.0,53.48,1,0,24.0,1.0,0.0,0,0.0
34,S1,H7,loader,43,474.741639,24.0,0.0,53.24,0,0,24.0,1.0,0.0,0,0.0
34,S1,H8,loader,43,474.741639,24.0,0.0,0.0,0,0,24.0,1.0,0.0,0,0.0
35,S1,H3,grapple_skidder,43,566.7369176,24.0,0.0,53.48,0,0,24.0,1.0,0.0,0,0.3
35,S1,H4,processor,43,383.06593499999997,24.0,0.0,53.24,0,0,24.0,1.0,0.0,0,0.3
35,S1,H5,processor,43,25.87693994976064,24.0,0.0,53.72,1,0,24.0,1.0,0.0,0,0.3
35,S1,H7,loader,43,316.3712468,24.0,0.0,53.48,0,0,24.0,1.0,0.0,0,0.3
35,S1,H8,loader,43,2.15418197922304,24.0,0.0,53.48,1,0,24.0,1.0,0.0,0,0.3
36,S1,H3,grapple_skidder,43,374.7844674703617,24.0,0.0,53.24,0,0,24.0,1.0,0.0,0,0.0
36,S1,H4,processor,43,409.650504,24.0,0.0,53.48,0,0,24.0,1.0,0.0,0,0.0
36,S1,H5,processor,43,409.650504,24.0,0.0,53.48,0,0,24.0,1.0,0.0,0,0.0
36,S1,H7,loader,43,470.32245094976054,24.0,0.0,53.24,1,0,24.0,1.0,0.0,0,0.0
36,S1,H8,loader,43,0.0,24.0,0.0,53.24,1,0,24.0,1.0,0.0,0,0.0
37,S1,H3,grapple_skidder,43,1332.369187,24.0,0.0,54.68,0,0,24.0,1.0,0.0,0,0.0
37,S1,H4,processor,43,469.046841,24.0,0.0,53.24,0,0,24.0,1.0,0.0,0,0.0
37,S1,H7,loader,43,424.433991,24.0,0.0,53.48,0,0,24.0,1.0,0.0,0,0.0
37,S1,H8,loader,43,424.433991,24.0,0.0,53.48,0,0,24.0,1.0,0.0,0,0.0
38,S1,H3,grapple_skidder,43,179.88539389807056,24.0,0.0,53.24,1,0,24.0,1.0,0.0,0,0.0
38,S1,H4,processor,43,531.895933,24.0,0.0,54.68,0,0,24.0,1.0,0.0,0,0.0
38,S1,H5,processor,43,531.895933,24.0,0.0,54.92,0,0,24.0,1.0,0.0,0,0.0
38,S1,H6,processor,43,531.895933,24.0,0.0,53.24,0,0,24.0,1.0,0.0,0,0.0
38,S1,H7,loader,43,474.741639,24.0,0.0,53.24,0,0,24.0,1.0,0.0,0,0.0
39,S1,H3,grapple_skidder,43,0.0,24.0,0.0,53.72,1,0,24.0,1.0,0.0,0,0.0
39,S1,H4,processor,43,495.4598367095997,20.86782871420592,3.1321712857940796,53.24,0,0,24.0,0.8694928630919133,3.1321712857940796,1,0.0
39,S1,H5,processor,43,243.64344079966077,24.0,0.0,53.24,1,0,24.0,1.0,0.0,0,0.0
39,S1,H7,loader,43,802.411354,24.0,0.0,54.68,0,0,24.0,1.0,0.0,0,0.0
39,S1,H8,loader,43,793.2764450000001,24.0,0.0,54.92,1,0,24.0,1.0,0.0,0,0.0
40,S1,H3,grapple_skidder,43,567.1587449999993,24.0,0.0,53.48,0,0,24.0,1.0,0.0,0,0.0
40,S1,H4,processor,43,164.19408399999952,24.0,0.0,53.72,0,0,24.0,1.0,0.0,0,0.0
40,S1,H7,loader,43,937.184825,24.0,0.0,53.24,0,0,24.0,1.0,0.0,0,0.0
40,S1,H8,loader,43,233.46212599999876,24.0,0.0,53.24,0,0,24.0,1.0,0.0,0,0.0
41,S1,H3,grapple_skidder,43,317.4831803130188,24.0,0.0,54.2,0,0,24.0,1.0,0.0,0,0.0
41,S1,H4,processor,43,531.895933,24.0,0.0,53.48,0,0,24.0,1.0,0.0,0,0.0
41,S1,H5,processor,43,45.780229999999165,24.0,0.0,53.24,0,0,24.0,1.0,0.0,0,0.0
41,S1,H7,loader,43,687.364703,24.0,0.0,53.72,0,0,24.0,1.0,0.0,0,0.0
41,S1,H8,loader,43,7.131940999999415,24.0,0.0,53.72,0,0,24.0,1.0,0.0,0,0.0
42,S1,H3,grapple_skidder,43,841.0439421,24.0,0.0,53.24,1,0,24.0,1.0,0.0,0,0.0
42,S1,H4,processor,43,317.4831803130188,24.0,0.0,54.2,1,0,24.0,1.0,0.0,0,0.0
42,S1,H5,processor,43,0.0,24.0,0.0,54.2,1,0,24.0,1.0,0.0,0,0.0
42,S1,H7,loader,43,515.1190515020501,24.0,0.0,53.48,0,0,24.0,1.0,0.0,0,0.0
42,S1,H8,loader,43,62.55711149794911,24.0,0.0,53.48,1,0,24.0,1.0,0.0,0,0.0
1,S1,H1,feller_buncher,44,823.7909966999999,24.0,0.0,0.0,0,0,24.0,1.0,0.0,0,0.3
1,S1,H2,feller_buncher,44,909.6350143999999,24.0,0.0,0.0,0,0,24.0,1.0,0.0,0,0.3
2,S1,H1,feller_buncher,44,1164.04956,24.0,0.0,54.2,0,0,24.0,1.0,0.0,0,0.0
2,S1,H2,feller_buncher,44,1299.478592,24.0,0.0,0.0,0,0,24.0,1.0,0.0,0,0.0
2,S1,H3,grapple_skidder,44,823.7909966999999,24.0,0.0,0.0,1,0,24.0,1.0,0.0,0,0.0
3,S1,H1,feller_buncher,44,888.796776,24.0,0.0,53.24,0,0,24.0,1.0,0.0,0,0.0
3,S1,H2,feller_buncher,44,1299.478592,24.0,0.0,0.0,0,0,24.0,1.0,0.0,0,0.0
3,S1,H3,grapple_skidder,44,778.104169,24.0,0.0,54.2,0,0,24.0,1.0,0.0,0,0.0
3,S1,H4,processor,44,517.165642,24.0,0.0,0.0,0,0,24.0,1.0,0.0,0,0.0
3,S1,H5,processor,44,306.6253546999999,24.0,0.0,0.0,1,0,24.0,1.0,0.0,0,0.0
4,S1,H1,feller_buncher,44,961.553907,24.0,0.0,53.24,0,0,24.0,1.0,0.0,0,0.0
4,S1,H2,feller_buncher,44,630.2898338813825,24.0,0.0,0.0,0,0,24.0,1.0,0.0,0,0.0
4,S1,H3,grapple_skidder,44,809.624168,24.0,0.0,53.24,0,0,24.0,1.0,0.0,0,0.0
4,S1,H4,processor,44,469.046841,24.0,0.0,54.2,0,0,24.0,1.0,0.0,0,0.0
4,S1,H7,loader,44,687.364703,24.0,0.0,0.0,0,0,24.0,1.0,0.0,0,0.0
5,S1,H1,feller_buncher,44,356.0085949999998,24.0,0.0,53.24,0,0,24.0,1.0,0.0,0,0.0
5,S1,H2,feller_buncher,44,1194.708925,24.0,0.0,55.64,0,0,24.0,1.0,0.0,0,0.0
5,S1,H3,grapple_skidder,44,739.620424,24.0,0.0,53.24,0,0,24.0,1.0,0.0,0,0.0
5,S1,H4,processor,44,409.650504,24.0,0.0,53.24,0,0,24.0,1.0,0.0,0,0.0
6,S1,H1,feller_buncher,44,1220.906942,24.0,0.0,55.4,0,0,24.0,1.0,0.0,0,0.0
6,S1,H2,feller_buncher,44,1164.04956,24.0,0.0,54.92,0,0,24.0,1.0,0.0,0,0.0
6,S1,H3,grapple_skidder,44,678.968019,24.0,0.0,53.24,0,0,24.0,1.0,0.0,0,0.0
6,S1,H4,processor,44,481.329283,24.0,0.0,53.24,0,0,24.0,1.0,0.0,0,0.0
7,S1,H1,feller_buncher,44,1176.844281,24.0,0.0,53.48,0,0,24.0,1.0,0.0,0,0.0
7,S1,H2,feller_buncher,44,1220.906942,24.0,0.0,54.68,0,0,24.0,1.0,0.0,0,0.0
7,S1,H3,grapple_skidder,44,582.0722611658109,24.0,0.0,53.72,0,0,24.0,1.0,0.0,0,0.0
7,S1,H4,processor,44,547.23705,24.0,0.0,53.24,0,0,24.0,1.0,0.0,0,0.0
7,S1,H7,loader,44,451.958924,24.0,0.0,54.68,0,0,24.0,1.0,0.0,0,0.0
8,S1,H1,feller_buncher,44,674.603847,24.0,0.0,53.24,0,0,24.0,1.0,0.0,0,0.0
8,S1,H2,feller_buncher,44,1220.906942,24.0,0.0,0.0,0,0,24.0,1.0,0.0,0,0.0
8,S1,H3,grapple_skidder,44,678.968019,24.0,0.0,53.72,0,0,24.0,1.0,0.0,0,0.0
8,S1,H4,processor,44,469.046841,24.0,0.0,53.72,0,0,24.0,1.0,0.0,0,0.0
8,S1,H5,processor,44,422.0827481658109,24.0,0.0,54.2,1,0,24.0,1.0,0.0,0,0.0
8,S1,H7,loader,44,485.857474,24.0,0.0,53.24,0,0,24.0,1.0,0.0,0,0.0
9,S1,H1,feller_buncher,44,1194.708925,24.0,0.0,53.96,0,0,24.0,1.0,0.0,0,0.0
9,S1,H2,feller_buncher,44,519.0334625786493,24.0,0.0,55.16,0,0,24.0,1.0,0.0,0,0.0
9,S1,H3,grapple_skidder,44,1332.369187,24.0,0.0,55.4,0,0,24.0,1.0,0.0,0,0.0
9,S1,H4,processor,44,547.23705,24.0,0.0,53.72,0,0,24.0,1.0,0.0,0,0.0
9,S1,H7,loader,44,474.741639,24.0,0.0,53.72,0,0,24.0,1.0,0.0,0,0.0
9,S1,H8,loader,44,474.741639,24.0,0.0,0.0,0,0,24.0,1.0,0.0,0,0.0
10,S1,H1,feller_buncher,44,961.553907,24.0,0.0,55.4,0,0,24.0,1.0,0.0,0,0.0
10,S1,H2,feller_buncher,44,860.013242,24.0,0.0,53.72,0,0,24.0,1.0,0.0,0,0.0
10,S1,H3,grapple_skidder,44,1480.641393,24.0,0.0,53.24,0,0,24.0,1.0,0.0,0,0.0
10,S1,H4,processor,44,531.895933,24.0,0.0,55.4,0,0,24.0,1.0,0.0,0,0.0
10,S1,H5,processor,44,531.895933,24.0,0.0,54.68,0,0,24.0,1.0,0.0,0,0.0
10,S1,H7,loader,44,485.857474,24.0,0.0,53.72,0,0,24.0,1.0,0.0,0,0.0
11,S1,H1,feller_buncher,44,759.0820143552864,21.183357947094116,2.816642052905884,53.72,0,0,24.0,0.8826399144622549,2.816642052905882,1,0.0
11,S1,H2,feller_buncher,44,1220.906942,24.0,0.0,54.44,0,0,24.0,1.0,0.0,0,0.0
11,S1,H3,grapple_skidder,44,1164.728216,24.0,0.0,53.72,0,0,24.0,1.0,0.0,0,0.0
11,S1,H4,processor,44,569.826226,24.0,0.0,53.24,0,0,24.0,1.0,0.0,0,0.0
11,S1,H5,processor,44,569.826226,24.0,0.0,53.24,0,0,24.0,1.0,0.0,0,0.0
11,S1,H7,loader,44,802.411354,24.0,0.0,55.4,0,0,24.0,1.0,0.0,0,0.0
12,S1,H1,feller_buncher,44,1013.0077249999999,24.0,0.0,54.44,0,0,24.0,1.0,0.0,0,0.0
12,S1,H2,feller_buncher,44,888.796776,24.0,0.0,54.92,0,0,24.0,1.0,0.0,0,0.0
12,S1,H3,grapple_skidder,44,678.968019,24.0,0.0,54.92,0,0,24.0,1.0,0.0,0,0.0
12,S1,H4,processor,44,517.165642,24.0,0.0,53.72,0,0,24.0,1.0,0.0,0,0.0
12,S1,H5,processor,44,517.165642,24.0,0.0,53.72,0,0,24.0,1.0,0.0,0,0.0
12,S1,H7,loader,44,937.184825,24.0,0.0,53.24,0,0,24.0,1.0,0.0,0,0.0
13,S1,H1,feller_buncher,44,413.7565330000002,24.0,0.0,55.16,0,0,24.0,1.0,0.0,0,0.0
13,S1,H2,feller_buncher,44,596.0639370388551,21.031121907116976,2.968878092883024,53.96,0,0,24.0,0.876296746129874,2.968878092883025,1,0.0
13,S1,H3,grapple_skidder,44,1332.369187,24.0,0.0,55.4,0,0,24.0,1.0,0.0,0,0.0
13,S1,H4,processor,44,547.23705,24.0,0.0,54.92,0,0,24.0,1.0,0.0,0,0.0
13,S1,H7,loader,44,687.364703,24.0,0.0,53.72,0,0,24.0,1.0,0.0,0,0.0
13,S1,H8,loader,44,483.3928747000002,24.0,0.0,54.2,1,0,24.0,1.0,0.0,0,0.0
14,S1,H1,feller_buncher,44,1164.04956,24.0,0.0,53.48,0,0,24.0,1.0,0.0,0,0.0
14,S1,H2,feller_buncher,44,1176.844281,24.0,0.0,53.48,0,0,24.0,1.0,0.0,0,0.0
14,S1,H3,grapple_skidder,44,678.968019,24.0,0.0,55.4,0,0,24.0,1.0,0.0,0,0.0
14,S1,H4,processor,44,531.895933,24.0,0.0,55.4,0,0,24.0,1.0,0.0,0,0.0
14,S1,H5,processor,44,531.895933,24.0,0.0,53.48,0,0,24.0,1.0,0.0,0,0.0
14,S1,H6,processor,44,531.895933,24.0,0.0,0.0,0,0,24.0,1.0,0.0,0,0.0
14,S1,H7,loader,44,485.857474,24.0,0.0,54.92,0,0,24.0,1.0,0.0,0,0.0
15,S1,H1,feller_buncher,44,787.363583,24.0,0.0,54.44,0,0,24.0,1.0,0.0,0,0.0
15,S1,H2,feller_buncher,44,1176.844281,24.0,0.0,0.0,0,0,24.0,1.0,0.0,0,0.0
15,S1,H3,grapple_skidder,44,739.620424,24.0,0.0,53.24,0,0,24.0,1.0,0.0,0,0.0
15,S1,H4,processor,44,547.23705,24.0,0.0,55.4,0,0,24.0,1.0,0.0,0,0.0
15,S1,H7,loader,44,398.6592723830493,24.0,0.0,55.4,0,0,24.0,1.0,0.0,0,0.0
15,S1,H8,loader,44,398.6592723830493,24.0,0.0,53.48,0,0,24.0,1.0,0.0,0,0.0
16,S1,H1,feller_buncher,44,1194.708925,24.0,0.0,53.48,0,0,24.0,1.0,0.0,0,0.0
16,S1,H2,feller_buncher,44,111.30773800000088,24.0,0.0,0.0,0,0,24.0,1.0,0.0,0,0.0
16,S1,H3,grapple_skidder,44,512.0859278966072,18.21819179385524,5.78180820614476,54.44,0,0,24.0,0.7590913247439683,5.7818082061447615,1,0.0
16,S1,H4,processor,44,481.329283,24.0,0.0,53.24,0,0,24.0,1.0,0.0,0,0.0
16,S1,H5,processor,44,481.329283,24.0,0.0,55.16,0,0,24.0,1.0,0.0,0,0.0
16,S1,H7,loader,44,485.857474,24.0,0.0,55.4,0,0,24.0,1.0,0.0,0,0.0
17,S1,H1,feller_buncher,44,1194.708925,24.0,0.0,0.0,0,0,24.0,1.0,0.0,0,0.0
17,S1,H2,feller_buncher,44,1164.04956,24.0,0.0,54.2,0,0,24.0,1.0,0.0,0,0.0
17,S1,H3,grapple_skidder,44,1164.728216,24.0,0.0,53.24,0,0,24.0,1.0,0.0,0,0.0
17,S1,H4,processor,44,456.082335,24.0,0.0,54.44,0,0,24.0,1.0,0.0,0,0.0
17,S1,H5,processor,44,56.003592896607245,24.0,0.0,54.44,1,0,24.0,1.0,0.0,0,0.0
17,S1,H7,loader,44,451.958924,24.0,0.0,53.24,0,0,24.0,1.0,0.0,0,0.0
17,S1,H8,loader,44,451.958924,24.0,0.0,55.16,0,0,24.0,1.0,0.0,0,0.0
18,S1,H1,feller_buncher,44,140.55055100000027,24.0,0.0,0.0,0,0,24.0,1.0,0.0,0,0.0
18,S1,H2,feller_buncher,44,1164.04956,24.0,0.0,0.0,0,0,24.0,1.0,0.0,0,0.0
18,S1,H3,grapple_skidder,44,395.98266816645275,24.0,0.0,54.68,0,0,24.0,1.0,0.0,0,0.0
18,S1,H4,processor,44,517.165642,24.0,0.0,53.24,0,0,24.0,1.0,0.0,0,0.0
18,S1,H5,processor,44,517.165642,24.0,0.0,53.24,0,0,24.0,1.0,0.0,0,0.0
18,S1,H7,loader,44,512.0859278966072,24.0,0.0,54.44,1,0,24.0,1.0,0.0,0,0.0
19,S1,H1,feller_buncher,44,502.7667789999996,24.0,0.0,54.92,0,0,24.0,1.0,0.0,0,0.0
19,S1,H2,feller_buncher,44,256.1621419999998,24.0,0.0,53.24,0,0,24.0,1.0,0.0,0,0.0
19,S1,H3,grapple_skidder,44,1164.728216,24.0,0.0,54.68,0,0,24.0,1.0,0.0,0,0.0
19,S1,H4,processor,44,431.23566716645263,24.0,0.0,54.68,1,0,24.0,1.0,0.0,0,0.0
19,S1,H7,loader,44,687.364703,24.0,0.0,53.24,0,0,24.0,1.0,0.0,0,0.0
20,S1,H1,feller_buncher,44,59.00278800000001,24.0,0.0,53.24,0,0,24.0,1.0,0.0,0,0.0
20,S1,H2,feller_buncher,44,486.3476200000001,24.0,0.0,54.68,0,0,24.0,1.0,0.0,0,0.0
20,S1,H3,grapple_skidder,44,678.968019,24.0,0.0,54.92,0,0,24.0,1.0,0.0,0,0.0
20,S1,H4,processor,44,517.165642,24.0,0.0,54.68,0,0,24.0,1.0,0.0,0,0.0
20,S1,H5,processor,44,517.165642,24.0,0.0,0.0,0,0,24.0,1.0,0.0,0,0.0
20,S1,H6,processor,44,391.19079599999964,24.0,0.0,53.48,1,0,24.0,1.0,0.0,0,0.0
20,S1,H7,loader,44,451.958924,24.0,0.0,54.68,0,0,24.0,1.0,0.0,0,0.0
21,S1,H1,feller_buncher,44,576.960683,24.0,0.0,53.24,0,0,24.0,1.0,0.0,0,0.0
21,S1,H2,feller_buncher,44,364.89843800000006,24.0,0.0,53.72,0,0,24.0,1.0,0.0,0,0.0
21,S1,H3,grapple_skidder,44,1273.711203,24.0,0.0,55.16,0,0,24.0,1.0,0.0,0,0.0
21,S1,H4,processor,44,547.23705,24.0,0.0,54.92,0,0,24.0,1.0,0.0,0,0.0
21,S1,H5,processor,44,547.23705,24.0,0.0,54.92,0,0,24.0,1.0,0.0,0,0.0
21,S1,H7,loader,44,687.364703,24.0,0.0,54.68,0,0,24.0,1.0,0.0,0,0.0
21,S1,H8,loader,44,687.364703,24.0,0.0,54.68,0,0,24.0,1.0,0.0,0,0.0
22,S1,H3,grapple_skidder,44,672.8772634195162,20.75436036131608,3.245639638683919,54.44,0,0,24.0,0.8647650150548367,3.2456396386839197,1,0.0
22,S1,H4,processor,44,441.264891,24.0,0.0,55.16,0,0,24.0,1.0,0.0,0,0.0
22,S1,H5,processor,44,441.264891,24.0,0.0,55.16,0,0,24.0,1.0,0.0,0,0.0
22,S1,H6,processor,44,391.18142100000006,24.0,0.0,53.24,0,0,24.0,1.0,0.0,0,0.0
22,S1,H7,loader,44,485.857474,24.0,0.0,54.92,0,0,24.0,1.0,0.0,0,0.0
22,S1,H8,loader,44,485.857474,24.0,0.0,54.92,0,0,24.0,1.0,0.0,0,0.0
23,S1,H3,grapple_skidder,44,678.968019,24.0,0.0,53.72,0,0,24.0,1.0,0.0,0,0.0
23,S1,H4,processor,44,469.046841,24.0,0.0,54.44,0,0,24.0,1.0,0.0,0,0.0
23,S1,H7,loader,44,733.483855,24.0,0.0,55.16,0,0,24.0,1.0,0.0,0,0.0
23,S1,H8,loader,44,540.2273480000001,24.0,0.0,55.16,0,0,24.0,1.0,0.0,0,0.0
24,S1,H3,grapple_skidder,44,1480.641393,24.0,0.0,55.64,0,0,24.0,1.0,0.0,0,0.0
24,S1,H4,processor,44,224.12291663115082,24.0,0.0,53.72,0,0,24.0,1.0,0.0,0,0.0
24,S1,H7,loader,44,474.741639,24.0,0.0,54.44,0,0,24.0,1.0,0.0,0,0.0
25,S1,H3,grapple_skidder,44,1332.369187,24.0,0.0,53.24,0,0,24.0,1.0,0.0,0,0.0
25,S1,H4,processor,44,569.826226,24.0,0.0,55.64,0,0,24.0,1.0,0.0,0,0.0
25,S1,H5,processor,44,569.826226,24.0,0.0,53.48,0,0,24.0,1.0,0.0,0,0.0
25,S1,H6,processor,44,569.826226,24.0,0.0,53.48,0,0,24.0,1.0,0.0,0,0.0
25,S1,H7,loader,44,336.0003165135031,22.868083402200227,1.1319165977997727,53.72,0,0,24.0,0.9528368084250095,1.1319165977997745,1,0.0
26,S1,H3,grapple_skidder,44,421.0825132813824,24.0,0.0,55.4,1,0,24.0,1.0,0.0,0,0.0
26,S1,H4,processor,44,531.895933,24.0,0.0,53.24,0,0,24.0,1.0,0.0,0,0.0
26,S1,H5,processor,44,531.895933,24.0,0.0,53.24,0,0,24.0,1.0,0.0,0,0.0
26,S1,H7,loader,44,937.184825,24.0,0.0,55.64,0,0,24.0,1.0,0.0,0,0.0
26,S1,H8,loader,44,937.184825,24.0,0.0,53.48,0,0,24.0,1.0,0.0,0,0.0
27,S1,H3,grapple_skidder,44,517.7342967999999,24.0,0.0,53.24,0,0,24.0,1.0,0.0,0,0.3
27,S1,H4,processor,44,383.06593499999997,24.0,0.0,55.4,0,0,24.0,1.0,0.0,0,0.3
27,S1,H7,loader,44,561.6879478,24.0,0.0,53.24,0,0,24.0,1.0,0.0,0,0.3
28,S1,H3,grapple_skidder,44,1480.641393,24.0,0.0,55.4,0,0,24.0,1.0,0.0,0,0.0
28,S1,H4,processor,44,481.329283,24.0,0.0,53.24,0,0,24.0,1.0,0.0,0,0.0
28,S1,H5,processor,44,36.40501379999995,24.0,0.0,55.16,1,0,24.0,1.0,0.0,0,0.0
28,S1,H7,loader,44,485.857474,24.0,0.0,55.4,0,0,24.0,1.0,0.0,0,0.0
28,S1,H8,loader,44,153.60851711764724,24.0,0.0,55.64,1,0,24.0,1.0,0.0,0,0.0
29,S1,H3,grapple_skidder,44,468.86660107956476,20.659735499666674,3.3402645003333262,54.92,0,0,24.0,0.8608223124861114,3.3402645003333276,1,0.3
29,S1,H4,processor,44,398.8783582,24.0,0.0,55.4,0,0,24.0,1.0,0.0,0,0.3
29,S1,H5,processor,44,398.8783582,24.0,0.0,55.4,0,0,24.0,1.0,0.0,0,0.3
29,S1,H7,loader,44,316.3712468,24.0,0.0,53.24,0,0,24.0,1.0,0.0,0,0.3
29,S1,H8,loader,44,268.7508701664524,24.0,0.0,53.24,1,0,24.0,1.0,0.0,0,0.3
30,S1,H3,grapple_skidder,44,0.0,24.0,0.0,53.72,1,0,24.0,1.0,0.0,0,0.0
30,S1,H4,processor,44,469.046841,24.0,0.0,54.92,0,0,24.0,1.0,0.0,0,0.0
30,S1,H5,processor,44,203.6501824990811,24.0,0.0,54.92,1,0,24.0,1.0,0.0,0,0.0
30,S1,H7,loader,44,835.3333713999998,24.0,0.0,55.4,1,0,24.0,1.0,0.0,0,0.0
31,S1,H3,grapple_skidder,44,923.199854,24.0,0.0,53.96,0,0,24.0,1.0,0.0,0,0.0
31,S1,H4,processor,44,547.23705,24.0,0.0,53.72,0,0,24.0,1.0,0.0,0,0.0
31,S1,H7,loader,44,474.741639,24.0,0.0,54.92,0,0,24.0,1.0,0.0,0,0.0
31,S1,H8,loader,44,474.741639,24.0,0.0,53.48,0,0,24.0,1.0,0.0,0,0.0
32,S1,H3,grapple_skidder,44,778.104169,24.0,0.0,53.24,0,0,24.0,1.0,0.0,0,0.0
32,S1,H4,processor,44,395.784917,24.0,0.0,53.96,0,0,24.0,1.0,0.0,0,0.0
32,S1,H5,processor,44,395.784917,24.0,0.0,53.24,0,0,24.0,1.0,0.0,0,0.0
32,S1,H7,loader,44,485.857474,24.0,0.0,53.72,0,0,24.0,1.0,0.0,0,0.0
33,S1,H3,grapple_skidder,44,339.9365580000001,24.0,0.0,53.48,0,0,24.0,1.0,0.0,0,0.0
33,S1,H4,processor,44,321.4631608312182,24.0,0.0,53.24,0,0,24.0,1.0,0.0,0,0.0
33,S1,H5,processor,44,321.4631608312182,24.0,0.0,53.24,0,0,24.0,1.0,0.0,0,0.0
33,S1,H7,loader,44,456.725789,24.0,0.0,53.96,0,0,24.0,1.0,0.0,0,0.0
34,S1,H3,grapple_skidder,44,0.0,24.0,0.0,53.24,1,0,24.0,1.0,0.0,0,0.0
34,S1,H4,processor,44,339.9365580000001,24.0,0.0,53.48,1,0,24.0,1.0,0.0,0,0.0
34,S1,H7,loader,44,474.741639,24.0,0.0,53.24,0,0,24.0,1.0,0.0,0,0.0
34,S1,H8,loader,44,296.39678232732814,24.0,0.0,0.0,1,0,24.0,1.0,0.0,0,0.0
35,S1,H3,grapple_skidder,44,809.624168,24.0,0.0,53.48,0,0,24.0,1.0,0.0,0,0.0
35,S1,H4,processor,44,57.04242565023196,24.0,0.0,53.24,1,0,24.0,1.0,0.0,0,0.0
35,S1,H5,processor,44,0.0,24.0,0.0,53.72,1,0,24.0,1.0,0.0,0,0.0
35,S1,H7,loader,44,339.9365580000001,24.0,0.0,53.48,1,0,24.0,1.0,0.0,0,0.0
35,S1,H8,loader,44,0.0,24.0,0.0,53.48,1,0,24.0,1.0,0.0,0,0.0
36,S1,H3,grapple_skidder,44,544.6729182999999,24.0,0.0,53.24,0,0,24.0,1.0,0.0,0,0.3
36,S1,H4,processor,44,286.75535279999997,24.0,0.0,53.48,0,0,24.0,1.0,0.0,0,0.3
36,S1,H5,processor,44,286.75535279999997,24.0,0.0,53.48,0,0,24.0,1.0,0.0,0,0.3
36,S1,H7,loader,44,118.42200165023189,24.0,0.0,53.24,1,0,24.0,1.0,0.0,0,0.3
36,S1,H8,loader,44,0.0,24.0,0.0,53.24,1,0,24.0,1.0,0.0,0,0.3
37,S1,H3,grapple_skidder,44,1332.369187,24.0,0.0,54.68,0,0,24.0,1.0,0.0,0,0.0
37,S1,H4,processor,44,469.046841,24.0,0.0,53.24,0,0,24.0,1.0,0.0,0,0.0
37,S1,H7,loader,44,424.433991,24.0,0.0,53.48,0,0,24.0,1.0,0.0,0,0.0
37,S1,H8,loader,44,424.433991,24.0,0.0,53.48,0,0,24.0,1.0,0.0,0,0.0
38,S1,H3,grapple_skidder,44,477.4620719999998,24.0,0.0,53.24,0,0,24.0,1.0,0.0,0,0.0
38,S1,H4,processor,44,531.895933,24.0,0.0,54.68,0,0,24.0,1.0,0.0,0,0.0
38,S1,H5,processor,44,531.895933,24.0,0.0,54.92,0,0,24.0,1.0,0.0,0,0.0
38,S1,H6,processor,44,531.895933,24.0,0.0,53.24,0,0,24.0,1.0,0.0,0,0.0
38,S1,H7,loader,44,469.046841,24.0,0.0,53.24,1,0,24.0,1.0,0.0,0,0.0
39,S1,H3,grapple_skidder,44,147.65593300000046,24.0,0.0,53.72,1,0,24.0,1.0,0.0,0,0.0
39,S1,H4,processor,44,569.826226,24.0,0.0,53.24,0,0,24.0,1.0,0.0,0,0.0
39,S1,H5,processor,44,360.77644299999906,24.0,0.0,53.24,0,0,24.0,1.0,0.0,0,0.0
39,S1,H7,loader,44,441.9961127466724,24.0,0.0,54.68,0,0,24.0,1.0,0.0,0,0.0
39,S1,H8,loader,44,441.9961127466724,24.0,0.0,54.92,0,0,24.0,1.0,0.0,0,0.0
40,S1,H3,grapple_skidder,44,567.1587449999993,24.0,0.0,53.48,0,0,24.0,1.0,0.0,0,0.0
40,S1,H4,processor,44,147.65593300000046,24.0,0.0,53.72,1,0,24.0,1.0,0.0,0,0.0
40,S1,H7,loader,44,930.6026689999991,24.0,0.0,53.24,1,0,24.0,1.0,0.0,0,0.0
40,S1,H8,loader,44,0.0,24.0,0.0,53.24,1,0,24.0,1.0,0.0,0,0.0
41,S1,H3,grapple_skidder,44,576.960683,24.0,0.0,54.2,0,0,24.0,1.0,0.0,0,0.0
41,S1,H4,processor,44,531.895933,24.0,0.0,53.48,0,0,24.0,1.0,0.0,0,0.0
41,S1,H5,processor,44,45.780229999999165,24.0,0.0,53.24,0,0,24.0,1.0,0.0,0,0.0
41,S1,H7,loader,44,545.4151880000004,24.0,0.0,53.72,1,0,24.0,1.0,0.0,0,0.0
41,S1,H8,loader,44,0.0,24.0,0.0,53.72,1,0,24.0,1.0,0.0,0,0.0
42,S1,H3,grapple_skidder,44,960.9623750388552,24.0,0.0,53.24,1,0,24.0,1.0,0.0,0,0.0
42,S1,H4,processor,44,428.751305,24.0,0.0,54.2,0,0,24.0,1.0,0.0,0,0.0
42,S1,H5,processor,44,148.20937800000002,24.0,0.0,54.2,0,0,24.0,1.0,0.0,0,0.0
42,S1,H7,loader,44,802.411354,24.0,0.0,53.48,0,0,24.0,1.0,0.0,0,0.0
42,S1,H8,loader,44,279.7560149999998,24.0,0.0,53.48,0,0,24.0,1.0,0.0,0,0.0
1,S1,H1,feller_buncher,45,1176.844281,24.0,0.0,0.0,0,0,24.0,1.0,0.0,0,0.0
1,S1,H2,feller_buncher,45,1111.1348749026968,20.521490051345705,3.4785099486542954,0.0,0,0,24.0,0.8550620854727377,3.478509948654295,1,0.0
2,S1,H1,feller_buncher,45,1164.04956,24.0,0.0,54.2,0,0,24.0,1.0,0.0,0,0.0
2,S1,H2,feller_buncher,45,927.7046616651365,24.0,0.0,0.0,0,0,24.0,1.0,0.0,0,0.0
2,S1,H3,grapple_skidder,45,816.4520796751339,24.0,0.0,0.0,0,0,24.0,1.0,0.0,0,0.0
3,S1,H1,feller_buncher,45,888.796776,24.0,0.0,53.24,0,0,24.0,1.0,0.0,0,0.0
3,S1,H2,feller_buncher,45,1299.478592,24.0,0.0,0.0,0,0,24.0,1.0,0.0,0,0.0
3,S1,H3,grapple_skidder,45,778.104169,24.0,0.0,54.2,0,0,24.0,1.0,0.0,0,0.0
3,S1,H4,processor,45,342.46439688143175,24.0,0.0,0.0,0,0,24.0,1.0,0.0,0,0.0
3,S1,H5,processor,45,342.46439688143175,24.0,0.0,0.0,0,0,24.0,1.0,0.0,0,0.0
4,S1,H1,feller_buncher,45,961.553907,24.0,0.0,53.24,0,0,24.0,1.0,0.0,0,0.0
4,S1,H2,feller_buncher,45,1038.3438997734818,19.177117459249047,4.822882540750953,0.0,0,0,24.0,0.7990465608020436,4.822882540750955,1,0.0
4,S1,H3,grapple_skidder,45,809.624168,24.0,0.0,53.24,0,0,24.0,1.0,0.0,0,0.0
4,S1,H4,processor,45,469.046841,24.0,0.0,54.2,0,0,24.0,1.0,0.0,0,0.0
4,S1,H7,loader,45,684.9287937628635,24.0,0.0,0.0,1,0,24.0,1.0,0.0,0,0.0
5,S1,H1,feller_buncher,45,356.0085949999998,24.0,0.0,53.24,0,0,24.0,1.0,0.0,0,0.0
5,S1,H2,feller_buncher,45,1194.708925,24.0,0.0,55.64,0,0,24.0,1.0,0.0,0,0.0
5,S1,H3,grapple_skidder,45,739.620424,24.0,0.0,53.24,0,0,24.0,1.0,0.0,0,0.0
5,S1,H4,processor,45,182.504037245044,19.393648037414753,4.606351962585247,53.24,0,0,24.0,0.8080686682256147,4.606351962585246,1,0.0
6,S1,H1,feller_buncher,45,1220.906942,24.0,0.0,55.4,0,0,24.0,1.0,0.0,0,0.0
6,S1,H2,feller_buncher,45,1164.04956,24.0,0.0,54.92,0,0,24.0,1.0,0.0,0,0.0
6,S1,H3,grapple_skidder,45,323.9223842491507,24.0,0.0,53.24,0,0,24.0,1.0,0.0,0,0.0
6,S1,H4,processor,45,481.329283,24.0,0.0,53.24,0,0,24.0,1.0,0.0,0,0.0
7,S1,H1,feller_buncher,45,1176.844281,24.0,0.0,53.48,0,0,24.0,1.0,0.0,0,0.0
7,S1,H2,feller_buncher,45,1220.906942,24.0,0.0,54.68,0,0,24.0,1.0,0.0,0,0.0
7,S1,H3,grapple_skidder,45,778.104169,24.0,0.0,53.72,0,0,24.0,1.0,0.0,0,0.0
7,S1,H4,processor,45,323.9223842491507,24.0,0.0,53.24,1,0,24.0,1.0,0.0,0,0.0
7,S1,H7,loader,45,451.958924,24.0,0.0,54.68,0,0,24.0,1.0,0.0,0,0.0
8,S1,H1,feller_buncher,45,674.603847,24.0,0.0,53.24,0,0,24.0,1.0,0.0,0,0.0
8,S1,H2,feller_buncher,45,1220.906942,24.0,0.0,0.0,0,0,24.0,1.0,0.0,0,0.0
8,S1,H3,grapple_skidder,45,678.968019,24.0,0.0,53.72,0,0,24.0,1.0,0.0,0,0.0
8,S1,H4,processor,45,270.70906821079456,24.0,0.0,53.72,0,0,24.0,1.0,0.0,0,0.0
8,S1,H5,processor,45,270.70906821079456,24.0,0.0,54.2,0,0,24.0,1.0,0.0,0,0.0
8,S1,H7,loader,45,323.9223842491507,24.0,0.0,53.24,1,0,24.0,1.0,0.0,0,0.0
9,S1,H1,feller_buncher,45,1194.708925,24.0,0.0,53.96,0,0,24.0,1.0,0.0,0,0.0
9,S1,H2,feller_buncher,45,961.553907,24.0,0.0,55.16,0,0,24.0,1.0,0.0,0,0.0
9,S1,H3,grapple_skidder,45,1332.369187,24.0,0.0,55.4,0,0,24.0,1.0,0.0,0,0.0
9,S1,H4,processor,45,547.23705,24.0,0.0,53.72,0,0,24.0,1.0,0.0,0,0.0
9,S1,H7,loader,45,474.741639,24.0,0.0,53.72,0,0,24.0,1.0,0.0,0,0.0
9,S1,H8,loader,45,474.741639,24.0,0.0,0.0,0,0,24.0,1.0,0.0,0,0.0
10,S1,H1,feller_buncher,45,961.553907,24.0,0.0,55.4,0,0,24.0,1.0,0.0,0,0.0
10,S1,H2,feller_buncher,45,860.013242,24.0,0.0,53.72,0,0,24.0,1.0,0.0,0,0.0
10,S1,H3,grapple_skidder,45,1480.641393,24.0,0.0,53.24,0,0,24.0,1.0,0.0,0,0.0
10,S1,H4,processor,45,531.895933,24.0,0.0,55.4,0,0,24.0,1.0,0.0,0,0.0
10,S1,H5,processor,45,531.895933,24.0,0.0,54.68,0,0,24.0,1.0,0.0,0,0.0
10,S1,H7,loader,45,485.857474,24.0,0.0,53.72,0,0,24.0,1.0,0.0,0,0.0
11,S1,H1,feller_buncher,45,602.0092694,24.0,0.0,53.72,0,0,24.0,1.0,0.0,0,0.3
11,S1,H2,feller_buncher,45,854.6348594,24.0,0.0,54.44,0,0,24.0,1.0,0.0,0,0.3
11,S1,H3,grapple_skidder,45,815.3097511999999,24.0,0.0,53.72,0,0,24.0,1.0,0.0,0,0.3
11,S1,H4,processor,45,398.8783582,24.0,0.0,53.24,0,0,24.0,1.0,0.0,0,0.3
11,S1,H5,processor,45,398.8783582,24.0,0.0,53.24,0,0,24.0,1.0,0.0,0,0.3
11,S1,H7,loader,45,561.6879478,24.0,0.0,55.4,0,0,24.0,1.0,0.0,0,0.3
12,S1,H1,feller_buncher,45,1013.0077249999999,24.0,0.0,54.44,0,0,24.0,1.0,0.0,0,0.0
12,S1,H2,feller_buncher,45,888.796776,24.0,0.0,54.92,0,0,24.0,1.0,0.0,0,0.0
12,S1,H3,grapple_skidder,45,678.968019,24.0,0.0,54.92,0,0,24.0,1.0,0.0,0,0.0
12,S1,H4,processor,45,398.9721747129542,18.515019977121565,5.484980022878435,53.72,0,0,24.0,0.7714591657133986,5.484980022878435,1,0.0
12,S1,H5,processor,45,517.165642,24.0,0.0,53.72,0,0,24.0,1.0,0.0,0,0.0
12,S1,H7,loader,45,797.7567164,24.0,0.0,53.24,1,0,24.0,1.0,0.0,0,0.0
13,S1,H1,feller_buncher,45,413.7565330000002,24.0,0.0,55.16,0,0,24.0,1.0,0.0,0,0.0
13,S1,H2,feller_buncher,45,680.207863,24.0,0.0,53.96,0,0,24.0,1.0,0.0,0,0.0
13,S1,H3,grapple_skidder,45,1332.369187,24.0,0.0,55.4,0,0,24.0,1.0,0.0,0,0.0
13,S1,H4,processor,45,547.23705,24.0,0.0,54.92,0,0,24.0,1.0,0.0,0,0.0
13,S1,H7,loader,45,687.364703,24.0,0.0,53.72,0,0,24.0,1.0,0.0,0,0.0
13,S1,H8,loader,45,228.77311371295423,24.0,0.0,54.2,1,0,24.0,1.0,0.0,0,0.0
14,S1,H1,feller_buncher,45,965.3302427128002,19.902868933782514,4.097131066217486,53.48,0,0,24.0,0.8292862055742715,4.097131066217485,1,0.0
14,S1,H2,feller_buncher,45,1176.844281,24.0,0.0,53.48,0,0,24.0,1.0,0.0,0,0.0
14,S1,H3,grapple_skidder,45,678.968019,24.0,0.0,55.4,0,0,24.0,1.0,0.0,0,0.0
14,S1,H4,processor,45,531.895933,24.0,0.0,55.4,0,0,24.0,1.0,0.0,0,0.0
14,S1,H5,processor,45,531.895933,24.0,0.0,53.48,0,0,24.0,1.0,0.0,0,0.0
14,S1,H6,processor,45,531.895933,24.0,0.0,0.0,0,0,24.0,1.0,0.0,0,0.0
14,S1,H7,loader,45,485.857474,24.0,0.0,54.92,0,0,24.0,1.0,0.0,0,0.0
15,S1,H1,feller_buncher,45,787.363583,24.0,0.0,54.44,0,0,24.0,1.0,0.0,0,0.0
15,S1,H2,feller_buncher,45,1176.844281,24.0,0.0,0.0,0,0,24.0,1.0,0.0,0,0.0
15,S1,H3,grapple_skidder,45,739.620424,24.0,0.0,53.24,0,0,24.0,1.0,0.0,0,0.0
15,S1,H4,processor,45,547.23705,24.0,0.0,55.4,0,0,24.0,1.0,0.0,0,0.0
15,S1,H7,loader,45,802.411354,24.0,0.0,55.4,0,0,24.0,1.0,0.0,0,0.0
15,S1,H8,loader,45,802.411354,24.0,0.0,53.48,0,0,24.0,1.0,0.0,0,0.0
16,S1,H1,feller_buncher,45,1194.708925,24.0,0.0,53.48,0,0,24.0,1.0,0.0,0,0.0
16,S1,H2,feller_buncher,45,111.30773800000088,24.0,0.0,0.0,0,0,24.0,1.0,0.0,0,0.0
16,S1,H3,grapple_skidder,45,674.603847,24.0,0.0,54.44,0,0,24.0,1.0,0.0,0,0.0
16,S1,H4,processor,45,481.329283,24.0,0.0,53.24,0,0,24.0,1.0,0.0,0,0.0
16,S1,H5,processor,45,481.329283,24.0,0.0,55.16,0,0,24.0,1.0,0.0,0,0.0
16,S1,H7,loader,45,485.857474,24.0,0.0,55.4,0,0,24.0,1.0,0.0,0,0.0
17,S1,H1,feller_buncher,45,1194.708925,24.0,0.0,0.0,0,0,24.0,1.0,0.0,0,0.0
17,S1,H2,feller_buncher,45,1164.04956,24.0,0.0,54.2,0,0,24.0,1.0,0.0,0,0.0
17,S1,H3,grapple_skidder,45,1164.728216,24.0,0.0,53.24,0,0,24.0,1.0,0.0,0,0.0
17,S1,H4,processor,45,304.24365330053445,24.0,0.0,54.44,0,0,24.0,1.0,0.0,0,0.0
17,S1,H5,processor,45,145.77144965642347,24.0,0.0,54.44,0,0,24.0,1.0,0.0,0,0.0
17,S1,H7,loader,45,451.958924,24.0,0.0,53.24,0,0,24.0,1.0,0.0,0,0.0
17,S1,H8,loader,45,451.958924,24.0,0.0,55.16,0,0,24.0,1.0,0.0,0,0.0
18,S1,H1,feller_buncher,45,140.55055100000027,24.0,0.0,0.0,0,0,24.0,1.0,0.0,0,0.0
18,S1,H2,feller_buncher,45,1164.04956,24.0,0.0,0.0,0,0,24.0,1.0,0.0,0,0.0
18,S1,H3,grapple_skidder,45,739.620424,24.0,0.0,54.68,0,0,24.0,1.0,0.0,0,0.0
18,S1,H4,processor,45,517.165642,24.0,0.0,53.24,0,0,24.0,1.0,0.0,0,0.0
18,S1,H5,processor,45,517.165642,24.0,0.0,53.24,0,0,24.0,1.0,0.0,0,0.0
18,S1,H7,loader,45,450.0151029569579,24.0,0.0,54.44,1,0,24.0,1.0,0.0,0,0.0
19,S1,H1,feller_buncher,45,502.7667789999996,24.0,0.0,54.92,0,0,24.0,1.0,0.0,0,0.0
19,S1,H2,feller_buncher,45,256.1621419999998,24.0,0.0,53.24,0,0,24.0,1.0,0.0,0,0.0
19,S1,H3,grapple_skidder,45,1164.728216,24.0,0.0,54.68,0,0,24.0,1.0,0.0,0,0.0
19,S1,H4,processor,45,481.329283,24.0,0.0,54.68,0,0,24.0,1.0,0.0,0,0.0
19,S1,H7,loader,45,687.364703,24.0,0.0,53.24,0,0,24.0,1.0,0.0,0,0.0
20,S1,H1,feller_buncher,45,59.00278800000001,24.0,0.0,53.24,0,0,24.0,1.0,0.0,0,0.0
20,S1,H2,feller_buncher,45,486.3476200000001,24.0,0.0,54.68,0,0,24.0,1.0,0.0,0,0.0
20,S1,H3,grapple_skidder,45,678.968019,24.0,0.0,54.92,0,0,24.0,1.0,0.0,0,0.0
20,S1,H4,processor,45,418.6821527295818,19.42969688908677,4.57030311091323,54.68,0,0,24.0,0.8095707037119487,4.5703031109132315,1,0.0
20,S1,H5,processor,45,517.165642,24.0,0.0,0.0,0,0,24.0,1.0,0.0,0,0.0
20,S1,H6,processor,45,389.97257366973406,24.0,0.0,53.48,1,0,24.0,1.0,0.0,0,0.0
20,S1,H7,loader,45,451.958924,24.0,0.0,54.68,0,0,24.0,1.0,0.0,0,0.0
21,S1,H1,feller_buncher,45,334.74885171797575,19.892349384704012,4.107650615295988,53.24,0,0,24.0,0.8288478910293339,4.107650615295989,1,0.3
21,S1,H2,feller_buncher,45,255.42890660000003,24.0,0.0,53.72,0,0,24.0,1.0,0.0,0,0.3
21,S1,H3,grapple_skidder,45,891.5978421,24.0,0.0,55.16,0,0,24.0,1.0,0.0,0,0.3
21,S1,H4,processor,45,383.06593499999997,24.0,0.0,54.92,0,0,24.0,1.0,0.0,0,0.3
21,S1,H5,processor,45,383.06593499999997,24.0,0.0,54.92,0,0,24.0,1.0,0.0,0,0.3
21,S1,H7,loader,45,226.1397956425003,24.0,0.0,54.68,0,0,24.0,1.0,0.0,0,0.3
21,S1,H8,loader,45,226.1397956425003,24.0,0.0,54.68,0,0,24.0,1.0,0.0,0,0.3
22,S1,H3,grapple_skidder,45,778.104169,24.0,0.0,54.44,0,0,24.0,1.0,0.0,0,0.0
22,S1,H4,processor,45,441.264891,24.0,0.0,55.16,0,0,24.0,1.0,0.0,0,0.0
22,S1,H5,processor,45,441.264891,24.0,0.0,55.16,0,0,24.0,1.0,0.0,0,0.0
22,S1,H6,processor,45,9.068060100000025,24.0,0.0,53.24,1,0,24.0,1.0,0.0,0,0.0
22,S1,H7,loader,45,485.857474,24.0,0.0,54.92,0,0,24.0,1.0,0.0,0,0.0
22,S1,H8,loader,45,464.4131239999997,24.0,0.0,54.92,1,0,24.0,1.0,0.0,0,0.0
23,S1,H3,grapple_skidder,45,678.968019,24.0,0.0,53.72,0,0,24.0,1.0,0.0,0,0.0
23,S1,H4,processor,45,469.046841,24.0,0.0,54.44,0,0,24.0,1.0,0.0,0,0.0
23,S1,H7,loader,45,733.483855,24.0,0.0,55.16,0,0,24.0,1.0,0.0,0,0.0
23,S1,H8,loader,45,158.11398710000003,24.0,0.0,55.16,1,0,24.0,1.0,0.0,0,0.0
24,S1,H3,grapple_skidder,45,1036.4489751,24.0,0.0,55.64,0,0,24.0,1.0,0.0,0,0.3
24,S1,H4,processor,45,383.06593499999997,24.0,0.0,53.72,0,0,24.0,1.0,0.0,0,0.3
24,S1,H7,loader,45,332.3191473,24.0,0.0,54.44,0,0,24.0,1.0,0.0,0,0.3
25,S1,H3,grapple_skidder,45,1332.369187,24.0,0.0,53.24,0,0,24.0,1.0,0.0,0,0.0
25,S1,H4,processor,45,569.826226,24.0,0.0,55.64,0,0,24.0,1.0,0.0,0,0.0
25,S1,H5,processor,45,569.826226,24.0,0.0,53.48,0,0,24.0,1.0,0.0,0,0.0
25,S1,H6,processor,45,569.826226,24.0,0.0,53.48,0,0,24.0,1.0,0.0,0,0.0
25,S1,H7,loader,45,383.06593499999997,19.44614185624731,4.5538581437526915,53.72,1,0,24.0,0.8102559106769712,4.553858143752691,1,0.0
26,S1,H3,grapple_skidder,45,678.968019,24.0,0.0,55.4,0,0,24.0,1.0,0.0,0,0.0
26,S1,H4,processor,45,531.895933,24.0,0.0,53.24,0,0,24.0,1.0,0.0,0,0.0
26,S1,H5,processor,45,531.895933,24.0,0.0,53.24,0,0,24.0,1.0,0.0,0,0.0
26,S1,H7,loader,45,937.184825,24.0,0.0,55.64,0,0,24.0,1.0,0.0,0,0.0
26,S1,H8,loader,45,772.2938529999999,24.0,0.0,53.48,1,0,24.0,1.0,0.0,0,0.0
27,S1,H3,grapple_skidder,45,739.620424,24.0,0.0,53.24,0,0,24.0,1.0,0.0,0,0.0
27,S1,H4,processor,45,547.23705,24.0,0.0,55.4,0,0,24.0,1.0,0.0,0,0.0
27,S1,H7,loader,45,802.411354,24.0,0.0,53.24,0,0,24.0,1.0,0.0,0,0.0
28,S1,H3,grapple_skidder,45,1480.641393,24.0,0.0,55.4,0,0,24.0,1.0,0.0,0,0.0
28,S1,H4,processor,45,481.329283,24.0,0.0,53.24,0,0,24.0,1.0,0.0,0,0.0
28,S1,H5,processor,45,481.329283,24.0,0.0,55.16,0,0,24.0,1.0,0.0,0,0.0
28,S1,H7,loader,45,485.857474,24.0,0.0,55.4,0,0,24.0,1.0,0.0,0,0.0
28,S1,H8,loader,45,61.37957599999993,24.0,0.0,55.64,1,0,24.0,1.0,0.0,0,0.0
29,S1,H3,grapple_skidder,45,778.104169,24.0,0.0,54.92,0,0,24.0,1.0,0.0,0,0.0
29,S1,H4,processor,45,569.826226,24.0,0.0,55.4,0,0,24.0,1.0,0.0,0,0.0
29,S1,H5,processor,45,569.826226,24.0,0.0,55.4,0,0,24.0,1.0,0.0,0,0.0
29,S1,H7,loader,45,451.958924,24.0,0.0,53.24,0,0,24.0,1.0,0.0,0,0.0
29,S1,H8,loader,45,451.958924,24.0,0.0,53.24,0,0,24.0,1.0,0.0,0,0.0
30,S1,H3,grapple_skidder,45,334.9401250921644,24.0,0.0,53.72,1,0,24.0,1.0,0.0,0,0.0
30,S1,H4,processor,45,469.046841,24.0,0.0,54.92,0,0,24.0,1.0,0.0,0,0.0
30,S1,H5,processor,45,469.046841,24.0,0.0,54.92,0,0,24.0,1.0,0.0,0,0.0
30,S1,H7,loader,45,433.9489221966848,24.0,0.0,55.4,0,0,24.0,1.0,0.0,0,0.0
31,S1,H3,grapple_skidder,45,923.199854,24.0,0.0,53.96,0,0,24.0,1.0,0.0,0,0.0
31,S1,H4,processor,45,547.23705,24.0,0.0,53.72,0,0,24.0,1.0,0.0,0,0.0
31,S1,H7,loader,45,474.741639,24.0,0.0,54.92,0,0,24.0,1.0,0.0,0,0.0
31,S1,H8,loader,45,474.741639,24.0,0.0,53.48,0,0,24.0,1.0,0.0,0,0.0
32,S1,H3,grapple_skidder,45,778.104169,24.0,0.0,53.24,0,0,24.0,1.0,0.0,0,0.0
32,S1,H4,processor,45,209.70726466131052,24.0,0.0,53.96,0,0,24.0,1.0,0.0,0,0.0
32,S1,H5,processor,45,209.70726466131052,24.0,0.0,53.24,0,0,24.0,1.0,0.0,0,0.0
32,S1,H7,loader,45,485.857474,24.0,0.0,53.72,0,0,24.0,1.0,0.0,0,0.0
33,S1,H3,grapple_skidder,45,339.9365580000001,24.0,0.0,53.48,0,0,24.0,1.0,0.0,0,0.0
33,S1,H4,processor,45,469.046841,24.0,0.0,53.24,0,0,24.0,1.0,0.0,0,0.0
33,S1,H5,processor,45,469.046841,24.0,0.0,53.24,0,0,24.0,1.0,0.0,0,0.0
33,S1,H7,loader,45,269.6805510400548,24.0,0.0,53.96,0,0,24.0,1.0,0.0,0,0.0
34,S1,H3,grapple_skidder,45,0.0,24.0,0.0,53.24,1,0,24.0,1.0,0.0,0,0.0
34,S1,H4,processor,45,410.4425559999998,24.0,0.0,53.48,0,0,24.0,1.0,0.0,0,0.0
34,S1,H7,loader,45,300.5633448851237,24.0,0.0,53.24,0,0,24.0,1.0,0.0,0,0.0
34,S1,H8,loader,45,300.5633448851237,24.0,0.0,0.0,0,0,24.0,1.0,0.0,0,0.0
35,S1,H3,grapple_skidder,45,809.624168,24.0,0.0,53.48,0,0,24.0,1.0,0.0,0,0.0
35,S1,H4,processor,45,523.365184092165,24.0,0.0,53.24,1,0,24.0,1.0,0.0,0,0.0
35,S1,H5,processor,45,0.0,24.0,0.0,53.72,1,0,24.0,1.0,0.0,0,0.0
35,S1,H7,loader,45,451.958924,24.0,0.0,53.48,0,0,24.0,1.0,0.0,0,0.0
35,S1,H8,loader,45,134.7057859999993,24.0,0.0,53.48,0,0,24.0,1.0,0.0,0,0.0
36,S1,H3,grapple_skidder,45,778.104169,24.0,0.0,53.24,0,0,24.0,1.0,0.0,0,0.0
36,S1,H4,processor,45,409.650504,24.0,0.0,53.48,0,0,24.0,1.0,0.0,0,0.0
36,S1,H5,processor,45,409.650504,24.0,0.0,53.48,0,0,24.0,1.0,0.0,0,0.0
36,S1,H7,loader,45,485.857474,24.0,0.0,53.24,0,0,24.0,1.0,0.0,0,0.0
36,S1,H8,loader,45,98.88728609216491,24.0,0.0,53.24,1,0,24.0,1.0,0.0,0,0.0
37,S1,H3,grapple_skidder,45,1332.369187,24.0,0.0,54.68,0,0,24.0,1.0,0.0,0,0.0
37,S1,H4,processor,45,469.046841,24.0,0.0,53.24,0,0,24.0,1.0,0.0,0,0.0
37,S1,H7,loader,45,424.433991,24.0,0.0,53.48,0,0,24.0,1.0,0.0,0,0.0
37,S1,H8,loader,45,424.433991,24.0,0.0,53.48,0,0,24.0,1.0,0.0,0,0.0
38,S1,H3,grapple_skidder,45,477.4620719999998,24.0,0.0,53.24,0,0,24.0,1.0,0.0,0,0.0
38,S1,H4,processor,45,531.895933,24.0,0.0,54.68,0,0,24.0,1.0,0.0,0,0.0
38,S1,H5,processor,45,531.895933,24.0,0.0,54.92,0,0,24.0,1.0,0.0,0,0.0
38,S1,H6,processor,45,440.4172342718542,19.872333978768175,4.127666021231825,53.24,0,0,24.0,0.8280139157820073,4.127666021231824,1,0.0
38,S1,H7,loader,45,474.741639,24.0,0.0,53.24,0,0,24.0,1.0,0.0,0,0.0
39,S1,H3,grapple_skidder,45,111.84039860000011,24.0,0.0,53.72,0,0,24.0,1.0,0.0,0,0.3
39,S1,H4,processor,45,398.8783582,24.0,0.0,53.24,0,0,24.0,1.0,0.0,0,0.3
39,S1,H5,processor,45,252.54351009999934,24.0,0.0,53.24,0,0,24.0,1.0,0.0,0,0.3
39,S1,H7,loader,45,561.6879478,24.0,0.0,54.68,0,0,24.0,1.0,0.0,0,0.3
39,S1,H8,loader,45,561.6879478,24.0,0.0,54.92,0,0,24.0,1.0,0.0,0,0.3
40,S1,H3,grapple_skidder,45,200.88666240000066,24.0,0.0,53.48,1,0,24.0,1.0,0.0,0,0.0
40,S1,H4,processor,45,111.84039860000011,19.291061060162903,4.708938939837097,53.72,1,0,24.0,0.8037942108401209,4.708938939837097,1,0.0
40,S1,H7,loader,45,937.184825,24.0,0.0,53.24,0,0,24.0,1.0,0.0,0,0.0
40,S1,H8,loader,45,233.46212599999876,24.0,0.0,53.24,0,0,24.0,1.0,0.0,0,0.0
41,S1,H3,grapple_skidder,45,334.74885171797575,24.0,0.0,54.2,1,0,24.0,1.0,0.0,0,0.0
41,S1,H4,processor,45,302.88277912814635,24.0,0.0,53.48,1,0,24.0,1.0,0.0,0,0.0
41,S1,H5,processor,45,0.0,24.0,0.0,53.24,1,0,24.0,1.0,0.0,0,0.0
41,S1,H7,loader,45,687.364703,24.0,0.0,53.72,0,0,24.0,1.0,0.0,0,0.0
41,S1,H8,loader,45,7.131940999999415,24.0,0.0,53.72,0,0,24.0,1.0,0.0,0,0.0
42,S1,H3,grapple_skidder,45,935.6367696,24.0,0.0,53.24,1,0,24.0,1.0,0.0,0,0.0
42,S1,H4,processor,45,334.74885171797575,24.0,0.0,54.2,1,0,24.0,1.0,0.0,0,0.0
42,S1,H5,processor,45,0.0,24.0,0.0,54.2,1,0,24.0,1.0,0.0,0,0.0
42,S1,H7,loader,45,802.411354,24.0,0.0,53.48,0,0,24.0,1.0,0.0,0,0.0
42,S1,H8,loader,45,279.7560149999998,24.0,0.0,53.48,0,0,24.0,1.0,0.0,0,0.0
1,S1,H1,feller_buncher,46,1176.844281,24.0,0.0,0.0,0,0,24.0,1.0,0.0,0,0.0
1,S1,H2,feller_buncher,46,1299.478592,24.0,0.0,0.0,0,0,24.0,1.0,0.0,0,0.0
2,S1,H1,feller_buncher,46,1164.04956,24.0,0.0,54.2,0,0,24.0,1.0,0.0,0,0.0
2,S1,H2,feller_buncher,46,1299.478592,24.0,0.0,0.0,0,0,24.0,1.0,0.0,0,0.0
2,S1,H3,grapple_skidder,46,1164.728216,24.0,0.0,0.0,0,0,24.0,1.0,0.0,0,0.0
3,S1,H1,feller_buncher,46,888.796776,24.0,0.0,53.24,0,0,24.0,1.0,0.0,0,0.0
3,S1,H2,feller_buncher,46,1299.478592,24.0,0.0,0.0,0,0,24.0,1.0,0.0,0,0.0
3,S1,H3,grapple_skidder,46,778.104169,24.0,0.0,54.2,0,0,24.0,1.0,0.0,0,0.0
3,S1,H4,processor,46,517.165642,24.0,0.0,0.0,0,0,24.0,1.0,0.0,0,0.0
3,S1,H5,processor,46,517.165642,24.0,0.0,0.0,0,0,24.0,1.0,0.0,0,0.0
4,S1,H1,feller_buncher,46,505.89052584732553,24.0,0.0,53.24,0,0,24.0,1.0,0.0,0,0.0
4,S1,H2,feller_buncher,46,1299.478592,24.0,0.0,0.0,0,0,24.0,1.0,0.0,0,0.0
4,S1,H3,grapple_skidder,46,809.624168,24.0,0.0,53.24,0,0,24.0,1.0,0.0,0,0.0
4,S1,H4,processor,46,469.046841,24.0,0.0,54.2,0,0,24.0,1.0,0.0,0,0.0
4,S1,H7,loader,46,687.364703,24.0,0.0,0.0,0,0,24.0,1.0,0.0,0,0.0
5,S1,H1,feller_buncher,46,216.4467531841035,24.0,0.0,53.24,0,0,24.0,1.0,0.0,0,0.0
5,S1,H2,feller_buncher,46,1194.708925,24.0,0.0,55.64,0,0,24.0,1.0,0.0,0,0.0
5,S1,H3,grapple_skidder,46,505.89052584732553,24.0,0.0,53.24,1,0,24.0,1.0,0.0,0,0.0
5,S1,H4,processor,46,409.650504,24.0,0.0,53.24,0,0,24.0,1.0,0.0,0,0.0
6,S1,H1,feller_buncher,46,1220.906942,24.0,0.0,55.4,0,0,24.0,1.0,0.0,0,0.0
6,S1,H2,feller_buncher,46,1164.04956,24.0,0.0,54.92,0,0,24.0,1.0,0.0,0,0.0
6,S1,H3,grapple_skidder,46,678.968019,24.0,0.0,53.24,0,0,24.0,1.0,0.0,0,0.0
6,S1,H4,processor,46,481.329283,24.0,0.0,53.24,0,0,24.0,1.0,0.0,0,0.0
7,S1,H1,feller_buncher,46,1176.844281,24.0,0.0,53.48,0,0,24.0,1.0,0.0,0,0.0
7,S1,H2,feller_buncher,46,1220.906942,24.0,0.0,54.68,0,0,24.0,1.0,0.0,0,0.0
7,S1,H3,grapple_skidder,46,778.104169,24.0,0.0,53.72,0,0,24.0,1.0,0.0,0,0.0
7,S1,H4,processor,46,547.23705,24.0,0.0,53.24,0,0,24.0,1.0,0.0,0,0.0
7,S1,H7,loader,46,451.958924,24.0,0.0,54.68,0,0,24.0,1.0,0.0,0,0.0
8,S1,H1,feller_buncher,46,674.603847,24.0,0.0,53.24,0,0,24.0,1.0,0.0,0,0.0
8,S1,H2,feller_buncher,46,1220.906942,24.0,0.0,0.0,0,0,24.0,1.0,0.0,0,0.0
8,S1,H3,grapple_skidder,46,678.968019,24.0,0.0,53.72,0,0,24.0,1.0,0.0,0,0.0
8,S1,H4,processor,46,469.046841,24.0,0.0,53.72,0,0,24.0,1.0,0.0,0,0.0
8,S1,H5,processor,46,469.046841,24.0,0.0,54.2,0,0,24.0,1.0,0.0,0,0.0
8,S1,H7,loader,46,485.857474,24.0,0.0,53.24,0,0,24.0,1.0,0.0,0,0.0
9,S1,H1,feller_buncher,46,1194.708925,24.0,0.0,53.96,0,0,24.0,1.0,0.0,0,0.0
9,S1,H2,feller_buncher,46,961.553907,24.0,0.0,55.16,0,0,24.0,1.0,0.0,0,0.0
9,S1,H3,grapple_skidder,46,1332.369187,24.0,0.0,55.4,0,0,24.0,1.0,0.0,0,0.0
9,S1,H4,processor,46,547.23705,24.0,0.0,53.72,0,0,24.0,1.0,0.0,0,0.0
9,S1,H7,loader,46,474.741639,24.0,0.0,53.72,0,0,24.0,1.0,0.0,0,0.0
9,S1,H8,loader,46,474.741639,24.0,0.0,0.0,0,0,24.0,1.0,0.0,0,0.0
10,S1,H1,feller_buncher,46,961.553907,24.0,0.0,55.4,0,0,24.0,1.0,0.0,0,0.0
10,S1,H2,feller_buncher,46,860.013242,24.0,0.0,53.72,0,0,24.0,1.0,0.0,0,0.0
10,S1,H3,grapple_skidder,46,1480.641393,24.0,0.0,53.24,0,0,24.0,1.0,0.0,0,0.0
10,S1,H4,processor,46,531.895933,24.0,0.0,55.4,0,0,24.0,1.0,0.0,0,0.0
10,S1,H5,processor,46,531.895933,24.0,0.0,54.68,0,0,24.0,1.0,0.0,0,0.0
10,S1,H7,loader,46,485.857474,24.0,0.0,53.72,0,0,24.0,1.0,0.0,0,0.0
11,S1,H1,feller_buncher,46,602.0092694,24.0,0.0,53.72,0,0,24.0,1.0,0.0,0,0.3
11,S1,H2,feller_buncher,46,854.6348594,24.0,0.0,54.44,0,0,24.0,1.0,0.0,0,0.3
11,S1,H3,grapple_skidder,46,815.3097511999999,24.0,0.0,53.72,0,0,24.0,1.0,0.0,0,0.3
11,S1,H4,processor,46,398.8783582,24.0,0.0,53.24,0,0,24.0,1.0,0.0,0,0.3
11,S1,H5,processor,46,398.8783582,24.0,0.0,53.24,0,0,24.0,1.0,0.0,0,0.3
11,S1,H7,loader,46,561.6879478,24.0,0.0,55.4,0,0,24.0,1.0,0.0,0,0.3
12,S1,H1,feller_buncher,46,1013.0077249999999,24.0,0.0,54.44,0,0,24.0,1.0,0.0,0,0.0
12,S1,H2,feller_buncher,46,888.796776,24.0,0.0,54.92,0,0,24.0,1.0,0.0,0,0.0
12,S1,H3,grapple_skidder,46,678.968019,24.0,0.0,54.92,0,0,24.0,1.0,0.0,0,0.0
12,S1,H4,processor,46,517.165642,24.0,0.0,53.72,0,0,24.0,1.0,0.0,0,0.0
12,S1,H5,processor,46,428.54104119999977,24.0,0.0,53.72,1,0,24.0,1.0,0.0,0,0.0
12,S1,H7,loader,46,797.7567164,24.0,0.0,53.24,1,0,24.0,1.0,0.0,0,0.0
13,S1,H1,feller_buncher,46,413.7565330000002,24.0,0.0,55.16,0,0,24.0,1.0,0.0,0,0.0
13,S1,H2,feller_buncher,46,680.207863,24.0,0.0,53.96,0,0,24.0,1.0,0.0,0,0.0
13,S1,H3,grapple_skidder,46,1332.369187,24.0,0.0,55.4,0,0,24.0,1.0,0.0,0,0.0
13,S1,H4,processor,46,547.23705,24.0,0.0,54.92,0,0,24.0,1.0,0.0,0,0.0
13,S1,H7,loader,46,687.364703,24.0,0.0,53.72,0,0,24.0,1.0,0.0,0,0.0
13,S1,H8,loader,46,605.3085612,24.0,0.0,54.2,1,0,24.0,1.0,0.0,0,0.0
14,S1,H1,feller_buncher,46,1164.04956,24.0,0.0,53.48,0,0,24.0,1.0,0.0,0,0.0
14,S1,H2,feller_buncher,46,1176.844281,24.0,0.0,53.48,0,0,24.0,1.0,0.0,0,0.0
14,S1,H3,grapple_skidder,46,678.968019,24.0,0.0,55.4,0,0,24.0,1.0,0.0,0,0.0
14,S1,H4,processor,46,531.895933,24.0,0.0,55.4,0,0,24.0,1.0,0.0,0,0.0
14,S1,H5,processor,46,531.895933,24.0,0.0,53.48,0,0,24.0,1.0,0.0,0,0.0
14,S1,H6,processor,46,531.895933,24.0,0.0,0.0,0,0,24.0,1.0,0.0,0,0.0
14,S1,H7,loader,46,485.857474,24.0,0.0,54.92,0,0,24.0,1.0,0.0,0,0.0
15,S1,H1,feller_buncher,46,787.363583,24.0,0.0,54.44,0,0,24.0,1.0,0.0,0,0.0
15,S1,H2,feller_buncher,46,1176.844281,24.0,0.0,0.0,0,0,24.0,1.0,0.0,0,0.0
15,S1,H3,grapple_skidder,46,739.620424,24.0,0.0,53.24,0,0,24.0,1.0,0.0,0,0.0
15,S1,H4,processor,46,547.23705,24.0,0.0,55.4,0,0,24.0,1.0,0.0,0,0.0
15,S1,H7,loader,46,802.411354,24.0,0.0,55.4,0,0,24.0,1.0,0.0,0,0.0
15,S1,H8,loader,46,802.411354,24.0,0.0,53.48,0,0,24.0,1.0,0.0,0,0.0
16,S1,H1,feller_buncher,46,1194.708925,24.0,0.0,53.48,0,0,24.0,1.0,0.0,0,0.0
16,S1,H2,feller_buncher,46,111.30773800000088,24.0,0.0,0.0,0,0,24.0,1.0,0.0,0,0.0
16,S1,H3,grapple_skidder,46,674.603847,24.0,0.0,54.44,0,0,24.0,1.0,0.0,0,0.0
16,S1,H4,processor,46,481.329283,24.0,0.0,53.24,0,0,24.0,1.0,0.0,0,0.0
16,S1,H5,processor,46,282.8523838473255,24.0,0.0,55.16,1,0,24.0,1.0,0.0,0,0.0
16,S1,H7,loader,46,485.857474,24.0,0.0,55.4,0,0,24.0,1.0,0.0,0,0.0
17,S1,H1,feller_buncher,46,1194.708925,24.0,0.0,0.0,0,0,24.0,1.0,0.0,0,0.0
17,S1,H2,feller_buncher,46,1164.04956,24.0,0.0,54.2,0,0,24.0,1.0,0.0,0,0.0
17,S1,H3,grapple_skidder,46,1164.728216,24.0,0.0,53.24,0,0,24.0,1.0,0.0,0,0.0
17,S1,H4,processor,46,420.2738635626284,22.115683839197764,1.8843161608022356,54.44,0,0,24.0,0.9214868266332402,1.8843161608022339,1,0.0
17,S1,H5,processor,46,218.52151199999997,24.0,0.0,54.44,0,0,24.0,1.0,0.0,0,0.0
17,S1,H7,loader,46,451.958924,24.0,0.0,53.24,0,0,24.0,1.0,0.0,0,0.0
17,S1,H8,loader,46,341.59310184732544,24.0,0.0,55.16,1,0,24.0,1.0,0.0,0,0.0
18,S1,H1,feller_buncher,46,98.38538570000019,24.0,0.0,0.0,0,0,24.0,1.0,0.0,0,0.3
18,S1,H2,feller_buncher,46,814.8346919999999,24.0,0.0,0.0,0,0,24.0,1.0,0.0,0,0.3
18,S1,H3,grapple_skidder,46,517.7342967999999,24.0,0.0,54.68,0,0,24.0,1.0,0.0,0,0.3
18,S1,H4,processor,46,362.0159494,24.0,0.0,53.24,0,0,24.0,1.0,0.0,0,0.3
18,S1,H5,processor,46,362.0159494,24.0,0.0,53.24,0,0,24.0,1.0,0.0,0,0.3
18,S1,H7,loader,46,472.22269289999997,24.0,0.0,54.44,0,0,24.0,1.0,0.0,0,0.3
19,S1,H1,feller_buncher,46,502.7667789999996,24.0,0.0,54.92,0,0,24.0,1.0,0.0,0,0.0
19,S1,H2,feller_buncher,46,256.1621419999998,24.0,0.0,53.24,0,0,24.0,1.0,0.0,0,0.0
19,S1,H3,grapple_skidder,46,1164.728216,24.0,0.0,54.68,0,0,24.0,1.0,0.0,0,0.0
19,S1,H4,processor,46,481.329283,24.0,0.0,54.68,0,0,24.0,1.0,0.0,0,0.0
19,S1,H7,loader,46,687.364703,24.0,0.0,53.24,0,0,24.0,1.0,0.0,0,0.0
20,S1,H1,feller_buncher,46,59.00278800000001,24.0,0.0,53.24,0,0,24.0,1.0,0.0,0,0.0
20,S1,H2,feller_buncher,46,486.3476200000001,24.0,0.0,54.68,0,0,24.0,1.0,0.0,0,0.0
20,S1,H3,grapple_skidder,46,678.968019,24.0,0.0,54.92,0,0,24.0,1.0,0.0,0,0.0
20,S1,H4,processor,46,517.165642,24.0,0.0,54.68,0,0,24.0,1.0,0.0,0,0.0
20,S1,H5,processor,46,517.165642,24.0,0.0,0.0,0,0,24.0,1.0,0.0,0,0.0
20,S1,H6,processor,46,517.165642,24.0,0.0,53.48,0,0,24.0,1.0,0.0,0,0.0
20,S1,H7,loader,46,451.958924,24.0,0.0,54.68,0,0,24.0,1.0,0.0,0,0.0
21,S1,H1,feller_buncher,46,576.960683,24.0,0.0,53.24,0,0,24.0,1.0,0.0,0,0.0
21,S1,H2,feller_buncher,46,364.89843800000006,24.0,0.0,53.72,0,0,24.0,1.0,0.0,0,0.0
21,S1,H3,grapple_skidder,46,1273.711203,24.0,0.0,55.16,0,0,24.0,1.0,0.0,0,0.0
21,S1,H4,processor,46,547.23705,24.0,0.0,54.92,0,0,24.0,1.0,0.0,0,0.0
21,S1,H5,processor,46,547.23705,24.0,0.0,54.92,0,0,24.0,1.0,0.0,0,0.0
21,S1,H7,loader,46,581.9522002010674,20.319421034957653,3.680578965042347,54.68,0,0,24.0,0.8466425431232355,3.680578965042347,1,0.0
21,S1,H8,loader,46,687.364703,24.0,0.0,54.68,0,0,24.0,1.0,0.0,0,0.0
22,S1,H3,grapple_skidder,46,778.104169,24.0,0.0,54.44,0,0,24.0,1.0,0.0,0,0.0
22,S1,H4,processor,46,441.264891,24.0,0.0,55.16,0,0,24.0,1.0,0.0,0,0.0
22,S1,H5,processor,46,441.264891,24.0,0.0,55.16,0,0,24.0,1.0,0.0,0,0.0
22,S1,H6,processor,46,391.18142100000006,24.0,0.0,53.24,0,0,24.0,1.0,0.0,0,0.0
22,S1,H7,loader,46,485.857474,24.0,0.0,54.92,0,0,24.0,1.0,0.0,0,0.0
22,S1,H8,loader,46,485.857474,24.0,0.0,54.92,0,0,24.0,1.0,0.0,0,0.0
23,S1,H3,grapple_skidder,46,678.968019,24.0,0.0,53.72,0,0,24.0,1.0,0.0,0,0.0
23,S1,H4,processor,46,469.046841,24.0,0.0,54.44,0,0,24.0,1.0,0.0,0,0.0
23,S1,H7,loader,46,733.483855,24.0,0.0,55.16,0,0,24.0,1.0,0.0,0,0.0
23,S1,H8,loader,46,540.2273480000001,24.0,0.0,55.16,0,0,24.0,1.0,0.0,0,0.0
24,S1,H3,grapple_skidder,46,1480.641393,24.0,0.0,55.64,0,0,24.0,1.0,0.0,0,0.0
24,S1,H4,processor,46,547.23705,24.0,0.0,53.72,0,0,24.0,1.0,0.0,0,0.0
24,S1,H7,loader,46,474.741639,24.0,0.0,54.44,0,0,24.0,1.0,0.0,0,0.0
25,S1,H3,grapple_skidder,46,1332.369187,24.0,0.0,53.24,0,0,24.0,1.0,0.0,0,0.0
25,S1,H4,processor,46,569.826226,24.0,0.0,55.64,0,0,24.0,1.0,0.0,0,0.0
25,S1,H5,processor,46,569.826226,24.0,0.0,53.48,0,0,24.0,1.0,0.0,0,0.0
25,S1,H6,processor,46,535.5175419831187,22.55498329344155,1.4450167065584516,53.48,0,0,24.0,0.9397909705600646,1.4450167065584525,1,0.0
25,S1,H7,loader,46,485.857474,24.0,0.0,53.72,0,0,24.0,1.0,0.0,0,0.0
26,S1,H3,grapple_skidder,46,678.968019,24.0,0.0,55.4,0,0,24.0,1.0,0.0,0,0.0
26,S1,H4,processor,46,421.5859390025113,24.0,0.0,53.24,0,0,24.0,1.0,0.0,0,0.0
26,S1,H5,processor,46,421.5859390025113,24.0,0.0,53.24,0,0,24.0,1.0,0.0,0,0.0
26,S1,H7,loader,46,937.184825,24.0,0.0,55.64,0,0,24.0,1.0,0.0,0,0.0
26,S1,H8,loader,46,737.9851689831187,24.0,0.0,53.48,1,0,24.0,1.0,0.0,0,0.0
27,S1,H3,grapple_skidder,46,739.620424,24.0,0.0,53.24,0,0,24.0,1.0,0.0,0,0.0
27,S1,H4,processor,46,547.23705,24.0,0.0,55.4,0,0,24.0,1.0,0.0,0,0.0
27,S1,H7,loader,46,802.411354,24.0,0.0,53.24,0,0,24.0,1.0,0.0,0,0.0
28,S1,H3,grapple_skidder,46,1036.4489751,24.0,0.0,55.4,0,0,24.0,1.0,0.0,0,0.3
28,S1,H4,processor,46,336.93049809999997,24.0,0.0,53.24,0,0,24.0,1.0,0.0,0,0.3
28,S1,H5,processor,46,336.93049809999997,24.0,0.0,55.16,0,0,24.0,1.0,0.0,0,0.3
28,S1,H7,loader,46,340.1002318,24.0,0.0,55.4,0,0,24.0,1.0,0.0,0,0.3
28,S1,H8,loader,46,340.1002318,24.0,0.0,55.64,0,0,24.0,1.0,0.0,0,0.3
29,S1,H3,grapple_skidder,46,778.104169,24.0,0.0,54.92,0,0,24.0,1.0,0.0,0,0.0
29,S1,H4,processor,46,569.826226,24.0,0.0,55.4,0,0,24.0,1.0,0.0,0,0.0
29,S1,H5,processor,46,569.826226,24.0,0.0,55.4,0,0,24.0,1.0,0.0,0,0.0
29,S1,H7,loader,46,451.958924,24.0,0.0,53.24,0,0,24.0,1.0,0.0,0,0.0
29,S1,H8,loader,46,251.2724311999998,24.0,0.0,53.24,1,0,24.0,1.0,0.0,0,0.0
30,S1,H3,grapple_skidder,46,661.584988184104,24.0,0.0,53.72,1,0,24.0,1.0,0.0,0,0.0
30,S1,H4,processor,46,469.046841,24.0,0.0,54.92,0,0,24.0,1.0,0.0,0,0.0
30,S1,H5,processor,46,469.046841,24.0,0.0,54.92,0,0,24.0,1.0,0.0,0,0.0
30,S1,H7,loader,46,937.184825,24.0,0.0,55.4,0,0,24.0,1.0,0.0,0,0.0
31,S1,H3,grapple_skidder,46,923.199854,24.0,0.0,53.96,0,0,24.0,1.0,0.0,0,0.0
31,S1,H4,processor,46,433.65641837729515,24.0,0.0,53.72,0,0,24.0,1.0,0.0,0,0.0
31,S1,H7,loader,46,474.741639,24.0,0.0,54.92,0,0,24.0,1.0,0.0,0,0.0
31,S1,H8,loader,46,474.741639,24.0,0.0,53.48,0,0,24.0,1.0,0.0,0,0.0
32,S1,H3,grapple_skidder,46,778.104169,24.0,0.0,53.24,0,0,24.0,1.0,0.0,0,0.0
32,S1,H4,processor,46,395.784917,24.0,0.0,53.96,0,0,24.0,1.0,0.0,0,0.0
32,S1,H5,processor,46,395.784917,24.0,0.0,53.24,0,0,24.0,1.0,0.0,0,0.0
32,S1,H7,loader,46,485.857474,24.0,0.0,53.72,0,0,24.0,1.0,0.0,0,0.0
33,S1,H3,grapple_skidder,46,339.8892022000002,24.0,0.0,53.48,1,0,24.0,1.0,0.0,0,0.0
33,S1,H4,processor,46,469.046841,24.0,0.0,53.24,0,0,24.0,1.0,0.0,0,0.0
33,S1,H5,processor,46,469.046841,24.0,0.0,53.24,0,0,24.0,1.0,0.0,0,0.0
33,S1,H7,loader,46,456.725789,24.0,0.0,53.96,0,0,24.0,1.0,0.0,0,0.0
34,S1,H3,grapple_skidder,46,0.0,18.26527744817588,5.73472255182412,53.24,1,0,24.0,0.7610532270073284,5.7347225518241185,1,0.3
34,S1,H4,processor,46,287.30978919999984,24.0,0.0,53.48,0,0,24.0,1.0,0.0,0,0.3
34,S1,H7,loader,46,332.3191473,24.0,0.0,53.24,0,0,24.0,1.0,0.0,0,0.3
34,S1,H8,loader,46,332.3191473,24.0,0.0,0.0,0,0,24.0,1.0,0.0,0,0.3
35,S1,H3,grapple_skidder,46,809.624168,24.0,0.0,53.48,0,0,24.0,1.0,0.0,0,0.0
35,S1,H4,processor,46,547.23705,24.0,0.0,53.24,0,0,24.0,1.0,0.0,0,0.0
35,S1,H5,processor,46,55.571252806809184,24.0,0.0,53.72,1,0,24.0,1.0,0.0,0,0.0
35,S1,H7,loader,46,287.30978919999984,24.0,0.0,53.48,1,0,24.0,1.0,0.0,0,0.0
35,S1,H8,loader,46,0.0,24.0,0.0,53.48,1,0,24.0,1.0,0.0,0,0.0
36,S1,H3,grapple_skidder,46,778.104169,24.0,0.0,53.24,0,0,24.0,1.0,0.0,0,0.0
36,S1,H4,processor,46,409.650504,24.0,0.0,53.48,0,0,24.0,1.0,0.0,0,0.0
36,S1,H5,processor,46,409.650504,24.0,0.0,53.48,0,0,24.0,1.0,0.0,0,0.0
36,S1,H7,loader,46,485.857474,24.0,0.0,53.24,0,0,24.0,1.0,0.0,0,0.0
36,S1,H8,loader,46,209.49074899999937,24.0,0.0,53.24,0,0,24.0,1.0,0.0,0,0.0
37,S1,H3,grapple_skidder,46,1332.369187,24.0,0.0,54.68,0,0,24.0,1.0,0.0,0,0.0
37,S1,H4,processor,46,469.046841,24.0,0.0,53.24,0,0,24.0,1.0,0.0,0,0.0
37,S1,H7,loader,46,424.433991,24.0,0.0,53.48,0,0,24.0,1.0,0.0,0,0.0
37,S1,H8,loader,46,424.433991,24.0,0.0,53.48,0,0,24.0,1.0,0.0,0,0.0
38,S1,H3,grapple_skidder,46,477.4620719999998,24.0,0.0,53.24,0,0,24.0,1.0,0.0,0,0.0
38,S1,H4,processor,46,531.895933,24.0,0.0,54.68,0,0,24.0,1.0,0.0,0,0.0
38,S1,H5,processor,46,531.895933,24.0,0.0,54.92,0,0,24.0,1.0,0.0,0,0.0
38,S1,H6,processor,46,531.895933,24.0,0.0,53.24,0,0,24.0,1.0,0.0,0,0.0
38,S1,H7,loader,46,474.741639,24.0,0.0,53.24,0,0,24.0,1.0,0.0,0,0.0
39,S1,H3,grapple_skidder,46,159.77199800000017,24.0,0.0,53.72,0,0,24.0,1.0,0.0,0,0.0
39,S1,H4,processor,46,569.826226,24.0,0.0,53.24,0,0,24.0,1.0,0.0,0,0.0
39,S1,H5,processor,46,292.7884447168816,24.0,0.0,53.24,1,0,24.0,1.0,0.0,0,0.0
39,S1,H7,loader,46,802.411354,24.0,0.0,54.68,0,0,24.0,1.0,0.0,0,0.0
39,S1,H8,loader,46,802.411354,24.0,0.0,54.92,0,0,24.0,1.0,0.0,0,0.0
40,S1,H3,grapple_skidder,46,200.88666240000066,24.0,0.0,53.48,1,0,24.0,1.0,0.0,0,0.3
40,S1,H4,processor,46,114.93585879999965,24.0,0.0,53.72,0,0,24.0,1.0,0.0,0,0.3
40,S1,H7,loader,46,656.0293775,24.0,0.0,53.24,0,0,24.0,1.0,0.0,0,0.3
40,S1,H8,loader,46,116.17671575858972,17.061446973851638,6.938553026148362,53.24,0,0,24.0,0.7108936239104849,6.938553026148364,1,0.3
41,S1,H3,grapple_skidder,46,576.960683,24.0,0.0,54.2,0,0,24.0,1.0,0.0,0,0.0
41,S1,H4,processor,46,432.02406839497803,24.0,0.0,53.48,1,0,24.0,1.0,0.0,0,0.0
41,S1,H5,processor,46,0.0,19.07809431420924,4.921905685790762,53.24,1,0,24.0,0.7949205964253849,4.92190568579076,1,0.0
41,S1,H7,loader,46,433.78307739893273,24.0,0.0,53.72,1,0,24.0,1.0,0.0,0,0.0
41,S1,H8,loader,46,0.0,24.0,0.0,53.72,1,0,24.0,1.0,0.0,0,0.0
42,S1,H3,grapple_skidder,46,1045.106301,24.0,0.0,53.24,0,0,24.0,1.0,0.0,0,0.0
42,S1,H4,processor,46,428.751305,24.0,0.0,54.2,0,0,24.0,1.0,0.0,0,0.0
42,S1,H5,processor,46,148.20937800000002,24.0,0.0,54.2,0,0,24.0,1.0,0.0,0,0.0
42,S1,H7,loader,46,802.411354,24.0,0.0,53.48,0,0,24.0,1.0,0.0,0,0.0
42,S1,H8,loader,46,154.2073386000011,22.356691655277157,1.6433083447228434,53.48,1,0,24.0,0.9315288189698815,1.6433083447228443,1,0.0
1,S1,H1,feller_buncher,47,1176.844281,24.0,0.0,0.0,0,0,24.0,1.0,0.0,0,0.0
1,S1,H2,feller_buncher,47,1299.478592,24.0,0.0,0.0,0,0,24.0,1.0,0.0,0,0.0
2,S1,H1,feller_buncher,47,814.8346919999999,24.0,0.0,54.2,0,0,24.0,1.0,0.0,0,0.3
2,S1,H2,feller_buncher,47,909.6350143999999,24.0,0.0,0.0,0,0,24.0,1.0,0.0,0,0.3
2,S1,H3,grapple_skidder,47,815.3097511999999,24.0,0.0,0.0,0,0,24.0,1.0,0.0,0,0.3
3,S1,H1,feller_buncher,47,888.796776,24.0,0.0,53.24,0,0,24.0,1.0,0.0,0,0.0
3,S1,H2,feller_buncher,47,1220.9786137214935,22.55018813677836,1.4498118632216404,0.0,0,0,24.0,0.939591172365765,1.4498118632216404,1,0.0
3,S1,H3,grapple_skidder,47,778.104169,24.0,0.0,54.2,0,0,24.0,1.0,0.0,0,0.0
3,S1,H4,processor,47,517.165642,24.0,0.0,0.0,0,0,24.0,1.0,0.0,0,0.0
3,S1,H5,processor,47,298.1441091999999,24.0,0.0,0.0,1,0,24.0,1.0,0.0,0,0.0
4,S1,H1,feller_buncher,47,961.553907,24.0,0.0,53.24,0,0,24.0,1.0,0.0,0,0.0
4,S1,H2,feller_buncher,47,1299.478592,24.0,0.0,0.0,0,0,24.0,1.0,0.0,0,0.0
4,S1,H3,grapple_skidder,47,809.624168,24.0,0.0,53.24,0,0,24.0,1.0,0.0,0,0.0
4,S1,H4,processor,47,469.046841,24.0,0.0,54.2,0,0,24.0,1.0,0.0,0,0.0
4,S1,H7,loader,47,615.853724168125,21.50312536492727,2.4968746350727287,0.0,0,0,24.0,0.8959635568719696,2.496874635072728,1,0.0
5,S1,H1,feller_buncher,47,356.0085949999998,24.0,0.0,53.24,0,0,24.0,1.0,0.0,0,0.0
5,S1,H2,feller_buncher,47,1194.708925,24.0,0.0,55.64,0,0,24.0,1.0,0.0,0,0.0
5,S1,H3,grapple_skidder,47,739.620424,24.0,0.0,53.24,0,0,24.0,1.0,0.0,0,0.0
5,S1,H4,processor,47,409.650504,24.0,0.0,53.24,0,0,24.0,1.0,0.0,0,0.0
6,S1,H1,feller_buncher,47,1220.906942,24.0,0.0,55.4,0,0,24.0,1.0,0.0,0,0.0
6,S1,H2,feller_buncher,47,1164.04956,24.0,0.0,54.92,0,0,24.0,1.0,0.0,0,0.0
6,S1,H3,grapple_skidder,47,678.968019,24.0,0.0,53.24,0,0,24.0,1.0,0.0,0,0.0
6,S1,H4,processor,47,249.8229616487641,24.0,0.0,53.24,0,0,24.0,1.0,0.0,0,0.0
7,S1,H1,feller_buncher,47,1176.844281,24.0,0.0,53.48,0,0,24.0,1.0,0.0,0,0.0
7,S1,H2,feller_buncher,47,681.4802898053337,24.0,0.0,54.68,0,0,24.0,1.0,0.0,0,0.0
7,S1,H3,grapple_skidder,47,778.104169,24.0,0.0,53.72,0,0,24.0,1.0,0.0,0,0.0
7,S1,H4,processor,47,547.23705,24.0,0.0,53.24,0,0,24.0,1.0,0.0,0,0.0
7,S1,H7,loader,47,249.8229616487641,24.0,0.0,54.68,1,0,24.0,1.0,0.0,0,0.0
8,S1,H1,feller_buncher,47,674.603847,24.0,0.0,53.24,0,0,24.0,1.0,0.0,0,0.0
8,S1,H2,feller_buncher,47,1220.906942,24.0,0.0,0.0,0,0,24.0,1.0,0.0,0,0.0
8,S1,H3,grapple_skidder,47,678.968019,24.0,0.0,53.72,0,0,24.0,1.0,0.0,0,0.0
8,S1,H4,processor,47,469.046841,24.0,0.0,53.72,0,0,24.0,1.0,0.0,0,0.0
8,S1,H5,processor,47,469.046841,24.0,0.0,54.2,0,0,24.0,1.0,0.0,0,0.0
8,S1,H7,loader,47,485.857474,24.0,0.0,53.24,0,0,24.0,1.0,0.0,0,0.0
9,S1,H1,feller_buncher,47,1194.708925,24.0,0.0,53.96,0,0,24.0,1.0,0.0,0,0.0
9,S1,H2,feller_buncher,47,961.553907,24.0,0.0,55.16,0,0,24.0,1.0,0.0,0,0.0
9,S1,H3,grapple_skidder,47,972.0781385282744,24.0,0.0,55.4,0,0,24.0,1.0,0.0,0,0.0
9,S1,H4,processor,47,547.23705,24.0,0.0,53.72,0,0,24.0,1.0,0.0,0,0.0
9,S1,H7,loader,47,474.741639,24.0,0.0,53.72,0,0,24.0,1.0,0.0,0,0.0
9,S1,H8,loader,47,384.1658203461077,19.42104700933255,4.5789529906674495,0.0,0,0,24.0,0.809210292055523,4.578952990667449,1,0.0
10,S1,H1,feller_buncher,47,961.553907,24.0,0.0,55.4,0,0,24.0,1.0,0.0,0,0.0
10,S1,H2,feller_buncher,47,860.013242,24.0,0.0,53.72,0,0,24.0,1.0,0.0,0,0.0
10,S1,H3,grapple_skidder,47,1480.641393,24.0,0.0,53.24,0,0,24.0,1.0,0.0,0,0.0
10,S1,H4,processor,47,531.895933,24.0,0.0,55.4,0,0,24.0,1.0,0.0,0,0.0
10,S1,H5,processor,47,440.1822055282744,24.0,0.0,54.68,1,0,24.0,1.0,0.0,0,0.0
10,S1,H7,loader,47,485.857474,24.0,0.0,53.72,0,0,24.0,1.0,0.0,0,0.0
11,S1,H1,feller_buncher,47,860.013242,24.0,0.0,53.72,0,0,24.0,1.0,0.0,0,0.0
11,S1,H2,feller_buncher,47,1220.906942,24.0,0.0,54.44,0,0,24.0,1.0,0.0,0,0.0
11,S1,H3,grapple_skidder,47,1164.728216,24.0,0.0,53.72,0,0,24.0,1.0,0.0,0,0.0
11,S1,H4,processor,47,569.826226,24.0,0.0,53.24,0,0,24.0,1.0,0.0,0,0.0
11,S1,H5,processor,47,569.826226,24.0,0.0,53.24,0,0,24.0,1.0,0.0,0,0.0
11,S1,H7,loader,47,802.411354,24.0,0.0,55.4,0,0,24.0,1.0,0.0,0,0.0
12,S1,H1,feller_buncher,47,1013.0077249999999,24.0,0.0,54.44,0,0,24.0,1.0,0.0,0,0.0
12,S1,H2,feller_buncher,47,888.796776,24.0,0.0,54.92,0,0,24.0,1.0,0.0,0,0.0
12,S1,H3,grapple_skidder,47,678.968019,24.0,0.0,54.92,0,0,24.0,1.0,0.0,0,0.0
12,S1,H4,processor,47,517.165642,24.0,0.0,53.72,0,0,24.0,1.0,0.0,0,0.0
12,S1,H5,processor,47,517.165642,24.0,0.0,53.72,0,0,24.0,1.0,0.0,0,0.0
12,S1,H7,loader,47,937.184825,24.0,0.0,53.24,0,0,24.0,1.0,0.0,0,0.0
13,S1,H1,feller_buncher,47,413.7565330000002,24.0,0.0,55.16,0,0,24.0,1.0,0.0,0,0.0
13,S1,H2,feller_buncher,47,680.207863,24.0,0.0,53.96,0,0,24.0,1.0,0.0,0,0.0
13,S1,H3,grapple_skidder,47,1332.369187,24.0,0.0,55.4,0,0,24.0,1.0,0.0,0,0.0
13,S1,H4,processor,47,547.23705,24.0,0.0,54.92,0,0,24.0,1.0,0.0,0,0.0
13,S1,H7,loader,47,687.364703,24.0,0.0,53.72,0,0,24.0,1.0,0.0,0,0.0
13,S1,H8,loader,47,546.4226080318751,24.0,0.0,54.2,1,0,24.0,1.0,0.0,0,0.0
14,S1,H1,feller_buncher,47,1164.04956,24.0,0.0,53.48,0,0,24.0,1.0,0.0,0,0.0
14,S1,H2,feller_buncher,47,1176.844281,24.0,0.0,53.48,0,0,24.0,1.0,0.0,0,0.0
14,S1,H3,grapple_skidder,47,678.968019,24.0,0.0,55.4,0,0,24.0,1.0,0.0,0,0.0
14,S1,H4,processor,47,531.895933,24.0,0.0,55.4,0,0,24.0,1.0,0.0,0,0.0
14,S1,H5,processor,47,531.895933,24.0,0.0,53.48,0,0,24.0,1.0,0.0,0,0.0
14,S1,H6,processor,47,268.577321,24.0,0.0,0.0,1,0,24.0,1.0,0.0,0,0.0
14,S1,H7,loader,47,485.857474,24.0,0.0,54.92,0,0,24.0,1.0,0.0,0,0.0
15,S1,H1,feller_buncher,47,787.363583,24.0,0.0,54.44,0,0,24.0,1.0,0.0,0,0.0
15,S1,H2,feller_buncher,47,1176.844281,24.0,0.0,0.0,0,0,24.0,1.0,0.0,0,0.0
15,S1,H3,grapple_skidder,47,739.620424,24.0,0.0,53.24,0,0,24.0,1.0,0.0,0,0.0
15,S1,H4,processor,47,547.23705,24.0,0.0,55.4,0,0,24.0,1.0,0.0,0,0.0
15,S1,H7,loader,47,802.411354,24.0,0.0,55.4,0,0,24.0,1.0,0.0,0,0.0
15,S1,H8,loader,47,699.6246175282744,24.0,0.0,53.48,1,0,24.0,1.0,0.0,0,0.0
16,S1,H1,feller_buncher,47,1194.708925,24.0,0.0,53.48,0,0,24.0,1.0,0.0,0,0.0
16,S1,H2,feller_buncher,47,111.30773800000088,24.0,0.0,0.0,0,0,24.0,1.0,0.0,0,0.0
16,S1,H3,grapple_skidder,47,674.603847,24.0,0.0,54.44,0,0,24.0,1.0,0.0,0,0.0
16,S1,H4,processor,47,481.329283,24.0,0.0,53.24,0,0,24.0,1.0,0.0,0,0.0
16,S1,H5,processor,47,481.329283,24.0,0.0,55.16,0,0,24.0,1.0,0.0,0,0.0
16,S1,H7,loader,47,485.857474,24.0,0.0,55.4,0,0,24.0,1.0,0.0,0,0.0
17,S1,H1,feller_buncher,47,1194.708925,24.0,0.0,0.0,0,0,24.0,1.0,0.0,0,0.0
17,S1,H2,feller_buncher,47,1164.04956,24.0,0.0,54.2,0,0,24.0,1.0,0.0,0,0.0
17,S1,H3,grapple_skidder,47,1164.728216,24.0,0.0,53.24,0,0,24.0,1.0,0.0,0,0.0
17,S1,H4,processor,47,456.082335,24.0,0.0,54.44,0,0,24.0,1.0,0.0,0,0.0
17,S1,H5,processor,47,218.52151199999997,24.0,0.0,54.44,0,0,24.0,1.0,0.0,0,0.0
17,S1,H7,loader,47,451.958924,24.0,0.0,53.24,0,0,24.0,1.0,0.0,0,0.0
17,S1,H8,loader,47,451.958924,24.0,0.0,55.16,0,0,24.0,1.0,0.0,0,0.0
18,S1,H1,feller_buncher,47,140.55055100000027,24.0,0.0,0.0,0,0,24.0,1.0,0.0,0,0.0
18,S1,H2,feller_buncher,47,1164.04956,24.0,0.0,0.0,0,0,24.0,1.0,0.0,0,0.0
18,S1,H3,grapple_skidder,47,739.620424,24.0,0.0,54.68,0,0,24.0,1.0,0.0,0,0.0
18,S1,H4,processor,47,517.165642,24.0,0.0,53.24,0,0,24.0,1.0,0.0,0,0.0
18,S1,H5,processor,47,517.165642,24.0,0.0,53.24,0,0,24.0,1.0,0.0,0,0.0
18,S1,H7,loader,47,674.603847,24.0,0.0,54.44,0,0,24.0,1.0,0.0,0,0.0
19,S1,H1,feller_buncher,47,502.7667789999996,24.0,0.0,54.92,0,0,24.0,1.0,0.0,0,0.0
19,S1,H2,feller_buncher,47,256.1621419999998,24.0,0.0,53.24,0,0,24.0,1.0,0.0,0,0.0
19,S1,H3,grapple_skidder,47,1164.728216,24.0,0.0,54.68,0,0,24.0,1.0,0.0,0,0.0
19,S1,H4,processor,47,481.329283,24.0,0.0,54.68,0,0,24.0,1.0,0.0,0,0.0
19,S1,H7,loader,47,687.364703,24.0,0.0,53.24,0,0,24.0,1.0,0.0,0,0.0
20,S1,H1,feller_buncher,47,41.3019516,24.0,0.0,53.24,0,0,24.0,1.0,0.0,0,0.3
20,S1,H2,feller_buncher,47,340.44333400000005,24.0,0.0,54.68,0,0,24.0,1.0,0.0,0,0.3
20,S1,H3,grapple_skidder,47,475.2776133,24.0,0.0,54.92,0,0,24.0,1.0,0.0,0,0.3
20,S1,H4,processor,47,362.0159494,24.0,0.0,54.68,0,0,24.0,1.0,0.0,0,0.3
20,S1,H5,processor,47,362.0159494,24.0,0.0,0.0,0,0,24.0,1.0,0.0,0,0.3
20,S1,H6,processor,47,362.0159494,24.0,0.0,53.48,0,0,24.0,1.0,0.0,0,0.3
20,S1,H7,loader,47,316.3712468,24.0,0.0,54.68,0,0,24.0,1.0,0.0,0,0.3
21,S1,H1,feller_buncher,47,403.87247809999997,24.0,0.0,53.24,0,0,24.0,1.0,0.0,0,0.3
21,S1,H2,feller_buncher,47,255.42890660000003,24.0,0.0,53.72,0,0,24.0,1.0,0.0,0,0.3
21,S1,H3,grapple_skidder,47,891.5978421,24.0,0.0,55.16,0,0,24.0,1.0,0.0,0,0.3
21,S1,H4,processor,47,383.06593499999997,24.0,0.0,54.92,0,0,24.0,1.0,0.0,0,0.3
21,S1,H5,processor,47,383.06593499999997,24.0,0.0,54.92,0,0,24.0,1.0,0.0,0,0.3
21,S1,H7,loader,47,481.15529209999994,24.0,0.0,54.68,0,0,24.0,1.0,0.0,0,0.3
21,S1,H8,loader,47,481.15529209999994,24.0,0.0,54.68,0,0,24.0,1.0,0.0,0,0.3
22,S1,H3,grapple_skidder,47,778.104169,24.0,0.0,54.44,0,0,24.0,1.0,0.0,0,0.0
22,S1,H4,processor,47,441.264891,24.0,0.0,55.16,0,0,24.0,1.0,0.0,0,0.0
22,S1,H5,processor,47,441.264891,24.0,0.0,55.16,0,0,24.0,1.0,0.0,0,0.0
22,S1,H6,processor,47,9.068060100000025,24.0,0.0,53.24,1,0,24.0,1.0,0.0,0,0.0
22,S1,H7,loader,47,485.857474,24.0,0.0,54.92,0,0,24.0,1.0,0.0,0,0.0
22,S1,H8,loader,47,485.857474,24.0,0.0,54.92,0,0,24.0,1.0,0.0,0,0.0
23,S1,H3,grapple_skidder,47,678.968019,24.0,0.0,53.72,0,0,24.0,1.0,0.0,0,0.0
23,S1,H4,processor,47,469.046841,24.0,0.0,54.44,0,0,24.0,1.0,0.0,0,0.0
23,S1,H7,loader,47,733.483855,24.0,0.0,55.16,0,0,24.0,1.0,0.0,0,0.0
23,S1,H8,loader,47,158.11398710000003,24.0,0.0,55.16,1,0,24.0,1.0,0.0,0,0.0
24,S1,H3,grapple_skidder,47,1480.641393,24.0,0.0,55.64,0,0,24.0,1.0,0.0,0,0.0
24,S1,H4,processor,47,547.23705,24.0,0.0,53.72,0,0,24.0,1.0,0.0,0,0.0
24,S1,H7,loader,47,474.741639,24.0,0.0,54.44,0,0,24.0,1.0,0.0,0,0.0
25,S1,H3,grapple_skidder,47,932.6584309,24.0,0.0,53.24,0,0,24.0,1.0,0.0,0,0.3
25,S1,H4,processor,47,398.8783582,24.0,0.0,55.64,0,0,24.0,1.0,0.0,0,0.3
25,S1,H5,processor,47,398.8783582,24.0,0.0,53.48,0,0,24.0,1.0,0.0,0,0.3
25,S1,H6,processor,47,398.8783582,24.0,0.0,53.48,0,0,24.0,1.0,0.0,0,0.3
25,S1,H7,loader,47,340.1002318,24.0,0.0,53.72,0,0,24.0,1.0,0.0,0,0.3
26,S1,H3,grapple_skidder,47,678.968019,24.0,0.0,55.4,0,0,24.0,1.0,0.0,0,0.0
26,S1,H4,processor,47,531.895933,24.0,0.0,53.24,0,0,24.0,1.0,0.0,0,0.0
26,S1,H5,processor,47,400.76249789999997,24.0,0.0,53.24,1,0,24.0,1.0,0.0,0,0.0
26,S1,H7,loader,47,937.184825,24.0,0.0,55.64,0,0,24.0,1.0,0.0,0,0.0
26,S1,H8,loader,47,461.9178765999998,24.0,0.0,53.48,1,0,24.0,1.0,0.0,0,0.0
27,S1,H3,grapple_skidder,47,739.620424,24.0,0.0,53.24,0,0,24.0,1.0,0.0,0,0.0
27,S1,H4,processor,47,547.23705,24.0,0.0,55.4,0,0,24.0,1.0,0.0,0,0.0
27,S1,H7,loader,47,802.411354,24.0,0.0,53.24,0,0,24.0,1.0,0.0,0,0.0
28,S1,H3,grapple_skidder,47,1480.641393,24.0,0.0,55.4,0,0,24.0,1.0,0.0,0,0.0
28,S1,H4,processor,47,481.329283,24.0,0.0,53.24,0,0,24.0,1.0,0.0,0,0.0
28,S1,H5,processor,47,481.329283,24.0,0.0,55.16,0,0,24.0,1.0,0.0,0,0.0
28,S1,H7,loader,47,445.5269636057272,22.00778561355928,1.9922143864407182,55.4,0,0,24.0,0.9169910672316367,1.9922143864407191,1,0.0
28,S1,H8,loader,47,348.78213059427225,24.0,0.0,55.64,1,0,24.0,1.0,0.0,0,0.0
29,S1,H3,grapple_skidder,47,778.104169,24.0,0.0,54.92,0,0,24.0,1.0,0.0,0,0.0
29,S1,H4,processor,47,569.826226,24.0,0.0,55.4,0,0,24.0,1.0,0.0,0,0.0
29,S1,H5,processor,47,569.826226,24.0,0.0,55.4,0,0,24.0,1.0,0.0,0,0.0
29,S1,H7,loader,47,451.958924,24.0,0.0,53.24,0,0,24.0,1.0,0.0,0,0.0
29,S1,H8,loader,47,451.958924,24.0,0.0,53.24,0,0,24.0,1.0,0.0,0,0.0
30,S1,H3,grapple_skidder,47,536.4936798214934,24.0,0.0,53.72,1,0,24.0,1.0,0.0,0,0.0
30,S1,H4,processor,47,469.046841,24.0,0.0,54.92,0,0,24.0,1.0,0.0,0,0.0
30,S1,H5,processor,47,469.046841,24.0,0.0,54.92,0,0,24.0,1.0,0.0,0,0.0
30,S1,H7,loader,47,937.184825,24.0,0.0,55.4,0,0,24.0,1.0,0.0,0,0.0
31,S1,H3,grapple_skidder,47,923.199854,24.0,0.0,53.96,0,0,24.0,1.0,0.0,0,0.0
31,S1,H4,processor,47,547.23705,24.0,0.0,53.72,0,0,24.0,1.0,0.0,0,0.0
31,S1,H7,loader,47,474.741639,24.0,0.0,54.92,0,0,24.0,1.0,0.0,0,0.0
31,S1,H8,loader,47,474.741639,24.0,0.0,53.48,0,0,24.0,1.0,0.0,0,0.0
32,S1,H3,grapple_skidder,47,778.104169,24.0,0.0,53.24,0,0,24.0,1.0,0.0,0,0.0
32,S1,H4,processor,47,286.2087203996994,17.35540945233339,6.64459054766661,53.96,0,0,24.0,0.7231420605138913,6.644590547666612,1,0.0
32,S1,H5,processor,47,395.784917,24.0,0.0,53.24,0,0,24.0,1.0,0.0,0,0.0
32,S1,H7,loader,47,485.857474,24.0,0.0,53.72,0,0,24.0,1.0,0.0,0,0.0
33,S1,H3,grapple_skidder,47,339.9365580000001,24.0,0.0,53.48,0,0,24.0,1.0,0.0,0,0.0
33,S1,H4,processor,47,469.046841,24.0,0.0,53.24,0,0,24.0,1.0,0.0,0,0.0
33,S1,H5,processor,47,469.046841,24.0,0.0,53.24,0,0,24.0,1.0,0.0,0,0.0
33,S1,H7,loader,47,456.725789,24.0,0.0,53.96,0,0,24.0,1.0,0.0,0,0.0
34,S1,H3,grapple_skidder,47,0.0,24.0,0.0,53.24,1,0,24.0,1.0,0.0,0,0.0
34,S1,H4,processor,47,410.4425559999998,24.0,0.0,53.48,0,0,24.0,1.0,0.0,0,0.0
34,S1,H7,loader,47,474.741639,24.0,0.0,53.24,0,0,24.0,1.0,0.0,0,0.0
34,S1,H8,loader,47,474.741639,24.0,0.0,0.0,0,0,24.0,1.0,0.0,0,0.0
35,S1,H3,grapple_skidder,47,809.624168,24.0,0.0,53.48,0,0,24.0,1.0,0.0,0,0.0
35,S1,H4,processor,47,488.7881871214938,24.0,0.0,53.24,1,0,24.0,1.0,0.0,0,0.0
35,S1,H5,processor,47,0.0,24.0,0.0,53.72,1,0,24.0,1.0,0.0,0,0.0
35,S1,H7,loader,47,451.958924,24.0,0.0,53.48,0,0,24.0,1.0,0.0,0,0.0
35,S1,H8,loader,47,134.7057859999993,24.0,0.0,53.48,0,0,24.0,1.0,0.0,0,0.0
36,S1,H3,grapple_skidder,47,778.104169,24.0,0.0,53.24,0,0,24.0,1.0,0.0,0,0.0
36,S1,H4,processor,47,409.650504,24.0,0.0,53.48,0,0,24.0,1.0,0.0,0,0.0
36,S1,H5,processor,47,409.650504,24.0,0.0,53.48,0,0,24.0,1.0,0.0,0,0.0
36,S1,H7,loader,47,485.857474,24.0,0.0,53.24,0,0,24.0,1.0,0.0,0,0.0
36,S1,H8,loader,47,64.31028912149372,24.0,0.0,53.24,1,0,24.0,1.0,0.0,0,0.0
37,S1,H3,grapple_skidder,47,1332.369187,24.0,0.0,54.68,0,0,24.0,1.0,0.0,0,0.0
37,S1,H4,processor,47,469.046841,24.0,0.0,53.24,0,0,24.0,1.0,0.0,0,0.0
37,S1,H7,loader,47,424.433991,24.0,0.0,53.48,0,0,24.0,1.0,0.0,0,0.0
37,S1,H8,loader,47,424.433991,24.0,0.0,53.48,0,0,24.0,1.0,0.0,0,0.0
38,S1,H3,grapple_skidder,47,477.4620719999998,24.0,0.0,53.24,0,0,24.0,1.0,0.0,0,0.0
38,S1,H4,processor,47,531.895933,24.0,0.0,54.68,0,0,24.0,1.0,0.0,0,0.0
38,S1,H5,processor,47,531.895933,24.0,0.0,54.92,0,0,24.0,1.0,0.0,0,0.0
38,S1,H6,processor,47,268.577321,24.0,0.0,53.24,1,0,24.0,1.0,0.0,0,0.0
38,S1,H7,loader,47,474.741639,24.0,0.0,53.24,0,0,24.0,1.0,0.0,0,0.0
39,S1,H3,grapple_skidder,47,159.77199800000017,24.0,0.0,53.72,0,0,24.0,1.0,0.0,0,0.0
39,S1,H4,processor,47,569.826226,24.0,0.0,53.24,0,0,24.0,1.0,0.0,0,0.0
39,S1,H5,processor,47,360.77644299999906,24.0,0.0,53.24,0,0,24.0,1.0,0.0,0,0.0
39,S1,H7,loader,47,643.8842442788346,19.258478566707858,4.741521433292142,54.68,0,0,24.0,0.8024366069461607,4.741521433292142,1,0.0
39,S1,H8,loader,47,802.411354,24.0,0.0,54.92,0,0,24.0,1.0,0.0,0,0.0
40,S1,H3,grapple_skidder,47,567.1587449999993,24.0,0.0,53.48,0,0,24.0,1.0,0.0,0,0.0
40,S1,H4,processor,47,164.19408399999952,24.0,0.0,53.72,0,0,24.0,1.0,0.0,0,0.0
40,S1,H7,loader,47,937.184825,24.0,0.0,53.24,0,0,24.0,1.0,0.0,0,0.0
40,S1,H8,loader,47,195.88547099999892,24.0,0.0,53.24,1,0,24.0,1.0,0.0,0,0.0
41,S1,H3,grapple_skidder,47,327.77465209611165,19.47790967910145,4.522090320898549,54.2,0,0,24.0,0.8115795699625604,4.522090320898547,1,0.3
41,S1,H4,processor,47,372.3271531,24.0,0.0,53.48,0,0,24.0,1.0,0.0,0,0.3
41,S1,H5,processor,47,32.046160999999415,24.0,0.0,53.24,0,0,24.0,1.0,0.0,0,0.3
41,S1,H7,loader,47,424.7503221060807,21.18652314111363,2.8134768588863714,53.72,0,0,24.0,0.8827717975464012,2.8134768588863714,1,0.3
41,S1,H8,loader,47,4.99235869999959,24.0,0.0,53.72,0,0,24.0,1.0,0.0,0,0.3
42,S1,H3,grapple_skidder,47,935.6367696,24.0,0.0,53.24,1,0,24.0,1.0,0.0,0,0.0
42,S1,H4,processor,47,327.77465209611165,24.0,0.0,54.2,1,0,24.0,1.0,0.0,0,0.0
42,S1,H5,processor,47,0.0,24.0,0.0,54.2,1,0,24.0,1.0,0.0,0,0.0
42,S1,H7,loader,47,420.6939797211648,24.0,0.0,53.48,1,0,24.0,1.0,0.0,0,0.0
42,S1,H8,loader,47,0.0,24.0,0.0,53.48,1,0,24.0,1.0,0.0,0,0.0
1,S1,H1,feller_buncher,48,1176.844281,24.0,0.0,0.0,0,0,24.0,1.0,0.0,0,0.0
1,S1,H2,feller_buncher,48,1299.478592,24.0,0.0,0.0,0,0,24.0,1.0,0.0,0,0.0
2,S1,H1,feller_buncher,48,1164.04956,24.0,0.0,54.2,0,0,24.0,1.0,0.0,0,0.0
2,S1,H2,feller_buncher,48,1299.478592,24.0,0.0,0.0,0,0,24.0,1.0,0.0,0,0.0
2,S1,H3,grapple_skidder,48,1164.728216,24.0,0.0,0.0,0,0,24.0,1.0,0.0,0,0.0
3,S1,H1,feller_buncher,48,888.796776,24.0,0.0,53.24,0,0,24.0,1.0,0.0,0,0.0
3,S1,H2,feller_buncher,48,1299.478592,24.0,0.0,0.0,0,0,24.0,1.0,0.0,0,0.0
3,S1,H3,grapple_skidder,48,778.104169,24.0,0.0,54.2,0,0,24.0,1.0,0.0,0,0.0
3,S1,H4,processor,48,517.165642,24.0,0.0,0.0,0,0,24.0,1.0,0.0,0,0.0
3,S1,H5,processor,48,517.165642,24.0,0.0,0.0,0,0,24.0,1.0,0.0,0,0.0
4,S1,H1,feller_buncher,48,961.553907,24.0,0.0,53.24,0,0,24.0,1.0,0.0,0,0.0
4,S1,H2,feller_buncher,48,1299.478592,24.0,0.0,0.0,0,0,24.0,1.0,0.0,0,0.0
4,S1,H3,grapple_skidder,48,809.624168,24.0,0.0,53.24,0,0,24.0,1.0,0.0,0,0.0
4,S1,H4,processor,48,235.42122936231073,24.0,0.0,54.2,0,0,24.0,1.0,0.0,0,0.0
4,S1,H7,loader,48,687.364703,24.0,0.0,0.0,0,0,24.0,1.0,0.0,0,0.0
5,S1,H1,feller_buncher,48,356.0085949999998,24.0,0.0,53.24,0,0,24.0,1.0,0.0,0,0.0
5,S1,H2,feller_buncher,48,847.7605148683289,24.0,0.0,55.64,0,0,24.0,1.0,0.0,0,0.0
5,S1,H3,grapple_skidder,48,739.620424,24.0,0.0,53.24,0,0,24.0,1.0,0.0,0,0.0
5,S1,H4,processor,48,409.650504,24.0,0.0,53.24,0,0,24.0,1.0,0.0,0,0.0
6,S1,H1,feller_buncher,48,1220.906942,24.0,0.0,55.4,0,0,24.0,1.0,0.0,0,0.0
6,S1,H2,feller_buncher,48,1164.04956,24.0,0.0,54.92,0,0,24.0,1.0,0.0,0,0.0
6,S1,H3,grapple_skidder,48,678.968019,24.0,0.0,53.24,0,0,24.0,1.0,0.0,0,0.0
6,S1,H4,processor,48,481.329283,24.0,0.0,53.24,0,0,24.0,1.0,0.0,0,0.0
7,S1,H1,feller_buncher,48,1176.844281,24.0,0.0,53.48,0,0,24.0,1.0,0.0,0,0.0
7,S1,H2,feller_buncher,48,1220.906942,24.0,0.0,54.68,0,0,24.0,1.0,0.0,0,0.0
7,S1,H3,grapple_skidder,48,778.104169,24.0,0.0,53.72,0,0,24.0,1.0,0.0,0,0.0
7,S1,H4,processor,48,547.23705,24.0,0.0,53.24,0,0,24.0,1.0,0.0,0,0.0
7,S1,H7,loader,48,451.958924,24.0,0.0,54.68,0,0,24.0,1.0,0.0,0,0.0
8,S1,H1,feller_buncher,48,674.603847,24.0,0.0,53.24,0,0,24.0,1.0,0.0,0,0.0
8,S1,H2,feller_buncher,48,1220.906942,24.0,0.0,0.0,0,0,24.0,1.0,0.0,0,0.0
8,S1,H3,grapple_skidder,48,678.968019,24.0,0.0,53.72,0,0,24.0,1.0,0.0,0,0.0
8,S1,H4,processor,48,469.046841,24.0,0.0,53.72,0,0,24.0,1.0,0.0,0,0.0
8,S1,H5,processor,48,469.046841,24.0,0.0,54.2,0,0,24.0,1.0,0.0,0,0.0
8,S1,H7,loader,48,485.857474,24.0,0.0,53.24,0,0,24.0,1.0,0.0,0,0.0
9,S1,H1,feller_buncher,48,1194.708925,24.0,0.0,53.96,0,0,24.0,1.0,0.0,0,0.0
9,S1,H2,feller_buncher,48,961.553907,24.0,0.0,55.16,0,0,24.0,1.0,0.0,0,0.0
9,S1,H3,grapple_skidder,48,798.2991418294954,24.0,0.0,55.4,0,0,24.0,1.0,0.0,0,0.0
9,S1,H4,processor,48,547.23705,24.0,0.0,53.72,0,0,24.0,1.0,0.0,0,0.0
9,S1,H7,loader,48,474.741639,24.0,0.0,53.72,0,0,24.0,1.0,0.0,0,0.0
9,S1,H8,loader,48,408.18976745998737,20.635549137158574,3.3644508628414265,0.0,0,0,24.0,0.8598145473816072,3.3644508628414256,1,0.0
10,S1,H1,feller_buncher,48,673.0877349,24.0,0.0,55.4,0,0,24.0,1.0,0.0,0,0.3
10,S1,H2,feller_buncher,48,602.0092694,24.0,0.0,53.72,0,0,24.0,1.0,0.0,0,0.3
10,S1,H3,grapple_skidder,48,1036.4489751,24.0,0.0,53.24,0,0,24.0,1.0,0.0,0,0.3
10,S1,H4,processor,48,372.3271531,24.0,0.0,55.4,0,0,24.0,1.0,0.0,0,0.3
10,S1,H5,processor,48,372.3271531,24.0,0.0,54.68,0,0,24.0,1.0,0.0,0,0.3
10,S1,H7,loader,48,340.1002318,24.0,0.0,53.72,0,0,24.0,1.0,0.0,0,0.3
11,S1,H1,feller_buncher,48,860.013242,24.0,0.0,53.72,0,0,24.0,1.0,0.0,0,0.0
11,S1,H2,feller_buncher,48,1220.906942,24.0,0.0,54.44,0,0,24.0,1.0,0.0,0,0.0
11,S1,H3,grapple_skidder,48,1164.728216,24.0,0.0,53.72,0,0,24.0,1.0,0.0,0,0.0
11,S1,H4,processor,48,569.826226,24.0,0.0,53.24,0,0,24.0,1.0,0.0,0,0.0
11,S1,H5,processor,48,466.6227491000001,24.0,0.0,53.24,1,0,24.0,1.0,0.0,0,0.0
11,S1,H7,loader,48,744.6543062,24.0,0.0,55.4,1,0,24.0,1.0,0.0,0,0.0
12,S1,H1,feller_buncher,48,1013.0077249999999,24.0,0.0,54.44,0,0,24.0,1.0,0.0,0,0.0
12,S1,H2,feller_buncher,48,888.796776,24.0,0.0,54.92,0,0,24.0,1.0,0.0,0,0.0
12,S1,H3,grapple_skidder,48,678.968019,24.0,0.0,54.92,0,0,24.0,1.0,0.0,0,0.0
12,S1,H4,processor,48,517.165642,24.0,0.0,53.72,0,0,24.0,1.0,0.0,0,0.0
12,S1,H5,processor,48,517.165642,24.0,0.0,53.72,0,0,24.0,1.0,0.0,0,0.0
12,S1,H7,loader,48,752.612190917941,19.27335153130609,4.726648468693909,53.24,0,0,24.0,0.8030563138044204,4.726648468693908,1,0.0
13,S1,H1,feller_buncher,48,413.7565330000002,24.0,0.0,55.16,0,0,24.0,1.0,0.0,0,0.0
13,S1,H2,feller_buncher,48,680.207863,24.0,0.0,53.96,0,0,24.0,1.0,0.0,0,0.0
13,S1,H3,grapple_skidder,48,1332.369187,24.0,0.0,55.4,0,0,24.0,1.0,0.0,0,0.0
13,S1,H4,processor,48,547.23705,24.0,0.0,54.92,0,0,24.0,1.0,0.0,0,0.0
13,S1,H7,loader,48,687.364703,24.0,0.0,53.72,0,0,24.0,1.0,0.0,0,0.0
13,S1,H8,loader,48,687.364703,24.0,0.0,54.2,0,0,24.0,1.0,0.0,0,0.0
14,S1,H1,feller_buncher,48,1164.04956,24.0,0.0,53.48,0,0,24.0,1.0,0.0,0,0.0
14,S1,H2,feller_buncher,48,1176.844281,24.0,0.0,53.48,0,0,24.0,1.0,0.0,0,0.0
14,S1,H3,grapple_skidder,48,678.968019,24.0,0.0,55.4,0,0,24.0,1.0,0.0,0,0.0
14,S1,H4,processor,48,531.895933,24.0,0.0,55.4,0,0,24.0,1.0,0.0,0,0.0
14,S1,H5,processor,48,531.895933,24.0,0.0,53.48,0,0,24.0,1.0,0.0,0,0.0
14,S1,H6,processor,48,322.22215662949543,24.0,0.0,0.0,1,0,24.0,1.0,0.0,0,0.0
14,S1,H7,loader,48,485.857474,24.0,0.0,54.92,0,0,24.0,1.0,0.0,0,0.0
15,S1,H1,feller_buncher,48,787.363583,24.0,0.0,54.44,0,0,24.0,1.0,0.0,0,0.0
15,S1,H2,feller_buncher,48,1176.844281,24.0,0.0,0.0,0,0,24.0,1.0,0.0,0,0.0
15,S1,H3,grapple_skidder,48,739.620424,24.0,0.0,53.24,0,0,24.0,1.0,0.0,0,0.0
15,S1,H4,processor,48,376.47670195015564,24.0,0.0,55.4,0,0,24.0,1.0,0.0,0,0.0
15,S1,H7,loader,48,802.411354,24.0,0.0,55.4,0,0,24.0,1.0,0.0,0,0.0
15,S1,H8,loader,48,583.6026686294955,24.0,0.0,53.48,1,0,24.0,1.0,0.0,0,0.0
16,S1,H1,feller_buncher,48,1194.708925,24.0,0.0,53.48,0,0,24.0,1.0,0.0,0,0.0
16,S1,H2,feller_buncher,48,111.30773800000088,24.0,0.0,0.0,0,0,24.0,1.0,0.0,0,0.0
16,S1,H3,grapple_skidder,48,674.603847,24.0,0.0,54.44,0,0,24.0,1.0,0.0,0,0.0
16,S1,H4,processor,48,481.329283,24.0,0.0,53.24,0,0,24.0,1.0,0.0,0,0.0
16,S1,H5,processor,48,481.329283,24.0,0.0,55.16,0,0,24.0,1.0,0.0,0,0.0
16,S1,H7,loader,48,283.2499403517361,24.0,0.0,55.4,0,0,24.0,1.0,0.0,0,0.0
17,S1,H1,feller_buncher,48,1194.708925,24.0,0.0,0.0,0,0,24.0,1.0,0.0,0,0.0
17,S1,H2,feller_buncher,48,1164.04956,24.0,0.0,54.2,0,0,24.0,1.0,0.0,0,0.0
17,S1,H3,grapple_skidder,48,1164.728216,24.0,0.0,53.24,0,0,24.0,1.0,0.0,0,0.0
17,S1,H4,processor,48,456.082335,24.0,0.0,54.44,0,0,24.0,1.0,0.0,0,0.0
17,S1,H5,processor,48,218.52151199999997,24.0,0.0,54.44,0,0,24.0,1.0,0.0,0,0.0
17,S1,H7,loader,48,451.958924,24.0,0.0,53.24,0,0,24.0,1.0,0.0,0,0.0
17,S1,H8,loader,48,451.958924,24.0,0.0,55.16,0,0,24.0,1.0,0.0,0,0.0
18,S1,H1,feller_buncher,48,140.55055100000027,24.0,0.0,0.0,0,0,24.0,1.0,0.0,0,0.0
18,S1,H2,feller_buncher,48,1164.04956,24.0,0.0,0.0,0,0,24.0,1.0,0.0,0,0.0
18,S1,H3,grapple_skidder,48,739.620424,24.0,0.0,54.68,0,0,24.0,1.0,0.0,0,0.0
18,S1,H4,processor,48,517.165642,24.0,0.0,53.24,0,0,24.0,1.0,0.0,0,0.0
18,S1,H5,processor,48,517.165642,24.0,0.0,53.24,0,0,24.0,1.0,0.0,0,0.0
18,S1,H7,loader,48,674.603847,24.0,0.0,54.44,0,0,24.0,1.0,0.0,0,0.0
19,S1,H1,feller_buncher,48,502.7667789999996,24.0,0.0,54.92,0,0,24.0,1.0,0.0,0,0.0
19,S1,H2,feller_buncher,48,244.12658287911333,22.87238052958944,1.1276194704105613,53.24,0,0,24.0,0.9530158553995599,1.1276194704105627,1,0.0
19,S1,H3,grapple_skidder,48,1164.728216,24.0,0.0,54.68,0,0,24.0,1.0,0.0,0,0.0
19,S1,H4,processor,48,481.329283,24.0,0.0,54.68,0,0,24.0,1.0,0.0,0,0.0
19,S1,H7,loader,48,687.364703,24.0,0.0,53.24,0,0,24.0,1.0,0.0,0,0.0
20,S1,H1,feller_buncher,48,59.00278800000001,24.0,0.0,53.24,0,0,24.0,1.0,0.0,0,0.0
20,S1,H2,feller_buncher,48,486.3476200000001,24.0,0.0,54.68,0,0,24.0,1.0,0.0,0,0.0
20,S1,H3,grapple_skidder,48,678.968019,24.0,0.0,54.92,0,0,24.0,1.0,0.0,0,0.0
20,S1,H4,processor,48,517.165642,24.0,0.0,54.68,0,0,24.0,1.0,0.0,0,0.0
20,S1,H5,processor,48,517.165642,24.0,0.0,0.0,0,0,24.0,1.0,0.0,0,0.0
20,S1,H6,processor,48,517.165642,24.0,0.0,53.48,0,0,24.0,1.0,0.0,0,0.0
20,S1,H7,loader,48,451.958924,24.0,0.0,54.68,0,0,24.0,1.0,0.0,0,0.0
21,S1,H1,feller_buncher,48,576.960683,24.0,0.0,53.24,0,0,24.0,1.0,0.0,0,0.0
21,S1,H2,feller_buncher,48,364.89843800000006,24.0,0.0,53.72,0,0,24.0,1.0,0.0,0,0.0
21,S1,H3,grapple_skidder,48,1273.711203,24.0,0.0,55.16,0,0,24.0,1.0,0.0,0,0.0
21,S1,H4,processor,48,547.23705,24.0,0.0,54.92,0,0,24.0,1.0,0.0,0,0.0
21,S1,H5,processor,48,547.23705,24.0,0.0,54.92,0,0,24.0,1.0,0.0,0,0.0
21,S1,H7,loader,48,687.364703,24.0,0.0,54.68,0,0,24.0,1.0,0.0,0,0.0
21,S1,H8,loader,48,567.3786657049898,19.8105720551085,4.189427944891499,54.68,0,0,24.0,0.8254405022961876,4.189427944891498,1,0.0
22,S1,H3,grapple_skidder,48,778.104169,24.0,0.0,54.44,0,0,24.0,1.0,0.0,0,0.0
22,S1,H4,processor,48,441.264891,24.0,0.0,55.16,0,0,24.0,1.0,0.0,0,0.0
22,S1,H5,processor,48,441.264891,24.0,0.0,55.16,0,0,24.0,1.0,0.0,0,0.0
22,S1,H6,processor,48,320.0787032795141,19.637662900939095,4.362337099060905,53.24,0,0,24.0,0.8182359542057956,4.362337099060905,1,0.0
22,S1,H7,loader,48,372.5224562055537,18.40156718250523,5.598432817494771,54.92,0,0,24.0,0.7667319659377179,5.59843281749477,1,0.0
22,S1,H8,loader,48,485.857474,24.0,0.0,54.92,0,0,24.0,1.0,0.0,0,0.0
23,S1,H3,grapple_skidder,48,678.968019,24.0,0.0,53.72,0,0,24.0,1.0,0.0,0,0.0
23,S1,H4,processor,48,469.046841,24.0,0.0,54.44,0,0,24.0,1.0,0.0,0,0.0
23,S1,H7,loader,48,733.483855,24.0,0.0,55.16,0,0,24.0,1.0,0.0,0,0.0
23,S1,H8,loader,48,469.1246302795141,24.0,0.0,55.16,1,0,24.0,1.0,0.0,0,0.0
24,S1,H3,grapple_skidder,48,1312.999437814718,21.282659431602983,2.7173405683970167,55.64,0,0,24.0,0.8867774763167909,2.7173405683970167,1,0.0
24,S1,H4,processor,48,547.23705,24.0,0.0,53.72,0,0,24.0,1.0,0.0,0,0.0
24,S1,H7,loader,48,474.741639,24.0,0.0,54.44,0,0,24.0,1.0,0.0,0,0.0
25,S1,H3,grapple_skidder,48,932.6584309,24.0,0.0,53.24,0,0,24.0,1.0,0.0,0,0.3
25,S1,H4,processor,48,398.8783582,24.0,0.0,55.64,0,0,24.0,1.0,0.0,0,0.3
25,S1,H5,processor,48,398.8783582,24.0,0.0,53.48,0,0,24.0,1.0,0.0,0,0.3
25,S1,H6,processor,48,398.8783582,24.0,0.0,53.48,0,0,24.0,1.0,0.0,0,0.3
25,S1,H7,loader,48,340.1002318,24.0,0.0,53.72,0,0,24.0,1.0,0.0,0,0.3
26,S1,H3,grapple_skidder,48,369.6175285044056,18.664503515141124,5.335496484858876,55.4,0,0,24.0,0.7776876464642135,5.335496484858876,1,0.3
26,S1,H4,processor,48,372.3271531,24.0,0.0,53.24,0,0,24.0,1.0,0.0,0,0.3
26,S1,H5,processor,48,372.3271531,24.0,0.0,53.24,0,0,24.0,1.0,0.0,0,0.3
26,S1,H7,loader,48,426.6172994443704,24.0,0.0,55.64,0,0,24.0,1.0,0.0,0,0.3
26,S1,H8,loader,48,426.6172994443704,24.0,0.0,53.48,0,0,24.0,1.0,0.0,0,0.3
27,S1,H3,grapple_skidder,48,739.620424,24.0,0.0,53.24,0,0,24.0,1.0,0.0,0,0.0
27,S1,H4,processor,48,419.6056954957399,18.402512570919235,5.597487429080765,55.4,0,0,24.0,0.7667713571216348,5.597487429080765,1,0.0
27,S1,H7,loader,48,744.6543062,24.0,0.0,53.24,1,0,24.0,1.0,0.0,0,0.0
28,S1,H3,grapple_skidder,48,1480.641393,24.0,0.0,55.4,0,0,24.0,1.0,0.0,0,0.0
28,S1,H4,processor,48,481.329283,24.0,0.0,53.24,0,0,24.0,1.0,0.0,0,0.0
28,S1,H5,processor,48,481.329283,24.0,0.0,55.16,0,0,24.0,1.0,0.0,0,0.0
28,S1,H7,loader,48,485.857474,24.0,0.0,55.4,0,0,24.0,1.0,0.0,0,0.0
28,S1,H8,loader,48,485.857474,24.0,0.0,55.64,0,0,24.0,1.0,0.0,0,0.0
29,S1,H3,grapple_skidder,48,778.104169,24.0,0.0,54.92,0,0,24.0,1.0,0.0,0,0.0
29,S1,H4,processor,48,569.826226,24.0,0.0,55.4,0,0,24.0,1.0,0.0,0,0.0
29,S1,H5,processor,48,569.826226,24.0,0.0,55.4,0,0,24.0,1.0,0.0,0,0.0
29,S1,H7,loader,48,451.958924,24.0,0.0,53.24,0,0,24.0,1.0,0.0,0,0.0
29,S1,H8,loader,48,451.958924,24.0,0.0,53.24,0,0,24.0,1.0,0.0,0,0.0
30,S1,H3,grapple_skidder,48,678.968019,24.0,0.0,53.72,0,0,24.0,1.0,0.0,0,0.0
30,S1,H4,processor,48,469.046841,24.0,0.0,54.92,0,0,24.0,1.0,0.0,0,0.0
30,S1,H5,processor,48,469.046841,24.0,0.0,54.92,0,0,24.0,1.0,0.0,0,0.0
30,S1,H7,loader,48,562.7721801083838,24.0,0.0,55.4,0,0,24.0,1.0,0.0,0,0.0
31,S1,H3,grapple_skidder,48,923.199854,24.0,0.0,53.96,0,0,24.0,1.0,0.0,0,0.0
31,S1,H4,processor,48,547.23705,24.0,0.0,53.72,0,0,24.0,1.0,0.0,0,0.0
31,S1,H7,loader,48,474.741639,24.0,0.0,54.92,0,0,24.0,1.0,0.0,0,0.0
31,S1,H8,loader,48,474.741639,24.0,0.0,53.48,0,0,24.0,1.0,0.0,0,0.0
32,S1,H3,grapple_skidder,48,778.104169,24.0,0.0,53.24,0,0,24.0,1.0,0.0,0,0.0
32,S1,H4,processor,48,395.784917,24.0,0.0,53.96,0,0,24.0,1.0,0.0,0,0.0
32,S1,H5,processor,48,313.3585594358096,19.001748433125435,4.998251566874565,53.24,0,0,24.0,0.7917395180468931,4.998251566874564,1,0.0
32,S1,H7,loader,48,485.857474,24.0,0.0,53.72,0,0,24.0,1.0,0.0,0,0.0
33,S1,H3,grapple_skidder,48,51.47038590000034,24.0,0.0,53.48,1,0,24.0,1.0,0.0,0,0.0
33,S1,H4,processor,48,361.0449106904128,18.473800693542906,5.5261993064570945,53.24,0,0,24.0,0.7697416955642877,5.526199306457096,1,0.0
33,S1,H5,processor,48,469.046841,24.0,0.0,53.24,0,0,24.0,1.0,0.0,0,0.0
33,S1,H7,loader,48,456.725789,24.0,0.0,53.96,0,0,24.0,1.0,0.0,0,0.0
34,S1,H3,grapple_skidder,48,122.17881099999954,24.0,0.0,53.24,0,0,24.0,1.0,0.0,0,0.0
34,S1,H4,processor,48,121.97638390000003,24.0,0.0,53.48,1,0,24.0,1.0,0.0,0,0.0
34,S1,H7,loader,48,381.8099994932698,19.301951282681724,4.698048717318276,53.24,0,0,24.0,0.8042479701117385,4.698048717318275,1,0.0
34,S1,H8,loader,48,474.741639,24.0,0.0,0.0,0,0,24.0,1.0,0.0,0,0.0
35,S1,H3,grapple_skidder,48,566.7369176,24.0,0.0,53.48,0,0,24.0,1.0,0.0,0,0.3
35,S1,H4,processor,48,383.06593499999997,24.0,0.0,53.24,0,0,24.0,1.0,0.0,0,0.3
35,S1,H5,processor,48,57.08672410000015,24.0,0.0,53.72,0,0,24.0,1.0,0.0,0,0.3
35,S1,H7,loader,48,251.86591532597745,19.10660981035606,4.893390189643942,53.48,0,0,24.0,0.7961087420981691,4.893390189643941,1,0.3
35,S1,H8,loader,48,46.33262257402217,24.0,0.0,53.48,1,0,24.0,1.0,0.0,0,0.3
36,S1,H3,grapple_skidder,48,778.104169,24.0,0.0,53.24,0,0,24.0,1.0,0.0,0,0.0
36,S1,H4,processor,48,409.650504,24.0,0.0,53.48,0,0,24.0,1.0,0.0,0,0.0
36,S1,H5,processor,48,409.650504,24.0,0.0,53.48,0,0,24.0,1.0,0.0,0,0.0
36,S1,H7,loader,48,485.857474,24.0,0.0,53.24,0,0,24.0,1.0,0.0,0,0.0
36,S1,H8,loader,48,209.49074899999937,24.0,0.0,53.24,0,0,24.0,1.0,0.0,0,0.0
37,S1,H3,grapple_skidder,48,869.0013802082162,24.0,0.0,54.68,0,0,24.0,1.0,0.0,0,0.0
37,S1,H4,processor,48,469.046841,24.0,0.0,53.24,0,0,24.0,1.0,0.0,0,0.0
37,S1,H7,loader,48,424.433991,24.0,0.0,53.48,0,0,24.0,1.0,0.0,0,0.0
37,S1,H8,loader,48,424.433991,24.0,0.0,53.48,0,0,24.0,1.0,0.0,0,0.0
38,S1,H3,grapple_skidder,48,477.4620719999998,24.0,0.0,53.24,0,0,24.0,1.0,0.0,0,0.0
38,S1,H4,processor,48,352.5673760501462,24.0,0.0,54.68,0,0,24.0,1.0,0.0,0,0.0
38,S1,H5,processor,48,352.5673760501462,24.0,0.0,54.92,0,0,24.0,1.0,0.0,0,0.0
38,S1,H6,processor,48,351.87075280792374,24.0,0.0,53.24,1,0,24.0,1.0,0.0,0,0.0
38,S1,H7,loader,48,474.741639,24.0,0.0,53.24,0,0,24.0,1.0,0.0,0,0.0
39,S1,H3,grapple_skidder,48,159.77199800000017,24.0,0.0,53.72,0,0,24.0,1.0,0.0,0,0.0
39,S1,H4,processor,48,569.826226,24.0,0.0,53.24,0,0,24.0,1.0,0.0,0,0.0
39,S1,H5,processor,48,360.77644299999906,24.0,0.0,53.24,0,0,24.0,1.0,0.0,0,0.0
39,S1,H7,loader,48,802.411354,24.0,0.0,54.68,0,0,24.0,1.0,0.0,0,0.0
39,S1,H8,loader,48,254.5941509082162,24.0,0.0,54.92,1,0,24.0,1.0,0.0,0,0.0
40,S1,H3,grapple_skidder,48,567.1587449999993,24.0,0.0,53.48,0,0,24.0,1.0,0.0,0,0.0
40,S1,H4,processor,48,164.19408399999952,24.0,0.0,53.72,0,0,24.0,1.0,0.0,0,0.0
40,S1,H7,loader,48,937.184825,24.0,0.0,53.24,0,0,24.0,1.0,0.0,0,0.0
40,S1,H8,loader,48,200.38554897745547,20.599714642618125,3.4002853573818754,53.24,0,0,24.0,0.8583214434424219,3.4002853573818768,1,0.0
41,S1,H3,grapple_skidder,48,576.960683,24.0,0.0,54.2,0,0,24.0,1.0,0.0,0,0.0
41,S1,H4,processor,48,531.895933,24.0,0.0,53.48,0,0,24.0,1.0,0.0,0,0.0
41,S1,H5,processor,48,35.26281199999926,24.0,0.0,53.24,1,0,24.0,1.0,0.0,0,0.0
41,S1,H7,loader,48,687.364703,24.0,0.0,53.72,0,0,24.0,1.0,0.0,0,0.0
41,S1,H8,loader,48,7.131940999999415,24.0,0.0,53.72,0,0,24.0,1.0,0.0,0,0.0
42,S1,H3,grapple_skidder,48,1045.106301,24.0,0.0,53.24,0,0,24.0,1.0,0.0,0,0.0
42,S1,H4,processor,48,428.751305,24.0,0.0,54.2,0,0,24.0,1.0,0.0,0,0.0
42,S1,H5,processor,48,148.20937800000002,24.0,0.0,54.2,0,0,24.0,1.0,0.0,0,0.0
42,S1,H7,loader,48,567.1587449999993,24.0,0.0,53.48,1,0,24.0,1.0,0.0,0,0.0
42,S1,H8,loader,48,0.0,24.0,0.0,53.48,1,0,24.0,1.0,0.0,0,0.0
1,S1,H1,feller_buncher,49,1176.844281,24.0,0.0,0.0,0,0,24.0,1.0,0.0,0,0.0
1,S1,H2,feller_buncher,49,1299.478592,24.0,0.0,0.0,0,0,24.0,1.0,0.0,0,0.0
2,S1,H1,feller_buncher,49,1164.04956,24.0,0.0,54.2,0,0,24.0,1.0,0.0,0,0.0
2,S1,H2,feller_buncher,49,1299.478592,24.0,0.0,0.0,0,0,24.0,1.0,0.0,0,0.0
2,S1,H3,grapple_skidder,49,1164.728216,24.0,0.0,0.0,0,0,24.0,1.0,0.0,0,0.0
3,S1,H1,feller_buncher,49,680.7762994125227,24.0,0.0,53.24,0,0,24.0,1.0,0.0,0,0.0
3,S1,H2,feller_buncher,49,1299.478592,24.0,0.0,0.0,0,0,24.0,1.0,0.0,0,0.0
3,S1,H3,grapple_skidder,49,778.104169,24.0,0.0,54.2,0,0,24.0,1.0,0.0,0,0.0
3,S1,H4,processor,49,517.165642,24.0,0.0,0.0,0,0,24.0,1.0,0.0,0,0.0
3,S1,H5,processor,49,517.165642,24.0,0.0,0.0,0,0,24.0,1.0,0.0,0,0.0
4,S1,H1,feller_buncher,49,602.162691021863,21.471056201420488,2.528943798579512,53.24,0,0,24.0,0.8946273417258537,2.5289437985795136,1,0.3
4,S1,H2,feller_buncher,49,909.6350143999999,24.0,0.0,0.0,0,0,24.0,1.0,0.0,0,0.3
4,S1,H3,grapple_skidder,49,566.7369176,24.0,0.0,53.24,0,0,24.0,1.0,0.0,0,0.3
4,S1,H4,processor,49,328.3327887,24.0,0.0,54.2,0,0,24.0,1.0,0.0,0,0.3
4,S1,H7,loader,49,481.15529209999994,24.0,0.0,0.0,0,0,24.0,1.0,0.0,0,0.3
5,S1,H1,feller_buncher,49,356.0085949999998,24.0,0.0,53.24,0,0,24.0,1.0,0.0,0,0.0
5,S1,H2,feller_buncher,49,1194.708925,24.0,0.0,55.64,0,0,24.0,1.0,0.0,0,0.0
5,S1,H3,grapple_skidder,49,602.162691021863,24.0,0.0,53.24,1,0,24.0,1.0,0.0,0,0.0
5,S1,H4,processor,49,409.650504,24.0,0.0,53.24,0,0,24.0,1.0,0.0,0,0.0
6,S1,H1,feller_buncher,49,1220.906942,24.0,0.0,55.4,0,0,24.0,1.0,0.0,0,0.0
6,S1,H2,feller_buncher,49,1164.04956,24.0,0.0,54.92,0,0,24.0,1.0,0.0,0,0.0
6,S1,H3,grapple_skidder,49,678.968019,24.0,0.0,53.24,0,0,24.0,1.0,0.0,0,0.0
6,S1,H4,processor,49,481.329283,24.0,0.0,53.24,0,0,24.0,1.0,0.0,0,0.0
7,S1,H1,feller_buncher,49,1176.844281,24.0,0.0,53.48,0,0,24.0,1.0,0.0,0,0.0
7,S1,H2,feller_buncher,49,1220.906942,24.0,0.0,54.68,0,0,24.0,1.0,0.0,0,0.0
7,S1,H3,grapple_skidder,49,778.104169,24.0,0.0,53.72,0,0,24.0,1.0,0.0,0,0.0
7,S1,H4,processor,49,547.23705,24.0,0.0,53.24,0,0,24.0,1.0,0.0,0,0.0
7,S1,H7,loader,49,451.958924,24.0,0.0,54.68,0,0,24.0,1.0,0.0,0,0.0
8,S1,H1,feller_buncher,49,674.603847,24.0,0.0,53.24,0,0,24.0,1.0,0.0,0,0.0
8,S1,H2,feller_buncher,49,1220.906942,24.0,0.0,0.0,0,0,24.0,1.0,0.0,0,0.0
8,S1,H3,grapple_skidder,49,678.968019,24.0,0.0,53.72,0,0,24.0,1.0,0.0,0,0.0
8,S1,H4,processor,49,469.046841,24.0,0.0,53.72,0,0,24.0,1.0,0.0,0,0.0
8,S1,H5,processor,49,469.046841,24.0,0.0,54.2,0,0,24.0,1.0,0.0,0,0.0
8,S1,H7,loader,49,485.857474,24.0,0.0,53.24,0,0,24.0,1.0,0.0,0,0.0
9,S1,H1,feller_buncher,49,1194.708925,24.0,0.0,53.96,0,0,24.0,1.0,0.0,0,0.0
9,S1,H2,feller_buncher,49,961.553907,24.0,0.0,55.16,0,0,24.0,1.0,0.0,0,0.0
9,S1,H3,grapple_skidder,49,1332.369187,24.0,0.0,55.4,0,0,24.0,1.0,0.0,0,0.0
9,S1,H4,processor,49,547.23705,24.0,0.0,53.72,0,0,24.0,1.0,0.0,0,0.0
9,S1,H7,loader,49,474.741639,24.0,0.0,53.72,0,0,24.0,1.0,0.0,0,0.0
9,S1,H8,loader,49,474.741639,24.0,0.0,0.0,0,0,24.0,1.0,0.0,0,0.0
10,S1,H1,feller_buncher,49,824.5210463515119,20.57971473921356,3.4202852607864394,55.4,0,0,24.0,0.8574881141338984,3.4202852607864407,1,0.0
10,S1,H2,feller_buncher,49,860.013242,24.0,0.0,53.72,0,0,24.0,1.0,0.0,0,0.0
10,S1,H3,grapple_skidder,49,1480.641393,24.0,0.0,53.24,0,0,24.0,1.0,0.0,0,0.0
10,S1,H4,processor,49,431.69267693439633,19.47866791909746,4.521332080902539,55.4,0,0,24.0,0.8116111632957276,4.52133208090254,1,0.0
10,S1,H5,processor,49,531.895933,24.0,0.0,54.68,0,0,24.0,1.0,0.0,0,0.0
10,S1,H7,loader,49,485.857474,24.0,0.0,53.72,0,0,24.0,1.0,0.0,0,0.0
11,S1,H1,feller_buncher,49,860.013242,24.0,0.0,53.72,0,0,24.0,1.0,0.0,0,0.0
11,S1,H2,feller_buncher,49,1220.906942,24.0,0.0,54.44,0,0,24.0,1.0,0.0,0,0.0
11,S1,H3,grapple_skidder,49,1164.728216,24.0,0.0,53.72,0,0,24.0,1.0,0.0,0,0.0
11,S1,H4,processor,49,569.826226,24.0,0.0,53.24,0,0,24.0,1.0,0.0,0,0.0
11,S1,H5,processor,49,569.826226,24.0,0.0,53.24,0,0,24.0,1.0,0.0,0,0.0
11,S1,H7,loader,49,802.411354,24.0,0.0,55.4,0,0,24.0,1.0,0.0,0,0.0
12,S1,H1,feller_buncher,49,1013.0077249999999,24.0,0.0,54.44,0,0,24.0,1.0,0.0,0,0.0
12,S1,H2,feller_buncher,49,888.796776,24.0,0.0,54.92,0,0,24.0,1.0,0.0,0,0.0
12,S1,H3,grapple_skidder,49,678.968019,24.0,0.0,54.92,0,0,24.0,1.0,0.0,0,0.0
12,S1,H4,processor,49,517.165642,24.0,0.0,53.72,0,0,24.0,1.0,0.0,0,0.0
12,S1,H5,processor,49,517.165642,24.0,0.0,53.72,0,0,24.0,1.0,0.0,0,0.0
12,S1,H7,loader,49,937.184825,24.0,0.0,53.24,0,0,24.0,1.0,0.0,0,0.0
13,S1,H1,feller_buncher,49,289.62957310000013,24.0,0.0,55.16,0,0,24.0,1.0,0.0,0,0.3
13,S1,H2,feller_buncher,49,476.1455040999999,24.0,0.0,53.96,0,0,24.0,1.0,0.0,0,0.3
13,S1,H3,grapple_skidder,49,932.6584309,24.0,0.0,55.4,0,0,24.0,1.0,0.0,0,0.3
13,S1,H4,processor,49,383.06593499999997,24.0,0.0,54.92,0,0,24.0,1.0,0.0,0,0.3
13,S1,H7,loader,49,481.15529209999994,24.0,0.0,53.72,0,0,24.0,1.0,0.0,0,0.3
13,S1,H8,loader,49,481.15529209999994,24.0,0.0,54.2,0,0,24.0,1.0,0.0,0,0.3
14,S1,H1,feller_buncher,49,1164.04956,24.0,0.0,53.48,0,0,24.0,1.0,0.0,0,0.0
14,S1,H2,feller_buncher,49,886.8098900782081,18.08517720270673,5.914822797293269,53.48,0,0,24.0,0.7535490501127805,5.914822797293267,1,0.0
14,S1,H3,grapple_skidder,49,678.968019,24.0,0.0,55.4,0,0,24.0,1.0,0.0,0,0.0
14,S1,H4,processor,49,531.895933,24.0,0.0,55.4,0,0,24.0,1.0,0.0,0,0.0
14,S1,H5,processor,49,531.895933,24.0,0.0,53.48,0,0,24.0,1.0,0.0,0,0.0
14,S1,H6,processor,49,237.64714196560362,24.0,0.0,0.0,1,0,24.0,1.0,0.0,0,0.0
14,S1,H7,loader,49,485.857474,24.0,0.0,54.92,0,0,24.0,1.0,0.0,0,0.0
15,S1,H1,feller_buncher,49,787.363583,24.0,0.0,54.44,0,0,24.0,1.0,0.0,0,0.0
15,S1,H2,feller_buncher,49,1176.844281,24.0,0.0,0.0,0,0,24.0,1.0,0.0,0,0.0
15,S1,H3,grapple_skidder,49,597.572376762435,19.39067199461009,4.609328005389909,53.24,0,0,24.0,0.8079446664420872,4.609328005389908,1,0.0
15,S1,H4,processor,49,547.23705,24.0,0.0,55.4,0,0,24.0,1.0,0.0,0,0.0
15,S1,H7,loader,49,802.411354,24.0,0.0,55.4,0,0,24.0,1.0,0.0,0,0.0
15,S1,H8,loader,49,660.2049099,24.0,0.0,53.48,1,0,24.0,1.0,0.0,0,0.0
16,S1,H1,feller_buncher,49,1194.708925,24.0,0.0,53.48,0,0,24.0,1.0,0.0,0,0.0
16,S1,H2,feller_buncher,49,111.30773800000088,24.0,0.0,0.0,0,0,24.0,1.0,0.0,0,0.0
16,S1,H3,grapple_skidder,49,674.603847,24.0,0.0,54.44,0,0,24.0,1.0,0.0,0,0.0
16,S1,H4,processor,49,481.329283,24.0,0.0,53.24,0,0,24.0,1.0,0.0,0,0.0
16,S1,H5,processor,49,237.07650178429805,24.0,0.0,55.16,1,0,24.0,1.0,0.0,0,0.0
16,S1,H7,loader,49,485.857474,24.0,0.0,55.4,0,0,24.0,1.0,0.0,0,0.0
17,S1,H1,feller_buncher,49,1194.708925,24.0,0.0,0.0,0,0,24.0,1.0,0.0,0,0.0
17,S1,H2,feller_buncher,49,1164.04956,24.0,0.0,54.2,0,0,24.0,1.0,0.0,0,0.0
17,S1,H3,grapple_skidder,49,1164.728216,24.0,0.0,53.24,0,0,24.0,1.0,0.0,0,0.0
17,S1,H4,processor,49,456.082335,24.0,0.0,54.44,0,0,24.0,1.0,0.0,0,0.0
17,S1,H5,processor,49,200.97417199016982,22.072793125118395,1.9272068748816054,54.44,0,0,24.0,0.9196997135465997,1.9272068748816067,1,0.0
17,S1,H7,loader,49,451.958924,24.0,0.0,53.24,0,0,24.0,1.0,0.0,0,0.0
17,S1,H8,loader,49,295.817219784298,19.978287837648224,4.0217121623517755,55.16,1,0,24.0,0.8324286599020093,4.021712162351777,1,0.0
18,S1,H1,feller_buncher,49,140.55055100000027,24.0,0.0,0.0,0,0,24.0,1.0,0.0,0,0.0
18,S1,H2,feller_buncher,49,1164.04956,24.0,0.0,0.0,0,0,24.0,1.0,0.0,0,0.0
18,S1,H3,grapple_skidder,49,739.620424,24.0,0.0,54.68,0,0,24.0,1.0,0.0,0,0.0
18,S1,H4,processor,49,517.165642,24.0,0.0,53.24,0,0,24.0,1.0,0.0,0,0.0
18,S1,H5,processor,49,517.165642,24.0,0.0,53.24,0,0,24.0,1.0,0.0,0,0.0
18,S1,H7,loader,49,657.0565069901699,24.0,0.0,54.44,1,0,24.0,1.0,0.0,0,0.0
19,S1,H1,feller_buncher,49,502.7667789999996,24.0,0.0,54.92,0,0,24.0,1.0,0.0,0,0.0
19,S1,H2,feller_buncher,49,256.1621419999998,24.0,0.0,53.24,0,0,24.0,1.0,0.0,0,0.0
19,S1,H3,grapple_skidder,49,1034.4658230782088,24.0,0.0,54.68,1,0,24.0,1.0,0.0,0,0.0
19,S1,H4,processor,49,481.329283,24.0,0.0,54.68,0,0,24.0,1.0,0.0,0,0.0
19,S1,H7,loader,49,687.364703,24.0,0.0,53.24,0,0,24.0,1.0,0.0,0,0.0
20,S1,H1,feller_buncher,49,59.00278800000001,24.0,0.0,53.24,0,0,24.0,1.0,0.0,0,0.0
20,S1,H2,feller_buncher,49,486.3476200000001,24.0,0.0,54.68,0,0,24.0,1.0,0.0,0,0.0
20,S1,H3,grapple_skidder,49,678.968019,24.0,0.0,54.92,0,0,24.0,1.0,0.0,0,0.0
20,S1,H4,processor,49,517.165642,24.0,0.0,54.68,0,0,24.0,1.0,0.0,0,0.0
20,S1,H5,processor,49,517.165642,24.0,0.0,0.0,0,0,24.0,1.0,0.0,0,0.0
20,S1,H6,processor,49,391.32533507820835,24.0,0.0,53.48,1,0,24.0,1.0,0.0,0,0.0
20,S1,H7,loader,49,451.958924,24.0,0.0,54.68,0,0,24.0,1.0,0.0,0,0.0
21,S1,H1,feller_buncher,49,576.960683,24.0,0.0,53.24,0,0,24.0,1.0,0.0,0,0.0
21,S1,H2,feller_buncher,49,364.89843800000006,24.0,0.0,53.72,0,0,24.0,1.0,0.0,0,0.0
21,S1,H3,grapple_skidder,49,1273.711203,24.0,0.0,55.16,0,0,24.0,1.0,0.0,0,0.0
21,S1,H4,processor,49,547.23705,24.0,0.0,54.92,0,0,24.0,1.0,0.0,0,0.0
21,S1,H5,processor,49,547.23705,24.0,0.0,54.92,0,0,24.0,1.0,0.0,0,0.0
21,S1,H7,loader,49,687.364703,24.0,0.0,54.68,0,0,24.0,1.0,0.0,0,0.0
21,S1,H8,loader,49,687.364703,24.0,0.0,54.68,0,0,24.0,1.0,0.0,0,0.0
22,S1,H3,grapple_skidder,49,544.6729182999999,24.0,0.0,54.44,0,0,24.0,1.0,0.0,0,0.3
22,S1,H4,processor,49,308.8854237,24.0,0.0,55.16,0,0,24.0,1.0,0.0,0,0.3
22,S1,H5,processor,49,308.8854237,24.0,0.0,55.16,0,0,24.0,1.0,0.0,0,0.3
22,S1,H6,processor,49,273.8269947,24.0,0.0,53.24,0,0,24.0,1.0,0.0,0,0.3
22,S1,H7,loader,49,340.1002318,24.0,0.0,54.92,0,0,24.0,1.0,0.0,0,0.3
22,S1,H8,loader,49,340.1002318,24.0,0.0,54.92,0,0,24.0,1.0,0.0,0,0.3
23,S1,H3,grapple_skidder,49,678.968019,24.0,0.0,53.72,0,0,24.0,1.0,0.0,0,0.0
23,S1,H4,processor,49,469.046841,24.0,0.0,54.44,0,0,24.0,1.0,0.0,0,0.0
23,S1,H7,loader,49,733.483855,24.0,0.0,55.16,0,0,24.0,1.0,0.0,0,0.0
23,S1,H8,loader,49,158.11398710000003,24.0,0.0,55.16,1,0,24.0,1.0,0.0,0,0.0
24,S1,H3,grapple_skidder,49,1480.641393,24.0,0.0,55.64,0,0,24.0,1.0,0.0,0,0.0
24,S1,H4,processor,49,547.23705,24.0,0.0,53.72,0,0,24.0,1.0,0.0,0,0.0
24,S1,H7,loader,49,474.741639,24.0,0.0,54.44,0,0,24.0,1.0,0.0,0,0.0
25,S1,H3,grapple_skidder,49,1332.369187,24.0,0.0,53.24,0,0,24.0,1.0,0.0,0,0.0
25,S1,H4,processor,49,569.826226,24.0,0.0,55.64,0,0,24.0,1.0,0.0,0,0.0
25,S1,H5,processor,49,569.826226,24.0,0.0,53.48,0,0,24.0,1.0,0.0,0,0.0
25,S1,H6,processor,49,569.826226,24.0,0.0,53.48,0,0,24.0,1.0,0.0,0,0.0
25,S1,H7,loader,49,485.857474,24.0,0.0,53.72,0,0,24.0,1.0,0.0,0,0.0
26,S1,H3,grapple_skidder,49,468.6855622350613,24.0,0.0,55.4,0,0,24.0,1.0,0.0,0,0.0
26,S1,H4,processor,49,531.895933,24.0,0.0,53.24,0,0,24.0,1.0,0.0,0,0.0
26,S1,H5,processor,49,531.895933,24.0,0.0,53.24,0,0,24.0,1.0,0.0,0,0.0
26,S1,H7,loader,49,937.184825,24.0,0.0,55.64,0,0,24.0,1.0,0.0,0,0.0
26,S1,H8,loader,49,937.184825,24.0,0.0,53.48,0,0,24.0,1.0,0.0,0,0.0
27,S1,H3,grapple_skidder,49,738.5117256890769,24.0,0.0,53.24,1,0,24.0,1.0,0.0,0,0.0
27,S1,H4,processor,49,547.23705,24.0,0.0,55.4,0,0,24.0,1.0,0.0,0,0.0
27,S1,H7,loader,49,802.411354,24.0,0.0,53.24,0,0,24.0,1.0,0.0,0,0.0
28,S1,H3,grapple_skidder,49,1480.641393,24.0,0.0,55.4,0,0,24.0,1.0,0.0,0,0.0
28,S1,H4,processor,49,481.329283,24.0,0.0,53.24,0,0,24.0,1.0,0.0,0,0.0
28,S1,H5,processor,49,481.329283,24.0,0.0,55.16,0,0,24.0,1.0,0.0,0,0.0
28,S1,H7,loader,49,485.857474,24.0,0.0,55.4,0,0,24.0,1.0,0.0,0,0.0
28,S1,H8,loader,49,485.857474,24.0,0.0,55.64,0,0,24.0,1.0,0.0,0,0.0
29,S1,H3,grapple_skidder,49,778.104169,24.0,0.0,54.92,0,0,24.0,1.0,0.0,0,0.0
29,S1,H4,processor,49,569.826226,24.0,0.0,55.4,0,0,24.0,1.0,0.0,0,0.0
29,S1,H5,processor,49,569.826226,24.0,0.0,55.4,0,0,24.0,1.0,0.0,0,0.0
29,S1,H7,loader,49,451.958924,24.0,0.0,53.24,0,0,24.0,1.0,0.0,0,0.0
29,S1,H8,loader,49,451.958924,24.0,0.0,53.24,0,0,24.0,1.0,0.0,0,0.0
30,S1,H3,grapple_skidder,49,621.5857091649395,24.0,0.0,53.72,1,0,24.0,1.0,0.0,0,0.0
30,S1,H4,processor,49,469.046841,24.0,0.0,54.92,0,0,24.0,1.0,0.0,0,0.0
30,S1,H5,processor,49,469.046841,24.0,0.0,54.92,0,0,24.0,1.0,0.0,0,0.0
30,S1,H7,loader,49,937.184825,24.0,0.0,55.4,0,0,24.0,1.0,0.0,0,0.0
31,S1,H3,grapple_skidder,49,923.199854,24.0,0.0,53.96,0,0,24.0,1.0,0.0,0,0.0
31,S1,H4,processor,49,547.23705,24.0,0.0,53.72,0,0,24.0,1.0,0.0,0,0.0
31,S1,H7,loader,49,474.741639,24.0,0.0,54.92,0,0,24.0,1.0,0.0,0,0.0
31,S1,H8,loader,49,474.741639,24.0,0.0,53.48,0,0,24.0,1.0,0.0,0,0.0
32,S1,H3,grapple_skidder,49,778.104169,24.0,0.0,53.24,0,0,24.0,1.0,0.0,0,0.0
32,S1,H4,processor,49,395.784917,24.0,0.0,53.96,0,0,24.0,1.0,0.0,0,0.0
32,S1,H5,processor,49,395.784917,24.0,0.0,53.24,0,0,24.0,1.0,0.0,0,0.0
32,S1,H7,loader,49,485.857474,24.0,0.0,53.72,0,0,24.0,1.0,0.0,0,0.0
33,S1,H3,grapple_skidder,49,0.0,24.0,0.0,53.48,1,0,24.0,1.0,0.0,0,0.0
33,S1,H4,processor,49,469.046841,24.0,0.0,53.24,0,0,24.0,1.0,0.0,0,0.0
33,S1,H5,processor,49,469.046841,24.0,0.0,53.24,0,0,24.0,1.0,0.0,0,0.0
33,S1,H7,loader,49,456.725789,24.0,0.0,53.96,0,0,24.0,1.0,0.0,0,0.0
34,S1,H3,grapple_skidder,49,0.0,24.0,0.0,53.24,1,0,24.0,1.0,0.0,0,0.0
34,S1,H4,processor,49,34.14430068907683,24.0,0.0,53.48,1,0,24.0,1.0,0.0,0,0.0
34,S1,H7,loader,49,474.741639,24.0,0.0,53.24,0,0,24.0,1.0,0.0,0,0.0
34,S1,H8,loader,49,474.741639,24.0,0.0,0.0,0,0,24.0,1.0,0.0,0,0.0
35,S1,H3,grapple_skidder,49,809.624168,24.0,0.0,53.48,0,0,24.0,1.0,0.0,0,0.0
35,S1,H4,processor,49,403.1170504000014,24.0,0.0,53.24,1,0,24.0,1.0,0.0,0,0.0
35,S1,H5,processor,49,0.0,24.0,0.0,53.72,1,0,24.0,1.0,0.0,0,0.0
35,S1,H7,loader,49,122.25537768907662,24.0,0.0,53.48,1,0,24.0,1.0,0.0,0,0.0
35,S1,H8,loader,49,0.0,24.0,0.0,53.48,1,0,24.0,1.0,0.0,0,0.0
36,S1,H3,grapple_skidder,49,418.6828604491972,24.0,0.0,53.24,0,0,24.0,1.0,0.0,0,0.0
36,S1,H4,processor,49,409.650504,24.0,0.0,53.48,0,0,24.0,1.0,0.0,0,0.0
36,S1,H5,processor,49,409.650504,24.0,0.0,53.48,0,0,24.0,1.0,0.0,0,0.0
36,S1,H7,loader,49,485.857474,24.0,0.0,53.24,0,0,24.0,1.0,0.0,0,0.0
36,S1,H8,loader,49,111.16165580000063,24.0,0.0,53.24,1,0,24.0,1.0,0.0,0,0.0
37,S1,H3,grapple_skidder,49,1332.369187,24.0,0.0,54.68,0,0,24.0,1.0,0.0,0,0.0
37,S1,H4,processor,49,240.62046477664367,19.87736040533635,4.122639594663649,53.24,0,0,24.0,0.8282233502223479,4.1226395946636485,1,0.0
37,S1,H7,loader,49,245.54764382453024,18.23992065262412,5.7600793473758785,53.48,0,0,24.0,0.7599966938593384,5.7600793473758785,1,0.0
37,S1,H8,loader,49,323.0904105353604,24.0,0.0,53.48,0,0,24.0,1.0,0.0,0,0.0
38,S1,H3,grapple_skidder,49,477.4620719999998,24.0,0.0,53.24,0,0,24.0,1.0,0.0,0,0.0
38,S1,H4,processor,49,531.895933,24.0,0.0,54.68,0,0,24.0,1.0,0.0,0,0.0
38,S1,H5,processor,49,531.895933,24.0,0.0,54.92,0,0,24.0,1.0,0.0,0,0.0
38,S1,H6,processor,49,531.895933,24.0,0.0,53.24,0,0,24.0,1.0,0.0,0,0.0
38,S1,H7,loader,49,474.741639,24.0,0.0,53.24,0,0,24.0,1.0,0.0,0,0.0
39,S1,H3,grapple_skidder,49,0.0,24.0,0.0,53.72,1,0,24.0,1.0,0.0,0,0.0
39,S1,H4,processor,49,569.826226,24.0,0.0,53.24,0,0,24.0,1.0,0.0,0,0.0
39,S1,H5,processor,49,360.77644299999906,24.0,0.0,53.24,0,0,24.0,1.0,0.0,0,0.0
39,S1,H7,loader,49,802.411354,24.0,0.0,54.68,0,0,24.0,1.0,0.0,0,0.0
39,S1,H8,loader,49,643.3582189397275,19.24274522984063,4.757254770159371,54.92,0,0,24.0,0.8017810512433595,4.757254770159372,1,0.0
40,S1,H3,grapple_skidder,49,497.8674583666591,21.06785640905499,2.93214359094501,53.48,0,0,24.0,0.8778273503772912,2.932143590945011,1,0.0
40,S1,H4,processor,49,0.0,24.0,0.0,53.72,1,0,24.0,1.0,0.0,0,0.0
40,S1,H7,loader,49,937.184825,24.0,0.0,53.24,0,0,24.0,1.0,0.0,0,0.0
40,S1,H8,loader,49,233.46212599999876,24.0,0.0,53.24,0,0,24.0,1.0,0.0,0,0.0
41,S1,H3,grapple_skidder,49,576.960683,24.0,0.0,54.2,0,0,24.0,1.0,0.0,0,0.0
41,S1,H4,processor,49,503.12616736665905,24.0,0.0,53.48,1,0,24.0,1.0,0.0,0,0.0
41,S1,H5,processor,49,0.0,24.0,0.0,53.24,1,0,24.0,1.0,0.0,0,0.0
41,S1,H7,loader,49,687.364703,24.0,0.0,53.72,0,0,24.0,1.0,0.0,0,0.0
41,S1,H8,loader,49,7.131940999999415,24.0,0.0,53.72,0,0,24.0,1.0,0.0,0,0.0
42,S1,H3,grapple_skidder,49,710.360701892991,24.0,0.0,53.24,0,0,24.0,1.0,0.0,0,0.0
42,S1,H4,processor,49,428.751305,24.0,0.0,54.2,0,0,24.0,1.0,0.0,0,0.0
42,S1,H5,processor,49,148.20937800000002,24.0,0.0,54.2,0,0,24.0,1.0,0.0,0,0.0
42,S1,H7,loader,49,802.411354,24.0,0.0,53.48,0,0,24.0,1.0,0.0,0,0.0
42,S1,H8,loader,49,112.01355142693171,24.0,0.0,53.48,1,0,24.0,1.0,0.0,0,0.0
