day,sample_id,production_units,total_hours,idle_hours,mobilisation_cost,completed_blocks,blackout_conflicts,sequencing_violations,available_hours,utilisation_ratio,downtime_hours,downtime_events,weather_severity_total
1,0,0.0,0.0,16.0,0.0,0,0,0,16.0,0.0,0.0,0,0.0
2,0,0.0,0.0,16.0,0.0,0,0,0,16.0,0.0,0.0,0,0.0
3,0,0.0,0.0,16.0,0.0,0,0,0,16.0,0.0,0.0,0,0.0
4,0,0.0,0.0,16.0,0.0,0,0,0,16.0,0.0,0.0,0,0.0
5,0,0.0,0.0,16.0,0.0,0,0,0,16.0,0.0,0.0,0,0.0
6,0,0.0,0.0,16.0,0.0,0,0,0,16.0,0.0,0.0,0,0.0
7,0,0.0,0.0,16.0,0.0,0,0,0,16.0,0.0,0.0,0,0.0
8,0,0.0,0.0,16.0,0.0,0,0,0,16.0,0.0,0.0,0,0.0
9,0,0.0,0.0,16.0,0.0,0,0,0,16.0,0.0,0.0,0,0.0
10,0,0.0,0.0,16.0,0.0,0,0,0,16.0,0.0,0.0,0,0.0
11,0,0.0,0.0,8.0,0.0,0,0,0,8.0,0.0,0.0,0,0.0
12,0,8.319,8.0,8.0,0.0,0,0,0,16.0,0.5,0.0,0,0.0
13,0,0.0,0.0,16.0,0.0,0,0,0,16.0,0.0,0.0,0,0.0
14,0,0.0,0.0,16.0,0.0,0,0,0,16.0,0.0,0.0,0,0.0
15,0,0.0,0.0,16.0,0.0,0,0,0,16.0,0.0,0.0,0,0.0
16,0,0.0,0.0,16.0,0.0,0,0,0,16.0,0.0,0.0,0,0.0
17,0,0.0,0.0,8.0,0.0,0,0,0,8.0,0.0,0.0,0,0.0
18,0,0.0,0.0,16.0,0.0,0,0,0,16.0,0.0,0.0,0,0.0
19,0,0.0,0.0,16.0,0.0,0,0,0,16.0,0.0,0.0,0,0.0
20,0,0.0,0.0,8.0,0.0,0,0,0,8.0,0.0,0.0,0,0.0
21,0,0.0,0.0,8.0,0.0,0,0,0,8.0,0.0,0.0,0,0.0
22,0,0.0,0.0,16.0,0.0,0,0,0,16.0,0.0,0.0,0,0.0
23,0,0.0,0.0,16.0,0.0,0,0,0,16.0,0.0,0.0,0,0.0
24,0,0.0,0.0,16.0,0.0,0,0,0,16.0,0.0,0.0,0,0.0
25,0,0.0,0.0,16.0,0.0,0,0,0,16.0,0.0,0.0,0,0.0
26,0,0.0,0.0,16.0,0.0,0,0,0,16.0,0.0,0.0,0,0.0
27,0,0.0,0.0,16.0,0.0,0,0,0,16.0,0.0,0.0,0,0.0
28,0,0.0,0.0,16.0,0.0,0,0,0,16.0,0.0,0.0,0,0.0
29,0,0.0,0.0,16.0,0.0,0,0,0,16.0,0.0,0.0,0,0.0
30,0,0.0,0.0,16.0,0.0,0,0,0,16.0,0.0,0.0,0,0.0
31,0,0.0,0.0,16.0,0.0,0,0,0,16.0,0.0,0.0,0,0.0
32,0,0.0,0.0,16.0,0.0,0,0,0,16.0,0.0,0.0,0,0.0
33,0,0.0,0.0,16.0,0.0,0,0,0,16.0,0.0,0.0,0,0.0
34,0,0.0,0.0,16.0,0.0,0,0,0,16.0,0.0,0.0,0,0.0
35,0,0.0,0.0,8.0,0.0,0,0,0,8.0,0.0,0.0,0,0.0
36,0,0.0,0.0,16.0,0.0,0,0,0,16.0,0.0,0.0,0,0.0
37,0,23.544,16.0,0.0,0.0,0,0,0,16.0,1.0,0.0,0,0.0
38,0,23.544,16.0,0.0,0.0,0,0,0,16.0,1.0,0.0,0,0.0
39,0,23.544,16.0,0.0,0.0,0,0,0,16.0,1.0,0.0,0,0.0
40,0,23.544,16.0,0.0,0.0,0,0,0,16.0,1.0,0.0,0,0.0
41,0,23.544,16.0,0.0,0.0,0,0,0,16.0,1.0,0.0,0,0.0
42,0,23.544,16.0,0.0,0.0,0,0,0,16.0,1.0,0.0,0,0.0
43,0,16.4808,16.0,0.0,0.0,0,0,0,16.0,1.0,0.0,0,0.6
44,0,4.615524639016062,8.0,0.0,0.0,0,0,0,8.0,1.0,0.0,0,0.0
45,0,16.4808,16.0,0.0,0.0,0,0,0,16.0,1.0,0.0,0,0.6
46,0,23.544,16.0,0.0,0.0,0,0,0,16.0,1.0,0.0,0,0.0
47,0,23.544,16.0,0.0,0.0,0,0,0,16.0,1.0,0.0,0,0.0
48,0,16.4808,16.0,0.0,0.0,0,0,0,16.0,1.0,0.0,0,0.6
49,0,15.820599243871202,10.077146659410431,5.922853340589569,0.0,0,0,0,16.0,0.6298216662131519,5.922853340589569,1,0.0
50,0,23.544,16.0,0.0,0.0,0,0,0,16.0,1.0,0.0,0,0.0
51,0,23.544,16.0,0.0,0.0,0,0,0,16.0,1.0,0.0,0,0.0
52,0,23.544,16.0,0.0,0.0,0,0,0,16.0,1.0,0.0,0,0.0
53,0,13.112,8.0,0.0,0.0,0,0,0,8.0,1.0,0.0,0,0.0
54,0,23.544,16.0,0.0,0.0,0,0,0,16.0,1.0,0.0,0,0.0
55,0,16.4808,16.0,0.0,0.0,0,0,0,16.0,1.0,0.0,0,0.6
56,0,23.544,16.0,0.0,0.0,0,0,0,16.0,1.0,0.0,0,0.0
57,0,13.9272,16.0,0.0,0.0,0,0,0,16.0,1.0,0.0,0,0.6
58,0,19.896,16.0,0.0,0.0,0,0,0,16.0,1.0,0.0,0,0.0
59,0,9.948,8.0,0.0,0.0,0,0,0,8.0,1.0,0.0,0,0.0
60,0,9.948,8.0,0.0,0.0,0,0,0,8.0,1.0,0.0,0,0.0
61,0,7.016332856855764,5.6424068008490265,10.357593199150973,0.0,0,0,0,16.0,0.35265042505306415,10.357593199150974,2,0.0
62,0,23.544,16.0,0.0,0.0,0,0,0,16.0,1.0,0.0,0,0.0
63,0,6.419932198389264,3.916981207070936,4.083018792929064,0.0,0,0,0,8.0,0.489622650883867,4.083018792929064,1,0.0
64,0,23.544,16.0,0.0,0.0,0,0,0,16.0,1.0,0.0,0,0.0
65,0,13.112,8.0,0.0,0.0,0,0,0,8.0,1.0,0.0,0,0.0
66,0,7.0904876613161925,8.0,0.0,0.0,0,0,0,8.0,1.0,0.0,0,0.0
67,0,23.544,16.0,0.0,0.0,0,0,0,16.0,1.0,0.0,0,0.0
68,0,23.544,16.0,0.0,0.0,0,0,0,16.0,1.0,0.0,0,0.0
69,0,23.544,16.0,0.0,0.0,0,0,0,16.0,1.0,0.0,0,0.0
70,0,21.13734362909279,14.154404623537417,1.8455953764625832,0.0,0,0,0,16.0,0.8846502889710885,1.8455953764625836,1,0.0
71,0,10.432,8.0,0.0,0.0,0,0,0,8.0,1.0,0.0,0,0.0
72,0,23.544,16.0,0.0,0.0,0,0,0,16.0,1.0,0.0,0,0.0
73,0,16.4808,16.0,0.0,0.0,0,0,0,16.0,1.0,0.0,0,0.6
74,0,13.112,8.0,0.0,0.0,0,0,0,8.0,1.0,0.0,0,0.0
75,0,10.432,8.0,0.0,0.0,0,0,0,8.0,1.0,0.0,0,0.0
77,0,23.544,16.0,0.0,0.0,0,0,0,16.0,1.0,0.0,0,0.0
78,0,23.544,16.0,0.0,0.0,0,0,0,16.0,1.0,0.0,0,0.0
79,0,23.544,16.0,0.0,0.0,0,0,0,16.0,1.0,0.0,0,0.0
80,0,18.79308452257569,13.10133283866729,2.8986671613327104,0.0,0,0,0,16.0,0.8188333024167056,2.8986671613327104,1,0.0
81,0,23.544,16.0,0.0,0.0,0,0,0,16.0,1.0,0.0,0,0.0
82,0,6.1015020125500365,8.0,0.0,0.0,0,0,0,8.0,1.0,0.0,0,0.0
83,0,23.544,16.0,0.0,0.0,0,0,0,16.0,1.0,0.0,0,0.0
84,0,23.544,16.0,0.0,0.0,0,0,0,16.0,1.0,0.0,0,0.0
85,0,23.544,16.0,0.0,0.0,0,0,0,16.0,1.0,0.0,0,0.0
86,0,23.544,16.0,0.0,0.0,0,0,0,16.0,1.0,0.0,0,0.0
87,0,23.544,16.0,0.0,0.0,0,0,0,16.0,1.0,0.0,0,0.0
88,0,23.544,16.0,0.0,0.0,0,0,0,16.0,1.0,0.0,0,0.0
89,0,20.623735049630454,13.760533013520288,2.2394669864797123,0.0,0,0,0,16.0,0.860033313345018,2.2394669864797128,1,0.0
90,0,13.112,8.0,0.0,0.0,0,0,0,8.0,1.0,0.0,0,0.0
91,0,23.544,16.0,0.0,0.0,0,0,0,16.0,1.0,0.0,0,0.0
92,0,9.1784,8.0,0.0,0.0,0,0,0,8.0,1.0,0.0,0,0.3
93,0,10.432,8.0,0.0,0.0,0,0,0,8.0,1.0,0.0,0,0.0
94,0,23.544,16.0,0.0,0.0,0,0,0,16.0,1.0,0.0,0,0.0
95,0,23.544,16.0,0.0,0.0,0,0,0,16.0,1.0,0.0,0,0.0
96,0,23.544,16.0,0.0,0.0,0,0,0,16.0,1.0,0.0,0,0.0
97,0,23.544,16.0,0.0,0.0,0,0,0,16.0,1.0,0.0,0,0.0
98,0,23.544,16.0,0.0,0.0,0,0,0,16.0,1.0,0.0,0,0.0
99,0,23.544,16.0,0.0,0.0,0,0,0,16.0,1.0,0.0,0,0.0
100,0,0.0,0.0,16.0,0.0,0,0,0,16.0,0.0,0.0,0,0.0
101,0,16.598,16.0,0.0,0.0,0,0,0,16.0,1.0,0.0,0,0.0
102,0,8.299,8.0,0.0,0.0,0,0,0,8.0,1.0,0.0,0,0.0
103,0,16.598,16.0,0.0,0.0,0,0,0,16.0,1.0,0.0,0,0.0
104,0,16.598,16.0,0.0,0.0,0,0,0,16.0,1.0,0.0,0,0.0
105,0,11.618599999999999,16.0,0.0,0.0,0,0,0,16.0,1.0,0.0,0,0.6
106,0,11.618599999999999,16.0,0.0,0.0,0,0,0,16.0,1.0,0.0,0,0.6
107,0,0.0,0.0,16.0,0.0,0,0,0,16.0,0.0,0.0,0,0.0
108,0,0.0,0.0,16.0,0.0,0,0,0,16.0,0.0,0.0,0,0.0
109,0,0.0,0.0,16.0,0.0,0,0,0,16.0,0.0,0.0,0,0.0
110,0,0.0,0.0,16.0,0.0,0,0,0,16.0,0.0,0.0,0,0.0
111,0,0.0,0.0,16.0,0.0,0,0,0,16.0,0.0,0.0,0,0.0
112,0,0.0,0.0,16.0,0.0,0,0,0,16.0,0.0,0.0,0,0.0
1,1,0.0,0.0,16.0,0.0,0,0,0,16.0,0.0,0.0,0,0.0
2,1,0.0,0.0,16.0,0.0,0,0,0,16.0,0.0,0.0,0,0.0
3,1,0.0,0.0,16.0,0.0,0,0,0,16.0,0.0,0.0,0,0.0
4,1,0.0,0.0,16.0,0.0,0,0,0,16.0,0.0,0.0,0,0.0
5,1,0.0,0.0,16.0,0.0,0,0,0,16.0,0.0,0.0,0,0.0
6,1,0.0,0.0,16.0,0.0,0,0,0,16.0,0.0,0.0,0,0.0
7,1,0.0,0.0,16.0,0.0,0,0,0,16.0,0.0,0.0,0,0.0
8,1,0.0,0.0,16.0,0.0,0,0,0,16.0,0.0,0.0,0,0.0
9,1,0.0,0.0,16.0,0.0,0,0,0,16.0,0.0,0.0,0,0.0
10,1,0.0,0.0,16.0,0.0,0,0,0,16.0,0.0,0.0,0,0.0
11,1,0.0,0.0,8.0,0.0,0,0,0,8.0,0.0,0.0,0,0.0
12,1,5.823300000000001,8.0,8.0,0.0,0,0,0,16.0,0.5,0.0,0,0.3
13,1,0.0,0.0,16.0,0.0,0,0,0,16.0,0.0,0.0,0,0.0
14,1,0.0,0.0,16.0,0.0,0,0,0,16.0,0.0,0.0,0,0.0
15,1,0.0,0.0,16.0,0.0,0,0,0,16.0,0.0,0.0,0,0.0
16,1,0.0,0.0,16.0,0.0,0,0,0,16.0,0.0,0.0,0,0.0
17,1,0.0,0.0,8.0,0.0,0,0,0,8.0,0.0,0.0,0,0.0
18,1,0.0,0.0,16.0,0.0,0,0,0,16.0,0.0,0.0,0,0.0
19,1,0.0,0.0,16.0,0.0,0,0,0,16.0,0.0,0.0,0,0.0
20,1,0.0,0.0,8.0,0.0,0,0,0,8.0,0.0,0.0,0,0.0
21,1,0.0,0.0,8.0,0.0,0,0,0,8.0,0.0,0.0,0,0.0
22,1,0.0,0.0,16.0,0.0,0,0,0,16.0,0.0,0.0,0,0.0
23,1,0.0,0.0,16.0,0.0,0,0,0,16.0,0.0,0.0,0,0.0
24,1,0.0,0.0,16.0,0.0,0,0,0,16.0,0.0,0.0,0,0.0
25,1,0.0,0.0,16.0,0.0,0,0,0,16.0,0.0,0.0,0,0.0
26,1,0.0,0.0,16.0,0.0,0,0,0,16.0,0.0,0.0,0,0.0
27,1,0.0,0.0,16.0,0.0,0,0,0,16.0,0.0,0.0,0,0.0
28,1,0.0,0.0,16.0,0.0,0,0,0,16.0,0.0,0.0,0,0.0
29,1,0.0,0.0,16.0,0.0,0,0,0,16.0,0.0,0.0,0,0.0
30,1,0.0,0.0,16.0,0.0,0,0,0,16.0,0.0,0.0,0,0.0
31,1,0.0,0.0,16.0,0.0,0,0,0,16.0,0.0,0.0,0,0.0
32,1,0.0,0.0,16.0,0.0,0,0,0,16.0,0.0,0.0,0,0.0
33,1,0.0,0.0,16.0,0.0,0,0,0,16.0,0.0,0.0,0,0.0
34,1,0.0,0.0,16.0,0.0,0,0,0,16.0,0.0,0.0,0,0.0
35,1,0.0,0.0,8.0,0.0,0,0,0,8.0,0.0,0.0,0,0.0
36,1,0.0,0.0,16.0,0.0,0,0,0,16.0,0.0,0.0,0,0.0
37,1,23.544,16.0,0.0,0.0,0,0,0,16.0,1.0,0.0,0,0.0
38,1,23.544,16.0,0.0,0.0,0,0,0,16.0,1.0,0.0,0,0.0
39,1,23.544,16.0,0.0,0.0,0,0,0,16.0,1.0,0.0,0,0.0
40,1,23.544,16.0,0.0,0.0,0,0,0,16.0,1.0,0.0,0,0.0
41,1,23.544,16.0,0.0,0.0,0,0,0,16.0,1.0,0.0,0,0.0
42,1,23.544,16.0,0.0,0.0,0,0,0,16.0,1.0,0.0,0,0.0
43,1,23.544,16.0,0.0,0.0,0,0,0,16.0,1.0,0.0,0,0.0
44,1,10.432,8.0,0.0,0.0,0,0,0,8.0,1.0,0.0,0,0.0
45,1,23.544,16.0,0.0,0.0,0,0,0,16.0,1.0,0.0,0,0.0
46,1,23.544,16.0,0.0,0.0,0,0,0,16.0,1.0,0.0,0,0.0
47,1,23.544,16.0,0.0,0.0,0,0,0,16.0,1.0,0.0,0,0.0
48,1,23.544,16.0,0.0,0.0,0,0,0,16.0,1.0,0.0,0,0.0
49,1,23.544,16.0,0.0,0.0,0,0,0,16.0,1.0,0.0,0,0.0
50,1,16.4808,16.0,0.0,0.0,0,0,0,16.0,1.0,0.0,0,0.6
51,1,23.544,16.0,0.0,0.0,0,0,0,16.0,1.0,0.0,0,0.0
52,1,23.544,16.0,0.0,0.0,0,0,0,16.0,1.0,0.0,0,0.0
53,1,13.112,8.0,0.0,0.0,0,0,0,8.0,1.0,0.0,0,0.0
54,1,16.4808,16.0,0.0,0.0,0,0,0,16.0,1.0,0.0,0,0.6
55,1,23.544,16.0,0.0,0.0,0,0,0,16.0,1.0,0.0,0,0.0
56,1,23.544,16.0,0.0,0.0,0,0,0,16.0,1.0,0.0,0,0.0
57,1,19.896,16.0,0.0,0.0,0,0,0,16.0,1.0,0.0,0,0.0
58,1,19.896,16.0,0.0,0.0,0,0,0,16.0,1.0,0.0,0,0.0
59,1,9.948,8.0,0.0,0.0,0,0,0,8.0,1.0,0.0,0,0.0
60,1,9.948,8.0,0.0,0.0,0,0,0,8.0,1.0,0.0,0,0.0
61,1,13.9272,16.0,0.0,0.0,0,0,0,16.0,1.0,0.0,0,0.6
62,1,23.544,16.0,0.0,0.0,0,0,0,16.0,1.0,0.0,0,0.0
63,1,8.147545576102013,8.0,0.0,0.0,0,0,0,8.0,1.0,0.0,0,0.0
64,1,15.875071534921254,11.32097104022041,4.67902895977959,0.0,0,0,0,16.0,0.7075606900137756,4.67902895977959,1,0.0
65,1,13.112,8.0,0.0,0.0,0,0,0,8.0,1.0,0.0,0,0.0
66,1,9.739877654763754,5.942573309800948,2.057426690199052,0.0,0,0,0,8.0,0.7428216637251185,2.057426690199052,1,0.0
67,1,23.544,16.0,0.0,0.0,0,0,0,16.0,1.0,0.0,0,0.0
68,1,23.544,16.0,0.0,0.0,0,0,0,16.0,1.0,0.0,0,0.0
69,1,23.544,16.0,0.0,0.0,0,0,0,16.0,1.0,0.0,0,0.0
70,1,23.544,16.0,0.0,0.0,0,0,0,16.0,1.0,0.0,0,0.0
71,1,10.432,8.0,0.0,0.0,0,0,0,8.0,1.0,0.0,0,0.0
72,1,23.544,16.0,0.0,0.0,0,0,0,16.0,1.0,0.0,0,0.0
73,1,23.544,16.0,0.0,0.0,0,0,0,16.0,1.0,0.0,0,0.0
74,1,13.112,8.0,0.0,0.0,0,0,0,8.0,1.0,0.0,0,0.0
75,1,10.432,8.0,0.0,0.0,0,0,0,8.0,1.0,0.0,0,0.0
77,1,23.544,16.0,0.0,0.0,0,0,0,16.0,1.0,0.0,0,0.0
78,1,23.544,16.0,0.0,0.0,0,0,0,16.0,1.0,0.0,0,0.0
79,1,16.4808,16.0,0.0,0.0,0,0,0,16.0,1.0,0.0,0,0.6
80,1,23.544,16.0,0.0,0.0,0,0,0,16.0,1.0,0.0,0,0.0
81,1,23.544,16.0,0.0,0.0,0,0,0,16.0,1.0,0.0,0,0.0
82,1,6.38203245992378,8.0,0.0,0.0,0,0,0,8.0,1.0,0.0,0,0.0
83,1,23.544,16.0,0.0,0.0,0,0,0,16.0,1.0,0.0,0,0.0
84,1,23.544,16.0,0.0,0.0,0,0,0,16.0,1.0,0.0,0,0.0
85,1,16.4808,16.0,0.0,0.0,0,0,0,16.0,1.0,0.0,0,0.6
86,1,23.544,16.0,0.0,0.0,0,0,0,16.0,1.0,0.0,0,0.0
87,1,16.4808,16.0,0.0,0.0,0,0,0,16.0,1.0,0.0,0,0.6
88,1,23.544,16.0,0.0,0.0,0,0,0,16.0,1.0,0.0,0,0.0
89,1,23.544,16.0,0.0,0.0,0,0,0,16.0,1.0,0.0,0,0.0
90,1,4.371713261822439,2.667305223808688,5.332694776191312,0.0,0,0,0,8.0,0.333413152976086,5.332694776191312,1,0.0
91,1,23.544,16.0,0.0,0.0,0,0,0,16.0,1.0,0.0,0,0.0
92,1,13.112,8.0,0.0,0.0,0,0,0,8.0,1.0,0.0,0,0.0
93,1,10.432,8.0,0.0,0.0,0,0,0,8.0,1.0,0.0,0,0.0
94,1,16.4808,16.0,0.0,0.0,0,0,0,16.0,1.0,0.0,0,0.6
95,1,19.119646453000303,12.607090838190416,3.392909161809584,0.0,0,0,0,16.0,0.787943177386901,3.3929091618095835,1,0.0
96,1,23.544,16.0,0.0,0.0,0,0,0,16.0,1.0,0.0,0,0.0
97,1,23.544,16.0,0.0,0.0,0,0,0,16.0,1.0,0.0,0,0.0
98,1,23.544,16.0,0.0,0.0,0,0,0,16.0,1.0,0.0,0,0.0
99,1,23.544,16.0,0.0,0.0,0,0,0,16.0,1.0,0.0,0,0.0
100,1,0.0,0.0,16.0,0.0,0,0,0,16.0,0.0,0.0,0,0.0
101,1,16.598,16.0,0.0,0.0,0,0,0,16.0,1.0,0.0,0,0.0
102,1,8.299,8.0,0.0,0.0,0,0,0,8.0,1.0,0.0,0,0.0
103,1,7.433015187201015,13.889207004582145,2.110792995417855,0.0,0,0,0,16.0,0.8680754377863841,2.110792995417855,1,0.0
104,1,16.598,16.0,0.0,0.0,0,0,0,16.0,1.0,0.0,0,0.0
105,1,16.598,16.0,0.0,0.0,0,0,0,16.0,1.0,0.0,0,0.0
106,1,16.598,16.0,0.0,0.0,0,0,0,16.0,1.0,0.0,0,0.0
107,1,0.0,0.0,16.0,0.0,0,0,0,16.0,0.0,0.0,0,0.0
108,1,0.0,0.0,16.0,0.0,0,0,0,16.0,0.0,0.0,0,0.0
109,1,0.0,0.0,16.0,0.0,0,0,0,16.0,0.0,0.0,0,0.0
110,1,0.0,0.0,16.0,0.0,0,0,0,16.0,0.0,0.0,0,0.0
111,1,0.0,0.0,16.0,0.0,0,0,0,16.0,0.0,0.0,0,0.0
112,1,0.0,0.0,16.0,0.0,0,0,0,16.0,0.0,0.0,0,0.0
1,2,0.0,0.0,16.0,0.0,0,0,0,16.0,0.0,0.0,0,0.0
2,2,0.0,0.0,16.0,0.0,0,0,0,16.0,0.0,0.0,0,0.0
3,2,0.0,0.0,16.0,0.0,0,0,0,16.0,0.0,0.0,0,0.0
4,2,0.0,0.0,16.0,0.0,0,0,0,16.0,0.0,0.0,0,0.0
5,2,0.0,0.0,16.0,0.0,0,0,0,16.0,0.0,0.0,0,0.0
6,2,0.0,0.0,16.0,0.0,0,0,0,16.0,0.0,0.0,0,0.0
7,2,0.0,0.0,16.0,0.0,0,0,0,16.0,0.0,0.0,0,0.0
8,2,0.0,0.0,16.0,0.0,0,0,0,16.0,0.0,0.0,0,0.0
9,2,0.0,0.0,16.0,0.0,0,0,0,16.0,0.0,0.0,0,0.0
10,2,0.0,0.0,16.0,0.0,0,0,0,16.0,0.0,0.0,0,0.0
11,2,0.0,0.0,8.0,0.0,0,0,0,8.0,0.0,0.0,0,0.0
12,2,8.319,8.0,8.0,0.0,0,0,0,16.0,0.5,0.0,0,0.0
13,2,0.0,0.0,16.0,0.0,0,0,0,16.0,0.0,0.0,0,0.0
14,2,0.0,0.0,16.0,0.0,0,0,0,16.0,0.0,0.0,0,0.0
15,2,0.0,0.0,16.0,0.0,0,0,0,16.0,0.0,0.0,0,0.0
16,2,0.0,0.0,16.0,0.0,0,0,0,16.0,0.0,0.0,0,0.0
17,2,0.0,0.0,8.0,0.0,0,0,0,8.0,0.0,0.0,0,0.0
18,2,0.0,0.0,16.0,0.0,0,0,0,16.0,0.0,0.0,0,0.0
19,2,0.0,0.0,16.0,0.0,0,0,0,16.0,0.0,0.0,0,0.0
20,2,0.0,0.0,8.0,0.0,0,0,0,8.0,0.0,0.0,0,0.0
21,2,0.0,0.0,8.0,0.0,0,0,0,8.0,0.0,0.0,0,0.0
22,2,0.0,0.0,16.0,0.0,0,0,0,16.0,0.0,0.0,0,0.0
23,2,0.0,0.0,16.0,0.0,0,0,0,16.0,0.0,0.0,0,0.0
24,2,0.0,0.0,16.0,0.0,0,0,0,16.0,0.0,0.0,0,0.0
25,2,0.0,0.0,16.0,0.0,0,0,0,16.0,0.0,0.0,0,0.0
26,2,0.0,0.0,16.0,0.0,0,0,0,16.0,0.0,0.0,0,0.0
27,2,0.0,0.0,16.0,0.0,0,0,0,16.0,0.0,0.0,0,0.0
28,2,0.0,0.0,16.0,0.0,0,0,0,16.0,0.0,0.0,0,0.0
29,2,0.0,0.0,16.0,0.0,0,0,0,16.0,0.0,0.0,0,0.0
30,2,0.0,0.0,16.0,0.0,0,0,0,16.0,0.0,0.0,0,0.0
31,2,0.0,0.0,16.0,0.0,0,0,0,16.0,0.0,0.0,0,0.0
32,2,0.0,0.0,16.0,0.0,0,0,0,16.0,0.0,0.0,0,0.0
33,2,0.0,0.0,16.0,0.0,0,0,0,16.0,0.0,0.0,0,0.0
34,2,0.0,0.0,16.0,0.0,0,0,0,16.0,0.0,0.0,0,0.0
35,2,0.0,0.0,8.0,0.0,0,0,0,8.0,0.0,0.0,0,0.0
36,2,0.0,0.0,16.0,0.0,0,0,0,16.0,0.0,0.0,0,0.0
37,2,23.544,16.0,0.0,0.0,0,0,0,16.0,1.0,0.0,0,0.0
38,2,23.544,16.0,0.0,0.0,0,0,0,16.0,1.0,0.0,0,0.0
39,2,23.544,16.0,0.0,0.0,0,0,0,16.0,1.0,0.0,0,0.0
40,2,23.544,16.0,0.0,0.0,0,0,0,16.0,1.0,0.0,0,0.0
41,2,23.544,16.0,0.0,0.0,0,0,0,16.0,1.0,0.0,0,0.0
42,2,23.544,16.0,0.0,0.0,0,0,0,16.0,1.0,0.0,0,0.0
43,2,23.544,16.0,0.0,0.0,0,0,0,16.0,1.0,0.0,0,0.0
44,2,10.432,8.0,0.0,0.0,0,0,0,8.0,1.0,0.0,0,0.0
45,2,17.734531451307735,11.544886082291207,4.455113917708793,0.0,0,0,0,16.0,0.7215553801432004,4.455113917708793,1,0.0
46,2,23.544,16.0,0.0,0.0,0,0,0,16.0,1.0,0.0,0,0.0
47,2,14.509044214112189,13.83988191730082,2.1601180826991797,0.0,0,0,0,16.0,0.8649926198313013,2.1601180826991797,1,0.6
48,2,17.572628307670584,11.42072722980873,4.57927277019127,0.0,0,0,0,16.0,0.7137954518630456,4.579272770191269,1,0.0
49,2,23.544,16.0,0.0,0.0,0,0,0,16.0,1.0,0.0,0,0.0
50,2,23.544,16.0,0.0,0.0,0,0,0,16.0,1.0,0.0,0,0.0
51,2,23.544,16.0,0.0,0.0,0,0,0,16.0,1.0,0.0,0,0.0
52,2,23.544,16.0,0.0,0.0,0,0,0,16.0,1.0,0.0,0,0.0
53,2,13.112,8.0,0.0,0.0,0,0,0,8.0,1.0,0.0,0,0.0
54,2,23.544,16.0,0.0,0.0,0,0,0,16.0,1.0,0.0,0,0.0
55,2,23.544,16.0,0.0,0.0,0,0,0,16.0,1.0,0.0,0,0.0
56,2,23.544,16.0,0.0,0.0,0,0,0,16.0,1.0,0.0,0,0.0
57,2,19.896,16.0,0.0,0.0,0,0,0,16.0,1.0,0.0,0,0.0
58,2,19.896,16.0,0.0,0.0,0,0,0,16.0,1.0,0.0,0,0.0
59,2,9.948,8.0,0.0,0.0,0,0,0,8.0,1.0,0.0,0,0.0
60,2,9.948,8.0,0.0,0.0,0,0,0,8.0,1.0,0.0,0,0.0
61,2,19.896,16.0,0.0,0.0,0,0,0,16.0,1.0,0.0,0,0.0
62,2,15.354332470156052,9.719580115150347,6.280419884849653,0.0,0,0,0,16.0,0.6074737571968967,6.280419884849653,1,0.0
63,2,13.112,8.0,0.0,0.0,0,0,0,8.0,1.0,0.0,0,0.0
64,2,23.544,16.0,0.0,0.0,0,0,0,16.0,1.0,0.0,0,0.0
65,2,13.112,8.0,0.0,0.0,0,0,0,8.0,1.0,0.0,0,0.0
66,2,13.112,8.0,0.0,0.0,0,0,0,8.0,1.0,0.0,0,0.0
67,2,13.519108538963776,9.883531750435495,6.116468249564505,0.0,0,0,0,16.0,0.6177207344022184,6.116468249564505,1,0.0
68,2,15.518773269344837,11.103583446824183,4.896416553175817,0.0,0,0,0,16.0,0.6939739654265115,4.896416553175817,1,0.0
69,2,23.544,16.0,0.0,0.0,0,0,0,16.0,1.0,0.0,0,0.0
70,2,23.544,16.0,0.0,0.0,0,0,0,16.0,1.0,0.0,0,0.0
71,2,10.432,8.0,0.0,0.0,0,0,0,8.0,1.0,0.0,0,0.0
72,2,23.544,16.0,0.0,0.0,0,0,0,16.0,1.0,0.0,0,0.0
73,2,13.92998716382786,10.134220356209799,5.8657796437902014,0.0,0,0,0,16.0,0.6333887722631124,5.8657796437902014,1,0.0
74,2,13.112,8.0,0.0,0.0,0,0,0,8.0,1.0,0.0,0,0.0
75,2,10.432,8.0,0.0,0.0,0,0,0,8.0,1.0,0.0,0,0.0
77,2,23.544,16.0,0.0,0.0,0,0,0,16.0,1.0,0.0,0,0.0
78,2,23.544,16.0,0.0,0.0,0,0,0,16.0,1.0,0.0,0,0.0
79,2,23.544,16.0,0.0,0.0,0,0,0,16.0,1.0,0.0,0,0.0
80,2,16.4808,16.0,0.0,0.0,0,0,0,16.0,1.0,0.0,0,0.6
81,2,23.544,16.0,0.0,0.0,0,0,0,16.0,1.0,0.0,0,0.0
82,2,13.112,8.0,0.0,0.0,0,0,0,8.0,1.0,0.0,0,0.0
83,2,23.544,16.0,0.0,0.0,0,0,0,16.0,1.0,0.0,0,0.0
84,2,19.619419961894867,12.990352731514468,3.0096472684855318,0.0,0,0,0,16.0,0.8118970457196543,3.0096472684855313,1,0.0
85,2,23.544,16.0,0.0,0.0,0,0,0,16.0,1.0,0.0,0,0.0
86,2,23.544,16.0,0.0,0.0,0,0,0,16.0,1.0,0.0,0,0.0
87,2,23.544,16.0,0.0,0.0,0,0,0,16.0,1.0,0.0,0,0.0
88,2,23.544,16.0,0.0,0.0,0,0,0,16.0,1.0,0.0,0,0.0
89,2,23.544,16.0,0.0,0.0,0,0,0,16.0,1.0,0.0,0,0.0
90,2,9.1784,8.0,0.0,0.0,0,0,0,8.0,1.0,0.0,0,0.3
91,2,23.544,16.0,0.0,0.0,0,0,0,16.0,1.0,0.0,0,0.0
92,2,13.112,8.0,0.0,0.0,0,0,0,8.0,1.0,0.0,0,0.0
93,2,10.432,8.0,0.0,0.0,0,0,0,8.0,1.0,0.0,0,0.0
94,2,23.544,16.0,0.0,0.0,0,0,0,16.0,1.0,0.0,0,0.0
95,2,23.544,16.0,0.0,0.0,0,0,0,16.0,1.0,0.0,0,0.0
96,2,23.544,16.0,0.0,0.0,0,0,0,16.0,1.0,0.0,0,0.0
97,2,16.40810543790155,16.0,0.0,0.0,0,0,0,16.0,1.0,0.0,0,0.0
98,2,23.544,16.0,0.0,0.0,0,0,0,16.0,1.0,0.0,0,0.0
99,2,23.544,16.0,0.0,0.0,0,0,0,16.0,1.0,0.0,0,0.0
100,2,0.0,0.0,16.0,0.0,0,0,0,16.0,0.0,0.0,0,0.0
101,2,16.598,16.0,0.0,0.0,0,0,0,16.0,1.0,0.0,0,0.0
102,2,8.299,8.0,0.0,0.0,0,0,0,8.0,1.0,0.0,0,0.0
103,2,16.598,16.0,0.0,0.0,0,0,0,16.0,1.0,0.0,0,0.0
104,2,16.598,16.0,0.0,0.0,0,0,0,16.0,1.0,0.0,0,0.0
105,2,8.165151018052635,16.0,0.0,0.0,0,0,0,16.0,1.0,0.0,0,0.0
106,2,16.598,16.0,0.0,0.0,0,0,0,16.0,1.0,0.0,0,0.0
107,2,0.0,0.0,16.0,0.0,0,0,0,16.0,0.0,0.0,0,0.0
108,2,0.0,0.0,16.0,0.0,0,0,0,16.0,0.0,0.0,0,0.0
109,2,0.0,0.0,16.0,0.0,0,0,0,16.0,0.0,0.0,0,0.0
110,2,0.0,0.0,16.0,0.0,0,0,0,16.0,0.0,0.0,0,0.0
111,2,0.0,0.0,16.0,0.0,0,0,0,16.0,0.0,0.0,0,0.0
112,2,0.0,0.0,16.0,0.0,0,0,0,16.0,0.0,0.0,0,0.0
1,3,0.0,0.0,16.0,0.0,0,0,0,16.0,0.0,0.0,0,0.0
2,3,0.0,0.0,16.0,0.0,0,0,0,16.0,0.0,0.0,0,0.0
3,3,0.0,0.0,16.0,0.0,0,0,0,16.0,0.0,0.0,0,0.0
4,3,0.0,0.0,16.0,0.0,0,0,0,16.0,0.0,0.0,0,0.0
5,3,0.0,0.0,16.0,0.0,0,0,0,16.0,0.0,0.0,0,0.0
6,3,0.0,0.0,16.0,0.0,0,0,0,16.0,0.0,0.0,0,0.0
7,3,0.0,0.0,16.0,0.0,0,0,0,16.0,0.0,0.0,0,0.0
8,3,0.0,0.0,16.0,0.0,0,0,0,16.0,0.0,0.0,0,0.0
9,3,0.0,0.0,16.0,0.0,0,0,0,16.0,0.0,0.0,0,0.0
10,3,0.0,0.0,16.0,0.0,0,0,0,16.0,0.0,0.0,0,0.0
11,3,0.0,0.0,8.0,0.0,0,0,0,8.0,0.0,0.0,0,0.0
12,3,3.980194666388334,3.827570300649918,12.172429699350083,0.0,0,0,0,16.0,0.23922314379061987,4.172429699350082,1,0.0
13,3,0.0,0.0,16.0,0.0,0,0,0,16.0,0.0,0.0,0,0.0
14,3,0.0,0.0,16.0,0.0,0,0,0,16.0,0.0,0.0,0,0.0
15,3,0.0,0.0,16.0,0.0,0,0,0,16.0,0.0,0.0,0,0.0
16,3,0.0,0.0,16.0,0.0,0,0,0,16.0,0.0,0.0,0,0.0
17,3,0.0,0.0,8.0,0.0,0,0,0,8.0,0.0,0.0,0,0.0
18,3,0.0,0.0,16.0,0.0,0,0,0,16.0,0.0,0.0,0,0.0
19,3,0.0,0.0,16.0,0.0,0,0,0,16.0,0.0,0.0,0,0.0
20,3,0.0,0.0,8.0,0.0,0,0,0,8.0,0.0,0.0,0,0.0
21,3,0.0,0.0,8.0,0.0,0,0,0,8.0,0.0,0.0,0,0.0
22,3,0.0,0.0,16.0,0.0,0,0,0,16.0,0.0,0.0,0,0.0
23,3,0.0,0.0,16.0,0.0,0,0,0,16.0,0.0,0.0,0,0.0
24,3,0.0,0.0,16.0,0.0,0,0,0,16.0,0.0,0.0,0,0.0
25,3,0.0,0.0,16.0,0.0,0,0,0,16.0,0.0,0.0,0,0.0
26,3,0.0,0.0,16.0,0.0,0,0,0,16.0,0.0,0.0,0,0.0
27,3,0.0,0.0,16.0,0.0,0,0,0,16.0,0.0,0.0,0,0.0
28,3,0.0,0.0,16.0,0.0,0,0,0,16.0,0.0,0.0,0,0.0
29,3,0.0,0.0,16.0,0.0,0,0,0,16.0,0.0,0.0,0,0.0
30,3,0.0,0.0,16.0,0.0,0,0,0,16.0,0.0,0.0,0,0.0
31,3,0.0,0.0,16.0,0.0,0,0,0,16.0,0.0,0.0,0,0.0
32,3,0.0,0.0,16.0,0.0,0,0,0,16.0,0.0,0.0,0,0.0
33,3,0.0,0.0,16.0,0.0,0,0,0,16.0,0.0,0.0,0,0.0
34,3,0.0,0.0,16.0,0.0,0,0,0,16.0,0.0,0.0,0,0.0
35,3,0.0,0.0,8.0,0.0,0,0,0,8.0,0.0,0.0,0,0.0
36,3,0.0,0.0,16.0,0.0,0,0,0,16.0,0.0,0.0,0,0.0
37,3,23.544,16.0,0.0,0.0,0,0,0,16.0,1.0,0.0,0,0.0
38,3,23.544,16.0,0.0,0.0,0,0,0,16.0,1.0,0.0,0,0.0
39,3,23.544,16.0,0.0,0.0,0,0,0,16.0,1.0,0.0,0,0.0
40,3,23.544,16.0,0.0,0.0,0,0,0,16.0,1.0,0.0,0,0.0
41,3,23.544,16.0,0.0,0.0,0,0,0,16.0,1.0,0.0,0,0.0
42,3,23.544,16.0,0.0,0.0,0,0,0,16.0,1.0,0.0,0,0.0
43,3,23.544,16.0,0.0,0.0,0,0,0,16.0,1.0,0.0,0,0.0
44,3,10.432,8.0,0.0,0.0,0,0,0,8.0,1.0,0.0,0,0.0
45,3,23.544,16.0,0.0,0.0,0,0,0,16.0,1.0,0.0,0,0.0
46,3,23.544,16.0,0.0,0.0,0,0,0,16.0,1.0,0.0,0,0.0
47,3,23.544,16.0,0.0,0.0,0,0,0,16.0,1.0,0.0,0,0.0
48,3,23.544,16.0,0.0,0.0,0,0,0,16.0,1.0,0.0,0,0.0
49,3,23.544,16.0,0.0,0.0,0,0,0,16.0,1.0,0.0,0,0.0
50,3,16.4808,16.0,0.0,0.0,0,0,0,16.0,1.0,0.0,0,0.6
51,3,23.544,16.0,0.0,0.0,0,0,0,16.0,1.0,0.0,0,0.0
52,3,13.48499441202394,9.862717762064637,6.137282237935363,0.0,0,0,0,16.0,0.6164198601290398,6.137282237935363,1,0.0
53,3,13.112,8.0,0.0,0.0,0,0,0,8.0,1.0,0.0,0,0.0
54,3,23.544,16.0,0.0,0.0,0,0,0,16.0,1.0,0.0,0,0.0
55,3,23.544,16.0,0.0,0.0,0,0,0,16.0,1.0,0.0,0,0.0
56,3,12.484419063592892,16.0,0.0,0.0,0,0,0,16.0,1.0,0.0,0,0.0
57,3,19.896,16.0,0.0,0.0,0,0,0,16.0,1.0,0.0,0,0.0
58,3,19.896,16.0,0.0,0.0,0,0,0,16.0,1.0,0.0,0,0.0
59,3,9.948,8.0,0.0,0.0,0,0,0,8.0,1.0,0.0,0,0.0
60,3,9.948,8.0,0.0,0.0,0,0,0,8.0,1.0,0.0,0,0.0
61,3,19.896,16.0,0.0,0.0,0,0,0,16.0,1.0,0.0,0,0.0
62,3,23.544,16.0,0.0,0.0,0,0,0,16.0,1.0,0.0,0,0.0
63,3,4.406202834146715,8.0,0.0,0.0,0,0,0,8.0,1.0,0.0,0,0.3
64,3,23.544,16.0,0.0,0.0,0,0,0,16.0,1.0,0.0,0,0.0
65,3,13.112,8.0,0.0,0.0,0,0,0,8.0,1.0,0.0,0,0.0
66,3,13.112,8.0,0.0,0.0,0,0,0,8.0,1.0,0.0,0,0.0
67,3,23.544,16.0,0.0,0.0,0,0,0,16.0,1.0,0.0,0,0.0
68,3,23.544,16.0,0.0,0.0,0,0,0,16.0,1.0,0.0,0,0.0
69,3,23.544,16.0,0.0,0.0,0,0,0,16.0,1.0,0.0,0,0.0
70,3,23.544,16.0,0.0,0.0,0,0,0,16.0,1.0,0.0,0,0.0
71,3,10.432,8.0,0.0,0.0,0,0,0,8.0,1.0,0.0,0,0.0
72,3,23.544,16.0,0.0,0.0,0,0,0,16.0,1.0,0.0,0,0.0
73,3,23.544,16.0,0.0,0.0,0,0,0,16.0,1.0,0.0,0,0.0
74,3,9.1784,8.0,0.0,0.0,0,0,0,8.0,1.0,0.0,0,0.3
75,3,5.043528287900989,3.867736417101985,4.132263582898015,0.0,0,0,0,8.0,0.4834670521377481,4.132263582898015,1,0.0
77,3,23.544,16.0,0.0,0.0,0,0,0,16.0,1.0,0.0,0,0.0
78,3,16.4808,16.0,0.0,0.0,0,0,0,16.0,1.0,0.0,0,0.6
79,3,23.544,16.0,0.0,0.0,0,0,0,16.0,1.0,0.0,0,0.0
80,3,16.4808,16.0,0.0,0.0,0,0,0,16.0,1.0,0.0,0,0.6
81,3,23.544,16.0,0.0,0.0,0,0,0,16.0,1.0,0.0,0,0.0
82,3,13.112,8.0,0.0,0.0,0,0,0,8.0,1.0,0.0,0,0.0
83,3,23.544,16.0,0.0,0.0,0,0,0,16.0,1.0,0.0,0,0.0
84,3,23.544,16.0,0.0,0.0,0,0,0,16.0,1.0,0.0,0,0.0
85,3,23.544,16.0,0.0,0.0,0,0,0,16.0,1.0,0.0,0,0.0
86,3,23.544,16.0,0.0,0.0,0,0,0,16.0,1.0,0.0,0,0.0
87,3,23.544,16.0,0.0,0.0,0,0,0,16.0,1.0,0.0,0,0.0
88,3,19.570856888715028,12.953111110977781,3.0468888890222185,0.0,0,0,0,16.0,0.8095694444361113,3.046888889022219,1,0.0
89,3,23.544,16.0,0.0,0.0,0,0,0,16.0,1.0,0.0,0,0.0
90,3,13.112,8.0,0.0,0.0,0,0,0,8.0,1.0,0.0,0,0.0
91,3,23.544,16.0,0.0,0.0,0,0,0,16.0,1.0,0.0,0,0.0
92,3,13.112,8.0,0.0,0.0,0,0,0,8.0,1.0,0.0,0,0.0
93,3,10.432,8.0,0.0,0.0,0,0,0,8.0,1.0,0.0,0,0.0
94,3,23.544,16.0,0.0,0.0,0,0,0,16.0,1.0,0.0,0,0.0
95,3,23.544,16.0,0.0,0.0,0,0,0,16.0,1.0,0.0,0,0.0
96,3,23.544,16.0,0.0,0.0,0,0,0,16.0,1.0,0.0,0,0.0
97,3,16.4808,16.0,0.0,0.0,0,0,0,16.0,1.0,0.0,0,0.6
98,3,23.544,16.0,0.0,0.0,0,0,0,16.0,1.0,0.0,0,0.0
99,3,23.544,16.0,0.0,0.0,0,0,0,16.0,1.0,0.0,0,0.0
100,3,0.0,0.0,16.0,0.0,0,0,0,16.0,0.0,0.0,0,0.0
101,3,16.598,16.0,0.0,0.0,0,0,0,16.0,1.0,0.0,0,0.0
102,3,8.299,8.0,0.0,0.0,0,0,0,8.0,1.0,0.0,0,0.0
103,3,13.846053746588879,13.347202069250638,2.6527979307493617,0.0,0,0,0,16.0,0.8342001293281649,2.6527979307493617,1,0.0
104,3,16.598,16.0,0.0,0.0,0,0,0,16.0,1.0,0.0,0,0.0
105,3,16.598,16.0,0.0,0.0,0,0,0,16.0,1.0,0.0,0,0.0
106,3,16.598,16.0,0.0,0.0,0,0,0,16.0,1.0,0.0,0,0.0
107,3,0.0,0.0,16.0,0.0,0,0,0,16.0,0.0,0.0,0,0.0
108,3,0.0,0.0,16.0,0.0,0,0,0,16.0,0.0,0.0,0,0.0
109,3,0.0,0.0,16.0,0.0,0,0,0,16.0,0.0,0.0,0,0.0
110,3,0.0,0.0,16.0,0.0,0,0,0,16.0,0.0,0.0,0,0.0
111,3,0.0,0.0,16.0,0.0,0,0,0,16.0,0.0,0.0,0,0.0
112,3,0.0,0.0,16.0,0.0,0,0,0,16.0,0.0,0.0,0,0.0
1,4,0.0,0.0,16.0,0.0,0,0,0,16.0,0.0,0.0,0,0.0
2,4,0.0,0.0,16.0,0.0,0,0,0,16.0,0.0,0.0,0,0.0
3,4,0.0,0.0,16.0,0.0,0,0,0,16.0,0.0,0.0,0,0.0
4,4,0.0,0.0,16.0,0.0,0,0,0,16.0,0.0,0.0,0,0.0
5,4,0.0,0.0,16.0,0.0,0,0,0,16.0,0.0,0.0,0,0.0
6,4,0.0,0.0,16.0,0.0,0,0,0,16.0,0.0,0.0,0,0.0
7,4,0.0,0.0,16.0,0.0,0,0,0,16.0,0.0,0.0,0,0.0
8,4,0.0,0.0,16.0,0.0,0,0,0,16.0,0.0,0.0,0,0.0
9,4,0.0,0.0,16.0,0.0,0,0,0,16.0,0.0,0.0,0,0.0
10,4,0.0,0.0,16.0,0.0,0,0,0,16.0,0.0,0.0,0,0.0
11,4,0.0,0.0,8.0,0.0,0,0,0,8.0,0.0,0.0,0,0.0
12,4,8.319,8.0,8.0,0.0,0,0,0,16.0,0.5,0.0,0,0.0
13,4,0.0,0.0,16.0,0.0,0,0,0,16.0,0.0,0.0,0,0.0
14,4,0.0,0.0,16.0,0.0,0,0,0,16.0,0.0,0.0,0,0.0
15,4,0.0,0.0,16.0,0.0,0,0,0,16.0,0.0,0.0,0,0.0
16,4,0.0,0.0,16.0,0.0,0,0,0,16.0,0.0,0.0,0,0.0
17,4,0.0,0.0,8.0,0.0,0,0,0,8.0,0.0,0.0,0,0.0
18,4,0.0,0.0,16.0,0.0,0,0,0,16.0,0.0,0.0,0,0.0
19,4,0.0,0.0,16.0,0.0,0,0,0,16.0,0.0,0.0,0,0.0
20,4,0.0,0.0,8.0,0.0,0,0,0,8.0,0.0,0.0,0,0.0
21,4,0.0,0.0,8.0,0.0,0,0,0,8.0,0.0,0.0,0,0.0
22,4,0.0,0.0,16.0,0.0,0,0,0,16.0,0.0,0.0,0,0.0
23,4,0.0,0.0,16.0,0.0,0,0,0,16.0,0.0,0.0,0,0.0
24,4,0.0,0.0,16.0,0.0,0,0,0,16.0,0.0,0.0,0,0.0
25,4,0.0,0.0,16.0,0.0,0,0,0,16.0,0.0,0.0,0,0.0
26,4,0.0,0.0,16.0,0.0,0,0,0,16.0,0.0,0.0,0,0.0
27,4,0.0,0.0,16.0,0.0,0,0,0,16.0,0.0,0.0,0,0.0
28,4,0.0,0.0,16.0,0.0,0,0,0,16.0,0.0,0.0,0,0.0
29,4,0.0,0.0,16.0,0.0,0,0,0,16.0,0.0,0.0,0,0.0
30,4,0.0,0.0,16.0,0.0,0,0,0,16.0,0.0,0.0,0,0.0
31,4,0.0,0.0,16.0,0.0,0,0,0,16.0,0.0,0.0,0,0.0
32,4,0.0,0.0,16.0,0.0,0,0,0,16.0,0.0,0.0,0,0.0
33,4,0.0,0.0,16.0,0.0,0,0,0,16.0,0.0,0.0,0,0.0
34,4,0.0,0.0,16.0,0.0,0,0,0,16.0,0.0,0.0,0,0.0
35,4,0.0,0.0,8.0,0.0,0,0,0,8.0,0.0,0.0,0,0.0
36,4,0.0,0.0,16.0,0.0,0,0,0,16.0,0.0,0.0,0,0.0
37,4,16.4808,16.0,0.0,0.0,0,0,0,16.0,1.0,0.0,0,0.6
38,4,23.544,16.0,0.0,0.0,0,0,0,16.0,1.0,0.0,0,0.0
39,4,23.544,16.0,0.0,0.0,0,0,0,16.0,1.0,0.0,0,0.0
40,4,23.544,16.0,0.0,0.0,0,0,0,16.0,1.0,0.0,0,0.0
41,4,9.144149334467429,12.673423328975035,3.3265766710249647,0.0,0,0,0,16.0,0.7920889580609397,3.3265766710249642,1,0.6
42,4,23.544,16.0,0.0,0.0,0,0,0,16.0,1.0,0.0,0,0.0
43,4,23.544,16.0,0.0,0.0,0,0,0,16.0,1.0,0.0,0,0.0
44,4,10.432,8.0,0.0,0.0,0,0,0,8.0,1.0,0.0,0,0.0
45,4,23.544,16.0,0.0,0.0,0,0,0,16.0,1.0,0.0,0,0.0
46,4,23.544,16.0,0.0,0.0,0,0,0,16.0,1.0,0.0,0,0.0
47,4,23.544,16.0,0.0,0.0,0,0,0,16.0,1.0,0.0,0,0.0
48,4,16.4808,16.0,0.0,0.0,0,0,0,16.0,1.0,0.0,0,0.6
49,4,23.544,16.0,0.0,0.0,0,0,0,16.0,1.0,0.0,0,0.0
50,4,23.544,16.0,0.0,0.0,0,0,0,16.0,1.0,0.0,0,0.0
51,4,23.544,16.0,0.0,0.0,0,0,0,16.0,1.0,0.0,0,0.0
52,4,23.544,16.0,0.0,0.0,0,0,0,16.0,1.0,0.0,0,0.0
53,4,9.1784,8.0,0.0,0.0,0,0,0,8.0,1.0,0.0,0,0.3
54,4,16.862633281376286,16.0,0.0,0.0,0,0,0,16.0,1.0,0.0,0,0.0
55,4,23.544,16.0,0.0,0.0,0,0,0,16.0,1.0,0.0,0,0.0
56,4,23.544,16.0,0.0,0.0,0,0,0,16.0,1.0,0.0,0,0.0
57,4,19.896,16.0,0.0,0.0,0,0,0,16.0,1.0,0.0,0,0.0
58,4,19.896,16.0,0.0,0.0,0,0,0,16.0,1.0,0.0,0,0.0
59,4,9.948,8.0,0.0,0.0,0,0,0,8.0,1.0,0.0,0,0.0
60,4,9.948,8.0,0.0,0.0,0,0,0,8.0,1.0,0.0,0,0.0
61,4,19.896,16.0,0.0,0.0,0,0,0,16.0,1.0,0.0,0,0.0
62,4,23.544,16.0,0.0,0.0,0,0,0,16.0,1.0,0.0,0,0.0
63,4,13.112,8.0,0.0,0.0,0,0,0,8.0,1.0,0.0,0,0.0
64,4,18.779997440764294,12.346623804267097,3.6533761957329034,0.0,0,0,0,16.0,0.7716639877666935,3.6533761957329025,1,0.0
65,4,13.112,8.0,0.0,0.0,0,0,0,8.0,1.0,0.0,0,0.0
66,4,9.1784,8.0,0.0,0.0,0,0,0,8.0,1.0,0.0,0,0.3
67,4,23.544,16.0,0.0,0.0,0,0,0,16.0,1.0,0.0,0,0.0
68,4,23.544,16.0,0.0,0.0,0,0,0,16.0,1.0,0.0,0,0.0
69,4,23.544,16.0,0.0,0.0,0,0,0,16.0,1.0,0.0,0,0.0
70,4,23.544,16.0,0.0,0.0,0,0,0,16.0,1.0,0.0,0,0.0
71,4,2.891081349036973,5.524415279148245,2.4755847208517547,0.0,0,0,0,8.0,0.6905519098935307,2.4755847208517543,1,0.0
72,4,23.544,16.0,0.0,0.0,0,0,0,16.0,1.0,0.0,0,0.0
73,4,23.544,16.0,0.0,0.0,0,0,0,16.0,1.0,0.0,0,0.0
74,4,13.112,8.0,0.0,0.0,0,0,0,8.0,1.0,0.0,0,0.0
75,4,10.432,8.0,0.0,0.0,0,0,0,8.0,1.0,0.0,0,0.0
77,4,23.544,16.0,0.0,0.0,0,0,0,16.0,1.0,0.0,0,0.0
78,4,14.400827163498434,14.18707152749798,1.8129284725020192,0.0,0,0,0,16.0,0.8866919704686238,1.8129284725020183,1,0.6
79,4,23.544,16.0,0.0,0.0,0,0,0,16.0,1.0,0.0,0,0.0
80,4,16.4808,16.0,0.0,0.0,0,0,0,16.0,1.0,0.0,0,0.6
81,4,23.544,16.0,0.0,0.0,0,0,0,16.0,1.0,0.0,0,0.0
82,4,13.112,8.0,0.0,0.0,0,0,0,8.0,1.0,0.0,0,0.0
83,4,23.544,16.0,0.0,0.0,0,0,0,16.0,1.0,0.0,0,0.0
84,4,16.4808,16.0,0.0,0.0,0,0,0,16.0,1.0,0.0,0,0.6
85,4,23.544,16.0,0.0,0.0,0,0,0,16.0,1.0,0.0,0,0.0
86,4,23.544,16.0,0.0,0.0,0,0,0,16.0,1.0,0.0,0,0.0
87,4,23.544,16.0,0.0,0.0,0,0,0,16.0,1.0,0.0,0,0.0
88,4,23.544,16.0,0.0,0.0,0,0,0,16.0,1.0,0.0,0,0.0
89,4,11.573528103496404,16.0,0.0,0.0,0,0,0,16.0,1.0,0.0,0,0.0
90,4,13.112,8.0,0.0,0.0,0,0,0,8.0,1.0,0.0,0,0.0
91,4,23.544,16.0,0.0,0.0,0,0,0,16.0,1.0,0.0,0,0.0
92,4,13.112,8.0,0.0,0.0,0,0,0,8.0,1.0,0.0,0,0.0
93,4,10.432,8.0,0.0,0.0,0,0,0,8.0,1.0,0.0,0,0.0
94,4,23.544,16.0,0.0,0.0,0,0,0,16.0,1.0,0.0,0,0.0
95,4,23.544,16.0,0.0,0.0,0,0,0,16.0,1.0,0.0,0,0.0
96,4,23.544,16.0,0.0,0.0,0,0,0,16.0,1.0,0.0,0,0.0
97,4,16.4808,16.0,0.0,0.0,0,0,0,16.0,1.0,0.0,0,0.6
98,4,23.544,16.0,0.0,0.0,0,0,0,16.0,1.0,0.0,0,0.0
99,4,23.544,16.0,0.0,0.0,0,0,0,16.0,1.0,0.0,0,0.0
100,4,0.0,0.0,16.0,0.0,0,0,0,16.0,0.0,0.0,0,0.0
101,4,16.598,16.0,0.0,0.0,0,0,0,16.0,1.0,0.0,0,0.0
102,4,8.299,8.0,0.0,0.0,0,0,0,8.0,1.0,0.0,0,0.0
103,4,16.598,16.0,0.0,0.0,0,0,0,16.0,1.0,0.0,0,0.0
104,4,16.598,16.0,0.0,0.0,0,0,0,16.0,1.0,0.0,0,0.0
105,4,16.598,16.0,0.0,0.0,0,0,0,16.0,1.0,0.0,0,0.0
106,4,16.598,16.0,0.0,0.0,0,0,0,16.0,1.0,0.0,0,0.0
107,4,0.0,0.0,16.0,0.0,0,0,0,16.0,0.0,0.0,0,0.0
108,4,0.0,0.0,16.0,0.0,0,0,0,16.0,0.0,0.0,0,0.0
109,4,0.0,0.0,16.0,0.0,0,0,0,16.0,0.0,0.0,0,0.0
110,4,0.0,0.0,16.0,0.0,0,0,0,16.0,0.0,0.0,0,0.0
111,4,0.0,0.0,16.0,0.0,0,0,0,16.0,0.0,0.0,0,0.0
112,4,0.0,0.0,16.0,0.0,0,0,0,16.0,0.0,0.0,0,0.0
1,5,0.0,0.0,16.0,0.0,0,0,0,16.0,0.0,0.0,0,0.0
2,5,0.0,0.0,16.0,0.0,0,0,0,16.0,0.0,0.0,0,0.0
3,5,0.0,0.0,16.0,0.0,0,0,0,16.0,0.0,0.0,0,0.0
4,5,0.0,0.0,16.0,0.0,0,0,0,16.0,0.0,0.0,0,0.0
5,5,0.0,0.0,16.0,0.0,0,0,0,16.0,0.0,0.0,0,0.0
6,5,0.0,0.0,16.0,0.0,0,0,0,16.0,0.0,0.0,0,0.0
7,5,0.0,0.0,16.0,0.0,0,0,0,16.0,0.0,0.0,0,0.0
8,5,0.0,0.0,16.0,0.0,0,0,0,16.0,0.0,0.0,0,0.0
9,5,0.0,0.0,16.0,0.0,0,0,0,16.0,0.0,0.0,0,0.0
10,5,0.0,0.0,16.0,0.0,0,0,0,16.0,0.0,0.0,0,0.0
11,5,0.0,0.0,8.0,0.0,0,0,0,8.0,0.0,0.0,0,0.0
12,5,8.319,8.0,8.0,0.0,0,0,0,16.0,0.5,0.0,0,0.0
13,5,0.0,0.0,16.0,0.0,0,0,0,16.0,0.0,0.0,0,0.0
14,5,0.0,0.0,16.0,0.0,0,0,0,16.0,0.0,0.0,0,0.0
15,5,0.0,0.0,16.0,0.0,0,0,0,16.0,0.0,0.0,0,0.0
16,5,0.0,0.0,16.0,0.0,0,0,0,16.0,0.0,0.0,0,0.0
17,5,0.0,0.0,8.0,0.0,0,0,0,8.0,0.0,0.0,0,0.0
18,5,0.0,0.0,16.0,0.0,0,0,0,16.0,0.0,0.0,0,0.0
19,5,0.0,0.0,16.0,0.0,0,0,0,16.0,0.0,0.0,0,0.0
20,5,0.0,0.0,8.0,0.0,0,0,0,8.0,0.0,0.0,0,0.0
21,5,0.0,0.0,8.0,0.0,0,0,0,8.0,0.0,0.0,0,0.0
22,5,0.0,0.0,16.0,0.0,0,0,0,16.0,0.0,0.0,0,0.0
23,5,0.0,0.0,16.0,0.0,0,0,0,16.0,0.0,0.0,0,0.0
24,5,0.0,0.0,16.0,0.0,0,0,0,16.0,0.0,0.0,0,0.0
25,5,0.0,0.0,16.0,0.0,0,0,0,16.0,0.0,0.0,0,0.0
26,5,0.0,0.0,16.0,0.0,0,0,0,16.0,0.0,0.0,0,0.0
27,5,0.0,0.0,16.0,0.0,0,0,0,16.0,0.0,0.0,0,0.0
28,5,0.0,0.0,16.0,0.0,0,0,0,16.0,0.0,0.0,0,0.0
29,5,0.0,0.0,16.0,0.0,0,0,0,16.0,0.0,0.0,0,0.0
30,5,0.0,0.0,16.0,0.0,0,0,0,16.0,0.0,0.0,0,0.0
31,5,0.0,0.0,16.0,0.0,0,0,0,16.0,0.0,0.0,0,0.0
32,5,0.0,0.0,16.0,0.0,0,0,0,16.0,0.0,0.0,0,0.0
33,5,0.0,0.0,16.0,0.0,0,0,0,16.0,0.0,0.0,0,0.0
34,5,0.0,0.0,16.0,0.0,0,0,0,16.0,0.0,0.0,0,0.0
35,5,0.0,0.0,8.0,0.0,0,0,0,8.0,0.0,0.0,0,0.0
36,5,0.0,0.0,16.0,0.0,0,0,0,16.0,0.0,0.0,0,0.0
37,5,23.544,16.0,0.0,0.0,0,0,0,16.0,1.0,0.0,0,0.0
38,5,23.544,16.0,0.0,0.0,0,0,0,16.0,1.0,0.0,0,0.0
39,5,23.544,16.0,0.0,0.0,0,0,0,16.0,1.0,0.0,0,0.0
40,5,23.544,16.0,0.0,0.0,0,0,0,16.0,1.0,0.0,0,0.0
41,5,23.544,16.0,0.0,0.0,0,0,0,16.0,1.0,0.0,0,0.0
42,5,23.544,16.0,0.0,0.0,0,0,0,16.0,1.0,0.0,0,0.0
43,5,23.544,16.0,0.0,0.0,0,0,0,16.0,1.0,0.0,0,0.0
44,5,10.432,8.0,0.0,0.0,0,0,0,8.0,1.0,0.0,0,0.0
45,5,20.60235250229463,13.744135354520422,2.255864645479578,0.0,0,0,0,16.0,0.8590084596575264,2.2558646454795785,1,0.0
46,5,13.531075572399402,9.890833174130202,6.1091668258697975,0.0,0,0,0,16.0,0.6181770733831377,6.1091668258697975,1,0.0
47,5,23.544,16.0,0.0,0.0,0,0,0,16.0,1.0,0.0,0,0.0
48,5,23.544,16.0,0.0,0.0,0,0,0,16.0,1.0,0.0,0,0.0
49,5,23.544,16.0,0.0,0.0,0,0,0,16.0,1.0,0.0,0,0.0
50,5,16.4808,16.0,0.0,0.0,0,0,0,16.0,1.0,0.0,0,0.6
51,5,16.4808,16.0,0.0,0.0,0,0,0,16.0,1.0,0.0,0,0.6
52,5,17.65586004211993,12.40748019653443,3.5925198034655708,0.0,0,0,0,16.0,0.7754675122834018,3.5925198034655703,1,0.0
53,5,13.112,8.0,0.0,0.0,0,0,0,8.0,1.0,0.0,0,0.0
54,5,23.544,16.0,0.0,0.0,0,0,0,16.0,1.0,0.0,0,0.0
55,5,23.544,16.0,0.0,0.0,0,0,0,16.0,1.0,0.0,0,0.0
56,5,23.544,16.0,0.0,0.0,0,0,0,16.0,1.0,0.0,0,0.0
57,5,15.585482373498722,12.533560412946297,3.466439587053703,0.0,0,0,0,16.0,0.7833475258091436,3.466439587053702,1,0.0
58,5,12.644315132807955,16.0,0.0,0.0,0,0,0,16.0,1.0,0.0,0,0.0
59,5,9.948,8.0,0.0,0.0,0,0,0,8.0,1.0,0.0,0,0.0
60,5,6.9636,8.0,0.0,0.0,0,0,0,8.0,1.0,0.0,0,0.3
61,5,19.896,16.0,0.0,0.0,0,0,0,16.0,1.0,0.0,0,0.0
62,5,23.544,16.0,0.0,0.0,0,0,0,16.0,1.0,0.0,0,0.0
63,5,13.112,8.0,0.0,0.0,0,0,0,8.0,1.0,0.0,0,0.0
64,5,23.544,16.0,0.0,0.0,0,0,0,16.0,1.0,0.0,0,0.0
65,5,13.112,8.0,0.0,0.0,0,0,0,8.0,1.0,0.0,0,0.0
66,5,13.112,8.0,0.0,0.0,0,0,0,8.0,1.0,0.0,0,0.0
67,5,23.544,16.0,0.0,0.0,0,0,0,16.0,1.0,0.0,0,0.0
68,5,23.544,16.0,0.0,0.0,0,0,0,16.0,1.0,0.0,0,0.0
69,5,23.544,16.0,0.0,0.0,0,0,0,16.0,1.0,0.0,0,0.0
70,5,10.791772107165102,9.767497926342136,6.232502073657864,0.0,0,0,0,16.0,0.6104686203963835,6.232502073657864,1,0.6
71,5,10.432,8.0,0.0,0.0,0,0,0,8.0,1.0,0.0,0,0.0
72,5,23.544,16.0,0.0,0.0,0,0,0,16.0,1.0,0.0,0,0.0
73,5,23.544,16.0,0.0,0.0,0,0,0,16.0,1.0,0.0,0,0.0
74,5,9.1784,8.0,0.0,0.0,0,0,0,8.0,1.0,0.0,0,0.3
75,5,10.432,8.0,0.0,0.0,0,0,0,8.0,1.0,0.0,0,0.0
77,5,23.544,16.0,0.0,0.0,0,0,0,16.0,1.0,0.0,0,0.0
78,5,23.544,16.0,0.0,0.0,0,0,0,16.0,1.0,0.0,0,0.0
79,5,16.4808,16.0,0.0,0.0,0,0,0,16.0,1.0,0.0,0,0.6
80,5,23.544,16.0,0.0,0.0,0,0,0,16.0,1.0,0.0,0,0.0
81,5,23.544,16.0,0.0,0.0,0,0,0,16.0,1.0,0.0,0,0.0
82,5,13.112,8.0,0.0,0.0,0,0,0,8.0,1.0,0.0,0,0.0
83,5,23.544,16.0,0.0,0.0,0,0,0,16.0,1.0,0.0,0,0.0
84,5,23.544,16.0,0.0,0.0,0,0,0,16.0,1.0,0.0,0,0.0
85,5,23.544,16.0,0.0,0.0,0,0,0,16.0,1.0,0.0,0,0.0
86,5,16.07997754160405,10.27605639693562,5.723943603064381,0.0,0,0,0,16.0,0.6422535248084762,5.723943603064381,1,0.0
87,5,19.34898216592288,12.78296178368319,3.2170382163168103,0.0,0,0,0,16.0,0.7989351114801994,3.21703821631681,1,0.0
88,5,17.797584826987745,11.593239897996735,4.406760102003265,0.0,0,0,0,16.0,0.724577493624796,4.406760102003265,1,0.0
89,5,23.544,16.0,0.0,0.0,0,0,0,16.0,1.0,0.0,0,0.0
90,5,13.112,8.0,0.0,0.0,0,0,0,8.0,1.0,0.0,0,0.0
91,5,23.544,16.0,0.0,0.0,0,0,0,16.0,1.0,0.0,0,0.0
92,5,13.112,8.0,0.0,0.0,0,0,0,8.0,1.0,0.0,0,0.0
93,5,10.432,8.0,0.0,0.0,0,0,0,8.0,1.0,0.0,0,0.0
94,5,23.544,16.0,0.0,0.0,0,0,0,16.0,1.0,0.0,0,0.0
95,5,23.544,16.0,0.0,0.0,0,0,0,16.0,1.0,0.0,0,0.0
96,5,23.544,16.0,0.0,0.0,0,0,0,16.0,1.0,0.0,0,0.0
97,5,23.544,16.0,0.0,0.0,0,0,0,16.0,1.0,0.0,0,0.0
98,5,23.544,16.0,0.0,0.0,0,0,0,16.0,1.0,0.0,0,0.0
99,5,16.4808,16.0,0.0,0.0,0,0,0,16.0,1.0,0.0,0,0.6
100,5,0.0,0.0,16.0,0.0,0,0,0,16.0,0.0,0.0,0,0.0
101,5,11.618599999999999,16.0,0.0,0.0,0,0,0,16.0,1.0,0.0,0,0.6
102,5,8.299,8.0,0.0,0.0,0,0,0,8.0,1.0,0.0,0,0.0
103,5,16.598,16.0,0.0,0.0,0,0,0,16.0,1.0,0.0,0,0.0
104,5,9.134282409308625,16.0,0.0,0.0,0,0,0,16.0,1.0,0.0,0,0.0
105,5,16.598,16.0,0.0,0.0,0,0,0,16.0,1.0,0.0,0,0.0
106,5,16.598,16.0,0.0,0.0,0,0,0,16.0,1.0,0.0,0,0.0
107,5,0.0,0.0,16.0,0.0,0,0,0,16.0,0.0,0.0,0,0.0
108,5,0.0,0.0,16.0,0.0,0,0,0,16.0,0.0,0.0,0,0.0
109,5,0.0,0.0,16.0,0.0,0,0,0,16.0,0.0,0.0,0,0.0
110,5,0.0,0.0,16.0,0.0,0,0,0,16.0,0.0,0.0,0,0.0
111,5,0.0,0.0,16.0,0.0,0,0,0,16.0,0.0,0.0,0,0.0
112,5,0.0,0.0,16.0,0.0,0,0,0,16.0,0.0,0.0,0,0.0
1,6,0.0,0.0,16.0,0.0,0,0,0,16.0,0.0,0.0,0,0.0
2,6,0.0,0.0,16.0,0.0,0,0,0,16.0,0.0,0.0,0,0.0
3,6,0.0,0.0,16.0,0.0,0,0,0,16.0,0.0,0.0,0,0.0
4,6,0.0,0.0,16.0,0.0,0,0,0,16.0,0.0,0.0,0,0.0
5,6,0.0,0.0,16.0,0.0,0,0,0,16.0,0.0,0.0,0,0.0
6,6,0.0,0.0,16.0,0.0,0,0,0,16.0,0.0,0.0,0,0.0
7,6,0.0,0.0,16.0,0.0,0,0,0,16.0,0.0,0.0,0,0.0
8,6,0.0,0.0,16.0,0.0,0,0,0,16.0,0.0,0.0,0,0.0
9,6,0.0,0.0,16.0,0.0,0,0,0,16.0,0.0,0.0,0,0.0
10,6,0.0,0.0,16.0,0.0,0,0,0,16.0,0.0,0.0,0,0.0
11,6,0.0,0.0,8.0,0.0,0,0,0,8.0,0.0,0.0,0,0.0
12,6,8.319,8.0,8.0,0.0,0,0,0,16.0,0.5,0.0,0,0.0
13,6,0.0,0.0,16.0,0.0,0,0,0,16.0,0.0,0.0,0,0.0
14,6,0.0,0.0,16.0,0.0,0,0,0,16.0,0.0,0.0,0,0.0
15,6,0.0,0.0,16.0,0.0,0,0,0,16.0,0.0,0.0,0,0.0
16,6,0.0,0.0,16.0,0.0,0,0,0,16.0,0.0,0.0,0,0.0
17,6,0.0,0.0,8.0,0.0,0,0,0,8.0,0.0,0.0,0,0.0
18,6,0.0,0.0,16.0,0.0,0,0,0,16.0,0.0,0.0,0,0.0
19,6,0.0,0.0,16.0,0.0,0,0,0,16.0,0.0,0.0,0,0.0
20,6,0.0,0.0,8.0,0.0,0,0,0,8.0,0.0,0.0,0,0.0
21,6,0.0,0.0,8.0,0.0,0,0,0,8.0,0.0,0.0,0,0.0
22,6,0.0,0.0,16.0,0.0,0,0,0,16.0,0.0,0.0,0,0.0
23,6,0.0,0.0,16.0,0.0,0,0,0,16.0,0.0,0.0,0,0.0
24,6,0.0,0.0,16.0,0.0,0,0,0,16.0,0.0,0.0,0,0.0
25,6,0.0,0.0,16.0,0.0,0,0,0,16.0,0.0,0.0,0,0.0
26,6,0.0,0.0,16.0,0.0,0,0,0,16.0,0.0,0.0,0,0.0
27,6,0.0,0.0,16.0,0.0,0,0,0,16.0,0.0,0.0,0,0.0
28,6,0.0,0.0,16.0,0.0,0,0,0,16.0,0.0,0.0,0,0.0
29,6,0.0,0.0,16.0,0.0,0,0,0,16.0,0.0,0.0,0,0.0
30,6,0.0,0.0,16.0,0.0,0,0,0,16.0,0.0,0.0,0,0.0
31,6,0.0,0.0,16.0,0.0,0,0,0,16.0,0.0,0.0,0,0.0
32,6,0.0,0.0,16.0,0.0,0,0,0,16.0,0.0,0.0,0,0.0
33,6,0.0,0.0,16.0,0.0,0,0,0,16.0,0.0,0.0,0,0.0
34,6,0.0,0.0,16.0,0.0,0,0,0,16.0,0.0,0.0,0,0.0
35,6,0.0,0.0,8.0,0.0,0,0,0,8.0,0.0,0.0,0,0.0
36,6,0.0,0.0,16.0,0.0,0,0,0,16.0,0.0,0.0,0,0.0
37,6,16.4808,16.0,0.0,0.0,0,0,0,16.0,1.0,0.0,0,0.6
38,6,23.544,16.0,0.0,0.0,0,0,0,16.0,1.0,0.0,0,0.0
39,6,23.544,16.0,0.0,0.0,0,0,0,16.0,1.0,0.0,0,0.0
40,6,16.4808,16.0,0.0,0.0,0,0,0,16.0,1.0,0.0,0,0.6
41,6,23.544,16.0,0.0,0.0,0,0,0,16.0,1.0,0.0,0,0.0
42,6,18.117656388346774,11.838693549345685,4.161306450654315,0.0,0,0,0,16.0,0.7399183468341053,4.1613064506543145,1,0.0
43,6,23.544,16.0,0.0,0.0,0,0,0,16.0,1.0,0.0,0,0.0
44,6,10.432,8.0,0.0,0.0,0,0,0,8.0,1.0,0.0,0,0.0
45,6,16.4808,16.0,0.0,0.0,0,0,0,16.0,1.0,0.0,0,0.6
46,6,23.544,16.0,0.0,0.0,0,0,0,16.0,1.0,0.0,0,0.0
47,6,23.544,16.0,0.0,0.0,0,0,0,16.0,1.0,0.0,0,0.0
48,6,23.544,16.0,0.0,0.0,0,0,0,16.0,1.0,0.0,0,0.0
49,6,23.544,16.0,0.0,0.0,0,0,0,16.0,1.0,0.0,0,0.0
50,6,16.4808,16.0,0.0,0.0,0,0,0,16.0,1.0,0.0,0,0.6
51,6,23.544,16.0,0.0,0.0,0,0,0,16.0,1.0,0.0,0,0.0
52,6,23.544,16.0,0.0,0.0,0,0,0,16.0,1.0,0.0,0,0.0
53,6,6.9954526684255285,8.0,0.0,0.0,0,0,0,8.0,1.0,0.0,0,0.0
54,6,23.544,16.0,0.0,0.0,0,0,0,16.0,1.0,0.0,0,0.0
55,6,23.544,16.0,0.0,0.0,0,0,0,16.0,1.0,0.0,0,0.0
56,6,23.544,16.0,0.0,0.0,0,0,0,16.0,1.0,0.0,0,0.0
57,6,19.896,16.0,0.0,0.0,0,0,0,16.0,1.0,0.0,0,0.0
58,6,13.9272,16.0,0.0,0.0,0,0,0,16.0,1.0,0.0,0,0.6
59,6,9.948,8.0,0.0,0.0,0,0,0,8.0,1.0,0.0,0,0.0
60,6,9.948,8.0,0.0,0.0,0,0,0,8.0,1.0,0.0,0,0.0
61,6,19.896,16.0,0.0,0.0,0,0,0,16.0,1.0,0.0,0,0.0
62,6,23.544,16.0,0.0,0.0,0,0,0,16.0,1.0,0.0,0,0.0
63,6,13.112,8.0,0.0,0.0,0,0,0,8.0,1.0,0.0,0,0.0
64,6,23.544,16.0,0.0,0.0,0,0,0,16.0,1.0,0.0,0,0.0
65,6,9.1784,8.0,0.0,0.0,0,0,0,8.0,1.0,0.0,0,0.3
66,6,13.112,8.0,0.0,0.0,0,0,0,8.0,1.0,0.0,0,0.0
67,6,23.544,16.0,0.0,0.0,0,0,0,16.0,1.0,0.0,0,0.0
68,6,23.544,16.0,0.0,0.0,0,0,0,16.0,1.0,0.0,0,0.0
69,6,23.544,16.0,0.0,0.0,0,0,0,16.0,1.0,0.0,0,0.0
70,6,23.544,16.0,0.0,0.0,0,0,0,16.0,1.0,0.0,0,0.0
71,6,10.432,8.0,0.0,0.0,0,0,0,8.0,1.0,0.0,0,0.0
72,6,15.679465012752345,11.20162599923877,4.79837400076123,0.0,0,0,0,16.0,0.7001016249524231,4.79837400076123,1,0.0
73,6,23.544,16.0,0.0,0.0,0,0,0,16.0,1.0,0.0,0,0.0
74,6,13.112,8.0,0.0,0.0,0,0,0,8.0,1.0,0.0,0,0.0
75,6,10.432,8.0,0.0,0.0,0,0,0,8.0,1.0,0.0,0,0.0
77,6,23.544,16.0,0.0,0.0,0,0,0,16.0,1.0,0.0,0,0.0
78,6,23.544,16.0,0.0,0.0,0,0,0,16.0,1.0,0.0,0,0.0
79,6,23.544,16.0,0.0,0.0,0,0,0,16.0,1.0,0.0,0,0.0
80,6,23.544,16.0,0.0,0.0,0,0,0,16.0,1.0,0.0,0,0.0
81,6,23.544,16.0,0.0,0.0,0,0,0,16.0,1.0,0.0,0,0.0
82,6,9.1784,8.0,0.0,0.0,0,0,0,8.0,1.0,0.0,0,0.3
83,6,23.544,16.0,0.0,0.0,0,0,0,16.0,1.0,0.0,0,0.0
84,6,23.544,16.0,0.0,0.0,0,0,0,16.0,1.0,0.0,0,0.0
85,6,16.75557001774417,16.0,0.0,0.0,0,0,0,16.0,1.0,0.0,0,0.0
86,6,16.4808,16.0,0.0,0.0,0,0,0,16.0,1.0,0.0,0,0.6
87,6,23.544,16.0,0.0,0.0,0,0,0,16.0,1.0,0.0,0,0.0
88,6,23.544,16.0,0.0,0.0,0,0,0,16.0,1.0,0.0,0,0.0
89,6,23.544,16.0,0.0,0.0,0,0,0,16.0,1.0,0.0,0,0.0
90,6,7.176218277306225,4.378412615806116,3.6215873841938837,0.0,0,0,0,8.0,0.5473015769757645,3.621587384193884,1,0.0
91,6,23.544,16.0,0.0,0.0,0,0,0,16.0,1.0,0.0,0,0.0
92,6,13.112,8.0,0.0,0.0,0,0,0,8.0,1.0,0.0,0,0.0
93,6,10.432,8.0,0.0,0.0,0,0,0,8.0,1.0,0.0,0,0.0
94,6,23.544,16.0,0.0,0.0,0,0,0,16.0,1.0,0.0,0,0.0
95,6,23.544,16.0,0.0,0.0,0,0,0,16.0,1.0,0.0,0,0.0
96,6,23.544,16.0,0.0,0.0,0,0,0,16.0,1.0,0.0,0,0.0
97,6,23.544,16.0,0.0,0.0,0,0,0,16.0,1.0,0.0,0,0.0
98,6,23.544,16.0,0.0,0.0,0,0,0,16.0,1.0,0.0,0,0.0
99,6,16.206469392815468,10.37305935031861,5.626940649681391,0.0,0,0,0,16.0,0.6483162093949131,5.626940649681391,1,0.0
100,6,0.0,0.0,16.0,0.0,0,0,0,16.0,0.0,0.0,0,0.0
101,6,16.598,16.0,0.0,0.0,0,0,0,16.0,1.0,0.0,0,0.0
102,6,8.299,8.0,0.0,0.0,0,0,0,8.0,1.0,0.0,0,0.0
103,6,16.598,16.0,0.0,0.0,0,0,0,16.0,1.0,0.0,0,0.0
104,6,16.598,16.0,0.0,0.0,0,0,0,16.0,1.0,0.0,0,0.0
105,6,16.598,16.0,0.0,0.0,0,0,0,16.0,1.0,0.0,0,0.0
106,6,16.598,16.0,0.0,0.0,0,0,0,16.0,1.0,0.0,0,0.0
107,6,0.0,0.0,16.0,0.0,0,0,0,16.0,0.0,0.0,0,0.0
108,6,0.0,0.0,16.0,0.0,0,0,0,16.0,0.0,0.0,0,0.0
109,6,0.0,0.0,16.0,0.0,0,0,0,16.0,0.0,0.0,0,0.0
110,6,0.0,0.0,16.0,0.0,0,0,0,16.0,0.0,0.0,0,0.0
111,6,0.0,0.0,16.0,0.0,0,0,0,16.0,0.0,0.0,0,0.0
112,6,0.0,0.0,16.0,0.0,0,0,0,16.0,0.0,0.0,0,0.0
1,7,0.0,0.0,16.0,0.0,0,0,0,16.0,0.0,0.0,0,0.0
2,7,0.0,0.0,16.0,0.0,0,0,0,16.0,0.0,0.0,0,0.0
3,7,0.0,0.0,16.0,0.0,0,0,0,16.0,0.0,0.0,0,0.0
4,7,0.0,0.0,16.0,0.0,0,0,0,16.0,0.0,0.0,0,0.0
5,7,0.0,0.0,16.0,0.0,0,0,0,16.0,0.0,0.0,0,0.0
6,7,0.0,0.0,16.0,0.0,0,0,0,16.0,0.0,0.0,0,0.0
7,7,0.0,0.0,16.0,0.0,0,0,0,16.0,0.0,0.0,0,0.0
8,7,0.0,0.0,16.0,0.0,0,0,0,16.0,0.0,0.0,0,0.0
9,7,0.0,0.0,16.0,0.0,0,0,0,16.0,0.0,0.0,0,0.0
10,7,0.0,0.0,16.0,0.0,0,0,0,16.0,0.0,0.0,0,0.0
11,7,0.0,0.0,8.0,0.0,0,0,0,8.0,0.0,0.0,0,0.0
12,7,8.319,8.0,8.0,0.0,0,0,0,16.0,0.5,0.0,0,0.0
13,7,0.0,0.0,16.0,0.0,0,0,0,16.0,0.0,0.0,0,0.0
14,7,0.0,0.0,16.0,0.0,0,0,0,16.0,0.0,0.0,0,0.0
15,7,0.0,0.0,16.0,0.0,0,0,0,16.0,0.0,0.0,0,0.0
16,7,0.0,0.0,16.0,0.0,0,0,0,16.0,0.0,0.0,0,0.0
17,7,0.0,0.0,8.0,0.0,0,0,0,8.0,0.0,0.0,0,0.0
18,7,0.0,0.0,16.0,0.0,0,0,0,16.0,0.0,0.0,0,0.0
19,7,0.0,0.0,16.0,0.0,0,0,0,16.0,0.0,0.0,0,0.0
20,7,0.0,0.0,8.0,0.0,0,0,0,8.0,0.0,0.0,0,0.0
21,7,0.0,0.0,8.0,0.0,0,0,0,8.0,0.0,0.0,0,0.0
22,7,0.0,0.0,16.0,0.0,0,0,0,16.0,0.0,0.0,0,0.0
23,7,0.0,0.0,16.0,0.0,0,0,0,16.0,0.0,0.0,0,0.0
24,7,0.0,0.0,16.0,0.0,0,0,0,16.0,0.0,0.0,0,0.0
25,7,0.0,0.0,16.0,0.0,0,0,0,16.0,0.0,0.0,0,0.0
26,7,0.0,0.0,16.0,0.0,0,0,0,16.0,0.0,0.0,0,0.0
27,7,0.0,0.0,16.0,0.0,0,0,0,16.0,0.0,0.0,0,0.0
28,7,0.0,0.0,16.0,0.0,0,0,0,16.0,0.0,0.0,0,0.0
29,7,0.0,0.0,16.0,0.0,0,0,0,16.0,0.0,0.0,0,0.0
30,7,0.0,0.0,16.0,0.0,0,0,0,16.0,0.0,0.0,0,0.0
31,7,0.0,0.0,16.0,0.0,0,0,0,16.0,0.0,0.0,0,0.0
32,7,0.0,0.0,16.0,0.0,0,0,0,16.0,0.0,0.0,0,0.0
33,7,0.0,0.0,16.0,0.0,0,0,0,16.0,0.0,0.0,0,0.0
34,7,0.0,0.0,16.0,0.0,0,0,0,16.0,0.0,0.0,0,0.0
35,7,0.0,0.0,8.0,0.0,0,0,0,8.0,0.0,0.0,0,0.0
36,7,0.0,0.0,16.0,0.0,0,0,0,16.0,0.0,0.0,0,0.0
37,7,23.544,16.0,0.0,0.0,0,0,0,16.0,1.0,0.0,0,0.0
38,7,23.544,16.0,0.0,0.0,0,0,0,16.0,1.0,0.0,0,0.0
39,7,18.072050924144996,11.803720033853523,4.196279966146477,0.0,0,0,0,16.0,0.7377325021158452,4.196279966146477,1,0.0
40,7,19.40731517918599,12.827695689559807,3.172304310440193,0.0,0,0,0,16.0,0.8017309805974879,3.1723043104401927,1,0.0
41,7,23.544,16.0,0.0,0.0,0,0,0,16.0,1.0,0.0,0,0.0
42,7,23.544,16.0,0.0,0.0,0,0,0,16.0,1.0,0.0,0,0.0
43,7,23.544,16.0,0.0,0.0,0,0,0,16.0,1.0,0.0,0,0.0
44,7,10.432,8.0,0.0,0.0,0,0,0,8.0,1.0,0.0,0,0.0
45,7,23.544,16.0,0.0,0.0,0,0,0,16.0,1.0,0.0,0,0.0
46,7,14.359818104086788,10.396472302676502,5.603527697323498,0.0,0,0,0,16.0,0.6497795189172814,5.603527697323498,1,0.0
47,7,23.544,16.0,0.0,0.0,0,0,0,16.0,1.0,0.0,0,0.0
48,7,23.544,16.0,0.0,0.0,0,0,0,16.0,1.0,0.0,0,0.0
49,7,23.544,16.0,0.0,0.0,0,0,0,16.0,1.0,0.0,0,0.0
50,7,23.544,16.0,0.0,0.0,0,0,0,16.0,1.0,0.0,0,0.0
51,7,23.544,16.0,0.0,0.0,0,0,0,16.0,1.0,0.0,0,0.0
52,7,23.544,16.0,0.0,0.0,0,0,0,16.0,1.0,0.0,0,0.0
53,7,13.112,8.0,0.0,0.0,0,0,0,8.0,1.0,0.0,0,0.0
54,7,16.4808,16.0,0.0,0.0,0,0,0,16.0,1.0,0.0,0,0.6
55,7,23.544,16.0,0.0,0.0,0,0,0,16.0,1.0,0.0,0,0.0
56,7,23.544,16.0,0.0,0.0,0,0,0,16.0,1.0,0.0,0,0.0
57,7,19.896,16.0,0.0,0.0,0,0,0,16.0,1.0,0.0,0,0.0
58,7,19.896,16.0,0.0,0.0,0,0,0,16.0,1.0,0.0,0,0.0
59,7,9.948,8.0,0.0,0.0,0,0,0,8.0,1.0,0.0,0,0.0
60,7,9.948,8.0,0.0,0.0,0,0,0,8.0,1.0,0.0,0,0.0
61,7,19.896,16.0,0.0,0.0,0,0,0,16.0,1.0,0.0,0,0.0
62,7,23.544,16.0,0.0,0.0,0,0,0,16.0,1.0,0.0,0,0.0
63,7,13.112,8.0,0.0,0.0,0,0,0,8.0,1.0,0.0,0,0.0
64,7,23.544,16.0,0.0,0.0,0,0,0,16.0,1.0,0.0,0,0.0
65,7,13.112,8.0,0.0,0.0,0,0,0,8.0,1.0,0.0,0,0.0
66,7,9.1784,8.0,0.0,0.0,0,0,0,8.0,1.0,0.0,0,0.3
67,7,23.544,16.0,0.0,0.0,0,0,0,16.0,1.0,0.0,0,0.0
68,7,23.544,16.0,0.0,0.0,0,0,0,16.0,1.0,0.0,0,0.0
69,7,16.4808,16.0,0.0,0.0,0,0,0,16.0,1.0,0.0,0,0.6
70,7,23.544,16.0,0.0,0.0,0,0,0,16.0,1.0,0.0,0,0.0
71,7,10.432,8.0,0.0,0.0,0,0,0,8.0,1.0,0.0,0,0.0
72,7,23.544,16.0,0.0,0.0,0,0,0,16.0,1.0,0.0,0,0.0
73,7,18.011578575940806,11.757345533696938,4.242654466303062,0.0,0,0,0,16.0,0.7348340958560586,4.242654466303063,1,0.0
74,7,6.072111014515673,3.704765719655688,4.295234280344312,0.0,0,0,0,8.0,0.463095714956961,4.295234280344312,1,0.0
75,7,7.3024,8.0,0.0,0.0,0,0,0,8.0,1.0,0.0,0,0.3
77,7,23.544,16.0,0.0,0.0,0,0,0,16.0,1.0,0.0,0,0.0
78,7,23.544,16.0,0.0,0.0,0,0,0,16.0,1.0,0.0,0,0.0
79,7,23.544,16.0,0.0,0.0,0,0,0,16.0,1.0,0.0,0,0.0
80,7,16.4808,16.0,0.0,0.0,0,0,0,16.0,1.0,0.0,0,0.6
81,7,23.544,16.0,0.0,0.0,0,0,0,16.0,1.0,0.0,0,0.0
82,7,13.112,8.0,0.0,0.0,0,0,0,8.0,1.0,0.0,0,0.0
83,7,23.544,16.0,0.0,0.0,0,0,0,16.0,1.0,0.0,0,0.0
84,7,23.544,16.0,0.0,0.0,0,0,0,16.0,1.0,0.0,0,0.0
85,7,23.544,16.0,0.0,0.0,0,0,0,16.0,1.0,0.0,0,0.0
86,7,23.544,16.0,0.0,0.0,0,0,0,16.0,1.0,0.0,0,0.0
87,7,16.12506866225344,11.473501319251639,4.526498680748361,0.0,0,0,0,16.0,0.7170938324532274,4.52649868074836,1,0.0
88,7,23.544,16.0,0.0,0.0,0,0,0,16.0,1.0,0.0,0,0.0
89,7,23.544,16.0,0.0,0.0,0,0,0,16.0,1.0,0.0,0,0.0
90,7,13.112,8.0,0.0,0.0,0,0,0,8.0,1.0,0.0,0,0.0
91,7,23.544,16.0,0.0,0.0,0,0,0,16.0,1.0,0.0,0,0.0
92,7,13.112,8.0,0.0,0.0,0,0,0,8.0,1.0,0.0,0,0.0
93,7,10.432,8.0,0.0,0.0,0,0,0,8.0,1.0,0.0,0,0.0
94,7,16.4808,16.0,0.0,0.0,0,0,0,16.0,1.0,0.0,0,0.6
95,7,23.544,16.0,0.0,0.0,0,0,0,16.0,1.0,0.0,0,0.0
96,7,23.544,16.0,0.0,0.0,0,0,0,16.0,1.0,0.0,0,0.0
97,7,23.544,16.0,0.0,0.0,0,0,0,16.0,1.0,0.0,0,0.0
98,7,23.544,16.0,0.0,0.0,0,0,0,16.0,1.0,0.0,0,0.0
99,7,23.544,16.0,0.0,0.0,0,0,0,16.0,1.0,0.0,0,0.0
100,7,0.0,0.0,16.0,0.0,0,0,0,16.0,0.0,0.0,0,0.0
101,7,16.598,16.0,0.0,0.0,0,0,0,16.0,1.0,0.0,0,0.0
102,7,8.299,8.0,0.0,0.0,0,0,0,8.0,1.0,0.0,0,0.0
103,7,16.598,16.0,0.0,0.0,0,0,0,16.0,1.0,0.0,0,0.0
104,7,16.598,16.0,0.0,0.0,0,0,0,16.0,1.0,0.0,0,0.0
105,7,16.598,16.0,0.0,0.0,0,0,0,16.0,1.0,0.0,0,0.0
106,7,10.309598106643016,16.0,0.0,0.0,0,0,0,16.0,1.0,0.0,0,0.0
107,7,0.0,0.0,16.0,0.0,0,0,0,16.0,0.0,0.0,0,0.0
108,7,0.0,0.0,16.0,0.0,0,0,0,16.0,0.0,0.0,0,0.0
109,7,0.0,0.0,16.0,0.0,0,0,0,16.0,0.0,0.0,0,0.0
110,7,0.0,0.0,16.0,0.0,0,0,0,16.0,0.0,0.0,0,0.0
111,7,0.0,0.0,16.0,0.0,0,0,0,16.0,0.0,0.0,0,0.0
112,7,0.0,0.0,16.0,0.0,0,0,0,16.0,0.0,0.0,0,0.0
1,8,0.0,0.0,16.0,0.0,0,0,0,16.0,0.0,0.0,0,0.0
2,8,0.0,0.0,16.0,0.0,0,0,0,16.0,0.0,0.0,0,0.0
3,8,0.0,0.0,16.0,0.0,0,0,0,16.0,0.0,0.0,0,0.0
4,8,0.0,0.0,16.0,0.0,0,0,0,16.0,0.0,0.0,0,0.0
5,8,0.0,0.0,16.0,0.0,0,0,0,16.0,0.0,0.0,0,0.0
6,8,0.0,0.0,16.0,0.0,0,0,0,16.0,0.0,0.0,0,0.0
7,8,0.0,0.0,16.0,0.0,0,0,0,16.0,0.0,0.0,0,0.0
8,8,0.0,0.0,16.0,0.0,0,0,0,16.0,0.0,0.0,0,0.0
9,8,0.0,0.0,16.0,0.0,0,0,0,16.0,0.0,0.0,0,0.0
10,8,0.0,0.0,16.0,0.0,0,0,0,16.0,0.0,0.0,0,0.0
11,8,0.0,0.0,8.0,0.0,0,0,0,8.0,0.0,0.0,0,0.0
12,8,8.319,8.0,8.0,0.0,0,0,0,16.0,0.5,0.0,0,0.0
13,8,0.0,0.0,16.0,0.0,0,0,0,16.0,0.0,0.0,0,0.0
14,8,0.0,0.0,16.0,0.0,0,0,0,16.0,0.0,0.0,0,0.0
15,8,0.0,0.0,16.0,0.0,0,0,0,16.0,0.0,0.0,0,0.0
16,8,0.0,0.0,16.0,0.0,0,0,0,16.0,0.0,0.0,0,0.0
17,8,0.0,0.0,8.0,0.0,0,0,0,8.0,0.0,0.0,0,0.0
18,8,0.0,0.0,16.0,0.0,0,0,0,16.0,0.0,0.0,0,0.0
19,8,0.0,0.0,16.0,0.0,0,0,0,16.0,0.0,0.0,0,0.0
20,8,0.0,0.0,8.0,0.0,0,0,0,8.0,0.0,0.0,0,0.0
21,8,0.0,0.0,8.0,0.0,0,0,0,8.0,0.0,0.0,0,0.0
22,8,0.0,0.0,16.0,0.0,0,0,0,16.0,0.0,0.0,0,0.0
23,8,0.0,0.0,16.0,0.0,0,0,0,16.0,0.0,0.0,0,0.0
24,8,0.0,0.0,16.0,0.0,0,0,0,16.0,0.0,0.0,0,0.0
25,8,0.0,0.0,16.0,0.0,0,0,0,16.0,0.0,0.0,0,0.0
26,8,0.0,0.0,16.0,0.0,0,0,0,16.0,0.0,0.0,0,0.0
27,8,0.0,0.0,16.0,0.0,0,0,0,16.0,0.0,0.0,0,0.0
28,8,0.0,0.0,16.0,0.0,0,0,0,16.0,0.0,0.0,0,0.0
29,8,0.0,0.0,16.0,0.0,0,0,0,16.0,0.0,0.0,0,0.0
30,8,0.0,0.0,16.0,0.0,0,0,0,16.0,0.0,0.0,0,0.0
31,8,0.0,0.0,16.0,0.0,0,0,0,16.0,0.0,0.0,0,0.0
32,8,0.0,0.0,16.0,0.0,0,0,0,16.0,0.0,0.0,0,0.0
33,8,0.0,0.0,16.0,0.0,0,0,0,16.0,0.0,0.0,0,0.0
34,8,0.0,0.0,16.0,0.0,0,0,0,16.0,0.0,0.0,0,0.0
35,8,0.0,0.0,8.0,0.0,0,0,0,8.0,0.0,0.0,0,0.0
36,8,0.0,0.0,16.0,0.0,0,0,0,16.0,0.0,0.0,0,0.0
37,8,16.4808,16.0,0.0,0.0,0,0,0,16.0,1.0,0.0,0,0.6
38,8,23.544,16.0,0.0,0.0,0,0,0,16.0,1.0,0.0,0,0.0
39,8,16.4808,16.0,0.0,0.0,0,0,0,16.0,1.0,0.0,0,0.6
40,8,23.544,16.0,0.0,0.0,0,0,0,16.0,1.0,0.0,0,0.0
41,8,23.544,16.0,0.0,0.0,0,0,0,16.0,1.0,0.0,0,0.0
42,8,23.544,16.0,0.0,0.0,0,0,0,16.0,1.0,0.0,0,0.0
43,8,23.544,16.0,0.0,0.0,0,0,0,16.0,1.0,0.0,0,0.0
44,8,10.432,8.0,0.0,0.0,0,0,0,8.0,1.0,0.0,0,0.0
45,8,23.544,16.0,0.0,0.0,0,0,0,16.0,1.0,0.0,0,0.0
46,8,23.544,16.0,0.0,0.0,0,0,0,16.0,1.0,0.0,0,0.0
47,8,17.743967303669958,11.552122165391072,4.447877834608928,0.0,0,0,0,16.0,0.722007635336942,4.447877834608929,1,0.0
48,8,23.544,16.0,0.0,0.0,0,0,0,16.0,1.0,0.0,0,0.0
49,8,23.544,16.0,0.0,0.0,0,0,0,16.0,1.0,0.0,0,0.0
50,8,23.544,16.0,0.0,0.0,0,0,0,16.0,1.0,0.0,0,0.0
51,8,23.544,16.0,0.0,0.0,0,0,0,16.0,1.0,0.0,0,0.0
52,8,23.544,16.0,0.0,0.0,0,0,0,16.0,1.0,0.0,0,0.0
53,8,13.112,8.0,0.0,0.0,0,0,0,8.0,1.0,0.0,0,0.0
54,8,16.47307277099039,11.685828414271136,4.3141715857288645,0.0,0,0,0,16.0,0.730364275891946,4.3141715857288645,1,0.0
55,8,23.544,16.0,0.0,0.0,0,0,0,16.0,1.0,0.0,0,0.0
56,8,23.544,16.0,0.0,0.0,0,0,0,16.0,1.0,0.0,0,0.0
57,8,19.896,16.0,0.0,0.0,0,0,0,16.0,1.0,0.0,0,0.0
58,8,6.515553749277072,16.0,0.0,0.0,0,0,0,16.0,1.0,0.0,0,0.6
59,8,9.948,8.0,0.0,0.0,0,0,0,8.0,1.0,0.0,0,0.0
60,8,9.948,8.0,0.0,0.0,0,0,0,8.0,1.0,0.0,0,0.0
61,8,16.120361906315313,12.963700769051318,3.036299230948682,0.0,0,0,0,16.0,0.8102312980657074,3.036299230948683,1,0.0
62,8,23.544,16.0,0.0,0.0,0,0,0,16.0,1.0,0.0,0,0.0
63,8,13.112,8.0,0.0,0.0,0,0,0,8.0,1.0,0.0,0,0.0
64,8,23.544,16.0,0.0,0.0,0,0,0,16.0,1.0,0.0,0,0.0
65,8,13.112,8.0,0.0,0.0,0,0,0,8.0,1.0,0.0,0,0.0
66,8,13.112,8.0,0.0,0.0,0,0,0,8.0,1.0,0.0,0,0.0
67,8,23.544,16.0,0.0,0.0,0,0,0,16.0,1.0,0.0,0,0.0
68,8,23.544,16.0,0.0,0.0,0,0,0,16.0,1.0,0.0,0,0.0
69,8,23.544,16.0,0.0,0.0,0,0,0,16.0,1.0,0.0,0,0.0
70,8,23.544,16.0,0.0,0.0,0,0,0,16.0,1.0,0.0,0,0.0
71,8,7.3024,8.0,0.0,0.0,0,0,0,8.0,1.0,0.0,0,0.3
72,8,23.544,16.0,0.0,0.0,0,0,0,16.0,1.0,0.0,0,0.0
73,8,23.544,16.0,0.0,0.0,0,0,0,16.0,1.0,0.0,0,0.0
74,8,13.112,8.0,0.0,0.0,0,0,0,8.0,1.0,0.0,0,0.0
75,8,2.7637835675196545,3.027808465731436,4.972191534268564,0.0,0,0,0,8.0,0.3784760582164295,4.972191534268564,1,0.3
77,8,23.544,16.0,0.0,0.0,0,0,0,16.0,1.0,0.0,0,0.0
78,8,23.544,16.0,0.0,0.0,0,0,0,16.0,1.0,0.0,0,0.0
79,8,23.544,16.0,0.0,0.0,0,0,0,16.0,1.0,0.0,0,0.0
80,8,23.544,16.0,0.0,0.0,0,0,0,16.0,1.0,0.0,0,0.0
81,8,23.544,16.0,0.0,0.0,0,0,0,16.0,1.0,0.0,0,0.0
82,8,6.537618560438882,3.9887849667107274,4.011215033289273,0.0,0,0,0,8.0,0.4985981208388409,4.011215033289273,1,0.0
83,8,23.544,16.0,0.0,0.0,0,0,0,16.0,1.0,0.0,0,0.0
84,8,23.544,16.0,0.0,0.0,0,0,0,16.0,1.0,0.0,0,0.0
85,8,23.544,16.0,0.0,0.0,0,0,0,16.0,1.0,0.0,0,0.0
86,8,23.544,16.0,0.0,0.0,0,0,0,16.0,1.0,0.0,0,0.0
87,8,16.4808,16.0,0.0,0.0,0,0,0,16.0,1.0,0.0,0,0.6
88,8,23.544,16.0,0.0,0.0,0,0,0,16.0,1.0,0.0,0,0.0
89,8,16.4808,16.0,0.0,0.0,0,0,0,16.0,1.0,0.0,0,0.6
90,8,13.112,8.0,0.0,0.0,0,0,0,8.0,1.0,0.0,0,0.0
91,8,23.544,16.0,0.0,0.0,0,0,0,16.0,1.0,0.0,0,0.0
92,8,13.112,8.0,0.0,0.0,0,0,0,8.0,1.0,0.0,0,0.0
93,8,4.307423195033157,3.303238646497819,4.696761353502181,0.0,0,0,0,8.0,0.4129048308122274,4.696761353502181,1,0.0
94,8,23.544,16.0,0.0,0.0,0,0,0,16.0,1.0,0.0,0,0.0
95,8,23.544,16.0,0.0,0.0,0,0,0,16.0,1.0,0.0,0,0.0
96,8,23.544,16.0,0.0,0.0,0,0,0,16.0,1.0,0.0,0,0.0
97,8,23.544,16.0,0.0,0.0,0,0,0,16.0,1.0,0.0,0,0.0
98,8,23.544,16.0,0.0,0.0,0,0,0,16.0,1.0,0.0,0,0.0
99,8,23.544,16.0,0.0,0.0,0,0,0,16.0,1.0,0.0,0,0.0
100,8,0.0,0.0,16.0,0.0,0,0,0,16.0,0.0,0.0,0,0.0
101,8,16.598,16.0,0.0,0.0,0,0,0,16.0,1.0,0.0,0,0.0
102,8,8.299,8.0,0.0,0.0,0,0,0,8.0,1.0,0.0,0,0.0
103,8,16.598,16.0,0.0,0.0,0,0,0,16.0,1.0,0.0,0,0.0
104,8,16.598,16.0,0.0,0.0,0,0,0,16.0,1.0,0.0,0,0.0
105,8,16.598,16.0,0.0,0.0,0,0,0,16.0,1.0,0.0,0,0.0
106,8,7.11172448252525,9.79357166271358,6.20642833728642,0.0,0,0,0,16.0,0.6120982289195988,6.20642833728642,1,0.6
107,8,0.0,0.0,16.0,0.0,0,0,0,16.0,0.0,0.0,0,0.0
108,8,0.0,0.0,16.0,0.0,0,0,0,16.0,0.0,0.0,0,0.0
109,8,0.0,0.0,16.0,0.0,0,0,0,16.0,0.0,0.0,0,0.0
110,8,0.0,0.0,16.0,0.0,0,0,0,16.0,0.0,0.0,0,0.0
111,8,0.0,0.0,16.0,0.0,0,0,0,16.0,0.0,0.0,0,0.0
112,8,0.0,0.0,16.0,0.0,0,0,0,16.0,0.0,0.0,0,0.0
1,9,0.0,0.0,16.0,0.0,0,0,0,16.0,0.0,0.0,0,0.0
2,9,0.0,0.0,16.0,0.0,0,0,0,16.0,0.0,0.0,0,0.0
3,9,0.0,0.0,16.0,0.0,0,0,0,16.0,0.0,0.0,0,0.0
4,9,0.0,0.0,16.0,0.0,0,0,0,16.0,0.0,0.0,0,0.0
5,9,0.0,0.0,16.0,0.0,0,0,0,16.0,0.0,0.0,0,0.0
6,9,0.0,0.0,16.0,0.0,0,0,0,16.0,0.0,0.0,0,0.0
7,9,0.0,0.0,16.0,0.0,0,0,0,16.0,0.0,0.0,0,0.0
8,9,0.0,0.0,16.0,0.0,0,0,0,16.0,0.0,0.0,0,0.0
9,9,0.0,0.0,16.0,0.0,0,0,0,16.0,0.0,0.0,0,0.0
10,9,0.0,0.0,16.0,0.0,0,0,0,16.0,0.0,0.0,0,0.0
11,9,0.0,0.0,8.0,0.0,0,0,0,8.0,0.0,0.0,0,0.0
12,9,8.319,8.0,8.0,0.0,0,0,0,16.0,0.5,0.0,0,0.0
13,9,0.0,0.0,16.0,0.0,0,0,0,16.0,0.0,0.0,0,0.0
14,9,0.0,0.0,16.0,0.0,0,0,0,16.0,0.0,0.0,0,0.0
15,9,0.0,0.0,16.0,0.0,0,0,0,16.0,0.0,0.0,0,0.0
16,9,0.0,0.0,16.0,0.0,0,0,0,16.0,0.0,0.0,0,0.0
17,9,0.0,0.0,8.0,0.0,0,0,0,8.0,0.0,0.0,0,0.0
18,9,0.0,0.0,16.0,0.0,0,0,0,16.0,0.0,0.0,0,0.0
19,9,0.0,0.0,16.0,0.0,0,0,0,16.0,0.0,0.0,0,0.0
20,9,0.0,0.0,8.0,0.0,0,0,0,8.0,0.0,0.0,0,0.0
21,9,0.0,0.0,8.0,0.0,0,0,0,8.0,0.0,0.0,0,0.0
22,9,0.0,0.0,16.0,0.0,0,0,0,16.0,0.0,0.0,0,0.0
23,9,0.0,0.0,16.0,0.0,0,0,0,16.0,0.0,0.0,0,0.0
24,9,0.0,0.0,16.0,0.0,0,0,0,16.0,0.0,0.0,0,0.0
25,9,0.0,0.0,16.0,0.0,0,0,0,16.0,0.0,0.0,0,0.0
26,9,0.0,0.0,16.0,0.0,0,0,0,16.0,0.0,0.0,0,0.0
27,9,0.0,0.0,16.0,0.0,0,0,0,16.0,0.0,0.0,0,0.0
28,9,0.0,0.0,16.0,0.0,0,0,0,16.0,0.0,0.0,0,0.0
29,9,0.0,0.0,16.0,0.0,0,0,0,16.0,0.0,0.0,0,0.0
30,9,0.0,0.0,16.0,0.0,0,0,0,16.0,0.0,0.0,0,0.0
31,9,0.0,0.0,16.0,0.0,0,0,0,16.0,0.0,0.0,0,0.0
32,9,0.0,0.0,16.0,0.0,0,0,0,16.0,0.0,0.0,0,0.0
33,9,0.0,0.0,16.0,0.0,0,0,0,16.0,0.0,0.0,0,0.0
34,9,0.0,0.0,16.0,0.0,0,0,0,16.0,0.0,0.0,0,0.0
35,9,0.0,0.0,8.0,0.0,0,0,0,8.0,0.0,0.0,0,0.0
36,9,0.0,0.0,16.0,0.0,0,0,0,16.0,0.0,0.0,0,0.0
37,9,23.544,16.0,0.0,0.0,0,0,0,16.0,1.0,0.0,0,0.0
38,9,23.544,16.0,0.0,0.0,0,0,0,16.0,1.0,0.0,0,0.0
39,9,23.544,16.0,0.0,0.0,0,0,0,16.0,1.0,0.0,0,0.0
40,9,23.544,16.0,0.0,0.0,0,0,0,16.0,1.0,0.0,0,0.0
41,9,23.544,16.0,0.0,0.0,0,0,0,16.0,1.0,0.0,0,0.0
42,9,23.544,16.0,0.0,0.0,0,0,0,16.0,1.0,0.0,0,0.0
43,9,16.4808,16.0,0.0,0.0,0,0,0,16.0,1.0,0.0,0,0.6
44,9,10.432,8.0,0.0,0.0,0,0,0,8.0,1.0,0.0,0,0.0
45,9,23.544,16.0,0.0,0.0,0,0,0,16.0,1.0,0.0,0,0.0
46,9,12.692042660006905,11.849301774766548,4.150698225233452,0.0,0,0,0,16.0,0.7405813609229093,4.150698225233452,1,0.6
47,9,23.544,16.0,0.0,0.0,0,0,0,16.0,1.0,0.0,0,0.0
48,9,23.544,16.0,0.0,0.0,0,0,0,16.0,1.0,0.0,0,0.0
49,9,23.544,16.0,0.0,0.0,0,0,0,16.0,1.0,0.0,0,0.0
50,9,23.544,16.0,0.0,0.0,0,0,0,16.0,1.0,0.0,0,0.0
51,9,23.544,16.0,0.0,0.0,0,0,0,16.0,1.0,0.0,0,0.0
52,9,23.544,16.0,0.0,0.0,0,0,0,16.0,1.0,0.0,0,0.0
53,9,13.112,8.0,0.0,0.0,0,0,0,8.0,1.0,0.0,0,0.0
54,9,23.544,16.0,0.0,0.0,0,0,0,16.0,1.0,0.0,0,0.0
55,9,23.544,16.0,0.0,0.0,0,0,0,16.0,1.0,0.0,0,0.0
56,9,16.308649037001175,16.0,0.0,0.0,0,0,0,16.0,1.0,0.0,0,0.0
57,9,19.896,16.0,0.0,0.0,0,0,0,16.0,1.0,0.0,0,0.0
58,9,19.896,16.0,0.0,0.0,0,0,0,16.0,1.0,0.0,0,0.0
59,9,9.948,8.0,0.0,0.0,0,0,0,8.0,1.0,0.0,0,0.0
60,9,9.948,8.0,0.0,0.0,0,0,0,8.0,1.0,0.0,0,0.0
61,9,19.896,16.0,0.0,0.0,0,0,0,16.0,1.0,0.0,0,0.0
62,9,23.544,16.0,0.0,0.0,0,0,0,16.0,1.0,0.0,0,0.0
63,9,13.112,8.0,0.0,0.0,0,0,0,8.0,1.0,0.0,0,0.0
64,9,23.544,16.0,0.0,0.0,0,0,0,16.0,1.0,0.0,0,0.0
65,9,13.112,8.0,0.0,0.0,0,0,0,8.0,1.0,0.0,0,0.0
66,9,13.112,8.0,0.0,0.0,0,0,0,8.0,1.0,0.0,0,0.0
67,9,23.544,16.0,0.0,0.0,0,0,0,16.0,1.0,0.0,0,0.0
68,9,23.544,16.0,0.0,0.0,0,0,0,16.0,1.0,0.0,0,0.0
69,9,23.544,16.0,0.0,0.0,0,0,0,16.0,1.0,0.0,0,0.0
70,9,23.544,16.0,0.0,0.0,0,0,0,16.0,1.0,0.0,0,0.0
71,9,10.432,8.0,0.0,0.0,0,0,0,8.0,1.0,0.0,0,0.0
72,9,23.544,16.0,0.0,0.0,0,0,0,16.0,1.0,0.0,0,0.0
73,9,23.544,16.0,0.0,0.0,0,0,0,16.0,1.0,0.0,0,0.0
74,9,13.112,8.0,0.0,0.0,0,0,0,8.0,1.0,0.0,0,0.0
75,9,10.432,8.0,0.0,0.0,0,0,0,8.0,1.0,0.0,0,0.0
77,9,23.544,16.0,0.0,0.0,0,0,0,16.0,1.0,0.0,0,0.0
78,9,23.544,16.0,0.0,0.0,0,0,0,16.0,1.0,0.0,0,0.0
79,9,23.544,16.0,0.0,0.0,0,0,0,16.0,1.0,0.0,0,0.0
80,9,23.544,16.0,0.0,0.0,0,0,0,16.0,1.0,0.0,0,0.0
81,9,16.4808,16.0,0.0,0.0,0,0,0,16.0,1.0,0.0,0,0.6
82,9,13.112,8.0,0.0,0.0,0,0,0,8.0,1.0,0.0,0,0.0
83,9,23.544,16.0,0.0,0.0,0,0,0,16.0,1.0,0.0,0,0.0
84,9,18.625609422517947,16.0,0.0,0.0,0,0,0,16.0,1.0,0.0,0,0.0
85,9,23.544,16.0,0.0,0.0,0,0,0,16.0,1.0,0.0,0,0.0
86,9,23.544,16.0,0.0,0.0,0,0,0,16.0,1.0,0.0,0,0.0
87,9,23.544,16.0,0.0,0.0,0,0,0,16.0,1.0,0.0,0,0.0
88,9,23.544,16.0,0.0,0.0,0,0,0,16.0,1.0,0.0,0,0.0
89,9,23.544,16.0,0.0,0.0,0,0,0,16.0,1.0,0.0,0,0.0
90,9,13.112,8.0,0.0,0.0,0,0,0,8.0,1.0,0.0,0,0.0
91,9,23.544,16.0,0.0,0.0,0,0,0,16.0,1.0,0.0,0,0.0
92,9,13.112,8.0,0.0,0.0,0,0,0,8.0,1.0,0.0,0,0.0
93,9,10.432,8.0,0.0,0.0,0,0,0,8.0,1.0,0.0,0,0.0
94,9,23.544,16.0,0.0,0.0,0,0,0,16.0,1.0,0.0,0,0.0
95,9,23.544,16.0,0.0,0.0,0,0,0,16.0,1.0,0.0,0,0.0
96,9,23.544,16.0,0.0,0.0,0,0,0,16.0,1.0,0.0,0,0.0
97,9,23.544,16.0,0.0,0.0,0,0,0,16.0,1.0,0.0,0,0.0
98,9,23.544,16.0,0.0,0.0,0,0,0,16.0,1.0,0.0,0,0.0
99,9,23.544,16.0,0.0,0.0,0,0,0,16.0,1.0,0.0,0,0.0
100,9,0.0,0.0,16.0,0.0,0,0,0,16.0,0.0,0.0,0,0.0
101,9,16.598,16.0,0.0,0.0,0,0,0,16.0,1.0,0.0,0,0.0
102,9,8.299,8.0,0.0,0.0,0,0,0,8.0,1.0,0.0,0,0.0
103,9,11.618599999999999,16.0,0.0,0.0,0,0,0,16.0,1.0,0.0,0,0.6
104,9,6.860022637327162,16.0,0.0,0.0,0,0,0,16.0,1.0,0.0,0,0.0
105,9,16.598,16.0,0.0,0.0,0,0,0,16.0,1.0,0.0,0,0.0
106,9,16.598,16.0,0.0,0.0,0,0,0,16.0,1.0,0.0,0,0.0
107,9,0.0,0.0,16.0,0.0,0,0,0,16.0,0.0,0.0,0,0.0
108,9,0.0,0.0,16.0,0.0,0,0,0,16.0,0.0,0.0,0,0.0
109,9,0.0,0.0,16.0,0.0,0,0,0,16.0,0.0,0.0,0,0.0
110,9,0.0,0.0,16.0,0.0,0,0,0,16.0,0.0,0.0,0,0.0
111,9,0.0,0.0,16.0,0.0,0,0,0,16.0,0.0,0.0,0,0.0
112,9,0.0,0.0,16.0,0.0,0,0,0,16.0,0.0,0.0,0,0.0
1,10,0.0,0.0,16.0,0.0,0,0,0,16.0,0.0,0.0,0,0.0
2,10,0.0,0.0,16.0,0.0,0,0,0,16.0,0.0,0.0,0,0.0
3,10,0.0,0.0,16.0,0.0,0,0,0,16.0,0.0,0.0,0,0.0
4,10,0.0,0.0,16.0,0.0,0,0,0,16.0,0.0,0.0,0,0.0
5,10,0.0,0.0,16.0,0.0,0,0,0,16.0,0.0,0.0,0,0.0
6,10,0.0,0.0,16.0,0.0,0,0,0,16.0,0.0,0.0,0,0.0
7,10,0.0,0.0,16.0,0.0,0,0,0,16.0,0.0,0.0,0,0.0
8,10,0.0,0.0,16.0,0.0,0,0,0,16.0,0.0,0.0,0,0.0
9,10,0.0,0.0,16.0,0.0,0,0,0,16.0,0.0,0.0,0,0.0
10,10,0.0,0.0,16.0,0.0,0,0,0,16.0,0.0,0.0,0,0.0
11,10,0.0,0.0,8.0,0.0,0,0,0,8.0,0.0,0.0,0,0.0
12,10,8.319,8.0,8.0,0.0,0,0,0,16.0,0.5,0.0,0,0.0
13,10,0.0,0.0,16.0,0.0,0,0,0,16.0,0.0,0.0,0,0.0
14,10,0.0,0.0,16.0,0.0,0,0,0,16.0,0.0,0.0,0,0.0
15,10,0.0,0.0,16.0,0.0,0,0,0,16.0,0.0,0.0,0,0.0
16,10,0.0,0.0,16.0,0.0,0,0,0,16.0,0.0,0.0,0,0.0
17,10,0.0,0.0,8.0,0.0,0,0,0,8.0,0.0,0.0,0,0.0
18,10,0.0,0.0,16.0,0.0,0,0,0,16.0,0.0,0.0,0,0.0
19,10,0.0,0.0,16.0,0.0,0,0,0,16.0,0.0,0.0,0,0.0
20,10,0.0,0.0,8.0,0.0,0,0,0,8.0,0.0,0.0,0,0.0
21,10,0.0,0.0,8.0,0.0,0,0,0,8.0,0.0,0.0,0,0.0
22,10,0.0,0.0,16.0,0.0,0,0,0,16.0,0.0,0.0,0,0.0
23,10,0.0,0.0,16.0,0.0,0,0,0,16.0,0.0,0.0,0,0.0
24,10,0.0,0.0,16.0,0.0,0,0,0,16.0,0.0,0.0,0,0.0
25,10,0.0,0.0,16.0,0.0,0,0,0,16.0,0.0,0.0,0,0.0
26,10,0.0,0.0,16.0,0.0,0,0,0,16.0,0.0,0.0,0,0.0
27,10,0.0,0.0,16.0,0.0,0,0,0,16.0,0.0,0.0,0,0.0
28,10,0.0,0.0,16.0,0.0,0,0,0,16.0,0.0,0.0,0,0.0
29,10,0.0,0.0,16.0,0.0,0,0,0,16.0,0.0,0.0,0,0.0
30,10,0.0,0.0,16.0,0.0,0,0,0,16.0,0.0,0.0,0,0.0
31,10,0.0,0.0,16.0,0.0,0,0,0,16.0,0.0,0.0,0,0.0
32,10,0.0,0.0,16.0,0.0,0,0,0,16.0,0.0,0.0,0,0.0
33,10,0.0,0.0,16.0,0.0,0,0,0,16.0,0.0,0.0,0,0.0
34,10,0.0,0.0,16.0,0.0,0,0,0,16.0,0.0,0.0,0,0.0
35,10,0.0,0.0,8.0,0.0,0,0,0,8.0,0.0,0.0,0,0.0
36,10,0.0,0.0,16.0,0.0,0,0,0,16.0,0.0,0.0,0,0.0
37,10,23.544,16.0,0.0,0.0,0,0,0,16.0,1.0,0.0,0,0.0
38,10,23.544,16.0,0.0,0.0,0,0,0,16.0,1.0,0.0,0,0.0
39,10,23.544,16.0,0.0,0.0,0,0,0,16.0,1.0,0.0,0,0.0
40,10,23.544,16.0,0.0,0.0,0,0,0,16.0,1.0,0.0,0,0.0
41,10,23.544,16.0,0.0,0.0,0,0,0,16.0,1.0,0.0,0,0.0
42,10,23.544,16.0,0.0,0.0,0,0,0,16.0,1.0,0.0,0,0.0
43,10,23.544,16.0,0.0,0.0,0,0,0,16.0,1.0,0.0,0,0.0
44,10,10.432,8.0,0.0,0.0,0,0,0,8.0,1.0,0.0,0,0.0
45,10,23.544,16.0,0.0,0.0,0,0,0,16.0,1.0,0.0,0,0.0
46,10,23.544,16.0,0.0,0.0,0,0,0,16.0,1.0,0.0,0,0.0
47,10,23.544,16.0,0.0,0.0,0,0,0,16.0,1.0,0.0,0,0.0
48,10,23.544,16.0,0.0,0.0,0,0,0,16.0,1.0,0.0,0,0.0
49,10,23.544,16.0,0.0,0.0,0,0,0,16.0,1.0,0.0,0,0.0
50,10,23.544,16.0,0.0,0.0,0,0,0,16.0,1.0,0.0,0,0.0
51,10,23.544,16.0,0.0,0.0,0,0,0,16.0,1.0,0.0,0,0.0
52,10,23.544,16.0,0.0,0.0,0,0,0,16.0,1.0,0.0,0,0.0
53,10,6.683978700700464,4.078083404942321,3.921916595057679,0.0,0,0,0,8.0,0.5097604256177901,3.921916595057679,1,0.0
54,10,16.4808,16.0,0.0,0.0,0,0,0,16.0,1.0,0.0,0,0.6
55,10,23.544,16.0,0.0,0.0,0,0,0,16.0,1.0,0.0,0,0.0
56,10,23.544,16.0,0.0,0.0,0,0,0,16.0,1.0,0.0,0,0.0
57,10,19.896,16.0,0.0,0.0,0,0,0,16.0,1.0,0.0,0,0.0
58,10,19.896,16.0,0.0,0.0,0,0,0,16.0,1.0,0.0,0,0.0
59,10,9.948,8.0,0.0,0.0,0,0,0,8.0,1.0,0.0,0,0.0
60,10,9.948,8.0,0.0,0.0,0,0,0,8.0,1.0,0.0,0,0.0
61,10,19.896,16.0,0.0,0.0,0,0,0,16.0,1.0,0.0,0,0.0
62,10,23.544,16.0,0.0,0.0,0,0,0,16.0,1.0,0.0,0,0.0
63,10,13.112,8.0,0.0,0.0,0,0,0,8.0,1.0,0.0,0,0.0
64,10,23.544,16.0,0.0,0.0,0,0,0,16.0,1.0,0.0,0,0.0
65,10,13.112,8.0,0.0,0.0,0,0,0,8.0,1.0,0.0,0,0.0
66,10,13.112,8.0,0.0,0.0,0,0,0,8.0,1.0,0.0,0,0.0
67,10,23.544,16.0,0.0,0.0,0,0,0,16.0,1.0,0.0,0,0.0
68,10,23.544,16.0,0.0,0.0,0,0,0,16.0,1.0,0.0,0,0.0
69,10,19.978372009400402,13.2656227065954,2.7343772934046005,0.0,0,0,0,16.0,0.8291014191622125,2.7343772934046005,1,0.0
70,10,23.544,16.0,0.0,0.0,0,0,0,16.0,1.0,0.0,0,0.0
71,10,10.432,8.0,0.0,0.0,0,0,0,8.0,1.0,0.0,0,0.0
72,10,23.544,16.0,0.0,0.0,0,0,0,16.0,1.0,0.0,0,0.0
73,10,23.544,16.0,0.0,0.0,0,0,0,16.0,1.0,0.0,0,0.0
74,10,13.112,8.0,0.0,0.0,0,0,0,8.0,1.0,0.0,0,0.0
75,10,10.432,8.0,0.0,0.0,0,0,0,8.0,1.0,0.0,0,0.0
77,10,23.544,16.0,0.0,0.0,0,0,0,16.0,1.0,0.0,0,0.0
78,10,10.28372904769416,16.0,0.0,0.0,0,0,0,16.0,1.0,0.0,0,0.0
79,10,16.4808,16.0,0.0,0.0,0,0,0,16.0,1.0,0.0,0,0.6
80,10,23.544,16.0,0.0,0.0,0,0,0,16.0,1.0,0.0,0,0.0
81,10,23.544,16.0,0.0,0.0,0,0,0,16.0,1.0,0.0,0,0.0
82,10,13.112,8.0,0.0,0.0,0,0,0,8.0,1.0,0.0,0,0.0
83,10,23.544,16.0,0.0,0.0,0,0,0,16.0,1.0,0.0,0,0.0
84,10,23.544,16.0,0.0,0.0,0,0,0,16.0,1.0,0.0,0,0.0
85,10,23.544,16.0,0.0,0.0,0,0,0,16.0,1.0,0.0,0,0.0
86,10,23.544,16.0,0.0,0.0,0,0,0,16.0,1.0,0.0,0,0.0
87,10,23.544,16.0,0.0,0.0,0,0,0,16.0,1.0,0.0,0,0.0
88,10,23.544,16.0,0.0,0.0,0,0,0,16.0,1.0,0.0,0,0.0
89,10,23.544,16.0,0.0,0.0,0,0,0,16.0,1.0,0.0,0,0.0
90,10,13.112,8.0,0.0,0.0,0,0,0,8.0,1.0,0.0,0,0.0
91,10,12.831531969643624,16.0,0.0,0.0,0,0,0,16.0,1.0,0.0,0,0.0
92,10,13.112,8.0,0.0,0.0,0,0,0,8.0,1.0,0.0,0,0.0
93,10,10.432,8.0,0.0,0.0,0,0,0,8.0,1.0,0.0,0,0.0
94,10,23.544,16.0,0.0,0.0,0,0,0,16.0,1.0,0.0,0,0.0
95,10,20.486368692274993,14.13445313744661,1.8655468625533906,0.0,0,0,0,16.0,0.8834033210904131,1.8655468625533906,1,0.0
96,10,23.544,16.0,0.0,0.0,0,0,0,16.0,1.0,0.0,0,0.0
97,10,23.544,16.0,0.0,0.0,0,0,0,16.0,1.0,0.0,0,0.0
98,10,23.544,16.0,0.0,0.0,0,0,0,16.0,1.0,0.0,0,0.0
99,10,23.544,16.0,0.0,0.0,0,0,0,16.0,1.0,0.0,0,0.0
100,10,0.0,0.0,16.0,0.0,0,0,0,16.0,0.0,0.0,0,0.0
101,10,16.598,16.0,0.0,0.0,0,0,0,16.0,1.0,0.0,0,0.0
102,10,8.299,8.0,0.0,0.0,0,0,0,8.0,1.0,0.0,0,0.0
103,10,11.618599999999999,16.0,0.0,0.0,0,0,0,16.0,1.0,0.0,0,0.6
104,10,11.618599999999999,16.0,0.0,0.0,0,0,0,16.0,1.0,0.0,0,0.6
105,10,16.598,16.0,0.0,0.0,0,0,0,16.0,1.0,0.0,0,0.0
106,10,16.598,16.0,0.0,0.0,0,0,0,16.0,1.0,0.0,0,0.0
107,10,0.0,0.0,16.0,0.0,0,0,0,16.0,0.0,0.0,0,0.0
108,10,0.0,0.0,16.0,0.0,0,0,0,16.0,0.0,0.0,0,0.0
109,10,0.0,0.0,16.0,0.0,0,0,0,16.0,0.0,0.0,0,0.0
110,10,0.0,0.0,16.0,0.0,0,0,0,16.0,0.0,0.0,0,0.0
111,10,0.0,0.0,16.0,0.0,0,0,0,16.0,0.0,0.0,0,0.0
112,10,0.0,0.0,16.0,0.0,0,0,0,16.0,0.0,0.0,0,0.0
1,11,0.0,0.0,16.0,0.0,0,0,0,16.0,0.0,0.0,0,0.0
2,11,0.0,0.0,16.0,0.0,0,0,0,16.0,0.0,0.0,0,0.0
3,11,0.0,0.0,16.0,0.0,0,0,0,16.0,0.0,0.0,0,0.0
4,11,0.0,0.0,16.0,0.0,0,0,0,16.0,0.0,0.0,0,0.0
5,11,0.0,0.0,16.0,0.0,0,0,0,16.0,0.0,0.0,0,0.0
6,11,0.0,0.0,16.0,0.0,0,0,0,16.0,0.0,0.0,0,0.0
7,11,0.0,0.0,16.0,0.0,0,0,0,16.0,0.0,0.0,0,0.0
8,11,0.0,0.0,16.0,0.0,0,0,0,16.0,0.0,0.0,0,0.0
9,11,0.0,0.0,16.0,0.0,0,0,0,16.0,0.0,0.0,0,0.0
10,11,0.0,0.0,16.0,0.0,0,0,0,16.0,0.0,0.0,0,0.0
11,11,0.0,0.0,8.0,0.0,0,0,0,8.0,0.0,0.0,0,0.0
12,11,8.319,8.0,8.0,0.0,0,0,0,16.0,0.5,0.0,0,0.0
13,11,0.0,0.0,16.0,0.0,0,0,0,16.0,0.0,0.0,0,0.0
14,11,0.0,0.0,16.0,0.0,0,0,0,16.0,0.0,0.0,0,0.0
15,11,0.0,0.0,16.0,0.0,0,0,0,16.0,0.0,0.0,0,0.0
16,11,0.0,0.0,16.0,0.0,0,0,0,16.0,0.0,0.0,0,0.0
17,11,0.0,0.0,8.0,0.0,0,0,0,8.0,0.0,0.0,0,0.0
18,11,0.0,0.0,16.0,0.0,0,0,0,16.0,0.0,0.0,0,0.0
19,11,0.0,0.0,16.0,0.0,0,0,0,16.0,0.0,0.0,0,0.0
20,11,0.0,0.0,8.0,0.0,0,0,0,8.0,0.0,0.0,0,0.0
21,11,0.0,0.0,8.0,0.0,0,0,0,8.0,0.0,0.0,0,0.0
22,11,0.0,0.0,16.0,0.0,0,0,0,16.0,0.0,0.0,0,0.0
23,11,0.0,0.0,16.0,0.0,0,0,0,16.0,0.0,0.0,0,0.0
24,11,0.0,0.0,16.0,0.0,0,0,0,16.0,0.0,0.0,0,0.0
25,11,0.0,0.0,16.0,0.0,0,0,0,16.0,0.0,0.0,0,0.0
26,11,0.0,0.0,16.0,0.0,0,0,0,16.0,0.0,0.0,0,0.0
27,11,0.0,0.0,16.0,0.0,0,0,0,16.0,0.0,0.0,0,0.0
28,11,0.0,0.0,16.0,0.0,0,0,0,16.0,0.0,0.0,0,0.0
29,11,0.0,0.0,16.0,0.0,0,0,0,16.0,0.0,0.0,0,0.0
30,11,0.0,0.0,16.0,0.0,0,0,0,16.0,0.0,0.0,0,0.0
31,11,0.0,0.0,16.0,0.0,0,0,0,16.0,0.0,0.0,0,0.0
32,11,0.0,0.0,16.0,0.0,0,0,0,16.0,0.0,0.0,0,0.0
33,11,0.0,0.0,16.0,0.0,0,0,0,16.0,0.0,0.0,0,0.0
34,11,0.0,0.0,16.0,0.0,0,0,0,16.0,0.0,0.0,0,0.0
35,11,0.0,0.0,8.0,0.0,0,0,0,8.0,0.0,0.0,0,0.0
36,11,0.0,0.0,16.0,0.0,0,0,0,16.0,0.0,0.0,0,0.0
37,11,23.544,16.0,0.0,0.0,0,0,0,16.0,1.0,0.0,0,0.0
38,11,23.544,16.0,0.0,0.0,0,0,0,16.0,1.0,0.0,0,0.0
39,11,23.544,16.0,0.0,0.0,0,0,0,16.0,1.0,0.0,0,0.0
40,11,23.544,16.0,0.0,0.0,0,0,0,16.0,1.0,0.0,0,0.0
41,11,23.544,16.0,0.0,0.0,0,0,0,16.0,1.0,0.0,0,0.0
42,11,12.3575798533897,11.482887657087751,4.517112342912249,0.0,0,0,0,16.0,0.7176804785679844,4.517112342912248,1,0.6
43,11,16.4808,16.0,0.0,0.0,0,0,0,16.0,1.0,0.0,0,0.6
44,11,10.432,8.0,0.0,0.0,0,0,0,8.0,1.0,0.0,0,0.0
45,11,23.544,16.0,0.0,0.0,0,0,0,16.0,1.0,0.0,0,0.0
46,11,23.544,16.0,0.0,0.0,0,0,0,16.0,1.0,0.0,0,0.0
47,11,23.544,16.0,0.0,0.0,0,0,0,16.0,1.0,0.0,0,0.0
48,11,23.544,16.0,0.0,0.0,0,0,0,16.0,1.0,0.0,0,0.0
49,11,14.415041810226962,16.0,0.0,0.0,0,0,0,16.0,1.0,0.0,0,0.0
50,11,23.544,16.0,0.0,0.0,0,0,0,16.0,1.0,0.0,0,0.0
51,11,23.544,16.0,0.0,0.0,0,0,0,16.0,1.0,0.0,0,0.0
52,11,23.544,16.0,0.0,0.0,0,0,0,16.0,1.0,0.0,0,0.0
53,11,13.112,8.0,0.0,0.0,0,0,0,8.0,1.0,0.0,0,0.0
54,11,16.4808,16.0,0.0,0.0,0,0,0,16.0,1.0,0.0,0,0.6
55,11,23.544,16.0,0.0,0.0,0,0,0,16.0,1.0,0.0,0,0.0
56,11,16.4808,16.0,0.0,0.0,0,0,0,16.0,1.0,0.0,0,0.6
57,11,19.896,16.0,0.0,0.0,0,0,0,16.0,1.0,0.0,0,0.0
58,11,8.72764460258399,10.659047862676422,5.340952137323578,0.0,0,0,0,16.0,0.6661904914172764,5.340952137323578,1,0.0
59,11,9.948,8.0,0.0,0.0,0,0,0,8.0,1.0,0.0,0,0.0
60,11,9.948,8.0,0.0,0.0,0,0,0,8.0,1.0,0.0,0,0.0
61,11,19.896,16.0,0.0,0.0,0,0,0,16.0,1.0,0.0,0,0.0
62,11,23.544,16.0,0.0,0.0,0,0,0,16.0,1.0,0.0,0,0.0
63,11,13.112,8.0,0.0,0.0,0,0,0,8.0,1.0,0.0,0,0.0
64,11,23.544,16.0,0.0,0.0,0,0,0,16.0,1.0,0.0,0,0.0
65,11,13.112,8.0,0.0,0.0,0,0,0,8.0,1.0,0.0,0,0.0
66,11,13.112,8.0,0.0,0.0,0,0,0,8.0,1.0,0.0,0,0.0
67,11,19.693812718277144,13.04740239131683,2.9525976086831704,0.0,0,0,0,16.0,0.8154626494573018,2.9525976086831713,1,0.0
68,11,23.544,16.0,0.0,0.0,0,0,0,16.0,1.0,0.0,0,0.0
69,11,23.544,16.0,0.0,0.0,0,0,0,16.0,1.0,0.0,0,0.0
70,11,23.544,16.0,0.0,0.0,0,0,0,16.0,1.0,0.0,0,0.0
71,11,10.432,8.0,0.0,0.0,0,0,0,8.0,1.0,0.0,0,0.0
72,11,23.544,16.0,0.0,0.0,0,0,0,16.0,1.0,0.0,0,0.0
73,11,23.544,16.0,0.0,0.0,0,0,0,16.0,1.0,0.0,0,0.0
74,11,13.112,8.0,0.0,0.0,0,0,0,8.0,1.0,0.0,0,0.0
75,11,10.432,8.0,0.0,0.0,0,0,0,8.0,1.0,0.0,0,0.0
77,11,23.544,16.0,0.0,0.0,0,0,0,16.0,1.0,0.0,0,0.0
78,11,16.4808,16.0,0.0,0.0,0,0,0,16.0,1.0,0.0,0,0.6
79,11,23.544,16.0,0.0,0.0,0,0,0,16.0,1.0,0.0,0,0.0
80,11,23.544,16.0,0.0,0.0,0,0,0,16.0,1.0,0.0,0,0.0
81,11,23.544,16.0,0.0,0.0,0,0,0,16.0,1.0,0.0,0,0.0
82,11,13.112,8.0,0.0,0.0,0,0,0,8.0,1.0,0.0,0,0.0
83,11,23.544,16.0,0.0,0.0,0,0,0,16.0,1.0,0.0,0,0.0
84,11,16.4808,16.0,0.0,0.0,0,0,0,16.0,1.0,0.0,0,0.6
85,11,12.25166669012531,16.0,0.0,0.0,0,0,0,16.0,1.0,0.0,0,0.0
86,11,23.544,16.0,0.0,0.0,0,0,0,16.0,1.0,0.0,0,0.0
87,11,16.4808,16.0,0.0,0.0,0,0,0,16.0,1.0,0.0,0,0.6
88,11,16.4808,16.0,0.0,0.0,0,0,0,16.0,1.0,0.0,0,0.6
89,11,23.544,16.0,0.0,0.0,0,0,0,16.0,1.0,0.0,0,0.0
90,11,9.1784,8.0,0.0,0.0,0,0,0,8.0,1.0,0.0,0,0.3
91,11,23.544,16.0,0.0,0.0,0,0,0,16.0,1.0,0.0,0,0.0
92,11,13.112,8.0,0.0,0.0,0,0,0,8.0,1.0,0.0,0,0.0
93,11,10.432,8.0,0.0,0.0,0,0,0,8.0,1.0,0.0,0,0.0
94,11,23.544,16.0,0.0,0.0,0,0,0,16.0,1.0,0.0,0,0.0
95,11,23.544,16.0,0.0,0.0,0,0,0,16.0,1.0,0.0,0,0.0
96,11,23.544,16.0,0.0,0.0,0,0,0,16.0,1.0,0.0,0,0.0
97,11,23.544,16.0,0.0,0.0,0,0,0,16.0,1.0,0.0,0,0.0
98,11,23.544,16.0,0.0,0.0,0,0,0,16.0,1.0,0.0,0,0.0
99,11,23.544,16.0,0.0,0.0,0,0,0,16.0,1.0,0.0,0,0.0
100,11,0.0,0.0,16.0,0.0,0,0,0,16.0,0.0,0.0,0,0.0
101,11,12.357403406426691,11.912185474323838,4.087814525676162,0.0,0,0,0,16.0,0.7445115921452399,4.087814525676162,1,0.0
102,11,8.299,8.0,0.0,0.0,0,0,0,8.0,1.0,0.0,0,0.0
103,11,16.598,16.0,0.0,0.0,0,0,0,16.0,1.0,0.0,0,0.0
104,11,16.598,16.0,0.0,0.0,0,0,0,16.0,1.0,0.0,0,0.0
105,11,10.543252894282688,16.0,0.0,0.0,0,0,0,16.0,1.0,0.0,0,0.0
106,11,16.598,16.0,0.0,0.0,0,0,0,16.0,1.0,0.0,0,0.0
107,11,0.0,0.0,16.0,0.0,0,0,0,16.0,0.0,0.0,0,0.0
108,11,0.0,0.0,16.0,0.0,0,0,0,16.0,0.0,0.0,0,0.0
109,11,0.0,0.0,16.0,0.0,0,0,0,16.0,0.0,0.0,0,0.0
110,11,0.0,0.0,16.0,0.0,0,0,0,16.0,0.0,0.0,0,0.0
111,11,0.0,0.0,16.0,0.0,0,0,0,16.0,0.0,0.0,0,0.0
112,11,0.0,0.0,16.0,0.0,0,0,0,16.0,0.0,0.0,0,0.0
1,12,0.0,0.0,16.0,0.0,0,0,0,16.0,0.0,0.0,0,0.0
2,12,0.0,0.0,16.0,0.0,0,0,0,16.0,0.0,0.0,0,0.0
3,12,0.0,0.0,16.0,0.0,0,0,0,16.0,0.0,0.0,0,0.0
4,12,0.0,0.0,16.0,0.0,0,0,0,16.0,0.0,0.0,0,0.0
5,12,0.0,0.0,16.0,0.0,0,0,0,16.0,0.0,0.0,0,0.0
6,12,0.0,0.0,16.0,0.0,0,0,0,16.0,0.0,0.0,0,0.0
7,12,0.0,0.0,16.0,0.0,0,0,0,16.0,0.0,0.0,0,0.0
8,12,0.0,0.0,16.0,0.0,0,0,0,16.0,0.0,0.0,0,0.0
9,12,0.0,0.0,16.0,0.0,0,0,0,16.0,0.0,0.0,0,0.0
10,12,0.0,0.0,16.0,0.0,0,0,0,16.0,0.0,0.0,0,0.0
11,12,0.0,0.0,8.0,0.0,0,0,0,8.0,0.0,0.0,0,0.0
12,12,8.319,8.0,8.0,0.0,0,0,0,16.0,0.5,0.0,0,0.0
13,12,0.0,0.0,16.0,0.0,0,0,0,16.0,0.0,0.0,0,0.0
14,12,0.0,0.0,16.0,0.0,0,0,0,16.0,0.0,0.0,0,0.0
15,12,0.0,0.0,16.0,0.0,0,0,0,16.0,0.0,0.0,0,0.0
16,12,0.0,0.0,16.0,0.0,0,0,0,16.0,0.0,0.0,0,0.0
17,12,0.0,0.0,8.0,0.0,0,0,0,8.0,0.0,0.0,0,0.0
18,12,0.0,0.0,16.0,0.0,0,0,0,16.0,0.0,0.0,0,0.0
19,12,0.0,0.0,16.0,0.0,0,0,0,16.0,0.0,0.0,0,0.0
20,12,0.0,0.0,8.0,0.0,0,0,0,8.0,0.0,0.0,0,0.0
21,12,0.0,0.0,8.0,0.0,0,0,0,8.0,0.0,0.0,0,0.0
22,12,0.0,0.0,16.0,0.0,0,0,0,16.0,0.0,0.0,0,0.0
23,12,0.0,0.0,16.0,0.0,0,0,0,16.0,0.0,0.0,0,0.0
24,12,0.0,0.0,16.0,0.0,0,0,0,16.0,0.0,0.0,0,0.0
25,12,0.0,0.0,16.0,0.0,0,0,0,16.0,0.0,0.0,0,0.0
26,12,0.0,0.0,16.0,0.0,0,0,0,16.0,0.0,0.0,0,0.0
27,12,0.0,0.0,16.0,0.0,0,0,0,16.0,0.0,0.0,0,0.0
28,12,0.0,0.0,16.0,0.0,0,0,0,16.0,0.0,0.0,0,0.0
29,12,0.0,0.0,16.0,0.0,0,0,0,16.0,0.0,0.0,0,0.0
30,12,0.0,0.0,16.0,0.0,0,0,0,16.0,0.0,0.0,0,0.0
31,12,0.0,0.0,16.0,0.0,0,0,0,16.0,0.0,0.0,0,0.0
32,12,0.0,0.0,16.0,0.0,0,0,0,16.0,0.0,0.0,0,0.0
33,12,0.0,0.0,16.0,0.0,0,0,0,16.0,0.0,0.0,0,0.0
34,12,0.0,0.0,16.0,0.0,0,0,0,16.0,0.0,0.0,0,0.0
35,12,0.0,0.0,8.0,0.0,0,0,0,8.0,0.0,0.0,0,0.0
36,12,0.0,0.0,16.0,0.0,0,0,0,16.0,0.0,0.0,0,0.0
37,12,23.544,16.0,0.0,0.0,0,0,0,16.0,1.0,0.0,0,0.0
38,12,23.544,16.0,0.0,0.0,0,0,0,16.0,1.0,0.0,0,0.0
39,12,23.544,16.0,0.0,0.0,0,0,0,16.0,1.0,0.0,0,0.0
40,12,23.544,16.0,0.0,0.0,0,0,0,16.0,1.0,0.0,0,0.0
41,12,23.544,16.0,0.0,0.0,0,0,0,16.0,1.0,0.0,0,0.0
42,12,23.544,16.0,0.0,0.0,0,0,0,16.0,1.0,0.0,0,0.0
43,12,23.544,16.0,0.0,0.0,0,0,0,16.0,1.0,0.0,0,0.0
44,12,10.432,8.0,0.0,0.0,0,0,0,8.0,1.0,0.0,0,0.0
45,12,23.544,16.0,0.0,0.0,0,0,0,16.0,1.0,0.0,0,0.0
46,12,23.544,16.0,0.0,0.0,0,0,0,16.0,1.0,0.0,0,0.0
47,12,16.4808,16.0,0.0,0.0,0,0,0,16.0,1.0,0.0,0,0.6
48,12,23.544,16.0,0.0,0.0,0,0,0,16.0,1.0,0.0,0,0.0
49,12,16.4808,16.0,0.0,0.0,0,0,0,16.0,1.0,0.0,0,0.6
50,12,23.544,16.0,0.0,0.0,0,0,0,16.0,1.0,0.0,0,0.0
51,12,16.4808,16.0,0.0,0.0,0,0,0,16.0,1.0,0.0,0,0.6
52,12,23.544,16.0,0.0,0.0,0,0,0,16.0,1.0,0.0,0,0.0
53,12,13.112,8.0,0.0,0.0,0,0,0,8.0,1.0,0.0,0,0.0
54,12,23.544,16.0,0.0,0.0,0,0,0,16.0,1.0,0.0,0,0.0
55,12,23.544,16.0,0.0,0.0,0,0,0,16.0,1.0,0.0,0,0.0
56,12,16.4808,16.0,0.0,0.0,0,0,0,16.0,1.0,0.0,0,0.6
57,12,13.9272,16.0,0.0,0.0,0,0,0,16.0,1.0,0.0,0,0.6
58,12,19.896,16.0,0.0,0.0,0,0,0,16.0,1.0,0.0,0,0.0
59,12,9.948,8.0,0.0,0.0,0,0,0,8.0,1.0,0.0,0,0.0
60,12,5.704868604451504,4.587751189747892,3.412248810252108,0.0,0,0,0,8.0,0.5734688987184865,3.412248810252108,1,0.0
61,12,14.179982942205159,11.403283427587581,4.596716572412419,0.0,0,0,0,16.0,0.7127052142242238,4.596716572412418,1,0.0
62,12,23.544,16.0,0.0,0.0,0,0,0,16.0,1.0,0.0,0,0.0
63,12,9.1784,8.0,0.0,0.0,0,0,0,8.0,1.0,0.0,0,0.3
64,12,14.207055581943337,16.0,0.0,0.0,0,0,0,16.0,1.0,0.0,0,0.0
65,12,13.112,8.0,0.0,0.0,0,0,0,8.0,1.0,0.0,0,0.0
66,12,13.112,8.0,0.0,0.0,0,0,0,8.0,1.0,0.0,0,0.0
67,12,23.544,16.0,0.0,0.0,0,0,0,16.0,1.0,0.0,0,0.0
68,12,23.544,16.0,0.0,0.0,0,0,0,16.0,1.0,0.0,0,0.0
69,12,23.544,16.0,0.0,0.0,0,0,0,16.0,1.0,0.0,0,0.0
70,12,23.544,16.0,0.0,0.0,0,0,0,16.0,1.0,0.0,0,0.0
71,12,10.432,8.0,0.0,0.0,0,0,0,8.0,1.0,0.0,0,0.0
72,12,23.544,16.0,0.0,0.0,0,0,0,16.0,1.0,0.0,0,0.0
73,12,14.361832780527484,10.397701513439587,5.602298486560413,0.0,0,0,0,16.0,0.6498563445899742,5.602298486560413,1,0.0
74,12,13.112,8.0,0.0,0.0,0,0,0,8.0,1.0,0.0,0,0.0
75,12,10.432,8.0,0.0,0.0,0,0,0,8.0,1.0,0.0,0,0.0
77,12,23.544,16.0,0.0,0.0,0,0,0,16.0,1.0,0.0,0,0.0
78,12,23.544,16.0,0.0,0.0,0,0,0,16.0,1.0,0.0,0,0.0
79,12,23.544,16.0,0.0,0.0,0,0,0,16.0,1.0,0.0,0,0.0
80,12,23.544,16.0,0.0,0.0,0,0,0,16.0,1.0,0.0,0,0.0
81,12,23.544,16.0,0.0,0.0,0,0,0,16.0,1.0,0.0,0,0.0
82,12,13.112,8.0,0.0,0.0,0,0,0,8.0,1.0,0.0,0,0.0
83,12,23.544,16.0,0.0,0.0,0,0,0,16.0,1.0,0.0,0,0.0
84,12,23.544,16.0,0.0,0.0,0,0,0,16.0,1.0,0.0,0,0.0
85,12,23.544,16.0,0.0,0.0,0,0,0,16.0,1.0,0.0,0,0.0
86,12,23.544,16.0,0.0,0.0,0,0,0,16.0,1.0,0.0,0,0.0
87,12,23.544,16.0,0.0,0.0,0,0,0,16.0,1.0,0.0,0,0.0
88,12,12.335883936416348,16.0,0.0,0.0,0,0,0,16.0,1.0,0.0,0,0.6
89,12,23.544,16.0,0.0,0.0,0,0,0,16.0,1.0,0.0,0,0.0
90,12,13.112,8.0,0.0,0.0,0,0,0,8.0,1.0,0.0,0,0.0
91,12,23.544,16.0,0.0,0.0,0,0,0,16.0,1.0,0.0,0,0.0
92,12,13.112,8.0,0.0,0.0,0,0,0,8.0,1.0,0.0,0,0.0
93,12,10.432,8.0,0.0,0.0,0,0,0,8.0,1.0,0.0,0,0.0
94,12,16.4808,16.0,0.0,0.0,0,0,0,16.0,1.0,0.0,0,0.6
95,12,16.4808,16.0,0.0,0.0,0,0,0,16.0,1.0,0.0,0,0.6
96,12,23.544,16.0,0.0,0.0,0,0,0,16.0,1.0,0.0,0,0.0
97,12,23.544,16.0,0.0,0.0,0,0,0,16.0,1.0,0.0,0,0.0
98,12,23.544,16.0,0.0,0.0,0,0,0,16.0,1.0,0.0,0,0.0
99,12,23.544,16.0,0.0,0.0,0,0,0,16.0,1.0,0.0,0,0.0
100,12,0.0,0.0,16.0,0.0,0,0,0,16.0,0.0,0.0,0,0.0
101,12,16.598,16.0,0.0,0.0,0,0,0,16.0,1.0,0.0,0,0.0
102,12,5.8092999999999995,8.0,0.0,0.0,0,0,0,8.0,1.0,0.0,0,0.3
103,12,16.598,16.0,0.0,0.0,0,0,0,16.0,1.0,0.0,0,0.0
104,12,16.598,16.0,0.0,0.0,0,0,0,16.0,1.0,0.0,0,0.0
105,12,16.598,16.0,0.0,0.0,0,0,0,16.0,1.0,0.0,0,0.0
106,12,16.598,16.0,0.0,0.0,0,0,0,16.0,1.0,0.0,0,0.0
107,12,0.0,0.0,16.0,0.0,0,0,0,16.0,0.0,0.0,0,0.0
108,12,0.0,0.0,16.0,0.0,0,0,0,16.0,0.0,0.0,0,0.0
109,12,0.0,0.0,16.0,0.0,0,0,0,16.0,0.0,0.0,0,0.0
110,12,0.0,0.0,16.0,0.0,0,0,0,16.0,0.0,0.0,0,0.0
111,12,0.0,0.0,16.0,0.0,0,0,0,16.0,0.0,0.0,0,0.0
112,12,0.0,0.0,16.0,0.0,0,0,0,16.0,0.0,0.0,0,0.0
1,13,0.0,0.0,16.0,0.0,0,0,0,16.0,0.0,0.0,0,0.0
2,13,0.0,0.0,16.0,0.0,0,0,0,16.0,0.0,0.0,0,0.0
3,13,0.0,0.0,16.0,0.0,0,0,0,16.0,0.0,0.0,0,0.0
4,13,0.0,0.0,16.0,0.0,0,0,0,16.0,0.0,0.0,0,0.0
5,13,0.0,0.0,16.0,0.0,0,0,0,16.0,0.0,0.0,0,0.0
6,13,0.0,0.0,16.0,0.0,0,0,0,16.0,0.0,0.0,0,0.0
7,13,0.0,0.0,16.0,0.0,0,0,0,16.0,0.0,0.0,0,0.0
8,13,0.0,0.0,16.0,0.0,0,0,0,16.0,0.0,0.0,0,0.0
9,13,0.0,0.0,16.0,0.0,0,0,0,16.0,0.0,0.0,0,0.0
10,13,0.0,0.0,16.0,0.0,0,0,0,16.0,0.0,0.0,0,0.0
11,13,0.0,0.0,8.0,0.0,0,0,0,8.0,0.0,0.0,0,0.0
12,13,8.319,8.0,8.0,0.0,0,0,0,16.0,0.5,0.0,0,0.0
13,13,0.0,0.0,16.0,0.0,0,0,0,16.0,0.0,0.0,0,0.0
14,13,0.0,0.0,16.0,0.0,0,0,0,16.0,0.0,0.0,0,0.0
15,13,0.0,0.0,16.0,0.0,0,0,0,16.0,0.0,0.0,0,0.0
16,13,0.0,0.0,16.0,0.0,0,0,0,16.0,0.0,0.0,0,0.0
17,13,0.0,0.0,8.0,0.0,0,0,0,8.0,0.0,0.0,0,0.0
18,13,0.0,0.0,16.0,0.0,0,0,0,16.0,0.0,0.0,0,0.0
19,13,0.0,0.0,16.0,0.0,0,0,0,16.0,0.0,0.0,0,0.0
20,13,0.0,0.0,8.0,0.0,0,0,0,8.0,0.0,0.0,0,0.0
21,13,0.0,0.0,8.0,0.0,0,0,0,8.0,0.0,0.0,0,0.0
22,13,0.0,0.0,16.0,0.0,0,0,0,16.0,0.0,0.0,0,0.0
23,13,0.0,0.0,16.0,0.0,0,0,0,16.0,0.0,0.0,0,0.0
24,13,0.0,0.0,16.0,0.0,0,0,0,16.0,0.0,0.0,0,0.0
25,13,0.0,0.0,16.0,0.0,0,0,0,16.0,0.0,0.0,0,0.0
26,13,0.0,0.0,16.0,0.0,0,0,0,16.0,0.0,0.0,0,0.0
27,13,0.0,0.0,16.0,0.0,0,0,0,16.0,0.0,0.0,0,0.0
28,13,0.0,0.0,16.0,0.0,0,0,0,16.0,0.0,0.0,0,0.0
29,13,0.0,0.0,16.0,0.0,0,0,0,16.0,0.0,0.0,0,0.0
30,13,0.0,0.0,16.0,0.0,0,0,0,16.0,0.0,0.0,0,0.0
31,13,0.0,0.0,16.0,0.0,0,0,0,16.0,0.0,0.0,0,0.0
32,13,0.0,0.0,16.0,0.0,0,0,0,16.0,0.0,0.0,0,0.0
33,13,0.0,0.0,16.0,0.0,0,0,0,16.0,0.0,0.0,0,0.0
34,13,0.0,0.0,16.0,0.0,0,0,0,16.0,0.0,0.0,0,0.0
35,13,0.0,0.0,8.0,0.0,0,0,0,8.0,0.0,0.0,0,0.0
36,13,0.0,0.0,16.0,0.0,0,0,0,16.0,0.0,0.0,0,0.0
37,13,23.544,16.0,0.0,0.0,0,0,0,16.0,1.0,0.0,0,0.0
38,13,23.544,16.0,0.0,0.0,0,0,0,16.0,1.0,0.0,0,0.0
39,13,16.4808,16.0,0.0,0.0,0,0,0,16.0,1.0,0.0,0,0.6
40,13,16.4808,16.0,0.0,0.0,0,0,0,16.0,1.0,0.0,0,0.6
41,13,16.4808,16.0,0.0,0.0,0,0,0,16.0,1.0,0.0,0,0.6
42,13,23.544,16.0,0.0,0.0,0,0,0,16.0,1.0,0.0,0,0.0
43,13,23.544,16.0,0.0,0.0,0,0,0,16.0,1.0,0.0,0,0.0
44,13,10.432,8.0,0.0,0.0,0,0,0,8.0,1.0,0.0,0,0.0
45,13,23.544,16.0,0.0,0.0,0,0,0,16.0,1.0,0.0,0,0.0
46,13,23.544,16.0,0.0,0.0,0,0,0,16.0,1.0,0.0,0,0.0
47,13,23.544,16.0,0.0,0.0,0,0,0,16.0,1.0,0.0,0,0.0
48,13,23.544,16.0,0.0,0.0,0,0,0,16.0,1.0,0.0,0,0.0
49,13,23.544,16.0,0.0,0.0,0,0,0,16.0,1.0,0.0,0,0.0
50,13,23.544,16.0,0.0,0.0,0,0,0,16.0,1.0,0.0,0,0.0
51,13,16.4808,16.0,0.0,0.0,0,0,0,16.0,1.0,0.0,0,0.6
52,13,23.544,16.0,0.0,0.0,0,0,0,16.0,1.0,0.0,0,0.0
53,13,13.112,8.0,0.0,0.0,0,0,0,8.0,1.0,0.0,0,0.0
54,13,23.544,16.0,0.0,0.0,0,0,0,16.0,1.0,0.0,0,0.0
55,13,23.544,16.0,0.0,0.0,0,0,0,16.0,1.0,0.0,0,0.0
56,13,23.544,16.0,0.0,0.0,0,0,0,16.0,1.0,0.0,0,0.0
57,13,19.896,16.0,0.0,0.0,0,0,0,16.0,1.0,0.0,0,0.0
58,13,19.896,16.0,0.0,0.0,0,0,0,16.0,1.0,0.0,0,0.0
59,13,6.9636,8.0,0.0,0.0,0,0,0,8.0,1.0,0.0,0,0.3
60,13,9.948,8.0,0.0,0.0,0,0,0,8.0,1.0,0.0,0,0.0
61,13,19.896,16.0,0.0,0.0,0,0,0,16.0,1.0,0.0,0,0.0
62,13,23.544,16.0,0.0,0.0,0,0,0,16.0,1.0,0.0,0,0.0
63,13,13.112,8.0,0.0,0.0,0,0,0,8.0,1.0,0.0,0,0.0
64,13,23.544,16.0,0.0,0.0,0,0,0,16.0,1.0,0.0,0,0.0
65,13,13.112,8.0,0.0,0.0,0,0,0,8.0,1.0,0.0,0,0.0
66,13,9.1784,8.0,0.0,0.0,0,0,0,8.0,1.0,0.0,0,0.3
67,13,23.544,16.0,0.0,0.0,0,0,0,16.0,1.0,0.0,0,0.0
68,13,23.544,16.0,0.0,0.0,0,0,0,16.0,1.0,0.0,0,0.0
69,13,23.544,16.0,0.0,0.0,0,0,0,16.0,1.0,0.0,0,0.0
70,13,23.544,16.0,0.0,0.0,0,0,0,16.0,1.0,0.0,0,0.0
71,13,10.432,8.0,0.0,0.0,0,0,0,8.0,1.0,0.0,0,0.0
72,13,23.544,16.0,0.0,0.0,0,0,0,16.0,1.0,0.0,0,0.0
73,13,23.544,16.0,0.0,0.0,0,0,0,16.0,1.0,0.0,0,0.0
74,13,13.112,8.0,0.0,0.0,0,0,0,8.0,1.0,0.0,0,0.0
75,13,7.3024,8.0,0.0,0.0,0,0,0,8.0,1.0,0.0,0,0.3
77,13,23.544,16.0,0.0,0.0,0,0,0,16.0,1.0,0.0,0,0.0
78,13,16.4808,16.0,0.0,0.0,0,0,0,16.0,1.0,0.0,0,0.6
79,13,23.544,16.0,0.0,0.0,0,0,0,16.0,1.0,0.0,0,0.0
80,13,23.544,16.0,0.0,0.0,0,0,0,16.0,1.0,0.0,0,0.0
81,13,16.77134559226935,10.806246619838458,5.193753380161542,0.0,0,0,0,16.0,0.6753904137399036,5.193753380161542,1,0.0
82,13,13.112,8.0,0.0,0.0,0,0,0,8.0,1.0,0.0,0,0.0
83,13,23.544,16.0,0.0,0.0,0,0,0,16.0,1.0,0.0,0,0.0
84,13,23.544,16.0,0.0,0.0,0,0,0,16.0,1.0,0.0,0,0.0
85,13,7.526692359880672,16.0,0.0,0.0,0,0,0,16.0,1.0,0.0,0,0.6
86,13,23.544,16.0,0.0,0.0,0,0,0,16.0,1.0,0.0,0,0.0
87,13,16.4808,16.0,0.0,0.0,0,0,0,16.0,1.0,0.0,0,0.6
88,13,23.544,16.0,0.0,0.0,0,0,0,16.0,1.0,0.0,0,0.0
89,13,16.4808,16.0,0.0,0.0,0,0,0,16.0,1.0,0.0,0,0.6
90,13,13.112,8.0,0.0,0.0,0,0,0,8.0,1.0,0.0,0,0.0
91,13,23.544,16.0,0.0,0.0,0,0,0,16.0,1.0,0.0,0,0.0
92,13,13.112,8.0,0.0,0.0,0,0,0,8.0,1.0,0.0,0,0.0
93,13,10.432,8.0,0.0,0.0,0,0,0,8.0,1.0,0.0,0,0.0
94,13,23.544,16.0,0.0,0.0,0,0,0,16.0,1.0,0.0,0,0.0
95,13,17.58941830143285,11.433602991896358,4.5663970081036425,0.0,0,0,0,16.0,0.7146001869935223,4.566397008103642,1,0.0
96,13,23.544,16.0,0.0,0.0,0,0,0,16.0,1.0,0.0,0,0.0
97,13,16.4808,16.0,0.0,0.0,0,0,0,16.0,1.0,0.0,0,0.6
98,13,23.544,16.0,0.0,0.0,0,0,0,16.0,1.0,0.0,0,0.0
99,13,23.544,16.0,0.0,0.0,0,0,0,16.0,1.0,0.0,0,0.0
100,13,0.0,0.0,16.0,0.0,0,0,0,16.0,0.0,0.0,0,0.0
101,13,16.598,16.0,0.0,0.0,0,0,0,16.0,1.0,0.0,0,0.0
102,13,8.299,8.0,0.0,0.0,0,0,0,8.0,1.0,0.0,0,0.0
103,13,16.598,16.0,0.0,0.0,0,0,0,16.0,1.0,0.0,0,0.0
104,13,16.598,16.0,0.0,0.0,0,0,0,16.0,1.0,0.0,0,0.0
105,13,16.598,16.0,0.0,0.0,0,0,0,16.0,1.0,0.0,0,0.0
106,13,16.598,16.0,0.0,0.0,0,0,0,16.0,1.0,0.0,0,0.0
107,13,0.0,0.0,16.0,0.0,0,0,0,16.0,0.0,0.0,0,0.0
108,13,0.0,0.0,16.0,0.0,0,0,0,16.0,0.0,0.0,0,0.0
109,13,0.0,0.0,16.0,0.0,0,0,0,16.0,0.0,0.0,0,0.0
110,13,0.0,0.0,16.0,0.0,0,0,0,16.0,0.0,0.0,0,0.0
111,13,0.0,0.0,16.0,0.0,0,0,0,16.0,0.0,0.0,0,0.0
112,13,0.0,0.0,16.0,0.0,0,0,0,16.0,0.0,0.0,0,0.0
1,14,0.0,0.0,16.0,0.0,0,0,0,16.0,0.0,0.0,0,0.0
2,14,0.0,0.0,16.0,0.0,0,0,0,16.0,0.0,0.0,0,0.0
3,14,0.0,0.0,16.0,0.0,0,0,0,16.0,0.0,0.0,0,0.0
4,14,0.0,0.0,16.0,0.0,0,0,0,16.0,0.0,0.0,0,0.0
5,14,0.0,0.0,16.0,0.0,0,0,0,16.0,0.0,0.0,0,0.0
6,14,0.0,0.0,16.0,0.0,0,0,0,16.0,0.0,0.0,0,0.0
7,14,0.0,0.0,16.0,0.0,0,0,0,16.0,0.0,0.0,0,0.0
8,14,0.0,0.0,16.0,0.0,0,0,0,16.0,0.0,0.0,0,0.0
9,14,0.0,0.0,16.0,0.0,0,0,0,16.0,0.0,0.0,0,0.0
10,14,0.0,0.0,16.0,0.0,0,0,0,16.0,0.0,0.0,0,0.0
11,14,0.0,0.0,8.0,0.0,0,0,0,8.0,0.0,0.0,0,0.0
12,14,8.319,8.0,8.0,0.0,0,0,0,16.0,0.5,0.0,0,0.0
13,14,0.0,0.0,16.0,0.0,0,0,0,16.0,0.0,0.0,0,0.0
14,14,0.0,0.0,16.0,0.0,0,0,0,16.0,0.0,0.0,0,0.0
15,14,0.0,0.0,16.0,0.0,0,0,0,16.0,0.0,0.0,0,0.0
16,14,0.0,0.0,16.0,0.0,0,0,0,16.0,0.0,0.0,0,0.0
17,14,0.0,0.0,8.0,0.0,0,0,0,8.0,0.0,0.0,0,0.0
18,14,0.0,0.0,16.0,0.0,0,0,0,16.0,0.0,0.0,0,0.0
19,14,0.0,0.0,16.0,0.0,0,0,0,16.0,0.0,0.0,0,0.0
20,14,0.0,0.0,8.0,0.0,0,0,0,8.0,0.0,0.0,0,0.0
21,14,0.0,0.0,8.0,0.0,0,0,0,8.0,0.0,0.0,0,0.0
22,14,0.0,0.0,16.0,0.0,0,0,0,16.0,0.0,0.0,0,0.0
23,14,0.0,0.0,16.0,0.0,0,0,0,16.0,0.0,0.0,0,0.0
24,14,0.0,0.0,16.0,0.0,0,0,0,16.0,0.0,0.0,0,0.0
25,14,0.0,0.0,16.0,0.0,0,0,0,16.0,0.0,0.0,0,0.0
26,14,0.0,0.0,16.0,0.0,0,0,0,16.0,0.0,0.0,0,0.0
27,14,0.0,0.0,16.0,0.0,0,0,0,16.0,0.0,0.0,0,0.0
28,14,0.0,0.0,16.0,0.0,0,0,0,16.0,0.0,0.0,0,0.0
29,14,0.0,0.0,16.0,0.0,0,0,0,16.0,0.0,0.0,0,0.0
30,14,0.0,0.0,16.0,0.0,0,0,0,16.0,0.0,0.0,0,0.0
31,14,0.0,0.0,16.0,0.0,0,0,0,16.0,0.0,0.0,0,0.0
32,14,0.0,0.0,16.0,0.0,0,0,0,16.0,0.0,0.0,0,0.0
33,14,0.0,0.0,16.0,0.0,0,0,0,16.0,0.0,0.0,0,0.0
34,14,0.0,0.0,16.0,0.0,0,0,0,16.0,0.0,0.0,0,0.0
35,14,0.0,0.0,8.0,0.0,0,0,0,8.0,0.0,0.0,0,0.0
36,14,0.0,0.0,16.0,0.0,0,0,0,16.0,0.0,0.0,0,0.0
37,14,23.544,16.0,0.0,0.0,0,0,0,16.0,1.0,0.0,0,0.0
38,14,23.544,16.0,0.0,0.0,0,0,0,16.0,1.0,0.0,0,0.0
39,14,23.544,16.0,0.0,0.0,0,0,0,16.0,1.0,0.0,0,0.0
40,14,23.544,16.0,0.0,0.0,0,0,0,16.0,1.0,0.0,0,0.0
41,14,23.544,16.0,0.0,0.0,0,0,0,16.0,1.0,0.0,0,0.0
42,14,23.544,16.0,0.0,0.0,0,0,0,16.0,1.0,0.0,0,0.0
43,14,23.544,16.0,0.0,0.0,0,0,0,16.0,1.0,0.0,0,0.0
44,14,10.432,8.0,0.0,0.0,0,0,0,8.0,1.0,0.0,0,0.0
45,14,23.544,16.0,0.0,0.0,0,0,0,16.0,1.0,0.0,0,0.0
46,14,23.544,16.0,0.0,0.0,0,0,0,16.0,1.0,0.0,0,0.0
47,14,23.544,16.0,0.0,0.0,0,0,0,16.0,1.0,0.0,0,0.0
48,14,23.544,16.0,0.0,0.0,0,0,0,16.0,1.0,0.0,0,0.0
49,14,23.544,16.0,0.0,0.0,0,0,0,16.0,1.0,0.0,0,0.0
50,14,10.901134778255162,7.157256733647075,8.842743266352926,0.0,0,0,0,16.0,0.4473285458529422,8.842743266352924,2,0.0
51,14,23.544,16.0,0.0,0.0,0,0,0,16.0,1.0,0.0,0,0.0
52,14,23.544,16.0,0.0,0.0,0,0,0,16.0,1.0,0.0,0,0.0
53,14,13.112,8.0,0.0,0.0,0,0,0,8.0,1.0,0.0,0,0.0
54,14,10.473081845121165,6.9274846452267385,9.072515354773262,0.0,0,0,0,16.0,0.43296779032667115,9.072515354773262,2,0.0
55,14,23.544,16.0,0.0,0.0,0,0,0,16.0,1.0,0.0,0,0.0
56,14,23.544,16.0,0.0,0.0,0,0,0,16.0,1.0,0.0,0,0.0
57,14,19.896,16.0,0.0,0.0,0,0,0,16.0,1.0,0.0,0,0.0
58,14,19.896,16.0,0.0,0.0,0,0,0,16.0,1.0,0.0,0,0.0
59,14,9.948,8.0,0.0,0.0,0,0,0,8.0,1.0,0.0,0,0.0
60,14,9.948,8.0,0.0,0.0,0,0,0,8.0,1.0,0.0,0,0.0
61,14,12.913252818168216,10.384602185901258,5.615397814098742,0.0,0,0,0,16.0,0.6490376366188286,5.615397814098741,1,0.0
62,14,16.4808,16.0,0.0,0.0,0,0,0,16.0,1.0,0.0,0,0.6
63,14,13.112,8.0,0.0,0.0,0,0,0,8.0,1.0,0.0,0,0.0
64,14,16.4808,16.0,0.0,0.0,0,0,0,16.0,1.0,0.0,0,0.6
65,14,9.1784,8.0,0.0,0.0,0,0,0,8.0,1.0,0.0,0,0.3
66,14,5.328754290575853,3.2512228740548217,4.748777125945178,0.0,0,0,0,8.0,0.4064028592568527,4.748777125945178,1,0.0
67,14,23.544,16.0,0.0,0.0,0,0,0,16.0,1.0,0.0,0,0.0
68,14,23.544,16.0,0.0,0.0,0,0,0,16.0,1.0,0.0,0,0.0
69,14,16.4808,16.0,0.0,0.0,0,0,0,16.0,1.0,0.0,0,0.6
70,14,23.544,16.0,0.0,0.0,0,0,0,16.0,1.0,0.0,0,0.0
71,14,10.432,8.0,0.0,0.0,0,0,0,8.0,1.0,0.0,0,0.0
72,14,23.544,16.0,0.0,0.0,0,0,0,16.0,1.0,0.0,0,0.0
73,14,11.57995413032696,14.354189717348236,1.6458102826517642,0.0,0,0,0,16.0,0.8971368573342647,1.6458102826517647,1,0.6
74,14,13.112,8.0,0.0,0.0,0,0,0,8.0,1.0,0.0,0,0.0
75,14,10.432,8.0,0.0,0.0,0,0,0,8.0,1.0,0.0,0,0.0
77,14,23.544,16.0,0.0,0.0,0,0,0,16.0,1.0,0.0,0,0.0
78,14,15.498269800402731,11.091073703723447,4.908926296276553,0.0,0,0,0,16.0,0.6931921064827155,4.908926296276553,1,0.0
79,14,23.544,16.0,0.0,0.0,0,0,0,16.0,1.0,0.0,0,0.0
80,14,23.544,16.0,0.0,0.0,0,0,0,16.0,1.0,0.0,0,0.0
81,14,23.544,16.0,0.0,0.0,0,0,0,16.0,1.0,0.0,0,0.0
82,14,13.112,8.0,0.0,0.0,0,0,0,8.0,1.0,0.0,0,0.0
83,14,23.544,16.0,0.0,0.0,0,0,0,16.0,1.0,0.0,0,0.0
84,14,23.544,16.0,0.0,0.0,0,0,0,16.0,1.0,0.0,0,0.0
85,14,23.544,16.0,0.0,0.0,0,0,0,16.0,1.0,0.0,0,0.0
86,14,23.544,16.0,0.0,0.0,0,0,0,16.0,1.0,0.0,0,0.0
87,14,23.544,16.0,0.0,0.0,0,0,0,16.0,1.0,0.0,0,0.0
88,14,17.660683137663284,11.48825393992583,4.51174606007417,0.0,0,0,0,16.0,0.7180158712453644,4.511746060074169,1,0.0
89,14,23.544,16.0,0.0,0.0,0,0,0,16.0,1.0,0.0,0,0.0
90,14,3.3819145122020484,2.063401166688254,5.936598833311746,0.0,0,0,0,8.0,0.25792514583603177,5.936598833311746,1,0.0
91,14,23.544,16.0,0.0,0.0,0,0,0,16.0,1.0,0.0,0,0.0
92,14,13.112,8.0,0.0,0.0,0,0,0,8.0,1.0,0.0,0,0.0
93,14,10.432,8.0,0.0,0.0,0,0,0,8.0,1.0,0.0,0,0.0
94,14,23.544,16.0,0.0,0.0,0,0,0,16.0,1.0,0.0,0,0.0
95,14,23.544,16.0,0.0,0.0,0,0,0,16.0,1.0,0.0,0,0.0
96,14,23.544,16.0,0.0,0.0,0,0,0,16.0,1.0,0.0,0,0.0
97,14,23.544,16.0,0.0,0.0,0,0,0,16.0,1.0,0.0,0,0.0
98,14,23.544,16.0,0.0,0.0,0,0,0,16.0,1.0,0.0,0,0.0
99,14,23.544,16.0,0.0,0.0,0,0,0,16.0,1.0,0.0,0,0.0
100,14,0.0,0.0,16.0,0.0,0,0,0,16.0,0.0,0.0,0,0.0
101,14,16.598,16.0,0.0,0.0,0,0,0,16.0,1.0,0.0,0,0.0
102,14,6.102463060026733,5.8826008531406035,2.1173991468593965,0.0,0,0,0,8.0,0.7353251066425754,2.1173991468593965,1,0.0
103,14,16.598,16.0,0.0,0.0,0,0,0,16.0,1.0,0.0,0,0.0
104,14,13.853870709682752,13.354737399380893,2.645262600619107,0.0,0,0,0,16.0,0.8346710874613058,2.6452626006191067,1,0.0
105,14,12.675959611322499,12.219264597009278,3.7807354029907216,0.0,0,0,0,16.0,0.7637040373130799,3.7807354029907216,1,0.0
106,14,16.598,16.0,0.0,0.0,0,0,0,16.0,1.0,0.0,0,0.0
107,14,0.0,0.0,16.0,0.0,0,0,0,16.0,0.0,0.0,0,0.0
108,14,0.0,0.0,16.0,0.0,0,0,0,16.0,0.0,0.0,0,0.0
109,14,0.0,0.0,16.0,0.0,0,0,0,16.0,0.0,0.0,0,0.0
110,14,0.0,0.0,16.0,0.0,0,0,0,16.0,0.0,0.0,0,0.0
111,14,0.0,0.0,16.0,0.0,0,0,0,16.0,0.0,0.0,0,0.0
112,14,0.0,0.0,16.0,0.0,0,0,0,16.0,0.0,0.0,0,0.0
1,15,0.0,0.0,16.0,0.0,0,0,0,16.0,0.0,0.0,0,0.0
2,15,0.0,0.0,16.0,0.0,0,0,0,16.0,0.0,0.0,0,0.0
3,15,0.0,0.0,16.0,0.0,0,0,0,16.0,0.0,0.0,0,0.0
4,15,0.0,0.0,16.0,0.0,0,0,0,16.0,0.0,0.0,0,0.0
5,15,0.0,0.0,16.0,0.0,0,0,0,16.0,0.0,0.0,0,0.0
6,15,0.0,0.0,16.0,0.0,0,0,0,16.0,0.0,0.0,0,0.0
7,15,0.0,0.0,16.0,0.0,0,0,0,16.0,0.0,0.0,0,0.0
8,15,0.0,0.0,16.0,0.0,0,0,0,16.0,0.0,0.0,0,0.0
9,15,0.0,0.0,16.0,0.0,0,0,0,16.0,0.0,0.0,0,0.0
10,15,0.0,0.0,16.0,0.0,0,0,0,16.0,0.0,0.0,0,0.0
11,15,0.0,0.0,8.0,0.0,0,0,0,8.0,0.0,0.0,0,0.0
12,15,8.319,8.0,8.0,0.0,0,0,0,16.0,0.5,0.0,0,0.0
13,15,0.0,0.0,16.0,0.0,0,0,0,16.0,0.0,0.0,0,0.0
14,15,0.0,0.0,16.0,0.0,0,0,0,16.0,0.0,0.0,0,0.0
15,15,0.0,0.0,16.0,0.0,0,0,0,16.0,0.0,0.0,0,0.0
16,15,0.0,0.0,16.0,0.0,0,0,0,16.0,0.0,0.0,0,0.0
17,15,0.0,0.0,8.0,0.0,0,0,0,8.0,0.0,0.0,0,0.0
18,15,0.0,0.0,16.0,0.0,0,0,0,16.0,0.0,0.0,0,0.0
19,15,0.0,0.0,16.0,0.0,0,0,0,16.0,0.0,0.0,0,0.0
20,15,0.0,0.0,8.0,0.0,0,0,0,8.0,0.0,0.0,0,0.0
21,15,0.0,0.0,8.0,0.0,0,0,0,8.0,0.0,0.0,0,0.0
22,15,0.0,0.0,16.0,0.0,0,0,0,16.0,0.0,0.0,0,0.0
23,15,0.0,0.0,16.0,0.0,0,0,0,16.0,0.0,0.0,0,0.0
24,15,0.0,0.0,16.0,0.0,0,0,0,16.0,0.0,0.0,0,0.0
25,15,0.0,0.0,16.0,0.0,0,0,0,16.0,0.0,0.0,0,0.0
26,15,0.0,0.0,16.0,0.0,0,0,0,16.0,0.0,0.0,0,0.0
27,15,0.0,0.0,16.0,0.0,0,0,0,16.0,0.0,0.0,0,0.0
28,15,0.0,0.0,16.0,0.0,0,0,0,16.0,0.0,0.0,0,0.0
29,15,0.0,0.0,16.0,0.0,0,0,0,16.0,0.0,0.0,0,0.0
30,15,0.0,0.0,16.0,0.0,0,0,0,16.0,0.0,0.0,0,0.0
31,15,0.0,0.0,16.0,0.0,0,0,0,16.0,0.0,0.0,0,0.0
32,15,0.0,0.0,16.0,0.0,0,0,0,16.0,0.0,0.0,0,0.0
33,15,0.0,0.0,16.0,0.0,0,0,0,16.0,0.0,0.0,0,0.0
34,15,0.0,0.0,16.0,0.0,0,0,0,16.0,0.0,0.0,0,0.0
35,15,0.0,0.0,8.0,0.0,0,0,0,8.0,0.0,0.0,0,0.0
36,15,0.0,0.0,16.0,0.0,0,0,0,16.0,0.0,0.0,0,0.0
37,15,23.544,16.0,0.0,0.0,0,0,0,16.0,1.0,0.0,0,0.0
38,15,23.544,16.0,0.0,0.0,0,0,0,16.0,1.0,0.0,0,0.0
39,15,23.544,16.0,0.0,0.0,0,0,0,16.0,1.0,0.0,0,0.0
40,15,23.544,16.0,0.0,0.0,0,0,0,16.0,1.0,0.0,0,0.0
41,15,23.544,16.0,0.0,0.0,0,0,0,16.0,1.0,0.0,0,0.0
42,15,23.544,16.0,0.0,0.0,0,0,0,16.0,1.0,0.0,0,0.0
43,15,23.544,16.0,0.0,0.0,0,0,0,16.0,1.0,0.0,0,0.0
44,15,10.432,8.0,0.0,0.0,0,0,0,8.0,1.0,0.0,0,0.0
45,15,23.544,16.0,0.0,0.0,0,0,0,16.0,1.0,0.0,0,0.0
46,15,23.544,16.0,0.0,0.0,0,0,0,16.0,1.0,0.0,0,0.0
47,15,23.544,16.0,0.0,0.0,0,0,0,16.0,1.0,0.0,0,0.0
48,15,18.099677449243337,12.6782656798312,3.321734320168799,0.0,0,0,0,16.0,0.79239160498945,3.321734320168799,1,0.0
49,15,16.4808,16.0,0.0,0.0,0,0,0,16.0,1.0,0.0,0,0.6
50,15,16.4808,16.0,0.0,0.0,0,0,0,16.0,1.0,0.0,0,0.6
51,15,18.60851751562042,16.0,0.0,0.0,0,0,0,16.0,1.0,0.0,0,0.0
52,15,23.544,16.0,0.0,0.0,0,0,0,16.0,1.0,0.0,0,0.0
53,15,9.1784,8.0,0.0,0.0,0,0,0,8.0,1.0,0.0,0,0.3
54,15,23.544,16.0,0.0,0.0,0,0,0,16.0,1.0,0.0,0,0.0
55,15,23.544,16.0,0.0,0.0,0,0,0,16.0,1.0,0.0,0,0.0
56,15,23.544,16.0,0.0,0.0,0,0,0,16.0,1.0,0.0,0,0.0
57,15,19.896,16.0,0.0,0.0,0,0,0,16.0,1.0,0.0,0,0.0
58,15,19.896,16.0,0.0,0.0,0,0,0,16.0,1.0,0.0,0,0.0
59,15,5.6776559506585915,8.0,0.0,0.0,0,0,0,8.0,1.0,0.0,0,0.0
60,15,9.948,8.0,0.0,0.0,0,0,0,8.0,1.0,0.0,0,0.0
61,15,19.896,16.0,0.0,0.0,0,0,0,16.0,1.0,0.0,0,0.0
62,15,23.544,16.0,0.0,0.0,0,0,0,16.0,1.0,0.0,0,0.0
63,15,9.1784,8.0,0.0,0.0,0,0,0,8.0,1.0,0.0,0,0.3
64,15,12.566621171596019,16.0,0.0,0.0,0,0,0,16.0,1.0,0.0,0,0.6
65,15,13.112,8.0,0.0,0.0,0,0,0,8.0,1.0,0.0,0,0.0
66,15,13.112,8.0,0.0,0.0,0,0,0,8.0,1.0,0.0,0,0.0
67,15,23.544,16.0,0.0,0.0,0,0,0,16.0,1.0,0.0,0,0.0
68,15,16.93142171972189,11.965479999830315,4.034520000169685,0.0,0,0,0,16.0,0.7478424999893947,4.034520000169684,1,0.0
69,15,23.544,16.0,0.0,0.0,0,0,0,16.0,1.0,0.0,0,0.0
70,15,23.544,16.0,0.0,0.0,0,0,0,16.0,1.0,0.0,0,0.0
71,15,10.432,8.0,0.0,0.0,0,0,0,8.0,1.0,0.0,0,0.0
72,15,23.544,16.0,0.0,0.0,0,0,0,16.0,1.0,0.0,0,0.0
73,15,23.544,16.0,0.0,0.0,0,0,0,16.0,1.0,0.0,0,0.0
74,15,9.1784,8.0,0.0,0.0,0,0,0,8.0,1.0,0.0,0,0.3
75,15,5.572431264067163,4.273336858947211,3.7266631410527893,0.0,0,0,0,8.0,0.5341671073684013,3.7266631410527893,1,0.0
77,15,14.703948749443724,10.606436088739306,5.393563911260694,0.0,0,0,0,16.0,0.6629022555462066,5.393563911260694,1,0.0
78,15,23.544,16.0,0.0,0.0,0,0,0,16.0,1.0,0.0,0,0.0
79,15,23.544,16.0,0.0,0.0,0,0,0,16.0,1.0,0.0,0,0.0
80,15,16.4808,16.0,0.0,0.0,0,0,0,16.0,1.0,0.0,0,0.6
81,15,23.544,16.0,0.0,0.0,0,0,0,16.0,1.0,0.0,0,0.0
82,15,13.112,8.0,0.0,0.0,0,0,0,8.0,1.0,0.0,0,0.0
83,15,23.544,16.0,0.0,0.0,0,0,0,16.0,1.0,0.0,0,0.0
84,15,16.605128829006834,16.0,0.0,0.0,0,0,0,16.0,1.0,0.0,0,0.0
85,15,23.544,16.0,0.0,0.0,0,0,0,16.0,1.0,0.0,0,0.0
86,15,23.544,16.0,0.0,0.0,0,0,0,16.0,1.0,0.0,0,0.0
87,15,23.544,16.0,0.0,0.0,0,0,0,16.0,1.0,0.0,0,0.0
88,15,23.544,16.0,0.0,0.0,0,0,0,16.0,1.0,0.0,0,0.0
89,15,18.360050486295364,12.024578593784788,3.9754214062152116,0.0,0,0,0,16.0,0.7515361621115493,3.9754214062152107,1,0.0
90,15,13.112,8.0,0.0,0.0,0,0,0,8.0,1.0,0.0,0,0.0
91,15,23.544,16.0,0.0,0.0,0,0,0,16.0,1.0,0.0,0,0.0
92,15,13.112,8.0,0.0,0.0,0,0,0,8.0,1.0,0.0,0,0.0
93,15,10.432,8.0,0.0,0.0,0,0,0,8.0,1.0,0.0,0,0.0
94,15,23.544,16.0,0.0,0.0,0,0,0,16.0,1.0,0.0,0,0.0
95,15,23.544,16.0,0.0,0.0,0,0,0,16.0,1.0,0.0,0,0.0
96,15,23.544,16.0,0.0,0.0,0,0,0,16.0,1.0,0.0,0,0.0
97,15,23.544,16.0,0.0,0.0,0,0,0,16.0,1.0,0.0,0,0.0
98,15,11.987799917720299,16.0,0.0,0.0,0,0,0,16.0,1.0,0.0,0,0.0
99,15,23.544,16.0,0.0,0.0,0,0,0,16.0,1.0,0.0,0,0.0
100,15,0.0,0.0,16.0,0.0,0,0,0,16.0,0.0,0.0,0,0.0
101,15,16.598,16.0,0.0,0.0,0,0,0,16.0,1.0,0.0,0,0.0
102,15,5.8092999999999995,8.0,0.0,0.0,0,0,0,8.0,1.0,0.0,0,0.3
103,15,6.902258627048736,16.0,0.0,0.0,0,0,0,16.0,1.0,0.0,0,0.0
104,15,16.598,16.0,0.0,0.0,0,0,0,16.0,1.0,0.0,0,0.0
105,15,16.598,16.0,0.0,0.0,0,0,0,16.0,1.0,0.0,0,0.0
106,15,16.598,16.0,0.0,0.0,0,0,0,16.0,1.0,0.0,0,0.0
107,15,0.0,0.0,16.0,0.0,0,0,0,16.0,0.0,0.0,0,0.0
108,15,0.0,0.0,16.0,0.0,0,0,0,16.0,0.0,0.0,0,0.0
109,15,0.0,0.0,16.0,0.0,0,0,0,16.0,0.0,0.0,0,0.0
110,15,0.0,0.0,16.0,0.0,0,0,0,16.0,0.0,0.0,0,0.0
111,15,0.0,0.0,16.0,0.0,0,0,0,16.0,0.0,0.0,0,0.0
112,15,0.0,0.0,16.0,0.0,0,0,0,16.0,0.0,0.0,0,0.0
1,16,0.0,0.0,16.0,0.0,0,0,0,16.0,0.0,0.0,0,0.0
2,16,0.0,0.0,16.0,0.0,0,0,0,16.0,0.0,0.0,0,0.0
3,16,0.0,0.0,16.0,0.0,0,0,0,16.0,0.0,0.0,0,0.0
4,16,0.0,0.0,16.0,0.0,0,0,0,16.0,0.0,0.0,0,0.0
5,16,0.0,0.0,16.0,0.0,0,0,0,16.0,0.0,0.0,0,0.0
6,16,0.0,0.0,16.0,0.0,0,0,0,16.0,0.0,0.0,0,0.0
7,16,0.0,0.0,16.0,0.0,0,0,0,16.0,0.0,0.0,0,0.0
8,16,0.0,0.0,16.0,0.0,0,0,0,16.0,0.0,0.0,0,0.0
9,16,0.0,0.0,16.0,0.0,0,0,0,16.0,0.0,0.0,0,0.0
10,16,0.0,0.0,16.0,0.0,0,0,0,16.0,0.0,0.0,0,0.0
11,16,0.0,0.0,8.0,0.0,0,0,0,8.0,0.0,0.0,0,0.0
12,16,8.319,8.0,8.0,0.0,0,0,0,16.0,0.5,0.0,0,0.0
13,16,0.0,0.0,16.0,0.0,0,0,0,16.0,0.0,0.0,0,0.0
14,16,0.0,0.0,16.0,0.0,0,0,0,16.0,0.0,0.0,0,0.0
15,16,0.0,0.0,16.0,0.0,0,0,0,16.0,0.0,0.0,0,0.0
16,16,0.0,0.0,16.0,0.0,0,0,0,16.0,0.0,0.0,0,0.0
17,16,0.0,0.0,8.0,0.0,0,0,0,8.0,0.0,0.0,0,0.0
18,16,0.0,0.0,16.0,0.0,0,0,0,16.0,0.0,0.0,0,0.0
19,16,0.0,0.0,16.0,0.0,0,0,0,16.0,0.0,0.0,0,0.0
20,16,0.0,0.0,8.0,0.0,0,0,0,8.0,0.0,0.0,0,0.0
21,16,0.0,0.0,8.0,0.0,0,0,0,8.0,0.0,0.0,0,0.0
22,16,0.0,0.0,16.0,0.0,0,0,0,16.0,0.0,0.0,0,0.0
23,16,0.0,0.0,16.0,0.0,0,0,0,16.0,0.0,0.0,0,0.0
24,16,0.0,0.0,16.0,0.0,0,0,0,16.0,0.0,0.0,0,0.0
25,16,0.0,0.0,16.0,0.0,0,0,0,16.0,0.0,0.0,0,0.0
26,16,0.0,0.0,16.0,0.0,0,0,0,16.0,0.0,0.0,0,0.0
27,16,0.0,0.0,16.0,0.0,0,0,0,16.0,0.0,0.0,0,0.0
28,16,0.0,0.0,16.0,0.0,0,0,0,16.0,0.0,0.0,0,0.0
29,16,0.0,0.0,16.0,0.0,0,0,0,16.0,0.0,0.0,0,0.0
30,16,0.0,0.0,16.0,0.0,0,0,0,16.0,0.0,0.0,0,0.0
31,16,0.0,0.0,16.0,0.0,0,0,0,16.0,0.0,0.0,0,0.0
32,16,0.0,0.0,16.0,0.0,0,0,0,16.0,0.0,0.0,0,0.0
33,16,0.0,0.0,16.0,0.0,0,0,0,16.0,0.0,0.0,0,0.0
34,16,0.0,0.0,16.0,0.0,0,0,0,16.0,0.0,0.0,0,0.0
35,16,0.0,0.0,8.0,0.0,0,0,0,8.0,0.0,0.0,0,0.0
36,16,0.0,0.0,16.0,0.0,0,0,0,16.0,0.0,0.0,0,0.0
37,16,23.544,16.0,0.0,0.0,0,0,0,16.0,1.0,0.0,0,0.0
38,16,23.544,16.0,0.0,0.0,0,0,0,16.0,1.0,0.0,0,0.0
39,16,23.544,16.0,0.0,0.0,0,0,0,16.0,1.0,0.0,0,0.0
40,16,23.544,16.0,0.0,0.0,0,0,0,16.0,1.0,0.0,0,0.0
41,16,23.544,16.0,0.0,0.0,0,0,0,16.0,1.0,0.0,0,0.0
42,16,23.544,16.0,0.0,0.0,0,0,0,16.0,1.0,0.0,0,0.0
43,16,23.544,16.0,0.0,0.0,0,0,0,16.0,1.0,0.0,0,0.0
44,16,10.432,8.0,0.0,0.0,0,0,0,8.0,1.0,0.0,0,0.0
45,16,23.544,16.0,0.0,0.0,0,0,0,16.0,1.0,0.0,0,0.0
46,16,23.544,16.0,0.0,0.0,0,0,0,16.0,1.0,0.0,0,0.0
47,16,18.728968444923236,13.062213816304599,2.937786183695401,0.0,0,0,0,16.0,0.8163883635190374,2.937786183695402,1,0.0
48,16,23.544,16.0,0.0,0.0,0,0,0,16.0,1.0,0.0,0,0.0
49,16,23.544,16.0,0.0,0.0,0,0,0,16.0,1.0,0.0,0,0.0
50,16,23.42286919712083,15.926094690128632,0.07390530987136756,0.0,0,0,0,16.0,0.9953809181330395,0.07390530987136756,1,0.0
51,16,23.544,16.0,0.0,0.0,0,0,0,16.0,1.0,0.0,0,0.0
52,16,19.412619825520853,12.831763669877954,3.1682363301220455,0.0,0,0,0,16.0,0.8019852293673722,3.1682363301220455,1,0.0
53,16,8.358535745824334,5.099777758282083,2.900222241717917,0.0,0,0,0,8.0,0.6374722197852604,2.900222241717917,1,0.0
54,16,23.544,16.0,0.0,0.0,0,0,0,16.0,1.0,0.0,0,0.0
55,16,23.544,16.0,0.0,0.0,0,0,0,16.0,1.0,0.0,0,0.0
56,16,23.544,16.0,0.0,0.0,0,0,0,16.0,1.0,0.0,0,0.0
57,16,19.896,16.0,0.0,0.0,0,0,0,16.0,1.0,0.0,0,0.0
58,16,19.896,16.0,0.0,0.0,0,0,0,16.0,1.0,0.0,0,0.0
59,16,9.948,8.0,0.0,0.0,0,0,0,8.0,1.0,0.0,0,0.0
60,16,9.948,8.0,0.0,0.0,0,0,0,8.0,1.0,0.0,0,0.0
61,16,13.9272,16.0,0.0,0.0,0,0,0,16.0,1.0,0.0,0,0.6
62,16,23.544,16.0,0.0,0.0,0,0,0,16.0,1.0,0.0,0,0.0
63,16,13.112,8.0,0.0,0.0,0,0,0,8.0,1.0,0.0,0,0.0
64,16,20.06833049354448,13.879396274279731,2.120603725720269,0.0,0,0,0,16.0,0.8674622671424832,2.120603725720268,1,0.0
65,16,13.112,8.0,0.0,0.0,0,0,0,8.0,1.0,0.0,0,0.0
66,16,13.112,8.0,0.0,0.0,0,0,0,8.0,1.0,0.0,0,0.0
67,16,23.544,16.0,0.0,0.0,0,0,0,16.0,1.0,0.0,0,0.0
68,16,23.544,16.0,0.0,0.0,0,0,0,16.0,1.0,0.0,0,0.0
69,16,16.4808,16.0,0.0,0.0,0,0,0,16.0,1.0,0.0,0,0.6
70,16,23.544,16.0,0.0,0.0,0,0,0,16.0,1.0,0.0,0,0.0
71,16,10.432,8.0,0.0,0.0,0,0,0,8.0,1.0,0.0,0,0.0
72,16,23.544,16.0,0.0,0.0,0,0,0,16.0,1.0,0.0,0,0.0
73,16,23.544,16.0,0.0,0.0,0,0,0,16.0,1.0,0.0,0,0.0
74,16,13.112,8.0,0.0,0.0,0,0,0,8.0,1.0,0.0,0,0.0
75,16,10.432,8.0,0.0,0.0,0,0,0,8.0,1.0,0.0,0,0.0
77,16,23.544,16.0,0.0,0.0,0,0,0,16.0,1.0,0.0,0,0.0
78,16,17.247847193398567,11.171661958127736,4.828338041872264,0.0,0,0,0,16.0,0.6982288723829835,4.828338041872264,1,0.0
79,16,23.544,16.0,0.0,0.0,0,0,0,16.0,1.0,0.0,0,0.0
80,16,23.544,16.0,0.0,0.0,0,0,0,16.0,1.0,0.0,0,0.0
81,16,23.544,16.0,0.0,0.0,0,0,0,16.0,1.0,0.0,0,0.0
82,16,13.112,8.0,0.0,0.0,0,0,0,8.0,1.0,0.0,0,0.0
83,16,23.544,16.0,0.0,0.0,0,0,0,16.0,1.0,0.0,0,0.0
84,16,23.544,16.0,0.0,0.0,0,0,0,16.0,1.0,0.0,0,0.0
85,16,23.544,16.0,0.0,0.0,0,0,0,16.0,1.0,0.0,0,0.0
86,16,23.544,16.0,0.0,0.0,0,0,0,16.0,1.0,0.0,0,0.0
87,16,23.544,16.0,0.0,0.0,0,0,0,16.0,1.0,0.0,0,0.0
88,16,18.190412850669965,16.0,0.0,0.0,0,0,0,16.0,1.0,0.0,0,0.0
89,16,12.962502039388074,9.543930469425305,6.456069530574695,0.0,0,0,0,16.0,0.5964956543390816,6.456069530574696,1,0.0
90,16,13.112,8.0,0.0,0.0,0,0,0,8.0,1.0,0.0,0,0.0
91,16,23.544,16.0,0.0,0.0,0,0,0,16.0,1.0,0.0,0,0.0
92,16,13.112,8.0,0.0,0.0,0,0,0,8.0,1.0,0.0,0,0.0
93,16,7.3024,8.0,0.0,0.0,0,0,0,8.0,1.0,0.0,0,0.3
94,16,23.544,16.0,0.0,0.0,0,0,0,16.0,1.0,0.0,0,0.0
95,16,23.544,16.0,0.0,0.0,0,0,0,16.0,1.0,0.0,0,0.0
96,16,23.544,16.0,0.0,0.0,0,0,0,16.0,1.0,0.0,0,0.0
97,16,23.544,16.0,0.0,0.0,0,0,0,16.0,1.0,0.0,0,0.0
98,16,23.544,16.0,0.0,0.0,0,0,0,16.0,1.0,0.0,0,0.0
99,16,12.971524624939722,9.549435402647786,6.450564597352214,0.0,0,0,0,16.0,0.5968397126654866,6.450564597352214,1,0.0
100,16,0.0,0.0,16.0,0.0,0,0,0,16.0,0.0,0.0,0,0.0
101,16,16.598,16.0,0.0,0.0,0,0,0,16.0,1.0,0.0,0,0.0
102,16,5.8092999999999995,8.0,0.0,0.0,0,0,0,8.0,1.0,0.0,0,0.3
103,16,16.598,16.0,0.0,0.0,0,0,0,16.0,1.0,0.0,0,0.0
104,16,16.598,16.0,0.0,0.0,0,0,0,16.0,1.0,0.0,0,0.0
105,16,16.598,16.0,0.0,0.0,0,0,0,16.0,1.0,0.0,0,0.0
106,16,16.598,16.0,0.0,0.0,0,0,0,16.0,1.0,0.0,0,0.0
107,16,0.0,0.0,16.0,0.0,0,0,0,16.0,0.0,0.0,0,0.0
108,16,0.0,0.0,16.0,0.0,0,0,0,16.0,0.0,0.0,0,0.0
109,16,0.0,0.0,16.0,0.0,0,0,0,16.0,0.0,0.0,0,0.0
110,16,0.0,0.0,16.0,0.0,0,0,0,16.0,0.0,0.0,0,0.0
111,16,0.0,0.0,16.0,0.0,0,0,0,16.0,0.0,0.0,0,0.0
112,16,0.0,0.0,16.0,0.0,0,0,0,16.0,0.0,0.0,0,0.0
1,17,0.0,0.0,16.0,0.0,0,0,0,16.0,0.0,0.0,0,0.0
2,17,0.0,0.0,16.0,0.0,0,0,0,16.0,0.0,0.0,0,0.0
3,17,0.0,0.0,16.0,0.0,0,0,0,16.0,0.0,0.0,0,0.0
4,17,0.0,0.0,16.0,0.0,0,0,0,16.0,0.0,0.0,0,0.0
5,17,0.0,0.0,16.0,0.0,0,0,0,16.0,0.0,0.0,0,0.0
6,17,0.0,0.0,16.0,0.0,0,0,0,16.0,0.0,0.0,0,0.0
7,17,0.0,0.0,16.0,0.0,0,0,0,16.0,0.0,0.0,0,0.0
8,17,0.0,0.0,16.0,0.0,0,0,0,16.0,0.0,0.0,0,0.0
9,17,0.0,0.0,16.0,0.0,0,0,0,16.0,0.0,0.0,0,0.0
10,17,0.0,0.0,16.0,0.0,0,0,0,16.0,0.0,0.0,0,0.0
11,17,0.0,0.0,8.0,0.0,0,0,0,8.0,0.0,0.0,0,0.0
12,17,5.823300000000001,8.0,8.0,0.0,0,0,0,16.0,0.5,0.0,0,0.3
13,17,0.0,0.0,16.0,0.0,0,0,0,16.0,0.0,0.0,0,0.0
14,17,0.0,0.0,16.0,0.0,0,0,0,16.0,0.0,0.0,0,0.0
15,17,0.0,0.0,16.0,0.0,0,0,0,16.0,0.0,0.0,0,0.0
16,17,0.0,0.0,16.0,0.0,0,0,0,16.0,0.0,0.0,0,0.0
17,17,0.0,0.0,8.0,0.0,0,0,0,8.0,0.0,0.0,0,0.0
18,17,0.0,0.0,16.0,0.0,0,0,0,16.0,0.0,0.0,0,0.0
19,17,0.0,0.0,16.0,0.0,0,0,0,16.0,0.0,0.0,0,0.0
20,17,0.0,0.0,8.0,0.0,0,0,0,8.0,0.0,0.0,0,0.0
21,17,0.0,0.0,8.0,0.0,0,0,0,8.0,0.0,0.0,0,0.0
22,17,0.0,0.0,16.0,0.0,0,0,0,16.0,0.0,0.0,0,0.0
23,17,0.0,0.0,16.0,0.0,0,0,0,16.0,0.0,0.0,0,0.0
24,17,0.0,0.0,16.0,0.0,0,0,0,16.0,0.0,0.0,0,0.0
25,17,0.0,0.0,16.0,0.0,0,0,0,16.0,0.0,0.0,0,0.0
26,17,0.0,0.0,16.0,0.0,0,0,0,16.0,0.0,0.0,0,0.0
27,17,0.0,0.0,16.0,0.0,0,0,0,16.0,0.0,0.0,0,0.0
28,17,0.0,0.0,16.0,0.0,0,0,0,16.0,0.0,0.0,0,0.0
29,17,0.0,0.0,16.0,0.0,0,0,0,16.0,0.0,0.0,0,0.0
30,17,0.0,0.0,16.0,0.0,0,0,0,16.0,0.0,0.0,0,0.0
31,17,0.0,0.0,16.0,0.0,0,0,0,16.0,0.0,0.0,0,0.0
32,17,0.0,0.0,16.0,0.0,0,0,0,16.0,0.0,0.0,0,0.0
33,17,0.0,0.0,16.0,0.0,0,0,0,16.0,0.0,0.0,0,0.0
34,17,0.0,0.0,16.0,0.0,0,0,0,16.0,0.0,0.0,0,0.0
35,17,0.0,0.0,8.0,0.0,0,0,0,8.0,0.0,0.0,0,0.0
36,17,0.0,0.0,16.0,0.0,0,0,0,16.0,0.0,0.0,0,0.0
37,17,23.544,16.0,0.0,0.0,0,0,0,16.0,1.0,0.0,0,0.0
38,17,23.544,16.0,0.0,0.0,0,0,0,16.0,1.0,0.0,0,0.0
39,17,23.544,16.0,0.0,0.0,0,0,0,16.0,1.0,0.0,0,0.0
40,17,23.544,16.0,0.0,0.0,0,0,0,16.0,1.0,0.0,0,0.0
41,17,23.544,16.0,0.0,0.0,0,0,0,16.0,1.0,0.0,0,0.0
42,17,19.34431956710396,12.779386171091993,3.2206138289080073,0.0,0,0,0,16.0,0.7987116356932495,3.2206138289080064,1,0.0
43,17,23.544,16.0,0.0,0.0,0,0,0,16.0,1.0,0.0,0,0.0
44,17,7.3024,8.0,0.0,0.0,0,0,0,8.0,1.0,0.0,0,0.3
45,17,23.544,16.0,0.0,0.0,0,0,0,16.0,1.0,0.0,0,0.0
46,17,18.504057363036537,12.92498923919252,3.07501076080748,0.0,0,0,0,16.0,0.8078118274495325,3.075010760807481,1,0.0
47,17,23.544,16.0,0.0,0.0,0,0,0,16.0,1.0,0.0,0,0.0
48,17,23.544,16.0,0.0,0.0,0,0,0,16.0,1.0,0.0,0,0.0
49,17,23.544,16.0,0.0,0.0,0,0,0,16.0,1.0,0.0,0,0.0
50,17,16.4808,16.0,0.0,0.0,0,0,0,16.0,1.0,0.0,0,0.6
51,17,14.052801581657999,16.0,0.0,0.0,0,0,0,16.0,1.0,0.0,0,0.0
52,17,23.544,16.0,0.0,0.0,0,0,0,16.0,1.0,0.0,0,0.0
53,17,13.112,8.0,0.0,0.0,0,0,0,8.0,1.0,0.0,0,0.0
54,17,16.379634640793075,16.0,0.0,0.0,0,0,0,16.0,1.0,0.0,0,0.0
55,17,23.544,16.0,0.0,0.0,0,0,0,16.0,1.0,0.0,0,0.0
56,17,23.544,16.0,0.0,0.0,0,0,0,16.0,1.0,0.0,0,0.0
57,17,19.896,16.0,0.0,0.0,0,0,0,16.0,1.0,0.0,0,0.0
58,17,10.657890805872016,16.0,0.0,0.0,0,0,0,16.0,1.0,0.0,0,0.0
59,17,9.948,8.0,0.0,0.0,0,0,0,8.0,1.0,0.0,0,0.0
60,17,9.948,8.0,0.0,0.0,0,0,0,8.0,1.0,0.0,0,0.0
61,17,19.896,16.0,0.0,0.0,0,0,0,16.0,1.0,0.0,0,0.0
62,17,16.4808,16.0,0.0,0.0,0,0,0,16.0,1.0,0.0,0,0.6
63,17,13.112,8.0,0.0,0.0,0,0,0,8.0,1.0,0.0,0,0.0
64,17,23.544,16.0,0.0,0.0,0,0,0,16.0,1.0,0.0,0,0.0
65,17,13.112,8.0,0.0,0.0,0,0,0,8.0,1.0,0.0,0,0.0
66,17,13.112,8.0,0.0,0.0,0,0,0,8.0,1.0,0.0,0,0.0
67,17,23.544,16.0,0.0,0.0,0,0,0,16.0,1.0,0.0,0,0.0
68,17,16.4808,16.0,0.0,0.0,0,0,0,16.0,1.0,0.0,0,0.6
69,17,16.03204981589365,10.23930200605341,5.760697993946589,0.0,0,0,0,16.0,0.6399563753783382,5.7606979939465885,1,0.0
70,17,23.544,16.0,0.0,0.0,0,0,0,16.0,1.0,0.0,0,0.0
71,17,10.432,8.0,0.0,0.0,0,0,0,8.0,1.0,0.0,0,0.0
72,17,23.544,16.0,0.0,0.0,0,0,0,16.0,1.0,0.0,0,0.0
73,17,23.544,16.0,0.0,0.0,0,0,0,16.0,1.0,0.0,0,0.0
74,17,13.112,8.0,0.0,0.0,0,0,0,8.0,1.0,0.0,0,0.0
75,17,10.432,8.0,0.0,0.0,0,0,0,8.0,1.0,0.0,0,0.0
77,17,23.544,16.0,0.0,0.0,0,0,0,16.0,1.0,0.0,0,0.0
78,17,23.544,16.0,0.0,0.0,0,0,0,16.0,1.0,0.0,0,0.0
79,17,23.544,16.0,0.0,0.0,0,0,0,16.0,1.0,0.0,0,0.0
80,17,23.544,16.0,0.0,0.0,0,0,0,16.0,1.0,0.0,0,0.0
81,17,23.544,16.0,0.0,0.0,0,0,0,16.0,1.0,0.0,0,0.0
82,17,13.112,8.0,0.0,0.0,0,0,0,8.0,1.0,0.0,0,0.0
83,17,23.544,16.0,0.0,0.0,0,0,0,16.0,1.0,0.0,0,0.0
84,17,23.544,16.0,0.0,0.0,0,0,0,16.0,1.0,0.0,0,0.0
85,17,23.544,16.0,0.0,0.0,0,0,0,16.0,1.0,0.0,0,0.0
86,17,23.544,16.0,0.0,0.0,0,0,0,16.0,1.0,0.0,0,0.0
87,17,23.544,16.0,0.0,0.0,0,0,0,16.0,1.0,0.0,0,0.0
88,17,23.544,16.0,0.0,0.0,0,0,0,16.0,1.0,0.0,0,0.0
89,17,23.544,16.0,0.0,0.0,0,0,0,16.0,1.0,0.0,0,0.0
90,17,13.112,8.0,0.0,0.0,0,0,0,8.0,1.0,0.0,0,0.0
91,17,23.544,16.0,0.0,0.0,0,0,0,16.0,1.0,0.0,0,0.0
92,17,13.112,8.0,0.0,0.0,0,0,0,8.0,1.0,0.0,0,0.0
93,17,10.432,8.0,0.0,0.0,0,0,0,8.0,1.0,0.0,0,0.0
94,17,16.845154614720446,16.0,0.0,0.0,0,0,0,16.0,1.0,0.0,0,0.0
95,17,23.544,16.0,0.0,0.0,0,0,0,16.0,1.0,0.0,0,0.0
96,17,23.544,16.0,0.0,0.0,0,0,0,16.0,1.0,0.0,0,0.0
97,17,18.350149849741847,12.016986081090373,3.983013918909627,0.0,0,0,0,16.0,0.7510616300681483,3.983013918909627,1,0.0
98,17,23.544,16.0,0.0,0.0,0,0,0,16.0,1.0,0.0,0,0.0
99,17,23.544,16.0,0.0,0.0,0,0,0,16.0,1.0,0.0,0,0.0
100,17,0.0,0.0,16.0,0.0,0,0,0,16.0,0.0,0.0,0,0.0
101,17,16.598,16.0,0.0,0.0,0,0,0,16.0,1.0,0.0,0,0.0
102,17,8.299,8.0,0.0,0.0,0,0,0,8.0,1.0,0.0,0,0.0
103,17,6.747410146159585,16.0,0.0,0.0,0,0,0,16.0,1.0,0.0,0,0.6
104,17,16.598,16.0,0.0,0.0,0,0,0,16.0,1.0,0.0,0,0.0
105,17,11.158484804381683,10.756462035793888,5.243537964206112,0.0,0,0,0,16.0,0.672278877237118,5.243537964206113,1,0.0
106,17,16.598,16.0,0.0,0.0,0,0,0,16.0,1.0,0.0,0,0.0
107,17,0.0,0.0,16.0,0.0,0,0,0,16.0,0.0,0.0,0,0.0
108,17,0.0,0.0,16.0,0.0,0,0,0,16.0,0.0,0.0,0,0.0
109,17,0.0,0.0,16.0,0.0,0,0,0,16.0,0.0,0.0,0,0.0
110,17,0.0,0.0,16.0,0.0,0,0,0,16.0,0.0,0.0,0,0.0
111,17,0.0,0.0,16.0,0.0,0,0,0,16.0,0.0,0.0,0,0.0
112,17,0.0,0.0,16.0,0.0,0,0,0,16.0,0.0,0.0,0,0.0
1,18,0.0,0.0,16.0,0.0,0,0,0,16.0,0.0,0.0,0,0.0
2,18,0.0,0.0,16.0,0.0,0,0,0,16.0,0.0,0.0,0,0.0
3,18,0.0,0.0,16.0,0.0,0,0,0,16.0,0.0,0.0,0,0.0
4,18,0.0,0.0,16.0,0.0,0,0,0,16.0,0.0,0.0,0,0.0
5,18,0.0,0.0,16.0,0.0,0,0,0,16.0,0.0,0.0,0,0.0
6,18,0.0,0.0,16.0,0.0,0,0,0,16.0,0.0,0.0,0,0.0
7,18,0.0,0.0,16.0,0.0,0,0,0,16.0,0.0,0.0,0,0.0
8,18,0.0,0.0,16.0,0.0,0,0,0,16.0,0.0,0.0,0,0.0
9,18,0.0,0.0,16.0,0.0,0,0,0,16.0,0.0,0.0,0,0.0
10,18,0.0,0.0,16.0,0.0,0,0,0,16.0,0.0,0.0,0,0.0
11,18,0.0,0.0,8.0,0.0,0,0,0,8.0,0.0,0.0,0,0.0
12,18,8.319,8.0,8.0,0.0,0,0,0,16.0,0.5,0.0,0,0.0
13,18,0.0,0.0,16.0,0.0,0,0,0,16.0,0.0,0.0,0,0.0
14,18,0.0,0.0,16.0,0.0,0,0,0,16.0,0.0,0.0,0,0.0
15,18,0.0,0.0,16.0,0.0,0,0,0,16.0,0.0,0.0,0,0.0
16,18,0.0,0.0,16.0,0.0,0,0,0,16.0,0.0,0.0,0,0.0
17,18,0.0,0.0,8.0,0.0,0,0,0,8.0,0.0,0.0,0,0.0
18,18,0.0,0.0,16.0,0.0,0,0,0,16.0,0.0,0.0,0,0.0
19,18,0.0,0.0,16.0,0.0,0,0,0,16.0,0.0,0.0,0,0.0
20,18,0.0,0.0,8.0,0.0,0,0,0,8.0,0.0,0.0,0,0.0
21,18,0.0,0.0,8.0,0.0,0,0,0,8.0,0.0,0.0,0,0.0
22,18,0.0,0.0,16.0,0.0,0,0,0,16.0,0.0,0.0,0,0.0
23,18,0.0,0.0,16.0,0.0,0,0,0,16.0,0.0,0.0,0,0.0
24,18,0.0,0.0,16.0,0.0,0,0,0,16.0,0.0,0.0,0,0.0
25,18,0.0,0.0,16.0,0.0,0,0,0,16.0,0.0,0.0,0,0.0
26,18,0.0,0.0,16.0,0.0,0,0,0,16.0,0.0,0.0,0,0.0
27,18,0.0,0.0,16.0,0.0,0,0,0,16.0,0.0,0.0,0,0.0
28,18,0.0,0.0,16.0,0.0,0,0,0,16.0,0.0,0.0,0,0.0
29,18,0.0,0.0,16.0,0.0,0,0,0,16.0,0.0,0.0,0,0.0
30,18,0.0,0.0,16.0,0.0,0,0,0,16.0,0.0,0.0,0,0.0
31,18,0.0,0.0,16.0,0.0,0,0,0,16.0,0.0,0.0,0,0.0
32,18,0.0,0.0,16.0,0.0,0,0,0,16.0,0.0,0.0,0,0.0
33,18,0.0,0.0,16.0,0.0,0,0,0,16.0,0.0,0.0,0,0.0
34,18,0.0,0.0,16.0,0.0,0,0,0,16.0,0.0,0.0,0,0.0
35,18,0.0,0.0,8.0,0.0,0,0,0,8.0,0.0,0.0,0,0.0
36,18,0.0,0.0,16.0,0.0,0,0,0,16.0,0.0,0.0,0,0.0
37,18,19.373822446842215,12.80201107886673,3.1979889211332697,0.0,0,0,0,16.0,0.8001256924291706,3.1979889211332706,1,0.0
38,18,23.544,16.0,0.0,0.0,0,0,0,16.0,1.0,0.0,0,0.0
39,18,23.544,16.0,0.0,0.0,0,0,0,16.0,1.0,0.0,0,0.0
40,18,23.544,16.0,0.0,0.0,0,0,0,16.0,1.0,0.0,0,0.0
41,18,23.544,16.0,0.0,0.0,0,0,0,16.0,1.0,0.0,0,0.0
42,18,23.544,16.0,0.0,0.0,0,0,0,16.0,1.0,0.0,0,0.0
43,18,23.544,16.0,0.0,0.0,0,0,0,16.0,1.0,0.0,0,0.0
44,18,10.432,8.0,0.0,0.0,0,0,0,8.0,1.0,0.0,0,0.0
45,18,12.480835736629121,16.0,0.0,0.0,0,0,0,16.0,1.0,0.0,0,0.0
46,18,23.544,16.0,0.0,0.0,0,0,0,16.0,1.0,0.0,0,0.0
47,18,23.544,16.0,0.0,0.0,0,0,0,16.0,1.0,0.0,0,0.0
48,18,23.544,16.0,0.0,0.0,0,0,0,16.0,1.0,0.0,0,0.0
49,18,23.544,16.0,0.0,0.0,0,0,0,16.0,1.0,0.0,0,0.0
50,18,23.544,16.0,0.0,0.0,0,0,0,16.0,1.0,0.0,0,0.0
51,18,16.653560566392724,10.715920679749022,5.284079320250978,0.0,0,0,0,16.0,0.6697450424843139,5.284079320250979,1,0.0
52,18,23.544,16.0,0.0,0.0,0,0,0,16.0,1.0,0.0,0,0.0
53,18,13.112,8.0,0.0,0.0,0,0,0,8.0,1.0,0.0,0,0.0
54,18,16.4808,16.0,0.0,0.0,0,0,0,16.0,1.0,0.0,0,0.6
55,18,19.938138741524618,13.234768973561824,2.765231026438176,0.0,0,0,0,16.0,0.827173060847614,2.765231026438177,1,0.0
56,18,16.4808,16.0,0.0,0.0,0,0,0,16.0,1.0,0.0,0,0.6
57,18,19.896,16.0,0.0,0.0,0,0,0,16.0,1.0,0.0,0,0.0
58,18,19.896,16.0,0.0,0.0,0,0,0,16.0,1.0,0.0,0,0.0
59,18,9.948,8.0,0.0,0.0,0,0,0,8.0,1.0,0.0,0,0.0
60,18,9.948,8.0,0.0,0.0,0,0,0,8.0,1.0,0.0,0,0.0
61,18,19.896,16.0,0.0,0.0,0,0,0,16.0,1.0,0.0,0,0.0
62,18,23.544,16.0,0.0,0.0,0,0,0,16.0,1.0,0.0,0,0.0
63,18,13.112,8.0,0.0,0.0,0,0,0,8.0,1.0,0.0,0,0.0
64,18,23.544,16.0,0.0,0.0,0,0,0,16.0,1.0,0.0,0,0.0
65,18,4.028720427821614,4.271598164565315,3.728401835434685,0.0,0,0,0,8.0,0.5339497705706644,3.7284018354346844,1,0.0
66,18,13.112,8.0,0.0,0.0,0,0,0,8.0,1.0,0.0,0,0.0
67,18,20.50970935186724,14.148693930364393,1.8513060696356067,0.0,0,0,0,16.0,0.8842933706477746,1.8513060696356072,1,0.0
68,18,23.544,16.0,0.0,0.0,0,0,0,16.0,1.0,0.0,0,0.0
69,18,20.89450165238602,13.96817611379296,2.0318238862070395,0.0,0,0,0,16.0,0.87301100711206,2.0318238862070404,1,0.0
70,18,23.544,16.0,0.0,0.0,0,0,0,16.0,1.0,0.0,0,0.0
71,18,10.432,8.0,0.0,0.0,0,0,0,8.0,1.0,0.0,0,0.0
72,18,23.544,16.0,0.0,0.0,0,0,0,16.0,1.0,0.0,0,0.0
73,18,23.544,16.0,0.0,0.0,0,0,0,16.0,1.0,0.0,0,0.0
74,18,13.112,8.0,0.0,0.0,0,0,0,8.0,1.0,0.0,0,0.0
75,18,10.432,8.0,0.0,0.0,0,0,0,8.0,1.0,0.0,0,0.0
77,18,23.544,16.0,0.0,0.0,0,0,0,16.0,1.0,0.0,0,0.0
78,18,16.4808,16.0,0.0,0.0,0,0,0,16.0,1.0,0.0,0,0.6
79,18,23.544,16.0,0.0,0.0,0,0,0,16.0,1.0,0.0,0,0.0
80,18,23.544,16.0,0.0,0.0,0,0,0,16.0,1.0,0.0,0,0.0
81,18,23.544,16.0,0.0,0.0,0,0,0,16.0,1.0,0.0,0,0.0
82,18,13.112,8.0,0.0,0.0,0,0,0,8.0,1.0,0.0,0,0.0
83,18,23.544,16.0,0.0,0.0,0,0,0,16.0,1.0,0.0,0,0.0
84,18,23.544,16.0,0.0,0.0,0,0,0,16.0,1.0,0.0,0,0.0
85,18,18.759463675652988,12.330877051881126,3.669122948118874,0.0,0,0,0,16.0,0.7706798157425704,3.669122948118874,1,0.0
86,18,23.544,16.0,0.0,0.0,0,0,0,16.0,1.0,0.0,0,0.0
87,18,23.544,16.0,0.0,0.0,0,0,0,16.0,1.0,0.0,0,0.0
88,18,23.544,16.0,0.0,0.0,0,0,0,16.0,1.0,0.0,0,0.0
89,18,23.544,16.0,0.0,0.0,0,0,0,16.0,1.0,0.0,0,0.0
90,18,13.112,8.0,0.0,0.0,0,0,0,8.0,1.0,0.0,0,0.0
91,18,23.544,16.0,0.0,0.0,0,0,0,16.0,1.0,0.0,0,0.0
92,18,13.112,8.0,0.0,0.0,0,0,0,8.0,1.0,0.0,0,0.0
93,18,10.432,8.0,0.0,0.0,0,0,0,8.0,1.0,0.0,0,0.0
94,18,20.248002450142216,13.98901918861636,2.0109808113836394,0.0,0,0,0,16.0,0.8743136992885225,2.01098081138364,1,0.0
95,18,23.544,16.0,0.0,0.0,0,0,0,16.0,1.0,0.0,0,0.0
96,18,23.544,16.0,0.0,0.0,0,0,0,16.0,1.0,0.0,0,0.0
97,18,16.4808,16.0,0.0,0.0,0,0,0,16.0,1.0,0.0,0,0.6
98,18,23.544,16.0,0.0,0.0,0,0,0,16.0,1.0,0.0,0,0.0
99,18,23.544,16.0,0.0,0.0,0,0,0,16.0,1.0,0.0,0,0.0
100,18,0.0,0.0,16.0,0.0,0,0,0,16.0,0.0,0.0,0,0.0
101,18,9.041544403194077,16.0,0.0,0.0,0,0,0,16.0,1.0,0.0,0,0.0
102,18,8.299,8.0,0.0,0.0,0,0,0,8.0,1.0,0.0,0,0.0
103,18,16.598,16.0,0.0,0.0,0,0,0,16.0,1.0,0.0,0,0.0
104,18,12.63281647327165,12.177675838796628,3.8223241612033725,0.0,0,0,0,16.0,0.7611047399247892,3.822324161203372,1,0.0
105,18,14.15943275941531,13.649290526005842,2.350709473994158,0.0,0,0,0,16.0,0.8530806578753651,2.3507094739941587,1,0.0
106,18,5.555515044277992,16.0,0.0,0.0,0,0,0,16.0,1.0,0.0,0,0.6
107,18,0.0,0.0,16.0,0.0,0,0,0,16.0,0.0,0.0,0,0.0
108,18,0.0,0.0,16.0,0.0,0,0,0,16.0,0.0,0.0,0,0.0
109,18,0.0,0.0,16.0,0.0,0,0,0,16.0,0.0,0.0,0,0.0
110,18,0.0,0.0,16.0,0.0,0,0,0,16.0,0.0,0.0,0,0.0
111,18,0.0,0.0,16.0,0.0,0,0,0,16.0,0.0,0.0,0,0.0
112,18,0.0,0.0,16.0,0.0,0,0,0,16.0,0.0,0.0,0,0.0
1,19,0.0,0.0,16.0,0.0,0,0,0,16.0,0.0,0.0,0,0.0
2,19,0.0,0.0,16.0,0.0,0,0,0,16.0,0.0,0.0,0,0.0
3,19,0.0,0.0,16.0,0.0,0,0,0,16.0,0.0,0.0,0,0.0
4,19,0.0,0.0,16.0,0.0,0,0,0,16.0,0.0,0.0,0,0.0
5,19,0.0,0.0,16.0,0.0,0,0,0,16.0,0.0,0.0,0,0.0
6,19,0.0,0.0,16.0,0.0,0,0,0,16.0,0.0,0.0,0,0.0
7,19,0.0,0.0,16.0,0.0,0,0,0,16.0,0.0,0.0,0,0.0
8,19,0.0,0.0,16.0,0.0,0,0,0,16.0,0.0,0.0,0,0.0
9,19,0.0,0.0,16.0,0.0,0,0,0,16.0,0.0,0.0,0,0.0
10,19,0.0,0.0,16.0,0.0,0,0,0,16.0,0.0,0.0,0,0.0
11,19,0.0,0.0,8.0,0.0,0,0,0,8.0,0.0,0.0,0,0.0
12,19,7.661587961843799,7.367797054303448,8.632202945696552,0.0,0,0,0,16.0,0.4604873158939655,0.6322029456965517,1,0.0
13,19,0.0,0.0,16.0,0.0,0,0,0,16.0,0.0,0.0,0,0.0
14,19,0.0,0.0,16.0,0.0,0,0,0,16.0,0.0,0.0,0,0.0
15,19,0.0,0.0,16.0,0.0,0,0,0,16.0,0.0,0.0,0,0.0
16,19,0.0,0.0,16.0,0.0,0,0,0,16.0,0.0,0.0,0,0.0
17,19,0.0,0.0,8.0,0.0,0,0,0,8.0,0.0,0.0,0,0.0
18,19,0.0,0.0,16.0,0.0,0,0,0,16.0,0.0,0.0,0,0.0
19,19,0.0,0.0,16.0,0.0,0,0,0,16.0,0.0,0.0,0,0.0
20,19,0.0,0.0,8.0,0.0,0,0,0,8.0,0.0,0.0,0,0.0
21,19,0.0,0.0,8.0,0.0,0,0,0,8.0,0.0,0.0,0,0.0
22,19,0.0,0.0,16.0,0.0,0,0,0,16.0,0.0,0.0,0,0.0
23,19,0.0,0.0,16.0,0.0,0,0,0,16.0,0.0,0.0,0,0.0
24,19,0.0,0.0,16.0,0.0,0,0,0,16.0,0.0,0.0,0,0.0
25,19,0.0,0.0,16.0,0.0,0,0,0,16.0,0.0,0.0,0,0.0
26,19,0.0,0.0,16.0,0.0,0,0,0,16.0,0.0,0.0,0,0.0
27,19,0.0,0.0,16.0,0.0,0,0,0,16.0,0.0,0.0,0,0.0
28,19,0.0,0.0,16.0,0.0,0,0,0,16.0,0.0,0.0,0,0.0
29,19,0.0,0.0,16.0,0.0,0,0,0,16.0,0.0,0.0,0,0.0
30,19,0.0,0.0,16.0,0.0,0,0,0,16.0,0.0,0.0,0,0.0
31,19,0.0,0.0,16.0,0.0,0,0,0,16.0,0.0,0.0,0,0.0
32,19,0.0,0.0,16.0,0.0,0,0,0,16.0,0.0,0.0,0,0.0
33,19,0.0,0.0,16.0,0.0,0,0,0,16.0,0.0,0.0,0,0.0
34,19,0.0,0.0,16.0,0.0,0,0,0,16.0,0.0,0.0,0,0.0
35,19,0.0,0.0,8.0,0.0,0,0,0,8.0,0.0,0.0,0,0.0
36,19,0.0,0.0,16.0,0.0,0,0,0,16.0,0.0,0.0,0,0.0
37,19,23.544,16.0,0.0,0.0,0,0,0,16.0,1.0,0.0,0,0.0
38,19,23.544,16.0,0.0,0.0,0,0,0,16.0,1.0,0.0,0,0.0
39,19,23.544,16.0,0.0,0.0,0,0,0,16.0,1.0,0.0,0,0.0
40,19,23.544,16.0,0.0,0.0,0,0,0,16.0,1.0,0.0,0,0.0
41,19,23.544,16.0,0.0,0.0,0,0,0,16.0,1.0,0.0,0,0.0
42,19,23.544,16.0,0.0,0.0,0,0,0,16.0,1.0,0.0,0,0.0
43,19,23.544,16.0,0.0,0.0,0,0,0,16.0,1.0,0.0,0,0.0
44,19,10.432,8.0,0.0,0.0,0,0,0,8.0,1.0,0.0,0,0.0
45,19,23.544,16.0,0.0,0.0,0,0,0,16.0,1.0,0.0,0,0.0
46,19,23.544,16.0,0.0,0.0,0,0,0,16.0,1.0,0.0,0,0.0
47,19,23.544,16.0,0.0,0.0,0,0,0,16.0,1.0,0.0,0,0.0
48,19,23.544,16.0,0.0,0.0,0,0,0,16.0,1.0,0.0,0,0.0
49,19,23.544,16.0,0.0,0.0,0,0,0,16.0,1.0,0.0,0,0.0
50,19,16.4808,16.0,0.0,0.0,0,0,0,16.0,1.0,0.0,0,0.6
51,19,23.544,16.0,0.0,0.0,0,0,0,16.0,1.0,0.0,0,0.0
52,19,23.544,16.0,0.0,0.0,0,0,0,16.0,1.0,0.0,0,0.0
53,19,13.112,8.0,0.0,0.0,0,0,0,8.0,1.0,0.0,0,0.0
54,19,23.544,16.0,0.0,0.0,0,0,0,16.0,1.0,0.0,0,0.0
55,19,23.544,16.0,0.0,0.0,0,0,0,16.0,1.0,0.0,0,0.0
56,19,23.544,16.0,0.0,0.0,0,0,0,16.0,1.0,0.0,0,0.0
57,19,19.896,16.0,0.0,0.0,0,0,0,16.0,1.0,0.0,0,0.0
58,19,19.896,16.0,0.0,0.0,0,0,0,16.0,1.0,0.0,0,0.0
59,19,9.948,8.0,0.0,0.0,0,0,0,8.0,1.0,0.0,0,0.0
60,19,9.948,8.0,0.0,0.0,0,0,0,8.0,1.0,0.0,0,0.0
61,19,13.9272,16.0,0.0,0.0,0,0,0,16.0,1.0,0.0,0,0.6
62,19,23.544,16.0,0.0,0.0,0,0,0,16.0,1.0,0.0,0,0.0
63,19,9.999341414804942,8.0,0.0,0.0,0,0,0,8.0,1.0,0.0,0,0.0
64,19,23.544,16.0,0.0,0.0,0,0,0,16.0,1.0,0.0,0,0.0
65,19,13.112,8.0,0.0,0.0,0,0,0,8.0,1.0,0.0,0,0.0
66,19,13.112,8.0,0.0,0.0,0,0,0,8.0,1.0,0.0,0,0.0
67,19,16.4808,16.0,0.0,0.0,0,0,0,16.0,1.0,0.0,0,0.6
68,19,23.544,16.0,0.0,0.0,0,0,0,16.0,1.0,0.0,0,0.0
69,19,23.544,16.0,0.0,0.0,0,0,0,16.0,1.0,0.0,0,0.0
70,19,23.544,16.0,0.0,0.0,0,0,0,16.0,1.0,0.0,0,0.0
71,19,10.432,8.0,0.0,0.0,0,0,0,8.0,1.0,0.0,0,0.0
72,19,20.02144688928127,13.298655589939624,2.7013444100603756,0.0,0,0,0,16.0,0.8311659743712265,2.7013444100603765,1,0.0
73,19,23.544,16.0,0.0,0.0,0,0,0,16.0,1.0,0.0,0,0.0
74,19,13.112,8.0,0.0,0.0,0,0,0,8.0,1.0,0.0,0,0.0
75,19,10.432,8.0,0.0,0.0,0,0,0,8.0,1.0,0.0,0,0.0
77,19,16.4808,16.0,0.0,0.0,0,0,0,16.0,1.0,0.0,0,0.6
78,19,23.544,16.0,0.0,0.0,0,0,0,16.0,1.0,0.0,0,0.0
79,19,23.544,16.0,0.0,0.0,0,0,0,16.0,1.0,0.0,0,0.0
80,19,23.544,16.0,0.0,0.0,0,0,0,16.0,1.0,0.0,0,0.0
81,19,23.544,16.0,0.0,0.0,0,0,0,16.0,1.0,0.0,0,0.0
82,19,13.112,8.0,0.0,0.0,0,0,0,8.0,1.0,0.0,0,0.0
83,19,23.544,16.0,0.0,0.0,0,0,0,16.0,1.0,0.0,0,0.0
84,19,23.544,16.0,0.0,0.0,0,0,0,16.0,1.0,0.0,0,0.0
85,19,23.544,16.0,0.0,0.0,0,0,0,16.0,1.0,0.0,0,0.0
86,19,23.544,16.0,0.0,0.0,0,0,0,16.0,1.0,0.0,0,0.0
87,19,23.544,16.0,0.0,0.0,0,0,0,16.0,1.0,0.0,0,0.0
88,19,23.544,16.0,0.0,0.0,0,0,0,16.0,1.0,0.0,0,0.0
89,19,23.544,16.0,0.0,0.0,0,0,0,16.0,1.0,0.0,0,0.0
90,19,13.112,8.0,0.0,0.0,0,0,0,8.0,1.0,0.0,0,0.0
91,19,23.544,16.0,0.0,0.0,0,0,0,16.0,1.0,0.0,0,0.0
92,19,9.1784,8.0,0.0,0.0,0,0,0,8.0,1.0,0.0,0,0.3
93,19,5.819958489359715,4.463158350735978,3.536841649264022,0.0,0,0,0,8.0,0.5578947938419972,3.536841649264022,1,0.0
94,19,16.4808,16.0,0.0,0.0,0,0,0,16.0,1.0,0.0,0,0.6
95,19,23.544,16.0,0.0,0.0,0,0,0,16.0,1.0,0.0,0,0.0
96,19,23.544,16.0,0.0,0.0,0,0,0,16.0,1.0,0.0,0,0.0
97,19,23.544,16.0,0.0,0.0,0,0,0,16.0,1.0,0.0,0,0.0
98,19,23.544,16.0,0.0,0.0,0,0,0,16.0,1.0,0.0,0,0.0
99,19,23.544,16.0,0.0,0.0,0,0,0,16.0,1.0,0.0,0,0.0
100,19,0.0,0.0,16.0,0.0,0,0,0,16.0,0.0,0.0,0,0.0
101,19,16.598,16.0,0.0,0.0,0,0,0,16.0,1.0,0.0,0,0.0
102,19,8.299,8.0,0.0,0.0,0,0,0,8.0,1.0,0.0,0,0.0
103,19,14.199216405375712,13.68764082937772,2.3123591706222797,0.0,0,0,0,16.0,0.8554775518361075,2.3123591706222806,1,0.0
104,19,16.598,16.0,0.0,0.0,0,0,0,16.0,1.0,0.0,0,0.0
105,19,11.381507549269667,10.971449619732178,5.028550380267822,0.0,0,0,0,16.0,0.6857156012332611,5.028550380267822,1,0.0
106,19,16.598,16.0,0.0,0.0,0,0,0,16.0,1.0,0.0,0,0.0
107,19,0.0,0.0,16.0,0.0,0,0,0,16.0,0.0,0.0,0,0.0
108,19,0.0,0.0,16.0,0.0,0,0,0,16.0,0.0,0.0,0,0.0
109,19,0.0,0.0,16.0,0.0,0,0,0,16.0,0.0,0.0,0,0.0
110,19,0.0,0.0,16.0,0.0,0,0,0,16.0,0.0,0.0,0,0.0
111,19,0.0,0.0,16.0,0.0,0,0,0,16.0,0.0,0.0,0,0.0
112,19,0.0,0.0,16.0,0.0,0,0,0,16.0,0.0,0.0,0,0.0
1,20,0.0,0.0,16.0,0.0,0,0,0,16.0,0.0,0.0,0,0.0
2,20,0.0,0.0,16.0,0.0,0,0,0,16.0,0.0,0.0,0,0.0
3,20,0.0,0.0,16.0,0.0,0,0,0,16.0,0.0,0.0,0,0.0
4,20,0.0,0.0,16.0,0.0,0,0,0,16.0,0.0,0.0,0,0.0
5,20,0.0,0.0,16.0,0.0,0,0,0,16.0,0.0,0.0,0,0.0
6,20,0.0,0.0,16.0,0.0,0,0,0,16.0,0.0,0.0,0,0.0
7,20,0.0,0.0,16.0,0.0,0,0,0,16.0,0.0,0.0,0,0.0
8,20,0.0,0.0,16.0,0.0,0,0,0,16.0,0.0,0.0,0,0.0
9,20,0.0,0.0,16.0,0.0,0,0,0,16.0,0.0,0.0,0,0.0
10,20,0.0,0.0,16.0,0.0,0,0,0,16.0,0.0,0.0,0,0.0
11,20,0.0,0.0,8.0,0.0,0,0,0,8.0,0.0,0.0,0,0.0
12,20,8.319,8.0,8.0,0.0,0,0,0,16.0,0.5,0.0,0,0.0
13,20,0.0,0.0,16.0,0.0,0,0,0,16.0,0.0,0.0,0,0.0
14,20,0.0,0.0,16.0,0.0,0,0,0,16.0,0.0,0.0,0,0.0
15,20,0.0,0.0,16.0,0.0,0,0,0,16.0,0.0,0.0,0,0.0
16,20,0.0,0.0,16.0,0.0,0,0,0,16.0,0.0,0.0,0,0.0
17,20,0.0,0.0,8.0,0.0,0,0,0,8.0,0.0,0.0,0,0.0
18,20,0.0,0.0,16.0,0.0,0,0,0,16.0,0.0,0.0,0,0.0
19,20,0.0,0.0,16.0,0.0,0,0,0,16.0,0.0,0.0,0,0.0
20,20,0.0,0.0,8.0,0.0,0,0,0,8.0,0.0,0.0,0,0.0
21,20,0.0,0.0,8.0,0.0,0,0,0,8.0,0.0,0.0,0,0.0
22,20,0.0,0.0,16.0,0.0,0,0,0,16.0,0.0,0.0,0,0.0
23,20,0.0,0.0,16.0,0.0,0,0,0,16.0,0.0,0.0,0,0.0
24,20,0.0,0.0,16.0,0.0,0,0,0,16.0,0.0,0.0,0,0.0
25,20,0.0,0.0,16.0,0.0,0,0,0,16.0,0.0,0.0,0,0.0
26,20,0.0,0.0,16.0,0.0,0,0,0,16.0,0.0,0.0,0,0.0
27,20,0.0,0.0,16.0,0.0,0,0,0,16.0,0.0,0.0,0,0.0
28,20,0.0,0.0,16.0,0.0,0,0,0,16.0,0.0,0.0,0,0.0
29,20,0.0,0.0,16.0,0.0,0,0,0,16.0,0.0,0.0,0,0.0
30,20,0.0,0.0,16.0,0.0,0,0,0,16.0,0.0,0.0,0,0.0
31,20,0.0,0.0,16.0,0.0,0,0,0,16.0,0.0,0.0,0,0.0
32,20,0.0,0.0,16.0,0.0,0,0,0,16.0,0.0,0.0,0,0.0
33,20,0.0,0.0,16.0,0.0,0,0,0,16.0,0.0,0.0,0,0.0
34,20,0.0,0.0,16.0,0.0,0,0,0,16.0,0.0,0.0,0,0.0
35,20,0.0,0.0,8.0,0.0,0,0,0,8.0,0.0,0.0,0,0.0
36,20,0.0,0.0,16.0,0.0,0,0,0,16.0,0.0,0.0,0,0.0
37,20,23.544,16.0,0.0,0.0,0,0,0,16.0,1.0,0.0,0,0.0
38,20,23.544,16.0,0.0,0.0,0,0,0,16.0,1.0,0.0,0,0.0
39,20,23.544,16.0,0.0,0.0,0,0,0,16.0,1.0,0.0,0,0.0
40,20,16.4808,16.0,0.0,0.0,0,0,0,16.0,1.0,0.0,0,0.6
41,20,23.544,16.0,0.0,0.0,0,0,0,16.0,1.0,0.0,0,0.0
42,20,23.544,16.0,0.0,0.0,0,0,0,16.0,1.0,0.0,0,0.0
43,20,23.544,16.0,0.0,0.0,0,0,0,16.0,1.0,0.0,0,0.0
44,20,10.432,8.0,0.0,0.0,0,0,0,8.0,1.0,0.0,0,0.0
45,20,23.544,16.0,0.0,0.0,0,0,0,16.0,1.0,0.0,0,0.0
46,20,23.544,16.0,0.0,0.0,0,0,0,16.0,1.0,0.0,0,0.0
47,20,9.514856298153653,16.0,0.0,0.0,0,0,0,16.0,1.0,0.0,0,0.0
48,20,23.544,16.0,0.0,0.0,0,0,0,16.0,1.0,0.0,0,0.0
49,20,14.722226934776685,10.61758812371976,5.382411876280241,0.0,0,0,0,16.0,0.663599257732485,5.3824118762802415,1,0.0
50,20,23.544,16.0,0.0,0.0,0,0,0,16.0,1.0,0.0,0,0.0
51,20,23.544,16.0,0.0,0.0,0,0,0,16.0,1.0,0.0,0,0.0
52,20,16.4808,16.0,0.0,0.0,0,0,0,16.0,1.0,0.0,0,0.6
53,20,13.112,8.0,0.0,0.0,0,0,0,8.0,1.0,0.0,0,0.0
54,20,23.544,16.0,0.0,0.0,0,0,0,16.0,1.0,0.0,0,0.0
55,20,16.4808,16.0,0.0,0.0,0,0,0,16.0,1.0,0.0,0,0.6
56,20,23.544,16.0,0.0,0.0,0,0,0,16.0,1.0,0.0,0,0.0
57,20,19.896,16.0,0.0,0.0,0,0,0,16.0,1.0,0.0,0,0.0
58,20,14.329327101840095,11.523383274499473,4.476616725500527,0.0,0,0,0,16.0,0.720211454656217,4.476616725500527,2,0.0
59,20,6.9636,8.0,0.0,0.0,0,0,0,8.0,1.0,0.0,0,0.3
60,20,9.948,8.0,0.0,0.0,0,0,0,8.0,1.0,0.0,0,0.0
61,20,16.01240062431294,12.87688027689018,3.12311972310982,0.0,0,0,0,16.0,0.8048050173056362,3.1231197231098196,1,0.0
62,20,23.544,16.0,0.0,0.0,0,0,0,16.0,1.0,0.0,0,0.0
63,20,13.112,8.0,0.0,0.0,0,0,0,8.0,1.0,0.0,0,0.0
64,20,23.544,16.0,0.0,0.0,0,0,0,16.0,1.0,0.0,0,0.0
65,20,13.112,8.0,0.0,0.0,0,0,0,8.0,1.0,0.0,0,0.0
66,20,13.112,8.0,0.0,0.0,0,0,0,8.0,1.0,0.0,0,0.0
67,20,10.47072832693327,16.0,0.0,0.0,0,0,0,16.0,1.0,0.0,0,0.0
68,20,23.544,16.0,0.0,0.0,0,0,0,16.0,1.0,0.0,0,0.0
69,20,14.866196678127295,10.705428113561497,5.2945718864385025,0.0,0,0,0,16.0,0.6690892570975936,5.2945718864385025,1,0.0
70,20,23.544,16.0,0.0,0.0,0,0,0,16.0,1.0,0.0,0,0.0
71,20,10.432,8.0,0.0,0.0,0,0,0,8.0,1.0,0.0,0,0.0
72,20,23.544,16.0,0.0,0.0,0,0,0,16.0,1.0,0.0,0,0.0
73,20,14.8269602831991,16.0,0.0,0.0,0,0,0,16.0,1.0,0.0,0,0.0
74,20,13.112,8.0,0.0,0.0,0,0,0,8.0,1.0,0.0,0,0.0
75,20,10.432,8.0,0.0,0.0,0,0,0,8.0,1.0,0.0,0,0.0
77,20,23.544,16.0,0.0,0.0,0,0,0,16.0,1.0,0.0,0,0.0
78,20,23.544,16.0,0.0,0.0,0,0,0,16.0,1.0,0.0,0,0.0
79,20,23.544,16.0,0.0,0.0,0,0,0,16.0,1.0,0.0,0,0.0
80,20,23.544,16.0,0.0,0.0,0,0,0,16.0,1.0,0.0,0,0.0
81,20,23.544,16.0,0.0,0.0,0,0,0,16.0,1.0,0.0,0,0.0
82,20,9.1784,8.0,0.0,0.0,0,0,0,8.0,1.0,0.0,0,0.3
83,20,14.661577668788524,16.0,0.0,0.0,0,0,0,16.0,1.0,0.0,0,0.0
84,20,23.544,16.0,0.0,0.0,0,0,0,16.0,1.0,0.0,0,0.0
85,20,17.423997451326624,11.306746511753545,4.693253488246455,0.0,0,0,0,16.0,0.7066716569845966,4.693253488246455,1,0.0
86,20,23.544,16.0,0.0,0.0,0,0,0,16.0,1.0,0.0,0,0.0
87,20,23.544,16.0,0.0,0.0,0,0,0,16.0,1.0,0.0,0,0.0
88,20,17.12903637240685,11.080549365342678,4.919450634657322,0.0,0,0,0,16.0,0.6925343353339174,4.919450634657322,1,0.0
89,20,23.544,16.0,0.0,0.0,0,0,0,16.0,1.0,0.0,0,0.0
90,20,13.112,8.0,0.0,0.0,0,0,0,8.0,1.0,0.0,0,0.0
91,20,16.4808,16.0,0.0,0.0,0,0,0,16.0,1.0,0.0,0,0.6
92,20,13.112,8.0,0.0,0.0,0,0,0,8.0,1.0,0.0,0,0.0
93,20,10.432,8.0,0.0,0.0,0,0,0,8.0,1.0,0.0,0,0.0
94,20,23.544,16.0,0.0,0.0,0,0,0,16.0,1.0,0.0,0,0.0
95,20,23.544,16.0,0.0,0.0,0,0,0,16.0,1.0,0.0,0,0.0
96,20,23.544,16.0,0.0,0.0,0,0,0,16.0,1.0,0.0,0,0.0
97,20,23.544,16.0,0.0,0.0,0,0,0,16.0,1.0,0.0,0,0.0
98,20,23.544,16.0,0.0,0.0,0,0,0,16.0,1.0,0.0,0,0.0
99,20,23.544,16.0,0.0,0.0,0,0,0,16.0,1.0,0.0,0,0.0
100,20,0.0,0.0,16.0,0.0,0,0,0,16.0,0.0,0.0,0,0.0
101,20,16.598,16.0,0.0,0.0,0,0,0,16.0,1.0,0.0,0,0.0
102,20,8.299,8.0,0.0,0.0,0,0,0,8.0,1.0,0.0,0,0.0
103,20,16.598,16.0,0.0,0.0,0,0,0,16.0,1.0,0.0,0,0.0
104,20,16.598,16.0,0.0,0.0,0,0,0,16.0,1.0,0.0,0,0.0
105,20,16.598,16.0,0.0,0.0,0,0,0,16.0,1.0,0.0,0,0.0
106,20,16.598,16.0,0.0,0.0,0,0,0,16.0,1.0,0.0,0,0.0
107,20,0.0,0.0,16.0,0.0,0,0,0,16.0,0.0,0.0,0,0.0
108,20,0.0,0.0,16.0,0.0,0,0,0,16.0,0.0,0.0,0,0.0
109,20,0.0,0.0,16.0,0.0,0,0,0,16.0,0.0,0.0,0,0.0
110,20,0.0,0.0,16.0,0.0,0,0,0,16.0,0.0,0.0,0,0.0
111,20,0.0,0.0,16.0,0.0,0,0,0,16.0,0.0,0.0,0,0.0
112,20,0.0,0.0,16.0,0.0,0,0,0,16.0,0.0,0.0,0,0.0
1,21,0.0,0.0,16.0,0.0,0,0,0,16.0,0.0,0.0,0,0.0
2,21,0.0,0.0,16.0,0.0,0,0,0,16.0,0.0,0.0,0,0.0
3,21,0.0,0.0,16.0,0.0,0,0,0,16.0,0.0,0.0,0,0.0
4,21,0.0,0.0,16.0,0.0,0,0,0,16.0,0.0,0.0,0,0.0
5,21,0.0,0.0,16.0,0.0,0,0,0,16.0,0.0,0.0,0,0.0
6,21,0.0,0.0,16.0,0.0,0,0,0,16.0,0.0,0.0,0,0.0
7,21,0.0,0.0,16.0,0.0,0,0,0,16.0,0.0,0.0,0,0.0
8,21,0.0,0.0,16.0,0.0,0,0,0,16.0,0.0,0.0,0,0.0
9,21,0.0,0.0,16.0,0.0,0,0,0,16.0,0.0,0.0,0,0.0
10,21,0.0,0.0,16.0,0.0,0,0,0,16.0,0.0,0.0,0,0.0
11,21,0.0,0.0,8.0,0.0,0,0,0,8.0,0.0,0.0,0,0.0
12,21,8.319,8.0,8.0,0.0,0,0,0,16.0,0.5,0.0,0,0.0
13,21,0.0,0.0,16.0,0.0,0,0,0,16.0,0.0,0.0,0,0.0
14,21,0.0,0.0,16.0,0.0,0,0,0,16.0,0.0,0.0,0,0.0
15,21,0.0,0.0,16.0,0.0,0,0,0,16.0,0.0,0.0,0,0.0
16,21,0.0,0.0,16.0,0.0,0,0,0,16.0,0.0,0.0,0,0.0
17,21,0.0,0.0,8.0,0.0,0,0,0,8.0,0.0,0.0,0,0.0
18,21,0.0,0.0,16.0,0.0,0,0,0,16.0,0.0,0.0,0,0.0
19,21,0.0,0.0,16.0,0.0,0,0,0,16.0,0.0,0.0,0,0.0
20,21,0.0,0.0,8.0,0.0,0,0,0,8.0,0.0,0.0,0,0.0
21,21,0.0,0.0,8.0,0.0,0,0,0,8.0,0.0,0.0,0,0.0
22,21,0.0,0.0,16.0,0.0,0,0,0,16.0,0.0,0.0,0,0.0
23,21,0.0,0.0,16.0,0.0,0,0,0,16.0,0.0,0.0,0,0.0
24,21,0.0,0.0,16.0,0.0,0,0,0,16.0,0.0,0.0,0,0.0
25,21,0.0,0.0,16.0,0.0,0,0,0,16.0,0.0,0.0,0,0.0
26,21,0.0,0.0,16.0,0.0,0,0,0,16.0,0.0,0.0,0,0.0
27,21,0.0,0.0,16.0,0.0,0,0,0,16.0,0.0,0.0,0,0.0
28,21,0.0,0.0,16.0,0.0,0,0,0,16.0,0.0,0.0,0,0.0
29,21,0.0,0.0,16.0,0.0,0,0,0,16.0,0.0,0.0,0,0.0
30,21,0.0,0.0,16.0,0.0,0,0,0,16.0,0.0,0.0,0,0.0
31,21,0.0,0.0,16.0,0.0,0,0,0,16.0,0.0,0.0,0,0.0
32,21,0.0,0.0,16.0,0.0,0,0,0,16.0,0.0,0.0,0,0.0
33,21,0.0,0.0,16.0,0.0,0,0,0,16.0,0.0,0.0,0,0.0
34,21,0.0,0.0,16.0,0.0,0,0,0,16.0,0.0,0.0,0,0.0
35,21,0.0,0.0,8.0,0.0,0,0,0,8.0,0.0,0.0,0,0.0
36,21,0.0,0.0,16.0,0.0,0,0,0,16.0,0.0,0.0,0,0.0
37,21,23.544,16.0,0.0,0.0,0,0,0,16.0,1.0,0.0,0,0.0
38,21,23.544,16.0,0.0,0.0,0,0,0,16.0,1.0,0.0,0,0.0
39,21,23.544,16.0,0.0,0.0,0,0,0,16.0,1.0,0.0,0,0.0
40,21,23.544,16.0,0.0,0.0,0,0,0,16.0,1.0,0.0,0,0.0
41,21,23.544,16.0,0.0,0.0,0,0,0,16.0,1.0,0.0,0,0.0
42,21,23.544,16.0,0.0,0.0,0,0,0,16.0,1.0,0.0,0,0.0
43,21,23.544,16.0,0.0,0.0,0,0,0,16.0,1.0,0.0,0,0.0
44,21,10.432,8.0,0.0,0.0,0,0,0,8.0,1.0,0.0,0,0.0
45,21,16.4808,16.0,0.0,0.0,0,0,0,16.0,1.0,0.0,0,0.6
46,21,23.544,16.0,0.0,0.0,0,0,0,16.0,1.0,0.0,0,0.0
47,21,23.544,16.0,0.0,0.0,0,0,0,16.0,1.0,0.0,0,0.0
48,21,23.544,16.0,0.0,0.0,0,0,0,16.0,1.0,0.0,0,0.0
49,21,23.544,16.0,0.0,0.0,0,0,0,16.0,1.0,0.0,0,0.0
50,21,23.544,16.0,0.0,0.0,0,0,0,16.0,1.0,0.0,0,0.0
51,21,23.544,16.0,0.0,0.0,0,0,0,16.0,1.0,0.0,0,0.0
52,21,23.544,16.0,0.0,0.0,0,0,0,16.0,1.0,0.0,0,0.0
53,21,9.1784,8.0,0.0,0.0,0,0,0,8.0,1.0,0.0,0,0.3
54,21,23.544,16.0,0.0,0.0,0,0,0,16.0,1.0,0.0,0,0.0
55,21,23.544,16.0,0.0,0.0,0,0,0,16.0,1.0,0.0,0,0.0
56,21,23.544,16.0,0.0,0.0,0,0,0,16.0,1.0,0.0,0,0.0
57,21,6.4361187872286045,11.54124995976482,4.458750040235181,0.0,0,0,0,16.0,0.7213281224853012,4.45875004023518,1,0.0
58,21,19.896,16.0,0.0,0.0,0,0,0,16.0,1.0,0.0,0,0.0
59,21,9.948,8.0,0.0,0.0,0,0,0,8.0,1.0,0.0,0,0.0
60,21,9.948,8.0,0.0,0.0,0,0,0,8.0,1.0,0.0,0,0.0
61,21,19.896,16.0,0.0,0.0,0,0,0,16.0,1.0,0.0,0,0.0
62,21,23.544,16.0,0.0,0.0,0,0,0,16.0,1.0,0.0,0,0.0
63,21,13.112,8.0,0.0,0.0,0,0,0,8.0,1.0,0.0,0,0.0
64,21,23.544,16.0,0.0,0.0,0,0,0,16.0,1.0,0.0,0,0.0
65,21,13.112,8.0,0.0,0.0,0,0,0,8.0,1.0,0.0,0,0.0
66,21,13.112,8.0,0.0,0.0,0,0,0,8.0,1.0,0.0,0,0.0
67,21,23.544,16.0,0.0,0.0,0,0,0,16.0,1.0,0.0,0,0.0
68,21,23.544,16.0,0.0,0.0,0,0,0,16.0,1.0,0.0,0,0.0
69,21,16.4808,16.0,0.0,0.0,0,0,0,16.0,1.0,0.0,0,0.6
70,21,18.120460179016096,12.69094580781946,3.3090541921805396,0.0,0,0,0,16.0,0.7931841129887163,3.3090541921805396,1,0.0
71,21,10.432,8.0,0.0,0.0,0,0,0,8.0,1.0,0.0,0,0.0
72,21,10.857145373829331,11.098357337949388,4.901642662050612,0.0,0,0,0,16.0,0.6936473336218367,4.901642662050612,1,0.6
73,21,23.544,16.0,0.0,0.0,0,0,0,16.0,1.0,0.0,0,0.0
74,21,13.112,8.0,0.0,0.0,0,0,0,8.0,1.0,0.0,0,0.0
75,21,10.432,8.0,0.0,0.0,0,0,0,8.0,1.0,0.0,0,0.0
77,21,23.544,16.0,0.0,0.0,0,0,0,16.0,1.0,0.0,0,0.0
78,21,23.544,16.0,0.0,0.0,0,0,0,16.0,1.0,0.0,0,0.0
79,21,23.544,16.0,0.0,0.0,0,0,0,16.0,1.0,0.0,0,0.0
80,21,14.987335838129052,16.0,0.0,0.0,0,0,0,16.0,1.0,0.0,0,0.0
81,21,23.544,16.0,0.0,0.0,0,0,0,16.0,1.0,0.0,0,0.0
82,21,9.1784,8.0,0.0,0.0,0,0,0,8.0,1.0,0.0,0,0.3
83,21,23.544,16.0,0.0,0.0,0,0,0,16.0,1.0,0.0,0,0.0
84,21,23.544,16.0,0.0,0.0,0,0,0,16.0,1.0,0.0,0,0.0
85,21,23.544,16.0,0.0,0.0,0,0,0,16.0,1.0,0.0,0,0.0
86,21,16.25505073080043,11.552807035265669,4.447192964734331,0.0,0,0,0,16.0,0.7220504397041043,4.447192964734332,1,0.0
87,21,23.544,16.0,0.0,0.0,0,0,0,16.0,1.0,0.0,0,0.0
88,21,14.418834652675843,10.432479958923638,5.567520041076362,0.0,0,0,0,16.0,0.6520299974327274,5.567520041076362,1,0.0
89,21,15.103243921683799,16.0,0.0,0.0,0,0,0,16.0,1.0,0.0,0,0.0
90,21,13.112,8.0,0.0,0.0,0,0,0,8.0,1.0,0.0,0,0.0
91,21,23.544,16.0,0.0,0.0,0,0,0,16.0,1.0,0.0,0,0.0
92,21,9.1784,8.0,0.0,0.0,0,0,0,8.0,1.0,0.0,0,0.3
93,21,10.432,8.0,0.0,0.0,0,0,0,8.0,1.0,0.0,0,0.0
94,21,23.544,16.0,0.0,0.0,0,0,0,16.0,1.0,0.0,0,0.0
95,21,23.544,16.0,0.0,0.0,0,0,0,16.0,1.0,0.0,0,0.0
96,21,23.544,16.0,0.0,0.0,0,0,0,16.0,1.0,0.0,0,0.0
97,21,23.544,16.0,0.0,0.0,0,0,0,16.0,1.0,0.0,0,0.0
98,21,23.544,16.0,0.0,0.0,0,0,0,16.0,1.0,0.0,0,0.0
99,21,23.544,16.0,0.0,0.0,0,0,0,16.0,1.0,0.0,0,0.0
100,21,0.0,0.0,16.0,0.0,0,0,0,16.0,0.0,0.0,0,0.0
101,21,16.598,16.0,0.0,0.0,0,0,0,16.0,1.0,0.0,0,0.0
102,21,8.299,8.0,0.0,0.0,0,0,0,8.0,1.0,0.0,0,0.0
103,21,16.598,16.0,0.0,0.0,0,0,0,16.0,1.0,0.0,0,0.0
104,21,16.598,16.0,0.0,0.0,0,0,0,16.0,1.0,0.0,0,0.0
105,21,16.598,16.0,0.0,0.0,0,0,0,16.0,1.0,0.0,0,0.0
106,21,16.598,16.0,0.0,0.0,0,0,0,16.0,1.0,0.0,0,0.0
107,21,0.0,0.0,16.0,0.0,0,0,0,16.0,0.0,0.0,0,0.0
108,21,0.0,0.0,16.0,0.0,0,0,0,16.0,0.0,0.0,0,0.0
109,21,0.0,0.0,16.0,0.0,0,0,0,16.0,0.0,0.0,0,0.0
110,21,0.0,0.0,16.0,0.0,0,0,0,16.0,0.0,0.0,0,0.0
111,21,0.0,0.0,16.0,0.0,0,0,0,16.0,0.0,0.0,0,0.0
112,21,0.0,0.0,16.0,0.0,0,0,0,16.0,0.0,0.0,0,0.0
1,22,0.0,0.0,16.0,0.0,0,0,0,16.0,0.0,0.0,0,0.0
2,22,0.0,0.0,16.0,0.0,0,0,0,16.0,0.0,0.0,0,0.0
3,22,0.0,0.0,16.0,0.0,0,0,0,16.0,0.0,0.0,0,0.0
4,22,0.0,0.0,16.0,0.0,0,0,0,16.0,0.0,0.0,0,0.0
5,22,0.0,0.0,16.0,0.0,0,0,0,16.0,0.0,0.0,0,0.0
6,22,0.0,0.0,16.0,0.0,0,0,0,16.0,0.0,0.0,0,0.0
7,22,0.0,0.0,16.0,0.0,0,0,0,16.0,0.0,0.0,0,0.0
8,22,0.0,0.0,16.0,0.0,0,0,0,16.0,0.0,0.0,0,0.0
9,22,0.0,0.0,16.0,0.0,0,0,0,16.0,0.0,0.0,0,0.0
10,22,0.0,0.0,16.0,0.0,0,0,0,16.0,0.0,0.0,0,0.0
11,22,0.0,0.0,8.0,0.0,0,0,0,8.0,0.0,0.0,0,0.0
12,22,5.823300000000001,8.0,8.0,0.0,0,0,0,16.0,0.5,0.0,0,0.3
13,22,0.0,0.0,16.0,0.0,0,0,0,16.0,0.0,0.0,0,0.0
14,22,0.0,0.0,16.0,0.0,0,0,0,16.0,0.0,0.0,0,0.0
15,22,0.0,0.0,16.0,0.0,0,0,0,16.0,0.0,0.0,0,0.0
16,22,0.0,0.0,16.0,0.0,0,0,0,16.0,0.0,0.0,0,0.0
17,22,0.0,0.0,8.0,0.0,0,0,0,8.0,0.0,0.0,0,0.0
18,22,0.0,0.0,16.0,0.0,0,0,0,16.0,0.0,0.0,0,0.0
19,22,0.0,0.0,16.0,0.0,0,0,0,16.0,0.0,0.0,0,0.0
20,22,0.0,0.0,8.0,0.0,0,0,0,8.0,0.0,0.0,0,0.0
21,22,0.0,0.0,8.0,0.0,0,0,0,8.0,0.0,0.0,0,0.0
22,22,0.0,0.0,16.0,0.0,0,0,0,16.0,0.0,0.0,0,0.0
23,22,0.0,0.0,16.0,0.0,0,0,0,16.0,0.0,0.0,0,0.0
24,22,0.0,0.0,16.0,0.0,0,0,0,16.0,0.0,0.0,0,0.0
25,22,0.0,0.0,16.0,0.0,0,0,0,16.0,0.0,0.0,0,0.0
26,22,0.0,0.0,16.0,0.0,0,0,0,16.0,0.0,0.0,0,0.0
27,22,0.0,0.0,16.0,0.0,0,0,0,16.0,0.0,0.0,0,0.0
28,22,0.0,0.0,16.0,0.0,0,0,0,16.0,0.0,0.0,0,0.0
29,22,0.0,0.0,16.0,0.0,0,0,0,16.0,0.0,0.0,0,0.0
30,22,0.0,0.0,16.0,0.0,0,0,0,16.0,0.0,0.0,0,0.0
31,22,0.0,0.0,16.0,0.0,0,0,0,16.0,0.0,0.0,0,0.0
32,22,0.0,0.0,16.0,0.0,0,0,0,16.0,0.0,0.0,0,0.0
33,22,0.0,0.0,16.0,0.0,0,0,0,16.0,0.0,0.0,0,0.0
34,22,0.0,0.0,16.0,0.0,0,0,0,16.0,0.0,0.0,0,0.0
35,22,0.0,0.0,8.0,0.0,0,0,0,8.0,0.0,0.0,0,0.0
36,22,0.0,0.0,16.0,0.0,0,0,0,16.0,0.0,0.0,0,0.0
37,22,23.544,16.0,0.0,0.0,0,0,0,16.0,1.0,0.0,0,0.0
38,22,23.544,16.0,0.0,0.0,0,0,0,16.0,1.0,0.0,0,0.0
39,22,16.4808,16.0,0.0,0.0,0,0,0,16.0,1.0,0.0,0,0.6
40,22,23.544,16.0,0.0,0.0,0,0,0,16.0,1.0,0.0,0,0.0
41,22,9.698285827865021,16.0,0.0,0.0,0,0,0,16.0,1.0,0.0,0,0.0
42,22,23.544,16.0,0.0,0.0,0,0,0,16.0,1.0,0.0,0,0.0
43,22,18.261845447782367,11.949267981428196,4.050732018571804,0.0,0,0,0,16.0,0.7468292488392623,4.0507320185718045,1,0.0
44,22,10.432,8.0,0.0,0.0,0,0,0,8.0,1.0,0.0,0,0.0
45,22,23.544,16.0,0.0,0.0,0,0,0,16.0,1.0,0.0,0,0.0
46,22,23.544,16.0,0.0,0.0,0,0,0,16.0,1.0,0.0,0,0.0
47,22,23.544,16.0,0.0,0.0,0,0,0,16.0,1.0,0.0,0,0.0
48,22,10.49054648743589,16.0,0.0,0.0,0,0,0,16.0,1.0,0.0,0,0.0
49,22,23.544,16.0,0.0,0.0,0,0,0,16.0,1.0,0.0,0,0.0
50,22,23.544,16.0,0.0,0.0,0,0,0,16.0,1.0,0.0,0,0.0
51,22,18.442737564601032,12.087988929908766,3.912011070091234,0.0,0,0,0,16.0,0.7554993081192979,3.9120110700912343,1,0.0
52,22,23.544,16.0,0.0,0.0,0,0,0,16.0,1.0,0.0,0,0.0
53,22,13.112,8.0,0.0,0.0,0,0,0,8.0,1.0,0.0,0,0.0
54,22,17.785681042179473,16.0,0.0,0.0,0,0,0,16.0,1.0,0.0,0,0.0
55,22,23.544,16.0,0.0,0.0,0,0,0,16.0,1.0,0.0,0,0.0
56,22,23.544,16.0,0.0,0.0,0,0,0,16.0,1.0,0.0,0,0.0
57,22,19.896,16.0,0.0,0.0,0,0,0,16.0,1.0,0.0,0,0.0
58,22,19.896,16.0,0.0,0.0,0,0,0,16.0,1.0,0.0,0,0.0
59,22,9.948,8.0,0.0,0.0,0,0,0,8.0,1.0,0.0,0,0.0
60,22,4.88605991120832,3.92928018593351,4.07071981406649,0.0,0,0,0,8.0,0.4911600232416887,4.07071981406649,1,0.0
61,22,13.864149954438115,11.149296304333024,4.850703695666976,0.0,0,0,0,16.0,0.696831019020814,4.850703695666977,1,0.0
62,22,23.544,16.0,0.0,0.0,0,0,0,16.0,1.0,0.0,0,0.0
63,22,13.112,8.0,0.0,0.0,0,0,0,8.0,1.0,0.0,0,0.0
64,22,23.544,16.0,0.0,0.0,0,0,0,16.0,1.0,0.0,0,0.0
65,22,13.112,8.0,0.0,0.0,0,0,0,8.0,1.0,0.0,0,0.0
66,22,13.112,8.0,0.0,0.0,0,0,0,8.0,1.0,0.0,0,0.0
67,22,16.4808,16.0,0.0,0.0,0,0,0,16.0,1.0,0.0,0,0.6
68,22,17.43924264054216,12.275315827054401,3.724684172945599,0.0,0,0,0,16.0,0.7672072391909001,3.724684172945599,1,0.0
69,22,23.544,16.0,0.0,0.0,0,0,0,16.0,1.0,0.0,0,0.0
70,22,16.4808,16.0,0.0,0.0,0,0,0,16.0,1.0,0.0,0,0.6
71,22,10.432,8.0,0.0,0.0,0,0,0,8.0,1.0,0.0,0,0.0
72,22,23.544,16.0,0.0,0.0,0,0,0,16.0,1.0,0.0,0,0.0
73,22,23.544,16.0,0.0,0.0,0,0,0,16.0,1.0,0.0,0,0.0
74,22,9.1784,8.0,0.0,0.0,0,0,0,8.0,1.0,0.0,0,0.3
75,22,10.432,8.0,0.0,0.0,0,0,0,8.0,1.0,0.0,0,0.0
77,22,19.805749160249817,13.719188017236009,2.280811982763991,0.0,0,0,0,16.0,0.8574492510772506,2.280811982763991,1,0.0
78,22,16.4808,16.0,0.0,0.0,0,0,0,16.0,1.0,0.0,0,0.6
79,22,23.544,16.0,0.0,0.0,0,0,0,16.0,1.0,0.0,0,0.0
80,22,23.544,16.0,0.0,0.0,0,0,0,16.0,1.0,0.0,0,0.0
81,22,23.544,16.0,0.0,0.0,0,0,0,16.0,1.0,0.0,0,0.0
82,22,13.112,8.0,0.0,0.0,0,0,0,8.0,1.0,0.0,0,0.0
83,22,23.544,16.0,0.0,0.0,0,0,0,16.0,1.0,0.0,0,0.0
84,22,16.4808,16.0,0.0,0.0,0,0,0,16.0,1.0,0.0,0,0.6
85,22,23.544,16.0,0.0,0.0,0,0,0,16.0,1.0,0.0,0,0.0
86,22,23.544,16.0,0.0,0.0,0,0,0,16.0,1.0,0.0,0,0.0
87,22,16.4808,16.0,0.0,0.0,0,0,0,16.0,1.0,0.0,0,0.6
88,22,23.544,16.0,0.0,0.0,0,0,0,16.0,1.0,0.0,0,0.0
89,22,11.997115761147953,16.0,0.0,0.0,0,0,0,16.0,1.0,0.0,0,0.0
90,22,9.1784,8.0,0.0,0.0,0,0,0,8.0,1.0,0.0,0,0.3
91,22,23.544,16.0,0.0,0.0,0,0,0,16.0,1.0,0.0,0,0.0
92,22,13.112,8.0,0.0,0.0,0,0,0,8.0,1.0,0.0,0,0.0
93,22,10.432,8.0,0.0,0.0,0,0,0,8.0,1.0,0.0,0,0.0
94,22,23.544,16.0,0.0,0.0,0,0,0,16.0,1.0,0.0,0,0.0
95,22,16.4808,16.0,0.0,0.0,0,0,0,16.0,1.0,0.0,0,0.6
96,22,23.544,16.0,0.0,0.0,0,0,0,16.0,1.0,0.0,0,0.0
97,22,16.4808,16.0,0.0,0.0,0,0,0,16.0,1.0,0.0,0,0.6
98,22,23.544,16.0,0.0,0.0,0,0,0,16.0,1.0,0.0,0,0.0
99,22,23.544,16.0,0.0,0.0,0,0,0,16.0,1.0,0.0,0,0.0
100,22,0.0,0.0,16.0,0.0,0,0,0,16.0,0.0,0.0,0,0.0
101,22,16.598,16.0,0.0,0.0,0,0,0,16.0,1.0,0.0,0,0.0
102,22,5.8092999999999995,8.0,0.0,0.0,0,0,0,8.0,1.0,0.0,0,0.3
103,22,7.304684276142235,16.0,0.0,0.0,0,0,0,16.0,1.0,0.0,0,0.0
104,22,16.598,16.0,0.0,0.0,0,0,0,16.0,1.0,0.0,0,0.0
105,22,16.598,16.0,0.0,0.0,0,0,0,16.0,1.0,0.0,0,0.0
106,22,16.598,16.0,0.0,0.0,0,0,0,16.0,1.0,0.0,0,0.0
107,22,0.0,0.0,16.0,0.0,0,0,0,16.0,0.0,0.0,0,0.0
108,22,0.0,0.0,16.0,0.0,0,0,0,16.0,0.0,0.0,0,0.0
109,22,0.0,0.0,16.0,0.0,0,0,0,16.0,0.0,0.0,0,0.0
110,22,0.0,0.0,16.0,0.0,0,0,0,16.0,0.0,0.0,0,0.0
111,22,0.0,0.0,16.0,0.0,0,0,0,16.0,0.0,0.0,0,0.0
112,22,0.0,0.0,16.0,0.0,0,0,0,16.0,0.0,0.0,0,0.0
1,23,0.0,0.0,16.0,0.0,0,0,0,16.0,0.0,0.0,0,0.0
2,23,0.0,0.0,16.0,0.0,0,0,0,16.0,0.0,0.0,0,0.0
3,23,0.0,0.0,16.0,0.0,0,0,0,16.0,0.0,0.0,0,0.0
4,23,0.0,0.0,16.0,0.0,0,0,0,16.0,0.0,0.0,0,0.0
5,23,0.0,0.0,16.0,0.0,0,0,0,16.0,0.0,0.0,0,0.0
6,23,0.0,0.0,16.0,0.0,0,0,0,16.0,0.0,0.0,0,0.0
7,23,0.0,0.0,16.0,0.0,0,0,0,16.0,0.0,0.0,0,0.0
8,23,0.0,0.0,16.0,0.0,0,0,0,16.0,0.0,0.0,0,0.0
9,23,0.0,0.0,16.0,0.0,0,0,0,16.0,0.0,0.0,0,0.0
10,23,0.0,0.0,16.0,0.0,0,0,0,16.0,0.0,0.0,0,0.0
11,23,0.0,0.0,8.0,0.0,0,0,0,8.0,0.0,0.0,0,0.0
12,23,8.319,8.0,8.0,0.0,0,0,0,16.0,0.5,0.0,0,0.0
13,23,0.0,0.0,16.0,0.0,0,0,0,16.0,0.0,0.0,0,0.0
14,23,0.0,0.0,16.0,0.0,0,0,0,16.0,0.0,0.0,0,0.0
15,23,0.0,0.0,16.0,0.0,0,0,0,16.0,0.0,0.0,0,0.0
16,23,0.0,0.0,16.0,0.0,0,0,0,16.0,0.0,0.0,0,0.0
17,23,0.0,0.0,8.0,0.0,0,0,0,8.0,0.0,0.0,0,0.0
18,23,0.0,0.0,16.0,0.0,0,0,0,16.0,0.0,0.0,0,0.0
19,23,0.0,0.0,16.0,0.0,0,0,0,16.0,0.0,0.0,0,0.0
20,23,0.0,0.0,8.0,0.0,0,0,0,8.0,0.0,0.0,0,0.0
21,23,0.0,0.0,8.0,0.0,0,0,0,8.0,0.0,0.0,0,0.0
22,23,0.0,0.0,16.0,0.0,0,0,0,16.0,0.0,0.0,0,0.0
23,23,0.0,0.0,16.0,0.0,0,0,0,16.0,0.0,0.0,0,0.0
24,23,0.0,0.0,16.0,0.0,0,0,0,16.0,0.0,0.0,0,0.0
25,23,0.0,0.0,16.0,0.0,0,0,0,16.0,0.0,0.0,0,0.0
26,23,0.0,0.0,16.0,0.0,0,0,0,16.0,0.0,0.0,0,0.0
27,23,0.0,0.0,16.0,0.0,0,0,0,16.0,0.0,0.0,0,0.0
28,23,0.0,0.0,16.0,0.0,0,0,0,16.0,0.0,0.0,0,0.0
29,23,0.0,0.0,16.0,0.0,0,0,0,16.0,0.0,0.0,0,0.0
30,23,0.0,0.0,16.0,0.0,0,0,0,16.0,0.0,0.0,0,0.0
31,23,0.0,0.0,16.0,0.0,0,0,0,16.0,0.0,0.0,0,0.0
32,23,0.0,0.0,16.0,0.0,0,0,0,16.0,0.0,0.0,0,0.0
33,23,0.0,0.0,16.0,0.0,0,0,0,16.0,0.0,0.0,0,0.0
34,23,0.0,0.0,16.0,0.0,0,0,0,16.0,0.0,0.0,0,0.0
35,23,0.0,0.0,8.0,0.0,0,0,0,8.0,0.0,0.0,0,0.0
36,23,0.0,0.0,16.0,0.0,0,0,0,16.0,0.0,0.0,0,0.0
37,23,23.544,16.0,0.0,0.0,0,0,0,16.0,1.0,0.0,0,0.0
38,23,16.4808,16.0,0.0,0.0,0,0,0,16.0,1.0,0.0,0,0.6
39,23,23.544,16.0,0.0,0.0,0,0,0,16.0,1.0,0.0,0,0.0
40,23,23.544,16.0,0.0,0.0,0,0,0,16.0,1.0,0.0,0,0.0
41,23,16.4808,16.0,0.0,0.0,0,0,0,16.0,1.0,0.0,0,0.6
42,23,11.317083685646832,16.0,0.0,0.0,0,0,0,16.0,1.0,0.0,0,0.0
43,23,23.544,16.0,0.0,0.0,0,0,0,16.0,1.0,0.0,0,0.0
44,23,10.432,8.0,0.0,0.0,0,0,0,8.0,1.0,0.0,0,0.0
45,23,23.544,16.0,0.0,0.0,0,0,0,16.0,1.0,0.0,0,0.0
46,23,23.544,16.0,0.0,0.0,0,0,0,16.0,1.0,0.0,0,0.0
47,23,23.544,16.0,0.0,0.0,0,0,0,16.0,1.0,0.0,0,0.0
48,23,16.41682011924658,11.65150708922915,4.348492910770849,0.0,0,0,0,16.0,0.7282191930768219,4.348492910770849,1,0.0
49,23,23.544,16.0,0.0,0.0,0,0,0,16.0,1.0,0.0,0,0.0
50,23,23.544,16.0,0.0,0.0,0,0,0,16.0,1.0,0.0,0,0.0
51,23,16.677030119068064,10.733918802966308,5.266081197033692,0.0,0,0,0,16.0,0.6708699251853942,5.266081197033692,1,0.0
52,23,16.4808,16.0,0.0,0.0,0,0,0,16.0,1.0,0.0,0,0.6
53,23,9.1784,8.0,0.0,0.0,0,0,0,8.0,1.0,0.0,0,0.3
54,23,23.544,16.0,0.0,0.0,0,0,0,16.0,1.0,0.0,0,0.0
55,23,23.544,16.0,0.0,0.0,0,0,0,16.0,1.0,0.0,0,0.0
56,23,23.544,16.0,0.0,0.0,0,0,0,16.0,1.0,0.0,0,0.0
57,23,14.462075853413939,11.630137397196574,4.369862602803426,0.0,0,0,0,16.0,0.7268835873247859,4.369862602803427,1,0.0
58,23,19.896,16.0,0.0,0.0,0,0,0,16.0,1.0,0.0,0,0.0
59,23,9.948,8.0,0.0,0.0,0,0,0,8.0,1.0,0.0,0,0.0
60,23,9.948,8.0,0.0,0.0,0,0,0,8.0,1.0,0.0,0,0.0
61,23,19.896,16.0,0.0,0.0,0,0,0,16.0,1.0,0.0,0,0.0
62,23,23.544,16.0,0.0,0.0,0,0,0,16.0,1.0,0.0,0,0.0
63,23,8.973487368952403,8.0,0.0,0.0,0,0,0,8.0,1.0,0.0,0,0.0
64,23,23.544,16.0,0.0,0.0,0,0,0,16.0,1.0,0.0,0,0.0
65,23,13.112,8.0,0.0,0.0,0,0,0,8.0,1.0,0.0,0,0.0
66,23,13.112,8.0,0.0,0.0,0,0,0,8.0,1.0,0.0,0,0.0
67,23,23.544,16.0,0.0,0.0,0,0,0,16.0,1.0,0.0,0,0.0
68,23,23.544,16.0,0.0,0.0,0,0,0,16.0,1.0,0.0,0,0.0
69,23,23.544,16.0,0.0,0.0,0,0,0,16.0,1.0,0.0,0,0.0
70,23,23.544,16.0,0.0,0.0,0,0,0,16.0,1.0,0.0,0,0.0
71,23,10.432,8.0,0.0,0.0,0,0,0,8.0,1.0,0.0,0,0.0
72,23,23.544,16.0,0.0,0.0,0,0,0,16.0,1.0,0.0,0,0.0
73,23,23.544,16.0,0.0,0.0,0,0,0,16.0,1.0,0.0,0,0.0
74,23,4.951277606172791,3.020913731649049,4.979086268350951,0.0,0,0,0,8.0,0.37761421645613114,4.979086268350951,1,0.0
75,23,10.432,8.0,0.0,0.0,0,0,0,8.0,1.0,0.0,0,0.0
77,23,23.544,16.0,0.0,0.0,0,0,0,16.0,1.0,0.0,0,0.0
78,23,17.16256052411061,16.0,0.0,0.0,0,0,0,16.0,1.0,0.0,0,0.0
79,23,16.4808,16.0,0.0,0.0,0,0,0,16.0,1.0,0.0,0,0.6
80,23,23.544,16.0,0.0,0.0,0,0,0,16.0,1.0,0.0,0,0.0
81,23,23.544,16.0,0.0,0.0,0,0,0,16.0,1.0,0.0,0,0.0
82,23,13.112,8.0,0.0,0.0,0,0,0,8.0,1.0,0.0,0,0.0
83,23,23.544,16.0,0.0,0.0,0,0,0,16.0,1.0,0.0,0,0.0
84,23,23.544,16.0,0.0,0.0,0,0,0,16.0,1.0,0.0,0,0.0
85,23,23.544,16.0,0.0,0.0,0,0,0,16.0,1.0,0.0,0,0.0
86,23,17.472148543279435,11.343672195766437,4.6563278042335625,0.0,0,0,0,16.0,0.7089795122354023,4.6563278042335625,1,0.0
87,23,23.544,16.0,0.0,0.0,0,0,0,16.0,1.0,0.0,0,0.0
88,23,23.544,16.0,0.0,0.0,0,0,0,16.0,1.0,0.0,0,0.0
89,23,16.27846789211951,11.56709450403875,4.432905495961251,0.0,0,0,0,16.0,0.7229434065024218,4.432905495961251,1,0.0
90,23,13.112,8.0,0.0,0.0,0,0,0,8.0,1.0,0.0,0,0.0
91,23,16.4808,16.0,0.0,0.0,0,0,0,16.0,1.0,0.0,0,0.6
92,23,13.112,8.0,0.0,0.0,0,0,0,8.0,1.0,0.0,0,0.0
93,23,10.432,8.0,0.0,0.0,0,0,0,8.0,1.0,0.0,0,0.0
94,23,23.544,16.0,0.0,0.0,0,0,0,16.0,1.0,0.0,0,0.0
95,23,23.544,16.0,0.0,0.0,0,0,0,16.0,1.0,0.0,0,0.0
96,23,16.4808,16.0,0.0,0.0,0,0,0,16.0,1.0,0.0,0,0.6
97,23,23.544,16.0,0.0,0.0,0,0,0,16.0,1.0,0.0,0,0.0
98,23,23.544,16.0,0.0,0.0,0,0,0,16.0,1.0,0.0,0,0.0
99,23,16.98025746632876,11.995276062433653,4.004723937566347,0.0,0,0,0,16.0,0.7497047539021033,4.0047239375663475,1,0.0
100,23,0.0,0.0,16.0,0.0,0,0,0,16.0,0.0,0.0,0,0.0
101,23,16.598,16.0,0.0,0.0,0,0,0,16.0,1.0,0.0,0,0.0
102,23,6.2491937996556475,8.0,0.0,0.0,0,0,0,8.0,1.0,0.0,0,0.0
103,23,16.598,16.0,0.0,0.0,0,0,0,16.0,1.0,0.0,0,0.0
104,23,12.802434614821063,12.341182903791845,3.658817096208155,0.0,0,0,0,16.0,0.7713239314869903,3.6588170962081548,1,0.0
105,23,16.598,16.0,0.0,0.0,0,0,0,16.0,1.0,0.0,0,0.0
106,23,16.598,16.0,0.0,0.0,0,0,0,16.0,1.0,0.0,0,0.0
107,23,0.0,0.0,16.0,0.0,0,0,0,16.0,0.0,0.0,0,0.0
108,23,0.0,0.0,16.0,0.0,0,0,0,16.0,0.0,0.0,0,0.0
109,23,0.0,0.0,16.0,0.0,0,0,0,16.0,0.0,0.0,0,0.0
110,23,0.0,0.0,16.0,0.0,0,0,0,16.0,0.0,0.0,0,0.0
111,23,0.0,0.0,16.0,0.0,0,0,0,16.0,0.0,0.0,0,0.0
112,23,0.0,0.0,16.0,0.0,0,0,0,16.0,0.0,0.0,0,0.0
1,24,0.0,0.0,16.0,0.0,0,0,0,16.0,0.0,0.0,0,0.0
2,24,0.0,0.0,16.0,0.0,0,0,0,16.0,0.0,0.0,0,0.0
3,24,0.0,0.0,16.0,0.0,0,0,0,16.0,0.0,0.0,0,0.0
4,24,0.0,0.0,16.0,0.0,0,0,0,16.0,0.0,0.0,0,0.0
5,24,0.0,0.0,16.0,0.0,0,0,0,16.0,0.0,0.0,0,0.0
6,24,0.0,0.0,16.0,0.0,0,0,0,16.0,0.0,0.0,0,0.0
7,24,0.0,0.0,16.0,0.0,0,0,0,16.0,0.0,0.0,0,0.0
8,24,0.0,0.0,16.0,0.0,0,0,0,16.0,0.0,0.0,0,0.0
9,24,0.0,0.0,16.0,0.0,0,0,0,16.0,0.0,0.0,0,0.0
10,24,0.0,0.0,16.0,0.0,0,0,0,16.0,0.0,0.0,0,0.0
11,24,0.0,0.0,8.0,0.0,0,0,0,8.0,0.0,0.0,0,0.0
12,24,8.319,8.0,8.0,0.0,0,0,0,16.0,0.5,0.0,0,0.0
13,24,0.0,0.0,16.0,0.0,0,0,0,16.0,0.0,0.0,0,0.0
14,24,0.0,0.0,16.0,0.0,0,0,0,16.0,0.0,0.0,0,0.0
15,24,0.0,0.0,16.0,0.0,0,0,0,16.0,0.0,0.0,0,0.0
16,24,0.0,0.0,16.0,0.0,0,0,0,16.0,0.0,0.0,0,0.0
17,24,0.0,0.0,8.0,0.0,0,0,0,8.0,0.0,0.0,0,0.0
18,24,0.0,0.0,16.0,0.0,0,0,0,16.0,0.0,0.0,0,0.0
19,24,0.0,0.0,16.0,0.0,0,0,0,16.0,0.0,0.0,0,0.0
20,24,0.0,0.0,8.0,0.0,0,0,0,8.0,0.0,0.0,0,0.0
21,24,0.0,0.0,8.0,0.0,0,0,0,8.0,0.0,0.0,0,0.0
22,24,0.0,0.0,16.0,0.0,0,0,0,16.0,0.0,0.0,0,0.0
23,24,0.0,0.0,16.0,0.0,0,0,0,16.0,0.0,0.0,0,0.0
24,24,0.0,0.0,16.0,0.0,0,0,0,16.0,0.0,0.0,0,0.0
25,24,0.0,0.0,16.0,0.0,0,0,0,16.0,0.0,0.0,0,0.0
26,24,0.0,0.0,16.0,0.0,0,0,0,16.0,0.0,0.0,0,0.0
27,24,0.0,0.0,16.0,0.0,0,0,0,16.0,0.0,0.0,0,0.0
28,24,0.0,0.0,16.0,0.0,0,0,0,16.0,0.0,0.0,0,0.0
29,24,0.0,0.0,16.0,0.0,0,0,0,16.0,0.0,0.0,0,0.0
30,24,0.0,0.0,16.0,0.0,0,0,0,16.0,0.0,0.0,0,0.0
31,24,0.0,0.0,16.0,0.0,0,0,0,16.0,0.0,0.0,0,0.0
32,24,0.0,0.0,16.0,0.0,0,0,0,16.0,0.0,0.0,0,0.0
33,24,0.0,0.0,16.0,0.0,0,0,0,16.0,0.0,0.0,0,0.0
34,24,0.0,0.0,16.0,0.0,0,0,0,16.0,0.0,0.0,0,0.0
35,24,0.0,0.0,8.0,0.0,0,0,0,8.0,0.0,0.0,0,0.0
36,24,0.0,0.0,16.0,0.0,0,0,0,16.0,0.0,0.0,0,0.0
37,24,23.544,16.0,0.0,0.0,0,0,0,16.0,1.0,0.0,0,0.0
38,24,23.544,16.0,0.0,0.0,0,0,0,16.0,1.0,0.0,0,0.0
39,24,23.544,16.0,0.0,0.0,0,0,0,16.0,1.0,0.0,0,0.0
40,24,23.544,16.0,0.0,0.0,0,0,0,16.0,1.0,0.0,0,0.0
41,24,17.93583842918559,16.0,0.0,0.0,0,0,0,16.0,1.0,0.0,0,0.0
42,24,12.848722751519965,12.02094955249777,3.97905044750223,0.0,0,0,0,16.0,0.7513093470311106,3.9790504475022295,1,0.6
43,24,23.544,16.0,0.0,0.0,0,0,0,16.0,1.0,0.0,0,0.0
44,24,7.3024,8.0,0.0,0.0,0,0,0,8.0,1.0,0.0,0,0.3
45,24,19.479080354217096,12.882730332988569,3.1172696670114313,0.0,0,0,0,16.0,0.8051706458117855,3.1172696670114304,1,0.0
46,24,23.544,16.0,0.0,0.0,0,0,0,16.0,1.0,0.0,0,0.0
47,24,16.4808,16.0,0.0,0.0,0,0,0,16.0,1.0,0.0,0,0.6
48,24,23.544,16.0,0.0,0.0,0,0,0,16.0,1.0,0.0,0,0.0
49,24,23.544,16.0,0.0,0.0,0,0,0,16.0,1.0,0.0,0,0.0
50,24,19.08184633918156,12.578103020844754,3.421896979155246,0.0,0,0,0,16.0,0.7861314388027971,3.421896979155246,1,0.0
51,24,23.544,16.0,0.0,0.0,0,0,0,16.0,1.0,0.0,0,0.0
52,24,16.62347040309339,11.777590239837334,4.222409760162666,0.0,0,0,0,16.0,0.7360993899898334,4.222409760162667,1,0.0
53,24,13.112,8.0,0.0,0.0,0,0,0,8.0,1.0,0.0,0,0.0
54,24,23.544,16.0,0.0,0.0,0,0,0,16.0,1.0,0.0,0,0.0
55,24,19.351137010972806,13.44181635812862,2.5581836418713806,0.0,0,0,0,16.0,0.8401135223830387,2.5581836418713806,1,0.0
56,24,23.544,16.0,0.0,0.0,0,0,0,16.0,1.0,0.0,0,0.0
57,24,19.896,16.0,0.0,0.0,0,0,0,16.0,1.0,0.0,0,0.0
58,24,19.896,16.0,0.0,0.0,0,0,0,16.0,1.0,0.0,0,0.0
59,24,9.948,8.0,0.0,0.0,0,0,0,8.0,1.0,0.0,0,0.0
60,24,5.337094547145995,4.29199400655086,3.70800599344914,0.0,0,0,0,8.0,0.5364992508188575,3.7080059934491403,1,0.0
61,24,13.9272,16.0,0.0,0.0,0,0,0,16.0,1.0,0.0,0,0.6
62,24,16.4808,16.0,0.0,0.0,0,0,0,16.0,1.0,0.0,0,0.6
63,24,13.112,8.0,0.0,0.0,0,0,0,8.0,1.0,0.0,0,0.0
64,24,23.544,16.0,0.0,0.0,0,0,0,16.0,1.0,0.0,0,0.0
65,24,13.112,8.0,0.0,0.0,0,0,0,8.0,1.0,0.0,0,0.0
66,24,13.112,8.0,0.0,0.0,0,0,0,8.0,1.0,0.0,0,0.0
67,24,23.544,16.0,0.0,0.0,0,0,0,16.0,1.0,0.0,0,0.0
68,24,23.544,16.0,0.0,0.0,0,0,0,16.0,1.0,0.0,0,0.0
69,24,16.4808,16.0,0.0,0.0,0,0,0,16.0,1.0,0.0,0,0.6
70,24,23.544,16.0,0.0,0.0,0,0,0,16.0,1.0,0.0,0,0.0
71,24,10.432,8.0,0.0,0.0,0,0,0,8.0,1.0,0.0,0,0.0
72,24,14.198310075297485,16.0,0.0,0.0,0,0,0,16.0,1.0,0.0,0,0.0
73,24,23.544,16.0,0.0,0.0,0,0,0,16.0,1.0,0.0,0,0.0
74,24,13.112,8.0,0.0,0.0,0,0,0,8.0,1.0,0.0,0,0.0
75,24,7.3024,8.0,0.0,0.0,0,0,0,8.0,1.0,0.0,0,0.3
77,24,23.544,16.0,0.0,0.0,0,0,0,16.0,1.0,0.0,0,0.0
78,24,23.544,16.0,0.0,0.0,0,0,0,16.0,1.0,0.0,0,0.0
79,24,23.544,16.0,0.0,0.0,0,0,0,16.0,1.0,0.0,0,0.0
80,24,23.544,16.0,0.0,0.0,0,0,0,16.0,1.0,0.0,0,0.0
81,24,23.544,16.0,0.0,0.0,0,0,0,16.0,1.0,0.0,0,0.0
82,24,13.112,8.0,0.0,0.0,0,0,0,8.0,1.0,0.0,0,0.0
83,24,23.544,16.0,0.0,0.0,0,0,0,16.0,1.0,0.0,0,0.0
84,24,23.544,16.0,0.0,0.0,0,0,0,16.0,1.0,0.0,0,0.0
85,24,23.544,16.0,0.0,0.0,0,0,0,16.0,1.0,0.0,0,0.0
86,24,23.544,16.0,0.0,0.0,0,0,0,16.0,1.0,0.0,0,0.0
87,24,23.544,16.0,0.0,0.0,0,0,0,16.0,1.0,0.0,0,0.0
88,24,23.544,16.0,0.0,0.0,0,0,0,16.0,1.0,0.0,0,0.0
89,24,16.4808,16.0,0.0,0.0,0,0,0,16.0,1.0,0.0,0,0.6
90,24,13.112,8.0,0.0,0.0,0,0,0,8.0,1.0,0.0,0,0.0
91,24,23.544,16.0,0.0,0.0,0,0,0,16.0,1.0,0.0,0,0.0
92,24,13.112,8.0,0.0,0.0,0,0,0,8.0,1.0,0.0,0,0.0
93,24,10.432,8.0,0.0,0.0,0,0,0,8.0,1.0,0.0,0,0.0
94,24,23.544,16.0,0.0,0.0,0,0,0,16.0,1.0,0.0,0,0.0
95,24,23.544,16.0,0.0,0.0,0,0,0,16.0,1.0,0.0,0,0.0
96,24,23.544,16.0,0.0,0.0,0,0,0,16.0,1.0,0.0,0,0.0
97,24,23.544,16.0,0.0,0.0,0,0,0,16.0,1.0,0.0,0,0.0
98,24,23.544,16.0,0.0,0.0,0,0,0,16.0,1.0,0.0,0,0.0
99,24,23.544,16.0,0.0,0.0,0,0,0,16.0,1.0,0.0,0,0.0
100,24,0.0,0.0,16.0,0.0,0,0,0,16.0,0.0,0.0,0,0.0
101,24,16.598,16.0,0.0,0.0,0,0,0,16.0,1.0,0.0,0,0.0
102,24,8.299,8.0,0.0,0.0,0,0,0,8.0,1.0,0.0,0,0.0
103,24,16.598,16.0,0.0,0.0,0,0,0,16.0,1.0,0.0,0,0.0
104,24,16.598,16.0,0.0,0.0,0,0,0,16.0,1.0,0.0,0,0.0
105,24,16.598,16.0,0.0,0.0,0,0,0,16.0,1.0,0.0,0,0.0
106,24,16.598,16.0,0.0,0.0,0,0,0,16.0,1.0,0.0,0,0.0
107,24,0.0,0.0,16.0,0.0,0,0,0,16.0,0.0,0.0,0,0.0
108,24,0.0,0.0,16.0,0.0,0,0,0,16.0,0.0,0.0,0,0.0
109,24,0.0,0.0,16.0,0.0,0,0,0,16.0,0.0,0.0,0,0.0
110,24,0.0,0.0,16.0,0.0,0,0,0,16.0,0.0,0.0,0,0.0
111,24,0.0,0.0,16.0,0.0,0,0,0,16.0,0.0,0.0,0,0.0
112,24,0.0,0.0,16.0,0.0,0,0,0,16.0,0.0,0.0,0,0.0
1,25,0.0,0.0,16.0,0.0,0,0,0,16.0,0.0,0.0,0,0.0
2,25,0.0,0.0,16.0,0.0,0,0,0,16.0,0.0,0.0,0,0.0
3,25,0.0,0.0,16.0,0.0,0,0,0,16.0,0.0,0.0,0,0.0
4,25,0.0,0.0,16.0,0.0,0,0,0,16.0,0.0,0.0,0,0.0
5,25,0.0,0.0,16.0,0.0,0,0,0,16.0,0.0,0.0,0,0.0
6,25,0.0,0.0,16.0,0.0,0,0,0,16.0,0.0,0.0,0,0.0
7,25,0.0,0.0,16.0,0.0,0,0,0,16.0,0.0,0.0,0,0.0
8,25,0.0,0.0,16.0,0.0,0,0,0,16.0,0.0,0.0,0,0.0
9,25,0.0,0.0,16.0,0.0,0,0,0,16.0,0.0,0.0,0,0.0
10,25,0.0,0.0,16.0,0.0,0,0,0,16.0,0.0,0.0,0,0.0
11,25,0.0,0.0,8.0,0.0,0,0,0,8.0,0.0,0.0,0,0.0
12,25,8.319,8.0,8.0,0.0,0,0,0,16.0,0.5,0.0,0,0.0
13,25,0.0,0.0,16.0,0.0,0,0,0,16.0,0.0,0.0,0,0.0
14,25,0.0,0.0,16.0,0.0,0,0,0,16.0,0.0,0.0,0,0.0
15,25,0.0,0.0,16.0,0.0,0,0,0,16.0,0.0,0.0,0,0.0
16,25,0.0,0.0,16.0,0.0,0,0,0,16.0,0.0,0.0,0,0.0
17,25,0.0,0.0,8.0,0.0,0,0,0,8.0,0.0,0.0,0,0.0
18,25,0.0,0.0,16.0,0.0,0,0,0,16.0,0.0,0.0,0,0.0
19,25,0.0,0.0,16.0,0.0,0,0,0,16.0,0.0,0.0,0,0.0
20,25,0.0,0.0,8.0,0.0,0,0,0,8.0,0.0,0.0,0,0.0
21,25,0.0,0.0,8.0,0.0,0,0,0,8.0,0.0,0.0,0,0.0
22,25,0.0,0.0,16.0,0.0,0,0,0,16.0,0.0,0.0,0,0.0
23,25,0.0,0.0,16.0,0.0,0,0,0,16.0,0.0,0.0,0,0.0
24,25,0.0,0.0,16.0,0.0,0,0,0,16.0,0.0,0.0,0,0.0
25,25,0.0,0.0,16.0,0.0,0,0,0,16.0,0.0,0.0,0,0.0
26,25,0.0,0.0,16.0,0.0,0,0,0,16.0,0.0,0.0,0,0.0
27,25,0.0,0.0,16.0,0.0,0,0,0,16.0,0.0,0.0,0,0.0
28,25,0.0,0.0,16.0,0.0,0,0,0,16.0,0.0,0.0,0,0.0
29,25,0.0,0.0,16.0,0.0,0,0,0,16.0,0.0,0.0,0,0.0
30,25,0.0,0.0,16.0,0.0,0,0,0,16.0,0.0,0.0,0,0.0
31,25,0.0,0.0,16.0,0.0,0,0,0,16.0,0.0,0.0,0,0.0
32,25,0.0,0.0,16.0,0.0,0,0,0,16.0,0.0,0.0,0,0.0
33,25,0.0,0.0,16.0,0.0,0,0,0,16.0,0.0,0.0,0,0.0
34,25,0.0,0.0,16.0,0.0,0,0,0,16.0,0.0,0.0,0,0.0
35,25,0.0,0.0,8.0,0.0,0,0,0,8.0,0.0,0.0,0,0.0
36,25,0.0,0.0,16.0,0.0,0,0,0,16.0,0.0,0.0,0,0.0
37,25,23.544,16.0,0.0,0.0,0,0,0,16.0,1.0,0.0,0,0.0
38,25,23.544,16.0,0.0,0.0,0,0,0,16.0,1.0,0.0,0,0.0
39,25,23.544,16.0,0.0,0.0,0,0,0,16.0,1.0,0.0,0,0.0
40,25,23.544,16.0,0.0,0.0,0,0,0,16.0,1.0,0.0,0,0.0
41,25,23.544,16.0,0.0,0.0,0,0,0,16.0,1.0,0.0,0,0.0
42,25,23.544,16.0,0.0,0.0,0,0,0,16.0,1.0,0.0,0,0.0
43,25,23.544,16.0,0.0,0.0,0,0,0,16.0,1.0,0.0,0,0.0
44,25,10.432,8.0,0.0,0.0,0,0,0,8.0,1.0,0.0,0,0.0
45,25,23.544,16.0,0.0,0.0,0,0,0,16.0,1.0,0.0,0,0.0
46,25,23.544,16.0,0.0,0.0,0,0,0,16.0,1.0,0.0,0,0.0
47,25,23.544,16.0,0.0,0.0,0,0,0,16.0,1.0,0.0,0,0.0
48,25,23.544,16.0,0.0,0.0,0,0,0,16.0,1.0,0.0,0,0.0
49,25,23.544,16.0,0.0,0.0,0,0,0,16.0,1.0,0.0,0,0.0
50,25,23.544,16.0,0.0,0.0,0,0,0,16.0,1.0,0.0,0,0.0
51,25,23.544,16.0,0.0,0.0,0,0,0,16.0,1.0,0.0,0,0.0
52,25,23.544,16.0,0.0,0.0,0,0,0,16.0,1.0,0.0,0,0.0
53,25,9.1784,8.0,0.0,0.0,0,0,0,8.0,1.0,0.0,0,0.3
54,25,23.544,16.0,0.0,0.0,0,0,0,16.0,1.0,0.0,0,0.0
55,25,23.544,16.0,0.0,0.0,0,0,0,16.0,1.0,0.0,0,0.0
56,25,13.42455389354032,11.239278102644407,4.760721897355593,0.0,0,0,0,16.0,0.7024548814152755,4.760721897355593,1,0.0
57,25,10.774620463091008,8.664753086522722,7.3352469134772775,0.0,0,0,0,16.0,0.5415470679076702,7.335246913477277,1,0.0
58,25,13.9272,16.0,0.0,0.0,0,0,0,16.0,1.0,0.0,0,0.6
59,25,9.948,8.0,0.0,0.0,0,0,0,8.0,1.0,0.0,0,0.0
60,25,9.948,8.0,0.0,0.0,0,0,0,8.0,1.0,0.0,0,0.0
61,25,15.800231567554402,12.706257794575313,3.293742205424687,0.0,0,0,0,16.0,0.7941411121609571,3.293742205424687,1,0.0
62,25,12.550911527628536,16.0,0.0,0.0,0,0,0,16.0,1.0,0.0,0,0.0
63,25,13.112,8.0,0.0,0.0,0,0,0,8.0,1.0,0.0,0,0.0
64,25,23.544,16.0,0.0,0.0,0,0,0,16.0,1.0,0.0,0,0.0
65,25,13.112,8.0,0.0,0.0,0,0,0,8.0,1.0,0.0,0,0.0
66,25,13.112,8.0,0.0,0.0,0,0,0,8.0,1.0,0.0,0,0.0
67,25,23.544,16.0,0.0,0.0,0,0,0,16.0,1.0,0.0,0,0.0
68,25,23.544,16.0,0.0,0.0,0,0,0,16.0,1.0,0.0,0,0.0
69,25,23.544,16.0,0.0,0.0,0,0,0,16.0,1.0,0.0,0,0.0
70,25,16.4808,16.0,0.0,0.0,0,0,0,16.0,1.0,0.0,0,0.6
71,25,6.351570098180325,8.0,0.0,0.0,0,0,0,8.0,1.0,0.0,0,0.0
72,25,23.544,16.0,0.0,0.0,0,0,0,16.0,1.0,0.0,0,0.0
73,25,23.544,16.0,0.0,0.0,0,0,0,16.0,1.0,0.0,0,0.0
74,25,13.112,8.0,0.0,0.0,0,0,0,8.0,1.0,0.0,0,0.0
75,25,10.432,8.0,0.0,0.0,0,0,0,8.0,1.0,0.0,0,0.0
77,25,23.544,16.0,0.0,0.0,0,0,0,16.0,1.0,0.0,0,0.0
78,25,23.544,16.0,0.0,0.0,0,0,0,16.0,1.0,0.0,0,0.0
79,25,23.544,16.0,0.0,0.0,0,0,0,16.0,1.0,0.0,0,0.0
80,25,23.544,16.0,0.0,0.0,0,0,0,16.0,1.0,0.0,0,0.0
81,25,23.544,16.0,0.0,0.0,0,0,0,16.0,1.0,0.0,0,0.0
82,25,13.112,8.0,0.0,0.0,0,0,0,8.0,1.0,0.0,0,0.0
83,25,23.544,16.0,0.0,0.0,0,0,0,16.0,1.0,0.0,0,0.0
84,25,16.4808,16.0,0.0,0.0,0,0,0,16.0,1.0,0.0,0,0.6
85,25,23.544,16.0,0.0,0.0,0,0,0,16.0,1.0,0.0,0,0.0
86,25,23.544,16.0,0.0,0.0,0,0,0,16.0,1.0,0.0,0,0.0
87,25,23.544,16.0,0.0,0.0,0,0,0,16.0,1.0,0.0,0,0.0
88,25,16.4808,16.0,0.0,0.0,0,0,0,16.0,1.0,0.0,0,0.6
89,25,23.544,16.0,0.0,0.0,0,0,0,16.0,1.0,0.0,0,0.0
90,25,13.112,8.0,0.0,0.0,0,0,0,8.0,1.0,0.0,0,0.0
91,25,15.293779362113433,10.966308335639678,5.0336916643603224,0.0,0,0,0,16.0,0.6853942709774798,5.0336916643603224,1,0.0
92,25,13.112,8.0,0.0,0.0,0,0,0,8.0,1.0,0.0,0,0.0
93,25,7.3024,8.0,0.0,0.0,0,0,0,8.0,1.0,0.0,0,0.3
94,25,23.544,16.0,0.0,0.0,0,0,0,16.0,1.0,0.0,0,0.0
95,25,23.544,16.0,0.0,0.0,0,0,0,16.0,1.0,0.0,0,0.0
96,25,9.189880642678874,8.012577391190703,7.987422608809297,0.0,0,0,0,16.0,0.500786086949419,7.987422608809297,1,0.6
97,25,23.544,16.0,0.0,0.0,0,0,0,16.0,1.0,0.0,0,0.0
98,25,19.28067022524059,13.39882259014069,2.601177409859311,0.0,0,0,0,16.0,0.8374264118837931,2.6011774098593103,1,0.0
99,25,23.544,16.0,0.0,0.0,0,0,0,16.0,1.0,0.0,0,0.0
100,25,0.0,0.0,16.0,0.0,0,0,0,16.0,0.0,0.0,0,0.0
101,25,16.598,16.0,0.0,0.0,0,0,0,16.0,1.0,0.0,0,0.0
102,25,5.8092999999999995,8.0,0.0,0.0,0,0,0,8.0,1.0,0.0,0,0.3
103,25,16.598,16.0,0.0,0.0,0,0,0,16.0,1.0,0.0,0,0.0
104,25,16.598,16.0,0.0,0.0,0,0,0,16.0,1.0,0.0,0,0.0
105,25,16.598,16.0,0.0,0.0,0,0,0,16.0,1.0,0.0,0,0.0
106,25,16.598,16.0,0.0,0.0,0,0,0,16.0,1.0,0.0,0,0.0
107,25,0.0,0.0,16.0,0.0,0,0,0,16.0,0.0,0.0,0,0.0
108,25,0.0,0.0,16.0,0.0,0,0,0,16.0,0.0,0.0,0,0.0
109,25,0.0,0.0,16.0,0.0,0,0,0,16.0,0.0,0.0,0,0.0
110,25,0.0,0.0,16.0,0.0,0,0,0,16.0,0.0,0.0,0,0.0
111,25,0.0,0.0,16.0,0.0,0,0,0,16.0,0.0,0.0,0,0.0
112,25,0.0,0.0,16.0,0.0,0,0,0,16.0,0.0,0.0,0,0.0
1,26,0.0,0.0,16.0,0.0,0,0,0,16.0,0.0,0.0,0,0.0
2,26,0.0,0.0,16.0,0.0,0,0,0,16.0,0.0,0.0,0,0.0
3,26,0.0,0.0,16.0,0.0,0,0,0,16.0,0.0,0.0,0,0.0
4,26,0.0,0.0,16.0,0.0,0,0,0,16.0,0.0,0.0,0,0.0
5,26,0.0,0.0,16.0,0.0,0,0,0,16.0,0.0,0.0,0,0.0
6,26,0.0,0.0,16.0,0.0,0,0,0,16.0,0.0,0.0,0,0.0
7,26,0.0,0.0,16.0,0.0,0,0,0,16.0,0.0,0.0,0,0.0
8,26,0.0,0.0,16.0,0.0,0,0,0,16.0,0.0,0.0,0,0.0
9,26,0.0,0.0,16.0,0.0,0,0,0,16.0,0.0,0.0,0,0.0
10,26,0.0,0.0,16.0,0.0,0,0,0,16.0,0.0,0.0,0,0.0
11,26,0.0,0.0,8.0,0.0,0,0,0,8.0,0.0,0.0,0,0.0
12,26,8.319,8.0,8.0,0.0,0,0,0,16.0,0.5,0.0,0,0.0
13,26,0.0,0.0,16.0,0.0,0,0,0,16.0,0.0,0.0,0,0.0
14,26,0.0,0.0,16.0,0.0,0,0,0,16.0,0.0,0.0,0,0.0
15,26,0.0,0.0,16.0,0.0,0,0,0,16.0,0.0,0.0,0,0.0
16,26,0.0,0.0,16.0,0.0,0,0,0,16.0,0.0,0.0,0,0.0
17,26,0.0,0.0,8.0,0.0,0,0,0,8.0,0.0,0.0,0,0.0
18,26,0.0,0.0,16.0,0.0,0,0,0,16.0,0.0,0.0,0,0.0
19,26,0.0,0.0,16.0,0.0,0,0,0,16.0,0.0,0.0,0,0.0
20,26,0.0,0.0,8.0,0.0,0,0,0,8.0,0.0,0.0,0,0.0
21,26,0.0,0.0,8.0,0.0,0,0,0,8.0,0.0,0.0,0,0.0
22,26,0.0,0.0,16.0,0.0,0,0,0,16.0,0.0,0.0,0,0.0
23,26,0.0,0.0,16.0,0.0,0,0,0,16.0,0.0,0.0,0,0.0
24,26,0.0,0.0,16.0,0.0,0,0,0,16.0,0.0,0.0,0,0.0
25,26,0.0,0.0,16.0,0.0,0,0,0,16.0,0.0,0.0,0,0.0
26,26,0.0,0.0,16.0,0.0,0,0,0,16.0,0.0,0.0,0,0.0
27,26,0.0,0.0,16.0,0.0,0,0,0,16.0,0.0,0.0,0,0.0
28,26,0.0,0.0,16.0,0.0,0,0,0,16.0,0.0,0.0,0,0.0
29,26,0.0,0.0,16.0,0.0,0,0,0,16.0,0.0,0.0,0,0.0
30,26,0.0,0.0,16.0,0.0,0,0,0,16.0,0.0,0.0,0,0.0
31,26,0.0,0.0,16.0,0.0,0,0,0,16.0,0.0,0.0,0,0.0
32,26,0.0,0.0,16.0,0.0,0,0,0,16.0,0.0,0.0,0,0.0
33,26,0.0,0.0,16.0,0.0,0,0,0,16.0,0.0,0.0,0,0.0
34,26,0.0,0.0,16.0,0.0,0,0,0,16.0,0.0,0.0,0,0.0
35,26,0.0,0.0,8.0,0.0,0,0,0,8.0,0.0,0.0,0,0.0
36,26,0.0,0.0,16.0,0.0,0,0,0,16.0,0.0,0.0,0,0.0
37,26,23.544,16.0,0.0,0.0,0,0,0,16.0,1.0,0.0,0,0.0
38,26,23.544,16.0,0.0,0.0,0,0,0,16.0,1.0,0.0,0,0.0
39,26,23.544,16.0,0.0,0.0,0,0,0,16.0,1.0,0.0,0,0.0
40,26,23.544,16.0,0.0,0.0,0,0,0,16.0,1.0,0.0,0,0.0
41,26,23.544,16.0,0.0,0.0,0,0,0,16.0,1.0,0.0,0,0.0
42,26,23.544,16.0,0.0,0.0,0,0,0,16.0,1.0,0.0,0,0.0
43,26,23.544,16.0,0.0,0.0,0,0,0,16.0,1.0,0.0,0,0.0
44,26,10.432,8.0,0.0,0.0,0,0,0,8.0,1.0,0.0,0,0.0
45,26,23.544,16.0,0.0,0.0,0,0,0,16.0,1.0,0.0,0,0.0
46,26,20.169976185987444,13.412558424836998,2.5874415751630018,0.0,0,0,0,16.0,0.8382849015523124,2.5874415751630018,1,0.0
47,26,23.544,16.0,0.0,0.0,0,0,0,16.0,1.0,0.0,0,0.0
48,26,23.544,16.0,0.0,0.0,0,0,0,16.0,1.0,0.0,0,0.0
49,26,23.544,16.0,0.0,0.0,0,0,0,16.0,1.0,0.0,0,0.0
50,26,23.544,16.0,0.0,0.0,0,0,0,16.0,1.0,0.0,0,0.0
51,26,23.544,16.0,0.0,0.0,0,0,0,16.0,1.0,0.0,0,0.0
52,26,23.544,16.0,0.0,0.0,0,0,0,16.0,1.0,0.0,0,0.0
53,26,13.112,8.0,0.0,0.0,0,0,0,8.0,1.0,0.0,0,0.0
54,26,23.544,16.0,0.0,0.0,0,0,0,16.0,1.0,0.0,0,0.0
55,26,23.544,16.0,0.0,0.0,0,0,0,16.0,1.0,0.0,0,0.0
56,26,23.544,16.0,0.0,0.0,0,0,0,16.0,1.0,0.0,0,0.0
57,26,13.9272,16.0,0.0,0.0,0,0,0,16.0,1.0,0.0,0,0.6
58,26,19.896,16.0,0.0,0.0,0,0,0,16.0,1.0,0.0,0,0.0
59,26,9.948,8.0,0.0,0.0,0,0,0,8.0,1.0,0.0,0,0.0
60,26,9.948,8.0,0.0,0.0,0,0,0,8.0,1.0,0.0,0,0.0
61,26,14.726607588304455,16.0,0.0,0.0,0,0,0,16.0,1.0,0.0,0,0.0
62,26,23.544,16.0,0.0,0.0,0,0,0,16.0,1.0,0.0,0,0.0
63,26,8.444090732496823,5.151977262048092,2.848022737951908,0.0,0,0,0,8.0,0.6439971577560115,2.848022737951908,1,0.0
64,26,23.544,16.0,0.0,0.0,0,0,0,16.0,1.0,0.0,0,0.0
65,26,9.1784,8.0,0.0,0.0,0,0,0,8.0,1.0,0.0,0,0.3
66,26,13.112,8.0,0.0,0.0,0,0,0,8.0,1.0,0.0,0,0.0
67,26,23.544,16.0,0.0,0.0,0,0,0,16.0,1.0,0.0,0,0.0
68,26,23.544,16.0,0.0,0.0,0,0,0,16.0,1.0,0.0,0,0.0
69,26,23.544,16.0,0.0,0.0,0,0,0,16.0,1.0,0.0,0,0.0
70,26,23.544,16.0,0.0,0.0,0,0,0,16.0,1.0,0.0,0,0.0
71,26,10.432,8.0,0.0,0.0,0,0,0,8.0,1.0,0.0,0,0.0
72,26,23.544,16.0,0.0,0.0,0,0,0,16.0,1.0,0.0,0,0.0
73,26,23.544,16.0,0.0,0.0,0,0,0,16.0,1.0,0.0,0,0.0
74,26,9.1784,8.0,0.0,0.0,0,0,0,8.0,1.0,0.0,0,0.3
75,26,5.352993604580976,8.0,0.0,0.0,0,0,0,8.0,1.0,0.0,0,0.3
77,26,23.544,16.0,0.0,0.0,0,0,0,16.0,1.0,0.0,0,0.0
78,26,23.544,16.0,0.0,0.0,0,0,0,16.0,1.0,0.0,0,0.0
79,26,23.544,16.0,0.0,0.0,0,0,0,16.0,1.0,0.0,0,0.0
80,26,23.544,16.0,0.0,0.0,0,0,0,16.0,1.0,0.0,0,0.0
81,26,12.1375555734665,13.01385020043331,2.9861497995666895,0.0,0,0,0,16.0,0.8133656375270819,2.986149799566689,1,0.0
82,26,13.112,8.0,0.0,0.0,0,0,0,8.0,1.0,0.0,0,0.0
83,26,16.4808,16.0,0.0,0.0,0,0,0,16.0,1.0,0.0,0,0.6
84,26,23.544,16.0,0.0,0.0,0,0,0,16.0,1.0,0.0,0,0.0
85,26,23.544,16.0,0.0,0.0,0,0,0,16.0,1.0,0.0,0,0.0
86,26,23.544,16.0,0.0,0.0,0,0,0,16.0,1.0,0.0,0,0.0
87,26,23.544,16.0,0.0,0.0,0,0,0,16.0,1.0,0.0,0,0.0
88,26,23.544,16.0,0.0,0.0,0,0,0,16.0,1.0,0.0,0,0.0
89,26,17.773180616397454,11.574525012574735,4.425474987425265,0.0,0,0,0,16.0,0.723407813285921,4.4254749874252655,1,0.0
90,26,13.112,8.0,0.0,0.0,0,0,0,8.0,1.0,0.0,0,0.0
91,26,23.544,16.0,0.0,0.0,0,0,0,16.0,1.0,0.0,0,0.0
92,26,13.112,8.0,0.0,0.0,0,0,0,8.0,1.0,0.0,0,0.0
93,26,10.432,8.0,0.0,0.0,0,0,0,8.0,1.0,0.0,0,0.0
94,26,23.544,16.0,0.0,0.0,0,0,0,16.0,1.0,0.0,0,0.0
95,26,23.544,16.0,0.0,0.0,0,0,0,16.0,1.0,0.0,0,0.0
96,26,16.4808,16.0,0.0,0.0,0,0,0,16.0,1.0,0.0,0,0.6
97,26,23.544,16.0,0.0,0.0,0,0,0,16.0,1.0,0.0,0,0.0
98,26,23.544,16.0,0.0,0.0,0,0,0,16.0,1.0,0.0,0,0.0
99,26,23.544,16.0,0.0,0.0,0,0,0,16.0,1.0,0.0,0,0.0
100,26,0.0,0.0,16.0,0.0,0,0,0,16.0,0.0,0.0,0,0.0
101,26,9.747426857776027,9.396242301748188,6.603757698251812,0.0,0,0,0,16.0,0.5872651438592618,6.603757698251812,1,0.0
102,26,8.299,8.0,0.0,0.0,0,0,0,8.0,1.0,0.0,0,0.0
103,26,16.598,16.0,0.0,0.0,0,0,0,16.0,1.0,0.0,0,0.0
104,26,9.781568623374083,16.0,0.0,0.0,0,0,0,16.0,1.0,0.0,0,0.0
105,26,16.598,16.0,0.0,0.0,0,0,0,16.0,1.0,0.0,0,0.0
106,26,7.377901679297939,16.0,0.0,0.0,0,0,0,16.0,1.0,0.0,0,0.0
107,26,0.0,0.0,16.0,0.0,0,0,0,16.0,0.0,0.0,0,0.0
108,26,0.0,0.0,16.0,0.0,0,0,0,16.0,0.0,0.0,0,0.0
109,26,0.0,0.0,16.0,0.0,0,0,0,16.0,0.0,0.0,0,0.0
110,26,0.0,0.0,16.0,0.0,0,0,0,16.0,0.0,0.0,0,0.0
111,26,0.0,0.0,16.0,0.0,0,0,0,16.0,0.0,0.0,0,0.0
112,26,0.0,0.0,16.0,0.0,0,0,0,16.0,0.0,0.0,0,0.0
1,27,0.0,0.0,16.0,0.0,0,0,0,16.0,0.0,0.0,0,0.0
2,27,0.0,0.0,16.0,0.0,0,0,0,16.0,0.0,0.0,0,0.0
3,27,0.0,0.0,16.0,0.0,0,0,0,16.0,0.0,0.0,0,0.0
4,27,0.0,0.0,16.0,0.0,0,0,0,16.0,0.0,0.0,0,0.0
5,27,0.0,0.0,16.0,0.0,0,0,0,16.0,0.0,0.0,0,0.0
6,27,0.0,0.0,16.0,0.0,0,0,0,16.0,0.0,0.0,0,0.0
7,27,0.0,0.0,16.0,0.0,0,0,0,16.0,0.0,0.0,0,0.0
8,27,0.0,0.0,16.0,0.0,0,0,0,16.0,0.0,0.0,0,0.0
9,27,0.0,0.0,16.0,0.0,0,0,0,16.0,0.0,0.0,0,0.0
10,27,0.0,0.0,16.0,0.0,0,0,0,16.0,0.0,0.0,0,0.0
11,27,0.0,0.0,8.0,0.0,0,0,0,8.0,0.0,0.0,0,0.0
12,27,2.768523457394379,2.662361781362547,13.337638218637453,0.0,0,0,0,16.0,0.16639761133515918,5.337638218637453,1,0.0
13,27,0.0,0.0,16.0,0.0,0,0,0,16.0,0.0,0.0,0,0.0
14,27,0.0,0.0,16.0,0.0,0,0,0,16.0,0.0,0.0,0,0.0
15,27,0.0,0.0,16.0,0.0,0,0,0,16.0,0.0,0.0,0,0.0
16,27,0.0,0.0,16.0,0.0,0,0,0,16.0,0.0,0.0,0,0.0
17,27,0.0,0.0,8.0,0.0,0,0,0,8.0,0.0,0.0,0,0.0
18,27,0.0,0.0,16.0,0.0,0,0,0,16.0,0.0,0.0,0,0.0
19,27,0.0,0.0,16.0,0.0,0,0,0,16.0,0.0,0.0,0,0.0
20,27,0.0,0.0,8.0,0.0,0,0,0,8.0,0.0,0.0,0,0.0
21,27,0.0,0.0,8.0,0.0,0,0,0,8.0,0.0,0.0,0,0.0
22,27,0.0,0.0,16.0,0.0,0,0,0,16.0,0.0,0.0,0,0.0
23,27,0.0,0.0,16.0,0.0,0,0,0,16.0,0.0,0.0,0,0.0
24,27,0.0,0.0,16.0,0.0,0,0,0,16.0,0.0,0.0,0,0.0
25,27,0.0,0.0,16.0,0.0,0,0,0,16.0,0.0,0.0,0,0.0
26,27,0.0,0.0,16.0,0.0,0,0,0,16.0,0.0,0.0,0,0.0
27,27,0.0,0.0,16.0,0.0,0,0,0,16.0,0.0,0.0,0,0.0
28,27,0.0,0.0,16.0,0.0,0,0,0,16.0,0.0,0.0,0,0.0
29,27,0.0,0.0,16.0,0.0,0,0,0,16.0,0.0,0.0,0,0.0
30,27,0.0,0.0,16.0,0.0,0,0,0,16.0,0.0,0.0,0,0.0
31,27,0.0,0.0,16.0,0.0,0,0,0,16.0,0.0,0.0,0,0.0
32,27,0.0,0.0,16.0,0.0,0,0,0,16.0,0.0,0.0,0,0.0
33,27,0.0,0.0,16.0,0.0,0,0,0,16.0,0.0,0.0,0,0.0
34,27,0.0,0.0,16.0,0.0,0,0,0,16.0,0.0,0.0,0,0.0
35,27,0.0,0.0,8.0,0.0,0,0,0,8.0,0.0,0.0,0,0.0
36,27,0.0,0.0,16.0,0.0,0,0,0,16.0,0.0,0.0,0,0.0
37,27,23.544,16.0,0.0,0.0,0,0,0,16.0,1.0,0.0,0,0.0
38,27,23.544,16.0,0.0,0.0,0,0,0,16.0,1.0,0.0,0,0.0
39,27,23.544,16.0,0.0,0.0,0,0,0,16.0,1.0,0.0,0,0.0
40,27,23.544,16.0,0.0,0.0,0,0,0,16.0,1.0,0.0,0,0.0
41,27,23.544,16.0,0.0,0.0,0,0,0,16.0,1.0,0.0,0,0.0
42,27,23.544,16.0,0.0,0.0,0,0,0,16.0,1.0,0.0,0,0.0
43,27,23.544,16.0,0.0,0.0,0,0,0,16.0,1.0,0.0,0,0.0
44,27,10.432,8.0,0.0,0.0,0,0,0,8.0,1.0,0.0,0,0.0
45,27,23.544,16.0,0.0,0.0,0,0,0,16.0,1.0,0.0,0,0.0
46,27,23.544,16.0,0.0,0.0,0,0,0,16.0,1.0,0.0,0,0.0
47,27,23.544,16.0,0.0,0.0,0,0,0,16.0,1.0,0.0,0,0.0
48,27,23.544,16.0,0.0,0.0,0,0,0,16.0,1.0,0.0,0,0.0
49,27,11.749028153483321,16.0,0.0,0.0,0,0,0,16.0,1.0,0.0,0,0.0
50,27,23.544,16.0,0.0,0.0,0,0,0,16.0,1.0,0.0,0,0.0
51,27,23.544,16.0,0.0,0.0,0,0,0,16.0,1.0,0.0,0,0.0
52,27,23.544,16.0,0.0,0.0,0,0,0,16.0,1.0,0.0,0,0.0
53,27,13.112,8.0,0.0,0.0,0,0,0,8.0,1.0,0.0,0,0.0
54,27,23.544,16.0,0.0,0.0,0,0,0,16.0,1.0,0.0,0,0.0
55,27,16.4808,16.0,0.0,0.0,0,0,0,16.0,1.0,0.0,0,0.6
56,27,23.544,16.0,0.0,0.0,0,0,0,16.0,1.0,0.0,0,0.0
57,27,19.896,16.0,0.0,0.0,0,0,0,16.0,1.0,0.0,0,0.0
58,27,19.896,16.0,0.0,0.0,0,0,0,16.0,1.0,0.0,0,0.0
59,27,6.9636,8.0,0.0,0.0,0,0,0,8.0,1.0,0.0,0,0.3
60,27,9.948,8.0,0.0,0.0,0,0,0,8.0,1.0,0.0,0,0.0
61,27,19.896,16.0,0.0,0.0,0,0,0,16.0,1.0,0.0,0,0.0
62,27,23.544,16.0,0.0,0.0,0,0,0,16.0,1.0,0.0,0,0.0
63,27,13.112,8.0,0.0,0.0,0,0,0,8.0,1.0,0.0,0,0.0
64,27,23.544,16.0,0.0,0.0,0,0,0,16.0,1.0,0.0,0,0.0
65,27,13.112,8.0,0.0,0.0,0,0,0,8.0,1.0,0.0,0,0.0
66,27,13.112,8.0,0.0,0.0,0,0,0,8.0,1.0,0.0,0,0.0
67,27,23.544,16.0,0.0,0.0,0,0,0,16.0,1.0,0.0,0,0.0
68,27,23.544,16.0,0.0,0.0,0,0,0,16.0,1.0,0.0,0,0.0
69,27,23.544,16.0,0.0,0.0,0,0,0,16.0,1.0,0.0,0,0.0
70,27,23.544,16.0,0.0,0.0,0,0,0,16.0,1.0,0.0,0,0.0
71,27,10.432,8.0,0.0,0.0,0,0,0,8.0,1.0,0.0,0,0.0
72,27,12.584041963521102,12.89287457621931,3.1071254237806905,0.0,0,0,0,16.0,0.8058046610137068,3.10712542378069,1,0.0
73,27,23.544,16.0,0.0,0.0,0,0,0,16.0,1.0,0.0,0,0.0
74,27,13.112,8.0,0.0,0.0,0,0,0,8.0,1.0,0.0,0,0.0
75,27,10.432,8.0,0.0,0.0,0,0,0,8.0,1.0,0.0,0,0.0
77,27,23.544,16.0,0.0,0.0,0,0,0,16.0,1.0,0.0,0,0.0
78,27,23.544,16.0,0.0,0.0,0,0,0,16.0,1.0,0.0,0,0.0
79,27,23.544,16.0,0.0,0.0,0,0,0,16.0,1.0,0.0,0,0.0
80,27,15.172257043163121,10.892164150801172,5.107835849198828,0.0,0,0,0,16.0,0.6807602594250732,5.107835849198827,1,0.0
81,27,23.544,16.0,0.0,0.0,0,0,0,16.0,1.0,0.0,0,0.0
82,27,13.112,8.0,0.0,0.0,0,0,0,8.0,1.0,0.0,0,0.0
83,27,23.544,16.0,0.0,0.0,0,0,0,16.0,1.0,0.0,0,0.0
84,27,19.405691517404048,12.82645055015648,3.17354944984352,0.0,0,0,0,16.0,0.80165315938478,3.173549449843521,1,0.0
85,27,23.544,16.0,0.0,0.0,0,0,0,16.0,1.0,0.0,0,0.0
86,27,23.544,16.0,0.0,0.0,0,0,0,16.0,1.0,0.0,0,0.0
87,27,23.544,16.0,0.0,0.0,0,0,0,16.0,1.0,0.0,0,0.0
88,27,23.544,16.0,0.0,0.0,0,0,0,16.0,1.0,0.0,0,0.0
89,27,23.544,16.0,0.0,0.0,0,0,0,16.0,1.0,0.0,0,0.0
90,27,9.1784,8.0,0.0,0.0,0,0,0,8.0,1.0,0.0,0,0.3
91,27,23.544,16.0,0.0,0.0,0,0,0,16.0,1.0,0.0,0,0.0
92,27,13.112,8.0,0.0,0.0,0,0,0,8.0,1.0,0.0,0,0.0
93,27,10.432,8.0,0.0,0.0,0,0,0,8.0,1.0,0.0,0,0.0
94,27,16.4808,16.0,0.0,0.0,0,0,0,16.0,1.0,0.0,0,0.6
95,27,23.544,16.0,0.0,0.0,0,0,0,16.0,1.0,0.0,0,0.0
96,27,23.544,16.0,0.0,0.0,0,0,0,16.0,1.0,0.0,0,0.0
97,27,23.544,16.0,0.0,0.0,0,0,0,16.0,1.0,0.0,0,0.0
98,27,23.544,16.0,0.0,0.0,0,0,0,16.0,1.0,0.0,0,0.0
99,27,16.315126745797414,11.589461101767794,4.410538898232206,0.0,0,0,0,16.0,0.7243413188604871,4.410538898232206,1,0.0
100,27,0.0,0.0,16.0,0.0,0,0,0,16.0,0.0,0.0,0,0.0
101,27,11.618599999999999,16.0,0.0,0.0,0,0,0,16.0,1.0,0.0,0,0.6
102,27,5.281278646725293,8.0,0.0,0.0,0,0,0,8.0,1.0,0.0,0,0.0
103,27,16.598,16.0,0.0,0.0,0,0,0,16.0,1.0,0.0,0,0.0
104,27,16.598,16.0,0.0,0.0,0,0,0,16.0,1.0,0.0,0,0.0
105,27,11.618599999999999,16.0,0.0,0.0,0,0,0,16.0,1.0,0.0,0,0.6
106,27,16.598,16.0,0.0,0.0,0,0,0,16.0,1.0,0.0,0,0.0
107,27,0.0,0.0,16.0,0.0,0,0,0,16.0,0.0,0.0,0,0.0
108,27,0.0,0.0,16.0,0.0,0,0,0,16.0,0.0,0.0,0,0.0
109,27,0.0,0.0,16.0,0.0,0,0,0,16.0,0.0,0.0,0,0.0
110,27,0.0,0.0,16.0,0.0,0,0,0,16.0,0.0,0.0,0,0.0
111,27,0.0,0.0,16.0,0.0,0,0,0,16.0,0.0,0.0,0,0.0
112,27,0.0,0.0,16.0,0.0,0,0,0,16.0,0.0,0.0,0,0.0
1,28,0.0,0.0,16.0,0.0,0,0,0,16.0,0.0,0.0,0,0.0
2,28,0.0,0.0,16.0,0.0,0,0,0,16.0,0.0,0.0,0,0.0
3,28,0.0,0.0,16.0,0.0,0,0,0,16.0,0.0,0.0,0,0.0
4,28,0.0,0.0,16.0,0.0,0,0,0,16.0,0.0,0.0,0,0.0
5,28,0.0,0.0,16.0,0.0,0,0,0,16.0,0.0,0.0,0,0.0
6,28,0.0,0.0,16.0,0.0,0,0,0,16.0,0.0,0.0,0,0.0
7,28,0.0,0.0,16.0,0.0,0,0,0,16.0,0.0,0.0,0,0.0
8,28,0.0,0.0,16.0,0.0,0,0,0,16.0,0.0,0.0,0,0.0
9,28,0.0,0.0,16.0,0.0,0,0,0,16.0,0.0,0.0,0,0.0
10,28,0.0,0.0,16.0,0.0,0,0,0,16.0,0.0,0.0,0,0.0
11,28,0.0,0.0,8.0,0.0,0,0,0,8.0,0.0,0.0,0,0.0
12,28,8.319,8.0,8.0,0.0,0,0,0,16.0,0.5,0.0,0,0.0
13,28,0.0,0.0,16.0,0.0,0,0,0,16.0,0.0,0.0,0,0.0
14,28,0.0,0.0,16.0,0.0,0,0,0,16.0,0.0,0.0,0,0.0
15,28,0.0,0.0,16.0,0.0,0,0,0,16.0,0.0,0.0,0,0.0
16,28,0.0,0.0,16.0,0.0,0,0,0,16.0,0.0,0.0,0,0.0
17,28,0.0,0.0,8.0,0.0,0,0,0,8.0,0.0,0.0,0,0.0
18,28,0.0,0.0,16.0,0.0,0,0,0,16.0,0.0,0.0,0,0.0
19,28,0.0,0.0,16.0,0.0,0,0,0,16.0,0.0,0.0,0,0.0
20,28,0.0,0.0,8.0,0.0,0,0,0,8.0,0.0,0.0,0,0.0
21,28,0.0,0.0,8.0,0.0,0,0,0,8.0,0.0,0.0,0,0.0
22,28,0.0,0.0,16.0,0.0,0,0,0,16.0,0.0,0.0,0,0.0
23,28,0.0,0.0,16.0,0.0,0,0,0,16.0,0.0,0.0,0,0.0
24,28,0.0,0.0,16.0,0.0,0,0,0,16.0,0.0,0.0,0,0.0
25,28,0.0,0.0,16.0,0.0,0,0,0,16.0,0.0,0.0,0,0.0
26,28,0.0,0.0,16.0,0.0,0,0,0,16.0,0.0,0.0,0,0.0
27,28,0.0,0.0,16.0,0.0,0,0,0,16.0,0.0,0.0,0,0.0
28,28,0.0,0.0,16.0,0.0,0,0,0,16.0,0.0,0.0,0,0.0
29,28,0.0,0.0,16.0,0.0,0,0,0,16.0,0.0,0.0,0,0.0
30,28,0.0,0.0,16.0,0.0,0,0,0,16.0,0.0,0.0,0,0.0
31,28,0.0,0.0,16.0,0.0,0,0,0,16.0,0.0,0.0,0,0.0
32,28,0.0,0.0,16.0,0.0,0,0,0,16.0,0.0,0.0,0,0.0
33,28,0.0,0.0,16.0,0.0,0,0,0,16.0,0.0,0.0,0,0.0
34,28,0.0,0.0,16.0,0.0,0,0,0,16.0,0.0,0.0,0,0.0
35,28,0.0,0.0,8.0,0.0,0,0,0,8.0,0.0,0.0,0,0.0
36,28,0.0,0.0,16.0,0.0,0,0,0,16.0,0.0,0.0,0,0.0
37,28,23.544,16.0,0.0,0.0,0,0,0,16.0,1.0,0.0,0,0.0
38,28,23.544,16.0,0.0,0.0,0,0,0,16.0,1.0,0.0,0,0.0
39,28,18.72150341849095,12.301766425223121,3.6982335747768786,0.0,0,0,0,16.0,0.7688604015764451,3.698233574776878,1,0.0
40,28,23.544,16.0,0.0,0.0,0,0,0,16.0,1.0,0.0,0,0.0
41,28,14.1118024514838,10.24515097711031,5.75484902288969,0.0,0,0,0,16.0,0.6403219360693944,5.754849022889689,1,0.0
42,28,23.544,16.0,0.0,0.0,0,0,0,16.0,1.0,0.0,0,0.0
43,28,23.544,16.0,0.0,0.0,0,0,0,16.0,1.0,0.0,0,0.0
44,28,10.432,8.0,0.0,0.0,0,0,0,8.0,1.0,0.0,0,0.0
45,28,14.402337267006216,10.422414439906172,5.577585560093828,0.0,0,0,0,16.0,0.6514009024941357,5.577585560093828,1,0.0
46,28,16.422407188209714,10.538655819179228,5.461344180820772,0.0,0,0,0,16.0,0.6586659886987017,5.461344180820772,1,0.0
47,28,16.4808,16.0,0.0,0.0,0,0,0,16.0,1.0,0.0,0,0.6
48,28,23.544,16.0,0.0,0.0,0,0,0,16.0,1.0,0.0,0,0.0
49,28,16.4808,16.0,0.0,0.0,0,0,0,16.0,1.0,0.0,0,0.6
50,28,23.544,16.0,0.0,0.0,0,0,0,16.0,1.0,0.0,0,0.0
51,28,16.4808,16.0,0.0,0.0,0,0,0,16.0,1.0,0.0,0,0.6
52,28,23.544,16.0,0.0,0.0,0,0,0,16.0,1.0,0.0,0,0.0
53,28,13.112,8.0,0.0,0.0,0,0,0,8.0,1.0,0.0,0,0.0
54,28,8.127642387696579,16.0,0.0,0.0,0,0,0,16.0,1.0,0.0,0,0.6
55,28,13.969973453318365,16.0,0.0,0.0,0,0,0,16.0,1.0,0.0,0,0.0
56,28,23.544,16.0,0.0,0.0,0,0,0,16.0,1.0,0.0,0,0.0
57,28,19.896,16.0,0.0,0.0,0,0,0,16.0,1.0,0.0,0,0.0
58,28,19.896,16.0,0.0,0.0,0,0,0,16.0,1.0,0.0,0,0.0
59,28,4.138348147537832,3.3279840350123298,4.67201596498767,0.0,0,0,0,8.0,0.4159980043765412,4.67201596498767,1,0.0
60,28,9.948,8.0,0.0,0.0,0,0,0,8.0,1.0,0.0,0,0.0
61,28,8.102549512212775,16.0,0.0,0.0,0,0,0,16.0,1.0,0.0,0,0.0
62,28,23.544,16.0,0.0,0.0,0,0,0,16.0,1.0,0.0,0,0.0
63,28,5.879347578415246,3.5871553254516444,4.412844674548356,0.0,0,0,0,8.0,0.44839441568145555,4.412844674548356,1,0.0
64,28,23.544,16.0,0.0,0.0,0,0,0,16.0,1.0,0.0,0,0.0
65,28,8.851861138596954,8.0,0.0,0.0,0,0,0,8.0,1.0,0.0,0,0.0
66,28,13.112,8.0,0.0,0.0,0,0,0,8.0,1.0,0.0,0,0.0
67,28,16.4808,16.0,0.0,0.0,0,0,0,16.0,1.0,0.0,0,0.6
68,28,23.544,16.0,0.0,0.0,0,0,0,16.0,1.0,0.0,0,0.0
69,28,23.544,16.0,0.0,0.0,0,0,0,16.0,1.0,0.0,0,0.0
70,28,23.544,16.0,0.0,0.0,0,0,0,16.0,1.0,0.0,0,0.0
71,28,7.215330698729798,8.0,0.0,0.0,0,0,0,8.0,1.0,0.0,0,0.0
72,28,23.544,16.0,0.0,0.0,0,0,0,16.0,1.0,0.0,0,0.0
73,28,16.4808,16.0,0.0,0.0,0,0,0,16.0,1.0,0.0,0,0.6
74,28,13.112,8.0,0.0,0.0,0,0,0,8.0,1.0,0.0,0,0.0
75,28,10.432,8.0,0.0,0.0,0,0,0,8.0,1.0,0.0,0,0.0
77,28,16.4808,16.0,0.0,0.0,0,0,0,16.0,1.0,0.0,0,0.6
78,28,23.544,16.0,0.0,0.0,0,0,0,16.0,1.0,0.0,0,0.0
79,28,23.544,16.0,0.0,0.0,0,0,0,16.0,1.0,0.0,0,0.0
80,28,23.544,16.0,0.0,0.0,0,0,0,16.0,1.0,0.0,0,0.0
81,28,23.544,16.0,0.0,0.0,0,0,0,16.0,1.0,0.0,0,0.0
82,28,13.112,8.0,0.0,0.0,0,0,0,8.0,1.0,0.0,0,0.0
83,28,23.544,16.0,0.0,0.0,0,0,0,16.0,1.0,0.0,0,0.0
84,28,16.4808,16.0,0.0,0.0,0,0,0,16.0,1.0,0.0,0,0.6
85,28,23.544,16.0,0.0,0.0,0,0,0,16.0,1.0,0.0,0,0.0
86,28,23.544,16.0,0.0,0.0,0,0,0,16.0,1.0,0.0,0,0.0
87,28,23.544,16.0,0.0,0.0,0,0,0,16.0,1.0,0.0,0,0.0
88,28,23.544,16.0,0.0,0.0,0,0,0,16.0,1.0,0.0,0,0.0
89,28,23.544,16.0,0.0,0.0,0,0,0,16.0,1.0,0.0,0,0.0
90,28,13.112,8.0,0.0,0.0,0,0,0,8.0,1.0,0.0,0,0.0
91,28,23.544,16.0,0.0,0.0,0,0,0,16.0,1.0,0.0,0,0.0
92,28,9.1784,8.0,0.0,0.0,0,0,0,8.0,1.0,0.0,0,0.3
93,28,10.432,8.0,0.0,0.0,0,0,0,8.0,1.0,0.0,0,0.0
94,28,23.544,16.0,0.0,0.0,0,0,0,16.0,1.0,0.0,0,0.0
95,28,23.544,16.0,0.0,0.0,0,0,0,16.0,1.0,0.0,0,0.0
96,28,23.544,16.0,0.0,0.0,0,0,0,16.0,1.0,0.0,0,0.0
97,28,17.446517683445993,12.27975453535448,3.7202454646455205,0.0,0,0,0,16.0,0.767484658459655,3.7202454646455205,1,0.0
98,28,10.078697980750832,9.820902913642517,6.1790970863574834,0.0,0,0,0,16.0,0.6138064321026573,6.179097086357484,1,0.0
99,28,23.544,16.0,0.0,0.0,0,0,0,16.0,1.0,0.0,0,0.0
100,28,0.0,0.0,16.0,0.0,0,0,0,16.0,0.0,0.0,0,0.0
101,28,16.598,16.0,0.0,0.0,0,0,0,16.0,1.0,0.0,0,0.0
102,28,8.299,8.0,0.0,0.0,0,0,0,8.0,1.0,0.0,0,0.0
103,28,16.598,16.0,0.0,0.0,0,0,0,16.0,1.0,0.0,0,0.0
104,28,9.251526804928302,16.0,0.0,0.0,0,0,0,16.0,1.0,0.0,0,0.0
105,28,12.684420774950485,12.227420918135184,3.7725790818648157,0.0,0,0,0,16.0,0.764213807383449,3.772579081864816,1,0.0
106,28,16.598,16.0,0.0,0.0,0,0,0,16.0,1.0,0.0,0,0.0
107,28,0.0,0.0,16.0,0.0,0,0,0,16.0,0.0,0.0,0,0.0
108,28,0.0,0.0,16.0,0.0,0,0,0,16.0,0.0,0.0,0,0.0
109,28,0.0,0.0,16.0,0.0,0,0,0,16.0,0.0,0.0,0,0.0
110,28,0.0,0.0,16.0,0.0,0,0,0,16.0,0.0,0.0,0,0.0
111,28,0.0,0.0,16.0,0.0,0,0,0,16.0,0.0,0.0,0,0.0
112,28,0.0,0.0,16.0,0.0,0,0,0,16.0,0.0,0.0,0,0.0
1,29,0.0,0.0,16.0,0.0,0,0,0,16.0,0.0,0.0,0,0.0
2,29,0.0,0.0,16.0,0.0,0,0,0,16.0,0.0,0.0,0,0.0
3,29,0.0,0.0,16.0,0.0,0,0,0,16.0,0.0,0.0,0,0.0
4,29,0.0,0.0,16.0,0.0,0,0,0,16.0,0.0,0.0,0,0.0
5,29,0.0,0.0,16.0,0.0,0,0,0,16.0,0.0,0.0,0,0.0
6,29,0.0,0.0,16.0,0.0,0,0,0,16.0,0.0,0.0,0,0.0
7,29,0.0,0.0,16.0,0.0,0,0,0,16.0,0.0,0.0,0,0.0
8,29,0.0,0.0,16.0,0.0,0,0,0,16.0,0.0,0.0,0,0.0
9,29,0.0,0.0,16.0,0.0,0,0,0,16.0,0.0,0.0,0,0.0
10,29,0.0,0.0,16.0,0.0,0,0,0,16.0,0.0,0.0,0,0.0
11,29,0.0,0.0,8.0,0.0,0,0,0,8.0,0.0,0.0,0,0.0
12,29,8.319,8.0,8.0,0.0,0,0,0,16.0,0.5,0.0,0,0.0
13,29,0.0,0.0,16.0,0.0,0,0,0,16.0,0.0,0.0,0,0.0
14,29,0.0,0.0,16.0,0.0,0,0,0,16.0,0.0,0.0,0,0.0
15,29,0.0,0.0,16.0,0.0,0,0,0,16.0,0.0,0.0,0,0.0
16,29,0.0,0.0,16.0,0.0,0,0,0,16.0,0.0,0.0,0,0.0
17,29,0.0,0.0,8.0,0.0,0,0,0,8.0,0.0,0.0,0,0.0
18,29,0.0,0.0,16.0,0.0,0,0,0,16.0,0.0,0.0,0,0.0
19,29,0.0,0.0,16.0,0.0,0,0,0,16.0,0.0,0.0,0,0.0
20,29,0.0,0.0,8.0,0.0,0,0,0,8.0,0.0,0.0,0,0.0
21,29,0.0,0.0,8.0,0.0,0,0,0,8.0,0.0,0.0,0,0.0
22,29,0.0,0.0,16.0,0.0,0,0,0,16.0,0.0,0.0,0,0.0
23,29,0.0,0.0,16.0,0.0,0,0,0,16.0,0.0,0.0,0,0.0
24,29,0.0,0.0,16.0,0.0,0,0,0,16.0,0.0,0.0,0,0.0
25,29,0.0,0.0,16.0,0.0,0,0,0,16.0,0.0,0.0,0,0.0
26,29,0.0,0.0,16.0,0.0,0,0,0,16.0,0.0,0.0,0,0.0
27,29,0.0,0.0,16.0,0.0,0,0,0,16.0,0.0,0.0,0,0.0
28,29,0.0,0.0,16.0,0.0,0,0,0,16.0,0.0,0.0,0,0.0
29,29,0.0,0.0,16.0,0.0,0,0,0,16.0,0.0,0.0,0,0.0
30,29,0.0,0.0,16.0,0.0,0,0,0,16.0,0.0,0.0,0,0.0
31,29,0.0,0.0,16.0,0.0,0,0,0,16.0,0.0,0.0,0,0.0
32,29,0.0,0.0,16.0,0.0,0,0,0,16.0,0.0,0.0,0,0.0
33,29,0.0,0.0,16.0,0.0,0,0,0,16.0,0.0,0.0,0,0.0
34,29,0.0,0.0,16.0,0.0,0,0,0,16.0,0.0,0.0,0,0.0
35,29,0.0,0.0,8.0,0.0,0,0,0,8.0,0.0,0.0,0,0.0
36,29,0.0,0.0,16.0,0.0,0,0,0,16.0,0.0,0.0,0,0.0
37,29,18.047964648244992,11.785248963378061,4.214751036621939,0.0,0,0,0,16.0,0.7365780602111288,4.214751036621939,1,0.0
38,29,23.544,16.0,0.0,0.0,0,0,0,16.0,1.0,0.0,0,0.0
39,29,23.544,16.0,0.0,0.0,0,0,0,16.0,1.0,0.0,0,0.0
40,29,23.544,16.0,0.0,0.0,0,0,0,16.0,1.0,0.0,0,0.0
41,29,23.544,16.0,0.0,0.0,0,0,0,16.0,1.0,0.0,0,0.0
42,29,23.544,16.0,0.0,0.0,0,0,0,16.0,1.0,0.0,0,0.0
43,29,23.544,16.0,0.0,0.0,0,0,0,16.0,1.0,0.0,0,0.0
44,29,10.432,8.0,0.0,0.0,0,0,0,8.0,1.0,0.0,0,0.0
45,29,23.544,16.0,0.0,0.0,0,0,0,16.0,1.0,0.0,0,0.0
46,29,23.544,16.0,0.0,0.0,0,0,0,16.0,1.0,0.0,0,0.0
47,29,17.115970839718628,11.070529785060296,4.929470214939704,0.0,0,0,0,16.0,0.6919081115662685,4.929470214939704,1,0.0
48,29,23.544,16.0,0.0,0.0,0,0,0,16.0,1.0,0.0,0,0.0
49,29,23.544,16.0,0.0,0.0,0,0,0,16.0,1.0,0.0,0,0.0
50,29,23.544,16.0,0.0,0.0,0,0,0,16.0,1.0,0.0,0,0.0
51,29,19.56905416113261,13.574773740776454,2.425226259223546,0.0,0,0,0,16.0,0.8484233587985284,2.425226259223546,1,0.0
52,29,23.544,16.0,0.0,0.0,0,0,0,16.0,1.0,0.0,0,0.0
53,29,13.112,8.0,0.0,0.0,0,0,0,8.0,1.0,0.0,0,0.0
54,29,23.544,16.0,0.0,0.0,0,0,0,16.0,1.0,0.0,0,0.0
55,29,16.4808,16.0,0.0,0.0,0,0,0,16.0,1.0,0.0,0,0.6
56,29,23.544,16.0,0.0,0.0,0,0,0,16.0,1.0,0.0,0,0.0
57,29,19.896,16.0,0.0,0.0,0,0,0,16.0,1.0,0.0,0,0.0
58,29,18.29426725783237,14.711915768260852,1.2880842317391483,0.0,0,0,0,16.0,0.9194947355163032,1.2880842317391474,1,0.0
59,29,9.948,8.0,0.0,0.0,0,0,0,8.0,1.0,0.0,0,0.0
60,29,9.948,8.0,0.0,0.0,0,0,0,8.0,1.0,0.0,0,0.0
61,29,19.896,16.0,0.0,0.0,0,0,0,16.0,1.0,0.0,0,0.0
62,29,17.062932177445163,11.029855964298438,4.970144035701562,0.0,0,0,0,16.0,0.6893659977686524,4.970144035701561,1,0.0
63,29,4.993444741277851,4.454588266851005,3.5454117331489954,0.0,0,0,0,8.0,0.5568235333563756,3.5454117331489954,1,0.0
64,29,23.544,16.0,0.0,0.0,0,0,0,16.0,1.0,0.0,0,0.0
65,29,8.774445661808562,8.0,0.0,0.0,0,0,0,8.0,1.0,0.0,0,0.0
66,29,4.896715759921855,2.9876240145953963,5.012375985404604,0.0,0,0,0,8.0,0.37345300182442454,5.012375985404604,1,0.0
67,29,23.544,16.0,0.0,0.0,0,0,0,16.0,1.0,0.0,0,0.0
68,29,23.544,16.0,0.0,0.0,0,0,0,16.0,1.0,0.0,0,0.0
69,29,23.544,16.0,0.0,0.0,0,0,0,16.0,1.0,0.0,0,0.0
70,29,23.544,16.0,0.0,0.0,0,0,0,16.0,1.0,0.0,0,0.0
71,29,10.432,8.0,0.0,0.0,0,0,0,8.0,1.0,0.0,0,0.0
72,29,23.544,16.0,0.0,0.0,0,0,0,16.0,1.0,0.0,0,0.0
73,29,23.544,16.0,0.0,0.0,0,0,0,16.0,1.0,0.0,0,0.0
74,29,13.112,8.0,0.0,0.0,0,0,0,8.0,1.0,0.0,0,0.0
75,29,10.432,8.0,0.0,0.0,0,0,0,8.0,1.0,0.0,0,0.0
77,29,23.544,16.0,0.0,0.0,0,0,0,16.0,1.0,0.0,0,0.0
78,29,18.089622779596926,12.672131043073168,3.3278689569268316,0.0,0,0,0,16.0,0.792008190192073,3.3278689569268307,1,0.0
79,29,23.544,16.0,0.0,0.0,0,0,0,16.0,1.0,0.0,0,0.0
80,29,23.544,16.0,0.0,0.0,0,0,0,16.0,1.0,0.0,0,0.0
81,29,23.544,16.0,0.0,0.0,0,0,0,16.0,1.0,0.0,0,0.0
82,29,9.1784,8.0,0.0,0.0,0,0,0,8.0,1.0,0.0,0,0.3
83,29,23.544,16.0,0.0,0.0,0,0,0,16.0,1.0,0.0,0,0.0
84,29,23.544,16.0,0.0,0.0,0,0,0,16.0,1.0,0.0,0,0.0
85,29,23.544,16.0,0.0,0.0,0,0,0,16.0,1.0,0.0,0,0.0
86,29,23.544,16.0,0.0,0.0,0,0,0,16.0,1.0,0.0,0,0.0
87,29,16.4808,16.0,0.0,0.0,0,0,0,16.0,1.0,0.0,0,0.6
88,29,23.544,16.0,0.0,0.0,0,0,0,16.0,1.0,0.0,0,0.0
89,29,22.03773282855385,15.080984032064581,0.9190159679354188,0.0,0,0,0,16.0,0.9425615020040363,0.9190159679354197,1,0.0
90,29,13.112,8.0,0.0,0.0,0,0,0,8.0,1.0,0.0,0,0.0
91,29,23.544,16.0,0.0,0.0,0,0,0,16.0,1.0,0.0,0,0.0
92,29,13.112,8.0,0.0,0.0,0,0,0,8.0,1.0,0.0,0,0.0
93,29,7.3024,8.0,0.0,0.0,0,0,0,8.0,1.0,0.0,0,0.3
94,29,18.592714263868544,16.0,0.0,0.0,0,0,0,16.0,1.0,0.0,0,0.0
95,29,23.544,16.0,0.0,0.0,0,0,0,16.0,1.0,0.0,0,0.0
96,29,23.544,16.0,0.0,0.0,0,0,0,16.0,1.0,0.0,0,0.0
97,29,14.73245983564711,16.0,0.0,0.0,0,0,0,16.0,1.0,0.0,0,0.0
98,29,23.544,16.0,0.0,0.0,0,0,0,16.0,1.0,0.0,0,0.0
99,29,23.544,16.0,0.0,0.0,0,0,0,16.0,1.0,0.0,0,0.0
100,29,0.0,0.0,16.0,0.0,0,0,0,16.0,0.0,0.0,0,0.0
101,29,16.598,16.0,0.0,0.0,0,0,0,16.0,1.0,0.0,0,0.0
102,29,8.299,8.0,0.0,0.0,0,0,0,8.0,1.0,0.0,0,0.0
103,29,16.598,16.0,0.0,0.0,0,0,0,16.0,1.0,0.0,0,0.0
104,29,16.598,16.0,0.0,0.0,0,0,0,16.0,1.0,0.0,0,0.0
105,29,13.403911078260164,12.920989110264046,3.0790108897359545,0.0,0,0,0,16.0,0.8075618193915028,3.079010889735955,1,0.0
106,29,11.880120367398428,11.452098197275266,4.547901802724734,0.0,0,0,0,16.0,0.7157561373297041,4.547901802724734,1,0.0
107,29,0.0,0.0,16.0,0.0,0,0,0,16.0,0.0,0.0,0,0.0
108,29,0.0,0.0,16.0,0.0,0,0,0,16.0,0.0,0.0,0,0.0
109,29,0.0,0.0,16.0,0.0,0,0,0,16.0,0.0,0.0,0,0.0
110,29,0.0,0.0,16.0,0.0,0,0,0,16.0,0.0,0.0,0,0.0
111,29,0.0,0.0,16.0,0.0,0,0,0,16.0,0.0,0.0,0,0.0
112,29,0.0,0.0,16.0,0.0,0,0,0,16.0,0.0,0.0,0,0.0
1,30,0.0,0.0,16.0,0.0,0,0,0,16.0,0.0,0.0,0,0.0
2,30,0.0,0.0,16.0,0.0,0,0,0,16.0,0.0,0.0,0,0.0
3,30,0.0,0.0,16.0,0.0,0,0,0,16.0,0.0,0.0,0,0.0
4,30,0.0,0.0,16.0,0.0,0,0,0,16.0,0.0,0.0,0,0.0
5,30,0.0,0.0,16.0,0.0,0,0,0,16.0,0.0,0.0,0,0.0
6,30,0.0,0.0,16.0,0.0,0,0,0,16.0,0.0,0.0,0,0.0
7,30,0.0,0.0,16.0,0.0,0,0,0,16.0,0.0,0.0,0,0.0
8,30,0.0,0.0,16.0,0.0,0,0,0,16.0,0.0,0.0,0,0.0
9,30,0.0,0.0,16.0,0.0,0,0,0,16.0,0.0,0.0,0,0.0
10,30,0.0,0.0,16.0,0.0,0,0,0,16.0,0.0,0.0,0,0.0
11,30,0.0,0.0,8.0,0.0,0,0,0,8.0,0.0,0.0,0,0.0
12,30,8.319,8.0,8.0,0.0,0,0,0,16.0,0.5,0.0,0,0.0
13,30,0.0,0.0,16.0,0.0,0,0,0,16.0,0.0,0.0,0,0.0
14,30,0.0,0.0,16.0,0.0,0,0,0,16.0,0.0,0.0,0,0.0
15,30,0.0,0.0,16.0,0.0,0,0,0,16.0,0.0,0.0,0,0.0
16,30,0.0,0.0,16.0,0.0,0,0,0,16.0,0.0,0.0,0,0.0
17,30,0.0,0.0,8.0,0.0,0,0,0,8.0,0.0,0.0,0,0.0
18,30,0.0,0.0,16.0,0.0,0,0,0,16.0,0.0,0.0,0,0.0
19,30,0.0,0.0,16.0,0.0,0,0,0,16.0,0.0,0.0,0,0.0
20,30,0.0,0.0,8.0,0.0,0,0,0,8.0,0.0,0.0,0,0.0
21,30,0.0,0.0,8.0,0.0,0,0,0,8.0,0.0,0.0,0,0.0
22,30,0.0,0.0,16.0,0.0,0,0,0,16.0,0.0,0.0,0,0.0
23,30,0.0,0.0,16.0,0.0,0,0,0,16.0,0.0,0.0,0,0.0
24,30,0.0,0.0,16.0,0.0,0,0,0,16.0,0.0,0.0,0,0.0
25,30,0.0,0.0,16.0,0.0,0,0,0,16.0,0.0,0.0,0,0.0
26,30,0.0,0.0,16.0,0.0,0,0,0,16.0,0.0,0.0,0,0.0
27,30,0.0,0.0,16.0,0.0,0,0,0,16.0,0.0,0.0,0,0.0
28,30,0.0,0.0,16.0,0.0,0,0,0,16.0,0.0,0.0,0,0.0
29,30,0.0,0.0,16.0,0.0,0,0,0,16.0,0.0,0.0,0,0.0
30,30,0.0,0.0,16.0,0.0,0,0,0,16.0,0.0,0.0,0,0.0
31,30,0.0,0.0,16.0,0.0,0,0,0,16.0,0.0,0.0,0,0.0
32,30,0.0,0.0,16.0,0.0,0,0,0,16.0,0.0,0.0,0,0.0
33,30,0.0,0.0,16.0,0.0,0,0,0,16.0,0.0,0.0,0,0.0
34,30,0.0,0.0,16.0,0.0,0,0,0,16.0,0.0,0.0,0,0.0
35,30,0.0,0.0,8.0,0.0,0,0,0,8.0,0.0,0.0,0,0.0
36,30,0.0,0.0,16.0,0.0,0,0,0,16.0,0.0,0.0,0,0.0
37,30,23.544,16.0,0.0,0.0,0,0,0,16.0,1.0,0.0,0,0.0
38,30,23.544,16.0,0.0,0.0,0,0,0,16.0,1.0,0.0,0,0.0
39,30,23.544,16.0,0.0,0.0,0,0,0,16.0,1.0,0.0,0,0.0
40,30,23.544,16.0,0.0,0.0,0,0,0,16.0,1.0,0.0,0,0.0
41,30,18.81129115585408,13.112441217726712,2.887558782273288,0.0,0,0,0,16.0,0.8195275761079195,2.8875587822732878,1,0.0
42,30,23.544,16.0,0.0,0.0,0,0,0,16.0,1.0,0.0,0,0.0
43,30,23.544,16.0,0.0,0.0,0,0,0,16.0,1.0,0.0,0,0.0
44,30,10.432,8.0,0.0,0.0,0,0,0,8.0,1.0,0.0,0,0.0
45,30,23.544,16.0,0.0,0.0,0,0,0,16.0,1.0,0.0,0,0.0
46,30,16.4808,16.0,0.0,0.0,0,0,0,16.0,1.0,0.0,0,0.6
47,30,23.544,16.0,0.0,0.0,0,0,0,16.0,1.0,0.0,0,0.0
48,30,23.544,16.0,0.0,0.0,0,0,0,16.0,1.0,0.0,0,0.0
49,30,23.544,16.0,0.0,0.0,0,0,0,16.0,1.0,0.0,0,0.0
50,30,18.544050939925405,16.0,0.0,0.0,0,0,0,16.0,1.0,0.0,0,0.0
51,30,23.544,16.0,0.0,0.0,0,0,0,16.0,1.0,0.0,0,0.0
52,30,23.544,16.0,0.0,0.0,0,0,0,16.0,1.0,0.0,0,0.0
53,30,13.112,8.0,0.0,0.0,0,0,0,8.0,1.0,0.0,0,0.0
54,30,23.544,16.0,0.0,0.0,0,0,0,16.0,1.0,0.0,0,0.0
55,30,23.544,16.0,0.0,0.0,0,0,0,16.0,1.0,0.0,0,0.0
56,30,23.544,16.0,0.0,0.0,0,0,0,16.0,1.0,0.0,0,0.0
57,30,19.896,16.0,0.0,0.0,0,0,0,16.0,1.0,0.0,0,0.0
58,30,13.9272,16.0,0.0,0.0,0,0,0,16.0,1.0,0.0,0,0.6
59,30,6.796351705103788,5.465501974349649,2.5344980256503513,0.0,0,0,0,8.0,0.6831877467937061,2.5344980256503513,1,0.0
60,30,9.948,8.0,0.0,0.0,0,0,0,8.0,1.0,0.0,0,0.0
61,30,19.896,16.0,0.0,0.0,0,0,0,16.0,1.0,0.0,0,0.0
62,30,21.241760613624052,14.234478998177956,1.7655210018220444,0.0,0,0,0,16.0,0.8896549373861222,1.765521001822044,1,0.0
63,30,13.112,8.0,0.0,0.0,0,0,0,8.0,1.0,0.0,0,0.0
64,30,23.544,16.0,0.0,0.0,0,0,0,16.0,1.0,0.0,0,0.0
65,30,13.112,8.0,0.0,0.0,0,0,0,8.0,1.0,0.0,0,0.0
66,30,13.112,8.0,0.0,0.0,0,0,0,8.0,1.0,0.0,0,0.0
67,30,23.544,16.0,0.0,0.0,0,0,0,16.0,1.0,0.0,0,0.0
68,30,23.544,16.0,0.0,0.0,0,0,0,16.0,1.0,0.0,0,0.0
69,30,23.544,16.0,0.0,0.0,0,0,0,16.0,1.0,0.0,0,0.0
70,30,23.544,16.0,0.0,0.0,0,0,0,16.0,1.0,0.0,0,0.0
71,30,10.432,8.0,0.0,0.0,0,0,0,8.0,1.0,0.0,0,0.0
72,30,23.544,16.0,0.0,0.0,0,0,0,16.0,1.0,0.0,0,0.0
73,30,23.544,16.0,0.0,0.0,0,0,0,16.0,1.0,0.0,0,0.0
74,30,13.112,8.0,0.0,0.0,0,0,0,8.0,1.0,0.0,0,0.0
75,30,10.432,8.0,0.0,0.0,0,0,0,8.0,1.0,0.0,0,0.0
77,30,23.544,16.0,0.0,0.0,0,0,0,16.0,1.0,0.0,0,0.0
78,30,23.544,16.0,0.0,0.0,0,0,0,16.0,1.0,0.0,0,0.0
79,30,23.544,16.0,0.0,0.0,0,0,0,16.0,1.0,0.0,0,0.0
80,30,23.544,16.0,0.0,0.0,0,0,0,16.0,1.0,0.0,0,0.0
81,30,23.544,16.0,0.0,0.0,0,0,0,16.0,1.0,0.0,0,0.0
82,30,7.833233494937644,8.0,0.0,0.0,0,0,0,8.0,1.0,0.0,0,0.0
83,30,23.544,16.0,0.0,0.0,0,0,0,16.0,1.0,0.0,0,0.0
84,30,23.544,16.0,0.0,0.0,0,0,0,16.0,1.0,0.0,0,0.0
85,30,23.544,16.0,0.0,0.0,0,0,0,16.0,1.0,0.0,0,0.0
86,30,23.544,16.0,0.0,0.0,0,0,0,16.0,1.0,0.0,0,0.0
87,30,19.029165912884704,13.245372735134048,2.7546272648659524,0.0,0,0,0,16.0,0.827835795945878,2.7546272648659524,1,0.0
88,30,23.544,16.0,0.0,0.0,0,0,0,16.0,1.0,0.0,0,0.0
89,30,23.544,16.0,0.0,0.0,0,0,0,16.0,1.0,0.0,0,0.0
90,30,13.112,8.0,0.0,0.0,0,0,0,8.0,1.0,0.0,0,0.0
91,30,23.544,16.0,0.0,0.0,0,0,0,16.0,1.0,0.0,0,0.0
92,30,13.112,8.0,0.0,0.0,0,0,0,8.0,1.0,0.0,0,0.0
93,30,10.432,8.0,0.0,0.0,0,0,0,8.0,1.0,0.0,0,0.0
94,30,23.544,16.0,0.0,0.0,0,0,0,16.0,1.0,0.0,0,0.0
95,30,23.544,16.0,0.0,0.0,0,0,0,16.0,1.0,0.0,0,0.0
96,30,23.544,16.0,0.0,0.0,0,0,0,16.0,1.0,0.0,0,0.0
97,30,23.544,16.0,0.0,0.0,0,0,0,16.0,1.0,0.0,0,0.0
98,30,17.785816831053445,11.584215361237304,4.4157846387626964,0.0,0,0,0,16.0,0.7240134600773315,4.4157846387626964,1,0.0
99,30,23.544,16.0,0.0,0.0,0,0,0,16.0,1.0,0.0,0,0.0
100,30,0.0,0.0,16.0,0.0,0,0,0,16.0,0.0,0.0,0,0.0
101,30,16.598,16.0,0.0,0.0,0,0,0,16.0,1.0,0.0,0,0.0
102,30,8.299,8.0,0.0,0.0,0,0,0,8.0,1.0,0.0,0,0.0
103,30,16.598,16.0,0.0,0.0,0,0,0,16.0,1.0,0.0,0,0.0
104,30,16.598,16.0,0.0,0.0,0,0,0,16.0,1.0,0.0,0,0.0
105,30,16.598,16.0,0.0,0.0,0,0,0,16.0,1.0,0.0,0,0.0
106,30,16.598,16.0,0.0,0.0,0,0,0,16.0,1.0,0.0,0,0.0
107,30,0.0,0.0,16.0,0.0,0,0,0,16.0,0.0,0.0,0,0.0
108,30,0.0,0.0,16.0,0.0,0,0,0,16.0,0.0,0.0,0,0.0
109,30,0.0,0.0,16.0,0.0,0,0,0,16.0,0.0,0.0,0,0.0
110,30,0.0,0.0,16.0,0.0,0,0,0,16.0,0.0,0.0,0,0.0
111,30,0.0,0.0,16.0,0.0,0,0,0,16.0,0.0,0.0,0,0.0
112,30,0.0,0.0,16.0,0.0,0,0,0,16.0,0.0,0.0,0,0.0
1,31,0.0,0.0,16.0,0.0,0,0,0,16.0,0.0,0.0,0,0.0
2,31,0.0,0.0,16.0,0.0,0,0,0,16.0,0.0,0.0,0,0.0
3,31,0.0,0.0,16.0,0.0,0,0,0,16.0,0.0,0.0,0,0.0
4,31,0.0,0.0,16.0,0.0,0,0,0,16.0,0.0,0.0,0,0.0
5,31,0.0,0.0,16.0,0.0,0,0,0,16.0,0.0,0.0,0,0.0
6,31,0.0,0.0,16.0,0.0,0,0,0,16.0,0.0,0.0,0,0.0
7,31,0.0,0.0,16.0,0.0,0,0,0,16.0,0.0,0.0,0,0.0
8,31,0.0,0.0,16.0,0.0,0,0,0,16.0,0.0,0.0,0,0.0
9,31,0.0,0.0,16.0,0.0,0,0,0,16.0,0.0,0.0,0,0.0
10,31,0.0,0.0,16.0,0.0,0,0,0,16.0,0.0,0.0,0,0.0
11,31,0.0,0.0,8.0,0.0,0,0,0,8.0,0.0,0.0,0,0.0
12,31,8.319,8.0,8.0,0.0,0,0,0,16.0,0.5,0.0,0,0.0
13,31,0.0,0.0,16.0,0.0,0,0,0,16.0,0.0,0.0,0,0.0
14,31,0.0,0.0,16.0,0.0,0,0,0,16.0,0.0,0.0,0,0.0
15,31,0.0,0.0,16.0,0.0,0,0,0,16.0,0.0,0.0,0,0.0
16,31,0.0,0.0,16.0,0.0,0,0,0,16.0,0.0,0.0,0,0.0
17,31,0.0,0.0,8.0,0.0,0,0,0,8.0,0.0,0.0,0,0.0
18,31,0.0,0.0,16.0,0.0,0,0,0,16.0,0.0,0.0,0,0.0
19,31,0.0,0.0,16.0,0.0,0,0,0,16.0,0.0,0.0,0,0.0
20,31,0.0,0.0,8.0,0.0,0,0,0,8.0,0.0,0.0,0,0.0
21,31,0.0,0.0,8.0,0.0,0,0,0,8.0,0.0,0.0,0,0.0
22,31,0.0,0.0,16.0,0.0,0,0,0,16.0,0.0,0.0,0,0.0
23,31,0.0,0.0,16.0,0.0,0,0,0,16.0,0.0,0.0,0,0.0
24,31,0.0,0.0,16.0,0.0,0,0,0,16.0,0.0,0.0,0,0.0
25,31,0.0,0.0,16.0,0.0,0,0,0,16.0,0.0,0.0,0,0.0
26,31,0.0,0.0,16.0,0.0,0,0,0,16.0,0.0,0.0,0,0.0
27,31,0.0,0.0,16.0,0.0,0,0,0,16.0,0.0,0.0,0,0.0
28,31,0.0,0.0,16.0,0.0,0,0,0,16.0,0.0,0.0,0,0.0
29,31,0.0,0.0,16.0,0.0,0,0,0,16.0,0.0,0.0,0,0.0
30,31,0.0,0.0,16.0,0.0,0,0,0,16.0,0.0,0.0,0,0.0
31,31,0.0,0.0,16.0,0.0,0,0,0,16.0,0.0,0.0,0,0.0
32,31,0.0,0.0,16.0,0.0,0,0,0,16.0,0.0,0.0,0,0.0
33,31,0.0,0.0,16.0,0.0,0,0,0,16.0,0.0,0.0,0,0.0
34,31,0.0,0.0,16.0,0.0,0,0,0,16.0,0.0,0.0,0,0.0
35,31,0.0,0.0,8.0,0.0,0,0,0,8.0,0.0,0.0,0,0.0
36,31,0.0,0.0,16.0,0.0,0,0,0,16.0,0.0,0.0,0,0.0
37,31,23.544,16.0,0.0,0.0,0,0,0,16.0,1.0,0.0,0,0.0
38,31,9.510791936906465,16.0,0.0,0.0,0,0,0,16.0,1.0,0.0,0,0.0
39,31,23.544,16.0,0.0,0.0,0,0,0,16.0,1.0,0.0,0,0.0
40,31,23.544,16.0,0.0,0.0,0,0,0,16.0,1.0,0.0,0,0.0
41,31,23.544,16.0,0.0,0.0,0,0,0,16.0,1.0,0.0,0,0.0
42,31,23.544,16.0,0.0,0.0,0,0,0,16.0,1.0,0.0,0,0.0
43,31,17.4209451623216,11.304405799326382,4.695594200673618,0.0,0,0,0,16.0,0.7065253624578989,4.695594200673619,1,0.0
44,31,10.432,8.0,0.0,0.0,0,0,0,8.0,1.0,0.0,0,0.0
45,31,23.544,16.0,0.0,0.0,0,0,0,16.0,1.0,0.0,0,0.0
46,31,23.544,16.0,0.0,0.0,0,0,0,16.0,1.0,0.0,0,0.0
47,31,16.4808,16.0,0.0,0.0,0,0,0,16.0,1.0,0.0,0,0.6
48,31,23.544,16.0,0.0,0.0,0,0,0,16.0,1.0,0.0,0,0.0
49,31,23.544,16.0,0.0,0.0,0,0,0,16.0,1.0,0.0,0,0.0
50,31,23.544,16.0,0.0,0.0,0,0,0,16.0,1.0,0.0,0,0.0
51,31,23.544,16.0,0.0,0.0,0,0,0,16.0,1.0,0.0,0,0.0
52,31,23.544,16.0,0.0,0.0,0,0,0,16.0,1.0,0.0,0,0.0
53,31,13.112,8.0,0.0,0.0,0,0,0,8.0,1.0,0.0,0,0.0
54,31,23.544,16.0,0.0,0.0,0,0,0,16.0,1.0,0.0,0,0.0
55,31,23.544,16.0,0.0,0.0,0,0,0,16.0,1.0,0.0,0,0.0
56,31,16.4808,16.0,0.0,0.0,0,0,0,16.0,1.0,0.0,0,0.6
57,31,19.896,16.0,0.0,0.0,0,0,0,16.0,1.0,0.0,0,0.0
58,31,19.896,16.0,0.0,0.0,0,0,0,16.0,1.0,0.0,0,0.0
59,31,9.948,8.0,0.0,0.0,0,0,0,8.0,1.0,0.0,0,0.0
60,31,9.948,8.0,0.0,0.0,0,0,0,8.0,1.0,0.0,0,0.0
61,31,19.896,16.0,0.0,0.0,0,0,0,16.0,1.0,0.0,0,0.0
62,31,23.544,16.0,0.0,0.0,0,0,0,16.0,1.0,0.0,0,0.0
63,31,13.112,8.0,0.0,0.0,0,0,0,8.0,1.0,0.0,0,0.0
64,31,16.4808,16.0,0.0,0.0,0,0,0,16.0,1.0,0.0,0,0.6
65,31,13.112,8.0,0.0,0.0,0,0,0,8.0,1.0,0.0,0,0.0
66,31,13.112,8.0,0.0,0.0,0,0,0,8.0,1.0,0.0,0,0.0
67,31,23.544,16.0,0.0,0.0,0,0,0,16.0,1.0,0.0,0,0.0
68,31,23.544,16.0,0.0,0.0,0,0,0,16.0,1.0,0.0,0,0.0
69,31,23.544,16.0,0.0,0.0,0,0,0,16.0,1.0,0.0,0,0.0
70,31,18.35695012456034,12.02220101576713,3.9777989842328694,0.0,0,0,0,16.0,0.7513875634854457,3.9777989842328694,1,0.0
71,31,10.432,8.0,0.0,0.0,0,0,0,8.0,1.0,0.0,0,0.0
72,31,23.544,16.0,0.0,0.0,0,0,0,16.0,1.0,0.0,0,0.0
73,31,23.544,16.0,0.0,0.0,0,0,0,16.0,1.0,0.0,0,0.0
74,31,13.112,8.0,0.0,0.0,0,0,0,8.0,1.0,0.0,0,0.0
75,31,10.432,8.0,0.0,0.0,0,0,0,8.0,1.0,0.0,0,0.0
77,31,23.544,16.0,0.0,0.0,0,0,0,16.0,1.0,0.0,0,0.0
78,31,23.544,16.0,0.0,0.0,0,0,0,16.0,1.0,0.0,0,0.0
79,31,15.47921459584369,9.815348616444547,6.184651383555453,0.0,0,0,0,16.0,0.6134592885277842,6.184651383555453,1,0.0
80,31,16.4808,16.0,0.0,0.0,0,0,0,16.0,1.0,0.0,0,0.6
81,31,23.544,16.0,0.0,0.0,0,0,0,16.0,1.0,0.0,0,0.0
82,31,13.112,8.0,0.0,0.0,0,0,0,8.0,1.0,0.0,0,0.0
83,31,23.544,16.0,0.0,0.0,0,0,0,16.0,1.0,0.0,0,0.0
84,31,16.4808,16.0,0.0,0.0,0,0,0,16.0,1.0,0.0,0,0.6
85,31,16.4808,16.0,0.0,0.0,0,0,0,16.0,1.0,0.0,0,0.6
86,31,23.544,16.0,0.0,0.0,0,0,0,16.0,1.0,0.0,0,0.0
87,31,18.119801905803854,16.0,0.0,0.0,0,0,0,16.0,1.0,0.0,0,0.0
88,31,23.544,16.0,0.0,0.0,0,0,0,16.0,1.0,0.0,0,0.0
89,31,22.890938068472785,15.60154854696326,0.39845145303674023,0.0,0,0,0,16.0,0.9750967841852037,0.39845145303674023,1,0.0
90,31,13.112,8.0,0.0,0.0,0,0,0,8.0,1.0,0.0,0,0.0
91,31,23.544,16.0,0.0,0.0,0,0,0,16.0,1.0,0.0,0,0.0
92,31,9.1784,8.0,0.0,0.0,0,0,0,8.0,1.0,0.0,0,0.3
93,31,10.432,8.0,0.0,0.0,0,0,0,8.0,1.0,0.0,0,0.0
94,31,23.544,16.0,0.0,0.0,0,0,0,16.0,1.0,0.0,0,0.0
95,31,16.4808,16.0,0.0,0.0,0,0,0,16.0,1.0,0.0,0,0.6
96,31,23.544,16.0,0.0,0.0,0,0,0,16.0,1.0,0.0,0,0.0
97,31,23.544,16.0,0.0,0.0,0,0,0,16.0,1.0,0.0,0,0.0
98,31,23.544,16.0,0.0,0.0,0,0,0,16.0,1.0,0.0,0,0.0
99,31,23.544,16.0,0.0,0.0,0,0,0,16.0,1.0,0.0,0,0.0
100,31,0.0,0.0,16.0,0.0,0,0,0,16.0,0.0,0.0,0,0.0
101,31,13.109019734232081,12.636722240493633,3.363277759506367,0.0,0,0,0,16.0,0.789795140030852,3.363277759506367,1,0.0
102,31,8.299,8.0,0.0,0.0,0,0,0,8.0,1.0,0.0,0,0.0
103,31,16.598,16.0,0.0,0.0,0,0,0,16.0,1.0,0.0,0,0.0
104,31,16.598,16.0,0.0,0.0,0,0,0,16.0,1.0,0.0,0,0.0
105,31,7.837017629845957,16.0,0.0,0.0,0,0,0,16.0,1.0,0.0,0,0.0
106,31,16.598,16.0,0.0,0.0,0,0,0,16.0,1.0,0.0,0,0.0
107,31,0.0,0.0,16.0,0.0,0,0,0,16.0,0.0,0.0,0,0.0
108,31,0.0,0.0,16.0,0.0,0,0,0,16.0,0.0,0.0,0,0.0
109,31,0.0,0.0,16.0,0.0,0,0,0,16.0,0.0,0.0,0,0.0
110,31,0.0,0.0,16.0,0.0,0,0,0,16.0,0.0,0.0,0,0.0
111,31,0.0,0.0,16.0,0.0,0,0,0,16.0,0.0,0.0,0,0.0
112,31,0.0,0.0,16.0,0.0,0,0,0,16.0,0.0,0.0,0,0.0
1,32,0.0,0.0,16.0,0.0,0,0,0,16.0,0.0,0.0,0,0.0
2,32,0.0,0.0,16.0,0.0,0,0,0,16.0,0.0,0.0,0,0.0
3,32,0.0,0.0,16.0,0.0,0,0,0,16.0,0.0,0.0,0,0.0
4,32,0.0,0.0,16.0,0.0,0,0,0,16.0,0.0,0.0,0,0.0
5,32,0.0,0.0,16.0,0.0,0,0,0,16.0,0.0,0.0,0,0.0
6,32,0.0,0.0,16.0,0.0,0,0,0,16.0,0.0,0.0,0,0.0
7,32,0.0,0.0,16.0,0.0,0,0,0,16.0,0.0,0.0,0,0.0
8,32,0.0,0.0,16.0,0.0,0,0,0,16.0,0.0,0.0,0,0.0
9,32,0.0,0.0,16.0,0.0,0,0,0,16.0,0.0,0.0,0,0.0
10,32,0.0,0.0,16.0,0.0,0,0,0,16.0,0.0,0.0,0,0.0
11,32,0.0,0.0,8.0,0.0,0,0,0,8.0,0.0,0.0,0,0.0
12,32,8.319,8.0,8.0,0.0,0,0,0,16.0,0.5,0.0,0,0.0
13,32,0.0,0.0,16.0,0.0,0,0,0,16.0,0.0,0.0,0,0.0
14,32,0.0,0.0,16.0,0.0,0,0,0,16.0,0.0,0.0,0,0.0
15,32,0.0,0.0,16.0,0.0,0,0,0,16.0,0.0,0.0,0,0.0
16,32,0.0,0.0,16.0,0.0,0,0,0,16.0,0.0,0.0,0,0.0
17,32,0.0,0.0,8.0,0.0,0,0,0,8.0,0.0,0.0,0,0.0
18,32,0.0,0.0,16.0,0.0,0,0,0,16.0,0.0,0.0,0,0.0
19,32,0.0,0.0,16.0,0.0,0,0,0,16.0,0.0,0.0,0,0.0
20,32,0.0,0.0,8.0,0.0,0,0,0,8.0,0.0,0.0,0,0.0
21,32,0.0,0.0,8.0,0.0,0,0,0,8.0,0.0,0.0,0,0.0
22,32,0.0,0.0,16.0,0.0,0,0,0,16.0,0.0,0.0,0,0.0
23,32,0.0,0.0,16.0,0.0,0,0,0,16.0,0.0,0.0,0,0.0
24,32,0.0,0.0,16.0,0.0,0,0,0,16.0,0.0,0.0,0,0.0
25,32,0.0,0.0,16.0,0.0,0,0,0,16.0,0.0,0.0,0,0.0
26,32,0.0,0.0,16.0,0.0,0,0,0,16.0,0.0,0.0,0,0.0
27,32,0.0,0.0,16.0,0.0,0,0,0,16.0,0.0,0.0,0,0.0
28,32,0.0,0.0,16.0,0.0,0,0,0,16.0,0.0,0.0,0,0.0
29,32,0.0,0.0,16.0,0.0,0,0,0,16.0,0.0,0.0,0,0.0
30,32,0.0,0.0,16.0,0.0,0,0,0,16.0,0.0,0.0,0,0.0
31,32,0.0,0.0,16.0,0.0,0,0,0,16.0,0.0,0.0,0,0.0
32,32,0.0,0.0,16.0,0.0,0,0,0,16.0,0.0,0.0,0,0.0
33,32,0.0,0.0,16.0,0.0,0,0,0,16.0,0.0,0.0,0,0.0
34,32,0.0,0.0,16.0,0.0,0,0,0,16.0,0.0,0.0,0,0.0
35,32,0.0,0.0,8.0,0.0,0,0,0,8.0,0.0,0.0,0,0.0
36,32,0.0,0.0,16.0,0.0,0,0,0,16.0,0.0,0.0,0,0.0
37,32,23.544,16.0,0.0,0.0,0,0,0,16.0,1.0,0.0,0,0.0
38,32,23.544,16.0,0.0,0.0,0,0,0,16.0,1.0,0.0,0,0.0
39,32,23.544,16.0,0.0,0.0,0,0,0,16.0,1.0,0.0,0,0.0
40,32,12.077214074473599,16.0,0.0,0.0,0,0,0,16.0,1.0,0.0,0,0.0
41,32,16.4808,16.0,0.0,0.0,0,0,0,16.0,1.0,0.0,0,0.6
42,32,16.4808,16.0,0.0,0.0,0,0,0,16.0,1.0,0.0,0,0.6
43,32,23.544,16.0,0.0,0.0,0,0,0,16.0,1.0,0.0,0,0.0
44,32,6.053122659736725,8.0,0.0,0.0,0,0,0,8.0,1.0,0.0,0,0.0
45,32,23.544,16.0,0.0,0.0,0,0,0,16.0,1.0,0.0,0,0.0
46,32,23.544,16.0,0.0,0.0,0,0,0,16.0,1.0,0.0,0,0.0
47,32,23.544,16.0,0.0,0.0,0,0,0,16.0,1.0,0.0,0,0.0
48,32,23.544,16.0,0.0,0.0,0,0,0,16.0,1.0,0.0,0,0.0
49,32,12.55681784762783,16.0,0.0,0.0,0,0,0,16.0,1.0,0.0,0,0.0
50,32,23.544,16.0,0.0,0.0,0,0,0,16.0,1.0,0.0,0,0.0
51,32,23.544,16.0,0.0,0.0,0,0,0,16.0,1.0,0.0,0,0.0
52,32,23.544,16.0,0.0,0.0,0,0,0,16.0,1.0,0.0,0,0.0
53,32,13.112,8.0,0.0,0.0,0,0,0,8.0,1.0,0.0,0,0.0
54,32,23.544,16.0,0.0,0.0,0,0,0,16.0,1.0,0.0,0,0.0
55,32,23.544,16.0,0.0,0.0,0,0,0,16.0,1.0,0.0,0,0.0
56,32,23.544,16.0,0.0,0.0,0,0,0,16.0,1.0,0.0,0,0.0
57,32,19.896,16.0,0.0,0.0,0,0,0,16.0,1.0,0.0,0,0.0
58,32,10.338234526655958,11.876884975192095,4.123115024807905,0.0,0,0,0,16.0,0.7423053109495059,4.123115024807905,1,0.6
59,32,9.948,8.0,0.0,0.0,0,0,0,8.0,1.0,0.0,0,0.0
60,32,9.948,8.0,0.0,0.0,0,0,0,8.0,1.0,0.0,0,0.0
61,32,19.896,16.0,0.0,0.0,0,0,0,16.0,1.0,0.0,0,0.0
62,32,23.544,16.0,0.0,0.0,0,0,0,16.0,1.0,0.0,0,0.0
63,32,10.724329626106977,6.543215147106148,1.4567848528938523,0.0,0,0,0,8.0,0.8179018933882685,1.4567848528938527,1,0.0
64,32,23.544,16.0,0.0,0.0,0,0,0,16.0,1.0,0.0,0,0.0
65,32,13.112,8.0,0.0,0.0,0,0,0,8.0,1.0,0.0,0,0.0
66,32,13.112,8.0,0.0,0.0,0,0,0,8.0,1.0,0.0,0,0.0
67,32,17.246879812992532,12.157949855395076,3.842050144604924,0.0,0,0,0,16.0,0.7598718659621922,3.842050144604924,1,0.0
68,32,23.544,16.0,0.0,0.0,0,0,0,16.0,1.0,0.0,0,0.0
69,32,12.711218574335224,16.0,0.0,0.0,0,0,0,16.0,1.0,0.0,0,0.0
70,32,23.544,16.0,0.0,0.0,0,0,0,16.0,1.0,0.0,0,0.0
71,32,10.432,8.0,0.0,0.0,0,0,0,8.0,1.0,0.0,0,0.0
72,32,23.544,16.0,0.0,0.0,0,0,0,16.0,1.0,0.0,0,0.0
73,32,14.496984486728227,16.0,0.0,0.0,0,0,0,16.0,1.0,0.0,0,0.0
74,32,13.112,8.0,0.0,0.0,0,0,0,8.0,1.0,0.0,0,0.0
75,32,4.332327604575187,3.322337120072996,4.677662879927004,0.0,0,0,0,8.0,0.4152921400091245,4.677662879927004,1,0.0
77,32,23.544,16.0,0.0,0.0,0,0,0,16.0,1.0,0.0,0,0.0
78,32,23.544,16.0,0.0,0.0,0,0,0,16.0,1.0,0.0,0,0.0
79,32,23.544,16.0,0.0,0.0,0,0,0,16.0,1.0,0.0,0,0.0
80,32,9.769053112804658,16.0,0.0,0.0,0,0,0,16.0,1.0,0.0,0,0.0
81,32,23.544,16.0,0.0,0.0,0,0,0,16.0,1.0,0.0,0,0.0
82,32,4.918506334796322,3.000919057227774,4.999080942772226,0.0,0,0,0,8.0,0.3751148821534718,4.999080942772226,1,0.0
83,32,23.544,16.0,0.0,0.0,0,0,0,16.0,1.0,0.0,0,0.0
84,32,23.544,16.0,0.0,0.0,0,0,0,16.0,1.0,0.0,0,0.0
85,32,23.544,16.0,0.0,0.0,0,0,0,16.0,1.0,0.0,0,0.0
86,32,23.544,16.0,0.0,0.0,0,0,0,16.0,1.0,0.0,0,0.0
87,32,23.544,16.0,0.0,0.0,0,0,0,16.0,1.0,0.0,0,0.0
88,32,23.544,16.0,0.0,0.0,0,0,0,16.0,1.0,0.0,0,0.0
89,32,10.174004100933455,16.0,0.0,0.0,0,0,0,16.0,1.0,0.0,0,0.0
90,32,13.112,8.0,0.0,0.0,0,0,0,8.0,1.0,0.0,0,0.0
91,32,23.544,16.0,0.0,0.0,0,0,0,16.0,1.0,0.0,0,0.0
92,32,13.112,8.0,0.0,0.0,0,0,0,8.0,1.0,0.0,0,0.0
93,32,10.432,8.0,0.0,0.0,0,0,0,8.0,1.0,0.0,0,0.0
94,32,23.544,16.0,0.0,0.0,0,0,0,16.0,1.0,0.0,0,0.0
95,32,23.544,16.0,0.0,0.0,0,0,0,16.0,1.0,0.0,0,0.0
96,32,23.544,16.0,0.0,0.0,0,0,0,16.0,1.0,0.0,0,0.0
97,32,23.544,16.0,0.0,0.0,0,0,0,16.0,1.0,0.0,0,0.0
98,32,23.544,16.0,0.0,0.0,0,0,0,16.0,1.0,0.0,0,0.0
99,32,23.544,16.0,0.0,0.0,0,0,0,16.0,1.0,0.0,0,0.0
100,32,0.0,0.0,16.0,0.0,0,0,0,16.0,0.0,0.0,0,0.0
101,32,16.598,16.0,0.0,0.0,0,0,0,16.0,1.0,0.0,0,0.0
102,32,8.299,8.0,0.0,0.0,0,0,0,8.0,1.0,0.0,0,0.0
103,32,16.598,16.0,0.0,0.0,0,0,0,16.0,1.0,0.0,0,0.0
104,32,16.598,16.0,0.0,0.0,0,0,0,16.0,1.0,0.0,0,0.0
105,32,16.598,16.0,0.0,0.0,0,0,0,16.0,1.0,0.0,0,0.0
106,32,16.598,16.0,0.0,0.0,0,0,0,16.0,1.0,0.0,0,0.0
107,32,0.0,0.0,16.0,0.0,0,0,0,16.0,0.0,0.0,0,0.0
108,32,0.0,0.0,16.0,0.0,0,0,0,16.0,0.0,0.0,0,0.0
109,32,0.0,0.0,16.0,0.0,0,0,0,16.0,0.0,0.0,0,0.0
110,32,0.0,0.0,16.0,0.0,0,0,0,16.0,0.0,0.0,0,0.0
111,32,0.0,0.0,16.0,0.0,0,0,0,16.0,0.0,0.0,0,0.0
112,32,0.0,0.0,16.0,0.0,0,0,0,16.0,0.0,0.0,0,0.0
1,33,0.0,0.0,16.0,0.0,0,0,0,16.0,0.0,0.0,0,0.0
2,33,0.0,0.0,16.0,0.0,0,0,0,16.0,0.0,0.0,0,0.0
3,33,0.0,0.0,16.0,0.0,0,0,0,16.0,0.0,0.0,0,0.0
4,33,0.0,0.0,16.0,0.0,0,0,0,16.0,0.0,0.0,0,0.0
5,33,0.0,0.0,16.0,0.0,0,0,0,16.0,0.0,0.0,0,0.0
6,33,0.0,0.0,16.0,0.0,0,0,0,16.0,0.0,0.0,0,0.0
7,33,0.0,0.0,16.0,0.0,0,0,0,16.0,0.0,0.0,0,0.0
8,33,0.0,0.0,16.0,0.0,0,0,0,16.0,0.0,0.0,0,0.0
9,33,0.0,0.0,16.0,0.0,0,0,0,16.0,0.0,0.0,0,0.0
10,33,0.0,0.0,16.0,0.0,0,0,0,16.0,0.0,0.0,0,0.0
11,33,0.0,0.0,8.0,0.0,0,0,0,8.0,0.0,0.0,0,0.0
12,33,5.823300000000001,8.0,8.0,0.0,0,0,0,16.0,0.5,0.0,0,0.3
13,33,0.0,0.0,16.0,0.0,0,0,0,16.0,0.0,0.0,0,0.0
14,33,0.0,0.0,16.0,0.0,0,0,0,16.0,0.0,0.0,0,0.0
15,33,0.0,0.0,16.0,0.0,0,0,0,16.0,0.0,0.0,0,0.0
16,33,0.0,0.0,16.0,0.0,0,0,0,16.0,0.0,0.0,0,0.0
17,33,0.0,0.0,8.0,0.0,0,0,0,8.0,0.0,0.0,0,0.0
18,33,0.0,0.0,16.0,0.0,0,0,0,16.0,0.0,0.0,0,0.0
19,33,0.0,0.0,16.0,0.0,0,0,0,16.0,0.0,0.0,0,0.0
20,33,0.0,0.0,8.0,0.0,0,0,0,8.0,0.0,0.0,0,0.0
21,33,0.0,0.0,8.0,0.0,0,0,0,8.0,0.0,0.0,0,0.0
22,33,0.0,0.0,16.0,0.0,0,0,0,16.0,0.0,0.0,0,0.0
23,33,0.0,0.0,16.0,0.0,0,0,0,16.0,0.0,0.0,0,0.0
24,33,0.0,0.0,16.0,0.0,0,0,0,16.0,0.0,0.0,0,0.0
25,33,0.0,0.0,16.0,0.0,0,0,0,16.0,0.0,0.0,0,0.0
26,33,0.0,0.0,16.0,0.0,0,0,0,16.0,0.0,0.0,0,0.0
27,33,0.0,0.0,16.0,0.0,0,0,0,16.0,0.0,0.0,0,0.0
28,33,0.0,0.0,16.0,0.0,0,0,0,16.0,0.0,0.0,0,0.0
29,33,0.0,0.0,16.0,0.0,0,0,0,16.0,0.0,0.0,0,0.0
30,33,0.0,0.0,16.0,0.0,0,0,0,16.0,0.0,0.0,0,0.0
31,33,0.0,0.0,16.0,0.0,0,0,0,16.0,0.0,0.0,0,0.0
32,33,0.0,0.0,16.0,0.0,0,0,0,16.0,0.0,0.0,0,0.0
33,33,0.0,0.0,16.0,0.0,0,0,0,16.0,0.0,0.0,0,0.0
34,33,0.0,0.0,16.0,0.0,0,0,0,16.0,0.0,0.0,0,0.0
35,33,0.0,0.0,8.0,0.0,0,0,0,8.0,0.0,0.0,0,0.0
36,33,0.0,0.0,16.0,0.0,0,0,0,16.0,0.0,0.0,0,0.0
37,33,20.635771982113013,14.225608286829171,1.7743917131708287,0.0,0,0,0,16.0,0.8891005179268232,1.7743917131708296,1,0.0
38,33,23.544,16.0,0.0,0.0,0,0,0,16.0,1.0,0.0,0,0.0
39,33,23.544,16.0,0.0,0.0,0,0,0,16.0,1.0,0.0,0,0.0
40,33,23.544,16.0,0.0,0.0,0,0,0,16.0,1.0,0.0,0,0.0
41,33,23.544,16.0,0.0,0.0,0,0,0,16.0,1.0,0.0,0,0.0
42,33,23.544,16.0,0.0,0.0,0,0,0,16.0,1.0,0.0,0,0.0
43,33,23.544,16.0,0.0,0.0,0,0,0,16.0,1.0,0.0,0,0.0
44,33,5.892147891025399,8.0,0.0,0.0,0,0,0,8.0,1.0,0.0,0,0.0
45,33,11.052789566250507,16.0,0.0,0.0,0,0,0,16.0,1.0,0.0,0,0.0
46,33,19.340498950153282,12.776456250117548,3.2235437498824524,0.0,0,0,0,16.0,0.7985285156323467,3.223543749882452,1,0.0
47,33,23.544,16.0,0.0,0.0,0,0,0,16.0,1.0,0.0,0,0.0
48,33,23.544,16.0,0.0,0.0,0,0,0,16.0,1.0,0.0,0,0.0
49,33,23.544,16.0,0.0,0.0,0,0,0,16.0,1.0,0.0,0,0.0
50,33,23.544,16.0,0.0,0.0,0,0,0,16.0,1.0,0.0,0,0.0
51,33,10.913343175636452,11.147339994453457,4.852660005546543,0.0,0,0,0,16.0,0.6967087496533411,4.852660005546542,1,0.6
52,33,23.544,16.0,0.0,0.0,0,0,0,16.0,1.0,0.0,0,0.0
53,33,13.112,8.0,0.0,0.0,0,0,0,8.0,1.0,0.0,0,0.0
54,33,20.4035486168985,13.591678387192102,2.4083216128078977,0.0,0,0,0,16.0,0.8494798991995064,2.4083216128078977,1,0.0
55,33,23.544,16.0,0.0,0.0,0,0,0,16.0,1.0,0.0,0,0.0
56,33,23.544,16.0,0.0,0.0,0,0,0,16.0,1.0,0.0,0,0.0
57,33,19.896,16.0,0.0,0.0,0,0,0,16.0,1.0,0.0,0,0.0
58,33,13.90999517341446,11.186164192532738,4.813835807467262,0.0,0,0,0,16.0,0.6991352620332961,4.813835807467262,1,0.0
59,33,9.948,8.0,0.0,0.0,0,0,0,8.0,1.0,0.0,0,0.0
60,33,9.948,8.0,0.0,0.0,0,0,0,8.0,1.0,0.0,0,0.0
61,33,19.896,16.0,0.0,0.0,0,0,0,16.0,1.0,0.0,0,0.0
62,33,23.544,16.0,0.0,0.0,0,0,0,16.0,1.0,0.0,0,0.0
63,33,7.0215975022732104,8.0,0.0,0.0,0,0,0,8.0,1.0,0.0,0,0.0
64,33,23.544,16.0,0.0,0.0,0,0,0,16.0,1.0,0.0,0,0.0
65,33,13.112,8.0,0.0,0.0,0,0,0,8.0,1.0,0.0,0,0.0
66,33,13.112,8.0,0.0,0.0,0,0,0,8.0,1.0,0.0,0,0.0
67,33,9.686530536054338,16.0,0.0,0.0,0,0,0,16.0,1.0,0.0,0,0.0
68,33,16.4808,16.0,0.0,0.0,0,0,0,16.0,1.0,0.0,0,0.6
69,33,23.544,16.0,0.0,0.0,0,0,0,16.0,1.0,0.0,0,0.0
70,33,17.522413418983856,16.0,0.0,0.0,0,0,0,16.0,1.0,0.0,0,0.0
71,33,10.432,8.0,0.0,0.0,0,0,0,8.0,1.0,0.0,0,0.0
72,33,18.494241574564214,12.127485870064582,3.8725141299354178,0.0,0,0,0,16.0,0.7579678668790364,3.8725141299354187,1,0.0
73,33,23.544,16.0,0.0,0.0,0,0,0,16.0,1.0,0.0,0,0.0
74,33,13.112,8.0,0.0,0.0,0,0,0,8.0,1.0,0.0,0,0.0
75,33,7.3024,8.0,0.0,0.0,0,0,0,8.0,1.0,0.0,0,0.3
77,33,23.544,16.0,0.0,0.0,0,0,0,16.0,1.0,0.0,0,0.0
78,33,23.544,16.0,0.0,0.0,0,0,0,16.0,1.0,0.0,0,0.0
79,33,15.982992215018896,10.201681146486884,5.798318853513116,0.0,0,0,0,16.0,0.6376050716554302,5.798318853513116,1,0.0
80,33,20.87353959472233,14.370676994949559,1.6293230050504413,0.0,0,0,0,16.0,0.8981673121843474,1.6293230050504404,1,0.0
81,33,21.721253597657373,14.887891151712857,1.1121088482871428,0.0,0,0,0,16.0,0.9304931969820536,1.112108848287142,1,0.0
82,33,13.112,8.0,0.0,0.0,0,0,0,8.0,1.0,0.0,0,0.0
83,33,23.544,16.0,0.0,0.0,0,0,0,16.0,1.0,0.0,0,0.0
84,33,23.544,16.0,0.0,0.0,0,0,0,16.0,1.0,0.0,0,0.0
85,33,16.4808,16.0,0.0,0.0,0,0,0,16.0,1.0,0.0,0,0.6
86,33,17.809892587657135,11.60267836476774,4.3973216352322595,0.0,0,0,0,16.0,0.7251673977979838,4.397321635232259,1,0.0
87,33,23.544,16.0,0.0,0.0,0,0,0,16.0,1.0,0.0,0,0.0
88,33,23.544,16.0,0.0,0.0,0,0,0,16.0,1.0,0.0,0,0.0
89,33,23.544,16.0,0.0,0.0,0,0,0,16.0,1.0,0.0,0,0.0
90,33,10.199711535964953,8.0,0.0,0.0,0,0,0,8.0,1.0,0.0,0,0.0
91,33,23.544,16.0,0.0,0.0,0,0,0,16.0,1.0,0.0,0,0.0
92,33,13.112,8.0,0.0,0.0,0,0,0,8.0,1.0,0.0,0,0.0
93,33,10.432,8.0,0.0,0.0,0,0,0,8.0,1.0,0.0,0,0.0
94,33,16.4808,16.0,0.0,0.0,0,0,0,16.0,1.0,0.0,0,0.6
95,33,17.92513374753637,12.571771658045376,3.4282283419546236,0.0,0,0,0,16.0,0.785735728627836,3.4282283419546236,1,0.0
96,33,23.544,16.0,0.0,0.0,0,0,0,16.0,1.0,0.0,0,0.0
97,33,23.544,16.0,0.0,0.0,0,0,0,16.0,1.0,0.0,0,0.0
98,33,23.544,16.0,0.0,0.0,0,0,0,16.0,1.0,0.0,0,0.0
99,33,23.544,16.0,0.0,0.0,0,0,0,16.0,1.0,0.0,0,0.0
100,33,0.0,0.0,16.0,0.0,0,0,0,16.0,0.0,0.0,0,0.0
101,33,11.618599999999999,16.0,0.0,0.0,0,0,0,16.0,1.0,0.0,0,0.6
102,33,8.299,8.0,0.0,0.0,0,0,0,8.0,1.0,0.0,0,0.0
103,33,16.598,16.0,0.0,0.0,0,0,0,16.0,1.0,0.0,0,0.0
104,33,16.598,16.0,0.0,0.0,0,0,0,16.0,1.0,0.0,0,0.0
105,33,11.618599999999999,16.0,0.0,0.0,0,0,0,16.0,1.0,0.0,0,0.6
106,33,9.634420621155328,16.0,0.0,0.0,0,0,0,16.0,1.0,0.0,0,0.0
107,33,0.0,0.0,16.0,0.0,0,0,0,16.0,0.0,0.0,0,0.0
108,33,0.0,0.0,16.0,0.0,0,0,0,16.0,0.0,0.0,0,0.0
109,33,0.0,0.0,16.0,0.0,0,0,0,16.0,0.0,0.0,0,0.0
110,33,0.0,0.0,16.0,0.0,0,0,0,16.0,0.0,0.0,0,0.0
111,33,0.0,0.0,16.0,0.0,0,0,0,16.0,0.0,0.0,0,0.0
112,33,0.0,0.0,16.0,0.0,0,0,0,16.0,0.0,0.0,0,0.0
1,34,0.0,0.0,16.0,0.0,0,0,0,16.0,0.0,0.0,0,0.0
2,34,0.0,0.0,16.0,0.0,0,0,0,16.0,0.0,0.0,0,0.0
3,34,0.0,0.0,16.0,0.0,0,0,0,16.0,0.0,0.0,0,0.0
4,34,0.0,0.0,16.0,0.0,0,0,0,16.0,0.0,0.0,0,0.0
5,34,0.0,0.0,16.0,0.0,0,0,0,16.0,0.0,0.0,0,0.0
6,34,0.0,0.0,16.0,0.0,0,0,0,16.0,0.0,0.0,0,0.0
7,34,0.0,0.0,16.0,0.0,0,0,0,16.0,0.0,0.0,0,0.0
8,34,0.0,0.0,16.0,0.0,0,0,0,16.0,0.0,0.0,0,0.0
9,34,0.0,0.0,16.0,0.0,0,0,0,16.0,0.0,0.0,0,0.0
10,34,0.0,0.0,16.0,0.0,0,0,0,16.0,0.0,0.0,0,0.0
11,34,0.0,0.0,8.0,0.0,0,0,0,8.0,0.0,0.0,0,0.0
12,34,8.319,8.0,8.0,0.0,0,0,0,16.0,0.5,0.0,0,0.0
13,34,0.0,0.0,16.0,0.0,0,0,0,16.0,0.0,0.0,0,0.0
14,34,0.0,0.0,16.0,0.0,0,0,0,16.0,0.0,0.0,0,0.0
15,34,0.0,0.0,16.0,0.0,0,0,0,16.0,0.0,0.0,0,0.0
16,34,0.0,0.0,16.0,0.0,0,0,0,16.0,0.0,0.0,0,0.0
17,34,0.0,0.0,8.0,0.0,0,0,0,8.0,0.0,0.0,0,0.0
18,34,0.0,0.0,16.0,0.0,0,0,0,16.0,0.0,0.0,0,0.0
19,34,0.0,0.0,16.0,0.0,0,0,0,16.0,0.0,0.0,0,0.0
20,34,0.0,0.0,8.0,0.0,0,0,0,8.0,0.0,0.0,0,0.0
21,34,0.0,0.0,8.0,0.0,0,0,0,8.0,0.0,0.0,0,0.0
22,34,0.0,0.0,16.0,0.0,0,0,0,16.0,0.0,0.0,0,0.0
23,34,0.0,0.0,16.0,0.0,0,0,0,16.0,0.0,0.0,0,0.0
24,34,0.0,0.0,16.0,0.0,0,0,0,16.0,0.0,0.0,0,0.0
25,34,0.0,0.0,16.0,0.0,0,0,0,16.0,0.0,0.0,0,0.0
26,34,0.0,0.0,16.0,0.0,0,0,0,16.0,0.0,0.0,0,0.0
27,34,0.0,0.0,16.0,0.0,0,0,0,16.0,0.0,0.0,0,0.0
28,34,0.0,0.0,16.0,0.0,0,0,0,16.0,0.0,0.0,0,0.0
29,34,0.0,0.0,16.0,0.0,0,0,0,16.0,0.0,0.0,0,0.0
30,34,0.0,0.0,16.0,0.0,0,0,0,16.0,0.0,0.0,0,0.0
31,34,0.0,0.0,16.0,0.0,0,0,0,16.0,0.0,0.0,0,0.0
32,34,0.0,0.0,16.0,0.0,0,0,0,16.0,0.0,0.0,0,0.0
33,34,0.0,0.0,16.0,0.0,0,0,0,16.0,0.0,0.0,0,0.0
34,34,0.0,0.0,16.0,0.0,0,0,0,16.0,0.0,0.0,0,0.0
35,34,0.0,0.0,8.0,0.0,0,0,0,8.0,0.0,0.0,0,0.0
36,34,0.0,0.0,16.0,0.0,0,0,0,16.0,0.0,0.0,0,0.0
37,34,23.544,16.0,0.0,0.0,0,0,0,16.0,1.0,0.0,0,0.0
38,34,23.544,16.0,0.0,0.0,0,0,0,16.0,1.0,0.0,0,0.0
39,34,17.243668915392938,11.168457757203175,4.831542242796825,0.0,0,0,0,16.0,0.6980286098251984,4.831542242796826,1,0.0
40,34,23.544,16.0,0.0,0.0,0,0,0,16.0,1.0,0.0,0,0.0
41,34,23.544,16.0,0.0,0.0,0,0,0,16.0,1.0,0.0,0,0.0
42,34,23.544,16.0,0.0,0.0,0,0,0,16.0,1.0,0.0,0,0.0
43,34,16.4808,16.0,0.0,0.0,0,0,0,16.0,1.0,0.0,0,0.6
44,34,10.432,8.0,0.0,0.0,0,0,0,8.0,1.0,0.0,0,0.0
45,34,13.41268963411807,12.63879232484451,3.361207675155489,0.0,0,0,0,16.0,0.7899245203027819,3.361207675155489,1,0.6
46,34,23.544,16.0,0.0,0.0,0,0,0,16.0,1.0,0.0,0,0.0
47,34,23.544,16.0,0.0,0.0,0,0,0,16.0,1.0,0.0,0,0.0
48,34,19.740251387173664,13.679225983632497,2.320774016367503,0.0,0,0,0,16.0,0.8549516239770311,2.320774016367503,1,0.0
49,34,23.544,16.0,0.0,0.0,0,0,0,16.0,1.0,0.0,0,0.0
50,34,23.544,16.0,0.0,0.0,0,0,0,16.0,1.0,0.0,0,0.0
51,34,23.544,16.0,0.0,0.0,0,0,0,16.0,1.0,0.0,0,0.0
52,34,23.544,16.0,0.0,0.0,0,0,0,16.0,1.0,0.0,0,0.0
53,34,13.112,8.0,0.0,0.0,0,0,0,8.0,1.0,0.0,0,0.0
54,34,23.544,16.0,0.0,0.0,0,0,0,16.0,1.0,0.0,0,0.0
55,34,17.855328916293235,12.529181767109966,3.470818232890034,0.0,0,0,0,16.0,0.7830738604443729,3.470818232890034,1,0.0
56,34,13.575564727334667,16.0,0.0,0.0,0,0,0,16.0,1.0,0.0,0,0.0
57,34,7.75505715497836,13.034898038604771,2.965101961395229,0.0,0,0,0,16.0,0.8146811274127982,2.9651019613952285,1,0.0
58,34,19.896,16.0,0.0,0.0,0,0,0,16.0,1.0,0.0,0,0.0
59,34,9.948,8.0,0.0,0.0,0,0,0,8.0,1.0,0.0,0,0.0
60,34,9.948,8.0,0.0,0.0,0,0,0,8.0,1.0,0.0,0,0.0
61,34,13.9272,16.0,0.0,0.0,0,0,0,16.0,1.0,0.0,0,0.6
62,34,23.544,16.0,0.0,0.0,0,0,0,16.0,1.0,0.0,0,0.0
63,34,13.112,8.0,0.0,0.0,0,0,0,8.0,1.0,0.0,0,0.0
64,34,23.544,16.0,0.0,0.0,0,0,0,16.0,1.0,0.0,0,0.0
65,34,13.112,8.0,0.0,0.0,0,0,0,8.0,1.0,0.0,0,0.0
66,34,13.112,8.0,0.0,0.0,0,0,0,8.0,1.0,0.0,0,0.0
67,34,23.544,16.0,0.0,0.0,0,0,0,16.0,1.0,0.0,0,0.0
68,34,14.348258866533369,16.0,0.0,0.0,0,0,0,16.0,1.0,0.0,0,0.0
69,34,17.42872172700379,16.0,0.0,0.0,0,0,0,16.0,1.0,0.0,0,0.0
70,34,23.544,16.0,0.0,0.0,0,0,0,16.0,1.0,0.0,0,0.0
71,34,10.432,8.0,0.0,0.0,0,0,0,8.0,1.0,0.0,0,0.0
72,34,23.544,16.0,0.0,0.0,0,0,0,16.0,1.0,0.0,0,0.0
73,34,23.544,16.0,0.0,0.0,0,0,0,16.0,1.0,0.0,0,0.0
74,34,13.112,8.0,0.0,0.0,0,0,0,8.0,1.0,0.0,0,0.0
75,34,10.432,8.0,0.0,0.0,0,0,0,8.0,1.0,0.0,0,0.0
77,34,23.544,16.0,0.0,0.0,0,0,0,16.0,1.0,0.0,0,0.0
78,34,23.544,16.0,0.0,0.0,0,0,0,16.0,1.0,0.0,0,0.0
79,34,21.81195168634325,14.671742090754027,1.3282579092459734,0.0,0,0,0,16.0,0.9169838806721267,1.3282579092459743,1,0.0
80,34,23.544,16.0,0.0,0.0,0,0,0,16.0,1.0,0.0,0,0.0
81,34,23.544,16.0,0.0,0.0,0,0,0,16.0,1.0,0.0,0,0.0
82,34,13.112,8.0,0.0,0.0,0,0,0,8.0,1.0,0.0,0,0.0
83,34,23.544,16.0,0.0,0.0,0,0,0,16.0,1.0,0.0,0,0.0
84,34,11.081687455089504,16.0,0.0,0.0,0,0,0,16.0,1.0,0.0,0,0.0
85,34,23.544,16.0,0.0,0.0,0,0,0,16.0,1.0,0.0,0,0.0
86,34,23.544,16.0,0.0,0.0,0,0,0,16.0,1.0,0.0,0,0.0
87,34,16.4808,16.0,0.0,0.0,0,0,0,16.0,1.0,0.0,0,0.6
88,34,16.4808,16.0,0.0,0.0,0,0,0,16.0,1.0,0.0,0,0.6
89,34,23.544,16.0,0.0,0.0,0,0,0,16.0,1.0,0.0,0,0.0
90,34,8.943125793176323,8.0,0.0,0.0,0,0,0,8.0,1.0,0.0,0,0.0
91,34,23.544,16.0,0.0,0.0,0,0,0,16.0,1.0,0.0,0,0.0
92,34,13.112,8.0,0.0,0.0,0,0,0,8.0,1.0,0.0,0,0.0
93,34,10.432,8.0,0.0,0.0,0,0,0,8.0,1.0,0.0,0,0.0
94,34,23.544,16.0,0.0,0.0,0,0,0,16.0,1.0,0.0,0,0.0
95,34,23.544,16.0,0.0,0.0,0,0,0,16.0,1.0,0.0,0,0.0
96,34,23.544,16.0,0.0,0.0,0,0,0,16.0,1.0,0.0,0,0.0
97,34,23.544,16.0,0.0,0.0,0,0,0,16.0,1.0,0.0,0,0.0
98,34,16.865750419546853,11.925412092462997,4.074587907537003,0.0,0,0,0,16.0,0.7453382557789373,4.074587907537003,1,0.0
99,34,16.210587191288074,11.525678579187353,4.474321420812647,0.0,0,0,0,16.0,0.7203549111992096,4.474321420812647,1,0.0
100,34,0.0,0.0,16.0,0.0,0,0,0,16.0,0.0,0.0,0,0.0
101,34,16.598,16.0,0.0,0.0,0,0,0,16.0,1.0,0.0,0,0.0
102,34,8.299,8.0,0.0,0.0,0,0,0,8.0,1.0,0.0,0,0.0
103,34,16.598,16.0,0.0,0.0,0,0,0,16.0,1.0,0.0,0,0.0
104,34,16.598,16.0,0.0,0.0,0,0,0,16.0,1.0,0.0,0,0.0
105,34,16.598,16.0,0.0,0.0,0,0,0,16.0,1.0,0.0,0,0.0
106,34,16.598,16.0,0.0,0.0,0,0,0,16.0,1.0,0.0,0,0.0
107,34,0.0,0.0,16.0,0.0,0,0,0,16.0,0.0,0.0,0,0.0
108,34,0.0,0.0,16.0,0.0,0,0,0,16.0,0.0,0.0,0,0.0
109,34,0.0,0.0,16.0,0.0,0,0,0,16.0,0.0,0.0,0,0.0
110,34,0.0,0.0,16.0,0.0,0,0,0,16.0,0.0,0.0,0,0.0
111,34,0.0,0.0,16.0,0.0,0,0,0,16.0,0.0,0.0,0,0.0
112,34,0.0,0.0,16.0,0.0,0,0,0,16.0,0.0,0.0,0,0.0
1,35,0.0,0.0,16.0,0.0,0,0,0,16.0,0.0,0.0,0,0.0
2,35,0.0,0.0,16.0,0.0,0,0,0,16.0,0.0,0.0,0,0.0
3,35,0.0,0.0,16.0,0.0,0,0,0,16.0,0.0,0.0,0,0.0
4,35,0.0,0.0,16.0,0.0,0,0,0,16.0,0.0,0.0,0,0.0
5,35,0.0,0.0,16.0,0.0,0,0,0,16.0,0.0,0.0,0,0.0
6,35,0.0,0.0,16.0,0.0,0,0,0,16.0,0.0,0.0,0,0.0
7,35,0.0,0.0,16.0,0.0,0,0,0,16.0,0.0,0.0,0,0.0
8,35,0.0,0.0,16.0,0.0,0,0,0,16.0,0.0,0.0,0,0.0
9,35,0.0,0.0,16.0,0.0,0,0,0,16.0,0.0,0.0,0,0.0
10,35,0.0,0.0,16.0,0.0,0,0,0,16.0,0.0,0.0,0,0.0
11,35,0.0,0.0,8.0,0.0,0,0,0,8.0,0.0,0.0,0,0.0
12,35,8.319,8.0,8.0,0.0,0,0,0,16.0,0.5,0.0,0,0.0
13,35,0.0,0.0,16.0,0.0,0,0,0,16.0,0.0,0.0,0,0.0
14,35,0.0,0.0,16.0,0.0,0,0,0,16.0,0.0,0.0,0,0.0
15,35,0.0,0.0,16.0,0.0,0,0,0,16.0,0.0,0.0,0,0.0
16,35,0.0,0.0,16.0,0.0,0,0,0,16.0,0.0,0.0,0,0.0
17,35,0.0,0.0,8.0,0.0,0,0,0,8.0,0.0,0.0,0,0.0
18,35,0.0,0.0,16.0,0.0,0,0,0,16.0,0.0,0.0,0,0.0
19,35,0.0,0.0,16.0,0.0,0,0,0,16.0,0.0,0.0,0,0.0
20,35,0.0,0.0,8.0,0.0,0,0,0,8.0,0.0,0.0,0,0.0
21,35,0.0,0.0,8.0,0.0,0,0,0,8.0,0.0,0.0,0,0.0
22,35,0.0,0.0,16.0,0.0,0,0,0,16.0,0.0,0.0,0,0.0
23,35,0.0,0.0,16.0,0.0,0,0,0,16.0,0.0,0.0,0,0.0
24,35,0.0,0.0,16.0,0.0,0,0,0,16.0,0.0,0.0,0,0.0
25,35,0.0,0.0,16.0,0.0,0,0,0,16.0,0.0,0.0,0,0.0
26,35,0.0,0.0,16.0,0.0,0,0,0,16.0,0.0,0.0,0,0.0
27,35,0.0,0.0,16.0,0.0,0,0,0,16.0,0.0,0.0,0,0.0
28,35,0.0,0.0,16.0,0.0,0,0,0,16.0,0.0,0.0,0,0.0
29,35,0.0,0.0,16.0,0.0,0,0,0,16.0,0.0,0.0,0,0.0
30,35,0.0,0.0,16.0,0.0,0,0,0,16.0,0.0,0.0,0,0.0
31,35,0.0,0.0,16.0,0.0,0,0,0,16.0,0.0,0.0,0,0.0
32,35,0.0,0.0,16.0,0.0,0,0,0,16.0,0.0,0.0,0,0.0
33,35,0.0,0.0,16.0,0.0,0,0,0,16.0,0.0,0.0,0,0.0
34,35,0.0,0.0,16.0,0.0,0,0,0,16.0,0.0,0.0,0,0.0
35,35,0.0,0.0,8.0,0.0,0,0,0,8.0,0.0,0.0,0,0.0
36,35,0.0,0.0,16.0,0.0,0,0,0,16.0,0.0,0.0,0,0.0
37,35,23.544,16.0,0.0,0.0,0,0,0,16.0,1.0,0.0,0,0.0
38,35,23.544,16.0,0.0,0.0,0,0,0,16.0,1.0,0.0,0,0.0
39,35,23.544,16.0,0.0,0.0,0,0,0,16.0,1.0,0.0,0,0.0
40,35,23.544,16.0,0.0,0.0,0,0,0,16.0,1.0,0.0,0,0.0
41,35,23.544,16.0,0.0,0.0,0,0,0,16.0,1.0,0.0,0,0.0
42,35,16.4808,16.0,0.0,0.0,0,0,0,16.0,1.0,0.0,0,0.6
43,35,23.544,16.0,0.0,0.0,0,0,0,16.0,1.0,0.0,0,0.0
44,35,10.432,8.0,0.0,0.0,0,0,0,8.0,1.0,0.0,0,0.0
45,35,23.544,16.0,0.0,0.0,0,0,0,16.0,1.0,0.0,0,0.0
46,35,23.544,16.0,0.0,0.0,0,0,0,16.0,1.0,0.0,0,0.0
47,35,23.544,16.0,0.0,0.0,0,0,0,16.0,1.0,0.0,0,0.0
48,35,23.544,16.0,0.0,0.0,0,0,0,16.0,1.0,0.0,0,0.0
49,35,23.544,16.0,0.0,0.0,0,0,0,16.0,1.0,0.0,0,0.0
50,35,15.166336275969275,16.0,0.0,0.0,0,0,0,16.0,1.0,0.0,0,0.0
51,35,23.544,16.0,0.0,0.0,0,0,0,16.0,1.0,0.0,0,0.0
52,35,23.544,16.0,0.0,0.0,0,0,0,16.0,1.0,0.0,0,0.0
53,35,9.1784,8.0,0.0,0.0,0,0,0,8.0,1.0,0.0,0,0.3
54,35,23.544,16.0,0.0,0.0,0,0,0,16.0,1.0,0.0,0,0.0
55,35,23.544,16.0,0.0,0.0,0,0,0,16.0,1.0,0.0,0,0.0
56,35,23.544,16.0,0.0,0.0,0,0,0,16.0,1.0,0.0,0,0.0
57,35,19.896,16.0,0.0,0.0,0,0,0,16.0,1.0,0.0,0,0.0
58,35,19.896,16.0,0.0,0.0,0,0,0,16.0,1.0,0.0,0,0.0
59,35,9.948,8.0,0.0,0.0,0,0,0,8.0,1.0,0.0,0,0.0
60,35,9.948,8.0,0.0,0.0,0,0,0,8.0,1.0,0.0,0,0.0
61,35,19.896,16.0,0.0,0.0,0,0,0,16.0,1.0,0.0,0,0.0
62,35,23.544,16.0,0.0,0.0,0,0,0,16.0,1.0,0.0,0,0.0
63,35,13.112,8.0,0.0,0.0,0,0,0,8.0,1.0,0.0,0,0.0
64,35,23.544,16.0,0.0,0.0,0,0,0,16.0,1.0,0.0,0,0.0
65,35,13.112,8.0,0.0,0.0,0,0,0,8.0,1.0,0.0,0,0.0
66,35,13.112,8.0,0.0,0.0,0,0,0,8.0,1.0,0.0,0,0.0
67,35,6.326152111185674,10.550192291739592,5.449807708260408,0.0,0,0,0,16.0,0.6593870182337245,5.449807708260409,1,0.0
68,35,23.544,16.0,0.0,0.0,0,0,0,16.0,1.0,0.0,0,0.0
69,35,23.544,16.0,0.0,0.0,0,0,0,16.0,1.0,0.0,0,0.0
70,35,16.4808,16.0,0.0,0.0,0,0,0,16.0,1.0,0.0,0,0.6
71,35,7.3024,8.0,0.0,0.0,0,0,0,8.0,1.0,0.0,0,0.3
72,35,23.544,16.0,0.0,0.0,0,0,0,16.0,1.0,0.0,0,0.0
73,35,12.885797071613553,9.497130611112599,6.502869388887401,0.0,0,0,0,16.0,0.5935706631945374,6.5028693888874,1,0.0
74,35,13.112,8.0,0.0,0.0,0,0,0,8.0,1.0,0.0,0,0.0
75,35,10.432,8.0,0.0,0.0,0,0,0,8.0,1.0,0.0,0,0.0
77,35,23.544,16.0,0.0,0.0,0,0,0,16.0,1.0,0.0,0,0.0
78,35,23.544,16.0,0.0,0.0,0,0,0,16.0,1.0,0.0,0,0.0
79,35,23.544,16.0,0.0,0.0,0,0,0,16.0,1.0,0.0,0,0.0
80,35,23.544,16.0,0.0,0.0,0,0,0,16.0,1.0,0.0,0,0.0
81,35,23.544,16.0,0.0,0.0,0,0,0,16.0,1.0,0.0,0,0.0
82,35,13.112,8.0,0.0,0.0,0,0,0,8.0,1.0,0.0,0,0.0
83,35,23.544,16.0,0.0,0.0,0,0,0,16.0,1.0,0.0,0,0.0
84,35,23.544,16.0,0.0,0.0,0,0,0,16.0,1.0,0.0,0,0.0
85,35,23.544,16.0,0.0,0.0,0,0,0,16.0,1.0,0.0,0,0.0
86,35,23.544,16.0,0.0,0.0,0,0,0,16.0,1.0,0.0,0,0.0
87,35,23.544,16.0,0.0,0.0,0,0,0,16.0,1.0,0.0,0,0.0
88,35,23.544,16.0,0.0,0.0,0,0,0,16.0,1.0,0.0,0,0.0
89,35,23.544,16.0,0.0,0.0,0,0,0,16.0,1.0,0.0,0,0.0
90,35,13.112,8.0,0.0,0.0,0,0,0,8.0,1.0,0.0,0,0.0
91,35,23.544,16.0,0.0,0.0,0,0,0,16.0,1.0,0.0,0,0.0
92,35,6.379182099017717,3.892118425270114,4.107881574729886,0.0,0,0,0,8.0,0.4865148031587643,4.107881574729886,1,0.0
93,35,10.432,8.0,0.0,0.0,0,0,0,8.0,1.0,0.0,0,0.0
94,35,23.544,16.0,0.0,0.0,0,0,0,16.0,1.0,0.0,0,0.0
95,35,23.544,16.0,0.0,0.0,0,0,0,16.0,1.0,0.0,0,0.0
96,35,23.544,16.0,0.0,0.0,0,0,0,16.0,1.0,0.0,0,0.0
97,35,16.4808,16.0,0.0,0.0,0,0,0,16.0,1.0,0.0,0,0.6
98,35,18.237733811791685,12.76249774972037,3.237502250279629,0.0,0,0,0,16.0,0.7976561093575232,3.23750225027963,1,0.0
99,35,23.544,16.0,0.0,0.0,0,0,0,16.0,1.0,0.0,0,0.0
100,35,0.0,0.0,16.0,0.0,0,0,0,16.0,0.0,0.0,0,0.0
101,35,10.403777426144707,10.028945584908744,5.971054415091256,0.0,0,0,0,16.0,0.6268090990567965,5.971054415091256,1,0.0
102,35,8.299,8.0,0.0,0.0,0,0,0,8.0,1.0,0.0,0,0.0
103,35,16.598,16.0,0.0,0.0,0,0,0,16.0,1.0,0.0,0,0.0
104,35,16.598,16.0,0.0,0.0,0,0,0,16.0,1.0,0.0,0,0.0
105,35,16.598,16.0,0.0,0.0,0,0,0,16.0,1.0,0.0,0,0.0
106,35,16.598,16.0,0.0,0.0,0,0,0,16.0,1.0,0.0,0,0.0
107,35,0.0,0.0,16.0,0.0,0,0,0,16.0,0.0,0.0,0,0.0
108,35,0.0,0.0,16.0,0.0,0,0,0,16.0,0.0,0.0,0,0.0
109,35,0.0,0.0,16.0,0.0,0,0,0,16.0,0.0,0.0,0,0.0
110,35,0.0,0.0,16.0,0.0,0,0,0,16.0,0.0,0.0,0,0.0
111,35,0.0,0.0,16.0,0.0,0,0,0,16.0,0.0,0.0,0,0.0
112,35,0.0,0.0,16.0,0.0,0,0,0,16.0,0.0,0.0,0,0.0
1,36,0.0,0.0,16.0,0.0,0,0,0,16.0,0.0,0.0,0,0.0
2,36,0.0,0.0,16.0,0.0,0,0,0,16.0,0.0,0.0,0,0.0
3,36,0.0,0.0,16.0,0.0,0,0,0,16.0,0.0,0.0,0,0.0
4,36,0.0,0.0,16.0,0.0,0,0,0,16.0,0.0,0.0,0,0.0
5,36,0.0,0.0,16.0,0.0,0,0,0,16.0,0.0,0.0,0,0.0
6,36,0.0,0.0,16.0,0.0,0,0,0,16.0,0.0,0.0,0,0.0
7,36,0.0,0.0,16.0,0.0,0,0,0,16.0,0.0,0.0,0,0.0
8,36,0.0,0.0,16.0,0.0,0,0,0,16.0,0.0,0.0,0,0.0
9,36,0.0,0.0,16.0,0.0,0,0,0,16.0,0.0,0.0,0,0.0
10,36,0.0,0.0,16.0,0.0,0,0,0,16.0,0.0,0.0,0,0.0
11,36,0.0,0.0,8.0,0.0,0,0,0,8.0,0.0,0.0,0,0.0
12,36,8.319,8.0,8.0,0.0,0,0,0,16.0,0.5,0.0,0,0.0
13,36,0.0,0.0,16.0,0.0,0,0,0,16.0,0.0,0.0,0,0.0
14,36,0.0,0.0,16.0,0.0,0,0,0,16.0,0.0,0.0,0,0.0
15,36,0.0,0.0,16.0,0.0,0,0,0,16.0,0.0,0.0,0,0.0
16,36,0.0,0.0,16.0,0.0,0,0,0,16.0,0.0,0.0,0,0.0
17,36,0.0,0.0,8.0,0.0,0,0,0,8.0,0.0,0.0,0,0.0
18,36,0.0,0.0,16.0,0.0,0,0,0,16.0,0.0,0.0,0,0.0
19,36,0.0,0.0,16.0,0.0,0,0,0,16.0,0.0,0.0,0,0.0
20,36,0.0,0.0,8.0,0.0,0,0,0,8.0,0.0,0.0,0,0.0
21,36,0.0,0.0,8.0,0.0,0,0,0,8.0,0.0,0.0,0,0.0
22,36,0.0,0.0,16.0,0.0,0,0,0,16.0,0.0,0.0,0,0.0
23,36,0.0,0.0,16.0,0.0,0,0,0,16.0,0.0,0.0,0,0.0
24,36,0.0,0.0,16.0,0.0,0,0,0,16.0,0.0,0.0,0,0.0
25,36,0.0,0.0,16.0,0.0,0,0,0,16.0,0.0,0.0,0,0.0
26,36,0.0,0.0,16.0,0.0,0,0,0,16.0,0.0,0.0,0,0.0
27,36,0.0,0.0,16.0,0.0,0,0,0,16.0,0.0,0.0,0,0.0
28,36,0.0,0.0,16.0,0.0,0,0,0,16.0,0.0,0.0,0,0.0
29,36,0.0,0.0,16.0,0.0,0,0,0,16.0,0.0,0.0,0,0.0
30,36,0.0,0.0,16.0,0.0,0,0,0,16.0,0.0,0.0,0,0.0
31,36,0.0,0.0,16.0,0.0,0,0,0,16.0,0.0,0.0,0,0.0
32,36,0.0,0.0,16.0,0.0,0,0,0,16.0,0.0,0.0,0,0.0
33,36,0.0,0.0,16.0,0.0,0,0,0,16.0,0.0,0.0,0,0.0
34,36,0.0,0.0,16.0,0.0,0,0,0,16.0,0.0,0.0,0,0.0
35,36,0.0,0.0,8.0,0.0,0,0,0,8.0,0.0,0.0,0,0.0
36,36,0.0,0.0,16.0,0.0,0,0,0,16.0,0.0,0.0,0,0.0
37,36,23.544,16.0,0.0,0.0,0,0,0,16.0,1.0,0.0,0,0.0
38,36,23.544,16.0,0.0,0.0,0,0,0,16.0,1.0,0.0,0,0.0
39,36,23.544,16.0,0.0,0.0,0,0,0,16.0,1.0,0.0,0,0.0
40,36,23.544,16.0,0.0,0.0,0,0,0,16.0,1.0,0.0,0,0.0
41,36,23.544,16.0,0.0,0.0,0,0,0,16.0,1.0,0.0,0,0.0
42,36,23.544,16.0,0.0,0.0,0,0,0,16.0,1.0,0.0,0,0.0
43,36,23.544,16.0,0.0,0.0,0,0,0,16.0,1.0,0.0,0,0.0
44,36,10.432,8.0,0.0,0.0,0,0,0,8.0,1.0,0.0,0,0.0
45,36,16.4808,16.0,0.0,0.0,0,0,0,16.0,1.0,0.0,0,0.6
46,36,23.544,16.0,0.0,0.0,0,0,0,16.0,1.0,0.0,0,0.0
47,36,23.544,16.0,0.0,0.0,0,0,0,16.0,1.0,0.0,0,0.0
48,36,23.544,16.0,0.0,0.0,0,0,0,16.0,1.0,0.0,0,0.0
49,36,23.544,16.0,0.0,0.0,0,0,0,16.0,1.0,0.0,0,0.0
50,36,23.544,16.0,0.0,0.0,0,0,0,16.0,1.0,0.0,0,0.0
51,36,23.544,16.0,0.0,0.0,0,0,0,16.0,1.0,0.0,0,0.0
52,36,16.4808,16.0,0.0,0.0,0,0,0,16.0,1.0,0.0,0,0.6
53,36,13.112,8.0,0.0,0.0,0,0,0,8.0,1.0,0.0,0,0.0
54,36,23.544,16.0,0.0,0.0,0,0,0,16.0,1.0,0.0,0,0.0
55,36,23.544,16.0,0.0,0.0,0,0,0,16.0,1.0,0.0,0,0.0
56,36,23.544,16.0,0.0,0.0,0,0,0,16.0,1.0,0.0,0,0.0
57,36,19.896,16.0,0.0,0.0,0,0,0,16.0,1.0,0.0,0,0.0
58,36,13.9272,16.0,0.0,0.0,0,0,0,16.0,1.0,0.0,0,0.6
59,36,9.948,8.0,0.0,0.0,0,0,0,8.0,1.0,0.0,0,0.0
60,36,9.948,8.0,0.0,0.0,0,0,0,8.0,1.0,0.0,0,0.0
61,36,19.896,16.0,0.0,0.0,0,0,0,16.0,1.0,0.0,0,0.0
62,36,23.544,16.0,0.0,0.0,0,0,0,16.0,1.0,0.0,0,0.0
63,36,13.112,8.0,0.0,0.0,0,0,0,8.0,1.0,0.0,0,0.0
64,36,23.544,16.0,0.0,0.0,0,0,0,16.0,1.0,0.0,0,0.0
65,36,13.112,8.0,0.0,0.0,0,0,0,8.0,1.0,0.0,0,0.0
66,36,9.692691923745272,8.0,0.0,0.0,0,0,0,8.0,1.0,0.0,0,0.0
67,36,23.544,16.0,0.0,0.0,0,0,0,16.0,1.0,0.0,0,0.0
68,36,23.544,16.0,0.0,0.0,0,0,0,16.0,1.0,0.0,0,0.0
69,36,23.544,16.0,0.0,0.0,0,0,0,16.0,1.0,0.0,0,0.0
70,36,23.544,16.0,0.0,0.0,0,0,0,16.0,1.0,0.0,0,0.0
71,36,10.432,8.0,0.0,0.0,0,0,0,8.0,1.0,0.0,0,0.0
72,36,23.544,16.0,0.0,0.0,0,0,0,16.0,1.0,0.0,0,0.0
73,36,23.544,16.0,0.0,0.0,0,0,0,16.0,1.0,0.0,0,0.0
74,36,7.687626469285421,4.6904371380631,3.3095628619369,0.0,0,0,0,8.0,0.5863046422578875,3.3095628619369006,1,0.0
75,36,10.432,8.0,0.0,0.0,0,0,0,8.0,1.0,0.0,0,0.0
77,36,23.544,16.0,0.0,0.0,0,0,0,16.0,1.0,0.0,0,0.0
78,36,23.544,16.0,0.0,0.0,0,0,0,16.0,1.0,0.0,0,0.0
79,36,12.002200827701671,16.0,0.0,0.0,0,0,0,16.0,1.0,0.0,0,0.0
80,36,23.544,16.0,0.0,0.0,0,0,0,16.0,1.0,0.0,0,0.0
81,36,23.544,16.0,0.0,0.0,0,0,0,16.0,1.0,0.0,0,0.0
82,36,1.7439448488121891,2.1047503542334596,5.89524964576654,0.0,0,0,0,8.0,0.26309379427918245,5.89524964576654,1,0.0
83,36,15.944872066360848,11.363558307724738,4.6364416922752625,0.0,0,0,0,16.0,0.7102223942327961,4.636441692275262,1,0.0
84,36,23.544,16.0,0.0,0.0,0,0,0,16.0,1.0,0.0,0,0.0
85,36,23.544,16.0,0.0,0.0,0,0,0,16.0,1.0,0.0,0,0.0
86,36,23.544,16.0,0.0,0.0,0,0,0,16.0,1.0,0.0,0,0.0
87,36,23.544,16.0,0.0,0.0,0,0,0,16.0,1.0,0.0,0,0.0
88,36,20.15725802075702,13.933653459888358,2.066346540111642,0.0,0,0,0,16.0,0.8708533412430224,2.0663465401116423,1,0.0
89,36,23.544,16.0,0.0,0.0,0,0,0,16.0,1.0,0.0,0,0.0
90,36,13.112,8.0,0.0,0.0,0,0,0,8.0,1.0,0.0,0,0.0
91,36,23.544,16.0,0.0,0.0,0,0,0,16.0,1.0,0.0,0,0.0
92,36,13.112,8.0,0.0,0.0,0,0,0,8.0,1.0,0.0,0,0.0
93,36,10.432,8.0,0.0,0.0,0,0,0,8.0,1.0,0.0,0,0.0
94,36,23.544,16.0,0.0,0.0,0,0,0,16.0,1.0,0.0,0,0.0
95,36,12.40721422975943,16.0,0.0,0.0,0,0,0,16.0,1.0,0.0,0,0.6
96,36,23.544,16.0,0.0,0.0,0,0,0,16.0,1.0,0.0,0,0.0
97,36,23.544,16.0,0.0,0.0,0,0,0,16.0,1.0,0.0,0,0.0
98,36,23.544,16.0,0.0,0.0,0,0,0,16.0,1.0,0.0,0,0.0
99,36,23.544,16.0,0.0,0.0,0,0,0,16.0,1.0,0.0,0,0.0
100,36,0.0,0.0,16.0,0.0,0,0,0,16.0,0.0,0.0,0,0.0
101,36,16.598,16.0,0.0,0.0,0,0,0,16.0,1.0,0.0,0,0.0
102,36,5.8092999999999995,8.0,0.0,0.0,0,0,0,8.0,1.0,0.0,0,0.3
103,36,16.598,16.0,0.0,0.0,0,0,0,16.0,1.0,0.0,0,0.0
104,36,16.598,16.0,0.0,0.0,0,0,0,16.0,1.0,0.0,0,0.0
105,36,16.598,16.0,0.0,0.0,0,0,0,16.0,1.0,0.0,0,0.0
106,36,16.598,16.0,0.0,0.0,0,0,0,16.0,1.0,0.0,0,0.0
107,36,0.0,0.0,16.0,0.0,0,0,0,16.0,0.0,0.0,0,0.0
108,36,0.0,0.0,16.0,0.0,0,0,0,16.0,0.0,0.0,0,0.0
109,36,0.0,0.0,16.0,0.0,0,0,0,16.0,0.0,0.0,0,0.0
110,36,0.0,0.0,16.0,0.0,0,0,0,16.0,0.0,0.0,0,0.0
111,36,0.0,0.0,16.0,0.0,0,0,0,16.0,0.0,0.0,0,0.0
112,36,0.0,0.0,16.0,0.0,0,0,0,16.0,0.0,0.0,0,0.0
1,37,0.0,0.0,16.0,0.0,0,0,0,16.0,0.0,0.0,0,0.0
2,37,0.0,0.0,16.0,0.0,0,0,0,16.0,0.0,0.0,0,0.0
3,37,0.0,0.0,16.0,0.0,0,0,0,16.0,0.0,0.0,0,0.0
4,37,0.0,0.0,16.0,0.0,0,0,0,16.0,0.0,0.0,0,0.0
5,37,0.0,0.0,16.0,0.0,0,0,0,16.0,0.0,0.0,0,0.0
6,37,0.0,0.0,16.0,0.0,0,0,0,16.0,0.0,0.0,0,0.0
7,37,0.0,0.0,16.0,0.0,0,0,0,16.0,0.0,0.0,0,0.0
8,37,0.0,0.0,16.0,0.0,0,0,0,16.0,0.0,0.0,0,0.0
9,37,0.0,0.0,16.0,0.0,0,0,0,16.0,0.0,0.0,0,0.0
10,37,0.0,0.0,16.0,0.0,0,0,0,16.0,0.0,0.0,0,0.0
11,37,0.0,0.0,8.0,0.0,0,0,0,8.0,0.0,0.0,0,0.0
12,37,8.319,8.0,8.0,0.0,0,0,0,16.0,0.5,0.0,0,0.0
13,37,0.0,0.0,16.0,0.0,0,0,0,16.0,0.0,0.0,0,0.0
14,37,0.0,0.0,16.0,0.0,0,0,0,16.0,0.0,0.0,0,0.0
15,37,0.0,0.0,16.0,0.0,0,0,0,16.0,0.0,0.0,0,0.0
16,37,0.0,0.0,16.0,0.0,0,0,0,16.0,0.0,0.0,0,0.0
17,37,0.0,0.0,8.0,0.0,0,0,0,8.0,0.0,0.0,0,0.0
18,37,0.0,0.0,16.0,0.0,0,0,0,16.0,0.0,0.0,0,0.0
19,37,0.0,0.0,16.0,0.0,0,0,0,16.0,0.0,0.0,0,0.0
20,37,0.0,0.0,8.0,0.0,0,0,0,8.0,0.0,0.0,0,0.0
21,37,0.0,0.0,8.0,0.0,0,0,0,8.0,0.0,0.0,0,0.0
22,37,0.0,0.0,16.0,0.0,0,0,0,16.0,0.0,0.0,0,0.0
23,37,0.0,0.0,16.0,0.0,0,0,0,16.0,0.0,0.0,0,0.0
24,37,0.0,0.0,16.0,0.0,0,0,0,16.0,0.0,0.0,0,0.0
25,37,0.0,0.0,16.0,0.0,0,0,0,16.0,0.0,0.0,0,0.0
26,37,0.0,0.0,16.0,0.0,0,0,0,16.0,0.0,0.0,0,0.0
27,37,0.0,0.0,16.0,0.0,0,0,0,16.0,0.0,0.0,0,0.0
28,37,0.0,0.0,16.0,0.0,0,0,0,16.0,0.0,0.0,0,0.0
29,37,0.0,0.0,16.0,0.0,0,0,0,16.0,0.0,0.0,0,0.0
30,37,0.0,0.0,16.0,0.0,0,0,0,16.0,0.0,0.0,0,0.0
31,37,0.0,0.0,16.0,0.0,0,0,0,16.0,0.0,0.0,0,0.0
32,37,0.0,0.0,16.0,0.0,0,0,0,16.0,0.0,0.0,0,0.0
33,37,0.0,0.0,16.0,0.0,0,0,0,16.0,0.0,0.0,0,0.0
34,37,0.0,0.0,16.0,0.0,0,0,0,16.0,0.0,0.0,0,0.0
35,37,0.0,0.0,8.0,0.0,0,0,0,8.0,0.0,0.0,0,0.0
36,37,0.0,0.0,16.0,0.0,0,0,0,16.0,0.0,0.0,0,0.0
37,37,23.544,16.0,0.0,0.0,0,0,0,16.0,1.0,0.0,0,0.0
38,37,23.544,16.0,0.0,0.0,0,0,0,16.0,1.0,0.0,0,0.0
39,37,16.17286473965954,16.0,0.0,0.0,0,0,0,16.0,1.0,0.0,0,0.0
40,37,12.3979154995117,11.445489875152173,4.554510124847827,0.0,0,0,0,16.0,0.7153431171970108,4.554510124847828,1,0.0
41,37,23.544,16.0,0.0,0.0,0,0,0,16.0,1.0,0.0,0,0.0
42,37,14.41512188708256,16.0,0.0,0.0,0,0,0,16.0,1.0,0.0,0,0.0
43,37,23.544,16.0,0.0,0.0,0,0,0,16.0,1.0,0.0,0,0.0
44,37,10.432,8.0,0.0,0.0,0,0,0,8.0,1.0,0.0,0,0.0
45,37,23.544,16.0,0.0,0.0,0,0,0,16.0,1.0,0.0,0,0.0
46,37,23.544,16.0,0.0,0.0,0,0,0,16.0,1.0,0.0,0,0.0
47,37,19.648054661446572,13.012311856937556,2.987688143062444,0.0,0,0,0,16.0,0.8132694910585972,2.987688143062444,1,0.0
48,37,23.544,16.0,0.0,0.0,0,0,0,16.0,1.0,0.0,0,0.0
49,37,16.4808,16.0,0.0,0.0,0,0,0,16.0,1.0,0.0,0,0.6
50,37,23.544,16.0,0.0,0.0,0,0,0,16.0,1.0,0.0,0,0.0
51,37,23.544,16.0,0.0,0.0,0,0,0,16.0,1.0,0.0,0,0.0
52,37,23.544,16.0,0.0,0.0,0,0,0,16.0,1.0,0.0,0,0.0
53,37,13.112,8.0,0.0,0.0,0,0,0,8.0,1.0,0.0,0,0.0
54,37,7.8209514470882215,16.0,0.0,0.0,0,0,0,16.0,1.0,0.0,0,0.6
55,37,23.544,16.0,0.0,0.0,0,0,0,16.0,1.0,0.0,0,0.0
56,37,23.544,16.0,0.0,0.0,0,0,0,16.0,1.0,0.0,0,0.0
57,37,19.896,16.0,0.0,0.0,0,0,0,16.0,1.0,0.0,0,0.0
58,37,19.896,16.0,0.0,0.0,0,0,0,16.0,1.0,0.0,0,0.0
59,37,9.948,8.0,0.0,0.0,0,0,0,8.0,1.0,0.0,0,0.0
60,37,9.948,8.0,0.0,0.0,0,0,0,8.0,1.0,0.0,0,0.0
61,37,19.896,16.0,0.0,0.0,0,0,0,16.0,1.0,0.0,0,0.0
62,37,23.544,16.0,0.0,0.0,0,0,0,16.0,1.0,0.0,0,0.0
63,37,13.112,8.0,0.0,0.0,0,0,0,8.0,1.0,0.0,0,0.0
64,37,23.544,16.0,0.0,0.0,0,0,0,16.0,1.0,0.0,0,0.0
65,37,13.112,8.0,0.0,0.0,0,0,0,8.0,1.0,0.0,0,0.0
66,37,13.112,8.0,0.0,0.0,0,0,0,8.0,1.0,0.0,0,0.0
67,37,23.544,16.0,0.0,0.0,0,0,0,16.0,1.0,0.0,0,0.0
68,37,23.544,16.0,0.0,0.0,0,0,0,16.0,1.0,0.0,0,0.0
69,37,23.544,16.0,0.0,0.0,0,0,0,16.0,1.0,0.0,0,0.0
70,37,23.544,16.0,0.0,0.0,0,0,0,16.0,1.0,0.0,0,0.0
71,37,10.432,8.0,0.0,0.0,0,0,0,8.0,1.0,0.0,0,0.0
72,37,23.544,16.0,0.0,0.0,0,0,0,16.0,1.0,0.0,0,0.0
73,37,23.544,16.0,0.0,0.0,0,0,0,16.0,1.0,0.0,0,0.0
74,37,13.112,8.0,0.0,0.0,0,0,0,8.0,1.0,0.0,0,0.0
75,37,7.250357776325822,8.0,0.0,0.0,0,0,0,8.0,1.0,0.0,0,0.0
77,37,16.086426675032435,11.449924755968539,4.550075244031461,0.0,0,0,0,16.0,0.7156202972480337,4.550075244031462,1,0.0
78,37,23.544,16.0,0.0,0.0,0,0,0,16.0,1.0,0.0,0,0.0
79,37,23.544,16.0,0.0,0.0,0,0,0,16.0,1.0,0.0,0,0.0
80,37,23.544,16.0,0.0,0.0,0,0,0,16.0,1.0,0.0,0,0.0
81,37,15.602603435772487,11.154730589244958,4.8452694107550425,0.0,0,0,0,16.0,0.6971706618278098,4.8452694107550425,1,0.0
82,37,13.112,8.0,0.0,0.0,0,0,0,8.0,1.0,0.0,0,0.0
83,37,23.544,16.0,0.0,0.0,0,0,0,16.0,1.0,0.0,0,0.0
84,37,23.544,16.0,0.0,0.0,0,0,0,16.0,1.0,0.0,0,0.0
85,37,23.544,16.0,0.0,0.0,0,0,0,16.0,1.0,0.0,0,0.0
86,37,23.544,16.0,0.0,0.0,0,0,0,16.0,1.0,0.0,0,0.0
87,37,23.544,16.0,0.0,0.0,0,0,0,16.0,1.0,0.0,0,0.0
88,37,23.544,16.0,0.0,0.0,0,0,0,16.0,1.0,0.0,0,0.0
89,37,15.44227144207272,16.0,0.0,0.0,0,0,0,16.0,1.0,0.0,0,0.0
90,37,13.112,8.0,0.0,0.0,0,0,0,8.0,1.0,0.0,0,0.0
91,37,23.544,16.0,0.0,0.0,0,0,0,16.0,1.0,0.0,0,0.0
92,37,13.112,8.0,0.0,0.0,0,0,0,8.0,1.0,0.0,0,0.0
93,37,10.432,8.0,0.0,0.0,0,0,0,8.0,1.0,0.0,0,0.0
94,37,23.544,16.0,0.0,0.0,0,0,0,16.0,1.0,0.0,0,0.0
95,37,23.544,16.0,0.0,0.0,0,0,0,16.0,1.0,0.0,0,0.0
96,37,16.4808,16.0,0.0,0.0,0,0,0,16.0,1.0,0.0,0,0.6
97,37,23.544,16.0,0.0,0.0,0,0,0,16.0,1.0,0.0,0,0.0
98,37,23.544,16.0,0.0,0.0,0,0,0,16.0,1.0,0.0,0,0.0
99,37,23.544,16.0,0.0,0.0,0,0,0,16.0,1.0,0.0,0,0.0
100,37,0.0,0.0,16.0,0.0,0,0,0,16.0,0.0,0.0,0,0.0
101,37,16.598,16.0,0.0,0.0,0,0,0,16.0,1.0,0.0,0,0.0
102,37,8.299,8.0,0.0,0.0,0,0,0,8.0,1.0,0.0,0,0.0
103,37,16.598,16.0,0.0,0.0,0,0,0,16.0,1.0,0.0,0,0.0
104,37,16.598,16.0,0.0,0.0,0,0,0,16.0,1.0,0.0,0,0.0
105,37,16.598,16.0,0.0,0.0,0,0,0,16.0,1.0,0.0,0,0.0
106,37,16.598,16.0,0.0,0.0,0,0,0,16.0,1.0,0.0,0,0.0
107,37,0.0,0.0,16.0,0.0,0,0,0,16.0,0.0,0.0,0,0.0
108,37,0.0,0.0,16.0,0.0,0,0,0,16.0,0.0,0.0,0,0.0
109,37,0.0,0.0,16.0,0.0,0,0,0,16.0,0.0,0.0,0,0.0
110,37,0.0,0.0,16.0,0.0,0,0,0,16.0,0.0,0.0,0,0.0
111,37,0.0,0.0,16.0,0.0,0,0,0,16.0,0.0,0.0,0,0.0
112,37,0.0,0.0,16.0,0.0,0,0,0,16.0,0.0,0.0,0,0.0
1,38,0.0,0.0,16.0,0.0,0,0,0,16.0,0.0,0.0,0,0.0
2,38,0.0,0.0,16.0,0.0,0,0,0,16.0,0.0,0.0,0,0.0
3,38,0.0,0.0,16.0,0.0,0,0,0,16.0,0.0,0.0,0,0.0
4,38,0.0,0.0,16.0,0.0,0,0,0,16.0,0.0,0.0,0,0.0
5,38,0.0,0.0,16.0,0.0,0,0,0,16.0,0.0,0.0,0,0.0
6,38,0.0,0.0,16.0,0.0,0,0,0,16.0,0.0,0.0,0,0.0
7,38,0.0,0.0,16.0,0.0,0,0,0,16.0,0.0,0.0,0,0.0
8,38,0.0,0.0,16.0,0.0,0,0,0,16.0,0.0,0.0,0,0.0
9,38,0.0,0.0,16.0,0.0,0,0,0,16.0,0.0,0.0,0,0.0
10,38,0.0,0.0,16.0,0.0,0,0,0,16.0,0.0,0.0,0,0.0
11,38,0.0,0.0,8.0,0.0,0,0,0,8.0,0.0,0.0,0,0.0
12,38,8.319,8.0,8.0,0.0,0,0,0,16.0,0.5,0.0,0,0.0
13,38,0.0,0.0,16.0,0.0,0,0,0,16.0,0.0,0.0,0,0.0
14,38,0.0,0.0,16.0,0.0,0,0,0,16.0,0.0,0.0,0,0.0
15,38,0.0,0.0,16.0,0.0,0,0,0,16.0,0.0,0.0,0,0.0
16,38,0.0,0.0,16.0,0.0,0,0,0,16.0,0.0,0.0,0,0.0
17,38,0.0,0.0,8.0,0.0,0,0,0,8.0,0.0,0.0,0,0.0
18,38,0.0,0.0,16.0,0.0,0,0,0,16.0,0.0,0.0,0,0.0
19,38,0.0,0.0,16.0,0.0,0,0,0,16.0,0.0,0.0,0,0.0
20,38,0.0,0.0,8.0,0.0,0,0,0,8.0,0.0,0.0,0,0.0
21,38,0.0,0.0,8.0,0.0,0,0,0,8.0,0.0,0.0,0,0.0
22,38,0.0,0.0,16.0,0.0,0,0,0,16.0,0.0,0.0,0,0.0
23,38,0.0,0.0,16.0,0.0,0,0,0,16.0,0.0,0.0,0,0.0
24,38,0.0,0.0,16.0,0.0,0,0,0,16.0,0.0,0.0,0,0.0
25,38,0.0,0.0,16.0,0.0,0,0,0,16.0,0.0,0.0,0,0.0
26,38,0.0,0.0,16.0,0.0,0,0,0,16.0,0.0,0.0,0,0.0
27,38,0.0,0.0,16.0,0.0,0,0,0,16.0,0.0,0.0,0,0.0
28,38,0.0,0.0,16.0,0.0,0,0,0,16.0,0.0,0.0,0,0.0
29,38,0.0,0.0,16.0,0.0,0,0,0,16.0,0.0,0.0,0,0.0
30,38,0.0,0.0,16.0,0.0,0,0,0,16.0,0.0,0.0,0,0.0
31,38,0.0,0.0,16.0,0.0,0,0,0,16.0,0.0,0.0,0,0.0
32,38,0.0,0.0,16.0,0.0,0,0,0,16.0,0.0,0.0,0,0.0
33,38,0.0,0.0,16.0,0.0,0,0,0,16.0,0.0,0.0,0,0.0
34,38,0.0,0.0,16.0,0.0,0,0,0,16.0,0.0,0.0,0,0.0
35,38,0.0,0.0,8.0,0.0,0,0,0,8.0,0.0,0.0,0,0.0
36,38,0.0,0.0,16.0,0.0,0,0,0,16.0,0.0,0.0,0,0.0
37,38,23.544,16.0,0.0,0.0,0,0,0,16.0,1.0,0.0,0,0.0
38,38,23.544,16.0,0.0,0.0,0,0,0,16.0,1.0,0.0,0,0.0
39,38,23.544,16.0,0.0,0.0,0,0,0,16.0,1.0,0.0,0,0.0
40,38,23.544,16.0,0.0,0.0,0,0,0,16.0,1.0,0.0,0,0.0
41,38,23.544,16.0,0.0,0.0,0,0,0,16.0,1.0,0.0,0,0.0
42,38,12.67381816827855,16.0,0.0,0.0,0,0,0,16.0,1.0,0.0,0,0.6
43,38,23.544,16.0,0.0,0.0,0,0,0,16.0,1.0,0.0,0,0.0
44,38,10.432,8.0,0.0,0.0,0,0,0,8.0,1.0,0.0,0,0.0
45,38,19.961961157718477,13.25303769763687,2.74696230236313,0.0,0,0,0,16.0,0.8283148561023044,2.74696230236313,1,0.0
46,38,16.4808,16.0,0.0,0.0,0,0,0,16.0,1.0,0.0,0,0.6
47,38,23.544,16.0,0.0,0.0,0,0,0,16.0,1.0,0.0,0,0.0
48,38,23.544,16.0,0.0,0.0,0,0,0,16.0,1.0,0.0,0,0.0
49,38,23.544,16.0,0.0,0.0,0,0,0,16.0,1.0,0.0,0,0.0
50,38,14.727750325946054,16.0,0.0,0.0,0,0,0,16.0,1.0,0.0,0,0.0
51,38,23.544,16.0,0.0,0.0,0,0,0,16.0,1.0,0.0,0,0.0
52,38,18.23386737671332,16.0,0.0,0.0,0,0,0,16.0,1.0,0.0,0,0.0
53,38,13.112,8.0,0.0,0.0,0,0,0,8.0,1.0,0.0,0,0.0
54,38,23.544,16.0,0.0,0.0,0,0,0,16.0,1.0,0.0,0,0.0
55,38,23.544,16.0,0.0,0.0,0,0,0,16.0,1.0,0.0,0,0.0
56,38,23.544,16.0,0.0,0.0,0,0,0,16.0,1.0,0.0,0,0.0
57,38,13.9272,16.0,0.0,0.0,0,0,0,16.0,1.0,0.0,0,0.6
58,38,13.9272,16.0,0.0,0.0,0,0,0,16.0,1.0,0.0,0,0.6
59,38,9.948,8.0,0.0,0.0,0,0,0,8.0,1.0,0.0,0,0.0
60,38,9.948,8.0,0.0,0.0,0,0,0,8.0,1.0,0.0,0,0.0
61,38,19.896,16.0,0.0,0.0,0,0,0,16.0,1.0,0.0,0,0.0
62,38,23.544,16.0,0.0,0.0,0,0,0,16.0,1.0,0.0,0,0.0
63,38,13.112,8.0,0.0,0.0,0,0,0,8.0,1.0,0.0,0,0.0
64,38,23.544,16.0,0.0,0.0,0,0,0,16.0,1.0,0.0,0,0.0
65,38,13.112,8.0,0.0,0.0,0,0,0,8.0,1.0,0.0,0,0.0
66,38,13.112,8.0,0.0,0.0,0,0,0,8.0,1.0,0.0,0,0.0
67,38,23.544,16.0,0.0,0.0,0,0,0,16.0,1.0,0.0,0,0.0
68,38,23.544,16.0,0.0,0.0,0,0,0,16.0,1.0,0.0,0,0.0
69,38,23.544,16.0,0.0,0.0,0,0,0,16.0,1.0,0.0,0,0.0
70,38,23.544,16.0,0.0,0.0,0,0,0,16.0,1.0,0.0,0,0.0
71,38,10.432,8.0,0.0,0.0,0,0,0,8.0,1.0,0.0,0,0.0
72,38,23.544,16.0,0.0,0.0,0,0,0,16.0,1.0,0.0,0,0.0
73,38,23.544,16.0,0.0,0.0,0,0,0,16.0,1.0,0.0,0,0.0
74,38,13.112,8.0,0.0,0.0,0,0,0,8.0,1.0,0.0,0,0.0
75,38,7.3024,8.0,0.0,0.0,0,0,0,8.0,1.0,0.0,0,0.3
77,38,23.544,16.0,0.0,0.0,0,0,0,16.0,1.0,0.0,0,0.0
78,38,12.71494501264069,16.0,0.0,0.0,0,0,0,16.0,1.0,0.0,0,0.0
79,38,23.544,16.0,0.0,0.0,0,0,0,16.0,1.0,0.0,0,0.0
80,38,23.544,16.0,0.0,0.0,0,0,0,16.0,1.0,0.0,0,0.0
81,38,16.4808,16.0,0.0,0.0,0,0,0,16.0,1.0,0.0,0,0.6
82,38,6.160768091605577,3.7588578960375703,4.24114210396243,0.0,0,0,0,8.0,0.4698572370046963,4.24114210396243,1,0.0
83,38,23.544,16.0,0.0,0.0,0,0,0,16.0,1.0,0.0,0,0.0
84,38,23.544,16.0,0.0,0.0,0,0,0,16.0,1.0,0.0,0,0.0
85,38,23.544,16.0,0.0,0.0,0,0,0,16.0,1.0,0.0,0,0.0
86,38,23.544,16.0,0.0,0.0,0,0,0,16.0,1.0,0.0,0,0.0
87,38,14.828517081772171,10.682438732014747,5.317561267985253,0.0,0,0,0,16.0,0.6676524207509217,5.317561267985253,1,0.0
88,38,23.544,16.0,0.0,0.0,0,0,0,16.0,1.0,0.0,0,0.0
89,38,23.544,16.0,0.0,0.0,0,0,0,16.0,1.0,0.0,0,0.0
90,38,13.112,8.0,0.0,0.0,0,0,0,8.0,1.0,0.0,0,0.0
91,38,23.544,16.0,0.0,0.0,0,0,0,16.0,1.0,0.0,0,0.0
92,38,9.1784,8.0,0.0,0.0,0,0,0,8.0,1.0,0.0,0,0.3
93,38,10.432,8.0,0.0,0.0,0,0,0,8.0,1.0,0.0,0,0.0
94,38,23.544,16.0,0.0,0.0,0,0,0,16.0,1.0,0.0,0,0.0
95,38,23.544,16.0,0.0,0.0,0,0,0,16.0,1.0,0.0,0,0.0
96,38,23.544,16.0,0.0,0.0,0,0,0,16.0,1.0,0.0,0,0.0
97,38,23.544,16.0,0.0,0.0,0,0,0,16.0,1.0,0.0,0,0.0
98,38,23.544,16.0,0.0,0.0,0,0,0,16.0,1.0,0.0,0,0.0
99,38,17.2923302606523,12.1856804518928,3.8143195481072,0.0,0,0,0,16.0,0.7616050282433,3.8143195481071994,1,0.0
100,38,0.0,0.0,16.0,0.0,0,0,0,16.0,0.0,0.0,0,0.0
101,38,16.598,16.0,0.0,0.0,0,0,0,16.0,1.0,0.0,0,0.0
102,38,8.299,8.0,0.0,0.0,0,0,0,8.0,1.0,0.0,0,0.0
103,38,16.598,16.0,0.0,0.0,0,0,0,16.0,1.0,0.0,0,0.0
104,38,16.598,16.0,0.0,0.0,0,0,0,16.0,1.0,0.0,0,0.0
105,38,16.598,16.0,0.0,0.0,0,0,0,16.0,1.0,0.0,0,0.0
106,38,13.377675250881754,12.89569851874371,3.1043014812562895,0.0,0,0,0,16.0,0.8059811574214819,3.1043014812562904,1,0.0
107,38,0.0,0.0,16.0,0.0,0,0,0,16.0,0.0,0.0,0,0.0
108,38,0.0,0.0,16.0,0.0,0,0,0,16.0,0.0,0.0,0,0.0
109,38,0.0,0.0,16.0,0.0,0,0,0,16.0,0.0,0.0,0,0.0
110,38,0.0,0.0,16.0,0.0,0,0,0,16.0,0.0,0.0,0,0.0
111,38,0.0,0.0,16.0,0.0,0,0,0,16.0,0.0,0.0,0,0.0
112,38,0.0,0.0,16.0,0.0,0,0,0,16.0,0.0,0.0,0,0.0
1,39,0.0,0.0,16.0,0.0,0,0,0,16.0,0.0,0.0,0,0.0
2,39,0.0,0.0,16.0,0.0,0,0,0,16.0,0.0,0.0,0,0.0
3,39,0.0,0.0,16.0,0.0,0,0,0,16.0,0.0,0.0,0,0.0
4,39,0.0,0.0,16.0,0.0,0,0,0,16.0,0.0,0.0,0,0.0
5,39,0.0,0.0,16.0,0.0,0,0,0,16.0,0.0,0.0,0,0.0
6,39,0.0,0.0,16.0,0.0,0,0,0,16.0,0.0,0.0,0,0.0
7,39,0.0,0.0,16.0,0.0,0,0,0,16.0,0.0,0.0,0,0.0
8,39,0.0,0.0,16.0,0.0,0,0,0,16.0,0.0,0.0,0,0.0
9,39,0.0,0.0,16.0,0.0,0,0,0,16.0,0.0,0.0,0,0.0
10,39,0.0,0.0,16.0,0.0,0,0,0,16.0,0.0,0.0,0,0.0
11,39,0.0,0.0,8.0,0.0,0,0,0,8.0,0.0,0.0,0,0.0
12,39,8.319,8.0,8.0,0.0,0,0,0,16.0,0.5,0.0,0,0.0
13,39,0.0,0.0,16.0,0.0,0,0,0,16.0,0.0,0.0,0,0.0
14,39,0.0,0.0,16.0,0.0,0,0,0,16.0,0.0,0.0,0,0.0
15,39,0.0,0.0,16.0,0.0,0,0,0,16.0,0.0,0.0,0,0.0
16,39,0.0,0.0,16.0,0.0,0,0,0,16.0,0.0,0.0,0,0.0
17,39,0.0,0.0,8.0,0.0,0,0,0,8.0,0.0,0.0,0,0.0
18,39,0.0,0.0,16.0,0.0,0,0,0,16.0,0.0,0.0,0,0.0
19,39,0.0,0.0,16.0,0.0,0,0,0,16.0,0.0,0.0,0,0.0
20,39,0.0,0.0,8.0,0.0,0,0,0,8.0,0.0,0.0,0,0.0
21,39,0.0,0.0,8.0,0.0,0,0,0,8.0,0.0,0.0,0,0.0
22,39,0.0,0.0,16.0,0.0,0,0,0,16.0,0.0,0.0,0,0.0
23,39,0.0,0.0,16.0,0.0,0,0,0,16.0,0.0,0.0,0,0.0
24,39,0.0,0.0,16.0,0.0,0,0,0,16.0,0.0,0.0,0,0.0
25,39,0.0,0.0,16.0,0.0,0,0,0,16.0,0.0,0.0,0,0.0
26,39,0.0,0.0,16.0,0.0,0,0,0,16.0,0.0,0.0,0,0.0
27,39,0.0,0.0,16.0,0.0,0,0,0,16.0,0.0,0.0,0,0.0
28,39,0.0,0.0,16.0,0.0,0,0,0,16.0,0.0,0.0,0,0.0
29,39,0.0,0.0,16.0,0.0,0,0,0,16.0,0.0,0.0,0,0.0
30,39,0.0,0.0,16.0,0.0,0,0,0,16.0,0.0,0.0,0,0.0
31,39,0.0,0.0,16.0,0.0,0,0,0,16.0,0.0,0.0,0,0.0
32,39,0.0,0.0,16.0,0.0,0,0,0,16.0,0.0,0.0,0,0.0
33,39,0.0,0.0,16.0,0.0,0,0,0,16.0,0.0,0.0,0,0.0
34,39,0.0,0.0,16.0,0.0,0,0,0,16.0,0.0,0.0,0,0.0
35,39,0.0,0.0,8.0,0.0,0,0,0,8.0,0.0,0.0,0,0.0
36,39,0.0,0.0,16.0,0.0,0,0,0,16.0,0.0,0.0,0,0.0
37,39,23.544,16.0,0.0,0.0,0,0,0,16.0,1.0,0.0,0,0.0
38,39,16.573996985549634,10.654905663765057,5.3450943362349435,0.0,0,0,0,16.0,0.665931603985316,5.3450943362349435,1,0.0
39,39,23.544,16.0,0.0,0.0,0,0,0,16.0,1.0,0.0,0,0.0
40,39,23.544,16.0,0.0,0.0,0,0,0,16.0,1.0,0.0,0,0.0
41,39,23.544,16.0,0.0,0.0,0,0,0,16.0,1.0,0.0,0,0.0
42,39,23.544,16.0,0.0,0.0,0,0,0,16.0,1.0,0.0,0,0.0
43,39,15.481373087720176,15.128887900043736,0.8711120999562638,0.0,0,0,0,16.0,0.9455554937527335,0.8711120999562638,1,0.6
44,39,10.432,8.0,0.0,0.0,0,0,0,8.0,1.0,0.0,0,0.0
45,39,23.544,16.0,0.0,0.0,0,0,0,16.0,1.0,0.0,0,0.0
46,39,15.117709644725576,10.858883248764842,5.141116751235158,0.0,0,0,0,16.0,0.6786802030478026,5.141116751235158,1,0.0
47,39,16.666429246214527,16.0,0.0,0.0,0,0,0,16.0,1.0,0.0,0,0.0
48,39,23.544,16.0,0.0,0.0,0,0,0,16.0,1.0,0.0,0,0.0
49,39,23.544,16.0,0.0,0.0,0,0,0,16.0,1.0,0.0,0,0.0
50,39,14.670815323949903,16.0,0.0,0.0,0,0,0,16.0,1.0,0.0,0,0.0
51,39,16.4808,16.0,0.0,0.0,0,0,0,16.0,1.0,0.0,0,0.6
52,39,23.544,16.0,0.0,0.0,0,0,0,16.0,1.0,0.0,0,0.0
53,39,13.112,8.0,0.0,0.0,0,0,0,8.0,1.0,0.0,0,0.0
54,39,23.544,16.0,0.0,0.0,0,0,0,16.0,1.0,0.0,0,0.0
55,39,23.544,16.0,0.0,0.0,0,0,0,16.0,1.0,0.0,0,0.0
56,39,23.544,16.0,0.0,0.0,0,0,0,16.0,1.0,0.0,0,0.0
57,39,19.896,16.0,0.0,0.0,0,0,0,16.0,1.0,0.0,0,0.0
58,39,19.896,16.0,0.0,0.0,0,0,0,16.0,1.0,0.0,0,0.0
59,39,9.948,8.0,0.0,0.0,0,0,0,8.0,1.0,0.0,0,0.0
60,39,9.948,8.0,0.0,0.0,0,0,0,8.0,1.0,0.0,0,0.0
61,39,19.896,16.0,0.0,0.0,0,0,0,16.0,1.0,0.0,0,0.0
62,39,18.11672743684953,12.688668356833148,3.3113316431668522,0.0,0,0,0,16.0,0.7930417723020717,3.3113316431668522,1,0.0
63,39,13.112,8.0,0.0,0.0,0,0,0,8.0,1.0,0.0,0,0.0
64,39,23.544,16.0,0.0,0.0,0,0,0,16.0,1.0,0.0,0,0.0
65,39,13.112,8.0,0.0,0.0,0,0,0,8.0,1.0,0.0,0,0.0
66,39,13.112,8.0,0.0,0.0,0,0,0,8.0,1.0,0.0,0,0.0
67,39,23.544,16.0,0.0,0.0,0,0,0,16.0,1.0,0.0,0,0.0
68,39,23.544,16.0,0.0,0.0,0,0,0,16.0,1.0,0.0,0,0.0
69,39,23.544,16.0,0.0,0.0,0,0,0,16.0,1.0,0.0,0,0.0
70,39,23.544,16.0,0.0,0.0,0,0,0,16.0,1.0,0.0,0,0.0
71,39,10.432,8.0,0.0,0.0,0,0,0,8.0,1.0,0.0,0,0.0
72,39,23.544,16.0,0.0,0.0,0,0,0,16.0,1.0,0.0,0,0.0
73,39,23.544,16.0,0.0,0.0,0,0,0,16.0,1.0,0.0,0,0.0
74,39,13.112,8.0,0.0,0.0,0,0,0,8.0,1.0,0.0,0,0.0
75,39,10.432,8.0,0.0,0.0,0,0,0,8.0,1.0,0.0,0,0.0
77,39,14.14179135143825,16.0,0.0,0.0,0,0,0,16.0,1.0,0.0,0,0.0
78,39,23.544,16.0,0.0,0.0,0,0,0,16.0,1.0,0.0,0,0.0
79,39,23.544,16.0,0.0,0.0,0,0,0,16.0,1.0,0.0,0,0.0
80,39,23.544,16.0,0.0,0.0,0,0,0,16.0,1.0,0.0,0,0.0
81,39,16.4808,16.0,0.0,0.0,0,0,0,16.0,1.0,0.0,0,0.6
82,39,13.112,8.0,0.0,0.0,0,0,0,8.0,1.0,0.0,0,0.0
83,39,18.451689849523383,12.09485417908235,3.9051458209176495,0.0,0,0,0,16.0,0.7559283861926469,3.90514582091765,1,0.0
84,39,17.945726087886815,11.706845159422404,4.293154840577596,0.0,0,0,0,16.0,0.7316778224639002,4.293154840577595,1,0.0
85,39,23.544,16.0,0.0,0.0,0,0,0,16.0,1.0,0.0,0,0.0
86,39,23.544,16.0,0.0,0.0,0,0,0,16.0,1.0,0.0,0,0.0
87,39,23.544,16.0,0.0,0.0,0,0,0,16.0,1.0,0.0,0,0.0
88,39,13.834713381743272,10.076091142003216,5.923908857996784,0.0,0,0,0,16.0,0.629755696375201,5.923908857996784,1,0.0
89,39,23.544,16.0,0.0,0.0,0,0,0,16.0,1.0,0.0,0,0.0
90,39,13.112,8.0,0.0,0.0,0,0,0,8.0,1.0,0.0,0,0.0
91,39,23.544,16.0,0.0,0.0,0,0,0,16.0,1.0,0.0,0,0.0
92,39,13.112,8.0,0.0,0.0,0,0,0,8.0,1.0,0.0,0,0.0
93,39,10.432,8.0,0.0,0.0,0,0,0,8.0,1.0,0.0,0,0.0
94,39,23.544,16.0,0.0,0.0,0,0,0,16.0,1.0,0.0,0,0.0
95,39,19.419337302642262,13.483427274339391,2.516572725660609,0.0,0,0,0,16.0,0.8427142046462119,2.5165727256606094,1,0.0
96,39,23.544,16.0,0.0,0.0,0,0,0,16.0,1.0,0.0,0,0.0
97,39,23.544,16.0,0.0,0.0,0,0,0,16.0,1.0,0.0,0,0.0
98,39,23.544,16.0,0.0,0.0,0,0,0,16.0,1.0,0.0,0,0.0
99,39,23.544,16.0,0.0,0.0,0,0,0,16.0,1.0,0.0,0,0.0
100,39,0.0,0.0,16.0,0.0,0,0,0,16.0,0.0,0.0,0,0.0
101,39,16.598,16.0,0.0,0.0,0,0,0,16.0,1.0,0.0,0,0.0
102,39,8.299,8.0,0.0,0.0,0,0,0,8.0,1.0,0.0,0,0.0
103,39,5.432915896853313,8.91650500088926,7.083494999110741,0.0,0,0,0,16.0,0.5572815625555787,7.08349499911074,2,0.0
104,39,16.598,16.0,0.0,0.0,0,0,0,16.0,1.0,0.0,0,0.0
105,39,16.598,16.0,0.0,0.0,0,0,0,16.0,1.0,0.0,0,0.0
106,39,15.137323492923718,14.591949384671619,1.4080506153283814,0.0,0,0,0,16.0,0.9119968365419762,1.4080506153283823,1,0.0
107,39,0.0,0.0,16.0,0.0,0,0,0,16.0,0.0,0.0,0,0.0
108,39,0.0,0.0,16.0,0.0,0,0,0,16.0,0.0,0.0,0,0.0
109,39,0.0,0.0,16.0,0.0,0,0,0,16.0,0.0,0.0,0,0.0
110,39,0.0,0.0,16.0,0.0,0,0,0,16.0,0.0,0.0,0,0.0
111,39,0.0,0.0,16.0,0.0,0,0,0,16.0,0.0,0.0,0,0.0
112,39,0.0,0.0,16.0,0.0,0,0,0,16.0,0.0,0.0,0,0.0
1,40,0.0,0.0,16.0,0.0,0,0,0,16.0,0.0,0.0,0,0.0
2,40,0.0,0.0,16.0,0.0,0,0,0,16.0,0.0,0.0,0,0.0
3,40,0.0,0.0,16.0,0.0,0,0,0,16.0,0.0,0.0,0,0.0
4,40,0.0,0.0,16.0,0.0,0,0,0,16.0,0.0,0.0,0,0.0
5,40,0.0,0.0,16.0,0.0,0,0,0,16.0,0.0,0.0,0,0.0
6,40,0.0,0.0,16.0,0.0,0,0,0,16.0,0.0,0.0,0,0.0
7,40,0.0,0.0,16.0,0.0,0,0,0,16.0,0.0,0.0,0,0.0
8,40,0.0,0.0,16.0,0.0,0,0,0,16.0,0.0,0.0,0,0.0
9,40,0.0,0.0,16.0,0.0,0,0,0,16.0,0.0,0.0,0,0.0
10,40,0.0,0.0,16.0,0.0,0,0,0,16.0,0.0,0.0,0,0.0
11,40,0.0,0.0,8.0,0.0,0,0,0,8.0,0.0,0.0,0,0.0
12,40,8.319,8.0,8.0,0.0,0,0,0,16.0,0.5,0.0,0,0.0
13,40,0.0,0.0,16.0,0.0,0,0,0,16.0,0.0,0.0,0,0.0
14,40,0.0,0.0,16.0,0.0,0,0,0,16.0,0.0,0.0,0,0.0
15,40,0.0,0.0,16.0,0.0,0,0,0,16.0,0.0,0.0,0,0.0
16,40,0.0,0.0,16.0,0.0,0,0,0,16.0,0.0,0.0,0,0.0
17,40,0.0,0.0,8.0,0.0,0,0,0,8.0,0.0,0.0,0,0.0
18,40,0.0,0.0,16.0,0.0,0,0,0,16.0,0.0,0.0,0,0.0
19,40,0.0,0.0,16.0,0.0,0,0,0,16.0,0.0,0.0,0,0.0
20,40,0.0,0.0,8.0,0.0,0,0,0,8.0,0.0,0.0,0,0.0
21,40,0.0,0.0,8.0,0.0,0,0,0,8.0,0.0,0.0,0,0.0
22,40,0.0,0.0,16.0,0.0,0,0,0,16.0,0.0,0.0,0,0.0
23,40,0.0,0.0,16.0,0.0,0,0,0,16.0,0.0,0.0,0,0.0
24,40,0.0,0.0,16.0,0.0,0,0,0,16.0,0.0,0.0,0,0.0
25,40,0.0,0.0,16.0,0.0,0,0,0,16.0,0.0,0.0,0,0.0
26,40,0.0,0.0,16.0,0.0,0,0,0,16.0,0.0,0.0,0,0.0
27,40,0.0,0.0,16.0,0.0,0,0,0,16.0,0.0,0.0,0,0.0
28,40,0.0,0.0,16.0,0.0,0,0,0,16.0,0.0,0.0,0,0.0
29,40,0.0,0.0,16.0,0.0,0,0,0,16.0,0.0,0.0,0,0.0
30,40,0.0,0.0,16.0,0.0,0,0,0,16.0,0.0,0.0,0,0.0
31,40,0.0,0.0,16.0,0.0,0,0,0,16.0,0.0,0.0,0,0.0
32,40,0.0,0.0,16.0,0.0,0,0,0,16.0,0.0,0.0,0,0.0
33,40,0.0,0.0,16.0,0.0,0,0,0,16.0,0.0,0.0,0,0.0
34,40,0.0,0.0,16.0,0.0,0,0,0,16.0,0.0,0.0,0,0.0
35,40,0.0,0.0,8.0,0.0,0,0,0,8.0,0.0,0.0,0,0.0
36,40,0.0,0.0,16.0,0.0,0,0,0,16.0,0.0,0.0,0,0.0
37,40,16.10703729937529,11.46249987759322,4.5375001224067795,0.0,0,0,0,16.0,0.7164062423495763,4.5375001224067795,1,0.0
38,40,23.544,16.0,0.0,0.0,0,0,0,16.0,1.0,0.0,0,0.0
39,40,23.544,16.0,0.0,0.0,0,0,0,16.0,1.0,0.0,0,0.0
40,40,23.544,16.0,0.0,0.0,0,0,0,16.0,1.0,0.0,0,0.0
41,40,23.544,16.0,0.0,0.0,0,0,0,16.0,1.0,0.0,0,0.0
42,40,23.544,16.0,0.0,0.0,0,0,0,16.0,1.0,0.0,0,0.0
43,40,23.544,16.0,0.0,0.0,0,0,0,16.0,1.0,0.0,0,0.0
44,40,10.432,8.0,0.0,0.0,0,0,0,8.0,1.0,0.0,0,0.0
45,40,23.544,16.0,0.0,0.0,0,0,0,16.0,1.0,0.0,0,0.0
46,40,16.4808,16.0,0.0,0.0,0,0,0,16.0,1.0,0.0,0,0.6
47,40,23.544,16.0,0.0,0.0,0,0,0,16.0,1.0,0.0,0,0.0
48,40,23.544,16.0,0.0,0.0,0,0,0,16.0,1.0,0.0,0,0.0
49,40,23.544,16.0,0.0,0.0,0,0,0,16.0,1.0,0.0,0,0.0
50,40,23.544,16.0,0.0,0.0,0,0,0,16.0,1.0,0.0,0,0.0
51,40,23.544,16.0,0.0,0.0,0,0,0,16.0,1.0,0.0,0,0.0
52,40,23.544,16.0,0.0,0.0,0,0,0,16.0,1.0,0.0,0,0.0
53,40,13.112,8.0,0.0,0.0,0,0,0,8.0,1.0,0.0,0,0.0
54,40,16.4808,16.0,0.0,0.0,0,0,0,16.0,1.0,0.0,0,0.6
55,40,23.544,16.0,0.0,0.0,0,0,0,16.0,1.0,0.0,0,0.0
56,40,23.544,16.0,0.0,0.0,0,0,0,16.0,1.0,0.0,0,0.0
57,40,19.896,16.0,0.0,0.0,0,0,0,16.0,1.0,0.0,0,0.0
58,40,9.116426074315335,16.0,0.0,0.0,0,0,0,16.0,1.0,0.0,0,0.0
59,40,9.948,8.0,0.0,0.0,0,0,0,8.0,1.0,0.0,0,0.0
60,40,9.948,8.0,0.0,0.0,0,0,0,8.0,1.0,0.0,0,0.0
61,40,19.896,16.0,0.0,0.0,0,0,0,16.0,1.0,0.0,0,0.0
62,40,23.544,16.0,0.0,0.0,0,0,0,16.0,1.0,0.0,0,0.0
63,40,13.112,8.0,0.0,0.0,0,0,0,8.0,1.0,0.0,0,0.0
64,40,23.544,16.0,0.0,0.0,0,0,0,16.0,1.0,0.0,0,0.0
65,40,13.112,8.0,0.0,0.0,0,0,0,8.0,1.0,0.0,0,0.0
66,40,13.112,8.0,0.0,0.0,0,0,0,8.0,1.0,0.0,0,0.0
67,40,23.544,16.0,0.0,0.0,0,0,0,16.0,1.0,0.0,0,0.0
68,40,16.4808,16.0,0.0,0.0,0,0,0,16.0,1.0,0.0,0,0.6
69,40,23.544,16.0,0.0,0.0,0,0,0,16.0,1.0,0.0,0,0.0
70,40,18.712967435754877,12.29522042619239,3.7047795738076097,0.0,0,0,0,16.0,0.7684512766370244,3.704779573807609,1,0.0
71,40,10.432,8.0,0.0,0.0,0,0,0,8.0,1.0,0.0,0,0.0
72,40,23.544,16.0,0.0,0.0,0,0,0,16.0,1.0,0.0,0,0.0
73,40,23.544,16.0,0.0,0.0,0,0,0,16.0,1.0,0.0,0,0.0
74,40,6.097081434830147,3.7200008754302303,4.27999912456977,0.0,0,0,0,8.0,0.4650001094287788,4.27999912456977,1,0.0
75,40,10.432,8.0,0.0,0.0,0,0,0,8.0,1.0,0.0,0,0.0
77,40,23.544,16.0,0.0,0.0,0,0,0,16.0,1.0,0.0,0,0.0
78,40,11.636643955505658,16.0,0.0,0.0,0,0,0,16.0,1.0,0.0,0,0.6
79,40,23.544,16.0,0.0,0.0,0,0,0,16.0,1.0,0.0,0,0.0
80,40,23.544,16.0,0.0,0.0,0,0,0,16.0,1.0,0.0,0,0.0
81,40,19.09262557462507,12.586369305694072,3.413630694305928,0.0,0,0,0,16.0,0.7866480816058795,3.413630694305928,1,0.0
82,40,13.112,8.0,0.0,0.0,0,0,0,8.0,1.0,0.0,0,0.0
83,40,23.544,16.0,0.0,0.0,0,0,0,16.0,1.0,0.0,0,0.0
84,40,23.544,16.0,0.0,0.0,0,0,0,16.0,1.0,0.0,0,0.0
85,40,23.544,16.0,0.0,0.0,0,0,0,16.0,1.0,0.0,0,0.0
86,40,23.544,16.0,0.0,0.0,0,0,0,16.0,1.0,0.0,0,0.0
87,40,23.544,16.0,0.0,0.0,0,0,0,16.0,1.0,0.0,0,0.0
88,40,19.75425038060441,13.093750291874546,2.906249708125454,0.0,0,0,0,16.0,0.8183593932421591,2.9062497081254532,1,0.0
89,40,23.544,16.0,0.0,0.0,0,0,0,16.0,1.0,0.0,0,0.0
90,40,9.1784,8.0,0.0,0.0,0,0,0,8.0,1.0,0.0,0,0.3
91,40,23.544,16.0,0.0,0.0,0,0,0,16.0,1.0,0.0,0,0.0
92,40,13.112,8.0,0.0,0.0,0,0,0,8.0,1.0,0.0,0,0.0
93,40,10.432,8.0,0.0,0.0,0,0,0,8.0,1.0,0.0,0,0.0
94,40,23.544,16.0,0.0,0.0,0,0,0,16.0,1.0,0.0,0,0.0
95,40,23.544,16.0,0.0,0.0,0,0,0,16.0,1.0,0.0,0,0.0
96,40,23.544,16.0,0.0,0.0,0,0,0,16.0,1.0,0.0,0,0.0
97,40,23.544,16.0,0.0,0.0,0,0,0,16.0,1.0,0.0,0,0.0
98,40,16.4808,16.0,0.0,0.0,0,0,0,16.0,1.0,0.0,0,0.6
99,40,23.544,16.0,0.0,0.0,0,0,0,16.0,1.0,0.0,0,0.0
100,40,0.0,0.0,16.0,0.0,0,0,0,16.0,0.0,0.0,0,0.0
101,40,16.598,16.0,0.0,0.0,0,0,0,16.0,1.0,0.0,0,0.0
102,40,8.299,8.0,0.0,0.0,0,0,0,8.0,1.0,0.0,0,0.0
103,40,16.598,16.0,0.0,0.0,0,0,0,16.0,1.0,0.0,0,0.0
104,40,12.494866742307178,12.044696221045598,3.955303778954402,0.0,0,0,0,16.0,0.7527935138153499,3.955303778954402,1,0.0
105,40,16.598,16.0,0.0,0.0,0,0,0,16.0,1.0,0.0,0,0.0
106,40,16.598,16.0,0.0,0.0,0,0,0,16.0,1.0,0.0,0,0.0
107,40,0.0,0.0,16.0,0.0,0,0,0,16.0,0.0,0.0,0,0.0
108,40,0.0,0.0,16.0,0.0,0,0,0,16.0,0.0,0.0,0,0.0
109,40,0.0,0.0,16.0,0.0,0,0,0,16.0,0.0,0.0,0,0.0
110,40,0.0,0.0,16.0,0.0,0,0,0,16.0,0.0,0.0,0,0.0
111,40,0.0,0.0,16.0,0.0,0,0,0,16.0,0.0,0.0,0,0.0
112,40,0.0,0.0,16.0,0.0,0,0,0,16.0,0.0,0.0,0,0.0
1,41,0.0,0.0,16.0,0.0,0,0,0,16.0,0.0,0.0,0,0.0
2,41,0.0,0.0,16.0,0.0,0,0,0,16.0,0.0,0.0,0,0.0
3,41,0.0,0.0,16.0,0.0,0,0,0,16.0,0.0,0.0,0,0.0
4,41,0.0,0.0,16.0,0.0,0,0,0,16.0,0.0,0.0,0,0.0
5,41,0.0,0.0,16.0,0.0,0,0,0,16.0,0.0,0.0,0,0.0
6,41,0.0,0.0,16.0,0.0,0,0,0,16.0,0.0,0.0,0,0.0
7,41,0.0,0.0,16.0,0.0,0,0,0,16.0,0.0,0.0,0,0.0
8,41,0.0,0.0,16.0,0.0,0,0,0,16.0,0.0,0.0,0,0.0
9,41,0.0,0.0,16.0,0.0,0,0,0,16.0,0.0,0.0,0,0.0
10,41,0.0,0.0,16.0,0.0,0,0,0,16.0,0.0,0.0,0,0.0
11,41,0.0,0.0,8.0,0.0,0,0,0,8.0,0.0,0.0,0,0.0
12,41,5.823300000000001,8.0,8.0,0.0,0,0,0,16.0,0.5,0.0,0,0.3
13,41,0.0,0.0,16.0,0.0,0,0,0,16.0,0.0,0.0,0,0.0
14,41,0.0,0.0,16.0,0.0,0,0,0,16.0,0.0,0.0,0,0.0
15,41,0.0,0.0,16.0,0.0,0,0,0,16.0,0.0,0.0,0,0.0
16,41,0.0,0.0,16.0,0.0,0,0,0,16.0,0.0,0.0,0,0.0
17,41,0.0,0.0,8.0,0.0,0,0,0,8.0,0.0,0.0,0,0.0
18,41,0.0,0.0,16.0,0.0,0,0,0,16.0,0.0,0.0,0,0.0
19,41,0.0,0.0,16.0,0.0,0,0,0,16.0,0.0,0.0,0,0.0
20,41,0.0,0.0,8.0,0.0,0,0,0,8.0,0.0,0.0,0,0.0
21,41,0.0,0.0,8.0,0.0,0,0,0,8.0,0.0,0.0,0,0.0
22,41,0.0,0.0,16.0,0.0,0,0,0,16.0,0.0,0.0,0,0.0
23,41,0.0,0.0,16.0,0.0,0,0,0,16.0,0.0,0.0,0,0.0
24,41,0.0,0.0,16.0,0.0,0,0,0,16.0,0.0,0.0,0,0.0
25,41,0.0,0.0,16.0,0.0,0,0,0,16.0,0.0,0.0,0,0.0
26,41,0.0,0.0,16.0,0.0,0,0,0,16.0,0.0,0.0,0,0.0
27,41,0.0,0.0,16.0,0.0,0,0,0,16.0,0.0,0.0,0,0.0
28,41,0.0,0.0,16.0,0.0,0,0,0,16.0,0.0,0.0,0,0.0
29,41,0.0,0.0,16.0,0.0,0,0,0,16.0,0.0,0.0,0,0.0
30,41,0.0,0.0,16.0,0.0,0,0,0,16.0,0.0,0.0,0,0.0
31,41,0.0,0.0,16.0,0.0,0,0,0,16.0,0.0,0.0,0,0.0
32,41,0.0,0.0,16.0,0.0,0,0,0,16.0,0.0,0.0,0,0.0
33,41,0.0,0.0,16.0,0.0,0,0,0,16.0,0.0,0.0,0,0.0
34,41,0.0,0.0,16.0,0.0,0,0,0,16.0,0.0,0.0,0,0.0
35,41,0.0,0.0,8.0,0.0,0,0,0,8.0,0.0,0.0,0,0.0
36,41,0.0,0.0,16.0,0.0,0,0,0,16.0,0.0,0.0,0,0.0
37,41,23.544,16.0,0.0,0.0,0,0,0,16.0,1.0,0.0,0,0.0
38,41,16.4808,16.0,0.0,0.0,0,0,0,16.0,1.0,0.0,0,0.6
39,41,16.4808,16.0,0.0,0.0,0,0,0,16.0,1.0,0.0,0,0.6
40,41,19.46867699988632,13.51353081140105,2.4864691885989494,0.0,0,0,0,16.0,0.8445956757125657,2.48646918859895,1,0.0
41,41,10.438872109134604,16.0,0.0,0.0,0,0,0,16.0,1.0,0.0,0,0.0
42,41,18.42540135611734,12.876998997020953,3.1230010029790467,0.0,0,0,0,16.0,0.8048124373138096,3.1230010029790467,1,0.0
43,41,23.544,16.0,0.0,0.0,0,0,0,16.0,1.0,0.0,0,0.0
44,41,10.432,8.0,0.0,0.0,0,0,0,8.0,1.0,0.0,0,0.0
45,41,23.544,16.0,0.0,0.0,0,0,0,16.0,1.0,0.0,0,0.0
46,41,23.544,16.0,0.0,0.0,0,0,0,16.0,1.0,0.0,0,0.0
47,41,23.544,16.0,0.0,0.0,0,0,0,16.0,1.0,0.0,0,0.0
48,41,23.544,16.0,0.0,0.0,0,0,0,16.0,1.0,0.0,0,0.0
49,41,23.544,16.0,0.0,0.0,0,0,0,16.0,1.0,0.0,0,0.0
50,41,12.326499131027616,12.864866199036594,3.1351338009634055,0.0,0,0,0,16.0,0.8040541374397872,3.1351338009634064,1,0.0
51,41,12.483960080825646,16.0,0.0,0.0,0,0,0,16.0,1.0,0.0,0,0.0
52,41,23.544,16.0,0.0,0.0,0,0,0,16.0,1.0,0.0,0,0.0
53,41,13.112,8.0,0.0,0.0,0,0,0,8.0,1.0,0.0,0,0.0
54,41,23.544,16.0,0.0,0.0,0,0,0,16.0,1.0,0.0,0,0.0
55,41,23.544,16.0,0.0,0.0,0,0,0,16.0,1.0,0.0,0,0.0
56,41,23.544,16.0,0.0,0.0,0,0,0,16.0,1.0,0.0,0,0.0
57,41,19.896,16.0,0.0,0.0,0,0,0,16.0,1.0,0.0,0,0.0
58,41,19.896,16.0,0.0,0.0,0,0,0,16.0,1.0,0.0,0,0.0
59,41,9.948,8.0,0.0,0.0,0,0,0,8.0,1.0,0.0,0,0.0
60,41,9.948,8.0,0.0,0.0,0,0,0,8.0,1.0,0.0,0,0.0
61,41,19.896,16.0,0.0,0.0,0,0,0,16.0,1.0,0.0,0,0.0
62,41,23.544,16.0,0.0,0.0,0,0,0,16.0,1.0,0.0,0,0.0
63,41,3.2885331604179324,2.0064265774362005,5.9935734225637995,0.0,0,0,0,8.0,0.25080332217952506,5.9935734225637995,1,0.0
64,41,10.165378291609356,10.495405117762884,5.504594882237116,0.0,0,0,0,16.0,0.6559628198601802,5.504594882237116,1,0.6
65,41,13.112,8.0,0.0,0.0,0,0,0,8.0,1.0,0.0,0,0.0
66,41,13.112,8.0,0.0,0.0,0,0,0,8.0,1.0,0.0,0,0.0
67,41,23.544,16.0,0.0,0.0,0,0,0,16.0,1.0,0.0,0,0.0
68,41,23.544,16.0,0.0,0.0,0,0,0,16.0,1.0,0.0,0,0.0
69,41,14.071283849133597,16.0,0.0,0.0,0,0,0,16.0,1.0,0.0,0,0.0
70,41,23.544,16.0,0.0,0.0,0,0,0,16.0,1.0,0.0,0,0.0
71,41,10.432,8.0,0.0,0.0,0,0,0,8.0,1.0,0.0,0,0.0
72,41,16.4808,16.0,0.0,0.0,0,0,0,16.0,1.0,0.0,0,0.6
73,41,16.4808,16.0,0.0,0.0,0,0,0,16.0,1.0,0.0,0,0.6
74,41,13.112,8.0,0.0,0.0,0,0,0,8.0,1.0,0.0,0,0.0
75,41,10.432,8.0,0.0,0.0,0,0,0,8.0,1.0,0.0,0,0.0
77,41,21.961180259119146,15.034277156265496,0.965722843734504,0.0,0,0,0,16.0,0.9396423222665935,0.9657228437345049,1,0.0
78,41,23.544,16.0,0.0,0.0,0,0,0,16.0,1.0,0.0,0,0.0
79,41,23.544,16.0,0.0,0.0,0,0,0,16.0,1.0,0.0,0,0.0
80,41,23.544,16.0,0.0,0.0,0,0,0,16.0,1.0,0.0,0,0.0
81,41,23.544,16.0,0.0,0.0,0,0,0,16.0,1.0,0.0,0,0.0
82,41,13.112,8.0,0.0,0.0,0,0,0,8.0,1.0,0.0,0,0.0
83,41,23.544,16.0,0.0,0.0,0,0,0,16.0,1.0,0.0,0,0.0
84,41,23.544,16.0,0.0,0.0,0,0,0,16.0,1.0,0.0,0,0.0
85,41,23.544,16.0,0.0,0.0,0,0,0,16.0,1.0,0.0,0,0.0
86,41,23.544,16.0,0.0,0.0,0,0,0,16.0,1.0,0.0,0,0.0
87,41,23.544,16.0,0.0,0.0,0,0,0,16.0,1.0,0.0,0,0.0
88,41,23.544,16.0,0.0,0.0,0,0,0,16.0,1.0,0.0,0,0.0
89,41,23.544,16.0,0.0,0.0,0,0,0,16.0,1.0,0.0,0,0.0
90,41,13.112,8.0,0.0,0.0,0,0,0,8.0,1.0,0.0,0,0.0
91,41,23.544,16.0,0.0,0.0,0,0,0,16.0,1.0,0.0,0,0.0
92,41,13.112,8.0,0.0,0.0,0,0,0,8.0,1.0,0.0,0,0.0
93,41,10.432,8.0,0.0,0.0,0,0,0,8.0,1.0,0.0,0,0.0
94,41,23.544,16.0,0.0,0.0,0,0,0,16.0,1.0,0.0,0,0.0
95,41,23.544,16.0,0.0,0.0,0,0,0,16.0,1.0,0.0,0,0.0
96,41,23.544,16.0,0.0,0.0,0,0,0,16.0,1.0,0.0,0,0.0
97,41,23.544,16.0,0.0,0.0,0,0,0,16.0,1.0,0.0,0,0.0
98,41,17.594285453513038,12.369911808122659,3.6300881918773413,0.0,0,0,0,16.0,0.7731194880076662,3.630088191877342,1,0.0
99,41,23.544,16.0,0.0,0.0,0,0,0,16.0,1.0,0.0,0,0.0
100,41,0.0,0.0,16.0,0.0,0,0,0,16.0,0.0,0.0,0,0.0
101,41,12.51539811549694,12.064487880946562,3.9355121190534383,0.0,0,0,0,16.0,0.7540304925591601,3.9355121190534375,1,0.0
102,41,8.299,8.0,0.0,0.0,0,0,0,8.0,1.0,0.0,0,0.0
103,41,16.598,16.0,0.0,0.0,0,0,0,16.0,1.0,0.0,0,0.0
104,41,16.598,16.0,0.0,0.0,0,0,0,16.0,1.0,0.0,0,0.0
105,41,16.598,16.0,0.0,0.0,0,0,0,16.0,1.0,0.0,0,0.0
106,41,16.598,16.0,0.0,0.0,0,0,0,16.0,1.0,0.0,0,0.0
107,41,0.0,0.0,16.0,0.0,0,0,0,16.0,0.0,0.0,0,0.0
108,41,0.0,0.0,16.0,0.0,0,0,0,16.0,0.0,0.0,0,0.0
109,41,0.0,0.0,16.0,0.0,0,0,0,16.0,0.0,0.0,0,0.0
110,41,0.0,0.0,16.0,0.0,0,0,0,16.0,0.0,0.0,0,0.0
111,41,0.0,0.0,16.0,0.0,0,0,0,16.0,0.0,0.0,0,0.0
112,41,0.0,0.0,16.0,0.0,0,0,0,16.0,0.0,0.0,0,0.0
1,42,0.0,0.0,16.0,0.0,0,0,0,16.0,0.0,0.0,0,0.0
2,42,0.0,0.0,16.0,0.0,0,0,0,16.0,0.0,0.0,0,0.0
3,42,0.0,0.0,16.0,0.0,0,0,0,16.0,0.0,0.0,0,0.0
4,42,0.0,0.0,16.0,0.0,0,0,0,16.0,0.0,0.0,0,0.0
5,42,0.0,0.0,16.0,0.0,0,0,0,16.0,0.0,0.0,0,0.0
6,42,0.0,0.0,16.0,0.0,0,0,0,16.0,0.0,0.0,0,0.0
7,42,0.0,0.0,16.0,0.0,0,0,0,16.0,0.0,0.0,0,0.0
8,42,0.0,0.0,16.0,0.0,0,0,0,16.0,0.0,0.0,0,0.0
9,42,0.0,0.0,16.0,0.0,0,0,0,16.0,0.0,0.0,0,0.0
10,42,0.0,0.0,16.0,0.0,0,0,0,16.0,0.0,0.0,0,0.0
11,42,0.0,0.0,8.0,0.0,0,0,0,8.0,0.0,0.0,0,0.0
12,42,8.319,8.0,8.0,0.0,0,0,0,16.0,0.5,0.0,0,0.0
13,42,0.0,0.0,16.0,0.0,0,0,0,16.0,0.0,0.0,0,0.0
14,42,0.0,0.0,16.0,0.0,0,0,0,16.0,0.0,0.0,0,0.0
15,42,0.0,0.0,16.0,0.0,0,0,0,16.0,0.0,0.0,0,0.0
16,42,0.0,0.0,16.0,0.0,0,0,0,16.0,0.0,0.0,0,0.0
17,42,0.0,0.0,8.0,0.0,0,0,0,8.0,0.0,0.0,0,0.0
18,42,0.0,0.0,16.0,0.0,0,0,0,16.0,0.0,0.0,0,0.0
19,42,0.0,0.0,16.0,0.0,0,0,0,16.0,0.0,0.0,0,0.0
20,42,0.0,0.0,8.0,0.0,0,0,0,8.0,0.0,0.0,0,0.0
21,42,0.0,0.0,8.0,0.0,0,0,0,8.0,0.0,0.0,0,0.0
22,42,0.0,0.0,16.0,0.0,0,0,0,16.0,0.0,0.0,0,0.0
23,42,0.0,0.0,16.0,0.0,0,0,0,16.0,0.0,0.0,0,0.0
24,42,0.0,0.0,16.0,0.0,0,0,0,16.0,0.0,0.0,0,0.0
25,42,0.0,0.0,16.0,0.0,0,0,0,16.0,0.0,0.0,0,0.0
26,42,0.0,0.0,16.0,0.0,0,0,0,16.0,0.0,0.0,0,0.0
27,42,0.0,0.0,16.0,0.0,0,0,0,16.0,0.0,0.0,0,0.0
28,42,0.0,0.0,16.0,0.0,0,0,0,16.0,0.0,0.0,0,0.0
29,42,0.0,0.0,16.0,0.0,0,0,0,16.0,0.0,0.0,0,0.0
30,42,0.0,0.0,16.0,0.0,0,0,0,16.0,0.0,0.0,0,0.0
31,42,0.0,0.0,16.0,0.0,0,0,0,16.0,0.0,0.0,0,0.0
32,42,0.0,0.0,16.0,0.0,0,0,0,16.0,0.0,0.0,0,0.0
33,42,0.0,0.0,16.0,0.0,0,0,0,16.0,0.0,0.0,0,0.0
34,42,0.0,0.0,16.0,0.0,0,0,0,16.0,0.0,0.0,0,0.0
35,42,0.0,0.0,8.0,0.0,0,0,0,8.0,0.0,0.0,0,0.0
36,42,0.0,0.0,16.0,0.0,0,0,0,16.0,0.0,0.0,0,0.0
37,42,23.544,16.0,0.0,0.0,0,0,0,16.0,1.0,0.0,0,0.0
38,42,23.544,16.0,0.0,0.0,0,0,0,16.0,1.0,0.0,0,0.0
39,42,23.544,16.0,0.0,0.0,0,0,0,16.0,1.0,0.0,0,0.0
40,42,23.544,16.0,0.0,0.0,0,0,0,16.0,1.0,0.0,0,0.0
41,42,15.776973804221765,16.0,0.0,0.0,0,0,0,16.0,1.0,0.0,0,0.0
42,42,23.544,16.0,0.0,0.0,0,0,0,16.0,1.0,0.0,0,0.0
43,42,23.544,16.0,0.0,0.0,0,0,0,16.0,1.0,0.0,0,0.0
44,42,10.432,8.0,0.0,0.0,0,0,0,8.0,1.0,0.0,0,0.0
45,42,23.544,16.0,0.0,0.0,0,0,0,16.0,1.0,0.0,0,0.0
46,42,23.544,16.0,0.0,0.0,0,0,0,16.0,1.0,0.0,0,0.0
47,42,23.544,16.0,0.0,0.0,0,0,0,16.0,1.0,0.0,0,0.0
48,42,23.544,16.0,0.0,0.0,0,0,0,16.0,1.0,0.0,0,0.0
49,42,15.098097357724008,16.0,0.0,0.0,0,0,0,16.0,1.0,0.0,0,0.0
50,42,15.10762287359161,10.852729025986338,5.1472709740136615,0.0,0,0,0,16.0,0.6782955641241462,5.147270974013661,1,0.0
51,42,23.544,16.0,0.0,0.0,0,0,0,16.0,1.0,0.0,0,0.0
52,42,17.242080523311657,12.155021673771603,3.8449783262283965,0.0,0,0,0,16.0,0.7596888546107252,3.8449783262283974,1,0.0
53,42,9.1784,8.0,0.0,0.0,0,0,0,8.0,1.0,0.0,0,0.3
54,42,23.544,16.0,0.0,0.0,0,0,0,16.0,1.0,0.0,0,0.0
55,42,20.899436979211423,13.97196087362839,2.0280391263716098,0.0,0,0,0,16.0,0.8732475546017744,2.028039126371609,1,0.0
56,42,23.544,16.0,0.0,0.0,0,0,0,16.0,1.0,0.0,0,0.0
57,42,19.896,16.0,0.0,0.0,0,0,0,16.0,1.0,0.0,0,0.0
58,42,19.896,16.0,0.0,0.0,0,0,0,16.0,1.0,0.0,0,0.0
59,42,6.9636,8.0,0.0,0.0,0,0,0,8.0,1.0,0.0,0,0.3
60,42,3.901602450692887,3.13759746738471,4.86240253261529,0.0,0,0,0,8.0,0.39219968342308875,4.86240253261529,1,0.0
61,42,19.896,16.0,0.0,0.0,0,0,0,16.0,1.0,0.0,0,0.0
62,42,23.544,16.0,0.0,0.0,0,0,0,16.0,1.0,0.0,0,0.0
63,42,13.112,8.0,0.0,0.0,0,0,0,8.0,1.0,0.0,0,0.0
64,42,9.238422971077236,6.408314208626777,9.591685791373223,0.0,0,0,0,16.0,0.40051963803917356,9.591685791373223,2,0.0
65,42,13.112,8.0,0.0,0.0,0,0,0,8.0,1.0,0.0,0,0.0
66,42,9.1784,8.0,0.0,0.0,0,0,0,8.0,1.0,0.0,0,0.3
67,42,23.544,16.0,0.0,0.0,0,0,0,16.0,1.0,0.0,0,0.0
68,42,16.4808,16.0,0.0,0.0,0,0,0,16.0,1.0,0.0,0,0.6
69,42,23.544,16.0,0.0,0.0,0,0,0,16.0,1.0,0.0,0,0.0
70,42,23.544,16.0,0.0,0.0,0,0,0,16.0,1.0,0.0,0,0.0
71,42,7.3024,8.0,0.0,0.0,0,0,0,8.0,1.0,0.0,0,0.3
72,42,16.4808,16.0,0.0,0.0,0,0,0,16.0,1.0,0.0,0,0.6
73,42,23.544,16.0,0.0,0.0,0,0,0,16.0,1.0,0.0,0,0.0
74,42,13.112,8.0,0.0,0.0,0,0,0,8.0,1.0,0.0,0,0.0
75,42,10.432,8.0,0.0,0.0,0,0,0,8.0,1.0,0.0,0,0.0
77,42,23.544,16.0,0.0,0.0,0,0,0,16.0,1.0,0.0,0,0.0
78,42,23.544,16.0,0.0,0.0,0,0,0,16.0,1.0,0.0,0,0.0
79,42,23.544,16.0,0.0,0.0,0,0,0,16.0,1.0,0.0,0,0.0
80,42,23.544,16.0,0.0,0.0,0,0,0,16.0,1.0,0.0,0,0.0
81,42,23.544,16.0,0.0,0.0,0,0,0,16.0,1.0,0.0,0,0.0
82,42,13.112,8.0,0.0,0.0,0,0,0,8.0,1.0,0.0,0,0.0
83,42,23.544,16.0,0.0,0.0,0,0,0,16.0,1.0,0.0,0,0.0
84,42,23.544,16.0,0.0,0.0,0,0,0,16.0,1.0,0.0,0,0.0
85,42,23.544,16.0,0.0,0.0,0,0,0,16.0,1.0,0.0,0,0.0
86,42,23.544,16.0,0.0,0.0,0,0,0,16.0,1.0,0.0,0,0.0
87,42,23.544,16.0,0.0,0.0,0,0,0,16.0,1.0,0.0,0,0.0
88,42,23.544,16.0,0.0,0.0,0,0,0,16.0,1.0,0.0,0,0.0
89,42,23.544,16.0,0.0,0.0,0,0,0,16.0,1.0,0.0,0,0.0
90,42,13.112,8.0,0.0,0.0,0,0,0,8.0,1.0,0.0,0,0.0
91,42,23.544,16.0,0.0,0.0,0,0,0,16.0,1.0,0.0,0,0.0
92,42,5.9399277975611735,3.624117021086744,4.375882978913256,0.0,0,0,0,8.0,0.453014627635843,4.375882978913256,1,0.0
93,42,10.432,8.0,0.0,0.0,0,0,0,8.0,1.0,0.0,0,0.0
94,42,23.544,16.0,0.0,0.0,0,0,0,16.0,1.0,0.0,0,0.0
95,42,23.544,16.0,0.0,0.0,0,0,0,16.0,1.0,0.0,0,0.0
96,42,23.544,16.0,0.0,0.0,0,0,0,16.0,1.0,0.0,0,0.0
97,42,23.544,16.0,0.0,0.0,0,0,0,16.0,1.0,0.0,0,0.0
98,42,23.544,16.0,0.0,0.0,0,0,0,16.0,1.0,0.0,0,0.0
99,42,23.544,16.0,0.0,0.0,0,0,0,16.0,1.0,0.0,0,0.0
100,42,0.0,0.0,16.0,0.0,0,0,0,16.0,0.0,0.0,0,0.0
101,42,7.9845447566814665,10.995534410936212,5.004465589063788,0.0,0,0,0,16.0,0.6872209006835133,5.004465589063788,1,0.6
102,42,8.299,8.0,0.0,0.0,0,0,0,8.0,1.0,0.0,0,0.0
103,42,16.598,16.0,0.0,0.0,0,0,0,16.0,1.0,0.0,0,0.0
104,42,11.618599999999999,16.0,0.0,0.0,0,0,0,16.0,1.0,0.0,0,0.6
105,42,16.598,16.0,0.0,0.0,0,0,0,16.0,1.0,0.0,0,0.0
106,42,16.598,16.0,0.0,0.0,0,0,0,16.0,1.0,0.0,0,0.0
107,42,0.0,0.0,16.0,0.0,0,0,0,16.0,0.0,0.0,0,0.0
108,42,0.0,0.0,16.0,0.0,0,0,0,16.0,0.0,0.0,0,0.0
109,42,0.0,0.0,16.0,0.0,0,0,0,16.0,0.0,0.0,0,0.0
110,42,0.0,0.0,16.0,0.0,0,0,0,16.0,0.0,0.0,0,0.0
111,42,0.0,0.0,16.0,0.0,0,0,0,16.0,0.0,0.0,0,0.0
112,42,0.0,0.0,16.0,0.0,0,0,0,16.0,0.0,0.0,0,0.0
1,43,0.0,0.0,16.0,0.0,0,0,0,16.0,0.0,0.0,0,0.0
2,43,0.0,0.0,16.0,0.0,0,0,0,16.0,0.0,0.0,0,0.0
3,43,0.0,0.0,16.0,0.0,0,0,0,16.0,0.0,0.0,0,0.0
4,43,0.0,0.0,16.0,0.0,0,0,0,16.0,0.0,0.0,0,0.0
5,43,0.0,0.0,16.0,0.0,0,0,0,16.0,0.0,0.0,0,0.0
6,43,0.0,0.0,16.0,0.0,0,0,0,16.0,0.0,0.0,0,0.0
7,43,0.0,0.0,16.0,0.0,0,0,0,16.0,0.0,0.0,0,0.0
8,43,0.0,0.0,16.0,0.0,0,0,0,16.0,0.0,0.0,0,0.0
9,43,0.0,0.0,16.0,0.0,0,0,0,16.0,0.0,0.0,0,0.0
10,43,0.0,0.0,16.0,0.0,0,0,0,16.0,0.0,0.0,0,0.0
11,43,0.0,0.0,8.0,0.0,0,0,0,8.0,0.0,0.0,0,0.0
12,43,8.319,8.0,8.0,0.0,0,0,0,16.0,0.5,0.0,0,0.0
13,43,0.0,0.0,16.0,0.0,0,0,0,16.0,0.0,0.0,0,0.0
14,43,0.0,0.0,16.0,0.0,0,0,0,16.0,0.0,0.0,0,0.0
15,43,0.0,0.0,16.0,0.0,0,0,0,16.0,0.0,0.0,0,0.0
16,43,0.0,0.0,16.0,0.0,0,0,0,16.0,0.0,0.0,0,0.0
17,43,0.0,0.0,8.0,0.0,0,0,0,8.0,0.0,0.0,0,0.0
18,43,0.0,0.0,16.0,0.0,0,0,0,16.0,0.0,0.0,0,0.0
19,43,0.0,0.0,16.0,0.0,0,0,0,16.0,0.0,0.0,0,0.0
20,43,0.0,0.0,8.0,0.0,0,0,0,8.0,0.0,0.0,0,0.0
21,43,0.0,0.0,8.0,0.0,0,0,0,8.0,0.0,0.0,0,0.0
22,43,0.0,0.0,16.0,0.0,0,0,0,16.0,0.0,0.0,0,0.0
23,43,0.0,0.0,16.0,0.0,0,0,0,16.0,0.0,0.0,0,0.0
24,43,0.0,0.0,16.0,0.0,0,0,0,16.0,0.0,0.0,0,0.0
25,43,0.0,0.0,16.0,0.0,0,0,0,16.0,0.0,0.0,0,0.0
26,43,0.0,0.0,16.0,0.0,0,0,0,16.0,0.0,0.0,0,0.0
27,43,0.0,0.0,16.0,0.0,0,0,0,16.0,0.0,0.0,0,0.0
28,43,0.0,0.0,16.0,0.0,0,0,0,16.0,0.0,0.0,0,0.0
29,43,0.0,0.0,16.0,0.0,0,0,0,16.0,0.0,0.0,0,0.0
30,43,0.0,0.0,16.0,0.0,0,0,0,16.0,0.0,0.0,0,0.0
31,43,0.0,0.0,16.0,0.0,0,0,0,16.0,0.0,0.0,0,0.0
32,43,0.0,0.0,16.0,0.0,0,0,0,16.0,0.0,0.0,0,0.0
33,43,0.0,0.0,16.0,0.0,0,0,0,16.0,0.0,0.0,0,0.0
34,43,0.0,0.0,16.0,0.0,0,0,0,16.0,0.0,0.0,0,0.0
35,43,0.0,0.0,8.0,0.0,0,0,0,8.0,0.0,0.0,0,0.0
36,43,0.0,0.0,16.0,0.0,0,0,0,16.0,0.0,0.0,0,0.0
37,43,23.544,16.0,0.0,0.0,0,0,0,16.0,1.0,0.0,0,0.0
38,43,23.544,16.0,0.0,0.0,0,0,0,16.0,1.0,0.0,0,0.0
39,43,23.544,16.0,0.0,0.0,0,0,0,16.0,1.0,0.0,0,0.0
40,43,16.4808,16.0,0.0,0.0,0,0,0,16.0,1.0,0.0,0,0.6
41,43,23.544,16.0,0.0,0.0,0,0,0,16.0,1.0,0.0,0,0.0
42,43,23.544,16.0,0.0,0.0,0,0,0,16.0,1.0,0.0,0,0.0
43,43,16.4808,16.0,0.0,0.0,0,0,0,16.0,1.0,0.0,0,0.6
44,43,5.063916480892508,3.88337153442677,4.11662846557323,0.0,0,0,0,8.0,0.48542144180334623,4.11662846557323,1,0.0
45,43,16.4808,16.0,0.0,0.0,0,0,0,16.0,1.0,0.0,0,0.6
46,43,11.01867319492659,16.0,0.0,0.0,0,0,0,16.0,1.0,0.0,0,0.0
47,43,23.544,16.0,0.0,0.0,0,0,0,16.0,1.0,0.0,0,0.0
48,43,23.544,16.0,0.0,0.0,0,0,0,16.0,1.0,0.0,0,0.0
49,43,23.544,16.0,0.0,0.0,0,0,0,16.0,1.0,0.0,0,0.0
50,43,23.544,16.0,0.0,0.0,0,0,0,16.0,1.0,0.0,0,0.0
51,43,23.544,16.0,0.0,0.0,0,0,0,16.0,1.0,0.0,0,0.0
52,43,16.4808,16.0,0.0,0.0,0,0,0,16.0,1.0,0.0,0,0.6
53,43,9.1784,8.0,0.0,0.0,0,0,0,8.0,1.0,0.0,0,0.3
54,43,16.882892769045327,16.0,0.0,0.0,0,0,0,16.0,1.0,0.0,0,0.0
55,43,23.544,16.0,0.0,0.0,0,0,0,16.0,1.0,0.0,0,0.0
56,43,23.544,16.0,0.0,0.0,0,0,0,16.0,1.0,0.0,0,0.0
57,43,19.896,16.0,0.0,0.0,0,0,0,16.0,1.0,0.0,0,0.0
58,43,19.896,16.0,0.0,0.0,0,0,0,16.0,1.0,0.0,0,0.0
59,43,6.9636,8.0,0.0,0.0,0,0,0,8.0,1.0,0.0,0,0.3
60,43,9.948,8.0,0.0,0.0,0,0,0,8.0,1.0,0.0,0,0.0
61,43,19.896,16.0,0.0,0.0,0,0,0,16.0,1.0,0.0,0,0.0
62,43,23.544,16.0,0.0,0.0,0,0,0,16.0,1.0,0.0,0,0.0
63,43,13.112,8.0,0.0,0.0,0,0,0,8.0,1.0,0.0,0,0.0
64,43,23.544,16.0,0.0,0.0,0,0,0,16.0,1.0,0.0,0,0.0
65,43,13.112,8.0,0.0,0.0,0,0,0,8.0,1.0,0.0,0,0.0
66,43,13.112,8.0,0.0,0.0,0,0,0,8.0,1.0,0.0,0,0.0
67,43,23.544,16.0,0.0,0.0,0,0,0,16.0,1.0,0.0,0,0.0
68,43,18.546700778246638,12.951007186239558,3.0489928137604423,0.0,0,0,0,16.0,0.8094379491399724,3.0489928137604414,1,0.0
69,43,16.52691534399355,11.718679282485386,4.281320717514614,0.0,0,0,0,16.0,0.7324174551553366,4.281320717514613,1,0.0
70,43,23.544,16.0,0.0,0.0,0,0,0,16.0,1.0,0.0,0,0.0
71,43,10.432,8.0,0.0,0.0,0,0,0,8.0,1.0,0.0,0,0.0
72,43,23.544,16.0,0.0,0.0,0,0,0,16.0,1.0,0.0,0,0.0
73,43,20.74241363637183,13.851544199671647,2.148455800328353,0.0,0,0,0,16.0,0.8657215124794779,2.1484558003283523,1,0.0
74,43,13.112,8.0,0.0,0.0,0,0,0,8.0,1.0,0.0,0,0.0
75,43,10.432,8.0,0.0,0.0,0,0,0,8.0,1.0,0.0,0,0.0
77,43,23.544,16.0,0.0,0.0,0,0,0,16.0,1.0,0.0,0,0.0
78,43,23.544,16.0,0.0,0.0,0,0,0,16.0,1.0,0.0,0,0.0
79,43,23.544,16.0,0.0,0.0,0,0,0,16.0,1.0,0.0,0,0.0
80,43,14.23734292182714,11.775513207262156,4.224486792737844,0.0,0,0,0,16.0,0.7359695754538848,4.224486792737844,1,0.0
81,43,23.544,16.0,0.0,0.0,0,0,0,16.0,1.0,0.0,0,0.0
82,43,13.112,8.0,0.0,0.0,0,0,0,8.0,1.0,0.0,0,0.0
83,43,23.544,16.0,0.0,0.0,0,0,0,16.0,1.0,0.0,0,0.0
84,43,23.544,16.0,0.0,0.0,0,0,0,16.0,1.0,0.0,0,0.0
85,43,23.544,16.0,0.0,0.0,0,0,0,16.0,1.0,0.0,0,0.0
86,43,23.544,16.0,0.0,0.0,0,0,0,16.0,1.0,0.0,0,0.0
87,43,16.4808,16.0,0.0,0.0,0,0,0,16.0,1.0,0.0,0,0.6
88,43,23.544,16.0,0.0,0.0,0,0,0,16.0,1.0,0.0,0,0.0
89,43,23.544,16.0,0.0,0.0,0,0,0,16.0,1.0,0.0,0,0.0
90,43,6.369016120599416,8.0,0.0,0.0,0,0,0,8.0,1.0,0.0,0,0.0
91,43,23.544,16.0,0.0,0.0,0,0,0,16.0,1.0,0.0,0,0.0
92,43,13.112,8.0,0.0,0.0,0,0,0,8.0,1.0,0.0,0,0.0
93,43,10.432,8.0,0.0,0.0,0,0,0,8.0,1.0,0.0,0,0.0
94,43,23.544,16.0,0.0,0.0,0,0,0,16.0,1.0,0.0,0,0.0
95,43,23.544,16.0,0.0,0.0,0,0,0,16.0,1.0,0.0,0,0.0
96,43,12.640329716261538,8.377243550219063,7.622756449780937,0.0,0,0,0,16.0,0.5235777218886914,7.622756449780937,2,0.0
97,43,23.544,16.0,0.0,0.0,0,0,0,16.0,1.0,0.0,0,0.0
98,43,23.544,16.0,0.0,0.0,0,0,0,16.0,1.0,0.0,0,0.0
99,43,16.4808,16.0,0.0,0.0,0,0,0,16.0,1.0,0.0,0,0.6
100,43,0.0,0.0,16.0,0.0,0,0,0,16.0,0.0,0.0,0,0.0
101,43,16.598,16.0,0.0,0.0,0,0,0,16.0,1.0,0.0,0,0.0
102,43,8.299,8.0,0.0,0.0,0,0,0,8.0,1.0,0.0,0,0.0
103,43,13.923574596485112,13.421929964077709,2.5780700359222912,0.0,0,0,0,16.0,0.8388706227548568,2.5780700359222917,1,0.0
104,43,16.598,16.0,0.0,0.0,0,0,0,16.0,1.0,0.0,0,0.0
105,43,16.598,16.0,0.0,0.0,0,0,0,16.0,1.0,0.0,0,0.0
106,43,16.598,16.0,0.0,0.0,0,0,0,16.0,1.0,0.0,0,0.0
107,43,0.0,0.0,16.0,0.0,0,0,0,16.0,0.0,0.0,0,0.0
108,43,0.0,0.0,16.0,0.0,0,0,0,16.0,0.0,0.0,0,0.0
109,43,0.0,0.0,16.0,0.0,0,0,0,16.0,0.0,0.0,0,0.0
110,43,0.0,0.0,16.0,0.0,0,0,0,16.0,0.0,0.0,0,0.0
111,43,0.0,0.0,16.0,0.0,0,0,0,16.0,0.0,0.0,0,0.0
112,43,0.0,0.0,16.0,0.0,0,0,0,16.0,0.0,0.0,0,0.0
1,44,0.0,0.0,16.0,0.0,0,0,0,16.0,0.0,0.0,0,0.0
2,44,0.0,0.0,16.0,0.0,0,0,0,16.0,0.0,0.0,0,0.0
3,44,0.0,0.0,16.0,0.0,0,0,0,16.0,0.0,0.0,0,0.0
4,44,0.0,0.0,16.0,0.0,0,0,0,16.0,0.0,0.0,0,0.0
5,44,0.0,0.0,16.0,0.0,0,0,0,16.0,0.0,0.0,0,0.0
6,44,0.0,0.0,16.0,0.0,0,0,0,16.0,0.0,0.0,0,0.0
7,44,0.0,0.0,16.0,0.0,0,0,0,16.0,0.0,0.0,0,0.0
8,44,0.0,0.0,16.0,0.0,0,0,0,16.0,0.0,0.0,0,0.0
9,44,0.0,0.0,16.0,0.0,0,0,0,16.0,0.0,0.0,0,0.0
10,44,0.0,0.0,16.0,0.0,0,0,0,16.0,0.0,0.0,0,0.0
11,44,0.0,0.0,8.0,0.0,0,0,0,8.0,0.0,0.0,0,0.0
12,44,8.319,8.0,8.0,0.0,0,0,0,16.0,0.5,0.0,0,0.0
13,44,0.0,0.0,16.0,0.0,0,0,0,16.0,0.0,0.0,0,0.0
14,44,0.0,0.0,16.0,0.0,0,0,0,16.0,0.0,0.0,0,0.0
15,44,0.0,0.0,16.0,0.0,0,0,0,16.0,0.0,0.0,0,0.0
16,44,0.0,0.0,16.0,0.0,0,0,0,16.0,0.0,0.0,0,0.0
17,44,0.0,0.0,8.0,0.0,0,0,0,8.0,0.0,0.0,0,0.0
18,44,0.0,0.0,16.0,0.0,0,0,0,16.0,0.0,0.0,0,0.0
19,44,0.0,0.0,16.0,0.0,0,0,0,16.0,0.0,0.0,0,0.0
20,44,0.0,0.0,8.0,0.0,0,0,0,8.0,0.0,0.0,0,0.0
21,44,0.0,0.0,8.0,0.0,0,0,0,8.0,0.0,0.0,0,0.0
22,44,0.0,0.0,16.0,0.0,0,0,0,16.0,0.0,0.0,0,0.0
23,44,0.0,0.0,16.0,0.0,0,0,0,16.0,0.0,0.0,0,0.0
24,44,0.0,0.0,16.0,0.0,0,0,0,16.0,0.0,0.0,0,0.0
25,44,0.0,0.0,16.0,0.0,0,0,0,16.0,0.0,0.0,0,0.0
26,44,0.0,0.0,16.0,0.0,0,0,0,16.0,0.0,0.0,0,0.0
27,44,0.0,0.0,16.0,0.0,0,0,0,16.0,0.0,0.0,0,0.0
28,44,0.0,0.0,16.0,0.0,0,0,0,16.0,0.0,0.0,0,0.0
29,44,0.0,0.0,16.0,0.0,0,0,0,16.0,0.0,0.0,0,0.0
30,44,0.0,0.0,16.0,0.0,0,0,0,16.0,0.0,0.0,0,0.0
31,44,0.0,0.0,16.0,0.0,0,0,0,16.0,0.0,0.0,0,0.0
32,44,0.0,0.0,16.0,0.0,0,0,0,16.0,0.0,0.0,0,0.0
33,44,0.0,0.0,16.0,0.0,0,0,0,16.0,0.0,0.0,0,0.0
34,44,0.0,0.0,16.0,0.0,0,0,0,16.0,0.0,0.0,0,0.0
35,44,0.0,0.0,8.0,0.0,0,0,0,8.0,0.0,0.0,0,0.0
36,44,0.0,0.0,16.0,0.0,0,0,0,16.0,0.0,0.0,0,0.0
37,44,23.544,16.0,0.0,0.0,0,0,0,16.0,1.0,0.0,0,0.0
38,44,23.544,16.0,0.0,0.0,0,0,0,16.0,1.0,0.0,0,0.0
39,44,23.544,16.0,0.0,0.0,0,0,0,16.0,1.0,0.0,0,0.0
40,44,23.544,16.0,0.0,0.0,0,0,0,16.0,1.0,0.0,0,0.0
41,44,23.544,16.0,0.0,0.0,0,0,0,16.0,1.0,0.0,0,0.0
42,44,23.544,16.0,0.0,0.0,0,0,0,16.0,1.0,0.0,0,0.0
43,44,23.544,16.0,0.0,0.0,0,0,0,16.0,1.0,0.0,0,0.0
44,44,10.432,8.0,0.0,0.0,0,0,0,8.0,1.0,0.0,0,0.0
45,44,23.544,16.0,0.0,0.0,0,0,0,16.0,1.0,0.0,0,0.0
46,44,16.4808,16.0,0.0,0.0,0,0,0,16.0,1.0,0.0,0,0.6
47,44,23.544,16.0,0.0,0.0,0,0,0,16.0,1.0,0.0,0,0.0
48,44,13.107535546674004,16.0,0.0,0.0,0,0,0,16.0,1.0,0.0,0,0.0
49,44,23.544,16.0,0.0,0.0,0,0,0,16.0,1.0,0.0,0,0.0
50,44,23.544,16.0,0.0,0.0,0,0,0,16.0,1.0,0.0,0,0.0
51,44,23.544,16.0,0.0,0.0,0,0,0,16.0,1.0,0.0,0,0.0
52,44,23.544,16.0,0.0,0.0,0,0,0,16.0,1.0,0.0,0,0.0
53,44,13.112,8.0,0.0,0.0,0,0,0,8.0,1.0,0.0,0,0.0
54,44,9.656804307025544,16.0,0.0,0.0,0,0,0,16.0,1.0,0.0,0,0.6
55,44,23.544,16.0,0.0,0.0,0,0,0,16.0,1.0,0.0,0,0.0
56,44,23.544,16.0,0.0,0.0,0,0,0,16.0,1.0,0.0,0,0.0
57,44,19.896,16.0,0.0,0.0,0,0,0,16.0,1.0,0.0,0,0.0
58,44,19.896,16.0,0.0,0.0,0,0,0,16.0,1.0,0.0,0,0.0
59,44,9.948,8.0,0.0,0.0,0,0,0,8.0,1.0,0.0,0,0.0
60,44,9.948,8.0,0.0,0.0,0,0,0,8.0,1.0,0.0,0,0.0
61,44,11.348162733950934,13.037121872538268,2.9628781274617317,0.0,0,0,0,16.0,0.8148201170336418,2.9628781274617326,1,0.6
62,44,23.544,16.0,0.0,0.0,0,0,0,16.0,1.0,0.0,0,0.0
63,44,13.112,8.0,0.0,0.0,0,0,0,8.0,1.0,0.0,0,0.0
64,44,23.544,16.0,0.0,0.0,0,0,0,16.0,1.0,0.0,0,0.0
65,44,13.112,8.0,0.0,0.0,0,0,0,8.0,1.0,0.0,0,0.0
66,44,13.112,8.0,0.0,0.0,0,0,0,8.0,1.0,0.0,0,0.0
67,44,23.544,16.0,0.0,0.0,0,0,0,16.0,1.0,0.0,0,0.0
68,44,23.544,16.0,0.0,0.0,0,0,0,16.0,1.0,0.0,0,0.0
69,44,20.76875464235428,13.87174435763365,2.1282556423663497,0.0,0,0,0,16.0,0.8669840223521031,2.1282556423663492,1,0.0
70,44,16.4808,16.0,0.0,0.0,0,0,0,16.0,1.0,0.0,0,0.6
71,44,10.432,8.0,0.0,0.0,0,0,0,8.0,1.0,0.0,0,0.0
72,44,23.544,16.0,0.0,0.0,0,0,0,16.0,1.0,0.0,0,0.0
73,44,23.544,16.0,0.0,0.0,0,0,0,16.0,1.0,0.0,0,0.0
74,44,13.112,8.0,0.0,0.0,0,0,0,8.0,1.0,0.0,0,0.0
75,44,10.432,8.0,0.0,0.0,0,0,0,8.0,1.0,0.0,0,0.0
77,44,23.544,16.0,0.0,0.0,0,0,0,16.0,1.0,0.0,0,0.0
78,44,23.544,16.0,0.0,0.0,0,0,0,16.0,1.0,0.0,0,0.0
79,44,23.544,16.0,0.0,0.0,0,0,0,16.0,1.0,0.0,0,0.0
80,44,23.544,16.0,0.0,0.0,0,0,0,16.0,1.0,0.0,0,0.0
81,44,23.544,16.0,0.0,0.0,0,0,0,16.0,1.0,0.0,0,0.0
82,44,6.286792491134784,3.8357489268668603,4.16425107313314,0.0,0,0,0,8.0,0.47946861585835754,4.16425107313314,1,0.0
83,44,23.544,16.0,0.0,0.0,0,0,0,16.0,1.0,0.0,0,0.0
84,44,23.544,16.0,0.0,0.0,0,0,0,16.0,1.0,0.0,0,0.0
85,44,23.544,16.0,0.0,0.0,0,0,0,16.0,1.0,0.0,0,0.0
86,44,23.544,16.0,0.0,0.0,0,0,0,16.0,1.0,0.0,0,0.0
87,44,23.544,16.0,0.0,0.0,0,0,0,16.0,1.0,0.0,0,0.0
88,44,23.544,16.0,0.0,0.0,0,0,0,16.0,1.0,0.0,0,0.0
89,44,23.544,16.0,0.0,0.0,0,0,0,16.0,1.0,0.0,0,0.0
90,44,13.112,8.0,0.0,0.0,0,0,0,8.0,1.0,0.0,0,0.0
91,44,16.4808,16.0,0.0,0.0,0,0,0,16.0,1.0,0.0,0,0.6
92,44,13.112,8.0,0.0,0.0,0,0,0,8.0,1.0,0.0,0,0.0
93,44,10.432,8.0,0.0,0.0,0,0,0,8.0,1.0,0.0,0,0.0
94,44,16.4808,16.0,0.0,0.0,0,0,0,16.0,1.0,0.0,0,0.6
95,44,23.544,16.0,0.0,0.0,0,0,0,16.0,1.0,0.0,0,0.0
96,44,23.544,16.0,0.0,0.0,0,0,0,16.0,1.0,0.0,0,0.0
97,44,23.544,16.0,0.0,0.0,0,0,0,16.0,1.0,0.0,0,0.0
98,44,23.544,16.0,0.0,0.0,0,0,0,16.0,1.0,0.0,0,0.0
99,44,23.544,16.0,0.0,0.0,0,0,0,16.0,1.0,0.0,0,0.0
100,44,0.0,0.0,16.0,0.0,0,0,0,16.0,0.0,0.0,0,0.0
101,44,16.598,16.0,0.0,0.0,0,0,0,16.0,1.0,0.0,0,0.0
102,44,8.299,8.0,0.0,0.0,0,0,0,8.0,1.0,0.0,0,0.0
103,44,13.455363587904376,12.97058786639776,3.0294121336022393,0.0,0,0,0,16.0,0.81066174164986,3.0294121336022384,1,0.0
104,44,16.598,16.0,0.0,0.0,0,0,0,16.0,1.0,0.0,0,0.0
105,44,16.598,16.0,0.0,0.0,0,0,0,16.0,1.0,0.0,0,0.0
106,44,16.598,16.0,0.0,0.0,0,0,0,16.0,1.0,0.0,0,0.0
107,44,0.0,0.0,16.0,0.0,0,0,0,16.0,0.0,0.0,0,0.0
108,44,0.0,0.0,16.0,0.0,0,0,0,16.0,0.0,0.0,0,0.0
109,44,0.0,0.0,16.0,0.0,0,0,0,16.0,0.0,0.0,0,0.0
110,44,0.0,0.0,16.0,0.0,0,0,0,16.0,0.0,0.0,0,0.0
111,44,0.0,0.0,16.0,0.0,0,0,0,16.0,0.0,0.0,0,0.0
112,44,0.0,0.0,16.0,0.0,0,0,0,16.0,0.0,0.0,0,0.0
1,45,0.0,0.0,16.0,0.0,0,0,0,16.0,0.0,0.0,0,0.0
2,45,0.0,0.0,16.0,0.0,0,0,0,16.0,0.0,0.0,0,0.0
3,45,0.0,0.0,16.0,0.0,0,0,0,16.0,0.0,0.0,0,0.0
4,45,0.0,0.0,16.0,0.0,0,0,0,16.0,0.0,0.0,0,0.0
5,45,0.0,0.0,16.0,0.0,0,0,0,16.0,0.0,0.0,0,0.0
6,45,0.0,0.0,16.0,0.0,0,0,0,16.0,0.0,0.0,0,0.0
7,45,0.0,0.0,16.0,0.0,0,0,0,16.0,0.0,0.0,0,0.0
8,45,0.0,0.0,16.0,0.0,0,0,0,16.0,0.0,0.0,0,0.0
9,45,0.0,0.0,16.0,0.0,0,0,0,16.0,0.0,0.0,0,0.0
10,45,0.0,0.0,16.0,0.0,0,0,0,16.0,0.0,0.0,0,0.0
11,45,0.0,0.0,8.0,0.0,0,0,0,8.0,0.0,0.0,0,0.0
12,45,8.319,8.0,8.0,0.0,0,0,0,16.0,0.5,0.0,0,0.0
13,45,0.0,0.0,16.0,0.0,0,0,0,16.0,0.0,0.0,0,0.0
14,45,0.0,0.0,16.0,0.0,0,0,0,16.0,0.0,0.0,0,0.0
15,45,0.0,0.0,16.0,0.0,0,0,0,16.0,0.0,0.0,0,0.0
16,45,0.0,0.0,16.0,0.0,0,0,0,16.0,0.0,0.0,0,0.0
17,45,0.0,0.0,8.0,0.0,0,0,0,8.0,0.0,0.0,0,0.0
18,45,0.0,0.0,16.0,0.0,0,0,0,16.0,0.0,0.0,0,0.0
19,45,0.0,0.0,16.0,0.0,0,0,0,16.0,0.0,0.0,0,0.0
20,45,0.0,0.0,8.0,0.0,0,0,0,8.0,0.0,0.0,0,0.0
21,45,0.0,0.0,8.0,0.0,0,0,0,8.0,0.0,0.0,0,0.0
22,45,0.0,0.0,16.0,0.0,0,0,0,16.0,0.0,0.0,0,0.0
23,45,0.0,0.0,16.0,0.0,0,0,0,16.0,0.0,0.0,0,0.0
24,45,0.0,0.0,16.0,0.0,0,0,0,16.0,0.0,0.0,0,0.0
25,45,0.0,0.0,16.0,0.0,0,0,0,16.0,0.0,0.0,0,0.0
26,45,0.0,0.0,16.0,0.0,0,0,0,16.0,0.0,0.0,0,0.0
27,45,0.0,0.0,16.0,0.0,0,0,0,16.0,0.0,0.0,0,0.0
28,45,0.0,0.0,16.0,0.0,0,0,0,16.0,0.0,0.0,0,0.0
29,45,0.0,0.0,16.0,0.0,0,0,0,16.0,0.0,0.0,0,0.0
30,45,0.0,0.0,16.0,0.0,0,0,0,16.0,0.0,0.0,0,0.0
31,45,0.0,0.0,16.0,0.0,0,0,0,16.0,0.0,0.0,0,0.0
32,45,0.0,0.0,16.0,0.0,0,0,0,16.0,0.0,0.0,0,0.0
33,45,0.0,0.0,16.0,0.0,0,0,0,16.0,0.0,0.0,0,0.0
34,45,0.0,0.0,16.0,0.0,0,0,0,16.0,0.0,0.0,0,0.0
35,45,0.0,0.0,8.0,0.0,0,0,0,8.0,0.0,0.0,0,0.0
36,45,0.0,0.0,16.0,0.0,0,0,0,16.0,0.0,0.0,0,0.0
37,45,18.696256491171802,13.042255333234777,2.9577446667652225,0.0,0,0,0,16.0,0.8151409583271736,2.9577446667652225,1,0.0
38,45,23.544,16.0,0.0,0.0,0,0,0,16.0,1.0,0.0,0,0.0
39,45,23.544,16.0,0.0,0.0,0,0,0,16.0,1.0,0.0,0,0.0
40,45,23.544,16.0,0.0,0.0,0,0,0,16.0,1.0,0.0,0,0.0
41,45,23.544,16.0,0.0,0.0,0,0,0,16.0,1.0,0.0,0,0.0
42,45,7.283745386932002,10.491031971153287,5.508968028846713,0.0,0,0,0,16.0,0.6556894981970804,5.508968028846713,1,0.0
43,45,15.868357747155004,10.1137712784931,5.8862287215069,0.0,0,0,0,16.0,0.6321107049058188,5.886228721506899,1,0.0
44,45,10.432,8.0,0.0,0.0,0,0,0,8.0,1.0,0.0,0,0.0
45,45,12.276121928552186,11.393648037414753,4.606351962585247,0.0,0,0,0,16.0,0.712103002338422,4.606351962585246,1,0.6
46,45,23.544,16.0,0.0,0.0,0,0,0,16.0,1.0,0.0,0,0.0
47,45,23.544,16.0,0.0,0.0,0,0,0,16.0,1.0,0.0,0,0.0
48,45,23.544,16.0,0.0,0.0,0,0,0,16.0,1.0,0.0,0,0.0
49,45,23.544,16.0,0.0,0.0,0,0,0,16.0,1.0,0.0,0,0.0
50,45,23.544,16.0,0.0,0.0,0,0,0,16.0,1.0,0.0,0,0.0
51,45,23.544,16.0,0.0,0.0,0,0,0,16.0,1.0,0.0,0,0.0
52,45,23.544,16.0,0.0,0.0,0,0,0,16.0,1.0,0.0,0,0.0
53,45,13.112,8.0,0.0,0.0,0,0,0,8.0,1.0,0.0,0,0.0
54,45,23.544,16.0,0.0,0.0,0,0,0,16.0,1.0,0.0,0,0.0
55,45,23.544,16.0,0.0,0.0,0,0,0,16.0,1.0,0.0,0,0.0
56,45,23.544,16.0,0.0,0.0,0,0,0,16.0,1.0,0.0,0,0.0
57,45,19.896,16.0,0.0,0.0,0,0,0,16.0,1.0,0.0,0,0.0
58,45,13.9272,16.0,0.0,0.0,0,0,0,16.0,1.0,0.0,0,0.6
59,45,9.948,8.0,0.0,0.0,0,0,0,8.0,1.0,0.0,0,0.0
60,45,9.948,8.0,0.0,0.0,0,0,0,8.0,1.0,0.0,0,0.0
61,45,19.896,16.0,0.0,0.0,0,0,0,16.0,1.0,0.0,0,0.0
62,45,23.544,16.0,0.0,0.0,0,0,0,16.0,1.0,0.0,0,0.0
63,45,13.112,8.0,0.0,0.0,0,0,0,8.0,1.0,0.0,0,0.0
64,45,23.544,16.0,0.0,0.0,0,0,0,16.0,1.0,0.0,0,0.0
65,45,13.112,8.0,0.0,0.0,0,0,0,8.0,1.0,0.0,0,0.0
66,45,6.734170105608019,8.0,0.0,0.0,0,0,0,8.0,1.0,0.0,0,0.0
67,45,16.46075120701996,11.678310681525296,4.321689318474704,0.0,0,0,0,16.0,0.729894417595331,4.321689318474704,1,0.0
68,45,23.544,16.0,0.0,0.0,0,0,0,16.0,1.0,0.0,0,0.0
69,45,23.544,16.0,0.0,0.0,0,0,0,16.0,1.0,0.0,0,0.0
70,45,23.544,16.0,0.0,0.0,0,0,0,16.0,1.0,0.0,0,0.0
71,45,10.432,8.0,0.0,0.0,0,0,0,8.0,1.0,0.0,0,0.0
72,45,23.008411665534716,15.673222492699644,0.32677750730035626,0.0,0,0,0,16.0,0.9795764057937277,0.3267775073003567,1,0.0
73,45,16.955718943256855,16.0,0.0,0.0,0,0,0,16.0,1.0,0.0,0,0.0
74,45,13.112,8.0,0.0,0.0,0,0,0,8.0,1.0,0.0,0,0.0
75,45,10.432,8.0,0.0,0.0,0,0,0,8.0,1.0,0.0,0,0.0
77,45,23.544,16.0,0.0,0.0,0,0,0,16.0,1.0,0.0,0,0.0
78,45,23.544,16.0,0.0,0.0,0,0,0,16.0,1.0,0.0,0,0.0
79,45,23.544,16.0,0.0,0.0,0,0,0,16.0,1.0,0.0,0,0.0
80,45,23.544,16.0,0.0,0.0,0,0,0,16.0,1.0,0.0,0,0.0
81,45,23.544,16.0,0.0,0.0,0,0,0,16.0,1.0,0.0,0,0.0
82,45,13.112,8.0,0.0,0.0,0,0,0,8.0,1.0,0.0,0,0.0
83,45,23.544,16.0,0.0,0.0,0,0,0,16.0,1.0,0.0,0,0.0
84,45,23.544,16.0,0.0,0.0,0,0,0,16.0,1.0,0.0,0,0.0
85,45,23.544,16.0,0.0,0.0,0,0,0,16.0,1.0,0.0,0,0.0
86,45,23.544,16.0,0.0,0.0,0,0,0,16.0,1.0,0.0,0,0.0
87,45,23.544,16.0,0.0,0.0,0,0,0,16.0,1.0,0.0,0,0.0
88,45,23.544,16.0,0.0,0.0,0,0,0,16.0,1.0,0.0,0,0.0
89,45,10.901684653503374,16.0,0.0,0.0,0,0,0,16.0,1.0,0.0,0,0.0
90,45,13.112,8.0,0.0,0.0,0,0,0,8.0,1.0,0.0,0,0.0
91,45,23.544,16.0,0.0,0.0,0,0,0,16.0,1.0,0.0,0,0.0
92,45,13.112,8.0,0.0,0.0,0,0,0,8.0,1.0,0.0,0,0.0
93,45,10.432,8.0,0.0,0.0,0,0,0,8.0,1.0,0.0,0,0.0
94,45,23.544,16.0,0.0,0.0,0,0,0,16.0,1.0,0.0,0,0.0
95,45,23.544,16.0,0.0,0.0,0,0,0,16.0,1.0,0.0,0,0.0
96,45,20.62972582924619,14.221919358905545,1.778080641094455,0.0,0,0,0,16.0,0.8888699599315966,1.7780806410944545,1,0.0
97,45,18.12852209472842,11.847026146264126,4.152973853735874,0.0,0,0,0,16.0,0.7404391341415079,4.152973853735874,1,0.0
98,45,23.544,16.0,0.0,0.0,0,0,0,16.0,1.0,0.0,0,0.0
99,45,23.544,16.0,0.0,0.0,0,0,0,16.0,1.0,0.0,0,0.0
100,45,0.0,0.0,16.0,0.0,0,0,0,16.0,0.0,0.0,0,0.0
101,45,16.598,16.0,0.0,0.0,0,0,0,16.0,1.0,0.0,0,0.0
102,45,8.299,8.0,0.0,0.0,0,0,0,8.0,1.0,0.0,0,0.0
103,45,16.598,16.0,0.0,0.0,0,0,0,16.0,1.0,0.0,0,0.0
104,45,11.618599999999999,16.0,0.0,0.0,0,0,0,16.0,1.0,0.0,0,0.6
105,45,16.598,16.0,0.0,0.0,0,0,0,16.0,1.0,0.0,0,0.0
106,45,9.15095616361447,16.0,0.0,0.0,0,0,0,16.0,1.0,0.0,0,0.0
107,45,0.0,0.0,16.0,0.0,0,0,0,16.0,0.0,0.0,0,0.0
108,45,0.0,0.0,16.0,0.0,0,0,0,16.0,0.0,0.0,0,0.0
109,45,0.0,0.0,16.0,0.0,0,0,0,16.0,0.0,0.0,0,0.0
110,45,0.0,0.0,16.0,0.0,0,0,0,16.0,0.0,0.0,0,0.0
111,45,0.0,0.0,16.0,0.0,0,0,0,16.0,0.0,0.0,0,0.0
112,45,0.0,0.0,16.0,0.0,0,0,0,16.0,0.0,0.0,0,0.0
1,46,0.0,0.0,16.0,0.0,0,0,0,16.0,0.0,0.0,0,0.0
2,46,0.0,0.0,16.0,0.0,0,0,0,16.0,0.0,0.0,0,0.0
3,46,0.0,0.0,16.0,0.0,0,0,0,16.0,0.0,0.0,0,0.0
4,46,0.0,0.0,16.0,0.0,0,0,0,16.0,0.0,0.0,0,0.0
5,46,0.0,0.0,16.0,0.0,0,0,0,16.0,0.0,0.0,0,0.0
6,46,0.0,0.0,16.0,0.0,0,0,0,16.0,0.0,0.0,0,0.0
7,46,0.0,0.0,16.0,0.0,0,0,0,16.0,0.0,0.0,0,0.0
8,46,0.0,0.0,16.0,0.0,0,0,0,16.0,0.0,0.0,0,0.0
9,46,0.0,0.0,16.0,0.0,0,0,0,16.0,0.0,0.0,0,0.0
10,46,0.0,0.0,16.0,0.0,0,0,0,16.0,0.0,0.0,0,0.0
11,46,0.0,0.0,8.0,0.0,0,0,0,8.0,0.0,0.0,0,0.0
12,46,8.319,8.0,8.0,0.0,0,0,0,16.0,0.5,0.0,0,0.0
13,46,0.0,0.0,16.0,0.0,0,0,0,16.0,0.0,0.0,0,0.0
14,46,0.0,0.0,16.0,0.0,0,0,0,16.0,0.0,0.0,0,0.0
15,46,0.0,0.0,16.0,0.0,0,0,0,16.0,0.0,0.0,0,0.0
16,46,0.0,0.0,16.0,0.0,0,0,0,16.0,0.0,0.0,0,0.0
17,46,0.0,0.0,8.0,0.0,0,0,0,8.0,0.0,0.0,0,0.0
18,46,0.0,0.0,16.0,0.0,0,0,0,16.0,0.0,0.0,0,0.0
19,46,0.0,0.0,16.0,0.0,0,0,0,16.0,0.0,0.0,0,0.0
20,46,0.0,0.0,8.0,0.0,0,0,0,8.0,0.0,0.0,0,0.0
21,46,0.0,0.0,8.0,0.0,0,0,0,8.0,0.0,0.0,0,0.0
22,46,0.0,0.0,16.0,0.0,0,0,0,16.0,0.0,0.0,0,0.0
23,46,0.0,0.0,16.0,0.0,0,0,0,16.0,0.0,0.0,0,0.0
24,46,0.0,0.0,16.0,0.0,0,0,0,16.0,0.0,0.0,0,0.0
25,46,0.0,0.0,16.0,0.0,0,0,0,16.0,0.0,0.0,0,0.0
26,46,0.0,0.0,16.0,0.0,0,0,0,16.0,0.0,0.0,0,0.0
27,46,0.0,0.0,16.0,0.0,0,0,0,16.0,0.0,0.0,0,0.0
28,46,0.0,0.0,16.0,0.0,0,0,0,16.0,0.0,0.0,0,0.0
29,46,0.0,0.0,16.0,0.0,0,0,0,16.0,0.0,0.0,0,0.0
30,46,0.0,0.0,16.0,0.0,0,0,0,16.0,0.0,0.0,0,0.0
31,46,0.0,0.0,16.0,0.0,0,0,0,16.0,0.0,0.0,0,0.0
32,46,0.0,0.0,16.0,0.0,0,0,0,16.0,0.0,0.0,0,0.0
33,46,0.0,0.0,16.0,0.0,0,0,0,16.0,0.0,0.0,0,0.0
34,46,0.0,0.0,16.0,0.0,0,0,0,16.0,0.0,0.0,0,0.0
35,46,0.0,0.0,8.0,0.0,0,0,0,8.0,0.0,0.0,0,0.0
36,46,0.0,0.0,16.0,0.0,0,0,0,16.0,0.0,0.0,0,0.0
37,46,23.544,16.0,0.0,0.0,0,0,0,16.0,1.0,0.0,0,0.0
38,46,23.544,16.0,0.0,0.0,0,0,0,16.0,1.0,0.0,0,0.0
39,46,23.544,16.0,0.0,0.0,0,0,0,16.0,1.0,0.0,0,0.0
40,46,23.544,16.0,0.0,0.0,0,0,0,16.0,1.0,0.0,0,0.0
41,46,23.544,16.0,0.0,0.0,0,0,0,16.0,1.0,0.0,0,0.0
42,46,23.544,16.0,0.0,0.0,0,0,0,16.0,1.0,0.0,0,0.0
43,46,23.544,16.0,0.0,0.0,0,0,0,16.0,1.0,0.0,0,0.0
44,46,10.432,8.0,0.0,0.0,0,0,0,8.0,1.0,0.0,0,0.0
45,46,16.4808,16.0,0.0,0.0,0,0,0,16.0,1.0,0.0,0,0.6
46,46,23.544,16.0,0.0,0.0,0,0,0,16.0,1.0,0.0,0,0.0
47,46,23.544,16.0,0.0,0.0,0,0,0,16.0,1.0,0.0,0,0.0
48,46,23.544,16.0,0.0,0.0,0,0,0,16.0,1.0,0.0,0,0.0
49,46,23.544,16.0,0.0,0.0,0,0,0,16.0,1.0,0.0,0,0.0
50,46,23.544,16.0,0.0,0.0,0,0,0,16.0,1.0,0.0,0,0.0
51,46,23.544,16.0,0.0,0.0,0,0,0,16.0,1.0,0.0,0,0.0
52,46,23.544,16.0,0.0,0.0,0,0,0,16.0,1.0,0.0,0,0.0
53,46,8.470728560221913,8.0,0.0,0.0,0,0,0,8.0,1.0,0.0,0,0.0
54,46,23.544,16.0,0.0,0.0,0,0,0,16.0,1.0,0.0,0,0.0
55,46,23.544,16.0,0.0,0.0,0,0,0,16.0,1.0,0.0,0,0.0
56,46,23.544,16.0,0.0,0.0,0,0,0,16.0,1.0,0.0,0,0.0
57,46,19.896,16.0,0.0,0.0,0,0,0,16.0,1.0,0.0,0,0.0
58,46,19.896,16.0,0.0,0.0,0,0,0,16.0,1.0,0.0,0,0.0
59,46,9.948,8.0,0.0,0.0,0,0,0,8.0,1.0,0.0,0,0.0
60,46,9.948,8.0,0.0,0.0,0,0,0,8.0,1.0,0.0,0,0.0
61,46,19.896,16.0,0.0,0.0,0,0,0,16.0,1.0,0.0,0,0.0
62,46,12.090599420916043,16.0,0.0,0.0,0,0,0,16.0,1.0,0.0,0,0.0
63,46,13.112,8.0,0.0,0.0,0,0,0,8.0,1.0,0.0,0,0.0
64,46,23.544,16.0,0.0,0.0,0,0,0,16.0,1.0,0.0,0,0.0
65,46,13.112,8.0,0.0,0.0,0,0,0,8.0,1.0,0.0,0,0.0
66,46,13.112,8.0,0.0,0.0,0,0,0,8.0,1.0,0.0,0,0.0
67,46,23.544,16.0,0.0,0.0,0,0,0,16.0,1.0,0.0,0,0.0
68,46,23.544,16.0,0.0,0.0,0,0,0,16.0,1.0,0.0,0,0.0
69,46,23.544,16.0,0.0,0.0,0,0,0,16.0,1.0,0.0,0,0.0
70,46,23.544,16.0,0.0,0.0,0,0,0,16.0,1.0,0.0,0,0.0
71,46,10.432,8.0,0.0,0.0,0,0,0,8.0,1.0,0.0,0,0.0
72,46,23.544,16.0,0.0,0.0,0,0,0,16.0,1.0,0.0,0,0.0
73,46,23.544,16.0,0.0,0.0,0,0,0,16.0,1.0,0.0,0,0.0
74,46,13.112,8.0,0.0,0.0,0,0,0,8.0,1.0,0.0,0,0.0
75,46,10.432,8.0,0.0,0.0,0,0,0,8.0,1.0,0.0,0,0.0
77,46,23.544,16.0,0.0,0.0,0,0,0,16.0,1.0,0.0,0,0.0
78,46,23.544,16.0,0.0,0.0,0,0,0,16.0,1.0,0.0,0,0.0
79,46,23.544,16.0,0.0,0.0,0,0,0,16.0,1.0,0.0,0,0.0
80,46,16.4808,16.0,0.0,0.0,0,0,0,16.0,1.0,0.0,0,0.6
81,46,23.544,16.0,0.0,0.0,0,0,0,16.0,1.0,0.0,0,0.0
82,46,13.112,8.0,0.0,0.0,0,0,0,8.0,1.0,0.0,0,0.0
83,46,16.4808,16.0,0.0,0.0,0,0,0,16.0,1.0,0.0,0,0.6
84,46,23.544,16.0,0.0,0.0,0,0,0,16.0,1.0,0.0,0,0.0
85,46,23.544,16.0,0.0,0.0,0,0,0,16.0,1.0,0.0,0,0.0
86,46,17.410219745506314,12.25760814246877,3.7423918575312296,0.0,0,0,0,16.0,0.7661005089042981,3.742391857531229,1,0.0
87,46,23.544,16.0,0.0,0.0,0,0,0,16.0,1.0,0.0,0,0.0
88,46,23.544,16.0,0.0,0.0,0,0,0,16.0,1.0,0.0,0,0.0
89,46,23.544,16.0,0.0,0.0,0,0,0,16.0,1.0,0.0,0,0.0
90,46,13.112,8.0,0.0,0.0,0,0,0,8.0,1.0,0.0,0,0.0
91,46,23.544,16.0,0.0,0.0,0,0,0,16.0,1.0,0.0,0,0.0
92,46,13.112,8.0,0.0,0.0,0,0,0,8.0,1.0,0.0,0,0.0
93,46,7.3024,8.0,0.0,0.0,0,0,0,8.0,1.0,0.0,0,0.3
94,46,23.544,16.0,0.0,0.0,0,0,0,16.0,1.0,0.0,0,0.0
95,46,23.544,16.0,0.0,0.0,0,0,0,16.0,1.0,0.0,0,0.0
96,46,23.544,16.0,0.0,0.0,0,0,0,16.0,1.0,0.0,0,0.0
97,46,23.544,16.0,0.0,0.0,0,0,0,16.0,1.0,0.0,0,0.0
98,46,23.544,16.0,0.0,0.0,0,0,0,16.0,1.0,0.0,0,0.0
99,46,23.544,16.0,0.0,0.0,0,0,0,16.0,1.0,0.0,0,0.0
100,46,0.0,0.0,16.0,0.0,0,0,0,16.0,0.0,0.0,0,0.0
101,46,16.598,16.0,0.0,0.0,0,0,0,16.0,1.0,0.0,0,0.0
102,46,3.5651599542683403,3.4367128128867,4.5632871871133,0.0,0,0,0,8.0,0.4295891016108375,4.5632871871133,1,0.0
103,46,11.618599999999999,16.0,0.0,0.0,0,0,0,16.0,1.0,0.0,0,0.6
104,46,16.598,16.0,0.0,0.0,0,0,0,16.0,1.0,0.0,0,0.0
105,46,16.598,16.0,0.0,0.0,0,0,0,16.0,1.0,0.0,0,0.0
106,46,16.598,16.0,0.0,0.0,0,0,0,16.0,1.0,0.0,0,0.0
107,46,0.0,0.0,16.0,0.0,0,0,0,16.0,0.0,0.0,0,0.0
108,46,0.0,0.0,16.0,0.0,0,0,0,16.0,0.0,0.0,0,0.0
109,46,0.0,0.0,16.0,0.0,0,0,0,16.0,0.0,0.0,0,0.0
110,46,0.0,0.0,16.0,0.0,0,0,0,16.0,0.0,0.0,0,0.0
111,46,0.0,0.0,16.0,0.0,0,0,0,16.0,0.0,0.0,0,0.0
112,46,0.0,0.0,16.0,0.0,0,0,0,16.0,0.0,0.0,0,0.0
1,47,0.0,0.0,16.0,0.0,0,0,0,16.0,0.0,0.0,0,0.0
2,47,0.0,0.0,16.0,0.0,0,0,0,16.0,0.0,0.0,0,0.0
3,47,0.0,0.0,16.0,0.0,0,0,0,16.0,0.0,0.0,0,0.0
4,47,0.0,0.0,16.0,0.0,0,0,0,16.0,0.0,0.0,0,0.0
5,47,0.0,0.0,16.0,0.0,0,0,0,16.0,0.0,0.0,0,0.0
6,47,0.0,0.0,16.0,0.0,0,0,0,16.0,0.0,0.0,0,0.0
7,47,0.0,0.0,16.0,0.0,0,0,0,16.0,0.0,0.0,0,0.0
8,47,0.0,0.0,16.0,0.0,0,0,0,16.0,0.0,0.0,0,0.0
9,47,0.0,0.0,16.0,0.0,0,0,0,16.0,0.0,0.0,0,0.0
10,47,0.0,0.0,16.0,0.0,0,0,0,16.0,0.0,0.0,0,0.0
11,47,0.0,0.0,8.0,0.0,0,0,0,8.0,0.0,0.0,0,0.0
12,47,5.823300000000001,8.0,8.0,0.0,0,0,0,16.0,0.5,0.0,0,0.3
13,47,0.0,0.0,16.0,0.0,0,0,0,16.0,0.0,0.0,0,0.0
14,47,0.0,0.0,16.0,0.0,0,0,0,16.0,0.0,0.0,0,0.0
15,47,0.0,0.0,16.0,0.0,0,0,0,16.0,0.0,0.0,0,0.0
16,47,0.0,0.0,16.0,0.0,0,0,0,16.0,0.0,0.0,0,0.0
17,47,0.0,0.0,8.0,0.0,0,0,0,8.0,0.0,0.0,0,0.0
18,47,0.0,0.0,16.0,0.0,0,0,0,16.0,0.0,0.0,0,0.0
19,47,0.0,0.0,16.0,0.0,0,0,0,16.0,0.0,0.0,0,0.0
20,47,0.0,0.0,8.0,0.0,0,0,0,8.0,0.0,0.0,0,0.0
21,47,0.0,0.0,8.0,0.0,0,0,0,8.0,0.0,0.0,0,0.0
22,47,0.0,0.0,16.0,0.0,0,0,0,16.0,0.0,0.0,0,0.0
23,47,0.0,0.0,16.0,0.0,0,0,0,16.0,0.0,0.0,0,0.0
24,47,0.0,0.0,16.0,0.0,0,0,0,16.0,0.0,0.0,0,0.0
25,47,0.0,0.0,16.0,0.0,0,0,0,16.0,0.0,0.0,0,0.0
26,47,0.0,0.0,16.0,0.0,0,0,0,16.0,0.0,0.0,0,0.0
27,47,0.0,0.0,16.0,0.0,0,0,0,16.0,0.0,0.0,0,0.0
28,47,0.0,0.0,16.0,0.0,0,0,0,16.0,0.0,0.0,0,0.0
29,47,0.0,0.0,16.0,0.0,0,0,0,16.0,0.0,0.0,0,0.0
30,47,0.0,0.0,16.0,0.0,0,0,0,16.0,0.0,0.0,0,0.0
31,47,0.0,0.0,16.0,0.0,0,0,0,16.0,0.0,0.0,0,0.0
32,47,0.0,0.0,16.0,0.0,0,0,0,16.0,0.0,0.0,0,0.0
33,47,0.0,0.0,16.0,0.0,0,0,0,16.0,0.0,0.0,0,0.0
34,47,0.0,0.0,16.0,0.0,0,0,0,16.0,0.0,0.0,0,0.0
35,47,0.0,0.0,8.0,0.0,0,0,0,8.0,0.0,0.0,0,0.0
36,47,0.0,0.0,16.0,0.0,0,0,0,16.0,0.0,0.0,0,0.0
37,47,23.544,16.0,0.0,0.0,0,0,0,16.0,1.0,0.0,0,0.0
38,47,23.544,16.0,0.0,0.0,0,0,0,16.0,1.0,0.0,0,0.0
39,47,16.453586858303385,10.562566609128362,5.437433390871638,0.0,0,0,0,16.0,0.6601604130705226,5.437433390871638,1,0.0
40,47,23.544,16.0,0.0,0.0,0,0,0,16.0,1.0,0.0,0,0.0
41,47,23.544,16.0,0.0,0.0,0,0,0,16.0,1.0,0.0,0,0.0
42,47,23.544,16.0,0.0,0.0,0,0,0,16.0,1.0,0.0,0,0.0
43,47,15.483928193222845,13.503125364927271,2.4968746350727287,0.0,0,0,0,16.0,0.8439453353079545,2.496874635072728,1,0.0
44,47,10.432,8.0,0.0,0.0,0,0,0,8.0,1.0,0.0,0,0.0
45,47,23.544,16.0,0.0,0.0,0,0,0,16.0,1.0,0.0,0,0.0
46,47,18.2589703333839,16.0,0.0,0.0,0,0,0,16.0,1.0,0.0,0,0.0
47,47,23.544,16.0,0.0,0.0,0,0,0,16.0,1.0,0.0,0,0.0
48,47,23.544,16.0,0.0,0.0,0,0,0,16.0,1.0,0.0,0,0.0
49,47,23.544,16.0,0.0,0.0,0,0,0,16.0,1.0,0.0,0,0.0
50,47,23.544,16.0,0.0,0.0,0,0,0,16.0,1.0,0.0,0,0.0
51,47,23.544,16.0,0.0,0.0,0,0,0,16.0,1.0,0.0,0,0.0
52,47,23.544,16.0,0.0,0.0,0,0,0,16.0,1.0,0.0,0,0.0
53,47,13.112,8.0,0.0,0.0,0,0,0,8.0,1.0,0.0,0,0.0
54,47,23.544,16.0,0.0,0.0,0,0,0,16.0,1.0,0.0,0,0.0
55,47,23.544,16.0,0.0,0.0,0,0,0,16.0,1.0,0.0,0,0.0
56,47,23.544,16.0,0.0,0.0,0,0,0,16.0,1.0,0.0,0,0.0
57,47,13.346626589310898,10.733113461448248,5.266886538551752,0.0,0,0,0,16.0,0.6708195913405155,5.266886538551752,1,0.0
58,47,13.9272,16.0,0.0,0.0,0,0,0,16.0,1.0,0.0,0,0.6
59,47,9.948,8.0,0.0,0.0,0,0,0,8.0,1.0,0.0,0,0.0
60,47,9.948,8.0,0.0,0.0,0,0,0,8.0,1.0,0.0,0,0.0
61,47,19.896,16.0,0.0,0.0,0,0,0,16.0,1.0,0.0,0,0.0
62,47,23.544,16.0,0.0,0.0,0,0,0,16.0,1.0,0.0,0,0.0
63,47,13.112,8.0,0.0,0.0,0,0,0,8.0,1.0,0.0,0,0.0
64,47,23.544,16.0,0.0,0.0,0,0,0,16.0,1.0,0.0,0,0.0
65,47,13.112,8.0,0.0,0.0,0,0,0,8.0,1.0,0.0,0,0.0
66,47,13.112,8.0,0.0,0.0,0,0,0,8.0,1.0,0.0,0,0.0
67,47,23.544,16.0,0.0,0.0,0,0,0,16.0,1.0,0.0,0,0.0
68,47,23.544,16.0,0.0,0.0,0,0,0,16.0,1.0,0.0,0,0.0
69,47,23.544,16.0,0.0,0.0,0,0,0,16.0,1.0,0.0,0,0.0
70,47,23.544,16.0,0.0,0.0,0,0,0,16.0,1.0,0.0,0,0.0
71,47,10.432,8.0,0.0,0.0,0,0,0,8.0,1.0,0.0,0,0.0
72,47,23.544,16.0,0.0,0.0,0,0,0,16.0,1.0,0.0,0,0.0
73,47,23.544,16.0,0.0,0.0,0,0,0,16.0,1.0,0.0,0,0.0
74,47,13.112,8.0,0.0,0.0,0,0,0,8.0,1.0,0.0,0,0.0
75,47,7.3024,8.0,0.0,0.0,0,0,0,8.0,1.0,0.0,0,0.3
77,47,23.544,16.0,0.0,0.0,0,0,0,16.0,1.0,0.0,0,0.0
78,47,23.544,16.0,0.0,0.0,0,0,0,16.0,1.0,0.0,0,0.0
79,47,23.544,16.0,0.0,0.0,0,0,0,16.0,1.0,0.0,0,0.0
80,47,23.544,16.0,0.0,0.0,0,0,0,16.0,1.0,0.0,0,0.0
81,47,23.544,16.0,0.0,0.0,0,0,0,16.0,1.0,0.0,0,0.0
82,47,13.112,8.0,0.0,0.0,0,0,0,8.0,1.0,0.0,0,0.0
83,47,23.544,16.0,0.0,0.0,0,0,0,16.0,1.0,0.0,0,0.0
84,47,23.544,16.0,0.0,0.0,0,0,0,16.0,1.0,0.0,0,0.0
85,47,23.544,16.0,0.0,0.0,0,0,0,16.0,1.0,0.0,0,0.0
86,47,23.544,16.0,0.0,0.0,0,0,0,16.0,1.0,0.0,0,0.0
87,47,23.544,16.0,0.0,0.0,0,0,0,16.0,1.0,0.0,0,0.0
88,47,23.544,16.0,0.0,0.0,0,0,0,16.0,1.0,0.0,0,0.0
89,47,23.544,16.0,0.0,0.0,0,0,0,16.0,1.0,0.0,0,0.0
90,47,13.112,8.0,0.0,0.0,0,0,0,8.0,1.0,0.0,0,0.0
91,47,23.544,16.0,0.0,0.0,0,0,0,16.0,1.0,0.0,0,0.0
92,47,13.112,8.0,0.0,0.0,0,0,0,8.0,1.0,0.0,0,0.0
93,47,10.432,8.0,0.0,0.0,0,0,0,8.0,1.0,0.0,0,0.0
94,47,12.59171306604011,16.0,0.0,0.0,0,0,0,16.0,1.0,0.0,0,0.0
95,47,23.544,16.0,0.0,0.0,0,0,0,16.0,1.0,0.0,0,0.0
96,47,23.544,16.0,0.0,0.0,0,0,0,16.0,1.0,0.0,0,0.0
97,47,23.544,16.0,0.0,0.0,0,0,0,16.0,1.0,0.0,0,0.0
98,47,23.544,16.0,0.0,0.0,0,0,0,16.0,1.0,0.0,0,0.0
99,47,23.544,16.0,0.0,0.0,0,0,0,16.0,1.0,0.0,0,0.0
100,47,0.0,0.0,16.0,0.0,0,0,0,16.0,0.0,0.0,0,0.0
101,47,16.598,16.0,0.0,0.0,0,0,0,16.0,1.0,0.0,0,0.0
102,47,5.8092999999999995,8.0,0.0,0.0,0,0,0,8.0,1.0,0.0,0,0.3
103,47,16.598,16.0,0.0,0.0,0,0,0,16.0,1.0,0.0,0,0.0
104,47,16.598,16.0,0.0,0.0,0,0,0,16.0,1.0,0.0,0,0.0
105,47,16.598,16.0,0.0,0.0,0,0,0,16.0,1.0,0.0,0,0.0
106,47,16.598,16.0,0.0,0.0,0,0,0,16.0,1.0,0.0,0,0.0
107,47,0.0,0.0,16.0,0.0,0,0,0,16.0,0.0,0.0,0,0.0
108,47,0.0,0.0,16.0,0.0,0,0,0,16.0,0.0,0.0,0,0.0
109,47,0.0,0.0,16.0,0.0,0,0,0,16.0,0.0,0.0,0,0.0
110,47,0.0,0.0,16.0,0.0,0,0,0,16.0,0.0,0.0,0,0.0
111,47,0.0,0.0,16.0,0.0,0,0,0,16.0,0.0,0.0,0,0.0
112,47,0.0,0.0,16.0,0.0,0,0,0,16.0,0.0,0.0,0,0.0
1,48,0.0,0.0,16.0,0.0,0,0,0,16.0,0.0,0.0,0,0.0
2,48,0.0,0.0,16.0,0.0,0,0,0,16.0,0.0,0.0,0,0.0
3,48,0.0,0.0,16.0,0.0,0,0,0,16.0,0.0,0.0,0,0.0
4,48,0.0,0.0,16.0,0.0,0,0,0,16.0,0.0,0.0,0,0.0
5,48,0.0,0.0,16.0,0.0,0,0,0,16.0,0.0,0.0,0,0.0
6,48,0.0,0.0,16.0,0.0,0,0,0,16.0,0.0,0.0,0,0.0
7,48,0.0,0.0,16.0,0.0,0,0,0,16.0,0.0,0.0,0,0.0
8,48,0.0,0.0,16.0,0.0,0,0,0,16.0,0.0,0.0,0,0.0
9,48,0.0,0.0,16.0,0.0,0,0,0,16.0,0.0,0.0,0,0.0
10,48,0.0,0.0,16.0,0.0,0,0,0,16.0,0.0,0.0,0,0.0
11,48,0.0,0.0,8.0,0.0,0,0,0,8.0,0.0,0.0,0,0.0
12,48,8.319,8.0,8.0,0.0,0,0,0,16.0,0.5,0.0,0,0.0
13,48,0.0,0.0,16.0,0.0,0,0,0,16.0,0.0,0.0,0,0.0
14,48,0.0,0.0,16.0,0.0,0,0,0,16.0,0.0,0.0,0,0.0
15,48,0.0,0.0,16.0,0.0,0,0,0,16.0,0.0,0.0,0,0.0
16,48,0.0,0.0,16.0,0.0,0,0,0,16.0,0.0,0.0,0,0.0
17,48,0.0,0.0,8.0,0.0,0,0,0,8.0,0.0,0.0,0,0.0
18,48,0.0,0.0,16.0,0.0,0,0,0,16.0,0.0,0.0,0,0.0
19,48,0.0,0.0,16.0,0.0,0,0,0,16.0,0.0,0.0,0,0.0
20,48,0.0,0.0,8.0,0.0,0,0,0,8.0,0.0,0.0,0,0.0
21,48,0.0,0.0,8.0,0.0,0,0,0,8.0,0.0,0.0,0,0.0
22,48,0.0,0.0,16.0,0.0,0,0,0,16.0,0.0,0.0,0,0.0
23,48,0.0,0.0,16.0,0.0,0,0,0,16.0,0.0,0.0,0,0.0
24,48,0.0,0.0,16.0,0.0,0,0,0,16.0,0.0,0.0,0,0.0
25,48,0.0,0.0,16.0,0.0,0,0,0,16.0,0.0,0.0,0,0.0
26,48,0.0,0.0,16.0,0.0,0,0,0,16.0,0.0,0.0,0,0.0
27,48,0.0,0.0,16.0,0.0,0,0,0,16.0,0.0,0.0,0,0.0
28,48,0.0,0.0,16.0,0.0,0,0,0,16.0,0.0,0.0,0,0.0
29,48,0.0,0.0,16.0,0.0,0,0,0,16.0,0.0,0.0,0,0.0
30,48,0.0,0.0,16.0,0.0,0,0,0,16.0,0.0,0.0,0,0.0
31,48,0.0,0.0,16.0,0.0,0,0,0,16.0,0.0,0.0,0,0.0
32,48,0.0,0.0,16.0,0.0,0,0,0,16.0,0.0,0.0,0,0.0
33,48,0.0,0.0,16.0,0.0,0,0,0,16.0,0.0,0.0,0,0.0
34,48,0.0,0.0,16.0,0.0,0,0,0,16.0,0.0,0.0,0,0.0
35,48,0.0,0.0,8.0,0.0,0,0,0,8.0,0.0,0.0,0,0.0
36,48,0.0,0.0,16.0,0.0,0,0,0,16.0,0.0,0.0,0,0.0
37,48,23.544,16.0,0.0,0.0,0,0,0,16.0,1.0,0.0,0,0.0
38,48,23.544,16.0,0.0,0.0,0,0,0,16.0,1.0,0.0,0,0.0
39,48,16.4808,16.0,0.0,0.0,0,0,0,16.0,1.0,0.0,0,0.6
40,48,23.544,16.0,0.0,0.0,0,0,0,16.0,1.0,0.0,0,0.0
41,48,23.544,16.0,0.0,0.0,0,0,0,16.0,1.0,0.0,0,0.0
42,48,23.544,16.0,0.0,0.0,0,0,0,16.0,1.0,0.0,0,0.0
43,48,16.4808,16.0,0.0,0.0,0,0,0,16.0,1.0,0.0,0,0.6
44,48,10.432,8.0,0.0,0.0,0,0,0,8.0,1.0,0.0,0,0.0
45,48,23.544,16.0,0.0,0.0,0,0,0,16.0,1.0,0.0,0,0.0
46,48,23.544,16.0,0.0,0.0,0,0,0,16.0,1.0,0.0,0,0.0
47,48,23.544,16.0,0.0,0.0,0,0,0,16.0,1.0,0.0,0,0.0
48,48,16.4808,16.0,0.0,0.0,0,0,0,16.0,1.0,0.0,0,0.6
49,48,23.544,16.0,0.0,0.0,0,0,0,16.0,1.0,0.0,0,0.0
50,48,23.544,16.0,0.0,0.0,0,0,0,16.0,1.0,0.0,0,0.0
51,48,18.74929512650808,16.0,0.0,0.0,0,0,0,16.0,1.0,0.0,0,0.0
52,48,23.544,16.0,0.0,0.0,0,0,0,16.0,1.0,0.0,0,0.0
53,48,13.112,8.0,0.0,0.0,0,0,0,8.0,1.0,0.0,0,0.0
54,48,23.544,16.0,0.0,0.0,0,0,0,16.0,1.0,0.0,0,0.0
55,48,16.4808,16.0,0.0,0.0,0,0,0,16.0,1.0,0.0,0,0.6
56,48,23.544,16.0,0.0,0.0,0,0,0,16.0,1.0,0.0,0,0.0
57,48,14.109530499802243,11.346626859511252,4.653373140488748,0.0,0,0,0,16.0,0.7091641787194533,4.653373140488748,1,0.0
58,48,19.896,16.0,0.0,0.0,0,0,0,16.0,1.0,0.0,0,0.0
59,48,7.803285861828058,8.0,0.0,0.0,0,0,0,8.0,1.0,0.0,0,0.0
60,48,6.9636,8.0,0.0,0.0,0,0,0,8.0,1.0,0.0,0,0.3
61,48,19.896,16.0,0.0,0.0,0,0,0,16.0,1.0,0.0,0,0.0
62,48,23.544,16.0,0.0,0.0,0,0,0,16.0,1.0,0.0,0,0.0
63,48,13.112,8.0,0.0,0.0,0,0,0,8.0,1.0,0.0,0,0.0
64,48,23.544,16.0,0.0,0.0,0,0,0,16.0,1.0,0.0,0,0.0
65,48,13.112,8.0,0.0,0.0,0,0,0,8.0,1.0,0.0,0,0.0
66,48,13.112,8.0,0.0,0.0,0,0,0,8.0,1.0,0.0,0,0.0
67,48,23.544,16.0,0.0,0.0,0,0,0,16.0,1.0,0.0,0,0.0
68,48,17.380450396823143,11.273351531306092,4.726648468693908,0.0,0,0,0,16.0,0.7045844707066308,4.726648468693908,1,0.0
69,48,23.544,16.0,0.0,0.0,0,0,0,16.0,1.0,0.0,0,0.0
70,48,16.70672508122423,16.0,0.0,0.0,0,0,0,16.0,1.0,0.0,0,0.0
71,48,10.432,8.0,0.0,0.0,0,0,0,8.0,1.0,0.0,0,0.0
72,48,16.4808,16.0,0.0,0.0,0,0,0,16.0,1.0,0.0,0,0.6
73,48,23.544,16.0,0.0,0.0,0,0,0,16.0,1.0,0.0,0,0.0
74,48,13.112,8.0,0.0,0.0,0,0,0,8.0,1.0,0.0,0,0.0
75,48,10.432,8.0,0.0,0.0,0,0,0,8.0,1.0,0.0,0,0.0
77,48,23.544,16.0,0.0,0.0,0,0,0,16.0,1.0,0.0,0,0.0
78,48,23.544,16.0,0.0,0.0,0,0,0,16.0,1.0,0.0,0,0.0
79,48,16.4808,16.0,0.0,0.0,0,0,0,16.0,1.0,0.0,0,0.6
80,48,23.544,16.0,0.0,0.0,0,0,0,16.0,1.0,0.0,0,0.0
81,48,16.4808,16.0,0.0,0.0,0,0,0,16.0,1.0,0.0,0,0.6
82,48,13.112,8.0,0.0,0.0,0,0,0,8.0,1.0,0.0,0,0.0
83,48,16.4808,16.0,0.0,0.0,0,0,0,16.0,1.0,0.0,0,0.6
84,48,23.544,16.0,0.0,0.0,0,0,0,16.0,1.0,0.0,0,0.0
85,48,23.544,16.0,0.0,0.0,0,0,0,16.0,1.0,0.0,0,0.0
86,48,16.4808,16.0,0.0,0.0,0,0,0,16.0,1.0,0.0,0,0.6
87,48,23.544,16.0,0.0,0.0,0,0,0,16.0,1.0,0.0,0,0.0
88,48,23.544,16.0,0.0,0.0,0,0,0,16.0,1.0,0.0,0,0.0
89,48,16.4808,16.0,0.0,0.0,0,0,0,16.0,1.0,0.0,0,0.6
90,48,13.112,8.0,0.0,0.0,0,0,0,8.0,1.0,0.0,0,0.0
91,48,10.717499291688014,16.0,0.0,0.0,0,0,0,16.0,1.0,0.0,0,0.6
92,48,2.464711140801448,1.503789591703141,6.496210408296859,0.0,0,0,0,8.0,0.18797369896289262,6.496210408296859,1,0.0
93,48,10.432,8.0,0.0,0.0,0,0,0,8.0,1.0,0.0,0,0.0
94,48,23.544,16.0,0.0,0.0,0,0,0,16.0,1.0,0.0,0,0.0
95,48,9.896591897900452,16.0,0.0,0.0,0,0,0,16.0,1.0,0.0,0,0.6
96,48,23.544,16.0,0.0,0.0,0,0,0,16.0,1.0,0.0,0,0.0
97,48,23.544,16.0,0.0,0.0,0,0,0,16.0,1.0,0.0,0,0.0
98,48,23.544,16.0,0.0,0.0,0,0,0,16.0,1.0,0.0,0,0.0
99,48,23.544,16.0,0.0,0.0,0,0,0,16.0,1.0,0.0,0,0.0
100,48,0.0,0.0,16.0,0.0,0,0,0,16.0,0.0,0.0,0,0.0
101,48,16.598,16.0,0.0,0.0,0,0,0,16.0,1.0,0.0,0,0.0
102,48,8.299,8.0,0.0,0.0,0,0,0,8.0,1.0,0.0,0,0.0
103,48,13.092179818105947,12.620489040227447,3.379510959772553,0.0,0,0,0,16.0,0.7887805650142155,3.379510959772553,1,0.0
104,48,16.598,16.0,0.0,0.0,0,0,0,16.0,1.0,0.0,0,0.0
105,48,6.697563632794093,6.456260882317478,9.543739117682522,0.0,0,0,0,16.0,0.4035163051448424,9.543739117682522,2,0.0
106,48,16.598,16.0,0.0,0.0,0,0,0,16.0,1.0,0.0,0,0.0
107,48,0.0,0.0,16.0,0.0,0,0,0,16.0,0.0,0.0,0,0.0
108,48,0.0,0.0,16.0,0.0,0,0,0,16.0,0.0,0.0,0,0.0
109,48,0.0,0.0,16.0,0.0,0,0,0,16.0,0.0,0.0,0,0.0
110,48,0.0,0.0,16.0,0.0,0,0,0,16.0,0.0,0.0,0,0.0
111,48,0.0,0.0,16.0,0.0,0,0,0,16.0,0.0,0.0,0,0.0
112,48,0.0,0.0,16.0,0.0,0,0,0,16.0,0.0,0.0,0,0.0
1,49,0.0,0.0,16.0,0.0,0,0,0,16.0,0.0,0.0,0,0.0
2,49,0.0,0.0,16.0,0.0,0,0,0,16.0,0.0,0.0,0,0.0
3,49,0.0,0.0,16.0,0.0,0,0,0,16.0,0.0,0.0,0,0.0
4,49,0.0,0.0,16.0,0.0,0,0,0,16.0,0.0,0.0,0,0.0
5,49,0.0,0.0,16.0,0.0,0,0,0,16.0,0.0,0.0,0,0.0
6,49,0.0,0.0,16.0,0.0,0,0,0,16.0,0.0,0.0,0,0.0
7,49,0.0,0.0,16.0,0.0,0,0,0,16.0,0.0,0.0,0,0.0
8,49,0.0,0.0,16.0,0.0,0,0,0,16.0,0.0,0.0,0,0.0
9,49,0.0,0.0,16.0,0.0,0,0,0,16.0,0.0,0.0,0,0.0
10,49,0.0,0.0,16.0,0.0,0,0,0,16.0,0.0,0.0,0,0.0
11,49,0.0,0.0,8.0,0.0,0,0,0,8.0,0.0,0.0,0,0.0
12,49,8.319,8.0,8.0,0.0,0,0,0,16.0,0.5,0.0,0,0.0
13,49,0.0,0.0,16.0,0.0,0,0,0,16.0,0.0,0.0,0,0.0
14,49,0.0,0.0,16.0,0.0,0,0,0,16.0,0.0,0.0,0,0.0
15,49,0.0,0.0,16.0,0.0,0,0,0,16.0,0.0,0.0,0,0.0
16,49,0.0,0.0,16.0,0.0,0,0,0,16.0,0.0,0.0,0,0.0
17,49,0.0,0.0,8.0,0.0,0,0,0,8.0,0.0,0.0,0,0.0
18,49,0.0,0.0,16.0,0.0,0,0,0,16.0,0.0,0.0,0,0.0
19,49,0.0,0.0,16.0,0.0,0,0,0,16.0,0.0,0.0,0,0.0
20,49,0.0,0.0,8.0,0.0,0,0,0,8.0,0.0,0.0,0,0.0
21,49,0.0,0.0,8.0,0.0,0,0,0,8.0,0.0,0.0,0,0.0
22,49,0.0,0.0,16.0,0.0,0,0,0,16.0,0.0,0.0,0,0.0
23,49,0.0,0.0,16.0,0.0,0,0,0,16.0,0.0,0.0,0,0.0
24,49,0.0,0.0,16.0,0.0,0,0,0,16.0,0.0,0.0,0,0.0
25,49,0.0,0.0,16.0,0.0,0,0,0,16.0,0.0,0.0,0,0.0
26,49,0.0,0.0,16.0,0.0,0,0,0,16.0,0.0,0.0,0,0.0
27,49,0.0,0.0,16.0,0.0,0,0,0,16.0,0.0,0.0,0,0.0
28,49,0.0,0.0,16.0,0.0,0,0,0,16.0,0.0,0.0,0,0.0
29,49,0.0,0.0,16.0,0.0,0,0,0,16.0,0.0,0.0,0,0.0
30,49,0.0,0.0,16.0,0.0,0,0,0,16.0,0.0,0.0,0,0.0
31,49,0.0,0.0,16.0,0.0,0,0,0,16.0,0.0,0.0,0,0.0
32,49,0.0,0.0,16.0,0.0,0,0,0,16.0,0.0,0.0,0,0.0
33,49,0.0,0.0,16.0,0.0,0,0,0,16.0,0.0,0.0,0,0.0
34,49,0.0,0.0,16.0,0.0,0,0,0,16.0,0.0,0.0,0,0.0
35,49,0.0,0.0,8.0,0.0,0,0,0,8.0,0.0,0.0,0,0.0
36,49,0.0,0.0,16.0,0.0,0,0,0,16.0,0.0,0.0,0,0.0
37,49,23.544,16.0,0.0,0.0,0,0,0,16.0,1.0,0.0,0,0.0
38,49,23.544,16.0,0.0,0.0,0,0,0,16.0,1.0,0.0,0,0.0
39,49,23.544,16.0,0.0,0.0,0,0,0,16.0,1.0,0.0,0,0.0
40,49,23.544,16.0,0.0,0.0,0,0,0,16.0,1.0,0.0,0,0.0
41,49,18.80519797344894,12.365949366141825,3.634050633858175,0.0,0,0,0,16.0,0.7728718353838641,3.6340506338581746,1,0.0
42,49,23.544,16.0,0.0,0.0,0,0,0,16.0,1.0,0.0,0,0.0
43,49,23.544,16.0,0.0,0.0,0,0,0,16.0,1.0,0.0,0,0.0
44,49,10.432,8.0,0.0,0.0,0,0,0,8.0,1.0,0.0,0,0.0
45,49,23.544,16.0,0.0,0.0,0,0,0,16.0,1.0,0.0,0,0.0
46,49,23.544,16.0,0.0,0.0,0,0,0,16.0,1.0,0.0,0,0.0
47,49,23.544,16.0,0.0,0.0,0,0,0,16.0,1.0,0.0,0,0.0
48,49,23.544,16.0,0.0,0.0,0,0,0,16.0,1.0,0.0,0,0.0
49,49,23.544,16.0,0.0,0.0,0,0,0,16.0,1.0,0.0,0,0.0
50,49,23.544,16.0,0.0,0.0,0,0,0,16.0,1.0,0.0,0,0.0
51,49,23.544,16.0,0.0,0.0,0,0,0,16.0,1.0,0.0,0,0.0
52,49,23.544,16.0,0.0,0.0,0,0,0,16.0,1.0,0.0,0,0.0
53,49,13.112,8.0,0.0,0.0,0,0,0,8.0,1.0,0.0,0,0.0
54,49,23.544,16.0,0.0,0.0,0,0,0,16.0,1.0,0.0,0,0.0
55,49,23.544,16.0,0.0,0.0,0,0,0,16.0,1.0,0.0,0,0.0
56,49,23.544,16.0,0.0,0.0,0,0,0,16.0,1.0,0.0,0,0.0
57,49,16.540617479424075,13.301662629211158,2.698337370788842,0.0,0,0,0,16.0,0.8313539143256974,2.6983373707888427,1,0.0
58,49,11.314070018637594,9.09856857148178,6.901431428518221,0.0,0,0,0,16.0,0.5686605357176112,6.901431428518221,1,0.0
59,49,9.948,8.0,0.0,0.0,0,0,0,8.0,1.0,0.0,0,0.0
60,49,9.948,8.0,0.0,0.0,0,0,0,8.0,1.0,0.0,0,0.0
61,49,19.896,16.0,0.0,0.0,0,0,0,16.0,1.0,0.0,0,0.0
62,49,23.544,16.0,0.0,0.0,0,0,0,16.0,1.0,0.0,0,0.0
63,49,13.112,8.0,0.0,0.0,0,0,0,8.0,1.0,0.0,0,0.0
64,49,23.544,16.0,0.0,0.0,0,0,0,16.0,1.0,0.0,0,0.0
65,49,13.112,8.0,0.0,0.0,0,0,0,8.0,1.0,0.0,0,0.0
66,49,13.112,8.0,0.0,0.0,0,0,0,8.0,1.0,0.0,0,0.0
67,49,23.544,16.0,0.0,0.0,0,0,0,16.0,1.0,0.0,0,0.0
68,49,23.544,16.0,0.0,0.0,0,0,0,16.0,1.0,0.0,0,0.0
69,49,23.544,16.0,0.0,0.0,0,0,0,16.0,1.0,0.0,0,0.0
70,49,23.544,16.0,0.0,0.0,0,0,0,16.0,1.0,0.0,0,0.0
71,49,10.432,8.0,0.0,0.0,0,0,0,8.0,1.0,0.0,0,0.0
72,49,23.544,16.0,0.0,0.0,0,0,0,16.0,1.0,0.0,0,0.0
73,49,15.8217582771548,11.288443122120073,4.711556877879927,0.0,0,0,0,16.0,0.7055276951325046,4.711556877879927,1,0.0
74,49,13.112,8.0,0.0,0.0,0,0,0,8.0,1.0,0.0,0,0.0
75,49,10.432,8.0,0.0,0.0,0,0,0,8.0,1.0,0.0,0,0.0
77,49,23.544,16.0,0.0,0.0,0,0,0,16.0,1.0,0.0,0,0.0
78,49,16.4808,16.0,0.0,0.0,0,0,0,16.0,1.0,0.0,0,0.6
79,49,17.579375709823495,12.3608149541327,3.6391850458673005,0.0,0,0,0,16.0,0.7725509346332937,3.6391850458673014,1,0.0
80,49,23.544,16.0,0.0,0.0,0,0,0,16.0,1.0,0.0,0,0.0
81,49,23.544,16.0,0.0,0.0,0,0,0,16.0,1.0,0.0,0,0.0
82,49,13.112,8.0,0.0,0.0,0,0,0,8.0,1.0,0.0,0,0.0
83,49,23.544,16.0,0.0,0.0,0,0,0,16.0,1.0,0.0,0,0.0
84,49,23.544,16.0,0.0,0.0,0,0,0,16.0,1.0,0.0,0,0.0
85,49,23.544,16.0,0.0,0.0,0,0,0,16.0,1.0,0.0,0,0.0
86,49,18.216723288885966,11.914665098838931,4.085334901161069,0.0,0,0,0,16.0,0.7446665686774332,4.085334901161069,1,0.0
87,49,11.866689636133806,11.978287837648223,4.021712162351777,0.0,0,0,0,16.0,0.7486429898530139,4.021712162351777,1,0.6
88,49,23.544,16.0,0.0,0.0,0,0,0,16.0,1.0,0.0,0,0.0
89,49,23.544,16.0,0.0,0.0,0,0,0,16.0,1.0,0.0,0,0.0
90,49,13.112,8.0,0.0,0.0,0,0,0,8.0,1.0,0.0,0,0.0
91,49,23.544,16.0,0.0,0.0,0,0,0,16.0,1.0,0.0,0,0.0
92,49,13.112,8.0,0.0,0.0,0,0,0,8.0,1.0,0.0,0,0.0
93,49,10.432,8.0,0.0,0.0,0,0,0,8.0,1.0,0.0,0,0.0
94,49,23.544,16.0,0.0,0.0,0,0,0,16.0,1.0,0.0,0,0.0
95,49,23.544,16.0,0.0,0.0,0,0,0,16.0,1.0,0.0,0,0.0
96,49,23.544,16.0,0.0,0.0,0,0,0,16.0,1.0,0.0,0,0.0
97,49,16.4808,16.0,0.0,0.0,0,0,0,16.0,1.0,0.0,0,0.6
98,49,16.4808,16.0,0.0,0.0,0,0,0,16.0,1.0,0.0,0,0.6
99,49,23.544,16.0,0.0,0.0,0,0,0,16.0,1.0,0.0,0,0.0
100,49,0.0,0.0,16.0,0.0,0,0,0,16.0,0.0,0.0,0,0.0
101,49,16.598,16.0,0.0,0.0,0,0,0,16.0,1.0,0.0,0,0.0
102,49,8.299,8.0,0.0,0.0,0,0,0,8.0,1.0,0.0,0,0.0
103,49,16.598,16.0,0.0,0.0,0,0,0,16.0,1.0,0.0,0,0.0
104,49,16.598,16.0,0.0,0.0,0,0,0,16.0,1.0,0.0,0,0.0
105,49,12.713283084241354,16.0,0.0,0.0,0,0,0,16.0,1.0,0.0,0,0.0
106,49,16.598,16.0,0.0,0.0,0,0,0,16.0,1.0,0.0,0,0.0
107,49,0.0,0.0,16.0,0.0,0,0,0,16.0,0.0,0.0,0,0.0
108,49,0.0,0.0,16.0,0.0,0,0,0,16.0,0.0,0.0,0,0.0
109,49,0.0,0.0,16.0,0.0,0,0,0,16.0,0.0,0.0,0,0.0
110,49,0.0,0.0,16.0,0.0,0,0,0,16.0,0.0,0.0,0,0.0
111,49,0.0,0.0,16.0,0.0,0,0,0,16.0,0.0,0.0,0,0.0
112,49,0.0,0.0,16.0,0.0,0,0,0,16.0,0.0,0.0,0,0.0
