day,shift_id,machine_id,machine_role,sample_id,production_units,total_hours,idle_hours,mobilisation_cost,sequencing_violations,blackout_conflicts,available_hours,utilisation_ratio,downtime_hours,downtime_events,weather_severity_total
12,S1,M2,forwarder,0,8.319,8.0,0.0,0.0,0,0,8.0,1.0,0.0,0,0.0
37,S1,M1,harvester,0,13.112,8.0,0.0,0.0,0,0,8.0,1.0,0.0,0,0.0
37,S1,M2,forwarder,0,10.432,8.0,0.0,0.0,0,0,8.0,1.0,0.0,0,0.0
38,S1,M1,harvester,0,13.112,8.0,0.0,0.0,0,0,8.0,1.0,0.0,0,0.0
38,S1,M2,forwarder,0,10.432,8.0,0.0,0.0,0,0,8.0,1.0,0.0,0,0.0
39,S1,M1,harvester,0,13.112,8.0,0.0,0.0,0,0,8.0,1.0,0.0,0,0.0
39,S1,M2,forwarder,0,10.432,8.0,0.0,0.0,0,0,8.0,1.0,0.0,0,0.0
40,S1,M1,harvester,0,13.112,8.0,0.0,0.0,0,0,8.0,1.0,0.0,0,0.0
40,S1,M2,forwarder,0,10.432,8.0,0.0,0.0,0,0,8.0,1.0,0.0,0,0.0
41,S1,M1,harvester,0,13.112,8.0,0.0,0.0,0,0,8.0,1.0,0.0,0,0.0
41,S1,M2,forwarder,0,10.432,8.0,0.0,0.0,0,0,8.0,1.0,0.0,0,0.0
42,S1,M1,harvester,0,13.112,8.0,0.0,0.0,0,0,8.0,1.0,0.0,0,0.0
42,S1,M2,forwarder,0,10.432,8.0,0.0,0.0,0,0,8.0,1.0,0.0,0,0.0
43,S1,M1,harvester,0,9.1784,8.0,0.0,0.0,0,0,8.0,1.0,0.0,0,0.3
43,S1,M2,forwarder,0,7.3024,8.0,0.0,0.0,0,0,8.0,1.0,0.0,0,0.3
44,S1,M2,forwarder,0,4.615524639016062,8.0,0.0,0.0,0,0,8.0,1.0,0.0,0,0.0
45,S1,M1,harvester,0,9.1784,8.0,0.0,0.0,0,0,8.0,1.0,0.0,0,0.3
45,S1,M2,forwarder,0,7.3024,8.0,0.0,0.0,0,0,8.0,1.0,0.0,0,0.3
46,S1,M1,harvester,0,13.112,8.0,0.0,0.0,0,0,8.0,1.0,0.0,0,0.0
46,S1,M2,forwarder,0,10.432,8.0,0.0,0.0,0,0,8.0,1.0,0.0,0,0.0
47,S1,M1,harvester,0,13.112,8.0,0.0,0.0,0,0,8.0,1.0,0.0,0,0.0
47,S1,M2,forwarder,0,10.432,8.0,0.0,0.0,0,0,8.0,1.0,0.0,0,0.0
48,S1,M1,harvester,0,9.1784,8.0,0.0,0.0,0,0,8.0,1.0,0.0,0,0.3
48,S1,M2,forwarder,0,7.3024,8.0,0.0,0.0,0,0,8.0,1.0,0.0,0,0.3
49,S1,M1,harvester,0,13.112,8.0,0.0,0.0,0,0,8.0,1.0,0.0,0,0.0
49,S1,M2,forwarder,0,2.7085992438712023,2.077146659410431,5.922853340589569,0.0,0,0,8.0,0.2596433324263039,5.922853340589569,1,0.0
50,S1,M1,harvester,0,13.112,8.0,0.0,0.0,0,0,8.0,1.0,0.0,0,0.0
50,S1,M2,forwarder,0,10.432,8.0,0.0,0.0,0,0,8.0,1.0,0.0,0,0.0
51,S1,M1,harvester,0,13.112,8.0,0.0,0.0,0,0,8.0,1.0,0.0,0,0.0
51,S1,M2,forwarder,0,10.432,8.0,0.0,0.0,0,0,8.0,1.0,0.0,0,0.0
52,S1,M1,harvester,0,13.112,8.0,0.0,0.0,0,0,8.0,1.0,0.0,0,0.0
52,S1,M2,forwarder,0,10.432,8.0,0.0,0.0,0,0,8.0,1.0,0.0,0,0.0
53,S1,M1,harvester,0,13.112,8.0,0.0,0.0,0,0,8.0,1.0,0.0,0,0.0
54,S1,M1,harvester,0,13.112,8.0,0.0,0.0,0,0,8.0,1.0,0.0,0,0.0
54,S1,M2,forwarder,0,10.432,8.0,0.0,0.0,0,0,8.0,1.0,0.0,0,0.0
55,S1,M1,harvester,0,9.1784,8.0,0.0,0.0,0,0,8.0,1.0,0.0,0,0.3
55,S1,M2,forwarder,0,7.3024,8.0,0.0,0.0,0,0,8.0,1.0,0.0,0,0.3
56,S1,M1,harvester,0,13.112,8.0,0.0,0.0,0,0,8.0,1.0,0.0,0,0.0
56,S1,M2,forwarder,0,10.432,8.0,0.0,0.0,0,0,8.0,1.0,0.0,0,0.0
57,S1,M1,harvester,0,6.9636,8.0,0.0,0.0,0,0,8.0,1.0,0.0,0,0.3
57,S1,M2,forwarder,0,6.9636,8.0,0.0,0.0,0,0,8.0,1.0,0.0,0,0.3
58,S1,M1,harvester,0,9.948,8.0,0.0,0.0,0,0,8.0,1.0,0.0,0,0.0
58,S1,M2,forwarder,0,9.948,8.0,0.0,0.0,0,0,8.0,1.0,0.0,0,0.0
59,S1,M1,harvester,0,9.948,8.0,0.0,0.0,0,0,8.0,1.0,0.0,0,0.0
60,S1,M2,forwarder,0,9.948,8.0,0.0,0.0,0,0,8.0,1.0,0.0,0,0.0
61,S1,M1,harvester,0,0.7027454707714824,0.5651350790281322,7.434864920971868,0.0,0,0,8.0,0.07064188487851653,7.434864920971868,1,0.0
61,S1,M2,forwarder,0,6.313587386084282,5.077271721820894,2.9227282781791057,0.0,0,0,8.0,0.6346589652276118,2.922728278179106,1,0.0
62,S1,M1,harvester,0,13.112,8.0,0.0,0.0,0,0,8.0,1.0,0.0,0,0.0
62,S1,M2,forwarder,0,10.432,8.0,0.0,0.0,0,0,8.0,1.0,0.0,0,0.0
63,S1,M1,harvester,0,6.419932198389264,3.916981207070936,4.083018792929064,0.0,0,0,8.0,0.489622650883867,4.083018792929064,1,0.0
64,S1,M1,harvester,0,13.112,8.0,0.0,0.0,0,0,8.0,1.0,0.0,0,0.0
64,S1,M2,forwarder,0,10.432,8.0,0.0,0.0,0,0,8.0,1.0,0.0,0,0.0
65,S1,M1,harvester,0,13.112,8.0,0.0,0.0,0,0,8.0,1.0,0.0,0,0.0
66,S1,M1,harvester,0,7.0904876613161925,8.0,0.0,0.0,0,0,8.0,1.0,0.0,0,0.0
67,S1,M1,harvester,0,13.112,8.0,0.0,0.0,0,0,8.0,1.0,0.0,0,0.0
67,S1,M2,forwarder,0,10.432,8.0,0.0,0.0,0,0,8.0,1.0,0.0,0,0.0
68,S1,M1,harvester,0,13.112,8.0,0.0,0.0,0,0,8.0,1.0,0.0,0,0.0
68,S1,M2,forwarder,0,10.432,8.0,0.0,0.0,0,0,8.0,1.0,0.0,0,0.0
69,S1,M1,harvester,0,13.112,8.0,0.0,0.0,0,0,8.0,1.0,0.0,0,0.0
69,S1,M2,forwarder,0,10.432,8.0,0.0,0.0,0,0,8.0,1.0,0.0,0,0.0
70,S1,M1,harvester,0,13.112,8.0,0.0,0.0,0,0,8.0,1.0,0.0,0,0.0
70,S1,M2,forwarder,0,8.025343629092792,6.154404623537417,1.8455953764625832,0.0,0,0,8.0,0.7693005779421771,1.8455953764625836,1,0.0
71,S1,M2,forwarder,0,10.432,8.0,0.0,0.0,0,0,8.0,1.0,0.0,0,0.0
72,S1,M1,harvester,0,13.112,8.0,0.0,0.0,0,0,8.0,1.0,0.0,0,0.0
72,S1,M2,forwarder,0,10.432,8.0,0.0,0.0,0,0,8.0,1.0,0.0,0,0.0
73,S1,M1,harvester,0,9.1784,8.0,0.0,0.0,0,0,8.0,1.0,0.0,0,0.3
73,S1,M2,forwarder,0,7.3024,8.0,0.0,0.0,0,0,8.0,1.0,0.0,0,0.3
74,S1,M1,harvester,0,13.112,8.0,0.0,0.0,0,0,8.0,1.0,0.0,0,0.0
75,S1,M2,forwarder,0,10.432,8.0,0.0,0.0,0,0,8.0,1.0,0.0,0,0.0
77,S1,M1,harvester,0,13.112,8.0,0.0,0.0,0,0,8.0,1.0,0.0,0,0.0
77,S1,M2,forwarder,0,10.432,8.0,0.0,0.0,0,0,8.0,1.0,0.0,0,0.0
78,S1,M1,harvester,0,13.112,8.0,0.0,0.0,0,0,8.0,1.0,0.0,0,0.0
78,S1,M2,forwarder,0,10.432,8.0,0.0,0.0,0,0,8.0,1.0,0.0,0,0.0
79,S1,M1,harvester,0,13.112,8.0,0.0,0.0,0,0,8.0,1.0,0.0,0,0.0
79,S1,M2,forwarder,0,10.432,8.0,0.0,0.0,0,0,8.0,1.0,0.0,0,0.0
80,S1,M1,harvester,0,8.361084522575688,5.10133283866729,2.8986671613327104,0.0,0,0,8.0,0.6376666048334112,2.8986671613327104,1,0.0
80,S1,M2,forwarder,0,10.432,8.0,0.0,0.0,0,0,8.0,1.0,0.0,0,0.0
81,S1,M1,harvester,0,13.112,8.0,0.0,0.0,0,0,8.0,1.0,0.0,0,0.0
81,S1,M2,forwarder,0,10.432,8.0,0.0,0.0,0,0,8.0,1.0,0.0,0,0.0
82,S1,M1,harvester,0,6.1015020125500365,8.0,0.0,0.0,0,0,8.0,1.0,0.0,0,0.0
83,S1,M1,harvester,0,13.112,8.0,0.0,0.0,0,0,8.0,1.0,0.0,0,0.0
83,S1,M2,forwarder,0,10.432,8.0,0.0,0.0,0,0,8.0,1.0,0.0,0,0.0
84,S1,M1,harvester,0,13.112,8.0,0.0,0.0,0,0,8.0,1.0,0.0,0,0.0
84,S1,M2,forwarder,0,10.432,8.0,0.0,0.0,0,0,8.0,1.0,0.0,0,0.0
85,S1,M1,harvester,0,13.112,8.0,0.0,0.0,0,0,8.0,1.0,0.0,0,0.0
85,S1,M2,forwarder,0,10.432,8.0,0.0,0.0,0,0,8.0,1.0,0.0,0,0.0
86,S1,M1,harvester,0,13.112,8.0,0.0,0.0,0,0,8.0,1.0,0.0,0,0.0
86,S1,M2,forwarder,0,10.432,8.0,0.0,0.0,0,0,8.0,1.0,0.0,0,0.0
87,S1,M1,harvester,0,13.112,8.0,0.0,0.0,0,0,8.0,1.0,0.0,0,0.0
87,S1,M2,forwarder,0,10.432,8.0,0.0,0.0,0,0,8.0,1.0,0.0,0,0.0
88,S1,M1,harvester,0,13.112,8.0,0.0,0.0,0,0,8.0,1.0,0.0,0,0.0
88,S1,M2,forwarder,0,10.432,8.0,0.0,0.0,0,0,8.0,1.0,0.0,0,0.0
89,S1,M1,harvester,0,13.112,8.0,0.0,0.0,0,0,8.0,1.0,0.0,0,0.0
89,S1,M2,forwarder,0,7.511735049630455,5.760533013520288,2.2394669864797123,0.0,0,0,8.0,0.720066626690036,2.2394669864797128,1,0.0
90,S1,M1,harvester,0,13.112,8.0,0.0,0.0,0,0,8.0,1.0,0.0,0,0.0
91,S1,M1,harvester,0,13.112,8.0,0.0,0.0,0,0,8.0,1.0,0.0,0,0.0
91,S1,M2,forwarder,0,10.432,8.0,0.0,0.0,0,0,8.0,1.0,0.0,0,0.0
92,S1,M1,harvester,0,9.1784,8.0,0.0,0.0,0,0,8.0,1.0,0.0,0,0.3
93,S1,M2,forwarder,0,10.432,8.0,0.0,0.0,0,0,8.0,1.0,0.0,0,0.0
94,S1,M1,harvester,0,13.112,8.0,0.0,0.0,0,0,8.0,1.0,0.0,0,0.0
94,S1,M2,forwarder,0,10.432,8.0,0.0,0.0,0,0,8.0,1.0,0.0,0,0.0
95,S1,M1,harvester,0,13.112,8.0,0.0,0.0,0,0,8.0,1.0,0.0,0,0.0
95,S1,M2,forwarder,0,10.432,8.0,0.0,0.0,0,0,8.0,1.0,0.0,0,0.0
96,S1,M1,harvester,0,13.112,8.0,0.0,0.0,0,0,8.0,1.0,0.0,0,0.0
96,S1,M2,forwarder,0,10.432,8.0,0.0,0.0,0,0,8.0,1.0,0.0,0,0.0
97,S1,M1,harvester,0,13.112,8.0,0.0,0.0,0,0,8.0,1.0,0.0,0,0.0
97,S1,M2,forwarder,0,10.432,8.0,0.0,0.0,0,0,8.0,1.0,0.0,0,0.0
98,S1,M1,harvester,0,13.112,8.0,0.0,0.0,0,0,8.0,1.0,0.0,0,0.0
98,S1,M2,forwarder,0,10.432,8.0,0.0,0.0,0,0,8.0,1.0,0.0,0,0.0
99,S1,M1,harvester,0,13.112,8.0,0.0,0.0,0,0,8.0,1.0,0.0,0,0.0
99,S1,M2,forwarder,0,10.432,8.0,0.0,0.0,0,0,8.0,1.0,0.0,0,0.0
101,S1,M1,harvester,0,8.299,8.0,0.0,0.0,0,0,8.0,1.0,0.0,0,0.0
101,S1,M2,forwarder,0,8.299,8.0,0.0,0.0,0,0,8.0,1.0,0.0,0,0.0
102,S1,M1,harvester,0,8.299,8.0,0.0,0.0,0,0,8.0,1.0,0.0,0,0.0
103,S1,M1,harvester,0,8.299,8.0,0.0,0.0,0,0,8.0,1.0,0.0,0,0.0
103,S1,M2,forwarder,0,8.299,8.0,0.0,0.0,0,0,8.0,1.0,0.0,0,0.0
104,S1,M1,harvester,0,8.299,8.0,0.0,0.0,0,0,8.0,1.0,0.0,0,0.0
104,S1,M2,forwarder,0,8.299,8.0,0.0,0.0,0,0,8.0,1.0,0.0,0,0.0
105,S1,M1,harvester,0,5.8092999999999995,8.0,0.0,0.0,0,0,8.0,1.0,0.0,0,0.3
105,S1,M2,forwarder,0,5.8092999999999995,8.0,0.0,0.0,0,0,8.0,1.0,0.0,0,0.3
106,S1,M1,harvester,0,5.8092999999999995,8.0,0.0,0.0,0,0,8.0,1.0,0.0,0,0.3
106,S1,M2,forwarder,0,5.8092999999999995,8.0,0.0,0.0,0,0,8.0,1.0,0.0,0,0.3
12,S1,M2,forwarder,1,5.823300000000001,8.0,0.0,0.0,0,0,8.0,1.0,0.0,0,0.3
37,S1,M1,harvester,1,13.112,8.0,0.0,0.0,0,0,8.0,1.0,0.0,0,0.0
37,S1,M2,forwarder,1,10.432,8.0,0.0,0.0,0,0,8.0,1.0,0.0,0,0.0
38,S1,M1,harvester,1,13.112,8.0,0.0,0.0,0,0,8.0,1.0,0.0,0,0.0
38,S1,M2,forwarder,1,10.432,8.0,0.0,0.0,0,0,8.0,1.0,0.0,0,0.0
39,S1,M1,harvester,1,13.112,8.0,0.0,0.0,0,0,8.0,1.0,0.0,0,0.0
39,S1,M2,forwarder,1,10.432,8.0,0.0,0.0,0,0,8.0,1.0,0.0,0,0.0
40,S1,M1,harvester,1,13.112,8.0,0.0,0.0,0,0,8.0,1.0,0.0,0,0.0
40,S1,M2,forwarder,1,10.432,8.0,0.0,0.0,0,0,8.0,1.0,0.0,0,0.0
41,S1,M1,harvester,1,13.112,8.0,0.0,0.0,0,0,8.0,1.0,0.0,0,0.0
41,S1,M2,forwarder,1,10.432,8.0,0.0,0.0,0,0,8.0,1.0,0.0,0,0.0
42,S1,M1,harvester,1,13.112,8.0,0.0,0.0,0,0,8.0,1.0,0.0,0,0.0
42,S1,M2,forwarder,1,10.432,8.0,0.0,0.0,0,0,8.0,1.0,0.0,0,0.0
43,S1,M1,harvester,1,13.112,8.0,0.0,0.0,0,0,8.0,1.0,0.0,0,0.0
43,S1,M2,forwarder,1,10.432,8.0,0.0,0.0,0,0,8.0,1.0,0.0,0,0.0
44,S1,M2,forwarder,1,10.432,8.0,0.0,0.0,0,0,8.0,1.0,0.0,0,0.0
45,S1,M1,harvester,1,13.112,8.0,0.0,0.0,0,0,8.0,1.0,0.0,0,0.0
45,S1,M2,forwarder,1,10.432,8.0,0.0,0.0,0,0,8.0,1.0,0.0,0,0.0
46,S1,M1,harvester,1,13.112,8.0,0.0,0.0,0,0,8.0,1.0,0.0,0,0.0
46,S1,M2,forwarder,1,10.432,8.0,0.0,0.0,0,0,8.0,1.0,0.0,0,0.0
47,S1,M1,harvester,1,13.112,8.0,0.0,0.0,0,0,8.0,1.0,0.0,0,0.0
47,S1,M2,forwarder,1,10.432,8.0,0.0,0.0,0,0,8.0,1.0,0.0,0,0.0
48,S1,M1,harvester,1,13.112,8.0,0.0,0.0,0,0,8.0,1.0,0.0,0,0.0
48,S1,M2,forwarder,1,10.432,8.0,0.0,0.0,0,0,8.0,1.0,0.0,0,0.0
49,S1,M1,harvester,1,13.112,8.0,0.0,0.0,0,0,8.0,1.0,0.0,0,0.0
49,S1,M2,forwarder,1,10.432,8.0,0.0,0.0,0,0,8.0,1.0,0.0,0,0.0
50,S1,M1,harvester,1,9.1784,8.0,0.0,0.0,0,0,8.0,1.0,0.0,0,0.3
50,S1,M2,forwarder,1,7.3024,8.0,0.0,0.0,0,0,8.0,1.0,0.0,0,0.3
51,S1,M1,harvester,1,13.112,8.0,0.0,0.0,0,0,8.0,1.0,0.0,0,0.0
51,S1,M2,forwarder,1,10.432,8.0,0.0,0.0,0,0,8.0,1.0,0.0,0,0.0
52,S1,M1,harvester,1,13.112,8.0,0.0,0.0,0,0,8.0,1.0,0.0,0,0.0
52,S1,M2,forwarder,1,10.432,8.0,0.0,0.0,0,0,8.0,1.0,0.0,0,0.0
53,S1,M1,harvester,1,13.112,8.0,0.0,0.0,0,0,8.0,1.0,0.0,0,0.0
54,S1,M1,harvester,1,9.1784,8.0,0.0,0.0,0,0,8.0,1.0,0.0,0,0.3
54,S1,M2,forwarder,1,7.3024,8.0,0.0,0.0,0,0,8.0,1.0,0.0,0,0.3
55,S1,M1,harvester,1,13.112,8.0,0.0,0.0,0,0,8.0,1.0,0.0,0,0.0
55,S1,M2,forwarder,1,10.432,8.0,0.0,0.0,0,0,8.0,1.0,0.0,0,0.0
56,S1,M1,harvester,1,13.112,8.0,0.0,0.0,0,0,8.0,1.0,0.0,0,0.0
56,S1,M2,forwarder,1,10.432,8.0,0.0,0.0,0,0,8.0,1.0,0.0,0,0.0
57,S1,M1,harvester,1,9.948,8.0,0.0,0.0,0,0,8.0,1.0,0.0,0,0.0
57,S1,M2,forwarder,1,9.948,8.0,0.0,0.0,0,0,8.0,1.0,0.0,0,0.0
58,S1,M1,harvester,1,9.948,8.0,0.0,0.0,0,0,8.0,1.0,0.0,0,0.0
58,S1,M2,forwarder,1,9.948,8.0,0.0,0.0,0,0,8.0,1.0,0.0,0,0.0
59,S1,M1,harvester,1,9.948,8.0,0.0,0.0,0,0,8.0,1.0,0.0,0,0.0
60,S1,M2,forwarder,1,9.948,8.0,0.0,0.0,0,0,8.0,1.0,0.0,0,0.0
61,S1,M1,harvester,1,6.9636,8.0,0.0,0.0,0,0,8.0,1.0,0.0,0,0.3
61,S1,M2,forwarder,1,6.9636,8.0,0.0,0.0,0,0,8.0,1.0,0.0,0,0.3
62,S1,M1,harvester,1,13.112,8.0,0.0,0.0,0,0,8.0,1.0,0.0,0,0.0
62,S1,M2,forwarder,1,10.432,8.0,0.0,0.0,0,0,8.0,1.0,0.0,0,0.0
63,S1,M1,harvester,1,8.147545576102013,8.0,0.0,0.0,0,0,8.0,1.0,0.0,0,0.0
64,S1,M1,harvester,1,5.443071534921253,3.3209710402204102,4.67902895977959,0.0,0,0,8.0,0.4151213800275513,4.67902895977959,1,0.0
64,S1,M2,forwarder,1,10.432,8.0,0.0,0.0,0,0,8.0,1.0,0.0,0,0.0
65,S1,M1,harvester,1,13.112,8.0,0.0,0.0,0,0,8.0,1.0,0.0,0,0.0
66,S1,M1,harvester,1,9.739877654763754,5.942573309800948,2.057426690199052,0.0,0,0,8.0,0.7428216637251185,2.057426690199052,1,0.0
67,S1,M1,harvester,1,13.112,8.0,0.0,0.0,0,0,8.0,1.0,0.0,0,0.0
67,S1,M2,forwarder,1,10.432,8.0,0.0,0.0,0,0,8.0,1.0,0.0,0,0.0
68,S1,M1,harvester,1,13.112,8.0,0.0,0.0,0,0,8.0,1.0,0.0,0,0.0
68,S1,M2,forwarder,1,10.432,8.0,0.0,0.0,0,0,8.0,1.0,0.0,0,0.0
69,S1,M1,harvester,1,13.112,8.0,0.0,0.0,0,0,8.0,1.0,0.0,0,0.0
69,S1,M2,forwarder,1,10.432,8.0,0.0,0.0,0,0,8.0,1.0,0.0,0,0.0
70,S1,M1,harvester,1,13.112,8.0,0.0,0.0,0,0,8.0,1.0,0.0,0,0.0
70,S1,M2,forwarder,1,10.432,8.0,0.0,0.0,0,0,8.0,1.0,0.0,0,0.0
71,S1,M2,forwarder,1,10.432,8.0,0.0,0.0,0,0,8.0,1.0,0.0,0,0.0
72,S1,M1,harvester,1,13.112,8.0,0.0,0.0,0,0,8.0,1.0,0.0,0,0.0
72,S1,M2,forwarder,1,10.432,8.0,0.0,0.0,0,0,8.0,1.0,0.0,0,0.0
73,S1,M1,harvester,1,13.112,8.0,0.0,0.0,0,0,8.0,1.0,0.0,0,0.0
73,S1,M2,forwarder,1,10.432,8.0,0.0,0.0,0,0,8.0,1.0,0.0,0,0.0
74,S1,M1,harvester,1,13.112,8.0,0.0,0.0,0,0,8.0,1.0,0.0,0,0.0
75,S1,M2,forwarder,1,10.432,8.0,0.0,0.0,0,0,8.0,1.0,0.0,0,0.0
77,S1,M1,harvester,1,13.112,8.0,0.0,0.0,0,0,8.0,1.0,0.0,0,0.0
77,S1,M2,forwarder,1,10.432,8.0,0.0,0.0,0,0,8.0,1.0,0.0,0,0.0
78,S1,M1,harvester,1,13.112,8.0,0.0,0.0,0,0,8.0,1.0,0.0,0,0.0
78,S1,M2,forwarder,1,10.432,8.0,0.0,0.0,0,0,8.0,1.0,0.0,0,0.0
79,S1,M1,harvester,1,9.1784,8.0,0.0,0.0,0,0,8.0,1.0,0.0,0,0.3
79,S1,M2,forwarder,1,7.3024,8.0,0.0,0.0,0,0,8.0,1.0,0.0,0,0.3
80,S1,M1,harvester,1,13.112,8.0,0.0,0.0,0,0,8.0,1.0,0.0,0,0.0
80,S1,M2,forwarder,1,10.432,8.0,0.0,0.0,0,0,8.0,1.0,0.0,0,0.0
81,S1,M1,harvester,1,13.112,8.0,0.0,0.0,0,0,8.0,1.0,0.0,0,0.0
81,S1,M2,forwarder,1,10.432,8.0,0.0,0.0,0,0,8.0,1.0,0.0,0,0.0
82,S1,M1,harvester,1,6.38203245992378,8.0,0.0,0.0,0,0,8.0,1.0,0.0,0,0.0
83,S1,M1,harvester,1,13.112,8.0,0.0,0.0,0,0,8.0,1.0,0.0,0,0.0
83,S1,M2,forwarder,1,10.432,8.0,0.0,0.0,0,0,8.0,1.0,0.0,0,0.0
84,S1,M1,harvester,1,13.112,8.0,0.0,0.0,0,0,8.0,1.0,0.0,0,0.0
84,S1,M2,forwarder,1,10.432,8.0,0.0,0.0,0,0,8.0,1.0,0.0,0,0.0
85,S1,M1,harvester,1,9.1784,8.0,0.0,0.0,0,0,8.0,1.0,0.0,0,0.3
85,S1,M2,forwarder,1,7.3024,8.0,0.0,0.0,0,0,8.0,1.0,0.0,0,0.3
86,S1,M1,harvester,1,13.112,8.0,0.0,0.0,0,0,8.0,1.0,0.0,0,0.0
86,S1,M2,forwarder,1,10.432,8.0,0.0,0.0,0,0,8.0,1.0,0.0,0,0.0
87,S1,M1,harvester,1,9.1784,8.0,0.0,0.0,0,0,8.0,1.0,0.0,0,0.3
87,S1,M2,forwarder,1,7.3024,8.0,0.0,0.0,0,0,8.0,1.0,0.0,0,0.3
88,S1,M1,harvester,1,13.112,8.0,0.0,0.0,0,0,8.0,1.0,0.0,0,0.0
88,S1,M2,forwarder,1,10.432,8.0,0.0,0.0,0,0,8.0,1.0,0.0,0,0.0
89,S1,M1,harvester,1,13.112,8.0,0.0,0.0,0,0,8.0,1.0,0.0,0,0.0
89,S1,M2,forwarder,1,10.432,8.0,0.0,0.0,0,0,8.0,1.0,0.0,0,0.0
90,S1,M1,harvester,1,4.371713261822439,2.667305223808688,5.332694776191312,0.0,0,0,8.0,0.333413152976086,5.332694776191312,1,0.0
91,S1,M1,harvester,1,13.112,8.0,0.0,0.0,0,0,8.0,1.0,0.0,0,0.0
91,S1,M2,forwarder,1,10.432,8.0,0.0,0.0,0,0,8.0,1.0,0.0,0,0.0
92,S1,M1,harvester,1,13.112,8.0,0.0,0.0,0,0,8.0,1.0,0.0,0,0.0
93,S1,M2,forwarder,1,10.432,8.0,0.0,0.0,0,0,8.0,1.0,0.0,0,0.0
94,S1,M1,harvester,1,9.1784,8.0,0.0,0.0,0,0,8.0,1.0,0.0,0,0.3
94,S1,M2,forwarder,1,7.3024,8.0,0.0,0.0,0,0,8.0,1.0,0.0,0,0.3
95,S1,M1,harvester,1,13.112,8.0,0.0,0.0,0,0,8.0,1.0,0.0,0,0.0
95,S1,M2,forwarder,1,6.007646453000302,4.607090838190416,3.392909161809584,0.0,0,0,8.0,0.575886354773802,3.3929091618095835,1,0.0
96,S1,M1,harvester,1,13.112,8.0,0.0,0.0,0,0,8.0,1.0,0.0,0,0.0
96,S1,M2,forwarder,1,10.432,8.0,0.0,0.0,0,0,8.0,1.0,0.0,0,0.0
97,S1,M1,harvester,1,13.112,8.0,0.0,0.0,0,0,8.0,1.0,0.0,0,0.0
97,S1,M2,forwarder,1,10.432,8.0,0.0,0.0,0,0,8.0,1.0,0.0,0,0.0
98,S1,M1,harvester,1,13.112,8.0,0.0,0.0,0,0,8.0,1.0,0.0,0,0.0
98,S1,M2,forwarder,1,10.432,8.0,0.0,0.0,0,0,8.0,1.0,0.0,0,0.0
99,S1,M1,harvester,1,13.112,8.0,0.0,0.0,0,0,8.0,1.0,0.0,0,0.0
99,S1,M2,forwarder,1,10.432,8.0,0.0,0.0,0,0,8.0,1.0,0.0,0,0.0
101,S1,M1,harvester,1,8.299,8.0,0.0,0.0,0,0,8.0,1.0,0.0,0,0.0
101,S1,M2,forwarder,1,8.299,8.0,0.0,0.0,0,0,8.0,1.0,0.0,0,0.0
102,S1,M1,harvester,1,8.299,8.0,0.0,0.0,0,0,8.0,1.0,0.0,0,0.0
103,S1,M1,harvester,1,3.1516965001089083,5.889207004582145,2.110792995417855,0.0,0,0,8.0,0.7361508755727681,2.110792995417855,1,0.0
103,S1,M2,forwarder,1,4.2813186870921065,8.0,0.0,0.0,0,0,8.0,1.0,0.0,0,0.0
104,S1,M1,harvester,1,8.299,8.0,0.0,0.0,0,0,8.0,1.0,0.0,0,0.0
104,S1,M2,forwarder,1,8.299,8.0,0.0,0.0,0,0,8.0,1.0,0.0,0,0.0
105,S1,M1,harvester,1,8.299,8.0,0.0,0.0,0,0,8.0,1.0,0.0,0,0.0
105,S1,M2,forwarder,1,8.299,8.0,0.0,0.0,0,0,8.0,1.0,0.0,0,0.0
106,S1,M1,harvester,1,8.299,8.0,0.0,0.0,0,0,8.0,1.0,0.0,0,0.0
106,S1,M2,forwarder,1,8.299,8.0,0.0,0.0,0,0,8.0,1.0,0.0,0,0.0
12,S1,M2,forwarder,2,8.319,8.0,0.0,0.0,0,0,8.0,1.0,0.0,0,0.0
37,S1,M1,harvester,2,13.112,8.0,0.0,0.0,0,0,8.0,1.0,0.0,0,0.0
37,S1,M2,forwarder,2,10.432,8.0,0.0,0.0,0,0,8.0,1.0,0.0,0,0.0
38,S1,M1,harvester,2,13.112,8.0,0.0,0.0,0,0,8.0,1.0,0.0,0,0.0
38,S1,M2,forwarder,2,10.432,8.0,0.0,0.0,0,0,8.0,1.0,0.0,0,0.0
39,S1,M1,harvester,2,13.112,8.0,0.0,0.0,0,0,8.0,1.0,0.0,0,0.0
39,S1,M2,forwarder,2,10.432,8.0,0.0,0.0,0,0,8.0,1.0,0.0,0,0.0
40,S1,M1,harvester,2,13.112,8.0,0.0,0.0,0,0,8.0,1.0,0.0,0,0.0
40,S1,M2,forwarder,2,10.432,8.0,0.0,0.0,0,0,8.0,1.0,0.0,0,0.0
41,S1,M1,harvester,2,13.112,8.0,0.0,0.0,0,0,8.0,1.0,0.0,0,0.0
41,S1,M2,forwarder,2,10.432,8.0,0.0,0.0,0,0,8.0,1.0,0.0,0,0.0
42,S1,M1,harvester,2,13.112,8.0,0.0,0.0,0,0,8.0,1.0,0.0,0,0.0
42,S1,M2,forwarder,2,10.432,8.0,0.0,0.0,0,0,8.0,1.0,0.0,0,0.0
43,S1,M1,harvester,2,13.112,8.0,0.0,0.0,0,0,8.0,1.0,0.0,0,0.0
43,S1,M2,forwarder,2,10.432,8.0,0.0,0.0,0,0,8.0,1.0,0.0,0,0.0
44,S1,M2,forwarder,2,10.432,8.0,0.0,0.0,0,0,8.0,1.0,0.0,0,0.0
45,S1,M1,harvester,2,13.112,8.0,0.0,0.0,0,0,8.0,1.0,0.0,0,0.0
45,S1,M2,forwarder,2,4.622531451307734,3.5448860822912067,4.455113917708793,0.0,0,0,8.0,0.44311076028640084,4.455113917708793,1,0.0
46,S1,M1,harvester,2,13.112,8.0,0.0,0.0,0,0,8.0,1.0,0.0,0,0.0
46,S1,M2,forwarder,2,10.432,8.0,0.0,0.0,0,0,8.0,1.0,0.0,0,0.0
47,S1,M1,harvester,2,9.1784,8.0,0.0,0.0,0,0,8.0,1.0,0.0,0,0.3
47,S1,M2,forwarder,2,5.330644214112189,5.83988191730082,2.1601180826991797,0.0,0,0,8.0,0.7299852396626025,2.1601180826991797,1,0.3
48,S1,M1,harvester,2,13.112,8.0,0.0,0.0,0,0,8.0,1.0,0.0,0,0.0
48,S1,M2,forwarder,2,4.460628307670585,3.4207272298087306,4.579272770191269,0.0,0,0,8.0,0.4275909037260913,4.579272770191269,1,0.0
49,S1,M1,harvester,2,13.112,8.0,0.0,0.0,0,0,8.0,1.0,0.0,0,0.0
49,S1,M2,forwarder,2,10.432,8.0,0.0,0.0,0,0,8.0,1.0,0.0,0,0.0
50,S1,M1,harvester,2,13.112,8.0,0.0,0.0,0,0,8.0,1.0,0.0,0,0.0
50,S1,M2,forwarder,2,10.432,8.0,0.0,0.0,0,0,8.0,1.0,0.0,0,0.0
51,S1,M1,harvester,2,13.112,8.0,0.0,0.0,0,0,8.0,1.0,0.0,0,0.0
51,S1,M2,forwarder,2,10.432,8.0,0.0,0.0,0,0,8.0,1.0,0.0,0,0.0
52,S1,M1,harvester,2,13.112,8.0,0.0,0.0,0,0,8.0,1.0,0.0,0,0.0
52,S1,M2,forwarder,2,10.432,8.0,0.0,0.0,0,0,8.0,1.0,0.0,0,0.0
53,S1,M1,harvester,2,13.112,8.0,0.0,0.0,0,0,8.0,1.0,0.0,0,0.0
54,S1,M1,harvester,2,13.112,8.0,0.0,0.0,0,0,8.0,1.0,0.0,0,0.0
54,S1,M2,forwarder,2,10.432,8.0,0.0,0.0,0,0,8.0,1.0,0.0,0,0.0
55,S1,M1,harvester,2,13.112,8.0,0.0,0.0,0,0,8.0,1.0,0.0,0,0.0
55,S1,M2,forwarder,2,10.432,8.0,0.0,0.0,0,0,8.0,1.0,0.0,0,0.0
56,S1,M1,harvester,2,13.112,8.0,0.0,0.0,0,0,8.0,1.0,0.0,0,0.0
56,S1,M2,forwarder,2,10.432,8.0,0.0,0.0,0,0,8.0,1.0,0.0,0,0.0
57,S1,M1,harvester,2,9.948,8.0,0.0,0.0,0,0,8.0,1.0,0.0,0,0.0
57,S1,M2,forwarder,2,9.948,8.0,0.0,0.0,0,0,8.0,1.0,0.0,0,0.0
58,S1,M1,harvester,2,9.948,8.0,0.0,0.0,0,0,8.0,1.0,0.0,0,0.0
58,S1,M2,forwarder,2,9.948,8.0,0.0,0.0,0,0,8.0,1.0,0.0,0,0.0
59,S1,M1,harvester,2,9.948,8.0,0.0,0.0,0,0,8.0,1.0,0.0,0,0.0
60,S1,M2,forwarder,2,9.948,8.0,0.0,0.0,0,0,8.0,1.0,0.0,0,0.0
61,S1,M1,harvester,2,9.948,8.0,0.0,0.0,0,0,8.0,1.0,0.0,0,0.0
61,S1,M2,forwarder,2,9.948,8.0,0.0,0.0,0,0,8.0,1.0,0.0,0,0.0
62,S1,M1,harvester,2,13.112,8.0,0.0,0.0,0,0,8.0,1.0,0.0,0,0.0
62,S1,M2,forwarder,2,2.242332470156052,1.7195801151503467,6.280419884849653,0.0,0,0,8.0,0.21494751439379334,6.280419884849653,1,0.0
63,S1,M1,harvester,2,13.112,8.0,0.0,0.0,0,0,8.0,1.0,0.0,0,0.0
64,S1,M1,harvester,2,13.112,8.0,0.0,0.0,0,0,8.0,1.0,0.0,0,0.0
64,S1,M2,forwarder,2,10.432,8.0,0.0,0.0,0,0,8.0,1.0,0.0,0,0.0
65,S1,M1,harvester,2,13.112,8.0,0.0,0.0,0,0,8.0,1.0,0.0,0,0.0
66,S1,M1,harvester,2,13.112,8.0,0.0,0.0,0,0,8.0,1.0,0.0,0,0.0
67,S1,M1,harvester,2,3.087108538963776,1.8835317504354947,6.116468249564505,0.0,0,0,8.0,0.23544146880443684,6.116468249564505,1,0.0
67,S1,M2,forwarder,2,10.432,8.0,0.0,0.0,0,0,8.0,1.0,0.0,0,0.0
68,S1,M1,harvester,2,5.086773269344837,3.1035834468241834,4.896416553175817,0.0,0,0,8.0,0.3879479308530229,4.896416553175817,1,0.0
68,S1,M2,forwarder,2,10.432,8.0,0.0,0.0,0,0,8.0,1.0,0.0,0,0.0
69,S1,M1,harvester,2,13.112,8.0,0.0,0.0,0,0,8.0,1.0,0.0,0,0.0
69,S1,M2,forwarder,2,10.432,8.0,0.0,0.0,0,0,8.0,1.0,0.0,0,0.0
70,S1,M1,harvester,2,13.112,8.0,0.0,0.0,0,0,8.0,1.0,0.0,0,0.0
70,S1,M2,forwarder,2,10.432,8.0,0.0,0.0,0,0,8.0,1.0,0.0,0,0.0
71,S1,M2,forwarder,2,10.432,8.0,0.0,0.0,0,0,8.0,1.0,0.0,0,0.0
72,S1,M1,harvester,2,13.112,8.0,0.0,0.0,0,0,8.0,1.0,0.0,0,0.0
72,S1,M2,forwarder,2,10.432,8.0,0.0,0.0,0,0,8.0,1.0,0.0,0,0.0
73,S1,M1,harvester,2,3.49798716382786,2.1342203562097986,5.8657796437902014,0.0,0,0,8.0,0.2667775445262248,5.8657796437902014,1,0.0
73,S1,M2,forwarder,2,10.432,8.0,0.0,0.0,0,0,8.0,1.0,0.0,0,0.0
74,S1,M1,harvester,2,13.112,8.0,0.0,0.0,0,0,8.0,1.0,0.0,0,0.0
75,S1,M2,forwarder,2,10.432,8.0,0.0,0.0,0,0,8.0,1.0,0.0,0,0.0
77,S1,M1,harvester,2,13.112,8.0,0.0,0.0,0,0,8.0,1.0,0.0,0,0.0
77,S1,M2,forwarder,2,10.432,8.0,0.0,0.0,0,0,8.0,1.0,0.0,0,0.0
78,S1,M1,harvester,2,13.112,8.0,0.0,0.0,0,0,8.0,1.0,0.0,0,0.0
78,S1,M2,forwarder,2,10.432,8.0,0.0,0.0,0,0,8.0,1.0,0.0,0,0.0
79,S1,M1,harvester,2,13.112,8.0,0.0,0.0,0,0,8.0,1.0,0.0,0,0.0
79,S1,M2,forwarder,2,10.432,8.0,0.0,0.0,0,0,8.0,1.0,0.0,0,0.0
80,S1,M1,harvester,2,9.1784,8.0,0.0,0.0,0,0,8.0,1.0,0.0,0,0.3
80,S1,M2,forwarder,2,7.3024,8.0,0.0,0.0,0,0,8.0,1.0,0.0,0,0.3
81,S1,M1,harvester,2,13.112,8.0,0.0,0.0,0,0,8.0,1.0,0.0,0,0.0
81,S1,M2,forwarder,2,10.432,8.0,0.0,0.0,0,0,8.0,1.0,0.0,0,0.0
82,S1,M1,harvester,2,13.112,8.0,0.0,0.0,0,0,8.0,1.0,0.0,0,0.0
83,S1,M1,harvester,2,13.112,8.0,0.0,0.0,0,0,8.0,1.0,0.0,0,0.0
83,S1,M2,forwarder,2,10.432,8.0,0.0,0.0,0,0,8.0,1.0,0.0,0,0.0
84,S1,M1,harvester,2,13.112,8.0,0.0,0.0,0,0,8.0,1.0,0.0,0,0.0
84,S1,M2,forwarder,2,6.5074199618948665,4.990352731514468,3.0096472684855318,0.0,0,0,8.0,0.6237940914393085,3.0096472684855313,1,0.0
85,S1,M1,harvester,2,13.112,8.0,0.0,0.0,0,0,8.0,1.0,0.0,0,0.0
85,S1,M2,forwarder,2,10.432,8.0,0.0,0.0,0,0,8.0,1.0,0.0,0,0.0
86,S1,M1,harvester,2,13.112,8.0,0.0,0.0,0,0,8.0,1.0,0.0,0,0.0
86,S1,M2,forwarder,2,10.432,8.0,0.0,0.0,0,0,8.0,1.0,0.0,0,0.0
87,S1,M1,harvester,2,13.112,8.0,0.0,0.0,0,0,8.0,1.0,0.0,0,0.0
87,S1,M2,forwarder,2,10.432,8.0,0.0,0.0,0,0,8.0,1.0,0.0,0,0.0
88,S1,M1,harvester,2,13.112,8.0,0.0,0.0,0,0,8.0,1.0,0.0,0,0.0
88,S1,M2,forwarder,2,10.432,8.0,0.0,0.0,0,0,8.0,1.0,0.0,0,0.0
89,S1,M1,harvester,2,13.112,8.0,0.0,0.0,0,0,8.0,1.0,0.0,0,0.0
89,S1,M2,forwarder,2,10.432,8.0,0.0,0.0,0,0,8.0,1.0,0.0,0,0.0
90,S1,M1,harvester,2,9.1784,8.0,0.0,0.0,0,0,8.0,1.0,0.0,0,0.3
91,S1,M1,harvester,2,13.112,8.0,0.0,0.0,0,0,8.0,1.0,0.0,0,0.0
91,S1,M2,forwarder,2,10.432,8.0,0.0,0.0,0,0,8.0,1.0,0.0,0,0.0
92,S1,M1,harvester,2,13.112,8.0,0.0,0.0,0,0,8.0,1.0,0.0,0,0.0
93,S1,M2,forwarder,2,10.432,8.0,0.0,0.0,0,0,8.0,1.0,0.0,0,0.0
94,S1,M1,harvester,2,13.112,8.0,0.0,0.0,0,0,8.0,1.0,0.0,0,0.0
94,S1,M2,forwarder,2,10.432,8.0,0.0,0.0,0,0,8.0,1.0,0.0,0,0.0
95,S1,M1,harvester,2,13.112,8.0,0.0,0.0,0,0,8.0,1.0,0.0,0,0.0
95,S1,M2,forwarder,2,10.432,8.0,0.0,0.0,0,0,8.0,1.0,0.0,0,0.0
96,S1,M1,harvester,2,13.112,8.0,0.0,0.0,0,0,8.0,1.0,0.0,0,0.0
96,S1,M2,forwarder,2,10.432,8.0,0.0,0.0,0,0,8.0,1.0,0.0,0,0.0
97,S1,M1,harvester,2,9.13791532882115,8.0,0.0,0.0,0,0,8.0,1.0,0.0,0,0.0
97,S1,M2,forwarder,2,7.270190109080402,8.0,0.0,0.0,0,0,8.0,1.0,0.0,0,0.0
98,S1,M1,harvester,2,13.112,8.0,0.0,0.0,0,0,8.0,1.0,0.0,0,0.0
98,S1,M2,forwarder,2,10.432,8.0,0.0,0.0,0,0,8.0,1.0,0.0,0,0.0
99,S1,M1,harvester,2,13.112,8.0,0.0,0.0,0,0,8.0,1.0,0.0,0,0.0
99,S1,M2,forwarder,2,10.432,8.0,0.0,0.0,0,0,8.0,1.0,0.0,0,0.0
101,S1,M1,harvester,2,8.299,8.0,0.0,0.0,0,0,8.0,1.0,0.0,0,0.0
101,S1,M2,forwarder,2,8.299,8.0,0.0,0.0,0,0,8.0,1.0,0.0,0,0.0
102,S1,M1,harvester,2,8.299,8.0,0.0,0.0,0,0,8.0,1.0,0.0,0,0.0
103,S1,M1,harvester,2,8.299,8.0,0.0,0.0,0,0,8.0,1.0,0.0,0,0.0
103,S1,M2,forwarder,2,8.299,8.0,0.0,0.0,0,0,8.0,1.0,0.0,0,0.0
104,S1,M1,harvester,2,8.299,8.0,0.0,0.0,0,0,8.0,1.0,0.0,0,0.0
104,S1,M2,forwarder,2,8.299,8.0,0.0,0.0,0,0,8.0,1.0,0.0,0,0.0
105,S1,M1,harvester,2,4.082575509026317,8.0,0.0,0.0,0,0,8.0,1.0,0.0,0,0.0
105,S1,M2,forwarder,2,4.082575509026317,8.0,0.0,0.0,0,0,8.0,1.0,0.0,0,0.0
106,S1,M1,harvester,2,8.299,8.0,0.0,0.0,0,0,8.0,1.0,0.0,0,0.0
106,S1,M2,forwarder,2,8.299,8.0,0.0,0.0,0,0,8.0,1.0,0.0,0,0.0
12,S1,M2,forwarder,3,3.980194666388334,3.827570300649918,4.172429699350082,0.0,0,0,8.0,0.47844628758123975,4.172429699350082,1,0.0
37,S1,M1,harvester,3,13.112,8.0,0.0,0.0,0,0,8.0,1.0,0.0,0,0.0
37,S1,M2,forwarder,3,10.432,8.0,0.0,0.0,0,0,8.0,1.0,0.0,0,0.0
38,S1,M1,harvester,3,13.112,8.0,0.0,0.0,0,0,8.0,1.0,0.0,0,0.0
38,S1,M2,forwarder,3,10.432,8.0,0.0,0.0,0,0,8.0,1.0,0.0,0,0.0
39,S1,M1,harvester,3,13.112,8.0,0.0,0.0,0,0,8.0,1.0,0.0,0,0.0
39,S1,M2,forwarder,3,10.432,8.0,0.0,0.0,0,0,8.0,1.0,0.0,0,0.0
40,S1,M1,harvester,3,13.112,8.0,0.0,0.0,0,0,8.0,1.0,0.0,0,0.0
40,S1,M2,forwarder,3,10.432,8.0,0.0,0.0,0,0,8.0,1.0,0.0,0,0.0
41,S1,M1,harvester,3,13.112,8.0,0.0,0.0,0,0,8.0,1.0,0.0,0,0.0
41,S1,M2,forwarder,3,10.432,8.0,0.0,0.0,0,0,8.0,1.0,0.0,0,0.0
42,S1,M1,harvester,3,13.112,8.0,0.0,0.0,0,0,8.0,1.0,0.0,0,0.0
42,S1,M2,forwarder,3,10.432,8.0,0.0,0.0,0,0,8.0,1.0,0.0,0,0.0
43,S1,M1,harvester,3,13.112,8.0,0.0,0.0,0,0,8.0,1.0,0.0,0,0.0
43,S1,M2,forwarder,3,10.432,8.0,0.0,0.0,0,0,8.0,1.0,0.0,0,0.0
44,S1,M2,forwarder,3,10.432,8.0,0.0,0.0,0,0,8.0,1.0,0.0,0,0.0
45,S1,M1,harvester,3,13.112,8.0,0.0,0.0,0,0,8.0,1.0,0.0,0,0.0
45,S1,M2,forwarder,3,10.432,8.0,0.0,0.0,0,0,8.0,1.0,0.0,0,0.0
46,S1,M1,harvester,3,13.112,8.0,0.0,0.0,0,0,8.0,1.0,0.0,0,0.0
46,S1,M2,forwarder,3,10.432,8.0,0.0,0.0,0,0,8.0,1.0,0.0,0,0.0
47,S1,M1,harvester,3,13.112,8.0,0.0,0.0,0,0,8.0,1.0,0.0,0,0.0
47,S1,M2,forwarder,3,10.432,8.0,0.0,0.0,0,0,8.0,1.0,0.0,0,0.0
48,S1,M1,harvester,3,13.112,8.0,0.0,0.0,0,0,8.0,1.0,0.0,0,0.0
48,S1,M2,forwarder,3,10.432,8.0,0.0,0.0,0,0,8.0,1.0,0.0,0,0.0
49,S1,M1,harvester,3,13.112,8.0,0.0,0.0,0,0,8.0,1.0,0.0,0,0.0
49,S1,M2,forwarder,3,10.432,8.0,0.0,0.0,0,0,8.0,1.0,0.0,0,0.0
50,S1,M1,harvester,3,9.1784,8.0,0.0,0.0,0,0,8.0,1.0,0.0,0,0.3
50,S1,M2,forwarder,3,7.3024,8.0,0.0,0.0,0,0,8.0,1.0,0.0,0,0.3
51,S1,M1,harvester,3,13.112,8.0,0.0,0.0,0,0,8.0,1.0,0.0,0,0.0
51,S1,M2,forwarder,3,10.432,8.0,0.0,0.0,0,0,8.0,1.0,0.0,0,0.0
52,S1,M1,harvester,3,3.0529944120239403,1.8627177620646371,6.137282237935363,0.0,0,0,8.0,0.23283972025807964,6.137282237935363,1,0.0
52,S1,M2,forwarder,3,10.432,8.0,0.0,0.0,0,0,8.0,1.0,0.0,0,0.0
53,S1,M1,harvester,3,13.112,8.0,0.0,0.0,0,0,8.0,1.0,0.0,0,0.0
54,S1,M1,harvester,3,13.112,8.0,0.0,0.0,0,0,8.0,1.0,0.0,0,0.0
54,S1,M2,forwarder,3,10.432,8.0,0.0,0.0,0,0,8.0,1.0,0.0,0,0.0
55,S1,M1,harvester,3,13.112,8.0,0.0,0.0,0,0,8.0,1.0,0.0,0,0.0
55,S1,M2,forwarder,3,10.432,8.0,0.0,0.0,0,0,8.0,1.0,0.0,0,0.0
56,S1,M1,harvester,3,6.95275665824966,8.0,0.0,0.0,0,0,8.0,1.0,0.0,0,0.0
56,S1,M2,forwarder,3,5.531662405343232,8.0,0.0,0.0,0,0,8.0,1.0,0.0,0,0.0
57,S1,M1,harvester,3,9.948,8.0,0.0,0.0,0,0,8.0,1.0,0.0,0,0.0
57,S1,M2,forwarder,3,9.948,8.0,0.0,0.0,0,0,8.0,1.0,0.0,0,0.0
58,S1,M1,harvester,3,9.948,8.0,0.0,0.0,0,0,8.0,1.0,0.0,0,0.0
58,S1,M2,forwarder,3,9.948,8.0,0.0,0.0,0,0,8.0,1.0,0.0,0,0.0
59,S1,M1,harvester,3,9.948,8.0,0.0,0.0,0,0,8.0,1.0,0.0,0,0.0
60,S1,M2,forwarder,3,9.948,8.0,0.0,0.0,0,0,8.0,1.0,0.0,0,0.0
61,S1,M1,harvester,3,9.948,8.0,0.0,0.0,0,0,8.0,1.0,0.0,0,0.0
61,S1,M2,forwarder,3,9.948,8.0,0.0,0.0,0,0,8.0,1.0,0.0,0,0.0
62,S1,M1,harvester,3,13.112,8.0,0.0,0.0,0,0,8.0,1.0,0.0,0,0.0
62,S1,M2,forwarder,3,10.432,8.0,0.0,0.0,0,0,8.0,1.0,0.0,0,0.0
63,S1,M1,harvester,3,4.406202834146715,8.0,0.0,0.0,0,0,8.0,1.0,0.0,0,0.3
64,S1,M1,harvester,3,13.112,8.0,0.0,0.0,0,0,8.0,1.0,0.0,0,0.0
64,S1,M2,forwarder,3,10.432,8.0,0.0,0.0,0,0,8.0,1.0,0.0,0,0.0
65,S1,M1,harvester,3,13.112,8.0,0.0,0.0,0,0,8.0,1.0,0.0,0,0.0
66,S1,M1,harvester,3,13.112,8.0,0.0,0.0,0,0,8.0,1.0,0.0,0,0.0
67,S1,M1,harvester,3,13.112,8.0,0.0,0.0,0,0,8.0,1.0,0.0,0,0.0
67,S1,M2,forwarder,3,10.432,8.0,0.0,0.0,0,0,8.0,1.0,0.0,0,0.0
68,S1,M1,harvester,3,13.112,8.0,0.0,0.0,0,0,8.0,1.0,0.0,0,0.0
68,S1,M2,forwarder,3,10.432,8.0,0.0,0.0,0,0,8.0,1.0,0.0,0,0.0
69,S1,M1,harvester,3,13.112,8.0,0.0,0.0,0,0,8.0,1.0,0.0,0,0.0
69,S1,M2,forwarder,3,10.432,8.0,0.0,0.0,0,0,8.0,1.0,0.0,0,0.0
70,S1,M1,harvester,3,13.112,8.0,0.0,0.0,0,0,8.0,1.0,0.0,0,0.0
70,S1,M2,forwarder,3,10.432,8.0,0.0,0.0,0,0,8.0,1.0,0.0,0,0.0
71,S1,M2,forwarder,3,10.432,8.0,0.0,0.0,0,0,8.0,1.0,0.0,0,0.0
72,S1,M1,harvester,3,13.112,8.0,0.0,0.0,0,0,8.0,1.0,0.0,0,0.0
72,S1,M2,forwarder,3,10.432,8.0,0.0,0.0,0,0,8.0,1.0,0.0,0,0.0
73,S1,M1,harvester,3,13.112,8.0,0.0,0.0,0,0,8.0,1.0,0.0,0,0.0
73,S1,M2,forwarder,3,10.432,8.0,0.0,0.0,0,0,8.0,1.0,0.0,0,0.0
74,S1,M1,harvester,3,9.1784,8.0,0.0,0.0,0,0,8.0,1.0,0.0,0,0.3
75,S1,M2,forwarder,3,5.043528287900989,3.867736417101985,4.132263582898015,0.0,0,0,8.0,0.4834670521377481,4.132263582898015,1,0.0
77,S1,M1,harvester,3,13.112,8.0,0.0,0.0,0,0,8.0,1.0,0.0,0,0.0
77,S1,M2,forwarder,3,10.432,8.0,0.0,0.0,0,0,8.0,1.0,0.0,0,0.0
78,S1,M1,harvester,3,9.1784,8.0,0.0,0.0,0,0,8.0,1.0,0.0,0,0.3
78,S1,M2,forwarder,3,7.3024,8.0,0.0,0.0,0,0,8.0,1.0,0.0,0,0.3
79,S1,M1,harvester,3,13.112,8.0,0.0,0.0,0,0,8.0,1.0,0.0,0,0.0
79,S1,M2,forwarder,3,10.432,8.0,0.0,0.0,0,0,8.0,1.0,0.0,0,0.0
80,S1,M1,harvester,3,9.1784,8.0,0.0,0.0,0,0,8.0,1.0,0.0,0,0.3
80,S1,M2,forwarder,3,7.3024,8.0,0.0,0.0,0,0,8.0,1.0,0.0,0,0.3
81,S1,M1,harvester,3,13.112,8.0,0.0,0.0,0,0,8.0,1.0,0.0,0,0.0
81,S1,M2,forwarder,3,10.432,8.0,0.0,0.0,0,0,8.0,1.0,0.0,0,0.0
82,S1,M1,harvester,3,13.112,8.0,0.0,0.0,0,0,8.0,1.0,0.0,0,0.0
83,S1,M1,harvester,3,13.112,8.0,0.0,0.0,0,0,8.0,1.0,0.0,0,0.0
83,S1,M2,forwarder,3,10.432,8.0,0.0,0.0,0,0,8.0,1.0,0.0,0,0.0
84,S1,M1,harvester,3,13.112,8.0,0.0,0.0,0,0,8.0,1.0,0.0,0,0.0
84,S1,M2,forwarder,3,10.432,8.0,0.0,0.0,0,0,8.0,1.0,0.0,0,0.0
85,S1,M1,harvester,3,13.112,8.0,0.0,0.0,0,0,8.0,1.0,0.0,0,0.0
85,S1,M2,forwarder,3,10.432,8.0,0.0,0.0,0,0,8.0,1.0,0.0,0,0.0
86,S1,M1,harvester,3,13.112,8.0,0.0,0.0,0,0,8.0,1.0,0.0,0,0.0
86,S1,M2,forwarder,3,10.432,8.0,0.0,0.0,0,0,8.0,1.0,0.0,0,0.0
87,S1,M1,harvester,3,13.112,8.0,0.0,0.0,0,0,8.0,1.0,0.0,0,0.0
87,S1,M2,forwarder,3,10.432,8.0,0.0,0.0,0,0,8.0,1.0,0.0,0,0.0
88,S1,M1,harvester,3,13.112,8.0,0.0,0.0,0,0,8.0,1.0,0.0,0,0.0
88,S1,M2,forwarder,3,6.458856888715027,4.9531111109777815,3.0468888890222185,0.0,0,0,8.0,0.6191388888722227,3.046888889022219,1,0.0
89,S1,M1,harvester,3,13.112,8.0,0.0,0.0,0,0,8.0,1.0,0.0,0,0.0
89,S1,M2,forwarder,3,10.432,8.0,0.0,0.0,0,0,8.0,1.0,0.0,0,0.0
90,S1,M1,harvester,3,13.112,8.0,0.0,0.0,0,0,8.0,1.0,0.0,0,0.0
91,S1,M1,harvester,3,13.112,8.0,0.0,0.0,0,0,8.0,1.0,0.0,0,0.0
91,S1,M2,forwarder,3,10.432,8.0,0.0,0.0,0,0,8.0,1.0,0.0,0,0.0
92,S1,M1,harvester,3,13.112,8.0,0.0,0.0,0,0,8.0,1.0,0.0,0,0.0
93,S1,M2,forwarder,3,10.432,8.0,0.0,0.0,0,0,8.0,1.0,0.0,0,0.0
94,S1,M1,harvester,3,13.112,8.0,0.0,0.0,0,0,8.0,1.0,0.0,0,0.0
94,S1,M2,forwarder,3,10.432,8.0,0.0,0.0,0,0,8.0,1.0,0.0,0,0.0
95,S1,M1,harvester,3,13.112,8.0,0.0,0.0,0,0,8.0,1.0,0.0,0,0.0
95,S1,M2,forwarder,3,10.432,8.0,0.0,0.0,0,0,8.0,1.0,0.0,0,0.0
96,S1,M1,harvester,3,13.112,8.0,0.0,0.0,0,0,8.0,1.0,0.0,0,0.0
96,S1,M2,forwarder,3,10.432,8.0,0.0,0.0,0,0,8.0,1.0,0.0,0,0.0
97,S1,M1,harvester,3,9.1784,8.0,0.0,0.0,0,0,8.0,1.0,0.0,0,0.3
97,S1,M2,forwarder,3,7.3024,8.0,0.0,0.0,0,0,8.0,1.0,0.0,0,0.3
98,S1,M1,harvester,3,13.112,8.0,0.0,0.0,0,0,8.0,1.0,0.0,0,0.0
98,S1,M2,forwarder,3,10.432,8.0,0.0,0.0,0,0,8.0,1.0,0.0,0,0.0
99,S1,M1,harvester,3,13.112,8.0,0.0,0.0,0,0,8.0,1.0,0.0,0,0.0
99,S1,M2,forwarder,3,10.432,8.0,0.0,0.0,0,0,8.0,1.0,0.0,0,0.0
101,S1,M1,harvester,3,8.299,8.0,0.0,0.0,0,0,8.0,1.0,0.0,0,0.0
101,S1,M2,forwarder,3,8.299,8.0,0.0,0.0,0,0,8.0,1.0,0.0,0,0.0
102,S1,M1,harvester,3,8.299,8.0,0.0,0.0,0,0,8.0,1.0,0.0,0,0.0
103,S1,M1,harvester,3,5.5470537465888805,5.347202069250638,2.6527979307493617,0.0,0,0,8.0,0.6684002586563298,2.6527979307493617,1,0.0
103,S1,M2,forwarder,3,8.299,8.0,0.0,0.0,0,0,8.0,1.0,0.0,0,0.0
104,S1,M1,harvester,3,8.299,8.0,0.0,0.0,0,0,8.0,1.0,0.0,0,0.0
104,S1,M2,forwarder,3,8.299,8.0,0.0,0.0,0,0,8.0,1.0,0.0,0,0.0
105,S1,M1,harvester,3,8.299,8.0,0.0,0.0,0,0,8.0,1.0,0.0,0,0.0
105,S1,M2,forwarder,3,8.299,8.0,0.0,0.0,0,0,8.0,1.0,0.0,0,0.0
106,S1,M1,harvester,3,8.299,8.0,0.0,0.0,0,0,8.0,1.0,0.0,0,0.0
106,S1,M2,forwarder,3,8.299,8.0,0.0,0.0,0,0,8.0,1.0,0.0,0,0.0
12,S1,M2,forwarder,4,8.319,8.0,0.0,0.0,0,0,8.0,1.0,0.0,0,0.0
37,S1,M1,harvester,4,9.1784,8.0,0.0,0.0,0,0,8.0,1.0,0.0,0,0.3
37,S1,M2,forwarder,4,7.3024,8.0,0.0,0.0,0,0,8.0,1.0,0.0,0,0.3
38,S1,M1,harvester,4,13.112,8.0,0.0,0.0,0,0,8.0,1.0,0.0,0,0.0
38,S1,M2,forwarder,4,10.432,8.0,0.0,0.0,0,0,8.0,1.0,0.0,0,0.0
39,S1,M1,harvester,4,13.112,8.0,0.0,0.0,0,0,8.0,1.0,0.0,0,0.0
39,S1,M2,forwarder,4,10.432,8.0,0.0,0.0,0,0,8.0,1.0,0.0,0,0.0
40,S1,M1,harvester,4,13.112,8.0,0.0,0.0,0,0,8.0,1.0,0.0,0,0.0
40,S1,M2,forwarder,4,10.432,8.0,0.0,0.0,0,0,8.0,1.0,0.0,0,0.0
41,S1,M1,harvester,4,3.8714800694763074,4.673423328975035,3.3265766710249647,0.0,0,0,8.0,0.5841779161218794,3.3265766710249642,1,0.3
41,S1,M2,forwarder,4,5.272669264991121,8.0,0.0,0.0,0,0,8.0,1.0,0.0,0,0.3
42,S1,M1,harvester,4,13.112,8.0,0.0,0.0,0,0,8.0,1.0,0.0,0,0.0
42,S1,M2,forwarder,4,10.432,8.0,0.0,0.0,0,0,8.0,1.0,0.0,0,0.0
43,S1,M1,harvester,4,13.112,8.0,0.0,0.0,0,0,8.0,1.0,0.0,0,0.0
43,S1,M2,forwarder,4,10.432,8.0,0.0,0.0,0,0,8.0,1.0,0.0,0,0.0
44,S1,M2,forwarder,4,10.432,8.0,0.0,0.0,0,0,8.0,1.0,0.0,0,0.0
45,S1,M1,harvester,4,13.112,8.0,0.0,0.0,0,0,8.0,1.0,0.0,0,0.0
45,S1,M2,forwarder,4,10.432,8.0,0.0,0.0,0,0,8.0,1.0,0.0,0,0.0
46,S1,M1,harvester,4,13.112,8.0,0.0,0.0,0,0,8.0,1.0,0.0,0,0.0
46,S1,M2,forwarder,4,10.432,8.0,0.0,0.0,0,0,8.0,1.0,0.0,0,0.0
47,S1,M1,harvester,4,13.112,8.0,0.0,0.0,0,0,8.0,1.0,0.0,0,0.0
47,S1,M2,forwarder,4,10.432,8.0,0.0,0.0,0,0,8.0,1.0,0.0,0,0.0
48,S1,M1,harvester,4,9.1784,8.0,0.0,0.0,0,0,8.0,1.0,0.0,0,0.3
48,S1,M2,forwarder,4,7.3024,8.0,0.0,0.0,0,0,8.0,1.0,0.0,0,0.3
49,S1,M1,harvester,4,13.112,8.0,0.0,0.0,0,0,8.0,1.0,0.0,0,0.0
49,S1,M2,forwarder,4,10.432,8.0,0.0,0.0,0,0,8.0,1.0,0.0,0,0.0
50,S1,M1,harvester,4,13.112,8.0,0.0,0.0,0,0,8.0,1.0,0.0,0,0.0
50,S1,M2,forwarder,4,10.432,8.0,0.0,0.0,0,0,8.0,1.0,0.0,0,0.0
51,S1,M1,harvester,4,13.112,8.0,0.0,0.0,0,0,8.0,1.0,0.0,0,0.0
51,S1,M2,forwarder,4,10.432,8.0,0.0,0.0,0,0,8.0,1.0,0.0,0,0.0
52,S1,M1,harvester,4,13.112,8.0,0.0,0.0,0,0,8.0,1.0,0.0,0,0.0
52,S1,M2,forwarder,4,10.432,8.0,0.0,0.0,0,0,8.0,1.0,0.0,0,0.0
53,S1,M1,harvester,4,9.1784,8.0,0.0,0.0,0,0,8.0,1.0,0.0,0,0.3
54,S1,M1,harvester,4,9.391048572264944,8.0,0.0,0.0,0,0,8.0,1.0,0.0,0,0.0
54,S1,M2,forwarder,4,7.471584709111342,8.0,0.0,0.0,0,0,8.0,1.0,0.0,0,0.0
55,S1,M1,harvester,4,13.112,8.0,0.0,0.0,0,0,8.0,1.0,0.0,0,0.0
55,S1,M2,forwarder,4,10.432,8.0,0.0,0.0,0,0,8.0,1.0,0.0,0,0.0
56,S1,M1,harvester,4,13.112,8.0,0.0,0.0,0,0,8.0,1.0,0.0,0,0.0
56,S1,M2,forwarder,4,10.432,8.0,0.0,0.0,0,0,8.0,1.0,0.0,0,0.0
57,S1,M1,harvester,4,9.948,8.0,0.0,0.0,0,0,8.0,1.0,0.0,0,0.0
57,S1,M2,forwarder,4,9.948,8.0,0.0,0.0,0,0,8.0,1.0,0.0,0,0.0
58,S1,M1,harvester,4,9.948,8.0,0.0,0.0,0,0,8.0,1.0,0.0,0,0.0
58,S1,M2,forwarder,4,9.948,8.0,0.0,0.0,0,0,8.0,1.0,0.0,0,0.0
59,S1,M1,harvester,4,9.948,8.0,0.0,0.0,0,0,8.0,1.0,0.0,0,0.0
60,S1,M2,forwarder,4,9.948,8.0,0.0,0.0,0,0,8.0,1.0,0.0,0,0.0
61,S1,M1,harvester,4,9.948,8.0,0.0,0.0,0,0,8.0,1.0,0.0,0,0.0
61,S1,M2,forwarder,4,9.948,8.0,0.0,0.0,0,0,8.0,1.0,0.0,0,0.0
62,S1,M1,harvester,4,13.112,8.0,0.0,0.0,0,0,8.0,1.0,0.0,0,0.0
62,S1,M2,forwarder,4,10.432,8.0,0.0,0.0,0,0,8.0,1.0,0.0,0,0.0
63,S1,M1,harvester,4,13.112,8.0,0.0,0.0,0,0,8.0,1.0,0.0,0,0.0
64,S1,M1,harvester,4,13.112,8.0,0.0,0.0,0,0,8.0,1.0,0.0,0,0.0
64,S1,M2,forwarder,4,5.667997440764295,4.3466238042670975,3.6533761957329025,0.0,0,0,8.0,0.5433279755333872,3.6533761957329025,1,0.0
65,S1,M1,harvester,4,13.112,8.0,0.0,0.0,0,0,8.0,1.0,0.0,0,0.0
66,S1,M1,harvester,4,9.1784,8.0,0.0,0.0,0,0,8.0,1.0,0.0,0,0.3
67,S1,M1,harvester,4,13.112,8.0,0.0,0.0,0,0,8.0,1.0,0.0,0,0.0
67,S1,M2,forwarder,4,10.432,8.0,0.0,0.0,0,0,8.0,1.0,0.0,0,0.0
68,S1,M1,harvester,4,13.112,8.0,0.0,0.0,0,0,8.0,1.0,0.0,0,0.0
68,S1,M2,forwarder,4,10.432,8.0,0.0,0.0,0,0,8.0,1.0,0.0,0,0.0
69,S1,M1,harvester,4,13.112,8.0,0.0,0.0,0,0,8.0,1.0,0.0,0,0.0
69,S1,M2,forwarder,4,10.432,8.0,0.0,0.0,0,0,8.0,1.0,0.0,0,0.0
70,S1,M1,harvester,4,13.112,8.0,0.0,0.0,0,0,8.0,1.0,0.0,0,0.0
70,S1,M2,forwarder,4,10.432,8.0,0.0,0.0,0,0,8.0,1.0,0.0,0,0.0
71,S1,M2,forwarder,4,2.891081349036973,5.524415279148245,2.4755847208517547,0.0,0,0,8.0,0.6905519098935307,2.4755847208517543,1,0.0
72,S1,M1,harvester,4,13.112,8.0,0.0,0.0,0,0,8.0,1.0,0.0,0,0.0
72,S1,M2,forwarder,4,10.432,8.0,0.0,0.0,0,0,8.0,1.0,0.0,0,0.0
73,S1,M1,harvester,4,13.112,8.0,0.0,0.0,0,0,8.0,1.0,0.0,0,0.0
73,S1,M2,forwarder,4,10.432,8.0,0.0,0.0,0,0,8.0,1.0,0.0,0,0.0
74,S1,M1,harvester,4,13.112,8.0,0.0,0.0,0,0,8.0,1.0,0.0,0,0.0
75,S1,M2,forwarder,4,10.432,8.0,0.0,0.0,0,0,8.0,1.0,0.0,0,0.0
77,S1,M1,harvester,4,13.112,8.0,0.0,0.0,0,0,8.0,1.0,0.0,0,0.0
77,S1,M2,forwarder,4,10.432,8.0,0.0,0.0,0,0,8.0,1.0,0.0,0,0.0
78,S1,M1,harvester,4,7.098427163498434,6.187071527497982,1.8129284725020183,0.0,0,0,8.0,0.7733839409372477,1.8129284725020183,1,0.3
78,S1,M2,forwarder,4,7.3024,8.0,0.0,0.0,0,0,8.0,1.0,0.0,0,0.3
79,S1,M1,harvester,4,13.112,8.0,0.0,0.0,0,0,8.0,1.0,0.0,0,0.0
79,S1,M2,forwarder,4,10.432,8.0,0.0,0.0,0,0,8.0,1.0,0.0,0,0.0
80,S1,M1,harvester,4,9.1784,8.0,0.0,0.0,0,0,8.0,1.0,0.0,0,0.3
80,S1,M2,forwarder,4,7.3024,8.0,0.0,0.0,0,0,8.0,1.0,0.0,0,0.3
81,S1,M1,harvester,4,13.112,8.0,0.0,0.0,0,0,8.0,1.0,0.0,0,0.0
81,S1,M2,forwarder,4,10.432,8.0,0.0,0.0,0,0,8.0,1.0,0.0,0,0.0
82,S1,M1,harvester,4,13.112,8.0,0.0,0.0,0,0,8.0,1.0,0.0,0,0.0
83,S1,M1,harvester,4,13.112,8.0,0.0,0.0,0,0,8.0,1.0,0.0,0,0.0
83,S1,M2,forwarder,4,10.432,8.0,0.0,0.0,0,0,8.0,1.0,0.0,0,0.0
84,S1,M1,harvester,4,9.1784,8.0,0.0,0.0,0,0,8.0,1.0,0.0,0,0.3
84,S1,M2,forwarder,4,7.3024,8.0,0.0,0.0,0,0,8.0,1.0,0.0,0,0.3
85,S1,M1,harvester,4,13.112,8.0,0.0,0.0,0,0,8.0,1.0,0.0,0,0.0
85,S1,M2,forwarder,4,10.432,8.0,0.0,0.0,0,0,8.0,1.0,0.0,0,0.0
86,S1,M1,harvester,4,13.112,8.0,0.0,0.0,0,0,8.0,1.0,0.0,0,0.0
86,S1,M2,forwarder,4,10.432,8.0,0.0,0.0,0,0,8.0,1.0,0.0,0,0.0
87,S1,M1,harvester,4,13.112,8.0,0.0,0.0,0,0,8.0,1.0,0.0,0,0.0
87,S1,M2,forwarder,4,10.432,8.0,0.0,0.0,0,0,8.0,1.0,0.0,0,0.0
88,S1,M1,harvester,4,13.112,8.0,0.0,0.0,0,0,8.0,1.0,0.0,0,0.0
88,S1,M2,forwarder,4,10.432,8.0,0.0,0.0,0,0,8.0,1.0,0.0,0,0.0
89,S1,M1,harvester,4,6.4454680807443445,8.0,0.0,0.0,0,0,8.0,1.0,0.0,0,0.0
89,S1,M2,forwarder,4,5.128060022752059,8.0,0.0,0.0,0,0,8.0,1.0,0.0,0,0.0
90,S1,M1,harvester,4,13.112,8.0,0.0,0.0,0,0,8.0,1.0,0.0,0,0.0
91,S1,M1,harvester,4,13.112,8.0,0.0,0.0,0,0,8.0,1.0,0.0,0,0.0
91,S1,M2,forwarder,4,10.432,8.0,0.0,0.0,0,0,8.0,1.0,0.0,0,0.0
92,S1,M1,harvester,4,13.112,8.0,0.0,0.0,0,0,8.0,1.0,0.0,0,0.0
93,S1,M2,forwarder,4,10.432,8.0,0.0,0.0,0,0,8.0,1.0,0.0,0,0.0
94,S1,M1,harvester,4,13.112,8.0,0.0,0.0,0,0,8.0,1.0,0.0,0,0.0
94,S1,M2,forwarder,4,10.432,8.0,0.0,0.0,0,0,8.0,1.0,0.0,0,0.0
95,S1,M1,harvester,4,13.112,8.0,0.0,0.0,0,0,8.0,1.0,0.0,0,0.0
95,S1,M2,forwarder,4,10.432,8.0,0.0,0.0,0,0,8.0,1.0,0.0,0,0.0
96,S1,M1,harvester,4,13.112,8.0,0.0,0.0,0,0,8.0,1.0,0.0,0,0.0
96,S1,M2,forwarder,4,10.432,8.0,0.0,0.0,0,0,8.0,1.0,0.0,0,0.0
97,S1,M1,harvester,4,9.1784,8.0,0.0,0.0,0,0,8.0,1.0,0.0,0,0.3
97,S1,M2,forwarder,4,7.3024,8.0,0.0,0.0,0,0,8.0,1.0,0.0,0,0.3
98,S1,M1,harvester,4,13.112,8.0,0.0,0.0,0,0,8.0,1.0,0.0,0,0.0
98,S1,M2,forwarder,4,10.432,8.0,0.0,0.0,0,0,8.0,1.0,0.0,0,0.0
99,S1,M1,harvester,4,13.112,8.0,0.0,0.0,0,0,8.0,1.0,0.0,0,0.0
99,S1,M2,forwarder,4,10.432,8.0,0.0,0.0,0,0,8.0,1.0,0.0,0,0.0
101,S1,M1,harvester,4,8.299,8.0,0.0,0.0,0,0,8.0,1.0,0.0,0,0.0
101,S1,M2,forwarder,4,8.299,8.0,0.0,0.0,0,0,8.0,1.0,0.0,0,0.0
102,S1,M1,harvester,4,8.299,8.0,0.0,0.0,0,0,8.0,1.0,0.0,0,0.0
103,S1,M1,harvester,4,8.299,8.0,0.0,0.0,0,0,8.0,1.0,0.0,0,0.0
103,S1,M2,forwarder,4,8.299,8.0,0.0,0.0,0,0,8.0,1.0,0.0,0,0.0
104,S1,M1,harvester,4,8.299,8.0,0.0,0.0,0,0,8.0,1.0,0.0,0,0.0
104,S1,M2,forwarder,4,8.299,8.0,0.0,0.0,0,0,8.0,1.0,0.0,0,0.0
105,S1,M1,harvester,4,8.299,8.0,0.0,0.0,0,0,8.0,1.0,0.0,0,0.0
105,S1,M2,forwarder,4,8.299,8.0,0.0,0.0,0,0,8.0,1.0,0.0,0,0.0
106,S1,M1,harvester,4,8.299,8.0,0.0,0.0,0,0,8.0,1.0,0.0,0,0.0
106,S1,M2,forwarder,4,8.299,8.0,0.0,0.0,0,0,8.0,1.0,0.0,0,0.0
12,S1,M2,forwarder,5,8.319,8.0,0.0,0.0,0,0,8.0,1.0,0.0,0,0.0
37,S1,M1,harvester,5,13.112,8.0,0.0,0.0,0,0,8.0,1.0,0.0,0,0.0
37,S1,M2,forwarder,5,10.432,8.0,0.0,0.0,0,0,8.0,1.0,0.0,0,0.0
38,S1,M1,harvester,5,13.112,8.0,0.0,0.0,0,0,8.0,1.0,0.0,0,0.0
38,S1,M2,forwarder,5,10.432,8.0,0.0,0.0,0,0,8.0,1.0,0.0,0,0.0
39,S1,M1,harvester,5,13.112,8.0,0.0,0.0,0,0,8.0,1.0,0.0,0,0.0
39,S1,M2,forwarder,5,10.432,8.0,0.0,0.0,0,0,8.0,1.0,0.0,0,0.0
40,S1,M1,harvester,5,13.112,8.0,0.0,0.0,0,0,8.0,1.0,0.0,0,0.0
40,S1,M2,forwarder,5,10.432,8.0,0.0,0.0,0,0,8.0,1.0,0.0,0,0.0
41,S1,M1,harvester,5,13.112,8.0,0.0,0.0,0,0,8.0,1.0,0.0,0,0.0
41,S1,M2,forwarder,5,10.432,8.0,0.0,0.0,0,0,8.0,1.0,0.0,0,0.0
42,S1,M1,harvester,5,13.112,8.0,0.0,0.0,0,0,8.0,1.0,0.0,0,0.0
42,S1,M2,forwarder,5,10.432,8.0,0.0,0.0,0,0,8.0,1.0,0.0,0,0.0
43,S1,M1,harvester,5,13.112,8.0,0.0,0.0,0,0,8.0,1.0,0.0,0,0.0
43,S1,M2,forwarder,5,10.432,8.0,0.0,0.0,0,0,8.0,1.0,0.0,0,0.0
44,S1,M2,forwarder,5,10.432,8.0,0.0,0.0,0,0,8.0,1.0,0.0,0,0.0
45,S1,M1,harvester,5,13.112,8.0,0.0,0.0,0,0,8.0,1.0,0.0,0,0.0
45,S1,M2,forwarder,5,7.4903525022946305,5.744135354520422,2.255864645479578,0.0,0,0,8.0,0.7180169193150527,2.2558646454795785,1,0.0
46,S1,M1,harvester,5,3.0990755723994017,1.8908331741302025,6.1091668258697975,0.0,0,0,8.0,0.2363541467662753,6.1091668258697975,1,0.0
46,S1,M2,forwarder,5,10.432,8.0,0.0,0.0,0,0,8.0,1.0,0.0,0,0.0
47,S1,M1,harvester,5,13.112,8.0,0.0,0.0,0,0,8.0,1.0,0.0,0,0.0
47,S1,M2,forwarder,5,10.432,8.0,0.0,0.0,0,0,8.0,1.0,0.0,0,0.0
48,S1,M1,harvester,5,13.112,8.0,0.0,0.0,0,0,8.0,1.0,0.0,0,0.0
48,S1,M2,forwarder,5,10.432,8.0,0.0,0.0,0,0,8.0,1.0,0.0,0,0.0
49,S1,M1,harvester,5,13.112,8.0,0.0,0.0,0,0,8.0,1.0,0.0,0,0.0
49,S1,M2,forwarder,5,10.432,8.0,0.0,0.0,0,0,8.0,1.0,0.0,0,0.0
50,S1,M1,harvester,5,9.1784,8.0,0.0,0.0,0,0,8.0,1.0,0.0,0,0.3
50,S1,M2,forwarder,5,7.3024,8.0,0.0,0.0,0,0,8.0,1.0,0.0,0,0.3
51,S1,M1,harvester,5,9.1784,8.0,0.0,0.0,0,0,8.0,1.0,0.0,0,0.3
51,S1,M2,forwarder,5,7.3024,8.0,0.0,0.0,0,0,8.0,1.0,0.0,0,0.3
52,S1,M1,harvester,5,7.22386004211993,4.407480196534429,3.5925198034655708,0.0,0,0,8.0,0.5509350245668037,3.5925198034655703,1,0.0
52,S1,M2,forwarder,5,10.432,8.0,0.0,0.0,0,0,8.0,1.0,0.0,0,0.0
53,S1,M1,harvester,5,13.112,8.0,0.0,0.0,0,0,8.0,1.0,0.0,0,0.0
54,S1,M1,harvester,5,13.112,8.0,0.0,0.0,0,0,8.0,1.0,0.0,0,0.0
54,S1,M2,forwarder,5,10.432,8.0,0.0,0.0,0,0,8.0,1.0,0.0,0,0.0
55,S1,M1,harvester,5,13.112,8.0,0.0,0.0,0,0,8.0,1.0,0.0,0,0.0
55,S1,M2,forwarder,5,10.432,8.0,0.0,0.0,0,0,8.0,1.0,0.0,0,0.0
56,S1,M1,harvester,5,13.112,8.0,0.0,0.0,0,0,8.0,1.0,0.0,0,0.0
56,S1,M2,forwarder,5,10.432,8.0,0.0,0.0,0,0,8.0,1.0,0.0,0,0.0
57,S1,M1,harvester,5,9.948,8.0,0.0,0.0,0,0,8.0,1.0,0.0,0,0.0
57,S1,M2,forwarder,5,5.637482373498722,4.533560412946298,3.466439587053702,0.0,0,0,8.0,0.5666950516182873,3.466439587053702,1,0.0
58,S1,M1,harvester,5,6.322157566403978,8.0,0.0,0.0,0,0,8.0,1.0,0.0,0,0.0
58,S1,M2,forwarder,5,6.322157566403978,8.0,0.0,0.0,0,0,8.0,1.0,0.0,0,0.0
59,S1,M1,harvester,5,9.948,8.0,0.0,0.0,0,0,8.0,1.0,0.0,0,0.0
60,S1,M2,forwarder,5,6.9636,8.0,0.0,0.0,0,0,8.0,1.0,0.0,0,0.3
61,S1,M1,harvester,5,9.948,8.0,0.0,0.0,0,0,8.0,1.0,0.0,0,0.0
61,S1,M2,forwarder,5,9.948,8.0,0.0,0.0,0,0,8.0,1.0,0.0,0,0.0
62,S1,M1,harvester,5,13.112,8.0,0.0,0.0,0,0,8.0,1.0,0.0,0,0.0
62,S1,M2,forwarder,5,10.432,8.0,0.0,0.0,0,0,8.0,1.0,0.0,0,0.0
63,S1,M1,harvester,5,13.112,8.0,0.0,0.0,0,0,8.0,1.0,0.0,0,0.0
64,S1,M1,harvester,5,13.112,8.0,0.0,0.0,0,0,8.0,1.0,0.0,0,0.0
64,S1,M2,forwarder,5,10.432,8.0,0.0,0.0,0,0,8.0,1.0,0.0,0,0.0
65,S1,M1,harvester,5,13.112,8.0,0.0,0.0,0,0,8.0,1.0,0.0,0,0.0
66,S1,M1,harvester,5,13.112,8.0,0.0,0.0,0,0,8.0,1.0,0.0,0,0.0
67,S1,M1,harvester,5,13.112,8.0,0.0,0.0,0,0,8.0,1.0,0.0,0,0.0
67,S1,M2,forwarder,5,10.432,8.0,0.0,0.0,0,0,8.0,1.0,0.0,0,0.0
68,S1,M1,harvester,5,13.112,8.0,0.0,0.0,0,0,8.0,1.0,0.0,0,0.0
68,S1,M2,forwarder,5,10.432,8.0,0.0,0.0,0,0,8.0,1.0,0.0,0,0.0
69,S1,M1,harvester,5,13.112,8.0,0.0,0.0,0,0,8.0,1.0,0.0,0,0.0
69,S1,M2,forwarder,5,10.432,8.0,0.0,0.0,0,0,8.0,1.0,0.0,0,0.0
70,S1,M1,harvester,5,9.1784,8.0,0.0,0.0,0,0,8.0,1.0,0.0,0,0.3
70,S1,M2,forwarder,5,1.613372107165102,1.767497926342136,6.232502073657864,0.0,0,0,8.0,0.220937240792767,6.232502073657864,1,0.3
71,S1,M2,forwarder,5,10.432,8.0,0.0,0.0,0,0,8.0,1.0,0.0,0,0.0
72,S1,M1,harvester,5,13.112,8.0,0.0,0.0,0,0,8.0,1.0,0.0,0,0.0
72,S1,M2,forwarder,5,10.432,8.0,0.0,0.0,0,0,8.0,1.0,0.0,0,0.0
73,S1,M1,harvester,5,13.112,8.0,0.0,0.0,0,0,8.0,1.0,0.0,0,0.0
73,S1,M2,forwarder,5,10.432,8.0,0.0,0.0,0,0,8.0,1.0,0.0,0,0.0
74,S1,M1,harvester,5,9.1784,8.0,0.0,0.0,0,0,8.0,1.0,0.0,0,0.3
75,S1,M2,forwarder,5,10.432,8.0,0.0,0.0,0,0,8.0,1.0,0.0,0,0.0
77,S1,M1,harvester,5,13.112,8.0,0.0,0.0,0,0,8.0,1.0,0.0,0,0.0
77,S1,M2,forwarder,5,10.432,8.0,0.0,0.0,0,0,8.0,1.0,0.0,0,0.0
78,S1,M1,harvester,5,13.112,8.0,0.0,0.0,0,0,8.0,1.0,0.0,0,0.0
78,S1,M2,forwarder,5,10.432,8.0,0.0,0.0,0,0,8.0,1.0,0.0,0,0.0
79,S1,M1,harvester,5,9.1784,8.0,0.0,0.0,0,0,8.0,1.0,0.0,0,0.3
79,S1,M2,forwarder,5,7.3024,8.0,0.0,0.0,0,0,8.0,1.0,0.0,0,0.3
80,S1,M1,harvester,5,13.112,8.0,0.0,0.0,0,0,8.0,1.0,0.0,0,0.0
80,S1,M2,forwarder,5,10.432,8.0,0.0,0.0,0,0,8.0,1.0,0.0,0,0.0
81,S1,M1,harvester,5,13.112,8.0,0.0,0.0,0,0,8.0,1.0,0.0,0,0.0
81,S1,M2,forwarder,5,10.432,8.0,0.0,0.0,0,0,8.0,1.0,0.0,0,0.0
82,S1,M1,harvester,5,13.112,8.0,0.0,0.0,0,0,8.0,1.0,0.0,0,0.0
83,S1,M1,harvester,5,13.112,8.0,0.0,0.0,0,0,8.0,1.0,0.0,0,0.0
83,S1,M2,forwarder,5,10.432,8.0,0.0,0.0,0,0,8.0,1.0,0.0,0,0.0
84,S1,M1,harvester,5,13.112,8.0,0.0,0.0,0,0,8.0,1.0,0.0,0,0.0
84,S1,M2,forwarder,5,10.432,8.0,0.0,0.0,0,0,8.0,1.0,0.0,0,0.0
85,S1,M1,harvester,5,13.112,8.0,0.0,0.0,0,0,8.0,1.0,0.0,0,0.0
85,S1,M2,forwarder,5,10.432,8.0,0.0,0.0,0,0,8.0,1.0,0.0,0,0.0
86,S1,M1,harvester,5,13.112,8.0,0.0,0.0,0,0,8.0,1.0,0.0,0,0.0
86,S1,M2,forwarder,5,2.9679775416040473,2.276056396935619,5.723943603064381,0.0,0,0,8.0,0.2845070496169524,5.723943603064381,1,0.0
87,S1,M1,harvester,5,13.112,8.0,0.0,0.0,0,0,8.0,1.0,0.0,0,0.0
87,S1,M2,forwarder,5,6.236982165922879,4.78296178368319,3.2170382163168103,0.0,0,0,8.0,0.5978702229603987,3.21703821631681,1,0.0
88,S1,M1,harvester,5,13.112,8.0,0.0,0.0,0,0,8.0,1.0,0.0,0,0.0
88,S1,M2,forwarder,5,4.685584826987743,3.5932398979967353,4.406760102003265,0.0,0,0,8.0,0.4491549872495919,4.406760102003265,1,0.0
89,S1,M1,harvester,5,13.112,8.0,0.0,0.0,0,0,8.0,1.0,0.0,0,0.0
89,S1,M2,forwarder,5,10.432,8.0,0.0,0.0,0,0,8.0,1.0,0.0,0,0.0
90,S1,M1,harvester,5,13.112,8.0,0.0,0.0,0,0,8.0,1.0,0.0,0,0.0
91,S1,M1,harvester,5,13.112,8.0,0.0,0.0,0,0,8.0,1.0,0.0,0,0.0
91,S1,M2,forwarder,5,10.432,8.0,0.0,0.0,0,0,8.0,1.0,0.0,0,0.0
92,S1,M1,harvester,5,13.112,8.0,0.0,0.0,0,0,8.0,1.0,0.0,0,0.0
93,S1,M2,forwarder,5,10.432,8.0,0.0,0.0,0,0,8.0,1.0,0.0,0,0.0
94,S1,M1,harvester,5,13.112,8.0,0.0,0.0,0,0,8.0,1.0,0.0,0,0.0
94,S1,M2,forwarder,5,10.432,8.0,0.0,0.0,0,0,8.0,1.0,0.0,0,0.0
95,S1,M1,harvester,5,13.112,8.0,0.0,0.0,0,0,8.0,1.0,0.0,0,0.0
95,S1,M2,forwarder,5,10.432,8.0,0.0,0.0,0,0,8.0,1.0,0.0,0,0.0
96,S1,M1,harvester,5,13.112,8.0,0.0,0.0,0,0,8.0,1.0,0.0,0,0.0
96,S1,M2,forwarder,5,10.432,8.0,0.0,0.0,0,0,8.0,1.0,0.0,0,0.0
97,S1,M1,harvester,5,13.112,8.0,0.0,0.0,0,0,8.0,1.0,0.0,0,0.0
97,S1,M2,forwarder,5,10.432,8.0,0.0,0.0,0,0,8.0,1.0,0.0,0,0.0
98,S1,M1,harvester,5,13.112,8.0,0.0,0.0,0,0,8.0,1.0,0.0,0,0.0
98,S1,M2,forwarder,5,10.432,8.0,0.0,0.0,0,0,8.0,1.0,0.0,0,0.0
99,S1,M1,harvester,5,9.1784,8.0,0.0,0.0,0,0,8.0,1.0,0.0,0,0.3
99,S1,M2,forwarder,5,7.3024,8.0,0.0,0.0,0,0,8.0,1.0,0.0,0,0.3
101,S1,M1,harvester,5,5.8092999999999995,8.0,0.0,0.0,0,0,8.0,1.0,0.0,0,0.3
101,S1,M2,forwarder,5,5.8092999999999995,8.0,0.0,0.0,0,0,8.0,1.0,0.0,0,0.3
102,S1,M1,harvester,5,8.299,8.0,0.0,0.0,0,0,8.0,1.0,0.0,0,0.0
103,S1,M1,harvester,5,8.299,8.0,0.0,0.0,0,0,8.0,1.0,0.0,0,0.0
103,S1,M2,forwarder,5,8.299,8.0,0.0,0.0,0,0,8.0,1.0,0.0,0,0.0
104,S1,M1,harvester,5,4.5671412046543125,8.0,0.0,0.0,0,0,8.0,1.0,0.0,0,0.0
104,S1,M2,forwarder,5,4.5671412046543125,8.0,0.0,0.0,0,0,8.0,1.0,0.0,0,0.0
105,S1,M1,harvester,5,8.299,8.0,0.0,0.0,0,0,8.0,1.0,0.0,0,0.0
105,S1,M2,forwarder,5,8.299,8.0,0.0,0.0,0,0,8.0,1.0,0.0,0,0.0
106,S1,M1,harvester,5,8.299,8.0,0.0,0.0,0,0,8.0,1.0,0.0,0,0.0
106,S1,M2,forwarder,5,8.299,8.0,0.0,0.0,0,0,8.0,1.0,0.0,0,0.0
12,S1,M2,forwarder,6,8.319,8.0,0.0,0.0,0,0,8.0,1.0,0.0,0,0.0
37,S1,M1,harvester,6,9.1784,8.0,0.0,0.0,0,0,8.0,1.0,0.0,0,0.3
37,S1,M2,forwarder,6,7.3024,8.0,0.0,0.0,0,0,8.0,1.0,0.0,0,0.3
38,S1,M1,harvester,6,13.112,8.0,0.0,0.0,0,0,8.0,1.0,0.0,0,0.0
38,S1,M2,forwarder,6,10.432,8.0,0.0,0.0,0,0,8.0,1.0,0.0,0,0.0
39,S1,M1,harvester,6,13.112,8.0,0.0,0.0,0,0,8.0,1.0,0.0,0,0.0
39,S1,M2,forwarder,6,10.432,8.0,0.0,0.0,0,0,8.0,1.0,0.0,0,0.0
40,S1,M1,harvester,6,9.1784,8.0,0.0,0.0,0,0,8.0,1.0,0.0,0,0.3
40,S1,M2,forwarder,6,7.3024,8.0,0.0,0.0,0,0,8.0,1.0,0.0,0,0.3
41,S1,M1,harvester,6,13.112,8.0,0.0,0.0,0,0,8.0,1.0,0.0,0,0.0
41,S1,M2,forwarder,6,10.432,8.0,0.0,0.0,0,0,8.0,1.0,0.0,0,0.0
42,S1,M1,harvester,6,13.112,8.0,0.0,0.0,0,0,8.0,1.0,0.0,0,0.0
42,S1,M2,forwarder,6,5.005656388346774,3.8386935493456855,4.1613064506543145,0.0,0,0,8.0,0.4798366936682107,4.1613064506543145,1,0.0
43,S1,M1,harvester,6,13.112,8.0,0.0,0.0,0,0,8.0,1.0,0.0,0,0.0
43,S1,M2,forwarder,6,10.432,8.0,0.0,0.0,0,0,8.0,1.0,0.0,0,0.0
44,S1,M2,forwarder,6,10.432,8.0,0.0,0.0,0,0,8.0,1.0,0.0,0,0.0
45,S1,M1,harvester,6,9.1784,8.0,0.0,0.0,0,0,8.0,1.0,0.0,0,0.3
45,S1,M2,forwarder,6,7.3024,8.0,0.0,0.0,0,0,8.0,1.0,0.0,0,0.3
46,S1,M1,harvester,6,13.112,8.0,0.0,0.0,0,0,8.0,1.0,0.0,0,0.0
46,S1,M2,forwarder,6,10.432,8.0,0.0,0.0,0,0,8.0,1.0,0.0,0,0.0
47,S1,M1,harvester,6,13.112,8.0,0.0,0.0,0,0,8.0,1.0,0.0,0,0.0
47,S1,M2,forwarder,6,10.432,8.0,0.0,0.0,0,0,8.0,1.0,0.0,0,0.0
48,S1,M1,harvester,6,13.112,8.0,0.0,0.0,0,0,8.0,1.0,0.0,0,0.0
48,S1,M2,forwarder,6,10.432,8.0,0.0,0.0,0,0,8.0,1.0,0.0,0,0.0
49,S1,M1,harvester,6,13.112,8.0,0.0,0.0,0,0,8.0,1.0,0.0,0,0.0
49,S1,M2,forwarder,6,10.432,8.0,0.0,0.0,0,0,8.0,1.0,0.0,0,0.0
50,S1,M1,harvester,6,9.1784,8.0,0.0,0.0,0,0,8.0,1.0,0.0,0,0.3
50,S1,M2,forwarder,6,7.3024,8.0,0.0,0.0,0,0,8.0,1.0,0.0,0,0.3
51,S1,M1,harvester,6,13.112,8.0,0.0,0.0,0,0,8.0,1.0,0.0,0,0.0
51,S1,M2,forwarder,6,10.432,8.0,0.0,0.0,0,0,8.0,1.0,0.0,0,0.0
52,S1,M1,harvester,6,13.112,8.0,0.0,0.0,0,0,8.0,1.0,0.0,0,0.0
52,S1,M2,forwarder,6,10.432,8.0,0.0,0.0,0,0,8.0,1.0,0.0,0,0.0
53,S1,M1,harvester,6,6.9954526684255285,8.0,0.0,0.0,0,0,8.0,1.0,0.0,0,0.0
54,S1,M1,harvester,6,13.112,8.0,0.0,0.0,0,0,8.0,1.0,0.0,0,0.0
54,S1,M2,forwarder,6,10.432,8.0,0.0,0.0,0,0,8.0,1.0,0.0,0,0.0
55,S1,M1,harvester,6,13.112,8.0,0.0,0.0,0,0,8.0,1.0,0.0,0,0.0
55,S1,M2,forwarder,6,10.432,8.0,0.0,0.0,0,0,8.0,1.0,0.0,0,0.0
56,S1,M1,harvester,6,13.112,8.0,0.0,0.0,0,0,8.0,1.0,0.0,0,0.0
56,S1,M2,forwarder,6,10.432,8.0,0.0,0.0,0,0,8.0,1.0,0.0,0,0.0
57,S1,M1,harvester,6,9.948,8.0,0.0,0.0,0,0,8.0,1.0,0.0,0,0.0
57,S1,M2,forwarder,6,9.948,8.0,0.0,0.0,0,0,8.0,1.0,0.0,0,0.0
58,S1,M1,harvester,6,6.9636,8.0,0.0,0.0,0,0,8.0,1.0,0.0,0,0.3
58,S1,M2,forwarder,6,6.9636,8.0,0.0,0.0,0,0,8.0,1.0,0.0,0,0.3
59,S1,M1,harvester,6,9.948,8.0,0.0,0.0,0,0,8.0,1.0,0.0,0,0.0
60,S1,M2,forwarder,6,9.948,8.0,0.0,0.0,0,0,8.0,1.0,0.0,0,0.0
61,S1,M1,harvester,6,9.948,8.0,0.0,0.0,0,0,8.0,1.0,0.0,0,0.0
61,S1,M2,forwarder,6,9.948,8.0,0.0,0.0,0,0,8.0,1.0,0.0,0,0.0
62,S1,M1,harvester,6,13.112,8.0,0.0,0.0,0,0,8.0,1.0,0.0,0,0.0
62,S1,M2,forwarder,6,10.432,8.0,0.0,0.0,0,0,8.0,1.0,0.0,0,0.0
63,S1,M1,harvester,6,13.112,8.0,0.0,0.0,0,0,8.0,1.0,0.0,0,0.0
64,S1,M1,harvester,6,13.112,8.0,0.0,0.0,0,0,8.0,1.0,0.0,0,0.0
64,S1,M2,forwarder,6,10.432,8.0,0.0,0.0,0,0,8.0,1.0,0.0,0,0.0
65,S1,M1,harvester,6,9.1784,8.0,0.0,0.0,0,0,8.0,1.0,0.0,0,0.3
66,S1,M1,harvester,6,13.112,8.0,0.0,0.0,0,0,8.0,1.0,0.0,0,0.0
67,S1,M1,harvester,6,13.112,8.0,0.0,0.0,0,0,8.0,1.0,0.0,0,0.0
67,S1,M2,forwarder,6,10.432,8.0,0.0,0.0,0,0,8.0,1.0,0.0,0,0.0
68,S1,M1,harvester,6,13.112,8.0,0.0,0.0,0,0,8.0,1.0,0.0,0,0.0
68,S1,M2,forwarder,6,10.432,8.0,0.0,0.0,0,0,8.0,1.0,0.0,0,0.0
69,S1,M1,harvester,6,13.112,8.0,0.0,0.0,0,0,8.0,1.0,0.0,0,0.0
69,S1,M2,forwarder,6,10.432,8.0,0.0,0.0,0,0,8.0,1.0,0.0,0,0.0
70,S1,M1,harvester,6,13.112,8.0,0.0,0.0,0,0,8.0,1.0,0.0,0,0.0
70,S1,M2,forwarder,6,10.432,8.0,0.0,0.0,0,0,8.0,1.0,0.0,0,0.0
71,S1,M2,forwarder,6,10.432,8.0,0.0,0.0,0,0,8.0,1.0,0.0,0,0.0
72,S1,M1,harvester,6,5.247465012752344,3.20162599923877,4.79837400076123,0.0,0,0,8.0,0.40020324990484624,4.79837400076123,1,0.0
72,S1,M2,forwarder,6,10.432,8.0,0.0,0.0,0,0,8.0,1.0,0.0,0,0.0
73,S1,M1,harvester,6,13.112,8.0,0.0,0.0,0,0,8.0,1.0,0.0,0,0.0
73,S1,M2,forwarder,6,10.432,8.0,0.0,0.0,0,0,8.0,1.0,0.0,0,0.0
74,S1,M1,harvester,6,13.112,8.0,0.0,0.0,0,0,8.0,1.0,0.0,0,0.0
75,S1,M2,forwarder,6,10.432,8.0,0.0,0.0,0,0,8.0,1.0,0.0,0,0.0
77,S1,M1,harvester,6,13.112,8.0,0.0,0.0,0,0,8.0,1.0,0.0,0,0.0
77,S1,M2,forwarder,6,10.432,8.0,0.0,0.0,0,0,8.0,1.0,0.0,0,0.0
78,S1,M1,harvester,6,13.112,8.0,0.0,0.0,0,0,8.0,1.0,0.0,0,0.0
78,S1,M2,forwarder,6,10.432,8.0,0.0,0.0,0,0,8.0,1.0,0.0,0,0.0
79,S1,M1,harvester,6,13.112,8.0,0.0,0.0,0,0,8.0,1.0,0.0,0,0.0
79,S1,M2,forwarder,6,10.432,8.0,0.0,0.0,0,0,8.0,1.0,0.0,0,0.0
80,S1,M1,harvester,6,13.112,8.0,0.0,0.0,0,0,8.0,1.0,0.0,0,0.0
80,S1,M2,forwarder,6,10.432,8.0,0.0,0.0,0,0,8.0,1.0,0.0,0,0.0
81,S1,M1,harvester,6,13.112,8.0,0.0,0.0,0,0,8.0,1.0,0.0,0,0.0
81,S1,M2,forwarder,6,10.432,8.0,0.0,0.0,0,0,8.0,1.0,0.0,0,0.0
82,S1,M1,harvester,6,9.1784,8.0,0.0,0.0,0,0,8.0,1.0,0.0,0,0.3
83,S1,M1,harvester,6,13.112,8.0,0.0,0.0,0,0,8.0,1.0,0.0,0,0.0
83,S1,M2,forwarder,6,10.432,8.0,0.0,0.0,0,0,8.0,1.0,0.0,0,0.0
84,S1,M1,harvester,6,13.112,8.0,0.0,0.0,0,0,8.0,1.0,0.0,0,0.0
84,S1,M2,forwarder,6,10.432,8.0,0.0,0.0,0,0,8.0,1.0,0.0,0,0.0
85,S1,M1,harvester,6,9.33142346553948,8.0,0.0,0.0,0,0,8.0,1.0,0.0,0,0.0
85,S1,M2,forwarder,6,7.424146552204688,8.0,0.0,0.0,0,0,8.0,1.0,0.0,0,0.0
86,S1,M1,harvester,6,9.1784,8.0,0.0,0.0,0,0,8.0,1.0,0.0,0,0.3
86,S1,M2,forwarder,6,7.3024,8.0,0.0,0.0,0,0,8.0,1.0,0.0,0,0.3
87,S1,M1,harvester,6,13.112,8.0,0.0,0.0,0,0,8.0,1.0,0.0,0,0.0
87,S1,M2,forwarder,6,10.432,8.0,0.0,0.0,0,0,8.0,1.0,0.0,0,0.0
88,S1,M1,harvester,6,13.112,8.0,0.0,0.0,0,0,8.0,1.0,0.0,0,0.0
88,S1,M2,forwarder,6,10.432,8.0,0.0,0.0,0,0,8.0,1.0,0.0,0,0.0
89,S1,M1,harvester,6,13.112,8.0,0.0,0.0,0,0,8.0,1.0,0.0,0,0.0
89,S1,M2,forwarder,6,10.432,8.0,0.0,0.0,0,0,8.0,1.0,0.0,0,0.0
90,S1,M1,harvester,6,7.176218277306225,4.378412615806116,3.6215873841938837,0.0,0,0,8.0,0.5473015769757645,3.621587384193884,1,0.0
91,S1,M1,harvester,6,13.112,8.0,0.0,0.0,0,0,8.0,1.0,0.0,0,0.0
91,S1,M2,forwarder,6,10.432,8.0,0.0,0.0,0,0,8.0,1.0,0.0,0,0.0
92,S1,M1,harvester,6,13.112,8.0,0.0,0.0,0,0,8.0,1.0,0.0,0,0.0
93,S1,M2,forwarder,6,10.432,8.0,0.0,0.0,0,0,8.0,1.0,0.0,0,0.0
94,S1,M1,harvester,6,13.112,8.0,0.0,0.0,0,0,8.0,1.0,0.0,0,0.0
94,S1,M2,forwarder,6,10.432,8.0,0.0,0.0,0,0,8.0,1.0,0.0,0,0.0
95,S1,M1,harvester,6,13.112,8.0,0.0,0.0,0,0,8.0,1.0,0.0,0,0.0
95,S1,M2,forwarder,6,10.432,8.0,0.0,0.0,0,0,8.0,1.0,0.0,0,0.0
96,S1,M1,harvester,6,13.112,8.0,0.0,0.0,0,0,8.0,1.0,0.0,0,0.0
96,S1,M2,forwarder,6,10.432,8.0,0.0,0.0,0,0,8.0,1.0,0.0,0,0.0
97,S1,M1,harvester,6,13.112,8.0,0.0,0.0,0,0,8.0,1.0,0.0,0,0.0
97,S1,M2,forwarder,6,10.432,8.0,0.0,0.0,0,0,8.0,1.0,0.0,0,0.0
98,S1,M1,harvester,6,13.112,8.0,0.0,0.0,0,0,8.0,1.0,0.0,0,0.0
98,S1,M2,forwarder,6,10.432,8.0,0.0,0.0,0,0,8.0,1.0,0.0,0,0.0
99,S1,M1,harvester,6,13.112,8.0,0.0,0.0,0,0,8.0,1.0,0.0,0,0.0
99,S1,M2,forwarder,6,3.0944693928154665,2.3730593503186093,5.626940649681391,0.0,0,0,8.0,0.29663241878982616,5.626940649681391,1,0.0
101,S1,M1,harvester,6,8.299,8.0,0.0,0.0,0,0,8.0,1.0,0.0,0,0.0
101,S1,M2,forwarder,6,8.299,8.0,0.0,0.0,0,0,8.0,1.0,0.0,0,0.0
102,S1,M1,harvester,6,8.299,8.0,0.0,0.0,0,0,8.0,1.0,0.0,0,0.0
103,S1,M1,harvester,6,8.299,8.0,0.0,0.0,0,0,8.0,1.0,0.0,0,0.0
103,S1,M2,forwarder,6,8.299,8.0,0.0,0.0,0,0,8.0,1.0,0.0,0,0.0
104,S1,M1,harvester,6,8.299,8.0,0.0,0.0,0,0,8.0,1.0,0.0,0,0.0
104,S1,M2,forwarder,6,8.299,8.0,0.0,0.0,0,0,8.0,1.0,0.0,0,0.0
105,S1,M1,harvester,6,8.299,8.0,0.0,0.0,0,0,8.0,1.0,0.0,0,0.0
105,S1,M2,forwarder,6,8.299,8.0,0.0,0.0,0,0,8.0,1.0,0.0,0,0.0
106,S1,M1,harvester,6,8.299,8.0,0.0,0.0,0,0,8.0,1.0,0.0,0,0.0
106,S1,M2,forwarder,6,8.299,8.0,0.0,0.0,0,0,8.0,1.0,0.0,0,0.0
12,S1,M2,forwarder,7,8.319,8.0,0.0,0.0,0,0,8.0,1.0,0.0,0,0.0
37,S1,M1,harvester,7,13.112,8.0,0.0,0.0,0,0,8.0,1.0,0.0,0,0.0
37,S1,M2,forwarder,7,10.432,8.0,0.0,0.0,0,0,8.0,1.0,0.0,0,0.0
38,S1,M1,harvester,7,13.112,8.0,0.0,0.0,0,0,8.0,1.0,0.0,0,0.0
38,S1,M2,forwarder,7,10.432,8.0,0.0,0.0,0,0,8.0,1.0,0.0,0,0.0
39,S1,M1,harvester,7,13.112,8.0,0.0,0.0,0,0,8.0,1.0,0.0,0,0.0
39,S1,M2,forwarder,7,4.960050924144994,3.803720033853523,4.196279966146477,0.0,0,0,8.0,0.47546500423169036,4.196279966146477,1,0.0
40,S1,M1,harvester,7,13.112,8.0,0.0,0.0,0,0,8.0,1.0,0.0,0,0.0
40,S1,M2,forwarder,7,6.295315179185988,4.827695689559807,3.172304310440193,0.0,0,0,8.0,0.6034619611949759,3.1723043104401927,1,0.0
41,S1,M1,harvester,7,13.112,8.0,0.0,0.0,0,0,8.0,1.0,0.0,0,0.0
41,S1,M2,forwarder,7,10.432,8.0,0.0,0.0,0,0,8.0,1.0,0.0,0,0.0
42,S1,M1,harvester,7,13.112,8.0,0.0,0.0,0,0,8.0,1.0,0.0,0,0.0
42,S1,M2,forwarder,7,10.432,8.0,0.0,0.0,0,0,8.0,1.0,0.0,0,0.0
43,S1,M1,harvester,7,13.112,8.0,0.0,0.0,0,0,8.0,1.0,0.0,0,0.0
43,S1,M2,forwarder,7,10.432,8.0,0.0,0.0,0,0,8.0,1.0,0.0,0,0.0
44,S1,M2,forwarder,7,10.432,8.0,0.0,0.0,0,0,8.0,1.0,0.0,0,0.0
45,S1,M1,harvester,7,13.112,8.0,0.0,0.0,0,0,8.0,1.0,0.0,0,0.0
45,S1,M2,forwarder,7,10.432,8.0,0.0,0.0,0,0,8.0,1.0,0.0,0,0.0
46,S1,M1,harvester,7,3.9278181040867866,2.396472302676502,5.603527697323498,0.0,0,0,8.0,0.2995590378345627,5.603527697323498,1,0.0
46,S1,M2,forwarder,7,10.432,8.0,0.0,0.0,0,0,8.0,1.0,0.0,0,0.0
47,S1,M1,harvester,7,13.112,8.0,0.0,0.0,0,0,8.0,1.0,0.0,0,0.0
47,S1,M2,forwarder,7,10.432,8.0,0.0,0.0,0,0,8.0,1.0,0.0,0,0.0
48,S1,M1,harvester,7,13.112,8.0,0.0,0.0,0,0,8.0,1.0,0.0,0,0.0
48,S1,M2,forwarder,7,10.432,8.0,0.0,0.0,0,0,8.0,1.0,0.0,0,0.0
49,S1,M1,harvester,7,13.112,8.0,0.0,0.0,0,0,8.0,1.0,0.0,0,0.0
49,S1,M2,forwarder,7,10.432,8.0,0.0,0.0,0,0,8.0,1.0,0.0,0,0.0
50,S1,M1,harvester,7,13.112,8.0,0.0,0.0,0,0,8.0,1.0,0.0,0,0.0
50,S1,M2,forwarder,7,10.432,8.0,0.0,0.0,0,0,8.0,1.0,0.0,0,0.0
51,S1,M1,harvester,7,13.112,8.0,0.0,0.0,0,0,8.0,1.0,0.0,0,0.0
51,S1,M2,forwarder,7,10.432,8.0,0.0,0.0,0,0,8.0,1.0,0.0,0,0.0
52,S1,M1,harvester,7,13.112,8.0,0.0,0.0,0,0,8.0,1.0,0.0,0,0.0
52,S1,M2,forwarder,7,10.432,8.0,0.0,0.0,0,0,8.0,1.0,0.0,0,0.0
53,S1,M1,harvester,7,13.112,8.0,0.0,0.0,0,0,8.0,1.0,0.0,0,0.0
54,S1,M1,harvester,7,9.1784,8.0,0.0,0.0,0,0,8.0,1.0,0.0,0,0.3
54,S1,M2,forwarder,7,7.3024,8.0,0.0,0.0,0,0,8.0,1.0,0.0,0,0.3
55,S1,M1,harvester,7,13.112,8.0,0.0,0.0,0,0,8.0,1.0,0.0,0,0.0
55,S1,M2,forwarder,7,10.432,8.0,0.0,0.0,0,0,8.0,1.0,0.0,0,0.0
56,S1,M1,harvester,7,13.112,8.0,0.0,0.0,0,0,8.0,1.0,0.0,0,0.0
56,S1,M2,forwarder,7,10.432,8.0,0.0,0.0,0,0,8.0,1.0,0.0,0,0.0
57,S1,M1,harvester,7,9.948,8.0,0.0,0.0,0,0,8.0,1.0,0.0,0,0.0
57,S1,M2,forwarder,7,9.948,8.0,0.0,0.0,0,0,8.0,1.0,0.0,0,0.0
58,S1,M1,harvester,7,9.948,8.0,0.0,0.0,0,0,8.0,1.0,0.0,0,0.0
58,S1,M2,forwarder,7,9.948,8.0,0.0,0.0,0,0,8.0,1.0,0.0,0,0.0
59,S1,M1,harvester,7,9.948,8.0,0.0,0.0,0,0,8.0,1.0,0.0,0,0.0
60,S1,M2,forwarder,7,9.948,8.0,0.0,0.0,0,0,8.0,1.0,0.0,0,0.0
61,S1,M1,harvester,7,9.948,8.0,0.0,0.0,0,0,8.0,1.0,0.0,0,0.0
61,S1,M2,forwarder,7,9.948,8.0,0.0,0.0,0,0,8.0,1.0,0.0,0,0.0
62,S1,M1,harvester,7,13.112,8.0,0.0,0.0,0,0,8.0,1.0,0.0,0,0.0
62,S1,M2,forwarder,7,10.432,8.0,0.0,0.0,0,0,8.0,1.0,0.0,0,0.0
63,S1,M1,harvester,7,13.112,8.0,0.0,0.0,0,0,8.0,1.0,0.0,0,0.0
64,S1,M1,harvester,7,13.112,8.0,0.0,0.0,0,0,8.0,1.0,0.0,0,0.0
64,S1,M2,forwarder,7,10.432,8.0,0.0,0.0,0,0,8.0,1.0,0.0,0,0.0
65,S1,M1,harvester,7,13.112,8.0,0.0,0.0,0,0,8.0,1.0,0.0,0,0.0
66,S1,M1,harvester,7,9.1784,8.0,0.0,0.0,0,0,8.0,1.0,0.0,0,0.3
67,S1,M1,harvester,7,13.112,8.0,0.0,0.0,0,0,8.0,1.0,0.0,0,0.0
67,S1,M2,forwarder,7,10.432,8.0,0.0,0.0,0,0,8.0,1.0,0.0,0,0.0
68,S1,M1,harvester,7,13.112,8.0,0.0,0.0,0,0,8.0,1.0,0.0,0,0.0
68,S1,M2,forwarder,7,10.432,8.0,0.0,0.0,0,0,8.0,1.0,0.0,0,0.0
69,S1,M1,harvester,7,9.1784,8.0,0.0,0.0,0,0,8.0,1.0,0.0,0,0.3
69,S1,M2,forwarder,7,7.3024,8.0,0.0,0.0,0,0,8.0,1.0,0.0,0,0.3
70,S1,M1,harvester,7,13.112,8.0,0.0,0.0,0,0,8.0,1.0,0.0,0,0.0
70,S1,M2,forwarder,7,10.432,8.0,0.0,0.0,0,0,8.0,1.0,0.0,0,0.0
71,S1,M2,forwarder,7,10.432,8.0,0.0,0.0,0,0,8.0,1.0,0.0,0,0.0
72,S1,M1,harvester,7,13.112,8.0,0.0,0.0,0,0,8.0,1.0,0.0,0,0.0
72,S1,M2,forwarder,7,10.432,8.0,0.0,0.0,0,0,8.0,1.0,0.0,0,0.0
73,S1,M1,harvester,7,13.112,8.0,0.0,0.0,0,0,8.0,1.0,0.0,0,0.0
73,S1,M2,forwarder,7,4.899578575940806,3.7573455336969372,4.242654466303063,0.0,0,0,8.0,0.46966819171211716,4.242654466303063,1,0.0
74,S1,M1,harvester,7,6.072111014515673,3.704765719655688,4.295234280344312,0.0,0,0,8.0,0.463095714956961,4.295234280344312,1,0.0
75,S1,M2,forwarder,7,7.3024,8.0,0.0,0.0,0,0,8.0,1.0,0.0,0,0.3
77,S1,M1,harvester,7,13.112,8.0,0.0,0.0,0,0,8.0,1.0,0.0,0,0.0
77,S1,M2,forwarder,7,10.432,8.0,0.0,0.0,0,0,8.0,1.0,0.0,0,0.0
78,S1,M1,harvester,7,13.112,8.0,0.0,0.0,0,0,8.0,1.0,0.0,0,0.0
78,S1,M2,forwarder,7,10.432,8.0,0.0,0.0,0,0,8.0,1.0,0.0,0,0.0
79,S1,M1,harvester,7,13.112,8.0,0.0,0.0,0,0,8.0,1.0,0.0,0,0.0
79,S1,M2,forwarder,7,10.432,8.0,0.0,0.0,0,0,8.0,1.0,0.0,0,0.0
80,S1,M1,harvester,7,9.1784,8.0,0.0,0.0,0,0,8.0,1.0,0.0,0,0.3
80,S1,M2,forwarder,7,7.3024,8.0,0.0,0.0,0,0,8.0,1.0,0.0,0,0.3
81,S1,M1,harvester,7,13.112,8.0,0.0,0.0,0,0,8.0,1.0,0.0,0,0.0
81,S1,M2,forwarder,7,10.432,8.0,0.0,0.0,0,0,8.0,1.0,0.0,0,0.0
82,S1,M1,harvester,7,13.112,8.0,0.0,0.0,0,0,8.0,1.0,0.0,0,0.0
83,S1,M1,harvester,7,13.112,8.0,0.0,0.0,0,0,8.0,1.0,0.0,0,0.0
83,S1,M2,forwarder,7,10.432,8.0,0.0,0.0,0,0,8.0,1.0,0.0,0,0.0
84,S1,M1,harvester,7,13.112,8.0,0.0,0.0,0,0,8.0,1.0,0.0,0,0.0
84,S1,M2,forwarder,7,10.432,8.0,0.0,0.0,0,0,8.0,1.0,0.0,0,0.0
85,S1,M1,harvester,7,13.112,8.0,0.0,0.0,0,0,8.0,1.0,0.0,0,0.0
85,S1,M2,forwarder,7,10.432,8.0,0.0,0.0,0,0,8.0,1.0,0.0,0,0.0
86,S1,M1,harvester,7,13.112,8.0,0.0,0.0,0,0,8.0,1.0,0.0,0,0.0
86,S1,M2,forwarder,7,10.432,8.0,0.0,0.0,0,0,8.0,1.0,0.0,0,0.0
87,S1,M1,harvester,7,5.693068662253438,3.47350131925164,4.52649868074836,0.0,0,0,8.0,0.434187664906455,4.52649868074836,1,0.0
87,S1,M2,forwarder,7,10.432,8.0,0.0,0.0,0,0,8.0,1.0,0.0,0,0.0
88,S1,M1,harvester,7,13.112,8.0,0.0,0.0,0,0,8.0,1.0,0.0,0,0.0
88,S1,M2,forwarder,7,10.432,8.0,0.0,0.0,0,0,8.0,1.0,0.0,0,0.0
89,S1,M1,harvester,7,13.112,8.0,0.0,0.0,0,0,8.0,1.0,0.0,0,0.0
89,S1,M2,forwarder,7,10.432,8.0,0.0,0.0,0,0,8.0,1.0,0.0,0,0.0
90,S1,M1,harvester,7,13.112,8.0,0.0,0.0,0,0,8.0,1.0,0.0,0,0.0
91,S1,M1,harvester,7,13.112,8.0,0.0,0.0,0,0,8.0,1.0,0.0,0,0.0
91,S1,M2,forwarder,7,10.432,8.0,0.0,0.0,0,0,8.0,1.0,0.0,0,0.0
92,S1,M1,harvester,7,13.112,8.0,0.0,0.0,0,0,8.0,1.0,0.0,0,0.0
93,S1,M2,forwarder,7,10.432,8.0,0.0,0.0,0,0,8.0,1.0,0.0,0,0.0
94,S1,M1,harvester,7,9.1784,8.0,0.0,0.0,0,0,8.0,1.0,0.0,0,0.3
94,S1,M2,forwarder,7,7.3024,8.0,0.0,0.0,0,0,8.0,1.0,0.0,0,0.3
95,S1,M1,harvester,7,13.112,8.0,0.0,0.0,0,0,8.0,1.0,0.0,0,0.0
95,S1,M2,forwarder,7,10.432,8.0,0.0,0.0,0,0,8.0,1.0,0.0,0,0.0
96,S1,M1,harvester,7,13.112,8.0,0.0,0.0,0,0,8.0,1.0,0.0,0,0.0
96,S1,M2,forwarder,7,10.432,8.0,0.0,0.0,0,0,8.0,1.0,0.0,0,0.0
97,S1,M1,harvester,7,13.112,8.0,0.0,0.0,0,0,8.0,1.0,0.0,0,0.0
97,S1,M2,forwarder,7,10.432,8.0,0.0,0.0,0,0,8.0,1.0,0.0,0,0.0
98,S1,M1,harvester,7,13.112,8.0,0.0,0.0,0,0,8.0,1.0,0.0,0,0.0
98,S1,M2,forwarder,7,10.432,8.0,0.0,0.0,0,0,8.0,1.0,0.0,0,0.0
99,S1,M1,harvester,7,13.112,8.0,0.0,0.0,0,0,8.0,1.0,0.0,0,0.0
99,S1,M2,forwarder,7,10.432,8.0,0.0,0.0,0,0,8.0,1.0,0.0,0,0.0
101,S1,M1,harvester,7,8.299,8.0,0.0,0.0,0,0,8.0,1.0,0.0,0,0.0
101,S1,M2,forwarder,7,8.299,8.0,0.0,0.0,0,0,8.0,1.0,0.0,0,0.0
102,S1,M1,harvester,7,8.299,8.0,0.0,0.0,0,0,8.0,1.0,0.0,0,0.0
103,S1,M1,harvester,7,8.299,8.0,0.0,0.0,0,0,8.0,1.0,0.0,0,0.0
103,S1,M2,forwarder,7,8.299,8.0,0.0,0.0,0,0,8.0,1.0,0.0,0,0.0
104,S1,M1,harvester,7,8.299,8.0,0.0,0.0,0,0,8.0,1.0,0.0,0,0.0
104,S1,M2,forwarder,7,8.299,8.0,0.0,0.0,0,0,8.0,1.0,0.0,0,0.0
105,S1,M1,harvester,7,8.299,8.0,0.0,0.0,0,0,8.0,1.0,0.0,0,0.0
105,S1,M2,forwarder,7,8.299,8.0,0.0,0.0,0,0,8.0,1.0,0.0,0,0.0
106,S1,M1,harvester,7,5.154799053321508,8.0,0.0,0.0,0,0,8.0,1.0,0.0,0,0.0
106,S1,M2,forwarder,7,5.154799053321508,8.0,0.0,0.0,0,0,8.0,1.0,0.0,0,0.0
12,S1,M2,forwarder,8,8.319,8.0,0.0,0.0,0,0,8.0,1.0,0.0,0,0.0
37,S1,M1,harvester,8,9.1784,8.0,0.0,0.0,0,0,8.0,1.0,0.0,0,0.3
37,S1,M2,forwarder,8,7.3024,8.0,0.0,0.0,0,0,8.0,1.0,0.0,0,0.3
38,S1,M1,harvester,8,13.112,8.0,0.0,0.0,0,0,8.0,1.0,0.0,0,0.0
38,S1,M2,forwarder,8,10.432,8.0,0.0,0.0,0,0,8.0,1.0,0.0,0,0.0
39,S1,M1,harvester,8,9.1784,8.0,0.0,0.0,0,0,8.0,1.0,0.0,0,0.3
39,S1,M2,forwarder,8,7.3024,8.0,0.0,0.0,0,0,8.0,1.0,0.0,0,0.3
40,S1,M1,harvester,8,13.112,8.0,0.0,0.0,0,0,8.0,1.0,0.0,0,0.0
40,S1,M2,forwarder,8,10.432,8.0,0.0,0.0,0,0,8.0,1.0,0.0,0,0.0
41,S1,M1,harvester,8,13.112,8.0,0.0,0.0,0,0,8.0,1.0,0.0,0,0.0
41,S1,M2,forwarder,8,10.432,8.0,0.0,0.0,0,0,8.0,1.0,0.0,0,0.0
42,S1,M1,harvester,8,13.112,8.0,0.0,0.0,0,0,8.0,1.0,0.0,0,0.0
42,S1,M2,forwarder,8,10.432,8.0,0.0,0.0,0,0,8.0,1.0,0.0,0,0.0
43,S1,M1,harvester,8,13.112,8.0,0.0,0.0,0,0,8.0,1.0,0.0,0,0.0
43,S1,M2,forwarder,8,10.432,8.0,0.0,0.0,0,0,8.0,1.0,0.0,0,0.0
44,S1,M2,forwarder,8,10.432,8.0,0.0,0.0,0,0,8.0,1.0,0.0,0,0.0
45,S1,M1,harvester,8,13.112,8.0,0.0,0.0,0,0,8.0,1.0,0.0,0,0.0
45,S1,M2,forwarder,8,10.432,8.0,0.0,0.0,0,0,8.0,1.0,0.0,0,0.0
46,S1,M1,harvester,8,13.112,8.0,0.0,0.0,0,0,8.0,1.0,0.0,0,0.0
46,S1,M2,forwarder,8,10.432,8.0,0.0,0.0,0,0,8.0,1.0,0.0,0,0.0
47,S1,M1,harvester,8,13.112,8.0,0.0,0.0,0,0,8.0,1.0,0.0,0,0.0
47,S1,M2,forwarder,8,4.631967303669957,3.5521221653910713,4.447877834608929,0.0,0,0,8.0,0.4440152706738839,4.447877834608929,1,0.0
48,S1,M1,harvester,8,13.112,8.0,0.0,0.0,0,0,8.0,1.0,0.0,0,0.0
48,S1,M2,forwarder,8,10.432,8.0,0.0,0.0,0,0,8.0,1.0,0.0,0,0.0
49,S1,M1,harvester,8,13.112,8.0,0.0,0.0,0,0,8.0,1.0,0.0,0,0.0
49,S1,M2,forwarder,8,10.432,8.0,0.0,0.0,0,0,8.0,1.0,0.0,0,0.0
50,S1,M1,harvester,8,13.112,8.0,0.0,0.0,0,0,8.0,1.0,0.0,0,0.0
50,S1,M2,forwarder,8,10.432,8.0,0.0,0.0,0,0,8.0,1.0,0.0,0,0.0
51,S1,M1,harvester,8,13.112,8.0,0.0,0.0,0,0,8.0,1.0,0.0,0,0.0
51,S1,M2,forwarder,8,10.432,8.0,0.0,0.0,0,0,8.0,1.0,0.0,0,0.0
52,S1,M1,harvester,8,13.112,8.0,0.0,0.0,0,0,8.0,1.0,0.0,0,0.0
52,S1,M2,forwarder,8,10.432,8.0,0.0,0.0,0,0,8.0,1.0,0.0,0,0.0
53,S1,M1,harvester,8,13.112,8.0,0.0,0.0,0,0,8.0,1.0,0.0,0,0.0
54,S1,M1,harvester,8,6.041072770990391,3.6858284142711355,4.3141715857288645,0.0,0,0,8.0,0.46072855178389194,4.3141715857288645,1,0.0
54,S1,M2,forwarder,8,10.432,8.0,0.0,0.0,0,0,8.0,1.0,0.0,0,0.0
55,S1,M1,harvester,8,13.112,8.0,0.0,0.0,0,0,8.0,1.0,0.0,0,0.0
55,S1,M2,forwarder,8,10.432,8.0,0.0,0.0,0,0,8.0,1.0,0.0,0,0.0
56,S1,M1,harvester,8,13.112,8.0,0.0,0.0,0,0,8.0,1.0,0.0,0,0.0
56,S1,M2,forwarder,8,10.432,8.0,0.0,0.0,0,0,8.0,1.0,0.0,0,0.0
57,S1,M1,harvester,8,9.948,8.0,0.0,0.0,0,0,8.0,1.0,0.0,0,0.0
57,S1,M2,forwarder,8,9.948,8.0,0.0,0.0,0,0,8.0,1.0,0.0,0,0.0
58,S1,M1,harvester,8,3.257776874638536,8.0,0.0,0.0,0,0,8.0,1.0,0.0,0,0.3
58,S1,M2,forwarder,8,3.257776874638536,8.0,0.0,0.0,0,0,8.0,1.0,0.0,0,0.3
59,S1,M1,harvester,8,9.948,8.0,0.0,0.0,0,0,8.0,1.0,0.0,0,0.0
60,S1,M2,forwarder,8,9.948,8.0,0.0,0.0,0,0,8.0,1.0,0.0,0,0.0
61,S1,M1,harvester,8,9.948,8.0,0.0,0.0,0,0,8.0,1.0,0.0,0,0.0
61,S1,M2,forwarder,8,6.172361906315313,4.963700769051317,3.036299230948683,0.0,0,0,8.0,0.6204625961314146,3.036299230948683,1,0.0
62,S1,M1,harvester,8,13.112,8.0,0.0,0.0,0,0,8.0,1.0,0.0,0,0.0
62,S1,M2,forwarder,8,10.432,8.0,0.0,0.0,0,0,8.0,1.0,0.0,0,0.0
63,S1,M1,harvester,8,13.112,8.0,0.0,0.0,0,0,8.0,1.0,0.0,0,0.0
64,S1,M1,harvester,8,13.112,8.0,0.0,0.0,0,0,8.0,1.0,0.0,0,0.0
64,S1,M2,forwarder,8,10.432,8.0,0.0,0.0,0,0,8.0,1.0,0.0,0,0.0
65,S1,M1,harvester,8,13.112,8.0,0.0,0.0,0,0,8.0,1.0,0.0,0,0.0
66,S1,M1,harvester,8,13.112,8.0,0.0,0.0,0,0,8.0,1.0,0.0,0,0.0
67,S1,M1,harvester,8,13.112,8.0,0.0,0.0,0,0,8.0,1.0,0.0,0,0.0
67,S1,M2,forwarder,8,10.432,8.0,0.0,0.0,0,0,8.0,1.0,0.0,0,0.0
68,S1,M1,harvester,8,13.112,8.0,0.0,0.0,0,0,8.0,1.0,0.0,0,0.0
68,S1,M2,forwarder,8,10.432,8.0,0.0,0.0,0,0,8.0,1.0,0.0,0,0.0
69,S1,M1,harvester,8,13.112,8.0,0.0,0.0,0,0,8.0,1.0,0.0,0,0.0
69,S1,M2,forwarder,8,10.432,8.0,0.0,0.0,0,0,8.0,1.0,0.0,0,0.0
70,S1,M1,harvester,8,13.112,8.0,0.0,0.0,0,0,8.0,1.0,0.0,0,0.0
70,S1,M2,forwarder,8,10.432,8.0,0.0,0.0,0,0,8.0,1.0,0.0,0,0.0
71,S1,M2,forwarder,8,7.3024,8.0,0.0,0.0,0,0,8.0,1.0,0.0,0,0.3
72,S1,M1,harvester,8,13.112,8.0,0.0,0.0,0,0,8.0,1.0,0.0,0,0.0
72,S1,M2,forwarder,8,10.432,8.0,0.0,0.0,0,0,8.0,1.0,0.0,0,0.0
73,S1,M1,harvester,8,13.112,8.0,0.0,0.0,0,0,8.0,1.0,0.0,0,0.0
73,S1,M2,forwarder,8,10.432,8.0,0.0,0.0,0,0,8.0,1.0,0.0,0,0.0
74,S1,M1,harvester,8,13.112,8.0,0.0,0.0,0,0,8.0,1.0,0.0,0,0.0
75,S1,M2,forwarder,8,2.7637835675196545,3.027808465731436,4.972191534268564,0.0,0,0,8.0,0.3784760582164295,4.972191534268564,1,0.3
77,S1,M1,harvester,8,13.112,8.0,0.0,0.0,0,0,8.0,1.0,0.0,0,0.0
77,S1,M2,forwarder,8,10.432,8.0,0.0,0.0,0,0,8.0,1.0,0.0,0,0.0
78,S1,M1,harvester,8,13.112,8.0,0.0,0.0,0,0,8.0,1.0,0.0,0,0.0
78,S1,M2,forwarder,8,10.432,8.0,0.0,0.0,0,0,8.0,1.0,0.0,0,0.0
79,S1,M1,harvester,8,13.112,8.0,0.0,0.0,0,0,8.0,1.0,0.0,0,0.0
79,S1,M2,forwarder,8,10.432,8.0,0.0,0.0,0,0,8.0,1.0,0.0,0,0.0
80,S1,M1,harvester,8,13.112,8.0,0.0,0.0,0,0,8.0,1.0,0.0,0,0.0
80,S1,M2,forwarder,8,10.432,8.0,0.0,0.0,0,0,8.0,1.0,0.0,0,0.0
81,S1,M1,harvester,8,13.112,8.0,0.0,0.0,0,0,8.0,1.0,0.0,0,0.0
81,S1,M2,forwarder,8,10.432,8.0,0.0,0.0,0,0,8.0,1.0,0.0,0,0.0
82,S1,M1,harvester,8,6.537618560438882,3.9887849667107274,4.011215033289273,0.0,0,0,8.0,0.4985981208388409,4.011215033289273,1,0.0
83,S1,M1,harvester,8,13.112,8.0,0.0,0.0,0,0,8.0,1.0,0.0,0,0.0
83,S1,M2,forwarder,8,10.432,8.0,0.0,0.0,0,0,8.0,1.0,0.0,0,0.0
84,S1,M1,harvester,8,13.112,8.0,0.0,0.0,0,0,8.0,1.0,0.0,0,0.0
84,S1,M2,forwarder,8,10.432,8.0,0.0,0.0,0,0,8.0,1.0,0.0,0,0.0
85,S1,M1,harvester,8,13.112,8.0,0.0,0.0,0,0,8.0,1.0,0.0,0,0.0
85,S1,M2,forwarder,8,10.432,8.0,0.0,0.0,0,0,8.0,1.0,0.0,0,0.0
86,S1,M1,harvester,8,13.112,8.0,0.0,0.0,0,0,8.0,1.0,0.0,0,0.0
86,S1,M2,forwarder,8,10.432,8.0,0.0,0.0,0,0,8.0,1.0,0.0,0,0.0
87,S1,M1,harvester,8,9.1784,8.0,0.0,0.0,0,0,8.0,1.0,0.0,0,0.3
87,S1,M2,forwarder,8,7.3024,8.0,0.0,0.0,0,0,8.0,1.0,0.0,0,0.3
88,S1,M1,harvester,8,13.112,8.0,0.0,0.0,0,0,8.0,1.0,0.0,0,0.0
88,S1,M2,forwarder,8,10.432,8.0,0.0,0.0,0,0,8.0,1.0,0.0,0,0.0
89,S1,M1,harvester,8,9.1784,8.0,0.0,0.0,0,0,8.0,1.0,0.0,0,0.3
89,S1,M2,forwarder,8,7.3024,8.0,0.0,0.0,0,0,8.0,1.0,0.0,0,0.3
90,S1,M1,harvester,8,13.112,8.0,0.0,0.0,0,0,8.0,1.0,0.0,0,0.0
91,S1,M1,harvester,8,13.112,8.0,0.0,0.0,0,0,8.0,1.0,0.0,0,0.0
91,S1,M2,forwarder,8,10.432,8.0,0.0,0.0,0,0,8.0,1.0,0.0,0,0.0
92,S1,M1,harvester,8,13.112,8.0,0.0,0.0,0,0,8.0,1.0,0.0,0,0.0
93,S1,M2,forwarder,8,4.307423195033157,3.303238646497819,4.696761353502181,0.0,0,0,8.0,0.4129048308122274,4.696761353502181,1,0.0
94,S1,M1,harvester,8,13.112,8.0,0.0,0.0,0,0,8.0,1.0,0.0,0,0.0
94,S1,M2,forwarder,8,10.432,8.0,0.0,0.0,0,0,8.0,1.0,0.0,0,0.0
95,S1,M1,harvester,8,13.112,8.0,0.0,0.0,0,0,8.0,1.0,0.0,0,0.0
95,S1,M2,forwarder,8,10.432,8.0,0.0,0.0,0,0,8.0,1.0,0.0,0,0.0
96,S1,M1,harvester,8,13.112,8.0,0.0,0.0,0,0,8.0,1.0,0.0,0,0.0
96,S1,M2,forwarder,8,10.432,8.0,0.0,0.0,0,0,8.0,1.0,0.0,0,0.0
97,S1,M1,harvester,8,13.112,8.0,0.0,0.0,0,0,8.0,1.0,0.0,0,0.0
97,S1,M2,forwarder,8,10.432,8.0,0.0,0.0,0,0,8.0,1.0,0.0,0,0.0
98,S1,M1,harvester,8,13.112,8.0,0.0,0.0,0,0,8.0,1.0,0.0,0,0.0
98,S1,M2,forwarder,8,10.432,8.0,0.0,0.0,0,0,8.0,1.0,0.0,0,0.0
99,S1,M1,harvester,8,13.112,8.0,0.0,0.0,0,0,8.0,1.0,0.0,0,0.0
99,S1,M2,forwarder,8,10.432,8.0,0.0,0.0,0,0,8.0,1.0,0.0,0,0.0
101,S1,M1,harvester,8,8.299,8.0,0.0,0.0,0,0,8.0,1.0,0.0,0,0.0
101,S1,M2,forwarder,8,8.299,8.0,0.0,0.0,0,0,8.0,1.0,0.0,0,0.0
102,S1,M1,harvester,8,8.299,8.0,0.0,0.0,0,0,8.0,1.0,0.0,0,0.0
103,S1,M1,harvester,8,8.299,8.0,0.0,0.0,0,0,8.0,1.0,0.0,0,0.0
103,S1,M2,forwarder,8,8.299,8.0,0.0,0.0,0,0,8.0,1.0,0.0,0,0.0
104,S1,M1,harvester,8,8.299,8.0,0.0,0.0,0,0,8.0,1.0,0.0,0,0.0
104,S1,M2,forwarder,8,8.299,8.0,0.0,0.0,0,0,8.0,1.0,0.0,0,0.0
105,S1,M1,harvester,8,8.299,8.0,0.0,0.0,0,0,8.0,1.0,0.0,0,0.0
105,S1,M2,forwarder,8,8.299,8.0,0.0,0.0,0,0,8.0,1.0,0.0,0,0.0
106,S1,M1,harvester,8,5.8092999999999995,8.0,0.0,0.0,0,0,8.0,1.0,0.0,0,0.3
106,S1,M2,forwarder,8,1.30242448252525,1.79357166271358,6.20642833728642,0.0,0,0,8.0,0.2241964578391975,6.20642833728642,1,0.3
12,S1,M2,forwarder,9,8.319,8.0,0.0,0.0,0,0,8.0,1.0,0.0,0,0.0
37,S1,M1,harvester,9,13.112,8.0,0.0,0.0,0,0,8.0,1.0,0.0,0,0.0
37,S1,M2,forwarder,9,10.432,8.0,0.0,0.0,0,0,8.0,1.0,0.0,0,0.0
38,S1,M1,harvester,9,13.112,8.0,0.0,0.0,0,0,8.0,1.0,0.0,0,0.0
38,S1,M2,forwarder,9,10.432,8.0,0.0,0.0,0,0,8.0,1.0,0.0,0,0.0
39,S1,M1,harvester,9,13.112,8.0,0.0,0.0,0,0,8.0,1.0,0.0,0,0.0
39,S1,M2,forwarder,9,10.432,8.0,0.0,0.0,0,0,8.0,1.0,0.0,0,0.0
40,S1,M1,harvester,9,13.112,8.0,0.0,0.0,0,0,8.0,1.0,0.0,0,0.0
40,S1,M2,forwarder,9,10.432,8.0,0.0,0.0,0,0,8.0,1.0,0.0,0,0.0
41,S1,M1,harvester,9,13.112,8.0,0.0,0.0,0,0,8.0,1.0,0.0,0,0.0
41,S1,M2,forwarder,9,10.432,8.0,0.0,0.0,0,0,8.0,1.0,0.0,0,0.0
42,S1,M1,harvester,9,13.112,8.0,0.0,0.0,0,0,8.0,1.0,0.0,0,0.0
42,S1,M2,forwarder,9,10.432,8.0,0.0,0.0,0,0,8.0,1.0,0.0,0,0.0
43,S1,M1,harvester,9,9.1784,8.0,0.0,0.0,0,0,8.0,1.0,0.0,0,0.3
43,S1,M2,forwarder,9,7.3024,8.0,0.0,0.0,0,0,8.0,1.0,0.0,0,0.3
44,S1,M2,forwarder,9,10.432,8.0,0.0,0.0,0,0,8.0,1.0,0.0,0,0.0
45,S1,M1,harvester,9,13.112,8.0,0.0,0.0,0,0,8.0,1.0,0.0,0,0.0
45,S1,M2,forwarder,9,10.432,8.0,0.0,0.0,0,0,8.0,1.0,0.0,0,0.0
46,S1,M1,harvester,9,9.1784,8.0,0.0,0.0,0,0,8.0,1.0,0.0,0,0.3
46,S1,M2,forwarder,9,3.5136426600069055,3.8493017747665483,4.150698225233452,0.0,0,0,8.0,0.48116272184581854,4.150698225233452,1,0.3
47,S1,M1,harvester,9,13.112,8.0,0.0,0.0,0,0,8.0,1.0,0.0,0,0.0
47,S1,M2,forwarder,9,10.432,8.0,0.0,0.0,0,0,8.0,1.0,0.0,0,0.0
48,S1,M1,harvester,9,13.112,8.0,0.0,0.0,0,0,8.0,1.0,0.0,0,0.0
48,S1,M2,forwarder,9,10.432,8.0,0.0,0.0,0,0,8.0,1.0,0.0,0,0.0
49,S1,M1,harvester,9,13.112,8.0,0.0,0.0,0,0,8.0,1.0,0.0,0,0.0
49,S1,M2,forwarder,9,10.432,8.0,0.0,0.0,0,0,8.0,1.0,0.0,0,0.0
50,S1,M1,harvester,9,13.112,8.0,0.0,0.0,0,0,8.0,1.0,0.0,0,0.0
50,S1,M2,forwarder,9,10.432,8.0,0.0,0.0,0,0,8.0,1.0,0.0,0,0.0
51,S1,M1,harvester,9,13.112,8.0,0.0,0.0,0,0,8.0,1.0,0.0,0,0.0
51,S1,M2,forwarder,9,10.432,8.0,0.0,0.0,0,0,8.0,1.0,0.0,0,0.0
52,S1,M1,harvester,9,13.112,8.0,0.0,0.0,0,0,8.0,1.0,0.0,0,0.0
52,S1,M2,forwarder,9,10.432,8.0,0.0,0.0,0,0,8.0,1.0,0.0,0,0.0
53,S1,M1,harvester,9,13.112,8.0,0.0,0.0,0,0,8.0,1.0,0.0,0,0.0
54,S1,M1,harvester,9,13.112,8.0,0.0,0.0,0,0,8.0,1.0,0.0,0,0.0
54,S1,M2,forwarder,9,10.432,8.0,0.0,0.0,0,0,8.0,1.0,0.0,0,0.0
55,S1,M1,harvester,9,13.112,8.0,0.0,0.0,0,0,8.0,1.0,0.0,0,0.0
55,S1,M2,forwarder,9,10.432,8.0,0.0,0.0,0,0,8.0,1.0,0.0,0,0.0
56,S1,M1,harvester,9,9.082526595869835,8.0,0.0,0.0,0,0,8.0,1.0,0.0,0,0.0
56,S1,M2,forwarder,9,7.226122441131339,8.0,0.0,0.0,0,0,8.0,1.0,0.0,0,0.0
57,S1,M1,harvester,9,9.948,8.0,0.0,0.0,0,0,8.0,1.0,0.0,0,0.0
57,S1,M2,forwarder,9,9.948,8.0,0.0,0.0,0,0,8.0,1.0,0.0,0,0.0
58,S1,M1,harvester,9,9.948,8.0,0.0,0.0,0,0,8.0,1.0,0.0,0,0.0
58,S1,M2,forwarder,9,9.948,8.0,0.0,0.0,0,0,8.0,1.0,0.0,0,0.0
59,S1,M1,harvester,9,9.948,8.0,0.0,0.0,0,0,8.0,1.0,0.0,0,0.0
60,S1,M2,forwarder,9,9.948,8.0,0.0,0.0,0,0,8.0,1.0,0.0,0,0.0
61,S1,M1,harvester,9,9.948,8.0,0.0,0.0,0,0,8.0,1.0,0.0,0,0.0
61,S1,M2,forwarder,9,9.948,8.0,0.0,0.0,0,0,8.0,1.0,0.0,0,0.0
62,S1,M1,harvester,9,13.112,8.0,0.0,0.0,0,0,8.0,1.0,0.0,0,0.0
62,S1,M2,forwarder,9,10.432,8.0,0.0,0.0,0,0,8.0,1.0,0.0,0,0.0
63,S1,M1,harvester,9,13.112,8.0,0.0,0.0,0,0,8.0,1.0,0.0,0,0.0
64,S1,M1,harvester,9,13.112,8.0,0.0,0.0,0,0,8.0,1.0,0.0,0,0.0
64,S1,M2,forwarder,9,10.432,8.0,0.0,0.0,0,0,8.0,1.0,0.0,0,0.0
65,S1,M1,harvester,9,13.112,8.0,0.0,0.0,0,0,8.0,1.0,0.0,0,0.0
66,S1,M1,harvester,9,13.112,8.0,0.0,0.0,0,0,8.0,1.0,0.0,0,0.0
67,S1,M1,harvester,9,13.112,8.0,0.0,0.0,0,0,8.0,1.0,0.0,0,0.0
67,S1,M2,forwarder,9,10.432,8.0,0.0,0.0,0,0,8.0,1.0,0.0,0,0.0
68,S1,M1,harvester,9,13.112,8.0,0.0,0.0,0,0,8.0,1.0,0.0,0,0.0
68,S1,M2,forwarder,9,10.432,8.0,0.0,0.0,0,0,8.0,1.0,0.0,0,0.0
69,S1,M1,harvester,9,13.112,8.0,0.0,0.0,0,0,8.0,1.0,0.0,0,0.0
69,S1,M2,forwarder,9,10.432,8.0,0.0,0.0,0,0,8.0,1.0,0.0,0,0.0
70,S1,M1,harvester,9,13.112,8.0,0.0,0.0,0,0,8.0,1.0,0.0,0,0.0
70,S1,M2,forwarder,9,10.432,8.0,0.0,0.0,0,0,8.0,1.0,0.0,0,0.0
71,S1,M2,forwarder,9,10.432,8.0,0.0,0.0,0,0,8.0,1.0,0.0,0,0.0
72,S1,M1,harvester,9,13.112,8.0,0.0,0.0,0,0,8.0,1.0,0.0,0,0.0
72,S1,M2,forwarder,9,10.432,8.0,0.0,0.0,0,0,8.0,1.0,0.0,0,0.0
73,S1,M1,harvester,9,13.112,8.0,0.0,0.0,0,0,8.0,1.0,0.0,0,0.0
73,S1,M2,forwarder,9,10.432,8.0,0.0,0.0,0,0,8.0,1.0,0.0,0,0.0
74,S1,M1,harvester,9,13.112,8.0,0.0,0.0,0,0,8.0,1.0,0.0,0,0.0
75,S1,M2,forwarder,9,10.432,8.0,0.0,0.0,0,0,8.0,1.0,0.0,0,0.0
77,S1,M1,harvester,9,13.112,8.0,0.0,0.0,0,0,8.0,1.0,0.0,0,0.0
77,S1,M2,forwarder,9,10.432,8.0,0.0,0.0,0,0,8.0,1.0,0.0,0,0.0
78,S1,M1,harvester,9,13.112,8.0,0.0,0.0,0,0,8.0,1.0,0.0,0,0.0
78,S1,M2,forwarder,9,10.432,8.0,0.0,0.0,0,0,8.0,1.0,0.0,0,0.0
79,S1,M1,harvester,9,13.112,8.0,0.0,0.0,0,0,8.0,1.0,0.0,0,0.0
79,S1,M2,forwarder,9,10.432,8.0,0.0,0.0,0,0,8.0,1.0,0.0,0,0.0
80,S1,M1,harvester,9,13.112,8.0,0.0,0.0,0,0,8.0,1.0,0.0,0,0.0
80,S1,M2,forwarder,9,10.432,8.0,0.0,0.0,0,0,8.0,1.0,0.0,0,0.0
81,S1,M1,harvester,9,9.1784,8.0,0.0,0.0,0,0,8.0,1.0,0.0,0,0.3
81,S1,M2,forwarder,9,7.3024,8.0,0.0,0.0,0,0,8.0,1.0,0.0,0,0.3
82,S1,M1,harvester,9,13.112,8.0,0.0,0.0,0,0,8.0,1.0,0.0,0,0.0
83,S1,M1,harvester,9,13.112,8.0,0.0,0.0,0,0,8.0,1.0,0.0,0,0.0
83,S1,M2,forwarder,9,10.432,8.0,0.0,0.0,0,0,8.0,1.0,0.0,0,0.0
84,S1,M1,harvester,9,10.372875923719645,8.0,0.0,0.0,0,0,8.0,1.0,0.0,0,0.0
84,S1,M2,forwarder,9,8.252733498798303,8.0,0.0,0.0,0,0,8.0,1.0,0.0,0,0.0
85,S1,M1,harvester,9,13.112,8.0,0.0,0.0,0,0,8.0,1.0,0.0,0,0.0
85,S1,M2,forwarder,9,10.432,8.0,0.0,0.0,0,0,8.0,1.0,0.0,0,0.0
86,S1,M1,harvester,9,13.112,8.0,0.0,0.0,0,0,8.0,1.0,0.0,0,0.0
86,S1,M2,forwarder,9,10.432,8.0,0.0,0.0,0,0,8.0,1.0,0.0,0,0.0
87,S1,M1,harvester,9,13.112,8.0,0.0,0.0,0,0,8.0,1.0,0.0,0,0.0
87,S1,M2,forwarder,9,10.432,8.0,0.0,0.0,0,0,8.0,1.0,0.0,0,0.0
88,S1,M1,harvester,9,13.112,8.0,0.0,0.0,0,0,8.0,1.0,0.0,0,0.0
88,S1,M2,forwarder,9,10.432,8.0,0.0,0.0,0,0,8.0,1.0,0.0,0,0.0
89,S1,M1,harvester,9,13.112,8.0,0.0,0.0,0,0,8.0,1.0,0.0,0,0.0
89,S1,M2,forwarder,9,10.432,8.0,0.0,0.0,0,0,8.0,1.0,0.0,0,0.0
90,S1,M1,harvester,9,13.112,8.0,0.0,0.0,0,0,8.0,1.0,0.0,0,0.0
91,S1,M1,harvester,9,13.112,8.0,0.0,0.0,0,0,8.0,1.0,0.0,0,0.0
91,S1,M2,forwarder,9,10.432,8.0,0.0,0.0,0,0,8.0,1.0,0.0,0,0.0
92,S1,M1,harvester,9,13.112,8.0,0.0,0.0,0,0,8.0,1.0,0.0,0,0.0
93,S1,M2,forwarder,9,10.432,8.0,0.0,0.0,0,0,8.0,1.0,0.0,0,0.0
94,S1,M1,harvester,9,13.112,8.0,0.0,0.0,0,0,8.0,1.0,0.0,0,0.0
94,S1,M2,forwarder,9,10.432,8.0,0.0,0.0,0,0,8.0,1.0,0.0,0,0.0
95,S1,M1,harvester,9,13.112,8.0,0.0,0.0,0,0,8.0,1.0,0.0,0,0.0
95,S1,M2,forwarder,9,10.432,8.0,0.0,0.0,0,0,8.0,1.0,0.0,0,0.0
96,S1,M1,harvester,9,13.112,8.0,0.0,0.0,0,0,8.0,1.0,0.0,0,0.0
96,S1,M2,forwarder,9,10.432,8.0,0.0,0.0,0,0,8.0,1.0,0.0,0,0.0
97,S1,M1,harvester,9,13.112,8.0,0.0,0.0,0,0,8.0,1.0,0.0,0,0.0
97,S1,M2,forwarder,9,10.432,8.0,0.0,0.0,0,0,8.0,1.0,0.0,0,0.0
98,S1,M1,harvester,9,13.112,8.0,0.0,0.0,0,0,8.0,1.0,0.0,0,0.0
98,S1,M2,forwarder,9,10.432,8.0,0.0,0.0,0,0,8.0,1.0,0.0,0,0.0
99,S1,M1,harvester,9,13.112,8.0,0.0,0.0,0,0,8.0,1.0,0.0,0,0.0
99,S1,M2,forwarder,9,10.432,8.0,0.0,0.0,0,0,8.0,1.0,0.0,0,0.0
101,S1,M1,harvester,9,8.299,8.0,0.0,0.0,0,0,8.0,1.0,0.0,0,0.0
101,S1,M2,forwarder,9,8.299,8.0,0.0,0.0,0,0,8.0,1.0,0.0,0,0.0
102,S1,M1,harvester,9,8.299,8.0,0.0,0.0,0,0,8.0,1.0,0.0,0,0.0
103,S1,M1,harvester,9,5.8092999999999995,8.0,0.0,0.0,0,0,8.0,1.0,0.0,0,0.3
103,S1,M2,forwarder,9,5.8092999999999995,8.0,0.0,0.0,0,0,8.0,1.0,0.0,0,0.3
104,S1,M1,harvester,9,3.430011318663581,8.0,0.0,0.0,0,0,8.0,1.0,0.0,0,0.0
104,S1,M2,forwarder,9,3.430011318663581,8.0,0.0,0.0,0,0,8.0,1.0,0.0,0,0.0
105,S1,M1,harvester,9,8.299,8.0,0.0,0.0,0,0,8.0,1.0,0.0,0,0.0
105,S1,M2,forwarder,9,8.299,8.0,0.0,0.0,0,0,8.0,1.0,0.0,0,0.0
106,S1,M1,harvester,9,8.299,8.0,0.0,0.0,0,0,8.0,1.0,0.0,0,0.0
106,S1,M2,forwarder,9,8.299,8.0,0.0,0.0,0,0,8.0,1.0,0.0,0,0.0
12,S1,M2,forwarder,10,8.319,8.0,0.0,0.0,0,0,8.0,1.0,0.0,0,0.0
37,S1,M1,harvester,10,13.112,8.0,0.0,0.0,0,0,8.0,1.0,0.0,0,0.0
37,S1,M2,forwarder,10,10.432,8.0,0.0,0.0,0,0,8.0,1.0,0.0,0,0.0
38,S1,M1,harvester,10,13.112,8.0,0.0,0.0,0,0,8.0,1.0,0.0,0,0.0
38,S1,M2,forwarder,10,10.432,8.0,0.0,0.0,0,0,8.0,1.0,0.0,0,0.0
39,S1,M1,harvester,10,13.112,8.0,0.0,0.0,0,0,8.0,1.0,0.0,0,0.0
39,S1,M2,forwarder,10,10.432,8.0,0.0,0.0,0,0,8.0,1.0,0.0,0,0.0
40,S1,M1,harvester,10,13.112,8.0,0.0,0.0,0,0,8.0,1.0,0.0,0,0.0
40,S1,M2,forwarder,10,10.432,8.0,0.0,0.0,0,0,8.0,1.0,0.0,0,0.0
41,S1,M1,harvester,10,13.112,8.0,0.0,0.0,0,0,8.0,1.0,0.0,0,0.0
41,S1,M2,forwarder,10,10.432,8.0,0.0,0.0,0,0,8.0,1.0,0.0,0,0.0
42,S1,M1,harvester,10,13.112,8.0,0.0,0.0,0,0,8.0,1.0,0.0,0,0.0
42,S1,M2,forwarder,10,10.432,8.0,0.0,0.0,0,0,8.0,1.0,0.0,0,0.0
43,S1,M1,harvester,10,13.112,8.0,0.0,0.0,0,0,8.0,1.0,0.0,0,0.0
43,S1,M2,forwarder,10,10.432,8.0,0.0,0.0,0,0,8.0,1.0,0.0,0,0.0
44,S1,M2,forwarder,10,10.432,8.0,0.0,0.0,0,0,8.0,1.0,0.0,0,0.0
45,S1,M1,harvester,10,13.112,8.0,0.0,0.0,0,0,8.0,1.0,0.0,0,0.0
45,S1,M2,forwarder,10,10.432,8.0,0.0,0.0,0,0,8.0,1.0,0.0,0,0.0
46,S1,M1,harvester,10,13.112,8.0,0.0,0.0,0,0,8.0,1.0,0.0,0,0.0
46,S1,M2,forwarder,10,10.432,8.0,0.0,0.0,0,0,8.0,1.0,0.0,0,0.0
47,S1,M1,harvester,10,13.112,8.0,0.0,0.0,0,0,8.0,1.0,0.0,0,0.0
47,S1,M2,forwarder,10,10.432,8.0,0.0,0.0,0,0,8.0,1.0,0.0,0,0.0
48,S1,M1,harvester,10,13.112,8.0,0.0,0.0,0,0,8.0,1.0,0.0,0,0.0
48,S1,M2,forwarder,10,10.432,8.0,0.0,0.0,0,0,8.0,1.0,0.0,0,0.0
49,S1,M1,harvester,10,13.112,8.0,0.0,0.0,0,0,8.0,1.0,0.0,0,0.0
49,S1,M2,forwarder,10,10.432,8.0,0.0,0.0,0,0,8.0,1.0,0.0,0,0.0
50,S1,M1,harvester,10,13.112,8.0,0.0,0.0,0,0,8.0,1.0,0.0,0,0.0
50,S1,M2,forwarder,10,10.432,8.0,0.0,0.0,0,0,8.0,1.0,0.0,0,0.0
51,S1,M1,harvester,10,13.112,8.0,0.0,0.0,0,0,8.0,1.0,0.0,0,0.0
51,S1,M2,forwarder,10,10.432,8.0,0.0,0.0,0,0,8.0,1.0,0.0,0,0.0
52,S1,M1,harvester,10,13.112,8.0,0.0,0.0,0,0,8.0,1.0,0.0,0,0.0
52,S1,M2,forwarder,10,10.432,8.0,0.0,0.0,0,0,8.0,1.0,0.0,0,0.0
53,S1,M1,harvester,10,6.683978700700464,4.078083404942321,3.921916595057679,0.0,0,0,8.0,0.5097604256177901,3.921916595057679,1,0.0
54,S1,M1,harvester,10,9.1784,8.0,0.0,0.0,0,0,8.0,1.0,0.0,0,0.3
54,S1,M2,forwarder,10,7.3024,8.0,0.0,0.0,0,0,8.0,1.0,0.0,0,0.3
55,S1,M1,harvester,10,13.112,8.0,0.0,0.0,0,0,8.0,1.0,0.0,0,0.0
55,S1,M2,forwarder,10,10.432,8.0,0.0,0.0,0,0,8.0,1.0,0.0,0,0.0
56,S1,M1,harvester,10,13.112,8.0,0.0,0.0,0,0,8.0,1.0,0.0,0,0.0
56,S1,M2,forwarder,10,10.432,8.0,0.0,0.0,0,0,8.0,1.0,0.0,0,0.0
57,S1,M1,harvester,10,9.948,8.0,0.0,0.0,0,0,8.0,1.0,0.0,0,0.0
57,S1,M2,forwarder,10,9.948,8.0,0.0,0.0,0,0,8.0,1.0,0.0,0,0.0
58,S1,M1,harvester,10,9.948,8.0,0.0,0.0,0,0,8.0,1.0,0.0,0,0.0
58,S1,M2,forwarder,10,9.948,8.0,0.0,0.0,0,0,8.0,1.0,0.0,0,0.0
59,S1,M1,harvester,10,9.948,8.0,0.0,0.0,0,0,8.0,1.0,0.0,0,0.0
60,S1,M2,forwarder,10,9.948,8.0,0.0,0.0,0,0,8.0,1.0,0.0,0,0.0
61,S1,M1,harvester,10,9.948,8.0,0.0,0.0,0,0,8.0,1.0,0.0,0,0.0
61,S1,M2,forwarder,10,9.948,8.0,0.0,0.0,0,0,8.0,1.0,0.0,0,0.0
62,S1,M1,harvester,10,13.112,8.0,0.0,0.0,0,0,8.0,1.0,0.0,0,0.0
62,S1,M2,forwarder,10,10.432,8.0,0.0,0.0,0,0,8.0,1.0,0.0,0,0.0
63,S1,M1,harvester,10,13.112,8.0,0.0,0.0,0,0,8.0,1.0,0.0,0,0.0
64,S1,M1,harvester,10,13.112,8.0,0.0,0.0,0,0,8.0,1.0,0.0,0,0.0
64,S1,M2,forwarder,10,10.432,8.0,0.0,0.0,0,0,8.0,1.0,0.0,0,0.0
65,S1,M1,harvester,10,13.112,8.0,0.0,0.0,0,0,8.0,1.0,0.0,0,0.0
66,S1,M1,harvester,10,13.112,8.0,0.0,0.0,0,0,8.0,1.0,0.0,0,0.0
67,S1,M1,harvester,10,13.112,8.0,0.0,0.0,0,0,8.0,1.0,0.0,0,0.0
67,S1,M2,forwarder,10,10.432,8.0,0.0,0.0,0,0,8.0,1.0,0.0,0,0.0
68,S1,M1,harvester,10,13.112,8.0,0.0,0.0,0,0,8.0,1.0,0.0,0,0.0
68,S1,M2,forwarder,10,10.432,8.0,0.0,0.0,0,0,8.0,1.0,0.0,0,0.0
69,S1,M1,harvester,10,13.112,8.0,0.0,0.0,0,0,8.0,1.0,0.0,0,0.0
69,S1,M2,forwarder,10,6.8663720094004015,5.2656227065953995,2.7343772934046005,0.0,0,0,8.0,0.6582028383244249,2.7343772934046005,1,0.0
70,S1,M1,harvester,10,13.112,8.0,0.0,0.0,0,0,8.0,1.0,0.0,0,0.0
70,S1,M2,forwarder,10,10.432,8.0,0.0,0.0,0,0,8.0,1.0,0.0,0,0.0
71,S1,M2,forwarder,10,10.432,8.0,0.0,0.0,0,0,8.0,1.0,0.0,0,0.0
72,S1,M1,harvester,10,13.112,8.0,0.0,0.0,0,0,8.0,1.0,0.0,0,0.0
72,S1,M2,forwarder,10,10.432,8.0,0.0,0.0,0,0,8.0,1.0,0.0,0,0.0
73,S1,M1,harvester,10,13.112,8.0,0.0,0.0,0,0,8.0,1.0,0.0,0,0.0
73,S1,M2,forwarder,10,10.432,8.0,0.0,0.0,0,0,8.0,1.0,0.0,0,0.0
74,S1,M1,harvester,10,13.112,8.0,0.0,0.0,0,0,8.0,1.0,0.0,0,0.0
75,S1,M2,forwarder,10,10.432,8.0,0.0,0.0,0,0,8.0,1.0,0.0,0,0.0
77,S1,M1,harvester,10,13.112,8.0,0.0,0.0,0,0,8.0,1.0,0.0,0,0.0
77,S1,M2,forwarder,10,10.432,8.0,0.0,0.0,0,0,8.0,1.0,0.0,0,0.0
78,S1,M1,harvester,10,5.727160009911903,8.0,0.0,0.0,0,0,8.0,1.0,0.0,0,0.0
78,S1,M2,forwarder,10,4.556569037782258,8.0,0.0,0.0,0,0,8.0,1.0,0.0,0,0.0
79,S1,M1,harvester,10,9.1784,8.0,0.0,0.0,0,0,8.0,1.0,0.0,0,0.3
79,S1,M2,forwarder,10,7.3024,8.0,0.0,0.0,0,0,8.0,1.0,0.0,0,0.3
80,S1,M1,harvester,10,13.112,8.0,0.0,0.0,0,0,8.0,1.0,0.0,0,0.0
80,S1,M2,forwarder,10,10.432,8.0,0.0,0.0,0,0,8.0,1.0,0.0,0,0.0
81,S1,M1,harvester,10,13.112,8.0,0.0,0.0,0,0,8.0,1.0,0.0,0,0.0
81,S1,M2,forwarder,10,10.432,8.0,0.0,0.0,0,0,8.0,1.0,0.0,0,0.0
82,S1,M1,harvester,10,13.112,8.0,0.0,0.0,0,0,8.0,1.0,0.0,0,0.0
83,S1,M1,harvester,10,13.112,8.0,0.0,0.0,0,0,8.0,1.0,0.0,0,0.0
83,S1,M2,forwarder,10,10.432,8.0,0.0,0.0,0,0,8.0,1.0,0.0,0,0.0
84,S1,M1,harvester,10,13.112,8.0,0.0,0.0,0,0,8.0,1.0,0.0,0,0.0
84,S1,M2,forwarder,10,10.432,8.0,0.0,0.0,0,0,8.0,1.0,0.0,0,0.0
85,S1,M1,harvester,10,13.112,8.0,0.0,0.0,0,0,8.0,1.0,0.0,0,0.0
85,S1,M2,forwarder,10,10.432,8.0,0.0,0.0,0,0,8.0,1.0,0.0,0,0.0
86,S1,M1,harvester,10,13.112,8.0,0.0,0.0,0,0,8.0,1.0,0.0,0,0.0
86,S1,M2,forwarder,10,10.432,8.0,0.0,0.0,0,0,8.0,1.0,0.0,0,0.0
87,S1,M1,harvester,10,13.112,8.0,0.0,0.0,0,0,8.0,1.0,0.0,0,0.0
87,S1,M2,forwarder,10,10.432,8.0,0.0,0.0,0,0,8.0,1.0,0.0,0,0.0
88,S1,M1,harvester,10,13.112,8.0,0.0,0.0,0,0,8.0,1.0,0.0,0,0.0
88,S1,M2,forwarder,10,10.432,8.0,0.0,0.0,0,0,8.0,1.0,0.0,0,0.0
89,S1,M1,harvester,10,13.112,8.0,0.0,0.0,0,0,8.0,1.0,0.0,0,0.0
89,S1,M2,forwarder,10,10.432,8.0,0.0,0.0,0,0,8.0,1.0,0.0,0,0.0
90,S1,M1,harvester,10,13.112,8.0,0.0,0.0,0,0,8.0,1.0,0.0,0,0.0
91,S1,M1,harvester,10,7.146068942659157,8.0,0.0,0.0,0,0,8.0,1.0,0.0,0,0.0
91,S1,M2,forwarder,10,5.685463026984467,8.0,0.0,0.0,0,0,8.0,1.0,0.0,0,0.0
92,S1,M1,harvester,10,13.112,8.0,0.0,0.0,0,0,8.0,1.0,0.0,0,0.0
93,S1,M2,forwarder,10,10.432,8.0,0.0,0.0,0,0,8.0,1.0,0.0,0,0.0
94,S1,M1,harvester,10,13.112,8.0,0.0,0.0,0,0,8.0,1.0,0.0,0,0.0
94,S1,M2,forwarder,10,10.432,8.0,0.0,0.0,0,0,8.0,1.0,0.0,0,0.0
95,S1,M1,harvester,10,10.054368692274993,6.134453137446609,1.8655468625533906,0.0,0,0,8.0,0.7668066421808262,1.8655468625533906,1,0.0
95,S1,M2,forwarder,10,10.432,8.0,0.0,0.0,0,0,8.0,1.0,0.0,0,0.0
96,S1,M1,harvester,10,13.112,8.0,0.0,0.0,0,0,8.0,1.0,0.0,0,0.0
96,S1,M2,forwarder,10,10.432,8.0,0.0,0.0,0,0,8.0,1.0,0.0,0,0.0
97,S1,M1,harvester,10,13.112,8.0,0.0,0.0,0,0,8.0,1.0,0.0,0,0.0
97,S1,M2,forwarder,10,10.432,8.0,0.0,0.0,0,0,8.0,1.0,0.0,0,0.0
98,S1,M1,harvester,10,13.112,8.0,0.0,0.0,0,0,8.0,1.0,0.0,0,0.0
98,S1,M2,forwarder,10,10.432,8.0,0.0,0.0,0,0,8.0,1.0,0.0,0,0.0
99,S1,M1,harvester,10,13.112,8.0,0.0,0.0,0,0,8.0,1.0,0.0,0,0.0
99,S1,M2,forwarder,10,10.432,8.0,0.0,0.0,0,0,8.0,1.0,0.0,0,0.0
101,S1,M1,harvester,10,8.299,8.0,0.0,0.0,0,0,8.0,1.0,0.0,0,0.0
101,S1,M2,forwarder,10,8.299,8.0,0.0,0.0,0,0,8.0,1.0,0.0,0,0.0
102,S1,M1,harvester,10,8.299,8.0,0.0,0.0,0,0,8.0,1.0,0.0,0,0.0
103,S1,M1,harvester,10,5.8092999999999995,8.0,0.0,0.0,0,0,8.0,1.0,0.0,0,0.3
103,S1,M2,forwarder,10,5.8092999999999995,8.0,0.0,0.0,0,0,8.0,1.0,0.0,0,0.3
104,S1,M1,harvester,10,5.8092999999999995,8.0,0.0,0.0,0,0,8.0,1.0,0.0,0,0.3
104,S1,M2,forwarder,10,5.8092999999999995,8.0,0.0,0.0,0,0,8.0,1.0,0.0,0,0.3
105,S1,M1,harvester,10,8.299,8.0,0.0,0.0,0,0,8.0,1.0,0.0,0,0.0
105,S1,M2,forwarder,10,8.299,8.0,0.0,0.0,0,0,8.0,1.0,0.0,0,0.0
106,S1,M1,harvester,10,8.299,8.0,0.0,0.0,0,0,8.0,1.0,0.0,0,0.0
106,S1,M2,forwarder,10,8.299,8.0,0.0,0.0,0,0,8.0,1.0,0.0,0,0.0
12,S1,M2,forwarder,11,8.319,8.0,0.0,0.0,0,0,8.0,1.0,0.0,0,0.0
37,S1,M1,harvester,11,13.112,8.0,0.0,0.0,0,0,8.0,1.0,0.0,0,0.0
37,S1,M2,forwarder,11,10.432,8.0,0.0,0.0,0,0,8.0,1.0,0.0,0,0.0
38,S1,M1,harvester,11,13.112,8.0,0.0,0.0,0,0,8.0,1.0,0.0,0,0.0
38,S1,M2,forwarder,11,10.432,8.0,0.0,0.0,0,0,8.0,1.0,0.0,0,0.0
39,S1,M1,harvester,11,13.112,8.0,0.0,0.0,0,0,8.0,1.0,0.0,0,0.0
39,S1,M2,forwarder,11,10.432,8.0,0.0,0.0,0,0,8.0,1.0,0.0,0,0.0
40,S1,M1,harvester,11,13.112,8.0,0.0,0.0,0,0,8.0,1.0,0.0,0,0.0
40,S1,M2,forwarder,11,10.432,8.0,0.0,0.0,0,0,8.0,1.0,0.0,0,0.0
41,S1,M1,harvester,11,13.112,8.0,0.0,0.0,0,0,8.0,1.0,0.0,0,0.0
41,S1,M2,forwarder,11,10.432,8.0,0.0,0.0,0,0,8.0,1.0,0.0,0,0.0
42,S1,M1,harvester,11,9.1784,8.0,0.0,0.0,0,0,8.0,1.0,0.0,0,0.3
42,S1,M2,forwarder,11,3.1791798533896998,3.482887657087752,4.517112342912248,0.0,0,0,8.0,0.435360957135969,4.517112342912248,1,0.3
43,S1,M1,harvester,11,9.1784,8.0,0.0,0.0,0,0,8.0,1.0,0.0,0,0.3
43,S1,M2,forwarder,11,7.3024,8.0,0.0,0.0,0,0,8.0,1.0,0.0,0,0.3
44,S1,M2,forwarder,11,10.432,8.0,0.0,0.0,0,0,8.0,1.0,0.0,0,0.0
45,S1,M1,harvester,11,13.112,8.0,0.0,0.0,0,0,8.0,1.0,0.0,0,0.0
45,S1,M2,forwarder,11,10.432,8.0,0.0,0.0,0,0,8.0,1.0,0.0,0,0.0
46,S1,M1,harvester,11,13.112,8.0,0.0,0.0,0,0,8.0,1.0,0.0,0,0.0
46,S1,M2,forwarder,11,10.432,8.0,0.0,0.0,0,0,8.0,1.0,0.0,0,0.0
47,S1,M1,harvester,11,13.112,8.0,0.0,0.0,0,0,8.0,1.0,0.0,0,0.0
47,S1,M2,forwarder,11,10.432,8.0,0.0,0.0,0,0,8.0,1.0,0.0,0,0.0
48,S1,M1,harvester,11,13.112,8.0,0.0,0.0,0,0,8.0,1.0,0.0,0,0.0
48,S1,M2,forwarder,11,10.432,8.0,0.0,0.0,0,0,8.0,1.0,0.0,0,0.0
49,S1,M1,harvester,11,8.027948870867139,8.0,0.0,0.0,0,0,8.0,1.0,0.0,0,0.0
49,S1,M2,forwarder,11,6.387092939359823,8.0,0.0,0.0,0,0,8.0,1.0,0.0,0,0.0
50,S1,M1,harvester,11,13.112,8.0,0.0,0.0,0,0,8.0,1.0,0.0,0,0.0
50,S1,M2,forwarder,11,10.432,8.0,0.0,0.0,0,0,8.0,1.0,0.0,0,0.0
51,S1,M1,harvester,11,13.112,8.0,0.0,0.0,0,0,8.0,1.0,0.0,0,0.0
51,S1,M2,forwarder,11,10.432,8.0,0.0,0.0,0,0,8.0,1.0,0.0,0,0.0
52,S1,M1,harvester,11,13.112,8.0,0.0,0.0,0,0,8.0,1.0,0.0,0,0.0
52,S1,M2,forwarder,11,10.432,8.0,0.0,0.0,0,0,8.0,1.0,0.0,0,0.0
53,S1,M1,harvester,11,13.112,8.0,0.0,0.0,0,0,8.0,1.0,0.0,0,0.0
54,S1,M1,harvester,11,9.1784,8.0,0.0,0.0,0,0,8.0,1.0,0.0,0,0.3
54,S1,M2,forwarder,11,7.3024,8.0,0.0,0.0,0,0,8.0,1.0,0.0,0,0.3
55,S1,M1,harvester,11,13.112,8.0,0.0,0.0,0,0,8.0,1.0,0.0,0,0.0
55,S1,M2,forwarder,11,10.432,8.0,0.0,0.0,0,0,8.0,1.0,0.0,0,0.0
56,S1,M1,harvester,11,9.1784,8.0,0.0,0.0,0,0,8.0,1.0,0.0,0,0.3
56,S1,M2,forwarder,11,7.3024,8.0,0.0,0.0,0,0,8.0,1.0,0.0,0,0.3
57,S1,M1,harvester,11,9.948,8.0,0.0,0.0,0,0,8.0,1.0,0.0,0,0.0
57,S1,M2,forwarder,11,9.948,8.0,0.0,0.0,0,0,8.0,1.0,0.0,0,0.0
58,S1,M1,harvester,11,2.1772324344243232,2.659047862676422,5.340952137323578,0.0,0,0,8.0,0.33238098283455275,5.340952137323578,1,0.0
58,S1,M2,forwarder,11,6.550412168159666,8.0,0.0,0.0,0,0,8.0,1.0,0.0,0,0.0
59,S1,M1,harvester,11,9.948,8.0,0.0,0.0,0,0,8.0,1.0,0.0,0,0.0
60,S1,M2,forwarder,11,9.948,8.0,0.0,0.0,0,0,8.0,1.0,0.0,0,0.0
61,S1,M1,harvester,11,9.948,8.0,0.0,0.0,0,0,8.0,1.0,0.0,0,0.0
61,S1,M2,forwarder,11,9.948,8.0,0.0,0.0,0,0,8.0,1.0,0.0,0,0.0
62,S1,M1,harvester,11,13.112,8.0,0.0,0.0,0,0,8.0,1.0,0.0,0,0.0
62,S1,M2,forwarder,11,10.432,8.0,0.0,0.0,0,0,8.0,1.0,0.0,0,0.0
63,S1,M1,harvester,11,13.112,8.0,0.0,0.0,0,0,8.0,1.0,0.0,0,0.0
64,S1,M1,harvester,11,13.112,8.0,0.0,0.0,0,0,8.0,1.0,0.0,0,0.0
64,S1,M2,forwarder,11,10.432,8.0,0.0,0.0,0,0,8.0,1.0,0.0,0,0.0
65,S1,M1,harvester,11,13.112,8.0,0.0,0.0,0,0,8.0,1.0,0.0,0,0.0
66,S1,M1,harvester,11,13.112,8.0,0.0,0.0,0,0,8.0,1.0,0.0,0,0.0
67,S1,M1,harvester,11,13.112,8.0,0.0,0.0,0,0,8.0,1.0,0.0,0,0.0
67,S1,M2,forwarder,11,6.581812718277145,5.047402391316829,2.9525976086831713,0.0,0,0,8.0,0.6309252989146036,2.9525976086831713,1,0.0
68,S1,M1,harvester,11,13.112,8.0,0.0,0.0,0,0,8.0,1.0,0.0,0,0.0
68,S1,M2,forwarder,11,10.432,8.0,0.0,0.0,0,0,8.0,1.0,0.0,0,0.0
69,S1,M1,harvester,11,13.112,8.0,0.0,0.0,0,0,8.0,1.0,0.0,0,0.0
69,S1,M2,forwarder,11,10.432,8.0,0.0,0.0,0,0,8.0,1.0,0.0,0,0.0
70,S1,M1,harvester,11,13.112,8.0,0.0,0.0,0,0,8.0,1.0,0.0,0,0.0
70,S1,M2,forwarder,11,10.432,8.0,0.0,0.0,0,0,8.0,1.0,0.0,0,0.0
71,S1,M2,forwarder,11,10.432,8.0,0.0,0.0,0,0,8.0,1.0,0.0,0,0.0
72,S1,M1,harvester,11,13.112,8.0,0.0,0.0,0,0,8.0,1.0,0.0,0,0.0
72,S1,M2,forwarder,11,10.432,8.0,0.0,0.0,0,0,8.0,1.0,0.0,0,0.0
73,S1,M1,harvester,11,13.112,8.0,0.0,0.0,0,0,8.0,1.0,0.0,0,0.0
73,S1,M2,forwarder,11,10.432,8.0,0.0,0.0,0,0,8.0,1.0,0.0,0,0.0
74,S1,M1,harvester,11,13.112,8.0,0.0,0.0,0,0,8.0,1.0,0.0,0,0.0
75,S1,M2,forwarder,11,10.432,8.0,0.0,0.0,0,0,8.0,1.0,0.0,0,0.0
77,S1,M1,harvester,11,13.112,8.0,0.0,0.0,0,0,8.0,1.0,0.0,0,0.0
77,S1,M2,forwarder,11,10.432,8.0,0.0,0.0,0,0,8.0,1.0,0.0,0,0.0
78,S1,M1,harvester,11,9.1784,8.0,0.0,0.0,0,0,8.0,1.0,0.0,0,0.3
78,S1,M2,forwarder,11,7.3024,8.0,0.0,0.0,0,0,8.0,1.0,0.0,0,0.3
79,S1,M1,harvester,11,13.112,8.0,0.0,0.0,0,0,8.0,1.0,0.0,0,0.0
79,S1,M2,forwarder,11,10.432,8.0,0.0,0.0,0,0,8.0,1.0,0.0,0,0.0
80,S1,M1,harvester,11,13.112,8.0,0.0,0.0,0,0,8.0,1.0,0.0,0,0.0
80,S1,M2,forwarder,11,10.432,8.0,0.0,0.0,0,0,8.0,1.0,0.0,0,0.0
81,S1,M1,harvester,11,13.112,8.0,0.0,0.0,0,0,8.0,1.0,0.0,0,0.0
81,S1,M2,forwarder,11,10.432,8.0,0.0,0.0,0,0,8.0,1.0,0.0,0,0.0
82,S1,M1,harvester,11,13.112,8.0,0.0,0.0,0,0,8.0,1.0,0.0,0,0.0
83,S1,M1,harvester,11,13.112,8.0,0.0,0.0,0,0,8.0,1.0,0.0,0,0.0
83,S1,M2,forwarder,11,10.432,8.0,0.0,0.0,0,0,8.0,1.0,0.0,0,0.0
84,S1,M1,harvester,11,9.1784,8.0,0.0,0.0,0,0,8.0,1.0,0.0,0,0.3
84,S1,M2,forwarder,11,7.3024,8.0,0.0,0.0,0,0,8.0,1.0,0.0,0,0.3
85,S1,M1,harvester,11,6.823133437008285,8.0,0.0,0.0,0,0,8.0,1.0,0.0,0,0.0
85,S1,M2,forwarder,11,5.428533253117025,8.0,0.0,0.0,0,0,8.0,1.0,0.0,0,0.0
86,S1,M1,harvester,11,13.112,8.0,0.0,0.0,0,0,8.0,1.0,0.0,0,0.0
86,S1,M2,forwarder,11,10.432,8.0,0.0,0.0,0,0,8.0,1.0,0.0,0,0.0
87,S1,M1,harvester,11,9.1784,8.0,0.0,0.0,0,0,8.0,1.0,0.0,0,0.3
87,S1,M2,forwarder,11,7.3024,8.0,0.0,0.0,0,0,8.0,1.0,0.0,0,0.3
88,S1,M1,harvester,11,9.1784,8.0,0.0,0.0,0,0,8.0,1.0,0.0,0,0.3
88,S1,M2,forwarder,11,7.3024,8.0,0.0,0.0,0,0,8.0,1.0,0.0,0,0.3
89,S1,M1,harvester,11,13.112,8.0,0.0,0.0,0,0,8.0,1.0,0.0,0,0.0
89,S1,M2,forwarder,11,10.432,8.0,0.0,0.0,0,0,8.0,1.0,0.0,0,0.0
90,S1,M1,harvester,11,9.1784,8.0,0.0,0.0,0,0,8.0,1.0,0.0,0,0.3
91,S1,M1,harvester,11,13.112,8.0,0.0,0.0,0,0,8.0,1.0,0.0,0,0.0
91,S1,M2,forwarder,11,10.432,8.0,0.0,0.0,0,0,8.0,1.0,0.0,0,0.0
92,S1,M1,harvester,11,13.112,8.0,0.0,0.0,0,0,8.0,1.0,0.0,0,0.0
93,S1,M2,forwarder,11,10.432,8.0,0.0,0.0,0,0,8.0,1.0,0.0,0,0.0
94,S1,M1,harvester,11,13.112,8.0,0.0,0.0,0,0,8.0,1.0,0.0,0,0.0
94,S1,M2,forwarder,11,10.432,8.0,0.0,0.0,0,0,8.0,1.0,0.0,0,0.0
95,S1,M1,harvester,11,13.112,8.0,0.0,0.0,0,0,8.0,1.0,0.0,0,0.0
95,S1,M2,forwarder,11,10.432,8.0,0.0,0.0,0,0,8.0,1.0,0.0,0,0.0
96,S1,M1,harvester,11,13.112,8.0,0.0,0.0,0,0,8.0,1.0,0.0,0,0.0
96,S1,M2,forwarder,11,10.432,8.0,0.0,0.0,0,0,8.0,1.0,0.0,0,0.0
97,S1,M1,harvester,11,13.112,8.0,0.0,0.0,0,0,8.0,1.0,0.0,0,0.0
97,S1,M2,forwarder,11,10.432,8.0,0.0,0.0,0,0,8.0,1.0,0.0,0,0.0
98,S1,M1,harvester,11,13.112,8.0,0.0,0.0,0,0,8.0,1.0,0.0,0,0.0
98,S1,M2,forwarder,11,10.432,8.0,0.0,0.0,0,0,8.0,1.0,0.0,0,0.0
99,S1,M1,harvester,11,13.112,8.0,0.0,0.0,0,0,8.0,1.0,0.0,0,0.0
99,S1,M2,forwarder,11,10.432,8.0,0.0,0.0,0,0,8.0,1.0,0.0,0,0.0
101,S1,M1,harvester,11,4.058403406426692,3.912185474323838,4.087814525676162,0.0,0,0,8.0,0.48902318429047975,4.087814525676162,1,0.0
101,S1,M2,forwarder,11,8.299,8.0,0.0,0.0,0,0,8.0,1.0,0.0,0,0.0
102,S1,M1,harvester,11,8.299,8.0,0.0,0.0,0,0,8.0,1.0,0.0,0,0.0
103,S1,M1,harvester,11,8.299,8.0,0.0,0.0,0,0,8.0,1.0,0.0,0,0.0
103,S1,M2,forwarder,11,8.299,8.0,0.0,0.0,0,0,8.0,1.0,0.0,0,0.0
104,S1,M1,harvester,11,8.299,8.0,0.0,0.0,0,0,8.0,1.0,0.0,0,0.0
104,S1,M2,forwarder,11,8.299,8.0,0.0,0.0,0,0,8.0,1.0,0.0,0,0.0
105,S1,M1,harvester,11,5.271626447141344,8.0,0.0,0.0,0,0,8.0,1.0,0.0,0,0.0
105,S1,M2,forwarder,11,5.271626447141344,8.0,0.0,0.0,0,0,8.0,1.0,0.0,0,0.0
106,S1,M1,harvester,11,8.299,8.0,0.0,0.0,0,0,8.0,1.0,0.0,0,0.0
106,S1,M2,forwarder,11,8.299,8.0,0.0,0.0,0,0,8.0,1.0,0.0,0,0.0
12,S1,M2,forwarder,12,8.319,8.0,0.0,0.0,0,0,8.0,1.0,0.0,0,0.0
37,S1,M1,harvester,12,13.112,8.0,0.0,0.0,0,0,8.0,1.0,0.0,0,0.0
37,S1,M2,forwarder,12,10.432,8.0,0.0,0.0,0,0,8.0,1.0,0.0,0,0.0
38,S1,M1,harvester,12,13.112,8.0,0.0,0.0,0,0,8.0,1.0,0.0,0,0.0
38,S1,M2,forwarder,12,10.432,8.0,0.0,0.0,0,0,8.0,1.0,0.0,0,0.0
39,S1,M1,harvester,12,13.112,8.0,0.0,0.0,0,0,8.0,1.0,0.0,0,0.0
39,S1,M2,forwarder,12,10.432,8.0,0.0,0.0,0,0,8.0,1.0,0.0,0,0.0
40,S1,M1,harvester,12,13.112,8.0,0.0,0.0,0,0,8.0,1.0,0.0,0,0.0
40,S1,M2,forwarder,12,10.432,8.0,0.0,0.0,0,0,8.0,1.0,0.0,0,0.0
41,S1,M1,harvester,12,13.112,8.0,0.0,0.0,0,0,8.0,1.0,0.0,0,0.0
41,S1,M2,forwarder,12,10.432,8.0,0.0,0.0,0,0,8.0,1.0,0.0,0,0.0
42,S1,M1,harvester,12,13.112,8.0,0.0,0.0,0,0,8.0,1.0,0.0,0,0.0
42,S1,M2,forwarder,12,10.432,8.0,0.0,0.0,0,0,8.0,1.0,0.0,0,0.0
43,S1,M1,harvester,12,13.112,8.0,0.0,0.0,0,0,8.0,1.0,0.0,0,0.0
43,S1,M2,forwarder,12,10.432,8.0,0.0,0.0,0,0,8.0,1.0,0.0,0,0.0
44,S1,M2,forwarder,12,10.432,8.0,0.0,0.0,0,0,8.0,1.0,0.0,0,0.0
45,S1,M1,harvester,12,13.112,8.0,0.0,0.0,0,0,8.0,1.0,0.0,0,0.0
45,S1,M2,forwarder,12,10.432,8.0,0.0,0.0,0,0,8.0,1.0,0.0,0,0.0
46,S1,M1,harvester,12,13.112,8.0,0.0,0.0,0,0,8.0,1.0,0.0,0,0.0
46,S1,M2,forwarder,12,10.432,8.0,0.0,0.0,0,0,8.0,1.0,0.0,0,0.0
47,S1,M1,harvester,12,9.1784,8.0,0.0,0.0,0,0,8.0,1.0,0.0,0,0.3
47,S1,M2,forwarder,12,7.3024,8.0,0.0,0.0,0,0,8.0,1.0,0.0,0,0.3
48,S1,M1,harvester,12,13.112,8.0,0.0,0.0,0,0,8.0,1.0,0.0,0,0.0
48,S1,M2,forwarder,12,10.432,8.0,0.0,0.0,0,0,8.0,1.0,0.0,0,0.0
49,S1,M1,harvester,12,9.1784,8.0,0.0,0.0,0,0,8.0,1.0,0.0,0,0.3
49,S1,M2,forwarder,12,7.3024,8.0,0.0,0.0,0,0,8.0,1.0,0.0,0,0.3
50,S1,M1,harvester,12,13.112,8.0,0.0,0.0,0,0,8.0,1.0,0.0,0,0.0
50,S1,M2,forwarder,12,10.432,8.0,0.0,0.0,0,0,8.0,1.0,0.0,0,0.0
51,S1,M1,harvester,12,9.1784,8.0,0.0,0.0,0,0,8.0,1.0,0.0,0,0.3
51,S1,M2,forwarder,12,7.3024,8.0,0.0,0.0,0,0,8.0,1.0,0.0,0,0.3
52,S1,M1,harvester,12,13.112,8.0,0.0,0.0,0,0,8.0,1.0,0.0,0,0.0
52,S1,M2,forwarder,12,10.432,8.0,0.0,0.0,0,0,8.0,1.0,0.0,0,0.0
53,S1,M1,harvester,12,13.112,8.0,0.0,0.0,0,0,8.0,1.0,0.0,0,0.0
54,S1,M1,harvester,12,13.112,8.0,0.0,0.0,0,0,8.0,1.0,0.0,0,0.0
54,S1,M2,forwarder,12,10.432,8.0,0.0,0.0,0,0,8.0,1.0,0.0,0,0.0
55,S1,M1,harvester,12,13.112,8.0,0.0,0.0,0,0,8.0,1.0,0.0,0,0.0
55,S1,M2,forwarder,12,10.432,8.0,0.0,0.0,0,0,8.0,1.0,0.0,0,0.0
56,S1,M1,harvester,12,9.1784,8.0,0.0,0.0,0,0,8.0,1.0,0.0,0,0.3
56,S1,M2,forwarder,12,7.3024,8.0,0.0,0.0,0,0,8.0,1.0,0.0,0,0.3
57,S1,M1,harvester,12,6.9636,8.0,0.0,0.0,0,0,8.0,1.0,0.0,0,0.3
57,S1,M2,forwarder,12,6.9636,8.0,0.0,0.0,0,0,8.0,1.0,0.0,0,0.3
58,S1,M1,harvester,12,9.948,8.0,0.0,0.0,0,0,8.0,1.0,0.0,0,0.0
58,S1,M2,forwarder,12,9.948,8.0,0.0,0.0,0,0,8.0,1.0,0.0,0,0.0
59,S1,M1,harvester,12,9.948,8.0,0.0,0.0,0,0,8.0,1.0,0.0,0,0.0
60,S1,M2,forwarder,12,5.704868604451504,4.587751189747892,3.412248810252108,0.0,0,0,8.0,0.5734688987184865,3.412248810252108,1,0.0
61,S1,M1,harvester,12,9.948,8.0,0.0,0.0,0,0,8.0,1.0,0.0,0,0.0
61,S1,M2,forwarder,12,4.231982942205159,3.4032834275875823,4.596716572412418,0.0,0,0,8.0,0.4254104284484478,4.596716572412418,1,0.0
62,S1,M1,harvester,12,13.112,8.0,0.0,0.0,0,0,8.0,1.0,0.0,0,0.0
62,S1,M2,forwarder,12,10.432,8.0,0.0,0.0,0,0,8.0,1.0,0.0,0,0.0
63,S1,M1,harvester,12,9.1784,8.0,0.0,0.0,0,0,8.0,1.0,0.0,0,0.3
64,S1,M1,harvester,12,7.912118280259982,8.0,0.0,0.0,0,0,8.0,1.0,0.0,0,0.0
64,S1,M2,forwarder,12,6.294937301683354,8.0,0.0,0.0,0,0,8.0,1.0,0.0,0,0.0
65,S1,M1,harvester,12,13.112,8.0,0.0,0.0,0,0,8.0,1.0,0.0,0,0.0
66,S1,M1,harvester,12,13.112,8.0,0.0,0.0,0,0,8.0,1.0,0.0,0,0.0
67,S1,M1,harvester,12,13.112,8.0,0.0,0.0,0,0,8.0,1.0,0.0,0,0.0
67,S1,M2,forwarder,12,10.432,8.0,0.0,0.0,0,0,8.0,1.0,0.0,0,0.0
68,S1,M1,harvester,12,13.112,8.0,0.0,0.0,0,0,8.0,1.0,0.0,0,0.0
68,S1,M2,forwarder,12,10.432,8.0,0.0,0.0,0,0,8.0,1.0,0.0,0,0.0
69,S1,M1,harvester,12,13.112,8.0,0.0,0.0,0,0,8.0,1.0,0.0,0,0.0
69,S1,M2,forwarder,12,10.432,8.0,0.0,0.0,0,0,8.0,1.0,0.0,0,0.0
70,S1,M1,harvester,12,13.112,8.0,0.0,0.0,0,0,8.0,1.0,0.0,0,0.0
70,S1,M2,forwarder,12,10.432,8.0,0.0,0.0,0,0,8.0,1.0,0.0,0,0.0
71,S1,M2,forwarder,12,10.432,8.0,0.0,0.0,0,0,8.0,1.0,0.0,0,0.0
72,S1,M1,harvester,12,13.112,8.0,0.0,0.0,0,0,8.0,1.0,0.0,0,0.0
72,S1,M2,forwarder,12,10.432,8.0,0.0,0.0,0,0,8.0,1.0,0.0,0,0.0
73,S1,M1,harvester,12,3.9298327805274837,2.3977015134395874,5.602298486560413,0.0,0,0,8.0,0.2997126891799484,5.602298486560413,1,0.0
73,S1,M2,forwarder,12,10.432,8.0,0.0,0.0,0,0,8.0,1.0,0.0,0,0.0
74,S1,M1,harvester,12,13.112,8.0,0.0,0.0,0,0,8.0,1.0,0.0,0,0.0
75,S1,M2,forwarder,12,10.432,8.0,0.0,0.0,0,0,8.0,1.0,0.0,0,0.0
77,S1,M1,harvester,12,13.112,8.0,0.0,0.0,0,0,8.0,1.0,0.0,0,0.0
77,S1,M2,forwarder,12,10.432,8.0,0.0,0.0,0,0,8.0,1.0,0.0,0,0.0
78,S1,M1,harvester,12,13.112,8.0,0.0,0.0,0,0,8.0,1.0,0.0,0,0.0
78,S1,M2,forwarder,12,10.432,8.0,0.0,0.0,0,0,8.0,1.0,0.0,0,0.0
79,S1,M1,harvester,12,13.112,8.0,0.0,0.0,0,0,8.0,1.0,0.0,0,0.0
79,S1,M2,forwarder,12,10.432,8.0,0.0,0.0,0,0,8.0,1.0,0.0,0,0.0
80,S1,M1,harvester,12,13.112,8.0,0.0,0.0,0,0,8.0,1.0,0.0,0,0.0
80,S1,M2,forwarder,12,10.432,8.0,0.0,0.0,0,0,8.0,1.0,0.0,0,0.0
81,S1,M1,harvester,12,13.112,8.0,0.0,0.0,0,0,8.0,1.0,0.0,0,0.0
81,S1,M2,forwarder,12,10.432,8.0,0.0,0.0,0,0,8.0,1.0,0.0,0,0.0
82,S1,M1,harvester,12,13.112,8.0,0.0,0.0,0,0,8.0,1.0,0.0,0,0.0
83,S1,M1,harvester,12,13.112,8.0,0.0,0.0,0,0,8.0,1.0,0.0,0,0.0
83,S1,M2,forwarder,12,10.432,8.0,0.0,0.0,0,0,8.0,1.0,0.0,0,0.0
84,S1,M1,harvester,12,13.112,8.0,0.0,0.0,0,0,8.0,1.0,0.0,0,0.0
84,S1,M2,forwarder,12,10.432,8.0,0.0,0.0,0,0,8.0,1.0,0.0,0,0.0
85,S1,M1,harvester,12,13.112,8.0,0.0,0.0,0,0,8.0,1.0,0.0,0,0.0
85,S1,M2,forwarder,12,10.432,8.0,0.0,0.0,0,0,8.0,1.0,0.0,0,0.0
86,S1,M1,harvester,12,13.112,8.0,0.0,0.0,0,0,8.0,1.0,0.0,0,0.0
86,S1,M2,forwarder,12,10.432,8.0,0.0,0.0,0,0,8.0,1.0,0.0,0,0.0
87,S1,M1,harvester,12,13.112,8.0,0.0,0.0,0,0,8.0,1.0,0.0,0,0.0
87,S1,M2,forwarder,12,10.432,8.0,0.0,0.0,0,0,8.0,1.0,0.0,0,0.0
88,S1,M1,harvester,12,6.870035260545836,8.0,0.0,0.0,0,0,8.0,1.0,0.0,0,0.3
88,S1,M2,forwarder,12,5.465848675870512,8.0,0.0,0.0,0,0,8.0,1.0,0.0,0,0.3
89,S1,M1,harvester,12,13.112,8.0,0.0,0.0,0,0,8.0,1.0,0.0,0,0.0
89,S1,M2,forwarder,12,10.432,8.0,0.0,0.0,0,0,8.0,1.0,0.0,0,0.0
90,S1,M1,harvester,12,13.112,8.0,0.0,0.0,0,0,8.0,1.0,0.0,0,0.0
91,S1,M1,harvester,12,13.112,8.0,0.0,0.0,0,0,8.0,1.0,0.0,0,0.0
91,S1,M2,forwarder,12,10.432,8.0,0.0,0.0,0,0,8.0,1.0,0.0,0,0.0
92,S1,M1,harvester,12,13.112,8.0,0.0,0.0,0,0,8.0,1.0,0.0,0,0.0
93,S1,M2,forwarder,12,10.432,8.0,0.0,0.0,0,0,8.0,1.0,0.0,0,0.0
94,S1,M1,harvester,12,9.1784,8.0,0.0,0.0,0,0,8.0,1.0,0.0,0,0.3
94,S1,M2,forwarder,12,7.3024,8.0,0.0,0.0,0,0,8.0,1.0,0.0,0,0.3
95,S1,M1,harvester,12,9.1784,8.0,0.0,0.0,0,0,8.0,1.0,0.0,0,0.3
95,S1,M2,forwarder,12,7.3024,8.0,0.0,0.0,0,0,8.0,1.0,0.0,0,0.3
96,S1,M1,harvester,12,13.112,8.0,0.0,0.0,0,0,8.0,1.0,0.0,0,0.0
96,S1,M2,forwarder,12,10.432,8.0,0.0,0.0,0,0,8.0,1.0,0.0,0,0.0
97,S1,M1,harvester,12,13.112,8.0,0.0,0.0,0,0,8.0,1.0,0.0,0,0.0
97,S1,M2,forwarder,12,10.432,8.0,0.0,0.0,0,0,8.0,1.0,0.0,0,0.0
98,S1,M1,harvester,12,13.112,8.0,0.0,0.0,0,0,8.0,1.0,0.0,0,0.0
98,S1,M2,forwarder,12,10.432,8.0,0.0,0.0,0,0,8.0,1.0,0.0,0,0.0
99,S1,M1,harvester,12,13.112,8.0,0.0,0.0,0,0,8.0,1.0,0.0,0,0.0
99,S1,M2,forwarder,12,10.432,8.0,0.0,0.0,0,0,8.0,1.0,0.0,0,0.0
101,S1,M1,harvester,12,8.299,8.0,0.0,0.0,0,0,8.0,1.0,0.0,0,0.0
101,S1,M2,forwarder,12,8.299,8.0,0.0,0.0,0,0,8.0,1.0,0.0,0,0.0
102,S1,M1,harvester,12,5.8092999999999995,8.0,0.0,0.0,0,0,8.0,1.0,0.0,0,0.3
103,S1,M1,harvester,12,8.299,8.0,0.0,0.0,0,0,8.0,1.0,0.0,0,0.0
103,S1,M2,forwarder,12,8.299,8.0,0.0,0.0,0,0,8.0,1.0,0.0,0,0.0
104,S1,M1,harvester,12,8.299,8.0,0.0,0.0,0,0,8.0,1.0,0.0,0,0.0
104,S1,M2,forwarder,12,8.299,8.0,0.0,0.0,0,0,8.0,1.0,0.0,0,0.0
105,S1,M1,harvester,12,8.299,8.0,0.0,0.0,0,0,8.0,1.0,0.0,0,0.0
105,S1,M2,forwarder,12,8.299,8.0,0.0,0.0,0,0,8.0,1.0,0.0,0,0.0
106,S1,M1,harvester,12,8.299,8.0,0.0,0.0,0,0,8.0,1.0,0.0,0,0.0
106,S1,M2,forwarder,12,8.299,8.0,0.0,0.0,0,0,8.0,1.0,0.0,0,0.0
12,S1,M2,forwarder,13,8.319,8.0,0.0,0.0,0,0,8.0,1.0,0.0,0,0.0
37,S1,M1,harvester,13,13.112,8.0,0.0,0.0,0,0,8.0,1.0,0.0,0,0.0
37,S1,M2,forwarder,13,10.432,8.0,0.0,0.0,0,0,8.0,1.0,0.0,0,0.0
38,S1,M1,harvester,13,13.112,8.0,0.0,0.0,0,0,8.0,1.0,0.0,0,0.0
38,S1,M2,forwarder,13,10.432,8.0,0.0,0.0,0,0,8.0,1.0,0.0,0,0.0
39,S1,M1,harvester,13,9.1784,8.0,0.0,0.0,0,0,8.0,1.0,0.0,0,0.3
39,S1,M2,forwarder,13,7.3024,8.0,0.0,0.0,0,0,8.0,1.0,0.0,0,0.3
40,S1,M1,harvester,13,9.1784,8.0,0.0,0.0,0,0,8.0,1.0,0.0,0,0.3
40,S1,M2,forwarder,13,7.3024,8.0,0.0,0.0,0,0,8.0,1.0,0.0,0,0.3
41,S1,M1,harvester,13,9.1784,8.0,0.0,0.0,0,0,8.0,1.0,0.0,0,0.3
41,S1,M2,forwarder,13,7.3024,8.0,0.0,0.0,0,0,8.0,1.0,0.0,0,0.3
42,S1,M1,harvester,13,13.112,8.0,0.0,0.0,0,0,8.0,1.0,0.0,0,0.0
42,S1,M2,forwarder,13,10.432,8.0,0.0,0.0,0,0,8.0,1.0,0.0,0,0.0
43,S1,M1,harvester,13,13.112,8.0,0.0,0.0,0,0,8.0,1.0,0.0,0,0.0
43,S1,M2,forwarder,13,10.432,8.0,0.0,0.0,0,0,8.0,1.0,0.0,0,0.0
44,S1,M2,forwarder,13,10.432,8.0,0.0,0.0,0,0,8.0,1.0,0.0,0,0.0
45,S1,M1,harvester,13,13.112,8.0,0.0,0.0,0,0,8.0,1.0,0.0,0,0.0
45,S1,M2,forwarder,13,10.432,8.0,0.0,0.0,0,0,8.0,1.0,0.0,0,0.0
46,S1,M1,harvester,13,13.112,8.0,0.0,0.0,0,0,8.0,1.0,0.0,0,0.0
46,S1,M2,forwarder,13,10.432,8.0,0.0,0.0,0,0,8.0,1.0,0.0,0,0.0
47,S1,M1,harvester,13,13.112,8.0,0.0,0.0,0,0,8.0,1.0,0.0,0,0.0
47,S1,M2,forwarder,13,10.432,8.0,0.0,0.0,0,0,8.0,1.0,0.0,0,0.0
48,S1,M1,harvester,13,13.112,8.0,0.0,0.0,0,0,8.0,1.0,0.0,0,0.0
48,S1,M2,forwarder,13,10.432,8.0,0.0,0.0,0,0,8.0,1.0,0.0,0,0.0
49,S1,M1,harvester,13,13.112,8.0,0.0,0.0,0,0,8.0,1.0,0.0,0,0.0
49,S1,M2,forwarder,13,10.432,8.0,0.0,0.0,0,0,8.0,1.0,0.0,0,0.0
50,S1,M1,harvester,13,13.112,8.0,0.0,0.0,0,0,8.0,1.0,0.0,0,0.0
50,S1,M2,forwarder,13,10.432,8.0,0.0,0.0,0,0,8.0,1.0,0.0,0,0.0
51,S1,M1,harvester,13,9.1784,8.0,0.0,0.0,0,0,8.0,1.0,0.0,0,0.3
51,S1,M2,forwarder,13,7.3024,8.0,0.0,0.0,0,0,8.0,1.0,0.0,0,0.3
52,S1,M1,harvester,13,13.112,8.0,0.0,0.0,0,0,8.0,1.0,0.0,0,0.0
52,S1,M2,forwarder,13,10.432,8.0,0.0,0.0,0,0,8.0,1.0,0.0,0,0.0
53,S1,M1,harvester,13,13.112,8.0,0.0,0.0,0,0,8.0,1.0,0.0,0,0.0
54,S1,M1,harvester,13,13.112,8.0,0.0,0.0,0,0,8.0,1.0,0.0,0,0.0
54,S1,M2,forwarder,13,10.432,8.0,0.0,0.0,0,0,8.0,1.0,0.0,0,0.0
55,S1,M1,harvester,13,13.112,8.0,0.0,0.0,0,0,8.0,1.0,0.0,0,0.0
55,S1,M2,forwarder,13,10.432,8.0,0.0,0.0,0,0,8.0,1.0,0.0,0,0.0
56,S1,M1,harvester,13,13.112,8.0,0.0,0.0,0,0,8.0,1.0,0.0,0,0.0
56,S1,M2,forwarder,13,10.432,8.0,0.0,0.0,0,0,8.0,1.0,0.0,0,0.0
57,S1,M1,harvester,13,9.948,8.0,0.0,0.0,0,0,8.0,1.0,0.0,0,0.0
57,S1,M2,forwarder,13,9.948,8.0,0.0,0.0,0,0,8.0,1.0,0.0,0,0.0
58,S1,M1,harvester,13,9.948,8.0,0.0,0.0,0,0,8.0,1.0,0.0,0,0.0
58,S1,M2,forwarder,13,9.948,8.0,0.0,0.0,0,0,8.0,1.0,0.0,0,0.0
59,S1,M1,harvester,13,6.9636,8.0,0.0,0.0,0,0,8.0,1.0,0.0,0,0.3
60,S1,M2,forwarder,13,9.948,8.0,0.0,0.0,0,0,8.0,1.0,0.0,0,0.0
61,S1,M1,harvester,13,9.948,8.0,0.0,0.0,0,0,8.0,1.0,0.0,0,0.0
61,S1,M2,forwarder,13,9.948,8.0,0.0,0.0,0,0,8.0,1.0,0.0,0,0.0
62,S1,M1,harvester,13,13.112,8.0,0.0,0.0,0,0,8.0,1.0,0.0,0,0.0
62,S1,M2,forwarder,13,10.432,8.0,0.0,0.0,0,0,8.0,1.0,0.0,0,0.0
63,S1,M1,harvester,13,13.112,8.0,0.0,0.0,0,0,8.0,1.0,0.0,0,0.0
64,S1,M1,harvester,13,13.112,8.0,0.0,0.0,0,0,8.0,1.0,0.0,0,0.0
64,S1,M2,forwarder,13,10.432,8.0,0.0,0.0,0,0,8.0,1.0,0.0,0,0.0
65,S1,M1,harvester,13,13.112,8.0,0.0,0.0,0,0,8.0,1.0,0.0,0,0.0
66,S1,M1,harvester,13,9.1784,8.0,0.0,0.0,0,0,8.0,1.0,0.0,0,0.3
67,S1,M1,harvester,13,13.112,8.0,0.0,0.0,0,0,8.0,1.0,0.0,0,0.0
67,S1,M2,forwarder,13,10.432,8.0,0.0,0.0,0,0,8.0,1.0,0.0,0,0.0
68,S1,M1,harvester,13,13.112,8.0,0.0,0.0,0,0,8.0,1.0,0.0,0,0.0
68,S1,M2,forwarder,13,10.432,8.0,0.0,0.0,0,0,8.0,1.0,0.0,0,0.0
69,S1,M1,harvester,13,13.112,8.0,0.0,0.0,0,0,8.0,1.0,0.0,0,0.0
69,S1,M2,forwarder,13,10.432,8.0,0.0,0.0,0,0,8.0,1.0,0.0,0,0.0
70,S1,M1,harvester,13,13.112,8.0,0.0,0.0,0,0,8.0,1.0,0.0,0,0.0
70,S1,M2,forwarder,13,10.432,8.0,0.0,0.0,0,0,8.0,1.0,0.0,0,0.0
71,S1,M2,forwarder,13,10.432,8.0,0.0,0.0,0,0,8.0,1.0,0.0,0,0.0
72,S1,M1,harvester,13,13.112,8.0,0.0,0.0,0,0,8.0,1.0,0.0,0,0.0
72,S1,M2,forwarder,13,10.432,8.0,0.0,0.0,0,0,8.0,1.0,0.0,0,0.0
73,S1,M1,harvester,13,13.112,8.0,0.0,0.0,0,0,8.0,1.0,0.0,0,0.0
73,S1,M2,forwarder,13,10.432,8.0,0.0,0.0,0,0,8.0,1.0,0.0,0,0.0
74,S1,M1,harvester,13,13.112,8.0,0.0,0.0,0,0,8.0,1.0,0.0,0,0.0
75,S1,M2,forwarder,13,7.3024,8.0,0.0,0.0,0,0,8.0,1.0,0.0,0,0.3
77,S1,M1,harvester,13,13.112,8.0,0.0,0.0,0,0,8.0,1.0,0.0,0,0.0
77,S1,M2,forwarder,13,10.432,8.0,0.0,0.0,0,0,8.0,1.0,0.0,0,0.0
78,S1,M1,harvester,13,9.1784,8.0,0.0,0.0,0,0,8.0,1.0,0.0,0,0.3
78,S1,M2,forwarder,13,7.3024,8.0,0.0,0.0,0,0,8.0,1.0,0.0,0,0.3
79,S1,M1,harvester,13,13.112,8.0,0.0,0.0,0,0,8.0,1.0,0.0,0,0.0
79,S1,M2,forwarder,13,10.432,8.0,0.0,0.0,0,0,8.0,1.0,0.0,0,0.0
80,S1,M1,harvester,13,13.112,8.0,0.0,0.0,0,0,8.0,1.0,0.0,0,0.0
80,S1,M2,forwarder,13,10.432,8.0,0.0,0.0,0,0,8.0,1.0,0.0,0,0.0
81,S1,M1,harvester,13,13.112,8.0,0.0,0.0,0,0,8.0,1.0,0.0,0,0.0
81,S1,M2,forwarder,13,3.6593455922693487,2.8062466198384577,5.193753380161542,0.0,0,0,8.0,0.3507808274798072,5.193753380161542,1,0.0
82,S1,M1,harvester,13,13.112,8.0,0.0,0.0,0,0,8.0,1.0,0.0,0,0.0
83,S1,M1,harvester,13,13.112,8.0,0.0,0.0,0,0,8.0,1.0,0.0,0,0.0
83,S1,M2,forwarder,13,10.432,8.0,0.0,0.0,0,0,8.0,1.0,0.0,0,0.0
84,S1,M1,harvester,13,13.112,8.0,0.0,0.0,0,0,8.0,1.0,0.0,0,0.0
84,S1,M2,forwarder,13,10.432,8.0,0.0,0.0,0,0,8.0,1.0,0.0,0,0.0
85,S1,M1,harvester,13,4.1917257145240985,8.0,0.0,0.0,0,0,8.0,1.0,0.0,0,0.3
85,S1,M2,forwarder,13,3.3349666453565736,8.0,0.0,0.0,0,0,8.0,1.0,0.0,0,0.3
86,S1,M1,harvester,13,13.112,8.0,0.0,0.0,0,0,8.0,1.0,0.0,0,0.0
86,S1,M2,forwarder,13,10.432,8.0,0.0,0.0,0,0,8.0,1.0,0.0,0,0.0
87,S1,M1,harvester,13,9.1784,8.0,0.0,0.0,0,0,8.0,1.0,0.0,0,0.3
87,S1,M2,forwarder,13,7.3024,8.0,0.0,0.0,0,0,8.0,1.0,0.0,0,0.3
88,S1,M1,harvester,13,13.112,8.0,0.0,0.0,0,0,8.0,1.0,0.0,0,0.0
88,S1,M2,forwarder,13,10.432,8.0,0.0,0.0,0,0,8.0,1.0,0.0,0,0.0
89,S1,M1,harvester,13,9.1784,8.0,0.0,0.0,0,0,8.0,1.0,0.0,0,0.3
89,S1,M2,forwarder,13,7.3024,8.0,0.0,0.0,0,0,8.0,1.0,0.0,0,0.3
90,S1,M1,harvester,13,13.112,8.0,0.0,0.0,0,0,8.0,1.0,0.0,0,0.0
91,S1,M1,harvester,13,13.112,8.0,0.0,0.0,0,0,8.0,1.0,0.0,0,0.0
91,S1,M2,forwarder,13,10.432,8.0,0.0,0.0,0,0,8.0,1.0,0.0,0,0.0
92,S1,M1,harvester,13,13.112,8.0,0.0,0.0,0,0,8.0,1.0,0.0,0,0.0
93,S1,M2,forwarder,13,10.432,8.0,0.0,0.0,0,0,8.0,1.0,0.0,0,0.0
94,S1,M1,harvester,13,13.112,8.0,0.0,0.0,0,0,8.0,1.0,0.0,0,0.0
94,S1,M2,forwarder,13,10.432,8.0,0.0,0.0,0,0,8.0,1.0,0.0,0,0.0
95,S1,M1,harvester,13,13.112,8.0,0.0,0.0,0,0,8.0,1.0,0.0,0,0.0
95,S1,M2,forwarder,13,4.477418301432851,3.4336029918963584,4.566397008103642,0.0,0,0,8.0,0.4292003739870448,4.566397008103642,1,0.0
96,S1,M1,harvester,13,13.112,8.0,0.0,0.0,0,0,8.0,1.0,0.0,0,0.0
96,S1,M2,forwarder,13,10.432,8.0,0.0,0.0,0,0,8.0,1.0,0.0,0,0.0
97,S1,M1,harvester,13,9.1784,8.0,0.0,0.0,0,0,8.0,1.0,0.0,0,0.3
97,S1,M2,forwarder,13,7.3024,8.0,0.0,0.0,0,0,8.0,1.0,0.0,0,0.3
98,S1,M1,harvester,13,13.112,8.0,0.0,0.0,0,0,8.0,1.0,0.0,0,0.0
98,S1,M2,forwarder,13,10.432,8.0,0.0,0.0,0,0,8.0,1.0,0.0,0,0.0
99,S1,M1,harvester,13,13.112,8.0,0.0,0.0,0,0,8.0,1.0,0.0,0,0.0
99,S1,M2,forwarder,13,10.432,8.0,0.0,0.0,0,0,8.0,1.0,0.0,0,0.0
101,S1,M1,harvester,13,8.299,8.0,0.0,0.0,0,0,8.0,1.0,0.0,0,0.0
101,S1,M2,forwarder,13,8.299,8.0,0.0,0.0,0,0,8.0,1.0,0.0,0,0.0
102,S1,M1,harvester,13,8.299,8.0,0.0,0.0,0,0,8.0,1.0,0.0,0,0.0
103,S1,M1,harvester,13,8.299,8.0,0.0,0.0,0,0,8.0,1.0,0.0,0,0.0
103,S1,M2,forwarder,13,8.299,8.0,0.0,0.0,0,0,8.0,1.0,0.0,0,0.0
104,S1,M1,harvester,13,8.299,8.0,0.0,0.0,0,0,8.0,1.0,0.0,0,0.0
104,S1,M2,forwarder,13,8.299,8.0,0.0,0.0,0,0,8.0,1.0,0.0,0,0.0
105,S1,M1,harvester,13,8.299,8.0,0.0,0.0,0,0,8.0,1.0,0.0,0,0.0
105,S1,M2,forwarder,13,8.299,8.0,0.0,0.0,0,0,8.0,1.0,0.0,0,0.0
106,S1,M1,harvester,13,8.299,8.0,0.0,0.0,0,0,8.0,1.0,0.0,0,0.0
106,S1,M2,forwarder,13,8.299,8.0,0.0,0.0,0,0,8.0,1.0,0.0,0,0.0
12,S1,M2,forwarder,14,8.319,8.0,0.0,0.0,0,0,8.0,1.0,0.0,0,0.0
37,S1,M1,harvester,14,13.112,8.0,0.0,0.0,0,0,8.0,1.0,0.0,0,0.0
37,S1,M2,forwarder,14,10.432,8.0,0.0,0.0,0,0,8.0,1.0,0.0,0,0.0
38,S1,M1,harvester,14,13.112,8.0,0.0,0.0,0,0,8.0,1.0,0.0,0,0.0
38,S1,M2,forwarder,14,10.432,8.0,0.0,0.0,0,0,8.0,1.0,0.0,0,0.0
39,S1,M1,harvester,14,13.112,8.0,0.0,0.0,0,0,8.0,1.0,0.0,0,0.0
39,S1,M2,forwarder,14,10.432,8.0,0.0,0.0,0,0,8.0,1.0,0.0,0,0.0
40,S1,M1,harvester,14,13.112,8.0,0.0,0.0,0,0,8.0,1.0,0.0,0,0.0
40,S1,M2,forwarder,14,10.432,8.0,0.0,0.0,0,0,8.0,1.0,0.0,0,0.0
41,S1,M1,harvester,14,13.112,8.0,0.0,0.0,0,0,8.0,1.0,0.0,0,0.0
41,S1,M2,forwarder,14,10.432,8.0,0.0,0.0,0,0,8.0,1.0,0.0,0,0.0
42,S1,M1,harvester,14,13.112,8.0,0.0,0.0,0,0,8.0,1.0,0.0,0,0.0
42,S1,M2,forwarder,14,10.432,8.0,0.0,0.0,0,0,8.0,1.0,0.0,0,0.0
43,S1,M1,harvester,14,13.112,8.0,0.0,0.0,0,0,8.0,1.0,0.0,0,0.0
43,S1,M2,forwarder,14,10.432,8.0,0.0,0.0,0,0,8.0,1.0,0.0,0,0.0
44,S1,M2,forwarder,14,10.432,8.0,0.0,0.0,0,0,8.0,1.0,0.0,0,0.0
45,S1,M1,harvester,14,13.112,8.0,0.0,0.0,0,0,8.0,1.0,0.0,0,0.0
45,S1,M2,forwarder,14,10.432,8.0,0.0,0.0,0,0,8.0,1.0,0.0,0,0.0
46,S1,M1,harvester,14,13.112,8.0,0.0,0.0,0,0,8.0,1.0,0.0,0,0.0
46,S1,M2,forwarder,14,10.432,8.0,0.0,0.0,0,0,8.0,1.0,0.0,0,0.0
47,S1,M1,harvester,14,13.112,8.0,0.0,0.0,0,0,8.0,1.0,0.0,0,0.0
47,S1,M2,forwarder,14,10.432,8.0,0.0,0.0,0,0,8.0,1.0,0.0,0,0.0
48,S1,M1,harvester,14,13.112,8.0,0.0,0.0,0,0,8.0,1.0,0.0,0,0.0
48,S1,M2,forwarder,14,10.432,8.0,0.0,0.0,0,0,8.0,1.0,0.0,0,0.0
49,S1,M1,harvester,14,13.112,8.0,0.0,0.0,0,0,8.0,1.0,0.0,0,0.0
49,S1,M2,forwarder,14,10.432,8.0,0.0,0.0,0,0,8.0,1.0,0.0,0,0.0
50,S1,M1,harvester,14,7.671850758306258,4.680811933072762,3.3191880669272376,0.0,0,0,8.0,0.5851014916340953,3.319188066927237,1,0.0
50,S1,M2,forwarder,14,3.2292840199489037,2.4764448005743125,5.5235551994256875,0.0,0,0,8.0,0.30955560007178906,5.5235551994256875,1,0.0
51,S1,M1,harvester,14,13.112,8.0,0.0,0.0,0,0,8.0,1.0,0.0,0,0.0
51,S1,M2,forwarder,14,10.432,8.0,0.0,0.0,0,0,8.0,1.0,0.0,0,0.0
52,S1,M1,harvester,14,13.112,8.0,0.0,0.0,0,0,8.0,1.0,0.0,0,0.0
52,S1,M2,forwarder,14,10.432,8.0,0.0,0.0,0,0,8.0,1.0,0.0,0,0.0
53,S1,M1,harvester,14,13.112,8.0,0.0,0.0,0,0,8.0,1.0,0.0,0,0.0
54,S1,M1,harvester,14,7.0435015559249905,4.297438411180592,3.7025615888194077,0.0,0,0,8.0,0.537179801397574,3.7025615888194077,1,0.0
54,S1,M2,forwarder,14,3.4295802891961746,2.630046234046146,5.369953765953854,0.0,0,0,8.0,0.32875577925576827,5.369953765953854,1,0.0
55,S1,M1,harvester,14,13.112,8.0,0.0,0.0,0,0,8.0,1.0,0.0,0,0.0
55,S1,M2,forwarder,14,10.432,8.0,0.0,0.0,0,0,8.0,1.0,0.0,0,0.0
56,S1,M1,harvester,14,13.112,8.0,0.0,0.0,0,0,8.0,1.0,0.0,0,0.0
56,S1,M2,forwarder,14,10.432,8.0,0.0,0.0,0,0,8.0,1.0,0.0,0,0.0
57,S1,M1,harvester,14,9.948,8.0,0.0,0.0,0,0,8.0,1.0,0.0,0,0.0
57,S1,M2,forwarder,14,9.948,8.0,0.0,0.0,0,0,8.0,1.0,0.0,0,0.0
58,S1,M1,harvester,14,9.948,8.0,0.0,0.0,0,0,8.0,1.0,0.0,0,0.0
58,S1,M2,forwarder,14,9.948,8.0,0.0,0.0,0,0,8.0,1.0,0.0,0,0.0
59,S1,M1,harvester,14,9.948,8.0,0.0,0.0,0,0,8.0,1.0,0.0,0,0.0
60,S1,M2,forwarder,14,9.948,8.0,0.0,0.0,0,0,8.0,1.0,0.0,0,0.0
61,S1,M1,harvester,14,2.9652528181682154,2.384602185901259,5.615397814098741,0.0,0,0,8.0,0.29807527323765737,5.615397814098741,1,0.0
61,S1,M2,forwarder,14,9.948,8.0,0.0,0.0,0,0,8.0,1.0,0.0,0,0.0
62,S1,M1,harvester,14,9.1784,8.0,0.0,0.0,0,0,8.0,1.0,0.0,0,0.3
62,S1,M2,forwarder,14,7.3024,8.0,0.0,0.0,0,0,8.0,1.0,0.0,0,0.3
63,S1,M1,harvester,14,13.112,8.0,0.0,0.0,0,0,8.0,1.0,0.0,0,0.0
64,S1,M1,harvester,14,9.1784,8.0,0.0,0.0,0,0,8.0,1.0,0.0,0,0.3
64,S1,M2,forwarder,14,7.3024,8.0,0.0,0.0,0,0,8.0,1.0,0.0,0,0.3
65,S1,M1,harvester,14,9.1784,8.0,0.0,0.0,0,0,8.0,1.0,0.0,0,0.3
66,S1,M1,harvester,14,5.328754290575853,3.2512228740548217,4.748777125945178,0.0,0,0,8.0,0.4064028592568527,4.748777125945178,1,0.0
67,S1,M1,harvester,14,13.112,8.0,0.0,0.0,0,0,8.0,1.0,0.0,0,0.0
67,S1,M2,forwarder,14,10.432,8.0,0.0,0.0,0,0,8.0,1.0,0.0,0,0.0
68,S1,M1,harvester,14,13.112,8.0,0.0,0.0,0,0,8.0,1.0,0.0,0,0.0
68,S1,M2,forwarder,14,10.432,8.0,0.0,0.0,0,0,8.0,1.0,0.0,0,0.0
69,S1,M1,harvester,14,9.1784,8.0,0.0,0.0,0,0,8.0,1.0,0.0,0,0.3
69,S1,M2,forwarder,14,7.3024,8.0,0.0,0.0,0,0,8.0,1.0,0.0,0,0.3
70,S1,M1,harvester,14,13.112,8.0,0.0,0.0,0,0,8.0,1.0,0.0,0,0.0
70,S1,M2,forwarder,14,10.432,8.0,0.0,0.0,0,0,8.0,1.0,0.0,0,0.0
71,S1,M2,forwarder,14,10.432,8.0,0.0,0.0,0,0,8.0,1.0,0.0,0,0.0
72,S1,M1,harvester,14,13.112,8.0,0.0,0.0,0,0,8.0,1.0,0.0,0,0.0
72,S1,M2,forwarder,14,10.432,8.0,0.0,0.0,0,0,8.0,1.0,0.0,0,0.0
73,S1,M1,harvester,14,5.78512126706065,6.354189717348236,1.6458102826517642,0.0,0,0,8.0,0.7942737146685295,1.6458102826517647,1,0.3
73,S1,M2,forwarder,14,5.794832863266311,8.0,0.0,0.0,0,0,8.0,1.0,0.0,0,0.3
74,S1,M1,harvester,14,13.112,8.0,0.0,0.0,0,0,8.0,1.0,0.0,0,0.0
75,S1,M2,forwarder,14,10.432,8.0,0.0,0.0,0,0,8.0,1.0,0.0,0,0.0
77,S1,M1,harvester,14,13.112,8.0,0.0,0.0,0,0,8.0,1.0,0.0,0,0.0
77,S1,M2,forwarder,14,10.432,8.0,0.0,0.0,0,0,8.0,1.0,0.0,0,0.0
78,S1,M1,harvester,14,5.06626980040273,3.0910737037234473,4.908926296276553,0.0,0,0,8.0,0.3863842129654309,4.908926296276553,1,0.0
78,S1,M2,forwarder,14,10.432,8.0,0.0,0.0,0,0,8.0,1.0,0.0,0,0.0
79,S1,M1,harvester,14,13.112,8.0,0.0,0.0,0,0,8.0,1.0,0.0,0,0.0
79,S1,M2,forwarder,14,10.432,8.0,0.0,0.0,0,0,8.0,1.0,0.0,0,0.0
80,S1,M1,harvester,14,13.112,8.0,0.0,0.0,0,0,8.0,1.0,0.0,0,0.0
80,S1,M2,forwarder,14,10.432,8.0,0.0,0.0,0,0,8.0,1.0,0.0,0,0.0
81,S1,M1,harvester,14,13.112,8.0,0.0,0.0,0,0,8.0,1.0,0.0,0,0.0
81,S1,M2,forwarder,14,10.432,8.0,0.0,0.0,0,0,8.0,1.0,0.0,0,0.0
82,S1,M1,harvester,14,13.112,8.0,0.0,0.0,0,0,8.0,1.0,0.0,0,0.0
83,S1,M1,harvester,14,13.112,8.0,0.0,0.0,0,0,8.0,1.0,0.0,0,0.0
83,S1,M2,forwarder,14,10.432,8.0,0.0,0.0,0,0,8.0,1.0,0.0,0,0.0
84,S1,M1,harvester,14,13.112,8.0,0.0,0.0,0,0,8.0,1.0,0.0,0,0.0
84,S1,M2,forwarder,14,10.432,8.0,0.0,0.0,0,0,8.0,1.0,0.0,0,0.0
85,S1,M1,harvester,14,13.112,8.0,0.0,0.0,0,0,8.0,1.0,0.0,0,0.0
85,S1,M2,forwarder,14,10.432,8.0,0.0,0.0,0,0,8.0,1.0,0.0,0,0.0
86,S1,M1,harvester,14,13.112,8.0,0.0,0.0,0,0,8.0,1.0,0.0,0,0.0
86,S1,M2,forwarder,14,10.432,8.0,0.0,0.0,0,0,8.0,1.0,0.0,0,0.0
87,S1,M1,harvester,14,13.112,8.0,0.0,0.0,0,0,8.0,1.0,0.0,0,0.0
87,S1,M2,forwarder,14,10.432,8.0,0.0,0.0,0,0,8.0,1.0,0.0,0,0.0
88,S1,M1,harvester,14,13.112,8.0,0.0,0.0,0,0,8.0,1.0,0.0,0,0.0
88,S1,M2,forwarder,14,4.548683137663284,3.4882539399258308,4.511746060074169,0.0,0,0,8.0,0.43603174249072885,4.511746060074169,1,0.0
89,S1,M1,harvester,14,13.112,8.0,0.0,0.0,0,0,8.0,1.0,0.0,0,0.0
89,S1,M2,forwarder,14,10.432,8.0,0.0,0.0,0,0,8.0,1.0,0.0,0,0.0
90,S1,M1,harvester,14,3.3819145122020484,2.063401166688254,5.936598833311746,0.0,0,0,8.0,0.25792514583603177,5.936598833311746,1,0.0
91,S1,M1,harvester,14,13.112,8.0,0.0,0.0,0,0,8.0,1.0,0.0,0,0.0
91,S1,M2,forwarder,14,10.432,8.0,0.0,0.0,0,0,8.0,1.0,0.0,0,0.0
92,S1,M1,harvester,14,13.112,8.0,0.0,0.0,0,0,8.0,1.0,0.0,0,0.0
93,S1,M2,forwarder,14,10.432,8.0,0.0,0.0,0,0,8.0,1.0,0.0,0,0.0
94,S1,M1,harvester,14,13.112,8.0,0.0,0.0,0,0,8.0,1.0,0.0,0,0.0
94,S1,M2,forwarder,14,10.432,8.0,0.0,0.0,0,0,8.0,1.0,0.0,0,0.0
95,S1,M1,harvester,14,13.112,8.0,0.0,0.0,0,0,8.0,1.0,0.0,0,0.0
95,S1,M2,forwarder,14,10.432,8.0,0.0,0.0,0,0,8.0,1.0,0.0,0,0.0
96,S1,M1,harvester,14,13.112,8.0,0.0,0.0,0,0,8.0,1.0,0.0,0,0.0
96,S1,M2,forwarder,14,10.432,8.0,0.0,0.0,0,0,8.0,1.0,0.0,0,0.0
97,S1,M1,harvester,14,13.112,8.0,0.0,0.0,0,0,8.0,1.0,0.0,0,0.0
97,S1,M2,forwarder,14,10.432,8.0,0.0,0.0,0,0,8.0,1.0,0.0,0,0.0
98,S1,M1,harvester,14,13.112,8.0,0.0,0.0,0,0,8.0,1.0,0.0,0,0.0
98,S1,M2,forwarder,14,10.432,8.0,0.0,0.0,0,0,8.0,1.0,0.0,0,0.0
99,S1,M1,harvester,14,13.112,8.0,0.0,0.0,0,0,8.0,1.0,0.0,0,0.0
99,S1,M2,forwarder,14,10.432,8.0,0.0,0.0,0,0,8.0,1.0,0.0,0,0.0
101,S1,M1,harvester,14,8.299,8.0,0.0,0.0,0,0,8.0,1.0,0.0,0,0.0
101,S1,M2,forwarder,14,8.299,8.0,0.0,0.0,0,0,8.0,1.0,0.0,0,0.0
102,S1,M1,harvester,14,6.102463060026733,5.8826008531406035,2.1173991468593965,0.0,0,0,8.0,0.7353251066425754,2.1173991468593965,1,0.0
103,S1,M1,harvester,14,8.299,8.0,0.0,0.0,0,0,8.0,1.0,0.0,0,0.0
103,S1,M2,forwarder,14,8.299,8.0,0.0,0.0,0,0,8.0,1.0,0.0,0,0.0
104,S1,M1,harvester,14,5.554870709682754,5.354737399380893,2.645262600619107,0.0,0,0,8.0,0.6693421749226116,2.6452626006191067,1,0.0
104,S1,M2,forwarder,14,8.299,8.0,0.0,0.0,0,0,8.0,1.0,0.0,0,0.0
105,S1,M1,harvester,14,4.3769596113224996,4.219264597009278,3.7807354029907216,0.0,0,0,8.0,0.5274080746261598,3.7807354029907216,1,0.0
105,S1,M2,forwarder,14,8.299,8.0,0.0,0.0,0,0,8.0,1.0,0.0,0,0.0
106,S1,M1,harvester,14,8.299,8.0,0.0,0.0,0,0,8.0,1.0,0.0,0,0.0
106,S1,M2,forwarder,14,8.299,8.0,0.0,0.0,0,0,8.0,1.0,0.0,0,0.0
12,S1,M2,forwarder,15,8.319,8.0,0.0,0.0,0,0,8.0,1.0,0.0,0,0.0
37,S1,M1,harvester,15,13.112,8.0,0.0,0.0,0,0,8.0,1.0,0.0,0,0.0
37,S1,M2,forwarder,15,10.432,8.0,0.0,0.0,0,0,8.0,1.0,0.0,0,0.0
38,S1,M1,harvester,15,13.112,8.0,0.0,0.0,0,0,8.0,1.0,0.0,0,0.0
38,S1,M2,forwarder,15,10.432,8.0,0.0,0.0,0,0,8.0,1.0,0.0,0,0.0
39,S1,M1,harvester,15,13.112,8.0,0.0,0.0,0,0,8.0,1.0,0.0,0,0.0
39,S1,M2,forwarder,15,10.432,8.0,0.0,0.0,0,0,8.0,1.0,0.0,0,0.0
40,S1,M1,harvester,15,13.112,8.0,0.0,0.0,0,0,8.0,1.0,0.0,0,0.0
40,S1,M2,forwarder,15,10.432,8.0,0.0,0.0,0,0,8.0,1.0,0.0,0,0.0
41,S1,M1,harvester,15,13.112,8.0,0.0,0.0,0,0,8.0,1.0,0.0,0,0.0
41,S1,M2,forwarder,15,10.432,8.0,0.0,0.0,0,0,8.0,1.0,0.0,0,0.0
42,S1,M1,harvester,15,13.112,8.0,0.0,0.0,0,0,8.0,1.0,0.0,0,0.0
42,S1,M2,forwarder,15,10.432,8.0,0.0,0.0,0,0,8.0,1.0,0.0,0,0.0
43,S1,M1,harvester,15,13.112,8.0,0.0,0.0,0,0,8.0,1.0,0.0,0,0.0
43,S1,M2,forwarder,15,10.432,8.0,0.0,0.0,0,0,8.0,1.0,0.0,0,0.0
44,S1,M2,forwarder,15,10.432,8.0,0.0,0.0,0,0,8.0,1.0,0.0,0,0.0
45,S1,M1,harvester,15,13.112,8.0,0.0,0.0,0,0,8.0,1.0,0.0,0,0.0
45,S1,M2,forwarder,15,10.432,8.0,0.0,0.0,0,0,8.0,1.0,0.0,0,0.0
46,S1,M1,harvester,15,13.112,8.0,0.0,0.0,0,0,8.0,1.0,0.0,0,0.0
46,S1,M2,forwarder,15,10.432,8.0,0.0,0.0,0,0,8.0,1.0,0.0,0,0.0
47,S1,M1,harvester,15,13.112,8.0,0.0,0.0,0,0,8.0,1.0,0.0,0,0.0
47,S1,M2,forwarder,15,10.432,8.0,0.0,0.0,0,0,8.0,1.0,0.0,0,0.0
48,S1,M1,harvester,15,7.667677449243338,4.678265679831201,3.321734320168799,0.0,0,0,8.0,0.5847832099789001,3.321734320168799,1,0.0
48,S1,M2,forwarder,15,10.432,8.0,0.0,0.0,0,0,8.0,1.0,0.0,0,0.0
49,S1,M1,harvester,15,9.1784,8.0,0.0,0.0,0,0,8.0,1.0,0.0,0,0.3
49,S1,M2,forwarder,15,7.3024,8.0,0.0,0.0,0,0,8.0,1.0,0.0,0,0.3
50,S1,M1,harvester,15,9.1784,8.0,0.0,0.0,0,0,8.0,1.0,0.0,0,0.3
50,S1,M2,forwarder,15,7.3024,8.0,0.0,0.0,0,0,8.0,1.0,0.0,0,0.3
51,S1,M1,harvester,15,10.36335718929727,8.0,0.0,0.0,0,0,8.0,1.0,0.0,0,0.0
51,S1,M2,forwarder,15,8.245160326323148,8.0,0.0,0.0,0,0,8.0,1.0,0.0,0,0.0
52,S1,M1,harvester,15,13.112,8.0,0.0,0.0,0,0,8.0,1.0,0.0,0,0.0
52,S1,M2,forwarder,15,10.432,8.0,0.0,0.0,0,0,8.0,1.0,0.0,0,0.0
53,S1,M1,harvester,15,9.1784,8.0,0.0,0.0,0,0,8.0,1.0,0.0,0,0.3
54,S1,M1,harvester,15,13.112,8.0,0.0,0.0,0,0,8.0,1.0,0.0,0,0.0
54,S1,M2,forwarder,15,10.432,8.0,0.0,0.0,0,0,8.0,1.0,0.0,0,0.0
55,S1,M1,harvester,15,13.112,8.0,0.0,0.0,0,0,8.0,1.0,0.0,0,0.0
55,S1,M2,forwarder,15,10.432,8.0,0.0,0.0,0,0,8.0,1.0,0.0,0,0.0
56,S1,M1,harvester,15,13.112,8.0,0.0,0.0,0,0,8.0,1.0,0.0,0,0.0
56,S1,M2,forwarder,15,10.432,8.0,0.0,0.0,0,0,8.0,1.0,0.0,0,0.0
57,S1,M1,harvester,15,9.948,8.0,0.0,0.0,0,0,8.0,1.0,0.0,0,0.0
57,S1,M2,forwarder,15,9.948,8.0,0.0,0.0,0,0,8.0,1.0,0.0,0,0.0
58,S1,M1,harvester,15,9.948,8.0,0.0,0.0,0,0,8.0,1.0,0.0,0,0.0
58,S1,M2,forwarder,15,9.948,8.0,0.0,0.0,0,0,8.0,1.0,0.0,0,0.0
59,S1,M1,harvester,15,5.6776559506585915,8.0,0.0,0.0,0,0,8.0,1.0,0.0,0,0.0
60,S1,M2,forwarder,15,9.948,8.0,0.0,0.0,0,0,8.0,1.0,0.0,0,0.0
61,S1,M1,harvester,15,9.948,8.0,0.0,0.0,0,0,8.0,1.0,0.0,0,0.0
61,S1,M2,forwarder,15,9.948,8.0,0.0,0.0,0,0,8.0,1.0,0.0,0,0.0
62,S1,M1,harvester,15,13.112,8.0,0.0,0.0,0,0,8.0,1.0,0.0,0,0.0
62,S1,M2,forwarder,15,10.432,8.0,0.0,0.0,0,0,8.0,1.0,0.0,0,0.0
63,S1,M1,harvester,15,9.1784,8.0,0.0,0.0,0,0,8.0,1.0,0.0,0,0.3
64,S1,M1,harvester,15,6.998536221626189,8.0,0.0,0.0,0,0,8.0,1.0,0.0,0,0.3
64,S1,M2,forwarder,15,5.56808494996983,8.0,0.0,0.0,0,0,8.0,1.0,0.0,0,0.3
65,S1,M1,harvester,15,13.112,8.0,0.0,0.0,0,0,8.0,1.0,0.0,0,0.0
66,S1,M1,harvester,15,13.112,8.0,0.0,0.0,0,0,8.0,1.0,0.0,0,0.0
67,S1,M1,harvester,15,13.112,8.0,0.0,0.0,0,0,8.0,1.0,0.0,0,0.0
67,S1,M2,forwarder,15,10.432,8.0,0.0,0.0,0,0,8.0,1.0,0.0,0,0.0
68,S1,M1,harvester,15,6.499421719721887,3.9654799998303156,4.034520000169684,0.0,0,0,8.0,0.49568499997878945,4.034520000169684,1,0.0
68,S1,M2,forwarder,15,10.432,8.0,0.0,0.0,0,0,8.0,1.0,0.0,0,0.0
69,S1,M1,harvester,15,13.112,8.0,0.0,0.0,0,0,8.0,1.0,0.0,0,0.0
69,S1,M2,forwarder,15,10.432,8.0,0.0,0.0,0,0,8.0,1.0,0.0,0,0.0
70,S1,M1,harvester,15,13.112,8.0,0.0,0.0,0,0,8.0,1.0,0.0,0,0.0
70,S1,M2,forwarder,15,10.432,8.0,0.0,0.0,0,0,8.0,1.0,0.0,0,0.0
71,S1,M2,forwarder,15,10.432,8.0,0.0,0.0,0,0,8.0,1.0,0.0,0,0.0
72,S1,M1,harvester,15,13.112,8.0,0.0,0.0,0,0,8.0,1.0,0.0,0,0.0
72,S1,M2,forwarder,15,10.432,8.0,0.0,0.0,0,0,8.0,1.0,0.0,0,0.0
73,S1,M1,harvester,15,13.112,8.0,0.0,0.0,0,0,8.0,1.0,0.0,0,0.0
73,S1,M2,forwarder,15,10.432,8.0,0.0,0.0,0,0,8.0,1.0,0.0,0,0.0
74,S1,M1,harvester,15,9.1784,8.0,0.0,0.0,0,0,8.0,1.0,0.0,0,0.3
75,S1,M2,forwarder,15,5.572431264067163,4.273336858947211,3.7266631410527893,0.0,0,0,8.0,0.5341671073684013,3.7266631410527893,1,0.0
77,S1,M1,harvester,15,4.271948749443723,2.606436088739306,5.393563911260694,0.0,0,0,8.0,0.32580451109241326,5.393563911260694,1,0.0
77,S1,M2,forwarder,15,10.432,8.0,0.0,0.0,0,0,8.0,1.0,0.0,0,0.0
78,S1,M1,harvester,15,13.112,8.0,0.0,0.0,0,0,8.0,1.0,0.0,0,0.0
78,S1,M2,forwarder,15,10.432,8.0,0.0,0.0,0,0,8.0,1.0,0.0,0,0.0
79,S1,M1,harvester,15,13.112,8.0,0.0,0.0,0,0,8.0,1.0,0.0,0,0.0
79,S1,M2,forwarder,15,10.432,8.0,0.0,0.0,0,0,8.0,1.0,0.0,0,0.0
80,S1,M1,harvester,15,9.1784,8.0,0.0,0.0,0,0,8.0,1.0,0.0,0,0.3
80,S1,M2,forwarder,15,7.3024,8.0,0.0,0.0,0,0,8.0,1.0,0.0,0,0.3
81,S1,M1,harvester,15,13.112,8.0,0.0,0.0,0,0,8.0,1.0,0.0,0,0.0
81,S1,M2,forwarder,15,10.432,8.0,0.0,0.0,0,0,8.0,1.0,0.0,0,0.0
82,S1,M1,harvester,15,13.112,8.0,0.0,0.0,0,0,8.0,1.0,0.0,0,0.0
83,S1,M1,harvester,15,13.112,8.0,0.0,0.0,0,0,8.0,1.0,0.0,0,0.0
83,S1,M2,forwarder,15,10.432,8.0,0.0,0.0,0,0,8.0,1.0,0.0,0,0.0
84,S1,M1,harvester,15,9.2476405541088,8.0,0.0,0.0,0,0,8.0,1.0,0.0,0,0.0
84,S1,M2,forwarder,15,7.357488274898033,8.0,0.0,0.0,0,0,8.0,1.0,0.0,0,0.0
85,S1,M1,harvester,15,13.112,8.0,0.0,0.0,0,0,8.0,1.0,0.0,0,0.0
85,S1,M2,forwarder,15,10.432,8.0,0.0,0.0,0,0,8.0,1.0,0.0,0,0.0
86,S1,M1,harvester,15,13.112,8.0,0.0,0.0,0,0,8.0,1.0,0.0,0,0.0
86,S1,M2,forwarder,15,10.432,8.0,0.0,0.0,0,0,8.0,1.0,0.0,0,0.0
87,S1,M1,harvester,15,13.112,8.0,0.0,0.0,0,0,8.0,1.0,0.0,0,0.0
87,S1,M2,forwarder,15,10.432,8.0,0.0,0.0,0,0,8.0,1.0,0.0,0,0.0
88,S1,M1,harvester,15,13.112,8.0,0.0,0.0,0,0,8.0,1.0,0.0,0,0.0
88,S1,M2,forwarder,15,10.432,8.0,0.0,0.0,0,0,8.0,1.0,0.0,0,0.0
89,S1,M1,harvester,15,13.112,8.0,0.0,0.0,0,0,8.0,1.0,0.0,0,0.0
89,S1,M2,forwarder,15,5.248050486295366,4.024578593784789,3.9754214062152107,0.0,0,0,8.0,0.5030723242230987,3.9754214062152107,1,0.0
90,S1,M1,harvester,15,13.112,8.0,0.0,0.0,0,0,8.0,1.0,0.0,0,0.0
91,S1,M1,harvester,15,13.112,8.0,0.0,0.0,0,0,8.0,1.0,0.0,0,0.0
91,S1,M2,forwarder,15,10.432,8.0,0.0,0.0,0,0,8.0,1.0,0.0,0,0.0
92,S1,M1,harvester,15,13.112,8.0,0.0,0.0,0,0,8.0,1.0,0.0,0,0.0
93,S1,M2,forwarder,15,10.432,8.0,0.0,0.0,0,0,8.0,1.0,0.0,0,0.0
94,S1,M1,harvester,15,13.112,8.0,0.0,0.0,0,0,8.0,1.0,0.0,0,0.0
94,S1,M2,forwarder,15,10.432,8.0,0.0,0.0,0,0,8.0,1.0,0.0,0,0.0
95,S1,M1,harvester,15,13.112,8.0,0.0,0.0,0,0,8.0,1.0,0.0,0,0.0
95,S1,M2,forwarder,15,10.432,8.0,0.0,0.0,0,0,8.0,1.0,0.0,0,0.0
96,S1,M1,harvester,15,13.112,8.0,0.0,0.0,0,0,8.0,1.0,0.0,0,0.0
96,S1,M2,forwarder,15,10.432,8.0,0.0,0.0,0,0,8.0,1.0,0.0,0,0.0
97,S1,M1,harvester,15,13.112,8.0,0.0,0.0,0,0,8.0,1.0,0.0,0,0.0
97,S1,M2,forwarder,15,10.432,8.0,0.0,0.0,0,0,8.0,1.0,0.0,0,0.0
98,S1,M1,harvester,15,6.6761821492163,8.0,0.0,0.0,0,0,8.0,1.0,0.0,0,0.0
98,S1,M2,forwarder,15,5.311617768504,8.0,0.0,0.0,0,0,8.0,1.0,0.0,0,0.0
99,S1,M1,harvester,15,13.112,8.0,0.0,0.0,0,0,8.0,1.0,0.0,0,0.0
99,S1,M2,forwarder,15,10.432,8.0,0.0,0.0,0,0,8.0,1.0,0.0,0,0.0
101,S1,M1,harvester,15,8.299,8.0,0.0,0.0,0,0,8.0,1.0,0.0,0,0.0
101,S1,M2,forwarder,15,8.299,8.0,0.0,0.0,0,0,8.0,1.0,0.0,0,0.0
102,S1,M1,harvester,15,5.8092999999999995,8.0,0.0,0.0,0,0,8.0,1.0,0.0,0,0.3
103,S1,M1,harvester,15,3.451129313524368,8.0,0.0,0.0,0,0,8.0,1.0,0.0,0,0.0
103,S1,M2,forwarder,15,3.451129313524368,8.0,0.0,0.0,0,0,8.0,1.0,0.0,0,0.0
104,S1,M1,harvester,15,8.299,8.0,0.0,0.0,0,0,8.0,1.0,0.0,0,0.0
104,S1,M2,forwarder,15,8.299,8.0,0.0,0.0,0,0,8.0,1.0,0.0,0,0.0
105,S1,M1,harvester,15,8.299,8.0,0.0,0.0,0,0,8.0,1.0,0.0,0,0.0
105,S1,M2,forwarder,15,8.299,8.0,0.0,0.0,0,0,8.0,1.0,0.0,0,0.0
106,S1,M1,harvester,15,8.299,8.0,0.0,0.0,0,0,8.0,1.0,0.0,0,0.0
106,S1,M2,forwarder,15,8.299,8.0,0.0,0.0,0,0,8.0,1.0,0.0,0,0.0
12,S1,M2,forwarder,16,8.319,8.0,0.0,0.0,0,0,8.0,1.0,0.0,0,0.0
37,S1,M1,harvester,16,13.112,8.0,0.0,0.0,0,0,8.0,1.0,0.0,0,0.0
37,S1,M2,forwarder,16,10.432,8.0,0.0,0.0,0,0,8.0,1.0,0.0,0,0.0
38,S1,M1,harvester,16,13.112,8.0,0.0,0.0,0,0,8.0,1.0,0.0,0,0.0
38,S1,M2,forwarder,16,10.432,8.0,0.0,0.0,0,0,8.0,1.0,0.0,0,0.0
39,S1,M1,harvester,16,13.112,8.0,0.0,0.0,0,0,8.0,1.0,0.0,0,0.0
39,S1,M2,forwarder,16,10.432,8.0,0.0,0.0,0,0,8.0,1.0,0.0,0,0.0
40,S1,M1,harvester,16,13.112,8.0,0.0,0.0,0,0,8.0,1.0,0.0,0,0.0
40,S1,M2,forwarder,16,10.432,8.0,0.0,0.0,0,0,8.0,1.0,0.0,0,0.0
41,S1,M1,harvester,16,13.112,8.0,0.0,0.0,0,0,8.0,1.0,0.0,0,0.0
41,S1,M2,forwarder,16,10.432,8.0,0.0,0.0,0,0,8.0,1.0,0.0,0,0.0
42,S1,M1,harvester,16,13.112,8.0,0.0,0.0,0,0,8.0,1.0,0.0,0,0.0
42,S1,M2,forwarder,16,10.432,8.0,0.0,0.0,0,0,8.0,1.0,0.0,0,0.0
43,S1,M1,harvester,16,13.112,8.0,0.0,0.0,0,0,8.0,1.0,0.0,0,0.0
43,S1,M2,forwarder,16,10.432,8.0,0.0,0.0,0,0,8.0,1.0,0.0,0,0.0
44,S1,M2,forwarder,16,10.432,8.0,0.0,0.0,0,0,8.0,1.0,0.0,0,0.0
45,S1,M1,harvester,16,13.112,8.0,0.0,0.0,0,0,8.0,1.0,0.0,0,0.0
45,S1,M2,forwarder,16,10.432,8.0,0.0,0.0,0,0,8.0,1.0,0.0,0,0.0
46,S1,M1,harvester,16,13.112,8.0,0.0,0.0,0,0,8.0,1.0,0.0,0,0.0
46,S1,M2,forwarder,16,10.432,8.0,0.0,0.0,0,0,8.0,1.0,0.0,0,0.0
47,S1,M1,harvester,16,8.296968444923236,5.062213816304598,2.937786183695402,0.0,0,0,8.0,0.6327767270380747,2.937786183695402,1,0.0
47,S1,M2,forwarder,16,10.432,8.0,0.0,0.0,0,0,8.0,1.0,0.0,0,0.0
48,S1,M1,harvester,16,13.112,8.0,0.0,0.0,0,0,8.0,1.0,0.0,0,0.0
48,S1,M2,forwarder,16,10.432,8.0,0.0,0.0,0,0,8.0,1.0,0.0,0,0.0
49,S1,M1,harvester,16,13.112,8.0,0.0,0.0,0,0,8.0,1.0,0.0,0,0.0
49,S1,M2,forwarder,16,10.432,8.0,0.0,0.0,0,0,8.0,1.0,0.0,0,0.0
50,S1,M1,harvester,16,12.990869197120828,7.926094690128632,0.07390530987136756,0.0,0,0,8.0,0.990761836266079,0.07390530987136756,1,0.0
50,S1,M2,forwarder,16,10.432,8.0,0.0,0.0,0,0,8.0,1.0,0.0,0,0.0
51,S1,M1,harvester,16,13.112,8.0,0.0,0.0,0,0,8.0,1.0,0.0,0,0.0
51,S1,M2,forwarder,16,10.432,8.0,0.0,0.0,0,0,8.0,1.0,0.0,0,0.0
52,S1,M1,harvester,16,13.112,8.0,0.0,0.0,0,0,8.0,1.0,0.0,0,0.0
52,S1,M2,forwarder,16,6.300619825520853,4.8317636698779545,3.1682363301220455,0.0,0,0,8.0,0.6039704587347443,3.1682363301220455,1,0.0
53,S1,M1,harvester,16,8.358535745824334,5.099777758282083,2.900222241717917,0.0,0,0,8.0,0.6374722197852604,2.900222241717917,1,0.0
54,S1,M1,harvester,16,13.112,8.0,0.0,0.0,0,0,8.0,1.0,0.0,0,0.0
54,S1,M2,forwarder,16,10.432,8.0,0.0,0.0,0,0,8.0,1.0,0.0,0,0.0
55,S1,M1,harvester,16,13.112,8.0,0.0,0.0,0,0,8.0,1.0,0.0,0,0.0
55,S1,M2,forwarder,16,10.432,8.0,0.0,0.0,0,0,8.0,1.0,0.0,0,0.0
56,S1,M1,harvester,16,13.112,8.0,0.0,0.0,0,0,8.0,1.0,0.0,0,0.0
56,S1,M2,forwarder,16,10.432,8.0,0.0,0.0,0,0,8.0,1.0,0.0,0,0.0
57,S1,M1,harvester,16,9.948,8.0,0.0,0.0,0,0,8.0,1.0,0.0,0,0.0
57,S1,M2,forwarder,16,9.948,8.0,0.0,0.0,0,0,8.0,1.0,0.0,0,0.0
58,S1,M1,harvester,16,9.948,8.0,0.0,0.0,0,0,8.0,1.0,0.0,0,0.0
58,S1,M2,forwarder,16,9.948,8.0,0.0,0.0,0,0,8.0,1.0,0.0,0,0.0
59,S1,M1,harvester,16,9.948,8.0,0.0,0.0,0,0,8.0,1.0,0.0,0,0.0
60,S1,M2,forwarder,16,9.948,8.0,0.0,0.0,0,0,8.0,1.0,0.0,0,0.0
61,S1,M1,harvester,16,6.9636,8.0,0.0,0.0,0,0,8.0,1.0,0.0,0,0.3
61,S1,M2,forwarder,16,6.9636,8.0,0.0,0.0,0,0,8.0,1.0,0.0,0,0.3
62,S1,M1,harvester,16,13.112,8.0,0.0,0.0,0,0,8.0,1.0,0.0,0,0.0
62,S1,M2,forwarder,16,10.432,8.0,0.0,0.0,0,0,8.0,1.0,0.0,0,0.0
63,S1,M1,harvester,16,13.112,8.0,0.0,0.0,0,0,8.0,1.0,0.0,0,0.0
64,S1,M1,harvester,16,9.636330493544481,5.879396274279732,2.120603725720268,0.0,0,0,8.0,0.7349245342849665,2.120603725720268,1,0.0
64,S1,M2,forwarder,16,10.432,8.0,0.0,0.0,0,0,8.0,1.0,0.0,0,0.0
65,S1,M1,harvester,16,13.112,8.0,0.0,0.0,0,0,8.0,1.0,0.0,0,0.0
66,S1,M1,harvester,16,13.112,8.0,0.0,0.0,0,0,8.0,1.0,0.0,0,0.0
67,S1,M1,harvester,16,13.112,8.0,0.0,0.0,0,0,8.0,1.0,0.0,0,0.0
67,S1,M2,forwarder,16,10.432,8.0,0.0,0.0,0,0,8.0,1.0,0.0,0,0.0
68,S1,M1,harvester,16,13.112,8.0,0.0,0.0,0,0,8.0,1.0,0.0,0,0.0
68,S1,M2,forwarder,16,10.432,8.0,0.0,0.0,0,0,8.0,1.0,0.0,0,0.0
69,S1,M1,harvester,16,9.1784,8.0,0.0,0.0,0,0,8.0,1.0,0.0,0,0.3
69,S1,M2,forwarder,16,7.3024,8.0,0.0,0.0,0,0,8.0,1.0,0.0,0,0.3
70,S1,M1,harvester,16,13.112,8.0,0.0,0.0,0,0,8.0,1.0,0.0,0,0.0
70,S1,M2,forwarder,16,10.432,8.0,0.0,0.0,0,0,8.0,1.0,0.0,0,0.0
71,S1,M2,forwarder,16,10.432,8.0,0.0,0.0,0,0,8.0,1.0,0.0,0,0.0
72,S1,M1,harvester,16,13.112,8.0,0.0,0.0,0,0,8.0,1.0,0.0,0,0.0
72,S1,M2,forwarder,16,10.432,8.0,0.0,0.0,0,0,8.0,1.0,0.0,0,0.0
73,S1,M1,harvester,16,13.112,8.0,0.0,0.0,0,0,8.0,1.0,0.0,0,0.0
73,S1,M2,forwarder,16,10.432,8.0,0.0,0.0,0,0,8.0,1.0,0.0,0,0.0
74,S1,M1,harvester,16,13.112,8.0,0.0,0.0,0,0,8.0,1.0,0.0,0,0.0
75,S1,M2,forwarder,16,10.432,8.0,0.0,0.0,0,0,8.0,1.0,0.0,0,0.0
77,S1,M1,harvester,16,13.112,8.0,0.0,0.0,0,0,8.0,1.0,0.0,0,0.0
77,S1,M2,forwarder,16,10.432,8.0,0.0,0.0,0,0,8.0,1.0,0.0,0,0.0
78,S1,M1,harvester,16,13.112,8.0,0.0,0.0,0,0,8.0,1.0,0.0,0,0.0
78,S1,M2,forwarder,16,4.135847193398567,3.1716619581277357,4.828338041872264,0.0,0,0,8.0,0.39645774476596696,4.828338041872264,1,0.0
79,S1,M1,harvester,16,13.112,8.0,0.0,0.0,0,0,8.0,1.0,0.0,0,0.0
79,S1,M2,forwarder,16,10.432,8.0,0.0,0.0,0,0,8.0,1.0,0.0,0,0.0
80,S1,M1,harvester,16,13.112,8.0,0.0,0.0,0,0,8.0,1.0,0.0,0,0.0
80,S1,M2,forwarder,16,10.432,8.0,0.0,0.0,0,0,8.0,1.0,0.0,0,0.0
81,S1,M1,harvester,16,13.112,8.0,0.0,0.0,0,0,8.0,1.0,0.0,0,0.0
81,S1,M2,forwarder,16,10.432,8.0,0.0,0.0,0,0,8.0,1.0,0.0,0,0.0
82,S1,M1,harvester,16,13.112,8.0,0.0,0.0,0,0,8.0,1.0,0.0,0,0.0
83,S1,M1,harvester,16,13.112,8.0,0.0,0.0,0,0,8.0,1.0,0.0,0,0.0
83,S1,M2,forwarder,16,10.432,8.0,0.0,0.0,0,0,8.0,1.0,0.0,0,0.0
84,S1,M1,harvester,16,13.112,8.0,0.0,0.0,0,0,8.0,1.0,0.0,0,0.0
84,S1,M2,forwarder,16,10.432,8.0,0.0,0.0,0,0,8.0,1.0,0.0,0,0.0
85,S1,M1,harvester,16,13.112,8.0,0.0,0.0,0,0,8.0,1.0,0.0,0,0.0
85,S1,M2,forwarder,16,10.432,8.0,0.0,0.0,0,0,8.0,1.0,0.0,0,0.0
86,S1,M1,harvester,16,13.112,8.0,0.0,0.0,0,0,8.0,1.0,0.0,0,0.0
86,S1,M2,forwarder,16,10.432,8.0,0.0,0.0,0,0,8.0,1.0,0.0,0,0.0
87,S1,M1,harvester,16,13.112,8.0,0.0,0.0,0,0,8.0,1.0,0.0,0,0.0
87,S1,M2,forwarder,16,10.432,8.0,0.0,0.0,0,0,8.0,1.0,0.0,0,0.0
88,S1,M1,harvester,16,10.130508549863428,8.0,0.0,0.0,0,0,8.0,1.0,0.0,0,0.0
88,S1,M2,forwarder,16,8.059904300806537,8.0,0.0,0.0,0,0,8.0,1.0,0.0,0,0.0
89,S1,M1,harvester,16,2.530502039388074,1.5439304694253044,6.456069530574696,0.0,0,0,8.0,0.19299130867816305,6.456069530574696,1,0.0
89,S1,M2,forwarder,16,10.432,8.0,0.0,0.0,0,0,8.0,1.0,0.0,0,0.0
90,S1,M1,harvester,16,13.112,8.0,0.0,0.0,0,0,8.0,1.0,0.0,0,0.0
91,S1,M1,harvester,16,13.112,8.0,0.0,0.0,0,0,8.0,1.0,0.0,0,0.0
91,S1,M2,forwarder,16,10.432,8.0,0.0,0.0,0,0,8.0,1.0,0.0,0,0.0
92,S1,M1,harvester,16,13.112,8.0,0.0,0.0,0,0,8.0,1.0,0.0,0,0.0
93,S1,M2,forwarder,16,7.3024,8.0,0.0,0.0,0,0,8.0,1.0,0.0,0,0.3
94,S1,M1,harvester,16,13.112,8.0,0.0,0.0,0,0,8.0,1.0,0.0,0,0.0
94,S1,M2,forwarder,16,10.432,8.0,0.0,0.0,0,0,8.0,1.0,0.0,0,0.0
95,S1,M1,harvester,16,13.112,8.0,0.0,0.0,0,0,8.0,1.0,0.0,0,0.0
95,S1,M2,forwarder,16,10.432,8.0,0.0,0.0,0,0,8.0,1.0,0.0,0,0.0
96,S1,M1,harvester,16,13.112,8.0,0.0,0.0,0,0,8.0,1.0,0.0,0,0.0
96,S1,M2,forwarder,16,10.432,8.0,0.0,0.0,0,0,8.0,1.0,0.0,0,0.0
97,S1,M1,harvester,16,13.112,8.0,0.0,0.0,0,0,8.0,1.0,0.0,0,0.0
97,S1,M2,forwarder,16,10.432,8.0,0.0,0.0,0,0,8.0,1.0,0.0,0,0.0
98,S1,M1,harvester,16,13.112,8.0,0.0,0.0,0,0,8.0,1.0,0.0,0,0.0
98,S1,M2,forwarder,16,10.432,8.0,0.0,0.0,0,0,8.0,1.0,0.0,0,0.0
99,S1,M1,harvester,16,2.5395246249397214,1.5494354026477861,6.450564597352214,0.0,0,0,8.0,0.19367942533097326,6.450564597352214,1,0.0
99,S1,M2,forwarder,16,10.432,8.0,0.0,0.0,0,0,8.0,1.0,0.0,0,0.0
101,S1,M1,harvester,16,8.299,8.0,0.0,0.0,0,0,8.0,1.0,0.0,0,0.0
101,S1,M2,forwarder,16,8.299,8.0,0.0,0.0,0,0,8.0,1.0,0.0,0,0.0
102,S1,M1,harvester,16,5.8092999999999995,8.0,0.0,0.0,0,0,8.0,1.0,0.0,0,0.3
103,S1,M1,harvester,16,8.299,8.0,0.0,0.0,0,0,8.0,1.0,0.0,0,0.0
103,S1,M2,forwarder,16,8.299,8.0,0.0,0.0,0,0,8.0,1.0,0.0,0,0.0
104,S1,M1,harvester,16,8.299,8.0,0.0,0.0,0,0,8.0,1.0,0.0,0,0.0
104,S1,M2,forwarder,16,8.299,8.0,0.0,0.0,0,0,8.0,1.0,0.0,0,0.0
105,S1,M1,harvester,16,8.299,8.0,0.0,0.0,0,0,8.0,1.0,0.0,0,0.0
105,S1,M2,forwarder,16,8.299,8.0,0.0,0.0,0,0,8.0,1.0,0.0,0,0.0
106,S1,M1,harvester,16,8.299,8.0,0.0,0.0,0,0,8.0,1.0,0.0,0,0.0
106,S1,M2,forwarder,16,8.299,8.0,0.0,0.0,0,0,8.0,1.0,0.0,0,0.0
12,S1,M2,forwarder,17,5.823300000000001,8.0,0.0,0.0,0,0,8.0,1.0,0.0,0,0.3
37,S1,M1,harvester,17,13.112,8.0,0.0,0.0,0,0,8.0,1.0,0.0,0,0.0
37,S1,M2,forwarder,17,10.432,8.0,0.0,0.0,0,0,8.0,1.0,0.0,0,0.0
38,S1,M1,harvester,17,13.112,8.0,0.0,0.0,0,0,8.0,1.0,0.0,0,0.0
38,S1,M2,forwarder,17,10.432,8.0,0.0,0.0,0,0,8.0,1.0,0.0,0,0.0
39,S1,M1,harvester,17,13.112,8.0,0.0,0.0,0,0,8.0,1.0,0.0,0,0.0
39,S1,M2,forwarder,17,10.432,8.0,0.0,0.0,0,0,8.0,1.0,0.0,0,0.0
40,S1,M1,harvester,17,13.112,8.0,0.0,0.0,0,0,8.0,1.0,0.0,0,0.0
40,S1,M2,forwarder,17,10.432,8.0,0.0,0.0,0,0,8.0,1.0,0.0,0,0.0
41,S1,M1,harvester,17,13.112,8.0,0.0,0.0,0,0,8.0,1.0,0.0,0,0.0
41,S1,M2,forwarder,17,10.432,8.0,0.0,0.0,0,0,8.0,1.0,0.0,0,0.0
42,S1,M1,harvester,17,13.112,8.0,0.0,0.0,0,0,8.0,1.0,0.0,0,0.0
42,S1,M2,forwarder,17,6.23231956710396,4.779386171091994,3.2206138289080064,0.0,0,0,8.0,0.5974232713864992,3.2206138289080064,1,0.0
43,S1,M1,harvester,17,13.112,8.0,0.0,0.0,0,0,8.0,1.0,0.0,0,0.0
43,S1,M2,forwarder,17,10.432,8.0,0.0,0.0,0,0,8.0,1.0,0.0,0,0.0
44,S1,M2,forwarder,17,7.3024,8.0,0.0,0.0,0,0,8.0,1.0,0.0,0,0.3
45,S1,M1,harvester,17,13.112,8.0,0.0,0.0,0,0,8.0,1.0,0.0,0,0.0
45,S1,M2,forwarder,17,10.432,8.0,0.0,0.0,0,0,8.0,1.0,0.0,0,0.0
46,S1,M1,harvester,17,8.072057363036539,4.924989239192519,3.075010760807481,0.0,0,0,8.0,0.6156236548990649,3.075010760807481,1,0.0
46,S1,M2,forwarder,17,10.432,8.0,0.0,0.0,0,0,8.0,1.0,0.0,0,0.0
47,S1,M1,harvester,17,13.112,8.0,0.0,0.0,0,0,8.0,1.0,0.0,0,0.0
47,S1,M2,forwarder,17,10.432,8.0,0.0,0.0,0,0,8.0,1.0,0.0,0,0.0
48,S1,M1,harvester,17,13.112,8.0,0.0,0.0,0,0,8.0,1.0,0.0,0,0.0
48,S1,M2,forwarder,17,10.432,8.0,0.0,0.0,0,0,8.0,1.0,0.0,0,0.0
49,S1,M1,harvester,17,13.112,8.0,0.0,0.0,0,0,8.0,1.0,0.0,0,0.0
49,S1,M2,forwarder,17,10.432,8.0,0.0,0.0,0,0,8.0,1.0,0.0,0,0.0
50,S1,M1,harvester,17,9.1784,8.0,0.0,0.0,0,0,8.0,1.0,0.0,0,0.3
50,S1,M2,forwarder,17,7.3024,8.0,0.0,0.0,0,0,8.0,1.0,0.0,0,0.3
51,S1,M1,harvester,17,7.826211957980789,8.0,0.0,0.0,0,0,8.0,1.0,0.0,0,0.0
51,S1,M2,forwarder,17,6.226589623677211,8.0,0.0,0.0,0,0,8.0,1.0,0.0,0,0.0
52,S1,M1,harvester,17,13.112,8.0,0.0,0.0,0,0,8.0,1.0,0.0,0,0.0
52,S1,M2,forwarder,17,10.432,8.0,0.0,0.0,0,0,8.0,1.0,0.0,0,0.0
53,S1,M1,harvester,17,13.112,8.0,0.0,0.0,0,0,8.0,1.0,0.0,0,0.0
54,S1,M1,harvester,17,9.122059523024074,8.0,0.0,0.0,0,0,8.0,1.0,0.0,0,0.0
54,S1,M2,forwarder,17,7.257575117769001,8.0,0.0,0.0,0,0,8.0,1.0,0.0,0,0.0
55,S1,M1,harvester,17,13.112,8.0,0.0,0.0,0,0,8.0,1.0,0.0,0,0.0
55,S1,M2,forwarder,17,10.432,8.0,0.0,0.0,0,0,8.0,1.0,0.0,0,0.0
56,S1,M1,harvester,17,13.112,8.0,0.0,0.0,0,0,8.0,1.0,0.0,0,0.0
56,S1,M2,forwarder,17,10.432,8.0,0.0,0.0,0,0,8.0,1.0,0.0,0,0.0
57,S1,M1,harvester,17,9.948,8.0,0.0,0.0,0,0,8.0,1.0,0.0,0,0.0
57,S1,M2,forwarder,17,9.948,8.0,0.0,0.0,0,0,8.0,1.0,0.0,0,0.0
58,S1,M1,harvester,17,5.328945402936008,8.0,0.0,0.0,0,0,8.0,1.0,0.0,0,0.0
58,S1,M2,forwarder,17,5.328945402936008,8.0,0.0,0.0,0,0,8.0,1.0,0.0,0,0.0
59,S1,M1,harvester,17,9.948,8.0,0.0,0.0,0,0,8.0,1.0,0.0,0,0.0
60,S1,M2,forwarder,17,9.948,8.0,0.0,0.0,0,0,8.0,1.0,0.0,0,0.0
61,S1,M1,harvester,17,9.948,8.0,0.0,0.0,0,0,8.0,1.0,0.0,0,0.0
61,S1,M2,forwarder,17,9.948,8.0,0.0,0.0,0,0,8.0,1.0,0.0,0,0.0
62,S1,M1,harvester,17,9.1784,8.0,0.0,0.0,0,0,8.0,1.0,0.0,0,0.3
62,S1,M2,forwarder,17,7.3024,8.0,0.0,0.0,0,0,8.0,1.0,0.0,0,0.3
63,S1,M1,harvester,17,13.112,8.0,0.0,0.0,0,0,8.0,1.0,0.0,0,0.0
64,S1,M1,harvester,17,13.112,8.0,0.0,0.0,0,0,8.0,1.0,0.0,0,0.0
64,S1,M2,forwarder,17,10.432,8.0,0.0,0.0,0,0,8.0,1.0,0.0,0,0.0
65,S1,M1,harvester,17,13.112,8.0,0.0,0.0,0,0,8.0,1.0,0.0,0,0.0
66,S1,M1,harvester,17,13.112,8.0,0.0,0.0,0,0,8.0,1.0,0.0,0,0.0
67,S1,M1,harvester,17,13.112,8.0,0.0,0.0,0,0,8.0,1.0,0.0,0,0.0
67,S1,M2,forwarder,17,10.432,8.0,0.0,0.0,0,0,8.0,1.0,0.0,0,0.0
68,S1,M1,harvester,17,9.1784,8.0,0.0,0.0,0,0,8.0,1.0,0.0,0,0.3
68,S1,M2,forwarder,17,7.3024,8.0,0.0,0.0,0,0,8.0,1.0,0.0,0,0.3
69,S1,M1,harvester,17,13.112,8.0,0.0,0.0,0,0,8.0,1.0,0.0,0,0.0
69,S1,M2,forwarder,17,2.9200498158936488,2.2393020060534115,5.7606979939465885,0.0,0,0,8.0,0.27991275075667643,5.7606979939465885,1,0.0
70,S1,M1,harvester,17,13.112,8.0,0.0,0.0,0,0,8.0,1.0,0.0,0,0.0
70,S1,M2,forwarder,17,10.432,8.0,0.0,0.0,0,0,8.0,1.0,0.0,0,0.0
71,S1,M2,forwarder,17,10.432,8.0,0.0,0.0,0,0,8.0,1.0,0.0,0,0.0
72,S1,M1,harvester,17,13.112,8.0,0.0,0.0,0,0,8.0,1.0,0.0,0,0.0
72,S1,M2,forwarder,17,10.432,8.0,0.0,0.0,0,0,8.0,1.0,0.0,0,0.0
73,S1,M1,harvester,17,13.112,8.0,0.0,0.0,0,0,8.0,1.0,0.0,0,0.0
73,S1,M2,forwarder,17,10.432,8.0,0.0,0.0,0,0,8.0,1.0,0.0,0,0.0
74,S1,M1,harvester,17,13.112,8.0,0.0,0.0,0,0,8.0,1.0,0.0,0,0.0
75,S1,M2,forwarder,17,10.432,8.0,0.0,0.0,0,0,8.0,1.0,0.0,0,0.0
77,S1,M1,harvester,17,13.112,8.0,0.0,0.0,0,0,8.0,1.0,0.0,0,0.0
77,S1,M2,forwarder,17,10.432,8.0,0.0,0.0,0,0,8.0,1.0,0.0,0,0.0
78,S1,M1,harvester,17,13.112,8.0,0.0,0.0,0,0,8.0,1.0,0.0,0,0.0
78,S1,M2,forwarder,17,10.432,8.0,0.0,0.0,0,0,8.0,1.0,0.0,0,0.0
79,S1,M1,harvester,17,13.112,8.0,0.0,0.0,0,0,8.0,1.0,0.0,0,0.0
79,S1,M2,forwarder,17,10.432,8.0,0.0,0.0,0,0,8.0,1.0,0.0,0,0.0
80,S1,M1,harvester,17,13.112,8.0,0.0,0.0,0,0,8.0,1.0,0.0,0,0.0
80,S1,M2,forwarder,17,10.432,8.0,0.0,0.0,0,0,8.0,1.0,0.0,0,0.0
81,S1,M1,harvester,17,13.112,8.0,0.0,0.0,0,0,8.0,1.0,0.0,0,0.0
81,S1,M2,forwarder,17,10.432,8.0,0.0,0.0,0,0,8.0,1.0,0.0,0,0.0
82,S1,M1,harvester,17,13.112,8.0,0.0,0.0,0,0,8.0,1.0,0.0,0,0.0
83,S1,M1,harvester,17,13.112,8.0,0.0,0.0,0,0,8.0,1.0,0.0,0,0.0
83,S1,M2,forwarder,17,10.432,8.0,0.0,0.0,0,0,8.0,1.0,0.0,0,0.0
84,S1,M1,harvester,17,13.112,8.0,0.0,0.0,0,0,8.0,1.0,0.0,0,0.0
84,S1,M2,forwarder,17,10.432,8.0,0.0,0.0,0,0,8.0,1.0,0.0,0,0.0
85,S1,M1,harvester,17,13.112,8.0,0.0,0.0,0,0,8.0,1.0,0.0,0,0.0
85,S1,M2,forwarder,17,10.432,8.0,0.0,0.0,0,0,8.0,1.0,0.0,0,0.0
86,S1,M1,harvester,17,13.112,8.0,0.0,0.0,0,0,8.0,1.0,0.0,0,0.0
86,S1,M2,forwarder,17,10.432,8.0,0.0,0.0,0,0,8.0,1.0,0.0,0,0.0
87,S1,M1,harvester,17,13.112,8.0,0.0,0.0,0,0,8.0,1.0,0.0,0,0.0
87,S1,M2,forwarder,17,10.432,8.0,0.0,0.0,0,0,8.0,1.0,0.0,0,0.0
88,S1,M1,harvester,17,13.112,8.0,0.0,0.0,0,0,8.0,1.0,0.0,0,0.0
88,S1,M2,forwarder,17,10.432,8.0,0.0,0.0,0,0,8.0,1.0,0.0,0,0.0
89,S1,M1,harvester,17,13.112,8.0,0.0,0.0,0,0,8.0,1.0,0.0,0,0.0
89,S1,M2,forwarder,17,10.432,8.0,0.0,0.0,0,0,8.0,1.0,0.0,0,0.0
90,S1,M1,harvester,17,13.112,8.0,0.0,0.0,0,0,8.0,1.0,0.0,0,0.0
91,S1,M1,harvester,17,13.112,8.0,0.0,0.0,0,0,8.0,1.0,0.0,0,0.0
91,S1,M2,forwarder,17,10.432,8.0,0.0,0.0,0,0,8.0,1.0,0.0,0,0.0
92,S1,M1,harvester,17,13.112,8.0,0.0,0.0,0,0,8.0,1.0,0.0,0,0.0
93,S1,M2,forwarder,17,10.432,8.0,0.0,0.0,0,0,8.0,1.0,0.0,0,0.0
94,S1,M1,harvester,17,9.381314445642817,8.0,0.0,0.0,0,0,8.0,1.0,0.0,0,0.0
94,S1,M2,forwarder,17,7.4638401690776295,8.0,0.0,0.0,0,0,8.0,1.0,0.0,0,0.0
95,S1,M1,harvester,17,13.112,8.0,0.0,0.0,0,0,8.0,1.0,0.0,0,0.0
95,S1,M2,forwarder,17,10.432,8.0,0.0,0.0,0,0,8.0,1.0,0.0,0,0.0
96,S1,M1,harvester,17,13.112,8.0,0.0,0.0,0,0,8.0,1.0,0.0,0,0.0
96,S1,M2,forwarder,17,10.432,8.0,0.0,0.0,0,0,8.0,1.0,0.0,0,0.0
97,S1,M1,harvester,17,13.112,8.0,0.0,0.0,0,0,8.0,1.0,0.0,0,0.0
97,S1,M2,forwarder,17,5.238149849741847,4.016986081090373,3.983013918909627,0.0,0,0,8.0,0.5021232601362966,3.983013918909627,1,0.0
98,S1,M1,harvester,17,13.112,8.0,0.0,0.0,0,0,8.0,1.0,0.0,0,0.0
98,S1,M2,forwarder,17,10.432,8.0,0.0,0.0,0,0,8.0,1.0,0.0,0,0.0
99,S1,M1,harvester,17,13.112,8.0,0.0,0.0,0,0,8.0,1.0,0.0,0,0.0
99,S1,M2,forwarder,17,10.432,8.0,0.0,0.0,0,0,8.0,1.0,0.0,0,0.0
101,S1,M1,harvester,17,8.299,8.0,0.0,0.0,0,0,8.0,1.0,0.0,0,0.0
101,S1,M2,forwarder,17,8.299,8.0,0.0,0.0,0,0,8.0,1.0,0.0,0,0.0
102,S1,M1,harvester,17,8.299,8.0,0.0,0.0,0,0,8.0,1.0,0.0,0,0.0
103,S1,M1,harvester,17,3.3737050730797926,8.0,0.0,0.0,0,0,8.0,1.0,0.0,0,0.3
103,S1,M2,forwarder,17,3.3737050730797926,8.0,0.0,0.0,0,0,8.0,1.0,0.0,0,0.3
104,S1,M1,harvester,17,8.299,8.0,0.0,0.0,0,0,8.0,1.0,0.0,0,0.0
104,S1,M2,forwarder,17,8.299,8.0,0.0,0.0,0,0,8.0,1.0,0.0,0,0.0
105,S1,M1,harvester,17,2.859484804381683,2.756462035793887,5.243537964206113,0.0,0,0,8.0,0.34455775447423587,5.243537964206113,1,0.0
105,S1,M2,forwarder,17,8.299,8.0,0.0,0.0,0,0,8.0,1.0,0.0,0,0.0
106,S1,M1,harvester,17,8.299,8.0,0.0,0.0,0,0,8.0,1.0,0.0,0,0.0
106,S1,M2,forwarder,17,8.299,8.0,0.0,0.0,0,0,8.0,1.0,0.0,0,0.0
12,S1,M2,forwarder,18,8.319,8.0,0.0,0.0,0,0,8.0,1.0,0.0,0,0.0
37,S1,M1,harvester,18,13.112,8.0,0.0,0.0,0,0,8.0,1.0,0.0,0,0.0
37,S1,M2,forwarder,18,6.261822446842215,4.802011078866729,3.1979889211332706,0.0,0,0,8.0,0.6002513848583412,3.1979889211332706,1,0.0
38,S1,M1,harvester,18,13.112,8.0,0.0,0.0,0,0,8.0,1.0,0.0,0,0.0
38,S1,M2,forwarder,18,10.432,8.0,0.0,0.0,0,0,8.0,1.0,0.0,0,0.0
39,S1,M1,harvester,18,13.112,8.0,0.0,0.0,0,0,8.0,1.0,0.0,0,0.0
39,S1,M2,forwarder,18,10.432,8.0,0.0,0.0,0,0,8.0,1.0,0.0,0,0.0
40,S1,M1,harvester,18,13.112,8.0,0.0,0.0,0,0,8.0,1.0,0.0,0,0.0
40,S1,M2,forwarder,18,10.432,8.0,0.0,0.0,0,0,8.0,1.0,0.0,0,0.0
41,S1,M1,harvester,18,13.112,8.0,0.0,0.0,0,0,8.0,1.0,0.0,0,0.0
41,S1,M2,forwarder,18,10.432,8.0,0.0,0.0,0,0,8.0,1.0,0.0,0,0.0
42,S1,M1,harvester,18,13.112,8.0,0.0,0.0,0,0,8.0,1.0,0.0,0,0.0
42,S1,M2,forwarder,18,10.432,8.0,0.0,0.0,0,0,8.0,1.0,0.0,0,0.0
43,S1,M1,harvester,18,13.112,8.0,0.0,0.0,0,0,8.0,1.0,0.0,0,0.0
43,S1,M2,forwarder,18,10.432,8.0,0.0,0.0,0,0,8.0,1.0,0.0,0,0.0
44,S1,M2,forwarder,18,10.432,8.0,0.0,0.0,0,0,8.0,1.0,0.0,0,0.0
45,S1,M1,harvester,18,6.950761050742484,8.0,0.0,0.0,0,0,8.0,1.0,0.0,0,0.0
45,S1,M2,forwarder,18,5.530074685886638,8.0,0.0,0.0,0,0,8.0,1.0,0.0,0,0.0
46,S1,M1,harvester,18,13.112,8.0,0.0,0.0,0,0,8.0,1.0,0.0,0,0.0
46,S1,M2,forwarder,18,10.432,8.0,0.0,0.0,0,0,8.0,1.0,0.0,0,0.0
47,S1,M1,harvester,18,13.112,8.0,0.0,0.0,0,0,8.0,1.0,0.0,0,0.0
47,S1,M2,forwarder,18,10.432,8.0,0.0,0.0,0,0,8.0,1.0,0.0,0,0.0
48,S1,M1,harvester,18,13.112,8.0,0.0,0.0,0,0,8.0,1.0,0.0,0,0.0
48,S1,M2,forwarder,18,10.432,8.0,0.0,0.0,0,0,8.0,1.0,0.0,0,0.0
49,S1,M1,harvester,18,13.112,8.0,0.0,0.0,0,0,8.0,1.0,0.0,0,0.0
49,S1,M2,forwarder,18,10.432,8.0,0.0,0.0,0,0,8.0,1.0,0.0,0,0.0
50,S1,M1,harvester,18,13.112,8.0,0.0,0.0,0,0,8.0,1.0,0.0,0,0.0
50,S1,M2,forwarder,18,10.432,8.0,0.0,0.0,0,0,8.0,1.0,0.0,0,0.0
51,S1,M1,harvester,18,13.112,8.0,0.0,0.0,0,0,8.0,1.0,0.0,0,0.0
51,S1,M2,forwarder,18,3.541560566392724,2.715920679749021,5.284079320250979,0.0,0,0,8.0,0.33949008496862765,5.284079320250979,1,0.0
52,S1,M1,harvester,18,13.112,8.0,0.0,0.0,0,0,8.0,1.0,0.0,0,0.0
52,S1,M2,forwarder,18,10.432,8.0,0.0,0.0,0,0,8.0,1.0,0.0,0,0.0
53,S1,M1,harvester,18,13.112,8.0,0.0,0.0,0,0,8.0,1.0,0.0,0,0.0
54,S1,M1,harvester,18,9.1784,8.0,0.0,0.0,0,0,8.0,1.0,0.0,0,0.3
54,S1,M2,forwarder,18,7.3024,8.0,0.0,0.0,0,0,8.0,1.0,0.0,0,0.3
55,S1,M1,harvester,18,13.112,8.0,0.0,0.0,0,0,8.0,1.0,0.0,0,0.0
55,S1,M2,forwarder,18,6.826138741524617,5.234768973561823,2.765231026438177,0.0,0,0,8.0,0.6543461216952279,2.765231026438177,1,0.0
56,S1,M1,harvester,18,9.1784,8.0,0.0,0.0,0,0,8.0,1.0,0.0,0,0.3
56,S1,M2,forwarder,18,7.3024,8.0,0.0,0.0,0,0,8.0,1.0,0.0,0,0.3
57,S1,M1,harvester,18,9.948,8.0,0.0,0.0,0,0,8.0,1.0,0.0,0,0.0
57,S1,M2,forwarder,18,9.948,8.0,0.0,0.0,0,0,8.0,1.0,0.0,0,0.0
58,S1,M1,harvester,18,9.948,8.0,0.0,0.0,0,0,8.0,1.0,0.0,0,0.0
58,S1,M2,forwarder,18,9.948,8.0,0.0,0.0,0,0,8.0,1.0,0.0,0,0.0
59,S1,M1,harvester,18,9.948,8.0,0.0,0.0,0,0,8.0,1.0,0.0,0,0.0
60,S1,M2,forwarder,18,9.948,8.0,0.0,0.0,0,0,8.0,1.0,0.0,0,0.0
61,S1,M1,harvester,18,9.948,8.0,0.0,0.0,0,0,8.0,1.0,0.0,0,0.0
61,S1,M2,forwarder,18,9.948,8.0,0.0,0.0,0,0,8.0,1.0,0.0,0,0.0
62,S1,M1,harvester,18,13.112,8.0,0.0,0.0,0,0,8.0,1.0,0.0,0,0.0
62,S1,M2,forwarder,18,10.432,8.0,0.0,0.0,0,0,8.0,1.0,0.0,0,0.0
63,S1,M1,harvester,18,13.112,8.0,0.0,0.0,0,0,8.0,1.0,0.0,0,0.0
64,S1,M1,harvester,18,13.112,8.0,0.0,0.0,0,0,8.0,1.0,0.0,0,0.0
64,S1,M2,forwarder,18,10.432,8.0,0.0,0.0,0,0,8.0,1.0,0.0,0,0.0
65,S1,M1,harvester,18,4.028720427821614,4.271598164565315,3.728401835434685,0.0,0,0,8.0,0.5339497705706644,3.7284018354346844,1,0.0
66,S1,M1,harvester,18,13.112,8.0,0.0,0.0,0,0,8.0,1.0,0.0,0,0.0
67,S1,M1,harvester,18,10.07770935186724,6.148693930364393,1.8513060696356067,0.0,0,0,8.0,0.7685867412955492,1.8513060696356072,1,0.0
67,S1,M2,forwarder,18,10.432,8.0,0.0,0.0,0,0,8.0,1.0,0.0,0,0.0
68,S1,M1,harvester,18,13.112,8.0,0.0,0.0,0,0,8.0,1.0,0.0,0,0.0
68,S1,M2,forwarder,18,10.432,8.0,0.0,0.0,0,0,8.0,1.0,0.0,0,0.0
69,S1,M1,harvester,18,13.112,8.0,0.0,0.0,0,0,8.0,1.0,0.0,0,0.0
69,S1,M2,forwarder,18,7.78250165238602,5.96817611379296,2.0318238862070404,0.0,0,0,8.0,0.74602201422412,2.0318238862070404,1,0.0
70,S1,M1,harvester,18,13.112,8.0,0.0,0.0,0,0,8.0,1.0,0.0,0,0.0
70,S1,M2,forwarder,18,10.432,8.0,0.0,0.0,0,0,8.0,1.0,0.0,0,0.0
71,S1,M2,forwarder,18,10.432,8.0,0.0,0.0,0,0,8.0,1.0,0.0,0,0.0
72,S1,M1,harvester,18,13.112,8.0,0.0,0.0,0,0,8.0,1.0,0.0,0,0.0
72,S1,M2,forwarder,18,10.432,8.0,0.0,0.0,0,0,8.0,1.0,0.0,0,0.0
73,S1,M1,harvester,18,13.112,8.0,0.0,0.0,0,0,8.0,1.0,0.0,0,0.0
73,S1,M2,forwarder,18,10.432,8.0,0.0,0.0,0,0,8.0,1.0,0.0,0,0.0
74,S1,M1,harvester,18,13.112,8.0,0.0,0.0,0,0,8.0,1.0,0.0,0,0.0
75,S1,M2,forwarder,18,10.432,8.0,0.0,0.0,0,0,8.0,1.0,0.0,0,0.0
77,S1,M1,harvester,18,13.112,8.0,0.0,0.0,0,0,8.0,1.0,0.0,0,0.0
77,S1,M2,forwarder,18,10.432,8.0,0.0,0.0,0,0,8.0,1.0,0.0,0,0.0
78,S1,M1,harvester,18,9.1784,8.0,0.0,0.0,0,0,8.0,1.0,0.0,0,0.3
78,S1,M2,forwarder,18,7.3024,8.0,0.0,0.0,0,0,8.0,1.0,0.0,0,0.3
79,S1,M1,harvester,18,13.112,8.0,0.0,0.0,0,0,8.0,1.0,0.0,0,0.0
79,S1,M2,forwarder,18,10.432,8.0,0.0,0.0,0,0,8.0,1.0,0.0,0,0.0
80,S1,M1,harvester,18,13.112,8.0,0.0,0.0,0,0,8.0,1.0,0.0,0,0.0
80,S1,M2,forwarder,18,10.432,8.0,0.0,0.0,0,0,8.0,1.0,0.0,0,0.0
81,S1,M1,harvester,18,13.112,8.0,0.0,0.0,0,0,8.0,1.0,0.0,0,0.0
81,S1,M2,forwarder,18,10.432,8.0,0.0,0.0,0,0,8.0,1.0,0.0,0,0.0
82,S1,M1,harvester,18,13.112,8.0,0.0,0.0,0,0,8.0,1.0,0.0,0,0.0
83,S1,M1,harvester,18,13.112,8.0,0.0,0.0,0,0,8.0,1.0,0.0,0,0.0
83,S1,M2,forwarder,18,10.432,8.0,0.0,0.0,0,0,8.0,1.0,0.0,0,0.0
84,S1,M1,harvester,18,13.112,8.0,0.0,0.0,0,0,8.0,1.0,0.0,0,0.0
84,S1,M2,forwarder,18,10.432,8.0,0.0,0.0,0,0,8.0,1.0,0.0,0,0.0
85,S1,M1,harvester,18,13.112,8.0,0.0,0.0,0,0,8.0,1.0,0.0,0,0.0
85,S1,M2,forwarder,18,5.647463675652989,4.330877051881126,3.669122948118874,0.0,0,0,8.0,0.5413596314851408,3.669122948118874,1,0.0
86,S1,M1,harvester,18,13.112,8.0,0.0,0.0,0,0,8.0,1.0,0.0,0,0.0
86,S1,M2,forwarder,18,10.432,8.0,0.0,0.0,0,0,8.0,1.0,0.0,0,0.0
87,S1,M1,harvester,18,13.112,8.0,0.0,0.0,0,0,8.0,1.0,0.0,0,0.0
87,S1,M2,forwarder,18,10.432,8.0,0.0,0.0,0,0,8.0,1.0,0.0,0,0.0
88,S1,M1,harvester,18,13.112,8.0,0.0,0.0,0,0,8.0,1.0,0.0,0,0.0
88,S1,M2,forwarder,18,10.432,8.0,0.0,0.0,0,0,8.0,1.0,0.0,0,0.0
89,S1,M1,harvester,18,13.112,8.0,0.0,0.0,0,0,8.0,1.0,0.0,0,0.0
89,S1,M2,forwarder,18,10.432,8.0,0.0,0.0,0,0,8.0,1.0,0.0,0,0.0
90,S1,M1,harvester,18,13.112,8.0,0.0,0.0,0,0,8.0,1.0,0.0,0,0.0
91,S1,M1,harvester,18,13.112,8.0,0.0,0.0,0,0,8.0,1.0,0.0,0,0.0
91,S1,M2,forwarder,18,10.432,8.0,0.0,0.0,0,0,8.0,1.0,0.0,0,0.0
92,S1,M1,harvester,18,13.112,8.0,0.0,0.0,0,0,8.0,1.0,0.0,0,0.0
93,S1,M2,forwarder,18,10.432,8.0,0.0,0.0,0,0,8.0,1.0,0.0,0,0.0
94,S1,M1,harvester,18,9.816002450142214,5.989019188616361,2.0109808113836394,0.0,0,0,8.0,0.7486273985770451,2.01098081138364,1,0.0
94,S1,M2,forwarder,18,10.432,8.0,0.0,0.0,0,0,8.0,1.0,0.0,0,0.0
95,S1,M1,harvester,18,13.112,8.0,0.0,0.0,0,0,8.0,1.0,0.0,0,0.0
95,S1,M2,forwarder,18,10.432,8.0,0.0,0.0,0,0,8.0,1.0,0.0,0,0.0
96,S1,M1,harvester,18,13.112,8.0,0.0,0.0,0,0,8.0,1.0,0.0,0,0.0
96,S1,M2,forwarder,18,10.432,8.0,0.0,0.0,0,0,8.0,1.0,0.0,0,0.0
97,S1,M1,harvester,18,9.1784,8.0,0.0,0.0,0,0,8.0,1.0,0.0,0,0.3
97,S1,M2,forwarder,18,7.3024,8.0,0.0,0.0,0,0,8.0,1.0,0.0,0,0.3
98,S1,M1,harvester,18,13.112,8.0,0.0,0.0,0,0,8.0,1.0,0.0,0,0.0
98,S1,M2,forwarder,18,10.432,8.0,0.0,0.0,0,0,8.0,1.0,0.0,0,0.0
99,S1,M1,harvester,18,13.112,8.0,0.0,0.0,0,0,8.0,1.0,0.0,0,0.0
99,S1,M2,forwarder,18,10.432,8.0,0.0,0.0,0,0,8.0,1.0,0.0,0,0.0
101,S1,M1,harvester,18,4.520772201597039,8.0,0.0,0.0,0,0,8.0,1.0,0.0,0,0.0
101,S1,M2,forwarder,18,4.520772201597039,8.0,0.0,0.0,0,0,8.0,1.0,0.0,0,0.0
102,S1,M1,harvester,18,8.299,8.0,0.0,0.0,0,0,8.0,1.0,0.0,0,0.0
103,S1,M1,harvester,18,8.299,8.0,0.0,0.0,0,0,8.0,1.0,0.0,0,0.0
103,S1,M2,forwarder,18,8.299,8.0,0.0,0.0,0,0,8.0,1.0,0.0,0,0.0
104,S1,M1,harvester,18,4.333816473271651,4.1776758387966275,3.8223241612033725,0.0,0,0,8.0,0.5222094798495784,3.822324161203372,1,0.0
104,S1,M2,forwarder,18,8.299,8.0,0.0,0.0,0,0,8.0,1.0,0.0,0,0.0
105,S1,M1,harvester,18,8.299,8.0,0.0,0.0,0,0,8.0,1.0,0.0,0,0.0
105,S1,M2,forwarder,18,5.86043275941531,5.649290526005841,2.3507094739941587,0.0,0,0,8.0,0.7061613157507302,2.3507094739941587,1,0.0
106,S1,M1,harvester,18,2.777757522138996,8.0,0.0,0.0,0,0,8.0,1.0,0.0,0,0.3
106,S1,M2,forwarder,18,2.777757522138996,8.0,0.0,0.0,0,0,8.0,1.0,0.0,0,0.3
12,S1,M2,forwarder,19,7.661587961843799,7.367797054303448,0.6322029456965517,0.0,0,0,8.0,0.920974631787931,0.6322029456965517,1,0.0
37,S1,M1,harvester,19,13.112,8.0,0.0,0.0,0,0,8.0,1.0,0.0,0,0.0
37,S1,M2,forwarder,19,10.432,8.0,0.0,0.0,0,0,8.0,1.0,0.0,0,0.0
38,S1,M1,harvester,19,13.112,8.0,0.0,0.0,0,0,8.0,1.0,0.0,0,0.0
38,S1,M2,forwarder,19,10.432,8.0,0.0,0.0,0,0,8.0,1.0,0.0,0,0.0
39,S1,M1,harvester,19,13.112,8.0,0.0,0.0,0,0,8.0,1.0,0.0,0,0.0
39,S1,M2,forwarder,19,10.432,8.0,0.0,0.0,0,0,8.0,1.0,0.0,0,0.0
40,S1,M1,harvester,19,13.112,8.0,0.0,0.0,0,0,8.0,1.0,0.0,0,0.0
40,S1,M2,forwarder,19,10.432,8.0,0.0,0.0,0,0,8.0,1.0,0.0,0,0.0
41,S1,M1,harvester,19,13.112,8.0,0.0,0.0,0,0,8.0,1.0,0.0,0,0.0
41,S1,M2,forwarder,19,10.432,8.0,0.0,0.0,0,0,8.0,1.0,0.0,0,0.0
42,S1,M1,harvester,19,13.112,8.0,0.0,0.0,0,0,8.0,1.0,0.0,0,0.0
42,S1,M2,forwarder,19,10.432,8.0,0.0,0.0,0,0,8.0,1.0,0.0,0,0.0
43,S1,M1,harvester,19,13.112,8.0,0.0,0.0,0,0,8.0,1.0,0.0,0,0.0
43,S1,M2,forwarder,19,10.432,8.0,0.0,0.0,0,0,8.0,1.0,0.0,0,0.0
44,S1,M2,forwarder,19,10.432,8.0,0.0,0.0,0,0,8.0,1.0,0.0,0,0.0
45,S1,M1,harvester,19,13.112,8.0,0.0,0.0,0,0,8.0,1.0,0.0,0,0.0
45,S1,M2,forwarder,19,10.432,8.0,0.0,0.0,0,0,8.0,1.0,0.0,0,0.0
46,S1,M1,harvester,19,13.112,8.0,0.0,0.0,0,0,8.0,1.0,0.0,0,0.0
46,S1,M2,forwarder,19,10.432,8.0,0.0,0.0,0,0,8.0,1.0,0.0,0,0.0
47,S1,M1,harvester,19,13.112,8.0,0.0,0.0,0,0,8.0,1.0,0.0,0,0.0
47,S1,M2,forwarder,19,10.432,8.0,0.0,0.0,0,0,8.0,1.0,0.0,0,0.0
48,S1,M1,harvester,19,13.112,8.0,0.0,0.0,0,0,8.0,1.0,0.0,0,0.0
48,S1,M2,forwarder,19,10.432,8.0,0.0,0.0,0,0,8.0,1.0,0.0,0,0.0
49,S1,M1,harvester,19,13.112,8.0,0.0,0.0,0,0,8.0,1.0,0.0,0,0.0
49,S1,M2,forwarder,19,10.432,8.0,0.0,0.0,0,0,8.0,1.0,0.0,0,0.0
50,S1,M1,harvester,19,9.1784,8.0,0.0,0.0,0,0,8.0,1.0,0.0,0,0.3
50,S1,M2,forwarder,19,7.3024,8.0,0.0,0.0,0,0,8.0,1.0,0.0,0,0.3
51,S1,M1,harvester,19,13.112,8.0,0.0,0.0,0,0,8.0,1.0,0.0,0,0.0
51,S1,M2,forwarder,19,10.432,8.0,0.0,0.0,0,0,8.0,1.0,0.0,0,0.0
52,S1,M1,harvester,19,13.112,8.0,0.0,0.0,0,0,8.0,1.0,0.0,0,0.0
52,S1,M2,forwarder,19,10.432,8.0,0.0,0.0,0,0,8.0,1.0,0.0,0,0.0
53,S1,M1,harvester,19,13.112,8.0,0.0,0.0,0,0,8.0,1.0,0.0,0,0.0
54,S1,M1,harvester,19,13.112,8.0,0.0,0.0,0,0,8.0,1.0,0.0,0,0.0
54,S1,M2,forwarder,19,10.432,8.0,0.0,0.0,0,0,8.0,1.0,0.0,0,0.0
55,S1,M1,harvester,19,13.112,8.0,0.0,0.0,0,0,8.0,1.0,0.0,0,0.0
55,S1,M2,forwarder,19,10.432,8.0,0.0,0.0,0,0,8.0,1.0,0.0,0,0.0
56,S1,M1,harvester,19,13.112,8.0,0.0,0.0,0,0,8.0,1.0,0.0,0,0.0
56,S1,M2,forwarder,19,10.432,8.0,0.0,0.0,0,0,8.0,1.0,0.0,0,0.0
57,S1,M1,harvester,19,9.948,8.0,0.0,0.0,0,0,8.0,1.0,0.0,0,0.0
57,S1,M2,forwarder,19,9.948,8.0,0.0,0.0,0,0,8.0,1.0,0.0,0,0.0
58,S1,M1,harvester,19,9.948,8.0,0.0,0.0,0,0,8.0,1.0,0.0,0,0.0
58,S1,M2,forwarder,19,9.948,8.0,0.0,0.0,0,0,8.0,1.0,0.0,0,0.0
59,S1,M1,harvester,19,9.948,8.0,0.0,0.0,0,0,8.0,1.0,0.0,0,0.0
60,S1,M2,forwarder,19,9.948,8.0,0.0,0.0,0,0,8.0,1.0,0.0,0,0.0
61,S1,M1,harvester,19,6.9636,8.0,0.0,0.0,0,0,8.0,1.0,0.0,0,0.3
61,S1,M2,forwarder,19,6.9636,8.0,0.0,0.0,0,0,8.0,1.0,0.0,0,0.3
62,S1,M1,harvester,19,13.112,8.0,0.0,0.0,0,0,8.0,1.0,0.0,0,0.0
62,S1,M2,forwarder,19,10.432,8.0,0.0,0.0,0,0,8.0,1.0,0.0,0,0.0
63,S1,M1,harvester,19,9.999341414804942,8.0,0.0,0.0,0,0,8.0,1.0,0.0,0,0.0
64,S1,M1,harvester,19,13.112,8.0,0.0,0.0,0,0,8.0,1.0,0.0,0,0.0
64,S1,M2,forwarder,19,10.432,8.0,0.0,0.0,0,0,8.0,1.0,0.0,0,0.0
65,S1,M1,harvester,19,13.112,8.0,0.0,0.0,0,0,8.0,1.0,0.0,0,0.0
66,S1,M1,harvester,19,13.112,8.0,0.0,0.0,0,0,8.0,1.0,0.0,0,0.0
67,S1,M1,harvester,19,9.1784,8.0,0.0,0.0,0,0,8.0,1.0,0.0,0,0.3
67,S1,M2,forwarder,19,7.3024,8.0,0.0,0.0,0,0,8.0,1.0,0.0,0,0.3
68,S1,M1,harvester,19,13.112,8.0,0.0,0.0,0,0,8.0,1.0,0.0,0,0.0
68,S1,M2,forwarder,19,10.432,8.0,0.0,0.0,0,0,8.0,1.0,0.0,0,0.0
69,S1,M1,harvester,19,13.112,8.0,0.0,0.0,0,0,8.0,1.0,0.0,0,0.0
69,S1,M2,forwarder,19,10.432,8.0,0.0,0.0,0,0,8.0,1.0,0.0,0,0.0
70,S1,M1,harvester,19,13.112,8.0,0.0,0.0,0,0,8.0,1.0,0.0,0,0.0
70,S1,M2,forwarder,19,10.432,8.0,0.0,0.0,0,0,8.0,1.0,0.0,0,0.0
71,S1,M2,forwarder,19,10.432,8.0,0.0,0.0,0,0,8.0,1.0,0.0,0,0.0
72,S1,M1,harvester,19,13.112,8.0,0.0,0.0,0,0,8.0,1.0,0.0,0,0.0
72,S1,M2,forwarder,19,6.909446889281269,5.2986555899396235,2.7013444100603765,0.0,0,0,8.0,0.6623319487424529,2.7013444100603765,1,0.0
73,S1,M1,harvester,19,13.112,8.0,0.0,0.0,0,0,8.0,1.0,0.0,0,0.0
73,S1,M2,forwarder,19,10.432,8.0,0.0,0.0,0,0,8.0,1.0,0.0,0,0.0
74,S1,M1,harvester,19,13.112,8.0,0.0,0.0,0,0,8.0,1.0,0.0,0,0.0
75,S1,M2,forwarder,19,10.432,8.0,0.0,0.0,0,0,8.0,1.0,0.0,0,0.0
77,S1,M1,harvester,19,9.1784,8.0,0.0,0.0,0,0,8.0,1.0,0.0,0,0.3
77,S1,M2,forwarder,19,7.3024,8.0,0.0,0.0,0,0,8.0,1.0,0.0,0,0.3
78,S1,M1,harvester,19,13.112,8.0,0.0,0.0,0,0,8.0,1.0,0.0,0,0.0
78,S1,M2,forwarder,19,10.432,8.0,0.0,0.0,0,0,8.0,1.0,0.0,0,0.0
79,S1,M1,harvester,19,13.112,8.0,0.0,0.0,0,0,8.0,1.0,0.0,0,0.0
79,S1,M2,forwarder,19,10.432,8.0,0.0,0.0,0,0,8.0,1.0,0.0,0,0.0
80,S1,M1,harvester,19,13.112,8.0,0.0,0.0,0,0,8.0,1.0,0.0,0,0.0
80,S1,M2,forwarder,19,10.432,8.0,0.0,0.0,0,0,8.0,1.0,0.0,0,0.0
81,S1,M1,harvester,19,13.112,8.0,0.0,0.0,0,0,8.0,1.0,0.0,0,0.0
81,S1,M2,forwarder,19,10.432,8.0,0.0,0.0,0,0,8.0,1.0,0.0,0,0.0
82,S1,M1,harvester,19,13.112,8.0,0.0,0.0,0,0,8.0,1.0,0.0,0,0.0
83,S1,M1,harvester,19,13.112,8.0,0.0,0.0,0,0,8.0,1.0,0.0,0,0.0
83,S1,M2,forwarder,19,10.432,8.0,0.0,0.0,0,0,8.0,1.0,0.0,0,0.0
84,S1,M1,harvester,19,13.112,8.0,0.0,0.0,0,0,8.0,1.0,0.0,0,0.0
84,S1,M2,forwarder,19,10.432,8.0,0.0,0.0,0,0,8.0,1.0,0.0,0,0.0
85,S1,M1,harvester,19,13.112,8.0,0.0,0.0,0,0,8.0,1.0,0.0,0,0.0
85,S1,M2,forwarder,19,10.432,8.0,0.0,0.0,0,0,8.0,1.0,0.0,0,0.0
86,S1,M1,harvester,19,13.112,8.0,0.0,0.0,0,0,8.0,1.0,0.0,0,0.0
86,S1,M2,forwarder,19,10.432,8.0,0.0,0.0,0,0,8.0,1.0,0.0,0,0.0
87,S1,M1,harvester,19,13.112,8.0,0.0,0.0,0,0,8.0,1.0,0.0,0,0.0
87,S1,M2,forwarder,19,10.432,8.0,0.0,0.0,0,0,8.0,1.0,0.0,0,0.0
88,S1,M1,harvester,19,13.112,8.0,0.0,0.0,0,0,8.0,1.0,0.0,0,0.0
88,S1,M2,forwarder,19,10.432,8.0,0.0,0.0,0,0,8.0,1.0,0.0,0,0.0
89,S1,M1,harvester,19,13.112,8.0,0.0,0.0,0,0,8.0,1.0,0.0,0,0.0
89,S1,M2,forwarder,19,10.432,8.0,0.0,0.0,0,0,8.0,1.0,0.0,0,0.0
90,S1,M1,harvester,19,13.112,8.0,0.0,0.0,0,0,8.0,1.0,0.0,0,0.0
91,S1,M1,harvester,19,13.112,8.0,0.0,0.0,0,0,8.0,1.0,0.0,0,0.0
91,S1,M2,forwarder,19,10.432,8.0,0.0,0.0,0,0,8.0,1.0,0.0,0,0.0
92,S1,M1,harvester,19,9.1784,8.0,0.0,0.0,0,0,8.0,1.0,0.0,0,0.3
93,S1,M2,forwarder,19,5.819958489359715,4.463158350735978,3.536841649264022,0.0,0,0,8.0,0.5578947938419972,3.536841649264022,1,0.0
94,S1,M1,harvester,19,9.1784,8.0,0.0,0.0,0,0,8.0,1.0,0.0,0,0.3
94,S1,M2,forwarder,19,7.3024,8.0,0.0,0.0,0,0,8.0,1.0,0.0,0,0.3
95,S1,M1,harvester,19,13.112,8.0,0.0,0.0,0,0,8.0,1.0,0.0,0,0.0
95,S1,M2,forwarder,19,10.432,8.0,0.0,0.0,0,0,8.0,1.0,0.0,0,0.0
96,S1,M1,harvester,19,13.112,8.0,0.0,0.0,0,0,8.0,1.0,0.0,0,0.0
96,S1,M2,forwarder,19,10.432,8.0,0.0,0.0,0,0,8.0,1.0,0.0,0,0.0
97,S1,M1,harvester,19,13.112,8.0,0.0,0.0,0,0,8.0,1.0,0.0,0,0.0
97,S1,M2,forwarder,19,10.432,8.0,0.0,0.0,0,0,8.0,1.0,0.0,0,0.0
98,S1,M1,harvester,19,13.112,8.0,0.0,0.0,0,0,8.0,1.0,0.0,0,0.0
98,S1,M2,forwarder,19,10.432,8.0,0.0,0.0,0,0,8.0,1.0,0.0,0,0.0
99,S1,M1,harvester,19,13.112,8.0,0.0,0.0,0,0,8.0,1.0,0.0,0,0.0
99,S1,M2,forwarder,19,10.432,8.0,0.0,0.0,0,0,8.0,1.0,0.0,0,0.0
101,S1,M1,harvester,19,8.299,8.0,0.0,0.0,0,0,8.0,1.0,0.0,0,0.0
101,S1,M2,forwarder,19,8.299,8.0,0.0,0.0,0,0,8.0,1.0,0.0,0,0.0
102,S1,M1,harvester,19,8.299,8.0,0.0,0.0,0,0,8.0,1.0,0.0,0,0.0
103,S1,M1,harvester,19,5.900216405375711,5.687640829377719,2.3123591706222806,0.0,0,0,8.0,0.7109551036722149,2.3123591706222806,1,0.0
103,S1,M2,forwarder,19,8.299,8.0,0.0,0.0,0,0,8.0,1.0,0.0,0,0.0
104,S1,M1,harvester,19,8.299,8.0,0.0,0.0,0,0,8.0,1.0,0.0,0,0.0
104,S1,M2,forwarder,19,8.299,8.0,0.0,0.0,0,0,8.0,1.0,0.0,0,0.0
105,S1,M1,harvester,19,3.082507549269668,2.9714496197321782,5.028550380267822,0.0,0,0,8.0,0.3714312024665223,5.028550380267822,1,0.0
105,S1,M2,forwarder,19,8.299,8.0,0.0,0.0,0,0,8.0,1.0,0.0,0,0.0
106,S1,M1,harvester,19,8.299,8.0,0.0,0.0,0,0,8.0,1.0,0.0,0,0.0
106,S1,M2,forwarder,19,8.299,8.0,0.0,0.0,0,0,8.0,1.0,0.0,0,0.0
12,S1,M2,forwarder,20,8.319,8.0,0.0,0.0,0,0,8.0,1.0,0.0,0,0.0
37,S1,M1,harvester,20,13.112,8.0,0.0,0.0,0,0,8.0,1.0,0.0,0,0.0
37,S1,M2,forwarder,20,10.432,8.0,0.0,0.0,0,0,8.0,1.0,0.0,0,0.0
38,S1,M1,harvester,20,13.112,8.0,0.0,0.0,0,0,8.0,1.0,0.0,0,0.0
38,S1,M2,forwarder,20,10.432,8.0,0.0,0.0,0,0,8.0,1.0,0.0,0,0.0
39,S1,M1,harvester,20,13.112,8.0,0.0,0.0,0,0,8.0,1.0,0.0,0,0.0
39,S1,M2,forwarder,20,10.432,8.0,0.0,0.0,0,0,8.0,1.0,0.0,0,0.0
40,S1,M1,harvester,20,9.1784,8.0,0.0,0.0,0,0,8.0,1.0,0.0,0,0.3
40,S1,M2,forwarder,20,7.3024,8.0,0.0,0.0,0,0,8.0,1.0,0.0,0,0.3
41,S1,M1,harvester,20,13.112,8.0,0.0,0.0,0,0,8.0,1.0,0.0,0,0.0
41,S1,M2,forwarder,20,10.432,8.0,0.0,0.0,0,0,8.0,1.0,0.0,0,0.0
42,S1,M1,harvester,20,13.112,8.0,0.0,0.0,0,0,8.0,1.0,0.0,0,0.0
42,S1,M2,forwarder,20,10.432,8.0,0.0,0.0,0,0,8.0,1.0,0.0,0,0.0
43,S1,M1,harvester,20,13.112,8.0,0.0,0.0,0,0,8.0,1.0,0.0,0,0.0
43,S1,M2,forwarder,20,10.432,8.0,0.0,0.0,0,0,8.0,1.0,0.0,0,0.0
44,S1,M2,forwarder,20,10.432,8.0,0.0,0.0,0,0,8.0,1.0,0.0,0,0.0
45,S1,M1,harvester,20,13.112,8.0,0.0,0.0,0,0,8.0,1.0,0.0,0,0.0
45,S1,M2,forwarder,20,10.432,8.0,0.0,0.0,0,0,8.0,1.0,0.0,0,0.0
46,S1,M1,harvester,20,13.112,8.0,0.0,0.0,0,0,8.0,1.0,0.0,0,0.0
46,S1,M2,forwarder,20,10.432,8.0,0.0,0.0,0,0,8.0,1.0,0.0,0,0.0
47,S1,M1,harvester,20,5.298963463361821,8.0,0.0,0.0,0,0,8.0,1.0,0.0,0,0.0
47,S1,M2,forwarder,20,4.215892834791833,8.0,0.0,0.0,0,0,8.0,1.0,0.0,0,0.0
48,S1,M1,harvester,20,13.112,8.0,0.0,0.0,0,0,8.0,1.0,0.0,0,0.0
48,S1,M2,forwarder,20,10.432,8.0,0.0,0.0,0,0,8.0,1.0,0.0,0,0.0
49,S1,M1,harvester,20,4.290226934776684,2.6175881237197585,5.3824118762802415,0.0,0,0,8.0,0.3271985154649698,5.3824118762802415,1,0.0
49,S1,M2,forwarder,20,10.432,8.0,0.0,0.0,0,0,8.0,1.0,0.0,0,0.0
50,S1,M1,harvester,20,13.112,8.0,0.0,0.0,0,0,8.0,1.0,0.0,0,0.0
50,S1,M2,forwarder,20,10.432,8.0,0.0,0.0,0,0,8.0,1.0,0.0,0,0.0
51,S1,M1,harvester,20,13.112,8.0,0.0,0.0,0,0,8.0,1.0,0.0,0,0.0
51,S1,M2,forwarder,20,10.432,8.0,0.0,0.0,0,0,8.0,1.0,0.0,0,0.0
52,S1,M1,harvester,20,9.1784,8.0,0.0,0.0,0,0,8.0,1.0,0.0,0,0.3
52,S1,M2,forwarder,20,7.3024,8.0,0.0,0.0,0,0,8.0,1.0,0.0,0,0.3
53,S1,M1,harvester,20,13.112,8.0,0.0,0.0,0,0,8.0,1.0,0.0,0,0.0
54,S1,M1,harvester,20,13.112,8.0,0.0,0.0,0,0,8.0,1.0,0.0,0,0.0
54,S1,M2,forwarder,20,10.432,8.0,0.0,0.0,0,0,8.0,1.0,0.0,0,0.0
55,S1,M1,harvester,20,9.1784,8.0,0.0,0.0,0,0,8.0,1.0,0.0,0,0.3
55,S1,M2,forwarder,20,7.3024,8.0,0.0,0.0,0,0,8.0,1.0,0.0,0,0.3
56,S1,M1,harvester,20,13.112,8.0,0.0,0.0,0,0,8.0,1.0,0.0,0,0.0
56,S1,M2,forwarder,20,10.432,8.0,0.0,0.0,0,0,8.0,1.0,0.0,0,0.0
57,S1,M1,harvester,20,9.948,8.0,0.0,0.0,0,0,8.0,1.0,0.0,0,0.0
57,S1,M2,forwarder,20,9.948,8.0,0.0,0.0,0,0,8.0,1.0,0.0,0,0.0
58,S1,M1,harvester,20,4.76168459235449,3.8292598249734535,4.1707401750265465,0.0,0,0,8.0,0.4786574781216817,4.1707401750265465,1,0.0
58,S1,M2,forwarder,20,9.567642509485605,7.694123449526019,0.30587655047398066,0.0,0,0,8.0,0.9617654311907524,0.30587655047398066,1,0.0
59,S1,M1,harvester,20,6.9636,8.0,0.0,0.0,0,0,8.0,1.0,0.0,0,0.3
60,S1,M2,forwarder,20,9.948,8.0,0.0,0.0,0,0,8.0,1.0,0.0,0,0.0
61,S1,M1,harvester,20,9.948,8.0,0.0,0.0,0,0,8.0,1.0,0.0,0,0.0
61,S1,M2,forwarder,20,6.064400624312939,4.87688027689018,3.12311972310982,0.0,0,0,8.0,0.6096100346112725,3.1231197231098196,1,0.0
62,S1,M1,harvester,20,13.112,8.0,0.0,0.0,0,0,8.0,1.0,0.0,0,0.0
62,S1,M2,forwarder,20,10.432,8.0,0.0,0.0,0,0,8.0,1.0,0.0,0,0.0
63,S1,M1,harvester,20,13.112,8.0,0.0,0.0,0,0,8.0,1.0,0.0,0,0.0
64,S1,M1,harvester,20,13.112,8.0,0.0,0.0,0,0,8.0,1.0,0.0,0,0.0
64,S1,M2,forwarder,20,10.432,8.0,0.0,0.0,0,0,8.0,1.0,0.0,0,0.0
65,S1,M1,harvester,20,13.112,8.0,0.0,0.0,0,0,8.0,1.0,0.0,0,0.0
66,S1,M1,harvester,20,13.112,8.0,0.0,0.0,0,0,8.0,1.0,0.0,0,0.0
67,S1,M1,harvester,20,5.831302659817747,8.0,0.0,0.0,0,0,8.0,1.0,0.0,0,0.0
67,S1,M2,forwarder,20,4.639425667115523,8.0,0.0,0.0,0,0,8.0,1.0,0.0,0,0.0
68,S1,M1,harvester,20,13.112,8.0,0.0,0.0,0,0,8.0,1.0,0.0,0,0.0
68,S1,M2,forwarder,20,10.432,8.0,0.0,0.0,0,0,8.0,1.0,0.0,0,0.0
69,S1,M1,harvester,20,4.434196678127295,2.7054281135614975,5.2945718864385025,0.0,0,0,8.0,0.3381785141951872,5.2945718864385025,1,0.0
69,S1,M2,forwarder,20,10.432,8.0,0.0,0.0,0,0,8.0,1.0,0.0,0,0.0
70,S1,M1,harvester,20,13.112,8.0,0.0,0.0,0,0,8.0,1.0,0.0,0,0.0
70,S1,M2,forwarder,20,10.432,8.0,0.0,0.0,0,0,8.0,1.0,0.0,0,0.0
71,S1,M2,forwarder,20,10.432,8.0,0.0,0.0,0,0,8.0,1.0,0.0,0,0.0
72,S1,M1,harvester,20,13.112,8.0,0.0,0.0,0,0,8.0,1.0,0.0,0,0.0
72,S1,M2,forwarder,20,10.432,8.0,0.0,0.0,0,0,8.0,1.0,0.0,0,0.0
73,S1,M1,harvester,20,8.257352328971567,8.0,0.0,0.0,0,0,8.0,1.0,0.0,0,0.0
73,S1,M2,forwarder,20,6.569607954227531,8.0,0.0,0.0,0,0,8.0,1.0,0.0,0,0.0
74,S1,M1,harvester,20,13.112,8.0,0.0,0.0,0,0,8.0,1.0,0.0,0,0.0
75,S1,M2,forwarder,20,10.432,8.0,0.0,0.0,0,0,8.0,1.0,0.0,0,0.0
77,S1,M1,harvester,20,13.112,8.0,0.0,0.0,0,0,8.0,1.0,0.0,0,0.0
77,S1,M2,forwarder,20,10.432,8.0,0.0,0.0,0,0,8.0,1.0,0.0,0,0.0
78,S1,M1,harvester,20,13.112,8.0,0.0,0.0,0,0,8.0,1.0,0.0,0,0.0
78,S1,M2,forwarder,20,10.432,8.0,0.0,0.0,0,0,8.0,1.0,0.0,0,0.0
79,S1,M1,harvester,20,13.112,8.0,0.0,0.0,0,0,8.0,1.0,0.0,0,0.0
79,S1,M2,forwarder,20,10.432,8.0,0.0,0.0,0,0,8.0,1.0,0.0,0,0.0
80,S1,M1,harvester,20,13.112,8.0,0.0,0.0,0,0,8.0,1.0,0.0,0,0.0
80,S1,M2,forwarder,20,10.432,8.0,0.0,0.0,0,0,8.0,1.0,0.0,0,0.0
81,S1,M1,harvester,20,13.112,8.0,0.0,0.0,0,0,8.0,1.0,0.0,0,0.0
81,S1,M2,forwarder,20,10.432,8.0,0.0,0.0,0,0,8.0,1.0,0.0,0,0.0
82,S1,M1,harvester,20,9.1784,8.0,0.0,0.0,0,0,8.0,1.0,0.0,0,0.3
83,S1,M1,harvester,20,8.165248317752088,8.0,0.0,0.0,0,0,8.0,1.0,0.0,0,0.0
83,S1,M2,forwarder,20,6.4963293510364375,8.0,0.0,0.0,0,0,8.0,1.0,0.0,0,0.0
84,S1,M1,harvester,20,13.112,8.0,0.0,0.0,0,0,8.0,1.0,0.0,0,0.0
84,S1,M2,forwarder,20,10.432,8.0,0.0,0.0,0,0,8.0,1.0,0.0,0,0.0
85,S1,M1,harvester,20,13.112,8.0,0.0,0.0,0,0,8.0,1.0,0.0,0,0.0
85,S1,M2,forwarder,20,4.311997451326623,3.306746511753545,4.693253488246455,0.0,0,0,8.0,0.4133433139691931,4.693253488246455,1,0.0
86,S1,M1,harvester,20,13.112,8.0,0.0,0.0,0,0,8.0,1.0,0.0,0,0.0
86,S1,M2,forwarder,20,10.432,8.0,0.0,0.0,0,0,8.0,1.0,0.0,0,0.0
87,S1,M1,harvester,20,13.112,8.0,0.0,0.0,0,0,8.0,1.0,0.0,0,0.0
87,S1,M2,forwarder,20,10.432,8.0,0.0,0.0,0,0,8.0,1.0,0.0,0,0.0
88,S1,M1,harvester,20,13.112,8.0,0.0,0.0,0,0,8.0,1.0,0.0,0,0.0
88,S1,M2,forwarder,20,4.017036372406853,3.0805493653426783,4.919450634657322,0.0,0,0,8.0,0.3850686706678348,4.919450634657322,1,0.0
89,S1,M1,harvester,20,13.112,8.0,0.0,0.0,0,0,8.0,1.0,0.0,0,0.0
89,S1,M2,forwarder,20,10.432,8.0,0.0,0.0,0,0,8.0,1.0,0.0,0,0.0
90,S1,M1,harvester,20,13.112,8.0,0.0,0.0,0,0,8.0,1.0,0.0,0,0.0
91,S1,M1,harvester,20,9.1784,8.0,0.0,0.0,0,0,8.0,1.0,0.0,0,0.3
91,S1,M2,forwarder,20,7.3024,8.0,0.0,0.0,0,0,8.0,1.0,0.0,0,0.3
92,S1,M1,harvester,20,13.112,8.0,0.0,0.0,0,0,8.0,1.0,0.0,0,0.0
93,S1,M2,forwarder,20,10.432,8.0,0.0,0.0,0,0,8.0,1.0,0.0,0,0.0
94,S1,M1,harvester,20,13.112,8.0,0.0,0.0,0,0,8.0,1.0,0.0,0,0.0
94,S1,M2,forwarder,20,10.432,8.0,0.0,0.0,0,0,8.0,1.0,0.0,0,0.0
95,S1,M1,harvester,20,13.112,8.0,0.0,0.0,0,0,8.0,1.0,0.0,0,0.0
95,S1,M2,forwarder,20,10.432,8.0,0.0,0.0,0,0,8.0,1.0,0.0,0,0.0
96,S1,M1,harvester,20,13.112,8.0,0.0,0.0,0,0,8.0,1.0,0.0,0,0.0
96,S1,M2,forwarder,20,10.432,8.0,0.0,0.0,0,0,8.0,1.0,0.0,0,0.0
97,S1,M1,harvester,20,13.112,8.0,0.0,0.0,0,0,8.0,1.0,0.0,0,0.0
97,S1,M2,forwarder,20,10.432,8.0,0.0,0.0,0,0,8.0,1.0,0.0,0,0.0
98,S1,M1,harvester,20,13.112,8.0,0.0,0.0,0,0,8.0,1.0,0.0,0,0.0
98,S1,M2,forwarder,20,10.432,8.0,0.0,0.0,0,0,8.0,1.0,0.0,0,0.0
99,S1,M1,harvester,20,13.112,8.0,0.0,0.0,0,0,8.0,1.0,0.0,0,0.0
99,S1,M2,forwarder,20,10.432,8.0,0.0,0.0,0,0,8.0,1.0,0.0,0,0.0
101,S1,M1,harvester,20,8.299,8.0,0.0,0.0,0,0,8.0,1.0,0.0,0,0.0
101,S1,M2,forwarder,20,8.299,8.0,0.0,0.0,0,0,8.0,1.0,0.0,0,0.0
102,S1,M1,harvester,20,8.299,8.0,0.0,0.0,0,0,8.0,1.0,0.0,0,0.0
103,S1,M1,harvester,20,8.299,8.0,0.0,0.0,0,0,8.0,1.0,0.0,0,0.0
103,S1,M2,forwarder,20,8.299,8.0,0.0,0.0,0,0,8.0,1.0,0.0,0,0.0
104,S1,M1,harvester,20,8.299,8.0,0.0,0.0,0,0,8.0,1.0,0.0,0,0.0
104,S1,M2,forwarder,20,8.299,8.0,0.0,0.0,0,0,8.0,1.0,0.0,0,0.0
105,S1,M1,harvester,20,8.299,8.0,0.0,0.0,0,0,8.0,1.0,0.0,0,0.0
105,S1,M2,forwarder,20,8.299,8.0,0.0,0.0,0,0,8.0,1.0,0.0,0,0.0
106,S1,M1,harvester,20,8.299,8.0,0.0,0.0,0,0,8.0,1.0,0.0,0,0.0
106,S1,M2,forwarder,20,8.299,8.0,0.0,0.0,0,0,8.0,1.0,0.0,0,0.0
12,S1,M2,forwarder,21,8.319,8.0,0.0,0.0,0,0,8.0,1.0,0.0,0,0.0
37,S1,M1,harvester,21,13.112,8.0,0.0,0.0,0,0,8.0,1.0,0.0,0,0.0
37,S1,M2,forwarder,21,10.432,8.0,0.0,0.0,0,0,8.0,1.0,0.0,0,0.0
38,S1,M1,harvester,21,13.112,8.0,0.0,0.0,0,0,8.0,1.0,0.0,0,0.0
38,S1,M2,forwarder,21,10.432,8.0,0.0,0.0,0,0,8.0,1.0,0.0,0,0.0
39,S1,M1,harvester,21,13.112,8.0,0.0,0.0,0,0,8.0,1.0,0.0,0,0.0
39,S1,M2,forwarder,21,10.432,8.0,0.0,0.0,0,0,8.0,1.0,0.0,0,0.0
40,S1,M1,harvester,21,13.112,8.0,0.0,0.0,0,0,8.0,1.0,0.0,0,0.0
40,S1,M2,forwarder,21,10.432,8.0,0.0,0.0,0,0,8.0,1.0,0.0,0,0.0
41,S1,M1,harvester,21,13.112,8.0,0.0,0.0,0,0,8.0,1.0,0.0,0,0.0
41,S1,M2,forwarder,21,10.432,8.0,0.0,0.0,0,0,8.0,1.0,0.0,0,0.0
42,S1,M1,harvester,21,13.112,8.0,0.0,0.0,0,0,8.0,1.0,0.0,0,0.0
42,S1,M2,forwarder,21,10.432,8.0,0.0,0.0,0,0,8.0,1.0,0.0,0,0.0
43,S1,M1,harvester,21,13.112,8.0,0.0,0.0,0,0,8.0,1.0,0.0,0,0.0
43,S1,M2,forwarder,21,10.432,8.0,0.0,0.0,0,0,8.0,1.0,0.0,0,0.0
44,S1,M2,forwarder,21,10.432,8.0,0.0,0.0,0,0,8.0,1.0,0.0,0,0.0
45,S1,M1,harvester,21,9.1784,8.0,0.0,0.0,0,0,8.0,1.0,0.0,0,0.3
45,S1,M2,forwarder,21,7.3024,8.0,0.0,0.0,0,0,8.0,1.0,0.0,0,0.3
46,S1,M1,harvester,21,13.112,8.0,0.0,0.0,0,0,8.0,1.0,0.0,0,0.0
46,S1,M2,forwarder,21,10.432,8.0,0.0,0.0,0,0,8.0,1.0,0.0,0,0.0
47,S1,M1,harvester,21,13.112,8.0,0.0,0.0,0,0,8.0,1.0,0.0,0,0.0
47,S1,M2,forwarder,21,10.432,8.0,0.0,0.0,0,0,8.0,1.0,0.0,0,0.0
48,S1,M1,harvester,21,13.112,8.0,0.0,0.0,0,0,8.0,1.0,0.0,0,0.0
48,S1,M2,forwarder,21,10.432,8.0,0.0,0.0,0,0,8.0,1.0,0.0,0,0.0
49,S1,M1,harvester,21,13.112,8.0,0.0,0.0,0,0,8.0,1.0,0.0,0,0.0
49,S1,M2,forwarder,21,10.432,8.0,0.0,0.0,0,0,8.0,1.0,0.0,0,0.0
50,S1,M1,harvester,21,13.112,8.0,0.0,0.0,0,0,8.0,1.0,0.0,0,0.0
50,S1,M2,forwarder,21,10.432,8.0,0.0,0.0,0,0,8.0,1.0,0.0,0,0.0
51,S1,M1,harvester,21,13.112,8.0,0.0,0.0,0,0,8.0,1.0,0.0,0,0.0
51,S1,M2,forwarder,21,10.432,8.0,0.0,0.0,0,0,8.0,1.0,0.0,0,0.0
52,S1,M1,harvester,21,13.112,8.0,0.0,0.0,0,0,8.0,1.0,0.0,0,0.0
52,S1,M2,forwarder,21,10.432,8.0,0.0,0.0,0,0,8.0,1.0,0.0,0,0.0
53,S1,M1,harvester,21,9.1784,8.0,0.0,0.0,0,0,8.0,1.0,0.0,0,0.3
54,S1,M1,harvester,21,13.112,8.0,0.0,0.0,0,0,8.0,1.0,0.0,0,0.0
54,S1,M2,forwarder,21,10.432,8.0,0.0,0.0,0,0,8.0,1.0,0.0,0,0.0
55,S1,M1,harvester,21,13.112,8.0,0.0,0.0,0,0,8.0,1.0,0.0,0,0.0
55,S1,M2,forwarder,21,10.432,8.0,0.0,0.0,0,0,8.0,1.0,0.0,0,0.0
56,S1,M1,harvester,21,13.112,8.0,0.0,0.0,0,0,8.0,1.0,0.0,0,0.0
56,S1,M2,forwarder,21,10.432,8.0,0.0,0.0,0,0,8.0,1.0,0.0,0,0.0
57,S1,M1,harvester,21,1.974821226103948,3.54124995976482,4.45875004023518,0.0,0,0,8.0,0.4426562449706025,4.45875004023518,1,0.0
57,S1,M2,forwarder,21,4.461297561124657,8.0,0.0,0.0,0,0,8.0,1.0,0.0,0,0.0
58,S1,M1,harvester,21,9.948,8.0,0.0,0.0,0,0,8.0,1.0,0.0,0,0.0
58,S1,M2,forwarder,21,9.948,8.0,0.0,0.0,0,0,8.0,1.0,0.0,0,0.0
59,S1,M1,harvester,21,9.948,8.0,0.0,0.0,0,0,8.0,1.0,0.0,0,0.0
60,S1,M2,forwarder,21,9.948,8.0,0.0,0.0,0,0,8.0,1.0,0.0,0,0.0
61,S1,M1,harvester,21,9.948,8.0,0.0,0.0,0,0,8.0,1.0,0.0,0,0.0
61,S1,M2,forwarder,21,9.948,8.0,0.0,0.0,0,0,8.0,1.0,0.0,0,0.0
62,S1,M1,harvester,21,13.112,8.0,0.0,0.0,0,0,8.0,1.0,0.0,0,0.0
62,S1,M2,forwarder,21,10.432,8.0,0.0,0.0,0,0,8.0,1.0,0.0,0,0.0
63,S1,M1,harvester,21,13.112,8.0,0.0,0.0,0,0,8.0,1.0,0.0,0,0.0
64,S1,M1,harvester,21,13.112,8.0,0.0,0.0,0,0,8.0,1.0,0.0,0,0.0
64,S1,M2,forwarder,21,10.432,8.0,0.0,0.0,0,0,8.0,1.0,0.0,0,0.0
65,S1,M1,harvester,21,13.112,8.0,0.0,0.0,0,0,8.0,1.0,0.0,0,0.0
66,S1,M1,harvester,21,13.112,8.0,0.0,0.0,0,0,8.0,1.0,0.0,0,0.0
67,S1,M1,harvester,21,13.112,8.0,0.0,0.0,0,0,8.0,1.0,0.0,0,0.0
67,S1,M2,forwarder,21,10.432,8.0,0.0,0.0,0,0,8.0,1.0,0.0,0,0.0
68,S1,M1,harvester,21,13.112,8.0,0.0,0.0,0,0,8.0,1.0,0.0,0,0.0
68,S1,M2,forwarder,21,10.432,8.0,0.0,0.0,0,0,8.0,1.0,0.0,0,0.0
69,S1,M1,harvester,21,9.1784,8.0,0.0,0.0,0,0,8.0,1.0,0.0,0,0.3
69,S1,M2,forwarder,21,7.3024,8.0,0.0,0.0,0,0,8.0,1.0,0.0,0,0.3
70,S1,M1,harvester,21,7.688460179016095,4.69094580781946,3.3090541921805396,0.0,0,0,8.0,0.5863682259774325,3.3090541921805396,1,0.0
70,S1,M2,forwarder,21,10.432,8.0,0.0,0.0,0,0,8.0,1.0,0.0,0,0.0
71,S1,M2,forwarder,21,10.432,8.0,0.0,0.0,0,0,8.0,1.0,0.0,0,0.0
72,S1,M1,harvester,21,3.554745373829332,3.0983573379493876,4.901642662050612,0.0,0,0,8.0,0.38729466724367345,4.901642662050612,1,0.3
72,S1,M2,forwarder,21,7.3024,8.0,0.0,0.0,0,0,8.0,1.0,0.0,0,0.3
73,S1,M1,harvester,21,13.112,8.0,0.0,0.0,0,0,8.0,1.0,0.0,0,0.0
73,S1,M2,forwarder,21,10.432,8.0,0.0,0.0,0,0,8.0,1.0,0.0,0,0.0
74,S1,M1,harvester,21,13.112,8.0,0.0,0.0,0,0,8.0,1.0,0.0,0,0.0
75,S1,M2,forwarder,21,10.432,8.0,0.0,0.0,0,0,8.0,1.0,0.0,0,0.0
77,S1,M1,harvester,21,13.112,8.0,0.0,0.0,0,0,8.0,1.0,0.0,0,0.0
77,S1,M2,forwarder,21,10.432,8.0,0.0,0.0,0,0,8.0,1.0,0.0,0,0.0
78,S1,M1,harvester,21,13.112,8.0,0.0,0.0,0,0,8.0,1.0,0.0,0,0.0
78,S1,M2,forwarder,21,10.432,8.0,0.0,0.0,0,0,8.0,1.0,0.0,0,0.0
79,S1,M1,harvester,21,13.112,8.0,0.0,0.0,0,0,8.0,1.0,0.0,0,0.0
79,S1,M2,forwarder,21,10.432,8.0,0.0,0.0,0,0,8.0,1.0,0.0,0,0.0
80,S1,M1,harvester,21,8.346667835098035,8.0,0.0,0.0,0,0,8.0,1.0,0.0,0,0.0
80,S1,M2,forwarder,21,6.640668003031017,8.0,0.0,0.0,0,0,8.0,1.0,0.0,0,0.0
81,S1,M1,harvester,21,13.112,8.0,0.0,0.0,0,0,8.0,1.0,0.0,0,0.0
81,S1,M2,forwarder,21,10.432,8.0,0.0,0.0,0,0,8.0,1.0,0.0,0,0.0
82,S1,M1,harvester,21,9.1784,8.0,0.0,0.0,0,0,8.0,1.0,0.0,0,0.3
83,S1,M1,harvester,21,13.112,8.0,0.0,0.0,0,0,8.0,1.0,0.0,0,0.0
83,S1,M2,forwarder,21,10.432,8.0,0.0,0.0,0,0,8.0,1.0,0.0,0,0.0
84,S1,M1,harvester,21,13.112,8.0,0.0,0.0,0,0,8.0,1.0,0.0,0,0.0
84,S1,M2,forwarder,21,10.432,8.0,0.0,0.0,0,0,8.0,1.0,0.0,0,0.0
85,S1,M1,harvester,21,13.112,8.0,0.0,0.0,0,0,8.0,1.0,0.0,0,0.0
85,S1,M2,forwarder,21,10.432,8.0,0.0,0.0,0,0,8.0,1.0,0.0,0,0.0
86,S1,M1,harvester,21,5.82305073080043,3.552807035265668,4.447192964734332,0.0,0,0,8.0,0.4441008794082085,4.447192964734332,1,0.0
86,S1,M2,forwarder,21,10.432,8.0,0.0,0.0,0,0,8.0,1.0,0.0,0,0.0
87,S1,M1,harvester,21,13.112,8.0,0.0,0.0,0,0,8.0,1.0,0.0,0,0.0
87,S1,M2,forwarder,21,10.432,8.0,0.0,0.0,0,0,8.0,1.0,0.0,0,0.0
88,S1,M1,harvester,21,3.9868346526758427,2.432479958923638,5.567520041076362,0.0,0,0,8.0,0.30405999486545476,5.567520041076362,1,0.0
88,S1,M2,forwarder,21,10.432,8.0,0.0,0.0,0,0,8.0,1.0,0.0,0,0.0
89,S1,M1,harvester,21,8.411218752171168,8.0,0.0,0.0,0,0,8.0,1.0,0.0,0,0.0
89,S1,M2,forwarder,21,6.692025169512632,8.0,0.0,0.0,0,0,8.0,1.0,0.0,0,0.0
90,S1,M1,harvester,21,13.112,8.0,0.0,0.0,0,0,8.0,1.0,0.0,0,0.0
91,S1,M1,harvester,21,13.112,8.0,0.0,0.0,0,0,8.0,1.0,0.0,0,0.0
91,S1,M2,forwarder,21,10.432,8.0,0.0,0.0,0,0,8.0,1.0,0.0,0,0.0
92,S1,M1,harvester,21,9.1784,8.0,0.0,0.0,0,0,8.0,1.0,0.0,0,0.3
93,S1,M2,forwarder,21,10.432,8.0,0.0,0.0,0,0,8.0,1.0,0.0,0,0.0
94,S1,M1,harvester,21,13.112,8.0,0.0,0.0,0,0,8.0,1.0,0.0,0,0.0
94,S1,M2,forwarder,21,10.432,8.0,0.0,0.0,0,0,8.0,1.0,0.0,0,0.0
95,S1,M1,harvester,21,13.112,8.0,0.0,0.0,0,0,8.0,1.0,0.0,0,0.0
95,S1,M2,forwarder,21,10.432,8.0,0.0,0.0,0,0,8.0,1.0,0.0,0,0.0
96,S1,M1,harvester,21,13.112,8.0,0.0,0.0,0,0,8.0,1.0,0.0,0,0.0
96,S1,M2,forwarder,21,10.432,8.0,0.0,0.0,0,0,8.0,1.0,0.0,0,0.0
97,S1,M1,harvester,21,13.112,8.0,0.0,0.0,0,0,8.0,1.0,0.0,0,0.0
97,S1,M2,forwarder,21,10.432,8.0,0.0,0.0,0,0,8.0,1.0,0.0,0,0.0
98,S1,M1,harvester,21,13.112,8.0,0.0,0.0,0,0,8.0,1.0,0.0,0,0.0
98,S1,M2,forwarder,21,10.432,8.0,0.0,0.0,0,0,8.0,1.0,0.0,0,0.0
99,S1,M1,harvester,21,13.112,8.0,0.0,0.0,0,0,8.0,1.0,0.0,0,0.0
99,S1,M2,forwarder,21,10.432,8.0,0.0,0.0,0,0,8.0,1.0,0.0,0,0.0
101,S1,M1,harvester,21,8.299,8.0,0.0,0.0,0,0,8.0,1.0,0.0,0,0.0
101,S1,M2,forwarder,21,8.299,8.0,0.0,0.0,0,0,8.0,1.0,0.0,0,0.0
102,S1,M1,harvester,21,8.299,8.0,0.0,0.0,0,0,8.0,1.0,0.0,0,0.0
103,S1,M1,harvester,21,8.299,8.0,0.0,0.0,0,0,8.0,1.0,0.0,0,0.0
103,S1,M2,forwarder,21,8.299,8.0,0.0,0.0,0,0,8.0,1.0,0.0,0,0.0
104,S1,M1,harvester,21,8.299,8.0,0.0,0.0,0,0,8.0,1.0,0.0,0,0.0
104,S1,M2,forwarder,21,8.299,8.0,0.0,0.0,0,0,8.0,1.0,0.0,0,0.0
105,S1,M1,harvester,21,8.299,8.0,0.0,0.0,0,0,8.0,1.0,0.0,0,0.0
105,S1,M2,forwarder,21,8.299,8.0,0.0,0.0,0,0,8.0,1.0,0.0,0,0.0
106,S1,M1,harvester,21,8.299,8.0,0.0,0.0,0,0,8.0,1.0,0.0,0,0.0
106,S1,M2,forwarder,21,8.299,8.0,0.0,0.0,0,0,8.0,1.0,0.0,0,0.0
12,S1,M2,forwarder,22,5.823300000000001,8.0,0.0,0.0,0,0,8.0,1.0,0.0,0,0.3
37,S1,M1,harvester,22,13.112,8.0,0.0,0.0,0,0,8.0,1.0,0.0,0,0.0
37,S1,M2,forwarder,22,10.432,8.0,0.0,0.0,0,0,8.0,1.0,0.0,0,0.0
38,S1,M1,harvester,22,13.112,8.0,0.0,0.0,0,0,8.0,1.0,0.0,0,0.0
38,S1,M2,forwarder,22,10.432,8.0,0.0,0.0,0,0,8.0,1.0,0.0,0,0.0
39,S1,M1,harvester,22,9.1784,8.0,0.0,0.0,0,0,8.0,1.0,0.0,0,0.3
39,S1,M2,forwarder,22,7.3024,8.0,0.0,0.0,0,0,8.0,1.0,0.0,0,0.3
40,S1,M1,harvester,22,13.112,8.0,0.0,0.0,0,0,8.0,1.0,0.0,0,0.0
40,S1,M2,forwarder,22,10.432,8.0,0.0,0.0,0,0,8.0,1.0,0.0,0,0.0
41,S1,M1,harvester,22,5.401118067234377,8.0,0.0,0.0,0,0,8.0,1.0,0.0,0,0.0
41,S1,M2,forwarder,22,4.2971677606306455,8.0,0.0,0.0,0,0,8.0,1.0,0.0,0,0.0
42,S1,M1,harvester,22,13.112,8.0,0.0,0.0,0,0,8.0,1.0,0.0,0,0.0
42,S1,M2,forwarder,22,10.432,8.0,0.0,0.0,0,0,8.0,1.0,0.0,0,0.0
43,S1,M1,harvester,22,13.112,8.0,0.0,0.0,0,0,8.0,1.0,0.0,0,0.0
43,S1,M2,forwarder,22,5.149845447782367,3.9492679814281955,4.0507320185718045,0.0,0,0,8.0,0.49365849767852443,4.0507320185718045,1,0.0
44,S1,M2,forwarder,22,10.432,8.0,0.0,0.0,0,0,8.0,1.0,0.0,0,0.0
45,S1,M1,harvester,22,13.112,8.0,0.0,0.0,0,0,8.0,1.0,0.0,0,0.0
45,S1,M2,forwarder,22,10.432,8.0,0.0,0.0,0,0,8.0,1.0,0.0,0,0.0
46,S1,M1,harvester,22,13.112,8.0,0.0,0.0,0,0,8.0,1.0,0.0,0,0.0
46,S1,M2,forwarder,22,10.432,8.0,0.0,0.0,0,0,8.0,1.0,0.0,0,0.0
47,S1,M1,harvester,22,13.112,8.0,0.0,0.0,0,0,8.0,1.0,0.0,0,0.0
47,S1,M2,forwarder,22,10.432,8.0,0.0,0.0,0,0,8.0,1.0,0.0,0,0.0
48,S1,M1,harvester,22,5.842339684983833,8.0,0.0,0.0,0,0,8.0,1.0,0.0,0,0.0
48,S1,M2,forwarder,22,4.648206802452055,8.0,0.0,0.0,0,0,8.0,1.0,0.0,0,0.0
49,S1,M1,harvester,22,13.112,8.0,0.0,0.0,0,0,8.0,1.0,0.0,0,0.0
49,S1,M2,forwarder,22,10.432,8.0,0.0,0.0,0,0,8.0,1.0,0.0,0,0.0
50,S1,M1,harvester,22,13.112,8.0,0.0,0.0,0,0,8.0,1.0,0.0,0,0.0
50,S1,M2,forwarder,22,10.432,8.0,0.0,0.0,0,0,8.0,1.0,0.0,0,0.0
51,S1,M1,harvester,22,13.112,8.0,0.0,0.0,0,0,8.0,1.0,0.0,0,0.0
51,S1,M2,forwarder,22,5.330737564601031,4.087988929908766,3.912011070091234,0.0,0,0,8.0,0.5109986162385958,3.9120110700912343,1,0.0
52,S1,M1,harvester,22,13.112,8.0,0.0,0.0,0,0,8.0,1.0,0.0,0,0.0
52,S1,M2,forwarder,22,10.432,8.0,0.0,0.0,0,0,8.0,1.0,0.0,0,0.0
53,S1,M1,harvester,22,13.112,8.0,0.0,0.0,0,0,8.0,1.0,0.0,0,0.0
54,S1,M1,harvester,22,9.905107450945346,8.0,0.0,0.0,0,0,8.0,1.0,0.0,0,0.0
54,S1,M2,forwarder,22,7.880573591234126,8.0,0.0,0.0,0,0,8.0,1.0,0.0,0,0.0
55,S1,M1,harvester,22,13.112,8.0,0.0,0.0,0,0,8.0,1.0,0.0,0,0.0
55,S1,M2,forwarder,22,10.432,8.0,0.0,0.0,0,0,8.0,1.0,0.0,0,0.0
56,S1,M1,harvester,22,13.112,8.0,0.0,0.0,0,0,8.0,1.0,0.0,0,0.0
56,S1,M2,forwarder,22,10.432,8.0,0.0,0.0,0,0,8.0,1.0,0.0,0,0.0
57,S1,M1,harvester,22,9.948,8.0,0.0,0.0,0,0,8.0,1.0,0.0,0,0.0
57,S1,M2,forwarder,22,9.948,8.0,0.0,0.0,0,0,8.0,1.0,0.0,0,0.0
58,S1,M1,harvester,22,9.948,8.0,0.0,0.0,0,0,8.0,1.0,0.0,0,0.0
58,S1,M2,forwarder,22,9.948,8.0,0.0,0.0,0,0,8.0,1.0,0.0,0,0.0
59,S1,M1,harvester,22,9.948,8.0,0.0,0.0,0,0,8.0,1.0,0.0,0,0.0
60,S1,M2,forwarder,22,4.88605991120832,3.92928018593351,4.07071981406649,0.0,0,0,8.0,0.4911600232416887,4.07071981406649,1,0.0
61,S1,M1,harvester,22,3.9161499544381146,3.1492963043330233,4.850703695666977,0.0,0,0,8.0,0.3936620380416279,4.850703695666977,1,0.0
61,S1,M2,forwarder,22,9.948,8.0,0.0,0.0,0,0,8.0,1.0,0.0,0,0.0
62,S1,M1,harvester,22,13.112,8.0,0.0,0.0,0,0,8.0,1.0,0.0,0,0.0
62,S1,M2,forwarder,22,10.432,8.0,0.0,0.0,0,0,8.0,1.0,0.0,0,0.0
63,S1,M1,harvester,22,13.112,8.0,0.0,0.0,0,0,8.0,1.0,0.0,0,0.0
64,S1,M1,harvester,22,13.112,8.0,0.0,0.0,0,0,8.0,1.0,0.0,0,0.0
64,S1,M2,forwarder,22,10.432,8.0,0.0,0.0,0,0,8.0,1.0,0.0,0,0.0
65,S1,M1,harvester,22,13.112,8.0,0.0,0.0,0,0,8.0,1.0,0.0,0,0.0
66,S1,M1,harvester,22,13.112,8.0,0.0,0.0,0,0,8.0,1.0,0.0,0,0.0
67,S1,M1,harvester,22,9.1784,8.0,0.0,0.0,0,0,8.0,1.0,0.0,0,0.3
67,S1,M2,forwarder,22,7.3024,8.0,0.0,0.0,0,0,8.0,1.0,0.0,0,0.3
68,S1,M1,harvester,22,7.007242640542163,4.275315827054401,3.724684172945599,0.0,0,0,8.0,0.5344144783818001,3.724684172945599,1,0.0
68,S1,M2,forwarder,22,10.432,8.0,0.0,0.0,0,0,8.0,1.0,0.0,0,0.0
69,S1,M1,harvester,22,13.112,8.0,0.0,0.0,0,0,8.0,1.0,0.0,0,0.0
69,S1,M2,forwarder,22,10.432,8.0,0.0,0.0,0,0,8.0,1.0,0.0,0,0.0
70,S1,M1,harvester,22,9.1784,8.0,0.0,0.0,0,0,8.0,1.0,0.0,0,0.3
70,S1,M2,forwarder,22,7.3024,8.0,0.0,0.0,0,0,8.0,1.0,0.0,0,0.3
71,S1,M2,forwarder,22,10.432,8.0,0.0,0.0,0,0,8.0,1.0,0.0,0,0.0
72,S1,M1,harvester,22,13.112,8.0,0.0,0.0,0,0,8.0,1.0,0.0,0,0.0
72,S1,M2,forwarder,22,10.432,8.0,0.0,0.0,0,0,8.0,1.0,0.0,0,0.0
73,S1,M1,harvester,22,13.112,8.0,0.0,0.0,0,0,8.0,1.0,0.0,0,0.0
73,S1,M2,forwarder,22,10.432,8.0,0.0,0.0,0,0,8.0,1.0,0.0,0,0.0
74,S1,M1,harvester,22,9.1784,8.0,0.0,0.0,0,0,8.0,1.0,0.0,0,0.3
75,S1,M2,forwarder,22,10.432,8.0,0.0,0.0,0,0,8.0,1.0,0.0,0,0.0
77,S1,M1,harvester,22,9.373749160249819,5.719188017236009,2.280811982763991,0.0,0,0,8.0,0.7148985021545011,2.280811982763991,1,0.0
77,S1,M2,forwarder,22,10.432,8.0,0.0,0.0,0,0,8.0,1.0,0.0,0,0.0
78,S1,M1,harvester,22,9.1784,8.0,0.0,0.0,0,0,8.0,1.0,0.0,0,0.3
78,S1,M2,forwarder,22,7.3024,8.0,0.0,0.0,0,0,8.0,1.0,0.0,0,0.3
79,S1,M1,harvester,22,13.112,8.0,0.0,0.0,0,0,8.0,1.0,0.0,0,0.0
79,S1,M2,forwarder,22,10.432,8.0,0.0,0.0,0,0,8.0,1.0,0.0,0,0.0
80,S1,M1,harvester,22,13.112,8.0,0.0,0.0,0,0,8.0,1.0,0.0,0,0.0
80,S1,M2,forwarder,22,10.432,8.0,0.0,0.0,0,0,8.0,1.0,0.0,0,0.0
81,S1,M1,harvester,22,13.112,8.0,0.0,0.0,0,0,8.0,1.0,0.0,0,0.0
81,S1,M2,forwarder,22,10.432,8.0,0.0,0.0,0,0,8.0,1.0,0.0,0,0.0
82,S1,M1,harvester,22,13.112,8.0,0.0,0.0,0,0,8.0,1.0,0.0,0,0.0
83,S1,M1,harvester,22,13.112,8.0,0.0,0.0,0,0,8.0,1.0,0.0,0,0.0
83,S1,M2,forwarder,22,10.432,8.0,0.0,0.0,0,0,8.0,1.0,0.0,0,0.0
84,S1,M1,harvester,22,9.1784,8.0,0.0,0.0,0,0,8.0,1.0,0.0,0,0.3
84,S1,M2,forwarder,22,7.3024,8.0,0.0,0.0,0,0,8.0,1.0,0.0,0,0.3
85,S1,M1,harvester,22,13.112,8.0,0.0,0.0,0,0,8.0,1.0,0.0,0,0.0
85,S1,M2,forwarder,22,10.432,8.0,0.0,0.0,0,0,8.0,1.0,0.0,0,0.0
86,S1,M1,harvester,22,13.112,8.0,0.0,0.0,0,0,8.0,1.0,0.0,0,0.0
86,S1,M2,forwarder,22,10.432,8.0,0.0,0.0,0,0,8.0,1.0,0.0,0,0.0
87,S1,M1,harvester,22,9.1784,8.0,0.0,0.0,0,0,8.0,1.0,0.0,0,0.3
87,S1,M2,forwarder,22,7.3024,8.0,0.0,0.0,0,0,8.0,1.0,0.0,0,0.3
88,S1,M1,harvester,22,13.112,8.0,0.0,0.0,0,0,8.0,1.0,0.0,0,0.0
88,S1,M2,forwarder,22,10.432,8.0,0.0,0.0,0,0,8.0,1.0,0.0,0,0.0
89,S1,M1,harvester,22,6.681370279484028,8.0,0.0,0.0,0,0,8.0,1.0,0.0,0,0.0
89,S1,M2,forwarder,22,5.315745481663925,8.0,0.0,0.0,0,0,8.0,1.0,0.0,0,0.0
90,S1,M1,harvester,22,9.1784,8.0,0.0,0.0,0,0,8.0,1.0,0.0,0,0.3
91,S1,M1,harvester,22,13.112,8.0,0.0,0.0,0,0,8.0,1.0,0.0,0,0.0
91,S1,M2,forwarder,22,10.432,8.0,0.0,0.0,0,0,8.0,1.0,0.0,0,0.0
92,S1,M1,harvester,22,13.112,8.0,0.0,0.0,0,0,8.0,1.0,0.0,0,0.0
93,S1,M2,forwarder,22,10.432,8.0,0.0,0.0,0,0,8.0,1.0,0.0,0,0.0
94,S1,M1,harvester,22,13.112,8.0,0.0,0.0,0,0,8.0,1.0,0.0,0,0.0
94,S1,M2,forwarder,22,10.432,8.0,0.0,0.0,0,0,8.0,1.0,0.0,0,0.0
95,S1,M1,harvester,22,9.1784,8.0,0.0,0.0,0,0,8.0,1.0,0.0,0,0.3
95,S1,M2,forwarder,22,7.3024,8.0,0.0,0.0,0,0,8.0,1.0,0.0,0,0.3
96,S1,M1,harvester,22,13.112,8.0,0.0,0.0,0,0,8.0,1.0,0.0,0,0.0
96,S1,M2,forwarder,22,10.432,8.0,0.0,0.0,0,0,8.0,1.0,0.0,0,0.0
97,S1,M1,harvester,22,9.1784,8.0,0.0,0.0,0,0,8.0,1.0,0.0,0,0.3
97,S1,M2,forwarder,22,7.3024,8.0,0.0,0.0,0,0,8.0,1.0,0.0,0,0.3
98,S1,M1,harvester,22,13.112,8.0,0.0,0.0,0,0,8.0,1.0,0.0,0,0.0
98,S1,M2,forwarder,22,10.432,8.0,0.0,0.0,0,0,8.0,1.0,0.0,0,0.0
99,S1,M1,harvester,22,13.112,8.0,0.0,0.0,0,0,8.0,1.0,0.0,0,0.0
99,S1,M2,forwarder,22,10.432,8.0,0.0,0.0,0,0,8.0,1.0,0.0,0,0.0
101,S1,M1,harvester,22,8.299,8.0,0.0,0.0,0,0,8.0,1.0,0.0,0,0.0
101,S1,M2,forwarder,22,8.299,8.0,0.0,0.0,0,0,8.0,1.0,0.0,0,0.0
102,S1,M1,harvester,22,5.8092999999999995,8.0,0.0,0.0,0,0,8.0,1.0,0.0,0,0.3
103,S1,M1,harvester,22,3.6523421380711176,8.0,0.0,0.0,0,0,8.0,1.0,0.0,0,0.0
103,S1,M2,forwarder,22,3.6523421380711176,8.0,0.0,0.0,0,0,8.0,1.0,0.0,0,0.0
104,S1,M1,harvester,22,8.299,8.0,0.0,0.0,0,0,8.0,1.0,0.0,0,0.0
104,S1,M2,forwarder,22,8.299,8.0,0.0,0.0,0,0,8.0,1.0,0.0,0,0.0
105,S1,M1,harvester,22,8.299,8.0,0.0,0.0,0,0,8.0,1.0,0.0,0,0.0
105,S1,M2,forwarder,22,8.299,8.0,0.0,0.0,0,0,8.0,1.0,0.0,0,0.0
106,S1,M1,harvester,22,8.299,8.0,0.0,0.0,0,0,8.0,1.0,0.0,0,0.0
106,S1,M2,forwarder,22,8.299,8.0,0.0,0.0,0,0,8.0,1.0,0.0,0,0.0
12,S1,M2,forwarder,23,8.319,8.0,0.0,0.0,0,0,8.0,1.0,0.0,0,0.0
37,S1,M1,harvester,23,13.112,8.0,0.0,0.0,0,0,8.0,1.0,0.0,0,0.0
37,S1,M2,forwarder,23,10.432,8.0,0.0,0.0,0,0,8.0,1.0,0.0,0,0.0
38,S1,M1,harvester,23,9.1784,8.0,0.0,0.0,0,0,8.0,1.0,0.0,0,0.3
38,S1,M2,forwarder,23,7.3024,8.0,0.0,0.0,0,0,8.0,1.0,0.0,0,0.3
39,S1,M1,harvester,23,13.112,8.0,0.0,0.0,0,0,8.0,1.0,0.0,0,0.0
39,S1,M2,forwarder,23,10.432,8.0,0.0,0.0,0,0,8.0,1.0,0.0,0,0.0
40,S1,M1,harvester,23,13.112,8.0,0.0,0.0,0,0,8.0,1.0,0.0,0,0.0
40,S1,M2,forwarder,23,10.432,8.0,0.0,0.0,0,0,8.0,1.0,0.0,0,0.0
41,S1,M1,harvester,23,9.1784,8.0,0.0,0.0,0,0,8.0,1.0,0.0,0,0.3
41,S1,M2,forwarder,23,7.3024,8.0,0.0,0.0,0,0,8.0,1.0,0.0,0,0.3
42,S1,M1,harvester,23,6.3026504114084805,8.0,0.0,0.0,0,0,8.0,1.0,0.0,0,0.0
42,S1,M2,forwarder,23,5.0144332742383515,8.0,0.0,0.0,0,0,8.0,1.0,0.0,0,0.0
43,S1,M1,harvester,23,13.112,8.0,0.0,0.0,0,0,8.0,1.0,0.0,0,0.0
43,S1,M2,forwarder,23,10.432,8.0,0.0,0.0,0,0,8.0,1.0,0.0,0,0.0
44,S1,M2,forwarder,23,10.432,8.0,0.0,0.0,0,0,8.0,1.0,0.0,0,0.0
45,S1,M1,harvester,23,13.112,8.0,0.0,0.0,0,0,8.0,1.0,0.0,0,0.0
45,S1,M2,forwarder,23,10.432,8.0,0.0,0.0,0,0,8.0,1.0,0.0,0,0.0
46,S1,M1,harvester,23,13.112,8.0,0.0,0.0,0,0,8.0,1.0,0.0,0,0.0
46,S1,M2,forwarder,23,10.432,8.0,0.0,0.0,0,0,8.0,1.0,0.0,0,0.0
47,S1,M1,harvester,23,13.112,8.0,0.0,0.0,0,0,8.0,1.0,0.0,0,0.0
47,S1,M2,forwarder,23,10.432,8.0,0.0,0.0,0,0,8.0,1.0,0.0,0,0.0
48,S1,M1,harvester,23,5.984820119246578,3.651507089229151,4.348492910770849,0.0,0,0,8.0,0.45643838615364385,4.348492910770849,1,0.0
48,S1,M2,forwarder,23,10.432,8.0,0.0,0.0,0,0,8.0,1.0,0.0,0,0.0
49,S1,M1,harvester,23,13.112,8.0,0.0,0.0,0,0,8.0,1.0,0.0,0,0.0
49,S1,M2,forwarder,23,10.432,8.0,0.0,0.0,0,0,8.0,1.0,0.0,0,0.0
50,S1,M1,harvester,23,13.112,8.0,0.0,0.0,0,0,8.0,1.0,0.0,0,0.0
50,S1,M2,forwarder,23,10.432,8.0,0.0,0.0,0,0,8.0,1.0,0.0,0,0.0
51,S1,M1,harvester,23,13.112,8.0,0.0,0.0,0,0,8.0,1.0,0.0,0,0.0
51,S1,M2,forwarder,23,3.5650301190680653,2.7339188029663077,5.266081197033692,0.0,0,0,8.0,0.34173985037078847,5.266081197033692,1,0.0
52,S1,M1,harvester,23,9.1784,8.0,0.0,0.0,0,0,8.0,1.0,0.0,0,0.3
52,S1,M2,forwarder,23,7.3024,8.0,0.0,0.0,0,0,8.0,1.0,0.0,0,0.3
53,S1,M1,harvester,23,9.1784,8.0,0.0,0.0,0,0,8.0,1.0,0.0,0,0.3
54,S1,M1,harvester,23,13.112,8.0,0.0,0.0,0,0,8.0,1.0,0.0,0,0.0
54,S1,M2,forwarder,23,10.432,8.0,0.0,0.0,0,0,8.0,1.0,0.0,0,0.0
55,S1,M1,harvester,23,13.112,8.0,0.0,0.0,0,0,8.0,1.0,0.0,0,0.0
55,S1,M2,forwarder,23,10.432,8.0,0.0,0.0,0,0,8.0,1.0,0.0,0,0.0
56,S1,M1,harvester,23,13.112,8.0,0.0,0.0,0,0,8.0,1.0,0.0,0,0.0
56,S1,M2,forwarder,23,10.432,8.0,0.0,0.0,0,0,8.0,1.0,0.0,0,0.0
57,S1,M1,harvester,23,4.514075853413939,3.630137397196573,4.369862602803427,0.0,0,0,8.0,0.4537671746495716,4.369862602803427,1,0.0
57,S1,M2,forwarder,23,9.948,8.0,0.0,0.0,0,0,8.0,1.0,0.0,0,0.0
58,S1,M1,harvester,23,9.948,8.0,0.0,0.0,0,0,8.0,1.0,0.0,0,0.0
58,S1,M2,forwarder,23,9.948,8.0,0.0,0.0,0,0,8.0,1.0,0.0,0,0.0
59,S1,M1,harvester,23,9.948,8.0,0.0,0.0,0,0,8.0,1.0,0.0,0,0.0
60,S1,M2,forwarder,23,9.948,8.0,0.0,0.0,0,0,8.0,1.0,0.0,0,0.0
61,S1,M1,harvester,23,9.948,8.0,0.0,0.0,0,0,8.0,1.0,0.0,0,0.0
61,S1,M2,forwarder,23,9.948,8.0,0.0,0.0,0,0,8.0,1.0,0.0,0,0.0
62,S1,M1,harvester,23,13.112,8.0,0.0,0.0,0,0,8.0,1.0,0.0,0,0.0
62,S1,M2,forwarder,23,10.432,8.0,0.0,0.0,0,0,8.0,1.0,0.0,0,0.0
63,S1,M1,harvester,23,8.973487368952403,8.0,0.0,0.0,0,0,8.0,1.0,0.0,0,0.0
64,S1,M1,harvester,23,13.112,8.0,0.0,0.0,0,0,8.0,1.0,0.0,0,0.0
64,S1,M2,forwarder,23,10.432,8.0,0.0,0.0,0,0,8.0,1.0,0.0,0,0.0
65,S1,M1,harvester,23,13.112,8.0,0.0,0.0,0,0,8.0,1.0,0.0,0,0.0
66,S1,M1,harvester,23,13.112,8.0,0.0,0.0,0,0,8.0,1.0,0.0,0,0.0
67,S1,M1,harvester,23,13.112,8.0,0.0,0.0,0,0,8.0,1.0,0.0,0,0.0
67,S1,M2,forwarder,23,10.432,8.0,0.0,0.0,0,0,8.0,1.0,0.0,0,0.0
68,S1,M1,harvester,23,13.112,8.0,0.0,0.0,0,0,8.0,1.0,0.0,0,0.0
68,S1,M2,forwarder,23,10.432,8.0,0.0,0.0,0,0,8.0,1.0,0.0,0,0.0
69,S1,M1,harvester,23,13.112,8.0,0.0,0.0,0,0,8.0,1.0,0.0,0,0.0
69,S1,M2,forwarder,23,10.432,8.0,0.0,0.0,0,0,8.0,1.0,0.0,0,0.0
70,S1,M1,harvester,23,13.112,8.0,0.0,0.0,0,0,8.0,1.0,0.0,0,0.0
70,S1,M2,forwarder,23,10.432,8.0,0.0,0.0,0,0,8.0,1.0,0.0,0,0.0
71,S1,M2,forwarder,23,10.432,8.0,0.0,0.0,0,0,8.0,1.0,0.0,0,0.0
72,S1,M1,harvester,23,13.112,8.0,0.0,0.0,0,0,8.0,1.0,0.0,0,0.0
72,S1,M2,forwarder,23,10.432,8.0,0.0,0.0,0,0,8.0,1.0,0.0,0,0.0
73,S1,M1,harvester,23,13.112,8.0,0.0,0.0,0,0,8.0,1.0,0.0,0,0.0
73,S1,M2,forwarder,23,10.432,8.0,0.0,0.0,0,0,8.0,1.0,0.0,0,0.0
74,S1,M1,harvester,23,4.951277606172791,3.020913731649049,4.979086268350951,0.0,0,0,8.0,0.37761421645613114,4.979086268350951,1,0.0
75,S1,M2,forwarder,23,10.432,8.0,0.0,0.0,0,0,8.0,1.0,0.0,0,0.0
77,S1,M1,harvester,23,13.112,8.0,0.0,0.0,0,0,8.0,1.0,0.0,0,0.0
77,S1,M2,forwarder,23,10.432,8.0,0.0,0.0,0,0,8.0,1.0,0.0,0,0.0
78,S1,M1,harvester,23,9.558082466536625,8.0,0.0,0.0,0,0,8.0,1.0,0.0,0,0.0
78,S1,M2,forwarder,23,7.604478057573983,8.0,0.0,0.0,0,0,8.0,1.0,0.0,0,0.0
79,S1,M1,harvester,23,9.1784,8.0,0.0,0.0,0,0,8.0,1.0,0.0,0,0.3
79,S1,M2,forwarder,23,7.3024,8.0,0.0,0.0,0,0,8.0,1.0,0.0,0,0.3
80,S1,M1,harvester,23,13.112,8.0,0.0,0.0,0,0,8.0,1.0,0.0,0,0.0
80,S1,M2,forwarder,23,10.432,8.0,0.0,0.0,0,0,8.0,1.0,0.0,0,0.0
81,S1,M1,harvester,23,13.112,8.0,0.0,0.0,0,0,8.0,1.0,0.0,0,0.0
81,S1,M2,forwarder,23,10.432,8.0,0.0,0.0,0,0,8.0,1.0,0.0,0,0.0
82,S1,M1,harvester,23,13.112,8.0,0.0,0.0,0,0,8.0,1.0,0.0,0,0.0
83,S1,M1,harvester,23,13.112,8.0,0.0,0.0,0,0,8.0,1.0,0.0,0,0.0
83,S1,M2,forwarder,23,10.432,8.0,0.0,0.0,0,0,8.0,1.0,0.0,0,0.0
84,S1,M1,harvester,23,13.112,8.0,0.0,0.0,0,0,8.0,1.0,0.0,0,0.0
84,S1,M2,forwarder,23,10.432,8.0,0.0,0.0,0,0,8.0,1.0,0.0,0,0.0
85,S1,M1,harvester,23,13.112,8.0,0.0,0.0,0,0,8.0,1.0,0.0,0,0.0
85,S1,M2,forwarder,23,10.432,8.0,0.0,0.0,0,0,8.0,1.0,0.0,0,0.0
86,S1,M1,harvester,23,13.112,8.0,0.0,0.0,0,0,8.0,1.0,0.0,0,0.0
86,S1,M2,forwarder,23,4.3601485432794345,3.3436721957664375,4.6563278042335625,0.0,0,0,8.0,0.4179590244708047,4.6563278042335625,1,0.0
87,S1,M1,harvester,23,13.112,8.0,0.0,0.0,0,0,8.0,1.0,0.0,0,0.0
87,S1,M2,forwarder,23,10.432,8.0,0.0,0.0,0,0,8.0,1.0,0.0,0,0.0
88,S1,M1,harvester,23,13.112,8.0,0.0,0.0,0,0,8.0,1.0,0.0,0,0.0
88,S1,M2,forwarder,23,10.432,8.0,0.0,0.0,0,0,8.0,1.0,0.0,0,0.0
89,S1,M1,harvester,23,5.84646789211951,3.5670945040387494,4.432905495961251,0.0,0,0,8.0,0.4458868130048437,4.432905495961251,1,0.0
89,S1,M2,forwarder,23,10.432,8.0,0.0,0.0,0,0,8.0,1.0,0.0,0,0.0
90,S1,M1,harvester,23,13.112,8.0,0.0,0.0,0,0,8.0,1.0,0.0,0,0.0
91,S1,M1,harvester,23,9.1784,8.0,0.0,0.0,0,0,8.0,1.0,0.0,0,0.3
91,S1,M2,forwarder,23,7.3024,8.0,0.0,0.0,0,0,8.0,1.0,0.0,0,0.3
92,S1,M1,harvester,23,13.112,8.0,0.0,0.0,0,0,8.0,1.0,0.0,0,0.0
93,S1,M2,forwarder,23,10.432,8.0,0.0,0.0,0,0,8.0,1.0,0.0,0,0.0
94,S1,M1,harvester,23,13.112,8.0,0.0,0.0,0,0,8.0,1.0,0.0,0,0.0
94,S1,M2,forwarder,23,10.432,8.0,0.0,0.0,0,0,8.0,1.0,0.0,0,0.0
95,S1,M1,harvester,23,13.112,8.0,0.0,0.0,0,0,8.0,1.0,0.0,0,0.0
95,S1,M2,forwarder,23,10.432,8.0,0.0,0.0,0,0,8.0,1.0,0.0,0,0.0
96,S1,M1,harvester,23,9.1784,8.0,0.0,0.0,0,0,8.0,1.0,0.0,0,0.3
96,S1,M2,forwarder,23,7.3024,8.0,0.0,0.0,0,0,8.0,1.0,0.0,0,0.3
97,S1,M1,harvester,23,13.112,8.0,0.0,0.0,0,0,8.0,1.0,0.0,0,0.0
97,S1,M2,forwarder,23,10.432,8.0,0.0,0.0,0,0,8.0,1.0,0.0,0,0.0
98,S1,M1,harvester,23,13.112,8.0,0.0,0.0,0,0,8.0,1.0,0.0,0,0.0
98,S1,M2,forwarder,23,10.432,8.0,0.0,0.0,0,0,8.0,1.0,0.0,0,0.0
99,S1,M1,harvester,23,6.5482574663287565,3.9952760624336525,4.0047239375663475,0.0,0,0,8.0,0.49940950780420656,4.0047239375663475,1,0.0
99,S1,M2,forwarder,23,10.432,8.0,0.0,0.0,0,0,8.0,1.0,0.0,0,0.0
101,S1,M1,harvester,23,8.299,8.0,0.0,0.0,0,0,8.0,1.0,0.0,0,0.0
101,S1,M2,forwarder,23,8.299,8.0,0.0,0.0,0,0,8.0,1.0,0.0,0,0.0
102,S1,M1,harvester,23,6.2491937996556475,8.0,0.0,0.0,0,0,8.0,1.0,0.0,0,0.0
103,S1,M1,harvester,23,8.299,8.0,0.0,0.0,0,0,8.0,1.0,0.0,0,0.0
103,S1,M2,forwarder,23,8.299,8.0,0.0,0.0,0,0,8.0,1.0,0.0,0,0.0
104,S1,M1,harvester,23,8.299,8.0,0.0,0.0,0,0,8.0,1.0,0.0,0,0.0
104,S1,M2,forwarder,23,4.503434614821065,4.341182903791845,3.658817096208155,0.0,0,0,8.0,0.5426478629739806,3.6588170962081548,1,0.0
105,S1,M1,harvester,23,8.299,8.0,0.0,0.0,0,0,8.0,1.0,0.0,0,0.0
105,S1,M2,forwarder,23,8.299,8.0,0.0,0.0,0,0,8.0,1.0,0.0,0,0.0
106,S1,M1,harvester,23,8.299,8.0,0.0,0.0,0,0,8.0,1.0,0.0,0,0.0
106,S1,M2,forwarder,23,8.299,8.0,0.0,0.0,0,0,8.0,1.0,0.0,0,0.0
12,S1,M2,forwarder,24,8.319,8.0,0.0,0.0,0,0,8.0,1.0,0.0,0,0.0
37,S1,M1,harvester,24,13.112,8.0,0.0,0.0,0,0,8.0,1.0,0.0,0,0.0
37,S1,M2,forwarder,24,10.432,8.0,0.0,0.0,0,0,8.0,1.0,0.0,0,0.0
38,S1,M1,harvester,24,13.112,8.0,0.0,0.0,0,0,8.0,1.0,0.0,0,0.0
38,S1,M2,forwarder,24,10.432,8.0,0.0,0.0,0,0,8.0,1.0,0.0,0,0.0
39,S1,M1,harvester,24,13.112,8.0,0.0,0.0,0,0,8.0,1.0,0.0,0,0.0
39,S1,M2,forwarder,24,10.432,8.0,0.0,0.0,0,0,8.0,1.0,0.0,0,0.0
40,S1,M1,harvester,24,13.112,8.0,0.0,0.0,0,0,8.0,1.0,0.0,0,0.0
40,S1,M2,forwarder,24,10.432,8.0,0.0,0.0,0,0,8.0,1.0,0.0,0,0.0
41,S1,M1,harvester,24,9.988732309016372,8.0,0.0,0.0,0,0,8.0,1.0,0.0,0,0.0
41,S1,M2,forwarder,24,7.947106120169218,8.0,0.0,0.0,0,0,8.0,1.0,0.0,0,0.0
42,S1,M1,harvester,24,9.1784,8.0,0.0,0.0,0,0,8.0,1.0,0.0,0,0.3
42,S1,M2,forwarder,24,3.6703227515199646,4.02094955249777,3.97905044750223,0.0,0,0,8.0,0.5026186940622213,3.9790504475022295,1,0.3
43,S1,M1,harvester,24,13.112,8.0,0.0,0.0,0,0,8.0,1.0,0.0,0,0.0
43,S1,M2,forwarder,24,10.432,8.0,0.0,0.0,0,0,8.0,1.0,0.0,0,0.0
44,S1,M2,forwarder,24,7.3024,8.0,0.0,0.0,0,0,8.0,1.0,0.0,0,0.3
45,S1,M1,harvester,24,13.112,8.0,0.0,0.0,0,0,8.0,1.0,0.0,0,0.0
45,S1,M2,forwarder,24,6.367080354217095,4.88273033298857,3.1172696670114304,0.0,0,0,8.0,0.6103412916235712,3.1172696670114304,1,0.0
46,S1,M1,harvester,24,13.112,8.0,0.0,0.0,0,0,8.0,1.0,0.0,0,0.0
46,S1,M2,forwarder,24,10.432,8.0,0.0,0.0,0,0,8.0,1.0,0.0,0,0.0
47,S1,M1,harvester,24,9.1784,8.0,0.0,0.0,0,0,8.0,1.0,0.0,0,0.3
47,S1,M2,forwarder,24,7.3024,8.0,0.0,0.0,0,0,8.0,1.0,0.0,0,0.3
48,S1,M1,harvester,24,13.112,8.0,0.0,0.0,0,0,8.0,1.0,0.0,0,0.0
48,S1,M2,forwarder,24,10.432,8.0,0.0,0.0,0,0,8.0,1.0,0.0,0,0.0
49,S1,M1,harvester,24,13.112,8.0,0.0,0.0,0,0,8.0,1.0,0.0,0,0.0
49,S1,M2,forwarder,24,10.432,8.0,0.0,0.0,0,0,8.0,1.0,0.0,0,0.0
50,S1,M1,harvester,24,13.112,8.0,0.0,0.0,0,0,8.0,1.0,0.0,0,0.0
50,S1,M2,forwarder,24,5.96984633918156,4.578103020844754,3.421896979155246,0.0,0,0,8.0,0.5722628776055942,3.421896979155246,1,0.0
51,S1,M1,harvester,24,13.112,8.0,0.0,0.0,0,0,8.0,1.0,0.0,0,0.0
51,S1,M2,forwarder,24,10.432,8.0,0.0,0.0,0,0,8.0,1.0,0.0,0,0.0
52,S1,M1,harvester,24,6.191470403093389,3.777590239837333,4.222409760162667,0.0,0,0,8.0,0.47219877997966664,4.222409760162667,1,0.0
52,S1,M2,forwarder,24,10.432,8.0,0.0,0.0,0,0,8.0,1.0,0.0,0,0.0
53,S1,M1,harvester,24,13.112,8.0,0.0,0.0,0,0,8.0,1.0,0.0,0,0.0
54,S1,M1,harvester,24,13.112,8.0,0.0,0.0,0,0,8.0,1.0,0.0,0,0.0
54,S1,M2,forwarder,24,10.432,8.0,0.0,0.0,0,0,8.0,1.0,0.0,0,0.0
55,S1,M1,harvester,24,8.919137010972808,5.441816358128619,2.5581836418713806,0.0,0,0,8.0,0.6802270447660774,2.5581836418713806,1,0.0
55,S1,M2,forwarder,24,10.432,8.0,0.0,0.0,0,0,8.0,1.0,0.0,0,0.0
56,S1,M1,harvester,24,13.112,8.0,0.0,0.0,0,0,8.0,1.0,0.0,0,0.0
56,S1,M2,forwarder,24,10.432,8.0,0.0,0.0,0,0,8.0,1.0,0.0,0,0.0
57,S1,M1,harvester,24,9.948,8.0,0.0,0.0,0,0,8.0,1.0,0.0,0,0.0
57,S1,M2,forwarder,24,9.948,8.0,0.0,0.0,0,0,8.0,1.0,0.0,0,0.0
58,S1,M1,harvester,24,9.948,8.0,0.0,0.0,0,0,8.0,1.0,0.0,0,0.0
58,S1,M2,forwarder,24,9.948,8.0,0.0,0.0,0,0,8.0,1.0,0.0,0,0.0
59,S1,M1,harvester,24,9.948,8.0,0.0,0.0,0,0,8.0,1.0,0.0,0,0.0
60,S1,M2,forwarder,24,5.337094547145995,4.29199400655086,3.70800599344914,0.0,0,0,8.0,0.5364992508188575,3.7080059934491403,1,0.0
61,S1,M1,harvester,24,6.9636,8.0,0.0,0.0,0,0,8.0,1.0,0.0,0,0.3
61,S1,M2,forwarder,24,6.9636,8.0,0.0,0.0,0,0,8.0,1.0,0.0,0,0.3
62,S1,M1,harvester,24,9.1784,8.0,0.0,0.0,0,0,8.0,1.0,0.0,0,0.3
62,S1,M2,forwarder,24,7.3024,8.0,0.0,0.0,0,0,8.0,1.0,0.0,0,0.3
63,S1,M1,harvester,24,13.112,8.0,0.0,0.0,0,0,8.0,1.0,0.0,0,0.0
64,S1,M1,harvester,24,13.112,8.0,0.0,0.0,0,0,8.0,1.0,0.0,0,0.0
64,S1,M2,forwarder,24,10.432,8.0,0.0,0.0,0,0,8.0,1.0,0.0,0,0.0
65,S1,M1,harvester,24,13.112,8.0,0.0,0.0,0,0,8.0,1.0,0.0,0,0.0
66,S1,M1,harvester,24,13.112,8.0,0.0,0.0,0,0,8.0,1.0,0.0,0,0.0
67,S1,M1,harvester,24,13.112,8.0,0.0,0.0,0,0,8.0,1.0,0.0,0,0.0
67,S1,M2,forwarder,24,10.432,8.0,0.0,0.0,0,0,8.0,1.0,0.0,0,0.0
68,S1,M1,harvester,24,13.112,8.0,0.0,0.0,0,0,8.0,1.0,0.0,0,0.0
68,S1,M2,forwarder,24,10.432,8.0,0.0,0.0,0,0,8.0,1.0,0.0,0,0.0
69,S1,M1,harvester,24,9.1784,8.0,0.0,0.0,0,0,8.0,1.0,0.0,0,0.3
69,S1,M2,forwarder,24,7.3024,8.0,0.0,0.0,0,0,8.0,1.0,0.0,0,0.3
70,S1,M1,harvester,24,13.112,8.0,0.0,0.0,0,0,8.0,1.0,0.0,0,0.0
70,S1,M2,forwarder,24,10.432,8.0,0.0,0.0,0,0,8.0,1.0,0.0,0,0.0
71,S1,M2,forwarder,24,10.432,8.0,0.0,0.0,0,0,8.0,1.0,0.0,0,0.0
72,S1,M1,harvester,24,7.907247778937335,8.0,0.0,0.0,0,0,8.0,1.0,0.0,0,0.0
72,S1,M2,forwarder,24,6.29106229636015,8.0,0.0,0.0,0,0,8.0,1.0,0.0,0,0.0
73,S1,M1,harvester,24,13.112,8.0,0.0,0.0,0,0,8.0,1.0,0.0,0,0.0
73,S1,M2,forwarder,24,10.432,8.0,0.0,0.0,0,0,8.0,1.0,0.0,0,0.0
74,S1,M1,harvester,24,13.112,8.0,0.0,0.0,0,0,8.0,1.0,0.0,0,0.0
75,S1,M2,forwarder,24,7.3024,8.0,0.0,0.0,0,0,8.0,1.0,0.0,0,0.3
77,S1,M1,harvester,24,13.112,8.0,0.0,0.0,0,0,8.0,1.0,0.0,0,0.0
77,S1,M2,forwarder,24,10.432,8.0,0.0,0.0,0,0,8.0,1.0,0.0,0,0.0
78,S1,M1,harvester,24,13.112,8.0,0.0,0.0,0,0,8.0,1.0,0.0,0,0.0
78,S1,M2,forwarder,24,10.432,8.0,0.0,0.0,0,0,8.0,1.0,0.0,0,0.0
79,S1,M1,harvester,24,13.112,8.0,0.0,0.0,0,0,8.0,1.0,0.0,0,0.0
79,S1,M2,forwarder,24,10.432,8.0,0.0,0.0,0,0,8.0,1.0,0.0,0,0.0
80,S1,M1,harvester,24,13.112,8.0,0.0,0.0,0,0,8.0,1.0,0.0,0,0.0
80,S1,M2,forwarder,24,10.432,8.0,0.0,0.0,0,0,8.0,1.0,0.0,0,0.0
81,S1,M1,harvester,24,13.112,8.0,0.0,0.0,0,0,8.0,1.0,0.0,0,0.0
81,S1,M2,forwarder,24,10.432,8.0,0.0,0.0,0,0,8.0,1.0,0.0,0,0.0
82,S1,M1,harvester,24,13.112,8.0,0.0,0.0,0,0,8.0,1.0,0.0,0,0.0
83,S1,M1,harvester,24,13.112,8.0,0.0,0.0,0,0,8.0,1.0,0.0,0,0.0
83,S1,M2,forwarder,24,10.432,8.0,0.0,0.0,0,0,8.0,1.0,0.0,0,0.0
84,S1,M1,harvester,24,13.112,8.0,0.0,0.0,0,0,8.0,1.0,0.0,0,0.0
84,S1,M2,forwarder,24,10.432,8.0,0.0,0.0,0,0,8.0,1.0,0.0,0,0.0
85,S1,M1,harvester,24,13.112,8.0,0.0,0.0,0,0,8.0,1.0,0.0,0,0.0
85,S1,M2,forwarder,24,10.432,8.0,0.0,0.0,0,0,8.0,1.0,0.0,0,0.0
86,S1,M1,harvester,24,13.112,8.0,0.0,0.0,0,0,8.0,1.0,0.0,0,0.0
86,S1,M2,forwarder,24,10.432,8.0,0.0,0.0,0,0,8.0,1.0,0.0,0,0.0
87,S1,M1,harvester,24,13.112,8.0,0.0,0.0,0,0,8.0,1.0,0.0,0,0.0
87,S1,M2,forwarder,24,10.432,8.0,0.0,0.0,0,0,8.0,1.0,0.0,0,0.0
88,S1,M1,harvester,24,13.112,8.0,0.0,0.0,0,0,8.0,1.0,0.0,0,0.0
88,S1,M2,forwarder,24,10.432,8.0,0.0,0.0,0,0,8.0,1.0,0.0,0,0.0
89,S1,M1,harvester,24,9.1784,8.0,0.0,0.0,0,0,8.0,1.0,0.0,0,0.3
89,S1,M2,forwarder,24,7.3024,8.0,0.0,0.0,0,0,8.0,1.0,0.0,0,0.3
90,S1,M1,harvester,24,13.112,8.0,0.0,0.0,0,0,8.0,1.0,0.0,0,0.0
91,S1,M1,harvester,24,13.112,8.0,0.0,0.0,0,0,8.0,1.0,0.0,0,0.0
91,S1,M2,forwarder,24,10.432,8.0,0.0,0.0,0,0,8.0,1.0,0.0,0,0.0
92,S1,M1,harvester,24,13.112,8.0,0.0,0.0,0,0,8.0,1.0,0.0,0,0.0
93,S1,M2,forwarder,24,10.432,8.0,0.0,0.0,0,0,8.0,1.0,0.0,0,0.0
94,S1,M1,harvester,24,13.112,8.0,0.0,0.0,0,0,8.0,1.0,0.0,0,0.0
94,S1,M2,forwarder,24,10.432,8.0,0.0,0.0,0,0,8.0,1.0,0.0,0,0.0
95,S1,M1,harvester,24,13.112,8.0,0.0,0.0,0,0,8.0,1.0,0.0,0,0.0
95,S1,M2,forwarder,24,10.432,8.0,0.0,0.0,0,0,8.0,1.0,0.0,0,0.0
96,S1,M1,harvester,24,13.112,8.0,0.0,0.0,0,0,8.0,1.0,0.0,0,0.0
96,S1,M2,forwarder,24,10.432,8.0,0.0,0.0,0,0,8.0,1.0,0.0,0,0.0
97,S1,M1,harvester,24,13.112,8.0,0.0,0.0,0,0,8.0,1.0,0.0,0,0.0
97,S1,M2,forwarder,24,10.432,8.0,0.0,0.0,0,0,8.0,1.0,0.0,0,0.0
98,S1,M1,harvester,24,13.112,8.0,0.0,0.0,0,0,8.0,1.0,0.0,0,0.0
98,S1,M2,forwarder,24,10.432,8.0,0.0,0.0,0,0,8.0,1.0,0.0,0,0.0
99,S1,M1,harvester,24,13.112,8.0,0.0,0.0,0,0,8.0,1.0,0.0,0,0.0
99,S1,M2,forwarder,24,10.432,8.0,0.0,0.0,0,0,8.0,1.0,0.0,0,0.0
101,S1,M1,harvester,24,8.299,8.0,0.0,0.0,0,0,8.0,1.0,0.0,0,0.0
101,S1,M2,forwarder,24,8.299,8.0,0.0,0.0,0,0,8.0,1.0,0.0,0,0.0
102,S1,M1,harvester,24,8.299,8.0,0.0,0.0,0,0,8.0,1.0,0.0,0,0.0
103,S1,M1,harvester,24,8.299,8.0,0.0,0.0,0,0,8.0,1.0,0.0,0,0.0
103,S1,M2,forwarder,24,8.299,8.0,0.0,0.0,0,0,8.0,1.0,0.0,0,0.0
104,S1,M1,harvester,24,8.299,8.0,0.0,0.0,0,0,8.0,1.0,0.0,0,0.0
104,S1,M2,forwarder,24,8.299,8.0,0.0,0.0,0,0,8.0,1.0,0.0,0,0.0
105,S1,M1,harvester,24,8.299,8.0,0.0,0.0,0,0,8.0,1.0,0.0,0,0.0
105,S1,M2,forwarder,24,8.299,8.0,0.0,0.0,0,0,8.0,1.0,0.0,0,0.0
106,S1,M1,harvester,24,8.299,8.0,0.0,0.0,0,0,8.0,1.0,0.0,0,0.0
106,S1,M2,forwarder,24,8.299,8.0,0.0,0.0,0,0,8.0,1.0,0.0,0,0.0
12,S1,M2,forwarder,25,8.319,8.0,0.0,0.0,0,0,8.0,1.0,0.0,0,0.0
37,S1,M1,harvester,25,13.112,8.0,0.0,0.0,0,0,8.0,1.0,0.0,0,0.0
37,S1,M2,forwarder,25,10.432,8.0,0.0,0.0,0,0,8.0,1.0,0.0,0,0.0
38,S1,M1,harvester,25,13.112,8.0,0.0,0.0,0,0,8.0,1.0,0.0,0,0.0
38,S1,M2,forwarder,25,10.432,8.0,0.0,0.0,0,0,8.0,1.0,0.0,0,0.0
39,S1,M1,harvester,25,13.112,8.0,0.0,0.0,0,0,8.0,1.0,0.0,0,0.0
39,S1,M2,forwarder,25,10.432,8.0,0.0,0.0,0,0,8.0,1.0,0.0,0,0.0
40,S1,M1,harvester,25,13.112,8.0,0.0,0.0,0,0,8.0,1.0,0.0,0,0.0
40,S1,M2,forwarder,25,10.432,8.0,0.0,0.0,0,0,8.0,1.0,0.0,0,0.0
41,S1,M1,harvester,25,13.112,8.0,0.0,0.0,0,0,8.0,1.0,0.0,0,0.0
41,S1,M2,forwarder,25,10.432,8.0,0.0,0.0,0,0,8.0,1.0,0.0,0,0.0
42,S1,M1,harvester,25,13.112,8.0,0.0,0.0,0,0,8.0,1.0,0.0,0,0.0
42,S1,M2,forwarder,25,10.432,8.0,0.0,0.0,0,0,8.0,1.0,0.0,0,0.0
43,S1,M1,harvester,25,13.112,8.0,0.0,0.0,0,0,8.0,1.0,0.0,0,0.0
43,S1,M2,forwarder,25,10.432,8.0,0.0,0.0,0,0,8.0,1.0,0.0,0,0.0
44,S1,M2,forwarder,25,10.432,8.0,0.0,0.0,0,0,8.0,1.0,0.0,0,0.0
45,S1,M1,harvester,25,13.112,8.0,0.0,0.0,0,0,8.0,1.0,0.0,0,0.0
45,S1,M2,forwarder,25,10.432,8.0,0.0,0.0,0,0,8.0,1.0,0.0,0,0.0
46,S1,M1,harvester,25,13.112,8.0,0.0,0.0,0,0,8.0,1.0,0.0,0,0.0
46,S1,M2,forwarder,25,10.432,8.0,0.0,0.0,0,0,8.0,1.0,0.0,0,0.0
47,S1,M1,harvester,25,13.112,8.0,0.0,0.0,0,0,8.0,1.0,0.0,0,0.0
47,S1,M2,forwarder,25,10.432,8.0,0.0,0.0,0,0,8.0,1.0,0.0,0,0.0
48,S1,M1,harvester,25,13.112,8.0,0.0,0.0,0,0,8.0,1.0,0.0,0,0.0
48,S1,M2,forwarder,25,10.432,8.0,0.0,0.0,0,0,8.0,1.0,0.0,0,0.0
49,S1,M1,harvester,25,13.112,8.0,0.0,0.0,0,0,8.0,1.0,0.0,0,0.0
49,S1,M2,forwarder,25,10.432,8.0,0.0,0.0,0,0,8.0,1.0,0.0,0,0.0
50,S1,M1,harvester,25,13.112,8.0,0.0,0.0,0,0,8.0,1.0,0.0,0,0.0
50,S1,M2,forwarder,25,10.432,8.0,0.0,0.0,0,0,8.0,1.0,0.0,0,0.0
51,S1,M1,harvester,25,13.112,8.0,0.0,0.0,0,0,8.0,1.0,0.0,0,0.0
51,S1,M2,forwarder,25,10.432,8.0,0.0,0.0,0,0,8.0,1.0,0.0,0,0.0
52,S1,M1,harvester,25,13.112,8.0,0.0,0.0,0,0,8.0,1.0,0.0,0,0.0
52,S1,M2,forwarder,25,10.432,8.0,0.0,0.0,0,0,8.0,1.0,0.0,0,0.0
53,S1,M1,harvester,25,9.1784,8.0,0.0,0.0,0,0,8.0,1.0,0.0,0,0.3
54,S1,M1,harvester,25,13.112,8.0,0.0,0.0,0,0,8.0,1.0,0.0,0,0.0
54,S1,M2,forwarder,25,10.432,8.0,0.0,0.0,0,0,8.0,1.0,0.0,0,0.0
55,S1,M1,harvester,25,13.112,8.0,0.0,0.0,0,0,8.0,1.0,0.0,0,0.0
55,S1,M2,forwarder,25,10.432,8.0,0.0,0.0,0,0,8.0,1.0,0.0,0,0.0
56,S1,M1,harvester,25,10.153585678927223,8.0,0.0,0.0,0,0,8.0,1.0,0.0,0,0.0
56,S1,M2,forwarder,25,3.270968214613098,3.2392781026444073,4.760721897355593,0.0,0,0,8.0,0.4049097628305509,4.760721897355593,1,0.0
57,S1,M1,harvester,25,9.948,8.0,0.0,0.0,0,0,8.0,1.0,0.0,0,0.0
57,S1,M2,forwarder,25,0.8266204630910066,0.6647530865227234,7.335246913477277,0.0,0,0,8.0,0.08309413581534042,7.335246913477277,1,0.0
58,S1,M1,harvester,25,6.9636,8.0,0.0,0.0,0,0,8.0,1.0,0.0,0,0.3
58,S1,M2,forwarder,25,6.9636,8.0,0.0,0.0,0,0,8.0,1.0,0.0,0,0.3
59,S1,M1,harvester,25,9.948,8.0,0.0,0.0,0,0,8.0,1.0,0.0,0,0.0
60,S1,M2,forwarder,25,9.948,8.0,0.0,0.0,0,0,8.0,1.0,0.0,0,0.0
61,S1,M1,harvester,25,5.852231567554402,4.706257794575313,3.293742205424687,0.0,0,0,8.0,0.5882822243219141,3.293742205424687,1,0.0
61,S1,M2,forwarder,25,9.948,8.0,0.0,0.0,0,0,8.0,1.0,0.0,0,0.0
62,S1,M1,harvester,25,6.989787289766623,8.0,0.0,0.0,0,0,8.0,1.0,0.0,0,0.0
62,S1,M2,forwarder,25,5.561124237861914,8.0,0.0,0.0,0,0,8.0,1.0,0.0,0,0.0
63,S1,M1,harvester,25,13.112,8.0,0.0,0.0,0,0,8.0,1.0,0.0,0,0.0
64,S1,M1,harvester,25,13.112,8.0,0.0,0.0,0,0,8.0,1.0,0.0,0,0.0
64,S1,M2,forwarder,25,10.432,8.0,0.0,0.0,0,0,8.0,1.0,0.0,0,0.0
65,S1,M1,harvester,25,13.112,8.0,0.0,0.0,0,0,8.0,1.0,0.0,0,0.0
66,S1,M1,harvester,25,13.112,8.0,0.0,0.0,0,0,8.0,1.0,0.0,0,0.0
67,S1,M1,harvester,25,13.112,8.0,0.0,0.0,0,0,8.0,1.0,0.0,0,0.0
67,S1,M2,forwarder,25,10.432,8.0,0.0,0.0,0,0,8.0,1.0,0.0,0,0.0
68,S1,M1,harvester,25,13.112,8.0,0.0,0.0,0,0,8.0,1.0,0.0,0,0.0
68,S1,M2,forwarder,25,10.432,8.0,0.0,0.0,0,0,8.0,1.0,0.0,0,0.0
69,S1,M1,harvester,25,13.112,8.0,0.0,0.0,0,0,8.0,1.0,0.0,0,0.0
69,S1,M2,forwarder,25,10.432,8.0,0.0,0.0,0,0,8.0,1.0,0.0,0,0.0
70,S1,M1,harvester,25,9.1784,8.0,0.0,0.0,0,0,8.0,1.0,0.0,0,0.3
70,S1,M2,forwarder,25,7.3024,8.0,0.0,0.0,0,0,8.0,1.0,0.0,0,0.3
71,S1,M2,forwarder,25,6.351570098180325,8.0,0.0,0.0,0,0,8.0,1.0,0.0,0,0.0
72,S1,M1,harvester,25,13.112,8.0,0.0,0.0,0,0,8.0,1.0,0.0,0,0.0
72,S1,M2,forwarder,25,10.432,8.0,0.0,0.0,0,0,8.0,1.0,0.0,0,0.0
73,S1,M1,harvester,25,13.112,8.0,0.0,0.0,0,0,8.0,1.0,0.0,0,0.0
73,S1,M2,forwarder,25,10.432,8.0,0.0,0.0,0,0,8.0,1.0,0.0,0,0.0
74,S1,M1,harvester,25,13.112,8.0,0.0,0.0,0,0,8.0,1.0,0.0,0,0.0
75,S1,M2,forwarder,25,10.432,8.0,0.0,0.0,0,0,8.0,1.0,0.0,0,0.0
77,S1,M1,harvester,25,13.112,8.0,0.0,0.0,0,0,8.0,1.0,0.0,0,0.0
77,S1,M2,forwarder,25,10.432,8.0,0.0,0.0,0,0,8.0,1.0,0.0,0,0.0
78,S1,M1,harvester,25,13.112,8.0,0.0,0.0,0,0,8.0,1.0,0.0,0,0.0
78,S1,M2,forwarder,25,10.432,8.0,0.0,0.0,0,0,8.0,1.0,0.0,0,0.0
79,S1,M1,harvester,25,13.112,8.0,0.0,0.0,0,0,8.0,1.0,0.0,0,0.0
79,S1,M2,forwarder,25,10.432,8.0,0.0,0.0,0,0,8.0,1.0,0.0,0,0.0
80,S1,M1,harvester,25,13.112,8.0,0.0,0.0,0,0,8.0,1.0,0.0,0,0.0
80,S1,M2,forwarder,25,10.432,8.0,0.0,0.0,0,0,8.0,1.0,0.0,0,0.0
81,S1,M1,harvester,25,13.112,8.0,0.0,0.0,0,0,8.0,1.0,0.0,0,0.0
81,S1,M2,forwarder,25,10.432,8.0,0.0,0.0,0,0,8.0,1.0,0.0,0,0.0
82,S1,M1,harvester,25,13.112,8.0,0.0,0.0,0,0,8.0,1.0,0.0,0,0.0
83,S1,M1,harvester,25,13.112,8.0,0.0,0.0,0,0,8.0,1.0,0.0,0,0.0
83,S1,M2,forwarder,25,10.432,8.0,0.0,0.0,0,0,8.0,1.0,0.0,0,0.0
84,S1,M1,harvester,25,9.1784,8.0,0.0,0.0,0,0,8.0,1.0,0.0,0,0.3
84,S1,M2,forwarder,25,7.3024,8.0,0.0,0.0,0,0,8.0,1.0,0.0,0,0.3
85,S1,M1,harvester,25,13.112,8.0,0.0,0.0,0,0,8.0,1.0,0.0,0,0.0
85,S1,M2,forwarder,25,10.432,8.0,0.0,0.0,0,0,8.0,1.0,0.0,0,0.0
86,S1,M1,harvester,25,13.112,8.0,0.0,0.0,0,0,8.0,1.0,0.0,0,0.0
86,S1,M2,forwarder,25,10.432,8.0,0.0,0.0,0,0,8.0,1.0,0.0,0,0.0
87,S1,M1,harvester,25,13.112,8.0,0.0,0.0,0,0,8.0,1.0,0.0,0,0.0
87,S1,M2,forwarder,25,10.432,8.0,0.0,0.0,0,0,8.0,1.0,0.0,0,0.0
88,S1,M1,harvester,25,9.1784,8.0,0.0,0.0,0,0,8.0,1.0,0.0,0,0.3
88,S1,M2,forwarder,25,7.3024,8.0,0.0,0.0,0,0,8.0,1.0,0.0,0,0.3
89,S1,M1,harvester,25,13.112,8.0,0.0,0.0,0,0,8.0,1.0,0.0,0,0.0
89,S1,M2,forwarder,25,10.432,8.0,0.0,0.0,0,0,8.0,1.0,0.0,0,0.0
90,S1,M1,harvester,25,13.112,8.0,0.0,0.0,0,0,8.0,1.0,0.0,0,0.0
91,S1,M1,harvester,25,4.861779362113432,2.9663083356396776,5.0336916643603224,0.0,0,0,8.0,0.3707885419549597,5.0336916643603224,1,0.0
91,S1,M2,forwarder,25,10.432,8.0,0.0,0.0,0,0,8.0,1.0,0.0,0,0.0
92,S1,M1,harvester,25,13.112,8.0,0.0,0.0,0,0,8.0,1.0,0.0,0,0.0
93,S1,M2,forwarder,25,7.3024,8.0,0.0,0.0,0,0,8.0,1.0,0.0,0,0.3
94,S1,M1,harvester,25,13.112,8.0,0.0,0.0,0,0,8.0,1.0,0.0,0,0.0
94,S1,M2,forwarder,25,10.432,8.0,0.0,0.0,0,0,8.0,1.0,0.0,0,0.0
95,S1,M1,harvester,25,13.112,8.0,0.0,0.0,0,0,8.0,1.0,0.0,0,0.0
95,S1,M2,forwarder,25,10.432,8.0,0.0,0.0,0,0,8.0,1.0,0.0,0,0.0
96,S1,M1,harvester,25,9.1784,8.0,0.0,0.0,0,0,8.0,1.0,0.0,0,0.3
96,S1,M2,forwarder,25,0.011480642678873903,0.012577391190703224,7.987422608809297,0.0,0,0,8.0,0.001572173898837903,7.987422608809297,1,0.3
97,S1,M1,harvester,25,13.112,8.0,0.0,0.0,0,0,8.0,1.0,0.0,0,0.0
97,S1,M2,forwarder,25,10.432,8.0,0.0,0.0,0,0,8.0,1.0,0.0,0,0.0
98,S1,M1,harvester,25,8.848670225240589,5.398822590140689,2.601177409859311,0.0,0,0,8.0,0.6748528237675862,2.6011774098593103,1,0.0
98,S1,M2,forwarder,25,10.432,8.0,0.0,0.0,0,0,8.0,1.0,0.0,0,0.0
99,S1,M1,harvester,25,13.112,8.0,0.0,0.0,0,0,8.0,1.0,0.0,0,0.0
99,S1,M2,forwarder,25,10.432,8.0,0.0,0.0,0,0,8.0,1.0,0.0,0,0.0
101,S1,M1,harvester,25,8.299,8.0,0.0,0.0,0,0,8.0,1.0,0.0,0,0.0
101,S1,M2,forwarder,25,8.299,8.0,0.0,0.0,0,0,8.0,1.0,0.0,0,0.0
102,S1,M1,harvester,25,5.8092999999999995,8.0,0.0,0.0,0,0,8.0,1.0,0.0,0,0.3
103,S1,M1,harvester,25,8.299,8.0,0.0,0.0,0,0,8.0,1.0,0.0,0,0.0
103,S1,M2,forwarder,25,8.299,8.0,0.0,0.0,0,0,8.0,1.0,0.0,0,0.0
104,S1,M1,harvester,25,8.299,8.0,0.0,0.0,0,0,8.0,1.0,0.0,0,0.0
104,S1,M2,forwarder,25,8.299,8.0,0.0,0.0,0,0,8.0,1.0,0.0,0,0.0
105,S1,M1,harvester,25,8.299,8.0,0.0,0.0,0,0,8.0,1.0,0.0,0,0.0
105,S1,M2,forwarder,25,8.299,8.0,0.0,0.0,0,0,8.0,1.0,0.0,0,0.0
106,S1,M1,harvester,25,8.299,8.0,0.0,0.0,0,0,8.0,1.0,0.0,0,0.0
106,S1,M2,forwarder,25,8.299,8.0,0.0,0.0,0,0,8.0,1.0,0.0,0,0.0
12,S1,M2,forwarder,26,8.319,8.0,0.0,0.0,0,0,8.0,1.0,0.0,0,0.0
37,S1,M1,harvester,26,13.112,8.0,0.0,0.0,0,0,8.0,1.0,0.0,0,0.0
37,S1,M2,forwarder,26,10.432,8.0,0.0,0.0,0,0,8.0,1.0,0.0,0,0.0
38,S1,M1,harvester,26,13.112,8.0,0.0,0.0,0,0,8.0,1.0,0.0,0,0.0
38,S1,M2,forwarder,26,10.432,8.0,0.0,0.0,0,0,8.0,1.0,0.0,0,0.0
39,S1,M1,harvester,26,13.112,8.0,0.0,0.0,0,0,8.0,1.0,0.0,0,0.0
39,S1,M2,forwarder,26,10.432,8.0,0.0,0.0,0,0,8.0,1.0,0.0,0,0.0
40,S1,M1,harvester,26,13.112,8.0,0.0,0.0,0,0,8.0,1.0,0.0,0,0.0
40,S1,M2,forwarder,26,10.432,8.0,0.0,0.0,0,0,8.0,1.0,0.0,0,0.0
41,S1,M1,harvester,26,13.112,8.0,0.0,0.0,0,0,8.0,1.0,0.0,0,0.0
41,S1,M2,forwarder,26,10.432,8.0,0.0,0.0,0,0,8.0,1.0,0.0,0,0.0
42,S1,M1,harvester,26,13.112,8.0,0.0,0.0,0,0,8.0,1.0,0.0,0,0.0
42,S1,M2,forwarder,26,10.432,8.0,0.0,0.0,0,0,8.0,1.0,0.0,0,0.0
43,S1,M1,harvester,26,13.112,8.0,0.0,0.0,0,0,8.0,1.0,0.0,0,0.0
43,S1,M2,forwarder,26,10.432,8.0,0.0,0.0,0,0,8.0,1.0,0.0,0,0.0
44,S1,M2,forwarder,26,10.432,8.0,0.0,0.0,0,0,8.0,1.0,0.0,0,0.0
45,S1,M1,harvester,26,13.112,8.0,0.0,0.0,0,0,8.0,1.0,0.0,0,0.0
45,S1,M2,forwarder,26,10.432,8.0,0.0,0.0,0,0,8.0,1.0,0.0,0,0.0
46,S1,M1,harvester,26,13.112,8.0,0.0,0.0,0,0,8.0,1.0,0.0,0,0.0
46,S1,M2,forwarder,26,7.057976185987446,5.412558424836998,2.5874415751630018,0.0,0,0,8.0,0.6765698031046248,2.5874415751630018,1,0.0
47,S1,M1,harvester,26,13.112,8.0,0.0,0.0,0,0,8.0,1.0,0.0,0,0.0
47,S1,M2,forwarder,26,10.432,8.0,0.0,0.0,0,0,8.0,1.0,0.0,0,0.0
48,S1,M1,harvester,26,13.112,8.0,0.0,0.0,0,0,8.0,1.0,0.0,0,0.0
48,S1,M2,forwarder,26,10.432,8.0,0.0,0.0,0,0,8.0,1.0,0.0,0,0.0
49,S1,M1,harvester,26,13.112,8.0,0.0,0.0,0,0,8.0,1.0,0.0,0,0.0
49,S1,M2,forwarder,26,10.432,8.0,0.0,0.0,0,0,8.0,1.0,0.0,0,0.0
50,S1,M1,harvester,26,13.112,8.0,0.0,0.0,0,0,8.0,1.0,0.0,0,0.0
50,S1,M2,forwarder,26,10.432,8.0,0.0,0.0,0,0,8.0,1.0,0.0,0,0.0
51,S1,M1,harvester,26,13.112,8.0,0.0,0.0,0,0,8.0,1.0,0.0,0,0.0
51,S1,M2,forwarder,26,10.432,8.0,0.0,0.0,0,0,8.0,1.0,0.0,0,0.0
52,S1,M1,harvester,26,13.112,8.0,0.0,0.0,0,0,8.0,1.0,0.0,0,0.0
52,S1,M2,forwarder,26,10.432,8.0,0.0,0.0,0,0,8.0,1.0,0.0,0,0.0
53,S1,M1,harvester,26,13.112,8.0,0.0,0.0,0,0,8.0,1.0,0.0,0,0.0
54,S1,M1,harvester,26,13.112,8.0,0.0,0.0,0,0,8.0,1.0,0.0,0,0.0
54,S1,M2,forwarder,26,10.432,8.0,0.0,0.0,0,0,8.0,1.0,0.0,0,0.0
55,S1,M1,harvester,26,13.112,8.0,0.0,0.0,0,0,8.0,1.0,0.0,0,0.0
55,S1,M2,forwarder,26,10.432,8.0,0.0,0.0,0,0,8.0,1.0,0.0,0,0.0
56,S1,M1,harvester,26,13.112,8.0,0.0,0.0,0,0,8.0,1.0,0.0,0,0.0
56,S1,M2,forwarder,26,10.432,8.0,0.0,0.0,0,0,8.0,1.0,0.0,0,0.0
57,S1,M1,harvester,26,6.9636,8.0,0.0,0.0,0,0,8.0,1.0,0.0,0,0.3
57,S1,M2,forwarder,26,6.9636,8.0,0.0,0.0,0,0,8.0,1.0,0.0,0,0.3
58,S1,M1,harvester,26,9.948,8.0,0.0,0.0,0,0,8.0,1.0,0.0,0,0.0
58,S1,M2,forwarder,26,9.948,8.0,0.0,0.0,0,0,8.0,1.0,0.0,0,0.0
59,S1,M1,harvester,26,9.948,8.0,0.0,0.0,0,0,8.0,1.0,0.0,0,0.0
60,S1,M2,forwarder,26,9.948,8.0,0.0,0.0,0,0,8.0,1.0,0.0,0,0.0
61,S1,M1,harvester,26,7.363303794152228,8.0,0.0,0.0,0,0,8.0,1.0,0.0,0,0.0
61,S1,M2,forwarder,26,7.363303794152228,8.0,0.0,0.0,0,0,8.0,1.0,0.0,0,0.0
62,S1,M1,harvester,26,13.112,8.0,0.0,0.0,0,0,8.0,1.0,0.0,0,0.0
62,S1,M2,forwarder,26,10.432,8.0,0.0,0.0,0,0,8.0,1.0,0.0,0,0.0
63,S1,M1,harvester,26,8.444090732496823,5.151977262048092,2.848022737951908,0.0,0,0,8.0,0.6439971577560115,2.848022737951908,1,0.0
64,S1,M1,harvester,26,13.112,8.0,0.0,0.0,0,0,8.0,1.0,0.0,0,0.0
64,S1,M2,forwarder,26,10.432,8.0,0.0,0.0,0,0,8.0,1.0,0.0,0,0.0
65,S1,M1,harvester,26,9.1784,8.0,0.0,0.0,0,0,8.0,1.0,0.0,0,0.3
66,S1,M1,harvester,26,13.112,8.0,0.0,0.0,0,0,8.0,1.0,0.0,0,0.0
67,S1,M1,harvester,26,13.112,8.0,0.0,0.0,0,0,8.0,1.0,0.0,0,0.0
67,S1,M2,forwarder,26,10.432,8.0,0.0,0.0,0,0,8.0,1.0,0.0,0,0.0
68,S1,M1,harvester,26,13.112,8.0,0.0,0.0,0,0,8.0,1.0,0.0,0,0.0
68,S1,M2,forwarder,26,10.432,8.0,0.0,0.0,0,0,8.0,1.0,0.0,0,0.0
69,S1,M1,harvester,26,13.112,8.0,0.0,0.0,0,0,8.0,1.0,0.0,0,0.0
69,S1,M2,forwarder,26,10.432,8.0,0.0,0.0,0,0,8.0,1.0,0.0,0,0.0
70,S1,M1,harvester,26,13.112,8.0,0.0,0.0,0,0,8.0,1.0,0.0,0,0.0
70,S1,M2,forwarder,26,10.432,8.0,0.0,0.0,0,0,8.0,1.0,0.0,0,0.0
71,S1,M2,forwarder,26,10.432,8.0,0.0,0.0,0,0,8.0,1.0,0.0,0,0.0
72,S1,M1,harvester,26,13.112,8.0,0.0,0.0,0,0,8.0,1.0,0.0,0,0.0
72,S1,M2,forwarder,26,10.432,8.0,0.0,0.0,0,0,8.0,1.0,0.0,0,0.0
73,S1,M1,harvester,26,13.112,8.0,0.0,0.0,0,0,8.0,1.0,0.0,0,0.0
73,S1,M2,forwarder,26,10.432,8.0,0.0,0.0,0,0,8.0,1.0,0.0,0,0.0
74,S1,M1,harvester,26,9.1784,8.0,0.0,0.0,0,0,8.0,1.0,0.0,0,0.3
75,S1,M2,forwarder,26,5.352993604580976,8.0,0.0,0.0,0,0,8.0,1.0,0.0,0,0.3
77,S1,M1,harvester,26,13.112,8.0,0.0,0.0,0,0,8.0,1.0,0.0,0,0.0
77,S1,M2,forwarder,26,10.432,8.0,0.0,0.0,0,0,8.0,1.0,0.0,0,0.0
78,S1,M1,harvester,26,13.112,8.0,0.0,0.0,0,0,8.0,1.0,0.0,0,0.0
78,S1,M2,forwarder,26,10.432,8.0,0.0,0.0,0,0,8.0,1.0,0.0,0,0.0
79,S1,M1,harvester,26,13.112,8.0,0.0,0.0,0,0,8.0,1.0,0.0,0,0.0
79,S1,M2,forwarder,26,10.432,8.0,0.0,0.0,0,0,8.0,1.0,0.0,0,0.0
80,S1,M1,harvester,26,13.112,8.0,0.0,0.0,0,0,8.0,1.0,0.0,0,0.0
80,S1,M2,forwarder,26,10.432,8.0,0.0,0.0,0,0,8.0,1.0,0.0,0,0.0
81,S1,M1,harvester,26,8.099090960680892,8.0,0.0,0.0,0,0,8.0,1.0,0.0,0,0.0
81,S1,M2,forwarder,26,4.038464612785609,5.0138502004333105,2.9861497995666895,0.0,0,0,8.0,0.6267312750541638,2.986149799566689,1,0.0
82,S1,M1,harvester,26,13.112,8.0,0.0,0.0,0,0,8.0,1.0,0.0,0,0.0
83,S1,M1,harvester,26,9.1784,8.0,0.0,0.0,0,0,8.0,1.0,0.0,0,0.3
83,S1,M2,forwarder,26,7.3024,8.0,0.0,0.0,0,0,8.0,1.0,0.0,0,0.3
84,S1,M1,harvester,26,13.112,8.0,0.0,0.0,0,0,8.0,1.0,0.0,0,0.0
84,S1,M2,forwarder,26,10.432,8.0,0.0,0.0,0,0,8.0,1.0,0.0,0,0.0
85,S1,M1,harvester,26,13.112,8.0,0.0,0.0,0,0,8.0,1.0,0.0,0,0.0
85,S1,M2,forwarder,26,10.432,8.0,0.0,0.0,0,0,8.0,1.0,0.0,0,0.0
86,S1,M1,harvester,26,13.112,8.0,0.0,0.0,0,0,8.0,1.0,0.0,0,0.0
86,S1,M2,forwarder,26,10.432,8.0,0.0,0.0,0,0,8.0,1.0,0.0,0,0.0
87,S1,M1,harvester,26,13.112,8.0,0.0,0.0,0,0,8.0,1.0,0.0,0,0.0
87,S1,M2,forwarder,26,10.432,8.0,0.0,0.0,0,0,8.0,1.0,0.0,0,0.0
88,S1,M1,harvester,26,13.112,8.0,0.0,0.0,0,0,8.0,1.0,0.0,0,0.0
88,S1,M2,forwarder,26,10.432,8.0,0.0,0.0,0,0,8.0,1.0,0.0,0,0.0
89,S1,M1,harvester,26,13.112,8.0,0.0,0.0,0,0,8.0,1.0,0.0,0,0.0
89,S1,M2,forwarder,26,4.661180616397454,3.5745250125747345,4.4254749874252655,0.0,0,0,8.0,0.4468156265718418,4.4254749874252655,1,0.0
90,S1,M1,harvester,26,13.112,8.0,0.0,0.0,0,0,8.0,1.0,0.0,0,0.0
91,S1,M1,harvester,26,13.112,8.0,0.0,0.0,0,0,8.0,1.0,0.0,0,0.0
91,S1,M2,forwarder,26,10.432,8.0,0.0,0.0,0,0,8.0,1.0,0.0,0,0.0
92,S1,M1,harvester,26,13.112,8.0,0.0,0.0,0,0,8.0,1.0,0.0,0,0.0
93,S1,M2,forwarder,26,10.432,8.0,0.0,0.0,0,0,8.0,1.0,0.0,0,0.0
94,S1,M1,harvester,26,13.112,8.0,0.0,0.0,0,0,8.0,1.0,0.0,0,0.0
94,S1,M2,forwarder,26,10.432,8.0,0.0,0.0,0,0,8.0,1.0,0.0,0,0.0
95,S1,M1,harvester,26,13.112,8.0,0.0,0.0,0,0,8.0,1.0,0.0,0,0.0
95,S1,M2,forwarder,26,10.432,8.0,0.0,0.0,0,0,8.0,1.0,0.0,0,0.0
96,S1,M1,harvester,26,9.1784,8.0,0.0,0.0,0,0,8.0,1.0,0.0,0,0.3
96,S1,M2,forwarder,26,7.3024,8.0,0.0,0.0,0,0,8.0,1.0,0.0,0,0.3
97,S1,M1,harvester,26,13.112,8.0,0.0,0.0,0,0,8.0,1.0,0.0,0,0.0
97,S1,M2,forwarder,26,10.432,8.0,0.0,0.0,0,0,8.0,1.0,0.0,0,0.0
98,S1,M1,harvester,26,13.112,8.0,0.0,0.0,0,0,8.0,1.0,0.0,0,0.0
98,S1,M2,forwarder,26,10.432,8.0,0.0,0.0,0,0,8.0,1.0,0.0,0,0.0
99,S1,M1,harvester,26,13.112,8.0,0.0,0.0,0,0,8.0,1.0,0.0,0,0.0
99,S1,M2,forwarder,26,10.432,8.0,0.0,0.0,0,0,8.0,1.0,0.0,0,0.0
101,S1,M1,harvester,26,1.4484268577760266,1.3962423017481882,6.603757698251812,0.0,0,0,8.0,0.17453028771852352,6.603757698251812,1,0.0
101,S1,M2,forwarder,26,8.299,8.0,0.0,0.0,0,0,8.0,1.0,0.0,0,0.0
102,S1,M1,harvester,26,8.299,8.0,0.0,0.0,0,0,8.0,1.0,0.0,0,0.0
103,S1,M1,harvester,26,8.299,8.0,0.0,0.0,0,0,8.0,1.0,0.0,0,0.0
103,S1,M2,forwarder,26,8.299,8.0,0.0,0.0,0,0,8.0,1.0,0.0,0,0.0
104,S1,M1,harvester,26,4.8907843116870415,8.0,0.0,0.0,0,0,8.0,1.0,0.0,0,0.0
104,S1,M2,forwarder,26,4.8907843116870415,8.0,0.0,0.0,0,0,8.0,1.0,0.0,0,0.0
105,S1,M1,harvester,26,8.299,8.0,0.0,0.0,0,0,8.0,1.0,0.0,0,0.0
105,S1,M2,forwarder,26,8.299,8.0,0.0,0.0,0,0,8.0,1.0,0.0,0,0.0
106,S1,M1,harvester,26,3.6889508396489696,8.0,0.0,0.0,0,0,8.0,1.0,0.0,0,0.0
106,S1,M2,forwarder,26,3.6889508396489696,8.0,0.0,0.0,0,0,8.0,1.0,0.0,0,0.0
12,S1,M2,forwarder,27,2.768523457394379,2.662361781362547,5.337638218637453,0.0,0,0,8.0,0.33279522267031836,5.337638218637453,1,0.0
37,S1,M1,harvester,27,13.112,8.0,0.0,0.0,0,0,8.0,1.0,0.0,0,0.0
37,S1,M2,forwarder,27,10.432,8.0,0.0,0.0,0,0,8.0,1.0,0.0,0,0.0
38,S1,M1,harvester,27,13.112,8.0,0.0,0.0,0,0,8.0,1.0,0.0,0,0.0
38,S1,M2,forwarder,27,10.432,8.0,0.0,0.0,0,0,8.0,1.0,0.0,0,0.0
39,S1,M1,harvester,27,13.112,8.0,0.0,0.0,0,0,8.0,1.0,0.0,0,0.0
39,S1,M2,forwarder,27,10.432,8.0,0.0,0.0,0,0,8.0,1.0,0.0,0,0.0
40,S1,M1,harvester,27,13.112,8.0,0.0,0.0,0,0,8.0,1.0,0.0,0,0.0
40,S1,M2,forwarder,27,10.432,8.0,0.0,0.0,0,0,8.0,1.0,0.0,0,0.0
41,S1,M1,harvester,27,13.112,8.0,0.0,0.0,0,0,8.0,1.0,0.0,0,0.0
41,S1,M2,forwarder,27,10.432,8.0,0.0,0.0,0,0,8.0,1.0,0.0,0,0.0
42,S1,M1,harvester,27,13.112,8.0,0.0,0.0,0,0,8.0,1.0,0.0,0,0.0
42,S1,M2,forwarder,27,10.432,8.0,0.0,0.0,0,0,8.0,1.0,0.0,0,0.0
43,S1,M1,harvester,27,13.112,8.0,0.0,0.0,0,0,8.0,1.0,0.0,0,0.0
43,S1,M2,forwarder,27,10.432,8.0,0.0,0.0,0,0,8.0,1.0,0.0,0,0.0
44,S1,M2,forwarder,27,10.432,8.0,0.0,0.0,0,0,8.0,1.0,0.0,0,0.0
45,S1,M1,harvester,27,13.112,8.0,0.0,0.0,0,0,8.0,1.0,0.0,0,0.0
45,S1,M2,forwarder,27,10.432,8.0,0.0,0.0,0,0,8.0,1.0,0.0,0,0.0
46,S1,M1,harvester,27,13.112,8.0,0.0,0.0,0,0,8.0,1.0,0.0,0,0.0
46,S1,M2,forwarder,27,10.432,8.0,0.0,0.0,0,0,8.0,1.0,0.0,0,0.0
47,S1,M1,harvester,27,13.112,8.0,0.0,0.0,0,0,8.0,1.0,0.0,0,0.0
47,S1,M2,forwarder,27,10.432,8.0,0.0,0.0,0,0,8.0,1.0,0.0,0,0.0
48,S1,M1,harvester,27,13.112,8.0,0.0,0.0,0,0,8.0,1.0,0.0,0,0.0
48,S1,M2,forwarder,27,10.432,8.0,0.0,0.0,0,0,8.0,1.0,0.0,0,0.0
49,S1,M1,harvester,27,6.543206640692886,8.0,0.0,0.0,0,0,8.0,1.0,0.0,0,0.0
49,S1,M2,forwarder,27,5.205821512790435,8.0,0.0,0.0,0,0,8.0,1.0,0.0,0,0.0
50,S1,M1,harvester,27,13.112,8.0,0.0,0.0,0,0,8.0,1.0,0.0,0,0.0
50,S1,M2,forwarder,27,10.432,8.0,0.0,0.0,0,0,8.0,1.0,0.0,0,0.0
51,S1,M1,harvester,27,13.112,8.0,0.0,0.0,0,0,8.0,1.0,0.0,0,0.0
51,S1,M2,forwarder,27,10.432,8.0,0.0,0.0,0,0,8.0,1.0,0.0,0,0.0
52,S1,M1,harvester,27,13.112,8.0,0.0,0.0,0,0,8.0,1.0,0.0,0,0.0
52,S1,M2,forwarder,27,10.432,8.0,0.0,0.0,0,0,8.0,1.0,0.0,0,0.0
53,S1,M1,harvester,27,13.112,8.0,0.0,0.0,0,0,8.0,1.0,0.0,0,0.0
54,S1,M1,harvester,27,13.112,8.0,0.0,0.0,0,0,8.0,1.0,0.0,0,0.0
54,S1,M2,forwarder,27,10.432,8.0,0.0,0.0,0,0,8.0,1.0,0.0,0,0.0
55,S1,M1,harvester,27,9.1784,8.0,0.0,0.0,0,0,8.0,1.0,0.0,0,0.3
55,S1,M2,forwarder,27,7.3024,8.0,0.0,0.0,0,0,8.0,1.0,0.0,0,0.3
56,S1,M1,harvester,27,13.112,8.0,0.0,0.0,0,0,8.0,1.0,0.0,0,0.0
56,S1,M2,forwarder,27,10.432,8.0,0.0,0.0,0,0,8.0,1.0,0.0,0,0.0
57,S1,M1,harvester,27,9.948,8.0,0.0,0.0,0,0,8.0,1.0,0.0,0,0.0
57,S1,M2,forwarder,27,9.948,8.0,0.0,0.0,0,0,8.0,1.0,0.0,0,0.0
58,S1,M1,harvester,27,9.948,8.0,0.0,0.0,0,0,8.0,1.0,0.0,0,0.0
58,S1,M2,forwarder,27,9.948,8.0,0.0,0.0,0,0,8.0,1.0,0.0,0,0.0
59,S1,M1,harvester,27,6.9636,8.0,0.0,0.0,0,0,8.0,1.0,0.0,0,0.3
60,S1,M2,forwarder,27,9.948,8.0,0.0,0.0,0,0,8.0,1.0,0.0,0,0.0
61,S1,M1,harvester,27,9.948,8.0,0.0,0.0,0,0,8.0,1.0,0.0,0,0.0
61,S1,M2,forwarder,27,9.948,8.0,0.0,0.0,0,0,8.0,1.0,0.0,0,0.0
62,S1,M1,harvester,27,13.112,8.0,0.0,0.0,0,0,8.0,1.0,0.0,0,0.0
62,S1,M2,forwarder,27,10.432,8.0,0.0,0.0,0,0,8.0,1.0,0.0,0,0.0
63,S1,M1,harvester,27,13.112,8.0,0.0,0.0,0,0,8.0,1.0,0.0,0,0.0
64,S1,M1,harvester,27,13.112,8.0,0.0,0.0,0,0,8.0,1.0,0.0,0,0.0
64,S1,M2,forwarder,27,10.432,8.0,0.0,0.0,0,0,8.0,1.0,0.0,0,0.0
65,S1,M1,harvester,27,13.112,8.0,0.0,0.0,0,0,8.0,1.0,0.0,0,0.0
66,S1,M1,harvester,27,13.112,8.0,0.0,0.0,0,0,8.0,1.0,0.0,0,0.0
67,S1,M1,harvester,27,13.112,8.0,0.0,0.0,0,0,8.0,1.0,0.0,0,0.0
67,S1,M2,forwarder,27,10.432,8.0,0.0,0.0,0,0,8.0,1.0,0.0,0,0.0
68,S1,M1,harvester,27,13.112,8.0,0.0,0.0,0,0,8.0,1.0,0.0,0,0.0
68,S1,M2,forwarder,27,10.432,8.0,0.0,0.0,0,0,8.0,1.0,0.0,0,0.0
69,S1,M1,harvester,27,13.112,8.0,0.0,0.0,0,0,8.0,1.0,0.0,0,0.0
69,S1,M2,forwarder,27,10.432,8.0,0.0,0.0,0,0,8.0,1.0,0.0,0,0.0
70,S1,M1,harvester,27,13.112,8.0,0.0,0.0,0,0,8.0,1.0,0.0,0,0.0
70,S1,M2,forwarder,27,10.432,8.0,0.0,0.0,0,0,8.0,1.0,0.0,0,0.0
71,S1,M2,forwarder,27,10.432,8.0,0.0,0.0,0,0,8.0,1.0,0.0,0,0.0
72,S1,M1,harvester,27,8.464977797320996,8.0,0.0,0.0,0,0,8.0,1.0,0.0,0,0.0
72,S1,M2,forwarder,27,4.119064166200105,4.8928745762193095,3.1071254237806905,0.0,0,0,8.0,0.6116093220274137,3.10712542378069,1,0.0
73,S1,M1,harvester,27,13.112,8.0,0.0,0.0,0,0,8.0,1.0,0.0,0,0.0
73,S1,M2,forwarder,27,10.432,8.0,0.0,0.0,0,0,8.0,1.0,0.0,0,0.0
74,S1,M1,harvester,27,13.112,8.0,0.0,0.0,0,0,8.0,1.0,0.0,0,0.0
75,S1,M2,forwarder,27,10.432,8.0,0.0,0.0,0,0,8.0,1.0,0.0,0,0.0
77,S1,M1,harvester,27,13.112,8.0,0.0,0.0,0,0,8.0,1.0,0.0,0,0.0
77,S1,M2,forwarder,27,10.432,8.0,0.0,0.0,0,0,8.0,1.0,0.0,0,0.0
78,S1,M1,harvester,27,13.112,8.0,0.0,0.0,0,0,8.0,1.0,0.0,0,0.0
78,S1,M2,forwarder,27,10.432,8.0,0.0,0.0,0,0,8.0,1.0,0.0,0,0.0
79,S1,M1,harvester,27,13.112,8.0,0.0,0.0,0,0,8.0,1.0,0.0,0,0.0
79,S1,M2,forwarder,27,10.432,8.0,0.0,0.0,0,0,8.0,1.0,0.0,0,0.0
80,S1,M1,harvester,27,4.740257043163122,2.8921641508011726,5.107835849198827,0.0,0,0,8.0,0.3615205188501466,5.107835849198827,1,0.0
80,S1,M2,forwarder,27,10.432,8.0,0.0,0.0,0,0,8.0,1.0,0.0,0,0.0
81,S1,M1,harvester,27,13.112,8.0,0.0,0.0,0,0,8.0,1.0,0.0,0,0.0
81,S1,M2,forwarder,27,10.432,8.0,0.0,0.0,0,0,8.0,1.0,0.0,0,0.0
82,S1,M1,harvester,27,13.112,8.0,0.0,0.0,0,0,8.0,1.0,0.0,0,0.0
83,S1,M1,harvester,27,13.112,8.0,0.0,0.0,0,0,8.0,1.0,0.0,0,0.0
83,S1,M2,forwarder,27,10.432,8.0,0.0,0.0,0,0,8.0,1.0,0.0,0,0.0
84,S1,M1,harvester,27,13.112,8.0,0.0,0.0,0,0,8.0,1.0,0.0,0,0.0
84,S1,M2,forwarder,27,6.293691517404048,4.826450550156479,3.173549449843521,0.0,0,0,8.0,0.6033063187695599,3.173549449843521,1,0.0
85,S1,M1,harvester,27,13.112,8.0,0.0,0.0,0,0,8.0,1.0,0.0,0,0.0
85,S1,M2,forwarder,27,10.432,8.0,0.0,0.0,0,0,8.0,1.0,0.0,0,0.0
86,S1,M1,harvester,27,13.112,8.0,0.0,0.0,0,0,8.0,1.0,0.0,0,0.0
86,S1,M2,forwarder,27,10.432,8.0,0.0,0.0,0,0,8.0,1.0,0.0,0,0.0
87,S1,M1,harvester,27,13.112,8.0,0.0,0.0,0,0,8.0,1.0,0.0,0,0.0
87,S1,M2,forwarder,27,10.432,8.0,0.0,0.0,0,0,8.0,1.0,0.0,0,0.0
88,S1,M1,harvester,27,13.112,8.0,0.0,0.0,0,0,8.0,1.0,0.0,0,0.0
88,S1,M2,forwarder,27,10.432,8.0,0.0,0.0,0,0,8.0,1.0,0.0,0,0.0
89,S1,M1,harvester,27,13.112,8.0,0.0,0.0,0,0,8.0,1.0,0.0,0,0.0
89,S1,M2,forwarder,27,10.432,8.0,0.0,0.0,0,0,8.0,1.0,0.0,0,0.0
90,S1,M1,harvester,27,9.1784,8.0,0.0,0.0,0,0,8.0,1.0,0.0,0,0.3
91,S1,M1,harvester,27,13.112,8.0,0.0,0.0,0,0,8.0,1.0,0.0,0,0.0
91,S1,M2,forwarder,27,10.432,8.0,0.0,0.0,0,0,8.0,1.0,0.0,0,0.0
92,S1,M1,harvester,27,13.112,8.0,0.0,0.0,0,0,8.0,1.0,0.0,0,0.0
93,S1,M2,forwarder,27,10.432,8.0,0.0,0.0,0,0,8.0,1.0,0.0,0,0.0
94,S1,M1,harvester,27,9.1784,8.0,0.0,0.0,0,0,8.0,1.0,0.0,0,0.3
94,S1,M2,forwarder,27,7.3024,8.0,0.0,0.0,0,0,8.0,1.0,0.0,0,0.3
95,S1,M1,harvester,27,13.112,8.0,0.0,0.0,0,0,8.0,1.0,0.0,0,0.0
95,S1,M2,forwarder,27,10.432,8.0,0.0,0.0,0,0,8.0,1.0,0.0,0,0.0
96,S1,M1,harvester,27,13.112,8.0,0.0,0.0,0,0,8.0,1.0,0.0,0,0.0
96,S1,M2,forwarder,27,10.432,8.0,0.0,0.0,0,0,8.0,1.0,0.0,0,0.0
97,S1,M1,harvester,27,13.112,8.0,0.0,0.0,0,0,8.0,1.0,0.0,0,0.0
97,S1,M2,forwarder,27,10.432,8.0,0.0,0.0,0,0,8.0,1.0,0.0,0,0.0
98,S1,M1,harvester,27,13.112,8.0,0.0,0.0,0,0,8.0,1.0,0.0,0,0.0
98,S1,M2,forwarder,27,10.432,8.0,0.0,0.0,0,0,8.0,1.0,0.0,0,0.0
99,S1,M1,harvester,27,5.883126745797415,3.589461101767794,4.410538898232206,0.0,0,0,8.0,0.4486826377209743,4.410538898232206,1,0.0
99,S1,M2,forwarder,27,10.432,8.0,0.0,0.0,0,0,8.0,1.0,0.0,0,0.0
101,S1,M1,harvester,27,5.8092999999999995,8.0,0.0,0.0,0,0,8.0,1.0,0.0,0,0.3
101,S1,M2,forwarder,27,5.8092999999999995,8.0,0.0,0.0,0,0,8.0,1.0,0.0,0,0.3
102,S1,M1,harvester,27,5.281278646725293,8.0,0.0,0.0,0,0,8.0,1.0,0.0,0,0.0
103,S1,M1,harvester,27,8.299,8.0,0.0,0.0,0,0,8.0,1.0,0.0,0,0.0
103,S1,M2,forwarder,27,8.299,8.0,0.0,0.0,0,0,8.0,1.0,0.0,0,0.0
104,S1,M1,harvester,27,8.299,8.0,0.0,0.0,0,0,8.0,1.0,0.0,0,0.0
104,S1,M2,forwarder,27,8.299,8.0,0.0,0.0,0,0,8.0,1.0,0.0,0,0.0
105,S1,M1,harvester,27,5.8092999999999995,8.0,0.0,0.0,0,0,8.0,1.0,0.0,0,0.3
105,S1,M2,forwarder,27,5.8092999999999995,8.0,0.0,0.0,0,0,8.0,1.0,0.0,0,0.3
106,S1,M1,harvester,27,8.299,8.0,0.0,0.0,0,0,8.0,1.0,0.0,0,0.0
106,S1,M2,forwarder,27,8.299,8.0,0.0,0.0,0,0,8.0,1.0,0.0,0,0.0
12,S1,M2,forwarder,28,8.319,8.0,0.0,0.0,0,0,8.0,1.0,0.0,0,0.0
37,S1,M1,harvester,28,13.112,8.0,0.0,0.0,0,0,8.0,1.0,0.0,0,0.0
37,S1,M2,forwarder,28,10.432,8.0,0.0,0.0,0,0,8.0,1.0,0.0,0,0.0
38,S1,M1,harvester,28,13.112,8.0,0.0,0.0,0,0,8.0,1.0,0.0,0,0.0
38,S1,M2,forwarder,28,10.432,8.0,0.0,0.0,0,0,8.0,1.0,0.0,0,0.0
39,S1,M1,harvester,28,13.112,8.0,0.0,0.0,0,0,8.0,1.0,0.0,0,0.0
39,S1,M2,forwarder,28,5.6095034184909505,4.301766425223121,3.6982335747768786,0.0,0,0,8.0,0.5377208031528902,3.698233574776878,1,0.0
40,S1,M1,harvester,28,13.112,8.0,0.0,0.0,0,0,8.0,1.0,0.0,0,0.0
40,S1,M2,forwarder,28,10.432,8.0,0.0,0.0,0,0,8.0,1.0,0.0,0,0.0
41,S1,M1,harvester,28,3.6798024514837993,2.2451509771103106,5.754849022889689,0.0,0,0,8.0,0.28064387213878883,5.754849022889689,1,0.0
41,S1,M2,forwarder,28,10.432,8.0,0.0,0.0,0,0,8.0,1.0,0.0,0,0.0
42,S1,M1,harvester,28,13.112,8.0,0.0,0.0,0,0,8.0,1.0,0.0,0,0.0
42,S1,M2,forwarder,28,10.432,8.0,0.0,0.0,0,0,8.0,1.0,0.0,0,0.0
43,S1,M1,harvester,28,13.112,8.0,0.0,0.0,0,0,8.0,1.0,0.0,0,0.0
43,S1,M2,forwarder,28,10.432,8.0,0.0,0.0,0,0,8.0,1.0,0.0,0,0.0
44,S1,M2,forwarder,28,10.432,8.0,0.0,0.0,0,0,8.0,1.0,0.0,0,0.0
45,S1,M1,harvester,28,3.9703372670062156,2.422414439906172,5.577585560093828,0.0,0,0,8.0,0.3028018049882715,5.577585560093828,1,0.0
45,S1,M2,forwarder,28,10.432,8.0,0.0,0.0,0,0,8.0,1.0,0.0,0,0.0
46,S1,M1,harvester,28,13.112,8.0,0.0,0.0,0,0,8.0,1.0,0.0,0,0.0
46,S1,M2,forwarder,28,3.3104071882097132,2.538655819179228,5.461344180820772,0.0,0,0,8.0,0.3173319773974035,5.461344180820772,1,0.0
47,S1,M1,harvester,28,9.1784,8.0,0.0,0.0,0,0,8.0,1.0,0.0,0,0.3
47,S1,M2,forwarder,28,7.3024,8.0,0.0,0.0,0,0,8.0,1.0,0.0,0,0.3
48,S1,M1,harvester,28,13.112,8.0,0.0,0.0,0,0,8.0,1.0,0.0,0,0.0
48,S1,M2,forwarder,28,10.432,8.0,0.0,0.0,0,0,8.0,1.0,0.0,0,0.0
49,S1,M1,harvester,28,9.1784,8.0,0.0,0.0,0,0,8.0,1.0,0.0,0,0.3
49,S1,M2,forwarder,28,7.3024,8.0,0.0,0.0,0,0,8.0,1.0,0.0,0,0.3
50,S1,M1,harvester,28,13.112,8.0,0.0,0.0,0,0,8.0,1.0,0.0,0,0.0
50,S1,M2,forwarder,28,10.432,8.0,0.0,0.0,0,0,8.0,1.0,0.0,0,0.0
51,S1,M1,harvester,28,9.1784,8.0,0.0,0.0,0,0,8.0,1.0,0.0,0,0.3
51,S1,M2,forwarder,28,7.3024,8.0,0.0,0.0,0,0,8.0,1.0,0.0,0,0.3
52,S1,M1,harvester,28,13.112,8.0,0.0,0.0,0,0,8.0,1.0,0.0,0,0.0
52,S1,M2,forwarder,28,10.432,8.0,0.0,0.0,0,0,8.0,1.0,0.0,0,0.0
53,S1,M1,harvester,28,13.112,8.0,0.0,0.0,0,0,8.0,1.0,0.0,0,0.0
54,S1,M1,harvester,28,4.52640362671923,8.0,0.0,0.0,0,0,8.0,1.0,0.0,0,0.3
54,S1,M2,forwarder,28,3.601238760977349,8.0,0.0,0.0,0,0,8.0,1.0,0.0,0,0.3
55,S1,M1,harvester,28,7.780083754668298,8.0,0.0,0.0,0,0,8.0,1.0,0.0,0,0.0
55,S1,M2,forwarder,28,6.1898896986500676,8.0,0.0,0.0,0,0,8.0,1.0,0.0,0,0.0
56,S1,M1,harvester,28,13.112,8.0,0.0,0.0,0,0,8.0,1.0,0.0,0,0.0
56,S1,M2,forwarder,28,10.432,8.0,0.0,0.0,0,0,8.0,1.0,0.0,0,0.0
57,S1,M1,harvester,28,9.948,8.0,0.0,0.0,0,0,8.0,1.0,0.0,0,0.0
57,S1,M2,forwarder,28,9.948,8.0,0.0,0.0,0,0,8.0,1.0,0.0,0,0.0
58,S1,M1,harvester,28,9.948,8.0,0.0,0.0,0,0,8.0,1.0,0.0,0,0.0
58,S1,M2,forwarder,28,9.948,8.0,0.0,0.0,0,0,8.0,1.0,0.0,0,0.0
59,S1,M1,harvester,28,4.138348147537832,3.3279840350123298,4.67201596498767,0.0,0,0,8.0,0.4159980043765412,4.67201596498767,1,0.0
60,S1,M2,forwarder,28,9.948,8.0,0.0,0.0,0,0,8.0,1.0,0.0,0,0.0
61,S1,M1,harvester,28,4.0512747561063875,8.0,0.0,0.0,0,0,8.0,1.0,0.0,0,0.0
61,S1,M2,forwarder,28,4.0512747561063875,8.0,0.0,0.0,0,0,8.0,1.0,0.0,0,0.0
62,S1,M1,harvester,28,13.112,8.0,0.0,0.0,0,0,8.0,1.0,0.0,0,0.0
62,S1,M2,forwarder,28,10.432,8.0,0.0,0.0,0,0,8.0,1.0,0.0,0,0.0
63,S1,M1,harvester,28,5.879347578415246,3.5871553254516444,4.412844674548356,0.0,0,0,8.0,0.44839441568145555,4.412844674548356,1,0.0
64,S1,M1,harvester,28,13.112,8.0,0.0,0.0,0,0,8.0,1.0,0.0,0,0.0
64,S1,M2,forwarder,28,10.432,8.0,0.0,0.0,0,0,8.0,1.0,0.0,0,0.0
65,S1,M1,harvester,28,8.851861138596954,8.0,0.0,0.0,0,0,8.0,1.0,0.0,0,0.0
66,S1,M1,harvester,28,13.112,8.0,0.0,0.0,0,0,8.0,1.0,0.0,0,0.0
67,S1,M1,harvester,28,9.1784,8.0,0.0,0.0,0,0,8.0,1.0,0.0,0,0.3
67,S1,M2,forwarder,28,7.3024,8.0,0.0,0.0,0,0,8.0,1.0,0.0,0,0.3
68,S1,M1,harvester,28,13.112,8.0,0.0,0.0,0,0,8.0,1.0,0.0,0,0.0
68,S1,M2,forwarder,28,10.432,8.0,0.0,0.0,0,0,8.0,1.0,0.0,0,0.0
69,S1,M1,harvester,28,13.112,8.0,0.0,0.0,0,0,8.0,1.0,0.0,0,0.0
69,S1,M2,forwarder,28,10.432,8.0,0.0,0.0,0,0,8.0,1.0,0.0,0,0.0
70,S1,M1,harvester,28,13.112,8.0,0.0,0.0,0,0,8.0,1.0,0.0,0,0.0
70,S1,M2,forwarder,28,10.432,8.0,0.0,0.0,0,0,8.0,1.0,0.0,0,0.0
71,S1,M2,forwarder,28,7.215330698729798,8.0,0.0,0.0,0,0,8.0,1.0,0.0,0,0.0
72,S1,M1,harvester,28,13.112,8.0,0.0,0.0,0,0,8.0,1.0,0.0,0,0.0
72,S1,M2,forwarder,28,10.432,8.0,0.0,0.0,0,0,8.0,1.0,0.0,0,0.0
73,S1,M1,harvester,28,9.1784,8.0,0.0,0.0,0,0,8.0,1.0,0.0,0,0.3
73,S1,M2,forwarder,28,7.3024,8.0,0.0,0.0,0,0,8.0,1.0,0.0,0,0.3
74,S1,M1,harvester,28,13.112,8.0,0.0,0.0,0,0,8.0,1.0,0.0,0,0.0
75,S1,M2,forwarder,28,10.432,8.0,0.0,0.0,0,0,8.0,1.0,0.0,0,0.0
77,S1,M1,harvester,28,9.1784,8.0,0.0,0.0,0,0,8.0,1.0,0.0,0,0.3
77,S1,M2,forwarder,28,7.3024,8.0,0.0,0.0,0,0,8.0,1.0,0.0,0,0.3
78,S1,M1,harvester,28,13.112,8.0,0.0,0.0,0,0,8.0,1.0,0.0,0,0.0
78,S1,M2,forwarder,28,10.432,8.0,0.0,0.0,0,0,8.0,1.0,0.0,0,0.0
79,S1,M1,harvester,28,13.112,8.0,0.0,0.0,0,0,8.0,1.0,0.0,0,0.0
79,S1,M2,forwarder,28,10.432,8.0,0.0,0.0,0,0,8.0,1.0,0.0,0,0.0
80,S1,M1,harvester,28,13.112,8.0,0.0,0.0,0,0,8.0,1.0,0.0,0,0.0
80,S1,M2,forwarder,28,10.432,8.0,0.0,0.0,0,0,8.0,1.0,0.0,0,0.0
81,S1,M1,harvester,28,13.112,8.0,0.0,0.0,0,0,8.0,1.0,0.0,0,0.0
81,S1,M2,forwarder,28,10.432,8.0,0.0,0.0,0,0,8.0,1.0,0.0,0,0.0
82,S1,M1,harvester,28,13.112,8.0,0.0,0.0,0,0,8.0,1.0,0.0,0,0.0
83,S1,M1,harvester,28,13.112,8.0,0.0,0.0,0,0,8.0,1.0,0.0,0,0.0
83,S1,M2,forwarder,28,10.432,8.0,0.0,0.0,0,0,8.0,1.0,0.0,0,0.0
84,S1,M1,harvester,28,9.1784,8.0,0.0,0.0,0,0,8.0,1.0,0.0,0,0.3
84,S1,M2,forwarder,28,7.3024,8.0,0.0,0.0,0,0,8.0,1.0,0.0,0,0.3
85,S1,M1,harvester,28,13.112,8.0,0.0,0.0,0,0,8.0,1.0,0.0,0,0.0
85,S1,M2,forwarder,28,10.432,8.0,0.0,0.0,0,0,8.0,1.0,0.0,0,0.0
86,S1,M1,harvester,28,13.112,8.0,0.0,0.0,0,0,8.0,1.0,0.0,0,0.0
86,S1,M2,forwarder,28,10.432,8.0,0.0,0.0,0,0,8.0,1.0,0.0,0,0.0
87,S1,M1,harvester,28,13.112,8.0,0.0,0.0,0,0,8.0,1.0,0.0,0,0.0
87,S1,M2,forwarder,28,10.432,8.0,0.0,0.0,0,0,8.0,1.0,0.0,0,0.0
88,S1,M1,harvester,28,13.112,8.0,0.0,0.0,0,0,8.0,1.0,0.0,0,0.0
88,S1,M2,forwarder,28,10.432,8.0,0.0,0.0,0,0,8.0,1.0,0.0,0,0.0
89,S1,M1,harvester,28,13.112,8.0,0.0,0.0,0,0,8.0,1.0,0.0,0,0.0
89,S1,M2,forwarder,28,10.432,8.0,0.0,0.0,0,0,8.0,1.0,0.0,0,0.0
90,S1,M1,harvester,28,13.112,8.0,0.0,0.0,0,0,8.0,1.0,0.0,0,0.0
91,S1,M1,harvester,28,13.112,8.0,0.0,0.0,0,0,8.0,1.0,0.0,0,0.0
91,S1,M2,forwarder,28,10.432,8.0,0.0,0.0,0,0,8.0,1.0,0.0,0,0.0
92,S1,M1,harvester,28,9.1784,8.0,0.0,0.0,0,0,8.0,1.0,0.0,0,0.3
93,S1,M2,forwarder,28,10.432,8.0,0.0,0.0,0,0,8.0,1.0,0.0,0,0.0
94,S1,M1,harvester,28,13.112,8.0,0.0,0.0,0,0,8.0,1.0,0.0,0,0.0
94,S1,M2,forwarder,28,10.432,8.0,0.0,0.0,0,0,8.0,1.0,0.0,0,0.0
95,S1,M1,harvester,28,13.112,8.0,0.0,0.0,0,0,8.0,1.0,0.0,0,0.0
95,S1,M2,forwarder,28,10.432,8.0,0.0,0.0,0,0,8.0,1.0,0.0,0,0.0
96,S1,M1,harvester,28,13.112,8.0,0.0,0.0,0,0,8.0,1.0,0.0,0,0.0
96,S1,M2,forwarder,28,10.432,8.0,0.0,0.0,0,0,8.0,1.0,0.0,0,0.0
97,S1,M1,harvester,28,7.014517683445992,4.2797545353544795,3.7202454646455205,0.0,0,0,8.0,0.5349693169193099,3.7202454646455205,1,0.0
97,S1,M2,forwarder,28,10.432,8.0,0.0,0.0,0,0,8.0,1.0,0.0,0,0.0
98,S1,M1,harvester,28,2.241982609395306,1.8209029136425157,6.179097086357484,0.0,0,0,8.0,0.22761286420531446,6.179097086357484,1,0.0
98,S1,M2,forwarder,28,7.836715371355526,8.0,0.0,0.0,0,0,8.0,1.0,0.0,0,0.0
99,S1,M1,harvester,28,13.112,8.0,0.0,0.0,0,0,8.0,1.0,0.0,0,0.0
99,S1,M2,forwarder,28,10.432,8.0,0.0,0.0,0,0,8.0,1.0,0.0,0,0.0
101,S1,M1,harvester,28,8.299,8.0,0.0,0.0,0,0,8.0,1.0,0.0,0,0.0
101,S1,M2,forwarder,28,8.299,8.0,0.0,0.0,0,0,8.0,1.0,0.0,0,0.0
102,S1,M1,harvester,28,8.299,8.0,0.0,0.0,0,0,8.0,1.0,0.0,0,0.0
103,S1,M1,harvester,28,8.299,8.0,0.0,0.0,0,0,8.0,1.0,0.0,0,0.0
103,S1,M2,forwarder,28,8.299,8.0,0.0,0.0,0,0,8.0,1.0,0.0,0,0.0
104,S1,M1,harvester,28,4.625763402464151,8.0,0.0,0.0,0,0,8.0,1.0,0.0,0,0.0
104,S1,M2,forwarder,28,4.625763402464151,8.0,0.0,0.0,0,0,8.0,1.0,0.0,0,0.0
105,S1,M1,harvester,28,8.299,8.0,0.0,0.0,0,0,8.0,1.0,0.0,0,0.0
105,S1,M2,forwarder,28,4.385420774950487,4.227420918135184,3.7725790818648157,0.0,0,0,8.0,0.528427614766898,3.772579081864816,1,0.0
106,S1,M1,harvester,28,8.299,8.0,0.0,0.0,0,0,8.0,1.0,0.0,0,0.0
106,S1,M2,forwarder,28,8.299,8.0,0.0,0.0,0,0,8.0,1.0,0.0,0,0.0
12,S1,M2,forwarder,29,8.319,8.0,0.0,0.0,0,0,8.0,1.0,0.0,0,0.0
37,S1,M1,harvester,29,13.112,8.0,0.0,0.0,0,0,8.0,1.0,0.0,0,0.0
37,S1,M2,forwarder,29,4.935964648244992,3.785248963378061,4.214751036621939,0.0,0,0,8.0,0.47315612042225763,4.214751036621939,1,0.0
38,S1,M1,harvester,29,13.112,8.0,0.0,0.0,0,0,8.0,1.0,0.0,0,0.0
38,S1,M2,forwarder,29,10.432,8.0,0.0,0.0,0,0,8.0,1.0,0.0,0,0.0
39,S1,M1,harvester,29,13.112,8.0,0.0,0.0,0,0,8.0,1.0,0.0,0,0.0
39,S1,M2,forwarder,29,10.432,8.0,0.0,0.0,0,0,8.0,1.0,0.0,0,0.0
40,S1,M1,harvester,29,13.112,8.0,0.0,0.0,0,0,8.0,1.0,0.0,0,0.0
40,S1,M2,forwarder,29,10.432,8.0,0.0,0.0,0,0,8.0,1.0,0.0,0,0.0
41,S1,M1,harvester,29,13.112,8.0,0.0,0.0,0,0,8.0,1.0,0.0,0,0.0
41,S1,M2,forwarder,29,10.432,8.0,0.0,0.0,0,0,8.0,1.0,0.0,0,0.0
42,S1,M1,harvester,29,13.112,8.0,0.0,0.0,0,0,8.0,1.0,0.0,0,0.0
42,S1,M2,forwarder,29,10.432,8.0,0.0,0.0,0,0,8.0,1.0,0.0,0,0.0
43,S1,M1,harvester,29,13.112,8.0,0.0,0.0,0,0,8.0,1.0,0.0,0,0.0
43,S1,M2,forwarder,29,10.432,8.0,0.0,0.0,0,0,8.0,1.0,0.0,0,0.0
44,S1,M2,forwarder,29,10.432,8.0,0.0,0.0,0,0,8.0,1.0,0.0,0,0.0
45,S1,M1,harvester,29,13.112,8.0,0.0,0.0,0,0,8.0,1.0,0.0,0,0.0
45,S1,M2,forwarder,29,10.432,8.0,0.0,0.0,0,0,8.0,1.0,0.0,0,0.0
46,S1,M1,harvester,29,13.112,8.0,0.0,0.0,0,0,8.0,1.0,0.0,0,0.0
46,S1,M2,forwarder,29,10.432,8.0,0.0,0.0,0,0,8.0,1.0,0.0,0,0.0
47,S1,M1,harvester,29,13.112,8.0,0.0,0.0,0,0,8.0,1.0,0.0,0,0.0
47,S1,M2,forwarder,29,4.003970839718627,3.0705297850602964,4.929470214939704,0.0,0,0,8.0,0.38381622313253705,4.929470214939704,1,0.0
48,S1,M1,harvester,29,13.112,8.0,0.0,0.0,0,0,8.0,1.0,0.0,0,0.0
48,S1,M2,forwarder,29,10.432,8.0,0.0,0.0,0,0,8.0,1.0,0.0,0,0.0
49,S1,M1,harvester,29,13.112,8.0,0.0,0.0,0,0,8.0,1.0,0.0,0,0.0
49,S1,M2,forwarder,29,10.432,8.0,0.0,0.0,0,0,8.0,1.0,0.0,0,0.0
50,S1,M1,harvester,29,13.112,8.0,0.0,0.0,0,0,8.0,1.0,0.0,0,0.0
50,S1,M2,forwarder,29,10.432,8.0,0.0,0.0,0,0,8.0,1.0,0.0,0,0.0
51,S1,M1,harvester,29,9.137054161132609,5.574773740776454,2.425226259223546,0.0,0,0,8.0,0.6968467175970567,2.425226259223546,1,0.0
51,S1,M2,forwarder,29,10.432,8.0,0.0,0.0,0,0,8.0,1.0,0.0,0,0.0
52,S1,M1,harvester,29,13.112,8.0,0.0,0.0,0,0,8.0,1.0,0.0,0,0.0
52,S1,M2,forwarder,29,10.432,8.0,0.0,0.0,0,0,8.0,1.0,0.0,0,0.0
53,S1,M1,harvester,29,13.112,8.0,0.0,0.0,0,0,8.0,1.0,0.0,0,0.0
54,S1,M1,harvester,29,13.112,8.0,0.0,0.0,0,0,8.0,1.0,0.0,0,0.0
54,S1,M2,forwarder,29,10.432,8.0,0.0,0.0,0,0,8.0,1.0,0.0,0,0.0
55,S1,M1,harvester,29,9.1784,8.0,0.0,0.0,0,0,8.0,1.0,0.0,0,0.3
55,S1,M2,forwarder,29,7.3024,8.0,0.0,0.0,0,0,8.0,1.0,0.0,0,0.3
56,S1,M1,harvester,29,13.112,8.0,0.0,0.0,0,0,8.0,1.0,0.0,0,0.0
56,S1,M2,forwarder,29,10.432,8.0,0.0,0.0,0,0,8.0,1.0,0.0,0,0.0
57,S1,M1,harvester,29,9.948,8.0,0.0,0.0,0,0,8.0,1.0,0.0,0,0.0
57,S1,M2,forwarder,29,9.948,8.0,0.0,0.0,0,0,8.0,1.0,0.0,0,0.0
58,S1,M1,harvester,29,8.34626725783237,6.711915768260853,1.2880842317391474,0.0,0,0,8.0,0.8389894710326066,1.2880842317391474,1,0.0
58,S1,M2,forwarder,29,9.948,8.0,0.0,0.0,0,0,8.0,1.0,0.0,0,0.0
59,S1,M1,harvester,29,9.948,8.0,0.0,0.0,0,0,8.0,1.0,0.0,0,0.0
60,S1,M2,forwarder,29,9.948,8.0,0.0,0.0,0,0,8.0,1.0,0.0,0,0.0
61,S1,M1,harvester,29,9.948,8.0,0.0,0.0,0,0,8.0,1.0,0.0,0,0.0
61,S1,M2,forwarder,29,9.948,8.0,0.0,0.0,0,0,8.0,1.0,0.0,0,0.0
62,S1,M1,harvester,29,13.112,8.0,0.0,0.0,0,0,8.0,1.0,0.0,0,0.0
62,S1,M2,forwarder,29,3.9509321774451642,3.029855964298439,4.970144035701561,0.0,0,0,8.0,0.37873199553730486,4.970144035701561,1,0.0
63,S1,M1,harvester,29,4.993444741277851,4.454588266851005,3.5454117331489954,0.0,0,0,8.0,0.5568235333563756,3.5454117331489954,1,0.0
64,S1,M1,harvester,29,13.112,8.0,0.0,0.0,0,0,8.0,1.0,0.0,0,0.0
64,S1,M2,forwarder,29,10.432,8.0,0.0,0.0,0,0,8.0,1.0,0.0,0,0.0
65,S1,M1,harvester,29,8.774445661808562,8.0,0.0,0.0,0,0,8.0,1.0,0.0,0,0.0
66,S1,M1,harvester,29,4.896715759921855,2.9876240145953963,5.012375985404604,0.0,0,0,8.0,0.37345300182442454,5.012375985404604,1,0.0
67,S1,M1,harvester,29,13.112,8.0,0.0,0.0,0,0,8.0,1.0,0.0,0,0.0
67,S1,M2,forwarder,29,10.432,8.0,0.0,0.0,0,0,8.0,1.0,0.0,0,0.0
68,S1,M1,harvester,29,13.112,8.0,0.0,0.0,0,0,8.0,1.0,0.0,0,0.0
68,S1,M2,forwarder,29,10.432,8.0,0.0,0.0,0,0,8.0,1.0,0.0,0,0.0
69,S1,M1,harvester,29,13.112,8.0,0.0,0.0,0,0,8.0,1.0,0.0,0,0.0
69,S1,M2,forwarder,29,10.432,8.0,0.0,0.0,0,0,8.0,1.0,0.0,0,0.0
70,S1,M1,harvester,29,13.112,8.0,0.0,0.0,0,0,8.0,1.0,0.0,0,0.0
70,S1,M2,forwarder,29,10.432,8.0,0.0,0.0,0,0,8.0,1.0,0.0,0,0.0
71,S1,M2,forwarder,29,10.432,8.0,0.0,0.0,0,0,8.0,1.0,0.0,0,0.0
72,S1,M1,harvester,29,13.112,8.0,0.0,0.0,0,0,8.0,1.0,0.0,0,0.0
72,S1,M2,forwarder,29,10.432,8.0,0.0,0.0,0,0,8.0,1.0,0.0,0,0.0
73,S1,M1,harvester,29,13.112,8.0,0.0,0.0,0,0,8.0,1.0,0.0,0,0.0
73,S1,M2,forwarder,29,10.432,8.0,0.0,0.0,0,0,8.0,1.0,0.0,0,0.0
74,S1,M1,harvester,29,13.112,8.0,0.0,0.0,0,0,8.0,1.0,0.0,0,0.0
75,S1,M2,forwarder,29,10.432,8.0,0.0,0.0,0,0,8.0,1.0,0.0,0,0.0
77,S1,M1,harvester,29,13.112,8.0,0.0,0.0,0,0,8.0,1.0,0.0,0,0.0
77,S1,M2,forwarder,29,10.432,8.0,0.0,0.0,0,0,8.0,1.0,0.0,0,0.0
78,S1,M1,harvester,29,7.657622779596925,4.672131043073169,3.3278689569268307,0.0,0,0,8.0,0.5840163803841462,3.3278689569268307,1,0.0
78,S1,M2,forwarder,29,10.432,8.0,0.0,0.0,0,0,8.0,1.0,0.0,0,0.0
79,S1,M1,harvester,29,13.112,8.0,0.0,0.0,0,0,8.0,1.0,0.0,0,0.0
79,S1,M2,forwarder,29,10.432,8.0,0.0,0.0,0,0,8.0,1.0,0.0,0,0.0
80,S1,M1,harvester,29,13.112,8.0,0.0,0.0,0,0,8.0,1.0,0.0,0,0.0
80,S1,M2,forwarder,29,10.432,8.0,0.0,0.0,0,0,8.0,1.0,0.0,0,0.0
81,S1,M1,harvester,29,13.112,8.0,0.0,0.0,0,0,8.0,1.0,0.0,0,0.0
81,S1,M2,forwarder,29,10.432,8.0,0.0,0.0,0,0,8.0,1.0,0.0,0,0.0
82,S1,M1,harvester,29,9.1784,8.0,0.0,0.0,0,0,8.0,1.0,0.0,0,0.3
83,S1,M1,harvester,29,13.112,8.0,0.0,0.0,0,0,8.0,1.0,0.0,0,0.0
83,S1,M2,forwarder,29,10.432,8.0,0.0,0.0,0,0,8.0,1.0,0.0,0,0.0
84,S1,M1,harvester,29,13.112,8.0,0.0,0.0,0,0,8.0,1.0,0.0,0,0.0
84,S1,M2,forwarder,29,10.432,8.0,0.0,0.0,0,0,8.0,1.0,0.0,0,0.0
85,S1,M1,harvester,29,13.112,8.0,0.0,0.0,0,0,8.0,1.0,0.0,0,0.0
85,S1,M2,forwarder,29,10.432,8.0,0.0,0.0,0,0,8.0,1.0,0.0,0,0.0
86,S1,M1,harvester,29,13.112,8.0,0.0,0.0,0,0,8.0,1.0,0.0,0,0.0
86,S1,M2,forwarder,29,10.432,8.0,0.0,0.0,0,0,8.0,1.0,0.0,0,0.0
87,S1,M1,harvester,29,9.1784,8.0,0.0,0.0,0,0,8.0,1.0,0.0,0,0.3
87,S1,M2,forwarder,29,7.3024,8.0,0.0,0.0,0,0,8.0,1.0,0.0,0,0.3
88,S1,M1,harvester,29,13.112,8.0,0.0,0.0,0,0,8.0,1.0,0.0,0,0.0
88,S1,M2,forwarder,29,10.432,8.0,0.0,0.0,0,0,8.0,1.0,0.0,0,0.0
89,S1,M1,harvester,29,11.605732828553847,7.08098403206458,0.9190159679354197,0.0,0,0,8.0,0.8851230040080725,0.9190159679354197,1,0.0
89,S1,M2,forwarder,29,10.432,8.0,0.0,0.0,0,0,8.0,1.0,0.0,0,0.0
90,S1,M1,harvester,29,13.112,8.0,0.0,0.0,0,0,8.0,1.0,0.0,0,0.0
91,S1,M1,harvester,29,13.112,8.0,0.0,0.0,0,0,8.0,1.0,0.0,0,0.0
91,S1,M2,forwarder,29,10.432,8.0,0.0,0.0,0,0,8.0,1.0,0.0,0,0.0
92,S1,M1,harvester,29,13.112,8.0,0.0,0.0,0,0,8.0,1.0,0.0,0,0.0
93,S1,M2,forwarder,29,7.3024,8.0,0.0,0.0,0,0,8.0,1.0,0.0,0,0.3
94,S1,M1,harvester,29,10.354556125885335,8.0,0.0,0.0,0,0,8.0,1.0,0.0,0,0.0
94,S1,M2,forwarder,29,8.238158137983207,8.0,0.0,0.0,0,0,8.0,1.0,0.0,0,0.0
95,S1,M1,harvester,29,13.112,8.0,0.0,0.0,0,0,8.0,1.0,0.0,0,0.0
95,S1,M2,forwarder,29,10.432,8.0,0.0,0.0,0,0,8.0,1.0,0.0,0,0.0
96,S1,M1,harvester,29,13.112,8.0,0.0,0.0,0,0,8.0,1.0,0.0,0,0.0
96,S1,M2,forwarder,29,10.432,8.0,0.0,0.0,0,0,8.0,1.0,0.0,0,0.0
97,S1,M1,harvester,29,8.204723639356308,8.0,0.0,0.0,0,0,8.0,1.0,0.0,0,0.0
97,S1,M2,forwarder,29,6.527736196290802,8.0,0.0,0.0,0,0,8.0,1.0,0.0,0,0.0
98,S1,M1,harvester,29,13.112,8.0,0.0,0.0,0,0,8.0,1.0,0.0,0,0.0
98,S1,M2,forwarder,29,10.432,8.0,0.0,0.0,0,0,8.0,1.0,0.0,0,0.0
99,S1,M1,harvester,29,13.112,8.0,0.0,0.0,0,0,8.0,1.0,0.0,0,0.0
99,S1,M2,forwarder,29,10.432,8.0,0.0,0.0,0,0,8.0,1.0,0.0,0,0.0
101,S1,M1,harvester,29,8.299,8.0,0.0,0.0,0,0,8.0,1.0,0.0,0,0.0
101,S1,M2,forwarder,29,8.299,8.0,0.0,0.0,0,0,8.0,1.0,0.0,0,0.0
102,S1,M1,harvester,29,8.299,8.0,0.0,0.0,0,0,8.0,1.0,0.0,0,0.0
103,S1,M1,harvester,29,8.299,8.0,0.0,0.0,0,0,8.0,1.0,0.0,0,0.0
103,S1,M2,forwarder,29,8.299,8.0,0.0,0.0,0,0,8.0,1.0,0.0,0,0.0
104,S1,M1,harvester,29,8.299,8.0,0.0,0.0,0,0,8.0,1.0,0.0,0,0.0
104,S1,M2,forwarder,29,8.299,8.0,0.0,0.0,0,0,8.0,1.0,0.0,0,0.0
105,S1,M1,harvester,29,5.104911078260164,4.9209891102640455,3.0790108897359545,0.0,0,0,8.0,0.6151236387830057,3.079010889735955,1,0.0
105,S1,M2,forwarder,29,8.299,8.0,0.0,0.0,0,0,8.0,1.0,0.0,0,0.0
106,S1,M1,harvester,29,8.299,8.0,0.0,0.0,0,0,8.0,1.0,0.0,0,0.0
106,S1,M2,forwarder,29,3.5811203673984284,3.452098197275266,4.547901802724734,0.0,0,0,8.0,0.4315122746594082,4.547901802724734,1,0.0
12,S1,M2,forwarder,30,8.319,8.0,0.0,0.0,0,0,8.0,1.0,0.0,0,0.0
37,S1,M1,harvester,30,13.112,8.0,0.0,0.0,0,0,8.0,1.0,0.0,0,0.0
37,S1,M2,forwarder,30,10.432,8.0,0.0,0.0,0,0,8.0,1.0,0.0,0,0.0
38,S1,M1,harvester,30,13.112,8.0,0.0,0.0,0,0,8.0,1.0,0.0,0,0.0
38,S1,M2,forwarder,30,10.432,8.0,0.0,0.0,0,0,8.0,1.0,0.0,0,0.0
39,S1,M1,harvester,30,13.112,8.0,0.0,0.0,0,0,8.0,1.0,0.0,0,0.0
39,S1,M2,forwarder,30,10.432,8.0,0.0,0.0,0,0,8.0,1.0,0.0,0,0.0
40,S1,M1,harvester,30,13.112,8.0,0.0,0.0,0,0,8.0,1.0,0.0,0,0.0
40,S1,M2,forwarder,30,10.432,8.0,0.0,0.0,0,0,8.0,1.0,0.0,0,0.0
41,S1,M1,harvester,30,8.37929115585408,5.112441217726712,2.887558782273288,0.0,0,0,8.0,0.639055152215839,2.8875587822732878,1,0.0
41,S1,M2,forwarder,30,10.432,8.0,0.0,0.0,0,0,8.0,1.0,0.0,0,0.0
42,S1,M1,harvester,30,13.112,8.0,0.0,0.0,0,0,8.0,1.0,0.0,0,0.0
42,S1,M2,forwarder,30,10.432,8.0,0.0,0.0,0,0,8.0,1.0,0.0,0,0.0
43,S1,M1,harvester,30,13.112,8.0,0.0,0.0,0,0,8.0,1.0,0.0,0,0.0
43,S1,M2,forwarder,30,10.432,8.0,0.0,0.0,0,0,8.0,1.0,0.0,0,0.0
44,S1,M2,forwarder,30,10.432,8.0,0.0,0.0,0,0,8.0,1.0,0.0,0,0.0
45,S1,M1,harvester,30,13.112,8.0,0.0,0.0,0,0,8.0,1.0,0.0,0,0.0
45,S1,M2,forwarder,30,10.432,8.0,0.0,0.0,0,0,8.0,1.0,0.0,0,0.0
46,S1,M1,harvester,30,9.1784,8.0,0.0,0.0,0,0,8.0,1.0,0.0,0,0.3
46,S1,M2,forwarder,30,7.3024,8.0,0.0,0.0,0,0,8.0,1.0,0.0,0,0.3
47,S1,M1,harvester,30,13.112,8.0,0.0,0.0,0,0,8.0,1.0,0.0,0,0.0
47,S1,M2,forwarder,30,10.432,8.0,0.0,0.0,0,0,8.0,1.0,0.0,0,0.0
48,S1,M1,harvester,30,13.112,8.0,0.0,0.0,0,0,8.0,1.0,0.0,0,0.0
48,S1,M2,forwarder,30,10.432,8.0,0.0,0.0,0,0,8.0,1.0,0.0,0,0.0
49,S1,M1,harvester,30,13.112,8.0,0.0,0.0,0,0,8.0,1.0,0.0,0,0.0
49,S1,M2,forwarder,30,10.432,8.0,0.0,0.0,0,0,8.0,1.0,0.0,0,0.0
50,S1,M1,harvester,30,10.327454804803853,8.0,0.0,0.0,0,0,8.0,1.0,0.0,0,0.0
50,S1,M2,forwarder,30,8.216596135121552,8.0,0.0,0.0,0,0,8.0,1.0,0.0,0,0.0
51,S1,M1,harvester,30,13.112,8.0,0.0,0.0,0,0,8.0,1.0,0.0,0,0.0
51,S1,M2,forwarder,30,10.432,8.0,0.0,0.0,0,0,8.0,1.0,0.0,0,0.0
52,S1,M1,harvester,30,13.112,8.0,0.0,0.0,0,0,8.0,1.0,0.0,0,0.0
52,S1,M2,forwarder,30,10.432,8.0,0.0,0.0,0,0,8.0,1.0,0.0,0,0.0
53,S1,M1,harvester,30,13.112,8.0,0.0,0.0,0,0,8.0,1.0,0.0,0,0.0
54,S1,M1,harvester,30,13.112,8.0,0.0,0.0,0,0,8.0,1.0,0.0,0,0.0
54,S1,M2,forwarder,30,10.432,8.0,0.0,0.0,0,0,8.0,1.0,0.0,0,0.0
55,S1,M1,harvester,30,13.112,8.0,0.0,0.0,0,0,8.0,1.0,0.0,0,0.0
55,S1,M2,forwarder,30,10.432,8.0,0.0,0.0,0,0,8.0,1.0,0.0,0,0.0
56,S1,M1,harvester,30,13.112,8.0,0.0,0.0,0,0,8.0,1.0,0.0,0,0.0
56,S1,M2,forwarder,30,10.432,8.0,0.0,0.0,0,0,8.0,1.0,0.0,0,0.0
57,S1,M1,harvester,30,9.948,8.0,0.0,0.0,0,0,8.0,1.0,0.0,0,0.0
57,S1,M2,forwarder,30,9.948,8.0,0.0,0.0,0,0,8.0,1.0,0.0,0,0.0
58,S1,M1,harvester,30,6.9636,8.0,0.0,0.0,0,0,8.0,1.0,0.0,0,0.3
58,S1,M2,forwarder,30,6.9636,8.0,0.0,0.0,0,0,8.0,1.0,0.0,0,0.3
59,S1,M1,harvester,30,6.796351705103788,5.465501974349649,2.5344980256503513,0.0,0,0,8.0,0.6831877467937061,2.5344980256503513,1,0.0
60,S1,M2,forwarder,30,9.948,8.0,0.0,0.0,0,0,8.0,1.0,0.0,0,0.0
61,S1,M1,harvester,30,9.948,8.0,0.0,0.0,0,0,8.0,1.0,0.0,0,0.0
61,S1,M2,forwarder,30,9.948,8.0,0.0,0.0,0,0,8.0,1.0,0.0,0,0.0
62,S1,M1,harvester,30,13.112,8.0,0.0,0.0,0,0,8.0,1.0,0.0,0,0.0
62,S1,M2,forwarder,30,8.129760613624054,6.234478998177956,1.7655210018220444,0.0,0,0,8.0,0.7793098747722444,1.765521001822044,1,0.0
63,S1,M1,harvester,30,13.112,8.0,0.0,0.0,0,0,8.0,1.0,0.0,0,0.0
64,S1,M1,harvester,30,13.112,8.0,0.0,0.0,0,0,8.0,1.0,0.0,0,0.0
64,S1,M2,forwarder,30,10.432,8.0,0.0,0.0,0,0,8.0,1.0,0.0,0,0.0
65,S1,M1,harvester,30,13.112,8.0,0.0,0.0,0,0,8.0,1.0,0.0,0,0.0
66,S1,M1,harvester,30,13.112,8.0,0.0,0.0,0,0,8.0,1.0,0.0,0,0.0
67,S1,M1,harvester,30,13.112,8.0,0.0,0.0,0,0,8.0,1.0,0.0,0,0.0
67,S1,M2,forwarder,30,10.432,8.0,0.0,0.0,0,0,8.0,1.0,0.0,0,0.0
68,S1,M1,harvester,30,13.112,8.0,0.0,0.0,0,0,8.0,1.0,0.0,0,0.0
68,S1,M2,forwarder,30,10.432,8.0,0.0,0.0,0,0,8.0,1.0,0.0,0,0.0
69,S1,M1,harvester,30,13.112,8.0,0.0,0.0,0,0,8.0,1.0,0.0,0,0.0
69,S1,M2,forwarder,30,10.432,8.0,0.0,0.0,0,0,8.0,1.0,0.0,0,0.0
70,S1,M1,harvester,30,13.112,8.0,0.0,0.0,0,0,8.0,1.0,0.0,0,0.0
70,S1,M2,forwarder,30,10.432,8.0,0.0,0.0,0,0,8.0,1.0,0.0,0,0.0
71,S1,M2,forwarder,30,10.432,8.0,0.0,0.0,0,0,8.0,1.0,0.0,0,0.0
72,S1,M1,harvester,30,13.112,8.0,0.0,0.0,0,0,8.0,1.0,0.0,0,0.0
72,S1,M2,forwarder,30,10.432,8.0,0.0,0.0,0,0,8.0,1.0,0.0,0,0.0
73,S1,M1,harvester,30,13.112,8.0,0.0,0.0,0,0,8.0,1.0,0.0,0,0.0
73,S1,M2,forwarder,30,10.432,8.0,0.0,0.0,0,0,8.0,1.0,0.0,0,0.0
74,S1,M1,harvester,30,13.112,8.0,0.0,0.0,0,0,8.0,1.0,0.0,0,0.0
75,S1,M2,forwarder,30,10.432,8.0,0.0,0.0,0,0,8.0,1.0,0.0,0,0.0
77,S1,M1,harvester,30,13.112,8.0,0.0,0.0,0,0,8.0,1.0,0.0,0,0.0
77,S1,M2,forwarder,30,10.432,8.0,0.0,0.0,0,0,8.0,1.0,0.0,0,0.0
78,S1,M1,harvester,30,13.112,8.0,0.0,0.0,0,0,8.0,1.0,0.0,0,0.0
78,S1,M2,forwarder,30,10.432,8.0,0.0,0.0,0,0,8.0,1.0,0.0,0,0.0
79,S1,M1,harvester,30,13.112,8.0,0.0,0.0,0,0,8.0,1.0,0.0,0,0.0
79,S1,M2,forwarder,30,10.432,8.0,0.0,0.0,0,0,8.0,1.0,0.0,0,0.0
80,S1,M1,harvester,30,13.112,8.0,0.0,0.0,0,0,8.0,1.0,0.0,0,0.0
80,S1,M2,forwarder,30,10.432,8.0,0.0,0.0,0,0,8.0,1.0,0.0,0,0.0
81,S1,M1,harvester,30,13.112,8.0,0.0,0.0,0,0,8.0,1.0,0.0,0,0.0
81,S1,M2,forwarder,30,10.432,8.0,0.0,0.0,0,0,8.0,1.0,0.0,0,0.0
82,S1,M1,harvester,30,7.833233494937644,8.0,0.0,0.0,0,0,8.0,1.0,0.0,0,0.0
83,S1,M1,harvester,30,13.112,8.0,0.0,0.0,0,0,8.0,1.0,0.0,0,0.0
83,S1,M2,forwarder,30,10.432,8.0,0.0,0.0,0,0,8.0,1.0,0.0,0,0.0
84,S1,M1,harvester,30,13.112,8.0,0.0,0.0,0,0,8.0,1.0,0.0,0,0.0
84,S1,M2,forwarder,30,10.432,8.0,0.0,0.0,0,0,8.0,1.0,0.0,0,0.0
85,S1,M1,harvester,30,13.112,8.0,0.0,0.0,0,0,8.0,1.0,0.0,0,0.0
85,S1,M2,forwarder,30,10.432,8.0,0.0,0.0,0,0,8.0,1.0,0.0,0,0.0
86,S1,M1,harvester,30,13.112,8.0,0.0,0.0,0,0,8.0,1.0,0.0,0,0.0
86,S1,M2,forwarder,30,10.432,8.0,0.0,0.0,0,0,8.0,1.0,0.0,0,0.0
87,S1,M1,harvester,30,8.597165912884703,5.245372735134048,2.7546272648659524,0.0,0,0,8.0,0.655671591891756,2.7546272648659524,1,0.0
87,S1,M2,forwarder,30,10.432,8.0,0.0,0.0,0,0,8.0,1.0,0.0,0,0.0
88,S1,M1,harvester,30,13.112,8.0,0.0,0.0,0,0,8.0,1.0,0.0,0,0.0
88,S1,M2,forwarder,30,10.432,8.0,0.0,0.0,0,0,8.0,1.0,0.0,0,0.0
89,S1,M1,harvester,30,13.112,8.0,0.0,0.0,0,0,8.0,1.0,0.0,0,0.0
89,S1,M2,forwarder,30,10.432,8.0,0.0,0.0,0,0,8.0,1.0,0.0,0,0.0
90,S1,M1,harvester,30,13.112,8.0,0.0,0.0,0,0,8.0,1.0,0.0,0,0.0
91,S1,M1,harvester,30,13.112,8.0,0.0,0.0,0,0,8.0,1.0,0.0,0,0.0
91,S1,M2,forwarder,30,10.432,8.0,0.0,0.0,0,0,8.0,1.0,0.0,0,0.0
92,S1,M1,harvester,30,13.112,8.0,0.0,0.0,0,0,8.0,1.0,0.0,0,0.0
93,S1,M2,forwarder,30,10.432,8.0,0.0,0.0,0,0,8.0,1.0,0.0,0,0.0
94,S1,M1,harvester,30,13.112,8.0,0.0,0.0,0,0,8.0,1.0,0.0,0,0.0
94,S1,M2,forwarder,30,10.432,8.0,0.0,0.0,0,0,8.0,1.0,0.0,0,0.0
95,S1,M1,harvester,30,13.112,8.0,0.0,0.0,0,0,8.0,1.0,0.0,0,0.0
95,S1,M2,forwarder,30,10.432,8.0,0.0,0.0,0,0,8.0,1.0,0.0,0,0.0
96,S1,M1,harvester,30,13.112,8.0,0.0,0.0,0,0,8.0,1.0,0.0,0,0.0
96,S1,M2,forwarder,30,10.432,8.0,0.0,0.0,0,0,8.0,1.0,0.0,0,0.0
97,S1,M1,harvester,30,13.112,8.0,0.0,0.0,0,0,8.0,1.0,0.0,0,0.0
97,S1,M2,forwarder,30,10.432,8.0,0.0,0.0,0,0,8.0,1.0,0.0,0,0.0
98,S1,M1,harvester,30,13.112,8.0,0.0,0.0,0,0,8.0,1.0,0.0,0,0.0
98,S1,M2,forwarder,30,4.673816831053444,3.5842153612373036,4.4157846387626964,0.0,0,0,8.0,0.44802692015466294,4.4157846387626964,1,0.0
99,S1,M1,harvester,30,13.112,8.0,0.0,0.0,0,0,8.0,1.0,0.0,0,0.0
99,S1,M2,forwarder,30,10.432,8.0,0.0,0.0,0,0,8.0,1.0,0.0,0,0.0
101,S1,M1,harvester,30,8.299,8.0,0.0,0.0,0,0,8.0,1.0,0.0,0,0.0
101,S1,M2,forwarder,30,8.299,8.0,0.0,0.0,0,0,8.0,1.0,0.0,0,0.0
102,S1,M1,harvester,30,8.299,8.0,0.0,0.0,0,0,8.0,1.0,0.0,0,0.0
103,S1,M1,harvester,30,8.299,8.0,0.0,0.0,0,0,8.0,1.0,0.0,0,0.0
103,S1,M2,forwarder,30,8.299,8.0,0.0,0.0,0,0,8.0,1.0,0.0,0,0.0
104,S1,M1,harvester,30,8.299,8.0,0.0,0.0,0,0,8.0,1.0,0.0,0,0.0
104,S1,M2,forwarder,30,8.299,8.0,0.0,0.0,0,0,8.0,1.0,0.0,0,0.0
105,S1,M1,harvester,30,8.299,8.0,0.0,0.0,0,0,8.0,1.0,0.0,0,0.0
105,S1,M2,forwarder,30,8.299,8.0,0.0,0.0,0,0,8.0,1.0,0.0,0,0.0
106,S1,M1,harvester,30,8.299,8.0,0.0,0.0,0,0,8.0,1.0,0.0,0,0.0
106,S1,M2,forwarder,30,8.299,8.0,0.0,0.0,0,0,8.0,1.0,0.0,0,0.0
12,S1,M2,forwarder,31,8.319,8.0,0.0,0.0,0,0,8.0,1.0,0.0,0,0.0
37,S1,M1,harvester,31,13.112,8.0,0.0,0.0,0,0,8.0,1.0,0.0,0,0.0
37,S1,M2,forwarder,31,10.432,8.0,0.0,0.0,0,0,8.0,1.0,0.0,0,0.0
38,S1,M1,harvester,31,5.29669996078481,8.0,0.0,0.0,0,0,8.0,1.0,0.0,0,0.0
38,S1,M2,forwarder,31,4.214091976121655,8.0,0.0,0.0,0,0,8.0,1.0,0.0,0,0.0
39,S1,M1,harvester,31,13.112,8.0,0.0,0.0,0,0,8.0,1.0,0.0,0,0.0
39,S1,M2,forwarder,31,10.432,8.0,0.0,0.0,0,0,8.0,1.0,0.0,0,0.0
40,S1,M1,harvester,31,13.112,8.0,0.0,0.0,0,0,8.0,1.0,0.0,0,0.0
40,S1,M2,forwarder,31,10.432,8.0,0.0,0.0,0,0,8.0,1.0,0.0,0,0.0
41,S1,M1,harvester,31,13.112,8.0,0.0,0.0,0,0,8.0,1.0,0.0,0,0.0
41,S1,M2,forwarder,31,10.432,8.0,0.0,0.0,0,0,8.0,1.0,0.0,0,0.0
42,S1,M1,harvester,31,13.112,8.0,0.0,0.0,0,0,8.0,1.0,0.0,0,0.0
42,S1,M2,forwarder,31,10.432,8.0,0.0,0.0,0,0,8.0,1.0,0.0,0,0.0
43,S1,M1,harvester,31,13.112,8.0,0.0,0.0,0,0,8.0,1.0,0.0,0,0.0
43,S1,M2,forwarder,31,4.308945162321601,3.304405799326381,4.695594200673619,0.0,0,0,8.0,0.41305072491579764,4.695594200673619,1,0.0
44,S1,M2,forwarder,31,10.432,8.0,0.0,0.0,0,0,8.0,1.0,0.0,0,0.0
45,S1,M1,harvester,31,13.112,8.0,0.0,0.0,0,0,8.0,1.0,0.0,0,0.0
45,S1,M2,forwarder,31,10.432,8.0,0.0,0.0,0,0,8.0,1.0,0.0,0,0.0
46,S1,M1,harvester,31,13.112,8.0,0.0,0.0,0,0,8.0,1.0,0.0,0,0.0
46,S1,M2,forwarder,31,10.432,8.0,0.0,0.0,0,0,8.0,1.0,0.0,0,0.0
47,S1,M1,harvester,31,9.1784,8.0,0.0,0.0,0,0,8.0,1.0,0.0,0,0.3
47,S1,M2,forwarder,31,7.3024,8.0,0.0,0.0,0,0,8.0,1.0,0.0,0,0.3
48,S1,M1,harvester,31,13.112,8.0,0.0,0.0,0,0,8.0,1.0,0.0,0,0.0
48,S1,M2,forwarder,31,10.432,8.0,0.0,0.0,0,0,8.0,1.0,0.0,0,0.0
49,S1,M1,harvester,31,13.112,8.0,0.0,0.0,0,0,8.0,1.0,0.0,0,0.0
49,S1,M2,forwarder,31,10.432,8.0,0.0,0.0,0,0,8.0,1.0,0.0,0,0.0
50,S1,M1,harvester,31,13.112,8.0,0.0,0.0,0,0,8.0,1.0,0.0,0,0.0
50,S1,M2,forwarder,31,10.432,8.0,0.0,0.0,0,0,8.0,1.0,0.0,0,0.0
51,S1,M1,harvester,31,13.112,8.0,0.0,0.0,0,0,8.0,1.0,0.0,0,0.0
51,S1,M2,forwarder,31,10.432,8.0,0.0,0.0,0,0,8.0,1.0,0.0,0,0.0
52,S1,M1,harvester,31,13.112,8.0,0.0,0.0,0,0,8.0,1.0,0.0,0,0.0
52,S1,M2,forwarder,31,10.432,8.0,0.0,0.0,0,0,8.0,1.0,0.0,0,0.0
53,S1,M1,harvester,31,13.112,8.0,0.0,0.0,0,0,8.0,1.0,0.0,0,0.0
54,S1,M1,harvester,31,13.112,8.0,0.0,0.0,0,0,8.0,1.0,0.0,0,0.0
54,S1,M2,forwarder,31,10.432,8.0,0.0,0.0,0,0,8.0,1.0,0.0,0,0.0
55,S1,M1,harvester,31,13.112,8.0,0.0,0.0,0,0,8.0,1.0,0.0,0,0.0
55,S1,M2,forwarder,31,10.432,8.0,0.0,0.0,0,0,8.0,1.0,0.0,0,0.0
56,S1,M1,harvester,31,9.1784,8.0,0.0,0.0,0,0,8.0,1.0,0.0,0,0.3
56,S1,M2,forwarder,31,7.3024,8.0,0.0,0.0,0,0,8.0,1.0,0.0,0,0.3
57,S1,M1,harvester,31,9.948,8.0,0.0,0.0,0,0,8.0,1.0,0.0,0,0.0
57,S1,M2,forwarder,31,9.948,8.0,0.0,0.0,0,0,8.0,1.0,0.0,0,0.0
58,S1,M1,harvester,31,9.948,8.0,0.0,0.0,0,0,8.0,1.0,0.0,0,0.0
58,S1,M2,forwarder,31,9.948,8.0,0.0,0.0,0,0,8.0,1.0,0.0,0,0.0
59,S1,M1,harvester,31,9.948,8.0,0.0,0.0,0,0,8.0,1.0,0.0,0,0.0
60,S1,M2,forwarder,31,9.948,8.0,0.0,0.0,0,0,8.0,1.0,0.0,0,0.0
61,S1,M1,harvester,31,9.948,8.0,0.0,0.0,0,0,8.0,1.0,0.0,0,0.0
61,S1,M2,forwarder,31,9.948,8.0,0.0,0.0,0,0,8.0,1.0,0.0,0,0.0
62,S1,M1,harvester,31,13.112,8.0,0.0,0.0,0,0,8.0,1.0,0.0,0,0.0
62,S1,M2,forwarder,31,10.432,8.0,0.0,0.0,0,0,8.0,1.0,0.0,0,0.0
63,S1,M1,harvester,31,13.112,8.0,0.0,0.0,0,0,8.0,1.0,0.0,0,0.0
64,S1,M1,harvester,31,9.1784,8.0,0.0,0.0,0,0,8.0,1.0,0.0,0,0.3
64,S1,M2,forwarder,31,7.3024,8.0,0.0,0.0,0,0,8.0,1.0,0.0,0,0.3
65,S1,M1,harvester,31,13.112,8.0,0.0,0.0,0,0,8.0,1.0,0.0,0,0.0
66,S1,M1,harvester,31,13.112,8.0,0.0,0.0,0,0,8.0,1.0,0.0,0,0.0
67,S1,M1,harvester,31,13.112,8.0,0.0,0.0,0,0,8.0,1.0,0.0,0,0.0
67,S1,M2,forwarder,31,10.432,8.0,0.0,0.0,0,0,8.0,1.0,0.0,0,0.0
68,S1,M1,harvester,31,13.112,8.0,0.0,0.0,0,0,8.0,1.0,0.0,0,0.0
68,S1,M2,forwarder,31,10.432,8.0,0.0,0.0,0,0,8.0,1.0,0.0,0,0.0
69,S1,M1,harvester,31,13.112,8.0,0.0,0.0,0,0,8.0,1.0,0.0,0,0.0
69,S1,M2,forwarder,31,10.432,8.0,0.0,0.0,0,0,8.0,1.0,0.0,0,0.0
70,S1,M1,harvester,31,13.112,8.0,0.0,0.0,0,0,8.0,1.0,0.0,0,0.0
70,S1,M2,forwarder,31,5.244950124560338,4.022201015767131,3.9777989842328694,0.0,0,0,8.0,0.5027751269708913,3.9777989842328694,1,0.0
71,S1,M2,forwarder,31,10.432,8.0,0.0,0.0,0,0,8.0,1.0,0.0,0,0.0
72,S1,M1,harvester,31,13.112,8.0,0.0,0.0,0,0,8.0,1.0,0.0,0,0.0
72,S1,M2,forwarder,31,10.432,8.0,0.0,0.0,0,0,8.0,1.0,0.0,0,0.0
73,S1,M1,harvester,31,13.112,8.0,0.0,0.0,0,0,8.0,1.0,0.0,0,0.0
73,S1,M2,forwarder,31,10.432,8.0,0.0,0.0,0,0,8.0,1.0,0.0,0,0.0
74,S1,M1,harvester,31,13.112,8.0,0.0,0.0,0,0,8.0,1.0,0.0,0,0.0
75,S1,M2,forwarder,31,10.432,8.0,0.0,0.0,0,0,8.0,1.0,0.0,0,0.0
77,S1,M1,harvester,31,13.112,8.0,0.0,0.0,0,0,8.0,1.0,0.0,0,0.0
77,S1,M2,forwarder,31,10.432,8.0,0.0,0.0,0,0,8.0,1.0,0.0,0,0.0
78,S1,M1,harvester,31,13.112,8.0,0.0,0.0,0,0,8.0,1.0,0.0,0,0.0
78,S1,M2,forwarder,31,10.432,8.0,0.0,0.0,0,0,8.0,1.0,0.0,0,0.0
79,S1,M1,harvester,31,13.112,8.0,0.0,0.0,0,0,8.0,1.0,0.0,0,0.0
79,S1,M2,forwarder,31,2.3672145958436897,1.8153486164445471,6.184651383555453,0.0,0,0,8.0,0.2269185770555684,6.184651383555453,1,0.0
80,S1,M1,harvester,31,9.1784,8.0,0.0,0.0,0,0,8.0,1.0,0.0,0,0.3
80,S1,M2,forwarder,31,7.3024,8.0,0.0,0.0,0,0,8.0,1.0,0.0,0,0.3
81,S1,M1,harvester,31,13.112,8.0,0.0,0.0,0,0,8.0,1.0,0.0,0,0.0
81,S1,M2,forwarder,31,10.432,8.0,0.0,0.0,0,0,8.0,1.0,0.0,0,0.0
82,S1,M1,harvester,31,13.112,8.0,0.0,0.0,0,0,8.0,1.0,0.0,0,0.0
83,S1,M1,harvester,31,13.112,8.0,0.0,0.0,0,0,8.0,1.0,0.0,0,0.0
83,S1,M2,forwarder,31,10.432,8.0,0.0,0.0,0,0,8.0,1.0,0.0,0,0.0
84,S1,M1,harvester,31,9.1784,8.0,0.0,0.0,0,0,8.0,1.0,0.0,0,0.3
84,S1,M2,forwarder,31,7.3024,8.0,0.0,0.0,0,0,8.0,1.0,0.0,0,0.3
85,S1,M1,harvester,31,9.1784,8.0,0.0,0.0,0,0,8.0,1.0,0.0,0,0.3
85,S1,M2,forwarder,31,7.3024,8.0,0.0,0.0,0,0,8.0,1.0,0.0,0,0.3
86,S1,M1,harvester,31,13.112,8.0,0.0,0.0,0,0,8.0,1.0,0.0,0,0.0
86,S1,M2,forwarder,31,10.432,8.0,0.0,0.0,0,0,8.0,1.0,0.0,0,0.0
87,S1,M1,harvester,31,10.091184275777273,8.0,0.0,0.0,0,0,8.0,1.0,0.0,0,0.0
87,S1,M2,forwarder,31,8.02861763002658,8.0,0.0,0.0,0,0,8.0,1.0,0.0,0,0.0
88,S1,M1,harvester,31,13.112,8.0,0.0,0.0,0,0,8.0,1.0,0.0,0,0.0
88,S1,M2,forwarder,31,10.432,8.0,0.0,0.0,0,0,8.0,1.0,0.0,0,0.0
89,S1,M1,harvester,31,12.458938068472783,7.60154854696326,0.39845145303674023,0.0,0,0,8.0,0.9501935683704075,0.39845145303674023,1,0.0
89,S1,M2,forwarder,31,10.432,8.0,0.0,0.0,0,0,8.0,1.0,0.0,0,0.0
90,S1,M1,harvester,31,13.112,8.0,0.0,0.0,0,0,8.0,1.0,0.0,0,0.0
91,S1,M1,harvester,31,13.112,8.0,0.0,0.0,0,0,8.0,1.0,0.0,0,0.0
91,S1,M2,forwarder,31,10.432,8.0,0.0,0.0,0,0,8.0,1.0,0.0,0,0.0
92,S1,M1,harvester,31,9.1784,8.0,0.0,0.0,0,0,8.0,1.0,0.0,0,0.3
93,S1,M2,forwarder,31,10.432,8.0,0.0,0.0,0,0,8.0,1.0,0.0,0,0.0
94,S1,M1,harvester,31,13.112,8.0,0.0,0.0,0,0,8.0,1.0,0.0,0,0.0
94,S1,M2,forwarder,31,10.432,8.0,0.0,0.0,0,0,8.0,1.0,0.0,0,0.0
95,S1,M1,harvester,31,9.1784,8.0,0.0,0.0,0,0,8.0,1.0,0.0,0,0.3
95,S1,M2,forwarder,31,7.3024,8.0,0.0,0.0,0,0,8.0,1.0,0.0,0,0.3
96,S1,M1,harvester,31,13.112,8.0,0.0,0.0,0,0,8.0,1.0,0.0,0,0.0
96,S1,M2,forwarder,31,10.432,8.0,0.0,0.0,0,0,8.0,1.0,0.0,0,0.0
97,S1,M1,harvester,31,13.112,8.0,0.0,0.0,0,0,8.0,1.0,0.0,0,0.0
97,S1,M2,forwarder,31,10.432,8.0,0.0,0.0,0,0,8.0,1.0,0.0,0,0.0
98,S1,M1,harvester,31,13.112,8.0,0.0,0.0,0,0,8.0,1.0,0.0,0,0.0
98,S1,M2,forwarder,31,10.432,8.0,0.0,0.0,0,0,8.0,1.0,0.0,0,0.0
99,S1,M1,harvester,31,13.112,8.0,0.0,0.0,0,0,8.0,1.0,0.0,0,0.0
99,S1,M2,forwarder,31,10.432,8.0,0.0,0.0,0,0,8.0,1.0,0.0,0,0.0
101,S1,M1,harvester,31,8.299,8.0,0.0,0.0,0,0,8.0,1.0,0.0,0,0.0
101,S1,M2,forwarder,31,4.810019734232082,4.636722240493633,3.363277759506367,0.0,0,0,8.0,0.5795902800617041,3.363277759506367,1,0.0
102,S1,M1,harvester,31,8.299,8.0,0.0,0.0,0,0,8.0,1.0,0.0,0,0.0
103,S1,M1,harvester,31,8.299,8.0,0.0,0.0,0,0,8.0,1.0,0.0,0,0.0
103,S1,M2,forwarder,31,8.299,8.0,0.0,0.0,0,0,8.0,1.0,0.0,0,0.0
104,S1,M1,harvester,31,8.299,8.0,0.0,0.0,0,0,8.0,1.0,0.0,0,0.0
104,S1,M2,forwarder,31,8.299,8.0,0.0,0.0,0,0,8.0,1.0,0.0,0,0.0
105,S1,M1,harvester,31,3.9185088149229785,8.0,0.0,0.0,0,0,8.0,1.0,0.0,0,0.0
105,S1,M2,forwarder,31,3.9185088149229785,8.0,0.0,0.0,0,0,8.0,1.0,0.0,0,0.0
106,S1,M1,harvester,31,8.299,8.0,0.0,0.0,0,0,8.0,1.0,0.0,0,0.0
106,S1,M2,forwarder,31,8.299,8.0,0.0,0.0,0,0,8.0,1.0,0.0,0,0.0
12,S1,M2,forwarder,32,8.319,8.0,0.0,0.0,0,0,8.0,1.0,0.0,0,0.0
37,S1,M1,harvester,32,13.112,8.0,0.0,0.0,0,0,8.0,1.0,0.0,0,0.0
37,S1,M2,forwarder,32,10.432,8.0,0.0,0.0,0,0,8.0,1.0,0.0,0,0.0
38,S1,M1,harvester,32,13.112,8.0,0.0,0.0,0,0,8.0,1.0,0.0,0,0.0
38,S1,M2,forwarder,32,10.432,8.0,0.0,0.0,0,0,8.0,1.0,0.0,0,0.0
39,S1,M1,harvester,32,13.112,8.0,0.0,0.0,0,0,8.0,1.0,0.0,0,0.0
39,S1,M2,forwarder,32,10.432,8.0,0.0,0.0,0,0,8.0,1.0,0.0,0,0.0
40,S1,M1,harvester,32,6.725978208651793,8.0,0.0,0.0,0,0,8.0,1.0,0.0,0,0.0
40,S1,M2,forwarder,32,5.351235865821805,8.0,0.0,0.0,0,0,8.0,1.0,0.0,0,0.0
41,S1,M1,harvester,32,9.1784,8.0,0.0,0.0,0,0,8.0,1.0,0.0,0,0.3
41,S1,M2,forwarder,32,7.3024,8.0,0.0,0.0,0,0,8.0,1.0,0.0,0,0.3
42,S1,M1,harvester,32,9.1784,8.0,0.0,0.0,0,0,8.0,1.0,0.0,0,0.3
42,S1,M2,forwarder,32,7.3024,8.0,0.0,0.0,0,0,8.0,1.0,0.0,0,0.3
43,S1,M1,harvester,32,13.112,8.0,0.0,0.0,0,0,8.0,1.0,0.0,0,0.0
43,S1,M2,forwarder,32,10.432,8.0,0.0,0.0,0,0,8.0,1.0,0.0,0,0.0
44,S1,M2,forwarder,32,6.053122659736725,8.0,0.0,0.0,0,0,8.0,1.0,0.0,0,0.0
45,S1,M1,harvester,32,13.112,8.0,0.0,0.0,0,0,8.0,1.0,0.0,0,0.0
45,S1,M2,forwarder,32,10.432,8.0,0.0,0.0,0,0,8.0,1.0,0.0,0,0.0
46,S1,M1,harvester,32,13.112,8.0,0.0,0.0,0,0,8.0,1.0,0.0,0,0.0
46,S1,M2,forwarder,32,10.432,8.0,0.0,0.0,0,0,8.0,1.0,0.0,0,0.0
47,S1,M1,harvester,32,13.112,8.0,0.0,0.0,0,0,8.0,1.0,0.0,0,0.0
47,S1,M2,forwarder,32,10.432,8.0,0.0,0.0,0,0,8.0,1.0,0.0,0,0.0
48,S1,M1,harvester,32,13.112,8.0,0.0,0.0,0,0,8.0,1.0,0.0,0,0.0
48,S1,M2,forwarder,32,10.432,8.0,0.0,0.0,0,0,8.0,1.0,0.0,0,0.0
49,S1,M1,harvester,32,6.9930766062731955,8.0,0.0,0.0,0,0,8.0,1.0,0.0,0,0.0
49,S1,M2,forwarder,32,5.563741241354635,8.0,0.0,0.0,0,0,8.0,1.0,0.0,0,0.0
50,S1,M1,harvester,32,13.112,8.0,0.0,0.0,0,0,8.0,1.0,0.0,0,0.0
50,S1,M2,forwarder,32,10.432,8.0,0.0,0.0,0,0,8.0,1.0,0.0,0,0.0
51,S1,M1,harvester,32,13.112,8.0,0.0,0.0,0,0,8.0,1.0,0.0,0,0.0
51,S1,M2,forwarder,32,10.432,8.0,0.0,0.0,0,0,8.0,1.0,0.0,0,0.0
52,S1,M1,harvester,32,13.112,8.0,0.0,0.0,0,0,8.0,1.0,0.0,0,0.0
52,S1,M2,forwarder,32,10.432,8.0,0.0,0.0,0,0,8.0,1.0,0.0,0,0.0
53,S1,M1,harvester,32,13.112,8.0,0.0,0.0,0,0,8.0,1.0,0.0,0,0.0
54,S1,M1,harvester,32,13.112,8.0,0.0,0.0,0,0,8.0,1.0,0.0,0,0.0
54,S1,M2,forwarder,32,10.432,8.0,0.0,0.0,0,0,8.0,1.0,0.0,0,0.0
55,S1,M1,harvester,32,13.112,8.0,0.0,0.0,0,0,8.0,1.0,0.0,0,0.0
55,S1,M2,forwarder,32,10.432,8.0,0.0,0.0,0,0,8.0,1.0,0.0,0,0.0
56,S1,M1,harvester,32,13.112,8.0,0.0,0.0,0,0,8.0,1.0,0.0,0,0.0
56,S1,M2,forwarder,32,10.432,8.0,0.0,0.0,0,0,8.0,1.0,0.0,0,0.0
57,S1,M1,harvester,32,9.948,8.0,0.0,0.0,0,0,8.0,1.0,0.0,0,0.0
57,S1,M2,forwarder,32,9.948,8.0,0.0,0.0,0,0,8.0,1.0,0.0,0,0.0
58,S1,M1,harvester,32,6.9636,8.0,0.0,0.0,0,0,8.0,1.0,0.0,0,0.3
58,S1,M2,forwarder,32,3.3746345266559588,3.8768849751920946,4.123115024807905,0.0,0,0,8.0,0.48461062189901183,4.123115024807905,1,0.3
59,S1,M1,harvester,32,9.948,8.0,0.0,0.0,0,0,8.0,1.0,0.0,0,0.0
60,S1,M2,forwarder,32,9.948,8.0,0.0,0.0,0,0,8.0,1.0,0.0,0,0.0
61,S1,M1,harvester,32,9.948,8.0,0.0,0.0,0,0,8.0,1.0,0.0,0,0.0
61,S1,M2,forwarder,32,9.948,8.0,0.0,0.0,0,0,8.0,1.0,0.0,0,0.0
62,S1,M1,harvester,32,13.112,8.0,0.0,0.0,0,0,8.0,1.0,0.0,0,0.0
62,S1,M2,forwarder,32,10.432,8.0,0.0,0.0,0,0,8.0,1.0,0.0,0,0.0
63,S1,M1,harvester,32,10.724329626106977,6.543215147106148,1.4567848528938523,0.0,0,0,8.0,0.8179018933882685,1.4567848528938527,1,0.0
64,S1,M1,harvester,32,13.112,8.0,0.0,0.0,0,0,8.0,1.0,0.0,0,0.0
64,S1,M2,forwarder,32,10.432,8.0,0.0,0.0,0,0,8.0,1.0,0.0,0,0.0
65,S1,M1,harvester,32,13.112,8.0,0.0,0.0,0,0,8.0,1.0,0.0,0,0.0
66,S1,M1,harvester,32,13.112,8.0,0.0,0.0,0,0,8.0,1.0,0.0,0,0.0
67,S1,M1,harvester,32,6.81487981299253,4.157949855395076,3.842050144604924,0.0,0,0,8.0,0.5197437319243845,3.842050144604924,1,0.0
67,S1,M2,forwarder,32,10.432,8.0,0.0,0.0,0,0,8.0,1.0,0.0,0,0.0
68,S1,M1,harvester,32,13.112,8.0,0.0,0.0,0,0,8.0,1.0,0.0,0,0.0
68,S1,M2,forwarder,32,10.432,8.0,0.0,0.0,0,0,8.0,1.0,0.0,0,0.0
69,S1,M1,harvester,32,7.0790646426556,8.0,0.0,0.0,0,0,8.0,1.0,0.0,0,0.0
69,S1,M2,forwarder,32,5.632153931679623,8.0,0.0,0.0,0,0,8.0,1.0,0.0,0,0.0
70,S1,M1,harvester,32,13.112,8.0,0.0,0.0,0,0,8.0,1.0,0.0,0,0.0
70,S1,M2,forwarder,32,10.432,8.0,0.0,0.0,0,0,8.0,1.0,0.0,0,0.0
71,S1,M2,forwarder,32,10.432,8.0,0.0,0.0,0,0,8.0,1.0,0.0,0,0.0
72,S1,M1,harvester,32,13.112,8.0,0.0,0.0,0,0,8.0,1.0,0.0,0,0.0
72,S1,M2,forwarder,32,10.432,8.0,0.0,0.0,0,0,8.0,1.0,0.0,0,0.0
73,S1,M1,harvester,32,8.073583953023297,8.0,0.0,0.0,0,0,8.0,1.0,0.0,0,0.0
73,S1,M2,forwarder,32,6.423400533704929,8.0,0.0,0.0,0,0,8.0,1.0,0.0,0,0.0
74,S1,M1,harvester,32,13.112,8.0,0.0,0.0,0,0,8.0,1.0,0.0,0,0.0
75,S1,M2,forwarder,32,4.332327604575187,3.322337120072996,4.677662879927004,0.0,0,0,8.0,0.4152921400091245,4.677662879927004,1,0.0
77,S1,M1,harvester,32,13.112,8.0,0.0,0.0,0,0,8.0,1.0,0.0,0,0.0
77,S1,M2,forwarder,32,10.432,8.0,0.0,0.0,0,0,8.0,1.0,0.0,0,0.0
78,S1,M1,harvester,32,13.112,8.0,0.0,0.0,0,0,8.0,1.0,0.0,0,0.0
78,S1,M2,forwarder,32,10.432,8.0,0.0,0.0,0,0,8.0,1.0,0.0,0,0.0
79,S1,M1,harvester,32,13.112,8.0,0.0,0.0,0,0,8.0,1.0,0.0,0,0.0
79,S1,M2,forwarder,32,10.432,8.0,0.0,0.0,0,0,8.0,1.0,0.0,0,0.0
80,S1,M1,harvester,32,5.440529409407691,8.0,0.0,0.0,0,0,8.0,1.0,0.0,0,0.0
80,S1,M2,forwarder,32,4.328523703396967,8.0,0.0,0.0,0,0,8.0,1.0,0.0,0,0.0
81,S1,M1,harvester,32,13.112,8.0,0.0,0.0,0,0,8.0,1.0,0.0,0,0.0
81,S1,M2,forwarder,32,10.432,8.0,0.0,0.0,0,0,8.0,1.0,0.0,0,0.0
82,S1,M1,harvester,32,4.918506334796322,3.000919057227774,4.999080942772226,0.0,0,0,8.0,0.3751148821534718,4.999080942772226,1,0.0
83,S1,M1,harvester,32,13.112,8.0,0.0,0.0,0,0,8.0,1.0,0.0,0,0.0
83,S1,M2,forwarder,32,10.432,8.0,0.0,0.0,0,0,8.0,1.0,0.0,0,0.0
84,S1,M1,harvester,32,13.112,8.0,0.0,0.0,0,0,8.0,1.0,0.0,0,0.0
84,S1,M2,forwarder,32,10.432,8.0,0.0,0.0,0,0,8.0,1.0,0.0,0,0.0
85,S1,M1,harvester,32,13.112,8.0,0.0,0.0,0,0,8.0,1.0,0.0,0,0.0
85,S1,M2,forwarder,32,10.432,8.0,0.0,0.0,0,0,8.0,1.0,0.0,0,0.0
86,S1,M1,harvester,32,13.112,8.0,0.0,0.0,0,0,8.0,1.0,0.0,0,0.0
86,S1,M2,forwarder,32,10.432,8.0,0.0,0.0,0,0,8.0,1.0,0.0,0,0.0
87,S1,M1,harvester,32,13.112,8.0,0.0,0.0,0,0,8.0,1.0,0.0,0,0.0
87,S1,M2,forwarder,32,10.432,8.0,0.0,0.0,0,0,8.0,1.0,0.0,0,0.0
88,S1,M1,harvester,32,13.112,8.0,0.0,0.0,0,0,8.0,1.0,0.0,0,0.0
88,S1,M2,forwarder,32,10.432,8.0,0.0,0.0,0,0,8.0,1.0,0.0,0,0.0
89,S1,M1,harvester,32,5.666052572691109,8.0,0.0,0.0,0,0,8.0,1.0,0.0,0,0.0
89,S1,M2,forwarder,32,4.507951528242347,8.0,0.0,0.0,0,0,8.0,1.0,0.0,0,0.0
90,S1,M1,harvester,32,13.112,8.0,0.0,0.0,0,0,8.0,1.0,0.0,0,0.0
91,S1,M1,harvester,32,13.112,8.0,0.0,0.0,0,0,8.0,1.0,0.0,0,0.0
91,S1,M2,forwarder,32,10.432,8.0,0.0,0.0,0,0,8.0,1.0,0.0,0,0.0
92,S1,M1,harvester,32,13.112,8.0,0.0,0.0,0,0,8.0,1.0,0.0,0,0.0
93,S1,M2,forwarder,32,10.432,8.0,0.0,0.0,0,0,8.0,1.0,0.0,0,0.0
94,S1,M1,harvester,32,13.112,8.0,0.0,0.0,0,0,8.0,1.0,0.0,0,0.0
94,S1,M2,forwarder,32,10.432,8.0,0.0,0.0,0,0,8.0,1.0,0.0,0,0.0
95,S1,M1,harvester,32,13.112,8.0,0.0,0.0,0,0,8.0,1.0,0.0,0,0.0
95,S1,M2,forwarder,32,10.432,8.0,0.0,0.0,0,0,8.0,1.0,0.0,0,0.0
96,S1,M1,harvester,32,13.112,8.0,0.0,0.0,0,0,8.0,1.0,0.0,0,0.0
96,S1,M2,forwarder,32,10.432,8.0,0.0,0.0,0,0,8.0,1.0,0.0,0,0.0
97,S1,M1,harvester,32,13.112,8.0,0.0,0.0,0,0,8.0,1.0,0.0,0,0.0
97,S1,M2,forwarder,32,10.432,8.0,0.0,0.0,0,0,8.0,1.0,0.0,0,0.0
98,S1,M1,harvester,32,13.112,8.0,0.0,0.0,0,0,8.0,1.0,0.0,0,0.0
98,S1,M2,forwarder,32,10.432,8.0,0.0,0.0,0,0,8.0,1.0,0.0,0,0.0
99,S1,M1,harvester,32,13.112,8.0,0.0,0.0,0,0,8.0,1.0,0.0,0,0.0
99,S1,M2,forwarder,32,10.432,8.0,0.0,0.0,0,0,8.0,1.0,0.0,0,0.0
101,S1,M1,harvester,32,8.299,8.0,0.0,0.0,0,0,8.0,1.0,0.0,0,0.0
101,S1,M2,forwarder,32,8.299,8.0,0.0,0.0,0,0,8.0,1.0,0.0,0,0.0
102,S1,M1,harvester,32,8.299,8.0,0.0,0.0,0,0,8.0,1.0,0.0,0,0.0
103,S1,M1,harvester,32,8.299,8.0,0.0,0.0,0,0,8.0,1.0,0.0,0,0.0
103,S1,M2,forwarder,32,8.299,8.0,0.0,0.0,0,0,8.0,1.0,0.0,0,0.0
104,S1,M1,harvester,32,8.299,8.0,0.0,0.0,0,0,8.0,1.0,0.0,0,0.0
104,S1,M2,forwarder,32,8.299,8.0,0.0,0.0,0,0,8.0,1.0,0.0,0,0.0
105,S1,M1,harvester,32,8.299,8.0,0.0,0.0,0,0,8.0,1.0,0.0,0,0.0
105,S1,M2,forwarder,32,8.299,8.0,0.0,0.0,0,0,8.0,1.0,0.0,0,0.0
106,S1,M1,harvester,32,8.299,8.0,0.0,0.0,0,0,8.0,1.0,0.0,0,0.0
106,S1,M2,forwarder,32,8.299,8.0,0.0,0.0,0,0,8.0,1.0,0.0,0,0.0
12,S1,M2,forwarder,33,5.823300000000001,8.0,0.0,0.0,0,0,8.0,1.0,0.0,0,0.3
37,S1,M1,harvester,33,10.203771982113011,6.2256082868291704,1.7743917131708296,0.0,0,0,8.0,0.7782010358536463,1.7743917131708296,1,0.0
37,S1,M2,forwarder,33,10.432,8.0,0.0,0.0,0,0,8.0,1.0,0.0,0,0.0
38,S1,M1,harvester,33,13.112,8.0,0.0,0.0,0,0,8.0,1.0,0.0,0,0.0
38,S1,M2,forwarder,33,10.432,8.0,0.0,0.0,0,0,8.0,1.0,0.0,0,0.0
39,S1,M1,harvester,33,13.112,8.0,0.0,0.0,0,0,8.0,1.0,0.0,0,0.0
39,S1,M2,forwarder,33,10.432,8.0,0.0,0.0,0,0,8.0,1.0,0.0,0,0.0
40,S1,M1,harvester,33,13.112,8.0,0.0,0.0,0,0,8.0,1.0,0.0,0,0.0
40,S1,M2,forwarder,33,10.432,8.0,0.0,0.0,0,0,8.0,1.0,0.0,0,0.0
41,S1,M1,harvester,33,13.112,8.0,0.0,0.0,0,0,8.0,1.0,0.0,0,0.0
41,S1,M2,forwarder,33,10.432,8.0,0.0,0.0,0,0,8.0,1.0,0.0,0,0.0
42,S1,M1,harvester,33,13.112,8.0,0.0,0.0,0,0,8.0,1.0,0.0,0,0.0
42,S1,M2,forwarder,33,10.432,8.0,0.0,0.0,0,0,8.0,1.0,0.0,0,0.0
43,S1,M1,harvester,33,13.112,8.0,0.0,0.0,0,0,8.0,1.0,0.0,0,0.0
43,S1,M2,forwarder,33,10.432,8.0,0.0,0.0,0,0,8.0,1.0,0.0,0,0.0
44,S1,M2,forwarder,33,5.892147891025399,8.0,0.0,0.0,0,0,8.0,1.0,0.0,0,0.0
45,S1,M1,harvester,33,6.155461127789527,8.0,0.0,0.0,0,0,8.0,1.0,0.0,0,0.0
45,S1,M2,forwarder,33,4.8973284384609785,8.0,0.0,0.0,0,0,8.0,1.0,0.0,0,0.0
46,S1,M1,harvester,33,13.112,8.0,0.0,0.0,0,0,8.0,1.0,0.0,0,0.0
46,S1,M2,forwarder,33,6.228498950153282,4.776456250117548,3.2235437498824524,0.0,0,0,8.0,0.5970570312646934,3.223543749882452,1,0.0
47,S1,M1,harvester,33,13.112,8.0,0.0,0.0,0,0,8.0,1.0,0.0,0,0.0
47,S1,M2,forwarder,33,10.432,8.0,0.0,0.0,0,0,8.0,1.0,0.0,0,0.0
48,S1,M1,harvester,33,13.112,8.0,0.0,0.0,0,0,8.0,1.0,0.0,0,0.0
48,S1,M2,forwarder,33,10.432,8.0,0.0,0.0,0,0,8.0,1.0,0.0,0,0.0
49,S1,M1,harvester,33,13.112,8.0,0.0,0.0,0,0,8.0,1.0,0.0,0,0.0
49,S1,M2,forwarder,33,10.432,8.0,0.0,0.0,0,0,8.0,1.0,0.0,0,0.0
50,S1,M1,harvester,33,13.112,8.0,0.0,0.0,0,0,8.0,1.0,0.0,0,0.0
50,S1,M2,forwarder,33,10.432,8.0,0.0,0.0,0,0,8.0,1.0,0.0,0,0.0
51,S1,M1,harvester,33,3.610943175636452,3.147339994453458,4.852660005546542,0.0,0,0,8.0,0.39341749930668224,4.852660005546542,1,0.3
51,S1,M2,forwarder,33,7.3024,8.0,0.0,0.0,0,0,8.0,1.0,0.0,0,0.3
52,S1,M1,harvester,33,13.112,8.0,0.0,0.0,0,0,8.0,1.0,0.0,0,0.0
52,S1,M2,forwarder,33,10.432,8.0,0.0,0.0,0,0,8.0,1.0,0.0,0,0.0
53,S1,M1,harvester,33,13.112,8.0,0.0,0.0,0,0,8.0,1.0,0.0,0,0.0
54,S1,M1,harvester,33,13.112,8.0,0.0,0.0,0,0,8.0,1.0,0.0,0,0.0
54,S1,M2,forwarder,33,7.291548616898502,5.591678387192102,2.4083216128078977,0.0,0,0,8.0,0.6989597983990128,2.4083216128078977,1,0.0
55,S1,M1,harvester,33,13.112,8.0,0.0,0.0,0,0,8.0,1.0,0.0,0,0.0
55,S1,M2,forwarder,33,10.432,8.0,0.0,0.0,0,0,8.0,1.0,0.0,0,0.0
56,S1,M1,harvester,33,13.112,8.0,0.0,0.0,0,0,8.0,1.0,0.0,0,0.0
56,S1,M2,forwarder,33,10.432,8.0,0.0,0.0,0,0,8.0,1.0,0.0,0,0.0
57,S1,M1,harvester,33,9.948,8.0,0.0,0.0,0,0,8.0,1.0,0.0,0,0.0
57,S1,M2,forwarder,33,9.948,8.0,0.0,0.0,0,0,8.0,1.0,0.0,0,0.0
58,S1,M1,harvester,33,9.948,8.0,0.0,0.0,0,0,8.0,1.0,0.0,0,0.0
58,S1,M2,forwarder,33,3.9619951734144596,3.186164192532738,4.813835807467262,0.0,0,0,8.0,0.39827052406659225,4.813835807467262,1,0.0
59,S1,M1,harvester,33,9.948,8.0,0.0,0.0,0,0,8.0,1.0,0.0,0,0.0
60,S1,M2,forwarder,33,9.948,8.0,0.0,0.0,0,0,8.0,1.0,0.0,0,0.0
61,S1,M1,harvester,33,9.948,8.0,0.0,0.0,0,0,8.0,1.0,0.0,0,0.0
61,S1,M2,forwarder,33,9.948,8.0,0.0,0.0,0,0,8.0,1.0,0.0,0,0.0
62,S1,M1,harvester,33,13.112,8.0,0.0,0.0,0,0,8.0,1.0,0.0,0,0.0
62,S1,M2,forwarder,33,10.432,8.0,0.0,0.0,0,0,8.0,1.0,0.0,0,0.0
63,S1,M1,harvester,33,7.0215975022732104,8.0,0.0,0.0,0,0,8.0,1.0,0.0,0,0.0
64,S1,M1,harvester,33,13.112,8.0,0.0,0.0,0,0,8.0,1.0,0.0,0,0.0
64,S1,M2,forwarder,33,10.432,8.0,0.0,0.0,0,0,8.0,1.0,0.0,0,0.0
65,S1,M1,harvester,33,13.112,8.0,0.0,0.0,0,0,8.0,1.0,0.0,0,0.0
66,S1,M1,harvester,33,13.112,8.0,0.0,0.0,0,0,8.0,1.0,0.0,0,0.0
67,S1,M1,harvester,33,5.394571372270832,8.0,0.0,0.0,0,0,8.0,1.0,0.0,0,0.0
67,S1,M2,forwarder,33,4.291959163783505,8.0,0.0,0.0,0,0,8.0,1.0,0.0,0,0.0
68,S1,M1,harvester,33,9.1784,8.0,0.0,0.0,0,0,8.0,1.0,0.0,0,0.3
68,S1,M2,forwarder,33,7.3024,8.0,0.0,0.0,0,0,8.0,1.0,0.0,0,0.3
69,S1,M1,harvester,33,13.112,8.0,0.0,0.0,0,0,8.0,1.0,0.0,0,0.0
69,S1,M2,forwarder,33,10.432,8.0,0.0,0.0,0,0,8.0,1.0,0.0,0,0.0
70,S1,M1,harvester,33,9.758489838163282,8.0,0.0,0.0,0,0,8.0,1.0,0.0,0,0.0
70,S1,M2,forwarder,33,7.763923580820573,8.0,0.0,0.0,0,0,8.0,1.0,0.0,0,0.0
71,S1,M2,forwarder,33,10.432,8.0,0.0,0.0,0,0,8.0,1.0,0.0,0,0.0
72,S1,M1,harvester,33,13.112,8.0,0.0,0.0,0,0,8.0,1.0,0.0,0,0.0
72,S1,M2,forwarder,33,5.3822415745642145,4.127485870064581,3.8725141299354187,0.0,0,0,8.0,0.5159357337580727,3.8725141299354187,1,0.0
73,S1,M1,harvester,33,13.112,8.0,0.0,0.0,0,0,8.0,1.0,0.0,0,0.0
73,S1,M2,forwarder,33,10.432,8.0,0.0,0.0,0,0,8.0,1.0,0.0,0,0.0
74,S1,M1,harvester,33,13.112,8.0,0.0,0.0,0,0,8.0,1.0,0.0,0,0.0
75,S1,M2,forwarder,33,7.3024,8.0,0.0,0.0,0,0,8.0,1.0,0.0,0,0.3
77,S1,M1,harvester,33,13.112,8.0,0.0,0.0,0,0,8.0,1.0,0.0,0,0.0
77,S1,M2,forwarder,33,10.432,8.0,0.0,0.0,0,0,8.0,1.0,0.0,0,0.0
78,S1,M1,harvester,33,13.112,8.0,0.0,0.0,0,0,8.0,1.0,0.0,0,0.0
78,S1,M2,forwarder,33,10.432,8.0,0.0,0.0,0,0,8.0,1.0,0.0,0,0.0
79,S1,M1,harvester,33,13.112,8.0,0.0,0.0,0,0,8.0,1.0,0.0,0,0.0
79,S1,M2,forwarder,33,2.8709922150188967,2.2016811464868837,5.798318853513116,0.0,0,0,8.0,0.27521014331086047,5.798318853513116,1,0.0
80,S1,M1,harvester,33,10.441539594722329,6.37067699494956,1.6293230050504404,0.0,0,0,8.0,0.796334624368695,1.6293230050504404,1,0.0
80,S1,M2,forwarder,33,10.432,8.0,0.0,0.0,0,0,8.0,1.0,0.0,0,0.0
81,S1,M1,harvester,33,11.289253597657375,6.887891151712858,1.112108848287142,0.0,0,0,8.0,0.8609863939641073,1.112108848287142,1,0.0
81,S1,M2,forwarder,33,10.432,8.0,0.0,0.0,0,0,8.0,1.0,0.0,0,0.0
82,S1,M1,harvester,33,13.112,8.0,0.0,0.0,0,0,8.0,1.0,0.0,0,0.0
83,S1,M1,harvester,33,13.112,8.0,0.0,0.0,0,0,8.0,1.0,0.0,0,0.0
83,S1,M2,forwarder,33,10.432,8.0,0.0,0.0,0,0,8.0,1.0,0.0,0,0.0
84,S1,M1,harvester,33,13.112,8.0,0.0,0.0,0,0,8.0,1.0,0.0,0,0.0
84,S1,M2,forwarder,33,10.432,8.0,0.0,0.0,0,0,8.0,1.0,0.0,0,0.0
85,S1,M1,harvester,33,9.1784,8.0,0.0,0.0,0,0,8.0,1.0,0.0,0,0.3
85,S1,M2,forwarder,33,7.3024,8.0,0.0,0.0,0,0,8.0,1.0,0.0,0,0.3
86,S1,M1,harvester,33,13.112,8.0,0.0,0.0,0,0,8.0,1.0,0.0,0,0.0
86,S1,M2,forwarder,33,4.697892587657135,3.6026783647677414,4.397321635232259,0.0,0,0,8.0,0.4503347955959677,4.397321635232259,1,0.0
87,S1,M1,harvester,33,13.112,8.0,0.0,0.0,0,0,8.0,1.0,0.0,0,0.0
87,S1,M2,forwarder,33,10.432,8.0,0.0,0.0,0,0,8.0,1.0,0.0,0,0.0
88,S1,M1,harvester,33,13.112,8.0,0.0,0.0,0,0,8.0,1.0,0.0,0,0.0
88,S1,M2,forwarder,33,10.432,8.0,0.0,0.0,0,0,8.0,1.0,0.0,0,0.0
89,S1,M1,harvester,33,13.112,8.0,0.0,0.0,0,0,8.0,1.0,0.0,0,0.0
89,S1,M2,forwarder,33,10.432,8.0,0.0,0.0,0,0,8.0,1.0,0.0,0,0.0
90,S1,M1,harvester,33,10.199711535964953,8.0,0.0,0.0,0,0,8.0,1.0,0.0,0,0.0
91,S1,M1,harvester,33,13.112,8.0,0.0,0.0,0,0,8.0,1.0,0.0,0,0.0
91,S1,M2,forwarder,33,10.432,8.0,0.0,0.0,0,0,8.0,1.0,0.0,0,0.0
92,S1,M1,harvester,33,13.112,8.0,0.0,0.0,0,0,8.0,1.0,0.0,0,0.0
93,S1,M2,forwarder,33,10.432,8.0,0.0,0.0,0,0,8.0,1.0,0.0,0,0.0
94,S1,M1,harvester,33,9.1784,8.0,0.0,0.0,0,0,8.0,1.0,0.0,0,0.3
94,S1,M2,forwarder,33,7.3024,8.0,0.0,0.0,0,0,8.0,1.0,0.0,0,0.3
95,S1,M1,harvester,33,7.493133747536372,4.571771658045376,3.4282283419546236,0.0,0,0,8.0,0.571471457255672,3.4282283419546236,1,0.0
95,S1,M2,forwarder,33,10.432,8.0,0.0,0.0,0,0,8.0,1.0,0.0,0,0.0
96,S1,M1,harvester,33,13.112,8.0,0.0,0.0,0,0,8.0,1.0,0.0,0,0.0
96,S1,M2,forwarder,33,10.432,8.0,0.0,0.0,0,0,8.0,1.0,0.0,0,0.0
97,S1,M1,harvester,33,13.112,8.0,0.0,0.0,0,0,8.0,1.0,0.0,0,0.0
97,S1,M2,forwarder,33,10.432,8.0,0.0,0.0,0,0,8.0,1.0,0.0,0,0.0
98,S1,M1,harvester,33,13.112,8.0,0.0,0.0,0,0,8.0,1.0,0.0,0,0.0
98,S1,M2,forwarder,33,10.432,8.0,0.0,0.0,0,0,8.0,1.0,0.0,0,0.0
99,S1,M1,harvester,33,13.112,8.0,0.0,0.0,0,0,8.0,1.0,0.0,0,0.0
99,S1,M2,forwarder,33,10.432,8.0,0.0,0.0,0,0,8.0,1.0,0.0,0,0.0
101,S1,M1,harvester,33,5.8092999999999995,8.0,0.0,0.0,0,0,8.0,1.0,0.0,0,0.3
101,S1,M2,forwarder,33,5.8092999999999995,8.0,0.0,0.0,0,0,8.0,1.0,0.0,0,0.3
102,S1,M1,harvester,33,8.299,8.0,0.0,0.0,0,0,8.0,1.0,0.0,0,0.0
103,S1,M1,harvester,33,8.299,8.0,0.0,0.0,0,0,8.0,1.0,0.0,0,0.0
103,S1,M2,forwarder,33,8.299,8.0,0.0,0.0,0,0,8.0,1.0,0.0,0,0.0
104,S1,M1,harvester,33,8.299,8.0,0.0,0.0,0,0,8.0,1.0,0.0,0,0.0
104,S1,M2,forwarder,33,8.299,8.0,0.0,0.0,0,0,8.0,1.0,0.0,0,0.0
105,S1,M1,harvester,33,5.8092999999999995,8.0,0.0,0.0,0,0,8.0,1.0,0.0,0,0.3
105,S1,M2,forwarder,33,5.8092999999999995,8.0,0.0,0.0,0,0,8.0,1.0,0.0,0,0.3
106,S1,M1,harvester,33,4.817210310577664,8.0,0.0,0.0,0,0,8.0,1.0,0.0,0,0.0
106,S1,M2,forwarder,33,4.817210310577664,8.0,0.0,0.0,0,0,8.0,1.0,0.0,0,0.0
12,S1,M2,forwarder,34,8.319,8.0,0.0,0.0,0,0,8.0,1.0,0.0,0,0.0
37,S1,M1,harvester,34,13.112,8.0,0.0,0.0,0,0,8.0,1.0,0.0,0,0.0
37,S1,M2,forwarder,34,10.432,8.0,0.0,0.0,0,0,8.0,1.0,0.0,0,0.0
38,S1,M1,harvester,34,13.112,8.0,0.0,0.0,0,0,8.0,1.0,0.0,0,0.0
38,S1,M2,forwarder,34,10.432,8.0,0.0,0.0,0,0,8.0,1.0,0.0,0,0.0
39,S1,M1,harvester,34,13.112,8.0,0.0,0.0,0,0,8.0,1.0,0.0,0,0.0
39,S1,M2,forwarder,34,4.131668915392939,3.168457757203174,4.831542242796826,0.0,0,0,8.0,0.39605721965039675,4.831542242796826,1,0.0
40,S1,M1,harvester,34,13.112,8.0,0.0,0.0,0,0,8.0,1.0,0.0,0,0.0
40,S1,M2,forwarder,34,10.432,8.0,0.0,0.0,0,0,8.0,1.0,0.0,0,0.0
41,S1,M1,harvester,34,13.112,8.0,0.0,0.0,0,0,8.0,1.0,0.0,0,0.0
41,S1,M2,forwarder,34,10.432,8.0,0.0,0.0,0,0,8.0,1.0,0.0,0,0.0
42,S1,M1,harvester,34,13.112,8.0,0.0,0.0,0,0,8.0,1.0,0.0,0,0.0
42,S1,M2,forwarder,34,10.432,8.0,0.0,0.0,0,0,8.0,1.0,0.0,0,0.0
43,S1,M1,harvester,34,9.1784,8.0,0.0,0.0,0,0,8.0,1.0,0.0,0,0.3
43,S1,M2,forwarder,34,7.3024,8.0,0.0,0.0,0,0,8.0,1.0,0.0,0,0.3
44,S1,M2,forwarder,34,10.432,8.0,0.0,0.0,0,0,8.0,1.0,0.0,0,0.0
45,S1,M1,harvester,34,9.1784,8.0,0.0,0.0,0,0,8.0,1.0,0.0,0,0.3
45,S1,M2,forwarder,34,4.23428963411807,4.638792324844511,3.361207675155489,0.0,0,0,8.0,0.5798490406055639,3.361207675155489,1,0.3
46,S1,M1,harvester,34,13.112,8.0,0.0,0.0,0,0,8.0,1.0,0.0,0,0.0
46,S1,M2,forwarder,34,10.432,8.0,0.0,0.0,0,0,8.0,1.0,0.0,0,0.0
47,S1,M1,harvester,34,13.112,8.0,0.0,0.0,0,0,8.0,1.0,0.0,0,0.0
47,S1,M2,forwarder,34,10.432,8.0,0.0,0.0,0,0,8.0,1.0,0.0,0,0.0
48,S1,M1,harvester,34,9.308251387173662,5.679225983632497,2.320774016367503,0.0,0,0,8.0,0.7099032479540621,2.320774016367503,1,0.0
48,S1,M2,forwarder,34,10.432,8.0,0.0,0.0,0,0,8.0,1.0,0.0,0,0.0
49,S1,M1,harvester,34,13.112,8.0,0.0,0.0,0,0,8.0,1.0,0.0,0,0.0
49,S1,M2,forwarder,34,10.432,8.0,0.0,0.0,0,0,8.0,1.0,0.0,0,0.0
50,S1,M1,harvester,34,13.112,8.0,0.0,0.0,0,0,8.0,1.0,0.0,0,0.0
50,S1,M2,forwarder,34,10.432,8.0,0.0,0.0,0,0,8.0,1.0,0.0,0,0.0
51,S1,M1,harvester,34,13.112,8.0,0.0,0.0,0,0,8.0,1.0,0.0,0,0.0
51,S1,M2,forwarder,34,10.432,8.0,0.0,0.0,0,0,8.0,1.0,0.0,0,0.0
52,S1,M1,harvester,34,13.112,8.0,0.0,0.0,0,0,8.0,1.0,0.0,0,0.0
52,S1,M2,forwarder,34,10.432,8.0,0.0,0.0,0,0,8.0,1.0,0.0,0,0.0
53,S1,M1,harvester,34,13.112,8.0,0.0,0.0,0,0,8.0,1.0,0.0,0,0.0
54,S1,M1,harvester,34,13.112,8.0,0.0,0.0,0,0,8.0,1.0,0.0,0,0.0
54,S1,M2,forwarder,34,10.432,8.0,0.0,0.0,0,0,8.0,1.0,0.0,0,0.0
55,S1,M1,harvester,34,7.423328916293235,4.529181767109966,3.470818232890034,0.0,0,0,8.0,0.5661477208887458,3.470818232890034,1,0.0
55,S1,M2,forwarder,34,10.432,8.0,0.0,0.0,0,0,8.0,1.0,0.0,0,0.0
56,S1,M1,harvester,34,7.560431732280502,8.0,0.0,0.0,0,0,8.0,1.0,0.0,0,0.0
56,S1,M2,forwarder,34,6.015132995054165,8.0,0.0,0.0,0,0,8.0,1.0,0.0,0,0.0
57,S1,M1,harvester,34,4.759565978658592,8.0,0.0,0.0,0,0,8.0,1.0,0.0,0,0.0
57,S1,M2,forwarder,34,2.995491176319768,5.034898038604771,2.965101961395229,0.0,0,0,8.0,0.6293622548255964,2.9651019613952285,1,0.0
58,S1,M1,harvester,34,9.948,8.0,0.0,0.0,0,0,8.0,1.0,0.0,0,0.0
58,S1,M2,forwarder,34,9.948,8.0,0.0,0.0,0,0,8.0,1.0,0.0,0,0.0
59,S1,M1,harvester,34,9.948,8.0,0.0,0.0,0,0,8.0,1.0,0.0,0,0.0
60,S1,M2,forwarder,34,9.948,8.0,0.0,0.0,0,0,8.0,1.0,0.0,0,0.0
61,S1,M1,harvester,34,6.9636,8.0,0.0,0.0,0,0,8.0,1.0,0.0,0,0.3
61,S1,M2,forwarder,34,6.9636,8.0,0.0,0.0,0,0,8.0,1.0,0.0,0,0.3
62,S1,M1,harvester,34,13.112,8.0,0.0,0.0,0,0,8.0,1.0,0.0,0,0.0
62,S1,M2,forwarder,34,10.432,8.0,0.0,0.0,0,0,8.0,1.0,0.0,0,0.0
63,S1,M1,harvester,34,13.112,8.0,0.0,0.0,0,0,8.0,1.0,0.0,0,0.0
64,S1,M1,harvester,34,13.112,8.0,0.0,0.0,0,0,8.0,1.0,0.0,0,0.0
64,S1,M2,forwarder,34,10.432,8.0,0.0,0.0,0,0,8.0,1.0,0.0,0,0.0
65,S1,M1,harvester,34,13.112,8.0,0.0,0.0,0,0,8.0,1.0,0.0,0,0.0
66,S1,M1,harvester,34,13.112,8.0,0.0,0.0,0,0,8.0,1.0,0.0,0,0.0
67,S1,M1,harvester,34,13.112,8.0,0.0,0.0,0,0,8.0,1.0,0.0,0,0.0
67,S1,M2,forwarder,34,10.432,8.0,0.0,0.0,0,0,8.0,1.0,0.0,0,0.0
68,S1,M1,harvester,34,7.990756466954873,8.0,0.0,0.0,0,0,8.0,1.0,0.0,0,0.0
68,S1,M2,forwarder,34,6.357502399578496,8.0,0.0,0.0,0,0,8.0,1.0,0.0,0,0.0
69,S1,M1,harvester,34,9.706311556425147,8.0,0.0,0.0,0,0,8.0,1.0,0.0,0,0.0
69,S1,M2,forwarder,34,7.722410170578641,8.0,0.0,0.0,0,0,8.0,1.0,0.0,0,0.0
70,S1,M1,harvester,34,13.112,8.0,0.0,0.0,0,0,8.0,1.0,0.0,0,0.0
70,S1,M2,forwarder,34,10.432,8.0,0.0,0.0,0,0,8.0,1.0,0.0,0,0.0
71,S1,M2,forwarder,34,10.432,8.0,0.0,0.0,0,0,8.0,1.0,0.0,0,0.0
72,S1,M1,harvester,34,13.112,8.0,0.0,0.0,0,0,8.0,1.0,0.0,0,0.0
72,S1,M2,forwarder,34,10.432,8.0,0.0,0.0,0,0,8.0,1.0,0.0,0,0.0
73,S1,M1,harvester,34,13.112,8.0,0.0,0.0,0,0,8.0,1.0,0.0,0,0.0
73,S1,M2,forwarder,34,10.432,8.0,0.0,0.0,0,0,8.0,1.0,0.0,0,0.0
74,S1,M1,harvester,34,13.112,8.0,0.0,0.0,0,0,8.0,1.0,0.0,0,0.0
75,S1,M2,forwarder,34,10.432,8.0,0.0,0.0,0,0,8.0,1.0,0.0,0,0.0
77,S1,M1,harvester,34,13.112,8.0,0.0,0.0,0,0,8.0,1.0,0.0,0,0.0
77,S1,M2,forwarder,34,10.432,8.0,0.0,0.0,0,0,8.0,1.0,0.0,0,0.0
78,S1,M1,harvester,34,13.112,8.0,0.0,0.0,0,0,8.0,1.0,0.0,0,0.0
78,S1,M2,forwarder,34,10.432,8.0,0.0,0.0,0,0,8.0,1.0,0.0,0,0.0
79,S1,M1,harvester,34,13.112,8.0,0.0,0.0,0,0,8.0,1.0,0.0,0,0.0
79,S1,M2,forwarder,34,8.69995168634325,6.671742090754026,1.3282579092459743,0.0,0,0,8.0,0.8339677613442532,1.3282579092459743,1,0.0
80,S1,M1,harvester,34,13.112,8.0,0.0,0.0,0,0,8.0,1.0,0.0,0,0.0
80,S1,M2,forwarder,34,10.432,8.0,0.0,0.0,0,0,8.0,1.0,0.0,0,0.0
81,S1,M1,harvester,34,13.112,8.0,0.0,0.0,0,0,8.0,1.0,0.0,0,0.0
81,S1,M2,forwarder,34,10.432,8.0,0.0,0.0,0,0,8.0,1.0,0.0,0,0.0
82,S1,M1,harvester,34,13.112,8.0,0.0,0.0,0,0,8.0,1.0,0.0,0,0.0
83,S1,M1,harvester,34,13.112,8.0,0.0,0.0,0,0,8.0,1.0,0.0,0,0.0
83,S1,M2,forwarder,34,10.432,8.0,0.0,0.0,0,0,8.0,1.0,0.0,0,0.0
84,S1,M1,harvester,34,6.171554787255079,8.0,0.0,0.0,0,0,8.0,1.0,0.0,0,0.0
84,S1,M2,forwarder,34,4.910132667834426,8.0,0.0,0.0,0,0,8.0,1.0,0.0,0,0.0
85,S1,M1,harvester,34,13.112,8.0,0.0,0.0,0,0,8.0,1.0,0.0,0,0.0
85,S1,M2,forwarder,34,10.432,8.0,0.0,0.0,0,0,8.0,1.0,0.0,0,0.0
86,S1,M1,harvester,34,13.112,8.0,0.0,0.0,0,0,8.0,1.0,0.0,0,0.0
86,S1,M2,forwarder,34,10.432,8.0,0.0,0.0,0,0,8.0,1.0,0.0,0,0.0
87,S1,M1,harvester,34,9.1784,8.0,0.0,0.0,0,0,8.0,1.0,0.0,0,0.3
87,S1,M2,forwarder,34,7.3024,8.0,0.0,0.0,0,0,8.0,1.0,0.0,0,0.3
88,S1,M1,harvester,34,9.1784,8.0,0.0,0.0,0,0,8.0,1.0,0.0,0,0.3
88,S1,M2,forwarder,34,7.3024,8.0,0.0,0.0,0,0,8.0,1.0,0.0,0,0.3
89,S1,M1,harvester,34,13.112,8.0,0.0,0.0,0,0,8.0,1.0,0.0,0,0.0
89,S1,M2,forwarder,34,10.432,8.0,0.0,0.0,0,0,8.0,1.0,0.0,0,0.0
90,S1,M1,harvester,34,8.943125793176323,8.0,0.0,0.0,0,0,8.0,1.0,0.0,0,0.0
91,S1,M1,harvester,34,13.112,8.0,0.0,0.0,0,0,8.0,1.0,0.0,0,0.0
91,S1,M2,forwarder,34,10.432,8.0,0.0,0.0,0,0,8.0,1.0,0.0,0,0.0
92,S1,M1,harvester,34,13.112,8.0,0.0,0.0,0,0,8.0,1.0,0.0,0,0.0
93,S1,M2,forwarder,34,10.432,8.0,0.0,0.0,0,0,8.0,1.0,0.0,0,0.0
94,S1,M1,harvester,34,13.112,8.0,0.0,0.0,0,0,8.0,1.0,0.0,0,0.0
94,S1,M2,forwarder,34,10.432,8.0,0.0,0.0,0,0,8.0,1.0,0.0,0,0.0
95,S1,M1,harvester,34,13.112,8.0,0.0,0.0,0,0,8.0,1.0,0.0,0,0.0
95,S1,M2,forwarder,34,10.432,8.0,0.0,0.0,0,0,8.0,1.0,0.0,0,0.0
96,S1,M1,harvester,34,13.112,8.0,0.0,0.0,0,0,8.0,1.0,0.0,0,0.0
96,S1,M2,forwarder,34,10.432,8.0,0.0,0.0,0,0,8.0,1.0,0.0,0,0.0
97,S1,M1,harvester,34,13.112,8.0,0.0,0.0,0,0,8.0,1.0,0.0,0,0.0
97,S1,M2,forwarder,34,10.432,8.0,0.0,0.0,0,0,8.0,1.0,0.0,0,0.0
98,S1,M1,harvester,34,6.433750419546852,3.925412092462997,4.074587907537003,0.0,0,0,8.0,0.4906765115578746,4.074587907537003,1,0.0
98,S1,M2,forwarder,34,10.432,8.0,0.0,0.0,0,0,8.0,1.0,0.0,0,0.0
99,S1,M1,harvester,34,5.778587191288072,3.5256785791873533,4.474321420812647,0.0,0,0,8.0,0.44070982239841916,4.474321420812647,1,0.0
99,S1,M2,forwarder,34,10.432,8.0,0.0,0.0,0,0,8.0,1.0,0.0,0,0.0
101,S1,M1,harvester,34,8.299,8.0,0.0,0.0,0,0,8.0,1.0,0.0,0,0.0
101,S1,M2,forwarder,34,8.299,8.0,0.0,0.0,0,0,8.0,1.0,0.0,0,0.0
102,S1,M1,harvester,34,8.299,8.0,0.0,0.0,0,0,8.0,1.0,0.0,0,0.0
103,S1,M1,harvester,34,8.299,8.0,0.0,0.0,0,0,8.0,1.0,0.0,0,0.0
103,S1,M2,forwarder,34,8.299,8.0,0.0,0.0,0,0,8.0,1.0,0.0,0,0.0
104,S1,M1,harvester,34,8.299,8.0,0.0,0.0,0,0,8.0,1.0,0.0,0,0.0
104,S1,M2,forwarder,34,8.299,8.0,0.0,0.0,0,0,8.0,1.0,0.0,0,0.0
105,S1,M1,harvester,34,8.299,8.0,0.0,0.0,0,0,8.0,1.0,0.0,0,0.0
105,S1,M2,forwarder,34,8.299,8.0,0.0,0.0,0,0,8.0,1.0,0.0,0,0.0
106,S1,M1,harvester,34,8.299,8.0,0.0,0.0,0,0,8.0,1.0,0.0,0,0.0
106,S1,M2,forwarder,34,8.299,8.0,0.0,0.0,0,0,8.0,1.0,0.0,0,0.0
12,S1,M2,forwarder,35,8.319,8.0,0.0,0.0,0,0,8.0,1.0,0.0,0,0.0
37,S1,M1,harvester,35,13.112,8.0,0.0,0.0,0,0,8.0,1.0,0.0,0,0.0
37,S1,M2,forwarder,35,10.432,8.0,0.0,0.0,0,0,8.0,1.0,0.0,0,0.0
38,S1,M1,harvester,35,13.112,8.0,0.0,0.0,0,0,8.0,1.0,0.0,0,0.0
38,S1,M2,forwarder,35,10.432,8.0,0.0,0.0,0,0,8.0,1.0,0.0,0,0.0
39,S1,M1,harvester,35,13.112,8.0,0.0,0.0,0,0,8.0,1.0,0.0,0,0.0
39,S1,M2,forwarder,35,10.432,8.0,0.0,0.0,0,0,8.0,1.0,0.0,0,0.0
40,S1,M1,harvester,35,13.112,8.0,0.0,0.0,0,0,8.0,1.0,0.0,0,0.0
40,S1,M2,forwarder,35,10.432,8.0,0.0,0.0,0,0,8.0,1.0,0.0,0,0.0
41,S1,M1,harvester,35,13.112,8.0,0.0,0.0,0,0,8.0,1.0,0.0,0,0.0
41,S1,M2,forwarder,35,10.432,8.0,0.0,0.0,0,0,8.0,1.0,0.0,0,0.0
42,S1,M1,harvester,35,9.1784,8.0,0.0,0.0,0,0,8.0,1.0,0.0,0,0.3
42,S1,M2,forwarder,35,7.3024,8.0,0.0,0.0,0,0,8.0,1.0,0.0,0,0.3
43,S1,M1,harvester,35,13.112,8.0,0.0,0.0,0,0,8.0,1.0,0.0,0,0.0
43,S1,M2,forwarder,35,10.432,8.0,0.0,0.0,0,0,8.0,1.0,0.0,0,0.0
44,S1,M2,forwarder,35,10.432,8.0,0.0,0.0,0,0,8.0,1.0,0.0,0,0.0
45,S1,M1,harvester,35,13.112,8.0,0.0,0.0,0,0,8.0,1.0,0.0,0,0.0
45,S1,M2,forwarder,35,10.432,8.0,0.0,0.0,0,0,8.0,1.0,0.0,0,0.0
46,S1,M1,harvester,35,13.112,8.0,0.0,0.0,0,0,8.0,1.0,0.0,0,0.0
46,S1,M2,forwarder,35,10.432,8.0,0.0,0.0,0,0,8.0,1.0,0.0,0,0.0
47,S1,M1,harvester,35,13.112,8.0,0.0,0.0,0,0,8.0,1.0,0.0,0,0.0
47,S1,M2,forwarder,35,10.432,8.0,0.0,0.0,0,0,8.0,1.0,0.0,0,0.0
48,S1,M1,harvester,35,13.112,8.0,0.0,0.0,0,0,8.0,1.0,0.0,0,0.0
48,S1,M2,forwarder,35,10.432,8.0,0.0,0.0,0,0,8.0,1.0,0.0,0,0.0
49,S1,M1,harvester,35,13.112,8.0,0.0,0.0,0,0,8.0,1.0,0.0,0,0.0
49,S1,M2,forwarder,35,10.432,8.0,0.0,0.0,0,0,8.0,1.0,0.0,0,0.0
50,S1,M1,harvester,35,8.446355812542862,8.0,0.0,0.0,0,0,8.0,1.0,0.0,0,0.0
50,S1,M2,forwarder,35,6.719980463426414,8.0,0.0,0.0,0,0,8.0,1.0,0.0,0,0.0
51,S1,M1,harvester,35,13.112,8.0,0.0,0.0,0,0,8.0,1.0,0.0,0,0.0
51,S1,M2,forwarder,35,10.432,8.0,0.0,0.0,0,0,8.0,1.0,0.0,0,0.0
52,S1,M1,harvester,35,13.112,8.0,0.0,0.0,0,0,8.0,1.0,0.0,0,0.0
52,S1,M2,forwarder,35,10.432,8.0,0.0,0.0,0,0,8.0,1.0,0.0,0,0.0
53,S1,M1,harvester,35,9.1784,8.0,0.0,0.0,0,0,8.0,1.0,0.0,0,0.3
54,S1,M1,harvester,35,13.112,8.0,0.0,0.0,0,0,8.0,1.0,0.0,0,0.0
54,S1,M2,forwarder,35,10.432,8.0,0.0,0.0,0,0,8.0,1.0,0.0,0,0.0
55,S1,M1,harvester,35,13.112,8.0,0.0,0.0,0,0,8.0,1.0,0.0,0,0.0
55,S1,M2,forwarder,35,10.432,8.0,0.0,0.0,0,0,8.0,1.0,0.0,0,0.0
56,S1,M1,harvester,35,13.112,8.0,0.0,0.0,0,0,8.0,1.0,0.0,0,0.0
56,S1,M2,forwarder,35,10.432,8.0,0.0,0.0,0,0,8.0,1.0,0.0,0,0.0
57,S1,M1,harvester,35,9.948,8.0,0.0,0.0,0,0,8.0,1.0,0.0,0,0.0
57,S1,M2,forwarder,35,9.948,8.0,0.0,0.0,0,0,8.0,1.0,0.0,0,0.0
58,S1,M1,harvester,35,9.948,8.0,0.0,0.0,0,0,8.0,1.0,0.0,0,0.0
58,S1,M2,forwarder,35,9.948,8.0,0.0,0.0,0,0,8.0,1.0,0.0,0,0.0
59,S1,M1,harvester,35,9.948,8.0,0.0,0.0,0,0,8.0,1.0,0.0,0,0.0
60,S1,M2,forwarder,35,9.948,8.0,0.0,0.0,0,0,8.0,1.0,0.0,0,0.0
61,S1,M1,harvester,35,9.948,8.0,0.0,0.0,0,0,8.0,1.0,0.0,0,0.0
61,S1,M2,forwarder,35,9.948,8.0,0.0,0.0,0,0,8.0,1.0,0.0,0,0.0
62,S1,M1,harvester,35,13.112,8.0,0.0,0.0,0,0,8.0,1.0,0.0,0,0.0
62,S1,M2,forwarder,35,10.432,8.0,0.0,0.0,0,0,8.0,1.0,0.0,0,0.0
63,S1,M1,harvester,35,13.112,8.0,0.0,0.0,0,0,8.0,1.0,0.0,0,0.0
64,S1,M1,harvester,35,13.112,8.0,0.0,0.0,0,0,8.0,1.0,0.0,0,0.0
64,S1,M2,forwarder,35,10.432,8.0,0.0,0.0,0,0,8.0,1.0,0.0,0,0.0
65,S1,M1,harvester,35,13.112,8.0,0.0,0.0,0,0,8.0,1.0,0.0,0,0.0
66,S1,M1,harvester,35,13.112,8.0,0.0,0.0,0,0,8.0,1.0,0.0,0,0.0
67,S1,M1,harvester,35,1.8096260054470723,2.5501922917395907,5.449807708260409,0.0,0,0,8.0,0.31877403646744884,5.449807708260409,1,0.0
67,S1,M2,forwarder,35,4.516526105738603,8.0,0.0,0.0,0,0,8.0,1.0,0.0,0,0.0
68,S1,M1,harvester,35,13.112,8.0,0.0,0.0,0,0,8.0,1.0,0.0,0,0.0
68,S1,M2,forwarder,35,10.432,8.0,0.0,0.0,0,0,8.0,1.0,0.0,0,0.0
69,S1,M1,harvester,35,13.112,8.0,0.0,0.0,0,0,8.0,1.0,0.0,0,0.0
69,S1,M2,forwarder,35,10.432,8.0,0.0,0.0,0,0,8.0,1.0,0.0,0,0.0
70,S1,M1,harvester,35,9.1784,8.0,0.0,0.0,0,0,8.0,1.0,0.0,0,0.3
70,S1,M2,forwarder,35,7.3024,8.0,0.0,0.0,0,0,8.0,1.0,0.0,0,0.3
71,S1,M2,forwarder,35,7.3024,8.0,0.0,0.0,0,0,8.0,1.0,0.0,0,0.3
72,S1,M1,harvester,35,13.112,8.0,0.0,0.0,0,0,8.0,1.0,0.0,0,0.0
72,S1,M2,forwarder,35,10.432,8.0,0.0,0.0,0,0,8.0,1.0,0.0,0,0.0
73,S1,M1,harvester,35,2.4537970716135513,1.4971306111126,6.5028693888874,0.0,0,0,8.0,0.187141326389075,6.5028693888874,1,0.0
73,S1,M2,forwarder,35,10.432,8.0,0.0,0.0,0,0,8.0,1.0,0.0,0,0.0
74,S1,M1,harvester,35,13.112,8.0,0.0,0.0,0,0,8.0,1.0,0.0,0,0.0
75,S1,M2,forwarder,35,10.432,8.0,0.0,0.0,0,0,8.0,1.0,0.0,0,0.0
77,S1,M1,harvester,35,13.112,8.0,0.0,0.0,0,0,8.0,1.0,0.0,0,0.0
77,S1,M2,forwarder,35,10.432,8.0,0.0,0.0,0,0,8.0,1.0,0.0,0,0.0
78,S1,M1,harvester,35,13.112,8.0,0.0,0.0,0,0,8.0,1.0,0.0,0,0.0
78,S1,M2,forwarder,35,10.432,8.0,0.0,0.0,0,0,8.0,1.0,0.0,0,0.0
79,S1,M1,harvester,35,13.112,8.0,0.0,0.0,0,0,8.0,1.0,0.0,0,0.0
79,S1,M2,forwarder,35,10.432,8.0,0.0,0.0,0,0,8.0,1.0,0.0,0,0.0
80,S1,M1,harvester,35,13.112,8.0,0.0,0.0,0,0,8.0,1.0,0.0,0,0.0
80,S1,M2,forwarder,35,10.432,8.0,0.0,0.0,0,0,8.0,1.0,0.0,0,0.0
81,S1,M1,harvester,35,13.112,8.0,0.0,0.0,0,0,8.0,1.0,0.0,0,0.0
81,S1,M2,forwarder,35,10.432,8.0,0.0,0.0,0,0,8.0,1.0,0.0,0,0.0
82,S1,M1,harvester,35,13.112,8.0,0.0,0.0,0,0,8.0,1.0,0.0,0,0.0
83,S1,M1,harvester,35,13.112,8.0,0.0,0.0,0,0,8.0,1.0,0.0,0,0.0
83,S1,M2,forwarder,35,10.432,8.0,0.0,0.0,0,0,8.0,1.0,0.0,0,0.0
84,S1,M1,harvester,35,13.112,8.0,0.0,0.0,0,0,8.0,1.0,0.0,0,0.0
84,S1,M2,forwarder,35,10.432,8.0,0.0,0.0,0,0,8.0,1.0,0.0,0,0.0
85,S1,M1,harvester,35,13.112,8.0,0.0,0.0,0,0,8.0,1.0,0.0,0,0.0
85,S1,M2,forwarder,35,10.432,8.0,0.0,0.0,0,0,8.0,1.0,0.0,0,0.0
86,S1,M1,harvester,35,13.112,8.0,0.0,0.0,0,0,8.0,1.0,0.0,0,0.0
86,S1,M2,forwarder,35,10.432,8.0,0.0,0.0,0,0,8.0,1.0,0.0,0,0.0
87,S1,M1,harvester,35,13.112,8.0,0.0,0.0,0,0,8.0,1.0,0.0,0,0.0
87,S1,M2,forwarder,35,10.432,8.0,0.0,0.0,0,0,8.0,1.0,0.0,0,0.0
88,S1,M1,harvester,35,13.112,8.0,0.0,0.0,0,0,8.0,1.0,0.0,0,0.0
88,S1,M2,forwarder,35,10.432,8.0,0.0,0.0,0,0,8.0,1.0,0.0,0,0.0
89,S1,M1,harvester,35,13.112,8.0,0.0,0.0,0,0,8.0,1.0,0.0,0,0.0
89,S1,M2,forwarder,35,10.432,8.0,0.0,0.0,0,0,8.0,1.0,0.0,0,0.0
90,S1,M1,harvester,35,13.112,8.0,0.0,0.0,0,0,8.0,1.0,0.0,0,0.0
91,S1,M1,harvester,35,13.112,8.0,0.0,0.0,0,0,8.0,1.0,0.0,0,0.0
91,S1,M2,forwarder,35,10.432,8.0,0.0,0.0,0,0,8.0,1.0,0.0,0,0.0
92,S1,M1,harvester,35,6.379182099017717,3.892118425270114,4.107881574729886,0.0,0,0,8.0,0.4865148031587643,4.107881574729886,1,0.0
93,S1,M2,forwarder,35,10.432,8.0,0.0,0.0,0,0,8.0,1.0,0.0,0,0.0
94,S1,M1,harvester,35,13.112,8.0,0.0,0.0,0,0,8.0,1.0,0.0,0,0.0
94,S1,M2,forwarder,35,10.432,8.0,0.0,0.0,0,0,8.0,1.0,0.0,0,0.0
95,S1,M1,harvester,35,13.112,8.0,0.0,0.0,0,0,8.0,1.0,0.0,0,0.0
95,S1,M2,forwarder,35,10.432,8.0,0.0,0.0,0,0,8.0,1.0,0.0,0,0.0
96,S1,M1,harvester,35,13.112,8.0,0.0,0.0,0,0,8.0,1.0,0.0,0,0.0
96,S1,M2,forwarder,35,10.432,8.0,0.0,0.0,0,0,8.0,1.0,0.0,0,0.0
97,S1,M1,harvester,35,9.1784,8.0,0.0,0.0,0,0,8.0,1.0,0.0,0,0.3
97,S1,M2,forwarder,35,7.3024,8.0,0.0,0.0,0,0,8.0,1.0,0.0,0,0.3
98,S1,M1,harvester,35,7.805733811791686,4.76249774972037,3.23750225027963,0.0,0,0,8.0,0.5953122187150462,3.23750225027963,1,0.0
98,S1,M2,forwarder,35,10.432,8.0,0.0,0.0,0,0,8.0,1.0,0.0,0,0.0
99,S1,M1,harvester,35,13.112,8.0,0.0,0.0,0,0,8.0,1.0,0.0,0,0.0
99,S1,M2,forwarder,35,10.432,8.0,0.0,0.0,0,0,8.0,1.0,0.0,0,0.0
101,S1,M1,harvester,35,8.299,8.0,0.0,0.0,0,0,8.0,1.0,0.0,0,0.0
101,S1,M2,forwarder,35,2.104777426144708,2.028945584908744,5.971054415091256,0.0,0,0,8.0,0.253618198113593,5.971054415091256,1,0.0
102,S1,M1,harvester,35,8.299,8.0,0.0,0.0,0,0,8.0,1.0,0.0,0,0.0
103,S1,M1,harvester,35,8.299,8.0,0.0,0.0,0,0,8.0,1.0,0.0,0,0.0
103,S1,M2,forwarder,35,8.299,8.0,0.0,0.0,0,0,8.0,1.0,0.0,0,0.0
104,S1,M1,harvester,35,8.299,8.0,0.0,0.0,0,0,8.0,1.0,0.0,0,0.0
104,S1,M2,forwarder,35,8.299,8.0,0.0,0.0,0,0,8.0,1.0,0.0,0,0.0
105,S1,M1,harvester,35,8.299,8.0,0.0,0.0,0,0,8.0,1.0,0.0,0,0.0
105,S1,M2,forwarder,35,8.299,8.0,0.0,0.0,0,0,8.0,1.0,0.0,0,0.0
106,S1,M1,harvester,35,8.299,8.0,0.0,0.0,0,0,8.0,1.0,0.0,0,0.0
106,S1,M2,forwarder,35,8.299,8.0,0.0,0.0,0,0,8.0,1.0,0.0,0,0.0
12,S1,M2,forwarder,36,8.319,8.0,0.0,0.0,0,0,8.0,1.0,0.0,0,0.0
37,S1,M1,harvester,36,13.112,8.0,0.0,0.0,0,0,8.0,1.0,0.0,0,0.0
37,S1,M2,forwarder,36,10.432,8.0,0.0,0.0,0,0,8.0,1.0,0.0,0,0.0
38,S1,M1,harvester,36,13.112,8.0,0.0,0.0,0,0,8.0,1.0,0.0,0,0.0
38,S1,M2,forwarder,36,10.432,8.0,0.0,0.0,0,0,8.0,1.0,0.0,0,0.0
39,S1,M1,harvester,36,13.112,8.0,0.0,0.0,0,0,8.0,1.0,0.0,0,0.0
39,S1,M2,forwarder,36,10.432,8.0,0.0,0.0,0,0,8.0,1.0,0.0,0,0.0
40,S1,M1,harvester,36,13.112,8.0,0.0,0.0,0,0,8.0,1.0,0.0,0,0.0
40,S1,M2,forwarder,36,10.432,8.0,0.0,0.0,0,0,8.0,1.0,0.0,0,0.0
41,S1,M1,harvester,36,13.112,8.0,0.0,0.0,0,0,8.0,1.0,0.0,0,0.0
41,S1,M2,forwarder,36,10.432,8.0,0.0,0.0,0,0,8.0,1.0,0.0,0,0.0
42,S1,M1,harvester,36,13.112,8.0,0.0,0.0,0,0,8.0,1.0,0.0,0,0.0
42,S1,M2,forwarder,36,10.432,8.0,0.0,0.0,0,0,8.0,1.0,0.0,0,0.0
43,S1,M1,harvester,36,13.112,8.0,0.0,0.0,0,0,8.0,1.0,0.0,0,0.0
43,S1,M2,forwarder,36,10.432,8.0,0.0,0.0,0,0,8.0,1.0,0.0,0,0.0
44,S1,M2,forwarder,36,10.432,8.0,0.0,0.0,0,0,8.0,1.0,0.0,0,0.0
45,S1,M1,harvester,36,9.1784,8.0,0.0,0.0,0,0,8.0,1.0,0.0,0,0.3
45,S1,M2,forwarder,36,7.3024,8.0,0.0,0.0,0,0,8.0,1.0,0.0,0,0.3
46,S1,M1,harvester,36,13.112,8.0,0.0,0.0,0,0,8.0,1.0,0.0,0,0.0
46,S1,M2,forwarder,36,10.432,8.0,0.0,0.0,0,0,8.0,1.0,0.0,0,0.0
47,S1,M1,harvester,36,13.112,8.0,0.0,0.0,0,0,8.0,1.0,0.0,0,0.0
47,S1,M2,forwarder,36,10.432,8.0,0.0,0.0,0,0,8.0,1.0,0.0,0,0.0
48,S1,M1,harvester,36,13.112,8.0,0.0,0.0,0,0,8.0,1.0,0.0,0,0.0
48,S1,M2,forwarder,36,10.432,8.0,0.0,0.0,0,0,8.0,1.0,0.0,0,0.0
49,S1,M1,harvester,36,13.112,8.0,0.0,0.0,0,0,8.0,1.0,0.0,0,0.0
49,S1,M2,forwarder,36,10.432,8.0,0.0,0.0,0,0,8.0,1.0,0.0,0,0.0
50,S1,M1,harvester,36,13.112,8.0,0.0,0.0,0,0,8.0,1.0,0.0,0,0.0
50,S1,M2,forwarder,36,10.432,8.0,0.0,0.0,0,0,8.0,1.0,0.0,0,0.0
51,S1,M1,harvester,36,13.112,8.0,0.0,0.0,0,0,8.0,1.0,0.0,0,0.0
51,S1,M2,forwarder,36,10.432,8.0,0.0,0.0,0,0,8.0,1.0,0.0,0,0.0
52,S1,M1,harvester,36,9.1784,8.0,0.0,0.0,0,0,8.0,1.0,0.0,0,0.3
52,S1,M2,forwarder,36,7.3024,8.0,0.0,0.0,0,0,8.0,1.0,0.0,0,0.3
53,S1,M1,harvester,36,13.112,8.0,0.0,0.0,0,0,8.0,1.0,0.0,0,0.0
54,S1,M1,harvester,36,13.112,8.0,0.0,0.0,0,0,8.0,1.0,0.0,0,0.0
54,S1,M2,forwarder,36,10.432,8.0,0.0,0.0,0,0,8.0,1.0,0.0,0,0.0
55,S1,M1,harvester,36,13.112,8.0,0.0,0.0,0,0,8.0,1.0,0.0,0,0.0
55,S1,M2,forwarder,36,10.432,8.0,0.0,0.0,0,0,8.0,1.0,0.0,0,0.0
56,S1,M1,harvester,36,13.112,8.0,0.0,0.0,0,0,8.0,1.0,0.0,0,0.0
56,S1,M2,forwarder,36,10.432,8.0,0.0,0.0,0,0,8.0,1.0,0.0,0,0.0
57,S1,M1,harvester,36,9.948,8.0,0.0,0.0,0,0,8.0,1.0,0.0,0,0.0
57,S1,M2,forwarder,36,9.948,8.0,0.0,0.0,0,0,8.0,1.0,0.0,0,0.0
58,S1,M1,harvester,36,6.9636,8.0,0.0,0.0,0,0,8.0,1.0,0.0,0,0.3
58,S1,M2,forwarder,36,6.9636,8.0,0.0,0.0,0,0,8.0,1.0,0.0,0,0.3
59,S1,M1,harvester,36,9.948,8.0,0.0,0.0,0,0,8.0,1.0,0.0,0,0.0
60,S1,M2,forwarder,36,9.948,8.0,0.0,0.0,0,0,8.0,1.0,0.0,0,0.0
61,S1,M1,harvester,36,9.948,8.0,0.0,0.0,0,0,8.0,1.0,0.0,0,0.0
61,S1,M2,forwarder,36,9.948,8.0,0.0,0.0,0,0,8.0,1.0,0.0,0,0.0
62,S1,M1,harvester,36,13.112,8.0,0.0,0.0,0,0,8.0,1.0,0.0,0,0.0
62,S1,M2,forwarder,36,10.432,8.0,0.0,0.0,0,0,8.0,1.0,0.0,0,0.0
63,S1,M1,harvester,36,13.112,8.0,0.0,0.0,0,0,8.0,1.0,0.0,0,0.0
64,S1,M1,harvester,36,13.112,8.0,0.0,0.0,0,0,8.0,1.0,0.0,0,0.0
64,S1,M2,forwarder,36,10.432,8.0,0.0,0.0,0,0,8.0,1.0,0.0,0,0.0
65,S1,M1,harvester,36,13.112,8.0,0.0,0.0,0,0,8.0,1.0,0.0,0,0.0
66,S1,M1,harvester,36,9.692691923745272,8.0,0.0,0.0,0,0,8.0,1.0,0.0,0,0.0
67,S1,M1,harvester,36,13.112,8.0,0.0,0.0,0,0,8.0,1.0,0.0,0,0.0
67,S1,M2,forwarder,36,10.432,8.0,0.0,0.0,0,0,8.0,1.0,0.0,0,0.0
68,S1,M1,harvester,36,13.112,8.0,0.0,0.0,0,0,8.0,1.0,0.0,0,0.0
68,S1,M2,forwarder,36,10.432,8.0,0.0,0.0,0,0,8.0,1.0,0.0,0,0.0
69,S1,M1,harvester,36,13.112,8.0,0.0,0.0,0,0,8.0,1.0,0.0,0,0.0
69,S1,M2,forwarder,36,10.432,8.0,0.0,0.0,0,0,8.0,1.0,0.0,0,0.0
70,S1,M1,harvester,36,13.112,8.0,0.0,0.0,0,0,8.0,1.0,0.0,0,0.0
70,S1,M2,forwarder,36,10.432,8.0,0.0,0.0,0,0,8.0,1.0,0.0,0,0.0
71,S1,M2,forwarder,36,10.432,8.0,0.0,0.0,0,0,8.0,1.0,0.0,0,0.0
72,S1,M1,harvester,36,13.112,8.0,0.0,0.0,0,0,8.0,1.0,0.0,0,0.0
72,S1,M2,forwarder,36,10.432,8.0,0.0,0.0,0,0,8.0,1.0,0.0,0,0.0
73,S1,M1,harvester,36,13.112,8.0,0.0,0.0,0,0,8.0,1.0,0.0,0,0.0
73,S1,M2,forwarder,36,10.432,8.0,0.0,0.0,0,0,8.0,1.0,0.0,0,0.0
74,S1,M1,harvester,36,7.687626469285421,4.6904371380631,3.3095628619369,0.0,0,0,8.0,0.5863046422578875,3.3095628619369006,1,0.0
75,S1,M2,forwarder,36,10.432,8.0,0.0,0.0,0,0,8.0,1.0,0.0,0,0.0
77,S1,M1,harvester,36,13.112,8.0,0.0,0.0,0,0,8.0,1.0,0.0,0,0.0
77,S1,M2,forwarder,36,10.432,8.0,0.0,0.0,0,0,8.0,1.0,0.0,0,0.0
78,S1,M1,harvester,36,13.112,8.0,0.0,0.0,0,0,8.0,1.0,0.0,0,0.0
78,S1,M2,forwarder,36,10.432,8.0,0.0,0.0,0,0,8.0,1.0,0.0,0,0.0
79,S1,M1,harvester,36,6.684202227863758,8.0,0.0,0.0,0,0,8.0,1.0,0.0,0,0.0
79,S1,M2,forwarder,36,5.317998599837914,8.0,0.0,0.0,0,0,8.0,1.0,0.0,0,0.0
80,S1,M1,harvester,36,13.112,8.0,0.0,0.0,0,0,8.0,1.0,0.0,0,0.0
80,S1,M2,forwarder,36,10.432,8.0,0.0,0.0,0,0,8.0,1.0,0.0,0,0.0
81,S1,M1,harvester,36,13.112,8.0,0.0,0.0,0,0,8.0,1.0,0.0,0,0.0
81,S1,M2,forwarder,36,10.432,8.0,0.0,0.0,0,0,8.0,1.0,0.0,0,0.0
82,S1,M1,harvester,36,1.7439448488121891,2.1047503542334596,5.89524964576654,0.0,0,0,8.0,0.26309379427918245,5.89524964576654,1,0.0
83,S1,M1,harvester,36,5.512872066360846,3.3635583077247384,4.636441692275262,0.0,0,0,8.0,0.4204447884655923,4.636441692275262,1,0.0
83,S1,M2,forwarder,36,10.432,8.0,0.0,0.0,0,0,8.0,1.0,0.0,0,0.0
84,S1,M1,harvester,36,13.112,8.0,0.0,0.0,0,0,8.0,1.0,0.0,0,0.0
84,S1,M2,forwarder,36,10.432,8.0,0.0,0.0,0,0,8.0,1.0,0.0,0,0.0
85,S1,M1,harvester,36,13.112,8.0,0.0,0.0,0,0,8.0,1.0,0.0,0,0.0
85,S1,M2,forwarder,36,10.432,8.0,0.0,0.0,0,0,8.0,1.0,0.0,0,0.0
86,S1,M1,harvester,36,13.112,8.0,0.0,0.0,0,0,8.0,1.0,0.0,0,0.0
86,S1,M2,forwarder,36,10.432,8.0,0.0,0.0,0,0,8.0,1.0,0.0,0,0.0
87,S1,M1,harvester,36,13.112,8.0,0.0,0.0,0,0,8.0,1.0,0.0,0,0.0
87,S1,M2,forwarder,36,10.432,8.0,0.0,0.0,0,0,8.0,1.0,0.0,0,0.0
88,S1,M1,harvester,36,9.72525802075702,5.933653459888358,2.066346540111642,0.0,0,0,8.0,0.7417066824860448,2.0663465401116423,1,0.0
88,S1,M2,forwarder,36,10.432,8.0,0.0,0.0,0,0,8.0,1.0,0.0,0,0.0
89,S1,M1,harvester,36,13.112,8.0,0.0,0.0,0,0,8.0,1.0,0.0,0,0.0
89,S1,M2,forwarder,36,10.432,8.0,0.0,0.0,0,0,8.0,1.0,0.0,0,0.0
90,S1,M1,harvester,36,13.112,8.0,0.0,0.0,0,0,8.0,1.0,0.0,0,0.0
91,S1,M1,harvester,36,13.112,8.0,0.0,0.0,0,0,8.0,1.0,0.0,0,0.0
91,S1,M2,forwarder,36,10.432,8.0,0.0,0.0,0,0,8.0,1.0,0.0,0,0.0
92,S1,M1,harvester,36,13.112,8.0,0.0,0.0,0,0,8.0,1.0,0.0,0,0.0
93,S1,M2,forwarder,36,10.432,8.0,0.0,0.0,0,0,8.0,1.0,0.0,0,0.0
94,S1,M1,harvester,36,13.112,8.0,0.0,0.0,0,0,8.0,1.0,0.0,0,0.0
94,S1,M2,forwarder,36,10.432,8.0,0.0,0.0,0,0,8.0,1.0,0.0,0,0.0
95,S1,M1,harvester,36,6.909760150382503,8.0,0.0,0.0,0,0,8.0,1.0,0.0,0,0.3
95,S1,M2,forwarder,36,5.4974540793769275,8.0,0.0,0.0,0,0,8.0,1.0,0.0,0,0.3
96,S1,M1,harvester,36,13.112,8.0,0.0,0.0,0,0,8.0,1.0,0.0,0,0.0
96,S1,M2,forwarder,36,10.432,8.0,0.0,0.0,0,0,8.0,1.0,0.0,0,0.0
97,S1,M1,harvester,36,13.112,8.0,0.0,0.0,0,0,8.0,1.0,0.0,0,0.0
97,S1,M2,forwarder,36,10.432,8.0,0.0,0.0,0,0,8.0,1.0,0.0,0,0.0
98,S1,M1,harvester,36,13.112,8.0,0.0,0.0,0,0,8.0,1.0,0.0,0,0.0
98,S1,M2,forwarder,36,10.432,8.0,0.0,0.0,0,0,8.0,1.0,0.0,0,0.0
99,S1,M1,harvester,36,13.112,8.0,0.0,0.0,0,0,8.0,1.0,0.0,0,0.0
99,S1,M2,forwarder,36,10.432,8.0,0.0,0.0,0,0,8.0,1.0,0.0,0,0.0
101,S1,M1,harvester,36,8.299,8.0,0.0,0.0,0,0,8.0,1.0,0.0,0,0.0
101,S1,M2,forwarder,36,8.299,8.0,0.0,0.0,0,0,8.0,1.0,0.0,0,0.0
102,S1,M1,harvester,36,5.8092999999999995,8.0,0.0,0.0,0,0,8.0,1.0,0.0,0,0.3
103,S1,M1,harvester,36,8.299,8.0,0.0,0.0,0,0,8.0,1.0,0.0,0,0.0
103,S1,M2,forwarder,36,8.299,8.0,0.0,0.0,0,0,8.0,1.0,0.0,0,0.0
104,S1,M1,harvester,36,8.299,8.0,0.0,0.0,0,0,8.0,1.0,0.0,0,0.0
104,S1,M2,forwarder,36,8.299,8.0,0.0,0.0,0,0,8.0,1.0,0.0,0,0.0
105,S1,M1,harvester,36,8.299,8.0,0.0,0.0,0,0,8.0,1.0,0.0,0,0.0
105,S1,M2,forwarder,36,8.299,8.0,0.0,0.0,0,0,8.0,1.0,0.0,0,0.0
106,S1,M1,harvester,36,8.299,8.0,0.0,0.0,0,0,8.0,1.0,0.0,0,0.0
106,S1,M2,forwarder,36,8.299,8.0,0.0,0.0,0,0,8.0,1.0,0.0,0,0.0
12,S1,M2,forwarder,37,8.319,8.0,0.0,0.0,0,0,8.0,1.0,0.0,0,0.0
37,S1,M1,harvester,37,13.112,8.0,0.0,0.0,0,0,8.0,1.0,0.0,0,0.0
37,S1,M2,forwarder,37,10.432,8.0,0.0,0.0,0,0,8.0,1.0,0.0,0,0.0
38,S1,M1,harvester,37,13.112,8.0,0.0,0.0,0,0,8.0,1.0,0.0,0,0.0
38,S1,M2,forwarder,37,10.432,8.0,0.0,0.0,0,0,8.0,1.0,0.0,0,0.0
39,S1,M1,harvester,37,9.006906322902477,8.0,0.0,0.0,0,0,8.0,1.0,0.0,0,0.0
39,S1,M2,forwarder,37,7.165958416757065,8.0,0.0,0.0,0,0,8.0,1.0,0.0,0,0.0
40,S1,M1,harvester,37,4.354269479487467,3.4454898751521723,4.554510124847828,0.0,0,0,8.0,0.43068623439402154,4.554510124847828,1,0.0
40,S1,M2,forwarder,37,8.043646020024234,8.0,0.0,0.0,0,0,8.0,1.0,0.0,0,0.0
41,S1,M1,harvester,37,13.112,8.0,0.0,0.0,0,0,8.0,1.0,0.0,0,0.0
41,S1,M2,forwarder,37,10.432,8.0,0.0,0.0,0,0,8.0,1.0,0.0,0,0.0
42,S1,M1,harvester,37,8.027993466846182,8.0,0.0,0.0,0,0,8.0,1.0,0.0,0,0.0
42,S1,M2,forwarder,37,6.387128420236377,8.0,0.0,0.0,0,0,8.0,1.0,0.0,0,0.0
43,S1,M1,harvester,37,13.112,8.0,0.0,0.0,0,0,8.0,1.0,0.0,0,0.0
43,S1,M2,forwarder,37,10.432,8.0,0.0,0.0,0,0,8.0,1.0,0.0,0,0.0
44,S1,M2,forwarder,37,10.432,8.0,0.0,0.0,0,0,8.0,1.0,0.0,0,0.0
45,S1,M1,harvester,37,13.112,8.0,0.0,0.0,0,0,8.0,1.0,0.0,0,0.0
45,S1,M2,forwarder,37,10.432,8.0,0.0,0.0,0,0,8.0,1.0,0.0,0,0.0
46,S1,M1,harvester,37,13.112,8.0,0.0,0.0,0,0,8.0,1.0,0.0,0,0.0
46,S1,M2,forwarder,37,10.432,8.0,0.0,0.0,0,0,8.0,1.0,0.0,0,0.0
47,S1,M1,harvester,37,13.112,8.0,0.0,0.0,0,0,8.0,1.0,0.0,0,0.0
47,S1,M2,forwarder,37,6.536054661446573,5.012311856937556,2.987688143062444,0.0,0,0,8.0,0.6265389821171945,2.987688143062444,1,0.0
48,S1,M1,harvester,37,13.112,8.0,0.0,0.0,0,0,8.0,1.0,0.0,0,0.0
48,S1,M2,forwarder,37,10.432,8.0,0.0,0.0,0,0,8.0,1.0,0.0,0,0.0
49,S1,M1,harvester,37,9.1784,8.0,0.0,0.0,0,0,8.0,1.0,0.0,0,0.3
49,S1,M2,forwarder,37,7.3024,8.0,0.0,0.0,0,0,8.0,1.0,0.0,0,0.3
50,S1,M1,harvester,37,13.112,8.0,0.0,0.0,0,0,8.0,1.0,0.0,0,0.0
50,S1,M2,forwarder,37,10.432,8.0,0.0,0.0,0,0,8.0,1.0,0.0,0,0.0
51,S1,M1,harvester,37,13.112,8.0,0.0,0.0,0,0,8.0,1.0,0.0,0,0.0
51,S1,M2,forwarder,37,10.432,8.0,0.0,0.0,0,0,8.0,1.0,0.0,0,0.0
52,S1,M1,harvester,37,13.112,8.0,0.0,0.0,0,0,8.0,1.0,0.0,0,0.0
52,S1,M2,forwarder,37,10.432,8.0,0.0,0.0,0,0,8.0,1.0,0.0,0,0.0
53,S1,M1,harvester,37,13.112,8.0,0.0,0.0,0,0,8.0,1.0,0.0,0,0.0
54,S1,M1,harvester,37,4.355602929588038,8.0,0.0,0.0,0,0,8.0,1.0,0.0,0,0.3
54,S1,M2,forwarder,37,3.465348517500184,8.0,0.0,0.0,0,0,8.0,1.0,0.0,0,0.3
55,S1,M1,harvester,37,13.112,8.0,0.0,0.0,0,0,8.0,1.0,0.0,0,0.0
55,S1,M2,forwarder,37,10.432,8.0,0.0,0.0,0,0,8.0,1.0,0.0,0,0.0
56,S1,M1,harvester,37,13.112,8.0,0.0,0.0,0,0,8.0,1.0,0.0,0,0.0
56,S1,M2,forwarder,37,10.432,8.0,0.0,0.0,0,0,8.0,1.0,0.0,0,0.0
57,S1,M1,harvester,37,9.948,8.0,0.0,0.0,0,0,8.0,1.0,0.0,0,0.0
57,S1,M2,forwarder,37,9.948,8.0,0.0,0.0,0,0,8.0,1.0,0.0,0,0.0
58,S1,M1,harvester,37,9.948,8.0,0.0,0.0,0,0,8.0,1.0,0.0,0,0.0
58,S1,M2,forwarder,37,9.948,8.0,0.0,0.0,0,0,8.0,1.0,0.0,0,0.0
59,S1,M1,harvester,37,9.948,8.0,0.0,0.0,0,0,8.0,1.0,0.0,0,0.0
60,S1,M2,forwarder,37,9.948,8.0,0.0,0.0,0,0,8.0,1.0,0.0,0,0.0
61,S1,M1,harvester,37,9.948,8.0,0.0,0.0,0,0,8.0,1.0,0.0,0,0.0
61,S1,M2,forwarder,37,9.948,8.0,0.0,0.0,0,0,8.0,1.0,0.0,0,0.0
62,S1,M1,harvester,37,13.112,8.0,0.0,0.0,0,0,8.0,1.0,0.0,0,0.0
62,S1,M2,forwarder,37,10.432,8.0,0.0,0.0,0,0,8.0,1.0,0.0,0,0.0
63,S1,M1,harvester,37,13.112,8.0,0.0,0.0,0,0,8.0,1.0,0.0,0,0.0
64,S1,M1,harvester,37,13.112,8.0,0.0,0.0,0,0,8.0,1.0,0.0,0,0.0
64,S1,M2,forwarder,37,10.432,8.0,0.0,0.0,0,0,8.0,1.0,0.0,0,0.0
65,S1,M1,harvester,37,13.112,8.0,0.0,0.0,0,0,8.0,1.0,0.0,0,0.0
66,S1,M1,harvester,37,13.112,8.0,0.0,0.0,0,0,8.0,1.0,0.0,0,0.0
67,S1,M1,harvester,37,13.112,8.0,0.0,0.0,0,0,8.0,1.0,0.0,0,0.0
67,S1,M2,forwarder,37,10.432,8.0,0.0,0.0,0,0,8.0,1.0,0.0,0,0.0
68,S1,M1,harvester,37,13.112,8.0,0.0,0.0,0,0,8.0,1.0,0.0,0,0.0
68,S1,M2,forwarder,37,10.432,8.0,0.0,0.0,0,0,8.0,1.0,0.0,0,0.0
69,S1,M1,harvester,37,13.112,8.0,0.0,0.0,0,0,8.0,1.0,0.0,0,0.0
69,S1,M2,forwarder,37,10.432,8.0,0.0,0.0,0,0,8.0,1.0,0.0,0,0.0
70,S1,M1,harvester,37,13.112,8.0,0.0,0.0,0,0,8.0,1.0,0.0,0,0.0
70,S1,M2,forwarder,37,10.432,8.0,0.0,0.0,0,0,8.0,1.0,0.0,0,0.0
71,S1,M2,forwarder,37,10.432,8.0,0.0,0.0,0,0,8.0,1.0,0.0,0,0.0
72,S1,M1,harvester,37,13.112,8.0,0.0,0.0,0,0,8.0,1.0,0.0,0,0.0
72,S1,M2,forwarder,37,10.432,8.0,0.0,0.0,0,0,8.0,1.0,0.0,0,0.0
73,S1,M1,harvester,37,13.112,8.0,0.0,0.0,0,0,8.0,1.0,0.0,0,0.0
73,S1,M2,forwarder,37,10.432,8.0,0.0,0.0,0,0,8.0,1.0,0.0,0,0.0
74,S1,M1,harvester,37,13.112,8.0,0.0,0.0,0,0,8.0,1.0,0.0,0,0.0
75,S1,M2,forwarder,37,7.250357776325822,8.0,0.0,0.0,0,0,8.0,1.0,0.0,0,0.0
77,S1,M1,harvester,37,5.6544266750324335,3.4499247559685378,4.550075244031462,0.0,0,0,8.0,0.4312405944960672,4.550075244031462,1,0.0
77,S1,M2,forwarder,37,10.432,8.0,0.0,0.0,0,0,8.0,1.0,0.0,0,0.0
78,S1,M1,harvester,37,13.112,8.0,0.0,0.0,0,0,8.0,1.0,0.0,0,0.0
78,S1,M2,forwarder,37,10.432,8.0,0.0,0.0,0,0,8.0,1.0,0.0,0,0.0
79,S1,M1,harvester,37,13.112,8.0,0.0,0.0,0,0,8.0,1.0,0.0,0,0.0
79,S1,M2,forwarder,37,10.432,8.0,0.0,0.0,0,0,8.0,1.0,0.0,0,0.0
80,S1,M1,harvester,37,13.112,8.0,0.0,0.0,0,0,8.0,1.0,0.0,0,0.0
80,S1,M2,forwarder,37,10.432,8.0,0.0,0.0,0,0,8.0,1.0,0.0,0,0.0
81,S1,M1,harvester,37,5.1706034357724855,3.1547305892449575,4.8452694107550425,0.0,0,0,8.0,0.3943413236556197,4.8452694107550425,1,0.0
81,S1,M2,forwarder,37,10.432,8.0,0.0,0.0,0,0,8.0,1.0,0.0,0,0.0
82,S1,M1,harvester,37,13.112,8.0,0.0,0.0,0,0,8.0,1.0,0.0,0,0.0
83,S1,M1,harvester,37,13.112,8.0,0.0,0.0,0,0,8.0,1.0,0.0,0,0.0
83,S1,M2,forwarder,37,10.432,8.0,0.0,0.0,0,0,8.0,1.0,0.0,0,0.0
84,S1,M1,harvester,37,13.112,8.0,0.0,0.0,0,0,8.0,1.0,0.0,0,0.0
84,S1,M2,forwarder,37,10.432,8.0,0.0,0.0,0,0,8.0,1.0,0.0,0,0.0
85,S1,M1,harvester,37,13.112,8.0,0.0,0.0,0,0,8.0,1.0,0.0,0,0.0
85,S1,M2,forwarder,37,10.432,8.0,0.0,0.0,0,0,8.0,1.0,0.0,0,0.0
86,S1,M1,harvester,37,13.112,8.0,0.0,0.0,0,0,8.0,1.0,0.0,0,0.0
86,S1,M2,forwarder,37,10.432,8.0,0.0,0.0,0,0,8.0,1.0,0.0,0,0.0
87,S1,M1,harvester,37,13.112,8.0,0.0,0.0,0,0,8.0,1.0,0.0,0,0.0
87,S1,M2,forwarder,37,10.432,8.0,0.0,0.0,0,0,8.0,1.0,0.0,0,0.0
88,S1,M1,harvester,37,13.112,8.0,0.0,0.0,0,0,8.0,1.0,0.0,0,0.0
88,S1,M2,forwarder,37,10.432,8.0,0.0,0.0,0,0,8.0,1.0,0.0,0,0.0
89,S1,M1,harvester,37,8.60002816634631,8.0,0.0,0.0,0,0,8.0,1.0,0.0,0,0.0
89,S1,M2,forwarder,37,6.8422432757264104,8.0,0.0,0.0,0,0,8.0,1.0,0.0,0,0.0
90,S1,M1,harvester,37,13.112,8.0,0.0,0.0,0,0,8.0,1.0,0.0,0,0.0
91,S1,M1,harvester,37,13.112,8.0,0.0,0.0,0,0,8.0,1.0,0.0,0,0.0
91,S1,M2,forwarder,37,10.432,8.0,0.0,0.0,0,0,8.0,1.0,0.0,0,0.0
92,S1,M1,harvester,37,13.112,8.0,0.0,0.0,0,0,8.0,1.0,0.0,0,0.0
93,S1,M2,forwarder,37,10.432,8.0,0.0,0.0,0,0,8.0,1.0,0.0,0,0.0
94,S1,M1,harvester,37,13.112,8.0,0.0,0.0,0,0,8.0,1.0,0.0,0,0.0
94,S1,M2,forwarder,37,10.432,8.0,0.0,0.0,0,0,8.0,1.0,0.0,0,0.0
95,S1,M1,harvester,37,13.112,8.0,0.0,0.0,0,0,8.0,1.0,0.0,0,0.0
95,S1,M2,forwarder,37,10.432,8.0,0.0,0.0,0,0,8.0,1.0,0.0,0,0.0
96,S1,M1,harvester,37,9.1784,8.0,0.0,0.0,0,0,8.0,1.0,0.0,0,0.3
96,S1,M2,forwarder,37,7.3024,8.0,0.0,0.0,0,0,8.0,1.0,0.0,0,0.3
97,S1,M1,harvester,37,13.112,8.0,0.0,0.0,0,0,8.0,1.0,0.0,0,0.0
97,S1,M2,forwarder,37,10.432,8.0,0.0,0.0,0,0,8.0,1.0,0.0,0,0.0
98,S1,M1,harvester,37,13.112,8.0,0.0,0.0,0,0,8.0,1.0,0.0,0,0.0
98,S1,M2,forwarder,37,10.432,8.0,0.0,0.0,0,0,8.0,1.0,0.0,0,0.0
99,S1,M1,harvester,37,13.112,8.0,0.0,0.0,0,0,8.0,1.0,0.0,0,0.0
99,S1,M2,forwarder,37,10.432,8.0,0.0,0.0,0,0,8.0,1.0,0.0,0,0.0
101,S1,M1,harvester,37,8.299,8.0,0.0,0.0,0,0,8.0,1.0,0.0,0,0.0
101,S1,M2,forwarder,37,8.299,8.0,0.0,0.0,0,0,8.0,1.0,0.0,0,0.0
102,S1,M1,harvester,37,8.299,8.0,0.0,0.0,0,0,8.0,1.0,0.0,0,0.0
103,S1,M1,harvester,37,8.299,8.0,0.0,0.0,0,0,8.0,1.0,0.0,0,0.0
103,S1,M2,forwarder,37,8.299,8.0,0.0,0.0,0,0,8.0,1.0,0.0,0,0.0
104,S1,M1,harvester,37,8.299,8.0,0.0,0.0,0,0,8.0,1.0,0.0,0,0.0
104,S1,M2,forwarder,37,8.299,8.0,0.0,0.0,0,0,8.0,1.0,0.0,0,0.0
105,S1,M1,harvester,37,8.299,8.0,0.0,0.0,0,0,8.0,1.0,0.0,0,0.0
105,S1,M2,forwarder,37,8.299,8.0,0.0,0.0,0,0,8.0,1.0,0.0,0,0.0
106,S1,M1,harvester,37,8.299,8.0,0.0,0.0,0,0,8.0,1.0,0.0,0,0.0
106,S1,M2,forwarder,37,8.299,8.0,0.0,0.0,0,0,8.0,1.0,0.0,0,0.0
12,S1,M2,forwarder,38,8.319,8.0,0.0,0.0,0,0,8.0,1.0,0.0,0,0.0
37,S1,M1,harvester,38,13.112,8.0,0.0,0.0,0,0,8.0,1.0,0.0,0,0.0
37,S1,M2,forwarder,38,10.432,8.0,0.0,0.0,0,0,8.0,1.0,0.0,0,0.0
38,S1,M1,harvester,38,13.112,8.0,0.0,0.0,0,0,8.0,1.0,0.0,0,0.0
38,S1,M2,forwarder,38,10.432,8.0,0.0,0.0,0,0,8.0,1.0,0.0,0,0.0
39,S1,M1,harvester,38,13.112,8.0,0.0,0.0,0,0,8.0,1.0,0.0,0,0.0
39,S1,M2,forwarder,38,10.432,8.0,0.0,0.0,0,0,8.0,1.0,0.0,0,0.0
40,S1,M1,harvester,38,13.112,8.0,0.0,0.0,0,0,8.0,1.0,0.0,0,0.0
40,S1,M2,forwarder,38,10.432,8.0,0.0,0.0,0,0,8.0,1.0,0.0,0,0.0
41,S1,M1,harvester,38,13.112,8.0,0.0,0.0,0,0,8.0,1.0,0.0,0,0.0
41,S1,M2,forwarder,38,10.432,8.0,0.0,0.0,0,0,8.0,1.0,0.0,0,0.0
42,S1,M1,harvester,38,7.058235806255026,8.0,0.0,0.0,0,0,8.0,1.0,0.0,0,0.3
42,S1,M2,forwarder,38,5.615582362023523,8.0,0.0,0.0,0,0,8.0,1.0,0.0,0,0.3
43,S1,M1,harvester,38,13.112,8.0,0.0,0.0,0,0,8.0,1.0,0.0,0,0.0
43,S1,M2,forwarder,38,10.432,8.0,0.0,0.0,0,0,8.0,1.0,0.0,0,0.0
44,S1,M2,forwarder,38,10.432,8.0,0.0,0.0,0,0,8.0,1.0,0.0,0,0.0
45,S1,M1,harvester,38,13.112,8.0,0.0,0.0,0,0,8.0,1.0,0.0,0,0.0
45,S1,M2,forwarder,38,6.849961157718479,5.25303769763687,2.74696230236313,0.0,0,0,8.0,0.6566297122046088,2.74696230236313,1,0.0
46,S1,M1,harvester,38,9.1784,8.0,0.0,0.0,0,0,8.0,1.0,0.0,0,0.3
46,S1,M2,forwarder,38,7.3024,8.0,0.0,0.0,0,0,8.0,1.0,0.0,0,0.3
47,S1,M1,harvester,38,13.112,8.0,0.0,0.0,0,0,8.0,1.0,0.0,0,0.0
47,S1,M2,forwarder,38,10.432,8.0,0.0,0.0,0,0,8.0,1.0,0.0,0,0.0
48,S1,M1,harvester,38,13.112,8.0,0.0,0.0,0,0,8.0,1.0,0.0,0,0.0
48,S1,M2,forwarder,38,10.432,8.0,0.0,0.0,0,0,8.0,1.0,0.0,0,0.0
49,S1,M1,harvester,38,13.112,8.0,0.0,0.0,0,0,8.0,1.0,0.0,0,0.0
49,S1,M2,forwarder,38,10.432,8.0,0.0,0.0,0,0,8.0,1.0,0.0,0,0.0
50,S1,M1,harvester,38,8.202100844113348,8.0,0.0,0.0,0,0,8.0,1.0,0.0,0,0.0
50,S1,M2,forwarder,38,6.525649481832707,8.0,0.0,0.0,0,0,8.0,1.0,0.0,0,0.0
51,S1,M1,harvester,38,13.112,8.0,0.0,0.0,0,0,8.0,1.0,0.0,0,0.0
51,S1,M2,forwarder,38,10.432,8.0,0.0,0.0,0,0,8.0,1.0,0.0,0,0.0
52,S1,M1,harvester,38,10.154709014758113,8.0,0.0,0.0,0,0,8.0,1.0,0.0,0,0.0
52,S1,M2,forwarder,38,8.079158361955205,8.0,0.0,0.0,0,0,8.0,1.0,0.0,0,0.0
53,S1,M1,harvester,38,13.112,8.0,0.0,0.0,0,0,8.0,1.0,0.0,0,0.0
54,S1,M1,harvester,38,13.112,8.0,0.0,0.0,0,0,8.0,1.0,0.0,0,0.0
54,S1,M2,forwarder,38,10.432,8.0,0.0,0.0,0,0,8.0,1.0,0.0,0,0.0
55,S1,M1,harvester,38,13.112,8.0,0.0,0.0,0,0,8.0,1.0,0.0,0,0.0
55,S1,M2,forwarder,38,10.432,8.0,0.0,0.0,0,0,8.0,1.0,0.0,0,0.0
56,S1,M1,harvester,38,13.112,8.0,0.0,0.0,0,0,8.0,1.0,0.0,0,0.0
56,S1,M2,forwarder,38,10.432,8.0,0.0,0.0,0,0,8.0,1.0,0.0,0,0.0
57,S1,M1,harvester,38,6.9636,8.0,0.0,0.0,0,0,8.0,1.0,0.0,0,0.3
57,S1,M2,forwarder,38,6.9636,8.0,0.0,0.0,0,0,8.0,1.0,0.0,0,0.3
58,S1,M1,harvester,38,6.9636,8.0,0.0,0.0,0,0,8.0,1.0,0.0,0,0.3
58,S1,M2,forwarder,38,6.9636,8.0,0.0,0.0,0,0,8.0,1.0,0.0,0,0.3
59,S1,M1,harvester,38,9.948,8.0,0.0,0.0,0,0,8.0,1.0,0.0,0,0.0
60,S1,M2,forwarder,38,9.948,8.0,0.0,0.0,0,0,8.0,1.0,0.0,0,0.0
61,S1,M1,harvester,38,9.948,8.0,0.0,0.0,0,0,8.0,1.0,0.0,0,0.0
61,S1,M2,forwarder,38,9.948,8.0,0.0,0.0,0,0,8.0,1.0,0.0,0,0.0
62,S1,M1,harvester,38,13.112,8.0,0.0,0.0,0,0,8.0,1.0,0.0,0,0.0
62,S1,M2,forwarder,38,10.432,8.0,0.0,0.0,0,0,8.0,1.0,0.0,0,0.0
63,S1,M1,harvester,38,13.112,8.0,0.0,0.0,0,0,8.0,1.0,0.0,0,0.0
64,S1,M1,harvester,38,13.112,8.0,0.0,0.0,0,0,8.0,1.0,0.0,0,0.0
64,S1,M2,forwarder,38,10.432,8.0,0.0,0.0,0,0,8.0,1.0,0.0,0,0.0
65,S1,M1,harvester,38,13.112,8.0,0.0,0.0,0,0,8.0,1.0,0.0,0,0.0
66,S1,M1,harvester,38,13.112,8.0,0.0,0.0,0,0,8.0,1.0,0.0,0,0.0
67,S1,M1,harvester,38,13.112,8.0,0.0,0.0,0,0,8.0,1.0,0.0,0,0.0
67,S1,M2,forwarder,38,10.432,8.0,0.0,0.0,0,0,8.0,1.0,0.0,0,0.0
68,S1,M1,harvester,38,13.112,8.0,0.0,0.0,0,0,8.0,1.0,0.0,0,0.0
68,S1,M2,forwarder,38,10.432,8.0,0.0,0.0,0,0,8.0,1.0,0.0,0,0.0
69,S1,M1,harvester,38,13.112,8.0,0.0,0.0,0,0,8.0,1.0,0.0,0,0.0
69,S1,M2,forwarder,38,10.432,8.0,0.0,0.0,0,0,8.0,1.0,0.0,0,0.0
70,S1,M1,harvester,38,13.112,8.0,0.0,0.0,0,0,8.0,1.0,0.0,0,0.0
70,S1,M2,forwarder,38,10.432,8.0,0.0,0.0,0,0,8.0,1.0,0.0,0,0.0
71,S1,M2,forwarder,38,10.432,8.0,0.0,0.0,0,0,8.0,1.0,0.0,0,0.0
72,S1,M1,harvester,38,13.112,8.0,0.0,0.0,0,0,8.0,1.0,0.0,0,0.0
72,S1,M2,forwarder,38,10.432,8.0,0.0,0.0,0,0,8.0,1.0,0.0,0,0.0
73,S1,M1,harvester,38,13.112,8.0,0.0,0.0,0,0,8.0,1.0,0.0,0,0.0
73,S1,M2,forwarder,38,10.432,8.0,0.0,0.0,0,0,8.0,1.0,0.0,0,0.0
74,S1,M1,harvester,38,13.112,8.0,0.0,0.0,0,0,8.0,1.0,0.0,0,0.0
75,S1,M2,forwarder,38,7.3024,8.0,0.0,0.0,0,0,8.0,1.0,0.0,0,0.3
77,S1,M1,harvester,38,13.112,8.0,0.0,0.0,0,0,8.0,1.0,0.0,0,0.0
77,S1,M2,forwarder,38,10.432,8.0,0.0,0.0,0,0,8.0,1.0,0.0,0,0.0
78,S1,M1,harvester,38,7.081139950974547,8.0,0.0,0.0,0,0,8.0,1.0,0.0,0,0.0
78,S1,M2,forwarder,38,5.633805061666144,8.0,0.0,0.0,0,0,8.0,1.0,0.0,0,0.0
79,S1,M1,harvester,38,13.112,8.0,0.0,0.0,0,0,8.0,1.0,0.0,0,0.0
79,S1,M2,forwarder,38,10.432,8.0,0.0,0.0,0,0,8.0,1.0,0.0,0,0.0
80,S1,M1,harvester,38,13.112,8.0,0.0,0.0,0,0,8.0,1.0,0.0,0,0.0
80,S1,M2,forwarder,38,10.432,8.0,0.0,0.0,0,0,8.0,1.0,0.0,0,0.0
81,S1,M1,harvester,38,9.1784,8.0,0.0,0.0,0,0,8.0,1.0,0.0,0,0.3
81,S1,M2,forwarder,38,7.3024,8.0,0.0,0.0,0,0,8.0,1.0,0.0,0,0.3
82,S1,M1,harvester,38,6.160768091605577,3.7588578960375703,4.24114210396243,0.0,0,0,8.0,0.4698572370046963,4.24114210396243,1,0.0
83,S1,M1,harvester,38,13.112,8.0,0.0,0.0,0,0,8.0,1.0,0.0,0,0.0
83,S1,M2,forwarder,38,10.432,8.0,0.0,0.0,0,0,8.0,1.0,0.0,0,0.0
84,S1,M1,harvester,38,13.112,8.0,0.0,0.0,0,0,8.0,1.0,0.0,0,0.0
84,S1,M2,forwarder,38,10.432,8.0,0.0,0.0,0,0,8.0,1.0,0.0,0,0.0
85,S1,M1,harvester,38,13.112,8.0,0.0,0.0,0,0,8.0,1.0,0.0,0,0.0
85,S1,M2,forwarder,38,10.432,8.0,0.0,0.0,0,0,8.0,1.0,0.0,0,0.0
86,S1,M1,harvester,38,13.112,8.0,0.0,0.0,0,0,8.0,1.0,0.0,0,0.0
86,S1,M2,forwarder,38,10.432,8.0,0.0,0.0,0,0,8.0,1.0,0.0,0,0.0
87,S1,M1,harvester,38,4.396517081772171,2.682438732014747,5.317561267985253,0.0,0,0,8.0,0.33530484150184336,5.317561267985253,1,0.0
87,S1,M2,forwarder,38,10.432,8.0,0.0,0.0,0,0,8.0,1.0,0.0,0,0.0
88,S1,M1,harvester,38,13.112,8.0,0.0,0.0,0,0,8.0,1.0,0.0,0,0.0
88,S1,M2,forwarder,38,10.432,8.0,0.0,0.0,0,0,8.0,1.0,0.0,0,0.0
89,S1,M1,harvester,38,13.112,8.0,0.0,0.0,0,0,8.0,1.0,0.0,0,0.0
89,S1,M2,forwarder,38,10.432,8.0,0.0,0.0,0,0,8.0,1.0,0.0,0,0.0
90,S1,M1,harvester,38,13.112,8.0,0.0,0.0,0,0,8.0,1.0,0.0,0,0.0
91,S1,M1,harvester,38,13.112,8.0,0.0,0.0,0,0,8.0,1.0,0.0,0,0.0
91,S1,M2,forwarder,38,10.432,8.0,0.0,0.0,0,0,8.0,1.0,0.0,0,0.0
92,S1,M1,harvester,38,9.1784,8.0,0.0,0.0,0,0,8.0,1.0,0.0,0,0.3
93,S1,M2,forwarder,38,10.432,8.0,0.0,0.0,0,0,8.0,1.0,0.0,0,0.0
94,S1,M1,harvester,38,13.112,8.0,0.0,0.0,0,0,8.0,1.0,0.0,0,0.0
94,S1,M2,forwarder,38,10.432,8.0,0.0,0.0,0,0,8.0,1.0,0.0,0,0.0
95,S1,M1,harvester,38,13.112,8.0,0.0,0.0,0,0,8.0,1.0,0.0,0,0.0
95,S1,M2,forwarder,38,10.432,8.0,0.0,0.0,0,0,8.0,1.0,0.0,0,0.0
96,S1,M1,harvester,38,13.112,8.0,0.0,0.0,0,0,8.0,1.0,0.0,0,0.0
96,S1,M2,forwarder,38,10.432,8.0,0.0,0.0,0,0,8.0,1.0,0.0,0,0.0
97,S1,M1,harvester,38,13.112,8.0,0.0,0.0,0,0,8.0,1.0,0.0,0,0.0
97,S1,M2,forwarder,38,10.432,8.0,0.0,0.0,0,0,8.0,1.0,0.0,0,0.0
98,S1,M1,harvester,38,13.112,8.0,0.0,0.0,0,0,8.0,1.0,0.0,0,0.0
98,S1,M2,forwarder,38,10.432,8.0,0.0,0.0,0,0,8.0,1.0,0.0,0,0.0
99,S1,M1,harvester,38,6.860330260652299,4.1856804518928,3.8143195481072,0.0,0,0,8.0,0.5232100564866,3.8143195481071994,1,0.0
99,S1,M2,forwarder,38,10.432,8.0,0.0,0.0,0,0,8.0,1.0,0.0,0,0.0
101,S1,M1,harvester,38,8.299,8.0,0.0,0.0,0,0,8.0,1.0,0.0,0,0.0
101,S1,M2,forwarder,38,8.299,8.0,0.0,0.0,0,0,8.0,1.0,0.0,0,0.0
102,S1,M1,harvester,38,8.299,8.0,0.0,0.0,0,0,8.0,1.0,0.0,0,0.0
103,S1,M1,harvester,38,8.299,8.0,0.0,0.0,0,0,8.0,1.0,0.0,0,0.0
103,S1,M2,forwarder,38,8.299,8.0,0.0,0.0,0,0,8.0,1.0,0.0,0,0.0
104,S1,M1,harvester,38,8.299,8.0,0.0,0.0,0,0,8.0,1.0,0.0,0,0.0
104,S1,M2,forwarder,38,8.299,8.0,0.0,0.0,0,0,8.0,1.0,0.0,0,0.0
105,S1,M1,harvester,38,8.299,8.0,0.0,0.0,0,0,8.0,1.0,0.0,0,0.0
105,S1,M2,forwarder,38,8.299,8.0,0.0,0.0,0,0,8.0,1.0,0.0,0,0.0
106,S1,M1,harvester,38,8.299,8.0,0.0,0.0,0,0,8.0,1.0,0.0,0,0.0
106,S1,M2,forwarder,38,5.078675250881756,4.89569851874371,3.1043014812562904,0.0,0,0,8.0,0.6119623148429637,3.1043014812562904,1,0.0
12,S1,M2,forwarder,39,8.319,8.0,0.0,0.0,0,0,8.0,1.0,0.0,0,0.0
37,S1,M1,harvester,39,13.112,8.0,0.0,0.0,0,0,8.0,1.0,0.0,0,0.0
37,S1,M2,forwarder,39,10.432,8.0,0.0,0.0,0,0,8.0,1.0,0.0,0,0.0
38,S1,M1,harvester,39,13.112,8.0,0.0,0.0,0,0,8.0,1.0,0.0,0,0.0
38,S1,M2,forwarder,39,3.461996985549634,2.6549056637650565,5.3450943362349435,0.0,0,0,8.0,0.33186320797063207,5.3450943362349435,1,0.0
39,S1,M1,harvester,39,13.112,8.0,0.0,0.0,0,0,8.0,1.0,0.0,0,0.0
39,S1,M2,forwarder,39,10.432,8.0,0.0,0.0,0,0,8.0,1.0,0.0,0,0.0
40,S1,M1,harvester,39,13.112,8.0,0.0,0.0,0,0,8.0,1.0,0.0,0,0.0
40,S1,M2,forwarder,39,10.432,8.0,0.0,0.0,0,0,8.0,1.0,0.0,0,0.0
41,S1,M1,harvester,39,13.112,8.0,0.0,0.0,0,0,8.0,1.0,0.0,0,0.0
41,S1,M2,forwarder,39,10.432,8.0,0.0,0.0,0,0,8.0,1.0,0.0,0,0.0
42,S1,M1,harvester,39,13.112,8.0,0.0,0.0,0,0,8.0,1.0,0.0,0,0.0
42,S1,M2,forwarder,39,10.432,8.0,0.0,0.0,0,0,8.0,1.0,0.0,0,0.0
43,S1,M1,harvester,39,8.178973087720177,7.128887900043736,0.8711120999562638,0.0,0,0,8.0,0.891110987505467,0.8711120999562638,1,0.3
43,S1,M2,forwarder,39,7.3024,8.0,0.0,0.0,0,0,8.0,1.0,0.0,0,0.3
44,S1,M2,forwarder,39,10.432,8.0,0.0,0.0,0,0,8.0,1.0,0.0,0,0.0
45,S1,M1,harvester,39,13.112,8.0,0.0,0.0,0,0,8.0,1.0,0.0,0,0.0
45,S1,M2,forwarder,39,10.432,8.0,0.0,0.0,0,0,8.0,1.0,0.0,0,0.0
46,S1,M1,harvester,39,4.685709644725576,2.858883248764842,5.141116751235158,0.0,0,0,8.0,0.35736040609560527,5.141116751235158,1,0.0
46,S1,M2,forwarder,39,10.432,8.0,0.0,0.0,0,0,8.0,1.0,0.0,0,0.0
47,S1,M1,harvester,39,9.281779658357324,8.0,0.0,0.0,0,0,8.0,1.0,0.0,0,0.0
47,S1,M2,forwarder,39,7.384649587857201,8.0,0.0,0.0,0,0,8.0,1.0,0.0,0,0.0
48,S1,M1,harvester,39,13.112,8.0,0.0,0.0,0,0,8.0,1.0,0.0,0,0.0
48,S1,M2,forwarder,39,10.432,8.0,0.0,0.0,0,0,8.0,1.0,0.0,0,0.0
49,S1,M1,harvester,39,13.112,8.0,0.0,0.0,0,0,8.0,1.0,0.0,0,0.0
49,S1,M2,forwarder,39,10.432,8.0,0.0,0.0,0,0,8.0,1.0,0.0,0,0.0
50,S1,M1,harvester,39,8.170392903823952,8.0,0.0,0.0,0,0,8.0,1.0,0.0,0,0.0
50,S1,M2,forwarder,39,6.500422420125951,8.0,0.0,0.0,0,0,8.0,1.0,0.0,0,0.0
51,S1,M1,harvester,39,9.1784,8.0,0.0,0.0,0,0,8.0,1.0,0.0,0,0.3
51,S1,M2,forwarder,39,7.3024,8.0,0.0,0.0,0,0,8.0,1.0,0.0,0,0.3
52,S1,M1,harvester,39,13.112,8.0,0.0,0.0,0,0,8.0,1.0,0.0,0,0.0
52,S1,M2,forwarder,39,10.432,8.0,0.0,0.0,0,0,8.0,1.0,0.0,0,0.0
53,S1,M1,harvester,39,13.112,8.0,0.0,0.0,0,0,8.0,1.0,0.0,0,0.0
54,S1,M1,harvester,39,13.112,8.0,0.0,0.0,0,0,8.0,1.0,0.0,0,0.0
54,S1,M2,forwarder,39,10.432,8.0,0.0,0.0,0,0,8.0,1.0,0.0,0,0.0
55,S1,M1,harvester,39,13.112,8.0,0.0,0.0,0,0,8.0,1.0,0.0,0,0.0
55,S1,M2,forwarder,39,10.432,8.0,0.0,0.0,0,0,8.0,1.0,0.0,0,0.0
56,S1,M1,harvester,39,13.112,8.0,0.0,0.0,0,0,8.0,1.0,0.0,0,0.0
56,S1,M2,forwarder,39,10.432,8.0,0.0,0.0,0,0,8.0,1.0,0.0,0,0.0
57,S1,M1,harvester,39,9.948,8.0,0.0,0.0,0,0,8.0,1.0,0.0,0,0.0
57,S1,M2,forwarder,39,9.948,8.0,0.0,0.0,0,0,8.0,1.0,0.0,0,0.0
58,S1,M1,harvester,39,9.948,8.0,0.0,0.0,0,0,8.0,1.0,0.0,0,0.0
58,S1,M2,forwarder,39,9.948,8.0,0.0,0.0,0,0,8.0,1.0,0.0,0,0.0
59,S1,M1,harvester,39,9.948,8.0,0.0,0.0,0,0,8.0,1.0,0.0,0,0.0
60,S1,M2,forwarder,39,9.948,8.0,0.0,0.0,0,0,8.0,1.0,0.0,0,0.0
61,S1,M1,harvester,39,9.948,8.0,0.0,0.0,0,0,8.0,1.0,0.0,0,0.0
61,S1,M2,forwarder,39,9.948,8.0,0.0,0.0,0,0,8.0,1.0,0.0,0,0.0
62,S1,M1,harvester,39,7.6847274368495295,4.688668356833148,3.3113316431668522,0.0,0,0,8.0,0.5860835446041435,3.3113316431668522,1,0.0
62,S1,M2,forwarder,39,10.432,8.0,0.0,0.0,0,0,8.0,1.0,0.0,0,0.0
63,S1,M1,harvester,39,13.112,8.0,0.0,0.0,0,0,8.0,1.0,0.0,0,0.0
64,S1,M1,harvester,39,13.112,8.0,0.0,0.0,0,0,8.0,1.0,0.0,0,0.0
64,S1,M2,forwarder,39,10.432,8.0,0.0,0.0,0,0,8.0,1.0,0.0,0,0.0
65,S1,M1,harvester,39,13.112,8.0,0.0,0.0,0,0,8.0,1.0,0.0,0,0.0
66,S1,M1,harvester,39,13.112,8.0,0.0,0.0,0,0,8.0,1.0,0.0,0,0.0
67,S1,M1,harvester,39,13.112,8.0,0.0,0.0,0,0,8.0,1.0,0.0,0,0.0
67,S1,M2,forwarder,39,10.432,8.0,0.0,0.0,0,0,8.0,1.0,0.0,0,0.0
68,S1,M1,harvester,39,13.112,8.0,0.0,0.0,0,0,8.0,1.0,0.0,0,0.0
68,S1,M2,forwarder,39,10.432,8.0,0.0,0.0,0,0,8.0,1.0,0.0,0,0.0
69,S1,M1,harvester,39,13.112,8.0,0.0,0.0,0,0,8.0,1.0,0.0,0,0.0
69,S1,M2,forwarder,39,10.432,8.0,0.0,0.0,0,0,8.0,1.0,0.0,0,0.0
70,S1,M1,harvester,39,13.112,8.0,0.0,0.0,0,0,8.0,1.0,0.0,0,0.0
70,S1,M2,forwarder,39,10.432,8.0,0.0,0.0,0,0,8.0,1.0,0.0,0,0.0
71,S1,M2,forwarder,39,10.432,8.0,0.0,0.0,0,0,8.0,1.0,0.0,0,0.0
72,S1,M1,harvester,39,13.112,8.0,0.0,0.0,0,0,8.0,1.0,0.0,0,0.0
72,S1,M2,forwarder,39,10.432,8.0,0.0,0.0,0,0,8.0,1.0,0.0,0,0.0
73,S1,M1,harvester,39,13.112,8.0,0.0,0.0,0,0,8.0,1.0,0.0,0,0.0
73,S1,M2,forwarder,39,10.432,8.0,0.0,0.0,0,0,8.0,1.0,0.0,0,0.0
74,S1,M1,harvester,39,13.112,8.0,0.0,0.0,0,0,8.0,1.0,0.0,0,0.0
75,S1,M2,forwarder,39,10.432,8.0,0.0,0.0,0,0,8.0,1.0,0.0,0,0.0
77,S1,M1,harvester,39,7.875771670067038,8.0,0.0,0.0,0,0,8.0,1.0,0.0,0,0.0
77,S1,M2,forwarder,39,6.266019681371213,8.0,0.0,0.0,0,0,8.0,1.0,0.0,0,0.0
78,S1,M1,harvester,39,13.112,8.0,0.0,0.0,0,0,8.0,1.0,0.0,0,0.0
78,S1,M2,forwarder,39,10.432,8.0,0.0,0.0,0,0,8.0,1.0,0.0,0,0.0
79,S1,M1,harvester,39,13.112,8.0,0.0,0.0,0,0,8.0,1.0,0.0,0,0.0
79,S1,M2,forwarder,39,10.432,8.0,0.0,0.0,0,0,8.0,1.0,0.0,0,0.0
80,S1,M1,harvester,39,13.112,8.0,0.0,0.0,0,0,8.0,1.0,0.0,0,0.0
80,S1,M2,forwarder,39,10.432,8.0,0.0,0.0,0,0,8.0,1.0,0.0,0,0.0
81,S1,M1,harvester,39,9.1784,8.0,0.0,0.0,0,0,8.0,1.0,0.0,0,0.3
81,S1,M2,forwarder,39,7.3024,8.0,0.0,0.0,0,0,8.0,1.0,0.0,0,0.3
82,S1,M1,harvester,39,13.112,8.0,0.0,0.0,0,0,8.0,1.0,0.0,0,0.0
83,S1,M1,harvester,39,13.112,8.0,0.0,0.0,0,0,8.0,1.0,0.0,0,0.0
83,S1,M2,forwarder,39,5.339689849523385,4.0948541790823505,3.9051458209176495,0.0,0,0,8.0,0.5118567723852938,3.90514582091765,1,0.0
84,S1,M1,harvester,39,13.112,8.0,0.0,0.0,0,0,8.0,1.0,0.0,0,0.0
84,S1,M2,forwarder,39,4.833726087886816,3.7068451594224046,4.293154840577595,0.0,0,0,8.0,0.46335564492780057,4.293154840577595,1,0.0
85,S1,M1,harvester,39,13.112,8.0,0.0,0.0,0,0,8.0,1.0,0.0,0,0.0
85,S1,M2,forwarder,39,10.432,8.0,0.0,0.0,0,0,8.0,1.0,0.0,0,0.0
86,S1,M1,harvester,39,13.112,8.0,0.0,0.0,0,0,8.0,1.0,0.0,0,0.0
86,S1,M2,forwarder,39,10.432,8.0,0.0,0.0,0,0,8.0,1.0,0.0,0,0.0
87,S1,M1,harvester,39,13.112,8.0,0.0,0.0,0,0,8.0,1.0,0.0,0,0.0
87,S1,M2,forwarder,39,10.432,8.0,0.0,0.0,0,0,8.0,1.0,0.0,0,0.0
88,S1,M1,harvester,39,3.4027133817432715,2.076091142003216,5.923908857996784,0.0,0,0,8.0,0.259511392750402,5.923908857996784,1,0.0
88,S1,M2,forwarder,39,10.432,8.0,0.0,0.0,0,0,8.0,1.0,0.0,0,0.0
89,S1,M1,harvester,39,13.112,8.0,0.0,0.0,0,0,8.0,1.0,0.0,0,0.0
89,S1,M2,forwarder,39,10.432,8.0,0.0,0.0,0,0,8.0,1.0,0.0,0,0.0
90,S1,M1,harvester,39,13.112,8.0,0.0,0.0,0,0,8.0,1.0,0.0,0,0.0
91,S1,M1,harvester,39,13.112,8.0,0.0,0.0,0,0,8.0,1.0,0.0,0,0.0
91,S1,M2,forwarder,39,10.432,8.0,0.0,0.0,0,0,8.0,1.0,0.0,0,0.0
92,S1,M1,harvester,39,13.112,8.0,0.0,0.0,0,0,8.0,1.0,0.0,0,0.0
93,S1,M2,forwarder,39,10.432,8.0,0.0,0.0,0,0,8.0,1.0,0.0,0,0.0
94,S1,M1,harvester,39,13.112,8.0,0.0,0.0,0,0,8.0,1.0,0.0,0,0.0
94,S1,M2,forwarder,39,10.432,8.0,0.0,0.0,0,0,8.0,1.0,0.0,0,0.0
95,S1,M1,harvester,39,8.987337302642262,5.483427274339391,2.516572725660609,0.0,0,0,8.0,0.6854284092924239,2.5165727256606094,1,0.0
95,S1,M2,forwarder,39,10.432,8.0,0.0,0.0,0,0,8.0,1.0,0.0,0,0.0
96,S1,M1,harvester,39,13.112,8.0,0.0,0.0,0,0,8.0,1.0,0.0,0,0.0
96,S1,M2,forwarder,39,10.432,8.0,0.0,0.0,0,0,8.0,1.0,0.0,0,0.0
97,S1,M1,harvester,39,13.112,8.0,0.0,0.0,0,0,8.0,1.0,0.0,0,0.0
97,S1,M2,forwarder,39,10.432,8.0,0.0,0.0,0,0,8.0,1.0,0.0,0,0.0
98,S1,M1,harvester,39,13.112,8.0,0.0,0.0,0,0,8.0,1.0,0.0,0,0.0
98,S1,M2,forwarder,39,10.432,8.0,0.0,0.0,0,0,8.0,1.0,0.0,0,0.0
99,S1,M1,harvester,39,13.112,8.0,0.0,0.0,0,0,8.0,1.0,0.0,0,0.0
99,S1,M2,forwarder,39,10.432,8.0,0.0,0.0,0,0,8.0,1.0,0.0,0,0.0
101,S1,M1,harvester,39,8.299,8.0,0.0,0.0,0,0,8.0,1.0,0.0,0,0.0
101,S1,M2,forwarder,39,8.299,8.0,0.0,0.0,0,0,8.0,1.0,0.0,0,0.0
102,S1,M1,harvester,39,8.299,8.0,0.0,0.0,0,0,8.0,1.0,0.0,0,0.0
103,S1,M1,harvester,39,2.3014550445615076,3.7771494725401524,4.222850527459848,0.0,0,0,8.0,0.47214368406751905,4.222850527459848,1,0.0
103,S1,M2,forwarder,39,3.1314608522918053,5.139355528349108,2.8606444716508923,0.0,0,0,8.0,0.6424194410436385,2.8606444716508923,1,0.0
104,S1,M1,harvester,39,8.299,8.0,0.0,0.0,0,0,8.0,1.0,0.0,0,0.0
104,S1,M2,forwarder,39,8.299,8.0,0.0,0.0,0,0,8.0,1.0,0.0,0,0.0
105,S1,M1,harvester,39,8.299,8.0,0.0,0.0,0,0,8.0,1.0,0.0,0,0.0
105,S1,M2,forwarder,39,8.299,8.0,0.0,0.0,0,0,8.0,1.0,0.0,0,0.0
106,S1,M1,harvester,39,6.838323492923719,6.591949384671618,1.4080506153283823,0.0,0,0,8.0,0.8239936730839522,1.4080506153283823,1,0.0
106,S1,M2,forwarder,39,8.299,8.0,0.0,0.0,0,0,8.0,1.0,0.0,0,0.0
12,S1,M2,forwarder,40,8.319,8.0,0.0,0.0,0,0,8.0,1.0,0.0,0,0.0
37,S1,M1,harvester,40,5.675037299375289,3.4624998775932205,4.5375001224067795,0.0,0,0,8.0,0.43281248469915257,4.5375001224067795,1,0.0
37,S1,M2,forwarder,40,10.432,8.0,0.0,0.0,0,0,8.0,1.0,0.0,0,0.0
38,S1,M1,harvester,40,13.112,8.0,0.0,0.0,0,0,8.0,1.0,0.0,0,0.0
38,S1,M2,forwarder,40,10.432,8.0,0.0,0.0,0,0,8.0,1.0,0.0,0,0.0
39,S1,M1,harvester,40,13.112,8.0,0.0,0.0,0,0,8.0,1.0,0.0,0,0.0
39,S1,M2,forwarder,40,10.432,8.0,0.0,0.0,0,0,8.0,1.0,0.0,0,0.0
40,S1,M1,harvester,40,13.112,8.0,0.0,0.0,0,0,8.0,1.0,0.0,0,0.0
40,S1,M2,forwarder,40,10.432,8.0,0.0,0.0,0,0,8.0,1.0,0.0,0,0.0
41,S1,M1,harvester,40,13.112,8.0,0.0,0.0,0,0,8.0,1.0,0.0,0,0.0
41,S1,M2,forwarder,40,10.432,8.0,0.0,0.0,0,0,8.0,1.0,0.0,0,0.0
42,S1,M1,harvester,40,13.112,8.0,0.0,0.0,0,0,8.0,1.0,0.0,0,0.0
42,S1,M2,forwarder,40,10.432,8.0,0.0,0.0,0,0,8.0,1.0,0.0,0,0.0
43,S1,M1,harvester,40,13.112,8.0,0.0,0.0,0,0,8.0,1.0,0.0,0,0.0
43,S1,M2,forwarder,40,10.432,8.0,0.0,0.0,0,0,8.0,1.0,0.0,0,0.0
44,S1,M2,forwarder,40,10.432,8.0,0.0,0.0,0,0,8.0,1.0,0.0,0,0.0
45,S1,M1,harvester,40,13.112,8.0,0.0,0.0,0,0,8.0,1.0,0.0,0,0.0
45,S1,M2,forwarder,40,10.432,8.0,0.0,0.0,0,0,8.0,1.0,0.0,0,0.0
46,S1,M1,harvester,40,9.1784,8.0,0.0,0.0,0,0,8.0,1.0,0.0,0,0.3
46,S1,M2,forwarder,40,7.3024,8.0,0.0,0.0,0,0,8.0,1.0,0.0,0,0.3
47,S1,M1,harvester,40,13.112,8.0,0.0,0.0,0,0,8.0,1.0,0.0,0,0.0
47,S1,M2,forwarder,40,10.432,8.0,0.0,0.0,0,0,8.0,1.0,0.0,0,0.0
48,S1,M1,harvester,40,13.112,8.0,0.0,0.0,0,0,8.0,1.0,0.0,0,0.0
48,S1,M2,forwarder,40,10.432,8.0,0.0,0.0,0,0,8.0,1.0,0.0,0,0.0
49,S1,M1,harvester,40,13.112,8.0,0.0,0.0,0,0,8.0,1.0,0.0,0,0.0
49,S1,M2,forwarder,40,10.432,8.0,0.0,0.0,0,0,8.0,1.0,0.0,0,0.0
50,S1,M1,harvester,40,13.112,8.0,0.0,0.0,0,0,8.0,1.0,0.0,0,0.0
50,S1,M2,forwarder,40,10.432,8.0,0.0,0.0,0,0,8.0,1.0,0.0,0,0.0
51,S1,M1,harvester,40,13.112,8.0,0.0,0.0,0,0,8.0,1.0,0.0,0,0.0
51,S1,M2,forwarder,40,10.432,8.0,0.0,0.0,0,0,8.0,1.0,0.0,0,0.0
52,S1,M1,harvester,40,13.112,8.0,0.0,0.0,0,0,8.0,1.0,0.0,0,0.0
52,S1,M2,forwarder,40,10.432,8.0,0.0,0.0,0,0,8.0,1.0,0.0,0,0.0
53,S1,M1,harvester,40,13.112,8.0,0.0,0.0,0,0,8.0,1.0,0.0,0,0.0
54,S1,M1,harvester,40,9.1784,8.0,0.0,0.0,0,0,8.0,1.0,0.0,0,0.3
54,S1,M2,forwarder,40,7.3024,8.0,0.0,0.0,0,0,8.0,1.0,0.0,0,0.3
55,S1,M1,harvester,40,13.112,8.0,0.0,0.0,0,0,8.0,1.0,0.0,0,0.0
55,S1,M2,forwarder,40,10.432,8.0,0.0,0.0,0,0,8.0,1.0,0.0,0,0.0
56,S1,M1,harvester,40,13.112,8.0,0.0,0.0,0,0,8.0,1.0,0.0,0,0.0
56,S1,M2,forwarder,40,10.432,8.0,0.0,0.0,0,0,8.0,1.0,0.0,0,0.0
57,S1,M1,harvester,40,9.948,8.0,0.0,0.0,0,0,8.0,1.0,0.0,0,0.0
57,S1,M2,forwarder,40,9.948,8.0,0.0,0.0,0,0,8.0,1.0,0.0,0,0.0
58,S1,M1,harvester,40,4.5582130371576675,8.0,0.0,0.0,0,0,8.0,1.0,0.0,0,0.0
58,S1,M2,forwarder,40,4.5582130371576675,8.0,0.0,0.0,0,0,8.0,1.0,0.0,0,0.0
59,S1,M1,harvester,40,9.948,8.0,0.0,0.0,0,0,8.0,1.0,0.0,0,0.0
60,S1,M2,forwarder,40,9.948,8.0,0.0,0.0,0,0,8.0,1.0,0.0,0,0.0
61,S1,M1,harvester,40,9.948,8.0,0.0,0.0,0,0,8.0,1.0,0.0,0,0.0
61,S1,M2,forwarder,40,9.948,8.0,0.0,0.0,0,0,8.0,1.0,0.0,0,0.0
62,S1,M1,harvester,40,13.112,8.0,0.0,0.0,0,0,8.0,1.0,0.0,0,0.0
62,S1,M2,forwarder,40,10.432,8.0,0.0,0.0,0,0,8.0,1.0,0.0,0,0.0
63,S1,M1,harvester,40,13.112,8.0,0.0,0.0,0,0,8.0,1.0,0.0,0,0.0
64,S1,M1,harvester,40,13.112,8.0,0.0,0.0,0,0,8.0,1.0,0.0,0,0.0
64,S1,M2,forwarder,40,10.432,8.0,0.0,0.0,0,0,8.0,1.0,0.0,0,0.0
65,S1,M1,harvester,40,13.112,8.0,0.0,0.0,0,0,8.0,1.0,0.0,0,0.0
66,S1,M1,harvester,40,13.112,8.0,0.0,0.0,0,0,8.0,1.0,0.0,0,0.0
67,S1,M1,harvester,40,13.112,8.0,0.0,0.0,0,0,8.0,1.0,0.0,0,0.0
67,S1,M2,forwarder,40,10.432,8.0,0.0,0.0,0,0,8.0,1.0,0.0,0,0.0
68,S1,M1,harvester,40,9.1784,8.0,0.0,0.0,0,0,8.0,1.0,0.0,0,0.3
68,S1,M2,forwarder,40,7.3024,8.0,0.0,0.0,0,0,8.0,1.0,0.0,0,0.3
69,S1,M1,harvester,40,13.112,8.0,0.0,0.0,0,0,8.0,1.0,0.0,0,0.0
69,S1,M2,forwarder,40,10.432,8.0,0.0,0.0,0,0,8.0,1.0,0.0,0,0.0
70,S1,M1,harvester,40,13.112,8.0,0.0,0.0,0,0,8.0,1.0,0.0,0,0.0
70,S1,M2,forwarder,40,5.600967435754878,4.295220426192391,3.704779573807609,0.0,0,0,8.0,0.5369025532740489,3.704779573807609,1,0.0
71,S1,M2,forwarder,40,10.432,8.0,0.0,0.0,0,0,8.0,1.0,0.0,0,0.0
72,S1,M1,harvester,40,13.112,8.0,0.0,0.0,0,0,8.0,1.0,0.0,0,0.0
72,S1,M2,forwarder,40,10.432,8.0,0.0,0.0,0,0,8.0,1.0,0.0,0,0.0
73,S1,M1,harvester,40,13.112,8.0,0.0,0.0,0,0,8.0,1.0,0.0,0,0.0
73,S1,M2,forwarder,40,10.432,8.0,0.0,0.0,0,0,8.0,1.0,0.0,0,0.0
74,S1,M1,harvester,40,6.097081434830147,3.7200008754302303,4.27999912456977,0.0,0,0,8.0,0.4650001094287788,4.27999912456977,1,0.0
75,S1,M2,forwarder,40,10.432,8.0,0.0,0.0,0,0,8.0,1.0,0.0,0,0.0
77,S1,M1,harvester,40,13.112,8.0,0.0,0.0,0,0,8.0,1.0,0.0,0,0.0
77,S1,M2,forwarder,40,10.432,8.0,0.0,0.0,0,0,8.0,1.0,0.0,0,0.0
78,S1,M1,harvester,40,6.48061822734413,8.0,0.0,0.0,0,0,8.0,1.0,0.0,0,0.3
78,S1,M2,forwarder,40,5.156025728161528,8.0,0.0,0.0,0,0,8.0,1.0,0.0,0,0.3
79,S1,M1,harvester,40,13.112,8.0,0.0,0.0,0,0,8.0,1.0,0.0,0,0.0
79,S1,M2,forwarder,40,10.432,8.0,0.0,0.0,0,0,8.0,1.0,0.0,0,0.0
80,S1,M1,harvester,40,13.112,8.0,0.0,0.0,0,0,8.0,1.0,0.0,0,0.0
80,S1,M2,forwarder,40,10.432,8.0,0.0,0.0,0,0,8.0,1.0,0.0,0,0.0
81,S1,M1,harvester,40,13.112,8.0,0.0,0.0,0,0,8.0,1.0,0.0,0,0.0
81,S1,M2,forwarder,40,5.98062557462507,4.586369305694072,3.413630694305928,0.0,0,0,8.0,0.573296163211759,3.413630694305928,1,0.0
82,S1,M1,harvester,40,13.112,8.0,0.0,0.0,0,0,8.0,1.0,0.0,0,0.0
83,S1,M1,harvester,40,13.112,8.0,0.0,0.0,0,0,8.0,1.0,0.0,0,0.0
83,S1,M2,forwarder,40,10.432,8.0,0.0,0.0,0,0,8.0,1.0,0.0,0,0.0
84,S1,M1,harvester,40,13.112,8.0,0.0,0.0,0,0,8.0,1.0,0.0,0,0.0
84,S1,M2,forwarder,40,10.432,8.0,0.0,0.0,0,0,8.0,1.0,0.0,0,0.0
85,S1,M1,harvester,40,13.112,8.0,0.0,0.0,0,0,8.0,1.0,0.0,0,0.0
85,S1,M2,forwarder,40,10.432,8.0,0.0,0.0,0,0,8.0,1.0,0.0,0,0.0
86,S1,M1,harvester,40,13.112,8.0,0.0,0.0,0,0,8.0,1.0,0.0,0,0.0
86,S1,M2,forwarder,40,10.432,8.0,0.0,0.0,0,0,8.0,1.0,0.0,0,0.0
87,S1,M1,harvester,40,13.112,8.0,0.0,0.0,0,0,8.0,1.0,0.0,0,0.0
87,S1,M2,forwarder,40,10.432,8.0,0.0,0.0,0,0,8.0,1.0,0.0,0,0.0
88,S1,M1,harvester,40,13.112,8.0,0.0,0.0,0,0,8.0,1.0,0.0,0,0.0
88,S1,M2,forwarder,40,6.642250380604409,5.093750291874547,2.9062497081254532,0.0,0,0,8.0,0.6367187864843183,2.9062497081254532,1,0.0
89,S1,M1,harvester,40,13.112,8.0,0.0,0.0,0,0,8.0,1.0,0.0,0,0.0
89,S1,M2,forwarder,40,10.432,8.0,0.0,0.0,0,0,8.0,1.0,0.0,0,0.0
90,S1,M1,harvester,40,9.1784,8.0,0.0,0.0,0,0,8.0,1.0,0.0,0,0.3
91,S1,M1,harvester,40,13.112,8.0,0.0,0.0,0,0,8.0,1.0,0.0,0,0.0
91,S1,M2,forwarder,40,10.432,8.0,0.0,0.0,0,0,8.0,1.0,0.0,0,0.0
92,S1,M1,harvester,40,13.112,8.0,0.0,0.0,0,0,8.0,1.0,0.0,0,0.0
93,S1,M2,forwarder,40,10.432,8.0,0.0,0.0,0,0,8.0,1.0,0.0,0,0.0
94,S1,M1,harvester,40,13.112,8.0,0.0,0.0,0,0,8.0,1.0,0.0,0,0.0
94,S1,M2,forwarder,40,10.432,8.0,0.0,0.0,0,0,8.0,1.0,0.0,0,0.0
95,S1,M1,harvester,40,13.112,8.0,0.0,0.0,0,0,8.0,1.0,0.0,0,0.0
95,S1,M2,forwarder,40,10.432,8.0,0.0,0.0,0,0,8.0,1.0,0.0,0,0.0
96,S1,M1,harvester,40,13.112,8.0,0.0,0.0,0,0,8.0,1.0,0.0,0,0.0
96,S1,M2,forwarder,40,10.432,8.0,0.0,0.0,0,0,8.0,1.0,0.0,0,0.0
97,S1,M1,harvester,40,13.112,8.0,0.0,0.0,0,0,8.0,1.0,0.0,0,0.0
97,S1,M2,forwarder,40,10.432,8.0,0.0,0.0,0,0,8.0,1.0,0.0,0,0.0
98,S1,M1,harvester,40,9.1784,8.0,0.0,0.0,0,0,8.0,1.0,0.0,0,0.3
98,S1,M2,forwarder,40,7.3024,8.0,0.0,0.0,0,0,8.0,1.0,0.0,0,0.3
99,S1,M1,harvester,40,13.112,8.0,0.0,0.0,0,0,8.0,1.0,0.0,0,0.0
99,S1,M2,forwarder,40,10.432,8.0,0.0,0.0,0,0,8.0,1.0,0.0,0,0.0
101,S1,M1,harvester,40,8.299,8.0,0.0,0.0,0,0,8.0,1.0,0.0,0,0.0
101,S1,M2,forwarder,40,8.299,8.0,0.0,0.0,0,0,8.0,1.0,0.0,0,0.0
102,S1,M1,harvester,40,8.299,8.0,0.0,0.0,0,0,8.0,1.0,0.0,0,0.0
103,S1,M1,harvester,40,8.299,8.0,0.0,0.0,0,0,8.0,1.0,0.0,0,0.0
103,S1,M2,forwarder,40,8.299,8.0,0.0,0.0,0,0,8.0,1.0,0.0,0,0.0
104,S1,M1,harvester,40,4.195866742307177,4.044696221045598,3.955303778954402,0.0,0,0,8.0,0.5055870276306997,3.955303778954402,1,0.0
104,S1,M2,forwarder,40,8.299,8.0,0.0,0.0,0,0,8.0,1.0,0.0,0,0.0
105,S1,M1,harvester,40,8.299,8.0,0.0,0.0,0,0,8.0,1.0,0.0,0,0.0
105,S1,M2,forwarder,40,8.299,8.0,0.0,0.0,0,0,8.0,1.0,0.0,0,0.0
106,S1,M1,harvester,40,8.299,8.0,0.0,0.0,0,0,8.0,1.0,0.0,0,0.0
106,S1,M2,forwarder,40,8.299,8.0,0.0,0.0,0,0,8.0,1.0,0.0,0,0.0
12,S1,M2,forwarder,41,5.823300000000001,8.0,0.0,0.0,0,0,8.0,1.0,0.0,0,0.3
37,S1,M1,harvester,41,13.112,8.0,0.0,0.0,0,0,8.0,1.0,0.0,0,0.0
37,S1,M2,forwarder,41,10.432,8.0,0.0,0.0,0,0,8.0,1.0,0.0,0,0.0
38,S1,M1,harvester,41,9.1784,8.0,0.0,0.0,0,0,8.0,1.0,0.0,0,0.3
38,S1,M2,forwarder,41,7.3024,8.0,0.0,0.0,0,0,8.0,1.0,0.0,0,0.3
39,S1,M1,harvester,41,9.1784,8.0,0.0,0.0,0,0,8.0,1.0,0.0,0,0.3
39,S1,M2,forwarder,41,7.3024,8.0,0.0,0.0,0,0,8.0,1.0,0.0,0,0.3
40,S1,M1,harvester,41,9.036676999886321,5.513530811401051,2.4864691885989494,0.0,0,0,8.0,0.6891913514251313,2.48646918859895,1,0.0
40,S1,M2,forwarder,41,10.432,8.0,0.0,0.0,0,0,8.0,1.0,0.0,0,0.0
41,S1,M1,harvester,41,5.813561463429022,8.0,0.0,0.0,0,0,8.0,1.0,0.0,0,0.0
41,S1,M2,forwarder,41,4.62531064570558,8.0,0.0,0.0,0,0,8.0,1.0,0.0,0,0.0
42,S1,M1,harvester,41,7.993401356117342,4.876998997020953,3.1230010029790467,0.0,0,0,8.0,0.6096248746276192,3.1230010029790467,1,0.0
42,S1,M2,forwarder,41,10.432,8.0,0.0,0.0,0,0,8.0,1.0,0.0,0,0.0
43,S1,M1,harvester,41,13.112,8.0,0.0,0.0,0,0,8.0,1.0,0.0,0,0.0
43,S1,M2,forwarder,41,10.432,8.0,0.0,0.0,0,0,8.0,1.0,0.0,0,0.0
44,S1,M2,forwarder,41,10.432,8.0,0.0,0.0,0,0,8.0,1.0,0.0,0,0.0
45,S1,M1,harvester,41,13.112,8.0,0.0,0.0,0,0,8.0,1.0,0.0,0,0.0
45,S1,M2,forwarder,41,10.432,8.0,0.0,0.0,0,0,8.0,1.0,0.0,0,0.0
46,S1,M1,harvester,41,13.112,8.0,0.0,0.0,0,0,8.0,1.0,0.0,0,0.0
46,S1,M2,forwarder,41,10.432,8.0,0.0,0.0,0,0,8.0,1.0,0.0,0,0.0
47,S1,M1,harvester,41,13.112,8.0,0.0,0.0,0,0,8.0,1.0,0.0,0,0.0
47,S1,M2,forwarder,41,10.432,8.0,0.0,0.0,0,0,8.0,1.0,0.0,0,0.0
48,S1,M1,harvester,41,13.112,8.0,0.0,0.0,0,0,8.0,1.0,0.0,0,0.0
48,S1,M2,forwarder,41,10.432,8.0,0.0,0.0,0,0,8.0,1.0,0.0,0,0.0
49,S1,M1,harvester,41,13.112,8.0,0.0,0.0,0,0,8.0,1.0,0.0,0,0.0
49,S1,M2,forwarder,41,10.432,8.0,0.0,0.0,0,0,8.0,1.0,0.0,0,0.0
50,S1,M1,harvester,41,8.307300489638383,8.0,0.0,0.0,0,0,8.0,1.0,0.0,0,0.0
50,S1,M2,forwarder,41,4.019198641389233,4.864866199036594,3.1351338009634064,0.0,0,0,8.0,0.6081082748795742,3.1351338009634064,1,0.0
51,S1,M1,harvester,41,6.952501043993624,8.0,0.0,0.0,0,0,8.0,1.0,0.0,0,0.0
51,S1,M2,forwarder,41,5.531459036832023,8.0,0.0,0.0,0,0,8.0,1.0,0.0,0,0.0
52,S1,M1,harvester,41,13.112,8.0,0.0,0.0,0,0,8.0,1.0,0.0,0,0.0
52,S1,M2,forwarder,41,10.432,8.0,0.0,0.0,0,0,8.0,1.0,0.0,0,0.0
53,S1,M1,harvester,41,13.112,8.0,0.0,0.0,0,0,8.0,1.0,0.0,0,0.0
54,S1,M1,harvester,41,13.112,8.0,0.0,0.0,0,0,8.0,1.0,0.0,0,0.0
54,S1,M2,forwarder,41,10.432,8.0,0.0,0.0,0,0,8.0,1.0,0.0,0,0.0
55,S1,M1,harvester,41,13.112,8.0,0.0,0.0,0,0,8.0,1.0,0.0,0,0.0
55,S1,M2,forwarder,41,10.432,8.0,0.0,0.0,0,0,8.0,1.0,0.0,0,0.0
56,S1,M1,harvester,41,13.112,8.0,0.0,0.0,0,0,8.0,1.0,0.0,0,0.0
56,S1,M2,forwarder,41,10.432,8.0,0.0,0.0,0,0,8.0,1.0,0.0,0,0.0
57,S1,M1,harvester,41,9.948,8.0,0.0,0.0,0,0,8.0,1.0,0.0,0,0.0
57,S1,M2,forwarder,41,9.948,8.0,0.0,0.0,0,0,8.0,1.0,0.0,0,0.0
58,S1,M1,harvester,41,9.948,8.0,0.0,0.0,0,0,8.0,1.0,0.0,0,0.0
58,S1,M2,forwarder,41,9.948,8.0,0.0,0.0,0,0,8.0,1.0,0.0,0,0.0
59,S1,M1,harvester,41,9.948,8.0,0.0,0.0,0,0,8.0,1.0,0.0,0,0.0
60,S1,M2,forwarder,41,9.948,8.0,0.0,0.0,0,0,8.0,1.0,0.0,0,0.0
61,S1,M1,harvester,41,9.948,8.0,0.0,0.0,0,0,8.0,1.0,0.0,0,0.0
61,S1,M2,forwarder,41,9.948,8.0,0.0,0.0,0,0,8.0,1.0,0.0,0,0.0
62,S1,M1,harvester,41,13.112,8.0,0.0,0.0,0,0,8.0,1.0,0.0,0,0.0
62,S1,M2,forwarder,41,10.432,8.0,0.0,0.0,0,0,8.0,1.0,0.0,0,0.0
63,S1,M1,harvester,41,3.2885331604179324,2.0064265774362005,5.9935734225637995,0.0,0,0,8.0,0.25080332217952506,5.9935734225637995,1,0.0
64,S1,M1,harvester,41,2.8629782916093567,2.4954051177628838,5.504594882237116,0.0,0,0,8.0,0.31192563972036047,5.504594882237116,1,0.3
64,S1,M2,forwarder,41,7.3024,8.0,0.0,0.0,0,0,8.0,1.0,0.0,0,0.3
65,S1,M1,harvester,41,13.112,8.0,0.0,0.0,0,0,8.0,1.0,0.0,0,0.0
66,S1,M1,harvester,41,13.112,8.0,0.0,0.0,0,0,8.0,1.0,0.0,0,0.0
67,S1,M1,harvester,41,13.112,8.0,0.0,0.0,0,0,8.0,1.0,0.0,0,0.0
67,S1,M2,forwarder,41,10.432,8.0,0.0,0.0,0,0,8.0,1.0,0.0,0,0.0
68,S1,M1,harvester,41,13.112,8.0,0.0,0.0,0,0,8.0,1.0,0.0,0,0.0
68,S1,M2,forwarder,41,10.432,8.0,0.0,0.0,0,0,8.0,1.0,0.0,0,0.0
69,S1,M1,harvester,41,7.8365050046652955,8.0,0.0,0.0,0,0,8.0,1.0,0.0,0,0.0
69,S1,M2,forwarder,41,6.234778844468301,8.0,0.0,0.0,0,0,8.0,1.0,0.0,0,0.0
70,S1,M1,harvester,41,13.112,8.0,0.0,0.0,0,0,8.0,1.0,0.0,0,0.0
70,S1,M2,forwarder,41,10.432,8.0,0.0,0.0,0,0,8.0,1.0,0.0,0,0.0
71,S1,M2,forwarder,41,10.432,8.0,0.0,0.0,0,0,8.0,1.0,0.0,0,0.0
72,S1,M1,harvester,41,9.1784,8.0,0.0,0.0,0,0,8.0,1.0,0.0,0,0.3
72,S1,M2,forwarder,41,7.3024,8.0,0.0,0.0,0,0,8.0,1.0,0.0,0,0.3
73,S1,M1,harvester,41,9.1784,8.0,0.0,0.0,0,0,8.0,1.0,0.0,0,0.3
73,S1,M2,forwarder,41,7.3024,8.0,0.0,0.0,0,0,8.0,1.0,0.0,0,0.3
74,S1,M1,harvester,41,13.112,8.0,0.0,0.0,0,0,8.0,1.0,0.0,0,0.0
75,S1,M2,forwarder,41,10.432,8.0,0.0,0.0,0,0,8.0,1.0,0.0,0,0.0
77,S1,M1,harvester,41,11.529180259119146,7.034277156265495,0.9657228437345049,0.0,0,0,8.0,0.8792846445331869,0.9657228437345049,1,0.0
77,S1,M2,forwarder,41,10.432,8.0,0.0,0.0,0,0,8.0,1.0,0.0,0,0.0
78,S1,M1,harvester,41,13.112,8.0,0.0,0.0,0,0,8.0,1.0,0.0,0,0.0
78,S1,M2,forwarder,41,10.432,8.0,0.0,0.0,0,0,8.0,1.0,0.0,0,0.0
79,S1,M1,harvester,41,13.112,8.0,0.0,0.0,0,0,8.0,1.0,0.0,0,0.0
79,S1,M2,forwarder,41,10.432,8.0,0.0,0.0,0,0,8.0,1.0,0.0,0,0.0
80,S1,M1,harvester,41,13.112,8.0,0.0,0.0,0,0,8.0,1.0,0.0,0,0.0
80,S1,M2,forwarder,41,10.432,8.0,0.0,0.0,0,0,8.0,1.0,0.0,0,0.0
81,S1,M1,harvester,41,13.112,8.0,0.0,0.0,0,0,8.0,1.0,0.0,0,0.0
81,S1,M2,forwarder,41,10.432,8.0,0.0,0.0,0,0,8.0,1.0,0.0,0,0.0
82,S1,M1,harvester,41,13.112,8.0,0.0,0.0,0,0,8.0,1.0,0.0,0,0.0
83,S1,M1,harvester,41,13.112,8.0,0.0,0.0,0,0,8.0,1.0,0.0,0,0.0
83,S1,M2,forwarder,41,10.432,8.0,0.0,0.0,0,0,8.0,1.0,0.0,0,0.0
84,S1,M1,harvester,41,13.112,8.0,0.0,0.0,0,0,8.0,1.0,0.0,0,0.0
84,S1,M2,forwarder,41,10.432,8.0,0.0,0.0,0,0,8.0,1.0,0.0,0,0.0
85,S1,M1,harvester,41,13.112,8.0,0.0,0.0,0,0,8.0,1.0,0.0,0,0.0
85,S1,M2,forwarder,41,10.432,8.0,0.0,0.0,0,0,8.0,1.0,0.0,0,0.0
86,S1,M1,harvester,41,13.112,8.0,0.0,0.0,0,0,8.0,1.0,0.0,0,0.0
86,S1,M2,forwarder,41,10.432,8.0,0.0,0.0,0,0,8.0,1.0,0.0,0,0.0
87,S1,M1,harvester,41,13.112,8.0,0.0,0.0,0,0,8.0,1.0,0.0,0,0.0
87,S1,M2,forwarder,41,10.432,8.0,0.0,0.0,0,0,8.0,1.0,0.0,0,0.0
88,S1,M1,harvester,41,13.112,8.0,0.0,0.0,0,0,8.0,1.0,0.0,0,0.0
88,S1,M2,forwarder,41,10.432,8.0,0.0,0.0,0,0,8.0,1.0,0.0,0,0.0
89,S1,M1,harvester,41,13.112,8.0,0.0,0.0,0,0,8.0,1.0,0.0,0,0.0
89,S1,M2,forwarder,41,10.432,8.0,0.0,0.0,0,0,8.0,1.0,0.0,0,0.0
90,S1,M1,harvester,41,13.112,8.0,0.0,0.0,0,0,8.0,1.0,0.0,0,0.0
91,S1,M1,harvester,41,13.112,8.0,0.0,0.0,0,0,8.0,1.0,0.0,0,0.0
91,S1,M2,forwarder,41,10.432,8.0,0.0,0.0,0,0,8.0,1.0,0.0,0,0.0
92,S1,M1,harvester,41,13.112,8.0,0.0,0.0,0,0,8.0,1.0,0.0,0,0.0
93,S1,M2,forwarder,41,10.432,8.0,0.0,0.0,0,0,8.0,1.0,0.0,0,0.0
94,S1,M1,harvester,41,13.112,8.0,0.0,0.0,0,0,8.0,1.0,0.0,0,0.0
94,S1,M2,forwarder,41,10.432,8.0,0.0,0.0,0,0,8.0,1.0,0.0,0,0.0
95,S1,M1,harvester,41,13.112,8.0,0.0,0.0,0,0,8.0,1.0,0.0,0,0.0
95,S1,M2,forwarder,41,10.432,8.0,0.0,0.0,0,0,8.0,1.0,0.0,0,0.0
96,S1,M1,harvester,41,13.112,8.0,0.0,0.0,0,0,8.0,1.0,0.0,0,0.0
96,S1,M2,forwarder,41,10.432,8.0,0.0,0.0,0,0,8.0,1.0,0.0,0,0.0
97,S1,M1,harvester,41,13.112,8.0,0.0,0.0,0,0,8.0,1.0,0.0,0,0.0
97,S1,M2,forwarder,41,10.432,8.0,0.0,0.0,0,0,8.0,1.0,0.0,0,0.0
98,S1,M1,harvester,41,7.162285453513036,4.369911808122658,3.630088191877342,0.0,0,0,8.0,0.5462389760153322,3.630088191877342,1,0.0
98,S1,M2,forwarder,41,10.432,8.0,0.0,0.0,0,0,8.0,1.0,0.0,0,0.0
99,S1,M1,harvester,41,13.112,8.0,0.0,0.0,0,0,8.0,1.0,0.0,0,0.0
99,S1,M2,forwarder,41,10.432,8.0,0.0,0.0,0,0,8.0,1.0,0.0,0,0.0
101,S1,M1,harvester,41,4.21639811549694,4.0644878809465625,3.9355121190534375,0.0,0,0,8.0,0.5080609851183203,3.9355121190534375,1,0.0
101,S1,M2,forwarder,41,8.299,8.0,0.0,0.0,0,0,8.0,1.0,0.0,0,0.0
102,S1,M1,harvester,41,8.299,8.0,0.0,0.0,0,0,8.0,1.0,0.0,0,0.0
103,S1,M1,harvester,41,8.299,8.0,0.0,0.0,0,0,8.0,1.0,0.0,0,0.0
103,S1,M2,forwarder,41,8.299,8.0,0.0,0.0,0,0,8.0,1.0,0.0,0,0.0
104,S1,M1,harvester,41,8.299,8.0,0.0,0.0,0,0,8.0,1.0,0.0,0,0.0
104,S1,M2,forwarder,41,8.299,8.0,0.0,0.0,0,0,8.0,1.0,0.0,0,0.0
105,S1,M1,harvester,41,8.299,8.0,0.0,0.0,0,0,8.0,1.0,0.0,0,0.0
105,S1,M2,forwarder,41,8.299,8.0,0.0,0.0,0,0,8.0,1.0,0.0,0,0.0
106,S1,M1,harvester,41,8.299,8.0,0.0,0.0,0,0,8.0,1.0,0.0,0,0.0
106,S1,M2,forwarder,41,8.299,8.0,0.0,0.0,0,0,8.0,1.0,0.0,0,0.0
12,S1,M2,forwarder,42,8.319,8.0,0.0,0.0,0,0,8.0,1.0,0.0,0,0.0
37,S1,M1,harvester,42,13.112,8.0,0.0,0.0,0,0,8.0,1.0,0.0,0,0.0
37,S1,M2,forwarder,42,10.432,8.0,0.0,0.0,0,0,8.0,1.0,0.0,0,0.0
38,S1,M1,harvester,42,13.112,8.0,0.0,0.0,0,0,8.0,1.0,0.0,0,0.0
38,S1,M2,forwarder,42,10.432,8.0,0.0,0.0,0,0,8.0,1.0,0.0,0,0.0
39,S1,M1,harvester,42,13.112,8.0,0.0,0.0,0,0,8.0,1.0,0.0,0,0.0
39,S1,M2,forwarder,42,10.432,8.0,0.0,0.0,0,0,8.0,1.0,0.0,0,0.0
40,S1,M1,harvester,42,13.112,8.0,0.0,0.0,0,0,8.0,1.0,0.0,0,0.0
40,S1,M2,forwarder,42,10.432,8.0,0.0,0.0,0,0,8.0,1.0,0.0,0,0.0
41,S1,M1,harvester,42,8.786428836262138,8.0,0.0,0.0,0,0,8.0,1.0,0.0,0,0.0
41,S1,M2,forwarder,42,6.990544967959626,8.0,0.0,0.0,0,0,8.0,1.0,0.0,0,0.0
42,S1,M1,harvester,42,13.112,8.0,0.0,0.0,0,0,8.0,1.0,0.0,0,0.0
42,S1,M2,forwarder,42,10.432,8.0,0.0,0.0,0,0,8.0,1.0,0.0,0,0.0
43,S1,M1,harvester,42,13.112,8.0,0.0,0.0,0,0,8.0,1.0,0.0,0,0.0
43,S1,M2,forwarder,42,10.432,8.0,0.0,0.0,0,0,8.0,1.0,0.0,0,0.0
44,S1,M2,forwarder,42,10.432,8.0,0.0,0.0,0,0,8.0,1.0,0.0,0,0.0
45,S1,M1,harvester,42,13.112,8.0,0.0,0.0,0,0,8.0,1.0,0.0,0,0.0
45,S1,M2,forwarder,42,10.432,8.0,0.0,0.0,0,0,8.0,1.0,0.0,0,0.0
46,S1,M1,harvester,42,13.112,8.0,0.0,0.0,0,0,8.0,1.0,0.0,0,0.0
46,S1,M2,forwarder,42,10.432,8.0,0.0,0.0,0,0,8.0,1.0,0.0,0,0.0
47,S1,M1,harvester,42,13.112,8.0,0.0,0.0,0,0,8.0,1.0,0.0,0,0.0
47,S1,M2,forwarder,42,10.432,8.0,0.0,0.0,0,0,8.0,1.0,0.0,0,0.0
48,S1,M1,harvester,42,13.112,8.0,0.0,0.0,0,0,8.0,1.0,0.0,0,0.0
48,S1,M2,forwarder,42,10.432,8.0,0.0,0.0,0,0,8.0,1.0,0.0,0,0.0
49,S1,M1,harvester,42,8.408352554981192,8.0,0.0,0.0,0,0,8.0,1.0,0.0,0,0.0
49,S1,M2,forwarder,42,6.6897448027428155,8.0,0.0,0.0,0,0,8.0,1.0,0.0,0,0.0
50,S1,M1,harvester,42,4.67562287359161,2.8527290259863394,5.147270974013661,0.0,0,0,8.0,0.3565911282482924,5.147270974013661,1,0.0
50,S1,M2,forwarder,42,10.432,8.0,0.0,0.0,0,0,8.0,1.0,0.0,0,0.0
51,S1,M1,harvester,42,13.112,8.0,0.0,0.0,0,0,8.0,1.0,0.0,0,0.0
51,S1,M2,forwarder,42,10.432,8.0,0.0,0.0,0,0,8.0,1.0,0.0,0,0.0
52,S1,M1,harvester,42,6.810080523311656,4.155021673771603,3.8449783262283974,0.0,0,0,8.0,0.5193777092214503,3.8449783262283974,1,0.0
52,S1,M2,forwarder,42,10.432,8.0,0.0,0.0,0,0,8.0,1.0,0.0,0,0.0
53,S1,M1,harvester,42,9.1784,8.0,0.0,0.0,0,0,8.0,1.0,0.0,0,0.3
54,S1,M1,harvester,42,13.112,8.0,0.0,0.0,0,0,8.0,1.0,0.0,0,0.0
54,S1,M2,forwarder,42,10.432,8.0,0.0,0.0,0,0,8.0,1.0,0.0,0,0.0
55,S1,M1,harvester,42,13.112,8.0,0.0,0.0,0,0,8.0,1.0,0.0,0,0.0
55,S1,M2,forwarder,42,7.787436979211423,5.971960873628391,2.028039126371609,0.0,0,0,8.0,0.7464951092035489,2.028039126371609,1,0.0
56,S1,M1,harvester,42,13.112,8.0,0.0,0.0,0,0,8.0,1.0,0.0,0,0.0
56,S1,M2,forwarder,42,10.432,8.0,0.0,0.0,0,0,8.0,1.0,0.0,0,0.0
57,S1,M1,harvester,42,9.948,8.0,0.0,0.0,0,0,8.0,1.0,0.0,0,0.0
57,S1,M2,forwarder,42,9.948,8.0,0.0,0.0,0,0,8.0,1.0,0.0,0,0.0
58,S1,M1,harvester,42,9.948,8.0,0.0,0.0,0,0,8.0,1.0,0.0,0,0.0
58,S1,M2,forwarder,42,9.948,8.0,0.0,0.0,0,0,8.0,1.0,0.0,0,0.0
59,S1,M1,harvester,42,6.9636,8.0,0.0,0.0,0,0,8.0,1.0,0.0,0,0.3
60,S1,M2,forwarder,42,3.901602450692887,3.13759746738471,4.86240253261529,0.0,0,0,8.0,0.39219968342308875,4.86240253261529,1,0.0
61,S1,M1,harvester,42,9.948,8.0,0.0,0.0,0,0,8.0,1.0,0.0,0,0.0
61,S1,M2,forwarder,42,9.948,8.0,0.0,0.0,0,0,8.0,1.0,0.0,0,0.0
62,S1,M1,harvester,42,13.112,8.0,0.0,0.0,0,0,8.0,1.0,0.0,0,0.0
62,S1,M2,forwarder,42,10.432,8.0,0.0,0.0,0,0,8.0,1.0,0.0,0,0.0
63,S1,M1,harvester,42,13.112,8.0,0.0,0.0,0,0,8.0,1.0,0.0,0,0.0
64,S1,M1,harvester,42,4.315126141261967,2.632779829934086,5.367220170065914,0.0,0,0,8.0,0.32909747874176076,5.367220170065914,1,0.0
64,S1,M2,forwarder,42,4.9232968298152695,3.775534378692691,4.224465621307309,0.0,0,0,8.0,0.47194179733658637,4.224465621307309,1,0.0
65,S1,M1,harvester,42,13.112,8.0,0.0,0.0,0,0,8.0,1.0,0.0,0,0.0
66,S1,M1,harvester,42,9.1784,8.0,0.0,0.0,0,0,8.0,1.0,0.0,0,0.3
67,S1,M1,harvester,42,13.112,8.0,0.0,0.0,0,0,8.0,1.0,0.0,0,0.0
67,S1,M2,forwarder,42,10.432,8.0,0.0,0.0,0,0,8.0,1.0,0.0,0,0.0
68,S1,M1,harvester,42,9.1784,8.0,0.0,0.0,0,0,8.0,1.0,0.0,0,0.3
68,S1,M2,forwarder,42,7.3024,8.0,0.0,0.0,0,0,8.0,1.0,0.0,0,0.3
69,S1,M1,harvester,42,13.112,8.0,0.0,0.0,0,0,8.0,1.0,0.0,0,0.0
69,S1,M2,forwarder,42,10.432,8.0,0.0,0.0,0,0,8.0,1.0,0.0,0,0.0
70,S1,M1,harvester,42,13.112,8.0,0.0,0.0,0,0,8.0,1.0,0.0,0,0.0
70,S1,M2,forwarder,42,10.432,8.0,0.0,0.0,0,0,8.0,1.0,0.0,0,0.0
71,S1,M2,forwarder,42,7.3024,8.0,0.0,0.0,0,0,8.0,1.0,0.0,0,0.3
72,S1,M1,harvester,42,9.1784,8.0,0.0,0.0,0,0,8.0,1.0,0.0,0,0.3
72,S1,M2,forwarder,42,7.3024,8.0,0.0,0.0,0,0,8.0,1.0,0.0,0,0.3
73,S1,M1,harvester,42,13.112,8.0,0.0,0.0,0,0,8.0,1.0,0.0,0,0.0
73,S1,M2,forwarder,42,10.432,8.0,0.0,0.0,0,0,8.0,1.0,0.0,0,0.0
74,S1,M1,harvester,42,13.112,8.0,0.0,0.0,0,0,8.0,1.0,0.0,0,0.0
75,S1,M2,forwarder,42,10.432,8.0,0.0,0.0,0,0,8.0,1.0,0.0,0,0.0
77,S1,M1,harvester,42,13.112,8.0,0.0,0.0,0,0,8.0,1.0,0.0,0,0.0
77,S1,M2,forwarder,42,10.432,8.0,0.0,0.0,0,0,8.0,1.0,0.0,0,0.0
78,S1,M1,harvester,42,13.112,8.0,0.0,0.0,0,0,8.0,1.0,0.0,0,0.0
78,S1,M2,forwarder,42,10.432,8.0,0.0,0.0,0,0,8.0,1.0,0.0,0,0.0
79,S1,M1,harvester,42,13.112,8.0,0.0,0.0,0,0,8.0,1.0,0.0,0,0.0
79,S1,M2,forwarder,42,10.432,8.0,0.0,0.0,0,0,8.0,1.0,0.0,0,0.0
80,S1,M1,harvester,42,13.112,8.0,0.0,0.0,0,0,8.0,1.0,0.0,0,0.0
80,S1,M2,forwarder,42,10.432,8.0,0.0,0.0,0,0,8.0,1.0,0.0,0,0.0
81,S1,M1,harvester,42,13.112,8.0,0.0,0.0,0,0,8.0,1.0,0.0,0,0.0
81,S1,M2,forwarder,42,10.432,8.0,0.0,0.0,0,0,8.0,1.0,0.0,0,0.0
82,S1,M1,harvester,42,13.112,8.0,0.0,0.0,0,0,8.0,1.0,0.0,0,0.0
83,S1,M1,harvester,42,13.112,8.0,0.0,0.0,0,0,8.0,1.0,0.0,0,0.0
83,S1,M2,forwarder,42,10.432,8.0,0.0,0.0,0,0,8.0,1.0,0.0,0,0.0
84,S1,M1,harvester,42,13.112,8.0,0.0,0.0,0,0,8.0,1.0,0.0,0,0.0
84,S1,M2,forwarder,42,10.432,8.0,0.0,0.0,0,0,8.0,1.0,0.0,0,0.0
85,S1,M1,harvester,42,13.112,8.0,0.0,0.0,0,0,8.0,1.0,0.0,0,0.0
85,S1,M2,forwarder,42,10.432,8.0,0.0,0.0,0,0,8.0,1.0,0.0,0,0.0
86,S1,M1,harvester,42,13.112,8.0,0.0,0.0,0,0,8.0,1.0,0.0,0,0.0
86,S1,M2,forwarder,42,10.432,8.0,0.0,0.0,0,0,8.0,1.0,0.0,0,0.0
87,S1,M1,harvester,42,13.112,8.0,0.0,0.0,0,0,8.0,1.0,0.0,0,0.0
87,S1,M2,forwarder,42,10.432,8.0,0.0,0.0,0,0,8.0,1.0,0.0,0,0.0
88,S1,M1,harvester,42,13.112,8.0,0.0,0.0,0,0,8.0,1.0,0.0,0,0.0
88,S1,M2,forwarder,42,10.432,8.0,0.0,0.0,0,0,8.0,1.0,0.0,0,0.0
89,S1,M1,harvester,42,13.112,8.0,0.0,0.0,0,0,8.0,1.0,0.0,0,0.0
89,S1,M2,forwarder,42,10.432,8.0,0.0,0.0,0,0,8.0,1.0,0.0,0,0.0
90,S1,M1,harvester,42,13.112,8.0,0.0,0.0,0,0,8.0,1.0,0.0,0,0.0
91,S1,M1,harvester,42,13.112,8.0,0.0,0.0,0,0,8.0,1.0,0.0,0,0.0
91,S1,M2,forwarder,42,10.432,8.0,0.0,0.0,0,0,8.0,1.0,0.0,0,0.0
92,S1,M1,harvester,42,5.9399277975611735,3.624117021086744,4.375882978913256,0.0,0,0,8.0,0.453014627635843,4.375882978913256,1,0.0
93,S1,M2,forwarder,42,10.432,8.0,0.0,0.0,0,0,8.0,1.0,0.0,0,0.0
94,S1,M1,harvester,42,13.112,8.0,0.0,0.0,0,0,8.0,1.0,0.0,0,0.0
94,S1,M2,forwarder,42,10.432,8.0,0.0,0.0,0,0,8.0,1.0,0.0,0,0.0
95,S1,M1,harvester,42,13.112,8.0,0.0,0.0,0,0,8.0,1.0,0.0,0,0.0
95,S1,M2,forwarder,42,10.432,8.0,0.0,0.0,0,0,8.0,1.0,0.0,0,0.0
96,S1,M1,harvester,42,13.112,8.0,0.0,0.0,0,0,8.0,1.0,0.0,0,0.0
96,S1,M2,forwarder,42,10.432,8.0,0.0,0.0,0,0,8.0,1.0,0.0,0,0.0
97,S1,M1,harvester,42,13.112,8.0,0.0,0.0,0,0,8.0,1.0,0.0,0,0.0
97,S1,M2,forwarder,42,10.432,8.0,0.0,0.0,0,0,8.0,1.0,0.0,0,0.0
98,S1,M1,harvester,42,13.112,8.0,0.0,0.0,0,0,8.0,1.0,0.0,0,0.0
98,S1,M2,forwarder,42,10.432,8.0,0.0,0.0,0,0,8.0,1.0,0.0,0,0.0
99,S1,M1,harvester,42,13.112,8.0,0.0,0.0,0,0,8.0,1.0,0.0,0,0.0
99,S1,M2,forwarder,42,10.432,8.0,0.0,0.0,0,0,8.0,1.0,0.0,0,0.0
101,S1,M1,harvester,42,2.175244756681467,2.9955344109362123,5.004465589063788,0.0,0,0,8.0,0.37444180136702654,5.004465589063788,1,0.3
101,S1,M2,forwarder,42,5.8092999999999995,8.0,0.0,0.0,0,0,8.0,1.0,0.0,0,0.3
102,S1,M1,harvester,42,8.299,8.0,0.0,0.0,0,0,8.0,1.0,0.0,0,0.0
103,S1,M1,harvester,42,8.299,8.0,0.0,0.0,0,0,8.0,1.0,0.0,0,0.0
103,S1,M2,forwarder,42,8.299,8.0,0.0,0.0,0,0,8.0,1.0,0.0,0,0.0
104,S1,M1,harvester,42,5.8092999999999995,8.0,0.0,0.0,0,0,8.0,1.0,0.0,0,0.3
104,S1,M2,forwarder,42,5.8092999999999995,8.0,0.0,0.0,0,0,8.0,1.0,0.0,0,0.3
105,S1,M1,harvester,42,8.299,8.0,0.0,0.0,0,0,8.0,1.0,0.0,0,0.0
105,S1,M2,forwarder,42,8.299,8.0,0.0,0.0,0,0,8.0,1.0,0.0,0,0.0
106,S1,M1,harvester,42,8.299,8.0,0.0,0.0,0,0,8.0,1.0,0.0,0,0.0
106,S1,M2,forwarder,42,8.299,8.0,0.0,0.0,0,0,8.0,1.0,0.0,0,0.0
12,S1,M2,forwarder,43,8.319,8.0,0.0,0.0,0,0,8.0,1.0,0.0,0,0.0
37,S1,M1,harvester,43,13.112,8.0,0.0,0.0,0,0,8.0,1.0,0.0,0,0.0
37,S1,M2,forwarder,43,10.432,8.0,0.0,0.0,0,0,8.0,1.0,0.0,0,0.0
38,S1,M1,harvester,43,13.112,8.0,0.0,0.0,0,0,8.0,1.0,0.0,0,0.0
38,S1,M2,forwarder,43,10.432,8.0,0.0,0.0,0,0,8.0,1.0,0.0,0,0.0
39,S1,M1,harvester,43,13.112,8.0,0.0,0.0,0,0,8.0,1.0,0.0,0,0.0
39,S1,M2,forwarder,43,10.432,8.0,0.0,0.0,0,0,8.0,1.0,0.0,0,0.0
40,S1,M1,harvester,43,9.1784,8.0,0.0,0.0,0,0,8.0,1.0,0.0,0,0.3
40,S1,M2,forwarder,43,7.3024,8.0,0.0,0.0,0,0,8.0,1.0,0.0,0,0.3
41,S1,M1,harvester,43,13.112,8.0,0.0,0.0,0,0,8.0,1.0,0.0,0,0.0
41,S1,M2,forwarder,43,10.432,8.0,0.0,0.0,0,0,8.0,1.0,0.0,0,0.0
42,S1,M1,harvester,43,13.112,8.0,0.0,0.0,0,0,8.0,1.0,0.0,0,0.0
42,S1,M2,forwarder,43,10.432,8.0,0.0,0.0,0,0,8.0,1.0,0.0,0,0.0
43,S1,M1,harvester,43,9.1784,8.0,0.0,0.0,0,0,8.0,1.0,0.0,0,0.3
43,S1,M2,forwarder,43,7.3024,8.0,0.0,0.0,0,0,8.0,1.0,0.0,0,0.3
44,S1,M2,forwarder,43,5.063916480892508,3.88337153442677,4.11662846557323,0.0,0,0,8.0,0.48542144180334623,4.11662846557323,1,0.0
45,S1,M1,harvester,43,9.1784,8.0,0.0,0.0,0,0,8.0,1.0,0.0,0,0.3
45,S1,M2,forwarder,43,7.3024,8.0,0.0,0.0,0,0,8.0,1.0,0.0,0,0.3
46,S1,M1,harvester,43,6.136461218649229,8.0,0.0,0.0,0,0,8.0,1.0,0.0,0,0.0
46,S1,M2,forwarder,43,4.882211976277361,8.0,0.0,0.0,0,0,8.0,1.0,0.0,0,0.0
47,S1,M1,harvester,43,13.112,8.0,0.0,0.0,0,0,8.0,1.0,0.0,0,0.0
47,S1,M2,forwarder,43,10.432,8.0,0.0,0.0,0,0,8.0,1.0,0.0,0,0.0
48,S1,M1,harvester,43,13.112,8.0,0.0,0.0,0,0,8.0,1.0,0.0,0,0.0
48,S1,M2,forwarder,43,10.432,8.0,0.0,0.0,0,0,8.0,1.0,0.0,0,0.0
49,S1,M1,harvester,43,13.112,8.0,0.0,0.0,0,0,8.0,1.0,0.0,0,0.0
49,S1,M2,forwarder,43,10.432,8.0,0.0,0.0,0,0,8.0,1.0,0.0,0,0.0
50,S1,M1,harvester,43,13.112,8.0,0.0,0.0,0,0,8.0,1.0,0.0,0,0.0
50,S1,M2,forwarder,43,10.432,8.0,0.0,0.0,0,0,8.0,1.0,0.0,0,0.0
51,S1,M1,harvester,43,13.112,8.0,0.0,0.0,0,0,8.0,1.0,0.0,0,0.0
51,S1,M2,forwarder,43,10.432,8.0,0.0,0.0,0,0,8.0,1.0,0.0,0,0.0
52,S1,M1,harvester,43,9.1784,8.0,0.0,0.0,0,0,8.0,1.0,0.0,0,0.3
52,S1,M2,forwarder,43,7.3024,8.0,0.0,0.0,0,0,8.0,1.0,0.0,0,0.3
53,S1,M1,harvester,43,9.1784,8.0,0.0,0.0,0,0,8.0,1.0,0.0,0,0.3
54,S1,M1,harvester,43,9.402331379023204,8.0,0.0,0.0,0,0,8.0,1.0,0.0,0,0.0
54,S1,M2,forwarder,43,7.480561390022122,8.0,0.0,0.0,0,0,8.0,1.0,0.0,0,0.0
55,S1,M1,harvester,43,13.112,8.0,0.0,0.0,0,0,8.0,1.0,0.0,0,0.0
55,S1,M2,forwarder,43,10.432,8.0,0.0,0.0,0,0,8.0,1.0,0.0,0,0.0
56,S1,M1,harvester,43,13.112,8.0,0.0,0.0,0,0,8.0,1.0,0.0,0,0.0
56,S1,M2,forwarder,43,10.432,8.0,0.0,0.0,0,0,8.0,1.0,0.0,0,0.0
57,S1,M1,harvester,43,9.948,8.0,0.0,0.0,0,0,8.0,1.0,0.0,0,0.0
57,S1,M2,forwarder,43,9.948,8.0,0.0,0.0,0,0,8.0,1.0,0.0,0,0.0
58,S1,M1,harvester,43,9.948,8.0,0.0,0.0,0,0,8.0,1.0,0.0,0,0.0
58,S1,M2,forwarder,43,9.948,8.0,0.0,0.0,0,0,8.0,1.0,0.0,0,0.0
59,S1,M1,harvester,43,6.9636,8.0,0.0,0.0,0,0,8.0,1.0,0.0,0,0.3
60,S1,M2,forwarder,43,9.948,8.0,0.0,0.0,0,0,8.0,1.0,0.0,0,0.0
61,S1,M1,harvester,43,9.948,8.0,0.0,0.0,0,0,8.0,1.0,0.0,0,0.0
61,S1,M2,forwarder,43,9.948,8.0,0.0,0.0,0,0,8.0,1.0,0.0,0,0.0
62,S1,M1,harvester,43,13.112,8.0,0.0,0.0,0,0,8.0,1.0,0.0,0,0.0
62,S1,M2,forwarder,43,10.432,8.0,0.0,0.0,0,0,8.0,1.0,0.0,0,0.0
63,S1,M1,harvester,43,13.112,8.0,0.0,0.0,0,0,8.0,1.0,0.0,0,0.0
64,S1,M1,harvester,43,13.112,8.0,0.0,0.0,0,0,8.0,1.0,0.0,0,0.0
64,S1,M2,forwarder,43,10.432,8.0,0.0,0.0,0,0,8.0,1.0,0.0,0,0.0
65,S1,M1,harvester,43,13.112,8.0,0.0,0.0,0,0,8.0,1.0,0.0,0,0.0
66,S1,M1,harvester,43,13.112,8.0,0.0,0.0,0,0,8.0,1.0,0.0,0,0.0
67,S1,M1,harvester,43,13.112,8.0,0.0,0.0,0,0,8.0,1.0,0.0,0,0.0
67,S1,M2,forwarder,43,10.432,8.0,0.0,0.0,0,0,8.0,1.0,0.0,0,0.0
68,S1,M1,harvester,43,8.114700778246636,4.951007186239559,3.0489928137604414,0.0,0,0,8.0,0.6188758982799448,3.0489928137604414,1,0.0
68,S1,M2,forwarder,43,10.432,8.0,0.0,0.0,0,0,8.0,1.0,0.0,0,0.0
69,S1,M1,harvester,43,6.0949153439935495,3.718679282485387,4.281320717514613,0.0,0,0,8.0,0.46483491031067337,4.281320717514613,1,0.0
69,S1,M2,forwarder,43,10.432,8.0,0.0,0.0,0,0,8.0,1.0,0.0,0,0.0
70,S1,M1,harvester,43,13.112,8.0,0.0,0.0,0,0,8.0,1.0,0.0,0,0.0
70,S1,M2,forwarder,43,10.432,8.0,0.0,0.0,0,0,8.0,1.0,0.0,0,0.0
71,S1,M2,forwarder,43,10.432,8.0,0.0,0.0,0,0,8.0,1.0,0.0,0,0.0
72,S1,M1,harvester,43,13.112,8.0,0.0,0.0,0,0,8.0,1.0,0.0,0,0.0
72,S1,M2,forwarder,43,10.432,8.0,0.0,0.0,0,0,8.0,1.0,0.0,0,0.0
73,S1,M1,harvester,43,13.112,8.0,0.0,0.0,0,0,8.0,1.0,0.0,0,0.0
73,S1,M2,forwarder,43,7.630413636371829,5.851544199671648,2.1484558003283523,0.0,0,0,8.0,0.731443024958956,2.1484558003283523,1,0.0
74,S1,M1,harvester,43,13.112,8.0,0.0,0.0,0,0,8.0,1.0,0.0,0,0.0
75,S1,M2,forwarder,43,10.432,8.0,0.0,0.0,0,0,8.0,1.0,0.0,0,0.0
77,S1,M1,harvester,43,13.112,8.0,0.0,0.0,0,0,8.0,1.0,0.0,0,0.0
77,S1,M2,forwarder,43,10.432,8.0,0.0,0.0,0,0,8.0,1.0,0.0,0,0.0
78,S1,M1,harvester,43,13.112,8.0,0.0,0.0,0,0,8.0,1.0,0.0,0,0.0
78,S1,M2,forwarder,43,10.432,8.0,0.0,0.0,0,0,8.0,1.0,0.0,0,0.0
79,S1,M1,harvester,43,13.112,8.0,0.0,0.0,0,0,8.0,1.0,0.0,0,0.0
79,S1,M2,forwarder,43,10.432,8.0,0.0,0.0,0,0,8.0,1.0,0.0,0,0.0
80,S1,M1,harvester,43,10.3508319221809,8.0,0.0,0.0,0,0,8.0,1.0,0.0,0,0.0
80,S1,M2,forwarder,43,3.886510999646241,3.775513207262156,4.224486792737844,0.0,0,0,8.0,0.4719391509077695,4.224486792737844,1,0.0
81,S1,M1,harvester,43,13.112,8.0,0.0,0.0,0,0,8.0,1.0,0.0,0,0.0
81,S1,M2,forwarder,43,10.432,8.0,0.0,0.0,0,0,8.0,1.0,0.0,0,0.0
82,S1,M1,harvester,43,13.112,8.0,0.0,0.0,0,0,8.0,1.0,0.0,0,0.0
83,S1,M1,harvester,43,13.112,8.0,0.0,0.0,0,0,8.0,1.0,0.0,0,0.0
83,S1,M2,forwarder,43,10.432,8.0,0.0,0.0,0,0,8.0,1.0,0.0,0,0.0
84,S1,M1,harvester,43,13.112,8.0,0.0,0.0,0,0,8.0,1.0,0.0,0,0.0
84,S1,M2,forwarder,43,10.432,8.0,0.0,0.0,0,0,8.0,1.0,0.0,0,0.0
85,S1,M1,harvester,43,13.112,8.0,0.0,0.0,0,0,8.0,1.0,0.0,0,0.0
85,S1,M2,forwarder,43,10.432,8.0,0.0,0.0,0,0,8.0,1.0,0.0,0,0.0
86,S1,M1,harvester,43,13.112,8.0,0.0,0.0,0,0,8.0,1.0,0.0,0,0.0
86,S1,M2,forwarder,43,10.432,8.0,0.0,0.0,0,0,8.0,1.0,0.0,0,0.0
87,S1,M1,harvester,43,9.1784,8.0,0.0,0.0,0,0,8.0,1.0,0.0,0,0.3
87,S1,M2,forwarder,43,7.3024,8.0,0.0,0.0,0,0,8.0,1.0,0.0,0,0.3
88,S1,M1,harvester,43,13.112,8.0,0.0,0.0,0,0,8.0,1.0,0.0,0,0.0
88,S1,M2,forwarder,43,10.432,8.0,0.0,0.0,0,0,8.0,1.0,0.0,0,0.0
89,S1,M1,harvester,43,13.112,8.0,0.0,0.0,0,0,8.0,1.0,0.0,0,0.0
89,S1,M2,forwarder,43,10.432,8.0,0.0,0.0,0,0,8.0,1.0,0.0,0,0.0
90,S1,M1,harvester,43,6.369016120599416,8.0,0.0,0.0,0,0,8.0,1.0,0.0,0,0.0
91,S1,M1,harvester,43,13.112,8.0,0.0,0.0,0,0,8.0,1.0,0.0,0,0.0
91,S1,M2,forwarder,43,10.432,8.0,0.0,0.0,0,0,8.0,1.0,0.0,0,0.0
92,S1,M1,harvester,43,13.112,8.0,0.0,0.0,0,0,8.0,1.0,0.0,0,0.0
93,S1,M2,forwarder,43,10.432,8.0,0.0,0.0,0,0,8.0,1.0,0.0,0,0.0
94,S1,M1,harvester,43,13.112,8.0,0.0,0.0,0,0,8.0,1.0,0.0,0,0.0
94,S1,M2,forwarder,43,10.432,8.0,0.0,0.0,0,0,8.0,1.0,0.0,0,0.0
95,S1,M1,harvester,43,13.112,8.0,0.0,0.0,0,0,8.0,1.0,0.0,0,0.0
95,S1,M2,forwarder,43,10.432,8.0,0.0,0.0,0,0,8.0,1.0,0.0,0,0.0
96,S1,M1,harvester,43,8.397571235181099,5.123594408286211,2.876405591713789,0.0,0,0,8.0,0.6404493010357764,2.8764055917137887,1,0.0
96,S1,M2,forwarder,43,4.24275848108044,3.2536491419328524,4.746350858067148,0.0,0,0,8.0,0.40670614274160655,4.746350858067148,1,0.0
97,S1,M1,harvester,43,13.112,8.0,0.0,0.0,0,0,8.0,1.0,0.0,0,0.0
97,S1,M2,forwarder,43,10.432,8.0,0.0,0.0,0,0,8.0,1.0,0.0,0,0.0
98,S1,M1,harvester,43,13.112,8.0,0.0,0.0,0,0,8.0,1.0,0.0,0,0.0
98,S1,M2,forwarder,43,10.432,8.0,0.0,0.0,0,0,8.0,1.0,0.0,0,0.0
99,S1,M1,harvester,43,9.1784,8.0,0.0,0.0,0,0,8.0,1.0,0.0,0,0.3
99,S1,M2,forwarder,43,7.3024,8.0,0.0,0.0,0,0,8.0,1.0,0.0,0,0.3
101,S1,M1,harvester,43,8.299,8.0,0.0,0.0,0,0,8.0,1.0,0.0,0,0.0
101,S1,M2,forwarder,43,8.299,8.0,0.0,0.0,0,0,8.0,1.0,0.0,0,0.0
102,S1,M1,harvester,43,8.299,8.0,0.0,0.0,0,0,8.0,1.0,0.0,0,0.0
103,S1,M1,harvester,43,5.624574596485113,5.421929964077709,2.5780700359222912,0.0,0,0,8.0,0.6777412455097136,2.5780700359222917,1,0.0
103,S1,M2,forwarder,43,8.299,8.0,0.0,0.0,0,0,8.0,1.0,0.0,0,0.0
104,S1,M1,harvester,43,8.299,8.0,0.0,0.0,0,0,8.0,1.0,0.0,0,0.0
104,S1,M2,forwarder,43,8.299,8.0,0.0,0.0,0,0,8.0,1.0,0.0,0,0.0
105,S1,M1,harvester,43,8.299,8.0,0.0,0.0,0,0,8.0,1.0,0.0,0,0.0
105,S1,M2,forwarder,43,8.299,8.0,0.0,0.0,0,0,8.0,1.0,0.0,0,0.0
106,S1,M1,harvester,43,8.299,8.0,0.0,0.0,0,0,8.0,1.0,0.0,0,0.0
106,S1,M2,forwarder,43,8.299,8.0,0.0,0.0,0,0,8.0,1.0,0.0,0,0.0
12,S1,M2,forwarder,44,8.319,8.0,0.0,0.0,0,0,8.0,1.0,0.0,0,0.0
37,S1,M1,harvester,44,13.112,8.0,0.0,0.0,0,0,8.0,1.0,0.0,0,0.0
37,S1,M2,forwarder,44,10.432,8.0,0.0,0.0,0,0,8.0,1.0,0.0,0,0.0
38,S1,M1,harvester,44,13.112,8.0,0.0,0.0,0,0,8.0,1.0,0.0,0,0.0
38,S1,M2,forwarder,44,10.432,8.0,0.0,0.0,0,0,8.0,1.0,0.0,0,0.0
39,S1,M1,harvester,44,13.112,8.0,0.0,0.0,0,0,8.0,1.0,0.0,0,0.0
39,S1,M2,forwarder,44,10.432,8.0,0.0,0.0,0,0,8.0,1.0,0.0,0,0.0
40,S1,M1,harvester,44,13.112,8.0,0.0,0.0,0,0,8.0,1.0,0.0,0,0.0
40,S1,M2,forwarder,44,10.432,8.0,0.0,0.0,0,0,8.0,1.0,0.0,0,0.0
41,S1,M1,harvester,44,13.112,8.0,0.0,0.0,0,0,8.0,1.0,0.0,0,0.0
41,S1,M2,forwarder,44,10.432,8.0,0.0,0.0,0,0,8.0,1.0,0.0,0,0.0
42,S1,M1,harvester,44,13.112,8.0,0.0,0.0,0,0,8.0,1.0,0.0,0,0.0
42,S1,M2,forwarder,44,10.432,8.0,0.0,0.0,0,0,8.0,1.0,0.0,0,0.0
43,S1,M1,harvester,44,13.112,8.0,0.0,0.0,0,0,8.0,1.0,0.0,0,0.0
43,S1,M2,forwarder,44,10.432,8.0,0.0,0.0,0,0,8.0,1.0,0.0,0,0.0
44,S1,M2,forwarder,44,10.432,8.0,0.0,0.0,0,0,8.0,1.0,0.0,0,0.0
45,S1,M1,harvester,44,13.112,8.0,0.0,0.0,0,0,8.0,1.0,0.0,0,0.0
45,S1,M2,forwarder,44,10.432,8.0,0.0,0.0,0,0,8.0,1.0,0.0,0,0.0
46,S1,M1,harvester,44,9.1784,8.0,0.0,0.0,0,0,8.0,1.0,0.0,0,0.3
46,S1,M2,forwarder,44,7.3024,8.0,0.0,0.0,0,0,8.0,1.0,0.0,0,0.3
47,S1,M1,harvester,44,13.112,8.0,0.0,0.0,0,0,8.0,1.0,0.0,0,0.0
47,S1,M2,forwarder,44,10.432,8.0,0.0,0.0,0,0,8.0,1.0,0.0,0,0.0
48,S1,M1,harvester,44,7.299779395514336,8.0,0.0,0.0,0,0,8.0,1.0,0.0,0,0.0
48,S1,M2,forwarder,44,5.807756151159667,8.0,0.0,0.0,0,0,8.0,1.0,0.0,0,0.0
49,S1,M1,harvester,44,13.112,8.0,0.0,0.0,0,0,8.0,1.0,0.0,0,0.0
49,S1,M2,forwarder,44,10.432,8.0,0.0,0.0,0,0,8.0,1.0,0.0,0,0.0
50,S1,M1,harvester,44,13.112,8.0,0.0,0.0,0,0,8.0,1.0,0.0,0,0.0
50,S1,M2,forwarder,44,10.432,8.0,0.0,0.0,0,0,8.0,1.0,0.0,0,0.0
51,S1,M1,harvester,44,13.112,8.0,0.0,0.0,0,0,8.0,1.0,0.0,0,0.0
51,S1,M2,forwarder,44,10.432,8.0,0.0,0.0,0,0,8.0,1.0,0.0,0,0.0
52,S1,M1,harvester,44,13.112,8.0,0.0,0.0,0,0,8.0,1.0,0.0,0,0.0
52,S1,M2,forwarder,44,10.432,8.0,0.0,0.0,0,0,8.0,1.0,0.0,0,0.0
53,S1,M1,harvester,44,13.112,8.0,0.0,0.0,0,0,8.0,1.0,0.0,0,0.0
54,S1,M1,harvester,44,5.378016397966316,8.0,0.0,0.0,0,0,8.0,1.0,0.0,0,0.3
54,S1,M2,forwarder,44,4.278787909059228,8.0,0.0,0.0,0,0,8.0,1.0,0.0,0,0.3
55,S1,M1,harvester,44,13.112,8.0,0.0,0.0,0,0,8.0,1.0,0.0,0,0.0
55,S1,M2,forwarder,44,10.432,8.0,0.0,0.0,0,0,8.0,1.0,0.0,0,0.0
56,S1,M1,harvester,44,13.112,8.0,0.0,0.0,0,0,8.0,1.0,0.0,0,0.0
56,S1,M2,forwarder,44,10.432,8.0,0.0,0.0,0,0,8.0,1.0,0.0,0,0.0
57,S1,M1,harvester,44,9.948,8.0,0.0,0.0,0,0,8.0,1.0,0.0,0,0.0
57,S1,M2,forwarder,44,9.948,8.0,0.0,0.0,0,0,8.0,1.0,0.0,0,0.0
58,S1,M1,harvester,44,9.948,8.0,0.0,0.0,0,0,8.0,1.0,0.0,0,0.0
58,S1,M2,forwarder,44,9.948,8.0,0.0,0.0,0,0,8.0,1.0,0.0,0,0.0
59,S1,M1,harvester,44,9.948,8.0,0.0,0.0,0,0,8.0,1.0,0.0,0,0.0
60,S1,M2,forwarder,44,9.948,8.0,0.0,0.0,0,0,8.0,1.0,0.0,0,0.0
61,S1,M1,harvester,44,6.9636,8.0,0.0,0.0,0,0,8.0,1.0,0.0,0,0.3
61,S1,M2,forwarder,44,4.3845627339509345,5.037121872538267,2.9628781274617326,0.0,0,0,8.0,0.6296402340672834,2.9628781274617326,1,0.3
62,S1,M1,harvester,44,13.112,8.0,0.0,0.0,0,0,8.0,1.0,0.0,0,0.0
62,S1,M2,forwarder,44,10.432,8.0,0.0,0.0,0,0,8.0,1.0,0.0,0,0.0
63,S1,M1,harvester,44,13.112,8.0,0.0,0.0,0,0,8.0,1.0,0.0,0,0.0
64,S1,M1,harvester,44,13.112,8.0,0.0,0.0,0,0,8.0,1.0,0.0,0,0.0
64,S1,M2,forwarder,44,10.432,8.0,0.0,0.0,0,0,8.0,1.0,0.0,0,0.0
65,S1,M1,harvester,44,13.112,8.0,0.0,0.0,0,0,8.0,1.0,0.0,0,0.0
66,S1,M1,harvester,44,13.112,8.0,0.0,0.0,0,0,8.0,1.0,0.0,0,0.0
67,S1,M1,harvester,44,13.112,8.0,0.0,0.0,0,0,8.0,1.0,0.0,0,0.0
67,S1,M2,forwarder,44,10.432,8.0,0.0,0.0,0,0,8.0,1.0,0.0,0,0.0
68,S1,M1,harvester,44,13.112,8.0,0.0,0.0,0,0,8.0,1.0,0.0,0,0.0
68,S1,M2,forwarder,44,10.432,8.0,0.0,0.0,0,0,8.0,1.0,0.0,0,0.0
69,S1,M1,harvester,44,13.112,8.0,0.0,0.0,0,0,8.0,1.0,0.0,0,0.0
69,S1,M2,forwarder,44,7.65675464235428,5.87174435763365,2.1282556423663497,0.0,0,0,8.0,0.7339680447042063,2.1282556423663492,1,0.0
70,S1,M1,harvester,44,9.1784,8.0,0.0,0.0,0,0,8.0,1.0,0.0,0,0.3
70,S1,M2,forwarder,44,7.3024,8.0,0.0,0.0,0,0,8.0,1.0,0.0,0,0.3
71,S1,M2,forwarder,44,10.432,8.0,0.0,0.0,0,0,8.0,1.0,0.0,0,0.0
72,S1,M1,harvester,44,13.112,8.0,0.0,0.0,0,0,8.0,1.0,0.0,0,0.0
72,S1,M2,forwarder,44,10.432,8.0,0.0,0.0,0,0,8.0,1.0,0.0,0,0.0
73,S1,M1,harvester,44,13.112,8.0,0.0,0.0,0,0,8.0,1.0,0.0,0,0.0
73,S1,M2,forwarder,44,10.432,8.0,0.0,0.0,0,0,8.0,1.0,0.0,0,0.0
74,S1,M1,harvester,44,13.112,8.0,0.0,0.0,0,0,8.0,1.0,0.0,0,0.0
75,S1,M2,forwarder,44,10.432,8.0,0.0,0.0,0,0,8.0,1.0,0.0,0,0.0
77,S1,M1,harvester,44,13.112,8.0,0.0,0.0,0,0,8.0,1.0,0.0,0,0.0
77,S1,M2,forwarder,44,10.432,8.0,0.0,0.0,0,0,8.0,1.0,0.0,0,0.0
78,S1,M1,harvester,44,13.112,8.0,0.0,0.0,0,0,8.0,1.0,0.0,0,0.0
78,S1,M2,forwarder,44,10.432,8.0,0.0,0.0,0,0,8.0,1.0,0.0,0,0.0
79,S1,M1,harvester,44,13.112,8.0,0.0,0.0,0,0,8.0,1.0,0.0,0,0.0
79,S1,M2,forwarder,44,10.432,8.0,0.0,0.0,0,0,8.0,1.0,0.0,0,0.0
80,S1,M1,harvester,44,13.112,8.0,0.0,0.0,0,0,8.0,1.0,0.0,0,0.0
80,S1,M2,forwarder,44,10.432,8.0,0.0,0.0,0,0,8.0,1.0,0.0,0,0.0
81,S1,M1,harvester,44,13.112,8.0,0.0,0.0,0,0,8.0,1.0,0.0,0,0.0
81,S1,M2,forwarder,44,10.432,8.0,0.0,0.0,0,0,8.0,1.0,0.0,0,0.0
82,S1,M1,harvester,44,6.286792491134784,3.8357489268668603,4.16425107313314,0.0,0,0,8.0,0.47946861585835754,4.16425107313314,1,0.0
83,S1,M1,harvester,44,13.112,8.0,0.0,0.0,0,0,8.0,1.0,0.0,0,0.0
83,S1,M2,forwarder,44,10.432,8.0,0.0,0.0,0,0,8.0,1.0,0.0,0,0.0
84,S1,M1,harvester,44,13.112,8.0,0.0,0.0,0,0,8.0,1.0,0.0,0,0.0
84,S1,M2,forwarder,44,10.432,8.0,0.0,0.0,0,0,8.0,1.0,0.0,0,0.0
85,S1,M1,harvester,44,13.112,8.0,0.0,0.0,0,0,8.0,1.0,0.0,0,0.0
85,S1,M2,forwarder,44,10.432,8.0,0.0,0.0,0,0,8.0,1.0,0.0,0,0.0
86,S1,M1,harvester,44,13.112,8.0,0.0,0.0,0,0,8.0,1.0,0.0,0,0.0
86,S1,M2,forwarder,44,10.432,8.0,0.0,0.0,0,0,8.0,1.0,0.0,0,0.0
87,S1,M1,harvester,44,13.112,8.0,0.0,0.0,0,0,8.0,1.0,0.0,0,0.0
87,S1,M2,forwarder,44,10.432,8.0,0.0,0.0,0,0,8.0,1.0,0.0,0,0.0
88,S1,M1,harvester,44,13.112,8.0,0.0,0.0,0,0,8.0,1.0,0.0,0,0.0
88,S1,M2,forwarder,44,10.432,8.0,0.0,0.0,0,0,8.0,1.0,0.0,0,0.0
89,S1,M1,harvester,44,13.112,8.0,0.0,0.0,0,0,8.0,1.0,0.0,0,0.0
89,S1,M2,forwarder,44,10.432,8.0,0.0,0.0,0,0,8.0,1.0,0.0,0,0.0
90,S1,M1,harvester,44,13.112,8.0,0.0,0.0,0,0,8.0,1.0,0.0,0,0.0
91,S1,M1,harvester,44,9.1784,8.0,0.0,0.0,0,0,8.0,1.0,0.0,0,0.3
91,S1,M2,forwarder,44,7.3024,8.0,0.0,0.0,0,0,8.0,1.0,0.0,0,0.3
92,S1,M1,harvester,44,13.112,8.0,0.0,0.0,0,0,8.0,1.0,0.0,0,0.0
93,S1,M2,forwarder,44,10.432,8.0,0.0,0.0,0,0,8.0,1.0,0.0,0,0.0
94,S1,M1,harvester,44,9.1784,8.0,0.0,0.0,0,0,8.0,1.0,0.0,0,0.3
94,S1,M2,forwarder,44,7.3024,8.0,0.0,0.0,0,0,8.0,1.0,0.0,0,0.3
95,S1,M1,harvester,44,13.112,8.0,0.0,0.0,0,0,8.0,1.0,0.0,0,0.0
95,S1,M2,forwarder,44,10.432,8.0,0.0,0.0,0,0,8.0,1.0,0.0,0,0.0
96,S1,M1,harvester,44,13.112,8.0,0.0,0.0,0,0,8.0,1.0,0.0,0,0.0
96,S1,M2,forwarder,44,10.432,8.0,0.0,0.0,0,0,8.0,1.0,0.0,0,0.0
97,S1,M1,harvester,44,13.112,8.0,0.0,0.0,0,0,8.0,1.0,0.0,0,0.0
97,S1,M2,forwarder,44,10.432,8.0,0.0,0.0,0,0,8.0,1.0,0.0,0,0.0
98,S1,M1,harvester,44,13.112,8.0,0.0,0.0,0,0,8.0,1.0,0.0,0,0.0
98,S1,M2,forwarder,44,10.432,8.0,0.0,0.0,0,0,8.0,1.0,0.0,0,0.0
99,S1,M1,harvester,44,13.112,8.0,0.0,0.0,0,0,8.0,1.0,0.0,0,0.0
99,S1,M2,forwarder,44,10.432,8.0,0.0,0.0,0,0,8.0,1.0,0.0,0,0.0
101,S1,M1,harvester,44,8.299,8.0,0.0,0.0,0,0,8.0,1.0,0.0,0,0.0
101,S1,M2,forwarder,44,8.299,8.0,0.0,0.0,0,0,8.0,1.0,0.0,0,0.0
102,S1,M1,harvester,44,8.299,8.0,0.0,0.0,0,0,8.0,1.0,0.0,0,0.0
103,S1,M1,harvester,44,8.299,8.0,0.0,0.0,0,0,8.0,1.0,0.0,0,0.0
103,S1,M2,forwarder,44,5.156363587904377,4.970587866397762,3.0294121336022384,0.0,0,0,8.0,0.6213234832997202,3.0294121336022384,1,0.0
104,S1,M1,harvester,44,8.299,8.0,0.0,0.0,0,0,8.0,1.0,0.0,0,0.0
104,S1,M2,forwarder,44,8.299,8.0,0.0,0.0,0,0,8.0,1.0,0.0,0,0.0
105,S1,M1,harvester,44,8.299,8.0,0.0,0.0,0,0,8.0,1.0,0.0,0,0.0
105,S1,M2,forwarder,44,8.299,8.0,0.0,0.0,0,0,8.0,1.0,0.0,0,0.0
106,S1,M1,harvester,44,8.299,8.0,0.0,0.0,0,0,8.0,1.0,0.0,0,0.0
106,S1,M2,forwarder,44,8.299,8.0,0.0,0.0,0,0,8.0,1.0,0.0,0,0.0
12,S1,M2,forwarder,45,8.319,8.0,0.0,0.0,0,0,8.0,1.0,0.0,0,0.0
37,S1,M1,harvester,45,8.2642564911718,5.0422553332347775,2.9577446667652225,0.0,0,0,8.0,0.6302819166543472,2.9577446667652225,1,0.0
37,S1,M2,forwarder,45,10.432,8.0,0.0,0.0,0,0,8.0,1.0,0.0,0,0.0
38,S1,M1,harvester,45,13.112,8.0,0.0,0.0,0,0,8.0,1.0,0.0,0,0.0
38,S1,M2,forwarder,45,10.432,8.0,0.0,0.0,0,0,8.0,1.0,0.0,0,0.0
39,S1,M1,harvester,45,13.112,8.0,0.0,0.0,0,0,8.0,1.0,0.0,0,0.0
39,S1,M2,forwarder,45,10.432,8.0,0.0,0.0,0,0,8.0,1.0,0.0,0,0.0
40,S1,M1,harvester,45,13.112,8.0,0.0,0.0,0,0,8.0,1.0,0.0,0,0.0
40,S1,M2,forwarder,45,10.432,8.0,0.0,0.0,0,0,8.0,1.0,0.0,0,0.0
41,S1,M1,harvester,45,13.112,8.0,0.0,0.0,0,0,8.0,1.0,0.0,0,0.0
41,S1,M2,forwarder,45,10.432,8.0,0.0,0.0,0,0,8.0,1.0,0.0,0,0.0
42,S1,M1,harvester,45,2.048811075484637,2.491031971153287,5.508968028846713,0.0,0,0,8.0,0.3113789963941609,5.508968028846713,1,0.0
42,S1,M2,forwarder,45,5.234934311447365,8.0,0.0,0.0,0,0,8.0,1.0,0.0,0,0.0
43,S1,M1,harvester,45,13.112,8.0,0.0,0.0,0,0,8.0,1.0,0.0,0,0.0
43,S1,M2,forwarder,45,2.756357747155004,2.1137712784931013,5.886228721506899,0.0,0,0,8.0,0.26422140981163766,5.886228721506899,1,0.0
44,S1,M2,forwarder,45,10.432,8.0,0.0,0.0,0,0,8.0,1.0,0.0,0,0.0
45,S1,M1,harvester,45,9.1784,8.0,0.0,0.0,0,0,8.0,1.0,0.0,0,0.3
45,S1,M2,forwarder,45,3.097721928552187,3.3936480374147537,4.606351962585246,0.0,0,0,8.0,0.4242060046768442,4.606351962585246,1,0.3
46,S1,M1,harvester,45,13.112,8.0,0.0,0.0,0,0,8.0,1.0,0.0,0,0.0
46,S1,M2,forwarder,45,10.432,8.0,0.0,0.0,0,0,8.0,1.0,0.0,0,0.0
47,S1,M1,harvester,45,13.112,8.0,0.0,0.0,0,0,8.0,1.0,0.0,0,0.0
47,S1,M2,forwarder,45,10.432,8.0,0.0,0.0,0,0,8.0,1.0,0.0,0,0.0
48,S1,M1,harvester,45,13.112,8.0,0.0,0.0,0,0,8.0,1.0,0.0,0,0.0
48,S1,M2,forwarder,45,10.432,8.0,0.0,0.0,0,0,8.0,1.0,0.0,0,0.0
49,S1,M1,harvester,45,13.112,8.0,0.0,0.0,0,0,8.0,1.0,0.0,0,0.0
49,S1,M2,forwarder,45,10.432,8.0,0.0,0.0,0,0,8.0,1.0,0.0,0,0.0
50,S1,M1,harvester,45,13.112,8.0,0.0,0.0,0,0,8.0,1.0,0.0,0,0.0
50,S1,M2,forwarder,45,10.432,8.0,0.0,0.0,0,0,8.0,1.0,0.0,0,0.0
51,S1,M1,harvester,45,13.112,8.0,0.0,0.0,0,0,8.0,1.0,0.0,0,0.0
51,S1,M2,forwarder,45,10.432,8.0,0.0,0.0,0,0,8.0,1.0,0.0,0,0.0
52,S1,M1,harvester,45,13.112,8.0,0.0,0.0,0,0,8.0,1.0,0.0,0,0.0
52,S1,M2,forwarder,45,10.432,8.0,0.0,0.0,0,0,8.0,1.0,0.0,0,0.0
53,S1,M1,harvester,45,13.112,8.0,0.0,0.0,0,0,8.0,1.0,0.0,0,0.0
54,S1,M1,harvester,45,13.112,8.0,0.0,0.0,0,0,8.0,1.0,0.0,0,0.0
54,S1,M2,forwarder,45,10.432,8.0,0.0,0.0,0,0,8.0,1.0,0.0,0,0.0
55,S1,M1,harvester,45,13.112,8.0,0.0,0.0,0,0,8.0,1.0,0.0,0,0.0
55,S1,M2,forwarder,45,10.432,8.0,0.0,0.0,0,0,8.0,1.0,0.0,0,0.0
56,S1,M1,harvester,45,13.112,8.0,0.0,0.0,0,0,8.0,1.0,0.0,0,0.0
56,S1,M2,forwarder,45,10.432,8.0,0.0,0.0,0,0,8.0,1.0,0.0,0,0.0
57,S1,M1,harvester,45,9.948,8.0,0.0,0.0,0,0,8.0,1.0,0.0,0,0.0
57,S1,M2,forwarder,45,9.948,8.0,0.0,0.0,0,0,8.0,1.0,0.0,0,0.0
58,S1,M1,harvester,45,6.9636,8.0,0.0,0.0,0,0,8.0,1.0,0.0,0,0.3
58,S1,M2,forwarder,45,6.9636,8.0,0.0,0.0,0,0,8.0,1.0,0.0,0,0.3
59,S1,M1,harvester,45,9.948,8.0,0.0,0.0,0,0,8.0,1.0,0.0,0,0.0
60,S1,M2,forwarder,45,9.948,8.0,0.0,0.0,0,0,8.0,1.0,0.0,0,0.0
61,S1,M1,harvester,45,9.948,8.0,0.0,0.0,0,0,8.0,1.0,0.0,0,0.0
61,S1,M2,forwarder,45,9.948,8.0,0.0,0.0,0,0,8.0,1.0,0.0,0,0.0
62,S1,M1,harvester,45,13.112,8.0,0.0,0.0,0,0,8.0,1.0,0.0,0,0.0
62,S1,M2,forwarder,45,10.432,8.0,0.0,0.0,0,0,8.0,1.0,0.0,0,0.0
63,S1,M1,harvester,45,13.112,8.0,0.0,0.0,0,0,8.0,1.0,0.0,0,0.0
64,S1,M1,harvester,45,13.112,8.0,0.0,0.0,0,0,8.0,1.0,0.0,0,0.0
64,S1,M2,forwarder,45,10.432,8.0,0.0,0.0,0,0,8.0,1.0,0.0,0,0.0
65,S1,M1,harvester,45,13.112,8.0,0.0,0.0,0,0,8.0,1.0,0.0,0,0.0
66,S1,M1,harvester,45,6.734170105608019,8.0,0.0,0.0,0,0,8.0,1.0,0.0,0,0.0
67,S1,M1,harvester,45,6.028751207019961,3.6783106815252964,4.321689318474704,0.0,0,0,8.0,0.45978883519066205,4.321689318474704,1,0.0
67,S1,M2,forwarder,45,10.432,8.0,0.0,0.0,0,0,8.0,1.0,0.0,0,0.0
68,S1,M1,harvester,45,13.112,8.0,0.0,0.0,0,0,8.0,1.0,0.0,0,0.0
68,S1,M2,forwarder,45,10.432,8.0,0.0,0.0,0,0,8.0,1.0,0.0,0,0.0
69,S1,M1,harvester,45,13.112,8.0,0.0,0.0,0,0,8.0,1.0,0.0,0,0.0
69,S1,M2,forwarder,45,10.432,8.0,0.0,0.0,0,0,8.0,1.0,0.0,0,0.0
70,S1,M1,harvester,45,13.112,8.0,0.0,0.0,0,0,8.0,1.0,0.0,0,0.0
70,S1,M2,forwarder,45,10.432,8.0,0.0,0.0,0,0,8.0,1.0,0.0,0,0.0
71,S1,M2,forwarder,45,10.432,8.0,0.0,0.0,0,0,8.0,1.0,0.0,0,0.0
72,S1,M1,harvester,45,12.576411665534716,7.673222492699644,0.32677750730035626,0.0,0,0,8.0,0.9591528115874555,0.3267775073003567,1,0.0
72,S1,M2,forwarder,45,10.432,8.0,0.0,0.0,0,0,8.0,1.0,0.0,0,0.0
73,S1,M1,harvester,45,9.442889346924222,8.0,0.0,0.0,0,0,8.0,1.0,0.0,0,0.0
73,S1,M2,forwarder,45,7.512829596332632,8.0,0.0,0.0,0,0,8.0,1.0,0.0,0,0.0
74,S1,M1,harvester,45,13.112,8.0,0.0,0.0,0,0,8.0,1.0,0.0,0,0.0
75,S1,M2,forwarder,45,10.432,8.0,0.0,0.0,0,0,8.0,1.0,0.0,0,0.0
77,S1,M1,harvester,45,13.112,8.0,0.0,0.0,0,0,8.0,1.0,0.0,0,0.0
77,S1,M2,forwarder,45,10.432,8.0,0.0,0.0,0,0,8.0,1.0,0.0,0,0.0
78,S1,M1,harvester,45,13.112,8.0,0.0,0.0,0,0,8.0,1.0,0.0,0,0.0
78,S1,M2,forwarder,45,10.432,8.0,0.0,0.0,0,0,8.0,1.0,0.0,0,0.0
79,S1,M1,harvester,45,13.112,8.0,0.0,0.0,0,0,8.0,1.0,0.0,0,0.0
79,S1,M2,forwarder,45,10.432,8.0,0.0,0.0,0,0,8.0,1.0,0.0,0,0.0
80,S1,M1,harvester,45,13.112,8.0,0.0,0.0,0,0,8.0,1.0,0.0,0,0.0
80,S1,M2,forwarder,45,10.432,8.0,0.0,0.0,0,0,8.0,1.0,0.0,0,0.0
81,S1,M1,harvester,45,13.112,8.0,0.0,0.0,0,0,8.0,1.0,0.0,0,0.0
81,S1,M2,forwarder,45,10.432,8.0,0.0,0.0,0,0,8.0,1.0,0.0,0,0.0
82,S1,M1,harvester,45,13.112,8.0,0.0,0.0,0,0,8.0,1.0,0.0,0,0.0
83,S1,M1,harvester,45,13.112,8.0,0.0,0.0,0,0,8.0,1.0,0.0,0,0.0
83,S1,M2,forwarder,45,10.432,8.0,0.0,0.0,0,0,8.0,1.0,0.0,0,0.0
84,S1,M1,harvester,45,13.112,8.0,0.0,0.0,0,0,8.0,1.0,0.0,0,0.0
84,S1,M2,forwarder,45,10.432,8.0,0.0,0.0,0,0,8.0,1.0,0.0,0,0.0
85,S1,M1,harvester,45,13.112,8.0,0.0,0.0,0,0,8.0,1.0,0.0,0,0.0
85,S1,M2,forwarder,45,10.432,8.0,0.0,0.0,0,0,8.0,1.0,0.0,0,0.0
86,S1,M1,harvester,45,13.112,8.0,0.0,0.0,0,0,8.0,1.0,0.0,0,0.0
86,S1,M2,forwarder,45,10.432,8.0,0.0,0.0,0,0,8.0,1.0,0.0,0,0.0
87,S1,M1,harvester,45,13.112,8.0,0.0,0.0,0,0,8.0,1.0,0.0,0,0.0
87,S1,M2,forwarder,45,10.432,8.0,0.0,0.0,0,0,8.0,1.0,0.0,0,0.0
88,S1,M1,harvester,45,13.112,8.0,0.0,0.0,0,0,8.0,1.0,0.0,0,0.0
88,S1,M2,forwarder,45,10.432,8.0,0.0,0.0,0,0,8.0,1.0,0.0,0,0.0
89,S1,M1,harvester,45,6.071308578692501,8.0,0.0,0.0,0,0,8.0,1.0,0.0,0,0.0
89,S1,M2,forwarder,45,4.830376074810873,8.0,0.0,0.0,0,0,8.0,1.0,0.0,0,0.0
90,S1,M1,harvester,45,13.112,8.0,0.0,0.0,0,0,8.0,1.0,0.0,0,0.0
91,S1,M1,harvester,45,13.112,8.0,0.0,0.0,0,0,8.0,1.0,0.0,0,0.0
91,S1,M2,forwarder,45,10.432,8.0,0.0,0.0,0,0,8.0,1.0,0.0,0,0.0
92,S1,M1,harvester,45,13.112,8.0,0.0,0.0,0,0,8.0,1.0,0.0,0,0.0
93,S1,M2,forwarder,45,10.432,8.0,0.0,0.0,0,0,8.0,1.0,0.0,0,0.0
94,S1,M1,harvester,45,13.112,8.0,0.0,0.0,0,0,8.0,1.0,0.0,0,0.0
94,S1,M2,forwarder,45,10.432,8.0,0.0,0.0,0,0,8.0,1.0,0.0,0,0.0
95,S1,M1,harvester,45,13.112,8.0,0.0,0.0,0,0,8.0,1.0,0.0,0,0.0
95,S1,M2,forwarder,45,10.432,8.0,0.0,0.0,0,0,8.0,1.0,0.0,0,0.0
96,S1,M1,harvester,45,10.197725829246188,6.221919358905545,1.778080641094455,0.0,0,0,8.0,0.7777399198631931,1.7780806410944545,1,0.0
96,S1,M2,forwarder,45,10.432,8.0,0.0,0.0,0,0,8.0,1.0,0.0,0,0.0
97,S1,M1,harvester,45,13.112,8.0,0.0,0.0,0,0,8.0,1.0,0.0,0,0.0
97,S1,M2,forwarder,45,5.01652209472842,3.8470261462641258,4.152973853735874,0.0,0,0,8.0,0.4808782682830157,4.152973853735874,1,0.0
98,S1,M1,harvester,45,13.112,8.0,0.0,0.0,0,0,8.0,1.0,0.0,0,0.0
98,S1,M2,forwarder,45,10.432,8.0,0.0,0.0,0,0,8.0,1.0,0.0,0,0.0
99,S1,M1,harvester,45,13.112,8.0,0.0,0.0,0,0,8.0,1.0,0.0,0,0.0
99,S1,M2,forwarder,45,10.432,8.0,0.0,0.0,0,0,8.0,1.0,0.0,0,0.0
101,S1,M1,harvester,45,8.299,8.0,0.0,0.0,0,0,8.0,1.0,0.0,0,0.0
101,S1,M2,forwarder,45,8.299,8.0,0.0,0.0,0,0,8.0,1.0,0.0,0,0.0
102,S1,M1,harvester,45,8.299,8.0,0.0,0.0,0,0,8.0,1.0,0.0,0,0.0
103,S1,M1,harvester,45,8.299,8.0,0.0,0.0,0,0,8.0,1.0,0.0,0,0.0
103,S1,M2,forwarder,45,8.299,8.0,0.0,0.0,0,0,8.0,1.0,0.0,0,0.0
104,S1,M1,harvester,45,5.8092999999999995,8.0,0.0,0.0,0,0,8.0,1.0,0.0,0,0.3
104,S1,M2,forwarder,45,5.8092999999999995,8.0,0.0,0.0,0,0,8.0,1.0,0.0,0,0.3
105,S1,M1,harvester,45,8.299,8.0,0.0,0.0,0,0,8.0,1.0,0.0,0,0.0
105,S1,M2,forwarder,45,8.299,8.0,0.0,0.0,0,0,8.0,1.0,0.0,0,0.0
106,S1,M1,harvester,45,4.575478081807235,8.0,0.0,0.0,0,0,8.0,1.0,0.0,0,0.0
106,S1,M2,forwarder,45,4.575478081807235,8.0,0.0,0.0,0,0,8.0,1.0,0.0,0,0.0
12,S1,M2,forwarder,46,8.319,8.0,0.0,0.0,0,0,8.0,1.0,0.0,0,0.0
37,S1,M1,harvester,46,13.112,8.0,0.0,0.0,0,0,8.0,1.0,0.0,0,0.0
37,S1,M2,forwarder,46,10.432,8.0,0.0,0.0,0,0,8.0,1.0,0.0,0,0.0
38,S1,M1,harvester,46,13.112,8.0,0.0,0.0,0,0,8.0,1.0,0.0,0,0.0
38,S1,M2,forwarder,46,10.432,8.0,0.0,0.0,0,0,8.0,1.0,0.0,0,0.0
39,S1,M1,harvester,46,13.112,8.0,0.0,0.0,0,0,8.0,1.0,0.0,0,0.0
39,S1,M2,forwarder,46,10.432,8.0,0.0,0.0,0,0,8.0,1.0,0.0,0,0.0
40,S1,M1,harvester,46,13.112,8.0,0.0,0.0,0,0,8.0,1.0,0.0,0,0.0
40,S1,M2,forwarder,46,10.432,8.0,0.0,0.0,0,0,8.0,1.0,0.0,0,0.0
41,S1,M1,harvester,46,13.112,8.0,0.0,0.0,0,0,8.0,1.0,0.0,0,0.0
41,S1,M2,forwarder,46,10.432,8.0,0.0,0.0,0,0,8.0,1.0,0.0,0,0.0
42,S1,M1,harvester,46,13.112,8.0,0.0,0.0,0,0,8.0,1.0,0.0,0,0.0
42,S1,M2,forwarder,46,10.432,8.0,0.0,0.0,0,0,8.0,1.0,0.0,0,0.0
43,S1,M1,harvester,46,13.112,8.0,0.0,0.0,0,0,8.0,1.0,0.0,0,0.0
43,S1,M2,forwarder,46,10.432,8.0,0.0,0.0,0,0,8.0,1.0,0.0,0,0.0
44,S1,M2,forwarder,46,10.432,8.0,0.0,0.0,0,0,8.0,1.0,0.0,0,0.0
45,S1,M1,harvester,46,9.1784,8.0,0.0,0.0,0,0,8.0,1.0,0.0,0,0.3
45,S1,M2,forwarder,46,7.3024,8.0,0.0,0.0,0,0,8.0,1.0,0.0,0,0.3
46,S1,M1,harvester,46,13.112,8.0,0.0,0.0,0,0,8.0,1.0,0.0,0,0.0
46,S1,M2,forwarder,46,10.432,8.0,0.0,0.0,0,0,8.0,1.0,0.0,0,0.0
47,S1,M1,harvester,46,13.112,8.0,0.0,0.0,0,0,8.0,1.0,0.0,0,0.0
47,S1,M2,forwarder,46,10.432,8.0,0.0,0.0,0,0,8.0,1.0,0.0,0,0.0
48,S1,M1,harvester,46,13.112,8.0,0.0,0.0,0,0,8.0,1.0,0.0,0,0.0
48,S1,M2,forwarder,46,10.432,8.0,0.0,0.0,0,0,8.0,1.0,0.0,0,0.0
49,S1,M1,harvester,46,13.112,8.0,0.0,0.0,0,0,8.0,1.0,0.0,0,0.0
49,S1,M2,forwarder,46,10.432,8.0,0.0,0.0,0,0,8.0,1.0,0.0,0,0.0
50,S1,M1,harvester,46,13.112,8.0,0.0,0.0,0,0,8.0,1.0,0.0,0,0.0
50,S1,M2,forwarder,46,10.432,8.0,0.0,0.0,0,0,8.0,1.0,0.0,0,0.0
51,S1,M1,harvester,46,13.112,8.0,0.0,0.0,0,0,8.0,1.0,0.0,0,0.0
51,S1,M2,forwarder,46,10.432,8.0,0.0,0.0,0,0,8.0,1.0,0.0,0,0.0
52,S1,M1,harvester,46,13.112,8.0,0.0,0.0,0,0,8.0,1.0,0.0,0,0.0
52,S1,M2,forwarder,46,10.432,8.0,0.0,0.0,0,0,8.0,1.0,0.0,0,0.0
53,S1,M1,harvester,46,8.470728560221913,8.0,0.0,0.0,0,0,8.0,1.0,0.0,0,0.0
54,S1,M1,harvester,46,13.112,8.0,0.0,0.0,0,0,8.0,1.0,0.0,0,0.0
54,S1,M2,forwarder,46,10.432,8.0,0.0,0.0,0,0,8.0,1.0,0.0,0,0.0
55,S1,M1,harvester,46,13.112,8.0,0.0,0.0,0,0,8.0,1.0,0.0,0,0.0
55,S1,M2,forwarder,46,10.432,8.0,0.0,0.0,0,0,8.0,1.0,0.0,0,0.0
56,S1,M1,harvester,46,13.112,8.0,0.0,0.0,0,0,8.0,1.0,0.0,0,0.0
56,S1,M2,forwarder,46,10.432,8.0,0.0,0.0,0,0,8.0,1.0,0.0,0,0.0
57,S1,M1,harvester,46,9.948,8.0,0.0,0.0,0,0,8.0,1.0,0.0,0,0.0
57,S1,M2,forwarder,46,9.948,8.0,0.0,0.0,0,0,8.0,1.0,0.0,0,0.0
58,S1,M1,harvester,46,9.948,8.0,0.0,0.0,0,0,8.0,1.0,0.0,0,0.0
58,S1,M2,forwarder,46,9.948,8.0,0.0,0.0,0,0,8.0,1.0,0.0,0,0.0
59,S1,M1,harvester,46,9.948,8.0,0.0,0.0,0,0,8.0,1.0,0.0,0,0.0
60,S1,M2,forwarder,46,9.948,8.0,0.0,0.0,0,0,8.0,1.0,0.0,0,0.0
61,S1,M1,harvester,46,9.948,8.0,0.0,0.0,0,0,8.0,1.0,0.0,0,0.0
61,S1,M2,forwarder,46,9.948,8.0,0.0,0.0,0,0,8.0,1.0,0.0,0,0.0
62,S1,M1,harvester,46,6.73343270502256,8.0,0.0,0.0,0,0,8.0,1.0,0.0,0,0.0
62,S1,M2,forwarder,46,5.357166715893483,8.0,0.0,0.0,0,0,8.0,1.0,0.0,0,0.0
63,S1,M1,harvester,46,13.112,8.0,0.0,0.0,0,0,8.0,1.0,0.0,0,0.0
64,S1,M1,harvester,46,13.112,8.0,0.0,0.0,0,0,8.0,1.0,0.0,0,0.0
64,S1,M2,forwarder,46,10.432,8.0,0.0,0.0,0,0,8.0,1.0,0.0,0,0.0
65,S1,M1,harvester,46,13.112,8.0,0.0,0.0,0,0,8.0,1.0,0.0,0,0.0
66,S1,M1,harvester,46,13.112,8.0,0.0,0.0,0,0,8.0,1.0,0.0,0,0.0
67,S1,M1,harvester,46,13.112,8.0,0.0,0.0,0,0,8.0,1.0,0.0,0,0.0
67,S1,M2,forwarder,46,10.432,8.0,0.0,0.0,0,0,8.0,1.0,0.0,0,0.0
68,S1,M1,harvester,46,13.112,8.0,0.0,0.0,0,0,8.0,1.0,0.0,0,0.0
68,S1,M2,forwarder,46,10.432,8.0,0.0,0.0,0,0,8.0,1.0,0.0,0,0.0
69,S1,M1,harvester,46,13.112,8.0,0.0,0.0,0,0,8.0,1.0,0.0,0,0.0
69,S1,M2,forwarder,46,10.432,8.0,0.0,0.0,0,0,8.0,1.0,0.0,0,0.0
70,S1,M1,harvester,46,13.112,8.0,0.0,0.0,0,0,8.0,1.0,0.0,0,0.0
70,S1,M2,forwarder,46,10.432,8.0,0.0,0.0,0,0,8.0,1.0,0.0,0,0.0
71,S1,M2,forwarder,46,10.432,8.0,0.0,0.0,0,0,8.0,1.0,0.0,0,0.0
72,S1,M1,harvester,46,13.112,8.0,0.0,0.0,0,0,8.0,1.0,0.0,0,0.0
72,S1,M2,forwarder,46,10.432,8.0,0.0,0.0,0,0,8.0,1.0,0.0,0,0.0
73,S1,M1,harvester,46,13.112,8.0,0.0,0.0,0,0,8.0,1.0,0.0,0,0.0
73,S1,M2,forwarder,46,10.432,8.0,0.0,0.0,0,0,8.0,1.0,0.0,0,0.0
74,S1,M1,harvester,46,13.112,8.0,0.0,0.0,0,0,8.0,1.0,0.0,0,0.0
75,S1,M2,forwarder,46,10.432,8.0,0.0,0.0,0,0,8.0,1.0,0.0,0,0.0
77,S1,M1,harvester,46,13.112,8.0,0.0,0.0,0,0,8.0,1.0,0.0,0,0.0
77,S1,M2,forwarder,46,10.432,8.0,0.0,0.0,0,0,8.0,1.0,0.0,0,0.0
78,S1,M1,harvester,46,13.112,8.0,0.0,0.0,0,0,8.0,1.0,0.0,0,0.0
78,S1,M2,forwarder,46,10.432,8.0,0.0,0.0,0,0,8.0,1.0,0.0,0,0.0
79,S1,M1,harvester,46,13.112,8.0,0.0,0.0,0,0,8.0,1.0,0.0,0,0.0
79,S1,M2,forwarder,46,10.432,8.0,0.0,0.0,0,0,8.0,1.0,0.0,0,0.0
80,S1,M1,harvester,46,9.1784,8.0,0.0,0.0,0,0,8.0,1.0,0.0,0,0.3
80,S1,M2,forwarder,46,7.3024,8.0,0.0,0.0,0,0,8.0,1.0,0.0,0,0.3
81,S1,M1,harvester,46,13.112,8.0,0.0,0.0,0,0,8.0,1.0,0.0,0,0.0
81,S1,M2,forwarder,46,10.432,8.0,0.0,0.0,0,0,8.0,1.0,0.0,0,0.0
82,S1,M1,harvester,46,13.112,8.0,0.0,0.0,0,0,8.0,1.0,0.0,0,0.0
83,S1,M1,harvester,46,9.1784,8.0,0.0,0.0,0,0,8.0,1.0,0.0,0,0.3
83,S1,M2,forwarder,46,7.3024,8.0,0.0,0.0,0,0,8.0,1.0,0.0,0,0.3
84,S1,M1,harvester,46,13.112,8.0,0.0,0.0,0,0,8.0,1.0,0.0,0,0.0
84,S1,M2,forwarder,46,10.432,8.0,0.0,0.0,0,0,8.0,1.0,0.0,0,0.0
85,S1,M1,harvester,46,13.112,8.0,0.0,0.0,0,0,8.0,1.0,0.0,0,0.0
85,S1,M2,forwarder,46,10.432,8.0,0.0,0.0,0,0,8.0,1.0,0.0,0,0.0
86,S1,M1,harvester,46,6.978219745506315,4.25760814246877,3.7423918575312296,0.0,0,0,8.0,0.5322010178085963,3.742391857531229,1,0.0
86,S1,M2,forwarder,46,10.432,8.0,0.0,0.0,0,0,8.0,1.0,0.0,0,0.0
87,S1,M1,harvester,46,13.112,8.0,0.0,0.0,0,0,8.0,1.0,0.0,0,0.0
87,S1,M2,forwarder,46,10.432,8.0,0.0,0.0,0,0,8.0,1.0,0.0,0,0.0
88,S1,M1,harvester,46,13.112,8.0,0.0,0.0,0,0,8.0,1.0,0.0,0,0.0
88,S1,M2,forwarder,46,10.432,8.0,0.0,0.0,0,0,8.0,1.0,0.0,0,0.0
89,S1,M1,harvester,46,13.112,8.0,0.0,0.0,0,0,8.0,1.0,0.0,0,0.0
89,S1,M2,forwarder,46,10.432,8.0,0.0,0.0,0,0,8.0,1.0,0.0,0,0.0
90,S1,M1,harvester,46,13.112,8.0,0.0,0.0,0,0,8.0,1.0,0.0,0,0.0
91,S1,M1,harvester,46,13.112,8.0,0.0,0.0,0,0,8.0,1.0,0.0,0,0.0
91,S1,M2,forwarder,46,10.432,8.0,0.0,0.0,0,0,8.0,1.0,0.0,0,0.0
92,S1,M1,harvester,46,13.112,8.0,0.0,0.0,0,0,8.0,1.0,0.0,0,0.0
93,S1,M2,forwarder,46,7.3024,8.0,0.0,0.0,0,0,8.0,1.0,0.0,0,0.3
94,S1,M1,harvester,46,13.112,8.0,0.0,0.0,0,0,8.0,1.0,0.0,0,0.0
94,S1,M2,forwarder,46,10.432,8.0,0.0,0.0,0,0,8.0,1.0,0.0,0,0.0
95,S1,M1,harvester,46,13.112,8.0,0.0,0.0,0,0,8.0,1.0,0.0,0,0.0
95,S1,M2,forwarder,46,10.432,8.0,0.0,0.0,0,0,8.0,1.0,0.0,0,0.0
96,S1,M1,harvester,46,13.112,8.0,0.0,0.0,0,0,8.0,1.0,0.0,0,0.0
96,S1,M2,forwarder,46,10.432,8.0,0.0,0.0,0,0,8.0,1.0,0.0,0,0.0
97,S1,M1,harvester,46,13.112,8.0,0.0,0.0,0,0,8.0,1.0,0.0,0,0.0
97,S1,M2,forwarder,46,10.432,8.0,0.0,0.0,0,0,8.0,1.0,0.0,0,0.0
98,S1,M1,harvester,46,13.112,8.0,0.0,0.0,0,0,8.0,1.0,0.0,0,0.0
98,S1,M2,forwarder,46,10.432,8.0,0.0,0.0,0,0,8.0,1.0,0.0,0,0.0
99,S1,M1,harvester,46,13.112,8.0,0.0,0.0,0,0,8.0,1.0,0.0,0,0.0
99,S1,M2,forwarder,46,10.432,8.0,0.0,0.0,0,0,8.0,1.0,0.0,0,0.0
101,S1,M1,harvester,46,8.299,8.0,0.0,0.0,0,0,8.0,1.0,0.0,0,0.0
101,S1,M2,forwarder,46,8.299,8.0,0.0,0.0,0,0,8.0,1.0,0.0,0,0.0
102,S1,M1,harvester,46,3.5651599542683403,3.4367128128867,4.5632871871133,0.0,0,0,8.0,0.4295891016108375,4.5632871871133,1,0.0
103,S1,M1,harvester,46,5.8092999999999995,8.0,0.0,0.0,0,0,8.0,1.0,0.0,0,0.3
103,S1,M2,forwarder,46,5.8092999999999995,8.0,0.0,0.0,0,0,8.0,1.0,0.0,0,0.3
104,S1,M1,harvester,46,8.299,8.0,0.0,0.0,0,0,8.0,1.0,0.0,0,0.0
104,S1,M2,forwarder,46,8.299,8.0,0.0,0.0,0,0,8.0,1.0,0.0,0,0.0
105,S1,M1,harvester,46,8.299,8.0,0.0,0.0,0,0,8.0,1.0,0.0,0,0.0
105,S1,M2,forwarder,46,8.299,8.0,0.0,0.0,0,0,8.0,1.0,0.0,0,0.0
106,S1,M1,harvester,46,8.299,8.0,0.0,0.0,0,0,8.0,1.0,0.0,0,0.0
106,S1,M2,forwarder,46,8.299,8.0,0.0,0.0,0,0,8.0,1.0,0.0,0,0.0
12,S1,M2,forwarder,47,5.823300000000001,8.0,0.0,0.0,0,0,8.0,1.0,0.0,0,0.3
37,S1,M1,harvester,47,13.112,8.0,0.0,0.0,0,0,8.0,1.0,0.0,0,0.0
37,S1,M2,forwarder,47,10.432,8.0,0.0,0.0,0,0,8.0,1.0,0.0,0,0.0
38,S1,M1,harvester,47,13.112,8.0,0.0,0.0,0,0,8.0,1.0,0.0,0,0.0
38,S1,M2,forwarder,47,10.432,8.0,0.0,0.0,0,0,8.0,1.0,0.0,0,0.0
39,S1,M1,harvester,47,13.112,8.0,0.0,0.0,0,0,8.0,1.0,0.0,0,0.0
39,S1,M2,forwarder,47,3.3415868583033848,2.5625666091283623,5.437433390871638,0.0,0,0,8.0,0.3203208261410453,5.437433390871638,1,0.0
40,S1,M1,harvester,47,13.112,8.0,0.0,0.0,0,0,8.0,1.0,0.0,0,0.0
40,S1,M2,forwarder,47,10.432,8.0,0.0,0.0,0,0,8.0,1.0,0.0,0,0.0
41,S1,M1,harvester,47,13.112,8.0,0.0,0.0,0,0,8.0,1.0,0.0,0,0.0
41,S1,M2,forwarder,47,10.432,8.0,0.0,0.0,0,0,8.0,1.0,0.0,0,0.0
42,S1,M1,harvester,47,13.112,8.0,0.0,0.0,0,0,8.0,1.0,0.0,0,0.0
42,S1,M2,forwarder,47,10.432,8.0,0.0,0.0,0,0,8.0,1.0,0.0,0,0.0
43,S1,M1,harvester,47,10.007122987641594,8.0,0.0,0.0,0,0,8.0,1.0,0.0,0,0.0
43,S1,M2,forwarder,47,5.47680520558125,5.503125364927271,2.4968746350727287,0.0,0,0,8.0,0.6878906706159089,2.496874635072728,1,0.0
44,S1,M2,forwarder,47,10.432,8.0,0.0,0.0,0,0,8.0,1.0,0.0,0,0.0
45,S1,M1,harvester,47,13.112,8.0,0.0,0.0,0,0,8.0,1.0,0.0,0,0.0
45,S1,M2,forwarder,47,10.432,8.0,0.0,0.0,0,0,8.0,1.0,0.0,0,0.0
46,S1,M1,harvester,47,10.168689220664701,8.0,0.0,0.0,0,0,8.0,1.0,0.0,0,0.0
46,S1,M2,forwarder,47,8.0902811127192,8.0,0.0,0.0,0,0,8.0,1.0,0.0,0,0.0
47,S1,M1,harvester,47,13.112,8.0,0.0,0.0,0,0,8.0,1.0,0.0,0,0.0
47,S1,M2,forwarder,47,10.432,8.0,0.0,0.0,0,0,8.0,1.0,0.0,0,0.0
48,S1,M1,harvester,47,13.112,8.0,0.0,0.0,0,0,8.0,1.0,0.0,0,0.0
48,S1,M2,forwarder,47,10.432,8.0,0.0,0.0,0,0,8.0,1.0,0.0,0,0.0
49,S1,M1,harvester,47,13.112,8.0,0.0,0.0,0,0,8.0,1.0,0.0,0,0.0
49,S1,M2,forwarder,47,10.432,8.0,0.0,0.0,0,0,8.0,1.0,0.0,0,0.0
50,S1,M1,harvester,47,13.112,8.0,0.0,0.0,0,0,8.0,1.0,0.0,0,0.0
50,S1,M2,forwarder,47,10.432,8.0,0.0,0.0,0,0,8.0,1.0,0.0,0,0.0
51,S1,M1,harvester,47,13.112,8.0,0.0,0.0,0,0,8.0,1.0,0.0,0,0.0
51,S1,M2,forwarder,47,10.432,8.0,0.0,0.0,0,0,8.0,1.0,0.0,0,0.0
52,S1,M1,harvester,47,13.112,8.0,0.0,0.0,0,0,8.0,1.0,0.0,0,0.0
52,S1,M2,forwarder,47,10.432,8.0,0.0,0.0,0,0,8.0,1.0,0.0,0,0.0
53,S1,M1,harvester,47,13.112,8.0,0.0,0.0,0,0,8.0,1.0,0.0,0,0.0
54,S1,M1,harvester,47,13.112,8.0,0.0,0.0,0,0,8.0,1.0,0.0,0,0.0
54,S1,M2,forwarder,47,10.432,8.0,0.0,0.0,0,0,8.0,1.0,0.0,0,0.0
55,S1,M1,harvester,47,13.112,8.0,0.0,0.0,0,0,8.0,1.0,0.0,0,0.0
55,S1,M2,forwarder,47,10.432,8.0,0.0,0.0,0,0,8.0,1.0,0.0,0,0.0
56,S1,M1,harvester,47,13.112,8.0,0.0,0.0,0,0,8.0,1.0,0.0,0,0.0
56,S1,M2,forwarder,47,10.432,8.0,0.0,0.0,0,0,8.0,1.0,0.0,0,0.0
57,S1,M1,harvester,47,3.3986265893108967,2.733113461448248,5.266886538551752,0.0,0,0,8.0,0.341639182681031,5.266886538551752,1,0.0
57,S1,M2,forwarder,47,9.948,8.0,0.0,0.0,0,0,8.0,1.0,0.0,0,0.0
58,S1,M1,harvester,47,6.9636,8.0,0.0,0.0,0,0,8.0,1.0,0.0,0,0.3
58,S1,M2,forwarder,47,6.9636,8.0,0.0,0.0,0,0,8.0,1.0,0.0,0,0.3
59,S1,M1,harvester,47,9.948,8.0,0.0,0.0,0,0,8.0,1.0,0.0,0,0.0
60,S1,M2,forwarder,47,9.948,8.0,0.0,0.0,0,0,8.0,1.0,0.0,0,0.0
61,S1,M1,harvester,47,9.948,8.0,0.0,0.0,0,0,8.0,1.0,0.0,0,0.0
61,S1,M2,forwarder,47,9.948,8.0,0.0,0.0,0,0,8.0,1.0,0.0,0,0.0
62,S1,M1,harvester,47,13.112,8.0,0.0,0.0,0,0,8.0,1.0,0.0,0,0.0
62,S1,M2,forwarder,47,10.432,8.0,0.0,0.0,0,0,8.0,1.0,0.0,0,0.0
63,S1,M1,harvester,47,13.112,8.0,0.0,0.0,0,0,8.0,1.0,0.0,0,0.0
64,S1,M1,harvester,47,13.112,8.0,0.0,0.0,0,0,8.0,1.0,0.0,0,0.0
64,S1,M2,forwarder,47,10.432,8.0,0.0,0.0,0,0,8.0,1.0,0.0,0,0.0
65,S1,M1,harvester,47,13.112,8.0,0.0,0.0,0,0,8.0,1.0,0.0,0,0.0
66,S1,M1,harvester,47,13.112,8.0,0.0,0.0,0,0,8.0,1.0,0.0,0,0.0
67,S1,M1,harvester,47,13.112,8.0,0.0,0.0,0,0,8.0,1.0,0.0,0,0.0
67,S1,M2,forwarder,47,10.432,8.0,0.0,0.0,0,0,8.0,1.0,0.0,0,0.0
68,S1,M1,harvester,47,13.112,8.0,0.0,0.0,0,0,8.0,1.0,0.0,0,0.0
68,S1,M2,forwarder,47,10.432,8.0,0.0,0.0,0,0,8.0,1.0,0.0,0,0.0
69,S1,M1,harvester,47,13.112,8.0,0.0,0.0,0,0,8.0,1.0,0.0,0,0.0
69,S1,M2,forwarder,47,10.432,8.0,0.0,0.0,0,0,8.0,1.0,0.0,0,0.0
70,S1,M1,harvester,47,13.112,8.0,0.0,0.0,0,0,8.0,1.0,0.0,0,0.0
70,S1,M2,forwarder,47,10.432,8.0,0.0,0.0,0,0,8.0,1.0,0.0,0,0.0
71,S1,M2,forwarder,47,10.432,8.0,0.0,0.0,0,0,8.0,1.0,0.0,0,0.0
72,S1,M1,harvester,47,13.112,8.0,0.0,0.0,0,0,8.0,1.0,0.0,0,0.0
72,S1,M2,forwarder,47,10.432,8.0,0.0,0.0,0,0,8.0,1.0,0.0,0,0.0
73,S1,M1,harvester,47,13.112,8.0,0.0,0.0,0,0,8.0,1.0,0.0,0,0.0
73,S1,M2,forwarder,47,10.432,8.0,0.0,0.0,0,0,8.0,1.0,0.0,0,0.0
74,S1,M1,harvester,47,13.112,8.0,0.0,0.0,0,0,8.0,1.0,0.0,0,0.0
75,S1,M2,forwarder,47,7.3024,8.0,0.0,0.0,0,0,8.0,1.0,0.0,0,0.3
77,S1,M1,harvester,47,13.112,8.0,0.0,0.0,0,0,8.0,1.0,0.0,0,0.0
77,S1,M2,forwarder,47,10.432,8.0,0.0,0.0,0,0,8.0,1.0,0.0,0,0.0
78,S1,M1,harvester,47,13.112,8.0,0.0,0.0,0,0,8.0,1.0,0.0,0,0.0
78,S1,M2,forwarder,47,10.432,8.0,0.0,0.0,0,0,8.0,1.0,0.0,0,0.0
79,S1,M1,harvester,47,13.112,8.0,0.0,0.0,0,0,8.0,1.0,0.0,0,0.0
79,S1,M2,forwarder,47,10.432,8.0,0.0,0.0,0,0,8.0,1.0,0.0,0,0.0
80,S1,M1,harvester,47,13.112,8.0,0.0,0.0,0,0,8.0,1.0,0.0,0,0.0
80,S1,M2,forwarder,47,10.432,8.0,0.0,0.0,0,0,8.0,1.0,0.0,0,0.0
81,S1,M1,harvester,47,13.112,8.0,0.0,0.0,0,0,8.0,1.0,0.0,0,0.0
81,S1,M2,forwarder,47,10.432,8.0,0.0,0.0,0,0,8.0,1.0,0.0,0,0.0
82,S1,M1,harvester,47,13.112,8.0,0.0,0.0,0,0,8.0,1.0,0.0,0,0.0
83,S1,M1,harvester,47,13.112,8.0,0.0,0.0,0,0,8.0,1.0,0.0,0,0.0
83,S1,M2,forwarder,47,10.432,8.0,0.0,0.0,0,0,8.0,1.0,0.0,0,0.0
84,S1,M1,harvester,47,13.112,8.0,0.0,0.0,0,0,8.0,1.0,0.0,0,0.0
84,S1,M2,forwarder,47,10.432,8.0,0.0,0.0,0,0,8.0,1.0,0.0,0,0.0
85,S1,M1,harvester,47,13.112,8.0,0.0,0.0,0,0,8.0,1.0,0.0,0,0.0
85,S1,M2,forwarder,47,10.432,8.0,0.0,0.0,0,0,8.0,1.0,0.0,0,0.0
86,S1,M1,harvester,47,13.112,8.0,0.0,0.0,0,0,8.0,1.0,0.0,0,0.0
86,S1,M2,forwarder,47,10.432,8.0,0.0,0.0,0,0,8.0,1.0,0.0,0,0.0
87,S1,M1,harvester,47,13.112,8.0,0.0,0.0,0,0,8.0,1.0,0.0,0,0.0
87,S1,M2,forwarder,47,10.432,8.0,0.0,0.0,0,0,8.0,1.0,0.0,0,0.0
88,S1,M1,harvester,47,13.112,8.0,0.0,0.0,0,0,8.0,1.0,0.0,0,0.0
88,S1,M2,forwarder,47,10.432,8.0,0.0,0.0,0,0,8.0,1.0,0.0,0,0.0
89,S1,M1,harvester,47,13.112,8.0,0.0,0.0,0,0,8.0,1.0,0.0,0,0.0
89,S1,M2,forwarder,47,10.432,8.0,0.0,0.0,0,0,8.0,1.0,0.0,0,0.0
90,S1,M1,harvester,47,13.112,8.0,0.0,0.0,0,0,8.0,1.0,0.0,0,0.0
91,S1,M1,harvester,47,13.112,8.0,0.0,0.0,0,0,8.0,1.0,0.0,0,0.0
91,S1,M2,forwarder,47,10.432,8.0,0.0,0.0,0,0,8.0,1.0,0.0,0,0.0
92,S1,M1,harvester,47,13.112,8.0,0.0,0.0,0,0,8.0,1.0,0.0,0,0.0
93,S1,M2,forwarder,47,10.432,8.0,0.0,0.0,0,0,8.0,1.0,0.0,0,0.0
94,S1,M1,harvester,47,7.0125102668160855,8.0,0.0,0.0,0,0,8.0,1.0,0.0,0,0.0
94,S1,M2,forwarder,47,5.579202799224024,8.0,0.0,0.0,0,0,8.0,1.0,0.0,0,0.0
95,S1,M1,harvester,47,13.112,8.0,0.0,0.0,0,0,8.0,1.0,0.0,0,0.0
95,S1,M2,forwarder,47,10.432,8.0,0.0,0.0,0,0,8.0,1.0,0.0,0,0.0
96,S1,M1,harvester,47,13.112,8.0,0.0,0.0,0,0,8.0,1.0,0.0,0,0.0
96,S1,M2,forwarder,47,10.432,8.0,0.0,0.0,0,0,8.0,1.0,0.0,0,0.0
97,S1,M1,harvester,47,13.112,8.0,0.0,0.0,0,0,8.0,1.0,0.0,0,0.0
97,S1,M2,forwarder,47,10.432,8.0,0.0,0.0,0,0,8.0,1.0,0.0,0,0.0
98,S1,M1,harvester,47,13.112,8.0,0.0,0.0,0,0,8.0,1.0,0.0,0,0.0
98,S1,M2,forwarder,47,10.432,8.0,0.0,0.0,0,0,8.0,1.0,0.0,0,0.0
99,S1,M1,harvester,47,13.112,8.0,0.0,0.0,0,0,8.0,1.0,0.0,0,0.0
99,S1,M2,forwarder,47,10.432,8.0,0.0,0.0,0,0,8.0,1.0,0.0,0,0.0
101,S1,M1,harvester,47,8.299,8.0,0.0,0.0,0,0,8.0,1.0,0.0,0,0.0
101,S1,M2,forwarder,47,8.299,8.0,0.0,0.0,0,0,8.0,1.0,0.0,0,0.0
102,S1,M1,harvester,47,5.8092999999999995,8.0,0.0,0.0,0,0,8.0,1.0,0.0,0,0.3
103,S1,M1,harvester,47,8.299,8.0,0.0,0.0,0,0,8.0,1.0,0.0,0,0.0
103,S1,M2,forwarder,47,8.299,8.0,0.0,0.0,0,0,8.0,1.0,0.0,0,0.0
104,S1,M1,harvester,47,8.299,8.0,0.0,0.0,0,0,8.0,1.0,0.0,0,0.0
104,S1,M2,forwarder,47,8.299,8.0,0.0,0.0,0,0,8.0,1.0,0.0,0,0.0
105,S1,M1,harvester,47,8.299,8.0,0.0,0.0,0,0,8.0,1.0,0.0,0,0.0
105,S1,M2,forwarder,47,8.299,8.0,0.0,0.0,0,0,8.0,1.0,0.0,0,0.0
106,S1,M1,harvester,47,8.299,8.0,0.0,0.0,0,0,8.0,1.0,0.0,0,0.0
106,S1,M2,forwarder,47,8.299,8.0,0.0,0.0,0,0,8.0,1.0,0.0,0,0.0
12,S1,M2,forwarder,48,8.319,8.0,0.0,0.0,0,0,8.0,1.0,0.0,0,0.0
37,S1,M1,harvester,48,13.112,8.0,0.0,0.0,0,0,8.0,1.0,0.0,0,0.0
37,S1,M2,forwarder,48,10.432,8.0,0.0,0.0,0,0,8.0,1.0,0.0,0,0.0
38,S1,M1,harvester,48,13.112,8.0,0.0,0.0,0,0,8.0,1.0,0.0,0,0.0
38,S1,M2,forwarder,48,10.432,8.0,0.0,0.0,0,0,8.0,1.0,0.0,0,0.0
39,S1,M1,harvester,48,9.1784,8.0,0.0,0.0,0,0,8.0,1.0,0.0,0,0.3
39,S1,M2,forwarder,48,7.3024,8.0,0.0,0.0,0,0,8.0,1.0,0.0,0,0.3
40,S1,M1,harvester,48,13.112,8.0,0.0,0.0,0,0,8.0,1.0,0.0,0,0.0
40,S1,M2,forwarder,48,10.432,8.0,0.0,0.0,0,0,8.0,1.0,0.0,0,0.0
41,S1,M1,harvester,48,13.112,8.0,0.0,0.0,0,0,8.0,1.0,0.0,0,0.0
41,S1,M2,forwarder,48,10.432,8.0,0.0,0.0,0,0,8.0,1.0,0.0,0,0.0
42,S1,M1,harvester,48,13.112,8.0,0.0,0.0,0,0,8.0,1.0,0.0,0,0.0
42,S1,M2,forwarder,48,10.432,8.0,0.0,0.0,0,0,8.0,1.0,0.0,0,0.0
43,S1,M1,harvester,48,9.1784,8.0,0.0,0.0,0,0,8.0,1.0,0.0,0,0.3
43,S1,M2,forwarder,48,7.3024,8.0,0.0,0.0,0,0,8.0,1.0,0.0,0,0.3
44,S1,M2,forwarder,48,10.432,8.0,0.0,0.0,0,0,8.0,1.0,0.0,0,0.0
45,S1,M1,harvester,48,13.112,8.0,0.0,0.0,0,0,8.0,1.0,0.0,0,0.0
45,S1,M2,forwarder,48,10.432,8.0,0.0,0.0,0,0,8.0,1.0,0.0,0,0.0
46,S1,M1,harvester,48,13.112,8.0,0.0,0.0,0,0,8.0,1.0,0.0,0,0.0
46,S1,M2,forwarder,48,10.432,8.0,0.0,0.0,0,0,8.0,1.0,0.0,0,0.0
47,S1,M1,harvester,48,13.112,8.0,0.0,0.0,0,0,8.0,1.0,0.0,0,0.0
47,S1,M2,forwarder,48,10.432,8.0,0.0,0.0,0,0,8.0,1.0,0.0,0,0.0
48,S1,M1,harvester,48,9.1784,8.0,0.0,0.0,0,0,8.0,1.0,0.0,0,0.3
48,S1,M2,forwarder,48,7.3024,8.0,0.0,0.0,0,0,8.0,1.0,0.0,0,0.3
49,S1,M1,harvester,48,13.112,8.0,0.0,0.0,0,0,8.0,1.0,0.0,0,0.0
49,S1,M2,forwarder,48,10.432,8.0,0.0,0.0,0,0,8.0,1.0,0.0,0,0.0
50,S1,M1,harvester,48,13.112,8.0,0.0,0.0,0,0,8.0,1.0,0.0,0,0.0
50,S1,M2,forwarder,48,10.432,8.0,0.0,0.0,0,0,8.0,1.0,0.0,0,0.0
51,S1,M1,harvester,48,10.441758312044424,8.0,0.0,0.0,0,0,8.0,1.0,0.0,0,0.0
51,S1,M2,forwarder,48,8.307536814463655,8.0,0.0,0.0,0,0,8.0,1.0,0.0,0,0.0
52,S1,M1,harvester,48,13.112,8.0,0.0,0.0,0,0,8.0,1.0,0.0,0,0.0
52,S1,M2,forwarder,48,10.432,8.0,0.0,0.0,0,0,8.0,1.0,0.0,0,0.0
53,S1,M1,harvester,48,13.112,8.0,0.0,0.0,0,0,8.0,1.0,0.0,0,0.0
54,S1,M1,harvester,48,13.112,8.0,0.0,0.0,0,0,8.0,1.0,0.0,0,0.0
54,S1,M2,forwarder,48,10.432,8.0,0.0,0.0,0,0,8.0,1.0,0.0,0,0.0
55,S1,M1,harvester,48,9.1784,8.0,0.0,0.0,0,0,8.0,1.0,0.0,0,0.3
55,S1,M2,forwarder,48,7.3024,8.0,0.0,0.0,0,0,8.0,1.0,0.0,0,0.3
56,S1,M1,harvester,48,13.112,8.0,0.0,0.0,0,0,8.0,1.0,0.0,0,0.0
56,S1,M2,forwarder,48,10.432,8.0,0.0,0.0,0,0,8.0,1.0,0.0,0,0.0
57,S1,M1,harvester,48,4.161530499802242,3.346626859511252,4.653373140488748,0.0,0,0,8.0,0.4183283574389065,4.653373140488748,1,0.0
57,S1,M2,forwarder,48,9.948,8.0,0.0,0.0,0,0,8.0,1.0,0.0,0,0.0
58,S1,M1,harvester,48,9.948,8.0,0.0,0.0,0,0,8.0,1.0,0.0,0,0.0
58,S1,M2,forwarder,48,9.948,8.0,0.0,0.0,0,0,8.0,1.0,0.0,0,0.0
59,S1,M1,harvester,48,7.803285861828058,8.0,0.0,0.0,0,0,8.0,1.0,0.0,0,0.0
60,S1,M2,forwarder,48,6.9636,8.0,0.0,0.0,0,0,8.0,1.0,0.0,0,0.3
61,S1,M1,harvester,48,9.948,8.0,0.0,0.0,0,0,8.0,1.0,0.0,0,0.0
61,S1,M2,forwarder,48,9.948,8.0,0.0,0.0,0,0,8.0,1.0,0.0,0,0.0
62,S1,M1,harvester,48,13.112,8.0,0.0,0.0,0,0,8.0,1.0,0.0,0,0.0
62,S1,M2,forwarder,48,10.432,8.0,0.0,0.0,0,0,8.0,1.0,0.0,0,0.0
63,S1,M1,harvester,48,13.112,8.0,0.0,0.0,0,0,8.0,1.0,0.0,0,0.0
64,S1,M1,harvester,48,13.112,8.0,0.0,0.0,0,0,8.0,1.0,0.0,0,0.0
64,S1,M2,forwarder,48,10.432,8.0,0.0,0.0,0,0,8.0,1.0,0.0,0,0.0
65,S1,M1,harvester,48,13.112,8.0,0.0,0.0,0,0,8.0,1.0,0.0,0,0.0
66,S1,M1,harvester,48,13.112,8.0,0.0,0.0,0,0,8.0,1.0,0.0,0,0.0
67,S1,M1,harvester,48,13.112,8.0,0.0,0.0,0,0,8.0,1.0,0.0,0,0.0
67,S1,M2,forwarder,48,10.432,8.0,0.0,0.0,0,0,8.0,1.0,0.0,0,0.0
68,S1,M1,harvester,48,13.112,8.0,0.0,0.0,0,0,8.0,1.0,0.0,0,0.0
68,S1,M2,forwarder,48,4.268450396823145,3.2733515313060924,4.726648468693908,0.0,0,0,8.0,0.40916894141326154,4.726648468693908,1,0.0
69,S1,M1,harvester,48,13.112,8.0,0.0,0.0,0,0,8.0,1.0,0.0,0,0.0
69,S1,M2,forwarder,48,10.432,8.0,0.0,0.0,0,0,8.0,1.0,0.0,0,0.0
70,S1,M1,harvester,48,9.304221001741935,8.0,0.0,0.0,0,0,8.0,1.0,0.0,0,0.0
70,S1,M2,forwarder,48,7.402504079482296,8.0,0.0,0.0,0,0,8.0,1.0,0.0,0,0.0
71,S1,M2,forwarder,48,10.432,8.0,0.0,0.0,0,0,8.0,1.0,0.0,0,0.0
72,S1,M1,harvester,48,9.1784,8.0,0.0,0.0,0,0,8.0,1.0,0.0,0,0.3
72,S1,M2,forwarder,48,7.3024,8.0,0.0,0.0,0,0,8.0,1.0,0.0,0,0.3
73,S1,M1,harvester,48,13.112,8.0,0.0,0.0,0,0,8.0,1.0,0.0,0,0.0
73,S1,M2,forwarder,48,10.432,8.0,0.0,0.0,0,0,8.0,1.0,0.0,0,0.0
74,S1,M1,harvester,48,13.112,8.0,0.0,0.0,0,0,8.0,1.0,0.0,0,0.0
75,S1,M2,forwarder,48,10.432,8.0,0.0,0.0,0,0,8.0,1.0,0.0,0,0.0
77,S1,M1,harvester,48,13.112,8.0,0.0,0.0,0,0,8.0,1.0,0.0,0,0.0
77,S1,M2,forwarder,48,10.432,8.0,0.0,0.0,0,0,8.0,1.0,0.0,0,0.0
78,S1,M1,harvester,48,13.112,8.0,0.0,0.0,0,0,8.0,1.0,0.0,0,0.0
78,S1,M2,forwarder,48,10.432,8.0,0.0,0.0,0,0,8.0,1.0,0.0,0,0.0
79,S1,M1,harvester,48,9.1784,8.0,0.0,0.0,0,0,8.0,1.0,0.0,0,0.3
79,S1,M2,forwarder,48,7.3024,8.0,0.0,0.0,0,0,8.0,1.0,0.0,0,0.3
80,S1,M1,harvester,48,13.112,8.0,0.0,0.0,0,0,8.0,1.0,0.0,0,0.0
80,S1,M2,forwarder,48,10.432,8.0,0.0,0.0,0,0,8.0,1.0,0.0,0,0.0
81,S1,M1,harvester,48,9.1784,8.0,0.0,0.0,0,0,8.0,1.0,0.0,0,0.3
81,S1,M2,forwarder,48,7.3024,8.0,0.0,0.0,0,0,8.0,1.0,0.0,0,0.3
82,S1,M1,harvester,48,13.112,8.0,0.0,0.0,0,0,8.0,1.0,0.0,0,0.0
83,S1,M1,harvester,48,9.1784,8.0,0.0,0.0,0,0,8.0,1.0,0.0,0,0.3
83,S1,M2,forwarder,48,7.3024,8.0,0.0,0.0,0,0,8.0,1.0,0.0,0,0.3
84,S1,M1,harvester,48,13.112,8.0,0.0,0.0,0,0,8.0,1.0,0.0,0,0.0
84,S1,M2,forwarder,48,10.432,8.0,0.0,0.0,0,0,8.0,1.0,0.0,0,0.0
85,S1,M1,harvester,48,13.112,8.0,0.0,0.0,0,0,8.0,1.0,0.0,0,0.0
85,S1,M2,forwarder,48,10.432,8.0,0.0,0.0,0,0,8.0,1.0,0.0,0,0.0
86,S1,M1,harvester,48,9.1784,8.0,0.0,0.0,0,0,8.0,1.0,0.0,0,0.3
86,S1,M2,forwarder,48,7.3024,8.0,0.0,0.0,0,0,8.0,1.0,0.0,0,0.3
87,S1,M1,harvester,48,13.112,8.0,0.0,0.0,0,0,8.0,1.0,0.0,0,0.0
87,S1,M2,forwarder,48,10.432,8.0,0.0,0.0,0,0,8.0,1.0,0.0,0,0.0
88,S1,M1,harvester,48,13.112,8.0,0.0,0.0,0,0,8.0,1.0,0.0,0,0.0
88,S1,M2,forwarder,48,10.432,8.0,0.0,0.0,0,0,8.0,1.0,0.0,0,0.0
89,S1,M1,harvester,48,9.1784,8.0,0.0,0.0,0,0,8.0,1.0,0.0,0,0.3
89,S1,M2,forwarder,48,7.3024,8.0,0.0,0.0,0,0,8.0,1.0,0.0,0,0.3
90,S1,M1,harvester,48,13.112,8.0,0.0,0.0,0,0,8.0,1.0,0.0,0,0.0
91,S1,M1,harvester,48,5.968733040800767,8.0,0.0,0.0,0,0,8.0,1.0,0.0,0,0.3
91,S1,M2,forwarder,48,4.748766250887248,8.0,0.0,0.0,0,0,8.0,1.0,0.0,0,0.3
92,S1,M1,harvester,48,2.464711140801448,1.503789591703141,6.496210408296859,0.0,0,0,8.0,0.18797369896289262,6.496210408296859,1,0.0
93,S1,M2,forwarder,48,10.432,8.0,0.0,0.0,0,0,8.0,1.0,0.0,0,0.0
94,S1,M1,harvester,48,13.112,8.0,0.0,0.0,0,0,8.0,1.0,0.0,0,0.0
94,S1,M2,forwarder,48,10.432,8.0,0.0,0.0,0,0,8.0,1.0,0.0,0,0.0
95,S1,M1,harvester,48,5.511557635290126,8.0,0.0,0.0,0,0,8.0,1.0,0.0,0,0.3
95,S1,M2,forwarder,48,4.385034262610326,8.0,0.0,0.0,0,0,8.0,1.0,0.0,0,0.3
96,S1,M1,harvester,48,13.112,8.0,0.0,0.0,0,0,8.0,1.0,0.0,0,0.0
96,S1,M2,forwarder,48,10.432,8.0,0.0,0.0,0,0,8.0,1.0,0.0,0,0.0
97,S1,M1,harvester,48,13.112,8.0,0.0,0.0,0,0,8.0,1.0,0.0,0,0.0
97,S1,M2,forwarder,48,10.432,8.0,0.0,0.0,0,0,8.0,1.0,0.0,0,0.0
98,S1,M1,harvester,48,13.112,8.0,0.0,0.0,0,0,8.0,1.0,0.0,0,0.0
98,S1,M2,forwarder,48,10.432,8.0,0.0,0.0,0,0,8.0,1.0,0.0,0,0.0
99,S1,M1,harvester,48,13.112,8.0,0.0,0.0,0,0,8.0,1.0,0.0,0,0.0
99,S1,M2,forwarder,48,10.432,8.0,0.0,0.0,0,0,8.0,1.0,0.0,0,0.0
101,S1,M1,harvester,48,8.299,8.0,0.0,0.0,0,0,8.0,1.0,0.0,0,0.0
101,S1,M2,forwarder,48,8.299,8.0,0.0,0.0,0,0,8.0,1.0,0.0,0,0.0
102,S1,M1,harvester,48,8.299,8.0,0.0,0.0,0,0,8.0,1.0,0.0,0,0.0
103,S1,M1,harvester,48,4.793179818105948,4.620489040227447,3.379510959772553,0.0,0,0,8.0,0.5775611300284309,3.379510959772553,1,0.0
103,S1,M2,forwarder,48,8.299,8.0,0.0,0.0,0,0,8.0,1.0,0.0,0,0.0
104,S1,M1,harvester,48,8.299,8.0,0.0,0.0,0,0,8.0,1.0,0.0,0,0.0
104,S1,M2,forwarder,48,8.299,8.0,0.0,0.0,0,0,8.0,1.0,0.0,0,0.0
105,S1,M1,harvester,48,2.9239430809324003,2.8185979813783835,5.1814020186216165,0.0,0,0,8.0,0.35232474767229793,5.1814020186216165,1,0.0
105,S1,M2,forwarder,48,3.773620551861693,3.6376629009390946,4.362337099060905,0.0,0,0,8.0,0.4547078626173868,4.362337099060905,1,0.0
106,S1,M1,harvester,48,8.299,8.0,0.0,0.0,0,0,8.0,1.0,0.0,0,0.0
106,S1,M2,forwarder,48,8.299,8.0,0.0,0.0,0,0,8.0,1.0,0.0,0,0.0
12,S1,M2,forwarder,49,8.319,8.0,0.0,0.0,0,0,8.0,1.0,0.0,0,0.0
37,S1,M1,harvester,49,13.112,8.0,0.0,0.0,0,0,8.0,1.0,0.0,0,0.0
37,S1,M2,forwarder,49,10.432,8.0,0.0,0.0,0,0,8.0,1.0,0.0,0,0.0
38,S1,M1,harvester,49,13.112,8.0,0.0,0.0,0,0,8.0,1.0,0.0,0,0.0
38,S1,M2,forwarder,49,10.432,8.0,0.0,0.0,0,0,8.0,1.0,0.0,0,0.0
39,S1,M1,harvester,49,13.112,8.0,0.0,0.0,0,0,8.0,1.0,0.0,0,0.0
39,S1,M2,forwarder,49,10.432,8.0,0.0,0.0,0,0,8.0,1.0,0.0,0,0.0
40,S1,M1,harvester,49,13.112,8.0,0.0,0.0,0,0,8.0,1.0,0.0,0,0.0
40,S1,M2,forwarder,49,10.432,8.0,0.0,0.0,0,0,8.0,1.0,0.0,0,0.0
41,S1,M1,harvester,49,13.112,8.0,0.0,0.0,0,0,8.0,1.0,0.0,0,0.0
41,S1,M2,forwarder,49,5.69319797344894,4.365949366141825,3.634050633858175,0.0,0,0,8.0,0.5457436707677281,3.6340506338581746,1,0.0
42,S1,M1,harvester,49,13.112,8.0,0.0,0.0,0,0,8.0,1.0,0.0,0,0.0
42,S1,M2,forwarder,49,10.432,8.0,0.0,0.0,0,0,8.0,1.0,0.0,0,0.0
43,S1,M1,harvester,49,13.112,8.0,0.0,0.0,0,0,8.0,1.0,0.0,0,0.0
43,S1,M2,forwarder,49,10.432,8.0,0.0,0.0,0,0,8.0,1.0,0.0,0,0.0
44,S1,M2,forwarder,49,10.432,8.0,0.0,0.0,0,0,8.0,1.0,0.0,0,0.0
45,S1,M1,harvester,49,13.112,8.0,0.0,0.0,0,0,8.0,1.0,0.0,0,0.0
45,S1,M2,forwarder,49,10.432,8.0,0.0,0.0,0,0,8.0,1.0,0.0,0,0.0
46,S1,M1,harvester,49,13.112,8.0,0.0,0.0,0,0,8.0,1.0,0.0,0,0.0
46,S1,M2,forwarder,49,10.432,8.0,0.0,0.0,0,0,8.0,1.0,0.0,0,0.0
47,S1,M1,harvester,49,13.112,8.0,0.0,0.0,0,0,8.0,1.0,0.0,0,0.0
47,S1,M2,forwarder,49,10.432,8.0,0.0,0.0,0,0,8.0,1.0,0.0,0,0.0
48,S1,M1,harvester,49,13.112,8.0,0.0,0.0,0,0,8.0,1.0,0.0,0,0.0
48,S1,M2,forwarder,49,10.432,8.0,0.0,0.0,0,0,8.0,1.0,0.0,0,0.0
49,S1,M1,harvester,49,13.112,8.0,0.0,0.0,0,0,8.0,1.0,0.0,0,0.0
49,S1,M2,forwarder,49,10.432,8.0,0.0,0.0,0,0,8.0,1.0,0.0,0,0.0
50,S1,M1,harvester,49,13.112,8.0,0.0,0.0,0,0,8.0,1.0,0.0,0,0.0
50,S1,M2,forwarder,49,10.432,8.0,0.0,0.0,0,0,8.0,1.0,0.0,0,0.0
51,S1,M1,harvester,49,13.112,8.0,0.0,0.0,0,0,8.0,1.0,0.0,0,0.0
51,S1,M2,forwarder,49,10.432,8.0,0.0,0.0,0,0,8.0,1.0,0.0,0,0.0
52,S1,M1,harvester,49,13.112,8.0,0.0,0.0,0,0,8.0,1.0,0.0,0,0.0
52,S1,M2,forwarder,49,10.432,8.0,0.0,0.0,0,0,8.0,1.0,0.0,0,0.0
53,S1,M1,harvester,49,13.112,8.0,0.0,0.0,0,0,8.0,1.0,0.0,0,0.0
54,S1,M1,harvester,49,13.112,8.0,0.0,0.0,0,0,8.0,1.0,0.0,0,0.0
54,S1,M2,forwarder,49,10.432,8.0,0.0,0.0,0,0,8.0,1.0,0.0,0,0.0
55,S1,M1,harvester,49,13.112,8.0,0.0,0.0,0,0,8.0,1.0,0.0,0,0.0
55,S1,M2,forwarder,49,10.432,8.0,0.0,0.0,0,0,8.0,1.0,0.0,0,0.0
56,S1,M1,harvester,49,13.112,8.0,0.0,0.0,0,0,8.0,1.0,0.0,0,0.0
56,S1,M2,forwarder,49,10.432,8.0,0.0,0.0,0,0,8.0,1.0,0.0,0,0.0
57,S1,M1,harvester,49,9.948,8.0,0.0,0.0,0,0,8.0,1.0,0.0,0,0.0
57,S1,M2,forwarder,49,6.592617479424074,5.301662629211157,2.6983373707888427,0.0,0,0,8.0,0.6627078286513947,2.6983373707888427,1,0.0
58,S1,M1,harvester,49,9.948,8.0,0.0,0.0,0,0,8.0,1.0,0.0,0,0.0
58,S1,M2,forwarder,49,1.3660700186375927,1.0985685714817794,6.901431428518221,0.0,0,0,8.0,0.13732107143522243,6.901431428518221,1,0.0
59,S1,M1,harvester,49,9.948,8.0,0.0,0.0,0,0,8.0,1.0,0.0,0,0.0
60,S1,M2,forwarder,49,9.948,8.0,0.0,0.0,0,0,8.0,1.0,0.0,0,0.0
61,S1,M1,harvester,49,9.948,8.0,0.0,0.0,0,0,8.0,1.0,0.0,0,0.0
61,S1,M2,forwarder,49,9.948,8.0,0.0,0.0,0,0,8.0,1.0,0.0,0,0.0
62,S1,M1,harvester,49,13.112,8.0,0.0,0.0,0,0,8.0,1.0,0.0,0,0.0
62,S1,M2,forwarder,49,10.432,8.0,0.0,0.0,0,0,8.0,1.0,0.0,0,0.0
63,S1,M1,harvester,49,13.112,8.0,0.0,0.0,0,0,8.0,1.0,0.0,0,0.0
64,S1,M1,harvester,49,13.112,8.0,0.0,0.0,0,0,8.0,1.0,0.0,0,0.0
64,S1,M2,forwarder,49,10.432,8.0,0.0,0.0,0,0,8.0,1.0,0.0,0,0.0
65,S1,M1,harvester,49,13.112,8.0,0.0,0.0,0,0,8.0,1.0,0.0,0,0.0
66,S1,M1,harvester,49,13.112,8.0,0.0,0.0,0,0,8.0,1.0,0.0,0,0.0
67,S1,M1,harvester,49,13.112,8.0,0.0,0.0,0,0,8.0,1.0,0.0,0,0.0
67,S1,M2,forwarder,49,10.432,8.0,0.0,0.0,0,0,8.0,1.0,0.0,0,0.0
68,S1,M1,harvester,49,13.112,8.0,0.0,0.0,0,0,8.0,1.0,0.0,0,0.0
68,S1,M2,forwarder,49,10.432,8.0,0.0,0.0,0,0,8.0,1.0,0.0,0,0.0
69,S1,M1,harvester,49,13.112,8.0,0.0,0.0,0,0,8.0,1.0,0.0,0,0.0
69,S1,M2,forwarder,49,10.432,8.0,0.0,0.0,0,0,8.0,1.0,0.0,0,0.0
70,S1,M1,harvester,49,13.112,8.0,0.0,0.0,0,0,8.0,1.0,0.0,0,0.0
70,S1,M2,forwarder,49,10.432,8.0,0.0,0.0,0,0,8.0,1.0,0.0,0,0.0
71,S1,M2,forwarder,49,10.432,8.0,0.0,0.0,0,0,8.0,1.0,0.0,0,0.0
72,S1,M1,harvester,49,13.112,8.0,0.0,0.0,0,0,8.0,1.0,0.0,0,0.0
72,S1,M2,forwarder,49,10.432,8.0,0.0,0.0,0,0,8.0,1.0,0.0,0,0.0
73,S1,M1,harvester,49,5.3897582771548,3.288443122120073,4.711556877879927,0.0,0,0,8.0,0.41105539026500915,4.711556877879927,1,0.0
73,S1,M2,forwarder,49,10.432,8.0,0.0,0.0,0,0,8.0,1.0,0.0,0,0.0
74,S1,M1,harvester,49,13.112,8.0,0.0,0.0,0,0,8.0,1.0,0.0,0,0.0
75,S1,M2,forwarder,49,10.432,8.0,0.0,0.0,0,0,8.0,1.0,0.0,0,0.0
77,S1,M1,harvester,49,13.112,8.0,0.0,0.0,0,0,8.0,1.0,0.0,0,0.0
77,S1,M2,forwarder,49,10.432,8.0,0.0,0.0,0,0,8.0,1.0,0.0,0,0.0
78,S1,M1,harvester,49,9.1784,8.0,0.0,0.0,0,0,8.0,1.0,0.0,0,0.3
78,S1,M2,forwarder,49,7.3024,8.0,0.0,0.0,0,0,8.0,1.0,0.0,0,0.3
79,S1,M1,harvester,49,7.147375709823493,4.360814954132699,3.6391850458673014,0.0,0,0,8.0,0.5451018692665873,3.6391850458673014,1,0.0
79,S1,M2,forwarder,49,10.432,8.0,0.0,0.0,0,0,8.0,1.0,0.0,0,0.0
80,S1,M1,harvester,49,13.112,8.0,0.0,0.0,0,0,8.0,1.0,0.0,0,0.0
80,S1,M2,forwarder,49,10.432,8.0,0.0,0.0,0,0,8.0,1.0,0.0,0,0.0
81,S1,M1,harvester,49,13.112,8.0,0.0,0.0,0,0,8.0,1.0,0.0,0,0.0
81,S1,M2,forwarder,49,10.432,8.0,0.0,0.0,0,0,8.0,1.0,0.0,0,0.0
82,S1,M1,harvester,49,13.112,8.0,0.0,0.0,0,0,8.0,1.0,0.0,0,0.0
83,S1,M1,harvester,49,13.112,8.0,0.0,0.0,0,0,8.0,1.0,0.0,0,0.0
83,S1,M2,forwarder,49,10.432,8.0,0.0,0.0,0,0,8.0,1.0,0.0,0,0.0
84,S1,M1,harvester,49,13.112,8.0,0.0,0.0,0,0,8.0,1.0,0.0,0,0.0
84,S1,M2,forwarder,49,10.432,8.0,0.0,0.0,0,0,8.0,1.0,0.0,0,0.0
85,S1,M1,harvester,49,13.112,8.0,0.0,0.0,0,0,8.0,1.0,0.0,0,0.0
85,S1,M2,forwarder,49,10.432,8.0,0.0,0.0,0,0,8.0,1.0,0.0,0,0.0
86,S1,M1,harvester,49,13.112,8.0,0.0,0.0,0,0,8.0,1.0,0.0,0,0.0
86,S1,M2,forwarder,49,5.104723288885967,3.914665098838931,4.085334901161069,0.0,0,0,8.0,0.4893331373548664,4.085334901161069,1,0.0
87,S1,M1,harvester,49,4.564289636133806,3.9782878376482227,4.021712162351777,0.0,0,0,8.0,0.49728597970602784,4.021712162351777,1,0.3
87,S1,M2,forwarder,49,7.3024,8.0,0.0,0.0,0,0,8.0,1.0,0.0,0,0.3
88,S1,M1,harvester,49,13.112,8.0,0.0,0.0,0,0,8.0,1.0,0.0,0,0.0
88,S1,M2,forwarder,49,10.432,8.0,0.0,0.0,0,0,8.0,1.0,0.0,0,0.0
89,S1,M1,harvester,49,13.112,8.0,0.0,0.0,0,0,8.0,1.0,0.0,0,0.0
89,S1,M2,forwarder,49,10.432,8.0,0.0,0.0,0,0,8.0,1.0,0.0,0,0.0
90,S1,M1,harvester,49,13.112,8.0,0.0,0.0,0,0,8.0,1.0,0.0,0,0.0
91,S1,M1,harvester,49,13.112,8.0,0.0,0.0,0,0,8.0,1.0,0.0,0,0.0
91,S1,M2,forwarder,49,10.432,8.0,0.0,0.0,0,0,8.0,1.0,0.0,0,0.0
92,S1,M1,harvester,49,13.112,8.0,0.0,0.0,0,0,8.0,1.0,0.0,0,0.0
93,S1,M2,forwarder,49,10.432,8.0,0.0,0.0,0,0,8.0,1.0,0.0,0,0.0
94,S1,M1,harvester,49,13.112,8.0,0.0,0.0,0,0,8.0,1.0,0.0,0,0.0
94,S1,M2,forwarder,49,10.432,8.0,0.0,0.0,0,0,8.0,1.0,0.0,0,0.0
95,S1,M1,harvester,49,13.112,8.0,0.0,0.0,0,0,8.0,1.0,0.0,0,0.0
95,S1,M2,forwarder,49,10.432,8.0,0.0,0.0,0,0,8.0,1.0,0.0,0,0.0
96,S1,M1,harvester,49,13.112,8.0,0.0,0.0,0,0,8.0,1.0,0.0,0,0.0
96,S1,M2,forwarder,49,10.432,8.0,0.0,0.0,0,0,8.0,1.0,0.0,0,0.0
97,S1,M1,harvester,49,9.1784,8.0,0.0,0.0,0,0,8.0,1.0,0.0,0,0.3
97,S1,M2,forwarder,49,7.3024,8.0,0.0,0.0,0,0,8.0,1.0,0.0,0,0.3
98,S1,M1,harvester,49,9.1784,8.0,0.0,0.0,0,0,8.0,1.0,0.0,0,0.3
98,S1,M2,forwarder,49,7.3024,8.0,0.0,0.0,0,0,8.0,1.0,0.0,0,0.3
99,S1,M1,harvester,49,13.112,8.0,0.0,0.0,0,0,8.0,1.0,0.0,0,0.0
99,S1,M2,forwarder,49,10.432,8.0,0.0,0.0,0,0,8.0,1.0,0.0,0,0.0
101,S1,M1,harvester,49,8.299,8.0,0.0,0.0,0,0,8.0,1.0,0.0,0,0.0
101,S1,M2,forwarder,49,8.299,8.0,0.0,0.0,0,0,8.0,1.0,0.0,0,0.0
102,S1,M1,harvester,49,8.299,8.0,0.0,0.0,0,0,8.0,1.0,0.0,0,0.0
103,S1,M1,harvester,49,8.299,8.0,0.0,0.0,0,0,8.0,1.0,0.0,0,0.0
103,S1,M2,forwarder,49,8.299,8.0,0.0,0.0,0,0,8.0,1.0,0.0,0,0.0
104,S1,M1,harvester,49,8.299,8.0,0.0,0.0,0,0,8.0,1.0,0.0,0,0.0
104,S1,M2,forwarder,49,8.299,8.0,0.0,0.0,0,0,8.0,1.0,0.0,0,0.0
105,S1,M1,harvester,49,6.356641542120677,8.0,0.0,0.0,0,0,8.0,1.0,0.0,0,0.0
105,S1,M2,forwarder,49,6.356641542120677,8.0,0.0,0.0,0,0,8.0,1.0,0.0,0,0.0
106,S1,M1,harvester,49,8.299,8.0,0.0,0.0,0,0,8.0,1.0,0.0,0,0.0
106,S1,M2,forwarder,49,8.299,8.0,0.0,0.0,0,0,8.0,1.0,0.0,0,0.0
