{
  "samples": 1,
  "total_production": 229.33399999999997,
  "total_hours": 2256.0,
  "mobilisation_cost": 1500.0,
  "average_utilisation": 0.3457010582010582
}
