day,sample_id,production_units,total_hours,idle_hours,mobilisation_cost,completed_blocks,blackout_conflicts,sequencing_violations,available_hours,utilisation_ratio,downtime_hours,downtime_events,weather_severity_total
1,0,0.0,0.0,16.0,0.0,0,0,0,16.0,0.0,0.0,0,0.0
2,0,0.0,0.0,16.0,0.0,0,0,0,16.0,0.0,0.0,0,0.0
3,0,0.0,0.0,16.0,0.0,0,0,0,16.0,0.0,0.0,0,0.0
4,0,0.0,0.0,16.0,0.0,0,0,0,16.0,0.0,0.0,0,0.0
5,0,0.0,0.0,16.0,0.0,0,0,0,16.0,0.0,0.0,0,0.0
6,0,0.0,0.0,16.0,0.0,0,0,0,16.0,0.0,0.0,0,0.0
7,0,0.0,0.0,16.0,0.0,0,0,0,16.0,0.0,0.0,0,0.0
8,0,0.0,0.0,16.0,0.0,0,0,0,16.0,0.0,0.0,0,0.0
9,0,0.0,0.0,16.0,0.0,0,0,0,16.0,0.0,0.0,0,0.0
10,0,0.0,0.0,16.0,0.0,0,0,0,16.0,0.0,0.0,0,0.0
11,0,0.0,0.0,8.0,0.0,0,0,0,8.0,0.0,0.0,0,0.0
12,0,8.319,8.0,8.0,0.0,0,0,0,16.0,0.5,0.0,0,0.0
13,0,0.0,0.0,16.0,0.0,0,0,0,16.0,0.0,0.0,0,0.0
14,0,0.0,0.0,16.0,0.0,0,0,0,16.0,0.0,0.0,0,0.0
15,0,0.0,0.0,16.0,0.0,0,0,0,16.0,0.0,0.0,0,0.0
16,0,0.0,0.0,16.0,0.0,0,0,0,16.0,0.0,0.0,0,0.0
17,0,0.0,0.0,8.0,0.0,0,0,0,8.0,0.0,0.0,0,0.0
18,0,0.0,0.0,16.0,0.0,0,0,0,16.0,0.0,0.0,0,0.0
19,0,0.0,0.0,16.0,0.0,0,0,0,16.0,0.0,0.0,0,0.0
20,0,0.0,0.0,8.0,0.0,0,0,0,8.0,0.0,0.0,0,0.0
21,0,0.0,0.0,8.0,0.0,0,0,0,8.0,0.0,0.0,0,0.0
22,0,0.0,0.0,16.0,0.0,0,0,0,16.0,0.0,0.0,0,0.0
23,0,0.0,0.0,16.0,0.0,0,0,0,16.0,0.0,0.0,0,0.0
24,0,0.0,0.0,16.0,0.0,0,0,0,16.0,0.0,0.0,0,0.0
25,0,0.0,0.0,16.0,0.0,0,0,0,16.0,0.0,0.0,0,0.0
26,0,0.0,0.0,16.0,0.0,0,0,0,16.0,0.0,0.0,0,0.0
27,0,0.0,0.0,16.0,0.0,0,0,0,16.0,0.0,0.0,0,0.0
28,0,0.0,0.0,16.0,0.0,0,0,0,16.0,0.0,0.0,0,0.0
29,0,0.0,0.0,16.0,0.0,0,0,0,16.0,0.0,0.0,0,0.0
30,0,0.0,0.0,16.0,0.0,0,0,0,16.0,0.0,0.0,0,0.0
31,0,0.0,0.0,16.0,0.0,0,0,0,16.0,0.0,0.0,0,0.0
32,0,0.0,0.0,16.0,0.0,0,0,0,16.0,0.0,0.0,0,0.0
33,0,0.0,0.0,16.0,0.0,0,0,0,16.0,0.0,0.0,0,0.0
34,0,0.0,0.0,16.0,0.0,0,0,0,16.0,0.0,0.0,0,0.0
35,0,0.0,0.0,8.0,0.0,0,0,0,8.0,0.0,0.0,0,0.0
36,0,0.0,0.0,16.0,0.0,0,0,0,16.0,0.0,0.0,0,0.0
37,0,7.3024,8.0,8.0,0.0,0,0,0,16.0,0.5,0.0,0,0.3
38,0,10.432,8.0,8.0,0.0,0,0,0,16.0,0.5,0.0,0,0.0
39,0,10.432,8.0,8.0,0.0,0,0,0,16.0,0.5,0.0,0,0.0
40,0,10.432,8.0,8.0,0.0,0,0,0,16.0,0.5,0.0,0,0.0
41,0,10.432,8.0,8.0,0.0,0,0,0,16.0,0.5,0.0,0,0.0
42,0,10.432,8.0,8.0,0.0,0,0,0,16.0,0.5,0.0,0,0.0
43,0,7.3024,8.0,8.0,0.0,0,0,0,16.0,0.5,0.0,0,0.3
44,0,10.432,8.0,0.0,0.0,0,0,0,8.0,1.0,0.0,0,0.0
45,0,7.3024,8.0,8.0,0.0,0,0,0,16.0,0.5,0.0,0,0.3
46,0,10.432,8.0,8.0,0.0,0,0,0,16.0,0.5,0.0,0,0.0
47,0,10.432,8.0,8.0,0.0,0,0,0,16.0,0.5,0.0,0,0.0
48,0,10.432,8.0,8.0,0.0,0,0,0,16.0,0.5,0.0,0,0.0
49,0,10.432,8.0,8.0,0.0,0,0,0,16.0,0.5,0.0,0,0.0
50,0,10.432,8.0,8.0,0.0,0,0,0,16.0,0.5,0.0,0,0.0
51,0,10.432,8.0,8.0,0.0,0,0,0,16.0,0.5,0.0,0,0.0
52,0,10.432,8.0,8.0,0.0,0,0,0,16.0,0.5,0.0,0,0.0
53,0,13.112,8.0,0.0,0.0,0,0,0,8.0,1.0,0.0,0,0.0
54,0,10.432,8.0,8.0,0.0,0,0,0,16.0,0.5,0.0,0,0.0
55,0,10.432,8.0,8.0,0.0,0,0,0,16.0,0.5,0.0,0,0.0
56,0,10.432,8.0,8.0,0.0,0,0,0,16.0,0.5,0.0,0,0.0
57,0,9.948,8.0,8.0,0.0,0,0,0,16.0,0.5,0.0,0,0.0
58,0,9.948,8.0,8.0,0.0,0,0,0,16.0,0.5,0.0,0,0.0
59,0,9.948,8.0,0.0,0.0,0,0,0,8.0,1.0,0.0,0,0.0
60,0,9.948,8.0,0.0,0.0,0,0,0,8.0,1.0,0.0,0,0.0
61,0,2.582931870976871,2.077146659410431,13.922853340589569,0.0,0,0,0,16.0,0.12982166621315194,5.922853340589569,1,0.0
62,0,7.3024,8.0,8.0,0.0,0,0,0,16.0,0.5,0.0,0,0.3
63,0,13.112,8.0,0.0,0.0,0,0,0,8.0,1.0,0.0,0,0.0
64,0,10.432,8.0,8.0,0.0,0,0,0,16.0,0.5,0.0,0,0.0
65,0,13.112,8.0,0.0,0.0,0,0,0,8.0,1.0,0.0,0,0.0
66,0,13.112,8.0,0.0,0.0,0,0,0,8.0,1.0,0.0,0,0.0
67,0,10.432,8.0,8.0,0.0,0,0,0,16.0,0.5,0.0,0,0.0
68,0,10.432,8.0,8.0,0.0,0,0,0,16.0,0.5,0.0,0,0.0
69,0,10.432,8.0,8.0,0.0,0,0,0,16.0,0.5,0.0,0,0.0
70,0,10.432,8.0,8.0,0.0,0,0,0,16.0,0.5,0.0,0,0.0
71,0,10.432,8.0,0.0,0.0,0,0,0,8.0,1.0,0.0,0,0.0
72,0,10.432,8.0,8.0,0.0,0,0,0,16.0,0.5,0.0,0,0.0
73,0,10.432,8.0,8.0,0.0,0,0,0,16.0,0.5,0.0,0,0.0
74,0,13.112,8.0,0.0,0.0,0,0,0,8.0,1.0,0.0,0,0.0
75,0,10.432,8.0,0.0,0.0,0,0,0,8.0,1.0,0.0,0,0.0
77,0,10.432,8.0,8.0,0.0,0,0,0,16.0,0.5,0.0,0,0.0
78,0,7.202831316262372,8.0,8.0,0.0,0,0,0,16.0,0.5,0.0,0,0.0
79,0,10.432,8.0,8.0,0.0,0,0,0,16.0,0.5,0.0,0,0.0
80,0,10.432,8.0,8.0,0.0,0,0,0,16.0,0.5,0.0,0,0.0
81,0,10.432,8.0,8.0,0.0,0,0,0,16.0,0.5,0.0,0,0.0
82,0,7.521661732138206,4.589177383854915,3.4108226161450848,0.0,0,0,0,8.0,0.5736471729818644,3.410822616145085,1,0.0
83,0,10.432,8.0,8.0,0.0,0,0,0,16.0,0.5,0.0,0,0.0
84,0,10.432,8.0,8.0,0.0,0,0,0,16.0,0.5,0.0,0,0.0
85,0,10.432,8.0,8.0,0.0,0,0,0,16.0,0.5,0.0,0,0.0
86,0,10.432,8.0,8.0,0.0,0,0,0,16.0,0.5,0.0,0,0.0
87,0,5.107743494020501,3.916981207070936,12.083018792929064,0.0,0,0,0,16.0,0.2448113254419335,4.083018792929064,1,0.0
88,0,10.432,8.0,8.0,0.0,0,0,0,16.0,0.5,0.0,0,0.0
89,0,10.432,8.0,8.0,0.0,0,0,0,16.0,0.5,0.0,0,0.0
90,0,13.112,8.0,0.0,0.0,0,0,0,8.0,1.0,0.0,0,0.0
91,0,10.432,8.0,8.0,0.0,0,0,0,16.0,0.5,0.0,0,0.0
92,0,13.112,8.0,0.0,0.0,0,0,0,8.0,1.0,0.0,0,0.0
93,0,10.432,8.0,0.0,0.0,0,0,0,8.0,1.0,0.0,0,0.0
94,0,10.432,8.0,8.0,0.0,0,0,0,16.0,0.5,0.0,0,0.0
95,0,10.432,8.0,8.0,0.0,0,0,0,16.0,0.5,0.0,0,0.0
96,0,10.432,8.0,8.0,0.0,0,0,0,16.0,0.5,0.0,0,0.0
97,0,10.432,8.0,8.0,0.0,0,0,0,16.0,0.5,0.0,0,0.0
98,0,4.615524639016062,8.0,8.0,0.0,0,0,0,16.0,0.5,0.0,0,0.0
99,0,8.025343629092792,6.154404623537417,9.845595376462583,0.0,0,0,0,16.0,0.38465028897108855,1.8455953764625836,1,0.0
100,0,0.0,0.0,16.0,0.0,0,0,0,16.0,0.0,0.0,0,0.0
101,0,5.8092999999999995,8.0,8.0,0.0,0,0,0,16.0,0.5,0.0,0,0.3
102,0,8.299,8.0,0.0,0.0,0,0,0,8.0,1.0,0.0,0,0.0
103,0,5.8092999999999995,8.0,8.0,0.0,0,0,0,16.0,0.5,0.0,0,0.3
104,0,8.299,8.0,8.0,0.0,0,0,0,16.0,0.5,0.0,0,0.0
105,0,8.299,8.0,8.0,0.0,0,0,0,16.0,0.5,0.0,0,0.0
106,0,5.8092999999999995,8.0,8.0,0.0,0,0,0,16.0,0.5,0.0,0,0.3
107,0,0.0,0.0,16.0,0.0,0,0,0,16.0,0.0,0.0,0,0.0
108,0,0.0,0.0,16.0,0.0,0,0,0,16.0,0.0,0.0,0,0.0
109,0,0.0,0.0,16.0,0.0,0,0,0,16.0,0.0,0.0,0,0.0
110,0,0.0,0.0,16.0,0.0,0,0,0,16.0,0.0,0.0,0,0.0
111,0,0.0,0.0,16.0,0.0,0,0,0,16.0,0.0,0.0,0,0.0
112,0,0.0,0.0,16.0,0.0,0,0,0,16.0,0.0,0.0,0,0.0
1,1,0.0,0.0,16.0,0.0,0,0,0,16.0,0.0,0.0,0,0.0
2,1,0.0,0.0,16.0,0.0,0,0,0,16.0,0.0,0.0,0,0.0
3,1,0.0,0.0,16.0,0.0,0,0,0,16.0,0.0,0.0,0,0.0
4,1,0.0,0.0,16.0,0.0,0,0,0,16.0,0.0,0.0,0,0.0
5,1,0.0,0.0,16.0,0.0,0,0,0,16.0,0.0,0.0,0,0.0
6,1,0.0,0.0,16.0,0.0,0,0,0,16.0,0.0,0.0,0,0.0
7,1,0.0,0.0,16.0,0.0,0,0,0,16.0,0.0,0.0,0,0.0
8,1,0.0,0.0,16.0,0.0,0,0,0,16.0,0.0,0.0,0,0.0
9,1,0.0,0.0,16.0,0.0,0,0,0,16.0,0.0,0.0,0,0.0
10,1,0.0,0.0,16.0,0.0,0,0,0,16.0,0.0,0.0,0,0.0
11,1,0.0,0.0,8.0,0.0,0,0,0,8.0,0.0,0.0,0,0.0
12,1,8.319,8.0,8.0,0.0,0,0,0,16.0,0.5,0.0,0,0.0
13,1,0.0,0.0,16.0,0.0,0,0,0,16.0,0.0,0.0,0,0.0
14,1,0.0,0.0,16.0,0.0,0,0,0,16.0,0.0,0.0,0,0.0
15,1,0.0,0.0,16.0,0.0,0,0,0,16.0,0.0,0.0,0,0.0
16,1,0.0,0.0,16.0,0.0,0,0,0,16.0,0.0,0.0,0,0.0
17,1,0.0,0.0,8.0,0.0,0,0,0,8.0,0.0,0.0,0,0.0
18,1,0.0,0.0,16.0,0.0,0,0,0,16.0,0.0,0.0,0,0.0
19,1,0.0,0.0,16.0,0.0,0,0,0,16.0,0.0,0.0,0,0.0
20,1,0.0,0.0,8.0,0.0,0,0,0,8.0,0.0,0.0,0,0.0
21,1,0.0,0.0,8.0,0.0,0,0,0,8.0,0.0,0.0,0,0.0
22,1,0.0,0.0,16.0,0.0,0,0,0,16.0,0.0,0.0,0,0.0
23,1,0.0,0.0,16.0,0.0,0,0,0,16.0,0.0,0.0,0,0.0
24,1,0.0,0.0,16.0,0.0,0,0,0,16.0,0.0,0.0,0,0.0
25,1,0.0,0.0,16.0,0.0,0,0,0,16.0,0.0,0.0,0,0.0
26,1,0.0,0.0,16.0,0.0,0,0,0,16.0,0.0,0.0,0,0.0
27,1,0.0,0.0,16.0,0.0,0,0,0,16.0,0.0,0.0,0,0.0
28,1,0.0,0.0,16.0,0.0,0,0,0,16.0,0.0,0.0,0,0.0
29,1,0.0,0.0,16.0,0.0,0,0,0,16.0,0.0,0.0,0,0.0
30,1,0.0,0.0,16.0,0.0,0,0,0,16.0,0.0,0.0,0,0.0
31,1,0.0,0.0,16.0,0.0,0,0,0,16.0,0.0,0.0,0,0.0
32,1,0.0,0.0,16.0,0.0,0,0,0,16.0,0.0,0.0,0,0.0
33,1,0.0,0.0,16.0,0.0,0,0,0,16.0,0.0,0.0,0,0.0
34,1,0.0,0.0,16.0,0.0,0,0,0,16.0,0.0,0.0,0,0.0
35,1,0.0,0.0,8.0,0.0,0,0,0,8.0,0.0,0.0,0,0.0
36,1,0.0,0.0,16.0,0.0,0,0,0,16.0,0.0,0.0,0,0.0
37,1,10.432,8.0,8.0,0.0,0,0,0,16.0,0.5,0.0,0,0.0
38,1,10.432,8.0,8.0,0.0,0,0,0,16.0,0.5,0.0,0,0.0
39,1,10.432,8.0,8.0,0.0,0,0,0,16.0,0.5,0.0,0,0.0
40,1,5.6858558022012655,8.0,8.0,0.0,0,0,0,16.0,0.5,0.0,0,0.0
41,1,10.432,8.0,8.0,0.0,0,0,0,16.0,0.5,0.0,0,0.0
42,1,10.432,8.0,8.0,0.0,0,0,0,16.0,0.5,0.0,0,0.0
43,1,10.432,8.0,8.0,0.0,0,0,0,16.0,0.5,0.0,0,0.0
44,1,10.432,8.0,0.0,0.0,0,0,0,8.0,1.0,0.0,0,0.0
45,1,10.432,8.0,8.0,0.0,0,0,0,16.0,0.5,0.0,0,0.0
46,1,10.432,8.0,8.0,0.0,0,0,0,16.0,0.5,0.0,0,0.0
47,1,10.432,8.0,8.0,0.0,0,0,0,16.0,0.5,0.0,0,0.0
48,1,10.432,8.0,8.0,0.0,0,0,0,16.0,0.5,0.0,0,0.0
49,1,10.432,8.0,8.0,0.0,0,0,0,16.0,0.5,0.0,0,0.0
50,1,10.432,8.0,8.0,0.0,0,0,0,16.0,0.5,0.0,0,0.0
51,1,10.432,8.0,8.0,0.0,0,0,0,16.0,0.5,0.0,0,0.0
52,1,10.432,8.0,8.0,0.0,0,0,0,16.0,0.5,0.0,0,0.0
53,1,13.112,8.0,0.0,0.0,0,0,0,8.0,1.0,0.0,0,0.0
54,1,10.432,8.0,8.0,0.0,0,0,0,16.0,0.5,0.0,0,0.0
55,1,5.575794417834781,8.0,8.0,0.0,0,0,0,16.0,0.5,0.0,0,0.0
56,1,10.432,8.0,8.0,0.0,0,0,0,16.0,0.5,0.0,0,0.0
57,1,9.948,8.0,8.0,0.0,0,0,0,16.0,0.5,0.0,0,0.0
58,1,9.948,8.0,8.0,0.0,0,0,0,16.0,0.5,0.0,0,0.0
59,1,9.948,8.0,0.0,0.0,0,0,0,8.0,1.0,0.0,0,0.0
60,1,9.948,8.0,0.0,0.0,0,0,0,8.0,1.0,0.0,0,0.0
61,1,6.9636,8.0,8.0,0.0,0,0,0,16.0,0.5,0.0,0,0.3
62,1,10.432,8.0,8.0,0.0,0,0,0,16.0,0.5,0.0,0,0.0
63,1,13.112,8.0,0.0,0.0,0,0,0,8.0,1.0,0.0,0,0.0
64,1,8.076736807870878,8.0,8.0,0.0,0,0,0,16.0,0.5,0.0,0,0.0
65,1,13.112,8.0,0.0,0.0,0,0,0,8.0,1.0,0.0,0,0.0
66,1,13.112,8.0,0.0,0.0,0,0,0,8.0,1.0,0.0,0,0.0
67,1,7.3024,8.0,8.0,0.0,0,0,0,16.0,0.5,0.0,0,0.3
68,1,10.432,8.0,8.0,0.0,0,0,0,16.0,0.5,0.0,0,0.0
69,1,10.432,8.0,8.0,0.0,0,0,0,16.0,0.5,0.0,0,0.0
70,1,7.3024,8.0,8.0,0.0,0,0,0,16.0,0.5,0.0,0,0.3
71,1,10.432,8.0,0.0,0.0,0,0,0,8.0,1.0,0.0,0,0.0
72,1,7.3024,8.0,8.0,0.0,0,0,0,16.0,0.5,0.0,0,0.3
73,1,10.432,8.0,8.0,0.0,0,0,0,16.0,0.5,0.0,0,0.0
74,1,13.112,8.0,0.0,0.0,0,0,0,8.0,1.0,0.0,0,0.0
75,1,10.432,8.0,0.0,0.0,0,0,0,8.0,1.0,0.0,0,0.0
77,1,7.3024,8.0,8.0,0.0,0,0,0,16.0,0.5,0.0,0,0.3
78,1,7.3024,8.0,8.0,0.0,0,0,0,16.0,0.5,0.0,0,0.3
79,1,7.461658960749831,8.0,8.0,0.0,0,0,0,16.0,0.5,0.0,0,0.0
80,1,10.432,8.0,8.0,0.0,0,0,0,16.0,0.5,0.0,0,0.0
81,1,10.432,8.0,8.0,0.0,0,0,0,16.0,0.5,0.0,0,0.0
82,1,13.112,8.0,0.0,0.0,0,0,0,8.0,1.0,0.0,0,0.0
83,1,10.432,8.0,8.0,0.0,0,0,0,16.0,0.5,0.0,0,0.0
84,1,7.3024,8.0,8.0,0.0,0,0,0,16.0,0.5,0.0,0,0.3
85,1,10.432,8.0,8.0,0.0,0,0,0,16.0,0.5,0.0,0,0.0
86,1,10.432,8.0,8.0,0.0,0,0,0,16.0,0.5,0.0,0,0.0
87,1,3.3594320900036765,2.5762516027635556,13.423748397236444,0.0,0,0,0,16.0,0.16101572517272222,5.423748397236444,1,0.0
88,1,10.432,8.0,8.0,0.0,0,0,0,16.0,0.5,0.0,0,0.0
89,1,10.432,8.0,8.0,0.0,0,0,0,16.0,0.5,0.0,0,0.0
90,1,9.739877654763754,5.942573309800948,2.057426690199052,0.0,0,0,0,8.0,0.7428216637251185,2.057426690199052,1,0.0
91,1,10.432,8.0,8.0,0.0,0,0,0,16.0,0.5,0.0,0,0.0
92,1,13.112,8.0,0.0,0.0,0,0,0,8.0,1.0,0.0,0,0.0
93,1,7.3024,8.0,0.0,0.0,0,0,0,8.0,1.0,0.0,0,0.3
94,1,10.432,8.0,8.0,0.0,0,0,0,16.0,0.5,0.0,0,0.0
95,1,10.432,8.0,8.0,0.0,0,0,0,16.0,0.5,0.0,0,0.0
96,1,10.432,8.0,8.0,0.0,0,0,0,16.0,0.5,0.0,0,0.0
97,1,10.432,8.0,8.0,0.0,0,0,0,16.0,0.5,0.0,0,0.0
98,1,10.432,8.0,8.0,0.0,0,0,0,16.0,0.5,0.0,0,0.0
99,1,10.432,8.0,8.0,0.0,0,0,0,16.0,0.5,0.0,0,0.0
100,1,0.0,0.0,16.0,0.0,0,0,0,16.0,0.0,0.0,0,0.0
101,1,8.299,8.0,8.0,0.0,0,0,0,16.0,0.5,0.0,0,0.0
102,1,8.299,8.0,0.0,0.0,0,0,0,8.0,1.0,0.0,0,0.0
103,1,8.299,8.0,8.0,0.0,0,0,0,16.0,0.5,0.0,0,0.0
104,1,8.299,8.0,8.0,0.0,0,0,0,16.0,0.5,0.0,0,0.0
105,1,8.299,8.0,8.0,0.0,0,0,0,16.0,0.5,0.0,0,0.0
106,1,8.299,8.0,8.0,0.0,0,0,0,16.0,0.5,0.0,0,0.0
107,1,0.0,0.0,16.0,0.0,0,0,0,16.0,0.0,0.0,0,0.0
108,1,0.0,0.0,16.0,0.0,0,0,0,16.0,0.0,0.0,0,0.0
109,1,0.0,0.0,16.0,0.0,0,0,0,16.0,0.0,0.0,0,0.0
110,1,0.0,0.0,16.0,0.0,0,0,0,16.0,0.0,0.0,0,0.0
111,1,0.0,0.0,16.0,0.0,0,0,0,16.0,0.0,0.0,0,0.0
112,1,0.0,0.0,16.0,0.0,0,0,0,16.0,0.0,0.0,0,0.0
1,2,0.0,0.0,16.0,0.0,0,0,0,16.0,0.0,0.0,0,0.0
2,2,0.0,0.0,16.0,0.0,0,0,0,16.0,0.0,0.0,0,0.0
3,2,0.0,0.0,16.0,0.0,0,0,0,16.0,0.0,0.0,0,0.0
4,2,0.0,0.0,16.0,0.0,0,0,0,16.0,0.0,0.0,0,0.0
5,2,0.0,0.0,16.0,0.0,0,0,0,16.0,0.0,0.0,0,0.0
6,2,0.0,0.0,16.0,0.0,0,0,0,16.0,0.0,0.0,0,0.0
7,2,0.0,0.0,16.0,0.0,0,0,0,16.0,0.0,0.0,0,0.0
8,2,0.0,0.0,16.0,0.0,0,0,0,16.0,0.0,0.0,0,0.0
9,2,0.0,0.0,16.0,0.0,0,0,0,16.0,0.0,0.0,0,0.0
10,2,0.0,0.0,16.0,0.0,0,0,0,16.0,0.0,0.0,0,0.0
11,2,0.0,0.0,8.0,0.0,0,0,0,8.0,0.0,0.0,0,0.0
12,2,8.319,8.0,8.0,0.0,0,0,0,16.0,0.5,0.0,0,0.0
13,2,0.0,0.0,16.0,0.0,0,0,0,16.0,0.0,0.0,0,0.0
14,2,0.0,0.0,16.0,0.0,0,0,0,16.0,0.0,0.0,0,0.0
15,2,0.0,0.0,16.0,0.0,0,0,0,16.0,0.0,0.0,0,0.0
16,2,0.0,0.0,16.0,0.0,0,0,0,16.0,0.0,0.0,0,0.0
17,2,0.0,0.0,8.0,0.0,0,0,0,8.0,0.0,0.0,0,0.0
18,2,0.0,0.0,16.0,0.0,0,0,0,16.0,0.0,0.0,0,0.0
19,2,0.0,0.0,16.0,0.0,0,0,0,16.0,0.0,0.0,0,0.0
20,2,0.0,0.0,8.0,0.0,0,0,0,8.0,0.0,0.0,0,0.0
21,2,0.0,0.0,8.0,0.0,0,0,0,8.0,0.0,0.0,0,0.0
22,2,0.0,0.0,16.0,0.0,0,0,0,16.0,0.0,0.0,0,0.0
23,2,0.0,0.0,16.0,0.0,0,0,0,16.0,0.0,0.0,0,0.0
24,2,0.0,0.0,16.0,0.0,0,0,0,16.0,0.0,0.0,0,0.0
25,2,0.0,0.0,16.0,0.0,0,0,0,16.0,0.0,0.0,0,0.0
26,2,0.0,0.0,16.0,0.0,0,0,0,16.0,0.0,0.0,0,0.0
27,2,0.0,0.0,16.0,0.0,0,0,0,16.0,0.0,0.0,0,0.0
28,2,0.0,0.0,16.0,0.0,0,0,0,16.0,0.0,0.0,0,0.0
29,2,0.0,0.0,16.0,0.0,0,0,0,16.0,0.0,0.0,0,0.0
30,2,0.0,0.0,16.0,0.0,0,0,0,16.0,0.0,0.0,0,0.0
31,2,0.0,0.0,16.0,0.0,0,0,0,16.0,0.0,0.0,0,0.0
32,2,0.0,0.0,16.0,0.0,0,0,0,16.0,0.0,0.0,0,0.0
33,2,0.0,0.0,16.0,0.0,0,0,0,16.0,0.0,0.0,0,0.0
34,2,0.0,0.0,16.0,0.0,0,0,0,16.0,0.0,0.0,0,0.0
35,2,0.0,0.0,8.0,0.0,0,0,0,8.0,0.0,0.0,0,0.0
36,2,0.0,0.0,16.0,0.0,0,0,0,16.0,0.0,0.0,0,0.0
37,2,10.432,8.0,8.0,0.0,0,0,0,16.0,0.5,0.0,0,0.0
38,2,5.729176187335964,8.0,8.0,0.0,0,0,0,16.0,0.5,0.0,0,0.0
39,2,10.432,8.0,8.0,0.0,0,0,0,16.0,0.5,0.0,0,0.0
40,2,10.432,8.0,8.0,0.0,0,0,0,16.0,0.5,0.0,0,0.0
41,2,10.432,8.0,8.0,0.0,0,0,0,16.0,0.5,0.0,0,0.0
42,2,10.432,8.0,8.0,0.0,0,0,0,16.0,0.5,0.0,0,0.0
43,2,10.432,8.0,8.0,0.0,0,0,0,16.0,0.5,0.0,0,0.0
44,2,7.3024,8.0,0.0,0.0,0,0,0,8.0,1.0,0.0,0,0.3
45,2,10.432,8.0,8.0,0.0,0,0,0,16.0,0.5,0.0,0,0.0
46,2,10.432,8.0,8.0,0.0,0,0,0,16.0,0.5,0.0,0,0.0
47,2,7.3024,8.0,8.0,0.0,0,0,0,16.0,0.5,0.0,0,0.3
48,2,10.432,8.0,8.0,0.0,0,0,0,16.0,0.5,0.0,0,0.0
49,2,10.432,8.0,8.0,0.0,0,0,0,16.0,0.5,0.0,0,0.0
50,2,7.3024,8.0,8.0,0.0,0,0,0,16.0,0.5,0.0,0,0.3
51,2,10.432,8.0,8.0,0.0,0,0,0,16.0,0.5,0.0,0,0.0
52,2,10.432,8.0,8.0,0.0,0,0,0,16.0,0.5,0.0,0,0.0
53,2,5.8100682888752875,3.5448860822912067,4.455113917708793,0.0,0,0,0,8.0,0.44311076028640084,4.455113917708793,1,0.0
54,2,10.432,8.0,8.0,0.0,0,0,0,16.0,0.5,0.0,0,0.0
55,2,10.432,8.0,8.0,0.0,0,0,0,16.0,0.5,0.0,0,0.0
56,2,10.432,8.0,8.0,0.0,0,0,0,16.0,0.5,0.0,0,0.0
57,2,7.2618931641635704,5.83988191730082,10.16011808269918,0.0,0,0,0,16.0,0.36499261983130127,2.1601180826991797,1,0.0
58,2,9.948,8.0,8.0,0.0,0,0,0,16.0,0.5,0.0,0,0.0
59,2,4.253674310267157,3.4207272298087306,4.579272770191269,0.0,0,0,0,8.0,0.4275909037260913,4.579272770191269,1,0.0
60,2,9.948,8.0,0.0,0.0,0,0,0,8.0,1.0,0.0,0,0.0
61,2,9.948,8.0,8.0,0.0,0,0,0,16.0,0.5,0.0,0,0.0
62,2,10.432,8.0,8.0,0.0,0,0,0,16.0,0.5,0.0,0,0.0
63,2,13.112,8.0,0.0,0.0,0,0,0,8.0,1.0,0.0,0,0.0
64,2,10.432,8.0,8.0,0.0,0,0,0,16.0,0.5,0.0,0,0.0
65,2,13.112,8.0,0.0,0.0,0,0,0,8.0,1.0,0.0,0,0.0
66,2,13.112,8.0,0.0,0.0,0,0,0,8.0,1.0,0.0,0,0.0
67,2,10.432,8.0,8.0,0.0,0,0,0,16.0,0.5,0.0,0,0.0
68,2,10.432,8.0,8.0,0.0,0,0,0,16.0,0.5,0.0,0,0.0
69,2,10.432,8.0,8.0,0.0,0,0,0,16.0,0.5,0.0,0,0.0
70,2,10.432,8.0,8.0,0.0,0,0,0,16.0,0.5,0.0,0,0.0
71,2,10.432,8.0,0.0,0.0,0,0,0,8.0,1.0,0.0,0,0.0
72,2,10.432,8.0,8.0,0.0,0,0,0,16.0,0.5,0.0,0,0.0
73,2,10.432,8.0,8.0,0.0,0,0,0,16.0,0.5,0.0,0,0.0
74,2,13.112,8.0,0.0,0.0,0,0,0,8.0,1.0,0.0,0,0.0
75,2,10.432,8.0,0.0,0.0,0,0,0,8.0,1.0,0.0,0,0.0
77,2,10.432,8.0,8.0,0.0,0,0,0,16.0,0.5,0.0,0,0.0
78,2,10.432,8.0,8.0,0.0,0,0,0,16.0,0.5,0.0,0,0.0
79,2,10.432,8.0,8.0,0.0,0,0,0,16.0,0.5,0.0,0,0.0
80,2,10.432,8.0,8.0,0.0,0,0,0,16.0,0.5,0.0,0,0.0
81,2,10.432,8.0,8.0,0.0,0,0,0,16.0,0.5,0.0,0,0.0
82,2,13.112,8.0,0.0,0.0,0,0,0,8.0,1.0,0.0,0,0.0
83,2,10.432,8.0,8.0,0.0,0,0,0,16.0,0.5,0.0,0,0.0
84,2,7.3024,8.0,8.0,0.0,0,0,0,16.0,0.5,0.0,0,0.3
85,2,2.242332470156052,1.7195801151503467,14.280419884849653,0.0,0,0,0,16.0,0.10747375719689667,6.280419884849653,1,0.0
86,2,7.3024,8.0,8.0,0.0,0,0,0,16.0,0.5,0.0,0,0.3
87,2,10.432,8.0,8.0,0.0,0,0,0,16.0,0.5,0.0,0,0.0
88,2,10.432,8.0,8.0,0.0,0,0,0,16.0,0.5,0.0,0,0.0
89,2,10.432,8.0,8.0,0.0,0,0,0,16.0,0.5,0.0,0,0.0
90,2,13.112,8.0,0.0,0.0,0,0,0,8.0,1.0,0.0,0,0.0
91,2,5.8169295383993385,4.460835535582315,11.539164464417684,0.0,0,0,0,16.0,0.2788022209738947,3.539164464417685,1,0.0
92,2,13.112,8.0,0.0,0.0,0,0,0,8.0,1.0,0.0,0,0.0
93,2,9.714064995327993,7.449436346110424,0.5505636538895757,0.0,0,0,0,8.0,0.931179543263803,0.5505636538895757,1,0.0
94,2,10.432,8.0,8.0,0.0,0,0,0,16.0,0.5,0.0,0,0.0
95,2,10.432,8.0,8.0,0.0,0,0,0,16.0,0.5,0.0,0,0.0
96,2,10.432,8.0,8.0,0.0,0,0,0,16.0,0.5,0.0,0,0.0
97,2,10.432,8.0,8.0,0.0,0,0,0,16.0,0.5,0.0,0,0.0
98,2,10.432,8.0,8.0,0.0,0,0,0,16.0,0.5,0.0,0,0.0
99,2,10.432,8.0,8.0,0.0,0,0,0,16.0,0.5,0.0,0,0.0
100,2,0.0,0.0,16.0,0.0,0,0,0,16.0,0.0,0.0,0,0.0
101,2,8.299,8.0,8.0,0.0,0,0,0,16.0,0.5,0.0,0,0.0
102,2,8.299,8.0,0.0,0.0,0,0,0,8.0,1.0,0.0,0,0.0
103,2,3.3752928693833457,4.648123346197781,11.351876653802218,0.0,0,0,0,16.0,0.2905077091373613,3.3518766538022193,1,0.3
104,2,8.299,8.0,8.0,0.0,0,0,0,16.0,0.5,0.0,0,0.0
105,2,8.299,8.0,8.0,0.0,0,0,0,16.0,0.5,0.0,0,0.0
106,2,8.299,8.0,8.0,0.0,0,0,0,16.0,0.5,0.0,0,0.0
107,2,0.0,0.0,16.0,0.0,0,0,0,16.0,0.0,0.0,0,0.0
108,2,0.0,0.0,16.0,0.0,0,0,0,16.0,0.0,0.0,0,0.0
109,2,0.0,0.0,16.0,0.0,0,0,0,16.0,0.0,0.0,0,0.0
110,2,0.0,0.0,16.0,0.0,0,0,0,16.0,0.0,0.0,0,0.0
111,2,0.0,0.0,16.0,0.0,0,0,0,16.0,0.0,0.0,0,0.0
112,2,0.0,0.0,16.0,0.0,0,0,0,16.0,0.0,0.0,0,0.0
1,3,0.0,0.0,16.0,0.0,0,0,0,16.0,0.0,0.0,0,0.0
2,3,0.0,0.0,16.0,0.0,0,0,0,16.0,0.0,0.0,0,0.0
3,3,0.0,0.0,16.0,0.0,0,0,0,16.0,0.0,0.0,0,0.0
4,3,0.0,0.0,16.0,0.0,0,0,0,16.0,0.0,0.0,0,0.0
5,3,0.0,0.0,16.0,0.0,0,0,0,16.0,0.0,0.0,0,0.0
6,3,0.0,0.0,16.0,0.0,0,0,0,16.0,0.0,0.0,0,0.0
7,3,0.0,0.0,16.0,0.0,0,0,0,16.0,0.0,0.0,0,0.0
8,3,0.0,0.0,16.0,0.0,0,0,0,16.0,0.0,0.0,0,0.0
9,3,0.0,0.0,16.0,0.0,0,0,0,16.0,0.0,0.0,0,0.0
10,3,0.0,0.0,16.0,0.0,0,0,0,16.0,0.0,0.0,0,0.0
11,3,0.0,0.0,8.0,0.0,0,0,0,8.0,0.0,0.0,0,0.0
12,3,2.7861362664718334,3.827570300649918,12.172429699350083,0.0,0,0,0,16.0,0.23922314379061987,4.172429699350082,1,0.3
13,3,0.0,0.0,16.0,0.0,0,0,0,16.0,0.0,0.0,0,0.0
14,3,0.0,0.0,16.0,0.0,0,0,0,16.0,0.0,0.0,0,0.0
15,3,0.0,0.0,16.0,0.0,0,0,0,16.0,0.0,0.0,0,0.0
16,3,0.0,0.0,16.0,0.0,0,0,0,16.0,0.0,0.0,0,0.0
17,3,0.0,0.0,8.0,0.0,0,0,0,8.0,0.0,0.0,0,0.0
18,3,0.0,0.0,16.0,0.0,0,0,0,16.0,0.0,0.0,0,0.0
19,3,0.0,0.0,16.0,0.0,0,0,0,16.0,0.0,0.0,0,0.0
20,3,0.0,0.0,8.0,0.0,0,0,0,8.0,0.0,0.0,0,0.0
21,3,0.0,0.0,8.0,0.0,0,0,0,8.0,0.0,0.0,0,0.0
22,3,0.0,0.0,16.0,0.0,0,0,0,16.0,0.0,0.0,0,0.0
23,3,0.0,0.0,16.0,0.0,0,0,0,16.0,0.0,0.0,0,0.0
24,3,0.0,0.0,16.0,0.0,0,0,0,16.0,0.0,0.0,0,0.0
25,3,0.0,0.0,16.0,0.0,0,0,0,16.0,0.0,0.0,0,0.0
26,3,0.0,0.0,16.0,0.0,0,0,0,16.0,0.0,0.0,0,0.0
27,3,0.0,0.0,16.0,0.0,0,0,0,16.0,0.0,0.0,0,0.0
28,3,0.0,0.0,16.0,0.0,0,0,0,16.0,0.0,0.0,0,0.0
29,3,0.0,0.0,16.0,0.0,0,0,0,16.0,0.0,0.0,0,0.0
30,3,0.0,0.0,16.0,0.0,0,0,0,16.0,0.0,0.0,0,0.0
31,3,0.0,0.0,16.0,0.0,0,0,0,16.0,0.0,0.0,0,0.0
32,3,0.0,0.0,16.0,0.0,0,0,0,16.0,0.0,0.0,0,0.0
33,3,0.0,0.0,16.0,0.0,0,0,0,16.0,0.0,0.0,0,0.0
34,3,0.0,0.0,16.0,0.0,0,0,0,16.0,0.0,0.0,0,0.0
35,3,0.0,0.0,8.0,0.0,0,0,0,8.0,0.0,0.0,0,0.0
36,3,0.0,0.0,16.0,0.0,0,0,0,16.0,0.0,0.0,0,0.0
37,3,10.432,8.0,8.0,0.0,0,0,0,16.0,0.5,0.0,0,0.0
38,3,10.432,8.0,8.0,0.0,0,0,0,16.0,0.5,0.0,0,0.0
39,3,10.432,8.0,8.0,0.0,0,0,0,16.0,0.5,0.0,0,0.0
40,3,10.432,8.0,8.0,0.0,0,0,0,16.0,0.5,0.0,0,0.0
41,3,10.432,8.0,8.0,0.0,0,0,0,16.0,0.5,0.0,0,0.0
42,3,10.432,8.0,8.0,0.0,0,0,0,16.0,0.5,0.0,0,0.0
43,3,10.432,8.0,8.0,0.0,0,0,0,16.0,0.5,0.0,0,0.0
44,3,10.432,8.0,0.0,0.0,0,0,0,8.0,1.0,0.0,0,0.0
45,3,10.432,8.0,8.0,0.0,0,0,0,16.0,0.5,0.0,0,0.0
46,3,10.432,8.0,8.0,0.0,0,0,0,16.0,0.5,0.0,0,0.0
47,3,8.261003310542039,8.0,8.0,0.0,0,0,0,16.0,0.5,0.0,0,0.0
48,3,10.432,8.0,8.0,0.0,0,0,0,16.0,0.5,0.0,0,0.0
49,3,10.432,8.0,8.0,0.0,0,0,0,16.0,0.5,0.0,0,0.0
50,3,10.432,8.0,8.0,0.0,0,0,0,16.0,0.5,0.0,0,0.0
51,3,10.432,8.0,8.0,0.0,0,0,0,16.0,0.5,0.0,0,0.0
52,3,10.432,8.0,8.0,0.0,0,0,0,16.0,0.5,0.0,0,0.0
53,3,13.112,8.0,0.0,0.0,0,0,0,8.0,1.0,0.0,0,0.0
54,3,10.432,8.0,8.0,0.0,0,0,0,16.0,0.5,0.0,0,0.0
55,3,10.432,8.0,8.0,0.0,0,0,0,16.0,0.5,0.0,0,0.0
56,3,10.432,8.0,8.0,0.0,0,0,0,16.0,0.5,0.0,0,0.0
57,3,9.948,8.0,8.0,0.0,0,0,0,16.0,0.5,0.0,0,0.0
58,3,6.9636,8.0,8.0,0.0,0,0,0,16.0,0.5,0.0,0,0.3
59,3,9.948,8.0,0.0,0.0,0,0,0,8.0,1.0,0.0,0,0.0
60,3,9.948,8.0,0.0,0.0,0,0,0,8.0,1.0,0.0,0,0.0
61,3,9.948,8.0,8.0,0.0,0,0,0,16.0,0.5,0.0,0,0.0
62,3,10.432,8.0,8.0,0.0,0,0,0,16.0,0.5,0.0,0,0.0
63,3,13.112,8.0,0.0,0.0,0,0,0,8.0,1.0,0.0,0,0.0
64,3,10.432,8.0,8.0,0.0,0,0,0,16.0,0.5,0.0,0,0.0
65,3,13.112,8.0,0.0,0.0,0,0,0,8.0,1.0,0.0,0,0.0
66,3,4.547056754195026,2.7742872203752444,5.2257127796247556,0.0,0,0,0,8.0,0.34678590254690556,5.2257127796247556,1,0.0
67,3,10.432,8.0,8.0,0.0,0,0,0,16.0,0.5,0.0,0,0.0
68,3,10.432,8.0,8.0,0.0,0,0,0,16.0,0.5,0.0,0,0.0
69,3,10.432,8.0,8.0,0.0,0,0,0,16.0,0.5,0.0,0,0.0
70,3,10.432,8.0,8.0,0.0,0,0,0,16.0,0.5,0.0,0,0.0
71,3,10.432,8.0,0.0,0.0,0,0,0,8.0,1.0,0.0,0,0.0
72,3,10.432,8.0,8.0,0.0,0,0,0,16.0,0.5,0.0,0,0.0
73,3,10.432,8.0,8.0,0.0,0,0,0,16.0,0.5,0.0,0,0.0
74,3,13.112,8.0,0.0,0.0,0,0,0,8.0,1.0,0.0,0,0.0
75,3,10.432,8.0,0.0,0.0,0,0,0,8.0,1.0,0.0,0,0.0
77,3,10.432,8.0,8.0,0.0,0,0,0,16.0,0.5,0.0,0,0.0
78,3,10.432,8.0,8.0,0.0,0,0,0,16.0,0.5,0.0,0,0.0
79,3,10.432,8.0,8.0,0.0,0,0,0,16.0,0.5,0.0,0,0.0
80,3,10.432,8.0,8.0,0.0,0,0,0,16.0,0.5,0.0,0,0.0
81,3,10.432,8.0,8.0,0.0,0,0,0,16.0,0.5,0.0,0,0.0
82,3,13.112,8.0,0.0,0.0,0,0,0,8.0,1.0,0.0,0,0.0
83,3,7.3024,8.0,8.0,0.0,0,0,0,16.0,0.5,0.0,0,0.3
84,3,10.432,8.0,8.0,0.0,0,0,0,16.0,0.5,0.0,0,0.0
85,3,10.432,8.0,8.0,0.0,0,0,0,16.0,0.5,0.0,0,0.0
86,3,10.432,8.0,8.0,0.0,0,0,0,16.0,0.5,0.0,0,0.0
87,3,10.432,8.0,8.0,0.0,0,0,0,16.0,0.5,0.0,0,0.0
88,3,10.432,8.0,8.0,0.0,0,0,0,16.0,0.5,0.0,0,0.0
89,3,10.432,8.0,8.0,0.0,0,0,0,16.0,0.5,0.0,0,0.0
90,3,13.112,8.0,0.0,0.0,0,0,0,8.0,1.0,0.0,0,0.0
91,3,10.432,8.0,8.0,0.0,0,0,0,16.0,0.5,0.0,0,0.0
92,3,13.112,8.0,0.0,0.0,0,0,0,8.0,1.0,0.0,0,0.0
93,3,10.432,8.0,0.0,0.0,0,0,0,8.0,1.0,0.0,0,0.0
94,3,10.432,8.0,8.0,0.0,0,0,0,16.0,0.5,0.0,0,0.0
95,3,10.432,8.0,8.0,0.0,0,0,0,16.0,0.5,0.0,0,0.0
96,3,10.432,8.0,8.0,0.0,0,0,0,16.0,0.5,0.0,0,0.0
97,3,10.432,8.0,8.0,0.0,0,0,0,16.0,0.5,0.0,0,0.0
98,3,10.432,8.0,8.0,0.0,0,0,0,16.0,0.5,0.0,0,0.0
99,3,10.432,8.0,8.0,0.0,0,0,0,16.0,0.5,0.0,0,0.0
100,3,0.0,0.0,16.0,0.0,0,0,0,16.0,0.0,0.0,0,0.0
101,3,8.299,8.0,8.0,0.0,0,0,0,16.0,0.5,0.0,0,0.0
102,3,8.299,8.0,0.0,0.0,0,0,0,8.0,1.0,0.0,0,0.0
103,3,8.299,8.0,8.0,0.0,0,0,0,16.0,0.5,0.0,0,0.0
104,3,8.299,8.0,8.0,0.0,0,0,0,16.0,0.5,0.0,0,0.0
105,3,8.299,8.0,8.0,0.0,0,0,0,16.0,0.5,0.0,0,0.0
106,3,4.012293065691171,3.867736417101985,12.132263582898016,0.0,0,0,0,16.0,0.24173352606887405,4.132263582898015,1,0.0
107,3,0.0,0.0,16.0,0.0,0,0,0,16.0,0.0,0.0,0,0.0
108,3,0.0,0.0,16.0,0.0,0,0,0,16.0,0.0,0.0,0,0.0
109,3,0.0,0.0,16.0,0.0,0,0,0,16.0,0.0,0.0,0,0.0
110,3,0.0,0.0,16.0,0.0,0,0,0,16.0,0.0,0.0,0,0.0
111,3,0.0,0.0,16.0,0.0,0,0,0,16.0,0.0,0.0,0,0.0
112,3,0.0,0.0,16.0,0.0,0,0,0,16.0,0.0,0.0,0,0.0
1,4,0.0,0.0,16.0,0.0,0,0,0,16.0,0.0,0.0,0,0.0
2,4,0.0,0.0,16.0,0.0,0,0,0,16.0,0.0,0.0,0,0.0
3,4,0.0,0.0,16.0,0.0,0,0,0,16.0,0.0,0.0,0,0.0
4,4,0.0,0.0,16.0,0.0,0,0,0,16.0,0.0,0.0,0,0.0
5,4,0.0,0.0,16.0,0.0,0,0,0,16.0,0.0,0.0,0,0.0
6,4,0.0,0.0,16.0,0.0,0,0,0,16.0,0.0,0.0,0,0.0
7,4,0.0,0.0,16.0,0.0,0,0,0,16.0,0.0,0.0,0,0.0
8,4,0.0,0.0,16.0,0.0,0,0,0,16.0,0.0,0.0,0,0.0
9,4,0.0,0.0,16.0,0.0,0,0,0,16.0,0.0,0.0,0,0.0
10,4,0.0,0.0,16.0,0.0,0,0,0,16.0,0.0,0.0,0,0.0
11,4,0.0,0.0,8.0,0.0,0,0,0,8.0,0.0,0.0,0,0.0
12,4,8.319,8.0,8.0,0.0,0,0,0,16.0,0.5,0.0,0,0.0
13,4,0.0,0.0,16.0,0.0,0,0,0,16.0,0.0,0.0,0,0.0
14,4,0.0,0.0,16.0,0.0,0,0,0,16.0,0.0,0.0,0,0.0
15,4,0.0,0.0,16.0,0.0,0,0,0,16.0,0.0,0.0,0,0.0
16,4,0.0,0.0,16.0,0.0,0,0,0,16.0,0.0,0.0,0,0.0
17,4,0.0,0.0,8.0,0.0,0,0,0,8.0,0.0,0.0,0,0.0
18,4,0.0,0.0,16.0,0.0,0,0,0,16.0,0.0,0.0,0,0.0
19,4,0.0,0.0,16.0,0.0,0,0,0,16.0,0.0,0.0,0,0.0
20,4,0.0,0.0,8.0,0.0,0,0,0,8.0,0.0,0.0,0,0.0
21,4,0.0,0.0,8.0,0.0,0,0,0,8.0,0.0,0.0,0,0.0
22,4,0.0,0.0,16.0,0.0,0,0,0,16.0,0.0,0.0,0,0.0
23,4,0.0,0.0,16.0,0.0,0,0,0,16.0,0.0,0.0,0,0.0
24,4,0.0,0.0,16.0,0.0,0,0,0,16.0,0.0,0.0,0,0.0
25,4,0.0,0.0,16.0,0.0,0,0,0,16.0,0.0,0.0,0,0.0
26,4,0.0,0.0,16.0,0.0,0,0,0,16.0,0.0,0.0,0,0.0
27,4,0.0,0.0,16.0,0.0,0,0,0,16.0,0.0,0.0,0,0.0
28,4,0.0,0.0,16.0,0.0,0,0,0,16.0,0.0,0.0,0,0.0
29,4,0.0,0.0,16.0,0.0,0,0,0,16.0,0.0,0.0,0,0.0
30,4,0.0,0.0,16.0,0.0,0,0,0,16.0,0.0,0.0,0,0.0
31,4,0.0,0.0,16.0,0.0,0,0,0,16.0,0.0,0.0,0,0.0
32,4,0.0,0.0,16.0,0.0,0,0,0,16.0,0.0,0.0,0,0.0
33,4,0.0,0.0,16.0,0.0,0,0,0,16.0,0.0,0.0,0,0.0
34,4,0.0,0.0,16.0,0.0,0,0,0,16.0,0.0,0.0,0,0.0
35,4,0.0,0.0,8.0,0.0,0,0,0,8.0,0.0,0.0,0,0.0
36,4,0.0,0.0,16.0,0.0,0,0,0,16.0,0.0,0.0,0,0.0
37,4,10.432,8.0,8.0,0.0,0,0,0,16.0,0.5,0.0,0,0.0
38,4,7.3024,8.0,8.0,0.0,0,0,0,16.0,0.5,0.0,0,0.3
39,4,10.432,8.0,8.0,0.0,0,0,0,16.0,0.5,0.0,0,0.0
40,4,10.432,8.0,8.0,0.0,0,0,0,16.0,0.5,0.0,0,0.0
41,4,10.432,8.0,8.0,0.0,0,0,0,16.0,0.5,0.0,0,0.0
42,4,10.432,8.0,8.0,0.0,0,0,0,16.0,0.5,0.0,0,0.0
43,4,10.432,8.0,8.0,0.0,0,0,0,16.0,0.5,0.0,0,0.0
44,4,10.432,8.0,0.0,0.0,0,0,0,8.0,1.0,0.0,0,0.0
45,4,4.278018790694791,3.2806892566677845,12.719310743332215,0.0,0,0,0,16.0,0.20504307854173653,4.7193107433322155,1,0.0
46,4,7.3024,8.0,8.0,0.0,0,0,0,16.0,0.5,0.0,0,0.3
47,4,10.432,8.0,8.0,0.0,0,0,0,16.0,0.5,0.0,0,0.0
48,4,10.432,8.0,8.0,0.0,0,0,0,16.0,0.5,0.0,0,0.0
49,4,10.432,8.0,8.0,0.0,0,0,0,16.0,0.5,0.0,0,0.0
50,4,10.432,8.0,8.0,0.0,0,0,0,16.0,0.5,0.0,0,0.0
51,4,10.432,8.0,8.0,0.0,0,0,0,16.0,0.5,0.0,0,0.0
52,4,10.432,8.0,8.0,0.0,0,0,0,16.0,0.5,0.0,0,0.0
53,4,13.112,8.0,0.0,0.0,0,0,0,8.0,1.0,0.0,0,0.0
54,4,10.432,8.0,8.0,0.0,0,0,0,16.0,0.5,0.0,0,0.0
55,4,10.432,8.0,8.0,0.0,0,0,0,16.0,0.5,0.0,0,0.0
56,4,10.432,8.0,8.0,0.0,0,0,0,16.0,0.5,0.0,0,0.0
57,4,9.948,8.0,8.0,0.0,0,0,0,16.0,0.5,0.0,0,0.0
58,4,9.948,8.0,8.0,0.0,0,0,0,16.0,0.5,0.0,0,0.0
59,4,9.948,8.0,0.0,0.0,0,0,0,8.0,1.0,0.0,0,0.0
60,4,9.948,8.0,0.0,0.0,0,0,0,8.0,1.0,0.0,0,0.0
61,4,9.948,8.0,8.0,0.0,0,0,0,16.0,0.5,0.0,0,0.0
62,4,10.432,8.0,8.0,0.0,0,0,0,16.0,0.5,0.0,0,0.0
63,4,9.1784,8.0,0.0,0.0,0,0,0,8.0,1.0,0.0,0,0.3
64,4,10.432,8.0,8.0,0.0,0,0,0,16.0,0.5,0.0,0,0.0
65,4,13.112,8.0,0.0,0.0,0,0,0,8.0,1.0,0.0,0,0.0
66,4,9.1784,8.0,0.0,0.0,0,0,0,8.0,1.0,0.0,0,0.3
67,4,10.432,8.0,8.0,0.0,0,0,0,16.0,0.5,0.0,0,0.0
68,4,10.432,8.0,8.0,0.0,0,0,0,16.0,0.5,0.0,0,0.0
69,4,10.432,8.0,8.0,0.0,0,0,0,16.0,0.5,0.0,0,0.0
70,4,10.432,8.0,8.0,0.0,0,0,0,16.0,0.5,0.0,0,0.0
71,4,10.432,8.0,0.0,0.0,0,0,0,8.0,1.0,0.0,0,0.0
72,4,4.285893187841347,8.0,8.0,0.0,0,0,0,16.0,0.5,0.0,0,0.0
73,4,10.432,8.0,8.0,0.0,0,0,0,16.0,0.5,0.0,0,0.0
74,4,13.112,8.0,0.0,0.0,0,0,0,8.0,1.0,0.0,0,0.0
75,4,10.432,8.0,0.0,0.0,0,0,0,8.0,1.0,0.0,0,0.0
77,4,10.432,8.0,8.0,0.0,0,0,0,16.0,0.5,0.0,0,0.0
78,4,10.432,8.0,8.0,0.0,0,0,0,16.0,0.5,0.0,0,0.0
79,4,10.432,8.0,8.0,0.0,0,0,0,16.0,0.5,0.0,0,0.0
80,4,10.432,8.0,8.0,0.0,0,0,0,16.0,0.5,0.0,0,0.0
81,4,10.432,8.0,8.0,0.0,0,0,0,16.0,0.5,0.0,0,0.0
82,4,13.112,8.0,0.0,0.0,0,0,0,8.0,1.0,0.0,0,0.0
83,4,10.432,8.0,8.0,0.0,0,0,0,16.0,0.5,0.0,0,0.0
84,4,10.432,8.0,8.0,0.0,0,0,0,16.0,0.5,0.0,0,0.0
85,4,10.432,8.0,8.0,0.0,0,0,0,16.0,0.5,0.0,0,0.0
86,4,10.432,8.0,8.0,0.0,0,0,0,16.0,0.5,0.0,0,0.0
87,4,7.3024,8.0,8.0,0.0,0,0,0,16.0,0.5,0.0,0,0.3
88,4,5.667997440764295,4.3466238042670975,11.653376195732903,0.0,0,0,0,16.0,0.2716639877666936,3.6533761957329025,1,0.0
89,4,10.432,8.0,8.0,0.0,0,0,0,16.0,0.5,0.0,0,0.0
90,4,13.112,8.0,0.0,0.0,0,0,0,8.0,1.0,0.0,0,0.0
91,4,10.432,8.0,8.0,0.0,0,0,0,16.0,0.5,0.0,0,0.0
92,4,6.627227703466601,8.0,0.0,0.0,0,0,0,8.0,1.0,0.0,0,0.3
93,4,10.432,8.0,0.0,0.0,0,0,0,8.0,1.0,0.0,0,0.0
94,4,10.432,8.0,8.0,0.0,0,0,0,16.0,0.5,0.0,0,0.0
95,4,10.432,8.0,8.0,0.0,0,0,0,16.0,0.5,0.0,0,0.0
96,4,7.3024,8.0,8.0,0.0,0,0,0,16.0,0.5,0.0,0,0.3
97,4,10.432,8.0,8.0,0.0,0,0,0,16.0,0.5,0.0,0,0.0
98,4,10.432,8.0,8.0,0.0,0,0,0,16.0,0.5,0.0,0,0.0
99,4,7.203837524009312,5.524415279148245,10.475584720851755,0.0,0,0,0,16.0,0.34527595494676533,2.4755847208517543,1,0.0
100,4,0.0,0.0,16.0,0.0,0,0,0,16.0,0.0,0.0,0,0.0
101,4,8.299,8.0,8.0,0.0,0,0,0,16.0,0.5,0.0,0,0.0
102,4,8.299,8.0,0.0,0.0,0,0,0,8.0,1.0,0.0,0,0.0
103,4,8.299,8.0,8.0,0.0,0,0,0,16.0,0.5,0.0,0,0.0
104,4,5.8092999999999995,8.0,8.0,0.0,0,0,0,16.0,0.5,0.0,0,0.3
105,4,5.9438920150417,8.0,8.0,0.0,0,0,0,16.0,0.5,0.0,0,0.0
106,4,8.299,8.0,8.0,0.0,0,0,0,16.0,0.5,0.0,0,0.0
107,4,0.0,0.0,16.0,0.0,0,0,0,16.0,0.0,0.0,0,0.0
108,4,0.0,0.0,16.0,0.0,0,0,0,16.0,0.0,0.0,0,0.0
109,4,0.0,0.0,16.0,0.0,0,0,0,16.0,0.0,0.0,0,0.0
110,4,0.0,0.0,16.0,0.0,0,0,0,16.0,0.0,0.0,0,0.0
111,4,0.0,0.0,16.0,0.0,0,0,0,16.0,0.0,0.0,0,0.0
112,4,0.0,0.0,16.0,0.0,0,0,0,16.0,0.0,0.0,0,0.0
1,5,0.0,0.0,16.0,0.0,0,0,0,16.0,0.0,0.0,0,0.0
2,5,0.0,0.0,16.0,0.0,0,0,0,16.0,0.0,0.0,0,0.0
3,5,0.0,0.0,16.0,0.0,0,0,0,16.0,0.0,0.0,0,0.0
4,5,0.0,0.0,16.0,0.0,0,0,0,16.0,0.0,0.0,0,0.0
5,5,0.0,0.0,16.0,0.0,0,0,0,16.0,0.0,0.0,0,0.0
6,5,0.0,0.0,16.0,0.0,0,0,0,16.0,0.0,0.0,0,0.0
7,5,0.0,0.0,16.0,0.0,0,0,0,16.0,0.0,0.0,0,0.0
8,5,0.0,0.0,16.0,0.0,0,0,0,16.0,0.0,0.0,0,0.0
9,5,0.0,0.0,16.0,0.0,0,0,0,16.0,0.0,0.0,0,0.0
10,5,0.0,0.0,16.0,0.0,0,0,0,16.0,0.0,0.0,0,0.0
11,5,0.0,0.0,8.0,0.0,0,0,0,8.0,0.0,0.0,0,0.0
12,5,8.319,8.0,8.0,0.0,0,0,0,16.0,0.5,0.0,0,0.0
13,5,0.0,0.0,16.0,0.0,0,0,0,16.0,0.0,0.0,0,0.0
14,5,0.0,0.0,16.0,0.0,0,0,0,16.0,0.0,0.0,0,0.0
15,5,0.0,0.0,16.0,0.0,0,0,0,16.0,0.0,0.0,0,0.0
16,5,0.0,0.0,16.0,0.0,0,0,0,16.0,0.0,0.0,0,0.0
17,5,0.0,0.0,8.0,0.0,0,0,0,8.0,0.0,0.0,0,0.0
18,5,0.0,0.0,16.0,0.0,0,0,0,16.0,0.0,0.0,0,0.0
19,5,0.0,0.0,16.0,0.0,0,0,0,16.0,0.0,0.0,0,0.0
20,5,0.0,0.0,8.0,0.0,0,0,0,8.0,0.0,0.0,0,0.0
21,5,0.0,0.0,8.0,0.0,0,0,0,8.0,0.0,0.0,0,0.0
22,5,0.0,0.0,16.0,0.0,0,0,0,16.0,0.0,0.0,0,0.0
23,5,0.0,0.0,16.0,0.0,0,0,0,16.0,0.0,0.0,0,0.0
24,5,0.0,0.0,16.0,0.0,0,0,0,16.0,0.0,0.0,0,0.0
25,5,0.0,0.0,16.0,0.0,0,0,0,16.0,0.0,0.0,0,0.0
26,5,0.0,0.0,16.0,0.0,0,0,0,16.0,0.0,0.0,0,0.0
27,5,0.0,0.0,16.0,0.0,0,0,0,16.0,0.0,0.0,0,0.0
28,5,0.0,0.0,16.0,0.0,0,0,0,16.0,0.0,0.0,0,0.0
29,5,0.0,0.0,16.0,0.0,0,0,0,16.0,0.0,0.0,0,0.0
30,5,0.0,0.0,16.0,0.0,0,0,0,16.0,0.0,0.0,0,0.0
31,5,0.0,0.0,16.0,0.0,0,0,0,16.0,0.0,0.0,0,0.0
32,5,0.0,0.0,16.0,0.0,0,0,0,16.0,0.0,0.0,0,0.0
33,5,0.0,0.0,16.0,0.0,0,0,0,16.0,0.0,0.0,0,0.0
34,5,0.0,0.0,16.0,0.0,0,0,0,16.0,0.0,0.0,0,0.0
35,5,0.0,0.0,8.0,0.0,0,0,0,8.0,0.0,0.0,0,0.0
36,5,0.0,0.0,16.0,0.0,0,0,0,16.0,0.0,0.0,0,0.0
37,5,10.432,8.0,8.0,0.0,0,0,0,16.0,0.5,0.0,0,0.0
38,5,10.432,8.0,8.0,0.0,0,0,0,16.0,0.5,0.0,0,0.0
39,5,10.432,8.0,8.0,0.0,0,0,0,16.0,0.5,0.0,0,0.0
40,5,10.432,8.0,8.0,0.0,0,0,0,16.0,0.5,0.0,0,0.0
41,5,10.432,8.0,8.0,0.0,0,0,0,16.0,0.5,0.0,0,0.0
42,5,10.432,8.0,8.0,0.0,0,0,0,16.0,0.5,0.0,0,0.0
43,5,7.3024,8.0,8.0,0.0,0,0,0,16.0,0.5,0.0,0,0.3
44,5,10.432,8.0,0.0,0.0,0,0,0,8.0,1.0,0.0,0,0.0
45,5,10.432,8.0,8.0,0.0,0,0,0,16.0,0.5,0.0,0,0.0
46,5,10.432,8.0,8.0,0.0,0,0,0,16.0,0.5,0.0,0,0.0
47,5,4.550801097694926,8.0,8.0,0.0,0,0,0,16.0,0.5,0.0,0,0.0
48,5,10.432,8.0,8.0,0.0,0,0,0,16.0,0.5,0.0,0,0.0
49,5,10.432,8.0,8.0,0.0,0,0,0,16.0,0.5,0.0,0,0.0
50,5,10.432,8.0,8.0,0.0,0,0,0,16.0,0.5,0.0,0,0.0
51,5,10.432,8.0,8.0,0.0,0,0,0,16.0,0.5,0.0,0,0.0
52,5,10.432,8.0,8.0,0.0,0,0,0,16.0,0.5,0.0,0,0.0
53,5,9.414637846058971,5.744135354520422,2.255864645479578,0.0,0,0,0,8.0,0.7180169193150527,2.2558646454795785,1,0.0
54,5,4.384320090312361,4.80315522602143,11.196844773978569,0.0,0,0,0,16.0,0.3001972016263394,3.1968447739785697,1,0.3
55,5,6.089756983850599,8.0,8.0,0.0,0,0,0,16.0,0.5,0.0,0,0.0
56,5,10.432,8.0,8.0,0.0,0,0,0,16.0,0.5,0.0,0,0.0
57,5,6.9636,8.0,8.0,0.0,0,0,0,16.0,0.5,0.0,0,0.3
58,5,9.948,8.0,8.0,0.0,0,0,0,16.0,0.5,0.0,0,0.0
59,5,9.948,8.0,0.0,0.0,0,0,0,8.0,1.0,0.0,0,0.0
60,5,6.9636,8.0,0.0,0.0,0,0,0,8.0,1.0,0.0,0,0.3
61,5,9.948,8.0,8.0,0.0,0,0,0,16.0,0.5,0.0,0,0.0
62,5,10.432,8.0,8.0,0.0,0,0,0,16.0,0.5,0.0,0,0.0
63,5,13.112,8.0,0.0,0.0,0,0,0,8.0,1.0,0.0,0,0.0
64,5,10.432,8.0,8.0,0.0,0,0,0,16.0,0.5,0.0,0,0.0
65,5,13.112,8.0,0.0,0.0,0,0,0,8.0,1.0,0.0,0,0.0
66,5,6.851051637146254,4.180019302712784,3.8199806972872157,0.0,0,0,0,8.0,0.522502412839098,3.8199806972872157,1,0.0
67,5,10.432,8.0,8.0,0.0,0,0,0,16.0,0.5,0.0,0,0.0
68,5,10.432,8.0,8.0,0.0,0,0,0,16.0,0.5,0.0,0,0.0
69,5,10.432,8.0,8.0,0.0,0,0,0,16.0,0.5,0.0,0,0.0
70,5,10.432,8.0,8.0,0.0,0,0,0,16.0,0.5,0.0,0,0.0
71,5,10.432,8.0,0.0,0.0,0,0,0,8.0,1.0,0.0,0,0.0
72,5,10.432,8.0,8.0,0.0,0,0,0,16.0,0.5,0.0,0,0.0
73,5,10.432,8.0,8.0,0.0,0,0,0,16.0,0.5,0.0,0,0.0
74,5,13.112,8.0,0.0,0.0,0,0,0,8.0,1.0,0.0,0,0.0
75,5,10.432,8.0,0.0,0.0,0,0,0,8.0,1.0,0.0,0,0.0
77,5,5.911762778481973,4.533560412946298,11.466439587053703,0.0,0,0,0,16.0,0.28334752580914363,3.466439587053702,1,0.0
78,5,4.986486321475409,8.0,8.0,0.0,0,0,0,16.0,0.5,0.0,0,0.0
79,5,10.432,8.0,8.0,0.0,0,0,0,16.0,0.5,0.0,0,0.0
80,5,10.432,8.0,8.0,0.0,0,0,0,16.0,0.5,0.0,0,0.0
81,5,10.432,8.0,8.0,0.0,0,0,0,16.0,0.5,0.0,0,0.0
82,5,13.112,8.0,0.0,0.0,0,0,0,8.0,1.0,0.0,0,0.0
83,5,10.432,8.0,8.0,0.0,0,0,0,16.0,0.5,0.0,0,0.0
84,5,10.432,8.0,8.0,0.0,0,0,0,16.0,0.5,0.0,0,0.0
85,5,10.432,8.0,8.0,0.0,0,0,0,16.0,0.5,0.0,0,0.0
86,5,10.432,8.0,8.0,0.0,0,0,0,16.0,0.5,0.0,0,0.0
87,5,5.288152515122467,8.0,8.0,0.0,0,0,0,16.0,0.5,0.0,0,0.0
88,5,10.432,8.0,8.0,0.0,0,0,0,16.0,0.5,0.0,0,0.0
89,5,10.432,8.0,8.0,0.0,0,0,0,16.0,0.5,0.0,0,0.0
90,5,13.112,8.0,0.0,0.0,0,0,0,8.0,1.0,0.0,0,0.0
91,5,10.432,8.0,8.0,0.0,0,0,0,16.0,0.5,0.0,0,0.0
92,5,13.112,8.0,0.0,0.0,0,0,0,8.0,1.0,0.0,0,0.0
93,5,10.432,8.0,0.0,0.0,0,0,0,8.0,1.0,0.0,0,0.0
94,5,10.432,8.0,8.0,0.0,0,0,0,16.0,0.5,0.0,0,0.0
95,5,10.432,8.0,8.0,0.0,0,0,0,16.0,0.5,0.0,0,0.0
96,5,10.432,8.0,8.0,0.0,0,0,0,16.0,0.5,0.0,0,0.0
97,5,10.432,8.0,8.0,0.0,0,0,0,16.0,0.5,0.0,0,0.0
98,5,2.3048172959501456,1.767497926342136,14.232502073657864,0.0,0,0,0,16.0,0.1104686203963835,6.232502073657864,1,0.0
99,5,10.432,8.0,8.0,0.0,0,0,0,16.0,0.5,0.0,0,0.0
100,5,0.0,0.0,16.0,0.0,0,0,0,16.0,0.0,0.0,0,0.0
101,5,8.299,8.0,8.0,0.0,0,0,0,16.0,0.5,0.0,0,0.0
102,5,8.299,8.0,0.0,0.0,0,0,0,8.0,1.0,0.0,0,0.0
103,5,8.299,8.0,8.0,0.0,0,0,0,16.0,0.5,0.0,0,0.0
104,5,8.299,8.0,8.0,0.0,0,0,0,16.0,0.5,0.0,0,0.0
105,5,8.299,8.0,8.0,0.0,0,0,0,16.0,0.5,0.0,0,0.0
106,5,8.299,8.0,8.0,0.0,0,0,0,16.0,0.5,0.0,0,0.0
107,5,0.0,0.0,16.0,0.0,0,0,0,16.0,0.0,0.0,0,0.0
108,5,0.0,0.0,16.0,0.0,0,0,0,16.0,0.0,0.0,0,0.0
109,5,0.0,0.0,16.0,0.0,0,0,0,16.0,0.0,0.0,0,0.0
110,5,0.0,0.0,16.0,0.0,0,0,0,16.0,0.0,0.0,0,0.0
111,5,0.0,0.0,16.0,0.0,0,0,0,16.0,0.0,0.0,0,0.0
112,5,0.0,0.0,16.0,0.0,0,0,0,16.0,0.0,0.0,0,0.0
1,6,0.0,0.0,16.0,0.0,0,0,0,16.0,0.0,0.0,0,0.0
2,6,0.0,0.0,16.0,0.0,0,0,0,16.0,0.0,0.0,0,0.0
3,6,0.0,0.0,16.0,0.0,0,0,0,16.0,0.0,0.0,0,0.0
4,6,0.0,0.0,16.0,0.0,0,0,0,16.0,0.0,0.0,0,0.0
5,6,0.0,0.0,16.0,0.0,0,0,0,16.0,0.0,0.0,0,0.0
6,6,0.0,0.0,16.0,0.0,0,0,0,16.0,0.0,0.0,0,0.0
7,6,0.0,0.0,16.0,0.0,0,0,0,16.0,0.0,0.0,0,0.0
8,6,0.0,0.0,16.0,0.0,0,0,0,16.0,0.0,0.0,0,0.0
9,6,0.0,0.0,16.0,0.0,0,0,0,16.0,0.0,0.0,0,0.0
10,6,0.0,0.0,16.0,0.0,0,0,0,16.0,0.0,0.0,0,0.0
11,6,0.0,0.0,8.0,0.0,0,0,0,8.0,0.0,0.0,0,0.0
12,6,5.823300000000001,8.0,8.0,0.0,0,0,0,16.0,0.5,0.0,0,0.3
13,6,0.0,0.0,16.0,0.0,0,0,0,16.0,0.0,0.0,0,0.0
14,6,0.0,0.0,16.0,0.0,0,0,0,16.0,0.0,0.0,0,0.0
15,6,0.0,0.0,16.0,0.0,0,0,0,16.0,0.0,0.0,0,0.0
16,6,0.0,0.0,16.0,0.0,0,0,0,16.0,0.0,0.0,0,0.0
17,6,0.0,0.0,8.0,0.0,0,0,0,8.0,0.0,0.0,0,0.0
18,6,0.0,0.0,16.0,0.0,0,0,0,16.0,0.0,0.0,0,0.0
19,6,0.0,0.0,16.0,0.0,0,0,0,16.0,0.0,0.0,0,0.0
20,6,0.0,0.0,8.0,0.0,0,0,0,8.0,0.0,0.0,0,0.0
21,6,0.0,0.0,8.0,0.0,0,0,0,8.0,0.0,0.0,0,0.0
22,6,0.0,0.0,16.0,0.0,0,0,0,16.0,0.0,0.0,0,0.0
23,6,0.0,0.0,16.0,0.0,0,0,0,16.0,0.0,0.0,0,0.0
24,6,0.0,0.0,16.0,0.0,0,0,0,16.0,0.0,0.0,0,0.0
25,6,0.0,0.0,16.0,0.0,0,0,0,16.0,0.0,0.0,0,0.0
26,6,0.0,0.0,16.0,0.0,0,0,0,16.0,0.0,0.0,0,0.0
27,6,0.0,0.0,16.0,0.0,0,0,0,16.0,0.0,0.0,0,0.0
28,6,0.0,0.0,16.0,0.0,0,0,0,16.0,0.0,0.0,0,0.0
29,6,0.0,0.0,16.0,0.0,0,0,0,16.0,0.0,0.0,0,0.0
30,6,0.0,0.0,16.0,0.0,0,0,0,16.0,0.0,0.0,0,0.0
31,6,0.0,0.0,16.0,0.0,0,0,0,16.0,0.0,0.0,0,0.0
32,6,0.0,0.0,16.0,0.0,0,0,0,16.0,0.0,0.0,0,0.0
33,6,0.0,0.0,16.0,0.0,0,0,0,16.0,0.0,0.0,0,0.0
34,6,0.0,0.0,16.0,0.0,0,0,0,16.0,0.0,0.0,0,0.0
35,6,0.0,0.0,8.0,0.0,0,0,0,8.0,0.0,0.0,0,0.0
36,6,0.0,0.0,16.0,0.0,0,0,0,16.0,0.0,0.0,0,0.0
37,6,10.432,8.0,8.0,0.0,0,0,0,16.0,0.5,0.0,0,0.0
38,6,10.432,8.0,8.0,0.0,0,0,0,16.0,0.5,0.0,0,0.0
39,6,10.432,8.0,8.0,0.0,0,0,0,16.0,0.5,0.0,0,0.0
40,6,10.432,8.0,8.0,0.0,0,0,0,16.0,0.5,0.0,0,0.0
41,6,10.432,8.0,8.0,0.0,0,0,0,16.0,0.5,0.0,0,0.0
42,6,10.432,8.0,8.0,0.0,0,0,0,16.0,0.5,0.0,0,0.0
43,6,10.432,8.0,8.0,0.0,0,0,0,16.0,0.5,0.0,0,0.0
44,6,10.432,8.0,0.0,0.0,0,0,0,8.0,1.0,0.0,0,0.0
45,6,10.432,8.0,8.0,0.0,0,0,0,16.0,0.5,0.0,0,0.0
46,6,10.432,8.0,8.0,0.0,0,0,0,16.0,0.5,0.0,0,0.0
47,6,7.3024,8.0,8.0,0.0,0,0,0,16.0,0.5,0.0,0,0.3
48,6,5.005656388346774,3.8386935493456855,12.161306450654315,0.0,0,0,0,16.0,0.23991834683410534,4.1613064506543145,1,0.0
49,6,10.432,8.0,8.0,0.0,0,0,0,16.0,0.5,0.0,0,0.0
50,6,10.432,8.0,8.0,0.0,0,0,0,16.0,0.5,0.0,0,0.0
51,6,10.432,8.0,8.0,0.0,0,0,0,16.0,0.5,0.0,0,0.0
52,6,10.432,8.0,8.0,0.0,0,0,0,16.0,0.5,0.0,0,0.0
53,6,13.112,8.0,0.0,0.0,0,0,0,8.0,1.0,0.0,0,0.0
54,6,10.432,8.0,8.0,0.0,0,0,0,16.0,0.5,0.0,0,0.0
55,6,10.432,8.0,8.0,0.0,0,0,0,16.0,0.5,0.0,0,0.0
56,6,10.432,8.0,8.0,0.0,0,0,0,16.0,0.5,0.0,0,0.0
57,6,9.948,8.0,8.0,0.0,0,0,0,16.0,0.5,0.0,0,0.0
58,6,4.76222052477215,8.0,8.0,0.0,0,0,0,16.0,0.5,0.0,0,0.0
59,6,9.948,8.0,0.0,0.0,0,0,0,8.0,1.0,0.0,0,0.0
60,6,9.948,8.0,0.0,0.0,0,0,0,8.0,1.0,0.0,0,0.0
61,6,6.9636,8.0,8.0,0.0,0,0,0,16.0,0.5,0.0,0,0.3
62,6,10.432,8.0,8.0,0.0,0,0,0,16.0,0.5,0.0,0,0.0
63,6,9.1784,8.0,0.0,0.0,0,0,0,8.0,1.0,0.0,0,0.3
64,6,10.432,8.0,8.0,0.0,0,0,0,16.0,0.5,0.0,0,0.0
65,6,9.1784,8.0,0.0,0.0,0,0,0,8.0,1.0,0.0,0,0.3
66,6,13.112,8.0,0.0,0.0,0,0,0,8.0,1.0,0.0,0,0.0
67,6,10.432,8.0,8.0,0.0,0,0,0,16.0,0.5,0.0,0,0.0
68,6,10.432,8.0,8.0,0.0,0,0,0,16.0,0.5,0.0,0,0.0
69,6,7.3024,8.0,8.0,0.0,0,0,0,16.0,0.5,0.0,0,0.3
70,6,10.432,8.0,8.0,0.0,0,0,0,16.0,0.5,0.0,0,0.0
71,6,10.432,8.0,0.0,0.0,0,0,0,8.0,1.0,0.0,0,0.0
72,6,10.432,8.0,8.0,0.0,0,0,0,16.0,0.5,0.0,0,0.0
73,6,10.432,8.0,8.0,0.0,0,0,0,16.0,0.5,0.0,0,0.0
74,6,7.561370208267388,8.0,0.0,0.0,0,0,0,8.0,1.0,0.0,0,0.0
75,6,10.432,8.0,0.0,0.0,0,0,0,8.0,1.0,0.0,0,0.0
77,6,10.432,8.0,8.0,0.0,0,0,0,16.0,0.5,0.0,0,0.0
78,6,10.432,8.0,8.0,0.0,0,0,0,16.0,0.5,0.0,0,0.0
79,6,7.3024,8.0,8.0,0.0,0,0,0,16.0,0.5,0.0,0,0.3
80,6,10.432,8.0,8.0,0.0,0,0,0,16.0,0.5,0.0,0,0.0
81,6,10.432,8.0,8.0,0.0,0,0,0,16.0,0.5,0.0,0,0.0
82,6,13.112,8.0,0.0,0.0,0,0,0,8.0,1.0,0.0,0,0.0
83,6,10.432,8.0,8.0,0.0,0,0,0,16.0,0.5,0.0,0,0.0
84,6,10.432,8.0,8.0,0.0,0,0,0,16.0,0.5,0.0,0,0.0
85,6,4.559168514128042,8.0,8.0,0.0,0,0,0,16.0,0.5,0.0,0,0.0
86,6,10.432,8.0,8.0,0.0,0,0,0,16.0,0.5,0.0,0,0.0
87,6,10.432,8.0,8.0,0.0,0,0,0,16.0,0.5,0.0,0,0.0
88,6,10.432,8.0,8.0,0.0,0,0,0,16.0,0.5,0.0,0,0.0
89,6,10.432,8.0,8.0,0.0,0,0,0,16.0,0.5,0.0,0,0.0
90,6,13.112,8.0,0.0,0.0,0,0,0,8.0,1.0,0.0,0,0.0
91,6,10.432,8.0,8.0,0.0,0,0,0,16.0,0.5,0.0,0,0.0
92,6,13.112,8.0,0.0,0.0,0,0,0,8.0,1.0,0.0,0,0.0
93,6,7.3024,8.0,0.0,0.0,0,0,0,8.0,1.0,0.0,0,0.3
94,6,10.432,8.0,8.0,0.0,0,0,0,16.0,0.5,0.0,0,0.0
95,6,10.432,8.0,8.0,0.0,0,0,0,16.0,0.5,0.0,0,0.0
96,6,7.3024,8.0,8.0,0.0,0,0,0,16.0,0.5,0.0,0,0.3
97,6,10.432,8.0,8.0,0.0,0,0,0,16.0,0.5,0.0,0,0.0
98,6,10.432,8.0,8.0,0.0,0,0,0,16.0,0.5,0.0,0,0.0
99,6,10.432,8.0,8.0,0.0,0,0,0,16.0,0.5,0.0,0,0.0
100,6,0.0,0.0,16.0,0.0,0,0,0,16.0,0.0,0.0,0,0.0
101,6,4.769851062867437,4.598000783581093,11.401999216418908,0.0,0,0,0,16.0,0.2873750489738183,3.401999216418907,1,0.0
102,6,5.8092999999999995,8.0,0.0,0.0,0,0,0,8.0,1.0,0.0,0,0.3
103,6,8.299,8.0,8.0,0.0,0,0,0,16.0,0.5,0.0,0,0.0
104,6,8.299,8.0,8.0,0.0,0,0,0,16.0,0.5,0.0,0,0.0
105,6,8.299,8.0,8.0,0.0,0,0,0,16.0,0.5,0.0,0,0.0
106,6,4.427643509400813,8.0,8.0,0.0,0,0,0,16.0,0.5,0.0,0,0.0
107,6,0.0,0.0,16.0,0.0,0,0,0,16.0,0.0,0.0,0,0.0
108,6,0.0,0.0,16.0,0.0,0,0,0,16.0,0.0,0.0,0,0.0
109,6,0.0,0.0,16.0,0.0,0,0,0,16.0,0.0,0.0,0,0.0
110,6,0.0,0.0,16.0,0.0,0,0,0,16.0,0.0,0.0,0,0.0
111,6,0.0,0.0,16.0,0.0,0,0,0,16.0,0.0,0.0,0,0.0
112,6,0.0,0.0,16.0,0.0,0,0,0,16.0,0.0,0.0,0,0.0
1,7,0.0,0.0,16.0,0.0,0,0,0,16.0,0.0,0.0,0,0.0
2,7,0.0,0.0,16.0,0.0,0,0,0,16.0,0.0,0.0,0,0.0
3,7,0.0,0.0,16.0,0.0,0,0,0,16.0,0.0,0.0,0,0.0
4,7,0.0,0.0,16.0,0.0,0,0,0,16.0,0.0,0.0,0,0.0
5,7,0.0,0.0,16.0,0.0,0,0,0,16.0,0.0,0.0,0,0.0
6,7,0.0,0.0,16.0,0.0,0,0,0,16.0,0.0,0.0,0,0.0
7,7,0.0,0.0,16.0,0.0,0,0,0,16.0,0.0,0.0,0,0.0
8,7,0.0,0.0,16.0,0.0,0,0,0,16.0,0.0,0.0,0,0.0
9,7,0.0,0.0,16.0,0.0,0,0,0,16.0,0.0,0.0,0,0.0
10,7,0.0,0.0,16.0,0.0,0,0,0,16.0,0.0,0.0,0,0.0
11,7,0.0,0.0,8.0,0.0,0,0,0,8.0,0.0,0.0,0,0.0
12,7,8.319,8.0,8.0,0.0,0,0,0,16.0,0.5,0.0,0,0.0
13,7,0.0,0.0,16.0,0.0,0,0,0,16.0,0.0,0.0,0,0.0
14,7,0.0,0.0,16.0,0.0,0,0,0,16.0,0.0,0.0,0,0.0
15,7,0.0,0.0,16.0,0.0,0,0,0,16.0,0.0,0.0,0,0.0
16,7,0.0,0.0,16.0,0.0,0,0,0,16.0,0.0,0.0,0,0.0
17,7,0.0,0.0,8.0,0.0,0,0,0,8.0,0.0,0.0,0,0.0
18,7,0.0,0.0,16.0,0.0,0,0,0,16.0,0.0,0.0,0,0.0
19,7,0.0,0.0,16.0,0.0,0,0,0,16.0,0.0,0.0,0,0.0
20,7,0.0,0.0,8.0,0.0,0,0,0,8.0,0.0,0.0,0,0.0
21,7,0.0,0.0,8.0,0.0,0,0,0,8.0,0.0,0.0,0,0.0
22,7,0.0,0.0,16.0,0.0,0,0,0,16.0,0.0,0.0,0,0.0
23,7,0.0,0.0,16.0,0.0,0,0,0,16.0,0.0,0.0,0,0.0
24,7,0.0,0.0,16.0,0.0,0,0,0,16.0,0.0,0.0,0,0.0
25,7,0.0,0.0,16.0,0.0,0,0,0,16.0,0.0,0.0,0,0.0
26,7,0.0,0.0,16.0,0.0,0,0,0,16.0,0.0,0.0,0,0.0
27,7,0.0,0.0,16.0,0.0,0,0,0,16.0,0.0,0.0,0,0.0
28,7,0.0,0.0,16.0,0.0,0,0,0,16.0,0.0,0.0,0,0.0
29,7,0.0,0.0,16.0,0.0,0,0,0,16.0,0.0,0.0,0,0.0
30,7,0.0,0.0,16.0,0.0,0,0,0,16.0,0.0,0.0,0,0.0
31,7,0.0,0.0,16.0,0.0,0,0,0,16.0,0.0,0.0,0,0.0
32,7,0.0,0.0,16.0,0.0,0,0,0,16.0,0.0,0.0,0,0.0
33,7,0.0,0.0,16.0,0.0,0,0,0,16.0,0.0,0.0,0,0.0
34,7,0.0,0.0,16.0,0.0,0,0,0,16.0,0.0,0.0,0,0.0
35,7,0.0,0.0,8.0,0.0,0,0,0,8.0,0.0,0.0,0,0.0
36,7,0.0,0.0,16.0,0.0,0,0,0,16.0,0.0,0.0,0,0.0
37,7,10.432,8.0,8.0,0.0,0,0,0,16.0,0.5,0.0,0,0.0
38,7,10.432,8.0,8.0,0.0,0,0,0,16.0,0.5,0.0,0,0.0
39,7,10.432,8.0,8.0,0.0,0,0,0,16.0,0.5,0.0,0,0.0
40,7,10.432,8.0,8.0,0.0,0,0,0,16.0,0.5,0.0,0,0.0
41,7,4.105030796036735,8.0,8.0,0.0,0,0,0,16.0,0.5,0.0,0,0.3
42,7,4.960050924144994,3.803720033853523,12.196279966146477,0.0,0,0,0,16.0,0.23773250211584518,4.196279966146477,1,0.0
43,7,10.432,8.0,8.0,0.0,0,0,0,16.0,0.5,0.0,0,0.0
44,7,6.295315179185988,4.827695689559807,3.172304310440193,0.0,0,0,0,8.0,0.6034619611949759,3.1723043104401927,1,0.0
45,7,10.432,8.0,8.0,0.0,0,0,0,16.0,0.5,0.0,0,0.0
46,7,10.432,8.0,8.0,0.0,0,0,0,16.0,0.5,0.0,0,0.0
47,7,10.432,8.0,8.0,0.0,0,0,0,16.0,0.5,0.0,0,0.0
48,7,10.432,8.0,8.0,0.0,0,0,0,16.0,0.5,0.0,0,0.0
49,7,10.432,8.0,8.0,0.0,0,0,0,16.0,0.5,0.0,0,0.0
50,7,10.432,8.0,8.0,0.0,0,0,0,16.0,0.5,0.0,0,0.0
51,7,10.432,8.0,8.0,0.0,0,0,0,16.0,0.5,0.0,0,0.0
52,7,10.432,8.0,8.0,0.0,0,0,0,16.0,0.5,0.0,0,0.0
53,7,13.112,8.0,0.0,0.0,0,0,0,8.0,1.0,0.0,0,0.0
54,7,6.34091994380798,4.862668668564401,11.137331331435599,0.0,0,0,0,16.0,0.3039167917852751,3.137331331435599,1,0.0
55,7,7.3024,8.0,8.0,0.0,0,0,0,16.0,0.5,0.0,0,0.3
56,7,7.3024,8.0,8.0,0.0,0,0,0,16.0,0.5,0.0,0,0.3
57,7,9.948,8.0,8.0,0.0,0,0,0,16.0,0.5,0.0,0,0.0
58,7,9.948,8.0,8.0,0.0,0,0,0,16.0,0.5,0.0,0,0.0
59,7,9.948,8.0,0.0,0.0,0,0,0,8.0,1.0,0.0,0,0.0
60,7,9.948,8.0,0.0,0.0,0,0,0,8.0,1.0,0.0,0,0.0
61,7,9.948,8.0,8.0,0.0,0,0,0,16.0,0.5,0.0,0,0.0
62,7,7.3024,8.0,8.0,0.0,0,0,0,16.0,0.5,0.0,0,0.3
63,7,13.112,8.0,0.0,0.0,0,0,0,8.0,1.0,0.0,0,0.0
64,7,10.432,8.0,8.0,0.0,0,0,0,16.0,0.5,0.0,0,0.0
65,7,13.112,8.0,0.0,0.0,0,0,0,8.0,1.0,0.0,0,0.0
66,7,13.112,8.0,0.0,0.0,0,0,0,8.0,1.0,0.0,0,0.0
67,7,10.432,8.0,8.0,0.0,0,0,0,16.0,0.5,0.0,0,0.0
68,7,10.432,8.0,8.0,0.0,0,0,0,16.0,0.5,0.0,0,0.0
69,7,10.432,8.0,8.0,0.0,0,0,0,16.0,0.5,0.0,0,0.0
70,7,10.432,8.0,8.0,0.0,0,0,0,16.0,0.5,0.0,0,0.0
71,7,10.432,8.0,0.0,0.0,0,0,0,8.0,1.0,0.0,0,0.0
72,7,10.432,8.0,8.0,0.0,0,0,0,16.0,0.5,0.0,0,0.0
73,7,10.432,8.0,8.0,0.0,0,0,0,16.0,0.5,0.0,0,0.0
74,7,13.112,8.0,0.0,0.0,0,0,0,8.0,1.0,0.0,0,0.0
75,7,10.432,8.0,0.0,0.0,0,0,0,8.0,1.0,0.0,0,0.0
77,7,10.432,8.0,8.0,0.0,0,0,0,16.0,0.5,0.0,0,0.0
78,7,10.432,8.0,8.0,0.0,0,0,0,16.0,0.5,0.0,0,0.0
79,7,10.432,8.0,8.0,0.0,0,0,0,16.0,0.5,0.0,0,0.0
80,7,10.432,8.0,8.0,0.0,0,0,0,16.0,0.5,0.0,0,0.0
81,7,10.432,8.0,8.0,0.0,0,0,0,16.0,0.5,0.0,0,0.0
82,7,13.112,8.0,0.0,0.0,0,0,0,8.0,1.0,0.0,0,0.0
83,7,10.432,8.0,8.0,0.0,0,0,0,16.0,0.5,0.0,0,0.0
84,7,10.432,8.0,8.0,0.0,0,0,0,16.0,0.5,0.0,0,0.0
85,7,10.432,8.0,8.0,0.0,0,0,0,16.0,0.5,0.0,0,0.0
86,7,7.829060423641146,8.0,8.0,0.0,0,0,0,16.0,0.5,0.0,0,0.0
87,7,10.432,8.0,8.0,0.0,0,0,0,16.0,0.5,0.0,0,0.0
88,7,10.432,8.0,8.0,0.0,0,0,0,16.0,0.5,0.0,0,0.0
89,7,10.432,8.0,8.0,0.0,0,0,0,16.0,0.5,0.0,0,0.0
90,7,13.112,8.0,0.0,0.0,0,0,0,8.0,1.0,0.0,0,0.0
91,7,10.432,8.0,8.0,0.0,0,0,0,16.0,0.5,0.0,0,0.0
92,7,13.112,8.0,0.0,0.0,0,0,0,8.0,1.0,0.0,0,0.0
93,7,10.432,8.0,0.0,0.0,0,0,0,8.0,1.0,0.0,0,0.0
94,7,10.432,8.0,8.0,0.0,0,0,0,16.0,0.5,0.0,0,0.0
95,7,10.432,8.0,8.0,0.0,0,0,0,16.0,0.5,0.0,0,0.0
96,7,10.432,8.0,8.0,0.0,0,0,0,16.0,0.5,0.0,0,0.0
97,7,10.432,8.0,8.0,0.0,0,0,0,16.0,0.5,0.0,0,0.0
98,7,10.432,8.0,8.0,0.0,0,0,0,16.0,0.5,0.0,0,0.0
99,7,10.432,8.0,8.0,0.0,0,0,0,16.0,0.5,0.0,0,0.0
100,7,0.0,0.0,16.0,0.0,0,0,0,16.0,0.0,0.0,0,0.0
101,7,8.299,8.0,8.0,0.0,0,0,0,16.0,0.5,0.0,0,0.0
102,7,8.299,8.0,0.0,0.0,0,0,0,8.0,1.0,0.0,0,0.0
103,7,8.299,8.0,8.0,0.0,0,0,0,16.0,0.5,0.0,0,0.0
104,7,3.89777632301886,3.7573455336969372,12.242654466303062,0.0,0,0,0,16.0,0.23483409585605858,4.242654466303063,1,0.0
105,7,3.843231338427819,3.704765719655688,12.295234280344312,0.0,0,0,0,16.0,0.2315478574784805,4.295234280344312,1,0.0
106,7,8.299,8.0,8.0,0.0,0,0,0,16.0,0.5,0.0,0,0.0
107,7,0.0,0.0,16.0,0.0,0,0,0,16.0,0.0,0.0,0,0.0
108,7,0.0,0.0,16.0,0.0,0,0,0,16.0,0.0,0.0,0,0.0
109,7,0.0,0.0,16.0,0.0,0,0,0,16.0,0.0,0.0,0,0.0
110,7,0.0,0.0,16.0,0.0,0,0,0,16.0,0.0,0.0,0,0.0
111,7,0.0,0.0,16.0,0.0,0,0,0,16.0,0.0,0.0,0,0.0
112,7,0.0,0.0,16.0,0.0,0,0,0,16.0,0.0,0.0,0,0.0
1,8,0.0,0.0,16.0,0.0,0,0,0,16.0,0.0,0.0,0,0.0
2,8,0.0,0.0,16.0,0.0,0,0,0,16.0,0.0,0.0,0,0.0
3,8,0.0,0.0,16.0,0.0,0,0,0,16.0,0.0,0.0,0,0.0
4,8,0.0,0.0,16.0,0.0,0,0,0,16.0,0.0,0.0,0,0.0
5,8,0.0,0.0,16.0,0.0,0,0,0,16.0,0.0,0.0,0,0.0
6,8,0.0,0.0,16.0,0.0,0,0,0,16.0,0.0,0.0,0,0.0
7,8,0.0,0.0,16.0,0.0,0,0,0,16.0,0.0,0.0,0,0.0
8,8,0.0,0.0,16.0,0.0,0,0,0,16.0,0.0,0.0,0,0.0
9,8,0.0,0.0,16.0,0.0,0,0,0,16.0,0.0,0.0,0,0.0
10,8,0.0,0.0,16.0,0.0,0,0,0,16.0,0.0,0.0,0,0.0
11,8,0.0,0.0,8.0,0.0,0,0,0,8.0,0.0,0.0,0,0.0
12,8,8.319,8.0,8.0,0.0,0,0,0,16.0,0.5,0.0,0,0.0
13,8,0.0,0.0,16.0,0.0,0,0,0,16.0,0.0,0.0,0,0.0
14,8,0.0,0.0,16.0,0.0,0,0,0,16.0,0.0,0.0,0,0.0
15,8,0.0,0.0,16.0,0.0,0,0,0,16.0,0.0,0.0,0,0.0
16,8,0.0,0.0,16.0,0.0,0,0,0,16.0,0.0,0.0,0,0.0
17,8,0.0,0.0,8.0,0.0,0,0,0,8.0,0.0,0.0,0,0.0
18,8,0.0,0.0,16.0,0.0,0,0,0,16.0,0.0,0.0,0,0.0
19,8,0.0,0.0,16.0,0.0,0,0,0,16.0,0.0,0.0,0,0.0
20,8,0.0,0.0,8.0,0.0,0,0,0,8.0,0.0,0.0,0,0.0
21,8,0.0,0.0,8.0,0.0,0,0,0,8.0,0.0,0.0,0,0.0
22,8,0.0,0.0,16.0,0.0,0,0,0,16.0,0.0,0.0,0,0.0
23,8,0.0,0.0,16.0,0.0,0,0,0,16.0,0.0,0.0,0,0.0
24,8,0.0,0.0,16.0,0.0,0,0,0,16.0,0.0,0.0,0,0.0
25,8,0.0,0.0,16.0,0.0,0,0,0,16.0,0.0,0.0,0,0.0
26,8,0.0,0.0,16.0,0.0,0,0,0,16.0,0.0,0.0,0,0.0
27,8,0.0,0.0,16.0,0.0,0,0,0,16.0,0.0,0.0,0,0.0
28,8,0.0,0.0,16.0,0.0,0,0,0,16.0,0.0,0.0,0,0.0
29,8,0.0,0.0,16.0,0.0,0,0,0,16.0,0.0,0.0,0,0.0
30,8,0.0,0.0,16.0,0.0,0,0,0,16.0,0.0,0.0,0,0.0
31,8,0.0,0.0,16.0,0.0,0,0,0,16.0,0.0,0.0,0,0.0
32,8,0.0,0.0,16.0,0.0,0,0,0,16.0,0.0,0.0,0,0.0
33,8,0.0,0.0,16.0,0.0,0,0,0,16.0,0.0,0.0,0,0.0
34,8,0.0,0.0,16.0,0.0,0,0,0,16.0,0.0,0.0,0,0.0
35,8,0.0,0.0,8.0,0.0,0,0,0,8.0,0.0,0.0,0,0.0
36,8,0.0,0.0,16.0,0.0,0,0,0,16.0,0.0,0.0,0,0.0
37,8,10.432,8.0,8.0,0.0,0,0,0,16.0,0.5,0.0,0,0.0
38,8,10.432,8.0,8.0,0.0,0,0,0,16.0,0.5,0.0,0,0.0
39,8,10.432,8.0,8.0,0.0,0,0,0,16.0,0.5,0.0,0,0.0
40,8,10.432,8.0,8.0,0.0,0,0,0,16.0,0.5,0.0,0,0.0
41,8,10.432,8.0,8.0,0.0,0,0,0,16.0,0.5,0.0,0,0.0
42,8,10.432,8.0,8.0,0.0,0,0,0,16.0,0.5,0.0,0,0.0
43,8,10.432,8.0,8.0,0.0,0,0,0,16.0,0.5,0.0,0,0.0
44,8,10.432,8.0,0.0,0.0,0,0,0,8.0,1.0,0.0,0,0.0
45,8,10.432,8.0,8.0,0.0,0,0,0,16.0,0.5,0.0,0,0.0
46,8,7.3024,8.0,8.0,0.0,0,0,0,16.0,0.5,0.0,0,0.3
47,8,10.432,8.0,8.0,0.0,0,0,0,16.0,0.5,0.0,0,0.0
48,8,10.432,8.0,8.0,0.0,0,0,0,16.0,0.5,0.0,0,0.0
49,8,10.432,8.0,8.0,0.0,0,0,0,16.0,0.5,0.0,0,0.0
50,8,10.432,8.0,8.0,0.0,0,0,0,16.0,0.5,0.0,0,0.0
51,8,10.432,8.0,8.0,0.0,0,0,0,16.0,0.5,0.0,0,0.0
52,8,10.432,8.0,8.0,0.0,0,0,0,16.0,0.5,0.0,0,0.0
53,8,13.112,8.0,0.0,0.0,0,0,0,8.0,1.0,0.0,0,0.0
54,8,10.432,8.0,8.0,0.0,0,0,0,16.0,0.5,0.0,0,0.0
55,8,10.432,8.0,8.0,0.0,0,0,0,16.0,0.5,0.0,0,0.0
56,8,10.432,8.0,8.0,0.0,0,0,0,16.0,0.5,0.0,0,0.0
57,8,4.417063912663798,3.5521221653910713,12.447877834608928,0.0,0,0,0,16.0,0.22200763533694196,4.447877834608929,1,0.0
58,8,9.948,8.0,8.0,0.0,0,0,0,16.0,0.5,0.0,0,0.0
59,8,9.948,8.0,0.0,0.0,0,0,0,8.0,1.0,0.0,0,0.0
60,8,9.948,8.0,0.0,0.0,0,0,0,8.0,1.0,0.0,0,0.0
61,8,9.948,8.0,8.0,0.0,0,0,0,16.0,0.5,0.0,0,0.0
62,8,10.432,8.0,8.0,0.0,0,0,0,16.0,0.5,0.0,0,0.0
63,8,13.112,8.0,0.0,0.0,0,0,0,8.0,1.0,0.0,0,0.0
64,8,10.432,8.0,8.0,0.0,0,0,0,16.0,0.5,0.0,0,0.0
65,8,13.112,8.0,0.0,0.0,0,0,0,8.0,1.0,0.0,0,0.0
66,8,9.1784,8.0,0.0,0.0,0,0,0,8.0,1.0,0.0,0,0.3
67,8,10.432,8.0,8.0,0.0,0,0,0,16.0,0.5,0.0,0,0.0
68,8,10.432,8.0,8.0,0.0,0,0,0,16.0,0.5,0.0,0,0.0
69,8,5.589114515133871,4.286130763139472,11.713869236860528,0.0,0,0,0,16.0,0.267883172696217,3.713869236860529,1,0.0
70,8,10.432,8.0,8.0,0.0,0,0,0,16.0,0.5,0.0,0,0.0
71,8,10.432,8.0,0.0,0.0,0,0,0,8.0,1.0,0.0,0,0.0
72,8,10.432,8.0,8.0,0.0,0,0,0,16.0,0.5,0.0,0,0.0
73,8,10.432,8.0,8.0,0.0,0,0,0,16.0,0.5,0.0,0,0.0
74,8,13.112,8.0,0.0,0.0,0,0,0,8.0,1.0,0.0,0,0.0
75,8,10.432,8.0,0.0,0.0,0,0,0,8.0,1.0,0.0,0,0.0
77,8,10.432,8.0,8.0,0.0,0,0,0,16.0,0.5,0.0,0,0.0
78,8,10.432,8.0,8.0,0.0,0,0,0,16.0,0.5,0.0,0,0.0
79,8,10.432,8.0,8.0,0.0,0,0,0,16.0,0.5,0.0,0,0.0
80,8,10.432,8.0,8.0,0.0,0,0,0,16.0,0.5,0.0,0,0.0
81,8,10.432,8.0,8.0,0.0,0,0,0,16.0,0.5,0.0,0,0.0
82,8,13.112,8.0,0.0,0.0,0,0,0,8.0,1.0,0.0,0,0.0
83,8,6.472665802842918,4.963700769051317,11.036299230948682,0.0,0,0,0,16.0,0.3102312980657073,3.036299230948683,1,0.0
84,8,10.432,8.0,8.0,0.0,0,0,0,16.0,0.5,0.0,0,0.0
85,8,10.432,8.0,8.0,0.0,0,0,0,16.0,0.5,0.0,0,0.0
86,8,10.432,8.0,8.0,0.0,0,0,0,16.0,0.5,0.0,0,0.0
87,8,10.432,8.0,8.0,0.0,0,0,0,16.0,0.5,0.0,0,0.0
88,8,10.432,8.0,8.0,0.0,0,0,0,16.0,0.5,0.0,0,0.0
89,8,10.432,8.0,8.0,0.0,0,0,0,16.0,0.5,0.0,0,0.0
90,8,13.112,8.0,0.0,0.0,0,0,0,8.0,1.0,0.0,0,0.0
91,8,7.3024,8.0,8.0,0.0,0,0,0,16.0,0.5,0.0,0,0.3
92,8,13.112,8.0,0.0,0.0,0,0,0,8.0,1.0,0.0,0,0.0
93,8,10.432,8.0,0.0,0.0,0,0,0,8.0,1.0,0.0,0,0.0
94,8,7.3024,8.0,8.0,0.0,0,0,0,16.0,0.5,0.0,0,0.3
95,8,10.432,8.0,8.0,0.0,0,0,0,16.0,0.5,0.0,0,0.0
96,8,7.3024,8.0,8.0,0.0,0,0,0,16.0,0.5,0.0,0,0.3
97,8,10.432,8.0,8.0,0.0,0,0,0,16.0,0.5,0.0,0,0.0
98,8,10.432,8.0,8.0,0.0,0,0,0,16.0,0.5,0.0,0,0.0
99,8,10.432,8.0,8.0,0.0,0,0,0,16.0,0.5,0.0,0,0.0
100,8,0.0,0.0,16.0,0.0,0,0,0,16.0,0.0,0.0,0,0.0
101,8,8.299,8.0,8.0,0.0,0,0,0,16.0,0.5,0.0,0,0.0
102,8,8.299,8.0,0.0,0.0,0,0,0,8.0,1.0,0.0,0,0.0
103,8,8.299,8.0,8.0,0.0,0,0,0,16.0,0.5,0.0,0,0.0
104,8,8.299,8.0,8.0,0.0,0,0,0,16.0,0.5,0.0,0,0.0
105,8,8.299,8.0,8.0,0.0,0,0,0,16.0,0.5,0.0,0,0.0
106,8,3.140972807138148,3.027808465731436,12.972191534268564,0.0,0,0,0,16.0,0.18923802910821474,4.972191534268564,1,0.0
107,8,0.0,0.0,16.0,0.0,0,0,0,16.0,0.0,0.0,0,0.0
108,8,0.0,0.0,16.0,0.0,0,0,0,16.0,0.0,0.0,0,0.0
109,8,0.0,0.0,16.0,0.0,0,0,0,16.0,0.0,0.0,0,0.0
110,8,0.0,0.0,16.0,0.0,0,0,0,16.0,0.0,0.0,0,0.0
111,8,0.0,0.0,16.0,0.0,0,0,0,16.0,0.0,0.0,0,0.0
112,8,0.0,0.0,16.0,0.0,0,0,0,16.0,0.0,0.0,0,0.0
1,9,0.0,0.0,16.0,0.0,0,0,0,16.0,0.0,0.0,0,0.0
2,9,0.0,0.0,16.0,0.0,0,0,0,16.0,0.0,0.0,0,0.0
3,9,0.0,0.0,16.0,0.0,0,0,0,16.0,0.0,0.0,0,0.0
4,9,0.0,0.0,16.0,0.0,0,0,0,16.0,0.0,0.0,0,0.0
5,9,0.0,0.0,16.0,0.0,0,0,0,16.0,0.0,0.0,0,0.0
6,9,0.0,0.0,16.0,0.0,0,0,0,16.0,0.0,0.0,0,0.0
7,9,0.0,0.0,16.0,0.0,0,0,0,16.0,0.0,0.0,0,0.0
8,9,0.0,0.0,16.0,0.0,0,0,0,16.0,0.0,0.0,0,0.0
9,9,0.0,0.0,16.0,0.0,0,0,0,16.0,0.0,0.0,0,0.0
10,9,0.0,0.0,16.0,0.0,0,0,0,16.0,0.0,0.0,0,0.0
11,9,0.0,0.0,8.0,0.0,0,0,0,8.0,0.0,0.0,0,0.0
12,9,8.319,8.0,8.0,0.0,0,0,0,16.0,0.5,0.0,0,0.0
13,9,0.0,0.0,16.0,0.0,0,0,0,16.0,0.0,0.0,0,0.0
14,9,0.0,0.0,16.0,0.0,0,0,0,16.0,0.0,0.0,0,0.0
15,9,0.0,0.0,16.0,0.0,0,0,0,16.0,0.0,0.0,0,0.0
16,9,0.0,0.0,16.0,0.0,0,0,0,16.0,0.0,0.0,0,0.0
17,9,0.0,0.0,8.0,0.0,0,0,0,8.0,0.0,0.0,0,0.0
18,9,0.0,0.0,16.0,0.0,0,0,0,16.0,0.0,0.0,0,0.0
19,9,0.0,0.0,16.0,0.0,0,0,0,16.0,0.0,0.0,0,0.0
20,9,0.0,0.0,8.0,0.0,0,0,0,8.0,0.0,0.0,0,0.0
21,9,0.0,0.0,8.0,0.0,0,0,0,8.0,0.0,0.0,0,0.0
22,9,0.0,0.0,16.0,0.0,0,0,0,16.0,0.0,0.0,0,0.0
23,9,0.0,0.0,16.0,0.0,0,0,0,16.0,0.0,0.0,0,0.0
24,9,0.0,0.0,16.0,0.0,0,0,0,16.0,0.0,0.0,0,0.0
25,9,0.0,0.0,16.0,0.0,0,0,0,16.0,0.0,0.0,0,0.0
26,9,0.0,0.0,16.0,0.0,0,0,0,16.0,0.0,0.0,0,0.0
27,9,0.0,0.0,16.0,0.0,0,0,0,16.0,0.0,0.0,0,0.0
28,9,0.0,0.0,16.0,0.0,0,0,0,16.0,0.0,0.0,0,0.0
29,9,0.0,0.0,16.0,0.0,0,0,0,16.0,0.0,0.0,0,0.0
30,9,0.0,0.0,16.0,0.0,0,0,0,16.0,0.0,0.0,0,0.0
31,9,0.0,0.0,16.0,0.0,0,0,0,16.0,0.0,0.0,0,0.0
32,9,0.0,0.0,16.0,0.0,0,0,0,16.0,0.0,0.0,0,0.0
33,9,0.0,0.0,16.0,0.0,0,0,0,16.0,0.0,0.0,0,0.0
34,9,0.0,0.0,16.0,0.0,0,0,0,16.0,0.0,0.0,0,0.0
35,9,0.0,0.0,8.0,0.0,0,0,0,8.0,0.0,0.0,0,0.0
36,9,0.0,0.0,16.0,0.0,0,0,0,16.0,0.0,0.0,0,0.0
37,9,10.432,8.0,8.0,0.0,0,0,0,16.0,0.5,0.0,0,0.0
38,9,10.432,8.0,8.0,0.0,0,0,0,16.0,0.5,0.0,0,0.0
39,9,10.432,8.0,8.0,0.0,0,0,0,16.0,0.5,0.0,0,0.0
40,9,10.432,8.0,8.0,0.0,0,0,0,16.0,0.5,0.0,0,0.0
41,9,10.432,8.0,8.0,0.0,0,0,0,16.0,0.5,0.0,0,0.0
42,9,10.432,8.0,8.0,0.0,0,0,0,16.0,0.5,0.0,0,0.0
43,9,10.432,8.0,8.0,0.0,0,0,0,16.0,0.5,0.0,0,0.0
44,9,10.432,8.0,0.0,0.0,0,0,0,8.0,1.0,0.0,0,0.0
45,9,10.432,8.0,8.0,0.0,0,0,0,16.0,0.5,0.0,0,0.0
46,9,10.432,8.0,8.0,0.0,0,0,0,16.0,0.5,0.0,0,0.0
47,9,10.432,8.0,8.0,0.0,0,0,0,16.0,0.5,0.0,0,0.0
48,9,10.432,8.0,8.0,0.0,0,0,0,16.0,0.5,0.0,0,0.0
49,9,5.866704186415158,8.0,8.0,0.0,0,0,0,16.0,0.5,0.0,0,0.0
50,9,10.432,8.0,8.0,0.0,0,0,0,16.0,0.5,0.0,0,0.0
51,9,10.432,8.0,8.0,0.0,0,0,0,16.0,0.5,0.0,0,0.0
52,9,10.432,8.0,8.0,0.0,0,0,0,16.0,0.5,0.0,0,0.0
53,9,13.112,8.0,0.0,0.0,0,0,0,8.0,1.0,0.0,0,0.0
54,9,10.432,8.0,8.0,0.0,0,0,0,16.0,0.5,0.0,0,0.0
55,9,5.0194895142955795,3.8493017747665483,12.150698225233452,0.0,0,0,0,16.0,0.24058136092290927,4.150698225233452,1,0.0
56,9,10.432,8.0,8.0,0.0,0,0,0,16.0,0.5,0.0,0,0.0
57,9,9.948,8.0,8.0,0.0,0,0,0,16.0,0.5,0.0,0,0.0
58,9,5.508149720778788,8.0,8.0,0.0,0,0,0,16.0,0.5,0.0,0,0.0
59,9,9.948,8.0,0.0,0.0,0,0,0,8.0,1.0,0.0,0,0.0
60,9,9.948,8.0,0.0,0.0,0,0,0,8.0,1.0,0.0,0,0.0
61,9,6.9636,8.0,8.0,0.0,0,0,0,16.0,0.5,0.0,0,0.3
62,9,10.432,8.0,8.0,0.0,0,0,0,16.0,0.5,0.0,0,0.0
63,9,13.112,8.0,0.0,0.0,0,0,0,8.0,1.0,0.0,0,0.0
64,9,10.432,8.0,8.0,0.0,0,0,0,16.0,0.5,0.0,0,0.0
65,9,13.112,8.0,0.0,0.0,0,0,0,8.0,1.0,0.0,0,0.0
66,9,13.112,8.0,0.0,0.0,0,0,0,8.0,1.0,0.0,0,0.0
67,9,10.432,8.0,8.0,0.0,0,0,0,16.0,0.5,0.0,0,0.0
68,9,10.432,8.0,8.0,0.0,0,0,0,16.0,0.5,0.0,0,0.0
69,9,10.432,8.0,8.0,0.0,0,0,0,16.0,0.5,0.0,0,0.0
70,9,10.432,8.0,8.0,0.0,0,0,0,16.0,0.5,0.0,0,0.0
71,9,10.432,8.0,0.0,0.0,0,0,0,8.0,1.0,0.0,0,0.0
72,9,10.432,8.0,8.0,0.0,0,0,0,16.0,0.5,0.0,0,0.0
73,9,10.432,8.0,8.0,0.0,0,0,0,16.0,0.5,0.0,0,0.0
74,9,13.112,8.0,0.0,0.0,0,0,0,8.0,1.0,0.0,0,0.0
75,9,10.432,8.0,0.0,0.0,0,0,0,8.0,1.0,0.0,0,0.0
77,9,8.013836039249021,8.0,8.0,0.0,0,0,0,16.0,0.5,0.0,0,0.0
78,9,10.432,8.0,8.0,0.0,0,0,0,16.0,0.5,0.0,0,0.0
79,9,10.432,8.0,8.0,0.0,0,0,0,16.0,0.5,0.0,0,0.0
80,9,10.432,8.0,8.0,0.0,0,0,0,16.0,0.5,0.0,0,0.0
81,9,10.432,8.0,8.0,0.0,0,0,0,16.0,0.5,0.0,0,0.0
82,9,13.112,8.0,0.0,0.0,0,0,0,8.0,1.0,0.0,0,0.0
83,9,10.432,8.0,8.0,0.0,0,0,0,16.0,0.5,0.0,0,0.0
84,9,10.432,8.0,8.0,0.0,0,0,0,16.0,0.5,0.0,0,0.0
85,9,10.432,8.0,8.0,0.0,0,0,0,16.0,0.5,0.0,0,0.0
86,9,10.432,8.0,8.0,0.0,0,0,0,16.0,0.5,0.0,0,0.0
87,9,10.432,8.0,8.0,0.0,0,0,0,16.0,0.5,0.0,0,0.0
88,9,10.432,8.0,8.0,0.0,0,0,0,16.0,0.5,0.0,0,0.0
89,9,10.432,8.0,8.0,0.0,0,0,0,16.0,0.5,0.0,0,0.0
90,9,13.112,8.0,0.0,0.0,0,0,0,8.0,1.0,0.0,0,0.0
91,9,10.432,8.0,8.0,0.0,0,0,0,16.0,0.5,0.0,0,0.0
92,9,13.112,8.0,0.0,0.0,0,0,0,8.0,1.0,0.0,0,0.0
93,9,10.432,8.0,0.0,0.0,0,0,0,8.0,1.0,0.0,0,0.0
94,9,10.432,8.0,8.0,0.0,0,0,0,16.0,0.5,0.0,0,0.0
95,9,10.432,8.0,8.0,0.0,0,0,0,16.0,0.5,0.0,0,0.0
96,9,10.432,8.0,8.0,0.0,0,0,0,16.0,0.5,0.0,0,0.0
97,9,7.3024,8.0,8.0,0.0,0,0,0,16.0,0.5,0.0,0,0.3
98,9,10.432,8.0,8.0,0.0,0,0,0,16.0,0.5,0.0,0,0.0
99,9,10.432,8.0,8.0,0.0,0,0,0,16.0,0.5,0.0,0,0.0
100,9,0.0,0.0,16.0,0.0,0,0,0,16.0,0.0,0.0,0,0.0
101,9,5.8092999999999995,8.0,8.0,0.0,0,0,0,16.0,0.5,0.0,0,0.3
102,9,8.299,8.0,0.0,0.0,0,0,0,8.0,1.0,0.0,0,0.0
103,9,8.299,8.0,8.0,0.0,0,0,0,16.0,0.5,0.0,0,0.0
104,9,8.299,8.0,8.0,0.0,0,0,0,16.0,0.5,0.0,0,0.0
105,9,8.299,8.0,8.0,0.0,0,0,0,16.0,0.5,0.0,0,0.0
106,9,8.299,8.0,8.0,0.0,0,0,0,16.0,0.5,0.0,0,0.0
107,9,0.0,0.0,16.0,0.0,0,0,0,16.0,0.0,0.0,0,0.0
108,9,0.0,0.0,16.0,0.0,0,0,0,16.0,0.0,0.0,0,0.0
109,9,0.0,0.0,16.0,0.0,0,0,0,16.0,0.0,0.0,0,0.0
110,9,0.0,0.0,16.0,0.0,0,0,0,16.0,0.0,0.0,0,0.0
111,9,0.0,0.0,16.0,0.0,0,0,0,16.0,0.0,0.0,0,0.0
112,9,0.0,0.0,16.0,0.0,0,0,0,16.0,0.0,0.0,0,0.0
1,10,0.0,0.0,16.0,0.0,0,0,0,16.0,0.0,0.0,0,0.0
2,10,0.0,0.0,16.0,0.0,0,0,0,16.0,0.0,0.0,0,0.0
3,10,0.0,0.0,16.0,0.0,0,0,0,16.0,0.0,0.0,0,0.0
4,10,0.0,0.0,16.0,0.0,0,0,0,16.0,0.0,0.0,0,0.0
5,10,0.0,0.0,16.0,0.0,0,0,0,16.0,0.0,0.0,0,0.0
6,10,0.0,0.0,16.0,0.0,0,0,0,16.0,0.0,0.0,0,0.0
7,10,0.0,0.0,16.0,0.0,0,0,0,16.0,0.0,0.0,0,0.0
8,10,0.0,0.0,16.0,0.0,0,0,0,16.0,0.0,0.0,0,0.0
9,10,0.0,0.0,16.0,0.0,0,0,0,16.0,0.0,0.0,0,0.0
10,10,0.0,0.0,16.0,0.0,0,0,0,16.0,0.0,0.0,0,0.0
11,10,0.0,0.0,8.0,0.0,0,0,0,8.0,0.0,0.0,0,0.0
12,10,8.319,8.0,8.0,0.0,0,0,0,16.0,0.5,0.0,0,0.0
13,10,0.0,0.0,16.0,0.0,0,0,0,16.0,0.0,0.0,0,0.0
14,10,0.0,0.0,16.0,0.0,0,0,0,16.0,0.0,0.0,0,0.0
15,10,0.0,0.0,16.0,0.0,0,0,0,16.0,0.0,0.0,0,0.0
16,10,0.0,0.0,16.0,0.0,0,0,0,16.0,0.0,0.0,0,0.0
17,10,0.0,0.0,8.0,0.0,0,0,0,8.0,0.0,0.0,0,0.0
18,10,0.0,0.0,16.0,0.0,0,0,0,16.0,0.0,0.0,0,0.0
19,10,0.0,0.0,16.0,0.0,0,0,0,16.0,0.0,0.0,0,0.0
20,10,0.0,0.0,8.0,0.0,0,0,0,8.0,0.0,0.0,0,0.0
21,10,0.0,0.0,8.0,0.0,0,0,0,8.0,0.0,0.0,0,0.0
22,10,0.0,0.0,16.0,0.0,0,0,0,16.0,0.0,0.0,0,0.0
23,10,0.0,0.0,16.0,0.0,0,0,0,16.0,0.0,0.0,0,0.0
24,10,0.0,0.0,16.0,0.0,0,0,0,16.0,0.0,0.0,0,0.0
25,10,0.0,0.0,16.0,0.0,0,0,0,16.0,0.0,0.0,0,0.0
26,10,0.0,0.0,16.0,0.0,0,0,0,16.0,0.0,0.0,0,0.0
27,10,0.0,0.0,16.0,0.0,0,0,0,16.0,0.0,0.0,0,0.0
28,10,0.0,0.0,16.0,0.0,0,0,0,16.0,0.0,0.0,0,0.0
29,10,0.0,0.0,16.0,0.0,0,0,0,16.0,0.0,0.0,0,0.0
30,10,0.0,0.0,16.0,0.0,0,0,0,16.0,0.0,0.0,0,0.0
31,10,0.0,0.0,16.0,0.0,0,0,0,16.0,0.0,0.0,0,0.0
32,10,0.0,0.0,16.0,0.0,0,0,0,16.0,0.0,0.0,0,0.0
33,10,0.0,0.0,16.0,0.0,0,0,0,16.0,0.0,0.0,0,0.0
34,10,0.0,0.0,16.0,0.0,0,0,0,16.0,0.0,0.0,0,0.0
35,10,0.0,0.0,8.0,0.0,0,0,0,8.0,0.0,0.0,0,0.0
36,10,0.0,0.0,16.0,0.0,0,0,0,16.0,0.0,0.0,0,0.0
37,10,10.432,8.0,8.0,0.0,0,0,0,16.0,0.5,0.0,0,0.0
38,10,10.432,8.0,8.0,0.0,0,0,0,16.0,0.5,0.0,0,0.0
39,10,10.432,8.0,8.0,0.0,0,0,0,16.0,0.5,0.0,0,0.0
40,10,10.432,8.0,8.0,0.0,0,0,0,16.0,0.5,0.0,0,0.0
41,10,10.432,8.0,8.0,0.0,0,0,0,16.0,0.5,0.0,0,0.0
42,10,10.432,8.0,8.0,0.0,0,0,0,16.0,0.5,0.0,0,0.0
43,10,10.432,8.0,8.0,0.0,0,0,0,16.0,0.5,0.0,0,0.0
44,10,10.432,8.0,0.0,0.0,0,0,0,8.0,1.0,0.0,0,0.0
45,10,10.432,8.0,8.0,0.0,0,0,0,16.0,0.5,0.0,0,0.0
46,10,10.432,8.0,8.0,0.0,0,0,0,16.0,0.5,0.0,0,0.0
47,10,10.432,8.0,8.0,0.0,0,0,0,16.0,0.5,0.0,0,0.0
48,10,10.432,8.0,8.0,0.0,0,0,0,16.0,0.5,0.0,0,0.0
49,10,10.432,8.0,8.0,0.0,0,0,0,16.0,0.5,0.0,0,0.0
50,10,10.432,8.0,8.0,0.0,0,0,0,16.0,0.5,0.0,0,0.0
51,10,10.432,8.0,8.0,0.0,0,0,0,16.0,0.5,0.0,0,0.0
52,10,10.432,8.0,8.0,0.0,0,0,0,16.0,0.5,0.0,0,0.0
53,10,13.112,8.0,0.0,0.0,0,0,0,8.0,1.0,0.0,0,0.0
54,10,10.432,8.0,8.0,0.0,0,0,0,16.0,0.5,0.0,0,0.0
55,10,10.432,8.0,8.0,0.0,0,0,0,16.0,0.5,0.0,0,0.0
56,10,10.432,8.0,8.0,0.0,0,0,0,16.0,0.5,0.0,0,0.0
57,10,9.948,8.0,8.0,0.0,0,0,0,16.0,0.5,0.0,0,0.0
58,10,9.948,8.0,8.0,0.0,0,0,0,16.0,0.5,0.0,0,0.0
59,10,9.948,8.0,0.0,0.0,0,0,0,8.0,1.0,0.0,0,0.0
60,10,9.948,8.0,0.0,0.0,0,0,0,8.0,1.0,0.0,0,0.0
61,10,9.948,8.0,8.0,0.0,0,0,0,16.0,0.5,0.0,0,0.0
62,10,10.432,8.0,8.0,0.0,0,0,0,16.0,0.5,0.0,0,0.0
63,10,13.112,8.0,0.0,0.0,0,0,0,8.0,1.0,0.0,0,0.0
64,10,7.3024,8.0,8.0,0.0,0,0,0,16.0,0.5,0.0,0,0.3
65,10,13.112,8.0,0.0,0.0,0,0,0,8.0,1.0,0.0,0,0.0
66,10,13.112,8.0,0.0,0.0,0,0,0,8.0,1.0,0.0,0,0.0
67,10,10.432,8.0,8.0,0.0,0,0,0,16.0,0.5,0.0,0,0.0
68,10,3.72247453203135,4.078083404942321,11.921916595057679,0.0,0,0,0,16.0,0.25488021280889506,3.921916595057679,1,0.3
69,10,10.432,8.0,8.0,0.0,0,0,0,16.0,0.5,0.0,0,0.0
70,10,10.432,8.0,8.0,0.0,0,0,0,16.0,0.5,0.0,0,0.0
71,10,10.432,8.0,0.0,0.0,0,0,0,8.0,1.0,0.0,0,0.0
72,10,10.432,8.0,8.0,0.0,0,0,0,16.0,0.5,0.0,0,0.0
73,10,10.432,8.0,8.0,0.0,0,0,0,16.0,0.5,0.0,0,0.0
74,10,13.112,8.0,0.0,0.0,0,0,0,8.0,1.0,0.0,0,0.0
75,10,10.432,8.0,0.0,0.0,0,0,0,8.0,1.0,0.0,0,0.0
77,10,10.432,8.0,8.0,0.0,0,0,0,16.0,0.5,0.0,0,0.0
78,10,10.432,8.0,8.0,0.0,0,0,0,16.0,0.5,0.0,0,0.0
79,10,10.432,8.0,8.0,0.0,0,0,0,16.0,0.5,0.0,0,0.0
80,10,10.432,8.0,8.0,0.0,0,0,0,16.0,0.5,0.0,0,0.0
81,10,10.432,8.0,8.0,0.0,0,0,0,16.0,0.5,0.0,0,0.0
82,10,13.112,8.0,0.0,0.0,0,0,0,8.0,1.0,0.0,0,0.0
83,10,10.432,8.0,8.0,0.0,0,0,0,16.0,0.5,0.0,0,0.0
84,10,10.432,8.0,8.0,0.0,0,0,0,16.0,0.5,0.0,0,0.0
85,10,10.432,8.0,8.0,0.0,0,0,0,16.0,0.5,0.0,0,0.0
86,10,10.432,8.0,8.0,0.0,0,0,0,16.0,0.5,0.0,0,0.0
87,10,10.432,8.0,8.0,0.0,0,0,0,16.0,0.5,0.0,0,0.0
88,10,10.432,8.0,8.0,0.0,0,0,0,16.0,0.5,0.0,0,0.0
89,10,10.432,8.0,8.0,0.0,0,0,0,16.0,0.5,0.0,0,0.0
90,10,13.112,8.0,0.0,0.0,0,0,0,8.0,1.0,0.0,0,0.0
91,10,10.432,8.0,8.0,0.0,0,0,0,16.0,0.5,0.0,0,0.0
92,10,13.112,8.0,0.0,0.0,0,0,0,8.0,1.0,0.0,0,0.0
93,10,10.432,8.0,0.0,0.0,0,0,0,8.0,1.0,0.0,0,0.0
94,10,10.432,8.0,8.0,0.0,0,0,0,16.0,0.5,0.0,0,0.0
95,10,10.432,8.0,8.0,0.0,0,0,0,16.0,0.5,0.0,0,0.0
96,10,6.8663720094004015,5.2656227065953995,10.7343772934046,0.0,0,0,0,16.0,0.32910141916221247,2.7343772934046005,1,0.0
97,10,10.432,8.0,8.0,0.0,0,0,0,16.0,0.5,0.0,0,0.0
98,10,10.432,8.0,8.0,0.0,0,0,0,16.0,0.5,0.0,0,0.0
99,10,10.432,8.0,8.0,0.0,0,0,0,16.0,0.5,0.0,0,0.0
100,10,0.0,0.0,16.0,0.0,0,0,0,16.0,0.0,0.0,0,0.0
101,10,8.299,8.0,8.0,0.0,0,0,0,16.0,0.5,0.0,0,0.0
102,10,8.299,8.0,0.0,0.0,0,0,0,8.0,1.0,0.0,0,0.0
103,10,8.299,8.0,8.0,0.0,0,0,0,16.0,0.5,0.0,0,0.0
104,10,8.299,8.0,8.0,0.0,0,0,0,16.0,0.5,0.0,0,0.0
105,10,8.299,8.0,8.0,0.0,0,0,0,16.0,0.5,0.0,0,0.0
106,10,8.299,8.0,8.0,0.0,0,0,0,16.0,0.5,0.0,0,0.0
107,10,0.0,0.0,16.0,0.0,0,0,0,16.0,0.0,0.0,0,0.0
108,10,0.0,0.0,16.0,0.0,0,0,0,16.0,0.0,0.0,0,0.0
109,10,0.0,0.0,16.0,0.0,0,0,0,16.0,0.0,0.0,0,0.0
110,10,0.0,0.0,16.0,0.0,0,0,0,16.0,0.0,0.0,0,0.0
111,10,0.0,0.0,16.0,0.0,0,0,0,16.0,0.0,0.0,0,0.0
112,10,0.0,0.0,16.0,0.0,0,0,0,16.0,0.0,0.0,0,0.0
1,11,0.0,0.0,16.0,0.0,0,0,0,16.0,0.0,0.0,0,0.0
2,11,0.0,0.0,16.0,0.0,0,0,0,16.0,0.0,0.0,0,0.0
3,11,0.0,0.0,16.0,0.0,0,0,0,16.0,0.0,0.0,0,0.0
4,11,0.0,0.0,16.0,0.0,0,0,0,16.0,0.0,0.0,0,0.0
5,11,0.0,0.0,16.0,0.0,0,0,0,16.0,0.0,0.0,0,0.0
6,11,0.0,0.0,16.0,0.0,0,0,0,16.0,0.0,0.0,0,0.0
7,11,0.0,0.0,16.0,0.0,0,0,0,16.0,0.0,0.0,0,0.0
8,11,0.0,0.0,16.0,0.0,0,0,0,16.0,0.0,0.0,0,0.0
9,11,0.0,0.0,16.0,0.0,0,0,0,16.0,0.0,0.0,0,0.0
10,11,0.0,0.0,16.0,0.0,0,0,0,16.0,0.0,0.0,0,0.0
11,11,0.0,0.0,8.0,0.0,0,0,0,8.0,0.0,0.0,0,0.0
12,11,8.319,8.0,8.0,0.0,0,0,0,16.0,0.5,0.0,0,0.0
13,11,0.0,0.0,16.0,0.0,0,0,0,16.0,0.0,0.0,0,0.0
14,11,0.0,0.0,16.0,0.0,0,0,0,16.0,0.0,0.0,0,0.0
15,11,0.0,0.0,16.0,0.0,0,0,0,16.0,0.0,0.0,0,0.0
16,11,0.0,0.0,16.0,0.0,0,0,0,16.0,0.0,0.0,0,0.0
17,11,0.0,0.0,8.0,0.0,0,0,0,8.0,0.0,0.0,0,0.0
18,11,0.0,0.0,16.0,0.0,0,0,0,16.0,0.0,0.0,0,0.0
19,11,0.0,0.0,16.0,0.0,0,0,0,16.0,0.0,0.0,0,0.0
20,11,0.0,0.0,8.0,0.0,0,0,0,8.0,0.0,0.0,0,0.0
21,11,0.0,0.0,8.0,0.0,0,0,0,8.0,0.0,0.0,0,0.0
22,11,0.0,0.0,16.0,0.0,0,0,0,16.0,0.0,0.0,0,0.0
23,11,0.0,0.0,16.0,0.0,0,0,0,16.0,0.0,0.0,0,0.0
24,11,0.0,0.0,16.0,0.0,0,0,0,16.0,0.0,0.0,0,0.0
25,11,0.0,0.0,16.0,0.0,0,0,0,16.0,0.0,0.0,0,0.0
26,11,0.0,0.0,16.0,0.0,0,0,0,16.0,0.0,0.0,0,0.0
27,11,0.0,0.0,16.0,0.0,0,0,0,16.0,0.0,0.0,0,0.0
28,11,0.0,0.0,16.0,0.0,0,0,0,16.0,0.0,0.0,0,0.0
29,11,0.0,0.0,16.0,0.0,0,0,0,16.0,0.0,0.0,0,0.0
30,11,0.0,0.0,16.0,0.0,0,0,0,16.0,0.0,0.0,0,0.0
31,11,0.0,0.0,16.0,0.0,0,0,0,16.0,0.0,0.0,0,0.0
32,11,0.0,0.0,16.0,0.0,0,0,0,16.0,0.0,0.0,0,0.0
33,11,0.0,0.0,16.0,0.0,0,0,0,16.0,0.0,0.0,0,0.0
34,11,0.0,0.0,16.0,0.0,0,0,0,16.0,0.0,0.0,0,0.0
35,11,0.0,0.0,8.0,0.0,0,0,0,8.0,0.0,0.0,0,0.0
36,11,0.0,0.0,16.0,0.0,0,0,0,16.0,0.0,0.0,0,0.0
37,11,10.432,8.0,8.0,0.0,0,0,0,16.0,0.5,0.0,0,0.0
38,11,10.432,8.0,8.0,0.0,0,0,0,16.0,0.5,0.0,0,0.0
39,11,10.432,8.0,8.0,0.0,0,0,0,16.0,0.5,0.0,0,0.0
40,11,10.432,8.0,8.0,0.0,0,0,0,16.0,0.5,0.0,0,0.0
41,11,7.3024,8.0,8.0,0.0,0,0,0,16.0,0.5,0.0,0,0.3
42,11,7.3024,8.0,8.0,0.0,0,0,0,16.0,0.5,0.0,0,0.3
43,11,10.432,8.0,8.0,0.0,0,0,0,16.0,0.5,0.0,0,0.0
44,11,10.432,8.0,0.0,0.0,0,0,0,8.0,1.0,0.0,0,0.0
45,11,10.432,8.0,8.0,0.0,0,0,0,16.0,0.5,0.0,0,0.0
46,11,10.432,8.0,8.0,0.0,0,0,0,16.0,0.5,0.0,0,0.0
47,11,10.432,8.0,8.0,0.0,0,0,0,16.0,0.5,0.0,0,0.0
48,11,4.5416855048424285,3.482887657087752,12.517112342912249,0.0,0,0,0,16.0,0.2176804785679845,4.517112342912248,1,0.0
49,11,10.432,8.0,8.0,0.0,0,0,0,16.0,0.5,0.0,0,0.0
50,11,10.432,8.0,8.0,0.0,0,0,0,16.0,0.5,0.0,0,0.0
51,11,10.432,8.0,8.0,0.0,0,0,0,16.0,0.5,0.0,0,0.0
52,11,10.432,8.0,8.0,0.0,0,0,0,16.0,0.5,0.0,0,0.0
53,11,13.112,8.0,0.0,0.0,0,0,0,8.0,1.0,0.0,0,0.0
54,11,7.3024,8.0,8.0,0.0,0,0,0,16.0,0.5,0.0,0,0.3
55,11,10.432,8.0,8.0,0.0,0,0,0,16.0,0.5,0.0,0,0.0
56,11,10.432,8.0,8.0,0.0,0,0,0,16.0,0.5,0.0,0,0.0
57,11,9.948,8.0,8.0,0.0,0,0,0,16.0,0.5,0.0,0,0.0
58,11,9.948,8.0,8.0,0.0,0,0,0,16.0,0.5,0.0,0,0.0
59,11,9.948,8.0,0.0,0.0,0,0,0,8.0,1.0,0.0,0,0.0
60,11,9.948,8.0,0.0,0.0,0,0,0,8.0,1.0,0.0,0,0.0
61,11,9.948,8.0,8.0,0.0,0,0,0,16.0,0.5,0.0,0,0.0
62,11,10.432,8.0,8.0,0.0,0,0,0,16.0,0.5,0.0,0,0.0
63,11,13.112,8.0,0.0,0.0,0,0,0,8.0,1.0,0.0,0,0.0
64,11,10.432,8.0,8.0,0.0,0,0,0,16.0,0.5,0.0,0,0.0
65,11,13.112,8.0,0.0,0.0,0,0,0,8.0,1.0,0.0,0,0.0
66,11,5.615549818307061,8.0,0.0,0.0,0,0,0,8.0,1.0,0.0,0,0.0
67,11,10.432,8.0,8.0,0.0,0,0,0,16.0,0.5,0.0,0,0.0
68,11,10.432,8.0,8.0,0.0,0,0,0,16.0,0.5,0.0,0,0.0
69,11,10.432,8.0,8.0,0.0,0,0,0,16.0,0.5,0.0,0,0.0
70,11,10.432,8.0,8.0,0.0,0,0,0,16.0,0.5,0.0,0,0.0
71,11,10.432,8.0,0.0,0.0,0,0,0,8.0,1.0,0.0,0,0.0
72,11,10.432,8.0,8.0,0.0,0,0,0,16.0,0.5,0.0,0,0.0
73,11,10.432,8.0,8.0,0.0,0,0,0,16.0,0.5,0.0,0,0.0
74,11,8.249791521392394,8.0,0.0,0.0,0,0,0,8.0,1.0,0.0,0,0.0
75,11,4.128126926798773,8.0,0.0,0.0,0,0,0,8.0,1.0,0.0,0,0.3
77,11,10.432,8.0,8.0,0.0,0,0,0,16.0,0.5,0.0,0,0.0
78,11,4.865824635368595,5.330658014207488,10.669341985792512,0.0,0,0,0,16.0,0.333166125887968,2.669341985792512,1,0.3
79,11,4.9070915982509575,3.7631070538734335,12.236892946126567,0.0,0,0,0,16.0,0.2351941908670896,4.2368929461265665,1,0.0
80,11,10.432,8.0,8.0,0.0,0,0,0,16.0,0.5,0.0,0,0.0
81,11,10.432,8.0,8.0,0.0,0,0,0,16.0,0.5,0.0,0,0.0
82,11,13.112,8.0,0.0,0.0,0,0,0,8.0,1.0,0.0,0,0.0
83,11,10.432,8.0,8.0,0.0,0,0,0,16.0,0.5,0.0,0,0.0
84,11,10.432,8.0,8.0,0.0,0,0,0,16.0,0.5,0.0,0,0.0
85,11,7.3024,8.0,8.0,0.0,0,0,0,16.0,0.5,0.0,0,0.3
86,11,10.432,8.0,8.0,0.0,0,0,0,16.0,0.5,0.0,0,0.0
87,11,10.432,8.0,8.0,0.0,0,0,0,16.0,0.5,0.0,0,0.0
88,11,10.432,8.0,8.0,0.0,0,0,0,16.0,0.5,0.0,0,0.0
89,11,10.432,8.0,8.0,0.0,0,0,0,16.0,0.5,0.0,0,0.0
90,11,13.112,8.0,0.0,0.0,0,0,0,8.0,1.0,0.0,0,0.0
91,11,6.581812718277145,5.047402391316829,10.95259760868317,0.0,0,0,0,16.0,0.3154626494573018,2.9525976086831713,1,0.0
92,11,13.112,8.0,0.0,0.0,0,0,0,8.0,1.0,0.0,0,0.0
93,11,10.432,8.0,0.0,0.0,0,0,0,8.0,1.0,0.0,0,0.0
94,11,10.432,8.0,8.0,0.0,0,0,0,16.0,0.5,0.0,0,0.0
95,11,10.432,8.0,8.0,0.0,0,0,0,16.0,0.5,0.0,0,0.0
96,11,7.3024,8.0,8.0,0.0,0,0,0,16.0,0.5,0.0,0,0.3
97,11,7.3024,8.0,8.0,0.0,0,0,0,16.0,0.5,0.0,0,0.3
98,11,10.432,8.0,8.0,0.0,0,0,0,16.0,0.5,0.0,0,0.0
99,11,6.387092939359823,8.0,8.0,0.0,0,0,0,16.0,0.5,0.0,0,0.0
100,11,0.0,0.0,16.0,0.0,0,0,0,16.0,0.0,0.0,0,0.0
101,11,8.299,8.0,8.0,0.0,0,0,0,16.0,0.5,0.0,0,0.0
102,11,8.299,8.0,0.0,0.0,0,0,0,8.0,1.0,0.0,0,0.0
103,11,8.299,8.0,8.0,0.0,0,0,0,16.0,0.5,0.0,0,0.0
104,11,8.299,8.0,8.0,0.0,0,0,0,16.0,0.5,0.0,0,0.0
105,11,8.299,8.0,8.0,0.0,0,0,0,16.0,0.5,0.0,0,0.0
106,11,8.299,8.0,8.0,0.0,0,0,0,16.0,0.5,0.0,0,0.0
107,11,0.0,0.0,16.0,0.0,0,0,0,16.0,0.0,0.0,0,0.0
108,11,0.0,0.0,16.0,0.0,0,0,0,16.0,0.0,0.0,0,0.0
109,11,0.0,0.0,16.0,0.0,0,0,0,16.0,0.0,0.0,0,0.0
110,11,0.0,0.0,16.0,0.0,0,0,0,16.0,0.0,0.0,0,0.0
111,11,0.0,0.0,16.0,0.0,0,0,0,16.0,0.0,0.0,0,0.0
112,11,0.0,0.0,16.0,0.0,0,0,0,16.0,0.0,0.0,0,0.0
1,12,0.0,0.0,16.0,0.0,0,0,0,16.0,0.0,0.0,0,0.0
2,12,0.0,0.0,16.0,0.0,0,0,0,16.0,0.0,0.0,0,0.0
3,12,0.0,0.0,16.0,0.0,0,0,0,16.0,0.0,0.0,0,0.0
4,12,0.0,0.0,16.0,0.0,0,0,0,16.0,0.0,0.0,0,0.0
5,12,0.0,0.0,16.0,0.0,0,0,0,16.0,0.0,0.0,0,0.0
6,12,0.0,0.0,16.0,0.0,0,0,0,16.0,0.0,0.0,0,0.0
7,12,0.0,0.0,16.0,0.0,0,0,0,16.0,0.0,0.0,0,0.0
8,12,0.0,0.0,16.0,0.0,0,0,0,16.0,0.0,0.0,0,0.0
9,12,0.0,0.0,16.0,0.0,0,0,0,16.0,0.0,0.0,0,0.0
10,12,0.0,0.0,16.0,0.0,0,0,0,16.0,0.0,0.0,0,0.0
11,12,0.0,0.0,8.0,0.0,0,0,0,8.0,0.0,0.0,0,0.0
12,12,8.319,8.0,8.0,0.0,0,0,0,16.0,0.5,0.0,0,0.0
13,12,0.0,0.0,16.0,0.0,0,0,0,16.0,0.0,0.0,0,0.0
14,12,0.0,0.0,16.0,0.0,0,0,0,16.0,0.0,0.0,0,0.0
15,12,0.0,0.0,16.0,0.0,0,0,0,16.0,0.0,0.0,0,0.0
16,12,0.0,0.0,16.0,0.0,0,0,0,16.0,0.0,0.0,0,0.0
17,12,0.0,0.0,8.0,0.0,0,0,0,8.0,0.0,0.0,0,0.0
18,12,0.0,0.0,16.0,0.0,0,0,0,16.0,0.0,0.0,0,0.0
19,12,0.0,0.0,16.0,0.0,0,0,0,16.0,0.0,0.0,0,0.0
20,12,0.0,0.0,8.0,0.0,0,0,0,8.0,0.0,0.0,0,0.0
21,12,0.0,0.0,8.0,0.0,0,0,0,8.0,0.0,0.0,0,0.0
22,12,0.0,0.0,16.0,0.0,0,0,0,16.0,0.0,0.0,0,0.0
23,12,0.0,0.0,16.0,0.0,0,0,0,16.0,0.0,0.0,0,0.0
24,12,0.0,0.0,16.0,0.0,0,0,0,16.0,0.0,0.0,0,0.0
25,12,0.0,0.0,16.0,0.0,0,0,0,16.0,0.0,0.0,0,0.0
26,12,0.0,0.0,16.0,0.0,0,0,0,16.0,0.0,0.0,0,0.0
27,12,0.0,0.0,16.0,0.0,0,0,0,16.0,0.0,0.0,0,0.0
28,12,0.0,0.0,16.0,0.0,0,0,0,16.0,0.0,0.0,0,0.0
29,12,0.0,0.0,16.0,0.0,0,0,0,16.0,0.0,0.0,0,0.0
30,12,0.0,0.0,16.0,0.0,0,0,0,16.0,0.0,0.0,0,0.0
31,12,0.0,0.0,16.0,0.0,0,0,0,16.0,0.0,0.0,0,0.0
32,12,0.0,0.0,16.0,0.0,0,0,0,16.0,0.0,0.0,0,0.0
33,12,0.0,0.0,16.0,0.0,0,0,0,16.0,0.0,0.0,0,0.0
34,12,0.0,0.0,16.0,0.0,0,0,0,16.0,0.0,0.0,0,0.0
35,12,0.0,0.0,8.0,0.0,0,0,0,8.0,0.0,0.0,0,0.0
36,12,0.0,0.0,16.0,0.0,0,0,0,16.0,0.0,0.0,0,0.0
37,12,10.432,8.0,8.0,0.0,0,0,0,16.0,0.5,0.0,0,0.0
38,12,10.432,8.0,8.0,0.0,0,0,0,16.0,0.5,0.0,0,0.0
39,12,10.432,8.0,8.0,0.0,0,0,0,16.0,0.5,0.0,0,0.0
40,12,4.498457142448075,8.0,8.0,0.0,0,0,0,16.0,0.5,0.0,0,0.0
41,12,10.432,8.0,8.0,0.0,0,0,0,16.0,0.5,0.0,0,0.0
42,12,10.432,8.0,8.0,0.0,0,0,0,16.0,0.5,0.0,0,0.0
43,12,10.432,8.0,8.0,0.0,0,0,0,16.0,0.5,0.0,0,0.0
44,12,10.432,8.0,0.0,0.0,0,0,0,8.0,1.0,0.0,0,0.0
45,12,10.432,8.0,8.0,0.0,0,0,0,16.0,0.5,0.0,0,0.0
46,12,10.432,8.0,8.0,0.0,0,0,0,16.0,0.5,0.0,0,0.0
47,12,10.432,8.0,8.0,0.0,0,0,0,16.0,0.5,0.0,0,0.0
48,12,10.432,8.0,8.0,0.0,0,0,0,16.0,0.5,0.0,0,0.0
49,12,10.432,8.0,8.0,0.0,0,0,0,16.0,0.5,0.0,0,0.0
50,12,10.432,8.0,8.0,0.0,0,0,0,16.0,0.5,0.0,0,0.0
51,12,10.432,8.0,8.0,0.0,0,0,0,16.0,0.5,0.0,0,0.0
52,12,10.432,8.0,8.0,0.0,0,0,0,16.0,0.5,0.0,0,0.0
53,12,13.112,8.0,0.0,0.0,0,0,0,8.0,1.0,0.0,0,0.0
54,12,10.432,8.0,8.0,0.0,0,0,0,16.0,0.5,0.0,0,0.0
55,12,10.432,8.0,8.0,0.0,0,0,0,16.0,0.5,0.0,0,0.0
56,12,10.432,8.0,8.0,0.0,0,0,0,16.0,0.5,0.0,0,0.0
57,12,9.948,8.0,8.0,0.0,0,0,0,16.0,0.5,0.0,0,0.0
58,12,9.948,8.0,8.0,0.0,0,0,0,16.0,0.5,0.0,0,0.0
59,12,9.948,8.0,0.0,0.0,0,0,0,8.0,1.0,0.0,0,0.0
60,12,6.9636,8.0,0.0,0.0,0,0,0,8.0,1.0,0.0,0,0.3
61,12,7.855831725551345,8.0,8.0,0.0,0,0,0,16.0,0.5,0.0,0,0.0
62,12,7.3024,8.0,8.0,0.0,0,0,0,16.0,0.5,0.0,0,0.3
63,12,13.112,8.0,0.0,0.0,0,0,0,8.0,1.0,0.0,0,0.0
64,12,10.432,8.0,8.0,0.0,0,0,0,16.0,0.5,0.0,0,0.0
65,12,9.1784,8.0,0.0,0.0,0,0,0,8.0,1.0,0.0,0,0.3
66,12,13.112,8.0,0.0,0.0,0,0,0,8.0,1.0,0.0,0,0.0
67,12,10.432,8.0,8.0,0.0,0,0,0,16.0,0.5,0.0,0,0.0
68,12,10.432,8.0,8.0,0.0,0,0,0,16.0,0.5,0.0,0,0.0
69,12,10.432,8.0,8.0,0.0,0,0,0,16.0,0.5,0.0,0,0.0
70,12,8.32511609197879,8.0,8.0,0.0,0,0,0,16.0,0.5,0.0,0,0.0
71,12,7.3024,8.0,0.0,0.0,0,0,0,8.0,1.0,0.0,0,0.3
72,12,10.432,8.0,8.0,0.0,0,0,0,16.0,0.5,0.0,0,0.0
73,12,10.432,8.0,8.0,0.0,0,0,0,16.0,0.5,0.0,0,0.0
74,12,13.112,8.0,0.0,0.0,0,0,0,8.0,1.0,0.0,0,0.0
75,12,10.432,8.0,0.0,0.0,0,0,0,8.0,1.0,0.0,0,0.0
77,12,10.432,8.0,8.0,0.0,0,0,0,16.0,0.5,0.0,0,0.0
78,12,10.432,8.0,8.0,0.0,0,0,0,16.0,0.5,0.0,0,0.0
79,12,10.432,8.0,8.0,0.0,0,0,0,16.0,0.5,0.0,0,0.0
80,12,10.432,8.0,8.0,0.0,0,0,0,16.0,0.5,0.0,0,0.0
81,12,5.982427551431251,4.587751189747892,11.412248810252109,0.0,0,0,0,16.0,0.28673444935924325,3.412248810252108,1,0.0
82,12,13.112,8.0,0.0,0.0,0,0,0,8.0,1.0,0.0,0,0.0
83,12,4.437881589574207,3.4032834275875823,12.596716572412419,0.0,0,0,0,16.0,0.2127052142242239,4.596716572412418,1,0.0
84,12,10.432,8.0,8.0,0.0,0,0,0,16.0,0.5,0.0,0,0.0
85,12,10.432,8.0,8.0,0.0,0,0,0,16.0,0.5,0.0,0,0.0
86,12,10.432,8.0,8.0,0.0,0,0,0,16.0,0.5,0.0,0,0.0
87,12,10.432,8.0,8.0,0.0,0,0,0,16.0,0.5,0.0,0,0.0
88,12,10.432,8.0,8.0,0.0,0,0,0,16.0,0.5,0.0,0,0.0
89,12,7.3024,8.0,8.0,0.0,0,0,0,16.0,0.5,0.0,0,0.3
90,12,13.112,8.0,0.0,0.0,0,0,0,8.0,1.0,0.0,0,0.0
91,12,10.432,8.0,8.0,0.0,0,0,0,16.0,0.5,0.0,0,0.0
92,12,13.112,8.0,0.0,0.0,0,0,0,8.0,1.0,0.0,0,0.0
93,12,10.432,8.0,0.0,0.0,0,0,0,8.0,1.0,0.0,0,0.0
94,12,10.432,8.0,8.0,0.0,0,0,0,16.0,0.5,0.0,0,0.0
95,12,10.432,8.0,8.0,0.0,0,0,0,16.0,0.5,0.0,0,0.0
96,12,10.432,8.0,8.0,0.0,0,0,0,16.0,0.5,0.0,0,0.0
97,12,10.432,8.0,8.0,0.0,0,0,0,16.0,0.5,0.0,0,0.0
98,12,10.432,8.0,8.0,0.0,0,0,0,16.0,0.5,0.0,0,0.0
99,12,10.432,8.0,8.0,0.0,0,0,0,16.0,0.5,0.0,0,0.0
100,12,0.0,0.0,16.0,0.0,0,0,0,16.0,0.0,0.0,0,0.0
101,12,8.299,8.0,8.0,0.0,0,0,0,16.0,0.5,0.0,0,0.0
102,12,5.8092999999999995,8.0,0.0,0.0,0,0,0,8.0,1.0,0.0,0,0.3
103,12,3.3150917616278286,3.195654186410728,12.804345813589272,0.0,0,0,0,16.0,0.1997283866506705,4.804345813589272,1,0.0
104,12,5.8092999999999995,8.0,8.0,0.0,0,0,0,16.0,0.5,0.0,0,0.3
105,12,8.299,8.0,8.0,0.0,0,0,0,16.0,0.5,0.0,0,0.0
106,12,5.8092999999999995,8.0,8.0,0.0,0,0,0,16.0,0.5,0.0,0,0.3
107,12,0.0,0.0,16.0,0.0,0,0,0,16.0,0.0,0.0,0,0.0
108,12,0.0,0.0,16.0,0.0,0,0,0,16.0,0.0,0.0,0,0.0
109,12,0.0,0.0,16.0,0.0,0,0,0,16.0,0.0,0.0,0,0.0
110,12,0.0,0.0,16.0,0.0,0,0,0,16.0,0.0,0.0,0,0.0
111,12,0.0,0.0,16.0,0.0,0,0,0,16.0,0.0,0.0,0,0.0
112,12,0.0,0.0,16.0,0.0,0,0,0,16.0,0.0,0.0,0,0.0
1,13,0.0,0.0,16.0,0.0,0,0,0,16.0,0.0,0.0,0,0.0
2,13,0.0,0.0,16.0,0.0,0,0,0,16.0,0.0,0.0,0,0.0
3,13,0.0,0.0,16.0,0.0,0,0,0,16.0,0.0,0.0,0,0.0
4,13,0.0,0.0,16.0,0.0,0,0,0,16.0,0.0,0.0,0,0.0
5,13,0.0,0.0,16.0,0.0,0,0,0,16.0,0.0,0.0,0,0.0
6,13,0.0,0.0,16.0,0.0,0,0,0,16.0,0.0,0.0,0,0.0
7,13,0.0,0.0,16.0,0.0,0,0,0,16.0,0.0,0.0,0,0.0
8,13,0.0,0.0,16.0,0.0,0,0,0,16.0,0.0,0.0,0,0.0
9,13,0.0,0.0,16.0,0.0,0,0,0,16.0,0.0,0.0,0,0.0
10,13,0.0,0.0,16.0,0.0,0,0,0,16.0,0.0,0.0,0,0.0
11,13,0.0,0.0,8.0,0.0,0,0,0,8.0,0.0,0.0,0,0.0
12,13,8.319,8.0,8.0,0.0,0,0,0,16.0,0.5,0.0,0,0.0
13,13,0.0,0.0,16.0,0.0,0,0,0,16.0,0.0,0.0,0,0.0
14,13,0.0,0.0,16.0,0.0,0,0,0,16.0,0.0,0.0,0,0.0
15,13,0.0,0.0,16.0,0.0,0,0,0,16.0,0.0,0.0,0,0.0
16,13,0.0,0.0,16.0,0.0,0,0,0,16.0,0.0,0.0,0,0.0
17,13,0.0,0.0,8.0,0.0,0,0,0,8.0,0.0,0.0,0,0.0
18,13,0.0,0.0,16.0,0.0,0,0,0,16.0,0.0,0.0,0,0.0
19,13,0.0,0.0,16.0,0.0,0,0,0,16.0,0.0,0.0,0,0.0
20,13,0.0,0.0,8.0,0.0,0,0,0,8.0,0.0,0.0,0,0.0
21,13,0.0,0.0,8.0,0.0,0,0,0,8.0,0.0,0.0,0,0.0
22,13,0.0,0.0,16.0,0.0,0,0,0,16.0,0.0,0.0,0,0.0
23,13,0.0,0.0,16.0,0.0,0,0,0,16.0,0.0,0.0,0,0.0
24,13,0.0,0.0,16.0,0.0,0,0,0,16.0,0.0,0.0,0,0.0
25,13,0.0,0.0,16.0,0.0,0,0,0,16.0,0.0,0.0,0,0.0
26,13,0.0,0.0,16.0,0.0,0,0,0,16.0,0.0,0.0,0,0.0
27,13,0.0,0.0,16.0,0.0,0,0,0,16.0,0.0,0.0,0,0.0
28,13,0.0,0.0,16.0,0.0,0,0,0,16.0,0.0,0.0,0,0.0
29,13,0.0,0.0,16.0,0.0,0,0,0,16.0,0.0,0.0,0,0.0
30,13,0.0,0.0,16.0,0.0,0,0,0,16.0,0.0,0.0,0,0.0
31,13,0.0,0.0,16.0,0.0,0,0,0,16.0,0.0,0.0,0,0.0
32,13,0.0,0.0,16.0,0.0,0,0,0,16.0,0.0,0.0,0,0.0
33,13,0.0,0.0,16.0,0.0,0,0,0,16.0,0.0,0.0,0,0.0
34,13,0.0,0.0,16.0,0.0,0,0,0,16.0,0.0,0.0,0,0.0
35,13,0.0,0.0,8.0,0.0,0,0,0,8.0,0.0,0.0,0,0.0
36,13,0.0,0.0,16.0,0.0,0,0,0,16.0,0.0,0.0,0,0.0
37,13,7.229541538755626,8.0,8.0,0.0,0,0,0,16.0,0.5,0.0,0,0.0
38,13,10.432,8.0,8.0,0.0,0,0,0,16.0,0.5,0.0,0,0.0
39,13,10.432,8.0,8.0,0.0,0,0,0,16.0,0.5,0.0,0,0.0
40,13,10.432,8.0,8.0,0.0,0,0,0,16.0,0.5,0.0,0,0.0
41,13,10.432,8.0,8.0,0.0,0,0,0,16.0,0.5,0.0,0,0.0
42,13,10.432,8.0,8.0,0.0,0,0,0,16.0,0.5,0.0,0,0.0
43,13,10.432,8.0,8.0,0.0,0,0,0,16.0,0.5,0.0,0,0.0
44,13,10.432,8.0,0.0,0.0,0,0,0,8.0,1.0,0.0,0,0.0
45,13,7.3024,8.0,8.0,0.0,0,0,0,16.0,0.5,0.0,0,0.3
46,13,10.432,8.0,8.0,0.0,0,0,0,16.0,0.5,0.0,0,0.0
47,13,10.432,8.0,8.0,0.0,0,0,0,16.0,0.5,0.0,0,0.0
48,13,10.432,8.0,8.0,0.0,0,0,0,16.0,0.5,0.0,0,0.0
49,13,10.432,8.0,8.0,0.0,0,0,0,16.0,0.5,0.0,0,0.0
50,13,10.432,8.0,8.0,0.0,0,0,0,16.0,0.5,0.0,0,0.0
51,13,10.432,8.0,8.0,0.0,0,0,0,16.0,0.5,0.0,0,0.0
52,13,10.432,8.0,8.0,0.0,0,0,0,16.0,0.5,0.0,0,0.0
53,13,13.112,8.0,0.0,0.0,0,0,0,8.0,1.0,0.0,0,0.0
54,13,10.432,8.0,8.0,0.0,0,0,0,16.0,0.5,0.0,0,0.0
55,13,10.432,8.0,8.0,0.0,0,0,0,16.0,0.5,0.0,0,0.0
56,13,10.432,8.0,8.0,0.0,0,0,0,16.0,0.5,0.0,0,0.0
57,13,9.948,8.0,8.0,0.0,0,0,0,16.0,0.5,0.0,0,0.0
58,13,9.948,8.0,8.0,0.0,0,0,0,16.0,0.5,0.0,0,0.0
59,13,9.948,8.0,0.0,0.0,0,0,0,8.0,1.0,0.0,0,0.0
60,13,9.948,8.0,0.0,0.0,0,0,0,8.0,1.0,0.0,0,0.0
61,13,9.948,8.0,8.0,0.0,0,0,0,16.0,0.5,0.0,0,0.0
62,13,10.432,8.0,8.0,0.0,0,0,0,16.0,0.5,0.0,0,0.0
63,13,13.112,8.0,0.0,0.0,0,0,0,8.0,1.0,0.0,0,0.0
64,13,10.432,8.0,8.0,0.0,0,0,0,16.0,0.5,0.0,0,0.0
65,13,13.112,8.0,0.0,0.0,0,0,0,8.0,1.0,0.0,0,0.0
66,13,13.112,8.0,0.0,0.0,0,0,0,8.0,1.0,0.0,0,0.0
67,13,10.432,8.0,8.0,0.0,0,0,0,16.0,0.5,0.0,0,0.0
68,13,10.432,8.0,8.0,0.0,0,0,0,16.0,0.5,0.0,0,0.0
69,13,10.432,8.0,8.0,0.0,0,0,0,16.0,0.5,0.0,0,0.0
70,13,7.3024,8.0,8.0,0.0,0,0,0,16.0,0.5,0.0,0,0.3
71,13,10.432,8.0,0.0,0.0,0,0,0,8.0,1.0,0.0,0,0.0
72,13,10.432,8.0,8.0,0.0,0,0,0,16.0,0.5,0.0,0,0.0
73,13,10.432,8.0,8.0,0.0,0,0,0,16.0,0.5,0.0,0,0.0
74,13,13.112,8.0,0.0,0.0,0,0,0,8.0,1.0,0.0,0,0.0
75,13,10.432,8.0,0.0,0.0,0,0,0,8.0,1.0,0.0,0,0.0
77,13,5.618863913052125,8.0,8.0,0.0,0,0,0,16.0,0.5,0.0,0,0.0
78,13,10.432,8.0,8.0,0.0,0,0,0,16.0,0.5,0.0,0,0.0
79,13,10.432,8.0,8.0,0.0,0,0,0,16.0,0.5,0.0,0,0.0
80,13,10.432,8.0,8.0,0.0,0,0,0,16.0,0.5,0.0,0,0.0
81,13,10.432,8.0,8.0,0.0,0,0,0,16.0,0.5,0.0,0,0.0
82,13,13.112,8.0,0.0,0.0,0,0,0,8.0,1.0,0.0,0,0.0
83,13,10.432,8.0,8.0,0.0,0,0,0,16.0,0.5,0.0,0,0.0
84,13,10.432,8.0,8.0,0.0,0,0,0,16.0,0.5,0.0,0,0.0
85,13,10.432,8.0,8.0,0.0,0,0,0,16.0,0.5,0.0,0,0.0
86,13,10.432,8.0,8.0,0.0,0,0,0,16.0,0.5,0.0,0,0.0
87,13,10.432,8.0,8.0,0.0,0,0,0,16.0,0.5,0.0,0,0.0
88,13,10.432,8.0,8.0,0.0,0,0,0,16.0,0.5,0.0,0,0.0
89,13,10.432,8.0,8.0,0.0,0,0,0,16.0,0.5,0.0,0,0.0
90,13,9.1784,8.0,0.0,0.0,0,0,0,8.0,1.0,0.0,0,0.3
91,13,10.432,8.0,8.0,0.0,0,0,0,16.0,0.5,0.0,0,0.0
92,13,13.112,8.0,0.0,0.0,0,0,0,8.0,1.0,0.0,0,0.0
93,13,10.432,8.0,0.0,0.0,0,0,0,8.0,1.0,0.0,0,0.0
94,13,10.432,8.0,8.0,0.0,0,0,0,16.0,0.5,0.0,0,0.0
95,13,7.3024,8.0,8.0,0.0,0,0,0,16.0,0.5,0.0,0,0.3
96,13,7.3024,8.0,8.0,0.0,0,0,0,16.0,0.5,0.0,0,0.3
97,13,7.3024,8.0,8.0,0.0,0,0,0,16.0,0.5,0.0,0,0.3
98,13,10.432,8.0,8.0,0.0,0,0,0,16.0,0.5,0.0,0,0.0
99,13,10.432,8.0,8.0,0.0,0,0,0,16.0,0.5,0.0,0,0.0
100,13,0.0,0.0,16.0,0.0,0,0,0,16.0,0.0,0.0,0,0.0
101,13,8.299,8.0,8.0,0.0,0,0,0,16.0,0.5,0.0,0,0.0
102,13,8.299,8.0,0.0,0.0,0,0,0,8.0,1.0,0.0,0,0.0
103,13,8.299,8.0,8.0,0.0,0,0,0,16.0,0.5,0.0,0,0.0
104,13,8.299,8.0,8.0,0.0,0,0,0,16.0,0.5,0.0,0,0.0
105,13,8.299,8.0,8.0,0.0,0,0,0,16.0,0.5,0.0,0,0.0
106,13,8.299,8.0,8.0,0.0,0,0,0,16.0,0.5,0.0,0,0.0
107,13,0.0,0.0,16.0,0.0,0,0,0,16.0,0.0,0.0,0,0.0
108,13,0.0,0.0,16.0,0.0,0,0,0,16.0,0.0,0.0,0,0.0
109,13,0.0,0.0,16.0,0.0,0,0,0,16.0,0.0,0.0,0,0.0
110,13,0.0,0.0,16.0,0.0,0,0,0,16.0,0.0,0.0,0,0.0
111,13,0.0,0.0,16.0,0.0,0,0,0,16.0,0.0,0.0,0,0.0
112,13,0.0,0.0,16.0,0.0,0,0,0,16.0,0.0,0.0,0,0.0
1,14,0.0,0.0,16.0,0.0,0,0,0,16.0,0.0,0.0,0,0.0
2,14,0.0,0.0,16.0,0.0,0,0,0,16.0,0.0,0.0,0,0.0
3,14,0.0,0.0,16.0,0.0,0,0,0,16.0,0.0,0.0,0,0.0
4,14,0.0,0.0,16.0,0.0,0,0,0,16.0,0.0,0.0,0,0.0
5,14,0.0,0.0,16.0,0.0,0,0,0,16.0,0.0,0.0,0,0.0
6,14,0.0,0.0,16.0,0.0,0,0,0,16.0,0.0,0.0,0,0.0
7,14,0.0,0.0,16.0,0.0,0,0,0,16.0,0.0,0.0,0,0.0
8,14,0.0,0.0,16.0,0.0,0,0,0,16.0,0.0,0.0,0,0.0
9,14,0.0,0.0,16.0,0.0,0,0,0,16.0,0.0,0.0,0,0.0
10,14,0.0,0.0,16.0,0.0,0,0,0,16.0,0.0,0.0,0,0.0
11,14,0.0,0.0,8.0,0.0,0,0,0,8.0,0.0,0.0,0,0.0
12,14,8.319,8.0,8.0,0.0,0,0,0,16.0,0.5,0.0,0,0.0
13,14,0.0,0.0,16.0,0.0,0,0,0,16.0,0.0,0.0,0,0.0
14,14,0.0,0.0,16.0,0.0,0,0,0,16.0,0.0,0.0,0,0.0
15,14,0.0,0.0,16.0,0.0,0,0,0,16.0,0.0,0.0,0,0.0
16,14,0.0,0.0,16.0,0.0,0,0,0,16.0,0.0,0.0,0,0.0
17,14,0.0,0.0,8.0,0.0,0,0,0,8.0,0.0,0.0,0,0.0
18,14,0.0,0.0,16.0,0.0,0,0,0,16.0,0.0,0.0,0,0.0
19,14,0.0,0.0,16.0,0.0,0,0,0,16.0,0.0,0.0,0,0.0
20,14,0.0,0.0,8.0,0.0,0,0,0,8.0,0.0,0.0,0,0.0
21,14,0.0,0.0,8.0,0.0,0,0,0,8.0,0.0,0.0,0,0.0
22,14,0.0,0.0,16.0,0.0,0,0,0,16.0,0.0,0.0,0,0.0
23,14,0.0,0.0,16.0,0.0,0,0,0,16.0,0.0,0.0,0,0.0
24,14,0.0,0.0,16.0,0.0,0,0,0,16.0,0.0,0.0,0,0.0
25,14,0.0,0.0,16.0,0.0,0,0,0,16.0,0.0,0.0,0,0.0
26,14,0.0,0.0,16.0,0.0,0,0,0,16.0,0.0,0.0,0,0.0
27,14,0.0,0.0,16.0,0.0,0,0,0,16.0,0.0,0.0,0,0.0
28,14,0.0,0.0,16.0,0.0,0,0,0,16.0,0.0,0.0,0,0.0
29,14,0.0,0.0,16.0,0.0,0,0,0,16.0,0.0,0.0,0,0.0
30,14,0.0,0.0,16.0,0.0,0,0,0,16.0,0.0,0.0,0,0.0
31,14,0.0,0.0,16.0,0.0,0,0,0,16.0,0.0,0.0,0,0.0
32,14,0.0,0.0,16.0,0.0,0,0,0,16.0,0.0,0.0,0,0.0
33,14,0.0,0.0,16.0,0.0,0,0,0,16.0,0.0,0.0,0,0.0
34,14,0.0,0.0,16.0,0.0,0,0,0,16.0,0.0,0.0,0,0.0
35,14,0.0,0.0,8.0,0.0,0,0,0,8.0,0.0,0.0,0,0.0
36,14,0.0,0.0,16.0,0.0,0,0,0,16.0,0.0,0.0,0,0.0
37,14,7.3024,8.0,8.0,0.0,0,0,0,16.0,0.5,0.0,0,0.3
38,14,7.3024,8.0,8.0,0.0,0,0,0,16.0,0.5,0.0,0,0.3
39,14,7.3024,8.0,8.0,0.0,0,0,0,16.0,0.5,0.0,0,0.3
40,14,7.3024,8.0,8.0,0.0,0,0,0,16.0,0.5,0.0,0,0.3
41,14,10.432,8.0,8.0,0.0,0,0,0,16.0,0.5,0.0,0,0.0
42,14,10.432,8.0,8.0,0.0,0,0,0,16.0,0.5,0.0,0,0.0
43,14,10.432,8.0,8.0,0.0,0,0,0,16.0,0.5,0.0,0,0.0
44,14,10.432,8.0,0.0,0.0,0,0,0,8.0,1.0,0.0,0,0.0
45,14,10.432,8.0,8.0,0.0,0,0,0,16.0,0.5,0.0,0,0.0
46,14,10.432,8.0,8.0,0.0,0,0,0,16.0,0.5,0.0,0,0.0
47,14,10.432,8.0,8.0,0.0,0,0,0,16.0,0.5,0.0,0,0.0
48,14,10.432,8.0,8.0,0.0,0,0,0,16.0,0.5,0.0,0,0.0
49,14,10.432,8.0,8.0,0.0,0,0,0,16.0,0.5,0.0,0,0.0
50,14,10.432,8.0,8.0,0.0,0,0,0,16.0,0.5,0.0,0,0.0
51,14,10.432,8.0,8.0,0.0,0,0,0,16.0,0.5,0.0,0,0.0
52,14,10.432,8.0,8.0,0.0,0,0,0,16.0,0.5,0.0,0,0.0
53,14,9.1784,8.0,0.0,0.0,0,0,0,8.0,1.0,0.0,0,0.3
54,14,10.432,8.0,8.0,0.0,0,0,0,16.0,0.5,0.0,0,0.0
55,14,10.432,8.0,8.0,0.0,0,0,0,16.0,0.5,0.0,0,0.0
56,14,10.432,8.0,8.0,0.0,0,0,0,16.0,0.5,0.0,0,0.0
57,14,9.948,8.0,8.0,0.0,0,0,0,16.0,0.5,0.0,0,0.0
58,14,9.948,8.0,8.0,0.0,0,0,0,16.0,0.5,0.0,0,0.0
59,14,9.948,8.0,0.0,0.0,0,0,0,8.0,1.0,0.0,0,0.0
60,14,9.948,8.0,0.0,0.0,0,0,0,8.0,1.0,0.0,0,0.0
61,14,6.9636,8.0,8.0,0.0,0,0,0,16.0,0.5,0.0,0,0.3
62,14,4.917345976097316,3.7709708405654263,12.229029159434575,0.0,0,0,0,16.0,0.23568567753533914,4.229029159434574,1,0.0
63,14,13.112,8.0,0.0,0.0,0,0,0,8.0,1.0,0.0,0,0.0
64,14,10.432,8.0,8.0,0.0,0,0,0,16.0,0.5,0.0,0,0.0
65,14,9.1784,8.0,0.0,0.0,0,0,0,8.0,1.0,0.0,0,0.3
66,14,10.468374289738977,8.0,0.0,0.0,0,0,0,8.0,1.0,0.0,0,0.0
67,14,10.432,8.0,8.0,0.0,0,0,0,16.0,0.5,0.0,0,0.0
68,14,10.432,8.0,8.0,0.0,0,0,0,16.0,0.5,0.0,0,0.0
69,14,10.432,8.0,8.0,0.0,0,0,0,16.0,0.5,0.0,0,0.0
70,14,5.172607748246926,3.9667237333181946,12.033276266681806,0.0,0,0,0,16.0,0.24792023333238716,4.033276266681805,1,0.0
71,14,10.432,8.0,0.0,0.0,0,0,0,8.0,1.0,0.0,0,0.0
72,14,10.432,8.0,8.0,0.0,0,0,0,16.0,0.5,0.0,0,0.0
73,14,10.432,8.0,8.0,0.0,0,0,0,16.0,0.5,0.0,0,0.0
74,14,13.112,8.0,0.0,0.0,0,0,0,8.0,1.0,0.0,0,0.0
75,14,10.432,8.0,0.0,0.0,0,0,0,8.0,1.0,0.0,0,0.0
77,14,10.432,8.0,8.0,0.0,0,0,0,16.0,0.5,0.0,0,0.0
78,14,10.432,8.0,8.0,0.0,0,0,0,16.0,0.5,0.0,0,0.0
79,14,10.432,8.0,8.0,0.0,0,0,0,16.0,0.5,0.0,0,0.0
80,14,10.432,8.0,8.0,0.0,0,0,0,16.0,0.5,0.0,0,0.0
81,14,10.432,8.0,8.0,0.0,0,0,0,16.0,0.5,0.0,0,0.0
82,14,13.112,8.0,0.0,0.0,0,0,0,8.0,1.0,0.0,0,0.0
83,14,10.432,8.0,8.0,0.0,0,0,0,16.0,0.5,0.0,0,0.0
84,14,5.864614913612354,4.4974040748560995,11.5025959251439,0.0,0,0,0,16.0,0.2810877546785062,3.502595925143901,1,0.0
85,14,10.432,8.0,8.0,0.0,0,0,0,16.0,0.5,0.0,0,0.0
86,14,7.3024,8.0,8.0,0.0,0,0,0,16.0,0.5,0.0,0,0.3
87,14,10.432,8.0,8.0,0.0,0,0,0,16.0,0.5,0.0,0,0.0
88,14,10.432,8.0,8.0,0.0,0,0,0,16.0,0.5,0.0,0,0.0
89,14,10.432,8.0,8.0,0.0,0,0,0,16.0,0.5,0.0,0,0.0
90,14,9.1784,8.0,0.0,0.0,0,0,0,8.0,1.0,0.0,0,0.3
91,14,4.539693852374857,8.0,8.0,0.0,0,0,0,16.0,0.5,0.0,0,0.0
92,14,5.328754290575853,3.2512228740548217,4.748777125945178,0.0,0,0,0,8.0,0.4064028592568527,4.748777125945178,1,0.0
93,14,7.3024,8.0,0.0,0.0,0,0,0,8.0,1.0,0.0,0,0.3
94,14,10.432,8.0,8.0,0.0,0,0,0,16.0,0.5,0.0,0,0.0
95,14,10.432,8.0,8.0,0.0,0,0,0,16.0,0.5,0.0,0,0.0
96,14,10.432,8.0,8.0,0.0,0,0,0,16.0,0.5,0.0,0,0.0
97,14,10.432,8.0,8.0,0.0,0,0,0,16.0,0.5,0.0,0,0.0
98,14,10.432,8.0,8.0,0.0,0,0,0,16.0,0.5,0.0,0,0.0
99,14,10.432,8.0,8.0,0.0,0,0,0,16.0,0.5,0.0,0,0.0
100,14,0.0,0.0,16.0,0.0,0,0,0,16.0,0.0,0.0,0,0.0
101,14,8.299,8.0,8.0,0.0,0,0,0,16.0,0.5,0.0,0,0.0
102,14,8.299,8.0,0.0,0.0,0,0,0,8.0,1.0,0.0,0,0.0
103,14,8.299,8.0,8.0,0.0,0,0,0,16.0,0.5,0.0,0,0.0
104,14,8.299,8.0,8.0,0.0,0,0,0,16.0,0.5,0.0,0,0.0
105,14,4.0719307918073655,3.925225489150371,12.074774510849629,0.0,0,0,0,16.0,0.2453265930718982,4.074774510849629,1,0.0
106,14,8.299,8.0,8.0,0.0,0,0,0,16.0,0.5,0.0,0,0.0
107,14,0.0,0.0,16.0,0.0,0,0,0,16.0,0.0,0.0,0,0.0
108,14,0.0,0.0,16.0,0.0,0,0,0,16.0,0.0,0.0,0,0.0
109,14,0.0,0.0,16.0,0.0,0,0,0,16.0,0.0,0.0,0,0.0
110,14,0.0,0.0,16.0,0.0,0,0,0,16.0,0.0,0.0,0,0.0
111,14,0.0,0.0,16.0,0.0,0,0,0,16.0,0.0,0.0,0,0.0
112,14,0.0,0.0,16.0,0.0,0,0,0,16.0,0.0,0.0,0,0.0
1,15,0.0,0.0,16.0,0.0,0,0,0,16.0,0.0,0.0,0,0.0
2,15,0.0,0.0,16.0,0.0,0,0,0,16.0,0.0,0.0,0,0.0
3,15,0.0,0.0,16.0,0.0,0,0,0,16.0,0.0,0.0,0,0.0
4,15,0.0,0.0,16.0,0.0,0,0,0,16.0,0.0,0.0,0,0.0
5,15,0.0,0.0,16.0,0.0,0,0,0,16.0,0.0,0.0,0,0.0
6,15,0.0,0.0,16.0,0.0,0,0,0,16.0,0.0,0.0,0,0.0
7,15,0.0,0.0,16.0,0.0,0,0,0,16.0,0.0,0.0,0,0.0
8,15,0.0,0.0,16.0,0.0,0,0,0,16.0,0.0,0.0,0,0.0
9,15,0.0,0.0,16.0,0.0,0,0,0,16.0,0.0,0.0,0,0.0
10,15,0.0,0.0,16.0,0.0,0,0,0,16.0,0.0,0.0,0,0.0
11,15,0.0,0.0,8.0,0.0,0,0,0,8.0,0.0,0.0,0,0.0
12,15,8.319,8.0,8.0,0.0,0,0,0,16.0,0.5,0.0,0,0.0
13,15,0.0,0.0,16.0,0.0,0,0,0,16.0,0.0,0.0,0,0.0
14,15,0.0,0.0,16.0,0.0,0,0,0,16.0,0.0,0.0,0,0.0
15,15,0.0,0.0,16.0,0.0,0,0,0,16.0,0.0,0.0,0,0.0
16,15,0.0,0.0,16.0,0.0,0,0,0,16.0,0.0,0.0,0,0.0
17,15,0.0,0.0,8.0,0.0,0,0,0,8.0,0.0,0.0,0,0.0
18,15,0.0,0.0,16.0,0.0,0,0,0,16.0,0.0,0.0,0,0.0
19,15,0.0,0.0,16.0,0.0,0,0,0,16.0,0.0,0.0,0,0.0
20,15,0.0,0.0,8.0,0.0,0,0,0,8.0,0.0,0.0,0,0.0
21,15,0.0,0.0,8.0,0.0,0,0,0,8.0,0.0,0.0,0,0.0
22,15,0.0,0.0,16.0,0.0,0,0,0,16.0,0.0,0.0,0,0.0
23,15,0.0,0.0,16.0,0.0,0,0,0,16.0,0.0,0.0,0,0.0
24,15,0.0,0.0,16.0,0.0,0,0,0,16.0,0.0,0.0,0,0.0
25,15,0.0,0.0,16.0,0.0,0,0,0,16.0,0.0,0.0,0,0.0
26,15,0.0,0.0,16.0,0.0,0,0,0,16.0,0.0,0.0,0,0.0
27,15,0.0,0.0,16.0,0.0,0,0,0,16.0,0.0,0.0,0,0.0
28,15,0.0,0.0,16.0,0.0,0,0,0,16.0,0.0,0.0,0,0.0
29,15,0.0,0.0,16.0,0.0,0,0,0,16.0,0.0,0.0,0,0.0
30,15,0.0,0.0,16.0,0.0,0,0,0,16.0,0.0,0.0,0,0.0
31,15,0.0,0.0,16.0,0.0,0,0,0,16.0,0.0,0.0,0,0.0
32,15,0.0,0.0,16.0,0.0,0,0,0,16.0,0.0,0.0,0,0.0
33,15,0.0,0.0,16.0,0.0,0,0,0,16.0,0.0,0.0,0,0.0
34,15,0.0,0.0,16.0,0.0,0,0,0,16.0,0.0,0.0,0,0.0
35,15,0.0,0.0,8.0,0.0,0,0,0,8.0,0.0,0.0,0,0.0
36,15,0.0,0.0,16.0,0.0,0,0,0,16.0,0.0,0.0,0,0.0
37,15,10.432,8.0,8.0,0.0,0,0,0,16.0,0.5,0.0,0,0.0
38,15,7.3024,8.0,8.0,0.0,0,0,0,16.0,0.5,0.0,0,0.3
39,15,10.432,8.0,8.0,0.0,0,0,0,16.0,0.5,0.0,0,0.0
40,15,10.432,8.0,8.0,0.0,0,0,0,16.0,0.5,0.0,0,0.0
41,15,10.432,8.0,8.0,0.0,0,0,0,16.0,0.5,0.0,0,0.0
42,15,10.432,8.0,8.0,0.0,0,0,0,16.0,0.5,0.0,0,0.0
43,15,10.432,8.0,8.0,0.0,0,0,0,16.0,0.5,0.0,0,0.0
44,15,10.432,8.0,0.0,0.0,0,0,0,8.0,1.0,0.0,0,0.0
45,15,10.432,8.0,8.0,0.0,0,0,0,16.0,0.5,0.0,0,0.0
46,15,10.432,8.0,8.0,0.0,0,0,0,16.0,0.5,0.0,0,0.0
47,15,7.3024,8.0,8.0,0.0,0,0,0,16.0,0.5,0.0,0,0.3
48,15,10.432,8.0,8.0,0.0,0,0,0,16.0,0.5,0.0,0,0.0
49,15,10.432,8.0,8.0,0.0,0,0,0,16.0,0.5,0.0,0,0.0
50,15,10.432,8.0,8.0,0.0,0,0,0,16.0,0.5,0.0,0,0.0
51,15,10.432,8.0,8.0,0.0,0,0,0,16.0,0.5,0.0,0,0.0
52,15,10.432,8.0,8.0,0.0,0,0,0,16.0,0.5,0.0,0,0.0
53,15,13.112,8.0,0.0,0.0,0,0,0,8.0,1.0,0.0,0,0.0
54,15,10.432,8.0,8.0,0.0,0,0,0,16.0,0.5,0.0,0,0.0
55,15,10.432,8.0,8.0,0.0,0,0,0,16.0,0.5,0.0,0,0.0
56,15,10.432,8.0,8.0,0.0,0,0,0,16.0,0.5,0.0,0,0.0
57,15,9.948,8.0,8.0,0.0,0,0,0,16.0,0.5,0.0,0,0.0
58,15,4.181736665257629,3.362876288908427,12.637123711091572,0.0,0,0,0,16.0,0.21017976805677668,4.637123711091573,1,0.0
59,15,2.4209104631640606,2.7812171441944518,5.218782855805548,0.0,0,0,0,8.0,0.34765214302430647,5.218782855805548,1,0.3
60,15,6.9636,8.0,0.0,0.0,0,0,0,8.0,1.0,0.0,0,0.3
61,15,9.948,8.0,8.0,0.0,0,0,0,16.0,0.5,0.0,0,0.0
62,15,10.432,8.0,8.0,0.0,0,0,0,16.0,0.5,0.0,0,0.0
63,15,13.112,8.0,0.0,0.0,0,0,0,8.0,1.0,0.0,0,0.0
64,15,10.432,8.0,8.0,0.0,0,0,0,16.0,0.5,0.0,0,0.0
65,15,13.112,8.0,0.0,0.0,0,0,0,8.0,1.0,0.0,0,0.0
66,15,13.112,8.0,0.0,0.0,0,0,0,8.0,1.0,0.0,0,0.0
67,15,10.432,8.0,8.0,0.0,0,0,0,16.0,0.5,0.0,0,0.0
68,15,10.432,8.0,8.0,0.0,0,0,0,16.0,0.5,0.0,0,0.0
69,15,10.432,8.0,8.0,0.0,0,0,0,16.0,0.5,0.0,0,0.0
70,15,10.432,8.0,8.0,0.0,0,0,0,16.0,0.5,0.0,0,0.0
71,15,10.432,8.0,0.0,0.0,0,0,0,8.0,1.0,0.0,0,0.0
72,15,10.432,8.0,8.0,0.0,0,0,0,16.0,0.5,0.0,0,0.0
73,15,10.432,8.0,8.0,0.0,0,0,0,16.0,0.5,0.0,0,0.0
74,15,13.112,8.0,0.0,0.0,0,0,0,8.0,1.0,0.0,0,0.0
75,15,10.432,8.0,0.0,0.0,0,0,0,8.0,1.0,0.0,0,0.0
77,15,10.432,8.0,8.0,0.0,0,0,0,16.0,0.5,0.0,0,0.0
78,15,10.432,8.0,8.0,0.0,0,0,0,16.0,0.5,0.0,0,0.0
79,15,10.432,8.0,8.0,0.0,0,0,0,16.0,0.5,0.0,0,0.0
80,15,10.432,8.0,8.0,0.0,0,0,0,16.0,0.5,0.0,0,0.0
81,15,10.432,8.0,8.0,0.0,0,0,0,16.0,0.5,0.0,0,0.0
82,15,13.112,8.0,0.0,0.0,0,0,0,8.0,1.0,0.0,0,0.0
83,15,10.432,8.0,8.0,0.0,0,0,0,16.0,0.5,0.0,0,0.0
84,15,10.432,8.0,8.0,0.0,0,0,0,16.0,0.5,0.0,0,0.0
85,15,10.432,8.0,8.0,0.0,0,0,0,16.0,0.5,0.0,0,0.0
86,15,10.432,8.0,8.0,0.0,0,0,0,16.0,0.5,0.0,0,0.0
87,15,10.432,8.0,8.0,0.0,0,0,0,16.0,0.5,0.0,0,0.0
88,15,10.432,8.0,8.0,0.0,0,0,0,16.0,0.5,0.0,0,0.0
89,15,10.432,8.0,8.0,0.0,0,0,0,16.0,0.5,0.0,0,0.0
90,15,13.112,8.0,0.0,0.0,0,0,0,8.0,1.0,0.0,0,0.0
91,15,10.432,8.0,8.0,0.0,0,0,0,16.0,0.5,0.0,0,0.0
92,15,10.218294996496844,6.234469186392218,1.765530813607782,0.0,0,0,0,8.0,0.7793086482990272,1.7655308136077816,1,0.0
93,15,10.432,8.0,0.0,0.0,0,0,0,8.0,1.0,0.0,0,0.0
94,15,10.432,8.0,8.0,0.0,0,0,0,16.0,0.5,0.0,0,0.0
95,15,10.432,8.0,8.0,0.0,0,0,0,16.0,0.5,0.0,0,0.0
96,15,10.432,8.0,8.0,0.0,0,0,0,16.0,0.5,0.0,0,0.0
97,15,10.432,8.0,8.0,0.0,0,0,0,16.0,0.5,0.0,0,0.0
98,15,10.432,8.0,8.0,0.0,0,0,0,16.0,0.5,0.0,0,0.0
99,15,10.432,8.0,8.0,0.0,0,0,0,16.0,0.5,0.0,0,0.0
100,15,0.0,0.0,16.0,0.0,0,0,0,16.0,0.0,0.0,0,0.0
101,15,6.55929692754561,8.0,8.0,0.0,0,0,0,16.0,0.5,0.0,0,0.0
102,15,8.299,8.0,0.0,0.0,0,0,0,8.0,1.0,0.0,0,0.0
103,15,8.299,8.0,8.0,0.0,0,0,0,16.0,0.5,0.0,0,0.0
104,15,5.8092999999999995,8.0,8.0,0.0,0,0,0,16.0,0.5,0.0,0,0.3
105,15,3.1031369768352532,4.273336858947211,11.72666314105279,0.0,0,0,0,16.0,0.26708355368420067,3.7266631410527893,1,0.3
106,15,5.329209856206556,5.137206753783883,10.862793246216118,0.0,0,0,0,16.0,0.3210754221114927,2.8627932462161167,1,0.0
107,15,0.0,0.0,16.0,0.0,0,0,0,16.0,0.0,0.0,0,0.0
108,15,0.0,0.0,16.0,0.0,0,0,0,16.0,0.0,0.0,0,0.0
109,15,0.0,0.0,16.0,0.0,0,0,0,16.0,0.0,0.0,0,0.0
110,15,0.0,0.0,16.0,0.0,0,0,0,16.0,0.0,0.0,0,0.0
111,15,0.0,0.0,16.0,0.0,0,0,0,16.0,0.0,0.0,0,0.0
112,15,0.0,0.0,16.0,0.0,0,0,0,16.0,0.0,0.0,0,0.0
1,16,0.0,0.0,16.0,0.0,0,0,0,16.0,0.0,0.0,0,0.0
2,16,0.0,0.0,16.0,0.0,0,0,0,16.0,0.0,0.0,0,0.0
3,16,0.0,0.0,16.0,0.0,0,0,0,16.0,0.0,0.0,0,0.0
4,16,0.0,0.0,16.0,0.0,0,0,0,16.0,0.0,0.0,0,0.0
5,16,0.0,0.0,16.0,0.0,0,0,0,16.0,0.0,0.0,0,0.0
6,16,0.0,0.0,16.0,0.0,0,0,0,16.0,0.0,0.0,0,0.0
7,16,0.0,0.0,16.0,0.0,0,0,0,16.0,0.0,0.0,0,0.0
8,16,0.0,0.0,16.0,0.0,0,0,0,16.0,0.0,0.0,0,0.0
9,16,0.0,0.0,16.0,0.0,0,0,0,16.0,0.0,0.0,0,0.0
10,16,0.0,0.0,16.0,0.0,0,0,0,16.0,0.0,0.0,0,0.0
11,16,0.0,0.0,8.0,0.0,0,0,0,8.0,0.0,0.0,0,0.0
12,16,8.319,8.0,8.0,0.0,0,0,0,16.0,0.5,0.0,0,0.0
13,16,0.0,0.0,16.0,0.0,0,0,0,16.0,0.0,0.0,0,0.0
14,16,0.0,0.0,16.0,0.0,0,0,0,16.0,0.0,0.0,0,0.0
15,16,0.0,0.0,16.0,0.0,0,0,0,16.0,0.0,0.0,0,0.0
16,16,0.0,0.0,16.0,0.0,0,0,0,16.0,0.0,0.0,0,0.0
17,16,0.0,0.0,8.0,0.0,0,0,0,8.0,0.0,0.0,0,0.0
18,16,0.0,0.0,16.0,0.0,0,0,0,16.0,0.0,0.0,0,0.0
19,16,0.0,0.0,16.0,0.0,0,0,0,16.0,0.0,0.0,0,0.0
20,16,0.0,0.0,8.0,0.0,0,0,0,8.0,0.0,0.0,0,0.0
21,16,0.0,0.0,8.0,0.0,0,0,0,8.0,0.0,0.0,0,0.0
22,16,0.0,0.0,16.0,0.0,0,0,0,16.0,0.0,0.0,0,0.0
23,16,0.0,0.0,16.0,0.0,0,0,0,16.0,0.0,0.0,0,0.0
24,16,0.0,0.0,16.0,0.0,0,0,0,16.0,0.0,0.0,0,0.0
25,16,0.0,0.0,16.0,0.0,0,0,0,16.0,0.0,0.0,0,0.0
26,16,0.0,0.0,16.0,0.0,0,0,0,16.0,0.0,0.0,0,0.0
27,16,0.0,0.0,16.0,0.0,0,0,0,16.0,0.0,0.0,0,0.0
28,16,0.0,0.0,16.0,0.0,0,0,0,16.0,0.0,0.0,0,0.0
29,16,0.0,0.0,16.0,0.0,0,0,0,16.0,0.0,0.0,0,0.0
30,16,0.0,0.0,16.0,0.0,0,0,0,16.0,0.0,0.0,0,0.0
31,16,0.0,0.0,16.0,0.0,0,0,0,16.0,0.0,0.0,0,0.0
32,16,0.0,0.0,16.0,0.0,0,0,0,16.0,0.0,0.0,0,0.0
33,16,0.0,0.0,16.0,0.0,0,0,0,16.0,0.0,0.0,0,0.0
34,16,0.0,0.0,16.0,0.0,0,0,0,16.0,0.0,0.0,0,0.0
35,16,0.0,0.0,8.0,0.0,0,0,0,8.0,0.0,0.0,0,0.0
36,16,0.0,0.0,16.0,0.0,0,0,0,16.0,0.0,0.0,0,0.0
37,16,10.432,8.0,8.0,0.0,0,0,0,16.0,0.5,0.0,0,0.0
38,16,10.432,8.0,8.0,0.0,0,0,0,16.0,0.5,0.0,0,0.0
39,16,7.3024,8.0,8.0,0.0,0,0,0,16.0,0.5,0.0,0,0.3
40,16,10.432,8.0,8.0,0.0,0,0,0,16.0,0.5,0.0,0,0.0
41,16,10.432,8.0,8.0,0.0,0,0,0,16.0,0.5,0.0,0,0.0
42,16,10.432,8.0,8.0,0.0,0,0,0,16.0,0.5,0.0,0,0.0
43,16,10.432,8.0,8.0,0.0,0,0,0,16.0,0.5,0.0,0,0.0
44,16,10.432,8.0,0.0,0.0,0,0,0,8.0,1.0,0.0,0,0.0
45,16,10.432,8.0,8.0,0.0,0,0,0,16.0,0.5,0.0,0,0.0
46,16,10.432,8.0,8.0,0.0,0,0,0,16.0,0.5,0.0,0,0.0
47,16,10.432,8.0,8.0,0.0,0,0,0,16.0,0.5,0.0,0,0.0
48,16,10.432,8.0,8.0,0.0,0,0,0,16.0,0.5,0.0,0,0.0
49,16,10.432,8.0,8.0,0.0,0,0,0,16.0,0.5,0.0,0,0.0
50,16,10.432,8.0,8.0,0.0,0,0,0,16.0,0.5,0.0,0,0.0
51,16,7.982376753255648,8.0,8.0,0.0,0,0,0,16.0,0.5,0.0,0,0.0
52,16,7.3024,8.0,8.0,0.0,0,0,0,16.0,0.5,0.0,0,0.3
53,16,13.112,8.0,0.0,0.0,0,0,0,8.0,1.0,0.0,0,0.0
54,16,7.3024,8.0,8.0,0.0,0,0,0,16.0,0.5,0.0,0,0.3
55,16,10.432,8.0,8.0,0.0,0,0,0,16.0,0.5,0.0,0,0.0
56,16,3.0307958054346122,3.320328445918725,12.679671554081274,0.0,0,0,0,16.0,0.2075205278699203,4.679671554081275,1,0.3
57,16,9.948,8.0,8.0,0.0,0,0,0,16.0,0.5,0.0,0,0.0
58,16,6.9636,8.0,8.0,0.0,0,0,0,16.0,0.5,0.0,0,0.3
59,16,9.948,8.0,0.0,0.0,0,0,0,8.0,1.0,0.0,0,0.0
60,16,6.9636,8.0,0.0,0.0,0,0,0,8.0,1.0,0.0,0,0.3
61,16,9.948,8.0,8.0,0.0,0,0,0,16.0,0.5,0.0,0,0.0
62,16,3.7000363847809803,2.8374512153228375,13.162548784677163,0.0,0,0,0,16.0,0.17734070095767734,5.1625487846771625,1,0.0
63,16,13.112,8.0,0.0,0.0,0,0,0,8.0,1.0,0.0,0,0.0
64,16,10.432,8.0,8.0,0.0,0,0,0,16.0,0.5,0.0,0,0.0
65,16,13.112,8.0,0.0,0.0,0,0,0,8.0,1.0,0.0,0,0.0
66,16,13.112,8.0,0.0,0.0,0,0,0,8.0,1.0,0.0,0,0.0
67,16,6.300619825520853,4.8317636698779545,11.168236330122046,0.0,0,0,0,16.0,0.30198522936737215,3.1682363301220455,1,0.0
68,16,6.650110196799837,5.099777758282083,10.900222241717916,0.0,0,0,0,16.0,0.3187361098926302,2.900222241717917,1,0.0
69,16,8.208609043934462,8.0,8.0,0.0,0,0,0,16.0,0.5,0.0,0,0.0
70,16,10.432,8.0,8.0,0.0,0,0,0,16.0,0.5,0.0,0,0.0
71,16,6.524936805345022,8.0,0.0,0.0,0,0,0,8.0,1.0,0.0,0,0.0
72,16,10.432,8.0,8.0,0.0,0,0,0,16.0,0.5,0.0,0,0.0
73,16,10.432,8.0,8.0,0.0,0,0,0,16.0,0.5,0.0,0,0.0
74,16,13.112,8.0,0.0,0.0,0,0,0,8.0,1.0,0.0,0,0.0
75,16,10.432,8.0,0.0,0.0,0,0,0,8.0,1.0,0.0,0,0.0
77,16,10.432,8.0,8.0,0.0,0,0,0,16.0,0.5,0.0,0,0.0
78,16,10.432,8.0,8.0,0.0,0,0,0,16.0,0.5,0.0,0,0.0
79,16,3.9275272967446346,8.0,8.0,0.0,0,0,0,16.0,0.5,0.0,0,0.3
80,16,10.432,8.0,8.0,0.0,0,0,0,16.0,0.5,0.0,0,0.0
81,16,10.432,8.0,8.0,0.0,0,0,0,16.0,0.5,0.0,0,0.0
82,16,9.1784,8.0,0.0,0.0,0,0,0,8.0,1.0,0.0,0,0.3
83,16,10.432,8.0,8.0,0.0,0,0,0,16.0,0.5,0.0,0,0.0
84,16,10.432,8.0,8.0,0.0,0,0,0,16.0,0.5,0.0,0,0.0
85,16,10.432,8.0,8.0,0.0,0,0,0,16.0,0.5,0.0,0,0.0
86,16,10.432,8.0,8.0,0.0,0,0,0,16.0,0.5,0.0,0,0.0
87,16,2.1606871408174886,1.65696866627108,14.34303133372892,0.0,0,0,0,16.0,0.1035605416419425,6.34303133372892,1,0.0
88,16,10.432,8.0,8.0,0.0,0,0,0,16.0,0.5,0.0,0,0.0
89,16,10.432,8.0,8.0,0.0,0,0,0,16.0,0.5,0.0,0,0.0
90,16,13.112,8.0,0.0,0.0,0,0,0,8.0,1.0,0.0,0,0.0
91,16,10.432,8.0,8.0,0.0,0,0,0,16.0,0.5,0.0,0,0.0
92,16,13.112,8.0,0.0,0.0,0,0,0,8.0,1.0,0.0,0,0.0
93,16,10.432,8.0,0.0,0.0,0,0,0,8.0,1.0,0.0,0,0.0
94,16,10.432,8.0,8.0,0.0,0,0,0,16.0,0.5,0.0,0,0.0
95,16,10.432,8.0,8.0,0.0,0,0,0,16.0,0.5,0.0,0,0.0
96,16,10.432,8.0,8.0,0.0,0,0,0,16.0,0.5,0.0,0,0.0
97,16,10.432,8.0,8.0,0.0,0,0,0,16.0,0.5,0.0,0,0.0
98,16,10.432,8.0,8.0,0.0,0,0,0,16.0,0.5,0.0,0,0.0
99,16,10.432,8.0,8.0,0.0,0,0,0,16.0,0.5,0.0,0,0.0
100,16,0.0,0.0,16.0,0.0,0,0,0,16.0,0.0,0.0,0,0.0
101,16,8.299,8.0,8.0,0.0,0,0,0,16.0,0.5,0.0,0,0.0
102,16,8.299,8.0,0.0,0.0,0,0,0,8.0,1.0,0.0,0,0.0
103,16,8.299,8.0,8.0,0.0,0,0,0,16.0,0.5,0.0,0,0.0
104,16,8.299,8.0,8.0,0.0,0,0,0,16.0,0.5,0.0,0,0.0
105,16,8.299,8.0,8.0,0.0,0,0,0,16.0,0.5,0.0,0,0.0
106,16,8.299,8.0,8.0,0.0,0,0,0,16.0,0.5,0.0,0,0.0
107,16,0.0,0.0,16.0,0.0,0,0,0,16.0,0.0,0.0,0,0.0
108,16,0.0,0.0,16.0,0.0,0,0,0,16.0,0.0,0.0,0,0.0
109,16,0.0,0.0,16.0,0.0,0,0,0,16.0,0.0,0.0,0,0.0
110,16,0.0,0.0,16.0,0.0,0,0,0,16.0,0.0,0.0,0,0.0
111,16,0.0,0.0,16.0,0.0,0,0,0,16.0,0.0,0.0,0,0.0
112,16,0.0,0.0,16.0,0.0,0,0,0,16.0,0.0,0.0,0,0.0
1,17,0.0,0.0,16.0,0.0,0,0,0,16.0,0.0,0.0,0,0.0
2,17,0.0,0.0,16.0,0.0,0,0,0,16.0,0.0,0.0,0,0.0
3,17,0.0,0.0,16.0,0.0,0,0,0,16.0,0.0,0.0,0,0.0
4,17,0.0,0.0,16.0,0.0,0,0,0,16.0,0.0,0.0,0,0.0
5,17,0.0,0.0,16.0,0.0,0,0,0,16.0,0.0,0.0,0,0.0
6,17,0.0,0.0,16.0,0.0,0,0,0,16.0,0.0,0.0,0,0.0
7,17,0.0,0.0,16.0,0.0,0,0,0,16.0,0.0,0.0,0,0.0
8,17,0.0,0.0,16.0,0.0,0,0,0,16.0,0.0,0.0,0,0.0
9,17,0.0,0.0,16.0,0.0,0,0,0,16.0,0.0,0.0,0,0.0
10,17,0.0,0.0,16.0,0.0,0,0,0,16.0,0.0,0.0,0,0.0
11,17,0.0,0.0,8.0,0.0,0,0,0,8.0,0.0,0.0,0,0.0
12,17,8.319,8.0,8.0,0.0,0,0,0,16.0,0.5,0.0,0,0.0
13,17,0.0,0.0,16.0,0.0,0,0,0,16.0,0.0,0.0,0,0.0
14,17,0.0,0.0,16.0,0.0,0,0,0,16.0,0.0,0.0,0,0.0
15,17,0.0,0.0,16.0,0.0,0,0,0,16.0,0.0,0.0,0,0.0
16,17,0.0,0.0,16.0,0.0,0,0,0,16.0,0.0,0.0,0,0.0
17,17,0.0,0.0,8.0,0.0,0,0,0,8.0,0.0,0.0,0,0.0
18,17,0.0,0.0,16.0,0.0,0,0,0,16.0,0.0,0.0,0,0.0
19,17,0.0,0.0,16.0,0.0,0,0,0,16.0,0.0,0.0,0,0.0
20,17,0.0,0.0,8.0,0.0,0,0,0,8.0,0.0,0.0,0,0.0
21,17,0.0,0.0,8.0,0.0,0,0,0,8.0,0.0,0.0,0,0.0
22,17,0.0,0.0,16.0,0.0,0,0,0,16.0,0.0,0.0,0,0.0
23,17,0.0,0.0,16.0,0.0,0,0,0,16.0,0.0,0.0,0,0.0
24,17,0.0,0.0,16.0,0.0,0,0,0,16.0,0.0,0.0,0,0.0
25,17,0.0,0.0,16.0,0.0,0,0,0,16.0,0.0,0.0,0,0.0
26,17,0.0,0.0,16.0,0.0,0,0,0,16.0,0.0,0.0,0,0.0
27,17,0.0,0.0,16.0,0.0,0,0,0,16.0,0.0,0.0,0,0.0
28,17,0.0,0.0,16.0,0.0,0,0,0,16.0,0.0,0.0,0,0.0
29,17,0.0,0.0,16.0,0.0,0,0,0,16.0,0.0,0.0,0,0.0
30,17,0.0,0.0,16.0,0.0,0,0,0,16.0,0.0,0.0,0,0.0
31,17,0.0,0.0,16.0,0.0,0,0,0,16.0,0.0,0.0,0,0.0
32,17,0.0,0.0,16.0,0.0,0,0,0,16.0,0.0,0.0,0,0.0
33,17,0.0,0.0,16.0,0.0,0,0,0,16.0,0.0,0.0,0,0.0
34,17,0.0,0.0,16.0,0.0,0,0,0,16.0,0.0,0.0,0,0.0
35,17,0.0,0.0,8.0,0.0,0,0,0,8.0,0.0,0.0,0,0.0
36,17,0.0,0.0,16.0,0.0,0,0,0,16.0,0.0,0.0,0,0.0
37,17,10.432,8.0,8.0,0.0,0,0,0,16.0,0.5,0.0,0,0.0
38,17,10.432,8.0,8.0,0.0,0,0,0,16.0,0.5,0.0,0,0.0
39,17,10.432,8.0,8.0,0.0,0,0,0,16.0,0.5,0.0,0,0.0
40,17,10.432,8.0,8.0,0.0,0,0,0,16.0,0.5,0.0,0,0.0
41,17,7.3024,8.0,8.0,0.0,0,0,0,16.0,0.5,0.0,0,0.3
42,17,10.432,8.0,8.0,0.0,0,0,0,16.0,0.5,0.0,0,0.0
43,17,10.432,8.0,8.0,0.0,0,0,0,16.0,0.5,0.0,0,0.0
44,17,10.432,8.0,0.0,0.0,0,0,0,8.0,1.0,0.0,0,0.0
45,17,10.432,8.0,8.0,0.0,0,0,0,16.0,0.5,0.0,0,0.0
46,17,10.432,8.0,8.0,0.0,0,0,0,16.0,0.5,0.0,0,0.0
47,17,10.432,8.0,8.0,0.0,0,0,0,16.0,0.5,0.0,0,0.0
48,17,6.23231956710396,4.779386171091994,11.220613828908007,0.0,0,0,0,16.0,0.2987116356932496,3.2206138289080064,1,0.0
49,17,10.432,8.0,8.0,0.0,0,0,0,16.0,0.5,0.0,0,0.0
50,17,7.3024,8.0,8.0,0.0,0,0,0,16.0,0.5,0.0,0,0.3
51,17,10.432,8.0,8.0,0.0,0,0,0,16.0,0.5,0.0,0,0.0
52,17,10.432,8.0,8.0,0.0,0,0,0,16.0,0.5,0.0,0,0.0
53,17,13.112,8.0,0.0,0.0,0,0,0,8.0,1.0,0.0,0,0.0
54,17,6.047053646431354,4.637311078551652,11.362688921448349,0.0,0,0,0,16.0,0.28983194240947824,3.362688921448348,1,0.0
55,17,10.432,8.0,8.0,0.0,0,0,0,16.0,0.5,0.0,0,0.0
56,17,10.432,8.0,8.0,0.0,0,0,0,16.0,0.5,0.0,0,0.0
57,17,9.948,8.0,8.0,0.0,0,0,0,16.0,0.5,0.0,0,0.0
58,17,9.948,8.0,8.0,0.0,0,0,0,16.0,0.5,0.0,0,0.0
59,17,9.948,8.0,0.0,0.0,0,0,0,8.0,1.0,0.0,0,0.0
60,17,9.948,8.0,0.0,0.0,0,0,0,8.0,1.0,0.0,0,0.0
61,17,9.948,8.0,8.0,0.0,0,0,0,16.0,0.5,0.0,0,0.0
62,17,10.432,8.0,8.0,0.0,0,0,0,16.0,0.5,0.0,0,0.0
63,17,13.112,8.0,0.0,0.0,0,0,0,8.0,1.0,0.0,0,0.0
64,17,10.432,8.0,8.0,0.0,0,0,0,16.0,0.5,0.0,0,0.0
65,17,13.112,8.0,0.0,0.0,0,0,0,8.0,1.0,0.0,0,0.0
66,17,13.112,8.0,0.0,0.0,0,0,0,8.0,1.0,0.0,0,0.0
67,17,10.432,8.0,8.0,0.0,0,0,0,16.0,0.5,0.0,0,0.0
68,17,10.432,8.0,8.0,0.0,0,0,0,16.0,0.5,0.0,0,0.0
69,17,10.432,8.0,8.0,0.0,0,0,0,16.0,0.5,0.0,0,0.0
70,17,10.432,8.0,8.0,0.0,0,0,0,16.0,0.5,0.0,0,0.0
71,17,7.3024,8.0,0.0,0.0,0,0,0,8.0,1.0,0.0,0,0.3
72,17,10.432,8.0,8.0,0.0,0,0,0,16.0,0.5,0.0,0,0.0
73,17,10.432,8.0,8.0,0.0,0,0,0,16.0,0.5,0.0,0,0.0
74,17,13.112,8.0,0.0,0.0,0,0,0,8.0,1.0,0.0,0,0.0
75,17,10.432,8.0,0.0,0.0,0,0,0,8.0,1.0,0.0,0,0.0
77,17,3.054888688777594,8.0,8.0,0.0,0,0,0,16.0,0.5,0.0,0,0.3
78,17,10.432,8.0,8.0,0.0,0,0,0,16.0,0.5,0.0,0,0.0
79,17,7.3024,8.0,8.0,0.0,0,0,0,16.0,0.5,0.0,0,0.3
80,17,10.432,8.0,8.0,0.0,0,0,0,16.0,0.5,0.0,0,0.0
81,17,10.432,8.0,8.0,0.0,0,0,0,16.0,0.5,0.0,0,0.0
82,17,13.112,8.0,0.0,0.0,0,0,0,8.0,1.0,0.0,0,0.0
83,17,10.432,8.0,8.0,0.0,0,0,0,16.0,0.5,0.0,0,0.0
84,17,10.432,8.0,8.0,0.0,0,0,0,16.0,0.5,0.0,0,0.0
85,17,10.432,8.0,8.0,0.0,0,0,0,16.0,0.5,0.0,0,0.0
86,17,10.432,8.0,8.0,0.0,0,0,0,16.0,0.5,0.0,0,0.0
87,17,6.453146586256512,8.0,8.0,0.0,0,0,0,16.0,0.5,0.0,0,0.0
88,17,7.3024,8.0,8.0,0.0,0,0,0,16.0,0.5,0.0,0,0.3
89,17,10.432,8.0,8.0,0.0,0,0,0,16.0,0.5,0.0,0,0.0
90,17,9.1784,8.0,0.0,0.0,0,0,0,8.0,1.0,0.0,0,0.3
91,17,10.432,8.0,8.0,0.0,0,0,0,16.0,0.5,0.0,0,0.0
92,17,9.1784,8.0,0.0,0.0,0,0,0,8.0,1.0,0.0,0,0.3
93,17,10.432,8.0,0.0,0.0,0,0,0,8.0,1.0,0.0,0,0.0
94,17,10.432,8.0,8.0,0.0,0,0,0,16.0,0.5,0.0,0,0.0
95,17,7.3024,8.0,8.0,0.0,0,0,0,16.0,0.5,0.0,0,0.3
96,17,10.432,8.0,8.0,0.0,0,0,0,16.0,0.5,0.0,0,0.0
97,17,10.432,8.0,8.0,0.0,0,0,0,16.0,0.5,0.0,0,0.0
98,17,2.9200498158936488,2.2393020060534115,13.76069799394659,0.0,0,0,0,16.0,0.13995637537833822,5.7606979939465885,1,0.0
99,17,10.432,8.0,8.0,0.0,0,0,0,16.0,0.5,0.0,0,0.0
100,17,0.0,0.0,16.0,0.0,0,0,0,16.0,0.0,0.0,0,0.0
101,17,8.299,8.0,8.0,0.0,0,0,0,16.0,0.5,0.0,0,0.0
102,17,8.299,8.0,0.0,0.0,0,0,0,8.0,1.0,0.0,0,0.0
103,17,8.299,8.0,8.0,0.0,0,0,0,16.0,0.5,0.0,0,0.0
104,17,5.8092999999999995,8.0,8.0,0.0,0,0,0,16.0,0.5,0.0,0,0.3
105,17,8.299,8.0,8.0,0.0,0,0,0,16.0,0.5,0.0,0,0.0
106,17,4.953457370293057,8.0,8.0,0.0,0,0,0,16.0,0.5,0.0,0,0.0
107,17,0.0,0.0,16.0,0.0,0,0,0,16.0,0.0,0.0,0,0.0
108,17,0.0,0.0,16.0,0.0,0,0,0,16.0,0.0,0.0,0,0.0
109,17,0.0,0.0,16.0,0.0,0,0,0,16.0,0.0,0.0,0,0.0
110,17,0.0,0.0,16.0,0.0,0,0,0,16.0,0.0,0.0,0,0.0
111,17,0.0,0.0,16.0,0.0,0,0,0,16.0,0.0,0.0,0,0.0
112,17,0.0,0.0,16.0,0.0,0,0,0,16.0,0.0,0.0,0,0.0
1,18,0.0,0.0,16.0,0.0,0,0,0,16.0,0.0,0.0,0,0.0
2,18,0.0,0.0,16.0,0.0,0,0,0,16.0,0.0,0.0,0,0.0
3,18,0.0,0.0,16.0,0.0,0,0,0,16.0,0.0,0.0,0,0.0
4,18,0.0,0.0,16.0,0.0,0,0,0,16.0,0.0,0.0,0,0.0
5,18,0.0,0.0,16.0,0.0,0,0,0,16.0,0.0,0.0,0,0.0
6,18,0.0,0.0,16.0,0.0,0,0,0,16.0,0.0,0.0,0,0.0
7,18,0.0,0.0,16.0,0.0,0,0,0,16.0,0.0,0.0,0,0.0
8,18,0.0,0.0,16.0,0.0,0,0,0,16.0,0.0,0.0,0,0.0
9,18,0.0,0.0,16.0,0.0,0,0,0,16.0,0.0,0.0,0,0.0
10,18,0.0,0.0,16.0,0.0,0,0,0,16.0,0.0,0.0,0,0.0
11,18,0.0,0.0,8.0,0.0,0,0,0,8.0,0.0,0.0,0,0.0
12,18,8.319,8.0,8.0,0.0,0,0,0,16.0,0.5,0.0,0,0.0
13,18,0.0,0.0,16.0,0.0,0,0,0,16.0,0.0,0.0,0,0.0
14,18,0.0,0.0,16.0,0.0,0,0,0,16.0,0.0,0.0,0,0.0
15,18,0.0,0.0,16.0,0.0,0,0,0,16.0,0.0,0.0,0,0.0
16,18,0.0,0.0,16.0,0.0,0,0,0,16.0,0.0,0.0,0,0.0
17,18,0.0,0.0,8.0,0.0,0,0,0,8.0,0.0,0.0,0,0.0
18,18,0.0,0.0,16.0,0.0,0,0,0,16.0,0.0,0.0,0,0.0
19,18,0.0,0.0,16.0,0.0,0,0,0,16.0,0.0,0.0,0,0.0
20,18,0.0,0.0,8.0,0.0,0,0,0,8.0,0.0,0.0,0,0.0
21,18,0.0,0.0,8.0,0.0,0,0,0,8.0,0.0,0.0,0,0.0
22,18,0.0,0.0,16.0,0.0,0,0,0,16.0,0.0,0.0,0,0.0
23,18,0.0,0.0,16.0,0.0,0,0,0,16.0,0.0,0.0,0,0.0
24,18,0.0,0.0,16.0,0.0,0,0,0,16.0,0.0,0.0,0,0.0
25,18,0.0,0.0,16.0,0.0,0,0,0,16.0,0.0,0.0,0,0.0
26,18,0.0,0.0,16.0,0.0,0,0,0,16.0,0.0,0.0,0,0.0
27,18,0.0,0.0,16.0,0.0,0,0,0,16.0,0.0,0.0,0,0.0
28,18,0.0,0.0,16.0,0.0,0,0,0,16.0,0.0,0.0,0,0.0
29,18,0.0,0.0,16.0,0.0,0,0,0,16.0,0.0,0.0,0,0.0
30,18,0.0,0.0,16.0,0.0,0,0,0,16.0,0.0,0.0,0,0.0
31,18,0.0,0.0,16.0,0.0,0,0,0,16.0,0.0,0.0,0,0.0
32,18,0.0,0.0,16.0,0.0,0,0,0,16.0,0.0,0.0,0,0.0
33,18,0.0,0.0,16.0,0.0,0,0,0,16.0,0.0,0.0,0,0.0
34,18,0.0,0.0,16.0,0.0,0,0,0,16.0,0.0,0.0,0,0.0
35,18,0.0,0.0,8.0,0.0,0,0,0,8.0,0.0,0.0,0,0.0
36,18,0.0,0.0,16.0,0.0,0,0,0,16.0,0.0,0.0,0,0.0
37,18,10.432,8.0,8.0,0.0,0,0,0,16.0,0.5,0.0,0,0.0
38,18,6.261822446842215,4.802011078866729,11.19798892113327,0.0,0,0,0,16.0,0.3001256924291706,3.1979889211332706,1,0.0
39,18,10.432,8.0,8.0,0.0,0,0,0,16.0,0.5,0.0,0,0.0
40,18,10.432,8.0,8.0,0.0,0,0,0,16.0,0.5,0.0,0,0.0
41,18,10.432,8.0,8.0,0.0,0,0,0,16.0,0.5,0.0,0,0.0
42,18,10.432,8.0,8.0,0.0,0,0,0,16.0,0.5,0.0,0,0.0
43,18,10.432,8.0,8.0,0.0,0,0,0,16.0,0.5,0.0,0,0.0
44,18,10.432,8.0,0.0,0.0,0,0,0,8.0,1.0,0.0,0,0.0
45,18,10.432,8.0,8.0,0.0,0,0,0,16.0,0.5,0.0,0,0.0
46,18,10.432,8.0,8.0,0.0,0,0,0,16.0,0.5,0.0,0,0.0
47,18,10.432,8.0,8.0,0.0,0,0,0,16.0,0.5,0.0,0,0.0
48,18,10.432,8.0,8.0,0.0,0,0,0,16.0,0.5,0.0,0,0.0
49,18,10.432,8.0,8.0,0.0,0,0,0,16.0,0.5,0.0,0,0.0
50,18,10.432,8.0,8.0,0.0,0,0,0,16.0,0.5,0.0,0,0.0
51,18,10.432,8.0,8.0,0.0,0,0,0,16.0,0.5,0.0,0,0.0
52,18,7.3024,8.0,8.0,0.0,0,0,0,16.0,0.5,0.0,0,0.3
53,18,13.112,8.0,0.0,0.0,0,0,0,8.0,1.0,0.0,0,0.0
54,18,7.3024,8.0,8.0,0.0,0,0,0,16.0,0.5,0.0,0,0.3
55,18,10.432,8.0,8.0,0.0,0,0,0,16.0,0.5,0.0,0,0.0
56,18,5.641987972302642,8.0,8.0,0.0,0,0,0,16.0,0.5,0.0,0,0.0
57,18,9.948,8.0,8.0,0.0,0,0,0,16.0,0.5,0.0,0,0.0
58,18,9.948,8.0,8.0,0.0,0,0,0,16.0,0.5,0.0,0,0.0
59,18,9.948,8.0,0.0,0.0,0,0,0,8.0,1.0,0.0,0,0.0
60,18,9.948,8.0,0.0,0.0,0,0,0,8.0,1.0,0.0,0,0.0
61,18,9.948,8.0,8.0,0.0,0,0,0,16.0,0.5,0.0,0,0.0
62,18,10.432,8.0,8.0,0.0,0,0,0,16.0,0.5,0.0,0,0.0
63,18,13.112,8.0,0.0,0.0,0,0,0,8.0,1.0,0.0,0,0.0
64,18,10.432,8.0,8.0,0.0,0,0,0,16.0,0.5,0.0,0,0.0
65,18,4.451393994108646,2.715920679749021,5.284079320250979,0.0,0,0,0,8.0,0.33949008496862765,5.284079320250979,1,0.0
66,18,13.112,8.0,0.0,0.0,0,0,0,8.0,1.0,0.0,0,0.0
67,18,7.3024,8.0,8.0,0.0,0,0,0,16.0,0.5,0.0,0,0.3
68,18,10.432,8.0,8.0,0.0,0,0,0,16.0,0.5,0.0,0,0.0
69,18,10.432,8.0,8.0,0.0,0,0,0,16.0,0.5,0.0,0,0.0
70,18,10.432,8.0,8.0,0.0,0,0,0,16.0,0.5,0.0,0,0.0
71,18,10.432,8.0,0.0,0.0,0,0,0,8.0,1.0,0.0,0,0.0
72,18,6.826138741524617,5.234768973561823,10.765231026438176,0.0,0,0,0,16.0,0.32717306084761394,2.765231026438177,1,0.0
73,18,7.3024,8.0,8.0,0.0,0,0,0,16.0,0.5,0.0,0,0.3
74,18,13.112,8.0,0.0,0.0,0,0,0,8.0,1.0,0.0,0,0.0
75,18,10.432,8.0,0.0,0.0,0,0,0,8.0,1.0,0.0,0,0.0
77,18,7.3024,8.0,8.0,0.0,0,0,0,16.0,0.5,0.0,0,0.3
78,18,10.432,8.0,8.0,0.0,0,0,0,16.0,0.5,0.0,0,0.0
79,18,10.432,8.0,8.0,0.0,0,0,0,16.0,0.5,0.0,0,0.0
80,18,10.432,8.0,8.0,0.0,0,0,0,16.0,0.5,0.0,0,0.0
81,18,7.3024,8.0,8.0,0.0,0,0,0,16.0,0.5,0.0,0,0.3
82,18,13.112,8.0,0.0,0.0,0,0,0,8.0,1.0,0.0,0,0.0
83,18,6.8854866945953,8.0,8.0,0.0,0,0,0,16.0,0.5,0.0,0,0.0
84,18,10.432,8.0,8.0,0.0,0,0,0,16.0,0.5,0.0,0,0.0
85,18,10.432,8.0,8.0,0.0,0,0,0,16.0,0.5,0.0,0,0.0
86,18,10.432,8.0,8.0,0.0,0,0,0,16.0,0.5,0.0,0,0.0
87,18,7.3024,8.0,8.0,0.0,0,0,0,16.0,0.5,0.0,0,0.3
88,18,7.3024,8.0,8.0,0.0,0,0,0,16.0,0.5,0.0,0,0.3
89,18,5.5701640065931715,4.271598164565315,11.728401835434685,0.0,0,0,0,16.0,0.2669748852853322,3.7284018354346844,1,0.0
90,18,13.112,8.0,0.0,0.0,0,0,0,8.0,1.0,0.0,0,0.0
91,18,1.4426957804195972,1.580516849714721,14.419483150285279,0.0,0,0,0,16.0,0.09878230310717007,6.419483150285279,1,0.3
92,18,13.112,8.0,0.0,0.0,0,0,0,8.0,1.0,0.0,0,0.0
93,18,10.432,8.0,0.0,0.0,0,0,0,8.0,1.0,0.0,0,0.0
94,18,10.432,8.0,8.0,0.0,0,0,0,16.0,0.5,0.0,0,0.0
95,18,10.432,8.0,8.0,0.0,0,0,0,16.0,0.5,0.0,0,0.0
96,18,7.78250165238602,5.96817611379296,10.03182388620704,0.0,0,0,0,16.0,0.37301100711206,2.0318238862070404,1,0.0
97,18,10.432,8.0,8.0,0.0,0,0,0,16.0,0.5,0.0,0,0.0
98,18,10.432,8.0,8.0,0.0,0,0,0,16.0,0.5,0.0,0,0.0
99,18,10.432,8.0,8.0,0.0,0,0,0,16.0,0.5,0.0,0,0.0
100,18,0.0,0.0,16.0,0.0,0,0,0,16.0,0.0,0.0,0,0.0
101,18,8.299,8.0,8.0,0.0,0,0,0,16.0,0.5,0.0,0,0.0
102,18,8.299,8.0,0.0,0.0,0,0,0,8.0,1.0,0.0,0,0.0
103,18,8.299,8.0,8.0,0.0,0,0,0,16.0,0.5,0.0,0,0.0
104,18,8.299,8.0,8.0,0.0,0,0,0,16.0,0.5,0.0,0,0.0
105,18,8.299,8.0,8.0,0.0,0,0,0,16.0,0.5,0.0,0,0.0
106,18,8.299,8.0,8.0,0.0,0,0,0,16.0,0.5,0.0,0,0.0
107,18,0.0,0.0,16.0,0.0,0,0,0,16.0,0.0,0.0,0,0.0
108,18,0.0,0.0,16.0,0.0,0,0,0,16.0,0.0,0.0,0,0.0
109,18,0.0,0.0,16.0,0.0,0,0,0,16.0,0.0,0.0,0,0.0
110,18,0.0,0.0,16.0,0.0,0,0,0,16.0,0.0,0.0,0,0.0
111,18,0.0,0.0,16.0,0.0,0,0,0,16.0,0.0,0.0,0,0.0
112,18,0.0,0.0,16.0,0.0,0,0,0,16.0,0.0,0.0,0,0.0
1,19,0.0,0.0,16.0,0.0,0,0,0,16.0,0.0,0.0,0,0.0
2,19,0.0,0.0,16.0,0.0,0,0,0,16.0,0.0,0.0,0,0.0
3,19,0.0,0.0,16.0,0.0,0,0,0,16.0,0.0,0.0,0,0.0
4,19,0.0,0.0,16.0,0.0,0,0,0,16.0,0.0,0.0,0,0.0
5,19,0.0,0.0,16.0,0.0,0,0,0,16.0,0.0,0.0,0,0.0
6,19,0.0,0.0,16.0,0.0,0,0,0,16.0,0.0,0.0,0,0.0
7,19,0.0,0.0,16.0,0.0,0,0,0,16.0,0.0,0.0,0,0.0
8,19,0.0,0.0,16.0,0.0,0,0,0,16.0,0.0,0.0,0,0.0
9,19,0.0,0.0,16.0,0.0,0,0,0,16.0,0.0,0.0,0,0.0
10,19,0.0,0.0,16.0,0.0,0,0,0,16.0,0.0,0.0,0,0.0
11,19,0.0,0.0,8.0,0.0,0,0,0,8.0,0.0,0.0,0,0.0
12,19,4.845006089370006,7.367797054303448,8.632202945696552,0.0,0,0,0,16.0,0.4604873158939655,0.6322029456965517,1,0.0
13,19,0.0,0.0,16.0,0.0,0,0,0,16.0,0.0,0.0,0,0.0
14,19,0.0,0.0,16.0,0.0,0,0,0,16.0,0.0,0.0,0,0.0
15,19,0.0,0.0,16.0,0.0,0,0,0,16.0,0.0,0.0,0,0.0
16,19,0.0,0.0,16.0,0.0,0,0,0,16.0,0.0,0.0,0,0.0
17,19,0.0,0.0,8.0,0.0,0,0,0,8.0,0.0,0.0,0,0.0
18,19,0.0,0.0,16.0,0.0,0,0,0,16.0,0.0,0.0,0,0.0
19,19,0.0,0.0,16.0,0.0,0,0,0,16.0,0.0,0.0,0,0.0
20,19,0.0,0.0,8.0,0.0,0,0,0,8.0,0.0,0.0,0,0.0
21,19,0.0,0.0,8.0,0.0,0,0,0,8.0,0.0,0.0,0,0.0
22,19,0.0,0.0,16.0,0.0,0,0,0,16.0,0.0,0.0,0,0.0
23,19,0.0,0.0,16.0,0.0,0,0,0,16.0,0.0,0.0,0,0.0
24,19,0.0,0.0,16.0,0.0,0,0,0,16.0,0.0,0.0,0,0.0
25,19,0.0,0.0,16.0,0.0,0,0,0,16.0,0.0,0.0,0,0.0
26,19,0.0,0.0,16.0,0.0,0,0,0,16.0,0.0,0.0,0,0.0
27,19,0.0,0.0,16.0,0.0,0,0,0,16.0,0.0,0.0,0,0.0
28,19,0.0,0.0,16.0,0.0,0,0,0,16.0,0.0,0.0,0,0.0
29,19,0.0,0.0,16.0,0.0,0,0,0,16.0,0.0,0.0,0,0.0
30,19,0.0,0.0,16.0,0.0,0,0,0,16.0,0.0,0.0,0,0.0
31,19,0.0,0.0,16.0,0.0,0,0,0,16.0,0.0,0.0,0,0.0
32,19,0.0,0.0,16.0,0.0,0,0,0,16.0,0.0,0.0,0,0.0
33,19,0.0,0.0,16.0,0.0,0,0,0,16.0,0.0,0.0,0,0.0
34,19,0.0,0.0,16.0,0.0,0,0,0,16.0,0.0,0.0,0,0.0
35,19,0.0,0.0,8.0,0.0,0,0,0,8.0,0.0,0.0,0,0.0
36,19,0.0,0.0,16.0,0.0,0,0,0,16.0,0.0,0.0,0,0.0
37,19,10.432,8.0,8.0,0.0,0,0,0,16.0,0.5,0.0,0,0.0
38,19,10.432,8.0,8.0,0.0,0,0,0,16.0,0.5,0.0,0,0.0
39,19,10.432,8.0,8.0,0.0,0,0,0,16.0,0.5,0.0,0,0.0
40,19,10.432,8.0,8.0,0.0,0,0,0,16.0,0.5,0.0,0,0.0
41,19,10.432,8.0,8.0,0.0,0,0,0,16.0,0.5,0.0,0,0.0
42,19,10.432,8.0,8.0,0.0,0,0,0,16.0,0.5,0.0,0,0.0
43,19,6.959149485257308,8.0,8.0,0.0,0,0,0,16.0,0.5,0.0,0,0.0
44,19,10.432,8.0,0.0,0.0,0,0,0,8.0,1.0,0.0,0,0.0
45,19,10.432,8.0,8.0,0.0,0,0,0,16.0,0.5,0.0,0,0.0
46,19,10.432,8.0,8.0,0.0,0,0,0,16.0,0.5,0.0,0,0.0
47,19,10.432,8.0,8.0,0.0,0,0,0,16.0,0.5,0.0,0,0.0
48,19,10.432,8.0,8.0,0.0,0,0,0,16.0,0.5,0.0,0,0.0
49,19,10.432,8.0,8.0,0.0,0,0,0,16.0,0.5,0.0,0,0.0
50,19,10.432,8.0,8.0,0.0,0,0,0,16.0,0.5,0.0,0,0.0
51,19,10.432,8.0,8.0,0.0,0,0,0,16.0,0.5,0.0,0,0.0
52,19,10.432,8.0,8.0,0.0,0,0,0,16.0,0.5,0.0,0,0.0
53,19,13.112,8.0,0.0,0.0,0,0,0,8.0,1.0,0.0,0,0.0
54,19,10.432,8.0,8.0,0.0,0,0,0,16.0,0.5,0.0,0,0.0
55,19,10.432,8.0,8.0,0.0,0,0,0,16.0,0.5,0.0,0,0.0
56,19,10.432,8.0,8.0,0.0,0,0,0,16.0,0.5,0.0,0,0.0
57,19,9.948,8.0,8.0,0.0,0,0,0,16.0,0.5,0.0,0,0.0
58,19,9.948,8.0,8.0,0.0,0,0,0,16.0,0.5,0.0,0,0.0
59,19,9.948,8.0,0.0,0.0,0,0,0,8.0,1.0,0.0,0,0.0
60,19,9.948,8.0,0.0,0.0,0,0,0,8.0,1.0,0.0,0,0.0
61,19,9.948,8.0,8.0,0.0,0,0,0,16.0,0.5,0.0,0,0.0
62,19,10.432,8.0,8.0,0.0,0,0,0,16.0,0.5,0.0,0,0.0
63,19,13.112,8.0,0.0,0.0,0,0,0,8.0,1.0,0.0,0,0.0
64,19,10.432,8.0,8.0,0.0,0,0,0,16.0,0.5,0.0,0,0.0
65,19,9.1784,8.0,0.0,0.0,0,0,0,8.0,1.0,0.0,0,0.3
66,19,13.112,8.0,0.0,0.0,0,0,0,8.0,1.0,0.0,0,0.0
67,19,10.432,8.0,8.0,0.0,0,0,0,16.0,0.5,0.0,0,0.0
68,19,10.432,8.0,8.0,0.0,0,0,0,16.0,0.5,0.0,0,0.0
69,19,10.432,8.0,8.0,0.0,0,0,0,16.0,0.5,0.0,0,0.0
70,19,10.432,8.0,8.0,0.0,0,0,0,16.0,0.5,0.0,0,0.0
71,19,10.432,8.0,0.0,0.0,0,0,0,8.0,1.0,0.0,0,0.0
72,19,10.432,8.0,8.0,0.0,0,0,0,16.0,0.5,0.0,0,0.0
73,19,10.432,8.0,8.0,0.0,0,0,0,16.0,0.5,0.0,0,0.0
74,19,13.112,8.0,0.0,0.0,0,0,0,8.0,1.0,0.0,0,0.0
75,19,10.432,8.0,0.0,0.0,0,0,0,8.0,1.0,0.0,0,0.0
77,19,10.432,8.0,8.0,0.0,0,0,0,16.0,0.5,0.0,0,0.0
78,19,10.432,8.0,8.0,0.0,0,0,0,16.0,0.5,0.0,0,0.0
79,19,10.432,8.0,8.0,0.0,0,0,0,16.0,0.5,0.0,0,0.0
80,19,6.990215288264774,8.0,8.0,0.0,0,0,0,16.0,0.5,0.0,0,0.0
81,19,10.432,8.0,8.0,0.0,0,0,0,16.0,0.5,0.0,0,0.0
82,19,13.112,8.0,0.0,0.0,0,0,0,8.0,1.0,0.0,0,0.0
83,19,7.3024,8.0,8.0,0.0,0,0,0,16.0,0.5,0.0,0,0.3
84,19,10.432,8.0,8.0,0.0,0,0,0,16.0,0.5,0.0,0,0.0
85,19,10.432,8.0,8.0,0.0,0,0,0,16.0,0.5,0.0,0,0.0
86,19,10.432,8.0,8.0,0.0,0,0,0,16.0,0.5,0.0,0,0.0
87,19,10.432,8.0,8.0,0.0,0,0,0,16.0,0.5,0.0,0,0.0
88,19,7.3024,8.0,8.0,0.0,0,0,0,16.0,0.5,0.0,0,0.3
89,19,10.432,8.0,8.0,0.0,0,0,0,16.0,0.5,0.0,0,0.0
90,19,13.112,8.0,0.0,0.0,0,0,0,8.0,1.0,0.0,0,0.0
91,19,10.432,8.0,8.0,0.0,0,0,0,16.0,0.5,0.0,0,0.0
92,19,13.112,8.0,0.0,0.0,0,0,0,8.0,1.0,0.0,0,0.0
93,19,10.432,8.0,0.0,0.0,0,0,0,8.0,1.0,0.0,0,0.0
94,19,10.432,8.0,8.0,0.0,0,0,0,16.0,0.5,0.0,0,0.0
95,19,10.432,8.0,8.0,0.0,0,0,0,16.0,0.5,0.0,0,0.0
96,19,10.432,8.0,8.0,0.0,0,0,0,16.0,0.5,0.0,0,0.0
97,19,10.432,8.0,8.0,0.0,0,0,0,16.0,0.5,0.0,0,0.0
98,19,10.432,8.0,8.0,0.0,0,0,0,16.0,0.5,0.0,0,0.0
99,19,10.432,8.0,8.0,0.0,0,0,0,16.0,0.5,0.0,0,0.0
100,19,0.0,0.0,16.0,0.0,0,0,0,16.0,0.0,0.0,0,0.0
101,19,8.299,8.0,8.0,0.0,0,0,0,16.0,0.5,0.0,0,0.0
102,19,5.496692842613617,5.2986555899396235,2.7013444100603765,0.0,0,0,0,8.0,0.6623319487424529,2.7013444100603765,1,0.0
103,19,8.299,8.0,8.0,0.0,0,0,0,16.0,0.5,0.0,0,0.0
104,19,8.299,8.0,8.0,0.0,0,0,0,16.0,0.5,0.0,0,0.0
105,19,8.299,8.0,8.0,0.0,0,0,0,16.0,0.5,0.0,0,0.0
106,19,8.299,8.0,8.0,0.0,0,0,0,16.0,0.5,0.0,0,0.0
107,19,0.0,0.0,16.0,0.0,0,0,0,16.0,0.0,0.0,0,0.0
108,19,0.0,0.0,16.0,0.0,0,0,0,16.0,0.0,0.0,0,0.0
109,19,0.0,0.0,16.0,0.0,0,0,0,16.0,0.0,0.0,0,0.0
110,19,0.0,0.0,16.0,0.0,0,0,0,16.0,0.0,0.0,0,0.0
111,19,0.0,0.0,16.0,0.0,0,0,0,16.0,0.0,0.0,0,0.0
112,19,0.0,0.0,16.0,0.0,0,0,0,16.0,0.0,0.0,0,0.0
1,20,0.0,0.0,16.0,0.0,0,0,0,16.0,0.0,0.0,0,0.0
2,20,0.0,0.0,16.0,0.0,0,0,0,16.0,0.0,0.0,0,0.0
3,20,0.0,0.0,16.0,0.0,0,0,0,16.0,0.0,0.0,0,0.0
4,20,0.0,0.0,16.0,0.0,0,0,0,16.0,0.0,0.0,0,0.0
5,20,0.0,0.0,16.0,0.0,0,0,0,16.0,0.0,0.0,0,0.0
6,20,0.0,0.0,16.0,0.0,0,0,0,16.0,0.0,0.0,0,0.0
7,20,0.0,0.0,16.0,0.0,0,0,0,16.0,0.0,0.0,0,0.0
8,20,0.0,0.0,16.0,0.0,0,0,0,16.0,0.0,0.0,0,0.0
9,20,0.0,0.0,16.0,0.0,0,0,0,16.0,0.0,0.0,0,0.0
10,20,0.0,0.0,16.0,0.0,0,0,0,16.0,0.0,0.0,0,0.0
11,20,0.0,0.0,8.0,0.0,0,0,0,8.0,0.0,0.0,0,0.0
12,20,8.319,8.0,8.0,0.0,0,0,0,16.0,0.5,0.0,0,0.0
13,20,0.0,0.0,16.0,0.0,0,0,0,16.0,0.0,0.0,0,0.0
14,20,0.0,0.0,16.0,0.0,0,0,0,16.0,0.0,0.0,0,0.0
15,20,0.0,0.0,16.0,0.0,0,0,0,16.0,0.0,0.0,0,0.0
16,20,0.0,0.0,16.0,0.0,0,0,0,16.0,0.0,0.0,0,0.0
17,20,0.0,0.0,8.0,0.0,0,0,0,8.0,0.0,0.0,0,0.0
18,20,0.0,0.0,16.0,0.0,0,0,0,16.0,0.0,0.0,0,0.0
19,20,0.0,0.0,16.0,0.0,0,0,0,16.0,0.0,0.0,0,0.0
20,20,0.0,0.0,8.0,0.0,0,0,0,8.0,0.0,0.0,0,0.0
21,20,0.0,0.0,8.0,0.0,0,0,0,8.0,0.0,0.0,0,0.0
22,20,0.0,0.0,16.0,0.0,0,0,0,16.0,0.0,0.0,0,0.0
23,20,0.0,0.0,16.0,0.0,0,0,0,16.0,0.0,0.0,0,0.0
24,20,0.0,0.0,16.0,0.0,0,0,0,16.0,0.0,0.0,0,0.0
25,20,0.0,0.0,16.0,0.0,0,0,0,16.0,0.0,0.0,0,0.0
26,20,0.0,0.0,16.0,0.0,0,0,0,16.0,0.0,0.0,0,0.0
27,20,0.0,0.0,16.0,0.0,0,0,0,16.0,0.0,0.0,0,0.0
28,20,0.0,0.0,16.0,0.0,0,0,0,16.0,0.0,0.0,0,0.0
29,20,0.0,0.0,16.0,0.0,0,0,0,16.0,0.0,0.0,0,0.0
30,20,0.0,0.0,16.0,0.0,0,0,0,16.0,0.0,0.0,0,0.0
31,20,0.0,0.0,16.0,0.0,0,0,0,16.0,0.0,0.0,0,0.0
32,20,0.0,0.0,16.0,0.0,0,0,0,16.0,0.0,0.0,0,0.0
33,20,0.0,0.0,16.0,0.0,0,0,0,16.0,0.0,0.0,0,0.0
34,20,0.0,0.0,16.0,0.0,0,0,0,16.0,0.0,0.0,0,0.0
35,20,0.0,0.0,8.0,0.0,0,0,0,8.0,0.0,0.0,0,0.0
36,20,0.0,0.0,16.0,0.0,0,0,0,16.0,0.0,0.0,0,0.0
37,20,10.432,8.0,8.0,0.0,0,0,0,16.0,0.5,0.0,0,0.0
38,20,10.432,8.0,8.0,0.0,0,0,0,16.0,0.5,0.0,0,0.0
39,20,10.432,8.0,8.0,0.0,0,0,0,16.0,0.5,0.0,0,0.0
40,20,4.910264313319922,8.0,8.0,0.0,0,0,0,16.0,0.5,0.0,0,0.0
41,20,10.432,8.0,8.0,0.0,0,0,0,16.0,0.5,0.0,0,0.0
42,20,10.432,8.0,8.0,0.0,0,0,0,16.0,0.5,0.0,0,0.0
43,20,10.432,8.0,8.0,0.0,0,0,0,16.0,0.5,0.0,0,0.0
44,20,10.432,8.0,0.0,0.0,0,0,0,8.0,1.0,0.0,0,0.0
45,20,10.432,8.0,8.0,0.0,0,0,0,16.0,0.5,0.0,0,0.0
46,20,10.432,8.0,8.0,0.0,0,0,0,16.0,0.5,0.0,0,0.0
47,20,10.432,8.0,8.0,0.0,0,0,0,16.0,0.5,0.0,0,0.0
48,20,10.432,8.0,8.0,0.0,0,0,0,16.0,0.5,0.0,0,0.0
49,20,7.3024,8.0,8.0,0.0,0,0,0,16.0,0.5,0.0,0,0.3
50,20,10.432,8.0,8.0,0.0,0,0,0,16.0,0.5,0.0,0,0.0
51,20,10.432,8.0,8.0,0.0,0,0,0,16.0,0.5,0.0,0,0.0
52,20,10.432,8.0,8.0,0.0,0,0,0,16.0,0.5,0.0,0,0.0
53,20,9.1784,8.0,0.0,0.0,0,0,0,8.0,1.0,0.0,0,0.3
54,20,10.432,8.0,8.0,0.0,0,0,0,16.0,0.5,0.0,0,0.0
55,20,10.432,8.0,8.0,0.0,0,0,0,16.0,0.5,0.0,0,0.0
56,20,10.432,8.0,8.0,0.0,0,0,0,16.0,0.5,0.0,0,0.0
57,20,9.948,8.0,8.0,0.0,0,0,0,16.0,0.5,0.0,0,0.0
58,20,9.948,8.0,8.0,0.0,0,0,0,16.0,0.5,0.0,0,0.0
59,20,9.948,8.0,0.0,0.0,0,0,0,8.0,1.0,0.0,0,0.0
60,20,3.050217177533651,3.504184246692689,4.495815753307311,0.0,0,0,0,8.0,0.4380230308365861,4.495815753307311,1,0.3
61,20,9.948,8.0,8.0,0.0,0,0,0,16.0,0.5,0.0,0,0.0
62,20,10.432,8.0,8.0,0.0,0,0,0,16.0,0.5,0.0,0,0.0
63,20,13.112,8.0,0.0,0.0,0,0,0,8.0,1.0,0.0,0,0.0
64,20,10.432,8.0,8.0,0.0,0,0,0,16.0,0.5,0.0,0,0.0
65,20,13.112,8.0,0.0,0.0,0,0,0,8.0,1.0,0.0,0,0.0
66,20,13.112,8.0,0.0,0.0,0,0,0,8.0,1.0,0.0,0,0.0
67,20,10.432,8.0,8.0,0.0,0,0,0,16.0,0.5,0.0,0,0.0
68,20,10.432,8.0,8.0,0.0,0,0,0,16.0,0.5,0.0,0,0.0
69,20,10.432,8.0,8.0,0.0,0,0,0,16.0,0.5,0.0,0,0.0
70,20,10.432,8.0,8.0,0.0,0,0,0,16.0,0.5,0.0,0,0.0
71,20,10.432,8.0,0.0,0.0,0,0,0,8.0,1.0,0.0,0,0.0
72,20,10.432,8.0,8.0,0.0,0,0,0,16.0,0.5,0.0,0,0.0
73,20,10.432,8.0,8.0,0.0,0,0,0,16.0,0.5,0.0,0,0.0
74,20,13.112,8.0,0.0,0.0,0,0,0,8.0,1.0,0.0,0,0.0
75,20,10.432,8.0,0.0,0.0,0,0,0,8.0,1.0,0.0,0,0.0
77,20,10.432,8.0,8.0,0.0,0,0,0,16.0,0.5,0.0,0,0.0
78,20,5.376373262270206,4.122985630575311,11.877014369424689,0.0,0,0,0,16.0,0.25768660191095694,3.877014369424689,1,0.0
79,20,10.432,8.0,8.0,0.0,0,0,0,16.0,0.5,0.0,0,0.0
80,20,10.432,8.0,8.0,0.0,0,0,0,16.0,0.5,0.0,0,0.0
81,20,10.432,8.0,8.0,0.0,0,0,0,16.0,0.5,0.0,0,0.0
82,20,13.112,8.0,0.0,0.0,0,0,0,8.0,1.0,0.0,0,0.0
83,20,10.432,8.0,8.0,0.0,0,0,0,16.0,0.5,0.0,0,0.0
84,20,4.451616316745357,4.87688027689018,11.12311972310982,0.0,0,0,0,16.0,0.30480501730563625,3.1231197231098196,1,0.3
85,20,10.432,8.0,8.0,0.0,0,0,0,16.0,0.5,0.0,0,0.0
86,20,10.432,8.0,8.0,0.0,0,0,0,16.0,0.5,0.0,0,0.0
87,20,10.432,8.0,8.0,0.0,0,0,0,16.0,0.5,0.0,0,0.0
88,20,7.080217205513765,8.0,8.0,0.0,0,0,0,16.0,0.5,0.0,0,0.0
89,20,6.035092936782311,8.0,8.0,0.0,0,0,0,16.0,0.5,0.0,0,0.0
90,20,13.112,8.0,0.0,0.0,0,0,0,8.0,1.0,0.0,0,0.0
91,20,10.432,8.0,8.0,0.0,0,0,0,16.0,0.5,0.0,0,0.0
92,20,13.112,8.0,0.0,0.0,0,0,0,8.0,1.0,0.0,0,0.0
93,20,10.432,8.0,0.0,0.0,0,0,0,8.0,1.0,0.0,0,0.0
94,20,10.432,8.0,8.0,0.0,0,0,0,16.0,0.5,0.0,0,0.0
95,20,10.432,8.0,8.0,0.0,0,0,0,16.0,0.5,0.0,0,0.0
96,20,2.696820142812154,2.068113606451038,13.931886393548961,0.0,0,0,0,16.0,0.12925710040318988,5.931886393548962,1,0.0
97,20,7.3024,8.0,8.0,0.0,0,0,0,16.0,0.5,0.0,0,0.3
98,20,10.432,8.0,8.0,0.0,0,0,0,16.0,0.5,0.0,0,0.0
99,20,10.432,8.0,8.0,0.0,0,0,0,16.0,0.5,0.0,0,0.0
100,20,0.0,0.0,16.0,0.0,0,0,0,16.0,0.0,0.0,0,0.0
101,20,8.299,8.0,8.0,0.0,0,0,0,16.0,0.5,0.0,0,0.0
102,20,8.299,8.0,0.0,0.0,0,0,0,8.0,1.0,0.0,0,0.0
103,20,8.299,8.0,8.0,0.0,0,0,0,16.0,0.5,0.0,0,0.0
104,20,8.299,8.0,8.0,0.0,0,0,0,16.0,0.5,0.0,0,0.0
105,20,8.299,8.0,8.0,0.0,0,0,0,16.0,0.5,0.0,0,0.0
106,20,8.299,8.0,8.0,0.0,0,0,0,16.0,0.5,0.0,0,0.0
107,20,0.0,0.0,16.0,0.0,0,0,0,16.0,0.0,0.0,0,0.0
108,20,0.0,0.0,16.0,0.0,0,0,0,16.0,0.0,0.0,0,0.0
109,20,0.0,0.0,16.0,0.0,0,0,0,16.0,0.0,0.0,0,0.0
110,20,0.0,0.0,16.0,0.0,0,0,0,16.0,0.0,0.0,0,0.0
111,20,0.0,0.0,16.0,0.0,0,0,0,16.0,0.0,0.0,0,0.0
112,20,0.0,0.0,16.0,0.0,0,0,0,16.0,0.0,0.0,0,0.0
1,21,0.0,0.0,16.0,0.0,0,0,0,16.0,0.0,0.0,0,0.0
2,21,0.0,0.0,16.0,0.0,0,0,0,16.0,0.0,0.0,0,0.0
3,21,0.0,0.0,16.0,0.0,0,0,0,16.0,0.0,0.0,0,0.0
4,21,0.0,0.0,16.0,0.0,0,0,0,16.0,0.0,0.0,0,0.0
5,21,0.0,0.0,16.0,0.0,0,0,0,16.0,0.0,0.0,0,0.0
6,21,0.0,0.0,16.0,0.0,0,0,0,16.0,0.0,0.0,0,0.0
7,21,0.0,0.0,16.0,0.0,0,0,0,16.0,0.0,0.0,0,0.0
8,21,0.0,0.0,16.0,0.0,0,0,0,16.0,0.0,0.0,0,0.0
9,21,0.0,0.0,16.0,0.0,0,0,0,16.0,0.0,0.0,0,0.0
10,21,0.0,0.0,16.0,0.0,0,0,0,16.0,0.0,0.0,0,0.0
11,21,0.0,0.0,8.0,0.0,0,0,0,8.0,0.0,0.0,0,0.0
12,21,8.319,8.0,8.0,0.0,0,0,0,16.0,0.5,0.0,0,0.0
13,21,0.0,0.0,16.0,0.0,0,0,0,16.0,0.0,0.0,0,0.0
14,21,0.0,0.0,16.0,0.0,0,0,0,16.0,0.0,0.0,0,0.0
15,21,0.0,0.0,16.0,0.0,0,0,0,16.0,0.0,0.0,0,0.0
16,21,0.0,0.0,16.0,0.0,0,0,0,16.0,0.0,0.0,0,0.0
17,21,0.0,0.0,8.0,0.0,0,0,0,8.0,0.0,0.0,0,0.0
18,21,0.0,0.0,16.0,0.0,0,0,0,16.0,0.0,0.0,0,0.0
19,21,0.0,0.0,16.0,0.0,0,0,0,16.0,0.0,0.0,0,0.0
20,21,0.0,0.0,8.0,0.0,0,0,0,8.0,0.0,0.0,0,0.0
21,21,0.0,0.0,8.0,0.0,0,0,0,8.0,0.0,0.0,0,0.0
22,21,0.0,0.0,16.0,0.0,0,0,0,16.0,0.0,0.0,0,0.0
23,21,0.0,0.0,16.0,0.0,0,0,0,16.0,0.0,0.0,0,0.0
24,21,0.0,0.0,16.0,0.0,0,0,0,16.0,0.0,0.0,0,0.0
25,21,0.0,0.0,16.0,0.0,0,0,0,16.0,0.0,0.0,0,0.0
26,21,0.0,0.0,16.0,0.0,0,0,0,16.0,0.0,0.0,0,0.0
27,21,0.0,0.0,16.0,0.0,0,0,0,16.0,0.0,0.0,0,0.0
28,21,0.0,0.0,16.0,0.0,0,0,0,16.0,0.0,0.0,0,0.0
29,21,0.0,0.0,16.0,0.0,0,0,0,16.0,0.0,0.0,0,0.0
30,21,0.0,0.0,16.0,0.0,0,0,0,16.0,0.0,0.0,0,0.0
31,21,0.0,0.0,16.0,0.0,0,0,0,16.0,0.0,0.0,0,0.0
32,21,0.0,0.0,16.0,0.0,0,0,0,16.0,0.0,0.0,0,0.0
33,21,0.0,0.0,16.0,0.0,0,0,0,16.0,0.0,0.0,0,0.0
34,21,0.0,0.0,16.0,0.0,0,0,0,16.0,0.0,0.0,0,0.0
35,21,0.0,0.0,8.0,0.0,0,0,0,8.0,0.0,0.0,0,0.0
36,21,0.0,0.0,16.0,0.0,0,0,0,16.0,0.0,0.0,0,0.0
37,21,10.432,8.0,8.0,0.0,0,0,0,16.0,0.5,0.0,0,0.0
38,21,10.432,8.0,8.0,0.0,0,0,0,16.0,0.5,0.0,0,0.0
39,21,10.432,8.0,8.0,0.0,0,0,0,16.0,0.5,0.0,0,0.0
40,21,10.432,8.0,8.0,0.0,0,0,0,16.0,0.5,0.0,0,0.0
41,21,10.432,8.0,8.0,0.0,0,0,0,16.0,0.5,0.0,0,0.0
42,21,10.432,8.0,8.0,0.0,0,0,0,16.0,0.5,0.0,0,0.0
43,21,10.432,8.0,8.0,0.0,0,0,0,16.0,0.5,0.0,0,0.0
44,21,10.432,8.0,0.0,0.0,0,0,0,8.0,1.0,0.0,0,0.0
45,21,10.432,8.0,8.0,0.0,0,0,0,16.0,0.5,0.0,0,0.0
46,21,10.432,8.0,8.0,0.0,0,0,0,16.0,0.5,0.0,0,0.0
47,21,10.432,8.0,8.0,0.0,0,0,0,16.0,0.5,0.0,0,0.0
48,21,10.432,8.0,8.0,0.0,0,0,0,16.0,0.5,0.0,0,0.0
49,21,10.432,8.0,8.0,0.0,0,0,0,16.0,0.5,0.0,0,0.0
50,21,10.432,8.0,8.0,0.0,0,0,0,16.0,0.5,0.0,0,0.0
51,21,10.432,8.0,8.0,0.0,0,0,0,16.0,0.5,0.0,0,0.0
52,21,10.432,8.0,8.0,0.0,0,0,0,16.0,0.5,0.0,0,0.0
53,21,9.1784,8.0,0.0,0.0,0,0,0,8.0,1.0,0.0,0,0.3
54,21,10.432,8.0,8.0,0.0,0,0,0,16.0,0.5,0.0,0,0.0
55,21,7.3024,8.0,8.0,0.0,0,0,0,16.0,0.5,0.0,0,0.3
56,21,10.432,8.0,8.0,0.0,0,0,0,16.0,0.5,0.0,0,0.0
57,21,9.948,8.0,8.0,0.0,0,0,0,16.0,0.5,0.0,0,0.0
58,21,6.9636,8.0,8.0,0.0,0,0,0,16.0,0.5,0.0,0,0.3
59,21,9.948,8.0,0.0,0.0,0,0,0,8.0,1.0,0.0,0,0.0
60,21,9.948,8.0,0.0,0.0,0,0,0,8.0,1.0,0.0,0,0.0
61,21,9.948,8.0,8.0,0.0,0,0,0,16.0,0.5,0.0,0,0.0
62,21,10.432,8.0,8.0,0.0,0,0,0,16.0,0.5,0.0,0,0.0
63,21,13.112,8.0,0.0,0.0,0,0,0,8.0,1.0,0.0,0,0.0
64,21,10.432,8.0,8.0,0.0,0,0,0,16.0,0.5,0.0,0,0.0
65,21,13.112,8.0,0.0,0.0,0,0,0,8.0,1.0,0.0,0,0.0
66,21,13.112,8.0,0.0,0.0,0,0,0,8.0,1.0,0.0,0,0.0
67,21,10.432,8.0,8.0,0.0,0,0,0,16.0,0.5,0.0,0,0.0
68,21,7.3024,8.0,8.0,0.0,0,0,0,16.0,0.5,0.0,0,0.3
69,21,10.432,8.0,8.0,0.0,0,0,0,16.0,0.5,0.0,0,0.0
70,21,10.432,8.0,8.0,0.0,0,0,0,16.0,0.5,0.0,0,0.0
71,21,10.432,8.0,0.0,0.0,0,0,0,8.0,1.0,0.0,0,0.0
72,21,10.432,8.0,8.0,0.0,0,0,0,16.0,0.5,0.0,0,0.0
73,21,10.432,8.0,8.0,0.0,0,0,0,16.0,0.5,0.0,0,0.0
74,21,13.112,8.0,0.0,0.0,0,0,0,8.0,1.0,0.0,0,0.0
75,21,2.8258455846266153,2.1670594974130486,5.832940502586951,0.0,0,0,0,8.0,0.2708824371766311,5.832940502586951,1,0.0
77,21,10.432,8.0,8.0,0.0,0,0,0,16.0,0.5,0.0,0,0.0
78,21,10.432,8.0,8.0,0.0,0,0,0,16.0,0.5,0.0,0,0.0
79,21,10.432,8.0,8.0,0.0,0,0,0,16.0,0.5,0.0,0,0.0
80,21,7.3024,8.0,8.0,0.0,0,0,0,16.0,0.5,0.0,0,0.3
81,21,10.432,8.0,8.0,0.0,0,0,0,16.0,0.5,0.0,0,0.0
82,21,13.112,8.0,0.0,0.0,0,0,0,8.0,1.0,0.0,0,0.0
83,21,10.432,8.0,8.0,0.0,0,0,0,16.0,0.5,0.0,0,0.0
84,21,10.432,8.0,8.0,0.0,0,0,0,16.0,0.5,0.0,0,0.0
85,21,10.432,8.0,8.0,0.0,0,0,0,16.0,0.5,0.0,0,0.0
86,21,10.432,8.0,8.0,0.0,0,0,0,16.0,0.5,0.0,0,0.0
87,21,8.072189048539121,8.0,8.0,0.0,0,0,0,16.0,0.5,0.0,0,0.0
88,21,10.432,8.0,8.0,0.0,0,0,0,16.0,0.5,0.0,0,0.0
89,21,10.432,8.0,8.0,0.0,0,0,0,16.0,0.5,0.0,0,0.0
90,21,13.112,8.0,0.0,0.0,0,0,0,8.0,1.0,0.0,0,0.0
91,21,10.432,8.0,8.0,0.0,0,0,0,16.0,0.5,0.0,0,0.0
92,21,13.112,8.0,0.0,0.0,0,0,0,8.0,1.0,0.0,0,0.0
93,21,10.432,8.0,0.0,0.0,0,0,0,8.0,1.0,0.0,0,0.0
94,21,10.432,8.0,8.0,0.0,0,0,0,16.0,0.5,0.0,0,0.0
95,21,10.432,8.0,8.0,0.0,0,0,0,16.0,0.5,0.0,0,0.0
96,21,10.432,8.0,8.0,0.0,0,0,0,16.0,0.5,0.0,0,0.0
97,21,3.663880341285551,2.8097241881024164,13.190275811897584,0.0,0,0,0,16.0,0.17560776175640103,5.190275811897584,1,0.0
98,21,10.432,8.0,8.0,0.0,0,0,0,16.0,0.5,0.0,0,0.0
99,21,10.432,8.0,8.0,0.0,0,0,0,16.0,0.5,0.0,0,0.0
100,21,0.0,0.0,16.0,0.0,0,0,0,16.0,0.0,0.0,0,0.0
101,21,6.322043731195972,6.094270375896828,9.905729624103172,0.0,0,0,0,16.0,0.38089189849355176,1.9057296241031718,1,0.0
102,21,5.8092999999999995,8.0,0.0,0.0,0,0,0,8.0,1.0,0.0,0,0.3
103,21,8.299,8.0,8.0,0.0,0,0,0,16.0,0.5,0.0,0,0.0
104,21,8.299,8.0,8.0,0.0,0,0,0,16.0,0.5,0.0,0,0.0
105,21,8.299,8.0,8.0,0.0,0,0,0,16.0,0.5,0.0,0,0.0
106,21,8.299,8.0,8.0,0.0,0,0,0,16.0,0.5,0.0,0,0.0
107,21,0.0,0.0,16.0,0.0,0,0,0,16.0,0.0,0.0,0,0.0
108,21,0.0,0.0,16.0,0.0,0,0,0,16.0,0.0,0.0,0,0.0
109,21,0.0,0.0,16.0,0.0,0,0,0,16.0,0.0,0.0,0,0.0
110,21,0.0,0.0,16.0,0.0,0,0,0,16.0,0.0,0.0,0,0.0
111,21,0.0,0.0,16.0,0.0,0,0,0,16.0,0.0,0.0,0,0.0
112,21,0.0,0.0,16.0,0.0,0,0,0,16.0,0.0,0.0,0,0.0
1,22,0.0,0.0,16.0,0.0,0,0,0,16.0,0.0,0.0,0,0.0
2,22,0.0,0.0,16.0,0.0,0,0,0,16.0,0.0,0.0,0,0.0
3,22,0.0,0.0,16.0,0.0,0,0,0,16.0,0.0,0.0,0,0.0
4,22,0.0,0.0,16.0,0.0,0,0,0,16.0,0.0,0.0,0,0.0
5,22,0.0,0.0,16.0,0.0,0,0,0,16.0,0.0,0.0,0,0.0
6,22,0.0,0.0,16.0,0.0,0,0,0,16.0,0.0,0.0,0,0.0
7,22,0.0,0.0,16.0,0.0,0,0,0,16.0,0.0,0.0,0,0.0
8,22,0.0,0.0,16.0,0.0,0,0,0,16.0,0.0,0.0,0,0.0
9,22,0.0,0.0,16.0,0.0,0,0,0,16.0,0.0,0.0,0,0.0
10,22,0.0,0.0,16.0,0.0,0,0,0,16.0,0.0,0.0,0,0.0
11,22,0.0,0.0,8.0,0.0,0,0,0,8.0,0.0,0.0,0,0.0
12,22,5.823300000000001,8.0,8.0,0.0,0,0,0,16.0,0.5,0.0,0,0.3
13,22,0.0,0.0,16.0,0.0,0,0,0,16.0,0.0,0.0,0,0.0
14,22,0.0,0.0,16.0,0.0,0,0,0,16.0,0.0,0.0,0,0.0
15,22,0.0,0.0,16.0,0.0,0,0,0,16.0,0.0,0.0,0,0.0
16,22,0.0,0.0,16.0,0.0,0,0,0,16.0,0.0,0.0,0,0.0
17,22,0.0,0.0,8.0,0.0,0,0,0,8.0,0.0,0.0,0,0.0
18,22,0.0,0.0,16.0,0.0,0,0,0,16.0,0.0,0.0,0,0.0
19,22,0.0,0.0,16.0,0.0,0,0,0,16.0,0.0,0.0,0,0.0
20,22,0.0,0.0,8.0,0.0,0,0,0,8.0,0.0,0.0,0,0.0
21,22,0.0,0.0,8.0,0.0,0,0,0,8.0,0.0,0.0,0,0.0
22,22,0.0,0.0,16.0,0.0,0,0,0,16.0,0.0,0.0,0,0.0
23,22,0.0,0.0,16.0,0.0,0,0,0,16.0,0.0,0.0,0,0.0
24,22,0.0,0.0,16.0,0.0,0,0,0,16.0,0.0,0.0,0,0.0
25,22,0.0,0.0,16.0,0.0,0,0,0,16.0,0.0,0.0,0,0.0
26,22,0.0,0.0,16.0,0.0,0,0,0,16.0,0.0,0.0,0,0.0
27,22,0.0,0.0,16.0,0.0,0,0,0,16.0,0.0,0.0,0,0.0
28,22,0.0,0.0,16.0,0.0,0,0,0,16.0,0.0,0.0,0,0.0
29,22,0.0,0.0,16.0,0.0,0,0,0,16.0,0.0,0.0,0,0.0
30,22,0.0,0.0,16.0,0.0,0,0,0,16.0,0.0,0.0,0,0.0
31,22,0.0,0.0,16.0,0.0,0,0,0,16.0,0.0,0.0,0,0.0
32,22,0.0,0.0,16.0,0.0,0,0,0,16.0,0.0,0.0,0,0.0
33,22,0.0,0.0,16.0,0.0,0,0,0,16.0,0.0,0.0,0,0.0
34,22,0.0,0.0,16.0,0.0,0,0,0,16.0,0.0,0.0,0,0.0
35,22,0.0,0.0,8.0,0.0,0,0,0,8.0,0.0,0.0,0,0.0
36,22,0.0,0.0,16.0,0.0,0,0,0,16.0,0.0,0.0,0,0.0
37,22,10.432,8.0,8.0,0.0,0,0,0,16.0,0.5,0.0,0,0.0
38,22,10.432,8.0,8.0,0.0,0,0,0,16.0,0.5,0.0,0,0.0
39,22,10.432,8.0,8.0,0.0,0,0,0,16.0,0.5,0.0,0,0.0
40,22,10.432,8.0,8.0,0.0,0,0,0,16.0,0.5,0.0,0,0.0
41,22,10.432,8.0,8.0,0.0,0,0,0,16.0,0.5,0.0,0,0.0
42,22,10.432,8.0,8.0,0.0,0,0,0,16.0,0.5,0.0,0,0.0
43,22,6.588708576382908,8.0,8.0,0.0,0,0,0,16.0,0.5,0.0,0,0.0
44,22,10.432,8.0,0.0,0.0,0,0,0,8.0,1.0,0.0,0,0.0
45,22,10.432,8.0,8.0,0.0,0,0,0,16.0,0.5,0.0,0,0.0
46,22,8.045042681050708,8.0,8.0,0.0,0,0,0,16.0,0.5,0.0,0,0.0
47,22,10.432,8.0,8.0,0.0,0,0,0,16.0,0.5,0.0,0,0.0
48,22,10.432,8.0,8.0,0.0,0,0,0,16.0,0.5,0.0,0,0.0
49,22,10.432,8.0,8.0,0.0,0,0,0,16.0,0.5,0.0,0,0.0
50,22,5.149845447782367,3.9492679814281955,12.050732018571804,0.0,0,0,0,16.0,0.24682924883926222,4.0507320185718045,1,0.0
51,22,10.432,8.0,8.0,0.0,0,0,0,16.0,0.5,0.0,0,0.0
52,22,10.432,8.0,8.0,0.0,0,0,0,16.0,0.5,0.0,0,0.0
53,22,13.112,8.0,0.0,0.0,0,0,0,8.0,1.0,0.0,0,0.0
54,22,4.272923442876904,8.0,8.0,0.0,0,0,0,16.0,0.5,0.0,0,0.0
55,22,10.432,8.0,8.0,0.0,0,0,0,16.0,0.5,0.0,0,0.0
56,22,10.432,8.0,8.0,0.0,0,0,0,16.0,0.5,0.0,0,0.0
57,22,9.948,8.0,8.0,0.0,0,0,0,16.0,0.5,0.0,0,0.0
58,22,9.948,8.0,8.0,0.0,0,0,0,16.0,0.5,0.0,0,0.0
59,22,9.948,8.0,0.0,0.0,0,0,0,8.0,1.0,0.0,0,0.0
60,22,6.9636,8.0,0.0,0.0,0,0,0,8.0,1.0,0.0,0,0.3
61,22,9.948,8.0,8.0,0.0,0,0,0,16.0,0.5,0.0,0,0.0
62,22,10.432,8.0,8.0,0.0,0,0,0,16.0,0.5,0.0,0,0.0
63,22,13.112,8.0,0.0,0.0,0,0,0,8.0,1.0,0.0,0,0.0
64,22,5.0159005367763525,8.0,8.0,0.0,0,0,0,16.0,0.5,0.0,0,0.0
65,22,6.700213856120468,4.087988929908766,3.912011070091234,0.0,0,0,0,8.0,0.5109986162385958,3.9120110700912343,1,0.0
66,22,13.112,8.0,0.0,0.0,0,0,0,8.0,1.0,0.0,0,0.0
67,22,10.432,8.0,8.0,0.0,0,0,0,16.0,0.5,0.0,0,0.0
68,22,10.432,8.0,8.0,0.0,0,0,0,16.0,0.5,0.0,0,0.0
69,22,10.432,8.0,8.0,0.0,0,0,0,16.0,0.5,0.0,0,0.0
70,22,10.432,8.0,8.0,0.0,0,0,0,16.0,0.5,0.0,0,0.0
71,22,10.432,8.0,0.0,0.0,0,0,0,8.0,1.0,0.0,0,0.0
72,22,10.432,8.0,8.0,0.0,0,0,0,16.0,0.5,0.0,0,0.0
73,22,10.432,8.0,8.0,0.0,0,0,0,16.0,0.5,0.0,0,0.0
74,22,13.112,8.0,0.0,0.0,0,0,0,8.0,1.0,0.0,0,0.0
75,22,10.432,8.0,0.0,0.0,0,0,0,8.0,1.0,0.0,0,0.0
77,22,10.432,8.0,8.0,0.0,0,0,0,16.0,0.5,0.0,0,0.0
78,22,10.432,8.0,8.0,0.0,0,0,0,16.0,0.5,0.0,0,0.0
79,22,10.432,8.0,8.0,0.0,0,0,0,16.0,0.5,0.0,0,0.0
80,22,10.432,8.0,8.0,0.0,0,0,0,16.0,0.5,0.0,0,0.0
81,22,5.123781362457297,3.92928018593351,12.07071981406649,0.0,0,0,0,16.0,0.24558001162084436,4.07071981406649,1,0.0
82,22,6.561737106380964,4.003500369970082,3.996499630029918,0.0,0,0,0,8.0,0.5004375462462602,3.996499630029918,1,0.0
83,22,10.432,8.0,8.0,0.0,0,0,0,16.0,0.5,0.0,0,0.0
84,22,10.432,8.0,8.0,0.0,0,0,0,16.0,0.5,0.0,0,0.0
85,22,10.432,8.0,8.0,0.0,0,0,0,16.0,0.5,0.0,0,0.0
86,22,10.432,8.0,8.0,0.0,0,0,0,16.0,0.5,0.0,0,0.0
87,22,10.432,8.0,8.0,0.0,0,0,0,16.0,0.5,0.0,0,0.0
88,22,10.432,8.0,8.0,0.0,0,0,0,16.0,0.5,0.0,0,0.0
89,22,10.432,8.0,8.0,0.0,0,0,0,16.0,0.5,0.0,0,0.0
90,22,5.401118067234377,8.0,0.0,0.0,0,0,0,8.0,1.0,0.0,0,0.0
91,22,7.3024,8.0,8.0,0.0,0,0,0,16.0,0.5,0.0,0,0.3
92,22,13.112,8.0,0.0,0.0,0,0,0,8.0,1.0,0.0,0,0.0
93,22,8.104524300425753,6.215125997259014,1.7848740027409864,0.0,0,0,0,8.0,0.7768907496573767,1.7848740027409864,1,0.0
94,22,7.3024,8.0,8.0,0.0,0,0,0,16.0,0.5,0.0,0,0.3
95,22,10.432,8.0,8.0,0.0,0,0,0,16.0,0.5,0.0,0,0.0
96,22,10.432,8.0,8.0,0.0,0,0,0,16.0,0.5,0.0,0,0.0
97,22,4.648206802452055,8.0,8.0,0.0,0,0,0,16.0,0.5,0.0,0,0.0
98,22,10.432,8.0,8.0,0.0,0,0,0,16.0,0.5,0.0,0,0.0
99,22,10.432,8.0,8.0,0.0,0,0,0,16.0,0.5,0.0,0,0.0
100,22,0.0,0.0,16.0,0.0,0,0,0,16.0,0.0,0.0,0,0.0
101,22,8.299,8.0,8.0,0.0,0,0,0,16.0,0.5,0.0,0,0.0
102,22,8.299,8.0,0.0,0.0,0,0,0,8.0,1.0,0.0,0,0.0
103,22,6.269256157366948,8.0,8.0,0.0,0,0,0,16.0,0.5,0.0,0,0.0
104,22,8.299,8.0,8.0,0.0,0,0,0,16.0,0.5,0.0,0,0.0
105,22,8.299,8.0,8.0,0.0,0,0,0,16.0,0.5,0.0,0,0.0
106,22,8.299,8.0,8.0,0.0,0,0,0,16.0,0.5,0.0,0,0.0
107,22,0.0,0.0,16.0,0.0,0,0,0,16.0,0.0,0.0,0,0.0
108,22,0.0,0.0,16.0,0.0,0,0,0,16.0,0.0,0.0,0,0.0
109,22,0.0,0.0,16.0,0.0,0,0,0,16.0,0.0,0.0,0,0.0
110,22,0.0,0.0,16.0,0.0,0,0,0,16.0,0.0,0.0,0,0.0
111,22,0.0,0.0,16.0,0.0,0,0,0,16.0,0.0,0.0,0,0.0
112,22,0.0,0.0,16.0,0.0,0,0,0,16.0,0.0,0.0,0,0.0
1,23,0.0,0.0,16.0,0.0,0,0,0,16.0,0.0,0.0,0,0.0
2,23,0.0,0.0,16.0,0.0,0,0,0,16.0,0.0,0.0,0,0.0
3,23,0.0,0.0,16.0,0.0,0,0,0,16.0,0.0,0.0,0,0.0
4,23,0.0,0.0,16.0,0.0,0,0,0,16.0,0.0,0.0,0,0.0
5,23,0.0,0.0,16.0,0.0,0,0,0,16.0,0.0,0.0,0,0.0
6,23,0.0,0.0,16.0,0.0,0,0,0,16.0,0.0,0.0,0,0.0
7,23,0.0,0.0,16.0,0.0,0,0,0,16.0,0.0,0.0,0,0.0
8,23,0.0,0.0,16.0,0.0,0,0,0,16.0,0.0,0.0,0,0.0
9,23,0.0,0.0,16.0,0.0,0,0,0,16.0,0.0,0.0,0,0.0
10,23,0.0,0.0,16.0,0.0,0,0,0,16.0,0.0,0.0,0,0.0
11,23,0.0,0.0,8.0,0.0,0,0,0,8.0,0.0,0.0,0,0.0
12,23,5.823300000000001,8.0,8.0,0.0,0,0,0,16.0,0.5,0.0,0,0.3
13,23,0.0,0.0,16.0,0.0,0,0,0,16.0,0.0,0.0,0,0.0
14,23,0.0,0.0,16.0,0.0,0,0,0,16.0,0.0,0.0,0,0.0
15,23,0.0,0.0,16.0,0.0,0,0,0,16.0,0.0,0.0,0,0.0
16,23,0.0,0.0,16.0,0.0,0,0,0,16.0,0.0,0.0,0,0.0
17,23,0.0,0.0,8.0,0.0,0,0,0,8.0,0.0,0.0,0,0.0
18,23,0.0,0.0,16.0,0.0,0,0,0,16.0,0.0,0.0,0,0.0
19,23,0.0,0.0,16.0,0.0,0,0,0,16.0,0.0,0.0,0,0.0
20,23,0.0,0.0,8.0,0.0,0,0,0,8.0,0.0,0.0,0,0.0
21,23,0.0,0.0,8.0,0.0,0,0,0,8.0,0.0,0.0,0,0.0
22,23,0.0,0.0,16.0,0.0,0,0,0,16.0,0.0,0.0,0,0.0
23,23,0.0,0.0,16.0,0.0,0,0,0,16.0,0.0,0.0,0,0.0
24,23,0.0,0.0,16.0,0.0,0,0,0,16.0,0.0,0.0,0,0.0
25,23,0.0,0.0,16.0,0.0,0,0,0,16.0,0.0,0.0,0,0.0
26,23,0.0,0.0,16.0,0.0,0,0,0,16.0,0.0,0.0,0,0.0
27,23,0.0,0.0,16.0,0.0,0,0,0,16.0,0.0,0.0,0,0.0
28,23,0.0,0.0,16.0,0.0,0,0,0,16.0,0.0,0.0,0,0.0
29,23,0.0,0.0,16.0,0.0,0,0,0,16.0,0.0,0.0,0,0.0
30,23,0.0,0.0,16.0,0.0,0,0,0,16.0,0.0,0.0,0,0.0
31,23,0.0,0.0,16.0,0.0,0,0,0,16.0,0.0,0.0,0,0.0
32,23,0.0,0.0,16.0,0.0,0,0,0,16.0,0.0,0.0,0,0.0
33,23,0.0,0.0,16.0,0.0,0,0,0,16.0,0.0,0.0,0,0.0
34,23,0.0,0.0,16.0,0.0,0,0,0,16.0,0.0,0.0,0,0.0
35,23,0.0,0.0,8.0,0.0,0,0,0,8.0,0.0,0.0,0,0.0
36,23,0.0,0.0,16.0,0.0,0,0,0,16.0,0.0,0.0,0,0.0
37,23,10.432,8.0,8.0,0.0,0,0,0,16.0,0.5,0.0,0,0.0
38,23,10.432,8.0,8.0,0.0,0,0,0,16.0,0.5,0.0,0,0.0
39,23,10.432,8.0,8.0,0.0,0,0,0,16.0,0.5,0.0,0,0.0
40,23,10.432,8.0,8.0,0.0,0,0,0,16.0,0.5,0.0,0,0.0
41,23,10.432,8.0,8.0,0.0,0,0,0,16.0,0.5,0.0,0,0.0
42,23,7.494237336712506,8.0,8.0,0.0,0,0,0,16.0,0.5,0.0,0,0.0
43,23,10.432,8.0,8.0,0.0,0,0,0,16.0,0.5,0.0,0,0.0
44,23,10.432,8.0,0.0,0.0,0,0,0,8.0,1.0,0.0,0,0.0
45,23,10.432,8.0,8.0,0.0,0,0,0,16.0,0.5,0.0,0,0.0
46,23,6.32259092005359,8.0,8.0,0.0,0,0,0,16.0,0.5,0.0,0,0.0
47,23,10.432,8.0,8.0,0.0,0,0,0,16.0,0.5,0.0,0,0.0
48,23,10.432,8.0,8.0,0.0,0,0,0,16.0,0.5,0.0,0,0.0
49,23,10.432,8.0,8.0,0.0,0,0,0,16.0,0.5,0.0,0,0.0
50,23,10.432,8.0,8.0,0.0,0,0,0,16.0,0.5,0.0,0,0.0
51,23,10.432,8.0,8.0,0.0,0,0,0,16.0,0.5,0.0,0,0.0
52,23,10.432,8.0,8.0,0.0,0,0,0,16.0,0.5,0.0,0,0.0
53,23,13.112,8.0,0.0,0.0,0,0,0,8.0,1.0,0.0,0,0.0
54,23,7.3024,8.0,8.0,0.0,0,0,0,16.0,0.5,0.0,0,0.3
55,23,10.432,8.0,8.0,0.0,0,0,0,16.0,0.5,0.0,0,0.0
56,23,10.432,8.0,8.0,0.0,0,0,0,16.0,0.5,0.0,0,0.0
57,23,9.948,8.0,8.0,0.0,0,0,0,16.0,0.5,0.0,0,0.0
58,23,4.519916004876952,3.634833940391598,12.365166059608402,0.0,0,0,0,16.0,0.22717712127447487,4.365166059608402,1,0.0
59,23,9.948,8.0,0.0,0.0,0,0,0,8.0,1.0,0.0,0,0.0
60,23,6.9636,8.0,0.0,0.0,0,0,0,8.0,1.0,0.0,0,0.3
61,23,9.948,8.0,8.0,0.0,0,0,0,16.0,0.5,0.0,0,0.0
62,23,10.432,8.0,8.0,0.0,0,0,0,16.0,0.5,0.0,0,0.0
63,23,13.112,8.0,0.0,0.0,0,0,0,8.0,1.0,0.0,0,0.0
64,23,10.432,8.0,8.0,0.0,0,0,0,16.0,0.5,0.0,0,0.0
65,23,4.4808929180617785,2.7339188029663077,5.266081197033692,0.0,0,0,0,8.0,0.34173985037078847,5.266081197033692,1,0.0
66,23,13.112,8.0,0.0,0.0,0,0,0,8.0,1.0,0.0,0,0.0
67,23,10.432,8.0,8.0,0.0,0,0,0,16.0,0.5,0.0,0,0.0
68,23,10.432,8.0,8.0,0.0,0,0,0,16.0,0.5,0.0,0,0.0
69,23,10.432,8.0,8.0,0.0,0,0,0,16.0,0.5,0.0,0,0.0
70,23,10.432,8.0,8.0,0.0,0,0,0,16.0,0.5,0.0,0,0.0
71,23,10.432,8.0,0.0,0.0,0,0,0,8.0,1.0,0.0,0,0.0
72,23,10.432,8.0,8.0,0.0,0,0,0,16.0,0.5,0.0,0,0.0
73,23,10.432,8.0,8.0,0.0,0,0,0,16.0,0.5,0.0,0,0.0
74,23,13.112,8.0,0.0,0.0,0,0,0,8.0,1.0,0.0,0,0.0
75,23,1.836541047978261,1.4083903742164576,6.591609625783542,0.0,0,0,0,8.0,0.1760487967770572,6.591609625783542,1,0.0
77,23,10.432,8.0,8.0,0.0,0,0,0,16.0,0.5,0.0,0,0.0
78,23,10.432,8.0,8.0,0.0,0,0,0,16.0,0.5,0.0,0,0.0
79,23,5.436840690920836,8.0,8.0,0.0,0,0,0,16.0,0.5,0.0,0,0.3
80,23,7.3024,8.0,8.0,0.0,0,0,0,16.0,0.5,0.0,0,0.3
81,23,7.3024,8.0,8.0,0.0,0,0,0,16.0,0.5,0.0,0,0.3
82,23,8.927142607352069,8.0,0.0,0.0,0,0,0,8.0,1.0,0.0,0,0.0
83,23,10.432,8.0,8.0,0.0,0,0,0,16.0,0.5,0.0,0,0.0
84,23,10.432,8.0,8.0,0.0,0,0,0,16.0,0.5,0.0,0,0.0
85,23,10.432,8.0,8.0,0.0,0,0,0,16.0,0.5,0.0,0,0.0
86,23,10.432,8.0,8.0,0.0,0,0,0,16.0,0.5,0.0,0,0.0
87,23,10.432,8.0,8.0,0.0,0,0,0,16.0,0.5,0.0,0,0.0
88,23,7.3024,8.0,8.0,0.0,0,0,0,16.0,0.5,0.0,0,0.3
89,23,7.3024,8.0,8.0,0.0,0,0,0,16.0,0.5,0.0,0,0.3
90,23,9.534403553246982,8.0,0.0,0.0,0,0,0,8.0,1.0,0.0,0,0.0
91,23,10.432,8.0,8.0,0.0,0,0,0,16.0,0.5,0.0,0,0.0
92,23,13.112,8.0,0.0,0.0,0,0,0,8.0,1.0,0.0,0,0.0
93,23,10.432,8.0,0.0,0.0,0,0,0,8.0,1.0,0.0,0,0.0
94,23,10.432,8.0,8.0,0.0,0,0,0,16.0,0.5,0.0,0,0.0
95,23,10.432,8.0,8.0,0.0,0,0,0,16.0,0.5,0.0,0,0.0
96,23,3.510103291966846,8.0,8.0,0.0,0,0,0,16.0,0.5,0.0,0,0.3
97,23,10.432,8.0,8.0,0.0,0,0,0,16.0,0.5,0.0,0,0.0
98,23,10.432,8.0,8.0,0.0,0,0,0,16.0,0.5,0.0,0,0.0
99,23,7.3024,8.0,8.0,0.0,0,0,0,16.0,0.5,0.0,0,0.3
100,23,0.0,0.0,16.0,0.0,0,0,0,16.0,0.0,0.0,0,0.0
101,23,8.299,8.0,8.0,0.0,0,0,0,16.0,0.5,0.0,0,0.0
102,23,8.299,8.0,0.0,0.0,0,0,0,8.0,1.0,0.0,0,0.0
103,23,8.299,8.0,8.0,0.0,0,0,0,16.0,0.5,0.0,0,0.0
104,23,8.299,8.0,8.0,0.0,0,0,0,16.0,0.5,0.0,0,0.0
105,23,3.133820382369432,3.020913731649049,12.979086268350951,0.0,0,0,0,16.0,0.18880710822806557,4.979086268350951,1,0.0
106,23,8.299,8.0,8.0,0.0,0,0,0,16.0,0.5,0.0,0,0.0
107,23,0.0,0.0,16.0,0.0,0,0,0,16.0,0.0,0.0,0,0.0
108,23,0.0,0.0,16.0,0.0,0,0,0,16.0,0.0,0.0,0,0.0
109,23,0.0,0.0,16.0,0.0,0,0,0,16.0,0.0,0.0,0,0.0
110,23,0.0,0.0,16.0,0.0,0,0,0,16.0,0.0,0.0,0,0.0
111,23,0.0,0.0,16.0,0.0,0,0,0,16.0,0.0,0.0,0,0.0
112,23,0.0,0.0,16.0,0.0,0,0,0,16.0,0.0,0.0,0,0.0
1,24,0.0,0.0,16.0,0.0,0,0,0,16.0,0.0,0.0,0,0.0
2,24,0.0,0.0,16.0,0.0,0,0,0,16.0,0.0,0.0,0,0.0
3,24,0.0,0.0,16.0,0.0,0,0,0,16.0,0.0,0.0,0,0.0
4,24,0.0,0.0,16.0,0.0,0,0,0,16.0,0.0,0.0,0,0.0
5,24,0.0,0.0,16.0,0.0,0,0,0,16.0,0.0,0.0,0,0.0
6,24,0.0,0.0,16.0,0.0,0,0,0,16.0,0.0,0.0,0,0.0
7,24,0.0,0.0,16.0,0.0,0,0,0,16.0,0.0,0.0,0,0.0
8,24,0.0,0.0,16.0,0.0,0,0,0,16.0,0.0,0.0,0,0.0
9,24,0.0,0.0,16.0,0.0,0,0,0,16.0,0.0,0.0,0,0.0
10,24,0.0,0.0,16.0,0.0,0,0,0,16.0,0.0,0.0,0,0.0
11,24,0.0,0.0,8.0,0.0,0,0,0,8.0,0.0,0.0,0,0.0
12,24,8.319,8.0,8.0,0.0,0,0,0,16.0,0.5,0.0,0,0.0
13,24,0.0,0.0,16.0,0.0,0,0,0,16.0,0.0,0.0,0,0.0
14,24,0.0,0.0,16.0,0.0,0,0,0,16.0,0.0,0.0,0,0.0
15,24,0.0,0.0,16.0,0.0,0,0,0,16.0,0.0,0.0,0,0.0
16,24,0.0,0.0,16.0,0.0,0,0,0,16.0,0.0,0.0,0,0.0
17,24,0.0,0.0,8.0,0.0,0,0,0,8.0,0.0,0.0,0,0.0
18,24,0.0,0.0,16.0,0.0,0,0,0,16.0,0.0,0.0,0,0.0
19,24,0.0,0.0,16.0,0.0,0,0,0,16.0,0.0,0.0,0,0.0
20,24,0.0,0.0,8.0,0.0,0,0,0,8.0,0.0,0.0,0,0.0
21,24,0.0,0.0,8.0,0.0,0,0,0,8.0,0.0,0.0,0,0.0
22,24,0.0,0.0,16.0,0.0,0,0,0,16.0,0.0,0.0,0,0.0
23,24,0.0,0.0,16.0,0.0,0,0,0,16.0,0.0,0.0,0,0.0
24,24,0.0,0.0,16.0,0.0,0,0,0,16.0,0.0,0.0,0,0.0
25,24,0.0,0.0,16.0,0.0,0,0,0,16.0,0.0,0.0,0,0.0
26,24,0.0,0.0,16.0,0.0,0,0,0,16.0,0.0,0.0,0,0.0
27,24,0.0,0.0,16.0,0.0,0,0,0,16.0,0.0,0.0,0,0.0
28,24,0.0,0.0,16.0,0.0,0,0,0,16.0,0.0,0.0,0,0.0
29,24,0.0,0.0,16.0,0.0,0,0,0,16.0,0.0,0.0,0,0.0
30,24,0.0,0.0,16.0,0.0,0,0,0,16.0,0.0,0.0,0,0.0
31,24,0.0,0.0,16.0,0.0,0,0,0,16.0,0.0,0.0,0,0.0
32,24,0.0,0.0,16.0,0.0,0,0,0,16.0,0.0,0.0,0,0.0
33,24,0.0,0.0,16.0,0.0,0,0,0,16.0,0.0,0.0,0,0.0
34,24,0.0,0.0,16.0,0.0,0,0,0,16.0,0.0,0.0,0,0.0
35,24,0.0,0.0,8.0,0.0,0,0,0,8.0,0.0,0.0,0,0.0
36,24,0.0,0.0,16.0,0.0,0,0,0,16.0,0.0,0.0,0,0.0
37,24,10.432,8.0,8.0,0.0,0,0,0,16.0,0.5,0.0,0,0.0
38,24,10.432,8.0,8.0,0.0,0,0,0,16.0,0.5,0.0,0,0.0
39,24,10.432,8.0,8.0,0.0,0,0,0,16.0,0.5,0.0,0,0.0
40,24,10.432,8.0,8.0,0.0,0,0,0,16.0,0.5,0.0,0,0.0
41,24,10.432,8.0,8.0,0.0,0,0,0,16.0,0.5,0.0,0,0.0
42,24,10.432,8.0,8.0,0.0,0,0,0,16.0,0.5,0.0,0,0.0
43,24,10.432,8.0,8.0,0.0,0,0,0,16.0,0.5,0.0,0,0.0
44,24,10.432,8.0,0.0,0.0,0,0,0,8.0,1.0,0.0,0,0.0
45,24,10.432,8.0,8.0,0.0,0,0,0,16.0,0.5,0.0,0,0.0
46,24,10.432,8.0,8.0,0.0,0,0,0,16.0,0.5,0.0,0,0.0
47,24,10.432,8.0,8.0,0.0,0,0,0,16.0,0.5,0.0,0,0.0
48,24,5.243318216457093,4.02094955249777,11.97905044750223,0.0,0,0,0,16.0,0.25130934703111063,3.9790504475022295,1,0.0
49,24,10.432,8.0,8.0,0.0,0,0,0,16.0,0.5,0.0,0,0.0
50,24,10.432,8.0,8.0,0.0,0,0,0,16.0,0.5,0.0,0,0.0
51,24,10.432,8.0,8.0,0.0,0,0,0,16.0,0.5,0.0,0,0.0
52,24,10.432,8.0,8.0,0.0,0,0,0,16.0,0.5,0.0,0,0.0
53,24,8.002795015768266,4.88273033298857,3.1172696670114304,0.0,0,0,0,8.0,0.6103412916235712,3.1172696670114304,1,0.0
54,24,10.432,8.0,8.0,0.0,0,0,0,16.0,0.5,0.0,0,0.0
55,24,10.432,8.0,8.0,0.0,0,0,0,16.0,0.5,0.0,0,0.0
56,24,10.432,8.0,8.0,0.0,0,0,0,16.0,0.5,0.0,0,0.0
57,24,9.948,8.0,8.0,0.0,0,0,0,16.0,0.5,0.0,0,0.0
58,24,9.948,8.0,8.0,0.0,0,0,0,16.0,0.5,0.0,0,0.0
59,24,9.948,8.0,0.0,0.0,0,0,0,8.0,1.0,0.0,0,0.0
60,24,7.021122215314499,8.0,0.0,0.0,0,0,0,8.0,1.0,0.0,0,0.0
61,24,9.948,8.0,8.0,0.0,0,0,0,16.0,0.5,0.0,0,0.0
62,24,10.432,8.0,8.0,0.0,0,0,0,16.0,0.5,0.0,0,0.0
63,24,7.503510851164552,4.578103020844754,3.421896979155246,0.0,0,0,0,8.0,0.5722628776055942,3.421896979155246,1,0.0
64,24,10.432,8.0,8.0,0.0,0,0,0,16.0,0.5,0.0,0,0.0
65,24,13.112,8.0,0.0,0.0,0,0,0,8.0,1.0,0.0,0,0.0
66,24,12.001042801947778,7.3221737656789365,0.6778262343210635,0.0,0,0,0,8.0,0.9152717207098671,0.6778262343210635,1,0.0
67,24,10.432,8.0,8.0,0.0,0,0,0,16.0,0.5,0.0,0,0.0
68,24,10.432,8.0,8.0,0.0,0,0,0,16.0,0.5,0.0,0,0.0
69,24,10.432,8.0,8.0,0.0,0,0,0,16.0,0.5,0.0,0,0.0
70,24,10.432,8.0,8.0,0.0,0,0,0,16.0,0.5,0.0,0,0.0
71,24,1.1098073442992695,0.8510792517632435,7.1489207482367565,0.0,0,0,0,8.0,0.10638490647040544,7.1489207482367565,1,0.0
72,24,10.432,8.0,8.0,0.0,0,0,0,16.0,0.5,0.0,0,0.0
73,24,10.432,8.0,8.0,0.0,0,0,0,16.0,0.5,0.0,0,0.0
74,24,13.112,8.0,0.0,0.0,0,0,0,8.0,1.0,0.0,0,0.0
75,24,10.432,8.0,0.0,0.0,0,0,0,8.0,1.0,0.0,0,0.0
77,24,10.432,8.0,8.0,0.0,0,0,0,16.0,0.5,0.0,0,0.0
78,24,10.432,8.0,8.0,0.0,0,0,0,16.0,0.5,0.0,0,0.0
79,24,10.432,8.0,8.0,0.0,0,0,0,16.0,0.5,0.0,0,0.0
80,24,10.432,8.0,8.0,0.0,0,0,0,16.0,0.5,0.0,0,0.0
81,24,5.596760184542322,4.29199400655086,11.70800599344914,0.0,0,0,0,16.0,0.26824962540942876,3.7080059934491403,1,0.0
82,24,13.112,8.0,0.0,0.0,0,0,0,8.0,1.0,0.0,0,0.0
83,24,6.267414982721555,8.0,8.0,0.0,0,0,0,16.0,0.5,0.0,0,0.0
84,24,10.432,8.0,8.0,0.0,0,0,0,16.0,0.5,0.0,0,0.0
85,24,10.432,8.0,8.0,0.0,0,0,0,16.0,0.5,0.0,0,0.0
86,24,10.432,8.0,8.0,0.0,0,0,0,16.0,0.5,0.0,0,0.0
87,24,10.432,8.0,8.0,0.0,0,0,0,16.0,0.5,0.0,0,0.0
88,24,10.432,8.0,8.0,0.0,0,0,0,16.0,0.5,0.0,0,0.0
89,24,10.432,8.0,8.0,0.0,0,0,0,16.0,0.5,0.0,0,0.0
90,24,13.112,8.0,0.0,0.0,0,0,0,8.0,1.0,0.0,0,0.0
91,24,7.947106120169218,8.0,8.0,0.0,0,0,0,16.0,0.5,0.0,0,0.0
92,24,13.112,8.0,0.0,0.0,0,0,0,8.0,1.0,0.0,0,0.0
93,24,10.432,8.0,0.0,0.0,0,0,0,8.0,1.0,0.0,0,0.0
94,24,10.432,8.0,8.0,0.0,0,0,0,16.0,0.5,0.0,0,0.0
95,24,10.432,8.0,8.0,0.0,0,0,0,16.0,0.5,0.0,0,0.0
96,24,7.3024,8.0,8.0,0.0,0,0,0,16.0,0.5,0.0,0,0.3
97,24,10.432,8.0,8.0,0.0,0,0,0,16.0,0.5,0.0,0,0.0
98,24,7.3024,8.0,8.0,0.0,0,0,0,16.0,0.5,0.0,0,0.3
99,24,10.432,8.0,8.0,0.0,0,0,0,16.0,0.5,0.0,0,0.0
100,24,0.0,0.0,16.0,0.0,0,0,0,16.0,0.0,0.0,0,0.0
101,24,8.299,8.0,8.0,0.0,0,0,0,16.0,0.5,0.0,0,0.0
102,24,5.8092999999999995,8.0,0.0,0.0,0,0,0,8.0,1.0,0.0,0,0.3
103,24,8.299,8.0,8.0,0.0,0,0,0,16.0,0.5,0.0,0,0.0
104,24,8.299,8.0,8.0,0.0,0,0,0,16.0,0.5,0.0,0,0.0
105,24,8.299,8.0,8.0,0.0,0,0,0,16.0,0.5,0.0,0,0.0
106,24,8.299,8.0,8.0,0.0,0,0,0,16.0,0.5,0.0,0,0.0
107,24,0.0,0.0,16.0,0.0,0,0,0,16.0,0.0,0.0,0,0.0
108,24,0.0,0.0,16.0,0.0,0,0,0,16.0,0.0,0.0,0,0.0
109,24,0.0,0.0,16.0,0.0,0,0,0,16.0,0.0,0.0,0,0.0
110,24,0.0,0.0,16.0,0.0,0,0,0,16.0,0.0,0.0,0,0.0
111,24,0.0,0.0,16.0,0.0,0,0,0,16.0,0.0,0.0,0,0.0
112,24,0.0,0.0,16.0,0.0,0,0,0,16.0,0.0,0.0,0,0.0
1,25,0.0,0.0,16.0,0.0,0,0,0,16.0,0.0,0.0,0,0.0
2,25,0.0,0.0,16.0,0.0,0,0,0,16.0,0.0,0.0,0,0.0
3,25,0.0,0.0,16.0,0.0,0,0,0,16.0,0.0,0.0,0,0.0
4,25,0.0,0.0,16.0,0.0,0,0,0,16.0,0.0,0.0,0,0.0
5,25,0.0,0.0,16.0,0.0,0,0,0,16.0,0.0,0.0,0,0.0
6,25,0.0,0.0,16.0,0.0,0,0,0,16.0,0.0,0.0,0,0.0
7,25,0.0,0.0,16.0,0.0,0,0,0,16.0,0.0,0.0,0,0.0
8,25,0.0,0.0,16.0,0.0,0,0,0,16.0,0.0,0.0,0,0.0
9,25,0.0,0.0,16.0,0.0,0,0,0,16.0,0.0,0.0,0,0.0
10,25,0.0,0.0,16.0,0.0,0,0,0,16.0,0.0,0.0,0,0.0
11,25,0.0,0.0,8.0,0.0,0,0,0,8.0,0.0,0.0,0,0.0
12,25,8.319,8.0,8.0,0.0,0,0,0,16.0,0.5,0.0,0,0.0
13,25,0.0,0.0,16.0,0.0,0,0,0,16.0,0.0,0.0,0,0.0
14,25,0.0,0.0,16.0,0.0,0,0,0,16.0,0.0,0.0,0,0.0
15,25,0.0,0.0,16.0,0.0,0,0,0,16.0,0.0,0.0,0,0.0
16,25,0.0,0.0,16.0,0.0,0,0,0,16.0,0.0,0.0,0,0.0
17,25,0.0,0.0,8.0,0.0,0,0,0,8.0,0.0,0.0,0,0.0
18,25,0.0,0.0,16.0,0.0,0,0,0,16.0,0.0,0.0,0,0.0
19,25,0.0,0.0,16.0,0.0,0,0,0,16.0,0.0,0.0,0,0.0
20,25,0.0,0.0,8.0,0.0,0,0,0,8.0,0.0,0.0,0,0.0
21,25,0.0,0.0,8.0,0.0,0,0,0,8.0,0.0,0.0,0,0.0
22,25,0.0,0.0,16.0,0.0,0,0,0,16.0,0.0,0.0,0,0.0
23,25,0.0,0.0,16.0,0.0,0,0,0,16.0,0.0,0.0,0,0.0
24,25,0.0,0.0,16.0,0.0,0,0,0,16.0,0.0,0.0,0,0.0
25,25,0.0,0.0,16.0,0.0,0,0,0,16.0,0.0,0.0,0,0.0
26,25,0.0,0.0,16.0,0.0,0,0,0,16.0,0.0,0.0,0,0.0
27,25,0.0,0.0,16.0,0.0,0,0,0,16.0,0.0,0.0,0,0.0
28,25,0.0,0.0,16.0,0.0,0,0,0,16.0,0.0,0.0,0,0.0
29,25,0.0,0.0,16.0,0.0,0,0,0,16.0,0.0,0.0,0,0.0
30,25,0.0,0.0,16.0,0.0,0,0,0,16.0,0.0,0.0,0,0.0
31,25,0.0,0.0,16.0,0.0,0,0,0,16.0,0.0,0.0,0,0.0
32,25,0.0,0.0,16.0,0.0,0,0,0,16.0,0.0,0.0,0,0.0
33,25,0.0,0.0,16.0,0.0,0,0,0,16.0,0.0,0.0,0,0.0
34,25,0.0,0.0,16.0,0.0,0,0,0,16.0,0.0,0.0,0,0.0
35,25,0.0,0.0,8.0,0.0,0,0,0,8.0,0.0,0.0,0,0.0
36,25,0.0,0.0,16.0,0.0,0,0,0,16.0,0.0,0.0,0,0.0
37,25,10.432,8.0,8.0,0.0,0,0,0,16.0,0.5,0.0,0,0.0
38,25,10.432,8.0,8.0,0.0,0,0,0,16.0,0.5,0.0,0,0.0
39,25,10.432,8.0,8.0,0.0,0,0,0,16.0,0.5,0.0,0,0.0
40,25,10.432,8.0,8.0,0.0,0,0,0,16.0,0.5,0.0,0,0.0
41,25,4.849779007704921,8.0,8.0,0.0,0,0,0,16.0,0.5,0.0,0,0.0
42,25,10.432,8.0,8.0,0.0,0,0,0,16.0,0.5,0.0,0,0.0
43,25,10.432,8.0,8.0,0.0,0,0,0,16.0,0.5,0.0,0,0.0
44,25,10.432,8.0,0.0,0.0,0,0,0,8.0,1.0,0.0,0,0.0
45,25,10.432,8.0,8.0,0.0,0,0,0,16.0,0.5,0.0,0,0.0
46,25,10.432,8.0,8.0,0.0,0,0,0,16.0,0.5,0.0,0,0.0
47,25,10.432,8.0,8.0,0.0,0,0,0,16.0,0.5,0.0,0,0.0
48,25,10.432,8.0,8.0,0.0,0,0,0,16.0,0.5,0.0,0,0.0
49,25,10.432,8.0,8.0,0.0,0,0,0,16.0,0.5,0.0,0,0.0
50,25,10.432,8.0,8.0,0.0,0,0,0,16.0,0.5,0.0,0,0.0
51,25,10.432,8.0,8.0,0.0,0,0,0,16.0,0.5,0.0,0,0.0
52,25,10.432,8.0,8.0,0.0,0,0,0,16.0,0.5,0.0,0,0.0
53,25,13.112,8.0,0.0,0.0,0,0,0,8.0,1.0,0.0,0,0.0
54,25,10.432,8.0,8.0,0.0,0,0,0,16.0,0.5,0.0,0,0.0
55,25,10.432,8.0,8.0,0.0,0,0,0,16.0,0.5,0.0,0,0.0
56,25,10.432,8.0,8.0,0.0,0,0,0,16.0,0.5,0.0,0,0.0
57,25,9.948,8.0,8.0,0.0,0,0,0,16.0,0.5,0.0,0,0.0
58,25,9.948,8.0,8.0,0.0,0,0,0,16.0,0.5,0.0,0,0.0
59,25,6.9636,8.0,0.0,0.0,0,0,0,8.0,1.0,0.0,0,0.3
60,25,9.948,8.0,0.0,0.0,0,0,0,8.0,1.0,0.0,0,0.0
61,25,9.948,8.0,8.0,0.0,0,0,0,16.0,0.5,0.0,0,0.0
62,25,7.3024,8.0,8.0,0.0,0,0,0,16.0,0.5,0.0,0,0.3
63,25,13.112,8.0,0.0,0.0,0,0,0,8.0,1.0,0.0,0,0.0
64,25,10.432,8.0,8.0,0.0,0,0,0,16.0,0.5,0.0,0,0.0
65,25,13.112,8.0,0.0,0.0,0,0,0,8.0,1.0,0.0,0,0.0
66,25,13.112,8.0,0.0,0.0,0,0,0,8.0,1.0,0.0,0,0.0
67,25,10.432,8.0,8.0,0.0,0,0,0,16.0,0.5,0.0,0,0.0
68,25,7.3024,8.0,8.0,0.0,0,0,0,16.0,0.5,0.0,0,0.3
69,25,10.432,8.0,8.0,0.0,0,0,0,16.0,0.5,0.0,0,0.0
70,25,10.432,8.0,8.0,0.0,0,0,0,16.0,0.5,0.0,0,0.0
71,25,10.432,8.0,0.0,0.0,0,0,0,8.0,1.0,0.0,0,0.0
72,25,7.3024,8.0,8.0,0.0,0,0,0,16.0,0.5,0.0,0,0.3
73,25,7.083250489517135,8.0,8.0,0.0,0,0,0,16.0,0.5,0.0,0,0.0
74,25,5.309176810234184,3.2392781026444073,4.760721897355593,0.0,0,0,0,8.0,0.4049097628305509,4.760721897355593,1,0.0
75,25,10.432,8.0,0.0,0.0,0,0,0,8.0,1.0,0.0,0,0.0
77,25,0.6067866173779419,0.6647530865227234,15.335246913477278,0.0,0,0,0,16.0,0.04154706790767021,7.335246913477277,1,0.3
78,25,10.432,8.0,8.0,0.0,0,0,0,16.0,0.5,0.0,0,0.0
79,25,10.432,8.0,8.0,0.0,0,0,0,16.0,0.5,0.0,0,0.0
80,25,10.432,8.0,8.0,0.0,0,0,0,16.0,0.5,0.0,0,0.0
81,25,10.432,8.0,8.0,0.0,0,0,0,16.0,0.5,0.0,0,0.0
82,25,3.110271262629567,1.89766397963976,6.10233602036024,0.0,0,0,0,8.0,0.23720799745497,6.10233602036024,1,0.0
83,25,10.432,8.0,8.0,0.0,0,0,0,16.0,0.5,0.0,0,0.0
84,25,10.432,8.0,8.0,0.0,0,0,0,16.0,0.5,0.0,0,0.0
85,25,10.432,8.0,8.0,0.0,0,0,0,16.0,0.5,0.0,0,0.0
86,25,10.432,8.0,8.0,0.0,0,0,0,16.0,0.5,0.0,0,0.0
87,25,10.432,8.0,8.0,0.0,0,0,0,16.0,0.5,0.0,0,0.0
88,25,10.432,8.0,8.0,0.0,0,0,0,16.0,0.5,0.0,0,0.0
89,25,10.432,8.0,8.0,0.0,0,0,0,16.0,0.5,0.0,0,0.0
90,25,13.112,8.0,0.0,0.0,0,0,0,8.0,1.0,0.0,0,0.0
91,25,10.432,8.0,8.0,0.0,0,0,0,16.0,0.5,0.0,0,0.0
92,25,13.112,8.0,0.0,0.0,0,0,0,8.0,1.0,0.0,0,0.0
93,25,10.432,8.0,0.0,0.0,0,0,0,8.0,1.0,0.0,0,0.0
94,25,10.432,8.0,8.0,0.0,0,0,0,16.0,0.5,0.0,0,0.0
95,25,10.432,8.0,8.0,0.0,0,0,0,16.0,0.5,0.0,0,0.0
96,25,10.432,8.0,8.0,0.0,0,0,0,16.0,0.5,0.0,0,0.0
97,25,10.432,8.0,8.0,0.0,0,0,0,16.0,0.5,0.0,0,0.0
98,25,10.432,8.0,8.0,0.0,0,0,0,16.0,0.5,0.0,0,0.0
99,25,10.432,8.0,8.0,0.0,0,0,0,16.0,0.5,0.0,0,0.0
100,25,0.0,0.0,16.0,0.0,0,0,0,16.0,0.0,0.0,0,0.0
101,25,8.299,8.0,8.0,0.0,0,0,0,16.0,0.5,0.0,0,0.0
102,25,8.299,8.0,0.0,0.0,0,0,0,8.0,1.0,0.0,0,0.0
103,25,8.299,8.0,8.0,0.0,0,0,0,16.0,0.5,0.0,0,0.0
104,25,8.299,8.0,8.0,0.0,0,0,0,16.0,0.5,0.0,0,0.0
105,25,8.299,8.0,8.0,0.0,0,0,0,16.0,0.5,0.0,0,0.0
106,25,8.299,8.0,8.0,0.0,0,0,0,16.0,0.5,0.0,0,0.0
107,25,0.0,0.0,16.0,0.0,0,0,0,16.0,0.0,0.0,0,0.0
108,25,0.0,0.0,16.0,0.0,0,0,0,16.0,0.0,0.0,0,0.0
109,25,0.0,0.0,16.0,0.0,0,0,0,16.0,0.0,0.0,0,0.0
110,25,0.0,0.0,16.0,0.0,0,0,0,16.0,0.0,0.0,0,0.0
111,25,0.0,0.0,16.0,0.0,0,0,0,16.0,0.0,0.0,0,0.0
112,25,0.0,0.0,16.0,0.0,0,0,0,16.0,0.0,0.0,0,0.0
1,26,0.0,0.0,16.0,0.0,0,0,0,16.0,0.0,0.0,0,0.0
2,26,0.0,0.0,16.0,0.0,0,0,0,16.0,0.0,0.0,0,0.0
3,26,0.0,0.0,16.0,0.0,0,0,0,16.0,0.0,0.0,0,0.0
4,26,0.0,0.0,16.0,0.0,0,0,0,16.0,0.0,0.0,0,0.0
5,26,0.0,0.0,16.0,0.0,0,0,0,16.0,0.0,0.0,0,0.0
6,26,0.0,0.0,16.0,0.0,0,0,0,16.0,0.0,0.0,0,0.0
7,26,0.0,0.0,16.0,0.0,0,0,0,16.0,0.0,0.0,0,0.0
8,26,0.0,0.0,16.0,0.0,0,0,0,16.0,0.0,0.0,0,0.0
9,26,0.0,0.0,16.0,0.0,0,0,0,16.0,0.0,0.0,0,0.0
10,26,0.0,0.0,16.0,0.0,0,0,0,16.0,0.0,0.0,0,0.0
11,26,0.0,0.0,8.0,0.0,0,0,0,8.0,0.0,0.0,0,0.0
12,26,8.319,8.0,8.0,0.0,0,0,0,16.0,0.5,0.0,0,0.0
13,26,0.0,0.0,16.0,0.0,0,0,0,16.0,0.0,0.0,0,0.0
14,26,0.0,0.0,16.0,0.0,0,0,0,16.0,0.0,0.0,0,0.0
15,26,0.0,0.0,16.0,0.0,0,0,0,16.0,0.0,0.0,0,0.0
16,26,0.0,0.0,16.0,0.0,0,0,0,16.0,0.0,0.0,0,0.0
17,26,0.0,0.0,8.0,0.0,0,0,0,8.0,0.0,0.0,0,0.0
18,26,0.0,0.0,16.0,0.0,0,0,0,16.0,0.0,0.0,0,0.0
19,26,0.0,0.0,16.0,0.0,0,0,0,16.0,0.0,0.0,0,0.0
20,26,0.0,0.0,8.0,0.0,0,0,0,8.0,0.0,0.0,0,0.0
21,26,0.0,0.0,8.0,0.0,0,0,0,8.0,0.0,0.0,0,0.0
22,26,0.0,0.0,16.0,0.0,0,0,0,16.0,0.0,0.0,0,0.0
23,26,0.0,0.0,16.0,0.0,0,0,0,16.0,0.0,0.0,0,0.0
24,26,0.0,0.0,16.0,0.0,0,0,0,16.0,0.0,0.0,0,0.0
25,26,0.0,0.0,16.0,0.0,0,0,0,16.0,0.0,0.0,0,0.0
26,26,0.0,0.0,16.0,0.0,0,0,0,16.0,0.0,0.0,0,0.0
27,26,0.0,0.0,16.0,0.0,0,0,0,16.0,0.0,0.0,0,0.0
28,26,0.0,0.0,16.0,0.0,0,0,0,16.0,0.0,0.0,0,0.0
29,26,0.0,0.0,16.0,0.0,0,0,0,16.0,0.0,0.0,0,0.0
30,26,0.0,0.0,16.0,0.0,0,0,0,16.0,0.0,0.0,0,0.0
31,26,0.0,0.0,16.0,0.0,0,0,0,16.0,0.0,0.0,0,0.0
32,26,0.0,0.0,16.0,0.0,0,0,0,16.0,0.0,0.0,0,0.0
33,26,0.0,0.0,16.0,0.0,0,0,0,16.0,0.0,0.0,0,0.0
34,26,0.0,0.0,16.0,0.0,0,0,0,16.0,0.0,0.0,0,0.0
35,26,0.0,0.0,8.0,0.0,0,0,0,8.0,0.0,0.0,0,0.0
36,26,0.0,0.0,16.0,0.0,0,0,0,16.0,0.0,0.0,0,0.0
37,26,10.432,8.0,8.0,0.0,0,0,0,16.0,0.5,0.0,0,0.0
38,26,10.432,8.0,8.0,0.0,0,0,0,16.0,0.5,0.0,0,0.0
39,26,10.432,8.0,8.0,0.0,0,0,0,16.0,0.5,0.0,0,0.0
40,26,10.432,8.0,8.0,0.0,0,0,0,16.0,0.5,0.0,0,0.0
41,26,10.432,8.0,8.0,0.0,0,0,0,16.0,0.5,0.0,0,0.0
42,26,10.432,8.0,8.0,0.0,0,0,0,16.0,0.5,0.0,0,0.0
43,26,10.432,8.0,8.0,0.0,0,0,0,16.0,0.5,0.0,0,0.0
44,26,10.432,8.0,0.0,0.0,0,0,0,8.0,1.0,0.0,0,0.0
45,26,4.399478660032205,8.0,8.0,0.0,0,0,0,16.0,0.5,0.0,0,0.3
46,26,10.432,8.0,8.0,0.0,0,0,0,16.0,0.5,0.0,0,0.0
47,26,10.432,8.0,8.0,0.0,0,0,0,16.0,0.5,0.0,0,0.0
48,26,10.432,8.0,8.0,0.0,0,0,0,16.0,0.5,0.0,0,0.0
49,26,10.432,8.0,8.0,0.0,0,0,0,16.0,0.5,0.0,0,0.0
50,26,10.432,8.0,8.0,0.0,0,0,0,16.0,0.5,0.0,0,0.0
51,26,10.432,8.0,8.0,0.0,0,0,0,16.0,0.5,0.0,0,0.0
52,26,10.432,8.0,8.0,0.0,0,0,0,16.0,0.5,0.0,0,0.0
53,26,13.112,8.0,0.0,0.0,0,0,0,8.0,1.0,0.0,0,0.0
54,26,10.432,8.0,8.0,0.0,0,0,0,16.0,0.5,0.0,0,0.0
55,26,7.057976185987446,5.412558424836998,10.587441575163002,0.0,0,0,0,16.0,0.3382849015523124,2.5874415751630018,1,0.0
56,26,10.432,8.0,8.0,0.0,0,0,0,16.0,0.5,0.0,0,0.0
57,26,9.948,8.0,8.0,0.0,0,0,0,16.0,0.5,0.0,0,0.0
58,26,9.948,8.0,8.0,0.0,0,0,0,16.0,0.5,0.0,0,0.0
59,26,9.948,8.0,0.0,0.0,0,0,0,8.0,1.0,0.0,0,0.0
60,26,9.948,8.0,0.0,0.0,0,0,0,8.0,1.0,0.0,0,0.0
61,26,6.9636,8.0,8.0,0.0,0,0,0,16.0,0.5,0.0,0,0.3
62,26,10.432,8.0,8.0,0.0,0,0,0,16.0,0.5,0.0,0,0.0
63,26,13.112,8.0,0.0,0.0,0,0,0,8.0,1.0,0.0,0,0.0
64,26,7.3024,8.0,8.0,0.0,0,0,0,16.0,0.5,0.0,0,0.3
65,26,13.112,8.0,0.0,0.0,0,0,0,8.0,1.0,0.0,0,0.0
66,26,9.1784,8.0,0.0,0.0,0,0,0,8.0,1.0,0.0,0,0.3
67,26,10.432,8.0,8.0,0.0,0,0,0,16.0,0.5,0.0,0,0.0
68,26,10.432,8.0,8.0,0.0,0,0,0,16.0,0.5,0.0,0,0.0
69,26,10.432,8.0,8.0,0.0,0,0,0,16.0,0.5,0.0,0,0.0
70,26,10.432,8.0,8.0,0.0,0,0,0,16.0,0.5,0.0,0,0.0
71,26,10.432,8.0,0.0,0.0,0,0,0,8.0,1.0,0.0,0,0.0
72,26,10.432,8.0,8.0,0.0,0,0,0,16.0,0.5,0.0,0,0.0
73,26,10.432,8.0,8.0,0.0,0,0,0,16.0,0.5,0.0,0,0.0
74,26,13.112,8.0,0.0,0.0,0,0,0,8.0,1.0,0.0,0,0.0
75,26,10.432,8.0,0.0,0.0,0,0,0,8.0,1.0,0.0,0,0.0
77,26,7.817847494180738,8.0,8.0,0.0,0,0,0,16.0,0.5,0.0,0,0.0
78,26,10.432,8.0,8.0,0.0,0,0,0,16.0,0.5,0.0,0,0.0
79,26,10.432,8.0,8.0,0.0,0,0,0,16.0,0.5,0.0,0,0.0
80,26,10.432,8.0,8.0,0.0,0,0,0,16.0,0.5,0.0,0,0.0
81,26,7.3024,8.0,8.0,0.0,0,0,0,16.0,0.5,0.0,0,0.3
82,26,13.112,8.0,0.0,0.0,0,0,0,8.0,1.0,0.0,0,0.0
83,26,10.432,8.0,8.0,0.0,0,0,0,16.0,0.5,0.0,0,0.0
84,26,7.3024,8.0,8.0,0.0,0,0,0,16.0,0.5,0.0,0,0.3
85,26,10.432,8.0,8.0,0.0,0,0,0,16.0,0.5,0.0,0,0.0
86,26,6.718178349710713,5.151977262048092,10.848022737951908,0.0,0,0,0,16.0,0.32199857887800576,2.848022737951908,1,0.0
87,26,10.432,8.0,8.0,0.0,0,0,0,16.0,0.5,0.0,0,0.0
88,26,10.432,8.0,8.0,0.0,0,0,0,16.0,0.5,0.0,0,0.0
89,26,10.432,8.0,8.0,0.0,0,0,0,16.0,0.5,0.0,0,0.0
90,26,13.112,8.0,0.0,0.0,0,0,0,8.0,1.0,0.0,0,0.0
91,26,10.432,8.0,8.0,0.0,0,0,0,16.0,0.5,0.0,0,0.0
92,26,9.1784,8.0,0.0,0.0,0,0,0,8.0,1.0,0.0,0,0.3
93,26,10.432,8.0,0.0,0.0,0,0,0,8.0,1.0,0.0,0,0.0
94,26,10.432,8.0,8.0,0.0,0,0,0,16.0,0.5,0.0,0,0.0
95,26,10.432,8.0,8.0,0.0,0,0,0,16.0,0.5,0.0,0,0.0
96,26,10.432,8.0,8.0,0.0,0,0,0,16.0,0.5,0.0,0,0.0
97,26,10.432,8.0,8.0,0.0,0,0,0,16.0,0.5,0.0,0,0.0
98,26,10.432,8.0,8.0,0.0,0,0,0,16.0,0.5,0.0,0,0.0
99,26,10.432,8.0,8.0,0.0,0,0,0,16.0,0.5,0.0,0,0.0
100,26,0.0,0.0,16.0,0.0,0,0,0,16.0,0.0,0.0,0,0.0
101,26,8.299,8.0,8.0,0.0,0,0,0,16.0,0.5,0.0,0,0.0
102,26,8.299,8.0,0.0,0.0,0,0,0,8.0,1.0,0.0,0,0.0
103,26,8.299,8.0,8.0,0.0,0,0,0,16.0,0.5,0.0,0,0.0
104,26,8.299,8.0,8.0,0.0,0,0,0,16.0,0.5,0.0,0,0.0
105,26,8.299,8.0,8.0,0.0,0,0,0,16.0,0.5,0.0,0,0.0
106,26,8.299,8.0,8.0,0.0,0,0,0,16.0,0.5,0.0,0,0.0
107,26,0.0,0.0,16.0,0.0,0,0,0,16.0,0.0,0.0,0,0.0
108,26,0.0,0.0,16.0,0.0,0,0,0,16.0,0.0,0.0,0,0.0
109,26,0.0,0.0,16.0,0.0,0,0,0,16.0,0.0,0.0,0,0.0
110,26,0.0,0.0,16.0,0.0,0,0,0,16.0,0.0,0.0,0,0.0
111,26,0.0,0.0,16.0,0.0,0,0,0,16.0,0.0,0.0,0,0.0
112,26,0.0,0.0,16.0,0.0,0,0,0,16.0,0.0,0.0,0,0.0
1,27,0.0,0.0,16.0,0.0,0,0,0,16.0,0.0,0.0,0,0.0
2,27,0.0,0.0,16.0,0.0,0,0,0,16.0,0.0,0.0,0,0.0
3,27,0.0,0.0,16.0,0.0,0,0,0,16.0,0.0,0.0,0,0.0
4,27,0.0,0.0,16.0,0.0,0,0,0,16.0,0.0,0.0,0,0.0
5,27,0.0,0.0,16.0,0.0,0,0,0,16.0,0.0,0.0,0,0.0
6,27,0.0,0.0,16.0,0.0,0,0,0,16.0,0.0,0.0,0,0.0
7,27,0.0,0.0,16.0,0.0,0,0,0,16.0,0.0,0.0,0,0.0
8,27,0.0,0.0,16.0,0.0,0,0,0,16.0,0.0,0.0,0,0.0
9,27,0.0,0.0,16.0,0.0,0,0,0,16.0,0.0,0.0,0,0.0
10,27,0.0,0.0,16.0,0.0,0,0,0,16.0,0.0,0.0,0,0.0
11,27,0.0,0.0,8.0,0.0,0,0,0,8.0,0.0,0.0,0,0.0
12,27,2.768523457394379,2.662361781362547,13.337638218637453,0.0,0,0,0,16.0,0.16639761133515918,5.337638218637453,1,0.0
13,27,0.0,0.0,16.0,0.0,0,0,0,16.0,0.0,0.0,0,0.0
14,27,0.0,0.0,16.0,0.0,0,0,0,16.0,0.0,0.0,0,0.0
15,27,0.0,0.0,16.0,0.0,0,0,0,16.0,0.0,0.0,0,0.0
16,27,0.0,0.0,16.0,0.0,0,0,0,16.0,0.0,0.0,0,0.0
17,27,0.0,0.0,8.0,0.0,0,0,0,8.0,0.0,0.0,0,0.0
18,27,0.0,0.0,16.0,0.0,0,0,0,16.0,0.0,0.0,0,0.0
19,27,0.0,0.0,16.0,0.0,0,0,0,16.0,0.0,0.0,0,0.0
20,27,0.0,0.0,8.0,0.0,0,0,0,8.0,0.0,0.0,0,0.0
21,27,0.0,0.0,8.0,0.0,0,0,0,8.0,0.0,0.0,0,0.0
22,27,0.0,0.0,16.0,0.0,0,0,0,16.0,0.0,0.0,0,0.0
23,27,0.0,0.0,16.0,0.0,0,0,0,16.0,0.0,0.0,0,0.0
24,27,0.0,0.0,16.0,0.0,0,0,0,16.0,0.0,0.0,0,0.0
25,27,0.0,0.0,16.0,0.0,0,0,0,16.0,0.0,0.0,0,0.0
26,27,0.0,0.0,16.0,0.0,0,0,0,16.0,0.0,0.0,0,0.0
27,27,0.0,0.0,16.0,0.0,0,0,0,16.0,0.0,0.0,0,0.0
28,27,0.0,0.0,16.0,0.0,0,0,0,16.0,0.0,0.0,0,0.0
29,27,0.0,0.0,16.0,0.0,0,0,0,16.0,0.0,0.0,0,0.0
30,27,0.0,0.0,16.0,0.0,0,0,0,16.0,0.0,0.0,0,0.0
31,27,0.0,0.0,16.0,0.0,0,0,0,16.0,0.0,0.0,0,0.0
32,27,0.0,0.0,16.0,0.0,0,0,0,16.0,0.0,0.0,0,0.0
33,27,0.0,0.0,16.0,0.0,0,0,0,16.0,0.0,0.0,0,0.0
34,27,0.0,0.0,16.0,0.0,0,0,0,16.0,0.0,0.0,0,0.0
35,27,0.0,0.0,8.0,0.0,0,0,0,8.0,0.0,0.0,0,0.0
36,27,0.0,0.0,16.0,0.0,0,0,0,16.0,0.0,0.0,0,0.0
37,27,10.432,8.0,8.0,0.0,0,0,0,16.0,0.5,0.0,0,0.0
38,27,10.432,8.0,8.0,0.0,0,0,0,16.0,0.5,0.0,0,0.0
39,27,10.432,8.0,8.0,0.0,0,0,0,16.0,0.5,0.0,0,0.0
40,27,10.432,8.0,8.0,0.0,0,0,0,16.0,0.5,0.0,0,0.0
41,27,10.432,8.0,8.0,0.0,0,0,0,16.0,0.5,0.0,0,0.0
42,27,7.3024,8.0,8.0,0.0,0,0,0,16.0,0.5,0.0,0,0.3
43,27,10.432,8.0,8.0,0.0,0,0,0,16.0,0.5,0.0,0,0.0
44,27,10.432,8.0,0.0,0.0,0,0,0,8.0,1.0,0.0,0,0.0
45,27,7.6703006187012805,8.0,8.0,0.0,0,0,0,16.0,0.5,0.0,0,0.0
46,27,10.432,8.0,8.0,0.0,0,0,0,16.0,0.5,0.0,0,0.0
47,27,10.432,8.0,8.0,0.0,0,0,0,16.0,0.5,0.0,0,0.0
48,27,10.432,8.0,8.0,0.0,0,0,0,16.0,0.5,0.0,0,0.0
49,27,10.432,8.0,8.0,0.0,0,0,0,16.0,0.5,0.0,0,0.0
50,27,10.432,8.0,8.0,0.0,0,0,0,16.0,0.5,0.0,0,0.0
51,27,7.3024,8.0,8.0,0.0,0,0,0,16.0,0.5,0.0,0,0.3
52,27,10.432,8.0,8.0,0.0,0,0,0,16.0,0.5,0.0,0,0.0
53,27,13.112,8.0,0.0,0.0,0,0,0,8.0,1.0,0.0,0,0.0
54,27,4.760865214285491,8.0,8.0,0.0,0,0,0,16.0,0.5,0.0,0,0.0
55,27,10.432,8.0,8.0,0.0,0,0,0,16.0,0.5,0.0,0,0.0
56,27,10.432,8.0,8.0,0.0,0,0,0,16.0,0.5,0.0,0,0.0
57,27,9.948,8.0,8.0,0.0,0,0,0,16.0,0.5,0.0,0,0.0
58,27,9.948,8.0,8.0,0.0,0,0,0,16.0,0.5,0.0,0,0.0
59,27,9.948,8.0,0.0,0.0,0,0,0,8.0,1.0,0.0,0,0.0
60,27,9.948,8.0,0.0,0.0,0,0,0,8.0,1.0,0.0,0,0.0
61,27,9.948,8.0,8.0,0.0,0,0,0,16.0,0.5,0.0,0,0.0
62,27,10.432,8.0,8.0,0.0,0,0,0,16.0,0.5,0.0,0,0.0
63,27,13.112,8.0,0.0,0.0,0,0,0,8.0,1.0,0.0,0,0.0
64,27,10.432,8.0,8.0,0.0,0,0,0,16.0,0.5,0.0,0,0.0
65,27,13.112,8.0,0.0,0.0,0,0,0,8.0,1.0,0.0,0,0.0
66,27,13.112,8.0,0.0,0.0,0,0,0,8.0,1.0,0.0,0,0.0
67,27,10.432,8.0,8.0,0.0,0,0,0,16.0,0.5,0.0,0,0.0
68,27,10.432,8.0,8.0,0.0,0,0,0,16.0,0.5,0.0,0,0.0
69,27,10.432,8.0,8.0,0.0,0,0,0,16.0,0.5,0.0,0,0.0
70,27,10.432,8.0,8.0,0.0,0,0,0,16.0,0.5,0.0,0,0.0
71,27,10.432,8.0,0.0,0.0,0,0,0,8.0,1.0,0.0,0,0.0
72,27,10.432,8.0,8.0,0.0,0,0,0,16.0,0.5,0.0,0,0.0
73,27,10.432,8.0,8.0,0.0,0,0,0,16.0,0.5,0.0,0,0.0
74,27,9.087339132470861,8.0,0.0,0.0,0,0,0,8.0,1.0,0.0,0,0.0
75,27,10.432,8.0,0.0,0.0,0,0,0,8.0,1.0,0.0,0,0.0
77,27,10.432,8.0,8.0,0.0,0,0,0,16.0,0.5,0.0,0,0.0
78,27,10.432,8.0,8.0,0.0,0,0,0,16.0,0.5,0.0,0,0.0
79,27,4.112561390123423,8.0,8.0,0.0,0,0,0,16.0,0.5,0.0,0,0.3
80,27,10.432,8.0,8.0,0.0,0,0,0,16.0,0.5,0.0,0,0.0
81,27,10.432,8.0,8.0,0.0,0,0,0,16.0,0.5,0.0,0,0.0
82,27,13.112,8.0,0.0,0.0,0,0,0,8.0,1.0,0.0,0,0.0
83,27,10.432,8.0,8.0,0.0,0,0,0,16.0,0.5,0.0,0,0.0
84,27,10.432,8.0,8.0,0.0,0,0,0,16.0,0.5,0.0,0,0.0
85,27,10.432,8.0,8.0,0.0,0,0,0,16.0,0.5,0.0,0,0.0
86,27,7.3024,8.0,8.0,0.0,0,0,0,16.0,0.5,0.0,0,0.3
87,27,10.432,8.0,8.0,0.0,0,0,0,16.0,0.5,0.0,0,0.0
88,27,10.432,8.0,8.0,0.0,0,0,0,16.0,0.5,0.0,0,0.0
89,27,10.432,8.0,8.0,0.0,0,0,0,16.0,0.5,0.0,0,0.0
90,27,13.112,8.0,0.0,0.0,0,0,0,8.0,1.0,0.0,0,0.0
91,27,10.432,8.0,8.0,0.0,0,0,0,16.0,0.5,0.0,0,0.0
92,27,13.112,8.0,0.0,0.0,0,0,0,8.0,1.0,0.0,0,0.0
93,27,10.432,8.0,0.0,0.0,0,0,0,8.0,1.0,0.0,0,0.0
94,27,10.432,8.0,8.0,0.0,0,0,0,16.0,0.5,0.0,0,0.0
95,27,10.432,8.0,8.0,0.0,0,0,0,16.0,0.5,0.0,0,0.0
96,27,10.432,8.0,8.0,0.0,0,0,0,16.0,0.5,0.0,0,0.0
97,27,10.432,8.0,8.0,0.0,0,0,0,16.0,0.5,0.0,0,0.0
98,27,10.432,8.0,8.0,0.0,0,0,0,16.0,0.5,0.0,0,0.0
99,27,10.432,8.0,8.0,0.0,0,0,0,16.0,0.5,0.0,0,0.0
100,27,0.0,0.0,16.0,0.0,0,0,0,16.0,0.0,0.0,0,0.0
101,27,8.299,8.0,8.0,0.0,0,0,0,16.0,0.5,0.0,0,0.0
102,27,5.075745763505506,4.8928745762193095,3.1071254237806905,0.0,0,0,0,8.0,0.6116093220274137,3.10712542378069,1,0.0
103,27,4.141402677784492,8.0,8.0,0.0,0,0,0,16.0,0.5,0.0,0,0.0
104,27,8.299,8.0,8.0,0.0,0,0,0,16.0,0.5,0.0,0,0.0
105,27,8.299,8.0,8.0,0.0,0,0,0,16.0,0.5,0.0,0,0.0
106,27,8.299,8.0,8.0,0.0,0,0,0,16.0,0.5,0.0,0,0.0
107,27,0.0,0.0,16.0,0.0,0,0,0,16.0,0.0,0.0,0,0.0
108,27,0.0,0.0,16.0,0.0,0,0,0,16.0,0.0,0.0,0,0.0
109,27,0.0,0.0,16.0,0.0,0,0,0,16.0,0.0,0.0,0,0.0
110,27,0.0,0.0,16.0,0.0,0,0,0,16.0,0.0,0.0,0,0.0
111,27,0.0,0.0,16.0,0.0,0,0,0,16.0,0.0,0.0,0,0.0
112,27,0.0,0.0,16.0,0.0,0,0,0,16.0,0.0,0.0,0,0.0
1,28,0.0,0.0,16.0,0.0,0,0,0,16.0,0.0,0.0,0,0.0
2,28,0.0,0.0,16.0,0.0,0,0,0,16.0,0.0,0.0,0,0.0
3,28,0.0,0.0,16.0,0.0,0,0,0,16.0,0.0,0.0,0,0.0
4,28,0.0,0.0,16.0,0.0,0,0,0,16.0,0.0,0.0,0,0.0
5,28,0.0,0.0,16.0,0.0,0,0,0,16.0,0.0,0.0,0,0.0
6,28,0.0,0.0,16.0,0.0,0,0,0,16.0,0.0,0.0,0,0.0
7,28,0.0,0.0,16.0,0.0,0,0,0,16.0,0.0,0.0,0,0.0
8,28,0.0,0.0,16.0,0.0,0,0,0,16.0,0.0,0.0,0,0.0
9,28,0.0,0.0,16.0,0.0,0,0,0,16.0,0.0,0.0,0,0.0
10,28,0.0,0.0,16.0,0.0,0,0,0,16.0,0.0,0.0,0,0.0
11,28,0.0,0.0,8.0,0.0,0,0,0,8.0,0.0,0.0,0,0.0
12,28,8.319,8.0,8.0,0.0,0,0,0,16.0,0.5,0.0,0,0.0
13,28,0.0,0.0,16.0,0.0,0,0,0,16.0,0.0,0.0,0,0.0
14,28,0.0,0.0,16.0,0.0,0,0,0,16.0,0.0,0.0,0,0.0
15,28,0.0,0.0,16.0,0.0,0,0,0,16.0,0.0,0.0,0,0.0
16,28,0.0,0.0,16.0,0.0,0,0,0,16.0,0.0,0.0,0,0.0
17,28,0.0,0.0,8.0,0.0,0,0,0,8.0,0.0,0.0,0,0.0
18,28,0.0,0.0,16.0,0.0,0,0,0,16.0,0.0,0.0,0,0.0
19,28,0.0,0.0,16.0,0.0,0,0,0,16.0,0.0,0.0,0,0.0
20,28,0.0,0.0,8.0,0.0,0,0,0,8.0,0.0,0.0,0,0.0
21,28,0.0,0.0,8.0,0.0,0,0,0,8.0,0.0,0.0,0,0.0
22,28,0.0,0.0,16.0,0.0,0,0,0,16.0,0.0,0.0,0,0.0
23,28,0.0,0.0,16.0,0.0,0,0,0,16.0,0.0,0.0,0,0.0
24,28,0.0,0.0,16.0,0.0,0,0,0,16.0,0.0,0.0,0,0.0
25,28,0.0,0.0,16.0,0.0,0,0,0,16.0,0.0,0.0,0,0.0
26,28,0.0,0.0,16.0,0.0,0,0,0,16.0,0.0,0.0,0,0.0
27,28,0.0,0.0,16.0,0.0,0,0,0,16.0,0.0,0.0,0,0.0
28,28,0.0,0.0,16.0,0.0,0,0,0,16.0,0.0,0.0,0,0.0
29,28,0.0,0.0,16.0,0.0,0,0,0,16.0,0.0,0.0,0,0.0
30,28,0.0,0.0,16.0,0.0,0,0,0,16.0,0.0,0.0,0,0.0
31,28,0.0,0.0,16.0,0.0,0,0,0,16.0,0.0,0.0,0,0.0
32,28,0.0,0.0,16.0,0.0,0,0,0,16.0,0.0,0.0,0,0.0
33,28,0.0,0.0,16.0,0.0,0,0,0,16.0,0.0,0.0,0,0.0
34,28,0.0,0.0,16.0,0.0,0,0,0,16.0,0.0,0.0,0,0.0
35,28,0.0,0.0,8.0,0.0,0,0,0,8.0,0.0,0.0,0,0.0
36,28,0.0,0.0,16.0,0.0,0,0,0,16.0,0.0,0.0,0,0.0
37,28,10.432,8.0,8.0,0.0,0,0,0,16.0,0.5,0.0,0,0.0
38,28,10.432,8.0,8.0,0.0,0,0,0,16.0,0.5,0.0,0,0.0
39,28,10.432,8.0,8.0,0.0,0,0,0,16.0,0.5,0.0,0,0.0
40,28,10.432,8.0,8.0,0.0,0,0,0,16.0,0.5,0.0,0,0.0
41,28,10.432,8.0,8.0,0.0,0,0,0,16.0,0.5,0.0,0,0.0
42,28,5.6095034184909505,4.301766425223121,11.698233574776879,0.0,0,0,0,16.0,0.2688604015764451,3.698233574776878,1,0.0
43,28,7.3024,8.0,8.0,0.0,0,0,0,16.0,0.5,0.0,0,0.3
44,28,10.432,8.0,0.0,0.0,0,0,0,8.0,1.0,0.0,0,0.0
45,28,3.1325211351865634,2.402240134345524,13.597759865654476,0.0,0,0,0,16.0,0.15014000839659525,5.597759865654476,1,0.0
46,28,10.432,8.0,8.0,0.0,0,0,0,16.0,0.5,0.0,0,0.0
47,28,10.432,8.0,8.0,0.0,0,0,0,16.0,0.5,0.0,0,0.0
48,28,10.432,8.0,8.0,0.0,0,0,0,16.0,0.5,0.0,0,0.0
49,28,10.432,8.0,8.0,0.0,0,0,0,16.0,0.5,0.0,0,0.0
50,28,10.432,8.0,8.0,0.0,0,0,0,16.0,0.5,0.0,0,0.0
51,28,10.432,8.0,8.0,0.0,0,0,0,16.0,0.5,0.0,0,0.0
52,28,1.386550967739083,1.5190085097930357,14.480991490206964,0.0,0,0,0,16.0,0.09493803186206473,6.480991490206964,1,0.3
53,28,13.112,8.0,0.0,0.0,0,0,0,8.0,1.0,0.0,0,0.0
54,28,10.432,8.0,8.0,0.0,0,0,0,16.0,0.5,0.0,0,0.0
55,28,2.317285031746799,2.538655819179228,13.461344180820772,0.0,0,0,0,16.0,0.15866598869870174,5.461344180820772,1,0.3
56,28,10.432,8.0,8.0,0.0,0,0,0,16.0,0.5,0.0,0,0.0
57,28,9.948,8.0,8.0,0.0,0,0,0,16.0,0.5,0.0,0,0.0
58,28,9.948,8.0,8.0,0.0,0,0,0,16.0,0.5,0.0,0,0.0
59,28,9.948,8.0,0.0,0.0,0,0,0,8.0,1.0,0.0,0,0.0
60,28,9.948,8.0,0.0,0.0,0,0,0,8.0,1.0,0.0,0,0.0
61,28,9.948,8.0,8.0,0.0,0,0,0,16.0,0.5,0.0,0,0.0
62,28,6.0847502653198395,8.0,8.0,0.0,0,0,0,16.0,0.5,0.0,0,0.0
63,28,13.112,8.0,0.0,0.0,0,0,0,8.0,1.0,0.0,0,0.0
64,28,10.432,8.0,8.0,0.0,0,0,0,16.0,0.5,0.0,0,0.0
65,28,13.112,8.0,0.0,0.0,0,0,0,8.0,1.0,0.0,0,0.0
66,28,13.112,8.0,0.0,0.0,0,0,0,8.0,1.0,0.0,0,0.0
67,28,10.432,8.0,8.0,0.0,0,0,0,16.0,0.5,0.0,0,0.0
68,28,10.432,8.0,8.0,0.0,0,0,0,16.0,0.5,0.0,0,0.0
69,28,10.432,8.0,8.0,0.0,0,0,0,16.0,0.5,0.0,0,0.0
70,28,10.432,8.0,8.0,0.0,0,0,0,16.0,0.5,0.0,0,0.0
71,28,10.432,8.0,0.0,0.0,0,0,0,8.0,1.0,0.0,0,0.0
72,28,7.3024,8.0,8.0,0.0,0,0,0,16.0,0.5,0.0,0,0.3
73,28,10.432,8.0,8.0,0.0,0,0,0,16.0,0.5,0.0,0,0.0
74,28,13.112,8.0,0.0,0.0,0,0,0,8.0,1.0,0.0,0,0.0
75,28,7.3024,8.0,0.0,0.0,0,0,0,8.0,1.0,0.0,0,0.3
77,28,10.432,8.0,8.0,0.0,0,0,0,16.0,0.5,0.0,0,0.0
78,28,10.432,8.0,8.0,0.0,0,0,0,16.0,0.5,0.0,0,0.0
79,28,10.432,8.0,8.0,0.0,0,0,0,16.0,0.5,0.0,0,0.0
80,28,4.339691181656078,3.3279840350123298,12.67201596498767,0.0,0,0,0,16.0,0.2079990021882706,4.67201596498767,1,0.0
81,28,10.432,8.0,8.0,0.0,0,0,0,16.0,0.5,0.0,0,0.0
82,28,13.112,8.0,0.0,0.0,0,0,0,8.0,1.0,0.0,0,0.0
83,28,7.6888880203377825,8.0,8.0,0.0,0,0,0,16.0,0.5,0.0,0,0.0
84,28,6.699517140620223,8.0,8.0,0.0,0,0,0,16.0,0.5,0.0,0,0.0
85,28,10.432,8.0,8.0,0.0,0,0,0,16.0,0.5,0.0,0,0.0
86,28,4.6776505443889445,3.5871553254516444,12.412844674548356,0.0,0,0,0,16.0,0.22419720784072777,4.412844674548356,1,0.0
87,28,10.432,8.0,8.0,0.0,0,0,0,16.0,0.5,0.0,0,0.0
88,28,10.432,8.0,8.0,0.0,0,0,0,16.0,0.5,0.0,0,0.0
89,28,7.3024,8.0,8.0,0.0,0,0,0,16.0,0.5,0.0,0,0.3
90,28,13.112,8.0,0.0,0.0,0,0,0,8.0,1.0,0.0,0,0.0
91,28,10.432,8.0,8.0,0.0,0,0,0,16.0,0.5,0.0,0,0.0
92,28,13.112,8.0,0.0,0.0,0,0,0,8.0,1.0,0.0,0,0.0
93,28,10.432,8.0,0.0,0.0,0,0,0,8.0,1.0,0.0,0,0.0
94,28,10.432,8.0,8.0,0.0,0,0,0,16.0,0.5,0.0,0,0.0
95,28,10.432,8.0,8.0,0.0,0,0,0,16.0,0.5,0.0,0,0.0
96,28,10.432,8.0,8.0,0.0,0,0,0,16.0,0.5,0.0,0,0.0
97,28,10.432,8.0,8.0,0.0,0,0,0,16.0,0.5,0.0,0,0.0
98,28,10.432,8.0,8.0,0.0,0,0,0,16.0,0.5,0.0,0,0.0
99,28,10.432,8.0,8.0,0.0,0,0,0,16.0,0.5,0.0,0,0.0
100,28,0.0,0.0,16.0,0.0,0,0,0,16.0,0.0,0.0,0,0.0
101,28,8.299,8.0,8.0,0.0,0,0,0,16.0,0.5,0.0,0,0.0
102,28,8.299,8.0,0.0,0.0,0,0,0,8.0,1.0,0.0,0,0.0
103,28,8.299,8.0,8.0,0.0,0,0,0,16.0,0.5,0.0,0,0.0
104,28,8.299,8.0,8.0,0.0,0,0,0,16.0,0.5,0.0,0,0.0
105,28,5.8092999999999995,8.0,8.0,0.0,0,0,0,16.0,0.5,0.0,0,0.3
106,28,8.299,8.0,8.0,0.0,0,0,0,16.0,0.5,0.0,0,0.0
107,28,0.0,0.0,16.0,0.0,0,0,0,16.0,0.0,0.0,0,0.0
108,28,0.0,0.0,16.0,0.0,0,0,0,16.0,0.0,0.0,0,0.0
109,28,0.0,0.0,16.0,0.0,0,0,0,16.0,0.0,0.0,0,0.0
110,28,0.0,0.0,16.0,0.0,0,0,0,16.0,0.0,0.0,0,0.0
111,28,0.0,0.0,16.0,0.0,0,0,0,16.0,0.0,0.0,0,0.0
112,28,0.0,0.0,16.0,0.0,0,0,0,16.0,0.0,0.0,0,0.0
1,29,0.0,0.0,16.0,0.0,0,0,0,16.0,0.0,0.0,0,0.0
2,29,0.0,0.0,16.0,0.0,0,0,0,16.0,0.0,0.0,0,0.0
3,29,0.0,0.0,16.0,0.0,0,0,0,16.0,0.0,0.0,0,0.0
4,29,0.0,0.0,16.0,0.0,0,0,0,16.0,0.0,0.0,0,0.0
5,29,0.0,0.0,16.0,0.0,0,0,0,16.0,0.0,0.0,0,0.0
6,29,0.0,0.0,16.0,0.0,0,0,0,16.0,0.0,0.0,0,0.0
7,29,0.0,0.0,16.0,0.0,0,0,0,16.0,0.0,0.0,0,0.0
8,29,0.0,0.0,16.0,0.0,0,0,0,16.0,0.0,0.0,0,0.0
9,29,0.0,0.0,16.0,0.0,0,0,0,16.0,0.0,0.0,0,0.0
10,29,0.0,0.0,16.0,0.0,0,0,0,16.0,0.0,0.0,0,0.0
11,29,0.0,0.0,8.0,0.0,0,0,0,8.0,0.0,0.0,0,0.0
12,29,8.319,8.0,8.0,0.0,0,0,0,16.0,0.5,0.0,0,0.0
13,29,0.0,0.0,16.0,0.0,0,0,0,16.0,0.0,0.0,0,0.0
14,29,0.0,0.0,16.0,0.0,0,0,0,16.0,0.0,0.0,0,0.0
15,29,0.0,0.0,16.0,0.0,0,0,0,16.0,0.0,0.0,0,0.0
16,29,0.0,0.0,16.0,0.0,0,0,0,16.0,0.0,0.0,0,0.0
17,29,0.0,0.0,8.0,0.0,0,0,0,8.0,0.0,0.0,0,0.0
18,29,0.0,0.0,16.0,0.0,0,0,0,16.0,0.0,0.0,0,0.0
19,29,0.0,0.0,16.0,0.0,0,0,0,16.0,0.0,0.0,0,0.0
20,29,0.0,0.0,8.0,0.0,0,0,0,8.0,0.0,0.0,0,0.0
21,29,0.0,0.0,8.0,0.0,0,0,0,8.0,0.0,0.0,0,0.0
22,29,0.0,0.0,16.0,0.0,0,0,0,16.0,0.0,0.0,0,0.0
23,29,0.0,0.0,16.0,0.0,0,0,0,16.0,0.0,0.0,0,0.0
24,29,0.0,0.0,16.0,0.0,0,0,0,16.0,0.0,0.0,0,0.0
25,29,0.0,0.0,16.0,0.0,0,0,0,16.0,0.0,0.0,0,0.0
26,29,0.0,0.0,16.0,0.0,0,0,0,16.0,0.0,0.0,0,0.0
27,29,0.0,0.0,16.0,0.0,0,0,0,16.0,0.0,0.0,0,0.0
28,29,0.0,0.0,16.0,0.0,0,0,0,16.0,0.0,0.0,0,0.0
29,29,0.0,0.0,16.0,0.0,0,0,0,16.0,0.0,0.0,0,0.0
30,29,0.0,0.0,16.0,0.0,0,0,0,16.0,0.0,0.0,0,0.0
31,29,0.0,0.0,16.0,0.0,0,0,0,16.0,0.0,0.0,0,0.0
32,29,0.0,0.0,16.0,0.0,0,0,0,16.0,0.0,0.0,0,0.0
33,29,0.0,0.0,16.0,0.0,0,0,0,16.0,0.0,0.0,0,0.0
34,29,0.0,0.0,16.0,0.0,0,0,0,16.0,0.0,0.0,0,0.0
35,29,0.0,0.0,8.0,0.0,0,0,0,8.0,0.0,0.0,0,0.0
36,29,0.0,0.0,16.0,0.0,0,0,0,16.0,0.0,0.0,0,0.0
37,29,10.432,8.0,8.0,0.0,0,0,0,16.0,0.5,0.0,0,0.0
38,29,3.455175253771494,3.785248963378061,12.214751036621939,0.0,0,0,0,16.0,0.23657806021112882,4.214751036621939,1,0.3
39,29,5.2786606463326535,8.0,8.0,0.0,0,0,0,16.0,0.5,0.0,0,0.0
40,29,10.432,8.0,8.0,0.0,0,0,0,16.0,0.5,0.0,0,0.0
41,29,10.432,8.0,8.0,0.0,0,0,0,16.0,0.5,0.0,0,0.0
42,29,10.432,8.0,8.0,0.0,0,0,0,16.0,0.5,0.0,0,0.0
43,29,10.432,8.0,8.0,0.0,0,0,0,16.0,0.5,0.0,0,0.0
44,29,10.432,8.0,0.0,0.0,0,0,0,8.0,1.0,0.0,0,0.0
45,29,10.432,8.0,8.0,0.0,0,0,0,16.0,0.5,0.0,0,0.0
46,29,10.432,8.0,8.0,0.0,0,0,0,16.0,0.5,0.0,0,0.0
47,29,10.432,8.0,8.0,0.0,0,0,0,16.0,0.5,0.0,0,0.0
48,29,10.432,8.0,8.0,0.0,0,0,0,16.0,0.5,0.0,0,0.0
49,29,10.432,8.0,8.0,0.0,0,0,0,16.0,0.5,0.0,0,0.0
50,29,10.432,8.0,8.0,0.0,0,0,0,16.0,0.5,0.0,0,0.0
51,29,10.432,8.0,8.0,0.0,0,0,0,16.0,0.5,0.0,0,0.0
52,29,10.432,8.0,8.0,0.0,0,0,0,16.0,0.5,0.0,0,0.0
53,29,13.112,8.0,0.0,0.0,0,0,0,8.0,1.0,0.0,0,0.0
54,29,10.432,8.0,8.0,0.0,0,0,0,16.0,0.5,0.0,0,0.0
55,29,10.432,8.0,8.0,0.0,0,0,0,16.0,0.5,0.0,0,0.0
56,29,10.432,8.0,8.0,0.0,0,0,0,16.0,0.5,0.0,0,0.0
57,29,2.431692963150985,3.0705297850602964,12.929470214939704,0.0,0,0,0,16.0,0.19190811156626852,4.929470214939704,1,0.0
58,29,6.721964037195898,8.0,8.0,0.0,0,0,0,16.0,0.5,0.0,0,0.0
59,29,9.948,8.0,0.0,0.0,0,0,0,8.0,1.0,0.0,0,0.0
60,29,6.9636,8.0,0.0,0.0,0,0,0,8.0,1.0,0.0,0,0.3
61,29,9.948,8.0,8.0,0.0,0,0,0,16.0,0.5,0.0,0,0.0
62,29,10.432,8.0,8.0,0.0,0,0,0,16.0,0.5,0.0,0,0.0
63,29,13.112,8.0,0.0,0.0,0,0,0,8.0,1.0,0.0,0,0.0
64,29,7.103302243581529,5.447317671458228,10.552682328541772,0.0,0,0,0,16.0,0.34045735446613923,2.5526823285417723,1,0.0
65,29,9.1784,8.0,0.0,0.0,0,0,0,8.0,1.0,0.0,0,0.3
66,29,13.112,8.0,0.0,0.0,0,0,0,8.0,1.0,0.0,0,0.0
67,29,10.432,8.0,8.0,0.0,0,0,0,16.0,0.5,0.0,0,0.0
68,29,7.3024,8.0,8.0,0.0,0,0,0,16.0,0.5,0.0,0,0.3
69,29,10.432,8.0,8.0,0.0,0,0,0,16.0,0.5,0.0,0,0.0
70,29,10.432,8.0,8.0,0.0,0,0,0,16.0,0.5,0.0,0,0.0
71,29,10.432,8.0,0.0,0.0,0,0,0,8.0,1.0,0.0,0,0.0
72,29,10.432,8.0,8.0,0.0,0,0,0,16.0,0.5,0.0,0,0.0
73,29,10.432,8.0,8.0,0.0,0,0,0,16.0,0.5,0.0,0,0.0
74,29,13.112,8.0,0.0,0.0,0,0,0,8.0,1.0,0.0,0,0.0
75,29,10.432,8.0,0.0,0.0,0,0,0,8.0,1.0,0.0,0,0.0
77,29,10.432,8.0,8.0,0.0,0,0,0,16.0,0.5,0.0,0,0.0
78,29,3.975944048597307,3.0490368470838245,12.950963152916176,0.0,0,0,0,16.0,0.19056480294273903,4.9509631529161755,1,0.0
79,29,10.432,8.0,8.0,0.0,0,0,0,16.0,0.5,0.0,0,0.0
80,29,10.432,8.0,8.0,0.0,0,0,0,16.0,0.5,0.0,0,0.0
81,29,10.432,8.0,8.0,0.0,0,0,0,16.0,0.5,0.0,0,0.0
82,29,13.112,8.0,0.0,0.0,0,0,0,8.0,1.0,0.0,0,0.0
83,29,10.432,8.0,8.0,0.0,0,0,0,16.0,0.5,0.0,0,0.0
84,29,10.432,8.0,8.0,0.0,0,0,0,16.0,0.5,0.0,0,0.0
85,29,3.9509321774451642,3.029855964298439,12.970144035701562,0.0,0,0,0,16.0,0.18936599776865243,4.970144035701561,1,0.0
86,29,5.80878309997371,4.454588266851005,11.545411733148995,0.0,0,0,0,16.0,0.2784117666781878,3.5454117331489954,1,0.0
87,29,4.910580564369524,8.0,8.0,0.0,0,0,0,16.0,0.5,0.0,0,0.0
88,29,7.3024,8.0,8.0,0.0,0,0,0,16.0,0.5,0.0,0,0.3
89,29,10.432,8.0,8.0,0.0,0,0,0,16.0,0.5,0.0,0,0.0
90,29,4.896715759921855,2.9876240145953963,5.012375985404604,0.0,0,0,0,8.0,0.37345300182442454,5.012375985404604,1,0.0
91,29,10.432,8.0,8.0,0.0,0,0,0,16.0,0.5,0.0,0,0.0
92,29,9.1784,8.0,0.0,0.0,0,0,0,8.0,1.0,0.0,0,0.3
93,29,10.432,8.0,0.0,0.0,0,0,0,8.0,1.0,0.0,0,0.0
94,29,10.432,8.0,8.0,0.0,0,0,0,16.0,0.5,0.0,0,0.0
95,29,10.432,8.0,8.0,0.0,0,0,0,16.0,0.5,0.0,0,0.0
96,29,10.432,8.0,8.0,0.0,0,0,0,16.0,0.5,0.0,0,0.0
97,29,10.432,8.0,8.0,0.0,0,0,0,16.0,0.5,0.0,0,0.0
98,29,10.432,8.0,8.0,0.0,0,0,0,16.0,0.5,0.0,0,0.0
99,29,10.432,8.0,8.0,0.0,0,0,0,16.0,0.5,0.0,0,0.0
100,29,0.0,0.0,16.0,0.0,0,0,0,16.0,0.0,0.0,0,0.0
101,29,8.299,8.0,8.0,0.0,0,0,0,16.0,0.5,0.0,0,0.0
102,29,8.299,8.0,0.0,0.0,0,0,0,8.0,1.0,0.0,0,0.0
103,29,8.299,8.0,8.0,0.0,0,0,0,16.0,0.5,0.0,0,0.0
104,29,8.299,8.0,8.0,0.0,0,0,0,16.0,0.5,0.0,0,0.0
105,29,8.299,8.0,8.0,0.0,0,0,0,16.0,0.5,0.0,0,0.0
106,29,8.299,8.0,8.0,0.0,0,0,0,16.0,0.5,0.0,0,0.0
107,29,0.0,0.0,16.0,0.0,0,0,0,16.0,0.0,0.0,0,0.0
108,29,0.0,0.0,16.0,0.0,0,0,0,16.0,0.0,0.0,0,0.0
109,29,0.0,0.0,16.0,0.0,0,0,0,16.0,0.0,0.0,0,0.0
110,29,0.0,0.0,16.0,0.0,0,0,0,16.0,0.0,0.0,0,0.0
111,29,0.0,0.0,16.0,0.0,0,0,0,16.0,0.0,0.0,0,0.0
112,29,0.0,0.0,16.0,0.0,0,0,0,16.0,0.0,0.0,0,0.0
1,30,0.0,0.0,16.0,0.0,0,0,0,16.0,0.0,0.0,0,0.0
2,30,0.0,0.0,16.0,0.0,0,0,0,16.0,0.0,0.0,0,0.0
3,30,0.0,0.0,16.0,0.0,0,0,0,16.0,0.0,0.0,0,0.0
4,30,0.0,0.0,16.0,0.0,0,0,0,16.0,0.0,0.0,0,0.0
5,30,0.0,0.0,16.0,0.0,0,0,0,16.0,0.0,0.0,0,0.0
6,30,0.0,0.0,16.0,0.0,0,0,0,16.0,0.0,0.0,0,0.0
7,30,0.0,0.0,16.0,0.0,0,0,0,16.0,0.0,0.0,0,0.0
8,30,0.0,0.0,16.0,0.0,0,0,0,16.0,0.0,0.0,0,0.0
9,30,0.0,0.0,16.0,0.0,0,0,0,16.0,0.0,0.0,0,0.0
10,30,0.0,0.0,16.0,0.0,0,0,0,16.0,0.0,0.0,0,0.0
11,30,0.0,0.0,8.0,0.0,0,0,0,8.0,0.0,0.0,0,0.0
12,30,8.319,8.0,8.0,0.0,0,0,0,16.0,0.5,0.0,0,0.0
13,30,0.0,0.0,16.0,0.0,0,0,0,16.0,0.0,0.0,0,0.0
14,30,0.0,0.0,16.0,0.0,0,0,0,16.0,0.0,0.0,0,0.0
15,30,0.0,0.0,16.0,0.0,0,0,0,16.0,0.0,0.0,0,0.0
16,30,0.0,0.0,16.0,0.0,0,0,0,16.0,0.0,0.0,0,0.0
17,30,0.0,0.0,8.0,0.0,0,0,0,8.0,0.0,0.0,0,0.0
18,30,0.0,0.0,16.0,0.0,0,0,0,16.0,0.0,0.0,0,0.0
19,30,0.0,0.0,16.0,0.0,0,0,0,16.0,0.0,0.0,0,0.0
20,30,0.0,0.0,8.0,0.0,0,0,0,8.0,0.0,0.0,0,0.0
21,30,0.0,0.0,8.0,0.0,0,0,0,8.0,0.0,0.0,0,0.0
22,30,0.0,0.0,16.0,0.0,0,0,0,16.0,0.0,0.0,0,0.0
23,30,0.0,0.0,16.0,0.0,0,0,0,16.0,0.0,0.0,0,0.0
24,30,0.0,0.0,16.0,0.0,0,0,0,16.0,0.0,0.0,0,0.0
25,30,0.0,0.0,16.0,0.0,0,0,0,16.0,0.0,0.0,0,0.0
26,30,0.0,0.0,16.0,0.0,0,0,0,16.0,0.0,0.0,0,0.0
27,30,0.0,0.0,16.0,0.0,0,0,0,16.0,0.0,0.0,0,0.0
28,30,0.0,0.0,16.0,0.0,0,0,0,16.0,0.0,0.0,0,0.0
29,30,0.0,0.0,16.0,0.0,0,0,0,16.0,0.0,0.0,0,0.0
30,30,0.0,0.0,16.0,0.0,0,0,0,16.0,0.0,0.0,0,0.0
31,30,0.0,0.0,16.0,0.0,0,0,0,16.0,0.0,0.0,0,0.0
32,30,0.0,0.0,16.0,0.0,0,0,0,16.0,0.0,0.0,0,0.0
33,30,0.0,0.0,16.0,0.0,0,0,0,16.0,0.0,0.0,0,0.0
34,30,0.0,0.0,16.0,0.0,0,0,0,16.0,0.0,0.0,0,0.0
35,30,0.0,0.0,8.0,0.0,0,0,0,8.0,0.0,0.0,0,0.0
36,30,0.0,0.0,16.0,0.0,0,0,0,16.0,0.0,0.0,0,0.0
37,30,10.432,8.0,8.0,0.0,0,0,0,16.0,0.5,0.0,0,0.0
38,30,10.432,8.0,8.0,0.0,0,0,0,16.0,0.5,0.0,0,0.0
39,30,10.432,8.0,8.0,0.0,0,0,0,16.0,0.5,0.0,0,0.0
40,30,10.432,8.0,8.0,0.0,0,0,0,16.0,0.5,0.0,0,0.0
41,30,10.432,8.0,8.0,0.0,0,0,0,16.0,0.5,0.0,0,0.0
42,30,7.3024,8.0,8.0,0.0,0,0,0,16.0,0.5,0.0,0,0.3
43,30,10.432,8.0,8.0,0.0,0,0,0,16.0,0.5,0.0,0,0.0
44,30,10.432,8.0,0.0,0.0,0,0,0,8.0,1.0,0.0,0,0.0
45,30,4.088982237792222,3.135722574994035,12.864277425005966,0.0,0,0,0,16.0,0.19598266093712718,4.864277425005965,1,0.0
46,30,10.432,8.0,8.0,0.0,0,0,0,16.0,0.5,0.0,0,0.0
47,30,10.432,8.0,8.0,0.0,0,0,0,16.0,0.5,0.0,0,0.0
48,30,10.432,8.0,8.0,0.0,0,0,0,16.0,0.5,0.0,0,0.0
49,30,10.432,8.0,8.0,0.0,0,0,0,16.0,0.5,0.0,0,0.0
50,30,10.432,8.0,8.0,0.0,0,0,0,16.0,0.5,0.0,0,0.0
51,30,10.432,8.0,8.0,0.0,0,0,0,16.0,0.5,0.0,0,0.0
52,30,10.432,8.0,8.0,0.0,0,0,0,16.0,0.5,0.0,0,0.0
53,30,13.112,8.0,0.0,0.0,0,0,0,8.0,1.0,0.0,0,0.0
54,30,10.432,8.0,8.0,0.0,0,0,0,16.0,0.5,0.0,0,0.0
55,30,7.3024,8.0,8.0,0.0,0,0,0,16.0,0.5,0.0,0,0.3
56,30,10.432,8.0,8.0,0.0,0,0,0,16.0,0.5,0.0,0,0.0
57,30,9.948,8.0,8.0,0.0,0,0,0,16.0,0.5,0.0,0,0.0
58,30,9.948,8.0,8.0,0.0,0,0,0,16.0,0.5,0.0,0,0.0
59,30,9.948,8.0,0.0,0.0,0,0,0,8.0,1.0,0.0,0,0.0
60,30,9.948,8.0,0.0,0.0,0,0,0,8.0,1.0,0.0,0,0.0
61,30,9.948,8.0,8.0,0.0,0,0,0,16.0,0.5,0.0,0,0.0
62,30,10.432,8.0,8.0,0.0,0,0,0,16.0,0.5,0.0,0,0.0
63,30,13.112,8.0,0.0,0.0,0,0,0,8.0,1.0,0.0,0,0.0
64,30,10.432,8.0,8.0,0.0,0,0,0,16.0,0.5,0.0,0,0.0
65,30,13.112,8.0,0.0,0.0,0,0,0,8.0,1.0,0.0,0,0.0
66,30,13.112,8.0,0.0,0.0,0,0,0,8.0,1.0,0.0,0,0.0
67,30,10.432,8.0,8.0,0.0,0,0,0,16.0,0.5,0.0,0,0.0
68,30,10.432,8.0,8.0,0.0,0,0,0,16.0,0.5,0.0,0,0.0
69,30,10.432,8.0,8.0,0.0,0,0,0,16.0,0.5,0.0,0,0.0
70,30,10.432,8.0,8.0,0.0,0,0,0,16.0,0.5,0.0,0,0.0
71,30,10.432,8.0,0.0,0.0,0,0,0,8.0,1.0,0.0,0,0.0
72,30,10.432,8.0,8.0,0.0,0,0,0,16.0,0.5,0.0,0,0.0
73,30,10.432,8.0,8.0,0.0,0,0,0,16.0,0.5,0.0,0,0.0
74,30,9.1784,8.0,0.0,0.0,0,0,0,8.0,1.0,0.0,0,0.3
75,30,10.432,8.0,0.0,0.0,0,0,0,8.0,1.0,0.0,0,0.0
77,30,7.3024,8.0,8.0,0.0,0,0,0,16.0,0.5,0.0,0,0.3
78,30,10.432,8.0,8.0,0.0,0,0,0,16.0,0.5,0.0,0,0.0
79,30,10.432,8.0,8.0,0.0,0,0,0,16.0,0.5,0.0,0,0.0
80,30,3.3213598466235976,5.465501974349649,10.53449802565035,0.0,0,0,0,16.0,0.34159387339685304,2.5344980256503513,1,0.0
81,30,10.432,8.0,8.0,0.0,0,0,0,16.0,0.5,0.0,0,0.0
82,30,9.1784,8.0,0.0,0.0,0,0,0,8.0,1.0,0.0,0,0.3
83,30,10.432,8.0,8.0,0.0,0,0,0,16.0,0.5,0.0,0,0.0
84,30,10.432,8.0,8.0,0.0,0,0,0,16.0,0.5,0.0,0,0.0
85,30,8.129760613624054,6.234478998177956,9.765521001822044,0.0,0,0,0,16.0,0.3896549373861222,1.765521001822044,1,0.0
86,30,10.432,8.0,8.0,0.0,0,0,0,16.0,0.5,0.0,0,0.0
87,30,10.432,8.0,8.0,0.0,0,0,0,16.0,0.5,0.0,0,0.0
88,30,10.432,8.0,8.0,0.0,0,0,0,16.0,0.5,0.0,0,0.0
89,30,10.432,8.0,8.0,0.0,0,0,0,16.0,0.5,0.0,0,0.0
90,30,13.112,8.0,0.0,0.0,0,0,0,8.0,1.0,0.0,0,0.0
91,30,10.432,8.0,8.0,0.0,0,0,0,16.0,0.5,0.0,0,0.0
92,30,13.112,8.0,0.0,0.0,0,0,0,8.0,1.0,0.0,0,0.0
93,30,10.432,8.0,0.0,0.0,0,0,0,8.0,1.0,0.0,0,0.0
94,30,10.432,8.0,8.0,0.0,0,0,0,16.0,0.5,0.0,0,0.0
95,30,10.432,8.0,8.0,0.0,0,0,0,16.0,0.5,0.0,0,0.0
96,30,10.432,8.0,8.0,0.0,0,0,0,16.0,0.5,0.0,0,0.0
97,30,10.432,8.0,8.0,0.0,0,0,0,16.0,0.5,0.0,0,0.0
98,30,10.432,8.0,8.0,0.0,0,0,0,16.0,0.5,0.0,0,0.0
99,30,10.432,8.0,8.0,0.0,0,0,0,16.0,0.5,0.0,0,0.0
100,30,0.0,0.0,16.0,0.0,0,0,0,16.0,0.0,0.0,0,0.0
101,30,8.299,8.0,8.0,0.0,0,0,0,16.0,0.5,0.0,0,0.0
102,30,8.299,8.0,0.0,0.0,0,0,0,8.0,1.0,0.0,0,0.0
103,30,5.8092999999999995,8.0,8.0,0.0,0,0,0,16.0,0.5,0.0,0,0.3
104,30,6.536573171527392,8.0,8.0,0.0,0,0,0,16.0,0.5,0.0,0,0.0
105,30,8.299,8.0,8.0,0.0,0,0,0,16.0,0.5,0.0,0,0.0
106,30,8.299,8.0,8.0,0.0,0,0,0,16.0,0.5,0.0,0,0.0
107,30,0.0,0.0,16.0,0.0,0,0,0,16.0,0.0,0.0,0,0.0
108,30,0.0,0.0,16.0,0.0,0,0,0,16.0,0.0,0.0,0,0.0
109,30,0.0,0.0,16.0,0.0,0,0,0,16.0,0.0,0.0,0,0.0
110,30,0.0,0.0,16.0,0.0,0,0,0,16.0,0.0,0.0,0,0.0
111,30,0.0,0.0,16.0,0.0,0,0,0,16.0,0.0,0.0,0,0.0
112,30,0.0,0.0,16.0,0.0,0,0,0,16.0,0.0,0.0,0,0.0
1,31,0.0,0.0,16.0,0.0,0,0,0,16.0,0.0,0.0,0,0.0
2,31,0.0,0.0,16.0,0.0,0,0,0,16.0,0.0,0.0,0,0.0
3,31,0.0,0.0,16.0,0.0,0,0,0,16.0,0.0,0.0,0,0.0
4,31,0.0,0.0,16.0,0.0,0,0,0,16.0,0.0,0.0,0,0.0
5,31,0.0,0.0,16.0,0.0,0,0,0,16.0,0.0,0.0,0,0.0
6,31,0.0,0.0,16.0,0.0,0,0,0,16.0,0.0,0.0,0,0.0
7,31,0.0,0.0,16.0,0.0,0,0,0,16.0,0.0,0.0,0,0.0
8,31,0.0,0.0,16.0,0.0,0,0,0,16.0,0.0,0.0,0,0.0
9,31,0.0,0.0,16.0,0.0,0,0,0,16.0,0.0,0.0,0,0.0
10,31,0.0,0.0,16.0,0.0,0,0,0,16.0,0.0,0.0,0,0.0
11,31,0.0,0.0,8.0,0.0,0,0,0,8.0,0.0,0.0,0,0.0
12,31,8.319,8.0,8.0,0.0,0,0,0,16.0,0.5,0.0,0,0.0
13,31,0.0,0.0,16.0,0.0,0,0,0,16.0,0.0,0.0,0,0.0
14,31,0.0,0.0,16.0,0.0,0,0,0,16.0,0.0,0.0,0,0.0
15,31,0.0,0.0,16.0,0.0,0,0,0,16.0,0.0,0.0,0,0.0
16,31,0.0,0.0,16.0,0.0,0,0,0,16.0,0.0,0.0,0,0.0
17,31,0.0,0.0,8.0,0.0,0,0,0,8.0,0.0,0.0,0,0.0
18,31,0.0,0.0,16.0,0.0,0,0,0,16.0,0.0,0.0,0,0.0
19,31,0.0,0.0,16.0,0.0,0,0,0,16.0,0.0,0.0,0,0.0
20,31,0.0,0.0,8.0,0.0,0,0,0,8.0,0.0,0.0,0,0.0
21,31,0.0,0.0,8.0,0.0,0,0,0,8.0,0.0,0.0,0,0.0
22,31,0.0,0.0,16.0,0.0,0,0,0,16.0,0.0,0.0,0,0.0
23,31,0.0,0.0,16.0,0.0,0,0,0,16.0,0.0,0.0,0,0.0
24,31,0.0,0.0,16.0,0.0,0,0,0,16.0,0.0,0.0,0,0.0
25,31,0.0,0.0,16.0,0.0,0,0,0,16.0,0.0,0.0,0,0.0
26,31,0.0,0.0,16.0,0.0,0,0,0,16.0,0.0,0.0,0,0.0
27,31,0.0,0.0,16.0,0.0,0,0,0,16.0,0.0,0.0,0,0.0
28,31,0.0,0.0,16.0,0.0,0,0,0,16.0,0.0,0.0,0,0.0
29,31,0.0,0.0,16.0,0.0,0,0,0,16.0,0.0,0.0,0,0.0
30,31,0.0,0.0,16.0,0.0,0,0,0,16.0,0.0,0.0,0,0.0
31,31,0.0,0.0,16.0,0.0,0,0,0,16.0,0.0,0.0,0,0.0
32,31,0.0,0.0,16.0,0.0,0,0,0,16.0,0.0,0.0,0,0.0
33,31,0.0,0.0,16.0,0.0,0,0,0,16.0,0.0,0.0,0,0.0
34,31,0.0,0.0,16.0,0.0,0,0,0,16.0,0.0,0.0,0,0.0
35,31,0.0,0.0,8.0,0.0,0,0,0,8.0,0.0,0.0,0,0.0
36,31,0.0,0.0,16.0,0.0,0,0,0,16.0,0.0,0.0,0,0.0
37,31,10.432,8.0,8.0,0.0,0,0,0,16.0,0.5,0.0,0,0.0
38,31,10.432,8.0,8.0,0.0,0,0,0,16.0,0.5,0.0,0,0.0
39,31,10.432,8.0,8.0,0.0,0,0,0,16.0,0.5,0.0,0,0.0
40,31,7.3024,8.0,8.0,0.0,0,0,0,16.0,0.5,0.0,0,0.3
41,31,3.5719226284668055,8.0,8.0,0.0,0,0,0,16.0,0.5,0.0,0,0.3
42,31,10.432,8.0,8.0,0.0,0,0,0,16.0,0.5,0.0,0,0.0
43,31,10.432,8.0,8.0,0.0,0,0,0,16.0,0.5,0.0,0,0.0
44,31,10.432,8.0,0.0,0.0,0,0,0,8.0,1.0,0.0,0,0.0
45,31,10.432,8.0,8.0,0.0,0,0,0,16.0,0.5,0.0,0,0.0
46,31,10.432,8.0,8.0,0.0,0,0,0,16.0,0.5,0.0,0,0.0
47,31,7.3024,8.0,8.0,0.0,0,0,0,16.0,0.5,0.0,0,0.3
48,31,10.432,8.0,8.0,0.0,0,0,0,16.0,0.5,0.0,0,0.0
49,31,10.432,8.0,8.0,0.0,0,0,0,16.0,0.5,0.0,0,0.0
50,31,4.308945162321601,3.304405799326381,12.695594200673618,0.0,0,0,0,16.0,0.20652536245789882,4.695594200673619,1,0.0
51,31,10.432,8.0,8.0,0.0,0,0,0,16.0,0.5,0.0,0,0.0
52,31,10.432,8.0,8.0,0.0,0,0,0,16.0,0.5,0.0,0,0.0
53,31,13.112,8.0,0.0,0.0,0,0,0,8.0,1.0,0.0,0,0.0
54,31,10.432,8.0,8.0,0.0,0,0,0,16.0,0.5,0.0,0,0.0
55,31,10.432,8.0,8.0,0.0,0,0,0,16.0,0.5,0.0,0,0.0
56,31,10.432,8.0,8.0,0.0,0,0,0,16.0,0.5,0.0,0,0.0
57,31,9.948,8.0,8.0,0.0,0,0,0,16.0,0.5,0.0,0,0.0
58,31,9.948,8.0,8.0,0.0,0,0,0,16.0,0.5,0.0,0,0.0
59,31,9.948,8.0,0.0,0.0,0,0,0,8.0,1.0,0.0,0,0.0
60,31,6.9636,8.0,0.0,0.0,0,0,0,8.0,1.0,0.0,0,0.3
61,31,9.948,8.0,8.0,0.0,0,0,0,16.0,0.5,0.0,0,0.0
62,31,10.432,8.0,8.0,0.0,0,0,0,16.0,0.5,0.0,0,0.0
63,31,13.112,8.0,0.0,0.0,0,0,0,8.0,1.0,0.0,0,0.0
64,31,10.432,8.0,8.0,0.0,0,0,0,16.0,0.5,0.0,0,0.0
65,31,13.112,8.0,0.0,0.0,0,0,0,8.0,1.0,0.0,0,0.0
66,31,13.112,8.0,0.0,0.0,0,0,0,8.0,1.0,0.0,0,0.0
67,31,10.432,8.0,8.0,0.0,0,0,0,16.0,0.5,0.0,0,0.0
68,31,10.432,8.0,8.0,0.0,0,0,0,16.0,0.5,0.0,0,0.0
69,31,10.432,8.0,8.0,0.0,0,0,0,16.0,0.5,0.0,0,0.0
70,31,10.432,8.0,8.0,0.0,0,0,0,16.0,0.5,0.0,0,0.0
71,31,10.432,8.0,0.0,0.0,0,0,0,8.0,1.0,0.0,0,0.0
72,31,4.790343947122029,8.0,8.0,0.0,0,0,0,16.0,0.5,0.0,0,0.0
73,31,10.432,8.0,8.0,0.0,0,0,0,16.0,0.5,0.0,0,0.0
74,31,13.112,8.0,0.0,0.0,0,0,0,8.0,1.0,0.0,0,0.0
75,31,10.432,8.0,0.0,0.0,0,0,0,8.0,1.0,0.0,0,0.0
77,31,10.432,8.0,8.0,0.0,0,0,0,16.0,0.5,0.0,0,0.0
78,31,10.432,8.0,8.0,0.0,0,0,0,16.0,0.5,0.0,0,0.0
79,31,7.3024,8.0,8.0,0.0,0,0,0,16.0,0.5,0.0,0,0.3
80,31,10.432,8.0,8.0,0.0,0,0,0,16.0,0.5,0.0,0,0.0
81,31,10.432,8.0,8.0,0.0,0,0,0,16.0,0.5,0.0,0,0.0
82,31,9.1784,8.0,0.0,0.0,0,0,0,8.0,1.0,0.0,0,0.3
83,31,10.432,8.0,8.0,0.0,0,0,0,16.0,0.5,0.0,0,0.0
84,31,10.432,8.0,8.0,0.0,0,0,0,16.0,0.5,0.0,0,0.0
85,31,10.432,8.0,8.0,0.0,0,0,0,16.0,0.5,0.0,0,0.0
86,31,10.432,8.0,8.0,0.0,0,0,0,16.0,0.5,0.0,0,0.0
87,31,10.432,8.0,8.0,0.0,0,0,0,16.0,0.5,0.0,0,0.0
88,31,10.432,8.0,8.0,0.0,0,0,0,16.0,0.5,0.0,0,0.0
89,31,10.432,8.0,8.0,0.0,0,0,0,16.0,0.5,0.0,0,0.0
90,31,13.112,8.0,0.0,0.0,0,0,0,8.0,1.0,0.0,0,0.0
91,31,4.214091976121655,8.0,8.0,0.0,0,0,0,16.0,0.5,0.0,0,0.0
92,31,13.112,8.0,0.0,0.0,0,0,0,8.0,1.0,0.0,0,0.0
93,31,10.432,8.0,0.0,0.0,0,0,0,8.0,1.0,0.0,0,0.0
94,31,10.432,8.0,8.0,0.0,0,0,0,16.0,0.5,0.0,0,0.0
95,31,10.432,8.0,8.0,0.0,0,0,0,16.0,0.5,0.0,0,0.0
96,31,10.432,8.0,8.0,0.0,0,0,0,16.0,0.5,0.0,0,0.0
97,31,10.432,8.0,8.0,0.0,0,0,0,16.0,0.5,0.0,0,0.0
98,31,5.244950124560338,4.022201015767131,11.97779898423287,0.0,0,0,0,16.0,0.25138756348544566,3.9777989842328694,1,0.0
99,31,10.432,8.0,8.0,0.0,0,0,0,16.0,0.5,0.0,0,0.0
100,31,0.0,0.0,16.0,0.0,0,0,0,16.0,0.0,0.0,0,0.0
101,31,8.299,8.0,8.0,0.0,0,0,0,16.0,0.5,0.0,0,0.0
102,31,8.299,8.0,0.0,0.0,0,0,0,8.0,1.0,0.0,0,0.0
103,31,8.299,8.0,8.0,0.0,0,0,0,16.0,0.5,0.0,0,0.0
104,31,8.299,8.0,8.0,0.0,0,0,0,16.0,0.5,0.0,0,0.0
105,31,5.8092999999999995,8.0,8.0,0.0,0,0,0,16.0,0.5,0.0,0,0.3
106,31,8.299,8.0,8.0,0.0,0,0,0,16.0,0.5,0.0,0,0.0
107,31,0.0,0.0,16.0,0.0,0,0,0,16.0,0.0,0.0,0,0.0
108,31,0.0,0.0,16.0,0.0,0,0,0,16.0,0.0,0.0,0,0.0
109,31,0.0,0.0,16.0,0.0,0,0,0,16.0,0.0,0.0,0,0.0
110,31,0.0,0.0,16.0,0.0,0,0,0,16.0,0.0,0.0,0,0.0
111,31,0.0,0.0,16.0,0.0,0,0,0,16.0,0.0,0.0,0,0.0
112,31,0.0,0.0,16.0,0.0,0,0,0,16.0,0.0,0.0,0,0.0
1,32,0.0,0.0,16.0,0.0,0,0,0,16.0,0.0,0.0,0,0.0
2,32,0.0,0.0,16.0,0.0,0,0,0,16.0,0.0,0.0,0,0.0
3,32,0.0,0.0,16.0,0.0,0,0,0,16.0,0.0,0.0,0,0.0
4,32,0.0,0.0,16.0,0.0,0,0,0,16.0,0.0,0.0,0,0.0
5,32,0.0,0.0,16.0,0.0,0,0,0,16.0,0.0,0.0,0,0.0
6,32,0.0,0.0,16.0,0.0,0,0,0,16.0,0.0,0.0,0,0.0
7,32,0.0,0.0,16.0,0.0,0,0,0,16.0,0.0,0.0,0,0.0
8,32,0.0,0.0,16.0,0.0,0,0,0,16.0,0.0,0.0,0,0.0
9,32,0.0,0.0,16.0,0.0,0,0,0,16.0,0.0,0.0,0,0.0
10,32,0.0,0.0,16.0,0.0,0,0,0,16.0,0.0,0.0,0,0.0
11,32,0.0,0.0,8.0,0.0,0,0,0,8.0,0.0,0.0,0,0.0
12,32,5.823300000000001,8.0,8.0,0.0,0,0,0,16.0,0.5,0.0,0,0.3
13,32,0.0,0.0,16.0,0.0,0,0,0,16.0,0.0,0.0,0,0.0
14,32,0.0,0.0,16.0,0.0,0,0,0,16.0,0.0,0.0,0,0.0
15,32,0.0,0.0,16.0,0.0,0,0,0,16.0,0.0,0.0,0,0.0
16,32,0.0,0.0,16.0,0.0,0,0,0,16.0,0.0,0.0,0,0.0
17,32,0.0,0.0,8.0,0.0,0,0,0,8.0,0.0,0.0,0,0.0
18,32,0.0,0.0,16.0,0.0,0,0,0,16.0,0.0,0.0,0,0.0
19,32,0.0,0.0,16.0,0.0,0,0,0,16.0,0.0,0.0,0,0.0
20,32,0.0,0.0,8.0,0.0,0,0,0,8.0,0.0,0.0,0,0.0
21,32,0.0,0.0,8.0,0.0,0,0,0,8.0,0.0,0.0,0,0.0
22,32,0.0,0.0,16.0,0.0,0,0,0,16.0,0.0,0.0,0,0.0
23,32,0.0,0.0,16.0,0.0,0,0,0,16.0,0.0,0.0,0,0.0
24,32,0.0,0.0,16.0,0.0,0,0,0,16.0,0.0,0.0,0,0.0
25,32,0.0,0.0,16.0,0.0,0,0,0,16.0,0.0,0.0,0,0.0
26,32,0.0,0.0,16.0,0.0,0,0,0,16.0,0.0,0.0,0,0.0
27,32,0.0,0.0,16.0,0.0,0,0,0,16.0,0.0,0.0,0,0.0
28,32,0.0,0.0,16.0,0.0,0,0,0,16.0,0.0,0.0,0,0.0
29,32,0.0,0.0,16.0,0.0,0,0,0,16.0,0.0,0.0,0,0.0
30,32,0.0,0.0,16.0,0.0,0,0,0,16.0,0.0,0.0,0,0.0
31,32,0.0,0.0,16.0,0.0,0,0,0,16.0,0.0,0.0,0,0.0
32,32,0.0,0.0,16.0,0.0,0,0,0,16.0,0.0,0.0,0,0.0
33,32,0.0,0.0,16.0,0.0,0,0,0,16.0,0.0,0.0,0,0.0
34,32,0.0,0.0,16.0,0.0,0,0,0,16.0,0.0,0.0,0,0.0
35,32,0.0,0.0,8.0,0.0,0,0,0,8.0,0.0,0.0,0,0.0
36,32,0.0,0.0,16.0,0.0,0,0,0,16.0,0.0,0.0,0,0.0
37,32,10.432,8.0,8.0,0.0,0,0,0,16.0,0.5,0.0,0,0.0
38,32,10.432,8.0,8.0,0.0,0,0,0,16.0,0.5,0.0,0,0.0
39,32,10.432,8.0,8.0,0.0,0,0,0,16.0,0.5,0.0,0,0.0
40,32,10.432,8.0,8.0,0.0,0,0,0,16.0,0.5,0.0,0,0.0
41,32,10.432,8.0,8.0,0.0,0,0,0,16.0,0.5,0.0,0,0.0
42,32,10.432,8.0,8.0,0.0,0,0,0,16.0,0.5,0.0,0,0.0
43,32,10.432,8.0,8.0,0.0,0,0,0,16.0,0.5,0.0,0,0.0
44,32,10.432,8.0,0.0,0.0,0,0,0,8.0,1.0,0.0,0,0.0
45,32,7.3024,8.0,8.0,0.0,0,0,0,16.0,0.5,0.0,0,0.3
46,32,7.3024,8.0,8.0,0.0,0,0,0,16.0,0.5,0.0,0,0.3
47,32,10.432,8.0,8.0,0.0,0,0,0,16.0,0.5,0.0,0,0.0
48,32,10.432,8.0,8.0,0.0,0,0,0,16.0,0.5,0.0,0,0.0
49,32,10.432,8.0,8.0,0.0,0,0,0,16.0,0.5,0.0,0,0.0
50,32,10.432,8.0,8.0,0.0,0,0,0,16.0,0.5,0.0,0,0.0
51,32,10.432,8.0,8.0,0.0,0,0,0,16.0,0.5,0.0,0,0.0
52,32,10.432,8.0,8.0,0.0,0,0,0,16.0,0.5,0.0,0,0.0
53,32,13.112,8.0,0.0,0.0,0,0,0,8.0,1.0,0.0,0,0.0
54,32,10.432,8.0,8.0,0.0,0,0,0,16.0,0.5,0.0,0,0.0
55,32,10.432,8.0,8.0,0.0,0,0,0,16.0,0.5,0.0,0,0.0
56,32,10.432,8.0,8.0,0.0,0,0,0,16.0,0.5,0.0,0,0.0
57,32,9.948,8.0,8.0,0.0,0,0,0,16.0,0.5,0.0,0,0.0
58,32,9.948,8.0,8.0,0.0,0,0,0,16.0,0.5,0.0,0,0.0
59,32,9.948,8.0,0.0,0.0,0,0,0,8.0,1.0,0.0,0,0.0
60,32,5.907545302396442,8.0,0.0,0.0,0,0,0,8.0,1.0,0.0,0,0.0
61,32,9.948,8.0,8.0,0.0,0,0,0,16.0,0.5,0.0,0,0.0
62,32,10.432,8.0,8.0,0.0,0,0,0,16.0,0.5,0.0,0,0.0
63,32,13.112,8.0,0.0,0.0,0,0,0,8.0,1.0,0.0,0,0.0
64,32,10.432,8.0,8.0,0.0,0,0,0,16.0,0.5,0.0,0,0.0
65,32,13.112,8.0,0.0,0.0,0,0,0,8.0,1.0,0.0,0,0.0
66,32,13.112,8.0,0.0,0.0,0,0,0,8.0,1.0,0.0,0,0.0
67,32,10.432,8.0,8.0,0.0,0,0,0,16.0,0.5,0.0,0,0.0
68,32,10.432,8.0,8.0,0.0,0,0,0,16.0,0.5,0.0,0,0.0
69,32,7.3024,8.0,8.0,0.0,0,0,0,16.0,0.5,0.0,0,0.3
70,32,10.432,8.0,8.0,0.0,0,0,0,16.0,0.5,0.0,0,0.0
71,32,10.432,8.0,0.0,0.0,0,0,0,8.0,1.0,0.0,0,0.0
72,32,10.432,8.0,8.0,0.0,0,0,0,16.0,0.5,0.0,0,0.0
73,32,10.432,8.0,8.0,0.0,0,0,0,16.0,0.5,0.0,0,0.0
74,32,13.112,8.0,0.0,0.0,0,0,0,8.0,1.0,0.0,0,0.0
75,32,10.432,8.0,0.0,0.0,0,0,0,8.0,1.0,0.0,0,0.0
77,32,10.432,8.0,8.0,0.0,0,0,0,16.0,0.5,0.0,0,0.0
78,32,10.432,8.0,8.0,0.0,0,0,0,16.0,0.5,0.0,0,0.0
79,32,5.055458007650492,3.8768849751920946,12.123115024807905,0.0,0,0,0,16.0,0.24230531094950591,4.123115024807905,1,0.0
80,32,10.432,8.0,8.0,0.0,0,0,0,16.0,0.5,0.0,0,0.0
81,32,10.432,8.0,8.0,0.0,0,0,0,16.0,0.5,0.0,0,0.0
82,32,13.112,8.0,0.0,0.0,0,0,0,8.0,1.0,0.0,0,0.0
83,32,10.432,8.0,8.0,0.0,0,0,0,16.0,0.5,0.0,0,0.0
84,32,10.432,8.0,8.0,0.0,0,0,0,16.0,0.5,0.0,0,0.0
85,32,10.432,8.0,8.0,0.0,0,0,0,16.0,0.5,0.0,0,0.0
86,32,8.532352551826417,6.543215147106148,9.456784852893852,0.0,0,0,0,16.0,0.40895094669413423,1.4567848528938527,1,0.0
87,32,10.432,8.0,8.0,0.0,0,0,0,16.0,0.5,0.0,0,0.0
88,32,4.700038747374293,8.0,8.0,0.0,0,0,0,16.0,0.5,0.0,0,0.0
89,32,10.432,8.0,8.0,0.0,0,0,0,16.0,0.5,0.0,0,0.0
90,32,13.112,8.0,0.0,0.0,0,0,0,8.0,1.0,0.0,0,0.0
91,32,2.402133263901578,1.842126736120842,14.157873263879157,0.0,0,0,0,16.0,0.11513292100755262,6.157873263879158,1,0.0
92,32,13.112,8.0,0.0,0.0,0,0,0,8.0,1.0,0.0,0,0.0
93,32,5.351235865821805,8.0,0.0,0.0,0,0,0,8.0,1.0,0.0,0,0.0
94,32,10.432,8.0,8.0,0.0,0,0,0,16.0,0.5,0.0,0,0.0
95,32,10.432,8.0,8.0,0.0,0,0,0,16.0,0.5,0.0,0,0.0
96,32,7.3024,8.0,8.0,0.0,0,0,0,16.0,0.5,0.0,0,0.3
97,32,4.237185861815707,8.0,8.0,0.0,0,0,0,16.0,0.5,0.0,0,0.3
98,32,10.432,8.0,8.0,0.0,0,0,0,16.0,0.5,0.0,0,0.0
99,32,10.432,8.0,8.0,0.0,0,0,0,16.0,0.5,0.0,0,0.0
100,32,0.0,0.0,16.0,0.0,0,0,0,16.0,0.0,0.0,0,0.0
101,32,8.299,8.0,8.0,0.0,0,0,0,16.0,0.5,0.0,0,0.0
102,32,4.4261396244250495,8.0,0.0,0.0,0,0,0,8.0,1.0,0.0,0,0.0
103,32,8.299,8.0,8.0,0.0,0,0,0,16.0,0.5,0.0,0,0.0
104,32,8.299,8.0,8.0,0.0,0,0,0,16.0,0.5,0.0,0,0.0
105,32,8.299,8.0,8.0,0.0,0,0,0,16.0,0.5,0.0,0,0.0
106,32,3.446509469935724,3.322337120072996,12.677662879927004,0.0,0,0,0,16.0,0.20764607000456226,4.677662879927004,1,0.0
107,32,0.0,0.0,16.0,0.0,0,0,0,16.0,0.0,0.0,0,0.0
108,32,0.0,0.0,16.0,0.0,0,0,0,16.0,0.0,0.0,0,0.0
109,32,0.0,0.0,16.0,0.0,0,0,0,16.0,0.0,0.0,0,0.0
110,32,0.0,0.0,16.0,0.0,0,0,0,16.0,0.0,0.0,0,0.0
111,32,0.0,0.0,16.0,0.0,0,0,0,16.0,0.0,0.0,0,0.0
112,32,0.0,0.0,16.0,0.0,0,0,0,16.0,0.0,0.0,0,0.0
1,33,0.0,0.0,16.0,0.0,0,0,0,16.0,0.0,0.0,0,0.0
2,33,0.0,0.0,16.0,0.0,0,0,0,16.0,0.0,0.0,0,0.0
3,33,0.0,0.0,16.0,0.0,0,0,0,16.0,0.0,0.0,0,0.0
4,33,0.0,0.0,16.0,0.0,0,0,0,16.0,0.0,0.0,0,0.0
5,33,0.0,0.0,16.0,0.0,0,0,0,16.0,0.0,0.0,0,0.0
6,33,0.0,0.0,16.0,0.0,0,0,0,16.0,0.0,0.0,0,0.0
7,33,0.0,0.0,16.0,0.0,0,0,0,16.0,0.0,0.0,0,0.0
8,33,0.0,0.0,16.0,0.0,0,0,0,16.0,0.0,0.0,0,0.0
9,33,0.0,0.0,16.0,0.0,0,0,0,16.0,0.0,0.0,0,0.0
10,33,0.0,0.0,16.0,0.0,0,0,0,16.0,0.0,0.0,0,0.0
11,33,0.0,0.0,8.0,0.0,0,0,0,8.0,0.0,0.0,0,0.0
12,33,8.319,8.0,8.0,0.0,0,0,0,16.0,0.5,0.0,0,0.0
13,33,0.0,0.0,16.0,0.0,0,0,0,16.0,0.0,0.0,0,0.0
14,33,0.0,0.0,16.0,0.0,0,0,0,16.0,0.0,0.0,0,0.0
15,33,0.0,0.0,16.0,0.0,0,0,0,16.0,0.0,0.0,0,0.0
16,33,0.0,0.0,16.0,0.0,0,0,0,16.0,0.0,0.0,0,0.0
17,33,0.0,0.0,8.0,0.0,0,0,0,8.0,0.0,0.0,0,0.0
18,33,0.0,0.0,16.0,0.0,0,0,0,16.0,0.0,0.0,0,0.0
19,33,0.0,0.0,16.0,0.0,0,0,0,16.0,0.0,0.0,0,0.0
20,33,0.0,0.0,8.0,0.0,0,0,0,8.0,0.0,0.0,0,0.0
21,33,0.0,0.0,8.0,0.0,0,0,0,8.0,0.0,0.0,0,0.0
22,33,0.0,0.0,16.0,0.0,0,0,0,16.0,0.0,0.0,0,0.0
23,33,0.0,0.0,16.0,0.0,0,0,0,16.0,0.0,0.0,0,0.0
24,33,0.0,0.0,16.0,0.0,0,0,0,16.0,0.0,0.0,0,0.0
25,33,0.0,0.0,16.0,0.0,0,0,0,16.0,0.0,0.0,0,0.0
26,33,0.0,0.0,16.0,0.0,0,0,0,16.0,0.0,0.0,0,0.0
27,33,0.0,0.0,16.0,0.0,0,0,0,16.0,0.0,0.0,0,0.0
28,33,0.0,0.0,16.0,0.0,0,0,0,16.0,0.0,0.0,0,0.0
29,33,0.0,0.0,16.0,0.0,0,0,0,16.0,0.0,0.0,0,0.0
30,33,0.0,0.0,16.0,0.0,0,0,0,16.0,0.0,0.0,0,0.0
31,33,0.0,0.0,16.0,0.0,0,0,0,16.0,0.0,0.0,0,0.0
32,33,0.0,0.0,16.0,0.0,0,0,0,16.0,0.0,0.0,0,0.0
33,33,0.0,0.0,16.0,0.0,0,0,0,16.0,0.0,0.0,0,0.0
34,33,0.0,0.0,16.0,0.0,0,0,0,16.0,0.0,0.0,0,0.0
35,33,0.0,0.0,8.0,0.0,0,0,0,8.0,0.0,0.0,0,0.0
36,33,0.0,0.0,16.0,0.0,0,0,0,16.0,0.0,0.0,0,0.0
37,33,7.277773984618071,5.581115018878889,10.41888498112111,0.0,0,0,0,16.0,0.3488196886799306,2.418884981121111,1,0.0
38,33,10.432,8.0,8.0,0.0,0,0,0,16.0,0.5,0.0,0,0.0
39,33,10.432,8.0,8.0,0.0,0,0,0,16.0,0.5,0.0,0,0.0
40,33,10.432,8.0,8.0,0.0,0,0,0,16.0,0.5,0.0,0,0.0
41,33,7.3024,8.0,8.0,0.0,0,0,0,16.0,0.5,0.0,0,0.3
42,33,10.432,8.0,8.0,0.0,0,0,0,16.0,0.5,0.0,0,0.0
43,33,7.3024,8.0,8.0,0.0,0,0,0,16.0,0.5,0.0,0,0.3
44,33,5.554338095938876,8.0,0.0,0.0,0,0,0,8.0,1.0,0.0,0,0.0
45,33,10.432,8.0,8.0,0.0,0,0,0,16.0,0.5,0.0,0,0.0
46,33,7.3024,8.0,8.0,0.0,0,0,0,16.0,0.5,0.0,0,0.3
47,33,10.432,8.0,8.0,0.0,0,0,0,16.0,0.5,0.0,0,0.0
48,33,10.432,8.0,8.0,0.0,0,0,0,16.0,0.5,0.0,0,0.0
49,33,10.432,8.0,8.0,0.0,0,0,0,16.0,0.5,0.0,0,0.0
50,33,7.3024,8.0,8.0,0.0,0,0,0,16.0,0.5,0.0,0,0.3
51,33,10.432,8.0,8.0,0.0,0,0,0,16.0,0.5,0.0,0,0.0
52,33,10.432,8.0,8.0,0.0,0,0,0,16.0,0.5,0.0,0,0.0
53,33,13.112,8.0,0.0,0.0,0,0,0,8.0,1.0,0.0,0,0.0
54,33,10.432,8.0,8.0,0.0,0,0,0,16.0,0.5,0.0,0,0.0
55,33,6.228498950153282,4.776456250117548,11.223543749882452,0.0,0,0,0,16.0,0.2985285156323467,3.223543749882452,1,0.0
56,33,10.432,8.0,8.0,0.0,0,0,0,16.0,0.5,0.0,0,0.0
57,33,6.9636,8.0,8.0,0.0,0,0,0,16.0,0.5,0.0,0,0.3
58,33,9.948,8.0,8.0,0.0,0,0,0,16.0,0.5,0.0,0,0.0
59,33,9.948,8.0,0.0,0.0,0,0,0,8.0,1.0,0.0,0,0.0
60,33,9.948,8.0,0.0,0.0,0,0,0,8.0,1.0,0.0,0,0.0
61,33,9.948,8.0,8.0,0.0,0,0,0,16.0,0.5,0.0,0,0.0
62,33,10.432,8.0,8.0,0.0,0,0,0,16.0,0.5,0.0,0,0.0
63,33,13.112,8.0,0.0,0.0,0,0,0,8.0,1.0,0.0,0,0.0
64,33,4.23579883184791,3.2483119876134277,12.751688012386573,0.0,0,0,0,16.0,0.20301949922583923,4.751688012386572,1,0.0
65,33,13.112,8.0,0.0,0.0,0,0,0,8.0,1.0,0.0,0,0.0
66,33,13.112,8.0,0.0,0.0,0,0,0,8.0,1.0,0.0,0,0.0
67,33,10.432,8.0,8.0,0.0,0,0,0,16.0,0.5,0.0,0,0.0
68,33,10.432,8.0,8.0,0.0,0,0,0,16.0,0.5,0.0,0,0.0
69,33,10.432,8.0,8.0,0.0,0,0,0,16.0,0.5,0.0,0,0.0
70,33,7.291548616898502,5.591678387192102,10.408321612807898,0.0,0,0,0,16.0,0.3494798991995064,2.4083216128078977,1,0.0
71,33,10.432,8.0,0.0,0.0,0,0,0,8.0,1.0,0.0,0,0.0
72,33,7.3024,8.0,8.0,0.0,0,0,0,16.0,0.5,0.0,0,0.3
73,33,10.432,8.0,8.0,0.0,0,0,0,16.0,0.5,0.0,0,0.0
74,33,9.1784,8.0,0.0,0.0,0,0,0,8.0,1.0,0.0,0,0.3
75,33,10.432,8.0,0.0,0.0,0,0,0,8.0,1.0,0.0,0,0.0
77,33,7.3024,8.0,8.0,0.0,0,0,0,16.0,0.5,0.0,0,0.3
78,33,10.432,8.0,8.0,0.0,0,0,0,16.0,0.5,0.0,0,0.0
79,33,4.15475810706269,3.186164192532738,12.813835807467262,0.0,0,0,0,16.0,0.19913526203329612,4.813835807467262,1,0.0
80,33,10.432,8.0,8.0,0.0,0,0,0,16.0,0.5,0.0,0,0.0
81,33,10.432,8.0,8.0,0.0,0,0,0,16.0,0.5,0.0,0,0.0
82,33,13.112,8.0,0.0,0.0,0,0,0,8.0,1.0,0.0,0,0.0
83,33,10.432,8.0,8.0,0.0,0,0,0,16.0,0.5,0.0,0,0.0
84,33,7.3024,8.0,8.0,0.0,0,0,0,16.0,0.5,0.0,0,0.3
85,33,10.432,8.0,8.0,0.0,0,0,0,16.0,0.5,0.0,0,0.0
86,33,6.251891270447523,8.0,8.0,0.0,0,0,0,16.0,0.5,0.0,0,0.0
87,33,10.432,8.0,8.0,0.0,0,0,0,16.0,0.5,0.0,0,0.0
88,33,10.432,8.0,8.0,0.0,0,0,0,16.0,0.5,0.0,0,0.0
89,33,10.432,8.0,8.0,0.0,0,0,0,16.0,0.5,0.0,0,0.0
90,33,13.112,8.0,0.0,0.0,0,0,0,8.0,1.0,0.0,0,0.0
91,33,10.432,8.0,8.0,0.0,0,0,0,16.0,0.5,0.0,0,0.0
92,33,13.112,8.0,0.0,0.0,0,0,0,8.0,1.0,0.0,0,0.0
93,33,10.432,8.0,0.0,0.0,0,0,0,8.0,1.0,0.0,0,0.0
94,33,10.432,8.0,8.0,0.0,0,0,0,16.0,0.5,0.0,0,0.0
95,33,7.3024,8.0,8.0,0.0,0,0,0,16.0,0.5,0.0,0,0.3
96,33,10.432,8.0,8.0,0.0,0,0,0,16.0,0.5,0.0,0,0.0
97,33,10.432,8.0,8.0,0.0,0,0,0,16.0,0.5,0.0,0,0.0
98,33,5.892147891025399,8.0,8.0,0.0,0,0,0,16.0,0.5,0.0,0,0.0
99,33,4.8973284384609785,8.0,8.0,0.0,0,0,0,16.0,0.5,0.0,0,0.0
100,33,0.0,0.0,16.0,0.0,0,0,0,16.0,0.0,0.0,0,0.0
101,33,8.299,8.0,8.0,0.0,0,0,0,16.0,0.5,0.0,0,0.0
102,33,4.281750654458245,4.127485870064581,3.8725141299354187,0.0,0,0,0,8.0,0.5159357337580727,3.8725141299354187,1,0.0
103,33,8.299,8.0,8.0,0.0,0,0,0,16.0,0.5,0.0,0,0.0
104,33,8.299,8.0,8.0,0.0,0,0,0,16.0,0.5,0.0,0,0.0
105,33,8.299,8.0,8.0,0.0,0,0,0,16.0,0.5,0.0,0,0.0
106,33,8.299,8.0,8.0,0.0,0,0,0,16.0,0.5,0.0,0,0.0
107,33,0.0,0.0,16.0,0.0,0,0,0,16.0,0.0,0.0,0,0.0
108,33,0.0,0.0,16.0,0.0,0,0,0,16.0,0.0,0.0,0,0.0
109,33,0.0,0.0,16.0,0.0,0,0,0,16.0,0.0,0.0,0,0.0
110,33,0.0,0.0,16.0,0.0,0,0,0,16.0,0.0,0.0,0,0.0
111,33,0.0,0.0,16.0,0.0,0,0,0,16.0,0.0,0.0,0,0.0
112,33,0.0,0.0,16.0,0.0,0,0,0,16.0,0.0,0.0,0,0.0
1,34,0.0,0.0,16.0,0.0,0,0,0,16.0,0.0,0.0,0,0.0
2,34,0.0,0.0,16.0,0.0,0,0,0,16.0,0.0,0.0,0,0.0
3,34,0.0,0.0,16.0,0.0,0,0,0,16.0,0.0,0.0,0,0.0
4,34,0.0,0.0,16.0,0.0,0,0,0,16.0,0.0,0.0,0,0.0
5,34,0.0,0.0,16.0,0.0,0,0,0,16.0,0.0,0.0,0,0.0
6,34,0.0,0.0,16.0,0.0,0,0,0,16.0,0.0,0.0,0,0.0
7,34,0.0,0.0,16.0,0.0,0,0,0,16.0,0.0,0.0,0,0.0
8,34,0.0,0.0,16.0,0.0,0,0,0,16.0,0.0,0.0,0,0.0
9,34,0.0,0.0,16.0,0.0,0,0,0,16.0,0.0,0.0,0,0.0
10,34,0.0,0.0,16.0,0.0,0,0,0,16.0,0.0,0.0,0,0.0
11,34,0.0,0.0,8.0,0.0,0,0,0,8.0,0.0,0.0,0,0.0
12,34,8.319,8.0,8.0,0.0,0,0,0,16.0,0.5,0.0,0,0.0
13,34,0.0,0.0,16.0,0.0,0,0,0,16.0,0.0,0.0,0,0.0
14,34,0.0,0.0,16.0,0.0,0,0,0,16.0,0.0,0.0,0,0.0
15,34,0.0,0.0,16.0,0.0,0,0,0,16.0,0.0,0.0,0,0.0
16,34,0.0,0.0,16.0,0.0,0,0,0,16.0,0.0,0.0,0,0.0
17,34,0.0,0.0,8.0,0.0,0,0,0,8.0,0.0,0.0,0,0.0
18,34,0.0,0.0,16.0,0.0,0,0,0,16.0,0.0,0.0,0,0.0
19,34,0.0,0.0,16.0,0.0,0,0,0,16.0,0.0,0.0,0,0.0
20,34,0.0,0.0,8.0,0.0,0,0,0,8.0,0.0,0.0,0,0.0
21,34,0.0,0.0,8.0,0.0,0,0,0,8.0,0.0,0.0,0,0.0
22,34,0.0,0.0,16.0,0.0,0,0,0,16.0,0.0,0.0,0,0.0
23,34,0.0,0.0,16.0,0.0,0,0,0,16.0,0.0,0.0,0,0.0
24,34,0.0,0.0,16.0,0.0,0,0,0,16.0,0.0,0.0,0,0.0
25,34,0.0,0.0,16.0,0.0,0,0,0,16.0,0.0,0.0,0,0.0
26,34,0.0,0.0,16.0,0.0,0,0,0,16.0,0.0,0.0,0,0.0
27,34,0.0,0.0,16.0,0.0,0,0,0,16.0,0.0,0.0,0,0.0
28,34,0.0,0.0,16.0,0.0,0,0,0,16.0,0.0,0.0,0,0.0
29,34,0.0,0.0,16.0,0.0,0,0,0,16.0,0.0,0.0,0,0.0
30,34,0.0,0.0,16.0,0.0,0,0,0,16.0,0.0,0.0,0,0.0
31,34,0.0,0.0,16.0,0.0,0,0,0,16.0,0.0,0.0,0,0.0
32,34,0.0,0.0,16.0,0.0,0,0,0,16.0,0.0,0.0,0,0.0
33,34,0.0,0.0,16.0,0.0,0,0,0,16.0,0.0,0.0,0,0.0
34,34,0.0,0.0,16.0,0.0,0,0,0,16.0,0.0,0.0,0,0.0
35,34,0.0,0.0,8.0,0.0,0,0,0,8.0,0.0,0.0,0,0.0
36,34,0.0,0.0,16.0,0.0,0,0,0,16.0,0.0,0.0,0,0.0
37,34,4.193857906683215,8.0,8.0,0.0,0,0,0,16.0,0.5,0.0,0,0.0
38,34,10.432,8.0,8.0,0.0,0,0,0,16.0,0.5,0.0,0,0.0
39,34,10.432,8.0,8.0,0.0,0,0,0,16.0,0.5,0.0,0,0.0
40,34,10.432,8.0,8.0,0.0,0,0,0,16.0,0.5,0.0,0,0.0
41,34,7.3024,8.0,8.0,0.0,0,0,0,16.0,0.5,0.0,0,0.3
42,34,4.131668915392939,3.168457757203174,12.831542242796825,0.0,0,0,0,16.0,0.19802860982519838,4.831542242796826,1,0.0
43,34,10.432,8.0,8.0,0.0,0,0,0,16.0,0.5,0.0,0,0.0
44,34,10.432,8.0,0.0,0.0,0,0,0,8.0,1.0,0.0,0,0.0
45,34,10.432,8.0,8.0,0.0,0,0,0,16.0,0.5,0.0,0,0.0
46,34,10.432,8.0,8.0,0.0,0,0,0,16.0,0.5,0.0,0,0.0
47,34,10.432,8.0,8.0,0.0,0,0,0,16.0,0.5,0.0,0,0.0
48,34,10.432,8.0,8.0,0.0,0,0,0,16.0,0.5,0.0,0,0.0
49,34,10.432,8.0,8.0,0.0,0,0,0,16.0,0.5,0.0,0,0.0
50,34,10.432,8.0,8.0,0.0,0,0,0,16.0,0.5,0.0,0,0.0
51,34,7.3024,8.0,8.0,0.0,0,0,0,16.0,0.5,0.0,0,0.3
52,34,10.432,8.0,8.0,0.0,0,0,0,16.0,0.5,0.0,0,0.0
53,34,7.602980620420153,4.638792324844511,3.361207675155489,0.0,0,0,0,8.0,0.5798490406055639,3.361207675155489,1,0.0
54,34,10.432,8.0,8.0,0.0,0,0,0,16.0,0.5,0.0,0,0.0
55,34,10.432,8.0,8.0,0.0,0,0,0,16.0,0.5,0.0,0,0.0
56,34,10.432,8.0,8.0,0.0,0,0,0,16.0,0.5,0.0,0,0.0
57,34,9.948,8.0,8.0,0.0,0,0,0,16.0,0.5,0.0,0,0.0
58,34,8.620081603447272,6.932112266543845,9.067887733456155,0.0,0,0,0,16.0,0.4332570166589903,1.0678877334561552,1,0.0
59,34,9.948,8.0,0.0,0.0,0,0,0,8.0,1.0,0.0,0,0.0
60,34,9.948,8.0,0.0,0.0,0,0,0,8.0,1.0,0.0,0,0.0
61,34,9.948,8.0,8.0,0.0,0,0,0,16.0,0.5,0.0,0,0.0
62,34,10.432,8.0,8.0,0.0,0,0,0,16.0,0.5,0.0,0,0.0
63,34,13.112,8.0,0.0,0.0,0,0,0,8.0,1.0,0.0,0,0.0
64,34,10.432,8.0,8.0,0.0,0,0,0,16.0,0.5,0.0,0,0.0
65,34,13.112,8.0,0.0,0.0,0,0,0,8.0,1.0,0.0,0,0.0
66,34,13.112,8.0,0.0,0.0,0,0,0,8.0,1.0,0.0,0,0.0
67,34,10.432,8.0,8.0,0.0,0,0,0,16.0,0.5,0.0,0,0.0
68,34,10.432,8.0,8.0,0.0,0,0,0,16.0,0.5,0.0,0,0.0
69,34,10.432,8.0,8.0,0.0,0,0,0,16.0,0.5,0.0,0,0.0
70,34,10.432,8.0,8.0,0.0,0,0,0,16.0,0.5,0.0,0,0.0
71,34,3.017605419542348,2.3141145855386105,5.6858854144613895,0.0,0,0,0,8.0,0.2892643231923263,5.6858854144613895,1,0.0
72,34,10.432,8.0,8.0,0.0,0,0,0,16.0,0.5,0.0,0,0.0
73,34,10.432,8.0,8.0,0.0,0,0,0,16.0,0.5,0.0,0,0.0
74,34,13.112,8.0,0.0,0.0,0,0,0,8.0,1.0,0.0,0,0.0
75,34,7.3024,8.0,0.0,0.0,0,0,0,8.0,1.0,0.0,0,0.3
77,34,6.565507042340622,5.034898038604771,10.965101961395229,0.0,0,0,0,16.0,0.3146811274127982,2.9651019613952285,1,0.0
78,34,10.432,8.0,8.0,0.0,0,0,0,16.0,0.5,0.0,0,0.0
79,34,7.3024,8.0,8.0,0.0,0,0,0,16.0,0.5,0.0,0,0.3
80,34,10.432,8.0,8.0,0.0,0,0,0,16.0,0.5,0.0,0,0.0
81,34,10.432,8.0,8.0,0.0,0,0,0,16.0,0.5,0.0,0,0.0
82,34,13.112,8.0,0.0,0.0,0,0,0,8.0,1.0,0.0,0,0.0
83,34,10.432,8.0,8.0,0.0,0,0,0,16.0,0.5,0.0,0,0.0
84,34,10.432,8.0,8.0,0.0,0,0,0,16.0,0.5,0.0,0,0.0
85,34,10.432,8.0,8.0,0.0,0,0,0,16.0,0.5,0.0,0,0.0
86,34,7.3024,8.0,8.0,0.0,0,0,0,16.0,0.5,0.0,0,0.3
87,34,10.432,8.0,8.0,0.0,0,0,0,16.0,0.5,0.0,0,0.0
88,34,7.562373419457877,8.0,8.0,0.0,0,0,0,16.0,0.5,0.0,0,0.0
89,34,10.432,8.0,8.0,0.0,0,0,0,16.0,0.5,0.0,0,0.0
90,34,13.112,8.0,0.0,0.0,0,0,0,8.0,1.0,0.0,0,0.0
91,34,10.432,8.0,8.0,0.0,0,0,0,16.0,0.5,0.0,0,0.0
92,34,13.112,8.0,0.0,0.0,0,0,0,8.0,1.0,0.0,0,0.0
93,34,10.432,8.0,0.0,0.0,0,0,0,8.0,1.0,0.0,0,0.0
94,34,10.432,8.0,8.0,0.0,0,0,0,16.0,0.5,0.0,0,0.0
95,34,10.432,8.0,8.0,0.0,0,0,0,16.0,0.5,0.0,0,0.0
96,34,10.432,8.0,8.0,0.0,0,0,0,16.0,0.5,0.0,0,0.0
97,34,10.432,8.0,8.0,0.0,0,0,0,16.0,0.5,0.0,0,0.0
98,34,10.432,8.0,8.0,0.0,0,0,0,16.0,0.5,0.0,0,0.0
99,34,10.432,8.0,8.0,0.0,0,0,0,16.0,0.5,0.0,0,0.0
100,34,0.0,0.0,16.0,0.0,0,0,0,16.0,0.0,0.0,0,0.0
101,34,5.8092999999999995,8.0,8.0,0.0,0,0,0,16.0,0.5,0.0,0,0.3
102,34,8.299,8.0,0.0,0.0,0,0,0,8.0,1.0,0.0,0,0.0
103,34,5.8092999999999995,8.0,8.0,0.0,0,0,0,16.0,0.5,0.0,0,0.3
104,34,8.299,8.0,8.0,0.0,0,0,0,16.0,0.5,0.0,0,0.0
105,34,8.299,8.0,8.0,0.0,0,0,0,16.0,0.5,0.0,0,0.0
106,34,8.299,8.0,8.0,0.0,0,0,0,16.0,0.5,0.0,0,0.0
107,34,0.0,0.0,16.0,0.0,0,0,0,16.0,0.0,0.0,0,0.0
108,34,0.0,0.0,16.0,0.0,0,0,0,16.0,0.0,0.0,0,0.0
109,34,0.0,0.0,16.0,0.0,0,0,0,16.0,0.0,0.0,0,0.0
110,34,0.0,0.0,16.0,0.0,0,0,0,16.0,0.0,0.0,0,0.0
111,34,0.0,0.0,16.0,0.0,0,0,0,16.0,0.0,0.0,0,0.0
112,34,0.0,0.0,16.0,0.0,0,0,0,16.0,0.0,0.0,0,0.0
1,35,0.0,0.0,16.0,0.0,0,0,0,16.0,0.0,0.0,0,0.0
2,35,0.0,0.0,16.0,0.0,0,0,0,16.0,0.0,0.0,0,0.0
3,35,0.0,0.0,16.0,0.0,0,0,0,16.0,0.0,0.0,0,0.0
4,35,0.0,0.0,16.0,0.0,0,0,0,16.0,0.0,0.0,0,0.0
5,35,0.0,0.0,16.0,0.0,0,0,0,16.0,0.0,0.0,0,0.0
6,35,0.0,0.0,16.0,0.0,0,0,0,16.0,0.0,0.0,0,0.0
7,35,0.0,0.0,16.0,0.0,0,0,0,16.0,0.0,0.0,0,0.0
8,35,0.0,0.0,16.0,0.0,0,0,0,16.0,0.0,0.0,0,0.0
9,35,0.0,0.0,16.0,0.0,0,0,0,16.0,0.0,0.0,0,0.0
10,35,0.0,0.0,16.0,0.0,0,0,0,16.0,0.0,0.0,0,0.0
11,35,0.0,0.0,8.0,0.0,0,0,0,8.0,0.0,0.0,0,0.0
12,35,8.319,8.0,8.0,0.0,0,0,0,16.0,0.5,0.0,0,0.0
13,35,0.0,0.0,16.0,0.0,0,0,0,16.0,0.0,0.0,0,0.0
14,35,0.0,0.0,16.0,0.0,0,0,0,16.0,0.0,0.0,0,0.0
15,35,0.0,0.0,16.0,0.0,0,0,0,16.0,0.0,0.0,0,0.0
16,35,0.0,0.0,16.0,0.0,0,0,0,16.0,0.0,0.0,0,0.0
17,35,0.0,0.0,8.0,0.0,0,0,0,8.0,0.0,0.0,0,0.0
18,35,0.0,0.0,16.0,0.0,0,0,0,16.0,0.0,0.0,0,0.0
19,35,0.0,0.0,16.0,0.0,0,0,0,16.0,0.0,0.0,0,0.0
20,35,0.0,0.0,8.0,0.0,0,0,0,8.0,0.0,0.0,0,0.0
21,35,0.0,0.0,8.0,0.0,0,0,0,8.0,0.0,0.0,0,0.0
22,35,0.0,0.0,16.0,0.0,0,0,0,16.0,0.0,0.0,0,0.0
23,35,0.0,0.0,16.0,0.0,0,0,0,16.0,0.0,0.0,0,0.0
24,35,0.0,0.0,16.0,0.0,0,0,0,16.0,0.0,0.0,0,0.0
25,35,0.0,0.0,16.0,0.0,0,0,0,16.0,0.0,0.0,0,0.0
26,35,0.0,0.0,16.0,0.0,0,0,0,16.0,0.0,0.0,0,0.0
27,35,0.0,0.0,16.0,0.0,0,0,0,16.0,0.0,0.0,0,0.0
28,35,0.0,0.0,16.0,0.0,0,0,0,16.0,0.0,0.0,0,0.0
29,35,0.0,0.0,16.0,0.0,0,0,0,16.0,0.0,0.0,0,0.0
30,35,0.0,0.0,16.0,0.0,0,0,0,16.0,0.0,0.0,0,0.0
31,35,0.0,0.0,16.0,0.0,0,0,0,16.0,0.0,0.0,0,0.0
32,35,0.0,0.0,16.0,0.0,0,0,0,16.0,0.0,0.0,0,0.0
33,35,0.0,0.0,16.0,0.0,0,0,0,16.0,0.0,0.0,0,0.0
34,35,0.0,0.0,16.0,0.0,0,0,0,16.0,0.0,0.0,0,0.0
35,35,0.0,0.0,8.0,0.0,0,0,0,8.0,0.0,0.0,0,0.0
36,35,0.0,0.0,16.0,0.0,0,0,0,16.0,0.0,0.0,0,0.0
37,35,10.432,8.0,8.0,0.0,0,0,0,16.0,0.5,0.0,0,0.0
38,35,10.432,8.0,8.0,0.0,0,0,0,16.0,0.5,0.0,0,0.0
39,35,10.432,8.0,8.0,0.0,0,0,0,16.0,0.5,0.0,0,0.0
40,35,10.432,8.0,8.0,0.0,0,0,0,16.0,0.5,0.0,0,0.0
41,35,10.432,8.0,8.0,0.0,0,0,0,16.0,0.5,0.0,0,0.0
42,35,10.432,8.0,8.0,0.0,0,0,0,16.0,0.5,0.0,0,0.0
43,35,10.432,8.0,8.0,0.0,0,0,0,16.0,0.5,0.0,0,0.0
44,35,10.432,8.0,0.0,0.0,0,0,0,8.0,1.0,0.0,0,0.0
45,35,10.432,8.0,8.0,0.0,0,0,0,16.0,0.5,0.0,0,0.0
46,35,7.308931976843466,8.0,8.0,0.0,0,0,0,16.0,0.5,0.0,0,0.0
47,35,10.432,8.0,8.0,0.0,0,0,0,16.0,0.5,0.0,0,0.0
48,35,10.432,8.0,8.0,0.0,0,0,0,16.0,0.5,0.0,0,0.0
49,35,10.432,8.0,8.0,0.0,0,0,0,16.0,0.5,0.0,0,0.0
50,35,10.432,8.0,8.0,0.0,0,0,0,16.0,0.5,0.0,0,0.0
51,35,10.432,8.0,8.0,0.0,0,0,0,16.0,0.5,0.0,0,0.0
52,35,10.432,8.0,8.0,0.0,0,0,0,16.0,0.5,0.0,0,0.0
53,35,13.112,8.0,0.0,0.0,0,0,0,8.0,1.0,0.0,0,0.0
54,35,10.432,8.0,8.0,0.0,0,0,0,16.0,0.5,0.0,0,0.0
55,35,10.432,8.0,8.0,0.0,0,0,0,16.0,0.5,0.0,0,0.0
56,35,10.432,8.0,8.0,0.0,0,0,0,16.0,0.5,0.0,0,0.0
57,35,9.948,8.0,8.0,0.0,0,0,0,16.0,0.5,0.0,0,0.0
58,35,9.948,8.0,8.0,0.0,0,0,0,16.0,0.5,0.0,0,0.0
59,35,9.948,8.0,0.0,0.0,0,0,0,8.0,1.0,0.0,0,0.0
60,35,9.948,8.0,0.0,0.0,0,0,0,8.0,1.0,0.0,0,0.0
61,35,7.803122485517267,8.0,8.0,0.0,0,0,0,16.0,0.5,0.0,0,0.0
62,35,7.3024,8.0,8.0,0.0,0,0,0,16.0,0.5,0.0,0,0.3
63,35,9.1784,8.0,0.0,0.0,0,0,0,8.0,1.0,0.0,0,0.3
64,35,7.3024,8.0,8.0,0.0,0,0,0,16.0,0.5,0.0,0,0.3
65,35,13.112,8.0,0.0,0.0,0,0,0,8.0,1.0,0.0,0,0.0
66,35,13.112,8.0,0.0,0.0,0,0,0,8.0,1.0,0.0,0,0.0
67,35,10.432,8.0,8.0,0.0,0,0,0,16.0,0.5,0.0,0,0.0
68,35,10.432,8.0,8.0,0.0,0,0,0,16.0,0.5,0.0,0,0.0
69,35,10.432,8.0,8.0,0.0,0,0,0,16.0,0.5,0.0,0,0.0
70,35,10.432,8.0,8.0,0.0,0,0,0,16.0,0.5,0.0,0,0.0
71,35,5.627915194566615,8.0,0.0,0.0,0,0,0,8.0,1.0,0.0,0,0.0
72,35,10.432,8.0,8.0,0.0,0,0,0,16.0,0.5,0.0,0,0.0
73,35,10.432,8.0,8.0,0.0,0,0,0,16.0,0.5,0.0,0,0.0
74,35,13.112,8.0,0.0,0.0,0,0,0,8.0,1.0,0.0,0,0.0
75,35,7.3024,8.0,0.0,0.0,0,0,0,8.0,1.0,0.0,0,0.3
77,35,10.432,8.0,8.0,0.0,0,0,0,16.0,0.5,0.0,0,0.0
78,35,10.432,8.0,8.0,0.0,0,0,0,16.0,0.5,0.0,0,0.0
79,35,10.432,8.0,8.0,0.0,0,0,0,16.0,0.5,0.0,0,0.0
80,35,10.432,8.0,8.0,0.0,0,0,0,16.0,0.5,0.0,0,0.0
81,35,10.432,8.0,8.0,0.0,0,0,0,16.0,0.5,0.0,0,0.0
82,35,9.1784,8.0,0.0,0.0,0,0,0,8.0,1.0,0.0,0,0.3
83,35,10.432,8.0,8.0,0.0,0,0,0,16.0,0.5,0.0,0,0.0
84,35,10.432,8.0,8.0,0.0,0,0,0,16.0,0.5,0.0,0,0.0
85,35,10.432,8.0,8.0,0.0,0,0,0,16.0,0.5,0.0,0,0.0
86,35,10.432,8.0,8.0,0.0,0,0,0,16.0,0.5,0.0,0,0.0
87,35,10.432,8.0,8.0,0.0,0,0,0,16.0,0.5,0.0,0,0.0
88,35,10.432,8.0,8.0,0.0,0,0,0,16.0,0.5,0.0,0,0.0
89,35,10.432,8.0,8.0,0.0,0,0,0,16.0,0.5,0.0,0,0.0
90,35,13.112,8.0,0.0,0.0,0,0,0,8.0,1.0,0.0,0,0.0
91,35,5.130011656227028,5.620082883684299,10.379917116315701,0.0,0,0,0,16.0,0.3512551802302687,2.3799171163157014,1,0.3
92,35,13.112,8.0,0.0,0.0,0,0,0,8.0,1.0,0.0,0,0.0
93,35,10.432,8.0,0.0,0.0,0,0,0,8.0,1.0,0.0,0,0.0
94,35,10.432,8.0,8.0,0.0,0,0,0,16.0,0.5,0.0,0,0.0
95,35,10.432,8.0,8.0,0.0,0,0,0,16.0,0.5,0.0,0,0.0
96,35,10.432,8.0,8.0,0.0,0,0,0,16.0,0.5,0.0,0,0.0
97,35,10.432,8.0,8.0,0.0,0,0,0,16.0,0.5,0.0,0,0.0
98,35,10.432,8.0,8.0,0.0,0,0,0,16.0,0.5,0.0,0,0.0
99,35,7.3024,8.0,8.0,0.0,0,0,0,16.0,0.5,0.0,0,0.3
100,35,0.0,0.0,16.0,0.0,0,0,0,16.0,0.0,0.0,0,0.0
101,35,8.299,8.0,8.0,0.0,0,0,0,16.0,0.5,0.0,0,0.0
102,35,8.299,8.0,0.0,0.0,0,0,0,8.0,1.0,0.0,0,0.0
103,35,2.797989822119864,4.187067099680574,11.812932900319426,0.0,0,0,0,16.0,0.26169169373003587,3.8129329003194257,1,0.0
104,35,8.299,8.0,8.0,0.0,0,0,0,16.0,0.5,0.0,0,0.0
105,35,8.299,8.0,8.0,0.0,0,0,0,16.0,0.5,0.0,0,0.0
106,35,8.299,8.0,8.0,0.0,0,0,0,16.0,0.5,0.0,0,0.0
107,35,0.0,0.0,16.0,0.0,0,0,0,16.0,0.0,0.0,0,0.0
108,35,0.0,0.0,16.0,0.0,0,0,0,16.0,0.0,0.0,0,0.0
109,35,0.0,0.0,16.0,0.0,0,0,0,16.0,0.0,0.0,0,0.0
110,35,0.0,0.0,16.0,0.0,0,0,0,16.0,0.0,0.0,0,0.0
111,35,0.0,0.0,16.0,0.0,0,0,0,16.0,0.0,0.0,0,0.0
112,35,0.0,0.0,16.0,0.0,0,0,0,16.0,0.0,0.0,0,0.0
1,36,0.0,0.0,16.0,0.0,0,0,0,16.0,0.0,0.0,0,0.0
2,36,0.0,0.0,16.0,0.0,0,0,0,16.0,0.0,0.0,0,0.0
3,36,0.0,0.0,16.0,0.0,0,0,0,16.0,0.0,0.0,0,0.0
4,36,0.0,0.0,16.0,0.0,0,0,0,16.0,0.0,0.0,0,0.0
5,36,0.0,0.0,16.0,0.0,0,0,0,16.0,0.0,0.0,0,0.0
6,36,0.0,0.0,16.0,0.0,0,0,0,16.0,0.0,0.0,0,0.0
7,36,0.0,0.0,16.0,0.0,0,0,0,16.0,0.0,0.0,0,0.0
8,36,0.0,0.0,16.0,0.0,0,0,0,16.0,0.0,0.0,0,0.0
9,36,0.0,0.0,16.0,0.0,0,0,0,16.0,0.0,0.0,0,0.0
10,36,0.0,0.0,16.0,0.0,0,0,0,16.0,0.0,0.0,0,0.0
11,36,0.0,0.0,8.0,0.0,0,0,0,8.0,0.0,0.0,0,0.0
12,36,8.319,8.0,8.0,0.0,0,0,0,16.0,0.5,0.0,0,0.0
13,36,0.0,0.0,16.0,0.0,0,0,0,16.0,0.0,0.0,0,0.0
14,36,0.0,0.0,16.0,0.0,0,0,0,16.0,0.0,0.0,0,0.0
15,36,0.0,0.0,16.0,0.0,0,0,0,16.0,0.0,0.0,0,0.0
16,36,0.0,0.0,16.0,0.0,0,0,0,16.0,0.0,0.0,0,0.0
17,36,0.0,0.0,8.0,0.0,0,0,0,8.0,0.0,0.0,0,0.0
18,36,0.0,0.0,16.0,0.0,0,0,0,16.0,0.0,0.0,0,0.0
19,36,0.0,0.0,16.0,0.0,0,0,0,16.0,0.0,0.0,0,0.0
20,36,0.0,0.0,8.0,0.0,0,0,0,8.0,0.0,0.0,0,0.0
21,36,0.0,0.0,8.0,0.0,0,0,0,8.0,0.0,0.0,0,0.0
22,36,0.0,0.0,16.0,0.0,0,0,0,16.0,0.0,0.0,0,0.0
23,36,0.0,0.0,16.0,0.0,0,0,0,16.0,0.0,0.0,0,0.0
24,36,0.0,0.0,16.0,0.0,0,0,0,16.0,0.0,0.0,0,0.0
25,36,0.0,0.0,16.0,0.0,0,0,0,16.0,0.0,0.0,0,0.0
26,36,0.0,0.0,16.0,0.0,0,0,0,16.0,0.0,0.0,0,0.0
27,36,0.0,0.0,16.0,0.0,0,0,0,16.0,0.0,0.0,0,0.0
28,36,0.0,0.0,16.0,0.0,0,0,0,16.0,0.0,0.0,0,0.0
29,36,0.0,0.0,16.0,0.0,0,0,0,16.0,0.0,0.0,0,0.0
30,36,0.0,0.0,16.0,0.0,0,0,0,16.0,0.0,0.0,0,0.0
31,36,0.0,0.0,16.0,0.0,0,0,0,16.0,0.0,0.0,0,0.0
32,36,0.0,0.0,16.0,0.0,0,0,0,16.0,0.0,0.0,0,0.0
33,36,0.0,0.0,16.0,0.0,0,0,0,16.0,0.0,0.0,0,0.0
34,36,0.0,0.0,16.0,0.0,0,0,0,16.0,0.0,0.0,0,0.0
35,36,0.0,0.0,8.0,0.0,0,0,0,8.0,0.0,0.0,0,0.0
36,36,0.0,0.0,16.0,0.0,0,0,0,16.0,0.0,0.0,0,0.0
37,36,10.432,8.0,8.0,0.0,0,0,0,16.0,0.5,0.0,0,0.0
38,36,10.432,8.0,8.0,0.0,0,0,0,16.0,0.5,0.0,0,0.0
39,36,10.432,8.0,8.0,0.0,0,0,0,16.0,0.5,0.0,0,0.0
40,36,10.432,8.0,8.0,0.0,0,0,0,16.0,0.5,0.0,0,0.0
41,36,10.432,8.0,8.0,0.0,0,0,0,16.0,0.5,0.0,0,0.0
42,36,10.432,8.0,8.0,0.0,0,0,0,16.0,0.5,0.0,0,0.0
43,36,7.3024,8.0,8.0,0.0,0,0,0,16.0,0.5,0.0,0,0.3
44,36,10.432,8.0,0.0,0.0,0,0,0,8.0,1.0,0.0,0,0.0
45,36,10.432,8.0,8.0,0.0,0,0,0,16.0,0.5,0.0,0,0.0
46,36,7.3024,8.0,8.0,0.0,0,0,0,16.0,0.5,0.0,0,0.3
47,36,10.432,8.0,8.0,0.0,0,0,0,16.0,0.5,0.0,0,0.0
48,36,7.3024,8.0,8.0,0.0,0,0,0,16.0,0.5,0.0,0,0.3
49,36,10.432,8.0,8.0,0.0,0,0,0,16.0,0.5,0.0,0,0.0
50,36,10.432,8.0,8.0,0.0,0,0,0,16.0,0.5,0.0,0,0.0
51,36,10.432,8.0,8.0,0.0,0,0,0,16.0,0.5,0.0,0,0.0
52,36,5.809343030186535,8.0,8.0,0.0,0,0,0,16.0,0.5,0.0,0,0.0
53,36,13.112,8.0,0.0,0.0,0,0,0,8.0,1.0,0.0,0,0.0
54,36,7.3024,8.0,8.0,0.0,0,0,0,16.0,0.5,0.0,0,0.3
55,36,10.432,8.0,8.0,0.0,0,0,0,16.0,0.5,0.0,0,0.0
56,36,10.432,8.0,8.0,0.0,0,0,0,16.0,0.5,0.0,0,0.0
57,36,9.948,8.0,8.0,0.0,0,0,0,16.0,0.5,0.0,0,0.0
58,36,9.948,8.0,8.0,0.0,0,0,0,16.0,0.5,0.0,0,0.0
59,36,3.273786005504409,8.0,0.0,0.0,0,0,0,8.0,1.0,0.0,0,0.3
60,36,9.948,8.0,0.0,0.0,0,0,0,8.0,1.0,0.0,0,0.0
61,36,9.948,8.0,8.0,0.0,0,0,0,16.0,0.5,0.0,0,0.0
62,36,10.432,8.0,8.0,0.0,0,0,0,16.0,0.5,0.0,0,0.0
63,36,13.112,8.0,0.0,0.0,0,0,0,8.0,1.0,0.0,0,0.0
64,36,10.432,8.0,8.0,0.0,0,0,0,16.0,0.5,0.0,0,0.0
65,36,13.112,8.0,0.0,0.0,0,0,0,8.0,1.0,0.0,0,0.0
66,36,13.112,8.0,0.0,0.0,0,0,0,8.0,1.0,0.0,0,0.0
67,36,10.432,8.0,8.0,0.0,0,0,0,16.0,0.5,0.0,0,0.0
68,36,10.432,8.0,8.0,0.0,0,0,0,16.0,0.5,0.0,0,0.0
69,36,10.432,8.0,8.0,0.0,0,0,0,16.0,0.5,0.0,0,0.0
70,36,10.432,8.0,8.0,0.0,0,0,0,16.0,0.5,0.0,0,0.0
71,36,6.082524359291785,8.0,0.0,0.0,0,0,0,8.0,1.0,0.0,0,0.0
72,36,10.432,8.0,8.0,0.0,0,0,0,16.0,0.5,0.0,0,0.0
73,36,10.432,8.0,8.0,0.0,0,0,0,16.0,0.5,0.0,0,0.0
74,36,13.112,8.0,0.0,0.0,0,0,0,8.0,1.0,0.0,0,0.0
75,36,10.432,8.0,0.0,0.0,0,0,0,8.0,1.0,0.0,0,0.0
77,36,10.432,8.0,8.0,0.0,0,0,0,16.0,0.5,0.0,0,0.0
78,36,10.432,8.0,8.0,0.0,0,0,0,16.0,0.5,0.0,0,0.0
79,36,10.432,8.0,8.0,0.0,0,0,0,16.0,0.5,0.0,0,0.0
80,36,10.432,8.0,8.0,0.0,0,0,0,16.0,0.5,0.0,0,0.0
81,36,10.432,8.0,8.0,0.0,0,0,0,16.0,0.5,0.0,0,0.0
82,36,13.112,8.0,0.0,0.0,0,0,0,8.0,1.0,0.0,0,0.0
83,36,10.432,8.0,8.0,0.0,0,0,0,16.0,0.5,0.0,0,0.0
84,36,7.3024,8.0,8.0,0.0,0,0,0,16.0,0.5,0.0,0,0.3
85,36,7.3024,8.0,8.0,0.0,0,0,0,16.0,0.5,0.0,0,0.3
86,36,10.432,8.0,8.0,0.0,0,0,0,16.0,0.5,0.0,0,0.0
87,36,10.432,8.0,8.0,0.0,0,0,0,16.0,0.5,0.0,0,0.0
88,36,10.432,8.0,8.0,0.0,0,0,0,16.0,0.5,0.0,0,0.0
89,36,10.432,8.0,8.0,0.0,0,0,0,16.0,0.5,0.0,0,0.0
90,36,13.112,8.0,0.0,0.0,0,0,0,8.0,1.0,0.0,0,0.0
91,36,10.432,8.0,8.0,0.0,0,0,0,16.0,0.5,0.0,0,0.0
92,36,13.112,8.0,0.0,0.0,0,0,0,8.0,1.0,0.0,0,0.0
93,36,10.432,8.0,0.0,0.0,0,0,0,8.0,1.0,0.0,0,0.0
94,36,10.432,8.0,8.0,0.0,0,0,0,16.0,0.5,0.0,0,0.0
95,36,10.432,8.0,8.0,0.0,0,0,0,16.0,0.5,0.0,0,0.0
96,36,10.432,8.0,8.0,0.0,0,0,0,16.0,0.5,0.0,0,0.0
97,36,10.432,8.0,8.0,0.0,0,0,0,16.0,0.5,0.0,0,0.0
98,36,10.432,8.0,8.0,0.0,0,0,0,16.0,0.5,0.0,0,0.0
99,36,10.432,8.0,8.0,0.0,0,0,0,16.0,0.5,0.0,0,0.0
100,36,0.0,0.0,16.0,0.0,0,0,0,16.0,0.0,0.0,0,0.0
101,36,8.299,8.0,8.0,0.0,0,0,0,16.0,0.5,0.0,0,0.0
102,36,8.299,8.0,0.0,0.0,0,0,0,8.0,1.0,0.0,0,0.0
103,36,5.8092999999999995,8.0,8.0,0.0,0,0,0,16.0,0.5,0.0,0,0.3
104,36,8.299,8.0,8.0,0.0,0,0,0,16.0,0.5,0.0,0,0.0
105,36,4.865742226098208,4.6904371380631,11.3095628619369,0.0,0,0,0,16.0,0.29315232112894374,3.3095628619369006,1,0.0
106,36,8.299,8.0,8.0,0.0,0,0,0,16.0,0.5,0.0,0,0.0
107,36,0.0,0.0,16.0,0.0,0,0,0,16.0,0.0,0.0,0,0.0
108,36,0.0,0.0,16.0,0.0,0,0,0,16.0,0.0,0.0,0,0.0
109,36,0.0,0.0,16.0,0.0,0,0,0,16.0,0.0,0.0,0,0.0
110,36,0.0,0.0,16.0,0.0,0,0,0,16.0,0.0,0.0,0,0.0
111,36,0.0,0.0,16.0,0.0,0,0,0,16.0,0.0,0.0,0,0.0
112,36,0.0,0.0,16.0,0.0,0,0,0,16.0,0.0,0.0,0,0.0
1,37,0.0,0.0,16.0,0.0,0,0,0,16.0,0.0,0.0,0,0.0
2,37,0.0,0.0,16.0,0.0,0,0,0,16.0,0.0,0.0,0,0.0
3,37,0.0,0.0,16.0,0.0,0,0,0,16.0,0.0,0.0,0,0.0
4,37,0.0,0.0,16.0,0.0,0,0,0,16.0,0.0,0.0,0,0.0
5,37,0.0,0.0,16.0,0.0,0,0,0,16.0,0.0,0.0,0,0.0
6,37,0.0,0.0,16.0,0.0,0,0,0,16.0,0.0,0.0,0,0.0
7,37,0.0,0.0,16.0,0.0,0,0,0,16.0,0.0,0.0,0,0.0
8,37,0.0,0.0,16.0,0.0,0,0,0,16.0,0.0,0.0,0,0.0
9,37,0.0,0.0,16.0,0.0,0,0,0,16.0,0.0,0.0,0,0.0
10,37,0.0,0.0,16.0,0.0,0,0,0,16.0,0.0,0.0,0,0.0
11,37,0.0,0.0,8.0,0.0,0,0,0,8.0,0.0,0.0,0,0.0
12,37,5.823300000000001,8.0,8.0,0.0,0,0,0,16.0,0.5,0.0,0,0.3
13,37,0.0,0.0,16.0,0.0,0,0,0,16.0,0.0,0.0,0,0.0
14,37,0.0,0.0,16.0,0.0,0,0,0,16.0,0.0,0.0,0,0.0
15,37,0.0,0.0,16.0,0.0,0,0,0,16.0,0.0,0.0,0,0.0
16,37,0.0,0.0,16.0,0.0,0,0,0,16.0,0.0,0.0,0,0.0
17,37,0.0,0.0,8.0,0.0,0,0,0,8.0,0.0,0.0,0,0.0
18,37,0.0,0.0,16.0,0.0,0,0,0,16.0,0.0,0.0,0,0.0
19,37,0.0,0.0,16.0,0.0,0,0,0,16.0,0.0,0.0,0,0.0
20,37,0.0,0.0,8.0,0.0,0,0,0,8.0,0.0,0.0,0,0.0
21,37,0.0,0.0,8.0,0.0,0,0,0,8.0,0.0,0.0,0,0.0
22,37,0.0,0.0,16.0,0.0,0,0,0,16.0,0.0,0.0,0,0.0
23,37,0.0,0.0,16.0,0.0,0,0,0,16.0,0.0,0.0,0,0.0
24,37,0.0,0.0,16.0,0.0,0,0,0,16.0,0.0,0.0,0,0.0
25,37,0.0,0.0,16.0,0.0,0,0,0,16.0,0.0,0.0,0,0.0
26,37,0.0,0.0,16.0,0.0,0,0,0,16.0,0.0,0.0,0,0.0
27,37,0.0,0.0,16.0,0.0,0,0,0,16.0,0.0,0.0,0,0.0
28,37,0.0,0.0,16.0,0.0,0,0,0,16.0,0.0,0.0,0,0.0
29,37,0.0,0.0,16.0,0.0,0,0,0,16.0,0.0,0.0,0,0.0
30,37,0.0,0.0,16.0,0.0,0,0,0,16.0,0.0,0.0,0,0.0
31,37,0.0,0.0,16.0,0.0,0,0,0,16.0,0.0,0.0,0,0.0
32,37,0.0,0.0,16.0,0.0,0,0,0,16.0,0.0,0.0,0,0.0
33,37,0.0,0.0,16.0,0.0,0,0,0,16.0,0.0,0.0,0,0.0
34,37,0.0,0.0,16.0,0.0,0,0,0,16.0,0.0,0.0,0,0.0
35,37,0.0,0.0,8.0,0.0,0,0,0,8.0,0.0,0.0,0,0.0
36,37,0.0,0.0,16.0,0.0,0,0,0,16.0,0.0,0.0,0,0.0
37,37,10.432,8.0,8.0,0.0,0,0,0,16.0,0.5,0.0,0,0.0
38,37,10.432,8.0,8.0,0.0,0,0,0,16.0,0.5,0.0,0,0.0
39,37,10.432,8.0,8.0,0.0,0,0,0,16.0,0.5,0.0,0,0.0
40,37,10.432,8.0,8.0,0.0,0,0,0,16.0,0.5,0.0,0,0.0
41,37,10.432,8.0,8.0,0.0,0,0,0,16.0,0.5,0.0,0,0.0
42,37,10.432,8.0,8.0,0.0,0,0,0,16.0,0.5,0.0,0,0.0
43,37,3.6744576795270767,2.817835643809108,13.182164356190892,0.0,0,0,0,16.0,0.17611472773806924,5.182164356190892,1,0.0
44,37,10.432,8.0,0.0,0.0,0,0,0,8.0,1.0,0.0,0,0.0
45,37,7.3024,8.0,8.0,0.0,0,0,0,16.0,0.5,0.0,0,0.3
46,37,3.243408506314829,8.0,8.0,0.0,0,0,0,16.0,0.5,0.0,0,0.3
47,37,10.432,8.0,8.0,0.0,0,0,0,16.0,0.5,0.0,0,0.0
48,37,10.432,8.0,8.0,0.0,0,0,0,16.0,0.5,0.0,0,0.0
49,37,10.432,8.0,8.0,0.0,0,0,0,16.0,0.5,0.0,0,0.0
50,37,10.432,8.0,8.0,0.0,0,0,0,16.0,0.5,0.0,0,0.0
51,37,10.432,8.0,8.0,0.0,0,0,0,16.0,0.5,0.0,0,0.0
52,37,10.432,8.0,8.0,0.0,0,0,0,16.0,0.5,0.0,0,0.0
53,37,13.112,8.0,0.0,0.0,0,0,0,8.0,1.0,0.0,0,0.0
54,37,10.432,8.0,8.0,0.0,0,0,0,16.0,0.5,0.0,0,0.0
55,37,10.432,8.0,8.0,0.0,0,0,0,16.0,0.5,0.0,0,0.0
56,37,10.432,8.0,8.0,0.0,0,0,0,16.0,0.5,0.0,0,0.0
57,37,6.232809794101851,5.012311856937556,10.987688143062444,0.0,0,0,0,16.0,0.31326949105859725,2.987688143062444,1,0.0
58,37,9.948,8.0,8.0,0.0,0,0,0,16.0,0.5,0.0,0,0.0
59,37,4.110110136900967,8.0,0.0,0.0,0,0,0,8.0,1.0,0.0,0,0.0
60,37,9.948,8.0,0.0,0.0,0,0,0,8.0,1.0,0.0,0,0.0
61,37,9.948,8.0,8.0,0.0,0,0,0,16.0,0.5,0.0,0,0.0
62,37,10.432,8.0,8.0,0.0,0,0,0,16.0,0.5,0.0,0,0.0
63,37,13.112,8.0,0.0,0.0,0,0,0,8.0,1.0,0.0,0,0.0
64,37,10.432,8.0,8.0,0.0,0,0,0,16.0,0.5,0.0,0,0.0
65,37,13.112,8.0,0.0,0.0,0,0,0,8.0,1.0,0.0,0,0.0
66,37,13.112,8.0,0.0,0.0,0,0,0,8.0,1.0,0.0,0,0.0
67,37,10.432,8.0,8.0,0.0,0,0,0,16.0,0.5,0.0,0,0.0
68,37,10.432,8.0,8.0,0.0,0,0,0,16.0,0.5,0.0,0,0.0
69,37,10.432,8.0,8.0,0.0,0,0,0,16.0,0.5,0.0,0,0.0
70,37,10.432,8.0,8.0,0.0,0,0,0,16.0,0.5,0.0,0,0.0
71,37,10.432,8.0,0.0,0.0,0,0,0,8.0,1.0,0.0,0,0.0
72,37,10.432,8.0,8.0,0.0,0,0,0,16.0,0.5,0.0,0,0.0
73,37,10.432,8.0,8.0,0.0,0,0,0,16.0,0.5,0.0,0,0.0
74,37,13.112,8.0,0.0,0.0,0,0,0,8.0,1.0,0.0,0,0.0
75,37,10.432,8.0,0.0,0.0,0,0,0,8.0,1.0,0.0,0,0.0
77,37,10.432,8.0,8.0,0.0,0,0,0,16.0,0.5,0.0,0,0.0
78,37,5.189796529581931,8.0,8.0,0.0,0,0,0,16.0,0.5,0.0,0,0.0
79,37,7.3024,8.0,8.0,0.0,0,0,0,16.0,0.5,0.0,0,0.3
80,37,8.183386350789103,8.0,8.0,0.0,0,0,0,16.0,0.5,0.0,0,0.0
81,37,10.432,8.0,8.0,0.0,0,0,0,16.0,0.5,0.0,0,0.0
82,37,13.112,8.0,0.0,0.0,0,0,0,8.0,1.0,0.0,0,0.0
83,37,7.3024,8.0,8.0,0.0,0,0,0,16.0,0.5,0.0,0,0.3
84,37,10.432,8.0,8.0,0.0,0,0,0,16.0,0.5,0.0,0,0.0
85,37,10.432,8.0,8.0,0.0,0,0,0,16.0,0.5,0.0,0,0.0
86,37,10.432,8.0,8.0,0.0,0,0,0,16.0,0.5,0.0,0,0.0
87,37,10.432,8.0,8.0,0.0,0,0,0,16.0,0.5,0.0,0,0.0
88,37,10.432,8.0,8.0,0.0,0,0,0,16.0,0.5,0.0,0,0.0
89,37,10.432,8.0,8.0,0.0,0,0,0,16.0,0.5,0.0,0,0.0
90,37,13.112,8.0,0.0,0.0,0,0,0,8.0,1.0,0.0,0,0.0
91,37,10.432,8.0,8.0,0.0,0,0,0,16.0,0.5,0.0,0,0.0
92,37,13.112,8.0,0.0,0.0,0,0,0,8.0,1.0,0.0,0,0.0
93,37,7.165958416757065,8.0,0.0,0.0,0,0,0,8.0,1.0,0.0,0,0.0
94,37,8.043646020024234,8.0,8.0,0.0,0,0,0,16.0,0.5,0.0,0,0.0
95,37,10.432,8.0,8.0,0.0,0,0,0,16.0,0.5,0.0,0,0.0
96,37,6.387128420236377,8.0,8.0,0.0,0,0,0,16.0,0.5,0.0,0,0.0
97,37,10.432,8.0,8.0,0.0,0,0,0,16.0,0.5,0.0,0,0.0
98,37,10.432,8.0,8.0,0.0,0,0,0,16.0,0.5,0.0,0,0.0
99,37,10.432,8.0,8.0,0.0,0,0,0,16.0,0.5,0.0,0,0.0
100,37,0.0,0.0,16.0,0.0,0,0,0,16.0,0.0,0.0,0,0.0
101,37,8.299,8.0,8.0,0.0,0,0,0,16.0,0.5,0.0,0,0.0
102,37,8.299,8.0,0.0,0.0,0,0,0,8.0,1.0,0.0,0,0.0
103,37,8.299,8.0,8.0,0.0,0,0,0,16.0,0.5,0.0,0,0.0
104,37,8.299,8.0,8.0,0.0,0,0,0,16.0,0.5,0.0,0,0.0
105,37,8.299,8.0,8.0,0.0,0,0,0,16.0,0.5,0.0,0,0.0
106,37,5.8092999999999995,8.0,8.0,0.0,0,0,0,16.0,0.5,0.0,0,0.3
107,37,0.0,0.0,16.0,0.0,0,0,0,16.0,0.0,0.0,0,0.0
108,37,0.0,0.0,16.0,0.0,0,0,0,16.0,0.0,0.0,0,0.0
109,37,0.0,0.0,16.0,0.0,0,0,0,16.0,0.0,0.0,0,0.0
110,37,0.0,0.0,16.0,0.0,0,0,0,16.0,0.0,0.0,0,0.0
111,37,0.0,0.0,16.0,0.0,0,0,0,16.0,0.0,0.0,0,0.0
112,37,0.0,0.0,16.0,0.0,0,0,0,16.0,0.0,0.0,0,0.0
1,38,0.0,0.0,16.0,0.0,0,0,0,16.0,0.0,0.0,0,0.0
2,38,0.0,0.0,16.0,0.0,0,0,0,16.0,0.0,0.0,0,0.0
3,38,0.0,0.0,16.0,0.0,0,0,0,16.0,0.0,0.0,0,0.0
4,38,0.0,0.0,16.0,0.0,0,0,0,16.0,0.0,0.0,0,0.0
5,38,0.0,0.0,16.0,0.0,0,0,0,16.0,0.0,0.0,0,0.0
6,38,0.0,0.0,16.0,0.0,0,0,0,16.0,0.0,0.0,0,0.0
7,38,0.0,0.0,16.0,0.0,0,0,0,16.0,0.0,0.0,0,0.0
8,38,0.0,0.0,16.0,0.0,0,0,0,16.0,0.0,0.0,0,0.0
9,38,0.0,0.0,16.0,0.0,0,0,0,16.0,0.0,0.0,0,0.0
10,38,0.0,0.0,16.0,0.0,0,0,0,16.0,0.0,0.0,0,0.0
11,38,0.0,0.0,8.0,0.0,0,0,0,8.0,0.0,0.0,0,0.0
12,38,8.319,8.0,8.0,0.0,0,0,0,16.0,0.5,0.0,0,0.0
13,38,0.0,0.0,16.0,0.0,0,0,0,16.0,0.0,0.0,0,0.0
14,38,0.0,0.0,16.0,0.0,0,0,0,16.0,0.0,0.0,0,0.0
15,38,0.0,0.0,16.0,0.0,0,0,0,16.0,0.0,0.0,0,0.0
16,38,0.0,0.0,16.0,0.0,0,0,0,16.0,0.0,0.0,0,0.0
17,38,0.0,0.0,8.0,0.0,0,0,0,8.0,0.0,0.0,0,0.0
18,38,0.0,0.0,16.0,0.0,0,0,0,16.0,0.0,0.0,0,0.0
19,38,0.0,0.0,16.0,0.0,0,0,0,16.0,0.0,0.0,0,0.0
20,38,0.0,0.0,8.0,0.0,0,0,0,8.0,0.0,0.0,0,0.0
21,38,0.0,0.0,8.0,0.0,0,0,0,8.0,0.0,0.0,0,0.0
22,38,0.0,0.0,16.0,0.0,0,0,0,16.0,0.0,0.0,0,0.0
23,38,0.0,0.0,16.0,0.0,0,0,0,16.0,0.0,0.0,0,0.0
24,38,0.0,0.0,16.0,0.0,0,0,0,16.0,0.0,0.0,0,0.0
25,38,0.0,0.0,16.0,0.0,0,0,0,16.0,0.0,0.0,0,0.0
26,38,0.0,0.0,16.0,0.0,0,0,0,16.0,0.0,0.0,0,0.0
27,38,0.0,0.0,16.0,0.0,0,0,0,16.0,0.0,0.0,0,0.0
28,38,0.0,0.0,16.0,0.0,0,0,0,16.0,0.0,0.0,0,0.0
29,38,0.0,0.0,16.0,0.0,0,0,0,16.0,0.0,0.0,0,0.0
30,38,0.0,0.0,16.0,0.0,0,0,0,16.0,0.0,0.0,0,0.0
31,38,0.0,0.0,16.0,0.0,0,0,0,16.0,0.0,0.0,0,0.0
32,38,0.0,0.0,16.0,0.0,0,0,0,16.0,0.0,0.0,0,0.0
33,38,0.0,0.0,16.0,0.0,0,0,0,16.0,0.0,0.0,0,0.0
34,38,0.0,0.0,16.0,0.0,0,0,0,16.0,0.0,0.0,0,0.0
35,38,0.0,0.0,8.0,0.0,0,0,0,8.0,0.0,0.0,0,0.0
36,38,0.0,0.0,16.0,0.0,0,0,0,16.0,0.0,0.0,0,0.0
37,38,7.3024,8.0,8.0,0.0,0,0,0,16.0,0.5,0.0,0,0.3
38,38,10.432,8.0,8.0,0.0,0,0,0,16.0,0.5,0.0,0,0.0
39,38,10.432,8.0,8.0,0.0,0,0,0,16.0,0.5,0.0,0,0.0
40,38,10.432,8.0,8.0,0.0,0,0,0,16.0,0.5,0.0,0,0.0
41,38,10.432,8.0,8.0,0.0,0,0,0,16.0,0.5,0.0,0,0.0
42,38,10.432,8.0,8.0,0.0,0,0,0,16.0,0.5,0.0,0,0.0
43,38,8.225889446486443,8.0,8.0,0.0,0,0,0,16.0,0.5,0.0,0,0.0
44,38,10.432,8.0,0.0,0.0,0,0,0,8.0,1.0,0.0,0,0.0
45,38,10.432,8.0,8.0,0.0,0,0,0,16.0,0.5,0.0,0,0.0
46,38,7.3024,8.0,8.0,0.0,0,0,0,16.0,0.5,0.0,0,0.3
47,38,10.432,8.0,8.0,0.0,0,0,0,16.0,0.5,0.0,0,0.0
48,38,10.432,8.0,8.0,0.0,0,0,0,16.0,0.5,0.0,0,0.0
49,38,10.432,8.0,8.0,0.0,0,0,0,16.0,0.5,0.0,0,0.0
50,38,10.432,8.0,8.0,0.0,0,0,0,16.0,0.5,0.0,0,0.0
51,38,10.432,8.0,8.0,0.0,0,0,0,16.0,0.5,0.0,0,0.0
52,38,10.432,8.0,8.0,0.0,0,0,0,16.0,0.5,0.0,0,0.0
53,38,8.60972878642683,5.25303769763687,2.74696230236313,0.0,0,0,0,8.0,0.6566297122046088,2.74696230236313,1,0.0
54,38,10.432,8.0,8.0,0.0,0,0,0,16.0,0.5,0.0,0,0.0
55,38,10.432,8.0,8.0,0.0,0,0,0,16.0,0.5,0.0,0,0.0
56,38,7.3024,8.0,8.0,0.0,0,0,0,16.0,0.5,0.0,0,0.3
57,38,6.192237773589187,8.0,8.0,0.0,0,0,0,16.0,0.5,0.0,0,0.0
58,38,9.948,8.0,8.0,0.0,0,0,0,16.0,0.5,0.0,0,0.0
59,38,9.948,8.0,0.0,0.0,0,0,0,8.0,1.0,0.0,0,0.0
60,38,9.948,8.0,0.0,0.0,0,0,0,8.0,1.0,0.0,0,0.0
61,38,9.948,8.0,8.0,0.0,0,0,0,16.0,0.5,0.0,0,0.0
62,38,10.432,8.0,8.0,0.0,0,0,0,16.0,0.5,0.0,0,0.0
63,38,13.112,8.0,0.0,0.0,0,0,0,8.0,1.0,0.0,0,0.0
64,38,10.432,8.0,8.0,0.0,0,0,0,16.0,0.5,0.0,0,0.0
65,38,13.112,8.0,0.0,0.0,0,0,0,8.0,1.0,0.0,0,0.0
66,38,13.112,8.0,0.0,0.0,0,0,0,8.0,1.0,0.0,0,0.0
67,38,10.432,8.0,8.0,0.0,0,0,0,16.0,0.5,0.0,0,0.0
68,38,10.432,8.0,8.0,0.0,0,0,0,16.0,0.5,0.0,0,0.0
69,38,10.432,8.0,8.0,0.0,0,0,0,16.0,0.5,0.0,0,0.0
70,38,10.432,8.0,8.0,0.0,0,0,0,16.0,0.5,0.0,0,0.0
71,38,10.432,8.0,0.0,0.0,0,0,0,8.0,1.0,0.0,0,0.0
72,38,10.432,8.0,8.0,0.0,0,0,0,16.0,0.5,0.0,0,0.0
73,38,10.432,8.0,8.0,0.0,0,0,0,16.0,0.5,0.0,0,0.0
74,38,13.112,8.0,0.0,0.0,0,0,0,8.0,1.0,0.0,0,0.0
75,38,10.432,8.0,0.0,0.0,0,0,0,8.0,1.0,0.0,0,0.0
77,38,10.432,8.0,8.0,0.0,0,0,0,16.0,0.5,0.0,0,0.0
78,38,10.432,8.0,8.0,0.0,0,0,0,16.0,0.5,0.0,0,0.0
79,38,7.3024,8.0,8.0,0.0,0,0,0,16.0,0.5,0.0,0,0.3
80,38,10.432,8.0,8.0,0.0,0,0,0,16.0,0.5,0.0,0,0.0
81,38,4.843428768275911,8.0,8.0,0.0,0,0,0,16.0,0.5,0.0,0,0.0
82,38,13.112,8.0,0.0,0.0,0,0,0,8.0,1.0,0.0,0,0.0
83,38,10.432,8.0,8.0,0.0,0,0,0,16.0,0.5,0.0,0,0.0
84,38,10.432,8.0,8.0,0.0,0,0,0,16.0,0.5,0.0,0,0.0
85,38,10.432,8.0,8.0,0.0,0,0,0,16.0,0.5,0.0,0,0.0
86,38,10.432,8.0,8.0,0.0,0,0,0,16.0,0.5,0.0,0,0.0
87,38,10.432,8.0,8.0,0.0,0,0,0,16.0,0.5,0.0,0,0.0
88,38,10.432,8.0,8.0,0.0,0,0,0,16.0,0.5,0.0,0,0.0
89,38,10.432,8.0,8.0,0.0,0,0,0,16.0,0.5,0.0,0,0.0
90,38,13.112,8.0,0.0,0.0,0,0,0,8.0,1.0,0.0,0,0.0
91,38,10.432,8.0,8.0,0.0,0,0,0,16.0,0.5,0.0,0,0.0
92,38,9.1784,8.0,0.0,0.0,0,0,0,8.0,1.0,0.0,0,0.3
93,38,7.3024,8.0,0.0,0.0,0,0,0,8.0,1.0,0.0,0,0.3
94,38,10.432,8.0,8.0,0.0,0,0,0,16.0,0.5,0.0,0,0.0
95,38,10.432,8.0,8.0,0.0,0,0,0,16.0,0.5,0.0,0,0.0
96,38,10.432,8.0,8.0,0.0,0,0,0,16.0,0.5,0.0,0,0.0
97,38,8.022260517176461,8.0,8.0,0.0,0,0,0,16.0,0.5,0.0,0,0.0
98,38,10.432,8.0,8.0,0.0,0,0,0,16.0,0.5,0.0,0,0.0
99,38,10.432,8.0,8.0,0.0,0,0,0,16.0,0.5,0.0,0,0.0
100,38,0.0,0.0,16.0,0.0,0,0,0,16.0,0.0,0.0,0,0.0
101,38,5.8092999999999995,8.0,8.0,0.0,0,0,0,16.0,0.5,0.0,0,0.3
102,38,8.299,8.0,0.0,0.0,0,0,0,8.0,1.0,0.0,0,0.0
103,38,8.299,8.0,8.0,0.0,0,0,0,16.0,0.5,0.0,0,0.0
104,38,8.299,8.0,8.0,0.0,0,0,0,16.0,0.5,0.0,0,0.0
105,38,3.633958544364526,8.0,8.0,0.0,0,0,0,16.0,0.5,0.0,0,0.3
106,38,8.299,8.0,8.0,0.0,0,0,0,16.0,0.5,0.0,0,0.0
107,38,0.0,0.0,16.0,0.0,0,0,0,16.0,0.0,0.0,0,0.0
108,38,0.0,0.0,16.0,0.0,0,0,0,16.0,0.0,0.0,0,0.0
109,38,0.0,0.0,16.0,0.0,0,0,0,16.0,0.0,0.0,0,0.0
110,38,0.0,0.0,16.0,0.0,0,0,0,16.0,0.0,0.0,0,0.0
111,38,0.0,0.0,16.0,0.0,0,0,0,16.0,0.0,0.0,0,0.0
112,38,0.0,0.0,16.0,0.0,0,0,0,16.0,0.0,0.0,0,0.0
1,39,0.0,0.0,16.0,0.0,0,0,0,16.0,0.0,0.0,0,0.0
2,39,0.0,0.0,16.0,0.0,0,0,0,16.0,0.0,0.0,0,0.0
3,39,0.0,0.0,16.0,0.0,0,0,0,16.0,0.0,0.0,0,0.0
4,39,0.0,0.0,16.0,0.0,0,0,0,16.0,0.0,0.0,0,0.0
5,39,0.0,0.0,16.0,0.0,0,0,0,16.0,0.0,0.0,0,0.0
6,39,0.0,0.0,16.0,0.0,0,0,0,16.0,0.0,0.0,0,0.0
7,39,0.0,0.0,16.0,0.0,0,0,0,16.0,0.0,0.0,0,0.0
8,39,0.0,0.0,16.0,0.0,0,0,0,16.0,0.0,0.0,0,0.0
9,39,0.0,0.0,16.0,0.0,0,0,0,16.0,0.0,0.0,0,0.0
10,39,0.0,0.0,16.0,0.0,0,0,0,16.0,0.0,0.0,0,0.0
11,39,0.0,0.0,8.0,0.0,0,0,0,8.0,0.0,0.0,0,0.0
12,39,8.319,8.0,8.0,0.0,0,0,0,16.0,0.5,0.0,0,0.0
13,39,0.0,0.0,16.0,0.0,0,0,0,16.0,0.0,0.0,0,0.0
14,39,0.0,0.0,16.0,0.0,0,0,0,16.0,0.0,0.0,0,0.0
15,39,0.0,0.0,16.0,0.0,0,0,0,16.0,0.0,0.0,0,0.0
16,39,0.0,0.0,16.0,0.0,0,0,0,16.0,0.0,0.0,0,0.0
17,39,0.0,0.0,8.0,0.0,0,0,0,8.0,0.0,0.0,0,0.0
18,39,0.0,0.0,16.0,0.0,0,0,0,16.0,0.0,0.0,0,0.0
19,39,0.0,0.0,16.0,0.0,0,0,0,16.0,0.0,0.0,0,0.0
20,39,0.0,0.0,8.0,0.0,0,0,0,8.0,0.0,0.0,0,0.0
21,39,0.0,0.0,8.0,0.0,0,0,0,8.0,0.0,0.0,0,0.0
22,39,0.0,0.0,16.0,0.0,0,0,0,16.0,0.0,0.0,0,0.0
23,39,0.0,0.0,16.0,0.0,0,0,0,16.0,0.0,0.0,0,0.0
24,39,0.0,0.0,16.0,0.0,0,0,0,16.0,0.0,0.0,0,0.0
25,39,0.0,0.0,16.0,0.0,0,0,0,16.0,0.0,0.0,0,0.0
26,39,0.0,0.0,16.0,0.0,0,0,0,16.0,0.0,0.0,0,0.0
27,39,0.0,0.0,16.0,0.0,0,0,0,16.0,0.0,0.0,0,0.0
28,39,0.0,0.0,16.0,0.0,0,0,0,16.0,0.0,0.0,0,0.0
29,39,0.0,0.0,16.0,0.0,0,0,0,16.0,0.0,0.0,0,0.0
30,39,0.0,0.0,16.0,0.0,0,0,0,16.0,0.0,0.0,0,0.0
31,39,0.0,0.0,16.0,0.0,0,0,0,16.0,0.0,0.0,0,0.0
32,39,0.0,0.0,16.0,0.0,0,0,0,16.0,0.0,0.0,0,0.0
33,39,0.0,0.0,16.0,0.0,0,0,0,16.0,0.0,0.0,0,0.0
34,39,0.0,0.0,16.0,0.0,0,0,0,16.0,0.0,0.0,0,0.0
35,39,0.0,0.0,8.0,0.0,0,0,0,8.0,0.0,0.0,0,0.0
36,39,0.0,0.0,16.0,0.0,0,0,0,16.0,0.0,0.0,0,0.0
37,39,10.432,8.0,8.0,0.0,0,0,0,16.0,0.5,0.0,0,0.0
38,39,10.432,8.0,8.0,0.0,0,0,0,16.0,0.5,0.0,0,0.0
39,39,10.432,8.0,8.0,0.0,0,0,0,16.0,0.5,0.0,0,0.0
40,39,3.461996985549634,2.6549056637650565,13.345094336234943,0.0,0,0,0,16.0,0.16593160398531603,5.3450943362349435,1,0.0
41,39,10.432,8.0,8.0,0.0,0,0,0,16.0,0.5,0.0,0,0.0
42,39,10.432,8.0,8.0,0.0,0,0,0,16.0,0.5,0.0,0,0.0
43,39,10.432,8.0,8.0,0.0,0,0,0,16.0,0.5,0.0,0,0.0
44,39,10.432,8.0,0.0,0.0,0,0,0,8.0,1.0,0.0,0,0.0
45,39,7.3024,8.0,8.0,0.0,0,0,0,16.0,0.5,0.0,0,0.3
46,39,10.432,8.0,8.0,0.0,0,0,0,16.0,0.5,0.0,0,0.0
47,39,7.3024,8.0,8.0,0.0,0,0,0,16.0,0.5,0.0,0,0.3
48,39,7.3024,8.0,8.0,0.0,0,0,0,16.0,0.5,0.0,0,0.3
49,39,5.7758815796925145,4.4293570396414985,11.570642960358501,0.0,0,0,0,16.0,0.27683481497759366,3.5706429603585015,1,0.0
50,39,7.3024,8.0,8.0,0.0,0,0,0,16.0,0.5,0.0,0,0.3
51,39,10.432,8.0,8.0,0.0,0,0,0,16.0,0.5,0.0,0,0.0
52,39,10.432,8.0,8.0,0.0,0,0,0,16.0,0.5,0.0,0,0.0
53,39,13.112,8.0,0.0,0.0,0,0,0,8.0,1.0,0.0,0,0.0
54,39,3.6496947749203983,2.798845686288649,13.201154313711351,0.0,0,0,0,16.0,0.17492785539304057,5.201154313711351,1,0.0
55,39,10.432,8.0,8.0,0.0,0,0,0,16.0,0.5,0.0,0,0.0
56,39,7.3024,8.0,8.0,0.0,0,0,0,16.0,0.5,0.0,0,0.3
57,39,9.948,8.0,8.0,0.0,0,0,0,16.0,0.5,0.0,0,0.0
58,39,6.9636,8.0,8.0,0.0,0,0,0,16.0,0.5,0.0,0,0.3
59,39,9.948,8.0,0.0,0.0,0,0,0,8.0,1.0,0.0,0,0.0
60,39,9.948,8.0,0.0,0.0,0,0,0,8.0,1.0,0.0,0,0.0
61,39,9.948,8.0,8.0,0.0,0,0,0,16.0,0.5,0.0,0,0.0
62,39,10.432,8.0,8.0,0.0,0,0,0,16.0,0.5,0.0,0,0.0
63,39,13.112,8.0,0.0,0.0,0,0,0,8.0,1.0,0.0,0,0.0
64,39,10.432,8.0,8.0,0.0,0,0,0,16.0,0.5,0.0,0,0.0
65,39,13.112,8.0,0.0,0.0,0,0,0,8.0,1.0,0.0,0,0.0
66,39,13.112,8.0,0.0,0.0,0,0,0,8.0,1.0,0.0,0,0.0
67,39,10.432,8.0,8.0,0.0,0,0,0,16.0,0.5,0.0,0,0.0
68,39,10.432,8.0,8.0,0.0,0,0,0,16.0,0.5,0.0,0,0.0
69,39,7.3024,8.0,8.0,0.0,0,0,0,16.0,0.5,0.0,0,0.3
70,39,7.3024,8.0,8.0,0.0,0,0,0,16.0,0.5,0.0,0,0.3
71,39,10.432,8.0,0.0,0.0,0,0,0,8.0,1.0,0.0,0,0.0
72,39,10.432,8.0,8.0,0.0,0,0,0,16.0,0.5,0.0,0,0.0
73,39,10.432,8.0,8.0,0.0,0,0,0,16.0,0.5,0.0,0,0.0
74,39,13.112,8.0,0.0,0.0,0,0,0,8.0,1.0,0.0,0,0.0
75,39,10.432,8.0,0.0,0.0,0,0,0,8.0,1.0,0.0,0,0.0
77,39,7.3024,8.0,8.0,0.0,0,0,0,16.0,0.5,0.0,0,0.3
78,39,10.432,8.0,8.0,0.0,0,0,0,16.0,0.5,0.0,0,0.0
79,39,10.432,8.0,8.0,0.0,0,0,0,16.0,0.5,0.0,0,0.0
80,39,10.432,8.0,8.0,0.0,0,0,0,16.0,0.5,0.0,0,0.0
81,39,10.432,8.0,8.0,0.0,0,0,0,16.0,0.5,0.0,0,0.0
82,39,13.112,8.0,0.0,0.0,0,0,0,8.0,1.0,0.0,0,0.0
83,39,8.337816459963507,8.0,8.0,0.0,0,0,0,16.0,0.5,0.0,0,0.0
84,39,6.667820693451769,5.1133594274936875,10.886640572506312,0.0,0,0,0,16.0,0.31958496421835547,2.8866405725063125,1,0.0
85,39,4.221422841329591,4.624696364296222,11.375303635703778,0.0,0,0,0,16.0,0.28904352276851386,3.3753036357037787,1,0.3
86,39,7.3024,8.0,8.0,0.0,0,0,0,16.0,0.5,0.0,0,0.3
87,39,10.432,8.0,8.0,0.0,0,0,0,16.0,0.5,0.0,0,0.0
88,39,10.432,8.0,8.0,0.0,0,0,0,16.0,0.5,0.0,0,0.0
89,39,10.432,8.0,8.0,0.0,0,0,0,16.0,0.5,0.0,0,0.0
90,39,13.112,8.0,0.0,0.0,0,0,0,8.0,1.0,0.0,0,0.0
91,39,10.432,8.0,8.0,0.0,0,0,0,16.0,0.5,0.0,0,0.0
92,39,13.112,8.0,0.0,0.0,0,0,0,8.0,1.0,0.0,0,0.0
93,39,7.3024,8.0,0.0,0.0,0,0,0,8.0,1.0,0.0,0,0.3
94,39,10.432,8.0,8.0,0.0,0,0,0,16.0,0.5,0.0,0,0.0
95,39,10.432,8.0,8.0,0.0,0,0,0,16.0,0.5,0.0,0,0.0
96,39,10.432,8.0,8.0,0.0,0,0,0,16.0,0.5,0.0,0,0.0
97,39,10.432,8.0,8.0,0.0,0,0,0,16.0,0.5,0.0,0,0.0
98,39,10.432,8.0,8.0,0.0,0,0,0,16.0,0.5,0.0,0,0.0
99,39,10.432,8.0,8.0,0.0,0,0,0,16.0,0.5,0.0,0,0.0
100,39,0.0,0.0,16.0,0.0,0,0,0,16.0,0.0,0.0,0,0.0
101,39,8.299,8.0,8.0,0.0,0,0,0,16.0,0.5,0.0,0,0.0
102,39,8.299,8.0,0.0,0.0,0,0,0,8.0,1.0,0.0,0,0.0
103,39,8.299,8.0,8.0,0.0,0,0,0,16.0,0.5,0.0,0,0.0
104,39,5.8092999999999995,8.0,8.0,0.0,0,0,0,16.0,0.5,0.0,0,0.3
105,39,5.8747322593584075,8.0,8.0,0.0,0,0,0,16.0,0.5,0.0,0,0.0
106,39,8.299,8.0,8.0,0.0,0,0,0,16.0,0.5,0.0,0,0.0
107,39,0.0,0.0,16.0,0.0,0,0,0,16.0,0.0,0.0,0,0.0
108,39,0.0,0.0,16.0,0.0,0,0,0,16.0,0.0,0.0,0,0.0
109,39,0.0,0.0,16.0,0.0,0,0,0,16.0,0.0,0.0,0,0.0
110,39,0.0,0.0,16.0,0.0,0,0,0,16.0,0.0,0.0,0,0.0
111,39,0.0,0.0,16.0,0.0,0,0,0,16.0,0.0,0.0,0,0.0
112,39,0.0,0.0,16.0,0.0,0,0,0,16.0,0.0,0.0,0,0.0
1,40,0.0,0.0,16.0,0.0,0,0,0,16.0,0.0,0.0,0,0.0
2,40,0.0,0.0,16.0,0.0,0,0,0,16.0,0.0,0.0,0,0.0
3,40,0.0,0.0,16.0,0.0,0,0,0,16.0,0.0,0.0,0,0.0
4,40,0.0,0.0,16.0,0.0,0,0,0,16.0,0.0,0.0,0,0.0
5,40,0.0,0.0,16.0,0.0,0,0,0,16.0,0.0,0.0,0,0.0
6,40,0.0,0.0,16.0,0.0,0,0,0,16.0,0.0,0.0,0,0.0
7,40,0.0,0.0,16.0,0.0,0,0,0,16.0,0.0,0.0,0,0.0
8,40,0.0,0.0,16.0,0.0,0,0,0,16.0,0.0,0.0,0,0.0
9,40,0.0,0.0,16.0,0.0,0,0,0,16.0,0.0,0.0,0,0.0
10,40,0.0,0.0,16.0,0.0,0,0,0,16.0,0.0,0.0,0,0.0
11,40,0.0,0.0,8.0,0.0,0,0,0,8.0,0.0,0.0,0,0.0
12,40,8.319,8.0,8.0,0.0,0,0,0,16.0,0.5,0.0,0,0.0
13,40,0.0,0.0,16.0,0.0,0,0,0,16.0,0.0,0.0,0,0.0
14,40,0.0,0.0,16.0,0.0,0,0,0,16.0,0.0,0.0,0,0.0
15,40,0.0,0.0,16.0,0.0,0,0,0,16.0,0.0,0.0,0,0.0
16,40,0.0,0.0,16.0,0.0,0,0,0,16.0,0.0,0.0,0,0.0
17,40,0.0,0.0,8.0,0.0,0,0,0,8.0,0.0,0.0,0,0.0
18,40,0.0,0.0,16.0,0.0,0,0,0,16.0,0.0,0.0,0,0.0
19,40,0.0,0.0,16.0,0.0,0,0,0,16.0,0.0,0.0,0,0.0
20,40,0.0,0.0,8.0,0.0,0,0,0,8.0,0.0,0.0,0,0.0
21,40,0.0,0.0,8.0,0.0,0,0,0,8.0,0.0,0.0,0,0.0
22,40,0.0,0.0,16.0,0.0,0,0,0,16.0,0.0,0.0,0,0.0
23,40,0.0,0.0,16.0,0.0,0,0,0,16.0,0.0,0.0,0,0.0
24,40,0.0,0.0,16.0,0.0,0,0,0,16.0,0.0,0.0,0,0.0
25,40,0.0,0.0,16.0,0.0,0,0,0,16.0,0.0,0.0,0,0.0
26,40,0.0,0.0,16.0,0.0,0,0,0,16.0,0.0,0.0,0,0.0
27,40,0.0,0.0,16.0,0.0,0,0,0,16.0,0.0,0.0,0,0.0
28,40,0.0,0.0,16.0,0.0,0,0,0,16.0,0.0,0.0,0,0.0
29,40,0.0,0.0,16.0,0.0,0,0,0,16.0,0.0,0.0,0,0.0
30,40,0.0,0.0,16.0,0.0,0,0,0,16.0,0.0,0.0,0,0.0
31,40,0.0,0.0,16.0,0.0,0,0,0,16.0,0.0,0.0,0,0.0
32,40,0.0,0.0,16.0,0.0,0,0,0,16.0,0.0,0.0,0,0.0
33,40,0.0,0.0,16.0,0.0,0,0,0,16.0,0.0,0.0,0,0.0
34,40,0.0,0.0,16.0,0.0,0,0,0,16.0,0.0,0.0,0,0.0
35,40,0.0,0.0,8.0,0.0,0,0,0,8.0,0.0,0.0,0,0.0
36,40,0.0,0.0,16.0,0.0,0,0,0,16.0,0.0,0.0,0,0.0
37,40,3.4056142388836683,2.6116673611071075,13.388332638892892,0.0,0,0,0,16.0,0.16322921006919422,5.3883326388928925,1,0.0
38,40,10.432,8.0,8.0,0.0,0,0,0,16.0,0.5,0.0,0,0.0
39,40,10.432,8.0,8.0,0.0,0,0,0,16.0,0.5,0.0,0,0.0
40,40,5.267468628168706,8.0,8.0,0.0,0,0,0,16.0,0.5,0.0,0,0.0
41,40,10.432,8.0,8.0,0.0,0,0,0,16.0,0.5,0.0,0,0.0
42,40,10.432,8.0,8.0,0.0,0,0,0,16.0,0.5,0.0,0,0.0
43,40,10.432,8.0,8.0,0.0,0,0,0,16.0,0.5,0.0,0,0.0
44,40,10.432,8.0,0.0,0.0,0,0,0,8.0,1.0,0.0,0,0.0
45,40,7.3024,8.0,8.0,0.0,0,0,0,16.0,0.5,0.0,0,0.3
46,40,10.432,8.0,8.0,0.0,0,0,0,16.0,0.5,0.0,0,0.0
47,40,6.705489491294254,8.0,8.0,0.0,0,0,0,16.0,0.5,0.0,0,0.0
48,40,10.432,8.0,8.0,0.0,0,0,0,16.0,0.5,0.0,0,0.0
49,40,10.432,8.0,8.0,0.0,0,0,0,16.0,0.5,0.0,0,0.0
50,40,10.432,8.0,8.0,0.0,0,0,0,16.0,0.5,0.0,0,0.0
51,40,10.432,8.0,8.0,0.0,0,0,0,16.0,0.5,0.0,0,0.0
52,40,10.432,8.0,8.0,0.0,0,0,0,16.0,0.5,0.0,0,0.0
53,40,13.112,8.0,0.0,0.0,0,0,0,8.0,1.0,0.0,0,0.0
54,40,10.432,8.0,8.0,0.0,0,0,0,16.0,0.5,0.0,0,0.0
55,40,10.432,8.0,8.0,0.0,0,0,0,16.0,0.5,0.0,0,0.0
56,40,10.432,8.0,8.0,0.0,0,0,0,16.0,0.5,0.0,0,0.0
57,40,9.948,8.0,8.0,0.0,0,0,0,16.0,0.5,0.0,0,0.0
58,40,9.948,8.0,8.0,0.0,0,0,0,16.0,0.5,0.0,0,0.0
59,40,6.9636,8.0,0.0,0.0,0,0,0,8.0,1.0,0.0,0,0.3
60,40,9.948,8.0,0.0,0.0,0,0,0,8.0,1.0,0.0,0,0.0
61,40,5.1048710247623825,8.0,8.0,0.0,0,0,0,16.0,0.5,0.0,0,0.0
62,40,10.432,8.0,8.0,0.0,0,0,0,16.0,0.5,0.0,0,0.0
63,40,13.112,8.0,0.0,0.0,0,0,0,8.0,1.0,0.0,0,0.0
64,40,10.432,8.0,8.0,0.0,0,0,0,16.0,0.5,0.0,0,0.0
65,40,13.112,8.0,0.0,0.0,0,0,0,8.0,1.0,0.0,0,0.0
66,40,13.112,8.0,0.0,0.0,0,0,0,8.0,1.0,0.0,0,0.0
67,40,10.432,8.0,8.0,0.0,0,0,0,16.0,0.5,0.0,0,0.0
68,40,10.432,8.0,8.0,0.0,0,0,0,16.0,0.5,0.0,0,0.0
69,40,10.432,8.0,8.0,0.0,0,0,0,16.0,0.5,0.0,0,0.0
70,40,10.432,8.0,8.0,0.0,0,0,0,16.0,0.5,0.0,0,0.0
71,40,10.432,8.0,0.0,0.0,0,0,0,8.0,1.0,0.0,0,0.0
72,40,10.432,8.0,8.0,0.0,0,0,0,16.0,0.5,0.0,0,0.0
73,40,10.432,8.0,8.0,0.0,0,0,0,16.0,0.5,0.0,0,0.0
74,40,13.112,8.0,0.0,0.0,0,0,0,8.0,1.0,0.0,0,0.0
75,40,10.432,8.0,0.0,0.0,0,0,0,8.0,1.0,0.0,0,0.0
77,40,10.432,8.0,8.0,0.0,0,0,0,16.0,0.5,0.0,0,0.0
78,40,10.432,8.0,8.0,0.0,0,0,0,16.0,0.5,0.0,0,0.0
79,40,7.3024,8.0,8.0,0.0,0,0,0,16.0,0.5,0.0,0,0.3
80,40,10.432,8.0,8.0,0.0,0,0,0,16.0,0.5,0.0,0,0.0
81,40,10.432,8.0,8.0,0.0,0,0,0,16.0,0.5,0.0,0,0.0
82,40,13.112,8.0,0.0,0.0,0,0,0,8.0,1.0,0.0,0,0.0
83,40,10.432,8.0,8.0,0.0,0,0,0,16.0,0.5,0.0,0,0.0
84,40,10.432,8.0,8.0,0.0,0,0,0,16.0,0.5,0.0,0,0.0
85,40,10.432,8.0,8.0,0.0,0,0,0,16.0,0.5,0.0,0,0.0
86,40,7.3024,8.0,8.0,0.0,0,0,0,16.0,0.5,0.0,0,0.3
87,40,10.432,8.0,8.0,0.0,0,0,0,16.0,0.5,0.0,0,0.0
88,40,10.432,8.0,8.0,0.0,0,0,0,16.0,0.5,0.0,0,0.0
89,40,10.432,8.0,8.0,0.0,0,0,0,16.0,0.5,0.0,0,0.0
90,40,13.112,8.0,0.0,0.0,0,0,0,8.0,1.0,0.0,0,0.0
91,40,10.432,8.0,8.0,0.0,0,0,0,16.0,0.5,0.0,0,0.0
92,40,13.112,8.0,0.0,0.0,0,0,0,8.0,1.0,0.0,0,0.0
93,40,10.432,8.0,0.0,0.0,0,0,0,8.0,1.0,0.0,0,0.0
94,40,10.432,8.0,8.0,0.0,0,0,0,16.0,0.5,0.0,0,0.0
95,40,10.432,8.0,8.0,0.0,0,0,0,16.0,0.5,0.0,0,0.0
96,40,10.432,8.0,8.0,0.0,0,0,0,16.0,0.5,0.0,0,0.0
97,40,10.432,8.0,8.0,0.0,0,0,0,16.0,0.5,0.0,0,0.0
98,40,5.600967435754878,4.295220426192391,11.70477957380761,0.0,0,0,0,16.0,0.26845127663702445,3.704779573807609,1,0.0
99,40,10.432,8.0,8.0,0.0,0,0,0,16.0,0.5,0.0,0,0.0
100,40,0.0,0.0,16.0,0.0,0,0,0,16.0,0.0,0.0,0,0.0
101,40,8.299,8.0,8.0,0.0,0,0,0,16.0,0.5,0.0,0,0.0
102,40,8.299,8.0,0.0,0.0,0,0,0,8.0,1.0,0.0,0,0.0
103,40,8.299,8.0,8.0,0.0,0,0,0,16.0,0.5,0.0,0,0.0
104,40,5.8092999999999995,8.0,8.0,0.0,0,0,0,16.0,0.5,0.0,0,0.3
105,40,3.8590359081494348,3.7200008754302303,12.27999912456977,0.0,0,0,0,16.0,0.2325000547143894,4.27999912456977,1,0.0
106,40,8.299,8.0,8.0,0.0,0,0,0,16.0,0.5,0.0,0,0.0
107,40,0.0,0.0,16.0,0.0,0,0,0,16.0,0.0,0.0,0,0.0
108,40,0.0,0.0,16.0,0.0,0,0,0,16.0,0.0,0.0,0,0.0
109,40,0.0,0.0,16.0,0.0,0,0,0,16.0,0.0,0.0,0,0.0
110,40,0.0,0.0,16.0,0.0,0,0,0,16.0,0.0,0.0,0,0.0
111,40,0.0,0.0,16.0,0.0,0,0,0,16.0,0.0,0.0,0,0.0
112,40,0.0,0.0,16.0,0.0,0,0,0,16.0,0.0,0.0,0,0.0
1,41,0.0,0.0,16.0,0.0,0,0,0,16.0,0.0,0.0,0,0.0
2,41,0.0,0.0,16.0,0.0,0,0,0,16.0,0.0,0.0,0,0.0
3,41,0.0,0.0,16.0,0.0,0,0,0,16.0,0.0,0.0,0,0.0
4,41,0.0,0.0,16.0,0.0,0,0,0,16.0,0.0,0.0,0,0.0
5,41,0.0,0.0,16.0,0.0,0,0,0,16.0,0.0,0.0,0,0.0
6,41,0.0,0.0,16.0,0.0,0,0,0,16.0,0.0,0.0,0,0.0
7,41,0.0,0.0,16.0,0.0,0,0,0,16.0,0.0,0.0,0,0.0
8,41,0.0,0.0,16.0,0.0,0,0,0,16.0,0.0,0.0,0,0.0
9,41,0.0,0.0,16.0,0.0,0,0,0,16.0,0.0,0.0,0,0.0
10,41,0.0,0.0,16.0,0.0,0,0,0,16.0,0.0,0.0,0,0.0
11,41,0.0,0.0,8.0,0.0,0,0,0,8.0,0.0,0.0,0,0.0
12,41,5.823300000000001,8.0,8.0,0.0,0,0,0,16.0,0.5,0.0,0,0.3
13,41,0.0,0.0,16.0,0.0,0,0,0,16.0,0.0,0.0,0,0.0
14,41,0.0,0.0,16.0,0.0,0,0,0,16.0,0.0,0.0,0,0.0
15,41,0.0,0.0,16.0,0.0,0,0,0,16.0,0.0,0.0,0,0.0
16,41,0.0,0.0,16.0,0.0,0,0,0,16.0,0.0,0.0,0,0.0
17,41,0.0,0.0,8.0,0.0,0,0,0,8.0,0.0,0.0,0,0.0
18,41,0.0,0.0,16.0,0.0,0,0,0,16.0,0.0,0.0,0,0.0
19,41,0.0,0.0,16.0,0.0,0,0,0,16.0,0.0,0.0,0,0.0
20,41,0.0,0.0,8.0,0.0,0,0,0,8.0,0.0,0.0,0,0.0
21,41,0.0,0.0,8.0,0.0,0,0,0,8.0,0.0,0.0,0,0.0
22,41,0.0,0.0,16.0,0.0,0,0,0,16.0,0.0,0.0,0,0.0
23,41,0.0,0.0,16.0,0.0,0,0,0,16.0,0.0,0.0,0,0.0
24,41,0.0,0.0,16.0,0.0,0,0,0,16.0,0.0,0.0,0,0.0
25,41,0.0,0.0,16.0,0.0,0,0,0,16.0,0.0,0.0,0,0.0
26,41,0.0,0.0,16.0,0.0,0,0,0,16.0,0.0,0.0,0,0.0
27,41,0.0,0.0,16.0,0.0,0,0,0,16.0,0.0,0.0,0,0.0
28,41,0.0,0.0,16.0,0.0,0,0,0,16.0,0.0,0.0,0,0.0
29,41,0.0,0.0,16.0,0.0,0,0,0,16.0,0.0,0.0,0,0.0
30,41,0.0,0.0,16.0,0.0,0,0,0,16.0,0.0,0.0,0,0.0
31,41,0.0,0.0,16.0,0.0,0,0,0,16.0,0.0,0.0,0,0.0
32,41,0.0,0.0,16.0,0.0,0,0,0,16.0,0.0,0.0,0,0.0
33,41,0.0,0.0,16.0,0.0,0,0,0,16.0,0.0,0.0,0,0.0
34,41,0.0,0.0,16.0,0.0,0,0,0,16.0,0.0,0.0,0,0.0
35,41,0.0,0.0,8.0,0.0,0,0,0,8.0,0.0,0.0,0,0.0
36,41,0.0,0.0,16.0,0.0,0,0,0,16.0,0.0,0.0,0,0.0
37,41,7.3024,8.0,8.0,0.0,0,0,0,16.0,0.5,0.0,0,0.3
38,41,10.432,8.0,8.0,0.0,0,0,0,16.0,0.5,0.0,0,0.0
39,41,10.432,8.0,8.0,0.0,0,0,0,16.0,0.5,0.0,0,0.0
40,41,7.3024,8.0,8.0,0.0,0,0,0,16.0,0.5,0.0,0,0.3
41,41,10.432,8.0,8.0,0.0,0,0,0,16.0,0.5,0.0,0,0.0
42,41,10.432,8.0,8.0,0.0,0,0,0,16.0,0.5,0.0,0,0.0
43,41,1.1343956575598286,0.8699353202145925,15.130064679785407,0.0,0,0,0,16.0,0.05437095751341203,7.1300646797854075,1,0.0
44,41,7.3024,8.0,0.0,0.0,0,0,0,8.0,1.0,0.0,0,0.3
45,41,10.432,8.0,8.0,0.0,0,0,0,16.0,0.5,0.0,0,0.0
46,41,7.3024,8.0,8.0,0.0,0,0,0,16.0,0.5,0.0,0,0.3
47,41,3.3387927156582866,2.56042386170114,13.439576138298861,0.0,0,0,0,16.0,0.16002649135632124,5.43957613829886,1,0.0
48,41,10.432,8.0,8.0,0.0,0,0,0,16.0,0.5,0.0,0,0.0
49,41,10.432,8.0,8.0,0.0,0,0,0,16.0,0.5,0.0,0,0.0
50,41,10.432,8.0,8.0,0.0,0,0,0,16.0,0.5,0.0,0,0.0
51,41,10.432,8.0,8.0,0.0,0,0,0,16.0,0.5,0.0,0,0.0
52,41,10.432,8.0,8.0,0.0,0,0,0,16.0,0.5,0.0,0,0.0
53,41,13.112,8.0,0.0,0.0,0,0,0,8.0,1.0,0.0,0,0.0
54,41,10.432,8.0,8.0,0.0,0,0,0,16.0,0.5,0.0,0,0.0
55,41,10.432,8.0,8.0,0.0,0,0,0,16.0,0.5,0.0,0,0.0
56,41,10.432,8.0,8.0,0.0,0,0,0,16.0,0.5,0.0,0,0.0
57,41,9.948,8.0,8.0,0.0,0,0,0,16.0,0.5,0.0,0,0.0
58,41,9.948,8.0,8.0,0.0,0,0,0,16.0,0.5,0.0,0,0.0
59,41,9.948,8.0,0.0,0.0,0,0,0,8.0,1.0,0.0,0,0.0
60,41,9.948,8.0,0.0,0.0,0,0,0,8.0,1.0,0.0,0,0.0
61,41,9.948,8.0,8.0,0.0,0,0,0,16.0,0.5,0.0,0,0.0
62,41,10.432,8.0,8.0,0.0,0,0,0,16.0,0.5,0.0,0,0.0
63,41,7.973515700220977,4.864866199036594,3.1351338009634064,0.0,0,0,0,8.0,0.6081082748795742,3.1351338009634064,1,0.0
64,41,10.432,8.0,8.0,0.0,0,0,0,16.0,0.5,0.0,0,0.0
65,41,13.112,8.0,0.0,0.0,0,0,0,8.0,1.0,0.0,0,0.0
66,41,13.112,8.0,0.0,0.0,0,0,0,8.0,1.0,0.0,0,0.0
67,41,10.432,8.0,8.0,0.0,0,0,0,16.0,0.5,0.0,0,0.0
68,41,10.432,8.0,8.0,0.0,0,0,0,16.0,0.5,0.0,0,0.0
69,41,10.432,8.0,8.0,0.0,0,0,0,16.0,0.5,0.0,0,0.0
70,41,10.432,8.0,8.0,0.0,0,0,0,16.0,0.5,0.0,0,0.0
71,41,10.432,8.0,0.0,0.0,0,0,0,8.0,1.0,0.0,0,0.0
72,41,10.432,8.0,8.0,0.0,0,0,0,16.0,0.5,0.0,0,0.0
73,41,10.432,8.0,8.0,0.0,0,0,0,16.0,0.5,0.0,0,0.0
74,41,13.112,8.0,0.0,0.0,0,0,0,8.0,1.0,0.0,0,0.0
75,41,7.3024,8.0,0.0,0.0,0,0,0,8.0,1.0,0.0,0,0.3
77,41,6.324140141823778,8.0,8.0,0.0,0,0,0,16.0,0.5,0.0,0,0.0
78,41,10.432,8.0,8.0,0.0,0,0,0,16.0,0.5,0.0,0,0.0
79,41,10.432,8.0,8.0,0.0,0,0,0,16.0,0.5,0.0,0,0.0
80,41,10.432,8.0,8.0,0.0,0,0,0,16.0,0.5,0.0,0,0.0
81,41,7.3024,8.0,8.0,0.0,0,0,0,16.0,0.5,0.0,0,0.3
82,41,13.112,8.0,0.0,0.0,0,0,0,8.0,1.0,0.0,0,0.0
83,41,10.432,8.0,8.0,0.0,0,0,0,16.0,0.5,0.0,0,0.0
84,41,10.432,8.0,8.0,0.0,0,0,0,16.0,0.5,0.0,0,0.0
85,41,10.432,8.0,8.0,0.0,0,0,0,16.0,0.5,0.0,0,0.0
86,41,1.7755349401059932,2.0064265774362005,13.993573422563799,0.0,0,0,0,16.0,0.12540166108976253,5.9935734225637995,1,0.0
87,41,3.5615053195733384,2.7312157358691245,13.268784264130876,0.0,0,0,0,16.0,0.17070098349182028,5.2687842641308755,1,0.0
88,41,10.432,8.0,8.0,0.0,0,0,0,16.0,0.5,0.0,0,0.0
89,41,10.432,8.0,8.0,0.0,0,0,0,16.0,0.5,0.0,0,0.0
90,41,13.112,8.0,0.0,0.0,0,0,0,8.0,1.0,0.0,0,0.0
91,41,10.432,8.0,8.0,0.0,0,0,0,16.0,0.5,0.0,0,0.0
92,41,13.112,8.0,0.0,0.0,0,0,0,8.0,1.0,0.0,0,0.0
93,41,7.3024,8.0,0.0,0.0,0,0,0,8.0,1.0,0.0,0,0.3
94,41,10.432,8.0,8.0,0.0,0,0,0,16.0,0.5,0.0,0,0.0
95,41,7.3024,8.0,8.0,0.0,0,0,0,16.0,0.5,0.0,0,0.3
96,41,3.237717451993906,8.0,8.0,0.0,0,0,0,16.0,0.5,0.0,0,0.3
97,41,10.432,8.0,8.0,0.0,0,0,0,16.0,0.5,0.0,0,0.0
98,41,10.432,8.0,8.0,0.0,0,0,0,16.0,0.5,0.0,0,0.0
99,41,10.432,8.0,8.0,0.0,0,0,0,16.0,0.5,0.0,0,0.0
100,41,0.0,0.0,16.0,0.0,0,0,0,16.0,0.0,0.0,0,0.0
101,41,8.299,8.0,8.0,0.0,0,0,0,16.0,0.5,0.0,0,0.0
102,41,8.299,8.0,0.0,0.0,0,0,0,8.0,1.0,0.0,0,0.0
103,41,8.299,8.0,8.0,0.0,0,0,0,16.0,0.5,0.0,0,0.0
104,41,8.299,8.0,8.0,0.0,0,0,0,16.0,0.5,0.0,0,0.0
105,41,5.257953535960109,8.0,8.0,0.0,0,0,0,16.0,0.5,0.0,0,0.0
106,41,4.400458066206763,8.0,8.0,0.0,0,0,0,16.0,0.5,0.0,0,0.0
107,41,0.0,0.0,16.0,0.0,0,0,0,16.0,0.0,0.0,0,0.0
108,41,0.0,0.0,16.0,0.0,0,0,0,16.0,0.0,0.0,0,0.0
109,41,0.0,0.0,16.0,0.0,0,0,0,16.0,0.0,0.0,0,0.0
110,41,0.0,0.0,16.0,0.0,0,0,0,16.0,0.0,0.0,0,0.0
111,41,0.0,0.0,16.0,0.0,0,0,0,16.0,0.0,0.0,0,0.0
112,41,0.0,0.0,16.0,0.0,0,0,0,16.0,0.0,0.0,0,0.0
1,42,0.0,0.0,16.0,0.0,0,0,0,16.0,0.0,0.0,0,0.0
2,42,0.0,0.0,16.0,0.0,0,0,0,16.0,0.0,0.0,0,0.0
3,42,0.0,0.0,16.0,0.0,0,0,0,16.0,0.0,0.0,0,0.0
4,42,0.0,0.0,16.0,0.0,0,0,0,16.0,0.0,0.0,0,0.0
5,42,0.0,0.0,16.0,0.0,0,0,0,16.0,0.0,0.0,0,0.0
6,42,0.0,0.0,16.0,0.0,0,0,0,16.0,0.0,0.0,0,0.0
7,42,0.0,0.0,16.0,0.0,0,0,0,16.0,0.0,0.0,0,0.0
8,42,0.0,0.0,16.0,0.0,0,0,0,16.0,0.0,0.0,0,0.0
9,42,0.0,0.0,16.0,0.0,0,0,0,16.0,0.0,0.0,0,0.0
10,42,0.0,0.0,16.0,0.0,0,0,0,16.0,0.0,0.0,0,0.0
11,42,0.0,0.0,8.0,0.0,0,0,0,8.0,0.0,0.0,0,0.0
12,42,8.319,8.0,8.0,0.0,0,0,0,16.0,0.5,0.0,0,0.0
13,42,0.0,0.0,16.0,0.0,0,0,0,16.0,0.0,0.0,0,0.0
14,42,0.0,0.0,16.0,0.0,0,0,0,16.0,0.0,0.0,0,0.0
15,42,0.0,0.0,16.0,0.0,0,0,0,16.0,0.0,0.0,0,0.0
16,42,0.0,0.0,16.0,0.0,0,0,0,16.0,0.0,0.0,0,0.0
17,42,0.0,0.0,8.0,0.0,0,0,0,8.0,0.0,0.0,0,0.0
18,42,0.0,0.0,16.0,0.0,0,0,0,16.0,0.0,0.0,0,0.0
19,42,0.0,0.0,16.0,0.0,0,0,0,16.0,0.0,0.0,0,0.0
20,42,0.0,0.0,8.0,0.0,0,0,0,8.0,0.0,0.0,0,0.0
21,42,0.0,0.0,8.0,0.0,0,0,0,8.0,0.0,0.0,0,0.0
22,42,0.0,0.0,16.0,0.0,0,0,0,16.0,0.0,0.0,0,0.0
23,42,0.0,0.0,16.0,0.0,0,0,0,16.0,0.0,0.0,0,0.0
24,42,0.0,0.0,16.0,0.0,0,0,0,16.0,0.0,0.0,0,0.0
25,42,0.0,0.0,16.0,0.0,0,0,0,16.0,0.0,0.0,0,0.0
26,42,0.0,0.0,16.0,0.0,0,0,0,16.0,0.0,0.0,0,0.0
27,42,0.0,0.0,16.0,0.0,0,0,0,16.0,0.0,0.0,0,0.0
28,42,0.0,0.0,16.0,0.0,0,0,0,16.0,0.0,0.0,0,0.0
29,42,0.0,0.0,16.0,0.0,0,0,0,16.0,0.0,0.0,0,0.0
30,42,0.0,0.0,16.0,0.0,0,0,0,16.0,0.0,0.0,0,0.0
31,42,0.0,0.0,16.0,0.0,0,0,0,16.0,0.0,0.0,0,0.0
32,42,0.0,0.0,16.0,0.0,0,0,0,16.0,0.0,0.0,0,0.0
33,42,0.0,0.0,16.0,0.0,0,0,0,16.0,0.0,0.0,0,0.0
34,42,0.0,0.0,16.0,0.0,0,0,0,16.0,0.0,0.0,0,0.0
35,42,0.0,0.0,8.0,0.0,0,0,0,8.0,0.0,0.0,0,0.0
36,42,0.0,0.0,16.0,0.0,0,0,0,16.0,0.0,0.0,0,0.0
37,42,10.432,8.0,8.0,0.0,0,0,0,16.0,0.5,0.0,0,0.0
38,42,10.432,8.0,8.0,0.0,0,0,0,16.0,0.5,0.0,0,0.0
39,42,10.432,8.0,8.0,0.0,0,0,0,16.0,0.5,0.0,0,0.0
40,42,10.432,8.0,8.0,0.0,0,0,0,16.0,0.5,0.0,0,0.0
41,42,10.432,8.0,8.0,0.0,0,0,0,16.0,0.5,0.0,0,0.0
42,42,10.432,8.0,8.0,0.0,0,0,0,16.0,0.5,0.0,0,0.0
43,42,10.432,8.0,8.0,0.0,0,0,0,16.0,0.5,0.0,0,0.0
44,42,7.3024,8.0,0.0,0.0,0,0,0,8.0,1.0,0.0,0,0.3
45,42,10.432,8.0,8.0,0.0,0,0,0,16.0,0.5,0.0,0,0.0
46,42,10.432,8.0,8.0,0.0,0,0,0,16.0,0.5,0.0,0,0.0
47,42,10.432,8.0,8.0,0.0,0,0,0,16.0,0.5,0.0,0,0.0
48,42,10.432,8.0,8.0,0.0,0,0,0,16.0,0.5,0.0,0,0.0
49,42,10.432,8.0,8.0,0.0,0,0,0,16.0,0.5,0.0,0,0.0
50,42,10.432,8.0,8.0,0.0,0,0,0,16.0,0.5,0.0,0,0.0
51,42,10.432,8.0,8.0,0.0,0,0,0,16.0,0.5,0.0,0,0.0
52,42,10.432,8.0,8.0,0.0,0,0,0,16.0,0.5,0.0,0,0.0
53,42,13.112,8.0,0.0,0.0,0,0,0,8.0,1.0,0.0,0,0.0
54,42,10.432,8.0,8.0,0.0,0,0,0,16.0,0.5,0.0,0,0.0
55,42,10.432,8.0,8.0,0.0,0,0,0,16.0,0.5,0.0,0,0.0
56,42,10.432,8.0,8.0,0.0,0,0,0,16.0,0.5,0.0,0,0.0
57,42,9.948,8.0,8.0,0.0,0,0,0,16.0,0.5,0.0,0,0.0
58,42,9.948,8.0,8.0,0.0,0,0,0,16.0,0.5,0.0,0,0.0
59,42,9.948,8.0,0.0,0.0,0,0,0,8.0,1.0,0.0,0,0.0
60,42,9.948,8.0,0.0,0.0,0,0,0,8.0,1.0,0.0,0,0.0
61,42,9.948,8.0,8.0,0.0,0,0,0,16.0,0.5,0.0,0,0.0
62,42,4.805159133696422,3.684937985963513,12.315062014036487,0.0,0,0,0,16.0,0.23030862412271957,4.315062014036487,1,0.0
63,42,13.112,8.0,0.0,0.0,0,0,0,8.0,1.0,0.0,0,0.0
64,42,10.432,8.0,8.0,0.0,0,0,0,16.0,0.5,0.0,0,0.0
65,42,13.112,8.0,0.0,0.0,0,0,0,8.0,1.0,0.0,0,0.0
66,42,10.621349784072882,6.480384248976743,1.5196157510232569,0.0,0,0,0,8.0,0.8100480311220929,1.5196157510232569,1,0.0
67,42,10.432,8.0,8.0,0.0,0,0,0,16.0,0.5,0.0,0,0.0
68,42,7.3024,8.0,8.0,0.0,0,0,0,16.0,0.5,0.0,0,0.3
69,42,10.432,8.0,8.0,0.0,0,0,0,16.0,0.5,0.0,0,0.0
70,42,10.432,8.0,8.0,0.0,0,0,0,16.0,0.5,0.0,0,0.0
71,42,10.432,8.0,0.0,0.0,0,0,0,8.0,1.0,0.0,0,0.0
72,42,7.787436979211423,5.971960873628391,10.02803912637161,0.0,0,0,0,16.0,0.37324755460177444,2.028039126371609,1,0.0
73,42,7.3024,8.0,8.0,0.0,0,0,0,16.0,0.5,0.0,0,0.3
74,42,13.112,8.0,0.0,0.0,0,0,0,8.0,1.0,0.0,0,0.0
75,42,10.432,8.0,0.0,0.0,0,0,0,8.0,1.0,0.0,0,0.0
77,42,10.432,8.0,8.0,0.0,0,0,0,16.0,0.5,0.0,0,0.0
78,42,10.432,8.0,8.0,0.0,0,0,0,16.0,0.5,0.0,0,0.0
79,42,10.432,8.0,8.0,0.0,0,0,0,16.0,0.5,0.0,0,0.0
80,42,10.432,8.0,8.0,0.0,0,0,0,16.0,0.5,0.0,0,0.0
81,42,2.8639989682287634,3.13759746738471,12.86240253261529,0.0,0,0,0,16.0,0.19609984171154438,4.86240253261529,1,0.3
82,42,13.112,8.0,0.0,0.0,0,0,0,8.0,1.0,0.0,0,0.0
83,42,10.432,8.0,8.0,0.0,0,0,0,16.0,0.5,0.0,0,0.0
84,42,7.3024,8.0,8.0,0.0,0,0,0,16.0,0.5,0.0,0,0.3
85,42,10.432,8.0,8.0,0.0,0,0,0,16.0,0.5,0.0,0,0.0
86,42,7.3024,8.0,8.0,0.0,0,0,0,16.0,0.5,0.0,0,0.3
87,42,3.7347745097025933,2.864090881673768,13.135909118326232,0.0,0,0,0,16.0,0.1790056801046105,5.135909118326232,1,0.0
88,42,10.432,8.0,8.0,0.0,0,0,0,16.0,0.5,0.0,0,0.0
89,42,10.432,8.0,8.0,0.0,0,0,0,16.0,0.5,0.0,0,0.0
90,42,13.112,8.0,0.0,0.0,0,0,0,8.0,1.0,0.0,0,0.0
91,42,10.432,8.0,8.0,0.0,0,0,0,16.0,0.5,0.0,0,0.0
92,42,13.112,8.0,0.0,0.0,0,0,0,8.0,1.0,0.0,0,0.0
93,42,10.432,8.0,0.0,0.0,0,0,0,8.0,1.0,0.0,0,0.0
94,42,10.432,8.0,8.0,0.0,0,0,0,16.0,0.5,0.0,0,0.0
95,42,10.432,8.0,8.0,0.0,0,0,0,16.0,0.5,0.0,0,0.0
96,42,10.432,8.0,8.0,0.0,0,0,0,16.0,0.5,0.0,0,0.0
97,42,10.432,8.0,8.0,0.0,0,0,0,16.0,0.5,0.0,0,0.0
98,42,6.990544967959626,8.0,8.0,0.0,0,0,0,16.0,0.5,0.0,0,0.0
99,42,10.432,8.0,8.0,0.0,0,0,0,16.0,0.5,0.0,0,0.0
100,42,0.0,0.0,16.0,0.0,0,0,0,16.0,0.0,0.0,0,0.0
101,42,8.299,8.0,8.0,0.0,0,0,0,16.0,0.5,0.0,0,0.0
102,42,8.299,8.0,0.0,0.0,0,0,0,8.0,1.0,0.0,0,0.0
103,42,8.299,8.0,8.0,0.0,0,0,0,16.0,0.5,0.0,0,0.0
104,42,8.299,8.0,8.0,0.0,0,0,0,16.0,0.5,0.0,0,0.0
105,42,8.299,8.0,8.0,0.0,0,0,0,16.0,0.5,0.0,0,0.0
106,42,5.321912587994883,8.0,8.0,0.0,0,0,0,16.0,0.5,0.0,0,0.0
107,42,0.0,0.0,16.0,0.0,0,0,0,16.0,0.0,0.0,0,0.0
108,42,0.0,0.0,16.0,0.0,0,0,0,16.0,0.0,0.0,0,0.0
109,42,0.0,0.0,16.0,0.0,0,0,0,16.0,0.0,0.0,0,0.0
110,42,0.0,0.0,16.0,0.0,0,0,0,16.0,0.0,0.0,0,0.0
111,42,0.0,0.0,16.0,0.0,0,0,0,16.0,0.0,0.0,0,0.0
112,42,0.0,0.0,16.0,0.0,0,0,0,16.0,0.0,0.0,0,0.0
1,43,0.0,0.0,16.0,0.0,0,0,0,16.0,0.0,0.0,0,0.0
2,43,0.0,0.0,16.0,0.0,0,0,0,16.0,0.0,0.0,0,0.0
3,43,0.0,0.0,16.0,0.0,0,0,0,16.0,0.0,0.0,0,0.0
4,43,0.0,0.0,16.0,0.0,0,0,0,16.0,0.0,0.0,0,0.0
5,43,0.0,0.0,16.0,0.0,0,0,0,16.0,0.0,0.0,0,0.0
6,43,0.0,0.0,16.0,0.0,0,0,0,16.0,0.0,0.0,0,0.0
7,43,0.0,0.0,16.0,0.0,0,0,0,16.0,0.0,0.0,0,0.0
8,43,0.0,0.0,16.0,0.0,0,0,0,16.0,0.0,0.0,0,0.0
9,43,0.0,0.0,16.0,0.0,0,0,0,16.0,0.0,0.0,0,0.0
10,43,0.0,0.0,16.0,0.0,0,0,0,16.0,0.0,0.0,0,0.0
11,43,0.0,0.0,8.0,0.0,0,0,0,8.0,0.0,0.0,0,0.0
12,43,8.319,8.0,8.0,0.0,0,0,0,16.0,0.5,0.0,0,0.0
13,43,0.0,0.0,16.0,0.0,0,0,0,16.0,0.0,0.0,0,0.0
14,43,0.0,0.0,16.0,0.0,0,0,0,16.0,0.0,0.0,0,0.0
15,43,0.0,0.0,16.0,0.0,0,0,0,16.0,0.0,0.0,0,0.0
16,43,0.0,0.0,16.0,0.0,0,0,0,16.0,0.0,0.0,0,0.0
17,43,0.0,0.0,8.0,0.0,0,0,0,8.0,0.0,0.0,0,0.0
18,43,0.0,0.0,16.0,0.0,0,0,0,16.0,0.0,0.0,0,0.0
19,43,0.0,0.0,16.0,0.0,0,0,0,16.0,0.0,0.0,0,0.0
20,43,0.0,0.0,8.0,0.0,0,0,0,8.0,0.0,0.0,0,0.0
21,43,0.0,0.0,8.0,0.0,0,0,0,8.0,0.0,0.0,0,0.0
22,43,0.0,0.0,16.0,0.0,0,0,0,16.0,0.0,0.0,0,0.0
23,43,0.0,0.0,16.0,0.0,0,0,0,16.0,0.0,0.0,0,0.0
24,43,0.0,0.0,16.0,0.0,0,0,0,16.0,0.0,0.0,0,0.0
25,43,0.0,0.0,16.0,0.0,0,0,0,16.0,0.0,0.0,0,0.0
26,43,0.0,0.0,16.0,0.0,0,0,0,16.0,0.0,0.0,0,0.0
27,43,0.0,0.0,16.0,0.0,0,0,0,16.0,0.0,0.0,0,0.0
28,43,0.0,0.0,16.0,0.0,0,0,0,16.0,0.0,0.0,0,0.0
29,43,0.0,0.0,16.0,0.0,0,0,0,16.0,0.0,0.0,0,0.0
30,43,0.0,0.0,16.0,0.0,0,0,0,16.0,0.0,0.0,0,0.0
31,43,0.0,0.0,16.0,0.0,0,0,0,16.0,0.0,0.0,0,0.0
32,43,0.0,0.0,16.0,0.0,0,0,0,16.0,0.0,0.0,0,0.0
33,43,0.0,0.0,16.0,0.0,0,0,0,16.0,0.0,0.0,0,0.0
34,43,0.0,0.0,16.0,0.0,0,0,0,16.0,0.0,0.0,0,0.0
35,43,0.0,0.0,8.0,0.0,0,0,0,8.0,0.0,0.0,0,0.0
36,43,0.0,0.0,16.0,0.0,0,0,0,16.0,0.0,0.0,0,0.0
37,43,10.432,8.0,8.0,0.0,0,0,0,16.0,0.5,0.0,0,0.0
38,43,10.432,8.0,8.0,0.0,0,0,0,16.0,0.5,0.0,0,0.0
39,43,10.432,8.0,8.0,0.0,0,0,0,16.0,0.5,0.0,0,0.0
40,43,10.432,8.0,8.0,0.0,0,0,0,16.0,0.5,0.0,0,0.0
41,43,10.432,8.0,8.0,0.0,0,0,0,16.0,0.5,0.0,0,0.0
42,43,7.3024,8.0,8.0,0.0,0,0,0,16.0,0.5,0.0,0,0.3
43,43,7.3024,8.0,8.0,0.0,0,0,0,16.0,0.5,0.0,0,0.3
44,43,10.432,8.0,0.0,0.0,0,0,0,8.0,1.0,0.0,0,0.0
45,43,10.432,8.0,8.0,0.0,0,0,0,16.0,0.5,0.0,0,0.0
46,43,10.432,8.0,8.0,0.0,0,0,0,16.0,0.5,0.0,0,0.0
47,43,10.432,8.0,8.0,0.0,0,0,0,16.0,0.5,0.0,0,0.0
48,43,10.432,8.0,8.0,0.0,0,0,0,16.0,0.5,0.0,0,0.0
49,43,10.432,8.0,8.0,0.0,0,0,0,16.0,0.5,0.0,0,0.0
50,43,10.432,8.0,8.0,0.0,0,0,0,16.0,0.5,0.0,0,0.0
51,43,5.063916480892508,3.88337153442677,12.11662846557323,0.0,0,0,0,16.0,0.24271072090167312,4.11662846557323,1,0.0
52,43,10.432,8.0,8.0,0.0,0,0,0,16.0,0.5,0.0,0,0.0
53,43,13.112,8.0,0.0,0.0,0,0,0,8.0,1.0,0.0,0,0.0
54,43,10.432,8.0,8.0,0.0,0,0,0,16.0,0.5,0.0,0,0.0
55,43,10.432,8.0,8.0,0.0,0,0,0,16.0,0.5,0.0,0,0.0
56,43,10.432,8.0,8.0,0.0,0,0,0,16.0,0.5,0.0,0,0.0
57,43,9.948,8.0,8.0,0.0,0,0,0,16.0,0.5,0.0,0,0.0
58,43,9.948,8.0,8.0,0.0,0,0,0,16.0,0.5,0.0,0,0.0
59,43,9.948,8.0,0.0,0.0,0,0,0,8.0,1.0,0.0,0,0.0
60,43,6.0166604536933175,8.0,0.0,0.0,0,0,0,8.0,1.0,0.0,0,0.0
61,43,9.948,8.0,8.0,0.0,0,0,0,16.0,0.5,0.0,0,0.0
62,43,10.432,8.0,8.0,0.0,0,0,0,16.0,0.5,0.0,0,0.0
63,43,13.112,8.0,0.0,0.0,0,0,0,8.0,1.0,0.0,0,0.0
64,43,10.432,8.0,8.0,0.0,0,0,0,16.0,0.5,0.0,0,0.0
65,43,13.112,8.0,0.0,0.0,0,0,0,8.0,1.0,0.0,0,0.0
66,43,13.112,8.0,0.0,0.0,0,0,0,8.0,1.0,0.0,0,0.0
67,43,10.432,8.0,8.0,0.0,0,0,0,16.0,0.5,0.0,0,0.0
68,43,10.432,8.0,8.0,0.0,0,0,0,16.0,0.5,0.0,0,0.0
69,43,10.432,8.0,8.0,0.0,0,0,0,16.0,0.5,0.0,0,0.0
70,43,10.432,8.0,8.0,0.0,0,0,0,16.0,0.5,0.0,0,0.0
71,43,7.3024,8.0,0.0,0.0,0,0,0,8.0,1.0,0.0,0,0.3
72,43,7.3024,8.0,8.0,0.0,0,0,0,16.0,0.5,0.0,0,0.3
73,43,10.432,8.0,8.0,0.0,0,0,0,16.0,0.5,0.0,0,0.0
74,43,13.112,8.0,0.0,0.0,0,0,0,8.0,1.0,0.0,0,0.0
75,43,10.432,8.0,0.0,0.0,0,0,0,8.0,1.0,0.0,0,0.0
77,43,10.432,8.0,8.0,0.0,0,0,0,16.0,0.5,0.0,0,0.0
78,43,10.432,8.0,8.0,0.0,0,0,0,16.0,0.5,0.0,0,0.0
79,43,10.432,8.0,8.0,0.0,0,0,0,16.0,0.5,0.0,0,0.0
80,43,10.432,8.0,8.0,0.0,0,0,0,16.0,0.5,0.0,0,0.0
81,43,10.432,8.0,8.0,0.0,0,0,0,16.0,0.5,0.0,0,0.0
82,43,13.112,8.0,0.0,0.0,0,0,0,8.0,1.0,0.0,0,0.0
83,43,10.432,8.0,8.0,0.0,0,0,0,16.0,0.5,0.0,0,0.0
84,43,7.3024,8.0,8.0,0.0,0,0,0,16.0,0.5,0.0,0,0.3
85,43,7.3024,8.0,8.0,0.0,0,0,0,16.0,0.5,0.0,0,0.3
86,43,10.432,8.0,8.0,0.0,0,0,0,16.0,0.5,0.0,0,0.0
87,43,10.432,8.0,8.0,0.0,0,0,0,16.0,0.5,0.0,0,0.0
88,43,7.3024,8.0,8.0,0.0,0,0,0,16.0,0.5,0.0,0,0.3
89,43,10.432,8.0,8.0,0.0,0,0,0,16.0,0.5,0.0,0,0.0
90,43,13.112,8.0,0.0,0.0,0,0,0,8.0,1.0,0.0,0,0.0
91,43,10.432,8.0,8.0,0.0,0,0,0,16.0,0.5,0.0,0,0.0
92,43,9.1784,8.0,0.0,0.0,0,0,0,8.0,1.0,0.0,0,0.3
93,43,4.409846103583847,3.3817838217667537,4.618216178233246,0.0,0,0,0,8.0,0.4227229777208442,4.618216178233246,1,0.0
94,43,10.432,8.0,8.0,0.0,0,0,0,16.0,0.5,0.0,0,0.0
95,43,4.849078526569323,3.7186185019703393,12.28138149802966,0.0,0,0,0,16.0,0.2324136563731462,4.281381498029661,1,0.0
96,43,10.432,8.0,8.0,0.0,0,0,0,16.0,0.5,0.0,0,0.0
97,43,10.432,8.0,8.0,0.0,0,0,0,16.0,0.5,0.0,0,0.0
98,43,10.432,8.0,8.0,0.0,0,0,0,16.0,0.5,0.0,0,0.0
99,43,7.3024,8.0,8.0,0.0,0,0,0,16.0,0.5,0.0,0,0.3
100,43,0.0,0.0,16.0,0.0,0,0,0,16.0,0.0,0.0,0,0.0
101,43,8.299,8.0,8.0,0.0,0,0,0,16.0,0.5,0.0,0,0.0
102,43,8.299,8.0,0.0,0.0,0,0,0,8.0,1.0,0.0,0,0.0
103,43,2.718772434220482,8.0,8.0,0.0,0,0,0,16.0,0.5,0.0,0,0.3
104,43,6.070245664134375,5.851544199671648,10.148455800328353,0.0,0,0,0,16.0,0.365721512479478,2.1484558003283523,1,0.0
105,43,5.8092999999999995,8.0,8.0,0.0,0,0,0,16.0,0.5,0.0,0,0.3
106,43,8.299,8.0,8.0,0.0,0,0,0,16.0,0.5,0.0,0,0.0
107,43,0.0,0.0,16.0,0.0,0,0,0,16.0,0.0,0.0,0,0.0
108,43,0.0,0.0,16.0,0.0,0,0,0,16.0,0.0,0.0,0,0.0
109,43,0.0,0.0,16.0,0.0,0,0,0,16.0,0.0,0.0,0,0.0
110,43,0.0,0.0,16.0,0.0,0,0,0,16.0,0.0,0.0,0,0.0
111,43,0.0,0.0,16.0,0.0,0,0,0,16.0,0.0,0.0,0,0.0
112,43,0.0,0.0,16.0,0.0,0,0,0,16.0,0.0,0.0,0,0.0
1,44,0.0,0.0,16.0,0.0,0,0,0,16.0,0.0,0.0,0,0.0
2,44,0.0,0.0,16.0,0.0,0,0,0,16.0,0.0,0.0,0,0.0
3,44,0.0,0.0,16.0,0.0,0,0,0,16.0,0.0,0.0,0,0.0
4,44,0.0,0.0,16.0,0.0,0,0,0,16.0,0.0,0.0,0,0.0
5,44,0.0,0.0,16.0,0.0,0,0,0,16.0,0.0,0.0,0,0.0
6,44,0.0,0.0,16.0,0.0,0,0,0,16.0,0.0,0.0,0,0.0
7,44,0.0,0.0,16.0,0.0,0,0,0,16.0,0.0,0.0,0,0.0
8,44,0.0,0.0,16.0,0.0,0,0,0,16.0,0.0,0.0,0,0.0
9,44,0.0,0.0,16.0,0.0,0,0,0,16.0,0.0,0.0,0,0.0
10,44,0.0,0.0,16.0,0.0,0,0,0,16.0,0.0,0.0,0,0.0
11,44,0.0,0.0,8.0,0.0,0,0,0,8.0,0.0,0.0,0,0.0
12,44,5.517865770021817,8.0,8.0,0.0,0,0,0,16.0,0.5,0.0,0,0.0
13,44,0.0,0.0,16.0,0.0,0,0,0,16.0,0.0,0.0,0,0.0
14,44,0.0,0.0,16.0,0.0,0,0,0,16.0,0.0,0.0,0,0.0
15,44,0.0,0.0,16.0,0.0,0,0,0,16.0,0.0,0.0,0,0.0
16,44,0.0,0.0,16.0,0.0,0,0,0,16.0,0.0,0.0,0,0.0
17,44,0.0,0.0,8.0,0.0,0,0,0,8.0,0.0,0.0,0,0.0
18,44,0.0,0.0,16.0,0.0,0,0,0,16.0,0.0,0.0,0,0.0
19,44,0.0,0.0,16.0,0.0,0,0,0,16.0,0.0,0.0,0,0.0
20,44,0.0,0.0,8.0,0.0,0,0,0,8.0,0.0,0.0,0,0.0
21,44,0.0,0.0,8.0,0.0,0,0,0,8.0,0.0,0.0,0,0.0
22,44,0.0,0.0,16.0,0.0,0,0,0,16.0,0.0,0.0,0,0.0
23,44,0.0,0.0,16.0,0.0,0,0,0,16.0,0.0,0.0,0,0.0
24,44,0.0,0.0,16.0,0.0,0,0,0,16.0,0.0,0.0,0,0.0
25,44,0.0,0.0,16.0,0.0,0,0,0,16.0,0.0,0.0,0,0.0
26,44,0.0,0.0,16.0,0.0,0,0,0,16.0,0.0,0.0,0,0.0
27,44,0.0,0.0,16.0,0.0,0,0,0,16.0,0.0,0.0,0,0.0
28,44,0.0,0.0,16.0,0.0,0,0,0,16.0,0.0,0.0,0,0.0
29,44,0.0,0.0,16.0,0.0,0,0,0,16.0,0.0,0.0,0,0.0
30,44,0.0,0.0,16.0,0.0,0,0,0,16.0,0.0,0.0,0,0.0
31,44,0.0,0.0,16.0,0.0,0,0,0,16.0,0.0,0.0,0,0.0
32,44,0.0,0.0,16.0,0.0,0,0,0,16.0,0.0,0.0,0,0.0
33,44,0.0,0.0,16.0,0.0,0,0,0,16.0,0.0,0.0,0,0.0
34,44,0.0,0.0,16.0,0.0,0,0,0,16.0,0.0,0.0,0,0.0
35,44,0.0,0.0,8.0,0.0,0,0,0,8.0,0.0,0.0,0,0.0
36,44,0.0,0.0,16.0,0.0,0,0,0,16.0,0.0,0.0,0,0.0
37,44,10.432,8.0,8.0,0.0,0,0,0,16.0,0.5,0.0,0,0.0
38,44,10.432,8.0,8.0,0.0,0,0,0,16.0,0.5,0.0,0,0.0
39,44,10.432,8.0,8.0,0.0,0,0,0,16.0,0.5,0.0,0,0.0
40,44,10.432,8.0,8.0,0.0,0,0,0,16.0,0.5,0.0,0,0.0
41,44,10.432,8.0,8.0,0.0,0,0,0,16.0,0.5,0.0,0,0.0
42,44,10.432,8.0,8.0,0.0,0,0,0,16.0,0.5,0.0,0,0.0
43,44,10.432,8.0,8.0,0.0,0,0,0,16.0,0.5,0.0,0,0.0
44,44,10.432,8.0,0.0,0.0,0,0,0,8.0,1.0,0.0,0,0.0
45,44,10.432,8.0,8.0,0.0,0,0,0,16.0,0.5,0.0,0,0.0
46,44,7.3024,8.0,8.0,0.0,0,0,0,16.0,0.5,0.0,0,0.3
47,44,10.432,8.0,8.0,0.0,0,0,0,16.0,0.5,0.0,0,0.0
48,44,10.432,8.0,8.0,0.0,0,0,0,16.0,0.5,0.0,0,0.0
49,44,10.432,8.0,8.0,0.0,0,0,0,16.0,0.5,0.0,0,0.0
50,44,7.3024,8.0,8.0,0.0,0,0,0,16.0,0.5,0.0,0,0.3
51,44,10.432,8.0,8.0,0.0,0,0,0,16.0,0.5,0.0,0,0.0
52,44,10.432,8.0,8.0,0.0,0,0,0,16.0,0.5,0.0,0,0.0
53,44,13.112,8.0,0.0,0.0,0,0,0,8.0,1.0,0.0,0,0.0
54,44,10.432,8.0,8.0,0.0,0,0,0,16.0,0.5,0.0,0,0.0
55,44,7.3024,8.0,8.0,0.0,0,0,0,16.0,0.5,0.0,0,0.3
56,44,10.432,8.0,8.0,0.0,0,0,0,16.0,0.5,0.0,0,0.0
57,44,9.948,8.0,8.0,0.0,0,0,0,16.0,0.5,0.0,0,0.0
58,44,9.948,8.0,8.0,0.0,0,0,0,16.0,0.5,0.0,0,0.0
59,44,9.948,8.0,0.0,0.0,0,0,0,8.0,1.0,0.0,0,0.0
60,44,9.948,8.0,0.0,0.0,0,0,0,8.0,1.0,0.0,0,0.0
61,44,9.948,8.0,8.0,0.0,0,0,0,16.0,0.5,0.0,0,0.0
62,44,10.432,8.0,8.0,0.0,0,0,0,16.0,0.5,0.0,0,0.0
63,44,13.112,8.0,0.0,0.0,0,0,0,8.0,1.0,0.0,0,0.0
64,44,7.3024,8.0,8.0,0.0,0,0,0,16.0,0.5,0.0,0,0.3
65,44,9.1784,8.0,0.0,0.0,0,0,0,8.0,1.0,0.0,0,0.3
66,44,9.1784,8.0,0.0,0.0,0,0,0,8.0,1.0,0.0,0,0.3
67,44,10.432,8.0,8.0,0.0,0,0,0,16.0,0.5,0.0,0,0.0
68,44,10.432,8.0,8.0,0.0,0,0,0,16.0,0.5,0.0,0,0.0
69,44,10.432,8.0,8.0,0.0,0,0,0,16.0,0.5,0.0,0,0.0
70,44,10.432,8.0,8.0,0.0,0,0,0,16.0,0.5,0.0,0,0.0
71,44,10.432,8.0,0.0,0.0,0,0,0,8.0,1.0,0.0,0,0.0
72,44,10.432,8.0,8.0,0.0,0,0,0,16.0,0.5,0.0,0,0.0
73,44,10.432,8.0,8.0,0.0,0,0,0,16.0,0.5,0.0,0,0.0
74,44,13.112,8.0,0.0,0.0,0,0,0,8.0,1.0,0.0,0,0.0
75,44,4.631025991128403,8.0,0.0,0.0,0,0,0,8.0,1.0,0.0,0,0.0
77,44,10.432,8.0,8.0,0.0,0,0,0,16.0,0.5,0.0,0,0.0
78,44,10.432,8.0,8.0,0.0,0,0,0,16.0,0.5,0.0,0,0.0
79,44,10.432,8.0,8.0,0.0,0,0,0,16.0,0.5,0.0,0,0.0
80,44,10.432,8.0,8.0,0.0,0,0,0,16.0,0.5,0.0,0,0.0
81,44,10.432,8.0,8.0,0.0,0,0,0,16.0,0.5,0.0,0,0.0
82,44,13.112,8.0,0.0,0.0,0,0,0,8.0,1.0,0.0,0,0.0
83,44,6.568406921789901,5.037121872538267,10.962878127461732,0.0,0,0,0,16.0,0.3148201170336417,2.9628781274617326,1,0.0
84,44,7.3024,8.0,8.0,0.0,0,0,0,16.0,0.5,0.0,0,0.3
85,44,10.432,8.0,8.0,0.0,0,0,0,16.0,0.5,0.0,0,0.0
86,44,10.432,8.0,8.0,0.0,0,0,0,16.0,0.5,0.0,0,0.0
87,44,10.432,8.0,8.0,0.0,0,0,0,16.0,0.5,0.0,0,0.0
88,44,10.432,8.0,8.0,0.0,0,0,0,16.0,0.5,0.0,0,0.0
89,44,10.432,8.0,8.0,0.0,0,0,0,16.0,0.5,0.0,0,0.0
90,44,13.112,8.0,0.0,0.0,0,0,0,8.0,1.0,0.0,0,0.0
91,44,10.432,8.0,8.0,0.0,0,0,0,16.0,0.5,0.0,0,0.0
92,44,13.112,8.0,0.0,0.0,0,0,0,8.0,1.0,0.0,0,0.0
93,44,10.432,8.0,0.0,0.0,0,0,0,8.0,1.0,0.0,0,0.0
94,44,10.432,8.0,8.0,0.0,0,0,0,16.0,0.5,0.0,0,0.0
95,44,10.432,8.0,8.0,0.0,0,0,0,16.0,0.5,0.0,0,0.0
96,44,7.65675464235428,5.87174435763365,10.12825564236635,0.0,0,0,0,16.0,0.36698402235210315,2.1282556423663492,1,0.0
97,44,10.432,8.0,8.0,0.0,0,0,0,16.0,0.5,0.0,0,0.0
98,44,10.432,8.0,8.0,0.0,0,0,0,16.0,0.5,0.0,0,0.0
99,44,10.432,8.0,8.0,0.0,0,0,0,16.0,0.5,0.0,0,0.0
100,44,0.0,0.0,16.0,0.0,0,0,0,16.0,0.0,0.0,0,0.0
101,44,8.299,8.0,8.0,0.0,0,0,0,16.0,0.5,0.0,0,0.0
102,44,4.62026153167888,8.0,0.0,0.0,0,0,0,8.0,1.0,0.0,0,0.0
103,44,5.8092999999999995,8.0,8.0,0.0,0,0,0,16.0,0.5,0.0,0,0.3
104,44,8.299,8.0,8.0,0.0,0,0,0,16.0,0.5,0.0,0,0.0
105,44,8.299,8.0,8.0,0.0,0,0,0,16.0,0.5,0.0,0,0.0
106,44,8.299,8.0,8.0,0.0,0,0,0,16.0,0.5,0.0,0,0.0
107,44,0.0,0.0,16.0,0.0,0,0,0,16.0,0.0,0.0,0,0.0
108,44,0.0,0.0,16.0,0.0,0,0,0,16.0,0.0,0.0,0,0.0
109,44,0.0,0.0,16.0,0.0,0,0,0,16.0,0.0,0.0,0,0.0
110,44,0.0,0.0,16.0,0.0,0,0,0,16.0,0.0,0.0,0,0.0
111,44,0.0,0.0,16.0,0.0,0,0,0,16.0,0.0,0.0,0,0.0
112,44,0.0,0.0,16.0,0.0,0,0,0,16.0,0.0,0.0,0,0.0
1,45,0.0,0.0,16.0,0.0,0,0,0,16.0,0.0,0.0,0,0.0
2,45,0.0,0.0,16.0,0.0,0,0,0,16.0,0.0,0.0,0,0.0
3,45,0.0,0.0,16.0,0.0,0,0,0,16.0,0.0,0.0,0,0.0
4,45,0.0,0.0,16.0,0.0,0,0,0,16.0,0.0,0.0,0,0.0
5,45,0.0,0.0,16.0,0.0,0,0,0,16.0,0.0,0.0,0,0.0
6,45,0.0,0.0,16.0,0.0,0,0,0,16.0,0.0,0.0,0,0.0
7,45,0.0,0.0,16.0,0.0,0,0,0,16.0,0.0,0.0,0,0.0
8,45,0.0,0.0,16.0,0.0,0,0,0,16.0,0.0,0.0,0,0.0
9,45,0.0,0.0,16.0,0.0,0,0,0,16.0,0.0,0.0,0,0.0
10,45,0.0,0.0,16.0,0.0,0,0,0,16.0,0.0,0.0,0,0.0
11,45,0.0,0.0,8.0,0.0,0,0,0,8.0,0.0,0.0,0,0.0
12,45,8.319,8.0,8.0,0.0,0,0,0,16.0,0.5,0.0,0,0.0
13,45,0.0,0.0,16.0,0.0,0,0,0,16.0,0.0,0.0,0,0.0
14,45,0.0,0.0,16.0,0.0,0,0,0,16.0,0.0,0.0,0,0.0
15,45,0.0,0.0,16.0,0.0,0,0,0,16.0,0.0,0.0,0,0.0
16,45,0.0,0.0,16.0,0.0,0,0,0,16.0,0.0,0.0,0,0.0
17,45,0.0,0.0,8.0,0.0,0,0,0,8.0,0.0,0.0,0,0.0
18,45,0.0,0.0,16.0,0.0,0,0,0,16.0,0.0,0.0,0,0.0
19,45,0.0,0.0,16.0,0.0,0,0,0,16.0,0.0,0.0,0,0.0
20,45,0.0,0.0,8.0,0.0,0,0,0,8.0,0.0,0.0,0,0.0
21,45,0.0,0.0,8.0,0.0,0,0,0,8.0,0.0,0.0,0,0.0
22,45,0.0,0.0,16.0,0.0,0,0,0,16.0,0.0,0.0,0,0.0
23,45,0.0,0.0,16.0,0.0,0,0,0,16.0,0.0,0.0,0,0.0
24,45,0.0,0.0,16.0,0.0,0,0,0,16.0,0.0,0.0,0,0.0
25,45,0.0,0.0,16.0,0.0,0,0,0,16.0,0.0,0.0,0,0.0
26,45,0.0,0.0,16.0,0.0,0,0,0,16.0,0.0,0.0,0,0.0
27,45,0.0,0.0,16.0,0.0,0,0,0,16.0,0.0,0.0,0,0.0
28,45,0.0,0.0,16.0,0.0,0,0,0,16.0,0.0,0.0,0,0.0
29,45,0.0,0.0,16.0,0.0,0,0,0,16.0,0.0,0.0,0,0.0
30,45,0.0,0.0,16.0,0.0,0,0,0,16.0,0.0,0.0,0,0.0
31,45,0.0,0.0,16.0,0.0,0,0,0,16.0,0.0,0.0,0,0.0
32,45,0.0,0.0,16.0,0.0,0,0,0,16.0,0.0,0.0,0,0.0
33,45,0.0,0.0,16.0,0.0,0,0,0,16.0,0.0,0.0,0,0.0
34,45,0.0,0.0,16.0,0.0,0,0,0,16.0,0.0,0.0,0,0.0
35,45,0.0,0.0,8.0,0.0,0,0,0,8.0,0.0,0.0,0,0.0
36,45,0.0,0.0,16.0,0.0,0,0,0,16.0,0.0,0.0,0,0.0
37,45,5.896023026954799,4.521490051345705,11.478509948654295,0.0,0,0,0,16.0,0.28259312820910654,3.478509948654295,1,0.0
38,45,10.432,8.0,8.0,0.0,0,0,0,16.0,0.5,0.0,0,0.0
39,45,10.432,8.0,8.0,0.0,0,0,0,16.0,0.5,0.0,0,0.0
40,45,10.432,8.0,8.0,0.0,0,0,0,16.0,0.5,0.0,0,0.0
41,45,10.432,8.0,8.0,0.0,0,0,0,16.0,0.5,0.0,0,0.0
42,45,10.432,8.0,8.0,0.0,0,0,0,16.0,0.5,0.0,0,0.0
43,45,10.432,8.0,8.0,0.0,0,0,0,16.0,0.5,0.0,0,0.0
44,45,10.432,8.0,0.0,0.0,0,0,0,8.0,1.0,0.0,0,0.0
45,45,10.432,8.0,8.0,0.0,0,0,0,16.0,0.5,0.0,0,0.0
46,45,10.432,8.0,8.0,0.0,0,0,0,16.0,0.5,0.0,0,0.0
47,45,5.487200354156431,4.207975731715054,11.792024268284946,0.0,0,0,0,16.0,0.2629984832321909,3.792024268284946,1,0.0
48,45,10.432,8.0,8.0,0.0,0,0,0,16.0,0.5,0.0,0,0.0
49,45,10.432,8.0,8.0,0.0,0,0,0,16.0,0.5,0.0,0,0.0
50,45,2.756357747155004,2.1137712784931013,13.8862287215069,0.0,0,0,0,16.0,0.13211070490581883,5.886228721506899,1,0.0
51,45,10.432,8.0,8.0,0.0,0,0,0,16.0,0.5,0.0,0,0.0
52,45,10.432,8.0,8.0,0.0,0,0,0,16.0,0.5,0.0,0,0.0
53,45,3.3859354329729574,3.3936480374147537,4.606351962585246,0.0,0,0,0,8.0,0.4242060046768442,4.606351962585246,1,0.0
54,45,10.432,8.0,8.0,0.0,0,0,0,16.0,0.5,0.0,0,0.0
55,45,10.432,8.0,8.0,0.0,0,0,0,16.0,0.5,0.0,0,0.0
56,45,10.432,8.0,8.0,0.0,0,0,0,16.0,0.5,0.0,0,0.0
57,45,9.948,8.0,8.0,0.0,0,0,0,16.0,0.5,0.0,0,0.0
58,45,9.948,8.0,8.0,0.0,0,0,0,16.0,0.5,0.0,0,0.0
59,45,9.948,8.0,0.0,0.0,0,0,0,8.0,1.0,0.0,0,0.0
60,45,9.948,8.0,0.0,0.0,0,0,0,8.0,1.0,0.0,0,0.0
61,45,6.808313039196994,8.0,8.0,0.0,0,0,0,16.0,0.5,0.0,0,0.0
62,45,10.432,8.0,8.0,0.0,0,0,0,16.0,0.5,0.0,0,0.0
63,45,13.112,8.0,0.0,0.0,0,0,0,8.0,1.0,0.0,0,0.0
64,45,10.432,8.0,8.0,0.0,0,0,0,16.0,0.5,0.0,0,0.0
65,45,13.112,8.0,0.0,0.0,0,0,0,8.0,1.0,0.0,0,0.0
66,45,13.112,8.0,0.0,0.0,0,0,0,8.0,1.0,0.0,0,0.0
67,45,10.432,8.0,8.0,0.0,0,0,0,16.0,0.5,0.0,0,0.0
68,45,10.432,8.0,8.0,0.0,0,0,0,16.0,0.5,0.0,0,0.0
69,45,10.432,8.0,8.0,0.0,0,0,0,16.0,0.5,0.0,0,0.0
70,45,7.3024,8.0,8.0,0.0,0,0,0,16.0,0.5,0.0,0,0.3
71,45,10.432,8.0,0.0,0.0,0,0,0,8.0,1.0,0.0,0,0.0
72,45,10.432,8.0,8.0,0.0,0,0,0,16.0,0.5,0.0,0,0.0
73,45,10.432,8.0,8.0,0.0,0,0,0,16.0,0.5,0.0,0,0.0
74,45,9.1784,8.0,0.0,0.0,0,0,0,8.0,1.0,0.0,0,0.3
75,45,7.3024,8.0,0.0,0.0,0,0,0,8.0,1.0,0.0,0,0.3
77,45,10.432,8.0,8.0,0.0,0,0,0,16.0,0.5,0.0,0,0.0
78,45,10.432,8.0,8.0,0.0,0,0,0,16.0,0.5,0.0,0,0.0
79,45,10.432,8.0,8.0,0.0,0,0,0,16.0,0.5,0.0,0,0.0
80,45,10.432,8.0,8.0,0.0,0,0,0,16.0,0.5,0.0,0,0.0
81,45,10.432,8.0,8.0,0.0,0,0,0,16.0,0.5,0.0,0,0.0
82,45,13.112,8.0,0.0,0.0,0,0,0,8.0,1.0,0.0,0,0.0
83,45,10.432,8.0,8.0,0.0,0,0,0,16.0,0.5,0.0,0,0.0
84,45,7.74329981704763,8.0,8.0,0.0,0,0,0,16.0,0.5,0.0,0,0.0
85,45,10.432,8.0,8.0,0.0,0,0,0,16.0,0.5,0.0,0,0.0
86,45,10.432,8.0,8.0,0.0,0,0,0,16.0,0.5,0.0,0,0.0
87,45,7.3024,8.0,8.0,0.0,0,0,0,16.0,0.5,0.0,0,0.3
88,45,10.432,8.0,8.0,0.0,0,0,0,16.0,0.5,0.0,0,0.0
89,45,10.432,8.0,8.0,0.0,0,0,0,16.0,0.5,0.0,0,0.0
90,45,13.112,8.0,0.0,0.0,0,0,0,8.0,1.0,0.0,0,0.0
91,45,4.781717977326261,3.6669616390538815,12.33303836094612,0.0,0,0,0,16.0,0.2291851024408676,4.3330383609461185,1,0.0
92,45,13.112,8.0,0.0,0.0,0,0,0,8.0,1.0,0.0,0,0.0
93,45,10.432,8.0,0.0,0.0,0,0,0,8.0,1.0,0.0,0,0.0
94,45,10.432,8.0,8.0,0.0,0,0,0,16.0,0.5,0.0,0,0.0
95,45,10.432,8.0,8.0,0.0,0,0,0,16.0,0.5,0.0,0,0.0
96,45,5.234934311447365,8.0,8.0,0.0,0,0,0,16.0,0.5,0.0,0,0.0
97,45,10.432,8.0,8.0,0.0,0,0,0,16.0,0.5,0.0,0,0.0
98,45,10.432,8.0,8.0,0.0,0,0,0,16.0,0.5,0.0,0,0.0
99,45,10.432,8.0,8.0,0.0,0,0,0,16.0,0.5,0.0,0,0.0
100,45,0.0,0.0,16.0,0.0,0,0,0,16.0,0.0,0.0,0,0.0
101,45,3.2608238507533227,3.1433414635530283,12.856658536446972,0.0,0,0,0,16.0,0.19645884147206427,4.856658536446972,1,0.0
102,45,5.8092999999999995,8.0,0.0,0.0,0,0,0,8.0,1.0,0.0,0,0.3
103,45,8.299,8.0,8.0,0.0,0,0,0,16.0,0.5,0.0,0,0.0
104,45,8.299,8.0,8.0,0.0,0,0,0,16.0,0.5,0.0,0,0.0
105,45,8.299,8.0,8.0,0.0,0,0,0,16.0,0.5,0.0,0,0.0
106,45,8.299,8.0,8.0,0.0,0,0,0,16.0,0.5,0.0,0,0.0
107,45,0.0,0.0,16.0,0.0,0,0,0,16.0,0.0,0.0,0,0.0
108,45,0.0,0.0,16.0,0.0,0,0,0,16.0,0.0,0.0,0,0.0
109,45,0.0,0.0,16.0,0.0,0,0,0,16.0,0.0,0.0,0,0.0
110,45,0.0,0.0,16.0,0.0,0,0,0,16.0,0.0,0.0,0,0.0
111,45,0.0,0.0,16.0,0.0,0,0,0,16.0,0.0,0.0,0,0.0
112,45,0.0,0.0,16.0,0.0,0,0,0,16.0,0.0,0.0,0,0.0
1,46,0.0,0.0,16.0,0.0,0,0,0,16.0,0.0,0.0,0,0.0
2,46,0.0,0.0,16.0,0.0,0,0,0,16.0,0.0,0.0,0,0.0
3,46,0.0,0.0,16.0,0.0,0,0,0,16.0,0.0,0.0,0,0.0
4,46,0.0,0.0,16.0,0.0,0,0,0,16.0,0.0,0.0,0,0.0
5,46,0.0,0.0,16.0,0.0,0,0,0,16.0,0.0,0.0,0,0.0
6,46,0.0,0.0,16.0,0.0,0,0,0,16.0,0.0,0.0,0,0.0
7,46,0.0,0.0,16.0,0.0,0,0,0,16.0,0.0,0.0,0,0.0
8,46,0.0,0.0,16.0,0.0,0,0,0,16.0,0.0,0.0,0,0.0
9,46,0.0,0.0,16.0,0.0,0,0,0,16.0,0.0,0.0,0,0.0
10,46,0.0,0.0,16.0,0.0,0,0,0,16.0,0.0,0.0,0,0.0
11,46,0.0,0.0,8.0,0.0,0,0,0,8.0,0.0,0.0,0,0.0
12,46,8.319,8.0,8.0,0.0,0,0,0,16.0,0.5,0.0,0,0.0
13,46,0.0,0.0,16.0,0.0,0,0,0,16.0,0.0,0.0,0,0.0
14,46,0.0,0.0,16.0,0.0,0,0,0,16.0,0.0,0.0,0,0.0
15,46,0.0,0.0,16.0,0.0,0,0,0,16.0,0.0,0.0,0,0.0
16,46,0.0,0.0,16.0,0.0,0,0,0,16.0,0.0,0.0,0,0.0
17,46,0.0,0.0,8.0,0.0,0,0,0,8.0,0.0,0.0,0,0.0
18,46,0.0,0.0,16.0,0.0,0,0,0,16.0,0.0,0.0,0,0.0
19,46,0.0,0.0,16.0,0.0,0,0,0,16.0,0.0,0.0,0,0.0
20,46,0.0,0.0,8.0,0.0,0,0,0,8.0,0.0,0.0,0,0.0
21,46,0.0,0.0,8.0,0.0,0,0,0,8.0,0.0,0.0,0,0.0
22,46,0.0,0.0,16.0,0.0,0,0,0,16.0,0.0,0.0,0,0.0
23,46,0.0,0.0,16.0,0.0,0,0,0,16.0,0.0,0.0,0,0.0
24,46,0.0,0.0,16.0,0.0,0,0,0,16.0,0.0,0.0,0,0.0
25,46,0.0,0.0,16.0,0.0,0,0,0,16.0,0.0,0.0,0,0.0
26,46,0.0,0.0,16.0,0.0,0,0,0,16.0,0.0,0.0,0,0.0
27,46,0.0,0.0,16.0,0.0,0,0,0,16.0,0.0,0.0,0,0.0
28,46,0.0,0.0,16.0,0.0,0,0,0,16.0,0.0,0.0,0,0.0
29,46,0.0,0.0,16.0,0.0,0,0,0,16.0,0.0,0.0,0,0.0
30,46,0.0,0.0,16.0,0.0,0,0,0,16.0,0.0,0.0,0,0.0
31,46,0.0,0.0,16.0,0.0,0,0,0,16.0,0.0,0.0,0,0.0
32,46,0.0,0.0,16.0,0.0,0,0,0,16.0,0.0,0.0,0,0.0
33,46,0.0,0.0,16.0,0.0,0,0,0,16.0,0.0,0.0,0,0.0
34,46,0.0,0.0,16.0,0.0,0,0,0,16.0,0.0,0.0,0,0.0
35,46,0.0,0.0,8.0,0.0,0,0,0,8.0,0.0,0.0,0,0.0
36,46,0.0,0.0,16.0,0.0,0,0,0,16.0,0.0,0.0,0,0.0
37,46,10.432,8.0,8.0,0.0,0,0,0,16.0,0.5,0.0,0,0.0
38,46,7.3024,8.0,8.0,0.0,0,0,0,16.0,0.5,0.0,0,0.3
39,46,10.432,8.0,8.0,0.0,0,0,0,16.0,0.5,0.0,0,0.0
40,46,10.432,8.0,8.0,0.0,0,0,0,16.0,0.5,0.0,0,0.0
41,46,10.432,8.0,8.0,0.0,0,0,0,16.0,0.5,0.0,0,0.0
42,46,7.3024,8.0,8.0,0.0,0,0,0,16.0,0.5,0.0,0,0.3
43,46,7.3024,8.0,8.0,0.0,0,0,0,16.0,0.5,0.0,0,0.3
44,46,10.432,8.0,0.0,0.0,0,0,0,8.0,1.0,0.0,0,0.0
45,46,10.432,8.0,8.0,0.0,0,0,0,16.0,0.5,0.0,0,0.0
46,46,10.432,8.0,8.0,0.0,0,0,0,16.0,0.5,0.0,0,0.0
47,46,10.432,8.0,8.0,0.0,0,0,0,16.0,0.5,0.0,0,0.0
48,46,10.432,8.0,8.0,0.0,0,0,0,16.0,0.5,0.0,0,0.0
49,46,10.432,8.0,8.0,0.0,0,0,0,16.0,0.5,0.0,0,0.0
50,46,10.432,8.0,8.0,0.0,0,0,0,16.0,0.5,0.0,0,0.0
51,46,10.432,8.0,8.0,0.0,0,0,0,16.0,0.5,0.0,0,0.0
52,46,10.432,8.0,8.0,0.0,0,0,0,16.0,0.5,0.0,0,0.0
53,46,9.1784,8.0,0.0,0.0,0,0,0,8.0,1.0,0.0,0,0.3
54,46,10.432,8.0,8.0,0.0,0,0,0,16.0,0.5,0.0,0,0.0
55,46,10.432,8.0,8.0,0.0,0,0,0,16.0,0.5,0.0,0,0.0
56,46,10.432,8.0,8.0,0.0,0,0,0,16.0,0.5,0.0,0,0.0
57,46,9.948,8.0,8.0,0.0,0,0,0,16.0,0.5,0.0,0,0.0
58,46,9.948,8.0,8.0,0.0,0,0,0,16.0,0.5,0.0,0,0.0
59,46,9.948,8.0,0.0,0.0,0,0,0,8.0,1.0,0.0,0,0.0
60,46,9.948,8.0,0.0,0.0,0,0,0,8.0,1.0,0.0,0,0.0
61,46,9.948,8.0,8.0,0.0,0,0,0,16.0,0.5,0.0,0,0.0
62,46,7.3024,8.0,8.0,0.0,0,0,0,16.0,0.5,0.0,0,0.3
63,46,13.112,8.0,0.0,0.0,0,0,0,8.0,1.0,0.0,0,0.0
64,46,5.09315086873905,8.0,8.0,0.0,0,0,0,16.0,0.5,0.0,0,0.3
65,46,13.112,8.0,0.0,0.0,0,0,0,8.0,1.0,0.0,0,0.0
66,46,13.112,8.0,0.0,0.0,0,0,0,8.0,1.0,0.0,0,0.0
67,46,5.020814870311686,8.0,8.0,0.0,0,0,0,16.0,0.5,0.0,0,0.3
68,46,10.432,8.0,8.0,0.0,0,0,0,16.0,0.5,0.0,0,0.0
69,46,10.432,8.0,8.0,0.0,0,0,0,16.0,0.5,0.0,0,0.0
70,46,7.3024,8.0,8.0,0.0,0,0,0,16.0,0.5,0.0,0,0.3
71,46,10.432,8.0,0.0,0.0,0,0,0,8.0,1.0,0.0,0,0.0
72,46,10.432,8.0,8.0,0.0,0,0,0,16.0,0.5,0.0,0,0.0
73,46,10.432,8.0,8.0,0.0,0,0,0,16.0,0.5,0.0,0,0.0
74,46,7.641542324629068,8.0,0.0,0.0,0,0,0,8.0,1.0,0.0,0,0.0
75,46,10.432,8.0,0.0,0.0,0,0,0,8.0,1.0,0.0,0,0.0
77,46,10.432,8.0,8.0,0.0,0,0,0,16.0,0.5,0.0,0,0.0
78,46,10.432,8.0,8.0,0.0,0,0,0,16.0,0.5,0.0,0,0.0
79,46,10.432,8.0,8.0,0.0,0,0,0,16.0,0.5,0.0,0,0.0
80,46,10.432,8.0,8.0,0.0,0,0,0,16.0,0.5,0.0,0,0.0
81,46,10.432,8.0,8.0,0.0,0,0,0,16.0,0.5,0.0,0,0.0
82,46,9.1784,8.0,0.0,0.0,0,0,0,8.0,1.0,0.0,0,0.3
83,46,10.432,8.0,8.0,0.0,0,0,0,16.0,0.5,0.0,0,0.0
84,46,10.432,8.0,8.0,0.0,0,0,0,16.0,0.5,0.0,0,0.0
85,46,4.966535039712029,8.0,8.0,0.0,0,0,0,16.0,0.5,0.0,0,0.0
86,46,10.432,8.0,8.0,0.0,0,0,0,16.0,0.5,0.0,0,0.0
87,46,10.432,8.0,8.0,0.0,0,0,0,16.0,0.5,0.0,0,0.0
88,46,7.3024,8.0,8.0,0.0,0,0,0,16.0,0.5,0.0,0,0.3
89,46,10.432,8.0,8.0,0.0,0,0,0,16.0,0.5,0.0,0,0.0
90,46,13.112,8.0,0.0,0.0,0,0,0,8.0,1.0,0.0,0,0.0
91,46,10.432,8.0,8.0,0.0,0,0,0,16.0,0.5,0.0,0,0.0
92,46,13.112,8.0,0.0,0.0,0,0,0,8.0,1.0,0.0,0,0.0
93,46,10.432,8.0,0.0,0.0,0,0,0,8.0,1.0,0.0,0,0.0
94,46,10.432,8.0,8.0,0.0,0,0,0,16.0,0.5,0.0,0,0.0
95,46,10.432,8.0,8.0,0.0,0,0,0,16.0,0.5,0.0,0,0.0
96,46,10.432,8.0,8.0,0.0,0,0,0,16.0,0.5,0.0,0,0.0
97,46,10.432,8.0,8.0,0.0,0,0,0,16.0,0.5,0.0,0,0.0
98,46,10.432,8.0,8.0,0.0,0,0,0,16.0,0.5,0.0,0,0.0
99,46,10.432,8.0,8.0,0.0,0,0,0,16.0,0.5,0.0,0,0.0
100,46,0.0,0.0,16.0,0.0,0,0,0,16.0,0.0,0.0,0,0.0
101,46,8.299,8.0,8.0,0.0,0,0,0,16.0,0.5,0.0,0,0.0
102,46,5.8092999999999995,8.0,0.0,0.0,0,0,0,8.0,1.0,0.0,0,0.3
103,46,8.299,8.0,8.0,0.0,0,0,0,16.0,0.5,0.0,0,0.0
104,46,8.299,8.0,8.0,0.0,0,0,0,16.0,0.5,0.0,0,0.0
105,46,8.299,8.0,8.0,0.0,0,0,0,16.0,0.5,0.0,0,0.0
106,46,8.299,8.0,8.0,0.0,0,0,0,16.0,0.5,0.0,0,0.0
107,46,0.0,0.0,16.0,0.0,0,0,0,16.0,0.0,0.0,0,0.0
108,46,0.0,0.0,16.0,0.0,0,0,0,16.0,0.0,0.0,0,0.0
109,46,0.0,0.0,16.0,0.0,0,0,0,16.0,0.0,0.0,0,0.0
110,46,0.0,0.0,16.0,0.0,0,0,0,16.0,0.0,0.0,0,0.0
111,46,0.0,0.0,16.0,0.0,0,0,0,16.0,0.0,0.0,0,0.0
112,46,0.0,0.0,16.0,0.0,0,0,0,16.0,0.0,0.0,0,0.0
1,47,0.0,0.0,16.0,0.0,0,0,0,16.0,0.0,0.0,0,0.0
2,47,0.0,0.0,16.0,0.0,0,0,0,16.0,0.0,0.0,0,0.0
3,47,0.0,0.0,16.0,0.0,0,0,0,16.0,0.0,0.0,0,0.0
4,47,0.0,0.0,16.0,0.0,0,0,0,16.0,0.0,0.0,0,0.0
5,47,0.0,0.0,16.0,0.0,0,0,0,16.0,0.0,0.0,0,0.0
6,47,0.0,0.0,16.0,0.0,0,0,0,16.0,0.0,0.0,0,0.0
7,47,0.0,0.0,16.0,0.0,0,0,0,16.0,0.0,0.0,0,0.0
8,47,0.0,0.0,16.0,0.0,0,0,0,16.0,0.0,0.0,0,0.0
9,47,0.0,0.0,16.0,0.0,0,0,0,16.0,0.0,0.0,0,0.0
10,47,0.0,0.0,16.0,0.0,0,0,0,16.0,0.0,0.0,0,0.0
11,47,0.0,0.0,8.0,0.0,0,0,0,8.0,0.0,0.0,0,0.0
12,47,8.319,8.0,8.0,0.0,0,0,0,16.0,0.5,0.0,0,0.0
13,47,0.0,0.0,16.0,0.0,0,0,0,16.0,0.0,0.0,0,0.0
14,47,0.0,0.0,16.0,0.0,0,0,0,16.0,0.0,0.0,0,0.0
15,47,0.0,0.0,16.0,0.0,0,0,0,16.0,0.0,0.0,0,0.0
16,47,0.0,0.0,16.0,0.0,0,0,0,16.0,0.0,0.0,0,0.0
17,47,0.0,0.0,8.0,0.0,0,0,0,8.0,0.0,0.0,0,0.0
18,47,0.0,0.0,16.0,0.0,0,0,0,16.0,0.0,0.0,0,0.0
19,47,0.0,0.0,16.0,0.0,0,0,0,16.0,0.0,0.0,0,0.0
20,47,0.0,0.0,8.0,0.0,0,0,0,8.0,0.0,0.0,0,0.0
21,47,0.0,0.0,8.0,0.0,0,0,0,8.0,0.0,0.0,0,0.0
22,47,0.0,0.0,16.0,0.0,0,0,0,16.0,0.0,0.0,0,0.0
23,47,0.0,0.0,16.0,0.0,0,0,0,16.0,0.0,0.0,0,0.0
24,47,0.0,0.0,16.0,0.0,0,0,0,16.0,0.0,0.0,0,0.0
25,47,0.0,0.0,16.0,0.0,0,0,0,16.0,0.0,0.0,0,0.0
26,47,0.0,0.0,16.0,0.0,0,0,0,16.0,0.0,0.0,0,0.0
27,47,0.0,0.0,16.0,0.0,0,0,0,16.0,0.0,0.0,0,0.0
28,47,0.0,0.0,16.0,0.0,0,0,0,16.0,0.0,0.0,0,0.0
29,47,0.0,0.0,16.0,0.0,0,0,0,16.0,0.0,0.0,0,0.0
30,47,0.0,0.0,16.0,0.0,0,0,0,16.0,0.0,0.0,0,0.0
31,47,0.0,0.0,16.0,0.0,0,0,0,16.0,0.0,0.0,0,0.0
32,47,0.0,0.0,16.0,0.0,0,0,0,16.0,0.0,0.0,0,0.0
33,47,0.0,0.0,16.0,0.0,0,0,0,16.0,0.0,0.0,0,0.0
34,47,0.0,0.0,16.0,0.0,0,0,0,16.0,0.0,0.0,0,0.0
35,47,0.0,0.0,8.0,0.0,0,0,0,8.0,0.0,0.0,0,0.0
36,47,0.0,0.0,16.0,0.0,0,0,0,16.0,0.0,0.0,0,0.0
37,47,10.432,8.0,8.0,0.0,0,0,0,16.0,0.5,0.0,0,0.0
38,47,10.432,8.0,8.0,0.0,0,0,0,16.0,0.5,0.0,0,0.0
39,47,10.432,8.0,8.0,0.0,0,0,0,16.0,0.5,0.0,0,0.0
40,47,10.432,8.0,8.0,0.0,0,0,0,16.0,0.5,0.0,0,0.0
41,47,10.432,8.0,8.0,0.0,0,0,0,16.0,0.5,0.0,0,0.0
42,47,3.3415868583033848,2.5625666091283623,13.437433390871638,0.0,0,0,0,16.0,0.16016041307052264,5.437433390871638,1,0.0
43,47,10.432,8.0,8.0,0.0,0,0,0,16.0,0.5,0.0,0,0.0
44,47,10.432,8.0,0.0,0.0,0,0,0,8.0,1.0,0.0,0,0.0
45,47,10.432,8.0,8.0,0.0,0,0,0,16.0,0.5,0.0,0,0.0
46,47,10.432,8.0,8.0,0.0,0,0,0,16.0,0.5,0.0,0,0.0
47,47,10.432,8.0,8.0,0.0,0,0,0,16.0,0.5,0.0,0,0.0
48,47,10.432,8.0,8.0,0.0,0,0,0,16.0,0.5,0.0,0,0.0
49,47,10.432,8.0,8.0,0.0,0,0,0,16.0,0.5,0.0,0,0.0
50,47,7.176075475865162,5.503125364927271,10.496874635072729,0.0,0,0,0,16.0,0.34394533530795446,2.496874635072728,1,0.0
51,47,10.432,8.0,8.0,0.0,0,0,0,16.0,0.5,0.0,0,0.0
52,47,10.432,8.0,8.0,0.0,0,0,0,16.0,0.5,0.0,0,0.0
53,47,13.112,8.0,0.0,0.0,0,0,0,8.0,1.0,0.0,0,0.0
54,47,10.432,8.0,8.0,0.0,0,0,0,16.0,0.5,0.0,0,0.0
55,47,10.432,8.0,8.0,0.0,0,0,0,16.0,0.5,0.0,0,0.0
56,47,10.432,8.0,8.0,0.0,0,0,0,16.0,0.5,0.0,0,0.0
57,47,9.948,8.0,8.0,0.0,0,0,0,16.0,0.5,0.0,0,0.0
58,47,5.3126970435764065,8.0,8.0,0.0,0,0,0,16.0,0.5,0.0,0,0.0
59,47,9.948,8.0,0.0,0.0,0,0,0,8.0,1.0,0.0,0,0.0
60,47,6.9636,8.0,0.0,0.0,0,0,0,8.0,1.0,0.0,0,0.3
61,47,9.948,8.0,8.0,0.0,0,0,0,16.0,0.5,0.0,0,0.0
62,47,10.432,8.0,8.0,0.0,0,0,0,16.0,0.5,0.0,0,0.0
63,47,13.112,8.0,0.0,0.0,0,0,0,8.0,1.0,0.0,0,0.0
64,47,4.997319231261578,8.0,8.0,0.0,0,0,0,16.0,0.5,0.0,0,0.0
65,47,13.112,8.0,0.0,0.0,0,0,0,8.0,1.0,0.0,0,0.0
66,47,8.202575544573492,8.0,0.0,0.0,0,0,0,8.0,1.0,0.0,0,0.0
67,47,10.432,8.0,8.0,0.0,0,0,0,16.0,0.5,0.0,0,0.0
68,47,10.432,8.0,8.0,0.0,0,0,0,16.0,0.5,0.0,0,0.0
69,47,10.432,8.0,8.0,0.0,0,0,0,16.0,0.5,0.0,0,0.0
70,47,10.432,8.0,8.0,0.0,0,0,0,16.0,0.5,0.0,0,0.0
71,47,10.432,8.0,0.0,0.0,0,0,0,8.0,1.0,0.0,0,0.0
72,47,10.432,8.0,8.0,0.0,0,0,0,16.0,0.5,0.0,0,0.0
73,47,10.432,8.0,8.0,0.0,0,0,0,16.0,0.5,0.0,0,0.0
74,47,13.112,8.0,0.0,0.0,0,0,0,8.0,1.0,0.0,0,0.0
75,47,4.461045300169647,3.4210470093325513,4.578952990667449,0.0,0,0,0,8.0,0.4276308761665689,4.578952990667449,1,0.0
77,47,10.432,8.0,8.0,0.0,0,0,0,16.0,0.5,0.0,0,0.0
78,47,10.432,8.0,8.0,0.0,0,0,0,16.0,0.5,0.0,0,0.0
79,47,10.432,8.0,8.0,0.0,0,0,0,16.0,0.5,0.0,0,0.0
80,47,7.3024,8.0,8.0,0.0,0,0,0,16.0,0.5,0.0,0,0.3
81,47,10.432,8.0,8.0,0.0,0,0,0,16.0,0.5,0.0,0,0.0
82,47,13.112,8.0,0.0,0.0,0,0,0,8.0,1.0,0.0,0,0.0
83,47,10.432,8.0,8.0,0.0,0,0,0,16.0,0.5,0.0,0,0.0
84,47,10.432,8.0,8.0,0.0,0,0,0,16.0,0.5,0.0,0,0.0
85,47,10.432,8.0,8.0,0.0,0,0,0,16.0,0.5,0.0,0,0.0
86,47,10.432,8.0,8.0,0.0,0,0,0,16.0,0.5,0.0,0,0.0
87,47,10.432,8.0,8.0,0.0,0,0,0,16.0,0.5,0.0,0,0.0
88,47,10.432,8.0,8.0,0.0,0,0,0,16.0,0.5,0.0,0,0.0
89,47,10.432,8.0,8.0,0.0,0,0,0,16.0,0.5,0.0,0,0.0
90,47,9.1784,8.0,0.0,0.0,0,0,0,8.0,1.0,0.0,0,0.3
91,47,10.432,8.0,8.0,0.0,0,0,0,16.0,0.5,0.0,0,0.0
92,47,13.112,8.0,0.0,0.0,0,0,0,8.0,1.0,0.0,0,0.0
93,47,10.432,8.0,0.0,0.0,0,0,0,8.0,1.0,0.0,0,0.0
94,47,7.961737874243221,8.0,8.0,0.0,0,0,0,16.0,0.5,0.0,0,0.0
95,47,10.432,8.0,8.0,0.0,0,0,0,16.0,0.5,0.0,0,0.0
96,47,10.432,8.0,8.0,0.0,0,0,0,16.0,0.5,0.0,0,0.0
97,47,8.0902811127192,8.0,8.0,0.0,0,0,0,16.0,0.5,0.0,0,0.0
98,47,10.432,8.0,8.0,0.0,0,0,0,16.0,0.5,0.0,0,0.0
99,47,10.432,8.0,8.0,0.0,0,0,0,16.0,0.5,0.0,0,0.0
100,47,0.0,0.0,16.0,0.0,0,0,0,16.0,0.0,0.0,0,0.0
101,47,8.299,8.0,8.0,0.0,0,0,0,16.0,0.5,0.0,0,0.0
102,47,8.299,8.0,0.0,0.0,0,0,0,8.0,1.0,0.0,0,0.0
103,47,8.299,8.0,8.0,0.0,0,0,0,16.0,0.5,0.0,0,0.0
104,47,8.299,8.0,8.0,0.0,0,0,0,16.0,0.5,0.0,0,0.0
105,47,8.299,8.0,8.0,0.0,0,0,0,16.0,0.5,0.0,0,0.0
106,47,8.299,8.0,8.0,0.0,0,0,0,16.0,0.5,0.0,0,0.0
107,47,0.0,0.0,16.0,0.0,0,0,0,16.0,0.0,0.0,0,0.0
108,47,0.0,0.0,16.0,0.0,0,0,0,16.0,0.0,0.0,0,0.0
109,47,0.0,0.0,16.0,0.0,0,0,0,16.0,0.0,0.0,0,0.0
110,47,0.0,0.0,16.0,0.0,0,0,0,16.0,0.0,0.0,0,0.0
111,47,0.0,0.0,16.0,0.0,0,0,0,16.0,0.0,0.0,0,0.0
112,47,0.0,0.0,16.0,0.0,0,0,0,16.0,0.0,0.0,0,0.0
1,48,0.0,0.0,16.0,0.0,0,0,0,16.0,0.0,0.0,0,0.0
2,48,0.0,0.0,16.0,0.0,0,0,0,16.0,0.0,0.0,0,0.0
3,48,0.0,0.0,16.0,0.0,0,0,0,16.0,0.0,0.0,0,0.0
4,48,0.0,0.0,16.0,0.0,0,0,0,16.0,0.0,0.0,0,0.0
5,48,0.0,0.0,16.0,0.0,0,0,0,16.0,0.0,0.0,0,0.0
6,48,0.0,0.0,16.0,0.0,0,0,0,16.0,0.0,0.0,0,0.0
7,48,0.0,0.0,16.0,0.0,0,0,0,16.0,0.0,0.0,0,0.0
8,48,0.0,0.0,16.0,0.0,0,0,0,16.0,0.0,0.0,0,0.0
9,48,0.0,0.0,16.0,0.0,0,0,0,16.0,0.0,0.0,0,0.0
10,48,0.0,0.0,16.0,0.0,0,0,0,16.0,0.0,0.0,0,0.0
11,48,0.0,0.0,8.0,0.0,0,0,0,8.0,0.0,0.0,0,0.0
12,48,8.319,8.0,8.0,0.0,0,0,0,16.0,0.5,0.0,0,0.0
13,48,0.0,0.0,16.0,0.0,0,0,0,16.0,0.0,0.0,0,0.0
14,48,0.0,0.0,16.0,0.0,0,0,0,16.0,0.0,0.0,0,0.0
15,48,0.0,0.0,16.0,0.0,0,0,0,16.0,0.0,0.0,0,0.0
16,48,0.0,0.0,16.0,0.0,0,0,0,16.0,0.0,0.0,0,0.0
17,48,0.0,0.0,8.0,0.0,0,0,0,8.0,0.0,0.0,0,0.0
18,48,0.0,0.0,16.0,0.0,0,0,0,16.0,0.0,0.0,0,0.0
19,48,0.0,0.0,16.0,0.0,0,0,0,16.0,0.0,0.0,0,0.0
20,48,0.0,0.0,8.0,0.0,0,0,0,8.0,0.0,0.0,0,0.0
21,48,0.0,0.0,8.0,0.0,0,0,0,8.0,0.0,0.0,0,0.0
22,48,0.0,0.0,16.0,0.0,0,0,0,16.0,0.0,0.0,0,0.0
23,48,0.0,0.0,16.0,0.0,0,0,0,16.0,0.0,0.0,0,0.0
24,48,0.0,0.0,16.0,0.0,0,0,0,16.0,0.0,0.0,0,0.0
25,48,0.0,0.0,16.0,0.0,0,0,0,16.0,0.0,0.0,0,0.0
26,48,0.0,0.0,16.0,0.0,0,0,0,16.0,0.0,0.0,0,0.0
27,48,0.0,0.0,16.0,0.0,0,0,0,16.0,0.0,0.0,0,0.0
28,48,0.0,0.0,16.0,0.0,0,0,0,16.0,0.0,0.0,0,0.0
29,48,0.0,0.0,16.0,0.0,0,0,0,16.0,0.0,0.0,0,0.0
30,48,0.0,0.0,16.0,0.0,0,0,0,16.0,0.0,0.0,0,0.0
31,48,0.0,0.0,16.0,0.0,0,0,0,16.0,0.0,0.0,0,0.0
32,48,0.0,0.0,16.0,0.0,0,0,0,16.0,0.0,0.0,0,0.0
33,48,0.0,0.0,16.0,0.0,0,0,0,16.0,0.0,0.0,0,0.0
34,48,0.0,0.0,16.0,0.0,0,0,0,16.0,0.0,0.0,0,0.0
35,48,0.0,0.0,8.0,0.0,0,0,0,8.0,0.0,0.0,0,0.0
36,48,0.0,0.0,16.0,0.0,0,0,0,16.0,0.0,0.0,0,0.0
37,48,5.559561904411648,8.0,8.0,0.0,0,0,0,16.0,0.5,0.0,0,0.0
38,48,10.432,8.0,8.0,0.0,0,0,0,16.0,0.5,0.0,0,0.0
39,48,10.432,8.0,8.0,0.0,0,0,0,16.0,0.5,0.0,0,0.0
40,48,5.814370610216526,8.0,8.0,0.0,0,0,0,16.0,0.5,0.0,0,0.0
41,48,10.432,8.0,8.0,0.0,0,0,0,16.0,0.5,0.0,0,0.0
42,48,10.432,8.0,8.0,0.0,0,0,0,16.0,0.5,0.0,0,0.0
43,48,10.432,8.0,8.0,0.0,0,0,0,16.0,0.5,0.0,0,0.0
44,48,10.432,8.0,0.0,0.0,0,0,0,8.0,1.0,0.0,0,0.0
45,48,10.432,8.0,8.0,0.0,0,0,0,16.0,0.5,0.0,0,0.0
46,48,10.432,8.0,8.0,0.0,0,0,0,16.0,0.5,0.0,0,0.0
47,48,10.432,8.0,8.0,0.0,0,0,0,16.0,0.5,0.0,0,0.0
48,48,10.432,8.0,8.0,0.0,0,0,0,16.0,0.5,0.0,0,0.0
49,48,10.432,8.0,8.0,0.0,0,0,0,16.0,0.5,0.0,0,0.0
50,48,10.432,8.0,8.0,0.0,0,0,0,16.0,0.5,0.0,0,0.0
51,48,10.432,8.0,8.0,0.0,0,0,0,16.0,0.5,0.0,0,0.0
52,48,10.432,8.0,8.0,0.0,0,0,0,16.0,0.5,0.0,0,0.0
53,48,13.112,8.0,0.0,0.0,0,0,0,8.0,1.0,0.0,0,0.0
54,48,10.432,8.0,8.0,0.0,0,0,0,16.0,0.5,0.0,0,0.0
55,48,10.432,8.0,8.0,0.0,0,0,0,16.0,0.5,0.0,0,0.0
56,48,10.432,8.0,8.0,0.0,0,0,0,16.0,0.5,0.0,0,0.0
57,48,9.948,8.0,8.0,0.0,0,0,0,16.0,0.5,0.0,0,0.0
58,48,6.9636,8.0,8.0,0.0,0,0,0,16.0,0.5,0.0,0,0.3
59,48,9.948,8.0,0.0,0.0,0,0,0,8.0,1.0,0.0,0,0.0
60,48,9.948,8.0,0.0,0.0,0,0,0,8.0,1.0,0.0,0,0.0
61,48,9.948,8.0,8.0,0.0,0,0,0,16.0,0.5,0.0,0,0.0
62,48,10.432,8.0,8.0,0.0,0,0,0,16.0,0.5,0.0,0,0.0
63,48,13.112,8.0,0.0,0.0,0,0,0,8.0,1.0,0.0,0,0.0
64,48,4.954903785324299,8.0,8.0,0.0,0,0,0,16.0,0.5,0.0,0,0.3
65,48,13.112,8.0,0.0,0.0,0,0,0,8.0,1.0,0.0,0,0.0
66,48,13.112,8.0,0.0,0.0,0,0,0,8.0,1.0,0.0,0,0.0
67,48,10.432,8.0,8.0,0.0,0,0,0,16.0,0.5,0.0,0,0.0
68,48,7.3024,8.0,8.0,0.0,0,0,0,16.0,0.5,0.0,0,0.3
69,48,10.432,8.0,8.0,0.0,0,0,0,16.0,0.5,0.0,0,0.0
70,48,10.432,8.0,8.0,0.0,0,0,0,16.0,0.5,0.0,0,0.0
71,48,10.432,8.0,0.0,0.0,0,0,0,8.0,1.0,0.0,0,0.0
72,48,10.432,8.0,8.0,0.0,0,0,0,16.0,0.5,0.0,0,0.0
73,48,10.432,8.0,8.0,0.0,0,0,0,16.0,0.5,0.0,0,0.0
74,48,13.112,8.0,0.0,0.0,0,0,0,8.0,1.0,0.0,0,0.0
75,48,6.0447560748547815,4.635549137158574,3.3644508628414256,0.0,0,0,0,8.0,0.5794436421448218,3.3644508628414256,1,0.0
77,48,10.432,8.0,8.0,0.0,0,0,0,16.0,0.5,0.0,0,0.0
78,48,10.432,8.0,8.0,0.0,0,0,0,16.0,0.5,0.0,0,0.0
79,48,10.432,8.0,8.0,0.0,0,0,0,16.0,0.5,0.0,0,0.0
80,48,10.432,8.0,8.0,0.0,0,0,0,16.0,0.5,0.0,0,0.0
81,48,10.432,8.0,8.0,0.0,0,0,0,16.0,0.5,0.0,0,0.0
82,48,13.112,8.0,0.0,0.0,0,0,0,8.0,1.0,0.0,0,0.0
83,48,7.3024,8.0,8.0,0.0,0,0,0,16.0,0.5,0.0,0,0.3
84,48,10.432,8.0,8.0,0.0,0,0,0,16.0,0.5,0.0,0,0.0
85,48,10.432,8.0,8.0,0.0,0,0,0,16.0,0.5,0.0,0,0.0
86,48,10.432,8.0,8.0,0.0,0,0,0,16.0,0.5,0.0,0,0.0
87,48,10.432,8.0,8.0,0.0,0,0,0,16.0,0.5,0.0,0,0.0
88,48,7.3024,8.0,8.0,0.0,0,0,0,16.0,0.5,0.0,0,0.3
89,48,7.3024,8.0,8.0,0.0,0,0,0,16.0,0.5,0.0,0,0.3
90,48,13.112,8.0,0.0,0.0,0,0,0,8.0,1.0,0.0,0,0.0
91,48,7.3024,8.0,8.0,0.0,0,0,0,16.0,0.5,0.0,0,0.3
92,48,13.112,8.0,0.0,0.0,0,0,0,8.0,1.0,0.0,0,0.0
93,48,10.432,8.0,0.0,0.0,0,0,0,8.0,1.0,0.0,0,0.0
94,48,4.268450396823145,3.2733515313060924,12.726648468693908,0.0,0,0,0,16.0,0.20458447070663077,4.726648468693908,1,0.0
95,48,10.432,8.0,8.0,0.0,0,0,0,16.0,0.5,0.0,0,0.0
96,48,10.432,8.0,8.0,0.0,0,0,0,16.0,0.5,0.0,0,0.0
97,48,7.3024,8.0,8.0,0.0,0,0,0,16.0,0.5,0.0,0,0.3
98,48,10.432,8.0,8.0,0.0,0,0,0,16.0,0.5,0.0,0,0.0
99,48,10.432,8.0,8.0,0.0,0,0,0,16.0,0.5,0.0,0,0.0
100,48,0.0,0.0,16.0,0.0,0,0,0,16.0,0.0,0.0,0,0.0
101,48,8.299,8.0,8.0,0.0,0,0,0,16.0,0.5,0.0,0,0.0
102,48,5.8092999999999995,8.0,0.0,0.0,0,0,0,8.0,1.0,0.0,0,0.3
103,48,8.299,8.0,8.0,0.0,0,0,0,16.0,0.5,0.0,0,0.0
104,48,8.299,8.0,8.0,0.0,0,0,0,16.0,0.5,0.0,0,0.0
105,48,8.299,8.0,8.0,0.0,0,0,0,16.0,0.5,0.0,0,0.0
106,48,8.299,8.0,8.0,0.0,0,0,0,16.0,0.5,0.0,0,0.0
107,48,0.0,0.0,16.0,0.0,0,0,0,16.0,0.0,0.0,0,0.0
108,48,0.0,0.0,16.0,0.0,0,0,0,16.0,0.0,0.0,0,0.0
109,48,0.0,0.0,16.0,0.0,0,0,0,16.0,0.0,0.0,0,0.0
110,48,0.0,0.0,16.0,0.0,0,0,0,16.0,0.0,0.0,0,0.0
111,48,0.0,0.0,16.0,0.0,0,0,0,16.0,0.0,0.0,0,0.0
112,48,0.0,0.0,16.0,0.0,0,0,0,16.0,0.0,0.0,0,0.0
1,49,0.0,0.0,16.0,0.0,0,0,0,16.0,0.0,0.0,0,0.0
2,49,0.0,0.0,16.0,0.0,0,0,0,16.0,0.0,0.0,0,0.0
3,49,0.0,0.0,16.0,0.0,0,0,0,16.0,0.0,0.0,0,0.0
4,49,0.0,0.0,16.0,0.0,0,0,0,16.0,0.0,0.0,0,0.0
5,49,0.0,0.0,16.0,0.0,0,0,0,16.0,0.0,0.0,0,0.0
6,49,0.0,0.0,16.0,0.0,0,0,0,16.0,0.0,0.0,0,0.0
7,49,0.0,0.0,16.0,0.0,0,0,0,16.0,0.0,0.0,0,0.0
8,49,0.0,0.0,16.0,0.0,0,0,0,16.0,0.0,0.0,0,0.0
9,49,0.0,0.0,16.0,0.0,0,0,0,16.0,0.0,0.0,0,0.0
10,49,0.0,0.0,16.0,0.0,0,0,0,16.0,0.0,0.0,0,0.0
11,49,0.0,0.0,8.0,0.0,0,0,0,8.0,0.0,0.0,0,0.0
12,49,8.319,8.0,8.0,0.0,0,0,0,16.0,0.5,0.0,0,0.0
13,49,0.0,0.0,16.0,0.0,0,0,0,16.0,0.0,0.0,0,0.0
14,49,0.0,0.0,16.0,0.0,0,0,0,16.0,0.0,0.0,0,0.0
15,49,0.0,0.0,16.0,0.0,0,0,0,16.0,0.0,0.0,0,0.0
16,49,0.0,0.0,16.0,0.0,0,0,0,16.0,0.0,0.0,0,0.0
17,49,0.0,0.0,8.0,0.0,0,0,0,8.0,0.0,0.0,0,0.0
18,49,0.0,0.0,16.0,0.0,0,0,0,16.0,0.0,0.0,0,0.0
19,49,0.0,0.0,16.0,0.0,0,0,0,16.0,0.0,0.0,0,0.0
20,49,0.0,0.0,8.0,0.0,0,0,0,8.0,0.0,0.0,0,0.0
21,49,0.0,0.0,8.0,0.0,0,0,0,8.0,0.0,0.0,0,0.0
22,49,0.0,0.0,16.0,0.0,0,0,0,16.0,0.0,0.0,0,0.0
23,49,0.0,0.0,16.0,0.0,0,0,0,16.0,0.0,0.0,0,0.0
24,49,0.0,0.0,16.0,0.0,0,0,0,16.0,0.0,0.0,0,0.0
25,49,0.0,0.0,16.0,0.0,0,0,0,16.0,0.0,0.0,0,0.0
26,49,0.0,0.0,16.0,0.0,0,0,0,16.0,0.0,0.0,0,0.0
27,49,0.0,0.0,16.0,0.0,0,0,0,16.0,0.0,0.0,0,0.0
28,49,0.0,0.0,16.0,0.0,0,0,0,16.0,0.0,0.0,0,0.0
29,49,0.0,0.0,16.0,0.0,0,0,0,16.0,0.0,0.0,0,0.0
30,49,0.0,0.0,16.0,0.0,0,0,0,16.0,0.0,0.0,0,0.0
31,49,0.0,0.0,16.0,0.0,0,0,0,16.0,0.0,0.0,0,0.0
32,49,0.0,0.0,16.0,0.0,0,0,0,16.0,0.0,0.0,0,0.0
33,49,0.0,0.0,16.0,0.0,0,0,0,16.0,0.0,0.0,0,0.0
34,49,0.0,0.0,16.0,0.0,0,0,0,16.0,0.0,0.0,0,0.0
35,49,0.0,0.0,8.0,0.0,0,0,0,8.0,0.0,0.0,0,0.0
36,49,0.0,0.0,16.0,0.0,0,0,0,16.0,0.0,0.0,0,0.0
37,49,10.432,8.0,8.0,0.0,0,0,0,16.0,0.5,0.0,0,0.0
38,49,10.432,8.0,8.0,0.0,0,0,0,16.0,0.5,0.0,0,0.0
39,49,10.432,8.0,8.0,0.0,0,0,0,16.0,0.5,0.0,0,0.0
40,49,7.3024,8.0,8.0,0.0,0,0,0,16.0,0.5,0.0,0,0.3
41,49,10.432,8.0,8.0,0.0,0,0,0,16.0,0.5,0.0,0,0.0
42,49,10.432,8.0,8.0,0.0,0,0,0,16.0,0.5,0.0,0,0.0
43,49,10.432,8.0,8.0,0.0,0,0,0,16.0,0.5,0.0,0,0.0
44,49,10.432,8.0,0.0,0.0,0,0,0,8.0,1.0,0.0,0,0.0
45,49,10.432,8.0,8.0,0.0,0,0,0,16.0,0.5,0.0,0,0.0
46,49,5.69319797344894,4.365949366141825,11.634050633858175,0.0,0,0,0,16.0,0.27287183538386406,3.6340506338581746,1,0.0
47,49,10.432,8.0,8.0,0.0,0,0,0,16.0,0.5,0.0,0,0.0
48,49,4.285747496964014,8.0,8.0,0.0,0,0,0,16.0,0.5,0.0,0,0.0
49,49,10.432,8.0,8.0,0.0,0,0,0,16.0,0.5,0.0,0,0.0
50,49,10.432,8.0,8.0,0.0,0,0,0,16.0,0.5,0.0,0,0.0
51,49,10.432,8.0,8.0,0.0,0,0,0,16.0,0.5,0.0,0,0.0
52,49,10.432,8.0,8.0,0.0,0,0,0,16.0,0.5,0.0,0,0.0
53,49,13.112,8.0,0.0,0.0,0,0,0,8.0,1.0,0.0,0,0.0
54,49,10.432,8.0,8.0,0.0,0,0,0,16.0,0.5,0.0,0,0.0
55,49,7.3024,8.0,8.0,0.0,0,0,0,16.0,0.5,0.0,0,0.3
56,49,10.432,8.0,8.0,0.0,0,0,0,16.0,0.5,0.0,0,0.0
57,49,6.9636,8.0,8.0,0.0,0,0,0,16.0,0.5,0.0,0,0.3
58,49,9.948,8.0,8.0,0.0,0,0,0,16.0,0.5,0.0,0,0.0
59,49,9.948,8.0,0.0,0.0,0,0,0,8.0,1.0,0.0,0,0.0
60,49,9.948,8.0,0.0,0.0,0,0,0,8.0,1.0,0.0,0,0.0
61,49,6.8839403972078275,8.0,8.0,0.0,0,0,0,16.0,0.5,0.0,0,0.0
62,49,4.407939005665365,8.0,8.0,0.0,0,0,0,16.0,0.5,0.0,0,0.0
63,49,13.112,8.0,0.0,0.0,0,0,0,8.0,1.0,0.0,0,0.0
64,49,10.432,8.0,8.0,0.0,0,0,0,16.0,0.5,0.0,0,0.0
65,49,13.112,8.0,0.0,0.0,0,0,0,8.0,1.0,0.0,0,0.0
66,49,13.112,8.0,0.0,0.0,0,0,0,8.0,1.0,0.0,0,0.0
67,49,10.432,8.0,8.0,0.0,0,0,0,16.0,0.5,0.0,0,0.0
68,49,10.432,8.0,8.0,0.0,0,0,0,16.0,0.5,0.0,0,0.0
69,49,10.432,8.0,8.0,0.0,0,0,0,16.0,0.5,0.0,0,0.0
70,49,10.432,8.0,8.0,0.0,0,0,0,16.0,0.5,0.0,0,0.0
71,49,10.432,8.0,0.0,0.0,0,0,0,8.0,1.0,0.0,0,0.0
72,49,10.432,8.0,8.0,0.0,0,0,0,16.0,0.5,0.0,0,0.0
73,49,10.432,8.0,8.0,0.0,0,0,0,16.0,0.5,0.0,0,0.0
74,49,13.112,8.0,0.0,0.0,0,0,0,8.0,1.0,0.0,0,0.0
75,49,10.432,8.0,0.0,0.0,0,0,0,8.0,1.0,0.0,0,0.0
77,49,6.91336806849135,5.301662629211157,10.698337370788842,0.0,0,0,0,16.0,0.33135391432569733,2.6983373707888427,1,0.0
78,49,10.432,8.0,8.0,0.0,0,0,0,16.0,0.5,0.0,0,0.0
79,49,0.7023852461422111,1.0985685714817794,14.90143142851822,0.0,0,0,0,16.0,0.06866053571761122,6.901431428518221,1,0.0
80,49,10.432,8.0,8.0,0.0,0,0,0,16.0,0.5,0.0,0,0.0
81,49,10.432,8.0,8.0,0.0,0,0,0,16.0,0.5,0.0,0,0.0
82,49,13.112,8.0,0.0,0.0,0,0,0,8.0,1.0,0.0,0,0.0
83,49,10.432,8.0,8.0,0.0,0,0,0,16.0,0.5,0.0,0,0.0
84,49,10.432,8.0,8.0,0.0,0,0,0,16.0,0.5,0.0,0,0.0
85,49,7.3024,8.0,8.0,0.0,0,0,0,16.0,0.5,0.0,0,0.3
86,49,10.432,8.0,8.0,0.0,0,0,0,16.0,0.5,0.0,0,0.0
87,49,7.579210248727548,8.0,8.0,0.0,0,0,0,16.0,0.5,0.0,0,0.0
88,49,10.432,8.0,8.0,0.0,0,0,0,16.0,0.5,0.0,0,0.0
89,49,10.432,8.0,8.0,0.0,0,0,0,16.0,0.5,0.0,0,0.0
90,49,13.112,8.0,0.0,0.0,0,0,0,8.0,1.0,0.0,0,0.0
91,49,10.432,8.0,8.0,0.0,0,0,0,16.0,0.5,0.0,0,0.0
92,49,13.112,8.0,0.0,0.0,0,0,0,8.0,1.0,0.0,0,0.0
93,49,10.432,8.0,0.0,0.0,0,0,0,8.0,1.0,0.0,0,0.0
94,49,10.432,8.0,8.0,0.0,0,0,0,16.0,0.5,0.0,0,0.0
95,49,10.432,8.0,8.0,0.0,0,0,0,16.0,0.5,0.0,0,0.0
96,49,10.432,8.0,8.0,0.0,0,0,0,16.0,0.5,0.0,0,0.0
97,49,10.432,8.0,8.0,0.0,0,0,0,16.0,0.5,0.0,0,0.0
98,49,10.432,8.0,8.0,0.0,0,0,0,16.0,0.5,0.0,0,0.0
99,49,10.432,8.0,8.0,0.0,0,0,0,16.0,0.5,0.0,0,0.0
100,49,0.0,0.0,16.0,0.0,0,0,0,16.0,0.0,0.0,0,0.0
101,49,8.299,8.0,8.0,0.0,0,0,0,16.0,0.5,0.0,0,0.0
102,49,8.299,8.0,0.0,0.0,0,0,0,8.0,1.0,0.0,0,0.0
103,49,7.084415006358006,6.829174605478256,9.170825394521744,0.0,0,0,0,16.0,0.426823412842391,1.1708253945217444,1,0.0
104,49,8.299,8.0,8.0,0.0,0,0,0,16.0,0.5,0.0,0,0.0
105,49,8.299,8.0,8.0,0.0,0,0,0,16.0,0.5,0.0,0,0.0
106,49,8.299,8.0,8.0,0.0,0,0,0,16.0,0.5,0.0,0,0.0
107,49,0.0,0.0,16.0,0.0,0,0,0,16.0,0.0,0.0,0,0.0
108,49,0.0,0.0,16.0,0.0,0,0,0,16.0,0.0,0.0,0,0.0
109,49,0.0,0.0,16.0,0.0,0,0,0,16.0,0.0,0.0,0,0.0
110,49,0.0,0.0,16.0,0.0,0,0,0,16.0,0.0,0.0,0,0.0
111,49,0.0,0.0,16.0,0.0,0,0,0,16.0,0.0,0.0,0,0.0
112,49,0.0,0.0,16.0,0.0,0,0,0,16.0,0.0,0.0,0,0.0
