{
  "samples": 50,
  "total_production": 1870.0375000000001,
  "total_hours": 2274.666416236042,
  "mobilisation_cost": 0.0,
  "average_utilisation": 0.40166666666666667
}