day,sample_id,production_units,total_hours,idle_hours,mobilisation_cost,completed_blocks,blackout_conflicts,sequencing_violations,available_hours,utilisation_ratio,downtime_hours,downtime_events,weather_severity_total
1,0,8.319,9.43844985990059,9.43844985990059,0.0,1,0,0,18.87689971980118,0.5,0.0,0,0.0
2,0,0.0,0.0,18.87689971980118,0.0,0,0,0,18.87689971980118,0.0,0.0,0,0.0
3,0,16.899,18.87689971980118,0.0,0.0,1,0,0,18.87689971980118,1.0,0.0,0,0.0
4,0,14.573,18.87689971980118,0.0,0.0,2,0,0,18.87689971980118,1.0,0.0,0,0.0
5,0,0.0,0.0,18.87689971980118,0.0,0,0,0,18.87689971980118,0.0,0.0,0,0.0
6,0,0.0,0.0,18.87689971980118,0.0,0,0,0,18.87689971980118,0.0,0.0,0,0.0
