day,sample_id,production_units,total_hours,idle_hours,mobilisation_cost,completed_blocks,blackout_conflicts,sequencing_violations,available_hours,utilisation_ratio,downtime_hours,downtime_events,weather_severity_total
1,0,2476.322873,48.0,168.0,0.0,0,0,0,216.0,0.2222222222222222,0.0,0,0.0
2,0,2187.6441707307804,72.0,144.0,107.19999999999999,0,0,0,216.0,0.3333333333333333,0.0,0,0.0
3,0,3587.360149891632,120.0,96.0,160.68,0,0,1,216.0,0.5555555555555556,0.0,0,0.0
4,0,2958.9477477,120.0,96.0,216.32,0,0,0,216.0,0.5555555555555556,0.0,0,1.5
5,0,3603.1237729000004,96.0,120.0,161.64000000000001,0,0,1,216.0,0.4444444444444444,0.0,0,0.0
6,0,3247.1167274643713,96.0,120.0,217.28,0,0,0,216.0,0.4444444444444444,0.0,0,0.0
7,0,4332.589049447841,139.99232853075654,76.00767146924346,271.96,0,0,0,216.0,0.6481126320868358,4.0076714692434745,1,0.0
8,0,4364.906886,120.0,96.0,274.12,0,0,0,216.0,0.5555555555555556,0.0,0,0.0
9,0,3869.1184120000003,144.0,72.0,324.96,0,0,0,216.0,0.6666666666666666,0.0,0,0.0
10,0,4802.818255474251,140.58917738385492,75.41082261614508,323.76,0,0,0,216.0,0.6508758212215505,3.410822616145085,1,0.0
11,0,4639.00589062828,140.72234428728493,75.27765571271507,267.40000000000003,1,0,0,216.0,0.6514923346633561,3.277655712715076,1,0.0
12,0,5089.628448,192.0,24.0,324.24,0,0,0,216.0,0.8888888888888888,0.0,0,0.0
13,0,5370.402896241777,141.06754254079704,74.93245745920296,270.52,0,0,0,216.0,0.6530904747259122,2.9324574592029515,1,0.0
14,0,3450.0541549999994,144.0,72.0,271.24,0,0,0,216.0,0.6666666666666666,0.0,0,0.0
15,0,2737.009990899171,141.1013328386673,74.8986671613327,269.56,0,0,0,216.0,0.6532469112901264,2.8986671613327104,1,0.0
16,0,4281.5081328361075,168.0,48.0,376.76,0,0,1,216.0,0.7777777777777778,0.0,0,0.0
17,0,3667.8019889999996,144.0,72.0,214.15999999999997,0,0,0,216.0,0.6666666666666666,0.0,0,0.0
18,0,4801.6189628077145,138.72451656556547,77.27548343443453,323.52,0,0,1,216.0,0.6422431322479882,5.275483434434537,1,0.0
19,0,4898.695714,168.0,48.0,325.44,0,0,0,216.0,0.7777777777777778,0.0,0,0.0
20,0,4920.653187999999,168.0,48.0,322.08000000000004,0,0,0,216.0,0.7777777777777778,0.0,0,0.0
21,0,4458.501877999999,168.0,48.0,323.04,0,0,0,216.0,0.7777777777777778,0.0,0,0.0
22,0,1847.662005,72.0,144.0,161.4,0,0,0,216.0,0.3333333333333333,0.0,0,0.0
23,0,999.195974,72.0,144.0,163.56,0,0,1,216.0,0.3333333333333333,0.0,0,0.0
24,0,1475.294950678466,96.0,120.0,217.52,0,0,2,216.0,0.4444444444444444,0.0,0,0.0
25,0,1564.1441882367342,92.29129670931793,123.70870329068207,217.28000000000003,0,0,0,216.0,0.42727452180239783,3.7087032906820627,1,1.2
26,0,1956.5892968008297,96.0,120.0,217.04000000000002,0,0,1,216.0,0.4444444444444444,0.0,0,0.0
27,0,2774.5355470718728,120.0,96.0,269.08,0,0,1,216.0,0.5555555555555556,0.0,0,0.0
28,0,2951.978997562382,112.08339716631227,103.91660283368773,268.6,0,0,0,216.0,0.518904616510705,7.916602833687728,2,0.0
29,0,2265.738337709571,120.0,96.0,271.96000000000004,0,0,0,216.0,0.5555555555555556,0.0,0,0.0
30,0,1289.4287548095708,72.0,144.0,163.08,0,0,1,216.0,0.3333333333333333,0.0,0,0.8999999999999999
31,0,1611.1668804083743,96.0,120.0,217.28,0,0,4,216.0,0.4444444444444444,0.0,0,0.0
32,0,2133.523306483624,120.0,96.0,163.32,0,0,2,216.0,0.5555555555555556,0.0,0,0.0
33,0,3221.884409,120.0,96.0,273.64,0,0,0,216.0,0.5555555555555556,0.0,0,0.0
34,0,2770.4315309999997,96.0,120.0,218.24,0,0,0,216.0,0.4444444444444444,0.0,0,0.0
35,0,3410.154367,144.0,72.0,323.52,0,0,0,216.0,0.6666666666666666,0.0,0,0.0
36,0,3603.312298,144.0,72.0,324.24,1,0,0,216.0,0.6666666666666666,0.0,0,0.0
37,0,2522.7442659999997,96.0,120.0,214.4,0,0,0,216.0,0.4444444444444444,0.0,0,0.0
38,0,1181.7506870000002,72.0,144.0,162.84,0,0,0,216.0,0.3333333333333333,0.0,0,0.0
39,0,650.0515579999995,72.0,144.0,162.12,0,0,1,216.0,0.3333333333333333,0.0,0,0.0
40,0,1472.6008129999993,120.0,96.0,216.56,0,0,2,216.0,0.5555555555555556,0.0,0,0.0
41,0,999.4433126507679,120.0,96.0,269.56,0,0,2,216.0,0.5555555555555556,0.0,0,0.0
42,0,2115.7887459689637,120.0,96.0,269.32,0,0,2,216.0,0.5555555555555556,0.0,0,0.0
1,1,2476.322873,48.0,168.0,0.0,0,0,0,216.0,0.2222222222222222,0.0,0,0.0
2,1,3549.684718,72.0,144.0,107.19999999999999,0,0,0,216.0,0.3333333333333333,0.0,0,0.0
3,1,3895.941154,120.0,96.0,160.68,0,0,0,216.0,0.5555555555555556,0.0,0,0.0
4,1,2958.9477477,120.0,96.0,216.32,0,0,0,216.0,0.5555555555555556,0.0,0,1.5
5,1,3603.1237729000004,96.0,120.0,161.64000000000001,0,0,1,216.0,0.4444444444444444,0.0,0,0.0
6,1,3795.7709779999996,96.0,120.0,217.28,0,0,0,216.0,0.4444444444444444,0.0,0,0.0
7,1,4566.272014999999,144.0,72.0,271.96,0,0,0,216.0,0.6666666666666666,0.0,0,0.0
8,1,4061.528595451038,120.0,96.0,274.12,0,0,0,216.0,0.5555555555555556,0.0,0,0.0
9,1,3627.1196974510385,144.0,72.0,324.96,0,0,1,216.0,0.6666666666666666,0.0,0,0.0
10,1,4936.008722,144.0,72.0,323.76,0,0,0,216.0,0.6666666666666666,0.0,0,0.0
11,1,4049.5460016444476,139.3209710402204,76.6790289597796,267.40000000000003,1,0,0,216.0,0.6450044955565759,4.67902895977959,1,0.0
12,1,5037.470778000756,188.569500031727,27.43049996827301,324.24,0,0,0,216.0,0.8730069445913287,3.4304999682730184,1,0.0
13,1,5483.204742000001,144.0,72.0,270.52,0,0,0,216.0,0.6666666666666666,0.0,0,0.0
14,1,3055.9258395329916,144.0,72.0,271.24,0,0,0,216.0,0.6666666666666666,0.0,0,0.0
15,1,2369.7358764329933,144.0,72.0,269.56,0,0,1,216.0,0.6666666666666666,0.0,0,0.0
16,1,4599.298487432991,168.0,48.0,376.76,0,0,1,216.0,0.7777777777777778,0.0,0,0.0
17,1,3442.6405219479366,144.0,72.0,214.15999999999997,0,0,0,216.0,0.6666666666666666,0.0,0,0.0
18,1,4854.432298866007,139.4207236272254,76.57927637277459,323.52,0,0,1,216.0,0.6454663130890066,4.5792763727745776,1,0.0
19,1,4844.132470624893,164.91467255504855,51.085327444951446,325.44,0,0,0,216.0,0.7634938544215211,3.085327444951448,1,0.0
20,1,4920.653187999999,168.0,48.0,322.08000000000004,0,0,0,216.0,0.7777777777777778,0.0,0,0.0
21,1,4354.441984134544,163.17091382344591,52.829086176554085,323.04,0,0,0,216.0,0.7554208973307681,4.829086176554081,1,0.0
22,1,1847.662005,72.0,144.0,161.4,0,0,0,216.0,0.3333333333333333,0.0,0,0.0
23,1,1271.3499427476693,66.15969238566751,149.8403076143325,163.56,0,0,1,216.0,0.3062948721558681,5.840307614332484,1,0.0
24,1,2050.6357847476693,96.0,120.0,217.52,0,0,2,216.0,0.4444444444444444,0.0,0,0.0
25,1,2307.1741423293297,96.0,120.0,217.28000000000003,0,0,1,216.0,0.4444444444444444,0.0,0,0.0
26,1,2025.6612553727728,91.41441687811704,124.58558312188296,217.04000000000002,0,0,0,216.0,0.4232148929542455,4.5855831218829675,1,0.0
27,1,2595.661879639121,112.06921078048151,103.93078921951849,269.08,0,0,0,216.0,0.5188389387985255,7.930789219518496,1,0.0
28,1,3119.983059724991,113.96392083782123,102.03607916217877,268.6,0,0,0,216.0,0.5276107446195427,6.036079162178762,1,0.0
29,1,1647.2481914,120.0,96.0,271.96000000000004,0,0,0,216.0,0.5555555555555556,0.0,0,1.5
30,1,1310.1741506999997,72.0,144.0,163.08,0,0,1,216.0,0.3333333333333333,0.0,0,0.8999999999999999
31,1,1657.9152097495537,96.0,120.0,217.28,0,0,2,216.0,0.4444444444444444,0.0,0,0.0
32,1,2352.313910602906,116.23045745828408,99.76954254171592,163.32,0,0,0,216.0,0.5381039697142781,3.769542541715917,1,0.0
33,1,3088.314836364801,117.323367012476,98.676632987524,273.64,0,0,1,216.0,0.5431637361688704,2.6766329875240014,1,0.0
34,1,2770.4315309999997,96.0,120.0,218.24,0,0,0,216.0,0.4444444444444444,0.0,0,0.0
35,1,3040.1044739203103,140.13449910327978,75.86550089672022,323.52,0,0,1,216.0,0.6487708291818508,3.865500896720207,1,0.0
36,1,3532.2410550061813,144.0,72.0,324.24,0,0,1,216.0,0.6666666666666666,0.0,0,0.0
37,1,1634.3354185206188,96.0,120.0,214.4,0,0,1,216.0,0.4444444444444444,0.0,0,0.0
38,1,1141.3481255921308,65.93096734141822,150.06903265858176,162.84,0,0,0,216.0,0.3052359599139733,6.069032658581779,1,0.0
39,1,852.0472120999991,72.0,144.0,162.12,0,0,0,216.0,0.3333333333333333,0.0,0,0.8999999999999999
40,1,1862.5069537827876,113.44382899857303,102.55617100142697,216.56,0,0,0,216.0,0.5252029120304307,6.556171001426973,1,0.0
41,1,1930.2772029999987,120.0,96.0,269.56,0,0,2,216.0,0.5555555555555556,0.0,0,0.0
42,1,2445.3922473525995,120.0,96.0,269.32,0,0,1,216.0,0.5555555555555556,0.0,0,0.0
1,2,1733.4260110999999,48.0,168.0,0.0,0,0,0,216.0,0.2222222222222222,0.0,0,0.6
2,2,3208.7474987,72.0,144.0,107.19999999999999,0,0,1,216.0,0.3333333333333333,0.0,0,0.0
3,2,3685.4008667,120.0,96.0,160.68,0,0,1,216.0,0.5555555555555556,0.0,0,0.0
4,2,4227.068211,120.0,96.0,216.32,0,0,0,216.0,0.5555555555555556,0.0,0,0.0
5,2,3553.080380293012,92.2172137623829,123.7827862376171,161.64000000000001,0,0,0,216.0,0.4269315451962171,3.782786237617094,1,0.0
6,2,3512.8418226158,90.9035899392795,125.0964100607205,217.28,0,0,0,216.0,0.4208499534225903,5.096410060720495,1,0.0
7,2,4282.627174559244,141.85034464832322,74.14965535167678,271.96,0,0,1,216.0,0.656714558557052,2.149655351676784,1,0.0
8,2,4334.353700373538,120.0,96.0,274.12,0,0,1,216.0,0.5555555555555556,0.0,0,0.0
9,2,3379.4650390001657,144.0,72.0,324.96,0,0,0,216.0,0.6666666666666666,0.0,0,0.0
10,2,4687.124525251963,144.0,72.0,323.76,0,0,2,216.0,0.6666666666666666,0.0,0,0.0
11,2,4221.696340582235,140.12512561974995,75.87487438025005,267.40000000000003,0,0,1,216.0,0.6487274334247682,3.874874380250054,1,0.0
12,2,4695.848740884553,185.31024759853017,30.689752401469832,324.24,0,0,2,216.0,0.8579178129561582,6.689752401469848,2,0.0
13,2,5352.3160780327,140.6481233461978,75.35187665380221,270.52,0,0,0,216.0,0.6511487191953601,3.3518766538022193,1,0.0
14,2,3450.0541549999994,144.0,72.0,271.24,0,0,0,216.0,0.6666666666666666,0.0,0,0.0
15,2,2713.820799293013,144.0,72.0,269.56,0,0,1,216.0,0.6666666666666666,0.0,0,0.0
16,2,4865.1916806664485,164.20830664689953,51.79169335310047,376.76,0,0,0,216.0,0.7602236418837941,3.7916933531004546,1,0.0
17,2,2567.4613923000006,144.0,72.0,214.15999999999997,0,0,0,216.0,0.6666666666666666,0.0,0,1.8
18,2,4540.552699122649,144.0,72.0,323.52,0,0,0,216.0,0.6666666666666666,0.0,0,0.0
19,2,4657.076449114008,168.0,48.0,325.44,0,0,0,216.0,0.7777777777777778,0.0,0,0.0
20,2,4657.334575999999,168.0,48.0,322.08000000000004,0,0,1,216.0,0.7777777777777778,0.0,0,0.0
21,2,4281.837262492853,168.0,48.0,323.04,0,0,1,216.0,0.7777777777777778,0.0,0,0.0
22,2,1222.740236690447,72.0,144.0,161.4,0,0,0,216.0,0.3333333333333333,0.0,0,0.8999999999999999
23,2,1369.19818291701,72.0,144.0,163.56,0,0,1,216.0,0.3333333333333333,0.0,0,0.0
24,2,2082.4126559999995,96.0,120.0,217.52,0,0,1,216.0,0.4444444444444444,0.0,0,0.0
25,2,2057.1956890097317,96.0,120.0,217.28000000000003,0,0,1,216.0,0.4444444444444444,0.0,0,0.0
26,2,2116.368224,96.0,120.0,217.04000000000002,0,0,0,216.0,0.4444444444444444,0.0,0,0.0
27,2,2653.758259154279,120.0,96.0,269.08,0,0,1,216.0,0.5555555555555556,0.0,0,0.0
28,2,3242.177817,120.0,96.0,268.6,0,0,0,216.0,0.5555555555555556,0.0,0,0.0
29,2,2353.211702,120.0,96.0,271.96000000000004,0,0,0,216.0,0.5555555555555556,0.0,0,0.0
30,2,1857.6378324217112,72.0,144.0,163.08,0,0,1,216.0,0.3333333333333333,0.0,0,0.0
31,2,2314.605414421711,96.0,120.0,217.28,0,0,2,216.0,0.4444444444444444,0.0,0,0.0
32,2,2859.649442,120.0,96.0,163.32,0,0,0,216.0,0.5555555555555556,0.0,0,0.0
33,2,3134.136199147384,115.51013491110417,100.48986508889583,273.64,0,0,0,216.0,0.5347691431069638,4.489865088895828,1,0.0
34,2,2770.4315309999997,96.0,120.0,218.24,0,0,0,216.0,0.4444444444444444,0.0,0,0.0
35,2,3176.9888184313577,135.20790960829427,80.79209039170573,323.52,0,0,1,216.0,0.6259625444828438,8.792090391705718,1,0.0
36,2,2522.3186085999996,144.0,72.0,324.24,0,0,0,216.0,0.6666666666666666,0.0,0,1.8
37,2,2522.7442659999997,96.0,120.0,214.4,0,0,0,216.0,0.4444444444444444,0.0,0,0.0
38,2,1169.6346220000005,72.0,144.0,162.84,0,0,1,216.0,0.3333333333333333,0.0,0,0.0
39,2,711.562914906848,72.0,144.0,162.12,0,0,1,216.0,0.3333333333333333,0.0,0,0.0
40,2,1273.5627530068482,120.0,96.0,216.56,0,0,4,216.0,0.5555555555555556,0.0,0,0.0
41,2,1265.8363969068482,120.0,96.0,269.56,0,0,2,216.0,0.5555555555555556,0.0,0,1.5
42,2,2242.8774202,120.0,96.0,269.32,0,0,1,216.0,0.5555555555555556,0.0,0,0.0
1,3,2312.973410788485,44.98310759622244,171.01689240377755,0.0,0,0,0,216.0,0.20825512776028907,3.016892403777561,1,0.0
2,3,3134.927527448159,72.0,144.0,107.19999999999999,0,0,0,216.0,0.3333333333333333,0.0,0,0.0
3,3,2990.406557229665,120.0,96.0,160.68,0,0,1,216.0,0.5555555555555556,0.0,0,0.0
4,3,4227.068211,120.0,96.0,216.32,0,0,0,216.0,0.5555555555555556,0.0,0,0.0
5,3,3669.656462,96.0,120.0,161.64000000000001,0,0,0,216.0,0.4444444444444444,0.0,0,0.0
6,3,3795.7709779999996,96.0,120.0,217.28,0,0,0,216.0,0.4444444444444444,0.0,0,0.0
7,3,4566.272014999999,144.0,72.0,271.96,0,0,0,216.0,0.6666666666666666,0.0,0,0.0
8,3,3665.783674919612,114.16762214078483,101.83237785921517,274.12,0,0,0,216.0,0.5285538062073372,5.83237785921517,1,0.0
9,3,3850.288183084554,144.0,72.0,324.96,0,0,1,216.0,0.6666666666666666,0.0,0,0.0
10,3,4269.380872993574,144.0,72.0,323.76,0,0,0,216.0,0.6666666666666666,0.0,0,0.0
11,3,3918.116461989717,144.0,72.0,267.40000000000003,0,0,2,216.0,0.6666666666666666,0.0,0,0.0
12,3,4046.7684464417325,192.0,24.0,324.24,0,0,3,216.0,0.8888888888888888,0.0,0,0.0
13,3,4977.80356600142,144.0,72.0,270.52,0,0,1,216.0,0.6666666666666666,0.0,0,0.0
14,3,2318.9010139627826,135.6719360520278,80.3280639479722,271.24,0,0,0,216.0,0.6281108150556842,8.3280639479722,2,1.8
15,3,2430.00925420255,144.0,72.0,269.56,0,0,1,216.0,0.6666666666666666,0.0,0,0.0
16,3,4838.0733648,168.0,48.0,376.76,0,0,1,216.0,0.7777777777777778,0.0,0,0.0
17,3,3667.8019889999996,144.0,72.0,214.15999999999997,0,0,0,216.0,0.6666666666666666,0.0,0,0.0
18,3,4547.550302950614,142.61510549688072,73.38489450311928,323.52,0,0,0,216.0,0.6602551180411145,1.384894503119288,1,0.0
19,3,4125.547687938809,168.0,48.0,325.44,0,0,0,216.0,0.7777777777777778,0.0,0,0.0
20,3,4920.653187999999,168.0,48.0,322.08000000000004,0,0,0,216.0,0.7777777777777778,0.0,0,0.0
21,3,4352.241635720539,163.06880270536797,52.93119729463203,323.04,0,0,0,216.0,0.7549481606729999,4.931197294632037,1,0.0
22,3,1594.6053320218318,72.0,144.0,161.4,0,0,0,216.0,0.3333333333333333,0.0,0,0.0
23,3,991.6165637187834,72.0,144.0,163.56,0,0,2,216.0,0.3333333333333333,0.0,0,0.0
24,3,1441.8689947969515,96.0,120.0,217.52,0,0,1,216.0,0.4444444444444444,0.0,0,1.2
25,3,1591.4328731982162,96.0,120.0,217.28000000000003,0,0,2,216.0,0.4444444444444444,0.0,0,0.0
26,3,2027.8800324794327,96.0,120.0,217.04000000000002,0,0,1,216.0,0.4444444444444444,0.0,0,0.0
27,3,2746.7486434794328,120.0,96.0,269.08,0,0,1,216.0,0.5555555555555556,0.0,0,0.0
28,3,3242.177817,120.0,96.0,268.6,0,0,0,216.0,0.5555555555555556,0.0,0,0.0
29,3,2353.211702,120.0,96.0,271.96000000000004,0,0,0,216.0,0.5555555555555556,0.0,0,0.0
30,3,1609.0774589220991,72.0,144.0,163.08,0,0,1,216.0,0.3333333333333333,0.0,0,0.0
31,3,2219.5427950000003,96.0,120.0,217.28,0,0,2,216.0,0.4444444444444444,0.0,0,0.0
32,3,2859.649442,120.0,96.0,163.32,0,0,0,216.0,0.5555555555555556,0.0,0,0.0
33,3,3126.5992752999996,120.0,96.0,273.64,0,0,1,216.0,0.5555555555555556,0.0,0,0.0
34,3,2770.4315309999997,96.0,120.0,218.24,0,0,0,216.0,0.4444444444444444,0.0,0,0.0
35,3,3410.154367,144.0,72.0,323.52,0,0,0,216.0,0.6666666666666666,0.0,0,0.0
36,3,3318.9030530096634,139.60570420125316,76.39429579874684,324.24,0,0,1,216.0,0.6463227046354313,4.394295798746835,1,0.0
37,3,1765.9209862,96.0,120.0,214.4,0,0,0,216.0,0.4444444444444444,0.0,0,1.2
38,3,1181.7506870000002,72.0,144.0,162.84,0,0,0,216.0,0.3333333333333333,0.0,0,0.0
39,3,864.6516031590492,72.0,144.0,162.12,0,0,2,216.0,0.3333333333333333,0.0,0,0.0
40,3,1702.1403621590482,120.0,96.0,216.56,0,0,2,216.0,0.5555555555555556,0.0,0,0.0
41,3,2349.087193723991,120.0,96.0,269.56,0,0,2,216.0,0.5555555555555556,0.0,0,0.0
42,3,2209.672276124466,120.0,96.0,269.32,0,0,1,216.0,0.5555555555555556,0.0,0,0.0
1,4,2476.322873,48.0,168.0,0.0,0,0,0,216.0,0.2222222222222222,0.0,0,0.0
2,4,3549.684718,72.0,144.0,107.19999999999999,0,0,0,216.0,0.3333333333333333,0.0,0,0.0
3,4,3468.589413143449,115.28068925666778,100.71931074333222,160.68,0,0,0,216.0,0.5337068947067953,4.7193107433322155,1,0.0
4,4,3980.5834685756536,120.0,96.0,216.32,0,0,1,216.0,0.5555555555555556,0.0,0,0.0
5,4,3080.861033188179,96.0,120.0,161.64000000000001,0,0,0,216.0,0.4444444444444444,0.0,0,0.0
6,4,3080.528820411653,96.0,120.0,217.28,0,0,0,216.0,0.4444444444444444,0.0,0,0.0
7,4,4566.272014999999,144.0,72.0,271.96,0,0,0,216.0,0.6666666666666666,0.0,0,0.0
8,4,4077.2945533486695,120.0,96.0,274.12,0,0,0,216.0,0.5555555555555556,0.0,0,0.0
9,4,3642.88565534867,144.0,72.0,324.96,0,0,1,216.0,0.6666666666666666,0.0,0,0.0
10,4,4936.008722,144.0,72.0,323.76,0,0,0,216.0,0.6666666666666666,0.0,0,0.0
11,4,4514.545608904167,140.3466238042671,75.6533761957329,267.40000000000003,0,0,1,216.0,0.649752887982718,3.6533761957329025,1,0.0
12,4,4472.106445787693,192.0,24.0,324.24,0,0,1,216.0,0.8888888888888888,0.0,0,0.0
13,4,5191.145078562693,136.4074598884248,79.5925401115752,270.52,0,0,0,216.0,0.6315160180019667,7.5925401115752145,1,0.0
14,4,3220.6993655964893,140.59529061152438,75.40470938847562,271.24,0,0,1,216.0,0.6509041232015017,3.4047093884756303,1,0.0
15,4,2795.143882000001,144.0,72.0,269.56,0,0,0,216.0,0.6666666666666666,0.0,0,0.0
16,4,3455.6167912,168.0,48.0,376.76,0,0,0,216.0,0.7777777777777778,0.0,0,2.1
17,4,3667.8019889999996,144.0,72.0,214.15999999999997,0,0,0,216.0,0.6666666666666666,0.0,0,0.0
18,4,4044.579986049289,144.0,72.0,323.52,0,0,1,216.0,0.6666666666666666,0.0,0,0.0
19,4,4755.6435479116535,168.0,48.0,325.44,0,0,1,216.0,0.7777777777777778,0.0,0,0.0
20,4,4920.653187999999,168.0,48.0,322.08000000000004,0,0,0,216.0,0.7777777777777778,0.0,0,0.0
21,4,3120.9513145999995,168.0,48.0,323.04,0,0,0,216.0,0.7777777777777778,0.0,0,2.1
22,4,1847.662005,72.0,144.0,161.4,0,0,0,216.0,0.3333333333333333,0.0,0,0.0
23,4,925.2679068225627,68.07425914604023,147.92574085395978,163.56,0,0,1,216.0,0.3151586071575937,3.9257408539597627,1,0.0
24,4,1263.961643,92.5046768980353,123.4953231019647,217.52,0,0,2,216.0,0.42826239304645974,3.495323101964705,1,0.0
25,4,1305.659380911653,96.0,120.0,217.28000000000003,0,0,2,216.0,0.4444444444444444,0.0,0,0.0
26,4,1789.2063988525495,89.78651043247618,126.21348956752382,217.04000000000002,0,0,1,216.0,0.4156782890392416,6.213489567523814,1,0.0
27,4,2622.518366260259,115.25067958124026,100.74932041875974,269.08,0,0,0,216.0,0.5335679610242605,4.74932041875974,1,0.0
28,4,3242.177817,120.0,96.0,268.6,0,0,0,216.0,0.5555555555555556,0.0,0,0.0
29,4,2052.701758419897,120.0,96.0,271.96000000000004,0,0,1,216.0,0.5555555555555556,0.0,0,0.0
30,4,1076.392175519897,72.0,144.0,163.08,0,0,1,216.0,0.3333333333333333,0.0,0,0.8999999999999999
31,4,1848.6681206893932,96.0,120.0,217.28,0,0,4,216.0,0.4444444444444444,0.0,0,0.0
32,4,2482.258093588179,116.09043484048466,99.90956515951534,163.32,0,0,1,216.0,0.5374557168540957,3.9095651595153367,1,0.0
33,4,3155.363528810179,116.5962863726958,99.4037136273042,273.64,0,0,0,216.0,0.539797622095814,3.403713627304205,1,0.0
34,4,2770.4315309999997,96.0,120.0,218.24,0,0,0,216.0,0.4444444444444444,0.0,0,0.0
35,4,3370.477660270082,144.0,72.0,323.52,0,0,1,216.0,0.6666666666666666,0.0,0,0.0
36,4,3603.312298,144.0,72.0,324.24,1,0,0,216.0,0.6666666666666666,0.0,0,0.0
37,4,2522.7442659999997,96.0,120.0,214.4,0,0,0,216.0,0.4444444444444444,0.0,0,0.0
38,4,1181.7506870000002,72.0,144.0,162.84,0,0,0,216.0,0.3333333333333333,0.0,0,0.0
39,4,455.0360905999997,72.0,144.0,162.12,0,0,1,216.0,0.3333333333333333,0.0,0,0.8999999999999999
40,4,1106.4747436000002,120.0,96.0,216.56,0,0,4,216.0,0.5555555555555556,0.0,0,0.0
41,4,2122.6985081881785,120.0,96.0,269.56,0,0,2,216.0,0.5555555555555556,0.0,0,0.0
42,4,2284.4595275756537,111.98111193080915,104.01888806919085,269.32,0,0,1,216.0,0.5184310737537461,8.018888069190844,2,0.0
1,5,2476.322873,48.0,168.0,0.0,0,0,0,216.0,0.2222222222222222,0.0,0,0.0
2,5,3549.684718,72.0,144.0,107.19999999999999,0,0,0,216.0,0.3333333333333333,0.0,0,0.0
3,5,2727.1588077999995,120.0,96.0,160.68,0,0,0,216.0,0.5555555555555556,0.0,0,1.5
4,5,4039.6017862,120.0,96.0,216.32,0,0,1,216.0,0.5555555555555556,0.0,0,0.0
5,5,3562.5084935303876,92.52314733365084,123.47685266634916,161.64000000000001,0,0,0,216.0,0.4283479043224576,3.476852666349164,1,0.0
6,5,3795.7709779999996,96.0,120.0,217.28,0,0,0,216.0,0.4444444444444444,0.0,0,0.0
7,5,4566.272014999999,144.0,72.0,271.96,0,0,0,216.0,0.6666666666666666,0.0,0,0.0
8,5,4088.4764339749654,115.5192858446577,100.4807141553423,274.12,0,0,0,216.0,0.534811508540082,4.480714155342289,1,0.0
9,5,3869.1184120000003,144.0,72.0,324.96,0,0,0,216.0,0.6666666666666666,0.0,0,0.0
10,5,4619.787926036336,138.1597351815951,77.8402648184049,323.76,0,0,0,216.0,0.6396284036184958,5.840264818404895,1,0.0
11,5,4183.227794203686,144.0,72.0,267.40000000000003,1,0,0,216.0,0.6666666666666666,0.0,0,0.0
12,5,3756.849988779084,192.0,24.0,324.24,0,0,3,216.0,0.8888888888888888,0.0,0,0.0
13,5,3807.4501936231914,142.8564076263949,73.14359237360509,270.52,0,0,0,216.0,0.661372257529606,1.1435923736050797,1,1.8
14,5,3232.519130023191,144.0,72.0,271.24,0,0,2,216.0,0.6666666666666666,0.0,0,0.0
15,5,2554.5920706400557,144.0,72.0,269.56,0,0,1,216.0,0.6666666666666666,0.0,0,0.0
16,5,4852.231980299999,168.0,48.0,376.76,0,0,1,216.0,0.7777777777777778,0.0,0,0.0
17,5,3580.1072609870166,140.1540004056531,75.84599959434689,214.15999999999997,0,0,0,216.0,0.6488611129891347,3.8459995943469,1,0.0
18,5,4557.191231109364,137.85103058167462,78.14896941832538,323.52,0,0,1,216.0,0.638199215655901,6.148969418325375,1,0.0
19,5,4860.333878122347,168.0,48.0,325.44,0,0,1,216.0,0.7777777777777778,0.0,0,0.0
20,5,4920.653187999999,168.0,48.0,322.08000000000004,0,0,0,216.0,0.7777777777777778,0.0,0,0.0
21,5,4458.501877999999,168.0,48.0,323.04,0,0,0,216.0,0.7777777777777778,0.0,0,0.0
22,5,1847.662005,72.0,144.0,161.4,0,0,0,216.0,0.3333333333333333,0.0,0,0.0
23,5,1476.6580459999998,72.0,144.0,163.56,0,0,0,216.0,0.3333333333333333,0.0,0,0.0
24,5,1741.423715,96.0,120.0,217.52,0,0,2,216.0,0.4444444444444444,0.0,0,0.0
25,5,2106.1003842673563,96.0,120.0,217.28000000000003,0,0,2,216.0,0.4444444444444444,0.0,0,0.0
26,5,1598.2504766992542,96.0,120.0,217.04000000000002,0,0,0,216.0,0.4444444444444444,0.0,0,0.0
27,5,2122.1587990762496,111.44133233187992,104.55866766812008,269.08,0,0,1,216.0,0.5159320941290737,8.558667668120082,2,0.0
28,5,2988.433085686672,117.24149749255206,98.75850250744794,268.6,0,0,1,216.0,0.542784710613667,2.7585025074479432,1,0.0
29,5,2013.2751440000002,120.0,96.0,271.96000000000004,0,0,1,216.0,0.5555555555555556,0.0,0,0.0
30,5,1855.00662147079,72.0,144.0,163.08,0,0,1,216.0,0.3333333333333333,0.0,0,0.0
31,5,2253.2334854707897,96.0,120.0,217.28,0,0,2,216.0,0.4444444444444444,0.0,0,0.0
32,5,2789.199092201049,116.82116690451397,99.17883309548603,163.32,0,0,0,216.0,0.5408387356690462,3.178833095486029,1,0.0
33,5,3061.894896,120.0,96.0,273.64,0,0,1,216.0,0.5555555555555556,0.0,0,0.0
34,5,2601.7746891096667,96.0,120.0,218.24,0,0,1,216.0,0.4444444444444444,0.0,0,0.0
35,5,3031.522435969604,144.0,72.0,323.52,0,0,3,216.0,0.6666666666666666,0.0,0,0.0
36,5,2375.840009702307,142.88254538243282,73.11745461756718,324.24,0,0,0,216.0,0.6614932656594112,1.1174546175671738,1,1.8
37,5,1765.9209862,96.0,120.0,214.4,0,0,0,216.0,0.4444444444444444,0.0,0,1.2
38,5,779.2926364310015,68.37404368806344,147.62595631193656,162.84,0,0,1,216.0,0.31654649855584926,3.625956311936568,1,0.0
39,5,1217.210302999999,72.0,144.0,162.12,0,0,0,216.0,0.3333333333333333,0.0,0,0.0
40,5,1973.8225779045824,120.0,96.0,216.56,0,0,2,216.0,0.5555555555555556,0.0,0,0.0
41,5,2211.8731519987714,120.0,96.0,269.56,0,0,3,216.0,0.5555555555555556,0.0,0,0.0
42,5,2343.4778452,120.0,96.0,269.32,0,0,1,216.0,0.5555555555555556,0.0,0,0.0
1,6,2476.322873,48.0,168.0,0.0,0,0,0,216.0,0.2222222222222222,0.0,0,0.0
2,6,3549.684718,72.0,144.0,107.19999999999999,0,0,0,216.0,0.3333333333333333,0.0,0,0.0
3,6,3895.941154,120.0,96.0,160.68,0,0,0,216.0,0.5555555555555556,0.0,0,0.0
4,6,4020.7597178600345,113.88431814283592,102.11568185716408,216.32,0,0,0,216.0,0.5272422136242404,6.115681857164086,1,0.0
5,6,3669.656462,96.0,120.0,161.64000000000001,0,0,0,216.0,0.4444444444444444,0.0,0,0.0
6,6,3795.7709779999996,96.0,120.0,217.28,0,0,0,216.0,0.4444444444444444,0.0,0,0.0
7,6,4566.272014999999,144.0,72.0,271.96,0,0,0,216.0,0.6666666666666666,0.0,0,0.0
8,6,4364.906886,120.0,96.0,274.12,0,0,0,216.0,0.5555555555555556,0.0,0,0.0
9,6,3869.1184120000003,144.0,72.0,324.96,0,0,0,216.0,0.6666666666666666,0.0,0,0.0
10,6,4936.008722,144.0,72.0,323.76,0,0,0,216.0,0.6666666666666666,0.0,0,0.0
11,6,3296.7442752999996,144.0,72.0,267.40000000000003,0,0,0,216.0,0.6666666666666666,0.0,0,1.8
12,6,3562.7399136,192.0,24.0,324.24,0,0,0,216.0,0.8888888888888888,0.0,0,2.4
13,6,4955.178220943963,141.6861403230193,74.31385967698071,270.52,0,0,1,216.0,0.6559543533473116,2.313859676980715,1,0.0
14,6,3450.0541549999994,144.0,72.0,271.24,0,0,0,216.0,0.6666666666666666,0.0,0,0.0
15,6,2795.143882000001,144.0,72.0,269.56,0,0,0,216.0,0.6666666666666666,0.0,0,0.0
16,6,4936.595416,168.0,48.0,376.76,0,0,0,216.0,0.7777777777777778,0.0,0,0.0
17,6,3667.8019889999996,144.0,72.0,214.15999999999997,0,0,0,216.0,0.6666666666666666,0.0,0,0.0
18,6,4865.358564498367,138.28789597671482,77.71210402328518,323.52,0,0,0,216.0,0.640221740632939,5.712104023285173,1,0.0
19,6,4898.695714,168.0,48.0,325.44,0,0,0,216.0,0.7777777777777778,0.0,0,0.0
20,6,4700.924713497622,162.3730593503186,53.62694064968139,322.08000000000004,0,0,0,216.0,0.7517271266218454,5.626940649681391,1,0.0
21,6,4458.501877999999,168.0,48.0,323.04,0,0,0,216.0,0.7777777777777778,0.0,0,0.0
22,6,1847.662005,72.0,144.0,161.4,0,0,0,216.0,0.3333333333333333,0.0,0,0.0
23,6,1033.6606321999998,72.0,144.0,163.56,0,0,0,216.0,0.3333333333333333,0.0,0,0.8999999999999999
24,6,1863.0864017662511,90.09635263165416,125.90364736834584,217.52,0,0,0,216.0,0.4171127436650655,5.903647368345842,1,0.0
25,6,2229.988125268628,96.0,120.0,217.28000000000003,0,0,1,216.0,0.4444444444444444,0.0,0,0.0
26,6,2116.368224,96.0,120.0,217.04000000000002,0,0,0,216.0,0.4444444444444444,0.0,0,0.0
27,6,2259.1231847070417,120.0,96.0,269.08,0,0,0,216.0,0.5555555555555556,0.0,0,0.0
28,6,3242.177817,120.0,96.0,268.6,0,0,0,216.0,0.5555555555555556,0.0,0,0.0
29,6,2028.6474581355508,118.17510483350125,97.82489516649875,271.96000000000004,0,0,1,216.0,0.5471069668217651,1.8248951664987496,1,0.0
30,6,1603.3557569,72.0,144.0,163.08,0,0,1,216.0,0.3333333333333333,0.0,0,0.0
31,6,2466.270946999999,96.0,120.0,217.28,0,0,0,216.0,0.4444444444444444,0.0,0,0.0
32,6,2859.649442,120.0,96.0,163.32,0,0,0,216.0,0.5555555555555556,0.0,0,0.0
33,6,2255.3190863,120.0,96.0,273.64,0,0,0,216.0,0.5555555555555556,0.0,0,1.5
34,6,2709.5988327405885,93.33207983957617,122.66792016042383,218.24,0,0,0,216.0,0.43209296222026006,2.667920160423837,1,0.0
35,6,2387.1080569,144.0,72.0,323.52,0,0,0,216.0,0.6666666666666666,0.0,0,1.8
36,6,3186.5019434999995,144.0,72.0,324.24,0,0,2,216.0,0.6666666666666666,0.0,0,0.0
37,6,2522.7442659999997,96.0,120.0,214.4,0,0,0,216.0,0.4444444444444444,0.0,0,0.0
38,6,1181.7506870000002,72.0,144.0,162.84,0,0,0,216.0,0.3333333333333333,0.0,0,0.0
39,6,1198.615933211287,69.28208919555782,146.71791080444217,162.12,0,0,0,216.0,0.3207504129423973,2.7179108044421847,1,0.0
40,6,2050.2769759999983,120.0,96.0,216.56,0,0,0,216.0,0.5555555555555556,0.0,0,0.0
41,6,2229.084615172934,120.0,96.0,269.56,0,0,0,216.0,0.5555555555555556,0.0,0,0.0
42,6,2274.3448599041303,118.92429945642219,97.07570054357781,269.32,0,0,1,216.0,0.550575460446399,1.0757005435778062,1,0.0
1,7,2476.322873,48.0,168.0,0.0,0,0,0,216.0,0.2222222222222222,0.0,0,0.0
2,7,3549.684718,72.0,144.0,107.19999999999999,0,0,0,216.0,0.3333333333333333,0.0,0,0.0
3,7,3654.7265444743402,112.96206697457848,103.03793302542152,160.68,0,0,0,216.0,0.5229725322897152,7.03793302542152,2,0.0
4,7,3920.329920184313,120.0,96.0,216.32,0,0,0,216.0,0.5555555555555556,0.0,0,0.0
5,7,3616.1060719526004,92.8626686685644,123.1373313314356,161.64000000000001,0,0,0,216.0,0.4299197623544648,3.137331331435599,1,0.0
6,7,3795.7709779999996,96.0,120.0,217.28,0,0,0,216.0,0.4444444444444444,0.0,0,0.0
7,7,4277.726213131657,144.0,72.0,271.96,0,0,0,216.0,0.6666666666666666,0.0,0,0.0
8,7,4208.092053131657,120.0,96.0,274.12,0,0,1,216.0,0.5555555555555556,0.0,0,0.0
9,7,3773.6831551316573,144.0,72.0,324.96,0,0,1,216.0,0.6666666666666666,0.0,0,0.0
10,7,4936.008722,144.0,72.0,323.76,0,0,0,216.0,0.6666666666666666,0.0,0,0.0
11,7,4709.634679,144.0,72.0,267.40000000000003,1,0,0,216.0,0.6666666666666666,0.0,0,0.0
12,7,5012.898142161794,192.0,24.0,324.24,0,0,1,216.0,0.8888888888888888,0.0,0,0.0
13,7,5483.204742000001,144.0,72.0,270.52,0,0,0,216.0,0.6666666666666666,0.0,0,0.0
14,7,2961.095925886917,135.53412221467454,80.46587778532546,271.24,0,0,0,216.0,0.6274727880309007,8.465877785325448,2,0.0
15,7,2675.683283652479,144.0,72.0,269.56,0,0,1,216.0,0.6666666666666666,0.0,0,0.0
16,7,3455.6167912,168.0,48.0,376.76,0,0,0,216.0,0.7777777777777778,0.0,0,2.1
17,7,3621.8154255525387,141.67520387496688,74.32479612503312,214.15999999999997,0,0,0,216.0,0.6559037216433652,2.3247961250331133,1,0.0
18,7,3474.0000119999995,144.0,72.0,323.52,0,0,0,216.0,0.6666666666666666,0.0,0,1.8
19,7,4898.695714,168.0,48.0,325.44,0,0,0,216.0,0.7777777777777778,0.0,0,0.0
20,7,4920.653187999999,168.0,48.0,322.08000000000004,0,0,0,216.0,0.7777777777777778,0.0,0,0.0
21,7,4458.501877999999,168.0,48.0,323.04,0,0,0,216.0,0.7777777777777778,0.0,0,0.0
22,7,1847.662005,72.0,144.0,161.4,0,0,0,216.0,0.3333333333333333,0.0,0,0.0
23,7,1404.521941712547,72.0,144.0,163.56,0,0,1,216.0,0.3333333333333333,0.0,0,0.0
24,7,1678.2357898125474,96.0,120.0,217.52,0,0,2,216.0,0.4444444444444444,0.0,0,0.0
25,7,1500.385514312547,96.0,120.0,217.28000000000003,0,0,2,216.0,0.4444444444444444,0.0,0,1.2
26,7,1964.9880947999998,96.0,120.0,217.04000000000002,0,0,1,216.0,0.4444444444444444,0.0,0,0.0
27,7,2278.6179826690764,120.0,96.0,269.08,0,0,1,216.0,0.5555555555555556,0.0,0,0.0
28,7,3242.177817,120.0,96.0,268.6,0,0,0,216.0,0.5555555555555556,0.0,0,0.0
29,7,2353.211702,120.0,96.0,271.96000000000004,0,0,0,216.0,0.5555555555555556,0.0,0,0.0
30,7,1821.315931,72.0,144.0,163.08,0,0,1,216.0,0.3333333333333333,0.0,0,0.0
31,7,2363.255291899999,96.0,120.0,217.28,0,0,1,216.0,0.4444444444444444,0.0,0,0.0
32,7,2001.7546094,120.0,96.0,163.32,0,0,0,216.0,0.5555555555555556,0.0,0,1.5
33,7,3019.9504423468525,113.59348170397449,102.40651829602551,273.64,0,0,0,216.0,0.5258957486295115,6.406518296025505,2,0.0
34,7,2770.4315309999997,96.0,120.0,218.24,0,0,0,216.0,0.4444444444444444,0.0,0,0.0
35,7,2338.749131846278,144.0,72.0,323.52,0,0,0,216.0,0.6666666666666666,0.0,0,0.0
36,7,2704.2245418268276,139.57660980095972,76.42339019904028,324.24,1,0,1,216.0,0.6461880083377765,4.42339019904028,1,0.0
37,7,2423.7801436747714,96.0,120.0,214.4,0,0,1,216.0,0.4444444444444444,0.0,0,0.0
38,7,827.2254809000001,72.0,144.0,162.84,0,0,0,216.0,0.3333333333333333,0.0,0,0.8999999999999999
39,7,597.6978726000001,72.0,144.0,162.12,0,0,2,216.0,0.3333333333333333,0.0,0,0.0
40,7,1128.3716832211323,120.0,96.0,216.56,0,0,3,216.0,0.5555555555555556,0.0,0,1.5
41,7,1505.672472163562,120.0,96.0,269.56,0,0,3,216.0,0.5555555555555556,0.0,0,0.0
42,7,2288.700152853944,120.0,96.0,269.32,0,0,2,216.0,0.5555555555555556,0.0,0,0.0
1,8,2476.322873,48.0,168.0,0.0,0,0,0,216.0,0.2222222222222222,0.0,0,0.0
2,8,3549.684718,72.0,144.0,107.19999999999999,0,0,0,216.0,0.3333333333333333,0.0,0,0.0
3,8,3895.941154,120.0,96.0,160.68,0,0,0,216.0,0.5555555555555556,0.0,0,0.0
4,8,2958.9477477,120.0,96.0,216.32,0,0,0,216.0,0.5555555555555556,0.0,0,1.5
5,8,3603.1237729000004,96.0,120.0,161.64000000000001,0,0,1,216.0,0.4444444444444444,0.0,0,0.0
6,8,3621.4851370087636,92.86058472035974,123.13941527964026,217.28,0,0,0,216.0,0.4299101144461099,3.1394152796402603,1,0.0
7,8,4334.692469994914,144.0,72.0,271.96,0,0,0,216.0,0.6666666666666666,0.0,0,0.0
8,8,4140.889524872906,116.28613076313947,99.71386923686053,274.12,0,0,1,216.0,0.538361716496016,3.713869236860529,1,0.0
9,8,3830.6494119949148,144.0,72.0,324.96,0,0,1,216.0,0.6666666666666666,0.0,0,0.0
10,8,4936.008722,144.0,72.0,323.76,0,0,0,216.0,0.6666666666666666,0.0,0,0.0
11,8,4549.454554249911,140.69745762886407,75.30254237113593,267.40000000000003,1,0,0,216.0,0.6513771186521485,3.3025423711359236,1,0.0
12,8,5089.628448,192.0,24.0,324.24,0,0,0,216.0,0.8888888888888888,0.0,0,0.0
13,8,5483.204742000001,144.0,72.0,270.52,0,0,0,216.0,0.6666666666666666,0.0,0,0.0
14,8,3346.0004701527523,140.62355398079984,75.37644601920016,271.24,0,0,0,216.0,0.6510349721333326,3.3764460192001646,1,0.0
15,8,2494.431622919141,144.0,72.0,269.56,0,0,1,216.0,0.6666666666666666,0.0,0,0.0
16,8,4696.76371209922,164.13075147749083,51.86924852250917,376.76,0,0,1,216.0,0.7598645901735687,3.869248522509153,1,0.0
17,8,3667.8019889999996,144.0,72.0,214.15999999999997,0,0,0,216.0,0.6666666666666666,0.0,0,0.0
18,8,4962.8571600000005,144.0,72.0,323.52,0,0,0,216.0,0.6666666666666666,0.0,0,0.0
19,8,4789.229373577697,161.65039108606587,54.349608913934134,325.44,0,0,0,216.0,0.7483814402132679,6.349608913934141,1,0.0
20,8,4751.626056008763,168.0,48.0,322.08000000000004,0,0,1,216.0,0.7777777777777778,0.0,0,0.0
21,8,3940.560229772883,168.0,48.0,323.04,0,0,0,216.0,0.7777777777777778,0.0,0,0.0
22,8,1847.662005,72.0,144.0,161.4,0,0,0,216.0,0.3333333333333333,0.0,0,0.0
23,8,1284.0486400464688,68.91703346112635,147.08296653887365,163.56,0,0,1,216.0,0.3190603400978072,3.0829665388736442,1,0.0
24,8,2001.9549060464687,96.0,120.0,217.52,0,0,1,216.0,0.4444444444444444,0.0,0,0.0
25,8,2186.704810046469,96.0,120.0,217.28000000000003,0,0,1,216.0,0.4444444444444444,0.0,0,0.0
26,8,1481.4577568,96.0,120.0,217.04000000000002,0,0,0,216.0,0.4444444444444444,0.0,0,1.2
27,8,1943.5472818999997,120.0,96.0,269.08,0,0,0,216.0,0.5555555555555556,0.0,0,1.5
28,8,3220.7334669999996,120.0,96.0,268.6,0,0,1,216.0,0.5555555555555556,0.0,0,0.0
29,8,2125.865563424944,120.0,96.0,271.96000000000004,0,0,1,216.0,0.5555555555555556,0.0,0,0.0
30,8,1436.3578240882005,72.0,144.0,163.08,0,0,0,216.0,0.3333333333333333,0.0,0,0.0
31,8,2360.5376545999998,96.0,120.0,217.28,0,0,1,216.0,0.4444444444444444,0.0,0,0.0
32,8,2790.822991276082,116.89443984266367,99.10556015733633,163.32,0,0,0,216.0,0.541177962234554,3.1055601573363276,1,0.0
33,8,3221.884409,120.0,96.0,273.64,0,0,0,216.0,0.5555555555555556,0.0,0,0.0
34,8,2605.0526468663875,96.0,120.0,218.24,0,0,1,216.0,0.4444444444444444,0.0,0,0.0
35,8,2881.6771608663876,144.0,72.0,323.52,0,0,2,216.0,0.6666666666666666,0.0,0,0.0
36,8,3437.9334138663876,144.0,72.0,324.24,0,0,1,216.0,0.6666666666666666,0.0,0,0.0
37,8,2522.7442659999997,96.0,120.0,214.4,0,0,0,216.0,0.4444444444444444,0.0,0,0.0
38,8,1110.1331870047059,72.0,144.0,162.84,0,0,0,216.0,0.3333333333333333,0.0,0,0.0
39,8,756.4429314833643,72.0,144.0,162.12,0,0,1,216.0,0.3333333333333333,0.0,0,0.8999999999999999
40,8,1943.6970942239168,120.0,96.0,216.56,0,0,2,216.0,0.5555555555555556,0.0,0,0.0
41,8,2434.7684089999993,120.0,96.0,269.56,0,0,0,216.0,0.5555555555555556,0.0,0,0.0
42,8,2367.2296275999997,120.0,96.0,269.32,0,0,1,216.0,0.5555555555555556,0.0,0,0.0
1,9,2476.322873,48.0,168.0,0.0,0,0,0,216.0,0.2222222222222222,0.0,0,0.0
2,9,3549.684718,72.0,144.0,107.19999999999999,0,0,0,216.0,0.3333333333333333,0.0,0,0.0
3,9,2727.1588077999995,120.0,96.0,160.68,0,0,0,216.0,0.5555555555555556,0.0,0,1.5
4,9,3265.3620972665685,120.0,96.0,216.32,0,0,1,216.0,0.5555555555555556,0.0,0,0.0
5,9,3669.656462,96.0,120.0,161.64000000000001,0,0,0,216.0,0.4444444444444444,0.0,0,0.0
6,9,2528.9646735207225,92.32450788211547,123.67549211788453,217.28,0,0,0,216.0,0.42742827723201604,3.6754921178845263,1,1.2
7,9,4320.110153999999,144.0,72.0,271.96,0,0,2,216.0,0.6666666666666666,0.0,0,0.0
8,9,4364.906886,120.0,96.0,274.12,0,0,0,216.0,0.5555555555555556,0.0,0,0.0
9,9,3869.1184120000003,144.0,72.0,324.96,0,0,0,216.0,0.6666666666666666,0.0,0,0.0
10,9,4467.992839346367,144.0,72.0,323.76,0,0,0,216.0,0.6666666666666666,0.0,0,0.0
11,9,4487.578301920722,144.0,72.0,267.40000000000003,1,0,1,216.0,0.6666666666666666,0.0,0,0.0
12,9,4675.992800720723,192.0,24.0,324.24,0,0,2,216.0,0.8888888888888888,0.0,0,0.0
13,9,5410.876675920723,144.0,72.0,270.52,0,0,1,216.0,0.6666666666666666,0.0,0,0.0
14,9,3450.0541549999994,144.0,72.0,271.24,0,0,0,216.0,0.6666666666666666,0.0,0,0.0
15,9,2795.143882000001,144.0,72.0,269.56,0,0,0,216.0,0.6666666666666666,0.0,0,0.0
16,9,4852.231980299999,168.0,48.0,376.76,0,0,1,216.0,0.7777777777777778,0.0,0,0.0
17,9,2567.4613923000006,144.0,72.0,214.15999999999997,0,0,0,216.0,0.6666666666666666,0.0,0,1.8
18,9,4735.253226500001,144.0,72.0,323.52,0,0,2,216.0,0.6666666666666666,0.0,0,0.0
19,9,4898.695714,168.0,48.0,325.44,0,0,0,216.0,0.7777777777777778,0.0,0,0.0
20,9,4657.334575999999,168.0,48.0,322.08000000000004,0,0,1,216.0,0.7777777777777778,0.0,0,0.0
21,9,4316.295433899999,168.0,48.0,323.04,0,0,1,216.0,0.7777777777777778,0.0,0,0.0
22,9,1847.662005,72.0,144.0,161.4,0,0,0,216.0,0.3333333333333333,0.0,0,0.0
23,9,999.195974,72.0,144.0,163.56,0,0,1,216.0,0.3333333333333333,0.0,0,0.0
24,9,1417.4035017,96.0,120.0,217.52,0,0,2,216.0,0.4444444444444444,0.0,0,0.0
25,9,1564.5767507,96.0,120.0,217.28000000000003,0,0,2,216.0,0.4444444444444444,0.0,0,0.0
26,9,2116.368224,96.0,120.0,217.04000000000002,0,0,0,216.0,0.4444444444444444,0.0,0,0.0
27,9,2776.496117,120.0,96.0,269.08,0,0,0,216.0,0.5555555555555556,0.0,0,0.0
28,9,3242.177817,120.0,96.0,268.6,0,0,0,216.0,0.5555555555555556,0.0,0,0.0
29,9,2353.211702,120.0,96.0,271.96000000000004,0,0,0,216.0,0.5555555555555556,0.0,0,0.0
30,9,1324.2753503,72.0,144.0,163.08,0,0,0,216.0,0.3333333333333333,0.0,0,0.8999999999999999
31,9,2313.767821199999,96.0,120.0,217.28,0,0,2,216.0,0.4444444444444444,0.0,0,0.0
32,9,2859.649442,120.0,96.0,163.32,0,0,0,216.0,0.5555555555555556,0.0,0,0.0
33,9,3052.9221888286934,115.2730323253734,100.7269676746266,273.64,0,0,1,216.0,0.5336714459508028,4.726967674626595,1,0.0
34,9,2534.2224561,96.0,120.0,218.24,0,0,1,216.0,0.4444444444444444,0.0,0,0.0
35,9,3014.953311099999,144.0,72.0,323.52,0,0,2,216.0,0.6666666666666666,0.0,0,0.0
36,9,3367.1032231,144.0,72.0,324.24,0,0,1,216.0,0.6666666666666666,0.0,0,0.0
37,9,1521.240919666568,96.0,120.0,214.4,0,0,1,216.0,0.4444444444444444,0.0,0,1.2
38,9,1181.7506870000002,72.0,144.0,162.84,0,0,0,216.0,0.3333333333333333,0.0,0,0.0
39,9,1217.210302999999,72.0,144.0,162.12,0,0,0,216.0,0.3333333333333333,0.0,0,0.0
40,9,1944.2336805193952,115.21515594755547,100.78484405244453,216.56,0,0,0,216.0,0.5334034997572012,4.784844052444521,1,0.0
41,9,2434.7684089999993,120.0,96.0,269.56,0,0,0,216.0,0.5555555555555556,0.0,0,0.0
42,9,1751.8041713463674,120.0,96.0,269.32,0,0,2,216.0,0.5555555555555556,0.0,0,0.0
1,10,2476.322873,48.0,168.0,0.0,0,0,0,216.0,0.2222222222222222,0.0,0,0.0
2,10,3549.684718,72.0,144.0,107.19999999999999,0,0,0,216.0,0.3333333333333333,0.0,0,0.0
3,10,3895.941154,120.0,96.0,160.68,0,0,0,216.0,0.5555555555555556,0.0,0,0.0
4,10,3981.3103902359444,120.0,96.0,216.32,0,0,0,216.0,0.5555555555555556,0.0,0,0.0
5,10,3645.8321242359452,96.0,120.0,161.64000000000001,0,0,1,216.0,0.4444444444444444,0.0,0,0.0
6,10,3795.7709779999996,96.0,120.0,217.28,0,0,0,216.0,0.4444444444444444,0.0,0,0.0
7,10,4566.272014999999,144.0,72.0,271.96,0,0,0,216.0,0.6666666666666666,0.0,0,0.0
8,10,4024.6683653546174,115.24241296462198,100.75758703537802,274.12,0,0,0,216.0,0.5335296896510276,4.757587035378023,1,0.0
9,10,3590.259467354618,144.0,72.0,324.96,0,0,2,216.0,0.6666666666666666,0.0,0,0.0
10,10,4704.250530286223,144.0,72.0,323.76,0,0,2,216.0,0.6666666666666666,0.0,0,0.0
11,10,4477.876487286222,144.0,72.0,267.40000000000003,0,0,1,216.0,0.6666666666666666,0.0,0,0.0
12,10,5011.3153464928755,189.2656227065954,26.734377293404606,324.24,0,0,0,216.0,0.8762297347527565,2.7343772934046005,1,0.0
13,10,5483.204742000001,144.0,72.0,270.52,0,0,0,216.0,0.6666666666666666,0.0,0,0.0
14,10,3450.0541549999994,144.0,72.0,271.24,0,0,0,216.0,0.6666666666666666,0.0,0,0.0
15,10,2510.6987126276217,144.0,72.0,269.56,0,0,0,216.0,0.6666666666666666,0.0,0,0.0
16,10,3455.6167912,168.0,48.0,376.76,0,0,0,216.0,0.7777777777777778,0.0,0,2.1
17,10,3588.6421865553903,144.0,72.0,214.15999999999997,0,0,0,216.0,0.6666666666666666,0.0,0,0.0
18,10,4962.8571600000005,144.0,72.0,323.52,0,0,0,216.0,0.6666666666666666,0.0,0,0.0
19,10,4822.280362239881,164.78153030070808,51.218469699291916,325.44,0,0,0,216.0,0.7628774550958708,3.2184696992919304,1,0.0
20,10,4920.653187999999,168.0,48.0,322.08000000000004,0,0,0,216.0,0.7777777777777778,0.0,0,0.0
21,10,4458.501877999999,168.0,48.0,323.04,0,0,0,216.0,0.7777777777777778,0.0,0,0.0
22,10,1847.662005,72.0,144.0,161.4,0,0,0,216.0,0.3333333333333333,0.0,0,0.0
23,10,1039.0855660553905,72.0,144.0,163.56,0,0,1,216.0,0.3333333333333333,0.0,0,0.0
24,10,1833.4071838155105,96.0,120.0,217.52,0,0,2,216.0,0.4444444444444444,0.0,0,0.0
25,10,1941.7417360553907,96.0,120.0,217.28000000000003,0,0,2,216.0,0.4444444444444444,0.0,0,0.0
26,10,2116.368224,96.0,120.0,217.04000000000002,0,0,0,216.0,0.4444444444444444,0.0,0,0.0
27,10,2685.8469697061832,115.18633349288262,100.81366650711738,269.08,0,0,0,216.0,0.5332700624670492,4.813666507117381,1,0.0
28,10,3242.177817,120.0,96.0,268.6,0,0,0,216.0,0.5555555555555556,0.0,0,0.0
29,10,2131.2782190000003,120.0,96.0,271.96000000000004,0,0,1,216.0,0.5555555555555556,0.0,0,0.0
30,10,1646.0641082359452,72.0,144.0,163.08,0,0,1,216.0,0.3333333333333333,0.0,0,0.0
31,10,2044.2288772668105,96.0,120.0,217.28,0,0,0,216.0,0.4444444444444444,0.0,0,0.0
32,10,2001.7546094,120.0,96.0,163.32,0,0,0,216.0,0.5555555555555556,0.0,0,1.5
33,10,3221.884409,120.0,96.0,273.64,0,0,0,216.0,0.5555555555555556,0.0,0,0.0
34,10,2485.9863616276207,96.0,120.0,218.24,0,0,1,216.0,0.4444444444444444,0.0,0,0.0
35,10,3125.7091976276206,144.0,72.0,323.52,0,0,1,216.0,0.6666666666666666,0.0,0,0.0
36,10,3318.867128627621,144.0,72.0,324.24,0,0,1,216.0,0.6666666666666666,0.0,0,0.0
37,10,2241.822274399501,96.0,120.0,214.4,0,0,0,216.0,0.4444444444444444,0.0,0,0.0
38,10,1042.8890477995008,72.0,144.0,162.84,0,0,1,216.0,0.3333333333333333,0.0,0,0.0
39,10,1217.210302999999,72.0,144.0,162.12,0,0,0,216.0,0.3333333333333333,0.0,0,0.0
40,10,2050.2769759999983,120.0,96.0,216.56,0,0,0,216.0,0.5555555555555556,0.0,0,0.0
41,10,1875.3920334552513,120.0,96.0,269.56,0,0,0,216.0,0.5555555555555556,0.0,0,0.0
42,10,2598.727282,120.0,96.0,269.32,0,0,1,216.0,0.5555555555555556,0.0,0,0.0
1,11,1547.1989489666648,48.0,168.0,0.0,0,0,0,216.0,0.2222222222222222,0.0,0,0.6
2,11,3022.520436566665,72.0,144.0,107.19999999999999,0,0,1,216.0,0.3333333333333333,0.0,0,0.0
3,11,2640.6908435666646,120.0,96.0,160.68,0,0,1,216.0,0.5555555555555556,0.0,0,1.5
4,11,3989.8010177666647,114.90125616841075,101.09874383158925,216.32,0,0,2,216.0,0.5319502600389386,5.09874383158924,1,0.0
5,11,3669.656462,96.0,120.0,161.64000000000001,0,0,0,216.0,0.4444444444444444,0.0,0,0.0
6,11,2657.0396846,96.0,120.0,217.28,0,0,0,216.0,0.4444444444444444,0.0,0,1.2
7,11,4320.110153999999,144.0,72.0,271.96,0,0,2,216.0,0.6666666666666666,0.0,0,0.0
8,11,4364.906886,120.0,96.0,274.12,0,0,0,216.0,0.5555555555555556,0.0,0,0.0
9,11,3869.1184120000003,144.0,72.0,324.96,0,0,0,216.0,0.6666666666666666,0.0,0,0.0
10,11,4574.913407330877,140.01604915545812,75.98395084454188,323.76,0,0,0,216.0,0.6482224497937876,3.9839508445418668,2,0.0
11,11,4395.404582625384,144.0,72.0,267.40000000000003,0,0,2,216.0,0.6666666666666666,0.0,0,0.0
12,11,4228.815181619051,187.9314636166526,28.068536383347407,324.24,0,0,1,216.0,0.8700530722993176,4.06853638334739,1,0.0
13,11,5483.204742000001,144.0,72.0,270.52,0,0,0,216.0,0.6666666666666666,0.0,0,0.0
14,11,3450.0541549999994,144.0,72.0,271.24,0,0,0,216.0,0.6666666666666666,0.0,0,0.0
15,11,2795.143882000001,144.0,72.0,269.56,0,0,0,216.0,0.6666666666666666,0.0,0,0.0
16,11,4852.231980299999,168.0,48.0,376.76,0,0,1,216.0,0.7777777777777778,0.0,0,0.0
17,11,3667.8019889999996,144.0,72.0,214.15999999999997,0,0,0,216.0,0.6666666666666666,0.0,0,0.0
18,11,4817.475243000001,144.0,72.0,323.52,0,0,1,216.0,0.6666666666666666,0.0,0,0.0
19,11,4898.695714,168.0,48.0,325.44,0,0,0,216.0,0.7777777777777778,0.0,0,0.0
20,11,4481.2452891643,163.4905982562652,52.5094017437348,322.08000000000004,0,0,1,216.0,0.7569009178530797,4.509401743734793,1,0.0
21,11,4316.295433899999,168.0,48.0,323.04,0,0,1,216.0,0.7777777777777778,0.0,0,0.0
22,11,1847.662005,72.0,144.0,161.4,0,0,0,216.0,0.3333333333333333,0.0,0,0.0
23,11,999.195974,72.0,144.0,163.56,0,0,1,216.0,0.3333333333333333,0.0,0,0.0
24,11,1098.5504640999998,96.0,120.0,217.52,0,0,1,216.0,0.4444444444444444,0.0,0,1.2
25,11,1680.7709666846504,90.87930264669762,125.12069735330238,217.28000000000003,0,0,2,216.0,0.42073751225322975,5.120697353302368,1,0.0
26,11,2116.368224,96.0,120.0,217.04000000000002,0,0,0,216.0,0.4444444444444444,0.0,0,0.0
27,11,2646.766259974939,113.35387831424123,102.64612168575877,269.08,0,0,0,216.0,0.5247864736770427,6.646121685758769,2,0.0
28,11,2269.5244719,120.0,96.0,268.6,0,0,0,216.0,0.5555555555555556,0.0,0,1.5
29,11,1974.5705573547173,120.0,96.0,271.96000000000004,0,0,2,216.0,0.5555555555555556,0.0,0,0.0
30,11,1630.9058232036678,72.0,144.0,163.08,0,0,1,216.0,0.3333333333333333,0.0,0,0.0
31,11,2279.4512298410573,96.0,120.0,217.28,0,0,2,216.0,0.4444444444444444,0.0,0,0.0
32,11,2596.33083,120.0,96.0,163.32,0,0,1,216.0,0.5555555555555556,0.0,0,0.0
33,11,3079.6779649,120.0,96.0,273.64,0,0,1,216.0,0.5555555555555556,0.0,0,0.0
34,11,2448.181013634679,92.22650802030361,123.77349197969639,218.24,0,0,1,216.0,0.4269745741680723,3.7734919796963817,1,0.0
35,11,3173.9452920999997,144.0,72.0,323.52,0,0,1,216.0,0.6666666666666666,0.0,0,0.0
36,11,3241.1283771,144.0,72.0,324.24,0,0,2,216.0,0.6666666666666666,0.0,0,0.0
37,11,1453.9789185405289,96.0,120.0,214.4,0,0,1,216.0,0.4444444444444444,0.0,0,0.0
38,11,827.2254809000001,72.0,144.0,162.84,0,0,0,216.0,0.3333333333333333,0.0,0,0.8999999999999999
39,11,1164.8566175999995,72.0,144.0,162.12,0,0,1,216.0,0.3333333333333333,0.0,0,0.0
40,11,2039.7595579999986,120.0,96.0,216.56,0,0,1,216.0,0.5555555555555556,0.0,0,0.0
41,11,1794.080840965697,117.62038251351693,98.37961748648307,269.56,0,0,3,216.0,0.5445388079329487,2.3796174864830726,1,0.0
42,11,1801.8840363999998,120.0,96.0,269.32,0,0,1,216.0,0.5555555555555556,0.0,0,1.5
1,12,2476.322873,48.0,168.0,0.0,0,0,0,216.0,0.2222222222222222,0.0,0,0.0
2,12,3549.684718,72.0,144.0,107.19999999999999,0,0,0,216.0,0.3333333333333333,0.0,0,0.0
3,12,3895.941154,120.0,96.0,160.68,0,0,0,216.0,0.5555555555555556,0.0,0,0.0
4,12,4227.068211,120.0,96.0,216.32,0,0,0,216.0,0.5555555555555556,0.0,0,0.0
5,12,3669.656462,96.0,120.0,161.64000000000001,0,0,0,216.0,0.4444444444444444,0.0,0,0.0
6,12,3359.2979001335157,96.0,120.0,217.28,0,0,0,216.0,0.4444444444444444,0.0,0,0.0
7,12,2887.4268837112427,144.0,72.0,271.96,0,0,0,216.0,0.6666666666666666,0.0,0,1.8
8,12,4235.1904015,120.0,96.0,274.12,0,0,2,216.0,0.5555555555555556,0.0,0,0.0
9,12,3858.5385513,144.0,72.0,324.96,0,0,1,216.0,0.6666666666666666,0.0,0,0.0
10,12,4269.9284776131735,140.89232646736554,75.10767353263446,323.76,0,0,1,216.0,0.6522792892007664,3.107673532634454,1,0.0
11,12,4116.613040197537,140.12933473212664,75.87066526787336,267.40000000000003,0,0,2,216.0,0.6487469200561419,3.870665267873365,1,0.0
12,12,4633.263385835799,192.0,24.0,324.24,0,0,1,216.0,0.8888888888888888,0.0,0,0.0
13,12,5295.598075727161,139.19565418641074,76.80434581358926,270.52,0,0,0,216.0,0.6444243249370868,4.804345813589272,1,0.0
14,12,3450.0541549999994,144.0,72.0,271.24,0,0,0,216.0,0.6666666666666666,0.0,0,0.0
15,12,2795.143882000001,144.0,72.0,269.56,0,0,0,216.0,0.6666666666666666,0.0,0,0.0
16,12,4936.595416,168.0,48.0,376.76,0,0,0,216.0,0.7777777777777778,0.0,0,0.0
17,12,3667.8019889999996,144.0,72.0,214.15999999999997,0,0,0,216.0,0.6666666666666666,0.0,0,0.0
18,12,3474.0000119999995,144.0,72.0,323.52,0,0,0,216.0,0.6666666666666666,0.0,0,1.8
19,12,4898.695714,168.0,48.0,325.44,0,0,0,216.0,0.7777777777777778,0.0,0,0.0
20,12,4808.576378933515,168.0,48.0,322.08000000000004,0,0,1,216.0,0.7777777777777778,0.0,0,0.0
21,12,4337.2901599335155,168.0,48.0,323.04,0,0,1,216.0,0.7777777777777778,0.0,0,0.0
22,12,1847.662005,72.0,144.0,161.4,0,0,0,216.0,0.3333333333333333,0.0,0,0.0
23,12,1476.6580459999998,72.0,144.0,163.56,0,0,0,216.0,0.3333333333333333,0.0,0,0.0
24,12,1750.3718940999997,96.0,120.0,217.52,0,0,1,216.0,0.4444444444444444,0.0,0,0.0
25,12,1665.519951199999,96.0,120.0,217.28000000000003,0,0,0,216.0,0.4444444444444444,0.0,0,1.2
26,12,1870.9292360933027,88.49555055602295,127.50444944397705,217.04000000000002,0,0,1,216.0,0.4097016229445507,7.5044494439770455,2,0.0
27,12,2360.1347964674696,115.7478881296441,100.2521118703559,269.08,0,0,0,216.0,0.535869852452056,4.252111870355906,1,0.0
28,12,3242.177817,120.0,96.0,268.6,0,0,0,216.0,0.5555555555555556,0.0,0,0.0
29,12,2353.211702,120.0,96.0,271.96000000000004,0,0,0,216.0,0.5555555555555556,0.0,0,0.0
30,12,1324.2753503,72.0,144.0,163.08,0,0,0,216.0,0.3333333333333333,0.0,0,0.8999999999999999
31,12,2407.4198909355696,96.0,120.0,217.28,0,0,1,216.0,0.4444444444444444,0.0,0,0.0
32,12,2859.649442,120.0,96.0,163.32,0,0,0,216.0,0.5555555555555556,0.0,0,0.0
33,12,3221.884409,120.0,96.0,273.64,0,0,0,216.0,0.5555555555555556,0.0,0,0.0
34,12,2691.102493887282,91.98961469923807,124.01038530076193,218.24,0,0,0,216.0,0.4258778458298059,4.010385300761932,1,0.0
35,12,3121.63874934355,141.43636535992914,74.56363464007086,323.52,0,0,1,216.0,0.6547979877774497,2.5636346400708714,1,0.0
36,12,3305.1552599405104,144.0,72.0,324.24,0,0,2,216.0,0.6666666666666666,0.0,0,0.0
37,12,2522.7442659999997,96.0,120.0,214.4,0,0,0,216.0,0.4444444444444444,0.0,0,0.0
38,12,1157.5185570000008,72.0,144.0,162.84,0,0,1,216.0,0.3333333333333333,0.0,0,0.0
39,12,1188.556087,72.0,144.0,162.12,0,0,1,216.0,0.3333333333333333,0.0,0,0.0
40,12,1750.3743996438143,115.64451815667022,100.35548184332978,216.56,0,0,2,216.0,0.5353912877623621,4.35548184332978,1,0.0
41,12,1704.3378862999996,120.0,96.0,269.56,0,0,0,216.0,0.5555555555555556,0.0,0,1.5
42,12,2570.7319250618557,117.69257242140372,98.30742757859628,269.32,0,0,0,216.0,0.5448730204694617,2.307427578596275,1,0.0
1,13,2476.322873,48.0,168.0,0.0,0,0,0,216.0,0.2222222222222222,0.0,0,0.0
2,13,2484.7793026,72.0,144.0,107.19999999999999,0,0,0,216.0,0.3333333333333333,0.0,0,0.8999999999999999
3,13,3676.9196212,120.0,96.0,160.68,0,0,1,216.0,0.5555555555555556,0.0,0,0.0
4,13,4227.068211,120.0,96.0,216.32,0,0,0,216.0,0.5555555555555556,0.0,0,0.0
5,13,3669.656462,96.0,120.0,161.64000000000001,0,0,0,216.0,0.4444444444444444,0.0,0,0.0
6,13,3795.7709779999996,96.0,120.0,217.28,0,0,0,216.0,0.4444444444444444,0.0,0,0.0
7,13,4566.272014999999,144.0,72.0,271.96,0,0,0,216.0,0.6666666666666666,0.0,0,0.0
8,13,4364.906886,120.0,96.0,274.12,0,0,0,216.0,0.5555555555555556,0.0,0,0.0
9,13,2708.3828884,144.0,72.0,324.96,0,0,0,216.0,0.6666666666666666,0.0,0,1.8
10,13,4594.1994593,144.0,72.0,323.76,0,0,2,216.0,0.6666666666666666,0.0,0,0.0
11,13,4507.253524899999,144.0,72.0,267.40000000000003,0,0,1,216.0,0.6666666666666666,0.0,0,0.0
12,13,4877.1753742,192.0,24.0,324.24,0,0,1,216.0,0.8888888888888888,0.0,0,0.0
13,13,5318.313770000001,144.0,72.0,270.52,0,0,1,216.0,0.6666666666666666,0.0,0,0.0
14,13,3450.0541549999994,144.0,72.0,271.24,0,0,0,216.0,0.6666666666666666,0.0,0,0.0
15,13,2795.143882000001,144.0,72.0,269.56,0,0,0,216.0,0.6666666666666666,0.0,0,0.0
16,13,4010.7215499744198,163.4916644817933,52.50833551820671,376.76,0,0,0,216.0,0.7569058540823763,4.508335518206693,1,0.0
17,13,3643.931223590591,144.0,72.0,214.15999999999997,0,0,1,216.0,0.6666666666666666,0.0,0,0.0
18,13,3474.0000119999995,144.0,72.0,323.52,0,0,0,216.0,0.6666666666666666,0.0,0,1.8
19,13,4883.798723279608,167.1576363230309,48.842363676969086,325.44,0,0,0,216.0,0.773877945939958,0.8423636769690779,1,0.0
20,13,4920.653187999999,168.0,48.0,322.08000000000004,0,0,0,216.0,0.7777777777777778,0.0,0,0.0
21,13,4458.501877999999,168.0,48.0,323.04,0,0,0,216.0,0.7777777777777778,0.0,0,0.0
22,13,1847.662005,72.0,144.0,161.4,0,0,0,216.0,0.3333333333333333,0.0,0,0.0
23,13,1476.6580459999998,72.0,144.0,163.56,0,0,0,216.0,0.3333333333333333,0.0,0,0.0
24,13,2028.114958333289,87.31029172679158,128.68970827320842,217.52,0,0,0,216.0,0.404214313549961,8.689708273208428,2,0.0
25,13,1895.5478230799913,96.0,120.0,217.28000000000003,0,0,1,216.0,0.4444444444444444,0.0,0,0.0
26,13,1817.60637613327,91.47404545502198,124.52595454497802,217.04000000000002,0,0,1,216.0,0.4234909511806573,4.525954544978029,1,0.0
27,13,2639.8999129240183,120.0,96.0,269.08,0,0,2,216.0,0.5555555555555556,0.0,0,0.0
28,13,3155.3048750772,115.55492026829961,100.44507973170039,268.6,0,0,0,216.0,0.5349764827236093,4.445079731700397,1,0.0
29,13,1766.553612602928,120.0,96.0,271.96000000000004,0,0,1,216.0,0.5555555555555556,0.0,0,0.0
30,13,1762.7138309122963,72.0,144.0,163.08,0,0,2,216.0,0.3333333333333333,0.0,0,0.0
31,13,1887.183051106512,96.0,120.0,217.28,0,0,3,216.0,0.4444444444444444,0.0,0,0.0
32,13,2859.649442,120.0,96.0,163.32,0,0,0,216.0,0.5555555555555556,0.0,0,0.0
33,13,3212.7495,120.0,96.0,273.64,0,0,1,216.0,0.5555555555555556,0.0,0,0.0
34,13,2091.584920326449,91.55266537672142,124.44733462327858,218.24,0,0,0,216.0,0.4238549322996362,4.447334623278572,1,0.0
35,13,2819.280045002979,144.0,72.0,323.52,0,0,2,216.0,0.6666666666666666,0.0,0,0.0
36,13,2886.4631300029787,144.0,72.0,324.24,0,0,3,216.0,0.6666666666666666,0.0,0,0.0
37,13,2522.7442659999997,96.0,120.0,214.4,0,0,0,216.0,0.4444444444444444,0.0,0,0.0
38,13,1181.7506870000002,72.0,144.0,162.84,0,0,0,216.0,0.3333333333333333,0.0,0,0.0
39,13,645.6294720000002,72.0,144.0,162.12,0,0,2,216.0,0.3333333333333333,0.0,0,0.0
40,13,1586.021311194216,120.0,96.0,216.56,0,0,4,216.0,0.5555555555555556,0.0,0,0.0
41,13,1336.3478963942157,120.0,96.0,269.56,0,0,3,216.0,0.5555555555555556,0.0,0,0.0
42,13,1827.0818145999997,120.0,96.0,269.32,0,0,0,216.0,0.5555555555555556,0.0,0,1.5
1,14,2476.322873,48.0,168.0,0.0,0,0,0,216.0,0.2222222222222222,0.0,0,0.0
2,14,3123.2699736670775,72.0,144.0,107.19999999999999,0,0,0,216.0,0.3333333333333333,0.0,0,0.0
3,14,3855.4718006670773,120.0,96.0,160.68,0,0,1,216.0,0.5555555555555556,0.0,0,0.0
4,14,4227.068211,120.0,96.0,216.32,0,0,0,216.0,0.5555555555555556,0.0,0,0.0
5,14,3669.656462,96.0,120.0,161.64000000000001,0,0,0,216.0,0.4444444444444444,0.0,0,0.0
6,14,3795.7709779999996,96.0,120.0,217.28,0,0,0,216.0,0.4444444444444444,0.0,0,0.0
7,14,4344.758556700673,134.00495647861283,81.99504352138717,271.96,0,0,0,216.0,0.620393317030615,9.995043521387185,2,0.0
8,14,4037.741146727613,115.96672373331819,100.03327626668181,274.12,0,0,0,216.0,0.5368829802468434,4.033276266681805,1,0.0
9,14,3869.1184120000003,144.0,72.0,324.96,0,0,0,216.0,0.6666666666666666,0.0,0,0.0
10,14,4936.008722,144.0,72.0,323.76,0,0,0,216.0,0.6666666666666666,0.0,0,0.0
11,14,4542.9859706894285,140.5640904503639,75.43590954963611,267.40000000000003,1,0,0,216.0,0.6507596780109439,3.4359095496361016,1,0.0
12,14,4980.968432984537,188.1591116409105,27.84088835908949,324.24,0,0,0,216.0,0.8711069983375487,3.8408883590894733,1,0.0
13,14,5483.204742000001,144.0,72.0,270.52,0,0,0,216.0,0.6666666666666666,0.0,0,0.0
14,14,2390.5628028313677,140.72415887251842,75.27584112748158,271.24,0,0,0,216.0,0.6515007355209186,3.2758411274815886,1,1.8
15,14,1918.814088587839,141.33618196944377,74.66381803055623,269.56,0,0,0,216.0,0.654334175784462,2.6638180305562296,1,1.8
16,14,4611.076134167078,168.0,48.0,376.76,0,0,2,216.0,0.7777777777777778,0.0,0,0.0
17,14,3667.8019889999996,144.0,72.0,214.15999999999997,0,0,0,216.0,0.6666666666666666,0.0,0,0.0
18,14,4630.98631045979,134.04765577837242,81.95234422162758,323.52,0,0,0,216.0,0.6205909989739463,9.952344221627582,2,0.0
19,14,4898.695714,168.0,48.0,325.44,0,0,0,216.0,0.7777777777777778,0.0,0,0.0
20,14,4920.653187999999,168.0,48.0,322.08000000000004,0,0,0,216.0,0.7777777777777778,0.0,0,0.0
21,14,4083.6622845698093,162.96549608422953,53.03450391577047,323.04,0,0,0,216.0,0.7544698892788404,5.034503915770476,1,0.0
22,14,1689.8435137379267,66.48961552177671,149.51038447822327,161.4,0,0,0,216.0,0.3078222940822996,5.510384478223283,1,0.0
23,14,1476.6580459999998,72.0,144.0,163.56,0,0,0,216.0,0.3333333333333333,0.0,0,0.0
24,14,2194.564311999999,96.0,120.0,217.52,0,0,0,216.0,0.4444444444444444,0.0,0,0.0
25,14,2379.314215999999,96.0,120.0,217.28000000000003,1,0,0,216.0,0.4444444444444444,0.0,0,0.0
26,14,1921.8665469796517,96.0,120.0,217.04000000000002,0,0,0,216.0,0.4444444444444444,0.0,0,0.0
27,14,2670.105516979652,120.0,96.0,269.08,0,0,1,216.0,0.5555555555555556,0.0,0,0.0
28,14,3242.177817,120.0,96.0,268.6,0,0,0,216.0,0.5555555555555556,0.0,0,0.0
29,14,2353.211702,120.0,96.0,271.96000000000004,0,0,0,216.0,0.5555555555555556,0.0,0,0.0
30,14,1783.2959096993254,68.90176175955389,147.0982382404461,163.08,0,0,1,216.0,0.3189896377757125,3.0982382404461086,1,0.0
31,14,2285.1086712631145,90.41116406153363,125.58883593846637,217.28,0,0,2,216.0,0.4185702039885816,5.5888359384663735,1,0.0
32,14,2859.649442,120.0,96.0,163.32,0,0,0,216.0,0.5555555555555556,0.0,0,0.0
33,14,3210.9627109999997,120.0,96.0,273.64,0,0,1,216.0,0.5555555555555556,0.0,0,0.0
34,14,2586.7406161878384,96.0,120.0,218.24,0,0,1,216.0,0.4444444444444444,0.0,0,0.0
35,14,2999.7898444878388,144.0,72.0,323.52,0,0,2,216.0,0.6666666666666666,0.0,0,0.0
36,14,3305.856213560795,144.0,72.0,324.24,0,0,2,216.0,0.6666666666666666,0.0,0,0.0
37,14,2522.7442659999997,96.0,120.0,214.4,0,0,0,216.0,0.4444444444444444,0.0,0,0.0
38,14,762.6273735490801,72.0,144.0,162.84,0,0,1,216.0,0.3333333333333333,0.0,0,0.0
39,14,802.4403657345512,72.0,144.0,162.12,0,0,2,216.0,0.3333333333333333,0.0,0,0.0
40,14,1356.5322879518747,116.07636387471632,99.92363612528368,216.56,0,0,0,216.0,0.5373905734940571,3.9236361252836724,1,1.5
41,14,2249.0812250313675,120.0,96.0,269.56,0,0,2,216.0,0.5555555555555556,0.0,0,0.0
42,14,2508.793129731368,120.0,96.0,269.32,0,0,1,216.0,0.5555555555555556,0.0,0,0.0
1,15,1733.4260110999999,48.0,168.0,0.0,0,0,0,216.0,0.2222222222222222,0.0,0,0.6
2,15,3208.7474987,72.0,144.0,107.19999999999999,0,0,1,216.0,0.3333333333333333,0.0,0,0.0
3,15,3685.4008667,120.0,96.0,160.68,0,0,1,216.0,0.5555555555555556,0.0,0,0.0
4,15,4227.068211,120.0,96.0,216.32,0,0,0,216.0,0.5555555555555556,0.0,0,0.0
5,15,3669.656462,96.0,120.0,161.64000000000001,0,0,0,216.0,0.4444444444444444,0.0,0,0.0
6,15,3702.771668373249,91.36287628890842,124.63712371109158,217.28,0,0,0,216.0,0.42297627911531677,4.637123711091573,1,0.0
7,15,4208.984851879466,138.1008249353701,77.8991750646299,271.96,0,0,1,216.0,0.6393556709970838,5.899175064629916,1,0.0
8,15,4364.906886,120.0,96.0,274.12,0,0,0,216.0,0.5555555555555556,0.0,0,0.0
9,15,3869.1184120000003,144.0,72.0,324.96,0,0,0,216.0,0.6666666666666666,0.0,0,0.0
10,15,3455.2061053999996,144.0,72.0,323.76,0,0,0,216.0,0.6666666666666666,0.0,0,1.8
11,15,4288.2319921,144.0,72.0,267.40000000000003,0,0,2,216.0,0.6666666666666666,0.0,0,0.0
12,15,4588.201862744333,188.69654134217402,27.303458657825985,324.24,0,0,1,216.0,0.8735950988063612,3.303458657825992,1,0.0
13,15,5483.204742000001,144.0,72.0,270.52,0,0,0,216.0,0.6666666666666666,0.0,0,0.0
14,15,2898.682682662133,135.17300836718644,80.82699163281356,271.24,0,0,0,216.0,0.6258009646629001,8.826991632813552,2,0.0
15,15,2739.8863777542724,144.0,72.0,269.56,0,0,1,216.0,0.6666666666666666,0.0,0,0.0
16,15,4936.595416,168.0,48.0,376.76,0,0,0,216.0,0.7777777777777778,0.0,0,0.0
17,15,3402.0956559072206,144.0,72.0,214.15999999999997,0,0,0,216.0,0.6666666666666666,0.0,0,0.0
18,15,4500.024306185961,135.71058777578963,80.28941222421037,323.52,0,0,1,216.0,0.6282897582212483,8.289412224210373,2,0.0
19,15,4898.695714,168.0,48.0,325.44,0,0,0,216.0,0.7777777777777778,0.0,0,0.0
20,15,4920.653187999999,168.0,48.0,322.08000000000004,0,0,0,216.0,0.7777777777777778,0.0,0,0.0
21,15,4458.501877999999,168.0,48.0,323.04,0,0,0,216.0,0.7777777777777778,0.0,0,0.0
22,15,1847.662005,72.0,144.0,161.4,0,0,0,216.0,0.3333333333333333,0.0,0,0.0
23,15,1282.3574793892203,72.0,144.0,163.56,0,0,1,216.0,0.3333333333333333,0.0,0,0.0
24,15,1979.3393236618826,96.0,120.0,217.52,0,0,1,216.0,0.4444444444444444,0.0,0,0.0
25,15,2366.811451006216,96.0,120.0,217.28000000000003,0,0,1,216.0,0.4444444444444444,0.0,0,0.0
26,15,2066.764614406326,93.5266690137193,122.4733309862807,217.04000000000002,0,0,0,216.0,0.43299383802647823,2.4733309862806943,1,0.0
27,15,1628.9189546177631,117.01723081249804,98.98276918750196,269.08,0,0,0,216.0,0.5417464389467502,2.9827691875019604,1,1.5
28,15,2848.050367017763,115.45757532481441,100.54242467518559,268.6,0,0,2,216.0,0.5345258116889556,4.54242467518559,1,0.0
29,15,2353.211702,120.0,96.0,271.96000000000004,0,0,0,216.0,0.5555555555555556,0.0,0,0.0
30,15,1891.8219289999997,72.0,144.0,163.08,0,0,0,216.0,0.3333333333333333,0.0,0,0.0
31,15,2466.270946999999,96.0,120.0,217.28,0,0,0,216.0,0.4444444444444444,0.0,0,0.0
32,15,2746.82841123572,114.90933363022589,101.09066636977411,163.32,0,0,0,216.0,0.5319876556954902,5.0906663697741035,1,0.0
33,15,3061.894896,120.0,96.0,273.64,0,0,1,216.0,0.5555555555555556,0.0,0,0.0
34,15,2770.4315309999997,96.0,120.0,218.24,0,0,0,216.0,0.4444444444444444,0.0,0,0.0
35,15,3047.0560450000003,144.0,72.0,323.52,0,0,1,216.0,0.6666666666666666,0.0,0,0.0
36,15,2522.3186085999996,144.0,72.0,324.24,0,0,0,216.0,0.6666666666666666,0.0,0,1.8
37,15,1763.2549347655358,96.0,120.0,214.4,0,0,1,216.0,0.4444444444444444,0.0,0,0.0
38,15,1181.7506870000002,72.0,144.0,162.84,0,0,0,216.0,0.3333333333333333,0.0,0,0.0
39,15,935.3027001617437,72.0,144.0,162.12,0,0,1,216.0,0.3333333333333333,0.0,0,0.0
40,15,1409.172867126024,120.0,96.0,216.56,0,0,4,216.0,0.5555555555555556,0.0,0,0.0
41,15,2152.860806161744,120.0,96.0,269.56,0,0,2,216.0,0.5555555555555556,0.0,0,0.0
42,15,1825.8266673999997,120.0,96.0,269.32,0,0,1,216.0,0.5555555555555556,0.0,0,1.5
1,16,2476.322873,48.0,168.0,0.0,0,0,0,216.0,0.2222222222222222,0.0,0,0.0
2,16,3549.684718,72.0,144.0,107.19999999999999,0,0,0,216.0,0.3333333333333333,0.0,0,0.0
3,16,3895.941154,120.0,96.0,160.68,0,0,0,216.0,0.5555555555555556,0.0,0,0.0
4,16,4227.068211,120.0,96.0,216.32,0,0,0,216.0,0.5555555555555556,0.0,0,0.0
5,16,2568.7595233999996,96.0,120.0,161.64000000000001,0,0,0,216.0,0.4444444444444444,0.0,0,1.2
6,16,3709.2443852345987,93.36254219625289,122.63745780374711,217.28,0,0,0,216.0,0.4322339916493189,2.6374578037471075,1,0.0
7,16,4462.4441512196645,139.31511978917865,76.68488021082135,271.96,0,0,0,216.0,0.6449774064313827,4.684880210821342,1,0.0
8,16,3897.637198776883,112.60248381697785,103.39751618302215,274.12,0,0,0,216.0,0.5213077954489715,7.397516183022154,2,0.0
9,16,3731.1349256420804,144.0,72.0,324.96,0,0,1,216.0,0.6666666666666666,0.0,0,0.0
10,16,4798.02523564208,144.0,72.0,323.76,0,0,1,216.0,0.6666666666666666,0.0,0,0.0
11,16,4525.955218173758,141.8793962742797,74.12060372572029,267.40000000000003,0,0,1,216.0,0.6568490568253691,2.120603725720268,1,0.0
12,16,4983.7280426988955,192.0,24.0,324.24,0,0,2,216.0,0.8888888888888888,0.0,0,0.0
13,16,5454.008507167217,144.0,72.0,270.52,0,0,1,216.0,0.6666666666666666,0.0,0,0.0
14,16,3450.0541549999994,144.0,72.0,271.24,0,0,0,216.0,0.6666666666666666,0.0,0,0.0
15,16,2510.9883205031347,139.1875195788461,76.81248042115391,269.56,0,0,1,216.0,0.6443866647168801,4.812480421153896,1,0.0
16,16,4538.477694135358,168.0,48.0,376.76,0,0,1,216.0,0.7777777777777778,0.0,0,0.0
17,16,3440.405114131334,144.0,72.0,214.15999999999997,0,0,0,216.0,0.6666666666666666,0.0,0,0.0
18,16,4639.9487043179,137.37457430393985,78.62542569606015,323.52,0,0,1,216.0,0.6359933995552771,6.625425696060147,1,0.0
19,16,3429.0869998000003,168.0,48.0,325.44,0,0,0,216.0,0.7777777777777778,0.0,0,2.1
20,16,4490.600896080335,161.5494354026478,54.45056459735221,322.08000000000004,0,0,2,216.0,0.7479140527900361,6.450564597352214,1,0.0
21,16,4458.501877999999,168.0,48.0,323.04,0,0,0,216.0,0.7777777777777778,0.0,0,0.0
22,16,1847.662005,72.0,144.0,161.4,0,0,0,216.0,0.3333333333333333,0.0,0,0.0
23,16,1476.6580459999998,72.0,144.0,163.56,0,0,0,216.0,0.3333333333333333,0.0,0,0.0
24,16,2194.564311999999,96.0,120.0,217.52,0,0,0,216.0,0.4444444444444444,0.0,0,0.0
25,16,2139.269933999999,96.0,120.0,217.28000000000003,0,0,2,216.0,0.4444444444444444,0.0,0,0.0
26,16,2116.368224,96.0,120.0,217.04000000000002,0,0,0,216.0,0.4444444444444444,0.0,0,0.0
27,16,2776.496117,120.0,96.0,269.08,0,0,0,216.0,0.5555555555555556,0.0,0,0.0
28,16,3242.177817,120.0,96.0,268.6,0,0,0,216.0,0.5555555555555556,0.0,0,0.0
29,16,2353.211702,120.0,96.0,271.96000000000004,0,0,0,216.0,0.5555555555555556,0.0,0,0.0
30,16,1856.56893,72.0,144.0,163.08,0,0,1,216.0,0.3333333333333333,0.0,0,0.0
31,16,2275.4118135564368,93.03989088705615,122.96010911294385,217.28,0,0,1,216.0,0.4307402355882229,2.9601091129438606,1,0.0
32,16,2601.119822373788,120.0,96.0,163.32,0,0,0,216.0,0.5555555555555556,0.0,0,0.0
33,16,3221.884409,120.0,96.0,273.64,0,0,0,216.0,0.5555555555555556,0.0,0,0.0
34,16,2586.382504937732,96.0,120.0,218.24,0,0,1,216.0,0.4444444444444444,0.0,0,0.0
35,16,3226.1053409377323,144.0,72.0,323.52,0,0,1,216.0,0.6666666666666666,0.0,0,0.0
36,16,3419.2632719377325,144.0,72.0,324.24,0,0,1,216.0,0.6666666666666666,0.0,0,0.0
37,16,2145.251579869424,90.38036921192312,125.61963078807688,214.4,0,0,1,216.0,0.41842763524038484,5.6196307880768765,1,0.0
38,16,1181.7506870000002,72.0,144.0,162.84,0,0,0,216.0,0.3333333333333333,0.0,0,0.0
39,16,671.4029970219248,72.0,144.0,162.12,0,0,1,216.0,0.3333333333333333,0.0,0,0.0
40,16,1492.642502021925,120.0,96.0,216.56,0,0,3,216.0,0.5555555555555556,0.0,0,0.0
41,16,1639.6120019543391,117.16200707664879,98.83799292335121,269.56,0,0,2,216.0,0.5424166994289296,2.8379929233512042,1,0.0
42,16,2500.0717497863834,113.55283820881911,102.44716179118089,269.32,0,0,0,216.0,0.5257075843000885,6.447161791180885,1,0.0
1,17,1733.4260110999999,48.0,168.0,0.0,0,0,0,216.0,0.2222222222222222,0.0,0,0.6
2,17,2484.7793026,72.0,144.0,107.19999999999999,0,0,0,216.0,0.3333333333333333,0.0,0,0.8999999999999999
3,17,2222.168049498444,120.0,96.0,160.68,0,0,0,216.0,0.5555555555555556,0.0,0,1.5
4,17,3571.278223698444,118.42483108286606,97.57516891713394,216.32,0,0,2,216.0,0.5482631068651207,1.5751689171339285,1,0.0
5,17,3612.259494855561,92.63731107855165,123.36268892144835,161.64000000000001,0,0,0,216.0,0.42887644017847987,3.362688921448348,1,0.0
6,17,3795.7709779999996,96.0,120.0,217.28,0,0,0,216.0,0.4444444444444444,0.0,0,0.0
7,17,4566.272014999999,144.0,72.0,271.96,0,0,0,216.0,0.6666666666666666,0.0,0,0.0
8,17,4364.906886,120.0,96.0,274.12,0,0,0,216.0,0.5555555555555556,0.0,0,0.0
9,17,3869.1184120000003,144.0,72.0,324.96,0,0,0,216.0,0.6666666666666666,0.0,0,0.0
10,17,4936.008722,144.0,72.0,323.76,0,0,0,216.0,0.6666666666666666,0.0,0,0.0
11,17,4709.634679,144.0,72.0,267.40000000000003,1,0,0,216.0,0.6666666666666666,0.0,0,0.0
12,17,3562.7399136,192.0,24.0,324.24,0,0,0,216.0,0.8888888888888888,0.0,0,2.4
13,17,4926.328427534291,142.3356975793665,73.6643024206335,270.52,0,0,1,216.0,0.6589615628674375,1.6643024206335095,1,0.0
14,17,3450.0541549999994,144.0,72.0,271.24,0,0,0,216.0,0.6666666666666666,0.0,0,0.0
15,17,2625.2667217587386,144.0,72.0,269.56,0,0,0,216.0,0.6666666666666666,0.0,0,0.0
16,17,4029.156518314975,168.0,48.0,376.76,0,0,1,216.0,0.7777777777777778,0.0,0,0.0
17,17,3667.8019889999996,144.0,72.0,214.15999999999997,0,0,0,216.0,0.6666666666666666,0.0,0,0.0
18,17,4962.239976556677,144.0,72.0,323.52,0,0,1,216.0,0.6666666666666666,0.0,0,0.0
19,17,4717.381930091054,168.0,48.0,325.44,0,0,0,216.0,0.7777777777777778,0.0,0,0.0
20,17,4581.5982718819905,158.8879536631157,57.112046336884305,322.08000000000004,0,0,0,216.0,0.7355923780699801,9.112046336884303,2,0.0
21,17,4458.501877999999,168.0,48.0,323.04,0,0,0,216.0,0.7777777777777778,0.0,0,0.0
22,17,1769.9959535774447,69.28821508290144,146.71178491709856,161.4,0,0,0,216.0,0.3207787735319511,2.7117849170985497,1,0.0
23,17,1118.2453684999996,68.8175820440956,147.18241795590438,163.56,0,0,1,216.0,0.31859991687081296,3.182417955904401,1,0.0
24,17,2194.564311999999,96.0,120.0,217.52,0,0,0,216.0,0.4444444444444444,0.0,0,0.0
25,17,2013.9970936457023,92.24761254491725,123.75238745508275,217.28000000000003,0,0,2,216.0,0.4270722803005428,3.7523874550827547,1,0.0
26,17,2056.85560570444,96.0,120.0,217.04000000000002,0,0,2,216.0,0.4444444444444444,0.0,0,0.0
27,17,2208.925906952152,115.69486343111654,100.30513656888346,269.08,0,0,1,216.0,0.5356243677366507,4.305136568883463,1,0.0
28,17,3113.845101997502,120.0,96.0,268.6,0,0,1,216.0,0.5555555555555556,0.0,0,0.0
29,17,1805.666359141199,116.93685311079214,99.06314688920786,271.96000000000004,0,0,2,216.0,0.5413743199573711,3.06314688920786,1,0.0
30,17,1481.379373,66.34328785801831,149.6567121419817,163.08,0,0,1,216.0,0.3071448511945292,5.656712141981684,1,0.0
31,17,1544.179351647291,96.0,120.0,217.28,0,0,3,216.0,0.4444444444444444,0.0,0,0.0
32,17,2001.7546094,120.0,96.0,163.32,0,0,0,216.0,0.5555555555555556,0.0,0,1.5
33,17,2699.7832317664493,120.0,96.0,273.64,0,0,2,216.0,0.5555555555555556,0.0,0,0.0
34,17,2365.6211713000002,96.0,120.0,218.24,0,0,1,216.0,0.4444444444444444,0.0,0,0.0
35,17,3410.154367,144.0,72.0,323.52,0,0,0,216.0,0.6666666666666666,0.0,0,0.0
36,17,2522.3186085999996,144.0,72.0,324.24,0,0,0,216.0,0.6666666666666666,0.0,0,1.8
37,17,2458.769905099999,96.0,120.0,214.4,0,0,1,216.0,0.4444444444444444,0.0,0,0.0
38,17,1090.8117034342922,72.0,144.0,162.84,0,0,2,216.0,0.3333333333333333,0.0,0,0.0
39,17,650.0515579999995,72.0,144.0,162.12,0,0,1,216.0,0.3333333333333333,0.0,0,0.0
40,17,1341.6474256123438,120.0,96.0,216.56,0,0,4,216.0,0.5555555555555556,0.0,0,0.0
41,17,1138.1981261897886,120.0,96.0,269.56,0,0,2,216.0,0.5555555555555556,0.0,0,1.5
42,17,1559.9530645536547,120.0,96.0,269.32,0,0,3,216.0,0.5555555555555556,0.0,0,0.0
1,18,2476.322873,48.0,168.0,0.0,0,0,0,216.0,0.2222222222222222,0.0,0,0.0
2,18,3014.2846496199813,69.01700129958047,146.98299870041953,107.19999999999999,0,0,0,216.0,0.3195231541647244,2.9829987004195306,1,0.0
3,18,3746.486476619981,120.0,96.0,160.68,0,0,1,216.0,0.5555555555555556,0.0,0,0.0
4,18,3804.5715149445587,120.0,96.0,216.32,0,0,0,216.0,0.5555555555555556,0.0,0,0.0
5,18,3647.133429944559,96.0,120.0,161.64000000000001,0,0,1,216.0,0.4444444444444444,0.0,0,0.0
6,18,3795.7709779999996,96.0,120.0,217.28,0,0,0,216.0,0.4444444444444444,0.0,0,0.0
7,18,4566.272014999999,144.0,72.0,271.96,0,0,0,216.0,0.6666666666666666,0.0,0,0.0
8,18,2982.021100681569,116.26885938576555,99.73114061423445,274.12,0,0,0,216.0,0.5382817564155813,3.731140614234445,1,1.5
9,18,3387.3285224815686,138.22722664090568,77.77277335909432,324.96,0,0,3,216.0,0.639940864078267,5.772773359094319,1,0.0
10,18,4660.213848381569,144.0,72.0,323.76,0,0,2,216.0,0.6666666666666666,0.0,0,0.0
11,18,3223.3305557815684,144.0,72.0,267.40000000000003,0,0,1,216.0,0.6666666666666666,0.0,0,1.8
12,18,3988.649144283241,185.28885652197076,30.711143478029243,324.24,0,0,3,216.0,0.857818780194309,6.711143478029243,2,0.0
13,18,4744.548217200001,144.0,72.0,270.52,0,0,1,216.0,0.6666666666666666,0.0,0,0.0
14,18,3450.0541549999994,144.0,72.0,271.24,0,0,0,216.0,0.6666666666666666,0.0,0,0.0
15,18,2795.143882000001,144.0,72.0,269.56,0,0,0,216.0,0.6666666666666666,0.0,0,0.0
16,18,4936.208553619981,168.0,48.0,376.76,0,0,1,216.0,0.7777777777777778,0.0,0,0.0
17,18,3633.0173762149516,138.06028150795964,77.93971849204036,214.15999999999997,0,0,0,216.0,0.6391679699442576,5.939718492040362,1,0.0
18,18,4953.18032,144.0,72.0,323.52,0,0,1,216.0,0.6666666666666666,0.0,0,0.0
19,18,4766.411501216926,162.42843982615537,53.57156017384463,325.44,0,0,0,216.0,0.7519835177136822,5.5715601738446345,1,0.0
20,18,4907.575994072664,162.68071484594824,53.319285154051755,322.08000000000004,0,0,0,216.0,0.7531514576201308,5.319285154051752,1,0.0
21,18,4107.474620507208,164.48160683527684,51.518393164723165,323.04,0,0,0,216.0,0.7614889205336891,3.5183931647231526,1,0.0
22,18,1780.3372250236966,69.64929052600584,146.35070947399416,161.4,0,0,0,216.0,0.3224504191018789,2.3507094739941587,1,0.0
23,18,1476.6580459999998,72.0,144.0,163.56,0,0,0,216.0,0.3333333333333333,0.0,0,0.0
24,18,1981.3370533504185,96.0,120.0,217.52,0,0,0,216.0,0.4444444444444444,0.0,0,0.0
25,18,2209.4533482169245,96.0,120.0,217.28000000000003,0,0,1,216.0,0.4444444444444444,0.0,0,0.0
26,18,1481.4577568,96.0,120.0,217.04000000000002,0,0,0,216.0,0.4444444444444444,0.0,0,1.2
27,18,2663.9207011999997,120.0,96.0,269.08,0,0,1,216.0,0.5555555555555556,0.0,0,0.0
28,18,3168.9729476704238,116.25428270625571,99.74571729374429,268.6,0,0,0,216.0,0.5382142717882209,3.745717293744294,1,0.0
29,18,2228.9930273832415,120.0,96.0,271.96000000000004,0,0,1,216.0,0.5555555555555556,0.0,0,0.0
30,18,1523.0904785454286,72.0,144.0,163.08,0,0,0,216.0,0.3333333333333333,0.0,0,0.0
31,18,2124.946815845429,96.0,120.0,217.28,0,0,3,216.0,0.4444444444444444,0.0,0,0.0
32,18,2859.649442,120.0,96.0,163.32,0,0,0,216.0,0.5555555555555556,0.0,0,0.0
33,18,2905.121261841163,114.13866732339866,101.86133267660134,273.64,0,0,1,216.0,0.5284197561268457,5.861332676601344,1,0.0
34,18,2298.110604394366,96.0,120.0,218.24,0,0,1,216.0,0.4444444444444444,0.0,0,0.0
35,18,2716.531021239795,144.0,72.0,323.52,0,0,3,216.0,0.6666666666666666,0.0,0,0.0
36,18,3165.0794622331987,144.0,72.0,324.24,0,0,1,216.0,0.6666666666666666,0.0,0,0.0
37,18,2522.7442659999997,96.0,120.0,214.4,0,0,0,216.0,0.4444444444444444,0.0,0,0.0
38,18,1113.0194969911197,68.98567821712157,147.01432178287843,162.84,0,0,0,216.0,0.31937813989408137,3.0143217828784286,1,0.0
39,18,852.0472120999991,72.0,144.0,162.12,0,0,0,216.0,0.3333333333333333,0.0,0,0.8999999999999999
40,18,1658.233466750588,120.0,96.0,216.56,0,0,4,216.0,0.5555555555555556,0.0,0,0.0
41,18,2434.7684089999993,120.0,96.0,269.56,0,0,0,216.0,0.5555555555555556,0.0,0,0.0
42,18,1711.4782815863873,120.0,96.0,269.32,0,0,2,216.0,0.5555555555555556,0.0,0,0.0
1,19,2277.1879922046187,44.32218863126208,171.67781136873793,0.0,0,0,0,216.0,0.20519531773732444,3.677811368737922,1,0.0
2,19,3549.684718,72.0,144.0,107.19999999999999,0,0,0,216.0,0.3333333333333333,0.0,0,0.0
3,19,3895.941154,120.0,96.0,160.68,0,0,0,216.0,0.5555555555555556,0.0,0,0.0
4,19,3996.159189921025,120.0,96.0,216.32,0,0,0,216.0,0.5555555555555556,0.0,0,0.0
5,19,3669.656462,96.0,120.0,161.64000000000001,0,0,0,216.0,0.4444444444444444,0.0,0,0.0
6,19,2657.0396846,96.0,120.0,217.28,0,0,0,216.0,0.4444444444444444,0.0,0,1.2
7,19,4320.110153999999,144.0,72.0,271.96,0,0,2,216.0,0.6666666666666666,0.0,0,0.0
8,19,4364.906886,120.0,96.0,274.12,0,0,0,216.0,0.5555555555555556,0.0,0,0.0
9,19,2708.3828884,144.0,72.0,324.96,0,0,0,216.0,0.6666666666666666,0.0,0,1.8
10,19,4594.1994593,144.0,72.0,323.76,0,0,2,216.0,0.6666666666666666,0.0,0,0.0
11,19,4312.680909226117,144.0,72.0,267.40000000000003,0,0,1,216.0,0.6666666666666666,0.0,0,0.0
12,19,4582.994052266028,192.0,24.0,324.24,0,0,0,216.0,0.8888888888888888,0.0,0,0.0
13,19,4970.512429889911,139.74158322225716,76.25841677774284,270.52,0,0,0,216.0,0.6469517741771165,4.258416777742841,1,0.0
14,19,2877.560242304193,144.0,72.0,271.24,0,0,1,216.0,0.6666666666666666,0.0,0,0.0
15,19,2795.143882000001,144.0,72.0,269.56,0,0,0,216.0,0.6666666666666666,0.0,0,0.0
16,19,4936.595416,168.0,48.0,376.76,0,0,0,216.0,0.7777777777777778,0.0,0,0.0
17,19,3340.5472045858705,144.0,72.0,214.15999999999997,0,0,0,216.0,0.6666666666666666,0.0,0,0.0
18,19,4962.8571600000005,144.0,72.0,323.52,0,0,0,216.0,0.6666666666666666,0.0,0,0.0
19,19,4789.325729353551,161.6559802150247,54.3440197849753,325.44,0,0,0,216.0,0.7484073158102995,6.344019784975301,1,0.0
20,19,3444.4572316,168.0,48.0,322.08000000000004,0,0,0,216.0,0.7777777777777778,0.0,0,2.1
21,19,4037.709409623825,165.06716959780522,50.93283040219478,323.04,0,0,1,216.0,0.7641998592490983,2.932830402194778,1,0.0
22,19,1249.0743849548342,69.76354615631129,146.2364538436887,161.4,0,0,0,216.0,0.32297938035329304,2.2364538436887034,1,0.8999999999999999
23,19,1061.9576605999994,72.0,144.0,163.56,0,0,2,216.0,0.3333333333333333,0.0,0,0.0
24,19,1922.0079867031777,96.0,120.0,217.52,0,0,1,216.0,0.4444444444444444,0.0,0,0.0
25,19,2103.2463936195772,96.0,120.0,217.28000000000003,0,0,1,216.0,0.4444444444444444,0.0,0,0.0
26,19,2116.368224,96.0,120.0,217.04000000000002,0,0,0,216.0,0.4444444444444444,0.0,0,0.0
27,19,2471.7633043187875,114.81289451558621,101.18710548441379,269.08,0,0,1,216.0,0.5315411783128992,5.1871054844137845,1,0.0
28,19,3242.177817,120.0,96.0,268.6,0,0,0,216.0,0.5555555555555556,0.0,0,0.0
29,19,2013.2751440000002,118.05927136150859,97.94072863849141,271.96000000000004,0,0,1,216.0,0.546570700747725,1.9407286384913989,1,0.0
30,19,1564.6151184195778,72.0,144.0,163.08,0,0,1,216.0,0.3333333333333333,0.0,0,0.0
31,19,2021.5827004195778,96.0,120.0,217.28,0,0,2,216.0,0.4444444444444444,0.0,0,0.0
32,19,2859.649442,120.0,96.0,163.32,0,0,0,216.0,0.5555555555555556,0.0,0,0.0
33,19,3191.8593425639524,120.0,96.0,273.64,0,0,1,216.0,0.5555555555555556,0.0,0,0.0
34,19,2534.2224561,96.0,120.0,218.24,0,0,1,216.0,0.4444444444444444,0.0,0,0.0
35,19,2315.425004664251,138.94151108173997,77.05848891826003,323.52,0,0,0,216.0,0.6432477364895369,5.058488918260039,1,1.8
36,19,2589.9823900761735,144.0,72.0,324.24,0,0,3,216.0,0.6666666666666666,0.0,0,0.0
37,19,1765.9209862,96.0,120.0,214.4,0,0,0,216.0,0.4444444444444444,0.0,0,1.2
38,19,1181.7506870000002,72.0,144.0,162.84,0,0,0,216.0,0.3333333333333333,0.0,0,0.0
39,19,1212.7882169999993,72.0,144.0,162.12,0,0,1,216.0,0.3333333333333333,0.0,0,0.0
40,19,2050.2769759999983,120.0,96.0,216.56,0,0,0,216.0,0.5555555555555556,0.0,0,0.0
41,19,1915.883773199999,120.0,96.0,269.56,0,0,2,216.0,0.5555555555555556,0.0,0,0.0
42,19,2343.4778452,120.0,96.0,269.32,0,0,1,216.0,0.5555555555555556,0.0,0,0.0
1,20,2476.322873,48.0,168.0,0.0,0,0,0,216.0,0.2222222222222222,0.0,0,0.0
2,20,3549.684718,72.0,144.0,107.19999999999999,0,0,0,216.0,0.3333333333333333,0.0,0,0.0
3,20,3895.941154,120.0,96.0,160.68,0,0,0,216.0,0.5555555555555556,0.0,0,0.0
4,20,4016.9492501754994,120.0,96.0,216.32,0,0,0,216.0,0.5555555555555556,0.0,0,0.0
5,20,3669.656462,96.0,120.0,161.64000000000001,0,0,0,216.0,0.4444444444444444,0.0,0,0.0
6,20,3693.9713319525317,96.0,120.0,217.28,0,0,0,216.0,0.4444444444444444,0.0,0,0.0
7,20,3618.6913557263306,139.6813532921028,76.31864670789719,271.96,0,0,1,216.0,0.6466729319078834,4.318646707897205,1,0.0
8,20,4364.906886,120.0,96.0,274.12,0,0,0,216.0,0.5555555555555556,0.0,0,0.0
9,20,2708.3828884,144.0,72.0,324.96,0,0,0,216.0,0.6666666666666666,0.0,0,1.8
10,20,3639.6762962568273,137.01981764604753,78.98018235395247,323.76,0,0,3,216.0,0.6343510076205904,6.9801823539524825,2,0.0
11,20,4372.797531429804,142.0637067328094,73.93629326719059,267.40000000000003,0,0,2,216.0,0.6577023459852287,1.9362932671905817,1,0.0
12,20,4937.99087165692,186.70542811356148,29.29457188643852,324.24,0,0,0,216.0,0.8643769820072291,5.2945718864385025,1,0.0
13,20,4789.2294326636,144.0,72.0,270.52,0,0,0,216.0,0.6666666666666666,0.0,0,0.0
14,20,2415.0379084999995,144.0,72.0,271.24,0,0,0,216.0,0.6666666666666666,0.0,0,1.8
15,20,2710.310399847469,144.0,72.0,269.56,0,0,1,216.0,0.6666666666666666,0.0,0,0.0
16,20,3455.6167912,168.0,48.0,376.76,0,0,0,216.0,0.7777777777777778,0.0,0,2.1
17,20,3414.8761769210673,139.69429608525695,76.30570391474305,214.15999999999997,0,0,1,216.0,0.64673285224656,4.3057039147430665,1,0.0
18,20,4323.872666509304,141.21269807809838,74.78730192190162,323.52,0,0,1,216.0,0.6537624911023073,2.787301921901614,1,0.0
19,20,4898.695714,168.0,48.0,325.44,0,0,0,216.0,0.7777777777777778,0.0,0,0.0
20,20,4539.87790102077,168.0,48.0,322.08000000000004,0,0,0,216.0,0.7777777777777778,0.0,0,0.0
21,20,4458.501877999999,168.0,48.0,323.04,0,0,0,216.0,0.7777777777777778,0.0,0,0.0
22,20,1847.662005,72.0,144.0,161.4,0,0,0,216.0,0.3333333333333333,0.0,0,0.0
23,20,834.2834340785804,72.0,144.0,163.56,0,0,1,216.0,0.3333333333333333,0.0,0,0.0
24,20,1514.6616095341446,96.0,120.0,217.52,0,0,2,216.0,0.4444444444444444,0.0,0,0.0
25,20,2190.919195870545,96.0,120.0,217.28000000000003,0,0,1,216.0,0.4444444444444444,0.0,0,0.0
26,20,1728.446231646184,96.0,120.0,217.04000000000002,0,0,1,216.0,0.4444444444444444,0.0,0,0.0
27,20,1697.8513990602064,120.0,96.0,269.08,0,0,0,216.0,0.5555555555555556,0.0,0,1.5
28,20,1760.7786816053442,107.0791766781975,108.9208233218025,268.6,0,0,0,216.0,0.49573692906572914,12.920823321802503,2,1.5
29,20,1030.254380560782,120.0,96.0,271.96000000000004,0,0,1,216.0,0.5555555555555556,0.0,0,1.5
30,20,1529.3845123356573,72.0,144.0,163.08,0,0,2,216.0,0.3333333333333333,0.0,0,0.0
31,20,2307.112754900043,96.0,120.0,217.28,0,0,0,216.0,0.4444444444444444,0.0,0,0.0
32,20,2859.649442,120.0,96.0,163.32,0,0,0,216.0,0.5555555555555556,0.0,0,0.0
33,20,3212.7495,120.0,96.0,273.64,0,0,1,216.0,0.5555555555555556,0.0,0,0.0
34,20,2759.0419349999997,96.0,120.0,218.24,0,0,1,216.0,0.4444444444444444,0.0,0,0.0
35,20,3126.588047643845,140.4074420927639,75.59255790723611,323.52,0,0,1,216.0,0.6500344541331662,3.592557907236108,1,0.0
36,20,2685.451523873039,144.0,72.0,324.24,0,0,2,216.0,0.6666666666666666,0.0,0,0.0
37,20,2463.85099567099,96.0,120.0,214.4,0,0,1,216.0,0.4444444444444444,0.0,0,0.0
38,20,1016.2838909999999,72.0,144.0,162.84,0,0,2,216.0,0.3333333333333333,0.0,0,0.0
39,20,1053.0162189999992,72.0,144.0,162.12,0,0,1,216.0,0.3333333333333333,0.0,0,0.0
40,20,1637.0956563827351,120.0,96.0,216.56,0,0,2,216.0,0.5555555555555556,0.0,0,0.0
41,20,1586.789527599999,120.0,96.0,269.56,0,0,3,216.0,0.5555555555555556,0.0,0,0.0
42,20,2255.2396066,120.0,96.0,269.32,0,0,2,216.0,0.5555555555555556,0.0,0,0.0
1,21,1792.0355842224453,48.0,168.0,0.0,0,0,0,216.0,0.2222222222222222,0.0,0,0.0
2,21,3549.684718,72.0,144.0,107.19999999999999,0,0,0,216.0,0.3333333333333333,0.0,0,0.0
3,21,3455.447698140163,120.0,96.0,160.68,0,0,0,216.0,0.5555555555555556,0.0,0,0.0
4,21,4095.6320831401636,120.0,96.0,216.32,0,0,1,216.0,0.5555555555555556,0.0,0,0.0
5,21,3669.656462,96.0,120.0,161.64000000000001,0,0,0,216.0,0.4444444444444444,0.0,0,0.0
6,21,3795.7709779999996,96.0,120.0,217.28,0,0,0,216.0,0.4444444444444444,0.0,0,0.0
7,21,4566.272014999999,144.0,72.0,271.96,0,0,0,216.0,0.6666666666666666,0.0,0,0.0
8,21,3989.0033804628806,120.0,96.0,274.12,0,0,0,216.0,0.5555555555555556,0.0,0,0.0
9,21,3751.036006225868,138.16705949741305,77.83294050258695,324.96,0,0,0,216.0,0.6396623124880234,5.832940502586951,1,0.0
10,21,4936.008722,144.0,72.0,323.76,0,0,0,216.0,0.6666666666666666,0.0,0,0.0
11,21,4709.634679,144.0,72.0,267.40000000000003,1,0,0,216.0,0.6666666666666666,0.0,0,0.0
12,21,4775.350942421245,192.0,24.0,324.24,0,0,0,216.0,0.8888888888888888,0.0,0,0.0
13,21,5146.951887236239,136.8178026565102,79.1821973434898,270.52,0,0,1,216.0,0.633415753039399,7.182197343489786,2,0.0
14,21,2415.0379084999995,144.0,72.0,271.24,0,0,0,216.0,0.6666666666666666,0.0,0,1.8
15,21,2517.2630720755233,144.0,72.0,269.56,0,0,0,216.0,0.6666666666666666,0.0,0,0.0
16,21,4586.836170075521,168.0,48.0,376.76,0,0,2,216.0,0.7777777777777778,0.0,0,0.0
17,21,3636.0981902091853,140.15936847186845,75.84063152813155,214.15999999999997,0,0,0,216.0,0.6488859651475392,3.8406315281315466,2,0.0
18,21,4754.516542447181,144.0,72.0,323.52,0,0,0,216.0,0.6666666666666666,0.0,0,0.0
19,21,4898.695714,168.0,48.0,325.44,0,0,0,216.0,0.7777777777777778,0.0,0,0.0
20,21,3206.0345734455336,168.0,48.0,322.08000000000004,0,0,0,216.0,0.7777777777777778,0.0,0,2.1
21,21,4144.08257576296,168.0,48.0,323.04,0,0,0,216.0,0.7777777777777778,0.0,0,0.0
22,21,1847.662005,72.0,144.0,161.4,0,0,0,216.0,0.3333333333333333,0.0,0,0.0
23,21,1457.3499240008616,72.0,144.0,163.56,0,0,1,216.0,0.3333333333333333,0.0,0,0.0
24,21,2175.256190000862,96.0,120.0,217.52,0,0,1,216.0,0.4444444444444444,0.0,0,0.0
25,21,2379.314215999999,96.0,120.0,217.28000000000003,0,0,0,216.0,0.4444444444444444,0.0,0,0.0
26,21,2116.368224,96.0,120.0,217.04000000000002,0,0,0,216.0,0.4444444444444444,0.0,0,0.0
27,21,2636.847650791676,120.0,96.0,269.08,0,0,1,216.0,0.5555555555555556,0.0,0,0.0
28,21,3242.177817,120.0,96.0,268.6,0,0,0,216.0,0.5555555555555556,0.0,0,0.0
29,21,1977.8984611458116,120.0,96.0,271.96000000000004,0,0,0,216.0,0.5555555555555556,0.0,0,0.0
30,21,1891.8219289999997,72.0,144.0,163.08,0,0,0,216.0,0.3333333333333333,0.0,0,0.0
31,21,1683.020532067663,93.2828198884976,122.7171801115024,217.28,0,0,0,216.0,0.4318649068911926,2.717180111502405,1,1.2
32,21,2481.490409383792,120.0,96.0,163.32,0,0,0,216.0,0.5555555555555556,0.0,0,0.0
33,21,2050.9809603742137,115.86878798642815,100.13121201357185,273.64,0,0,1,216.0,0.5364295740112414,4.131212013571859,1,1.5
34,21,2519.108414523955,96.0,120.0,218.24,0,0,1,216.0,0.4444444444444444,0.0,0,0.0
35,21,3268.773192563041,144.0,72.0,323.52,0,0,1,216.0,0.6666666666666666,0.0,0,0.0
36,21,3572.7352214370385,144.0,72.0,324.24,1,0,1,216.0,0.6666666666666666,0.0,0,0.0
37,21,2478.6036995012014,96.0,120.0,214.4,0,0,1,216.0,0.4444444444444444,0.0,0,0.0
38,21,827.2254809000001,72.0,144.0,162.84,0,0,0,216.0,0.3333333333333333,0.0,0,0.8999999999999999
39,21,1062.0650785999992,72.0,144.0,162.12,0,0,2,216.0,0.3333333333333333,0.0,0,0.0
40,21,1652.9269117999993,120.0,96.0,216.56,0,0,2,216.0,0.5555555555555556,0.0,0,0.0
41,21,2357.9197663999994,120.0,96.0,269.56,0,0,1,216.0,0.5555555555555556,0.0,0,0.0
42,21,2515.567399,120.0,96.0,269.32,0,0,2,216.0,0.5555555555555556,0.0,0,0.0
1,22,2476.322873,48.0,168.0,0.0,0,0,0,216.0,0.2222222222222222,0.0,0,0.0
2,22,3549.684718,72.0,144.0,107.19999999999999,0,0,0,216.0,0.3333333333333333,0.0,0,0.0
3,22,3895.941154,120.0,96.0,160.68,0,0,0,216.0,0.5555555555555556,0.0,0,0.0
4,22,4111.054452213409,115.94926798142819,100.05073201857181,216.32,0,0,0,216.0,0.536802166580686,4.0507320185718045,1,0.0
5,22,3669.656462,96.0,120.0,161.64000000000001,0,0,0,216.0,0.4444444444444444,0.0,0,0.0
6,22,3795.7709779999996,96.0,120.0,217.28,0,0,0,216.0,0.4444444444444444,0.0,0,0.0
7,22,4566.272014999999,144.0,72.0,271.96,0,0,0,216.0,0.6666666666666666,0.0,0,0.0
8,22,4185.616379616012,113.62148293053579,102.37851706946421,274.12,0,0,0,216.0,0.5260253839376657,6.3785170694642055,1,0.0
9,22,3689.827905616012,144.0,72.0,324.96,0,0,1,216.0,0.6666666666666666,0.0,0,0.0
10,22,4600.657432016756,135.39256886688753,80.60743113311247,323.76,0,0,1,216.0,0.6268174484578126,8.607431133112472,2,0.0
11,22,4530.344172616011,144.0,72.0,267.40000000000003,0,0,1,216.0,0.6666666666666666,0.0,0,0.0
12,22,5061.867414691834,190.83075792409036,25.169242075909636,324.24,0,0,0,216.0,0.883475731130048,1.1692420759096382,1,0.0
13,22,5483.204742000001,144.0,72.0,270.52,0,0,0,216.0,0.6666666666666666,0.0,0,0.0
14,22,3195.8889099280177,140.96015886710973,75.03984113289027,271.24,0,0,0,216.0,0.6525933280884709,3.039841132890263,1,0.0
15,22,2795.143882000001,144.0,72.0,269.56,0,0,0,216.0,0.6666666666666666,0.0,0,0.0
16,22,3455.6167912,168.0,48.0,376.76,0,0,0,216.0,0.7777777777777778,0.0,0,2.1
17,22,2567.4613923000006,144.0,72.0,214.15999999999997,0,0,0,216.0,0.6666666666666666,0.0,0,1.8
18,22,4685.556708191714,144.0,72.0,323.52,0,0,0,216.0,0.6666666666666666,0.0,0,0.0
19,22,4898.695714,168.0,48.0,325.44,0,0,0,216.0,0.7777777777777778,0.0,0,0.0
20,22,3444.4572316,168.0,48.0,322.08000000000004,0,0,0,216.0,0.7777777777777778,0.0,0,2.1
21,22,4232.041141299999,168.0,48.0,323.04,0,0,1,216.0,0.7777777777777778,0.0,0,0.0
22,22,1847.662005,72.0,144.0,161.4,0,0,0,216.0,0.3333333333333333,0.0,0,0.0
23,22,787.6461551705911,69.01491595632424,146.98508404367576,163.56,0,0,1,216.0,0.3195134997977974,2.985084043675751,1,0.0
24,22,1381.2293927787575,96.0,120.0,217.52,0,0,2,216.0,0.4444444444444444,0.0,0,1.2
25,22,1805.1838716336172,96.0,120.0,217.28000000000003,0,0,0,216.0,0.4444444444444444,0.0,0,0.0
26,22,2116.368224,96.0,120.0,217.04000000000002,0,0,0,216.0,0.4444444444444444,0.0,0,0.0
27,22,2776.496117,120.0,96.0,269.08,0,0,0,216.0,0.5555555555555556,0.0,0,0.0
28,22,3242.177817,120.0,96.0,268.6,0,0,0,216.0,0.5555555555555556,0.0,0,0.0
29,22,2353.211702,120.0,96.0,271.96000000000004,0,0,0,216.0,0.5555555555555556,0.0,0,0.0
30,22,1824.4832723282557,68.06247515883354,147.93752484116646,163.08,0,0,0,216.0,0.31510405166126637,3.937524841166458,1,0.0
31,22,1726.3896628999994,96.0,120.0,217.28,0,0,0,216.0,0.4444444444444444,0.0,0,1.2
32,22,2589.7646080365084,116.66879159424832,99.33120840575168,163.32,0,0,0,216.0,0.5401332944178163,3.331208405751675,1,0.0
33,22,3024.1329233159377,114.08528352352116,101.91471647647884,273.64,0,0,0,216.0,0.5281726089051906,5.914716476478846,1,0.0
34,22,2770.4315309999997,96.0,120.0,218.24,0,0,0,216.0,0.4444444444444444,0.0,0,0.0
35,22,3167.5277847833577,144.0,72.0,323.52,0,0,1,216.0,0.6666666666666666,0.0,0,0.0
36,22,2999.3681418475553,135.79198745651456,80.20801254348544,324.24,0,0,1,216.0,0.6286666085949748,8.20801254348545,2,0.0
37,22,2522.7442659999997,96.0,120.0,214.4,0,0,0,216.0,0.4444444444444444,0.0,0,0.0
38,22,986.3751132425016,62.82537324121195,153.17462675878807,162.84,0,0,0,216.0,0.2908582094500553,9.174626758788055,2,0.0
39,22,836.4606389415194,72.0,144.0,162.12,0,0,3,216.0,0.3333333333333333,0.0,0,0.0
40,22,1563.034444486592,113.3242097232579,102.6757902767421,216.56,0,0,4,216.0,0.5246491190891569,6.675790276742101,1,0.0
41,22,2126.4364661840623,120.0,96.0,269.56,0,0,2,216.0,0.5555555555555556,0.0,0,0.0
42,22,2349.5287912,120.0,96.0,269.32,0,0,2,216.0,0.5555555555555556,0.0,0,0.0
1,23,2476.322873,48.0,168.0,0.0,0,0,0,216.0,0.2222222222222222,0.0,0,0.0
2,23,3288.623549218212,72.0,144.0,107.19999999999999,0,0,0,216.0,0.3333333333333333,0.0,0,0.0
3,23,2463.2004045376098,120.0,96.0,160.68,0,0,0,216.0,0.5555555555555556,0.0,0,1.5
4,23,4039.6017862,120.0,96.0,216.32,0,0,1,216.0,0.5555555555555556,0.0,0,0.0
5,23,3669.656462,96.0,120.0,161.64000000000001,0,0,0,216.0,0.4444444444444444,0.0,0,0.0
6,23,2595.7581189852885,91.6348339403916,124.3651660596084,217.28,0,0,0,216.0,0.4242353423166278,4.365166059608402,1,1.2
7,23,3115.229894264021,144.0,72.0,271.96,0,0,0,216.0,0.6666666666666666,0.0,0,1.8
8,23,4013.4079587472697,112.10977131284352,103.89022868715648,274.12,0,0,2,216.0,0.5190267190409422,7.890228687156487,1,0.0
9,23,2595.572934677932,137.40839037421645,78.59160962578355,324.96,0,0,1,216.0,0.6361499554361872,6.591609625783542,1,1.8
10,23,4245.9770163472695,144.0,72.0,323.76,0,0,4,216.0,0.6666666666666666,0.0,0,0.0
11,23,3674.369592364425,144.0,72.0,267.40000000000003,0,0,2,216.0,0.6666666666666666,0.0,0,0.0
12,23,4523.59246663761,192.0,24.0,324.24,0,0,2,216.0,0.8888888888888888,0.0,0,0.0
13,23,5056.008714837611,144.0,72.0,270.52,0,0,1,216.0,0.6666666666666666,0.0,0,0.0
14,23,3038.9711022999286,138.9614063608001,77.03859363919989,271.24,0,0,0,216.0,0.6433398442629635,5.038593639199894,1,0.0
15,23,2795.143882000001,144.0,72.0,269.56,0,0,0,216.0,0.6666666666666666,0.0,0,0.0
16,23,3455.6167912,168.0,48.0,376.76,0,0,0,216.0,0.7777777777777778,0.0,0,2.1
17,23,3474.0304014250505,138.2559544470036,77.7440455529964,214.15999999999997,0,0,0,216.0,0.6400738631805722,5.744045552996381,1,0.0
18,23,4300.095717805225,140.23378553734662,75.76621446265338,323.52,0,0,1,216.0,0.6492304885988269,3.7662144626533878,1,0.0
19,23,4735.890060500001,168.0,48.0,325.44,0,0,1,216.0,0.7777777777777778,0.0,0,0.0
20,23,4831.899172367529,163.99527606243365,52.004723937566354,322.08000000000004,0,0,0,216.0,0.7592373891779336,4.0047239375663475,1,0.0
21,23,4336.173695491385,164.34118290379183,51.65881709620817,323.04,0,0,0,216.0,0.760838809739777,3.6588170962081548,1,0.0
22,23,1577.9026847523874,72.0,144.0,161.4,0,0,0,216.0,0.3333333333333333,0.0,0,0.0
23,23,699.4371818,72.0,144.0,163.56,0,0,1,216.0,0.3333333333333333,0.0,0,0.8999999999999999
24,23,1263.961643,96.0,120.0,217.52,0,0,2,216.0,0.4444444444444444,0.0,0,0.0
25,23,1091.0733512176264,96.0,120.0,217.28000000000003,0,0,2,216.0,0.4444444444444444,0.0,0,0.0
26,23,2116.368224,96.0,120.0,217.04000000000002,0,0,0,216.0,0.4444444444444444,0.0,0,0.0
27,23,2446.904332052388,117.14680703512144,98.85319296487856,269.08,0,0,1,216.0,0.542346328866303,2.853192964878561,1,0.0
28,23,3242.177817,120.0,96.0,268.6,0,0,0,216.0,0.5555555555555556,0.0,0,0.0
29,23,2353.211702,120.0,96.0,271.96000000000004,0,0,0,216.0,0.5555555555555556,0.0,0,0.0
30,23,1891.8219289999997,72.0,144.0,163.08,0,0,0,216.0,0.3333333333333333,0.0,0,0.0
31,23,2466.270946999999,96.0,120.0,217.28,0,0,0,216.0,0.4444444444444444,0.0,0,0.0
32,23,2859.649442,120.0,96.0,163.32,0,0,0,216.0,0.5555555555555556,0.0,0,0.0
33,23,3221.884409,120.0,96.0,273.64,0,0,0,216.0,0.5555555555555556,0.0,0,0.0
34,23,2524.721719217626,96.0,120.0,218.24,0,0,2,216.0,0.4444444444444444,0.0,0,0.0
35,23,2322.79648307573,141.32337544970443,74.67662455029557,323.52,0,0,1,216.0,0.6542748863412242,2.676624550295558,1,1.8
36,23,2449.474766448646,141.19783567301653,74.80216432698347,324.24,0,0,1,216.0,0.6536936836713728,2.8021643269834677,1,0.0
37,23,2035.2676175943136,96.0,120.0,214.4,0,0,0,216.0,0.4444444444444444,0.0,0,0.0
38,23,827.2254809000001,72.0,144.0,162.84,0,0,0,216.0,0.3333333333333333,0.0,0,0.8999999999999999
39,23,988.8905898052241,72.0,144.0,162.12,0,0,2,216.0,0.3333333333333333,0.0,0,0.0
40,23,1767.411392115059,120.0,96.0,216.56,0,0,4,216.0,0.5555555555555556,0.0,0,0.0
41,23,1937.5746557887883,120.0,96.0,269.56,0,0,3,216.0,0.5555555555555556,0.0,0,0.0
42,23,2076.8388124,120.0,96.0,269.32,0,0,2,216.0,0.5555555555555556,0.0,0,0.0
1,24,2476.322873,48.0,168.0,0.0,0,0,0,216.0,0.2222222222222222,0.0,0,0.0
2,24,3549.684718,72.0,144.0,107.19999999999999,0,0,0,216.0,0.3333333333333333,0.0,0,0.0
3,24,3895.941154,120.0,96.0,160.68,0,0,0,216.0,0.5555555555555556,0.0,0,0.0
4,24,4075.9117382477734,114.16979768882636,101.83020231117364,216.32,0,0,0,216.0,0.528563878189011,5.830202311173627,2,0.0
5,24,3630.5907779290283,95.23206561823012,120.76793438176988,161.64000000000001,0,0,0,216.0,0.44088919267699134,0.7679343817698787,1,0.0
6,24,3795.7709779999996,96.0,120.0,217.28,0,0,0,216.0,0.4444444444444444,0.0,0,0.0
7,24,4466.5630856227235,139.50097273435136,76.49902726564864,271.96,0,0,0,216.0,0.6458378367331081,4.49902726564864,1,0.0
8,24,4224.334669920372,114.99894167382199,101.00105832617801,274.12,0,0,0,216.0,0.5324025077491759,5.001058326178013,1,0.0
9,24,3611.528769816437,139.8712352807741,76.1287647192259,324.96,0,0,1,216.0,0.647552015188769,4.128764719225898,1,0.0
10,24,2830.281604763986,142.5369899402773,73.4630100597227,323.76,0,0,0,216.0,0.6598934719457282,1.4630100597227034,1,1.8
11,24,3031.0846248091643,144.0,72.0,267.40000000000003,0,0,2,216.0,0.6666666666666666,0.0,0,1.8
12,24,4330.47664139759,192.0,24.0,324.24,0,0,2,216.0,0.8888888888888888,0.0,0,0.0
13,24,5483.204742000001,144.0,72.0,270.52,0,0,0,216.0,0.6666666666666666,0.0,0,0.0
14,24,3193.9078021178393,144.0,72.0,271.24,0,0,0,216.0,0.6666666666666666,0.0,0,0.0
15,24,2795.143882000001,144.0,72.0,269.56,0,0,0,216.0,0.6666666666666666,0.0,0,0.0
16,24,4936.595416,168.0,48.0,376.76,0,0,0,216.0,0.7777777777777778,0.0,0,0.0
17,24,3667.8019889999996,144.0,72.0,214.15999999999997,0,0,0,216.0,0.6666666666666666,0.0,0,0.0
18,24,4962.8571600000005,144.0,72.0,323.52,0,0,0,216.0,0.6666666666666666,0.0,0,0.0
19,24,4898.695714,168.0,48.0,325.44,0,0,0,216.0,0.7777777777777778,0.0,0,0.0
20,24,3444.4572316,168.0,48.0,322.08000000000004,0,0,0,216.0,0.7777777777777778,0.0,0,2.1
21,24,3913.3106791227233,168.0,48.0,323.04,0,0,2,216.0,0.7777777777777778,0.0,0,0.0
22,24,1847.662005,72.0,144.0,161.4,0,0,0,216.0,0.3333333333333333,0.0,0,0.0
23,24,1476.6580459999998,72.0,144.0,163.56,0,0,0,216.0,0.3333333333333333,0.0,0,0.0
24,24,2082.4126559999995,96.0,120.0,217.52,0,0,1,216.0,0.4444444444444444,0.0,0,0.0
25,24,2379.314215999999,96.0,120.0,217.28000000000003,0,0,0,216.0,0.4444444444444444,0.0,0,0.0
26,24,2116.368224,96.0,120.0,217.04000000000002,0,0,0,216.0,0.4444444444444444,0.0,0,0.0
27,24,2776.496117,120.0,96.0,269.08,0,0,0,216.0,0.5555555555555556,0.0,0,0.0
28,24,3242.177817,120.0,96.0,268.6,0,0,0,216.0,0.5555555555555556,0.0,0,0.0
29,24,1619.1918273234237,117.17025880274556,98.82974119725444,271.96000000000004,0,0,0,216.0,0.5424549018645628,2.8297411972544406,1,1.5
30,24,1260.1687601359972,69.55585175527558,146.44414824472443,163.08,0,0,1,216.0,0.3220178322003499,2.4441482447244147,1,0.8999999999999999
31,24,2336.233615523423,96.0,120.0,217.28,0,0,1,216.0,0.4444444444444444,0.0,0,0.0
32,24,2665.5011482717214,114.01165135065781,101.98834864934219,163.32,0,0,0,216.0,0.5278317192160084,5.9883486493421945,1,0.0
33,24,2537.272275003435,120.0,96.0,273.64,0,0,0,216.0,0.5555555555555556,0.0,0,0.0
34,24,2742.1066844685424,96.0,120.0,218.24,0,0,1,216.0,0.4444444444444444,0.0,0,0.0
35,24,3410.154367,144.0,72.0,323.52,0,0,0,216.0,0.6666666666666666,0.0,0,0.0
36,24,3216.5435880000005,144.0,72.0,324.24,1,0,1,216.0,0.6666666666666666,0.0,0,0.0
37,24,2073.793698040985,96.0,120.0,214.4,0,0,2,216.0,0.4444444444444444,0.0,0,0.0
38,24,827.2254809000001,72.0,144.0,162.84,0,0,0,216.0,0.3333333333333333,0.0,0,0.8999999999999999
39,24,1125.7909335290287,72.0,144.0,162.12,0,0,2,216.0,0.3333333333333333,0.0,0,0.0
40,24,1464.8178464408625,118.53060546398993,97.46939453601007,216.56,0,0,2,216.0,0.5487528030740274,1.4693945360100713,1,0.0
41,24,2240.4991096512185,120.0,96.0,269.56,0,0,0,216.0,0.5555555555555556,0.0,0,0.0
42,24,2051.6790848566097,120.0,96.0,269.32,0,0,2,216.0,0.5555555555555556,0.0,0,0.0
1,25,2476.322873,48.0,168.0,0.0,0,0,0,216.0,0.2222222222222222,0.0,0,0.0
2,25,3549.684718,72.0,144.0,107.19999999999999,0,0,0,216.0,0.3333333333333333,0.0,0,0.0
3,25,3895.941154,120.0,96.0,160.68,0,0,0,216.0,0.5555555555555556,0.0,0,0.0
4,25,3768.954830299781,120.0,96.0,216.32,0,0,0,216.0,0.5555555555555556,0.0,0,0.0
5,25,3669.656462,96.0,120.0,161.64000000000001,0,0,0,216.0,0.4444444444444444,0.0,0,0.0
6,25,3795.7709779999996,96.0,120.0,217.28,0,0,0,216.0,0.4444444444444444,0.0,0,0.0
7,25,4566.272014999999,144.0,72.0,271.96,0,0,0,216.0,0.6666666666666666,0.0,0,0.0
8,25,4364.906886,120.0,96.0,274.12,0,0,0,216.0,0.5555555555555556,0.0,0,0.0
9,25,2630.081903576527,139.28873001723224,76.71126998276776,324.96,0,0,0,216.0,0.6448552315612603,4.711269982767748,1,1.8
10,25,4247.647947281468,140.6678469482868,75.33215305171319,323.76,0,0,1,216.0,0.6512400321679945,3.3321530517131954,1,0.0
11,25,4507.253524899999,144.0,72.0,267.40000000000003,0,0,1,216.0,0.6666666666666666,0.0,0,0.0
12,25,3191.756587536154,192.0,24.0,324.24,0,0,0,216.0,0.8888888888888888,0.0,0,2.4
13,25,4954.316704259891,144.0,72.0,270.52,0,0,1,216.0,0.6666666666666666,0.0,0,0.0
14,25,3450.0541549999994,144.0,72.0,271.24,0,0,0,216.0,0.6666666666666666,0.0,0,0.0
15,25,2615.5510714608354,144.0,72.0,269.56,0,0,0,216.0,0.6666666666666666,0.0,0,0.0
16,25,4936.595416,168.0,48.0,376.76,0,0,0,216.0,0.7777777777777778,0.0,0,0.0
17,25,3667.8019889999996,144.0,72.0,214.15999999999997,0,0,0,216.0,0.6666666666666666,0.0,0,0.0
18,25,4848.360082858863,138.34416470170987,77.65583529829013,323.52,0,0,0,216.0,0.6404822439893976,5.655835298290123,1,0.0
19,25,4898.695714,168.0,48.0,325.44,0,0,0,216.0,0.7777777777777778,0.0,0,0.0
20,25,4869.8394471698575,163.39457139264357,52.60542860735643,322.08000000000004,0,0,0,216.0,0.7564563490400166,4.605428607356423,2,0.0
21,25,3879.3123824485633,168.0,48.0,323.04,0,0,0,216.0,0.7777777777777778,0.0,0,0.0
22,25,1847.662005,72.0,144.0,161.4,0,0,0,216.0,0.3333333333333333,0.0,0,0.0
23,25,1476.6580459999998,72.0,144.0,163.56,0,0,0,216.0,0.3333333333333333,0.0,0,0.0
24,25,2194.564311999999,96.0,120.0,217.52,0,0,0,216.0,0.4444444444444444,0.0,0,0.0
25,25,2341.737560999999,96.0,120.0,217.28000000000003,0,0,1,216.0,0.4444444444444444,0.0,0,0.0
26,25,2116.368224,96.0,120.0,217.04000000000002,0,0,0,216.0,0.4444444444444444,0.0,0,0.0
27,25,2684.2235063000003,120.0,96.0,269.08,0,0,1,216.0,0.5555555555555556,0.0,0,0.0
28,25,2884.0381626839585,115.11105973276993,100.88894026723007,268.6,0,0,0,216.0,0.5329215728368978,4.8889402672300735,1,0.0
29,25,2064.7455299000003,120.0,96.0,271.96000000000004,0,0,1,216.0,0.5555555555555556,0.0,0,0.0
30,25,1603.3557569,72.0,144.0,163.08,0,0,1,216.0,0.3333333333333333,0.0,0,0.0
31,25,2177.8047748999998,93.77785183130769,122.22214816869231,217.28,0,0,2,216.0,0.4341567214412393,2.2221481686923057,1,0.0
32,25,2859.649442,120.0,96.0,163.32,0,0,0,216.0,0.5555555555555556,0.0,0,0.0
33,25,3221.884409,120.0,96.0,273.64,0,0,0,216.0,0.5555555555555556,0.0,0,0.0
34,25,2475.9783005308295,90.45174265986252,125.54825734013748,218.24,0,0,0,216.0,0.41875806786973385,5.548257340137487,1,0.0
35,25,2351.868196681502,141.51321355834506,74.48678644165494,323.52,0,0,0,216.0,0.6551537664738197,2.486786441654954,1,1.8
36,25,3221.1989371,144.0,72.0,324.24,0,0,1,216.0,0.6666666666666666,0.0,0,0.0
37,25,2228.1399854197416,96.0,120.0,214.4,0,0,1,216.0,0.4444444444444444,0.0,0,0.0
38,25,1181.7506870000002,72.0,144.0,162.84,0,0,0,216.0,0.3333333333333333,0.0,0,0.0
39,25,1217.210302999999,72.0,144.0,162.12,0,0,0,216.0,0.3333333333333333,0.0,0,0.0
40,25,2050.2769759999983,120.0,96.0,216.56,0,0,0,216.0,0.5555555555555556,0.0,0,0.0
41,25,1934.749331901009,120.0,96.0,269.56,0,0,2,216.0,0.5555555555555556,0.0,0,0.0
42,25,1730.106942054059,114.81627742999873,101.18372257000127,269.32,0,0,1,216.0,0.5315568399536978,5.18372257000126,1,1.5
1,26,1733.4260110999999,48.0,168.0,0.0,0,0,0,216.0,0.2222222222222222,0.0,0,0.6
2,26,1904.093228326678,72.0,144.0,107.19999999999999,0,0,0,216.0,0.3333333333333333,0.0,0,0.8999999999999999
3,26,3132.9640699266783,120.0,96.0,160.68,0,0,3,216.0,0.5555555555555556,0.0,0,0.0
4,26,3958.34987328335,120.0,96.0,216.32,0,0,1,216.0,0.5555555555555556,0.0,0,0.0
5,26,2327.505813435836,96.0,120.0,161.64000000000001,0,0,0,216.0,0.4444444444444444,0.0,0,1.2
6,26,3502.059266694454,94.21486864393086,121.78513135606914,217.28,0,0,1,216.0,0.43617994742560584,1.7851313560691509,1,0.0
7,26,4390.793677835835,144.0,72.0,271.96,0,0,1,216.0,0.6666666666666666,0.0,0,0.0
8,26,4364.906886,120.0,96.0,274.12,0,0,0,216.0,0.5555555555555556,0.0,0,0.0
9,26,3869.1184120000003,144.0,72.0,324.96,0,0,0,216.0,0.6666666666666666,0.0,0,0.0
10,26,3455.2061053999996,144.0,72.0,323.76,0,0,0,216.0,0.6666666666666666,0.0,0,1.8
11,26,4056.8233052067862,140.24905226093654,75.75094773906346,267.40000000000003,0,0,2,216.0,0.6493011678747062,3.750947739063461,1,0.0
12,26,4410.951762306788,192.0,24.0,324.24,0,0,2,216.0,0.8888888888888888,0.0,0,0.0
13,26,4982.833879942414,144.0,72.0,270.52,0,0,0,216.0,0.6666666666666666,0.0,0,0.0
14,26,3450.0541549999994,144.0,72.0,271.24,0,0,0,216.0,0.6666666666666666,0.0,0,0.0
15,26,2515.278589030031,141.0138502004333,74.9861497995667,269.56,0,0,1,216.0,0.65284189907608,2.986149799566689,1,0.0
16,26,4772.297992,168.0,48.0,376.76,0,0,1,216.0,0.7777777777777778,0.0,0,0.0
17,26,2221.333453138182,144.0,72.0,214.15999999999997,0,0,0,216.0,0.6666666666666666,0.0,0,0.0
18,26,4680.357909299448,139.49194528530094,76.50805471469906,323.52,0,0,1,216.0,0.6457960429875044,4.508054714699059,1,0.0
19,26,4462.989942316582,168.0,48.0,325.44,0,0,0,216.0,0.7777777777777778,0.0,0,0.0
20,26,4750.406816563428,163.64022719373662,52.35977280626338,322.08000000000004,0,0,0,216.0,0.7575936444154473,4.35977280626339,1,0.0
21,26,4458.501877999999,168.0,48.0,323.04,0,0,0,216.0,0.7777777777777778,0.0,0,0.0
22,26,1847.662005,72.0,144.0,161.4,0,0,0,216.0,0.3333333333333333,0.0,0,0.0
23,26,1476.6580459999998,72.0,144.0,163.56,0,0,0,216.0,0.3333333333333333,0.0,0,0.0
24,26,2194.564311999999,96.0,120.0,217.52,0,0,0,216.0,0.4444444444444444,0.0,0,0.0
25,26,2379.314215999999,96.0,120.0,217.28000000000003,0,0,0,216.0,0.4444444444444444,0.0,0,0.0
26,26,2116.368224,96.0,120.0,217.04000000000002,0,0,0,216.0,0.4444444444444444,0.0,0,0.0
27,26,2776.496117,120.0,96.0,269.08,0,0,0,216.0,0.5555555555555556,0.0,0,0.0
28,26,3165.51065776411,116.07712564967183,99.92287435032817,268.6,0,0,0,216.0,0.5373941002299621,3.922874350328175,1,0.0
29,26,2353.211702,120.0,96.0,271.96000000000004,0,0,0,216.0,0.5555555555555556,0.0,0,0.0
30,26,1597.5071690069997,72.0,144.0,163.08,0,0,1,216.0,0.3333333333333333,0.0,0,0.0
31,26,1294.2608464078946,96.0,120.0,217.28,0,0,2,216.0,0.4444444444444444,0.0,0,0.0
32,26,1675.9846473027037,115.51105282084077,100.48894717915923,163.32,0,0,2,216.0,0.5347733926890776,4.48894717915923,1,0.0
33,26,2500.9097893749217,120.0,96.0,273.64,0,0,3,216.0,0.5555555555555556,0.0,0,0.0
34,26,2526.217774118882,96.0,120.0,218.24,0,0,0,216.0,0.4444444444444444,0.0,0,0.0
35,26,3231.1947729999997,144.0,72.0,323.52,0,0,1,216.0,0.6666666666666666,0.0,0,0.0
36,26,3211.078099150881,139.80943242526328,76.19056757473672,324.24,1,0,1,216.0,0.6472658908577004,4.190567574736722,1,0.0
37,26,1843.776247,96.0,120.0,214.4,0,0,1,216.0,0.4444444444444444,0.0,0,0.0
38,26,917.3685187875185,72.0,144.0,162.84,0,0,1,216.0,0.3333333333333333,0.0,0,0.0
39,26,442.6268797875184,72.0,144.0,162.12,0,0,3,216.0,0.3333333333333333,0.0,0,0.0
40,26,686.2186212866761,120.0,96.0,216.56,0,0,4,216.0,0.5555555555555556,0.0,0,1.5
41,26,846.7865654375562,120.0,96.0,269.56,0,0,4,216.0,0.5555555555555556,0.0,0,0.0
42,26,1882.3675062046646,120.0,96.0,269.32,0,0,2,216.0,0.5555555555555556,0.0,0,0.0
1,27,2225.397075188911,43.365664979368795,172.6343350206312,0.0,0,0,0,216.0,0.20076696749707776,4.6343350206312035,1,0.0
2,27,3549.684718,72.0,144.0,107.19999999999999,0,0,0,216.0,0.3333333333333333,0.0,0,0.0
3,27,3895.941154,120.0,96.0,160.68,0,0,0,216.0,0.5555555555555556,0.0,0,0.0
4,27,4227.068211,120.0,96.0,216.32,0,0,0,216.0,0.5555555555555556,0.0,0,0.0
5,27,2568.7595233999996,96.0,120.0,161.64000000000001,0,0,0,216.0,0.4444444444444444,0.0,0,1.2
6,27,3795.7709779999996,96.0,120.0,217.28,0,0,0,216.0,0.4444444444444444,0.0,0,0.0
7,27,4566.272014999999,144.0,72.0,271.96,0,0,0,216.0,0.6666666666666666,0.0,0,0.0
8,27,4364.906886,120.0,96.0,274.12,0,0,0,216.0,0.5555555555555556,0.0,0,0.0
9,27,3869.1184120000003,144.0,72.0,324.96,0,0,0,216.0,0.6666666666666666,0.0,0,0.0
10,27,4278.568226405978,144.0,72.0,323.76,0,0,0,216.0,0.6666666666666666,0.0,0,0.0
11,27,4140.311285564235,144.0,72.0,267.40000000000003,0,0,1,216.0,0.6666666666666666,0.0,0,0.0
12,27,4483.772333625965,192.0,24.0,324.24,0,0,0,216.0,0.8888888888888888,0.0,0,0.0
13,27,4914.925282625964,140.27640682671074,75.72359317328926,270.52,0,0,1,216.0,0.6494278093829201,3.7235931732892684,1,0.0
14,27,3450.0541549999994,144.0,72.0,271.24,0,0,0,216.0,0.6666666666666666,0.0,0,0.0
15,27,2608.510753800001,139.87694335672217,76.12305664327783,269.56,0,0,1,216.0,0.6475784414663063,4.123056643277821,1,0.0
16,27,4838.0733648,163.98221858011036,52.017781419889644,376.76,0,0,1,216.0,0.7591769378708813,4.017781419889653,1,0.0
17,27,3667.8019889999996,144.0,72.0,214.15999999999997,0,0,0,216.0,0.6666666666666666,0.0,0,0.0
18,27,4962.8571600000005,144.0,72.0,323.52,0,0,0,216.0,0.6666666666666666,0.0,0,0.0
19,27,4898.695714,168.0,48.0,325.44,0,0,0,216.0,0.7777777777777778,0.0,0,0.0
20,27,4452.924373045703,163.5894611017678,52.410538898232204,322.08000000000004,0,0,0,216.0,0.7573586162118879,4.410538898232206,1,0.0
21,27,4458.501877999999,168.0,48.0,323.04,0,0,0,216.0,0.7777777777777778,0.0,0,0.0
22,27,1847.662005,72.0,144.0,161.4,0,0,0,216.0,0.3333333333333333,0.0,0,0.0
23,27,1476.6580459999998,72.0,144.0,163.56,0,0,0,216.0,0.3333333333333333,0.0,0,0.0
24,27,1864.4780101149995,96.0,120.0,217.52,0,0,0,216.0,0.4444444444444444,0.0,0,0.0
25,27,2341.737560999999,96.0,120.0,217.28000000000003,0,0,1,216.0,0.4444444444444444,0.0,0,0.0
26,27,2116.368224,96.0,120.0,217.04000000000002,0,0,0,216.0,0.4444444444444444,0.0,0,0.0
27,27,2776.496117,120.0,96.0,269.08,0,0,0,216.0,0.5555555555555556,0.0,0,0.0
28,27,3210.227145115001,120.0,96.0,268.6,0,0,1,216.0,0.5555555555555556,0.0,0,0.0
29,27,2353.211702,120.0,96.0,271.96000000000004,0,0,0,216.0,0.5555555555555556,0.0,0,0.0
30,27,1324.2753503,72.0,144.0,163.08,0,0,0,216.0,0.3333333333333333,0.0,0,0.8999999999999999
31,27,2255.0271031999996,96.0,120.0,217.28,0,0,2,216.0,0.4444444444444444,0.0,0,0.0
32,27,2859.649442,120.0,96.0,163.32,0,0,0,216.0,0.5555555555555556,0.0,0,0.0
33,27,2676.227403837767,120.0,96.0,273.64,0,0,1,216.0,0.5555555555555556,0.0,0,0.0
34,27,1888.9950218377676,96.0,120.0,218.24,0,0,1,216.0,0.4444444444444444,0.0,0,1.2
35,27,2818.741975237767,144.0,72.0,323.52,0,0,2,216.0,0.6666666666666666,0.0,0,0.0
36,27,2479.4289826665877,141.15661416545896,74.84338583454104,324.24,0,0,0,216.0,0.6535028433586063,2.8433858345410448,1,1.8
37,27,2522.7442659999997,96.0,120.0,214.4,0,0,0,216.0,0.4444444444444444,0.0,0,0.0
38,27,1159.3776646753163,68.63925755129875,147.36074244870125,162.84,0,0,0,216.0,0.31777434051527204,3.3607424487012487,1,0.0
39,27,742.4305765618653,72.0,144.0,162.12,0,0,1,216.0,0.3333333333333333,0.0,0,0.0
40,27,1273.414010596089,120.0,96.0,216.56,0,0,4,216.0,0.5555555555555556,0.0,0,0.0
41,27,2224.8562969000004,120.0,96.0,269.56,0,0,2,216.0,0.5555555555555556,0.0,0,0.0
42,27,2175.9205521311314,117.81836316455656,98.18163683544344,269.32,0,0,1,216.0,0.5454553850210951,2.1816368354434337,1,0.0
1,28,2476.322873,48.0,168.0,0.0,0,0,0,216.0,0.2222222222222222,0.0,0,0.0
2,28,3549.684718,72.0,144.0,107.19999999999999,0,0,0,216.0,0.3333333333333333,0.0,0,0.0
3,28,3102.4272229173657,115.79013321551842,100.20986678448158,160.68,0,0,0,216.0,0.5360654315533261,4.209866784481573,1,0.0
4,28,3868.71887684563,120.0,96.0,216.32,0,0,0,216.0,0.5555555555555556,0.0,0,0.0
5,28,3497.7691204644634,90.42241443990616,125.57758556009384,161.64000000000001,0,0,0,216.0,0.41862228907363963,5.577585560093828,1,0.0
6,28,3649.5138607763347,91.54186796397977,124.45813203602023,217.28,0,0,0,216.0,0.4238049442776841,4.45813203602023,1,0.0
7,28,4178.1065238882275,144.0,72.0,271.96,0,0,0,216.0,0.6666666666666666,0.0,0,0.0
8,28,4364.906886,120.0,96.0,274.12,0,0,0,216.0,0.5555555555555556,0.0,0,0.0
9,28,3869.1184120000003,144.0,72.0,324.96,0,0,0,216.0,0.6666666666666666,0.0,0,0.0
10,28,3427.113610336669,139.5923274990236,76.40767250097639,323.76,0,0,0,216.0,0.6462607754584426,4.407672500976404,1,1.8
11,28,3796.8664984279153,138.27065892141314,77.72934107858686,267.40000000000003,0,0,2,216.0,0.6401419394509867,5.729341078586845,1,0.0
12,28,3562.7399136,192.0,24.0,324.24,0,0,0,216.0,0.8888888888888888,0.0,0,2.4
13,28,4905.249669876958,144.0,72.0,270.52,0,0,0,216.0,0.6666666666666666,0.0,0,0.0
14,28,3450.0541549999994,144.0,72.0,271.24,0,0,0,216.0,0.6666666666666666,0.0,0,0.0
15,28,2658.5095394644645,144.0,72.0,269.56,0,0,1,216.0,0.6666666666666666,0.0,0,0.0
16,28,4152.22173459033,168.0,48.0,376.76,0,0,1,216.0,0.7777777777777778,0.0,0,0.0
17,28,3482.971121759484,144.0,72.0,214.15999999999997,0,0,1,216.0,0.6666666666666666,0.0,0,0.0
18,28,4816.783103759484,144.0,72.0,323.52,0,0,2,216.0,0.6666666666666666,0.0,0,0.0
19,28,4898.695714,168.0,48.0,325.44,0,0,0,216.0,0.7777777777777778,0.0,0,0.0
20,28,3131.0471214271643,155.14944606353697,60.85055393646303,322.08000000000004,0,0,0,216.0,0.7182844725163748,12.85055393646303,2,2.1
21,28,3734.4439957415107,168.0,48.0,323.04,0,0,2,216.0,0.7777777777777778,0.0,0,0.0
22,28,1391.12387327418,68.22742091813518,147.77257908186482,161.4,0,0,0,216.0,0.315867689435811,3.772579081864816,1,0.0
23,28,782.4362154470975,72.0,144.0,163.56,0,0,2,216.0,0.3333333333333333,0.0,0,0.0
24,28,1027.7217014406851,96.0,120.0,217.52,0,0,3,216.0,0.4444444444444444,0.0,0,0.0
25,28,2111.1668725923673,96.0,120.0,217.28000000000003,0,0,1,216.0,0.4444444444444444,0.0,0,0.0
26,28,1924.8873346637324,96.0,120.0,217.04000000000002,0,0,1,216.0,0.4444444444444444,0.0,0,0.0
27,28,2257.6202236637328,120.0,96.0,269.08,0,0,2,216.0,0.5555555555555556,0.0,0,0.0
28,28,2949.430888,120.0,96.0,268.6,0,0,1,216.0,0.5555555555555556,0.0,0,0.0
29,28,2128.517684276836,120.0,96.0,271.96000000000004,0,0,0,216.0,0.5555555555555556,0.0,0,0.0
30,28,1821.315931,72.0,144.0,163.08,0,0,1,216.0,0.3333333333333333,0.0,0,0.0
31,28,1933.4530293431117,90.84665778617611,125.15334221382389,217.28,0,0,2,216.0,0.4205863786397042,5.153342213823894,1,0.0
32,28,2298.3554087884872,110.42207133038558,105.57792866961442,163.32,0,0,0,216.0,0.5112132931962295,9.577928669614419,2,0.0
33,28,3008.0829675755826,120.0,96.0,273.64,0,0,1,216.0,0.5555555555555556,0.0,0,0.0
34,28,2624.1744137763344,96.0,120.0,218.24,0,0,1,216.0,0.4444444444444444,0.0,0,0.0
35,28,2387.1080569,144.0,72.0,323.52,0,0,0,216.0,0.6666666666666666,0.0,0,1.8
36,28,2251.5805115999997,144.0,72.0,324.24,0,0,1,216.0,0.6666666666666666,0.0,0,1.8
37,28,2319.7681557346355,96.0,120.0,214.4,0,0,1,216.0,0.4444444444444444,0.0,0,0.0
38,28,827.2254809000001,72.0,144.0,162.84,0,0,0,216.0,0.3333333333333333,0.0,0,0.8999999999999999
39,28,1085.7282297870943,72.0,144.0,162.12,0,0,2,216.0,0.3333333333333333,0.0,0,0.0
40,28,1155.5044860910555,118.09583408953247,97.90416591046753,216.56,0,0,2,216.0,0.5467399726367245,1.9041659104675244,1,0.0
41,28,1618.160958491055,120.0,96.0,269.56,0,0,2,216.0,0.5555555555555556,0.0,0,0.0
42,28,1976.0627348456305,120.0,96.0,269.32,0,0,2,216.0,0.5555555555555556,0.0,0,0.0
1,29,2476.322873,48.0,168.0,0.0,0,0,0,216.0,0.2222222222222222,0.0,0,0.0
2,29,3325.505098503067,67.37793659925752,148.6220634007425,107.19999999999999,0,0,0,216.0,0.3119348916632293,4.622063400742478,1,0.0
3,29,3101.7782553767265,120.0,96.0,160.68,0,0,0,216.0,0.5555555555555556,0.0,0,0.0
4,29,4157.479645465424,120.0,96.0,216.32,0,0,1,216.0,0.5555555555555556,0.0,0,0.0
5,29,3669.656462,96.0,120.0,161.64000000000001,0,0,0,216.0,0.4444444444444444,0.0,0,0.0
6,29,3564.892512615641,91.84118034003693,124.15881965996307,217.28,0,0,0,216.0,0.4251906497223932,4.15881965996307,1,0.0
7,29,4518.200866728268,141.44731767145822,74.55268232854178,271.96,0,0,0,216.0,0.6548486929234177,2.5526823285417723,1,0.0
8,29,4364.906886,120.0,96.0,274.12,0,0,0,216.0,0.5555555555555556,0.0,0,0.0
9,29,3869.1184120000003,144.0,72.0,324.96,0,0,0,216.0,0.6666666666666666,0.0,0,0.0
10,29,4753.155277600776,140.62288960156923,75.37711039843077,323.76,0,0,0,216.0,0.6510318963035613,3.3771103984307755,1,0.0
11,29,4374.917504473615,136.17633333929814,79.82366666070186,267.40000000000003,1,0,0,216.0,0.6304459876819358,7.823666660701845,2,0.0
12,29,3555.3446475184273,192.0,24.0,324.24,0,0,1,216.0,0.8888888888888888,0.0,0,2.4
13,29,4460.383435670935,144.0,72.0,270.52,0,0,1,216.0,0.6666666666666666,0.0,0,0.0
14,29,3034.1298170709347,140.67213104307316,75.32786895692684,271.24,0,0,2,216.0,0.6512598659401535,3.3278689569268307,1,0.0
15,29,2348.0120375562865,144.0,72.0,269.56,0,0,1,216.0,0.6666666666666666,0.0,0,0.0
16,29,4719.61167948535,168.0,48.0,376.76,0,0,1,216.0,0.7777777777777778,0.0,0,0.0
17,29,3501.648150282688,144.0,72.0,214.15999999999997,0,0,0,216.0,0.6666666666666666,0.0,0,0.0
18,29,4480.185312227611,139.5026458767671,76.4973541232329,323.52,0,0,0,216.0,0.6458455827628107,4.497354123232888,1,0.0
19,29,4600.365582706659,168.0,48.0,325.44,0,0,0,216.0,0.7777777777777778,0.0,0,0.0
20,29,4695.03343161564,168.0,48.0,322.08000000000004,0,0,1,216.0,0.7777777777777778,0.0,0,0.0
21,29,4279.002378151081,162.6311976084351,53.36880239156491,323.04,0,0,0,216.0,0.7529222111501624,5.36880239156491,1,0.0
22,29,1717.409206170706,67.45209819727526,148.54790180272474,161.4,0,0,0,216.0,0.31227823239479285,4.547901802724734,1,0.0
23,29,1354.3515025561148,72.0,144.0,163.56,0,0,1,216.0,0.3333333333333333,0.0,0,0.0
24,29,2194.564311999999,96.0,120.0,217.52,0,0,0,216.0,0.4444444444444444,0.0,0,0.0
25,29,2341.737560999999,96.0,120.0,217.28000000000003,0,0,1,216.0,0.4444444444444444,0.0,0,0.0
26,29,2116.368224,96.0,120.0,217.04000000000002,0,0,0,216.0,0.4444444444444444,0.0,0,0.0
27,29,2684.2235063000003,120.0,96.0,269.08,0,0,1,216.0,0.5555555555555556,0.0,0,0.0
28,29,3242.177817,120.0,96.0,268.6,0,0,0,216.0,0.5555555555555556,0.0,0,0.0
29,29,2064.7455299000003,120.0,96.0,271.96000000000004,0,0,1,216.0,0.5555555555555556,0.0,0,0.0
30,29,1603.3557569,72.0,144.0,163.08,0,0,1,216.0,0.3333333333333333,0.0,0,0.0
31,29,2225.8759231717313,96.0,120.0,217.28,0,0,2,216.0,0.4444444444444444,0.0,0,0.0
32,29,2859.649442,120.0,96.0,163.32,0,0,0,216.0,0.5555555555555556,0.0,0,0.0
33,29,3210.9627109999997,120.0,96.0,273.64,0,0,1,216.0,0.5555555555555556,0.0,0,0.0
34,29,2686.0753633501436,91.73547408257451,124.26452591742549,218.24,0,0,0,216.0,0.42470126890080795,4.26452591742548,1,0.0
35,29,3410.154367,144.0,72.0,323.52,0,0,0,216.0,0.6666666666666666,0.0,0,0.0
36,29,3603.312298,144.0,72.0,324.24,1,0,0,216.0,0.6666666666666666,0.0,0,0.0
37,29,2522.7442659999997,96.0,120.0,214.4,0,0,0,216.0,0.4444444444444444,0.0,0,0.0
38,29,1081.7925826706505,67.61616943899469,148.3838305610053,162.84,0,0,0,216.0,0.31303782147682724,4.383830561005312,1,0.0
39,29,1217.210302999999,72.0,144.0,162.12,0,0,0,216.0,0.3333333333333333,0.0,0,0.0
40,29,2045.0182669999986,120.0,96.0,216.56,0,0,1,216.0,0.5555555555555556,0.0,0,0.0
41,29,2383.389443464558,120.0,96.0,269.56,0,0,1,216.0,0.5555555555555556,0.0,0,0.0
42,29,2443.963039282688,120.0,96.0,269.32,0,0,1,216.0,0.5555555555555556,0.0,0,0.0
1,30,2476.322873,48.0,168.0,0.0,0,0,0,216.0,0.2222222222222222,0.0,0,0.0
2,30,3549.684718,72.0,144.0,107.19999999999999,0,0,0,216.0,0.3333333333333333,0.0,0,0.0
3,30,3791.122939109612,115.13572257499403,100.86427742500597,160.68,0,0,0,216.0,0.5330357526620094,4.864277425005965,1,0.0
4,30,4227.068211,120.0,96.0,216.32,0,0,0,216.0,0.5555555555555556,0.0,0,0.0
5,30,3669.656462,96.0,120.0,161.64000000000001,0,0,0,216.0,0.4444444444444444,0.0,0,0.0
6,30,2657.0396846,96.0,120.0,217.28,0,0,0,216.0,0.4444444444444444,0.0,0,1.2
7,30,4320.110153999999,144.0,72.0,271.96,0,0,2,216.0,0.6666666666666666,0.0,0,0.0
8,30,4364.906886,120.0,96.0,274.12,0,0,0,216.0,0.5555555555555556,0.0,0,0.0
9,30,3869.1184120000003,144.0,72.0,324.96,0,0,0,216.0,0.6666666666666666,0.0,0,0.0
10,30,4875.866923428233,140.83521361176508,75.16478638823492,323.76,0,0,0,216.0,0.6520148778322458,3.164786388234922,1,0.0
11,30,4407.916741837204,140.08424608848912,75.91575391151088,267.40000000000003,0,0,1,216.0,0.6485381763355978,3.915753911510888,1,0.0
12,30,4604.181809674835,192.0,24.0,324.24,0,0,2,216.0,0.8888888888888888,0.0,0,0.0
13,30,5391.356914408972,144.0,72.0,270.52,0,0,1,216.0,0.6666666666666666,0.0,0,0.0
14,30,3325.785114869865,144.0,72.0,271.24,0,0,0,216.0,0.6666666666666666,0.0,0,0.0
15,30,2795.143882000001,144.0,72.0,269.56,0,0,0,216.0,0.6666666666666666,0.0,0,0.0
16,30,3731.6269832900325,168.0,48.0,376.76,0,0,0,216.0,0.7777777777777778,0.0,0,0.0
17,30,3189.3642790790245,140.280223833462,75.719776166538,214.15999999999997,0,0,1,216.0,0.6494454807104723,3.7197761665379945,1,0.0
18,30,4926.53282840135,144.0,72.0,323.52,0,0,1,216.0,0.6666666666666666,0.0,0,0.0
19,30,4898.695714,168.0,48.0,325.44,0,0,0,216.0,0.7777777777777778,0.0,0,0.0
20,30,4515.772777526376,165.47391070524293,50.52608929475707,322.08000000000004,0,0,0,216.0,0.7660829199316802,2.5260892947570706,1,0.0
21,30,4174.733635426374,168.0,48.0,323.04,0,0,1,216.0,0.7777777777777778,0.0,0,0.0
22,30,1847.662005,72.0,144.0,161.4,0,0,0,216.0,0.3333333333333333,0.0,0,0.0
23,30,1359.821507091028,72.0,144.0,163.56,0,0,1,216.0,0.3333333333333333,0.0,0,0.0
24,30,1965.5761170910278,96.0,120.0,217.52,0,0,1,216.0,0.4444444444444444,0.0,0,0.0
25,30,1842.7655326337235,96.0,120.0,217.28000000000003,0,0,2,216.0,0.4444444444444444,0.0,0,0.0
26,30,1916.9048906246735,90.89633872190889,125.10366127809111,217.04000000000002,0,0,1,216.0,0.4208163829718004,5.103661278091106,1,0.0
27,30,2348.336722181978,120.0,96.0,269.08,0,0,1,216.0,0.5555555555555556,0.0,0,0.0
28,30,2899.3257341571384,114.94303387794024,101.05696612205976,268.6,0,0,1,216.0,0.5321436753608344,5.0569661220597615,1,0.0
29,30,2059.9581824736833,120.0,96.0,271.96000000000004,0,0,0,216.0,0.5555555555555556,0.0,0,0.0
30,30,1821.315931,72.0,144.0,163.08,0,0,1,216.0,0.3333333333333333,0.0,0,0.0
31,30,1726.3896628999994,96.0,120.0,217.28,0,0,0,216.0,0.4444444444444444,0.0,0,1.2
32,30,2503.9676543736246,120.0,96.0,163.32,0,0,2,216.0,0.5555555555555556,0.0,0,0.0
33,30,3221.2397633736246,120.0,96.0,273.64,0,0,1,216.0,0.5555555555555556,0.0,0,0.0
34,30,2534.2224561,96.0,120.0,218.24,0,0,1,216.0,0.4444444444444444,0.0,0,0.0
35,30,1855.2076479335321,144.0,72.0,323.52,0,0,1,216.0,0.6666666666666666,0.0,0,1.8
36,30,2582.08377782392,144.0,72.0,324.24,0,0,3,216.0,0.6666666666666666,0.0,0,0.0
37,30,2522.7442659999997,96.0,120.0,214.4,0,0,0,216.0,0.4444444444444444,0.0,0,0.0
38,30,1181.7506870000002,72.0,144.0,162.84,0,0,0,216.0,0.3333333333333333,0.0,0,0.0
39,30,1212.7882169999993,72.0,144.0,162.12,0,0,1,216.0,0.3333333333333333,0.0,0,0.0
40,30,1427.3652573719871,120.0,96.0,216.56,0,0,3,216.0,0.5555555555555556,0.0,0,0.0
41,30,1439.905913175351,120.0,96.0,269.56,0,0,3,216.0,0.5555555555555556,0.0,0,0.0
42,30,1827.0818145999997,120.0,96.0,269.32,0,0,0,216.0,0.5555555555555556,0.0,0,1.5
1,31,2476.322873,48.0,168.0,0.0,0,0,0,216.0,0.2222222222222222,0.0,0,0.0
2,31,3549.684718,72.0,144.0,107.19999999999999,0,0,0,216.0,0.3333333333333333,0.0,0,0.0
3,31,3597.925803198069,120.0,96.0,160.68,0,0,0,216.0,0.5555555555555556,0.0,0,0.0
4,31,4092.585472951894,115.30440579932639,100.69559420067361,216.32,0,0,0,216.0,0.5338166935154,4.695594200673619,1,0.0
5,31,3669.656462,96.0,120.0,161.64000000000001,0,0,0,216.0,0.4444444444444444,0.0,0,0.0
6,31,3609.786913902106,96.0,120.0,217.28,0,0,0,216.0,0.4444444444444444,0.0,0,0.0
7,31,4106.400869023424,144.0,72.0,271.96,0,0,0,216.0,0.6666666666666666,0.0,0,0.0
8,31,4364.906886,120.0,96.0,274.12,0,0,0,216.0,0.5555555555555556,0.0,0,0.0
9,31,3500.5702334666703,144.0,72.0,324.96,0,0,0,216.0,0.6666666666666666,0.0,0,0.0
10,31,4500.3697060234235,144.0,72.0,323.76,0,0,1,216.0,0.6666666666666666,0.0,0,0.0
11,31,4709.634679,144.0,72.0,267.40000000000003,1,0,0,216.0,0.6666666666666666,0.0,0,0.0
12,31,4932.664294246175,192.0,24.0,324.24,0,0,1,216.0,0.8888888888888888,0.0,0,0.0
13,31,5256.9881540647775,139.38664698626738,76.61335301373262,270.52,0,0,0,216.0,0.645308550862349,4.613353013732617,1,0.0
14,31,3450.0541549999994,144.0,72.0,271.24,0,0,0,216.0,0.6666666666666666,0.0,0,0.0
15,31,2614.6743242452635,138.4335610080587,77.56643899194131,269.56,0,0,0,216.0,0.6408961157780495,5.56643899194132,1,0.0
16,31,4905.193673245263,168.0,48.0,376.76,0,0,1,216.0,0.7777777777777778,0.0,0,0.0
17,31,2567.4613923000006,144.0,72.0,214.15999999999997,0,0,0,216.0,0.6666666666666666,0.0,0,1.8
18,31,3273.3825195306026,141.33926822519425,74.66073177480575,323.52,0,0,0,216.0,0.6543484640055289,2.660731774805768,1,1.8
19,31,3059.4143147313916,168.0,48.0,325.44,0,0,0,216.0,0.7777777777777778,0.0,0,2.1
20,31,4424.3496872999995,168.0,48.0,322.08000000000004,0,0,2,216.0,0.7777777777777778,0.0,0,0.0
21,31,4183.734597794476,162.4858286530201,53.51417134697991,323.04,0,0,1,216.0,0.7522492067269448,5.514171346979908,1,0.0
22,31,1847.662005,72.0,144.0,161.4,0,0,0,216.0,0.3333333333333333,0.0,0,0.0
23,31,1476.6580459999998,72.0,144.0,163.56,0,0,0,216.0,0.3333333333333333,0.0,0,0.0
24,31,2092.2676297,96.0,120.0,217.52,0,0,1,216.0,0.4444444444444444,0.0,0,0.0
25,31,2036.9732517000002,96.0,120.0,217.28000000000003,0,0,1,216.0,0.4444444444444444,0.0,0,0.0
26,31,2033.869812113086,91.88647116388732,124.11352883611268,217.04000000000002,0,0,0,216.0,0.42540032946244133,4.113528836112679,1,0.0
27,31,2776.496117,120.0,96.0,269.08,0,0,0,216.0,0.5555555555555556,0.0,0,0.0
28,31,3242.177817,120.0,96.0,268.6,0,0,0,216.0,0.5555555555555556,0.0,0,0.0
29,31,2229.0847421000003,120.0,96.0,271.96000000000004,0,0,1,216.0,0.5555555555555556,0.0,0,0.0
30,31,1850.1933809869142,72.0,144.0,163.08,0,0,1,216.0,0.3333333333333333,0.0,0,0.0
31,31,2342.1439871,96.0,120.0,217.28,0,0,1,216.0,0.4444444444444444,0.0,0,0.0
32,31,2859.649442,120.0,96.0,163.32,0,0,0,216.0,0.5555555555555556,0.0,0,0.0
33,31,3133.1804752893395,115.46123281735129,100.53876718264871,273.64,0,0,0,216.0,0.5345427445247745,4.538767182648707,1,0.0
34,31,2584.447466902106,96.0,120.0,218.24,0,0,1,216.0,0.4444444444444444,0.0,0,0.0
35,31,3133.493582966884,141.59786993802265,74.40213006197735,323.52,0,0,2,216.0,0.6555456941575123,2.4021300619773616,1,0.0
36,31,3193.4499347922397,144.0,72.0,324.24,0,0,2,216.0,0.6666666666666666,0.0,0,0.0
37,31,2522.7442659999997,96.0,120.0,214.4,0,0,0,216.0,0.4444444444444444,0.0,0,0.0
38,31,1021.978689,72.0,144.0,162.84,0,0,1,216.0,0.3333333333333333,0.0,0,0.0
39,31,703.9384379407571,72.0,144.0,162.12,0,0,2,216.0,0.3333333333333333,0.0,0,0.0
40,31,1289.9521765170189,120.0,96.0,216.56,0,0,5,216.0,0.5555555555555556,0.0,0,0.0
41,31,1828.1863159407567,120.0,96.0,269.56,0,0,2,216.0,0.5555555555555556,0.0,0,0.0
42,31,2524.9205686602018,114.82552855257707,101.17447144742293,269.32,0,0,0,216.0,0.5315996692248939,5.174471447422928,1,0.0
1,32,2476.322873,48.0,168.0,0.0,0,0,0,216.0,0.2222222222222222,0.0,0,0.0
2,32,3549.684718,72.0,144.0,107.19999999999999,0,0,0,216.0,0.3333333333333333,0.0,0,0.0
3,32,3895.941154,120.0,96.0,160.68,0,0,0,216.0,0.5555555555555556,0.0,0,0.0
4,32,4227.068211,120.0,96.0,216.32,0,0,0,216.0,0.5555555555555556,0.0,0,0.0
5,32,3669.656462,96.0,120.0,161.64000000000001,0,0,0,216.0,0.4444444444444444,0.0,0,0.0
6,32,3227.50063213221,96.0,120.0,217.28,0,0,0,216.0,0.4444444444444444,0.0,0,0.0
7,32,4266.57899013221,144.0,72.0,271.96,0,0,1,216.0,0.6666666666666666,0.0,0,0.0
8,32,4326.5943731322095,120.0,96.0,274.12,0,0,1,216.0,0.5555555555555556,0.0,0,0.0
9,32,3135.1967635533647,144.0,72.0,324.96,0,0,0,216.0,0.6666666666666666,0.0,0,0.0
10,32,4440.910911672452,141.6353578862507,74.36464211374931,323.76,0,0,2,216.0,0.6557192494733828,2.364642113749297,1,0.0
11,32,3174.343115559508,143.72271547591117,72.27728452408883,267.40000000000003,0,0,1,216.0,0.6653829420181073,0.27728452408883886,1,0.0
12,32,3388.342308885016,188.79701300876886,27.202986991231143,324.24,0,0,2,216.0,0.8740602454109669,3.20298699123115,1,2.4
13,32,4948.020218134511,144.0,72.0,270.52,0,0,2,216.0,0.6666666666666666,0.0,0,0.0
14,32,3282.699134022138,138.56948405812454,77.43051594187546,271.24,0,0,0,216.0,0.641525389157984,5.430515941875453,1,0.0
15,32,1956.6007174000006,144.0,72.0,269.56,0,0,0,216.0,0.6666666666666666,0.0,0,1.8
16,32,4368.803263417944,162.32011158871242,53.67988841128758,376.76,0,0,2,216.0,0.7514819980958909,5.679888411287569,1,0.0
17,32,3667.8019889999996,144.0,72.0,214.15999999999997,0,0,0,216.0,0.6666666666666666,0.0,0,0.0
18,32,4962.8571600000005,144.0,72.0,323.52,0,0,0,216.0,0.6666666666666666,0.0,0,0.0
19,32,4898.695714,168.0,48.0,325.44,0,0,0,216.0,0.7777777777777778,0.0,0,0.0
20,32,4657.334575999999,168.0,48.0,322.08000000000004,0,0,1,216.0,0.7777777777777778,0.0,0,0.0
21,32,3120.9513145999995,168.0,48.0,323.04,0,0,0,216.0,0.7777777777777778,0.0,0,2.1
22,32,1847.662005,72.0,144.0,161.4,0,0,0,216.0,0.3333333333333333,0.0,0,0.0
23,32,1476.6580459999998,72.0,144.0,163.56,0,0,0,216.0,0.3333333333333333,0.0,0,0.0
24,32,1994.9703994184729,91.6805971498616,124.3194028501384,217.52,0,0,1,216.0,0.424447209027137,4.319402850138395,1,0.0
25,32,2229.585905,96.0,120.0,217.28000000000003,0,0,1,216.0,0.4444444444444444,0.0,0,0.0
26,32,1481.4577568,96.0,120.0,217.04000000000002,0,0,0,216.0,0.4444444444444444,0.0,0,1.2
27,32,2220.0750755,120.0,96.0,269.08,0,0,2,216.0,0.5555555555555556,0.0,0,0.0
28,32,3156.482665201391,115.61518495939168,100.38481504060832,268.6,0,0,0,216.0,0.5352554859231097,4.384815040608309,1,0.0
29,32,1647.2481914,120.0,96.0,271.96000000000004,0,0,0,216.0,0.5555555555555556,0.0,0,1.5
30,32,1324.2753503,72.0,144.0,163.08,0,0,0,216.0,0.3333333333333333,0.0,0,0.8999999999999999
31,32,2094.9565894999996,96.0,120.0,217.28,0,0,3,216.0,0.4444444444444444,0.0,0,0.0
32,32,2001.7546094,120.0,96.0,163.32,0,0,0,216.0,0.5555555555555556,0.0,0,1.5
33,32,2967.3450131986087,120.0,96.0,273.64,0,0,2,216.0,0.5555555555555556,0.0,0,0.0
34,32,2624.5272449999998,96.0,120.0,218.24,0,0,1,216.0,0.4444444444444444,0.0,0,0.0
35,32,3071.2767601555556,144.0,72.0,323.52,0,0,2,216.0,0.6666666666666666,0.0,0,0.0
36,32,3457.408012,144.0,72.0,324.24,0,0,1,216.0,0.6666666666666666,0.0,0,0.0
37,32,2522.7442659999997,96.0,120.0,214.4,0,0,0,216.0,0.4444444444444444,0.0,0,0.0
38,32,1181.7506870000002,72.0,144.0,162.84,0,0,0,216.0,0.3333333333333333,0.0,0,0.0
39,32,1217.210302999999,72.0,144.0,162.12,0,0,0,216.0,0.3333333333333333,0.0,0,0.0
40,32,1712.074810160198,119.03736109342421,96.96263890657579,216.56,0,0,2,216.0,0.5510988939510381,0.9626389065757839,1,0.0
41,32,1555.3621519650396,120.0,96.0,269.56,0,0,3,216.0,0.5555555555555556,0.0,0,0.0
42,32,2256.536148604842,120.0,96.0,269.32,0,0,1,216.0,0.5555555555555556,0.0,0,0.0
1,33,2357.712416482118,45.58111501887889,170.4188849811211,0.0,0,0,0,216.0,0.21102368064295782,2.418884981121111,1,0.0
2,33,2484.7793026,72.0,144.0,107.19999999999999,0,0,0,216.0,0.3333333333333333,0.0,0,0.8999999999999999
3,33,3121.9883963009393,120.0,96.0,160.68,0,0,1,216.0,0.5555555555555556,0.0,0,0.0
4,33,3887.395831141036,120.0,96.0,216.32,0,0,0,216.0,0.5555555555555556,0.0,0,0.0
5,33,3669.656462,96.0,120.0,161.64000000000001,0,0,0,216.0,0.4444444444444444,0.0,0,0.0
6,33,3482.4508817692727,89.70584570669592,126.29415429330408,217.28,0,0,0,216.0,0.41530484123470335,6.294154293304082,1,0.0
7,33,3773.6111901814133,139.24831198761342,76.75168801238658,271.96,0,0,0,216.0,0.6446681110537659,4.751688012386572,1,0.0
8,33,4106.886524900402,120.0,96.0,274.12,0,0,0,216.0,0.5555555555555556,0.0,0,0.0
9,33,3751.804011359041,139.8607570295273,76.13924297047271,324.96,0,0,0,216.0,0.64750350476633,4.139242970472711,1,0.0
10,33,4608.5581992673,142.19170447164927,73.80829552835073,323.76,0,0,0,216.0,0.6582949281094874,1.8082955283507243,1,0.0
11,33,2792.3505279708716,144.0,72.0,267.40000000000003,0,0,1,216.0,0.6666666666666666,0.0,0,1.8
12,33,3730.4414797708723,192.0,24.0,324.24,0,0,3,216.0,0.8888888888888888,0.0,0,0.0
13,33,4924.040209472875,140.8263598467916,75.1736401532084,270.52,0,0,1,216.0,0.6519738881795908,3.173640153208397,1,0.0
14,33,3124.1457566297836,144.0,72.0,271.24,0,0,0,216.0,0.6666666666666666,0.0,0,0.0
15,33,2312.89059131705,138.8958480622984,77.1041519377016,269.56,0,0,0,216.0,0.6430363336217518,5.104151937701621,2,0.0
16,33,4536.742812639877,168.0,48.0,376.76,0,0,1,216.0,0.7777777777777778,0.0,0,0.0
17,33,3414.3802266613498,138.96508304493202,77.03491695506798,214.15999999999997,0,0,0,216.0,0.6433568659487593,5.034916955067984,1,0.0
18,33,4748.19220866135,144.0,72.0,323.52,0,0,2,216.0,0.6666666666666666,0.0,0,0.0
19,33,4630.926352576113,164.57177165804538,51.42822834195462,325.44,0,0,0,216.0,0.7619063502687285,3.4282283419546236,1,0.0
20,33,4920.653187999999,168.0,48.0,322.08000000000004,0,0,0,216.0,0.7777777777777778,0.0,0,0.0
21,33,4458.501877999999,168.0,48.0,323.04,0,0,0,216.0,0.7777777777777778,0.0,0,0.0
22,33,1847.662005,72.0,144.0,161.4,0,0,0,216.0,0.3333333333333333,0.0,0,0.0
23,33,999.195974,72.0,144.0,163.56,0,0,1,216.0,0.3333333333333333,0.0,0,0.0
24,33,1080.3801741,96.0,120.0,217.52,0,0,2,216.0,0.4444444444444444,0.0,0,1.2
25,33,1606.7419160000002,96.0,120.0,217.28000000000003,0,0,2,216.0,0.4444444444444444,0.0,0,0.0
26,33,1481.4577568,96.0,120.0,217.04000000000002,0,0,0,216.0,0.4444444444444444,0.0,0,1.2
27,33,2347.987688313879,116.33240626002025,99.66759373997975,269.08,0,0,1,216.0,0.5385759549075012,3.6675937399797482,1,0.0
28,33,2905.7152140932003,120.0,96.0,268.6,0,0,1,216.0,0.5555555555555556,0.0,0,0.0
29,33,2129.106002850352,120.0,96.0,271.96000000000004,0,0,2,216.0,0.5555555555555556,0.0,0,0.0
30,33,1891.8219289999997,72.0,144.0,163.08,0,0,0,216.0,0.3333333333333333,0.0,0,0.0
31,33,2071.1232193338546,92.0564880820923,123.9435119179077,217.28,0,0,2,216.0,0.4261874448245014,3.9435119179076947,1,0.0
32,33,2651.2412863338545,120.0,96.0,163.32,0,0,1,216.0,0.5555555555555556,0.0,0,0.0
33,33,3061.894896,120.0,96.0,273.64,0,0,1,216.0,0.5555555555555556,0.0,0,0.0
34,33,2443.7886342802453,89.19064579915758,126.80935420084242,218.24,0,0,1,216.0,0.4129196564775814,6.8093542008424155,1,0.0
35,33,3138.061428360871,141.13035624150194,74.86964375849806,323.52,0,0,1,216.0,0.6533812788958423,2.8696437584980687,1,0.0
36,33,3603.312298,144.0,72.0,324.24,1,0,0,216.0,0.6666666666666666,0.0,0,0.0
37,33,2522.7442659999997,96.0,120.0,214.4,0,0,0,216.0,0.4444444444444444,0.0,0,0.0
38,33,768.583547514961,72.0,144.0,162.84,0,0,0,216.0,0.3333333333333333,0.0,0,0.8999999999999999
39,33,794.9946805662838,72.0,144.0,162.12,0,0,2,216.0,0.3333333333333333,0.0,0,0.0
40,33,1713.7670155662843,120.0,96.0,216.56,0,0,4,216.0,0.5555555555555556,0.0,0,0.0
41,33,1704.3378862999996,120.0,96.0,269.56,0,0,0,216.0,0.5555555555555556,0.0,0,1.5
42,33,1990.0022838410364,120.0,96.0,269.32,0,0,3,216.0,0.5555555555555556,0.0,0,0.0
1,34,2476.322873,48.0,168.0,0.0,0,0,0,216.0,0.2222222222222222,0.0,0,0.0
2,34,3549.684718,72.0,144.0,107.19999999999999,0,0,0,216.0,0.3333333333333333,0.0,0,0.0
3,34,3803.705187412178,118.14711085538453,97.85288914461547,160.68,0,0,0,216.0,0.5469773650712246,1.8528891446154718,1,0.0
4,34,4227.068211,120.0,96.0,216.32,0,0,0,216.0,0.5555555555555556,0.0,0,0.0
5,34,3596.5089673222687,93.62643132166188,122.37356867833812,161.64000000000001,0,0,0,216.0,0.43345570056324945,2.373568678338114,1,0.0
6,34,3307.728439174531,94.93211226654384,121.06788773345616,217.28,0,0,0,216.0,0.43950051975251775,1.0678877334561552,1,0.0
7,34,4255.960363130855,144.0,72.0,271.96,0,0,0,216.0,0.6666666666666666,0.0,0,0.0
8,34,4364.906886,120.0,96.0,274.12,0,0,0,216.0,0.5555555555555556,0.0,0,0.0
9,34,2366.2807419923042,140.81974663793986,75.18025336206014,324.96,0,0,0,216.0,0.6519432714719438,3.1802533620601454,1,1.8
10,34,4226.812325842714,140.99369868105623,75.00630131894377,323.76,0,0,3,216.0,0.65274860500489,3.006301318943768,1,0.0
11,34,3037.0845978316183,144.0,72.0,267.40000000000003,0,0,1,216.0,0.6666666666666666,0.0,0,1.8
12,34,4785.8975218000005,192.0,24.0,324.24,0,0,1,216.0,0.8888888888888888,0.0,0,0.0
13,34,4967.519275236988,144.0,72.0,270.52,0,0,1,216.0,0.6666666666666666,0.0,0,0.0
14,34,3230.889680236987,144.0,72.0,271.24,0,0,1,216.0,0.6666666666666666,0.0,0,0.0
15,34,2613.947066409457,138.91936751854564,77.08063248145436,269.56,0,0,1,216.0,0.6431452199932669,5.080632481454346,1,0.0
16,34,4920.944009542649,168.0,48.0,376.76,0,0,1,216.0,0.7777777777777778,0.0,0,0.0
17,34,3667.8019889999996,144.0,72.0,214.15999999999997,0,0,0,216.0,0.6666666666666666,0.0,0,0.0
18,34,4962.8571600000005,144.0,72.0,323.52,0,0,0,216.0,0.6666666666666666,0.0,0,0.0
19,34,4637.583452140959,168.0,48.0,325.44,0,0,0,216.0,0.7777777777777778,0.0,0,0.0
20,34,4116.832071095192,158.51927809355044,57.48072190644956,322.08000000000004,0,0,0,216.0,0.7338855467294002,9.480721906449558,2,0.0
21,34,4458.501877999999,168.0,48.0,323.04,0,0,0,216.0,0.7777777777777778,0.0,0,0.0
22,34,1293.3634035,72.0,144.0,161.4,0,0,0,216.0,0.3333333333333333,0.0,0,0.8999999999999999
23,34,986.8653635843714,72.0,144.0,163.56,0,0,2,216.0,0.3333333333333333,0.0,0,0.0
24,34,1667.2867918621032,96.0,120.0,217.52,0,0,2,216.0,0.4444444444444444,0.0,0,0.0
25,34,1941.9216301943397,89.42079919930114,126.57920080069886,217.28000000000003,0,0,2,216.0,0.41398518147824603,6.5792008006988585,2,0.0
26,34,2116.368224,96.0,120.0,217.04000000000002,0,0,0,216.0,0.4444444444444444,0.0,0,0.0
27,34,2684.2235063000003,120.0,96.0,269.08,0,0,1,216.0,0.5555555555555556,0.0,0,0.0
28,34,3145.6955013989855,115.23404352440949,100.76595647559051,268.6,0,0,0,216.0,0.5334909422426365,4.765956475590518,1,0.0
29,34,2353.211702,120.0,96.0,271.96000000000004,0,0,0,216.0,0.5555555555555556,0.0,0,0.0
30,34,1891.8219289999997,72.0,144.0,163.08,0,0,0,216.0,0.3333333333333333,0.0,0,0.0
31,34,1977.103306819505,96.0,120.0,217.28,0,0,1,216.0,0.4444444444444444,0.0,0,0.0
32,34,2609.434158206151,120.0,96.0,163.32,0,0,1,216.0,0.5555555555555556,0.0,0,0.0
33,34,3221.884409,120.0,96.0,273.64,0,0,0,216.0,0.5555555555555556,0.0,0,0.0
34,34,1642.3885782758412,84.70532563791747,131.29467436208253,218.24,0,0,0,216.0,0.392154285360729,11.29467436208254,2,1.2
35,34,2814.32798608181,144.0,72.0,323.52,0,0,2,216.0,0.6666666666666666,0.0,0,0.0
36,34,2310.976328073346,144.0,72.0,324.24,0,0,0,216.0,0.6666666666666666,0.0,0,1.8
37,34,2423.3641978476953,96.0,120.0,214.4,0,0,1,216.0,0.4444444444444444,0.0,0,0.0
38,34,1181.7506870000002,72.0,144.0,162.84,0,0,0,216.0,0.3333333333333333,0.0,0,0.0
39,34,1217.210302999999,72.0,144.0,162.12,0,0,0,216.0,0.3333333333333333,0.0,0,0.0
40,34,1773.951432099999,120.0,96.0,216.56,0,0,3,216.0,0.5555555555555556,0.0,0,0.0
41,34,1554.0111900801899,120.0,96.0,269.56,0,0,4,216.0,0.5555555555555556,0.0,0,0.0
42,34,2261.035376260685,120.0,96.0,269.32,0,0,1,216.0,0.5555555555555556,0.0,0,0.0
1,35,2476.322873,48.0,168.0,0.0,0,0,0,216.0,0.2222222222222222,0.0,0,0.0
2,35,3549.684718,72.0,144.0,107.19999999999999,0,0,0,216.0,0.3333333333333333,0.0,0,0.0
3,35,3218.4805081910854,120.0,96.0,160.68,0,0,0,216.0,0.5555555555555556,0.0,0,0.0
4,35,4227.068211,120.0,96.0,216.32,0,0,0,216.0,0.5555555555555556,0.0,0,0.0
5,35,3042.060850668377,96.0,120.0,161.64000000000001,0,0,0,216.0,0.4444444444444444,0.0,0,0.0
6,35,3795.7709779999996,96.0,120.0,217.28,0,0,0,216.0,0.4444444444444444,0.0,0,0.0
7,35,4566.272014999999,144.0,72.0,271.96,0,0,0,216.0,0.6666666666666666,0.0,0,0.0
8,35,4364.906886,120.0,96.0,274.12,0,0,0,216.0,0.5555555555555556,0.0,0,0.0
9,35,3869.1184120000003,144.0,72.0,324.96,0,0,0,216.0,0.6666666666666666,0.0,0,0.0
10,35,4936.008722,144.0,72.0,323.76,0,0,0,216.0,0.6666666666666666,0.0,0,0.0
11,35,4655.018022191085,144.0,72.0,267.40000000000003,1,0,1,216.0,0.6666666666666666,0.0,0,0.0
12,35,5061.9225267974025,191.02065768894138,24.979342311058616,324.24,0,0,0,216.0,0.884354896708062,0.9793423110586104,1,0.0
13,35,5334.312123128226,140.18706709968058,75.81293290031942,270.52,0,0,0,216.0,0.6490141995355582,3.8129329003194257,1,0.0
14,35,3450.0541549999994,144.0,72.0,271.24,0,0,0,216.0,0.6666666666666666,0.0,0,0.0
15,35,2795.143882000001,144.0,72.0,269.56,0,0,0,216.0,0.6666666666666666,0.0,0,0.0
16,35,4936.595416,168.0,48.0,376.76,0,0,0,216.0,0.7777777777777778,0.0,0,0.0
17,35,3667.8019889999996,144.0,72.0,214.15999999999997,0,0,0,216.0,0.6666666666666666,0.0,0,0.0
18,35,4817.475243000001,144.0,72.0,323.52,0,0,1,216.0,0.6666666666666666,0.0,0,0.0
19,35,4783.979844513576,165.63482504329608,50.365174956703925,325.44,0,0,0,216.0,0.7668278937189633,2.3651749567039064,1,0.0
20,35,4836.941021903799,164.2227724228363,51.7772275771637,322.08000000000004,0,0,0,216.0,0.7602906130686866,3.777227577163701,1,0.0
21,35,4399.643966416514,165.55167046971266,50.44832953028734,323.04,0,0,0,216.0,0.7664429188412624,2.4483295302873453,1,0.0
22,35,1847.662005,72.0,144.0,161.4,0,0,0,216.0,0.3333333333333333,0.0,0,0.0
23,35,999.195974,72.0,144.0,163.56,0,0,1,216.0,0.3333333333333333,0.0,0,0.0
24,35,1354.661135989844,96.0,120.0,217.52,0,0,2,216.0,0.4444444444444444,0.0,0,0.0
25,35,1746.1671352692006,92.60650624346763,123.39349375653237,217.28000000000003,0,0,2,216.0,0.42873382520123904,3.393493756532369,1,0.0
26,35,2082.2951682063403,96.0,120.0,217.04000000000002,0,0,1,216.0,0.4444444444444444,0.0,0,0.0
27,35,1820.1540536721132,112.26911816768757,103.73088183231243,269.08,0,0,0,216.0,0.5197644359615166,7.730881832312427,1,1.5
28,35,3242.177817,120.0,96.0,268.6,0,0,0,216.0,0.5555555555555556,0.0,0,0.0
29,35,2353.211702,120.0,96.0,271.96000000000004,0,0,0,216.0,0.5555555555555556,0.0,0,0.0
30,35,1821.315931,72.0,144.0,163.08,0,0,1,216.0,0.3333333333333333,0.0,0,0.0
31,35,2188.1861273412133,89.78717205684107,126.21282794315893,217.28,0,0,0,216.0,0.41568135211500495,6.212827943158926,2,0.0
32,35,2722.369625397038,120.0,96.0,163.32,0,0,1,216.0,0.5555555555555556,0.0,0,0.0
33,35,2255.3190863,120.0,96.0,273.64,0,0,0,216.0,0.5555555555555556,0.0,0,1.5
34,35,2770.4315309999997,96.0,120.0,218.24,0,0,0,216.0,0.4444444444444444,0.0,0,0.0
35,35,3079.4651540137315,144.0,72.0,323.52,0,0,1,216.0,0.6666666666666666,0.0,0,0.0
36,35,3421.346335057663,138.38740558834343,77.61259441165657,324.24,1,0,0,216.0,0.6406824332793677,5.612594411656588,1,0.0
37,35,2248.723792570975,96.0,120.0,214.4,0,0,1,216.0,0.4444444444444444,0.0,0,0.0
38,35,1181.7506870000002,72.0,144.0,162.84,0,0,0,216.0,0.3333333333333333,0.0,0,0.0
39,35,1090.979475095266,65.764550239864,150.23544976013602,162.12,0,0,0,216.0,0.30446551036974073,6.235449760136002,1,0.0
40,35,1435.1938831999987,120.0,96.0,216.56,0,0,0,216.0,0.5555555555555556,0.0,0,1.5
41,35,2319.47948994204,116.98859096354036,99.01140903645964,269.56,0,0,1,216.0,0.5416138470534276,3.0114090364596366,1,0.0
42,35,2610.116878,120.0,96.0,269.32,0,0,0,216.0,0.5555555555555556,0.0,0,0.0
1,36,2476.322873,48.0,168.0,0.0,0,0,0,216.0,0.2222222222222222,0.0,0,0.0
2,36,2484.7793026,72.0,144.0,107.19999999999999,0,0,0,216.0,0.3333333333333333,0.0,0,0.8999999999999999
3,36,3392.672254108399,120.0,96.0,160.68,0,0,1,216.0,0.5555555555555556,0.0,0,0.0
4,36,4227.068211,120.0,96.0,216.32,0,0,0,216.0,0.5555555555555556,0.0,0,0.0
5,36,3669.656462,96.0,120.0,161.64000000000001,0,0,0,216.0,0.4444444444444444,0.0,0,0.0
6,36,3312.207055661947,96.0,120.0,217.28,0,0,0,216.0,0.4444444444444444,0.0,0,0.0
7,36,4149.850251173391,144.0,72.0,271.96,0,0,1,216.0,0.6666666666666666,0.0,0,0.0
8,36,4001.9427913105146,120.0,96.0,274.12,0,0,1,216.0,0.5555555555555556,0.0,0,0.0
9,36,3518.554619895021,144.0,72.0,324.96,0,0,1,216.0,0.6666666666666666,0.0,0,0.0
10,36,4585.444929895021,144.0,72.0,323.76,0,0,2,216.0,0.6666666666666666,0.0,0,0.0
11,36,4287.137764403226,144.0,72.0,267.40000000000003,0,0,1,216.0,0.6666666666666666,0.0,0,0.0
12,36,4877.1753742,192.0,24.0,324.24,0,0,1,216.0,0.8888888888888888,0.0,0,0.0
13,36,5098.517288188946,144.0,72.0,270.52,0,0,0,216.0,0.6666666666666666,0.0,0,0.0
14,36,2920.280499199379,138.3567815768231,77.6432184231769,271.24,0,0,1,216.0,0.6405406554482551,5.643218423176901,1,0.0
15,36,2795.143882000001,144.0,72.0,269.56,0,0,0,216.0,0.6666666666666666,0.0,0,0.0
16,36,4474.160200132894,156.11573521541908,59.88426478458092,376.76,0,0,1,216.0,0.722758033404718,11.88426478458093,2,0.0
17,36,2537.614144083128,141.84443971096775,74.15556028903225,214.15999999999997,0,0,0,216.0,0.6566872208841099,2.1555602890322616,1,1.8
18,36,4324.2029102997785,144.0,72.0,323.52,0,0,1,216.0,0.6666666666666666,0.0,0,0.0
19,36,4340.012409242891,168.0,48.0,325.44,0,0,0,216.0,0.7777777777777778,0.0,0,0.0
20,36,4602.01416524289,168.0,48.0,322.08000000000004,0,0,1,216.0,0.7777777777777778,0.0,0,0.0
21,36,4449.366969,168.0,48.0,323.04,0,0,1,216.0,0.7777777777777778,0.0,0,0.0
22,36,1847.662005,72.0,144.0,161.4,0,0,0,216.0,0.3333333333333333,0.0,0,0.0
23,36,999.195974,72.0,144.0,163.56,0,0,1,216.0,0.3333333333333333,0.0,0,0.0
24,36,2072.2741735856525,96.0,120.0,217.52,0,0,1,216.0,0.4444444444444444,0.0,0,0.0
25,36,2016.979795585653,96.0,120.0,217.28000000000003,0,0,2,216.0,0.4444444444444444,0.0,0,0.0
26,36,1461.2176036575195,96.0,120.0,217.04000000000002,0,0,0,216.0,0.4444444444444444,0.0,0,0.0
27,36,2417.5953836139515,120.0,96.0,269.08,0,0,1,216.0,0.5555555555555556,0.0,0,0.0
28,36,3242.177817,120.0,96.0,268.6,0,0,0,216.0,0.5555555555555556,0.0,0,0.0
29,36,2353.211702,120.0,96.0,271.96000000000004,0,0,0,216.0,0.5555555555555556,0.0,0,0.0
30,36,1891.8219289999997,72.0,144.0,163.08,0,0,0,216.0,0.3333333333333333,0.0,0,0.0
31,36,1689.5204942712328,96.0,120.0,217.28,0,0,3,216.0,0.4444444444444444,0.0,0,0.0
32,36,2543.419375855739,120.0,96.0,163.32,0,0,1,216.0,0.5555555555555556,0.0,0,0.0
33,36,3146.978247855739,120.0,96.0,273.64,0,0,2,216.0,0.5555555555555556,0.0,0,0.0
34,36,2770.4315309999997,96.0,120.0,218.24,0,0,0,216.0,0.4444444444444444,0.0,0,0.0
35,36,3251.1623859999995,144.0,72.0,323.52,0,0,1,216.0,0.6666666666666666,0.0,0,0.0
36,36,3477.3374519999998,144.0,72.0,324.24,1,0,1,216.0,0.6666666666666666,0.0,0,0.0
37,36,2336.6003540756,89.5006062041193,126.4993937958807,214.4,0,0,0,216.0,0.41435465835240415,6.499393795880713,1,0.0
38,36,1181.7506870000002,72.0,144.0,162.84,0,0,0,216.0,0.3333333333333333,0.0,0,0.0
39,36,529.7264012180437,66.27471254920542,149.72528745079458,162.12,0,0,2,216.0,0.30682737291298806,5.7252874507945775,1,0.0
40,36,1472.6008129999993,120.0,96.0,216.56,0,0,2,216.0,0.5555555555555556,0.0,0,0.0
41,36,1352.6010399999996,120.0,96.0,269.56,0,0,2,216.0,0.5555555555555556,0.0,0,0.0
42,36,2367.2296275999997,115.88355947165556,100.11644052834444,269.32,0,0,1,216.0,0.5364979605169239,4.116440528344443,1,0.0
1,37,2476.322873,48.0,168.0,0.0,0,0,0,216.0,0.2222222222222222,0.0,0,0.0
2,37,2484.7793026,72.0,144.0,107.19999999999999,0,0,0,216.0,0.3333333333333333,0.0,0,0.8999999999999999
3,37,3517.023058140758,115.06811855493117,100.93188144506883,160.68,0,0,1,216.0,0.5327227710876443,4.931881445068823,1,0.0
4,37,2958.9477477,120.0,96.0,216.32,0,0,0,216.0,0.5555555555555556,0.0,0,1.5
5,37,3603.1237729000004,96.0,120.0,161.64000000000001,0,0,1,216.0,0.4444444444444444,0.0,0,0.0
6,37,3417.1571469654864,89.18001944694603,126.81998055305397,217.28,0,0,0,216.0,0.41287046040252795,6.81998055305397,1,0.0
7,37,2840.319287962301,144.0,72.0,271.96,0,0,0,216.0,0.6666666666666666,0.0,0,1.8
8,37,4235.1904015,120.0,96.0,274.12,0,0,2,216.0,0.5555555555555556,0.0,0,0.0
9,37,3858.5385513,144.0,72.0,324.96,0,0,1,216.0,0.6666666666666666,0.0,0,0.0
10,37,4689.316397441807,144.0,72.0,323.76,0,0,1,216.0,0.6666666666666666,0.0,0,0.0
11,37,4593.3392864418065,144.0,72.0,267.40000000000003,1,0,1,216.0,0.6666666666666666,0.0,0,0.0
12,37,4967.089392541807,192.0,24.0,324.24,0,0,1,216.0,0.8888888888888888,0.0,0,0.0
13,37,5226.961220257991,144.0,72.0,270.52,0,0,0,216.0,0.6666666666666666,0.0,0,0.0
14,37,3398.0256038339116,140.84504089379914,75.15495910620086,271.24,0,0,0,216.0,0.6520603745083293,3.1549591062008733,1,0.0
15,37,2712.549257212765,141.30350581868794,74.69649418131206,269.56,0,0,1,216.0,0.6541828973087405,2.6964941813120715,1,0.0
16,37,4936.595416,168.0,48.0,376.76,0,0,0,216.0,0.7777777777777778,0.0,0,0.0
17,37,3667.8019889999996,144.0,72.0,214.15999999999997,0,0,0,216.0,0.6666666666666666,0.0,0,0.0
18,37,4962.8571600000005,144.0,72.0,323.52,0,0,0,216.0,0.6666666666666666,0.0,0,0.0
19,37,4551.1145827119435,168.0,48.0,325.44,0,0,0,216.0,0.7777777777777778,0.0,0,0.0
20,37,4758.898776477428,168.0,48.0,322.08000000000004,0,0,2,216.0,0.7777777777777778,0.0,0,0.0
21,37,3120.9513145999995,168.0,48.0,323.04,0,0,0,216.0,0.7777777777777778,0.0,0,2.1
22,37,1847.662005,72.0,144.0,161.4,0,0,0,216.0,0.3333333333333333,0.0,0,0.0
23,37,673.9432309086654,72.0,144.0,163.56,0,0,1,216.0,0.3333333333333333,0.0,0,0.8999999999999999
24,37,2183.732765788057,96.0,120.0,217.52,0,0,1,216.0,0.4444444444444444,0.0,0,0.0
25,37,2128.4383877880573,96.0,120.0,217.28000000000003,0,0,2,216.0,0.4444444444444444,0.0,0,0.0
26,37,1450.9522626349612,93.79690136451873,122.20309863548127,217.04000000000002,0,0,0,216.0,0.43424491372462376,2.2030986354812687,1,1.2
27,37,2716.6636523,120.0,96.0,269.08,0,0,1,216.0,0.5555555555555556,0.0,0,0.0
28,37,3242.177817,120.0,96.0,268.6,0,0,0,216.0,0.5555555555555556,0.0,0,0.0
29,37,2096.920824457991,120.0,96.0,271.96000000000004,0,0,1,216.0,0.5555555555555556,0.0,0,0.0
30,37,1667.1894950579906,72.0,144.0,163.08,0,0,1,216.0,0.3333333333333333,0.0,0,0.0
31,37,2191.347513288691,96.0,120.0,217.28,0,0,1,216.0,0.4444444444444444,0.0,0,0.0
32,37,2769.209391159861,120.0,96.0,163.32,0,0,1,216.0,0.5555555555555556,0.0,0,0.0
33,37,3221.884409,120.0,96.0,273.64,0,0,0,216.0,0.5555555555555556,0.0,0,0.0
34,37,2770.4315309999997,96.0,120.0,218.24,0,0,0,216.0,0.4444444444444444,0.0,0,0.0
35,37,2985.676469,144.0,72.0,323.52,0,0,1,216.0,0.6666666666666666,0.0,0,0.0
36,37,3532.4469596901963,140.71136676276865,75.28863323723135,324.24,1,0,0,216.0,0.6514415127905956,3.288633237231355,1,0.0
37,37,2522.7442659999997,96.0,120.0,214.4,0,0,0,216.0,0.4444444444444444,0.0,0,0.0
38,37,1157.5185570000008,72.0,144.0,162.84,0,0,1,216.0,0.3333333333333333,0.0,0,0.0
39,37,747.571035864968,67.66662724773073,148.33337275226927,162.12,0,0,0,216.0,0.31327142244319783,4.333372752269263,1,0.8999999999999999
40,37,1394.8106044519386,120.0,96.0,216.56,0,0,4,216.0,0.5555555555555556,0.0,0,0.0
41,37,1925.2083301090183,120.0,96.0,269.56,0,0,0,216.0,0.5555555555555556,0.0,0,0.0
42,37,2367.2296275999997,120.0,96.0,269.32,0,0,1,216.0,0.5555555555555556,0.0,0,0.0
1,38,2476.322873,48.0,168.0,0.0,0,0,0,216.0,0.2222222222222222,0.0,0,0.0
2,38,3549.684718,72.0,144.0,107.19999999999999,0,0,0,216.0,0.3333333333333333,0.0,0,0.0
3,38,3895.941154,120.0,96.0,160.68,0,0,0,216.0,0.5555555555555556,0.0,0,0.0
4,38,2783.508493105532,120.0,96.0,216.32,0,0,0,216.0,0.5555555555555556,0.0,0,1.5
5,38,3577.348127610465,93.00467976077842,122.99532023922158,161.64000000000001,0,0,0,216.0,0.4305772211147149,2.9953202392215883,1,0.0
6,38,3795.7709779999996,96.0,120.0,217.28,0,0,0,216.0,0.4444444444444444,0.0,0,0.0
7,38,4566.272014999999,144.0,72.0,271.96,0,0,0,216.0,0.6666666666666666,0.0,0,0.0
8,38,4364.906886,120.0,96.0,274.12,0,0,0,216.0,0.5555555555555556,0.0,0,0.0
9,38,2708.3828884,144.0,72.0,324.96,0,0,0,216.0,0.6666666666666666,0.0,0,1.8
10,38,4594.1994593,144.0,72.0,323.76,0,0,2,216.0,0.6666666666666666,0.0,0,0.0
11,38,3296.7442752999996,144.0,72.0,267.40000000000003,0,0,0,216.0,0.6666666666666666,0.0,0,1.8
12,38,4992.1069327000005,192.0,24.0,324.24,0,0,1,216.0,0.8888888888888888,0.0,0,0.0
13,38,5318.313770000001,144.0,72.0,270.52,0,0,1,216.0,0.6666666666666666,0.0,0,0.0
14,38,2992.403564734108,144.0,72.0,271.24,0,0,0,216.0,0.6666666666666666,0.0,0,0.0
15,38,2738.0885466104655,144.0,72.0,269.56,0,0,1,216.0,0.6666666666666666,0.0,0,0.0
16,38,4802.34751771515,165.3031510090741,50.6968489909259,376.76,0,0,0,216.0,0.7652923657827505,2.6968489909258815,1,0.0
17,38,3170.281929861432,140.23667332293715,75.76332667706285,214.15999999999997,0,0,0,216.0,0.6492438579765609,3.763326677062841,1,0.0
18,38,3977.462209525051,144.0,72.0,323.52,0,0,0,216.0,0.6666666666666666,0.0,0,0.0
19,38,3429.0869998000003,168.0,48.0,325.44,0,0,0,216.0,0.7777777777777778,0.0,0,2.1
20,38,3803.014621508668,164.1856804518928,51.81431954810719,322.08000000000004,0,0,2,216.0,0.7601188909809852,3.8143195481071994,1,0.0
21,38,3120.9513145999995,168.0,48.0,323.04,0,0,0,216.0,0.7777777777777778,0.0,0,2.1
22,38,1683.5924960686561,72.0,144.0,161.4,0,0,0,216.0,0.3333333333333333,0.0,0,0.0
23,38,1323.0582901701036,64.63010161149802,151.36989838850198,163.56,0,0,0,216.0,0.2992134333865649,7.369898388501986,2,0.0
24,38,1535.3842913186706,90.12612857405907,125.87387142594093,217.52,0,0,2,216.0,0.41725059525027347,5.8738714259409255,1,0.0
25,38,1599.0009272190223,96.0,120.0,217.28000000000003,0,0,2,216.0,0.4444444444444444,0.0,0,0.0
26,38,1481.4577568,96.0,120.0,217.04000000000002,0,0,0,216.0,0.4444444444444444,0.0,0,1.2
27,38,2606.8653658104645,120.0,96.0,269.08,0,0,1,216.0,0.5555555555555556,0.0,0,0.0
28,38,3242.177817,120.0,96.0,268.6,0,0,0,216.0,0.5555555555555556,0.0,0,0.0
29,38,1647.2481914,120.0,96.0,271.96000000000004,0,0,0,216.0,0.5555555555555556,0.0,0,1.5
30,38,1051.3344721895094,72.0,144.0,163.08,0,0,0,216.0,0.3333333333333333,0.0,0,0.8999999999999999
31,38,2143.2458498084143,96.0,120.0,217.28,0,0,3,216.0,0.4444444444444444,0.0,0,0.0
32,38,2779.392945853747,116.37869780908802,99.62130219091198,163.32,0,0,0,216.0,0.5387902676346668,3.6213021909119805,1,0.0
33,38,2255.3190863,120.0,96.0,273.64,0,0,0,216.0,0.5555555555555556,0.0,0,1.5
34,38,2698.4720942999998,96.0,120.0,218.24,0,0,1,216.0,0.4444444444444444,0.0,0,0.0
35,38,3080.706765345293,142.28299001170348,73.71700998829652,323.52,0,0,1,216.0,0.6587175463504791,1.7170099882965348,1,0.0
36,38,3571.7432886111837,144.0,72.0,324.24,0,0,1,216.0,0.6666666666666666,0.0,0,0.0
37,38,2522.7442659999997,96.0,120.0,214.4,0,0,0,216.0,0.4444444444444444,0.0,0,0.0
38,38,824.1968139566263,67.75713843100712,148.24286156899288,162.84,0,0,1,216.0,0.31369045569910703,4.242861568992878,1,0.0
39,38,1217.210302999999,72.0,144.0,162.12,0,0,0,216.0,0.3333333333333333,0.0,0,0.0
40,38,1340.7458562400093,120.0,96.0,216.56,0,0,3,216.0,0.5555555555555556,0.0,0,0.0
41,38,2434.7684089999993,120.0,96.0,269.56,0,0,0,216.0,0.5555555555555556,0.0,0,0.0
42,38,2259.893659422067,120.0,96.0,269.32,0,0,1,216.0,0.5555555555555556,0.0,0,0.0
1,39,2476.322873,48.0,168.0,0.0,0,0,0,216.0,0.2222222222222222,0.0,0,0.0
2,39,3035.0250611463543,66.65490566376505,149.34509433623495,107.19999999999999,0,0,0,216.0,0.3085875262211345,5.3450943362349435,1,0.0
3,39,2727.1588077999995,120.0,96.0,160.68,0,0,0,216.0,0.5555555555555556,0.0,0,1.5
4,39,4022.57710375661,119.12888790004374,96.87111209995626,216.32,0,0,1,216.0,0.5515226291668691,0.8711120999562638,1,0.0
5,39,3580.8791500835987,90.79884568628864,125.20115431371136,161.64000000000001,0,0,0,216.0,0.4203650263254104,5.201154313711351,1,0.0
6,39,3795.7709779999996,96.0,120.0,217.28,0,0,0,216.0,0.4444444444444444,0.0,0,0.0
7,39,4566.272014999999,144.0,72.0,271.96,0,0,0,216.0,0.6666666666666666,0.0,0,0.0
8,39,4364.906886,120.0,96.0,274.12,0,0,0,216.0,0.5555555555555556,0.0,0,0.0
9,39,3490.1146342947814,144.0,72.0,324.96,0,0,0,216.0,0.6666666666666666,0.0,0,0.0
10,39,4757.393490674903,144.0,72.0,323.76,0,0,1,216.0,0.6666666666666666,0.0,0,0.0
11,39,4129.637519357091,135.92046952645012,80.07953047354988,267.40000000000003,0,0,1,216.0,0.6292614329928247,8.0795304735499,2,0.0
12,39,4702.896895888941,192.0,24.0,324.24,0,0,1,216.0,0.8888888888888888,0.0,0,0.0
13,39,5483.204742000001,144.0,72.0,270.52,0,0,0,216.0,0.6666666666666666,0.0,0,0.0
14,39,3450.0541549999994,144.0,72.0,271.24,0,0,0,216.0,0.6666666666666666,0.0,0,0.0
15,39,2795.143882000001,144.0,72.0,269.56,0,0,0,216.0,0.6666666666666666,0.0,0,0.0
16,39,4120.292696099463,153.03723767114892,62.962762328851085,376.76,0,0,0,216.0,0.7085057299590227,14.96276232885108,3,0.0
17,39,3568.386005754972,139.6399450697268,76.36005493027321,214.15999999999997,0,0,0,216.0,0.646481227174661,4.3600549302732166,1,0.0
18,39,4604.80399813112,144.0,72.0,323.52,0,0,1,216.0,0.6666666666666666,0.0,0,0.0
19,39,4726.005228852428,164.8893219056846,51.1106780943154,325.44,0,0,0,216.0,0.7633764903040954,3.1106780943154098,1,0.0
20,39,4753.221411852427,168.0,48.0,322.08000000000004,0,0,1,216.0,0.7777777777777778,0.0,0,0.0
21,39,4035.936741895773,161.9532425554749,54.0467574445251,323.04,0,0,0,216.0,0.7497835303494208,6.0467574445250865,2,0.0
22,39,1746.5452278119476,68.42574821699628,147.57425178300372,161.4,0,0,0,216.0,0.31678587137498276,3.5742517830037244,1,0.0
23,39,999.195974,72.0,144.0,163.56,0,0,1,216.0,0.3333333333333333,0.0,0,0.0
24,39,1228.8626882558488,89.56915654444268,126.43084345555732,217.52,0,0,2,216.0,0.41467202103908646,6.430843455557316,1,0.0
25,39,1543.7989821311198,96.0,120.0,217.28000000000003,0,0,2,216.0,0.4444444444444444,0.0,0,0.0
26,39,1481.4577568,96.0,120.0,217.04000000000002,0,0,0,216.0,0.4444444444444444,0.0,0,1.2
27,39,2493.748190471343,120.0,96.0,269.08,0,0,2,216.0,0.5555555555555556,0.0,0,0.0
28,39,3242.177817,120.0,96.0,268.6,0,0,0,216.0,0.5555555555555556,0.0,0,0.0
29,39,2353.211702,120.0,96.0,271.96000000000004,0,0,0,216.0,0.5555555555555556,0.0,0,0.0
30,39,1324.2753503,72.0,144.0,163.08,0,0,0,216.0,0.3333333333333333,0.0,0,0.8999999999999999
31,39,2094.9565894999996,96.0,120.0,217.28,0,0,3,216.0,0.4444444444444444,0.0,0,0.0
32,39,2859.649442,120.0,96.0,163.32,0,0,0,216.0,0.5555555555555556,0.0,0,0.0
33,39,2917.3867610736015,116.40554210674806,99.59445789325194,273.64,0,0,0,216.0,0.5389145467905002,3.594457893251944,1,0.0
34,39,2770.4315309999997,96.0,120.0,218.24,0,0,0,216.0,0.4444444444444444,0.0,0,0.0
35,39,3318.81384606395,144.0,72.0,323.52,0,0,1,216.0,0.6666666666666666,0.0,0,0.0
36,39,3603.312298,144.0,72.0,324.24,1,0,0,216.0,0.6666666666666666,0.0,0,0.0
37,39,2522.7442659999997,96.0,120.0,214.4,0,0,0,216.0,0.4444444444444444,0.0,0,0.0
38,39,1181.7506870000002,72.0,144.0,162.84,0,0,0,216.0,0.3333333333333333,0.0,0,0.0
39,39,1156.6055551368408,72.0,144.0,162.12,0,0,0,216.0,0.3333333333333333,0.0,0,0.0
40,39,1327.0857828421356,120.0,96.0,216.56,0,0,2,216.0,0.5555555555555556,0.0,0,1.5
41,39,2255.584582152427,120.0,96.0,269.56,0,0,2,216.0,0.5555555555555556,0.0,0,0.0
42,39,2432.2551571164013,120.0,96.0,269.32,0,0,1,216.0,0.5555555555555556,0.0,0,0.0
1,40,2212.105020908052,42.61166736110711,173.3883326388929,0.0,0,0,0,216.0,0.1972762377829033,5.3883326388928925,1,0.0
2,40,3297.5829309080527,72.0,144.0,107.19999999999999,0,0,1,216.0,0.3333333333333333,0.0,0,0.0
3,40,3774.2362989080525,120.0,96.0,160.68,0,0,1,216.0,0.5555555555555556,0.0,0,0.0
4,40,4227.068211,120.0,96.0,216.32,0,0,0,216.0,0.5555555555555556,0.0,0,0.0
5,40,3331.8458120663236,96.0,120.0,161.64000000000001,0,0,0,216.0,0.4444444444444444,0.0,0,0.0
6,40,3795.7709779999996,96.0,120.0,217.28,0,0,0,216.0,0.4444444444444444,0.0,0,0.0
7,40,4566.272014999999,144.0,72.0,271.96,0,0,0,216.0,0.6666666666666666,0.0,0,0.0
8,40,4364.906886,120.0,96.0,274.12,0,0,0,216.0,0.5555555555555556,0.0,0,0.0
9,40,3342.5462739065415,144.0,72.0,324.96,0,0,0,216.0,0.6666666666666666,0.0,0,0.0
10,40,4936.008722,144.0,72.0,323.76,0,0,0,216.0,0.6666666666666666,0.0,0,0.0
11,40,4709.634679,144.0,72.0,267.40000000000003,1,0,0,216.0,0.6666666666666666,0.0,0,0.0
12,40,4974.492051908053,192.0,24.0,324.24,0,0,1,216.0,0.8888888888888888,0.0,0,0.0
13,40,5248.457790884333,139.2126828351592,76.7873171648408,270.52,0,0,0,216.0,0.6445031612738852,4.7873171648407915,1,0.0
14,40,3330.072043780711,141.55314214824065,74.44685785175935,271.24,0,0,0,216.0,0.6553386210566697,2.4468578517593498,1,0.0
15,40,1956.6007174000006,144.0,72.0,269.56,0,0,0,216.0,0.6666666666666666,0.0,0,1.8
16,40,4651.5454875,168.0,48.0,376.76,0,0,2,216.0,0.7777777777777778,0.0,0,0.0
17,40,3279.738121288299,144.0,72.0,214.15999999999997,0,0,1,216.0,0.6666666666666666,0.0,0,0.0
18,40,4962.8571600000005,144.0,72.0,323.52,0,0,0,216.0,0.6666666666666666,0.0,0,0.0
19,40,4898.695714,168.0,48.0,325.44,0,0,0,216.0,0.7777777777777778,0.0,0,0.0
20,40,4372.451863948016,168.0,48.0,322.08000000000004,0,0,0,216.0,0.7777777777777778,0.0,0,0.0
21,40,4032.683246414839,164.0446962210456,51.9553037789544,323.04,0,0,0,216.0,0.7594661862085444,3.955303778954402,1,0.0
22,40,1534.4923638383466,72.0,144.0,161.4,0,0,0,216.0,0.3333333333333333,0.0,0,0.0
23,40,1476.6580459999998,72.0,144.0,163.56,0,0,0,216.0,0.3333333333333333,0.0,0,0.0
24,40,2194.564311999999,96.0,120.0,217.52,0,0,0,216.0,0.4444444444444444,0.0,0,0.0
25,40,2379.314215999999,96.0,120.0,217.28000000000003,1,0,0,216.0,0.4444444444444444,0.0,0,0.0
26,40,1572.6580657350485,93.5824171371919,122.4175828628081,217.04000000000002,0,0,0,216.0,0.4332519311907032,2.417582862808099,1,0.0
27,40,2389.2912626987636,120.0,96.0,269.08,0,0,1,216.0,0.5555555555555556,0.0,0,0.0
28,40,3242.177817,120.0,96.0,268.6,0,0,0,216.0,0.5555555555555556,0.0,0,0.0
29,40,2353.211702,120.0,96.0,271.96000000000004,0,0,0,216.0,0.5555555555555556,0.0,0,0.0
30,40,1580.786906583373,66.39077968915699,149.609220310843,163.08,0,0,0,216.0,0.3073647207831342,5.609220310843012,1,0.0
31,40,1984.1694498546285,96.0,120.0,217.28,0,0,2,216.0,0.4444444444444444,0.0,0,0.0
32,40,2001.7546094,120.0,96.0,163.32,0,0,0,216.0,0.5555555555555556,0.0,0,1.5
33,40,2977.5314602999997,120.0,96.0,273.64,0,0,1,216.0,0.5555555555555556,0.0,0,0.0
34,40,2624.5272449999998,96.0,120.0,218.24,0,0,1,216.0,0.4444444444444444,0.0,0,0.0
35,40,3232.8045504500947,140.05150973233037,75.94849026766963,323.52,0,0,2,216.0,0.6483866191311591,3.948490267669621,1,0.0
36,40,2466.8655179094467,140.32371397232896,75.67628602767104,324.24,0,0,0,216.0,0.6496468239459674,3.6762860276710225,1,1.8
37,40,2375.506654030037,96.0,120.0,214.4,0,0,1,216.0,0.4444444444444444,0.0,0,0.0
38,40,1056.6953493055732,72.0,144.0,162.84,0,0,0,216.0,0.3333333333333333,0.0,0,0.0
39,40,1153.534541305572,72.0,144.0,162.12,0,0,1,216.0,0.3333333333333333,0.0,0,0.0
40,40,1369.2033924497905,114.65794426810265,101.34205573189735,216.56,0,0,2,216.0,0.5308238160560308,5.342055731897351,1,0.0
41,40,1603.7748959850112,120.0,96.0,269.56,0,0,3,216.0,0.5555555555555556,0.0,0,0.0
42,40,2083.5447399065415,120.0,96.0,269.32,0,0,2,216.0,0.5555555555555556,0.0,0,0.0
1,41,1733.4260110999999,48.0,168.0,0.0,0,0,0,216.0,0.2222222222222222,0.0,0,0.6
2,41,3208.7474987,72.0,144.0,107.19999999999999,0,0,1,216.0,0.3333333333333333,0.0,0,0.0
3,41,3586.5928158299093,116.95234479474665,99.04765520525335,160.68,0,0,1,216.0,0.5414460407164197,3.0476552052533474,1,0.0
4,41,4009.629560609521,114.57281846459027,101.42718153540973,216.32,0,0,0,216.0,0.5304297151138438,5.427181535409734,1,0.0
5,41,3669.656462,96.0,120.0,161.64000000000001,0,0,0,216.0,0.4444444444444444,0.0,0,0.0
6,41,3795.7709779999996,96.0,120.0,217.28,0,0,0,216.0,0.4444444444444444,0.0,0,0.0
7,41,4497.446762012085,140.8944938864386,75.1055061135614,271.96,0,0,0,216.0,0.6522893235483268,3.1055061135613986,1,0.0
8,41,4364.906886,120.0,96.0,274.12,0,0,0,216.0,0.5555555555555556,0.0,0,0.0
9,41,3506.1803652124927,144.0,72.0,324.96,0,0,0,216.0,0.6666666666666666,0.0,0,0.0
10,41,4759.000209024637,144.0,72.0,323.76,0,0,0,216.0,0.6666666666666666,0.0,0,0.0
11,41,2691.955933914167,133.22662085363203,82.77337914636797,267.40000000000003,0,0,0,216.0,0.6167899113594075,10.773379146367992,2,1.8
12,41,3746.8362403230667,192.0,24.0,324.24,0,0,3,216.0,0.8888888888888888,0.0,0,0.0
13,41,4771.734733554864,144.0,72.0,270.52,0,0,1,216.0,0.6666666666666666,0.0,0,0.0
14,41,2900.8609488561005,138.9787208142087,77.02127918579129,271.24,0,0,0,216.0,0.6434200037694848,5.021279185791293,1,0.0
15,41,2795.143882000001,144.0,72.0,269.56,0,0,0,216.0,0.6666666666666666,0.0,0,0.0
16,41,4258.731561241881,168.0,48.0,376.76,0,0,0,216.0,0.7777777777777778,0.0,0,0.0
17,41,2567.4613923000006,144.0,72.0,214.15999999999997,0,0,0,216.0,0.6666666666666666,0.0,0,1.8
18,41,4962.8571600000005,144.0,72.0,323.52,0,0,0,216.0,0.6666666666666666,0.0,0,0.0
19,41,4898.695714,168.0,48.0,325.44,0,0,0,216.0,0.7777777777777778,0.0,0,0.0
20,41,4845.184220030399,164.59471878069348,51.40528121930652,322.08000000000004,0,0,0,216.0,0.7620125869476551,3.40528121930652,1,0.0
21,41,4378.641980550633,164.18781984243873,51.81218015756127,323.04,0,0,0,216.0,0.760128795566846,3.8121801575612606,1,0.0
22,41,1293.3634035,72.0,144.0,161.4,0,0,0,216.0,0.3333333333333333,0.0,0,0.8999999999999999
23,41,1374.6611694547578,68.70726120702938,147.29273879297062,163.56,0,0,1,216.0,0.31808917225476563,3.2927387929706233,1,0.0
24,41,1936.0176276709522,91.4845625818808,124.5154374181192,217.52,0,0,1,216.0,0.42353964158278146,4.515437418119198,1,0.0
25,41,2229.585905,96.0,120.0,217.28000000000003,0,0,1,216.0,0.4444444444444444,0.0,0,0.0
26,41,2116.368224,96.0,120.0,217.04000000000002,0,0,0,216.0,0.4444444444444444,0.0,0,0.0
27,41,2776.496117,120.0,96.0,269.08,0,0,0,216.0,0.5555555555555556,0.0,0,0.0
28,41,3242.177817,120.0,96.0,268.6,0,0,0,216.0,0.5555555555555556,0.0,0,0.0
29,41,1581.7333446610066,120.0,96.0,271.96000000000004,0,0,1,216.0,0.5555555555555556,0.0,0,0.0
30,41,1634.074250603491,72.0,144.0,163.08,0,0,2,216.0,0.3333333333333333,0.0,0,0.0
31,41,1798.7724531514025,93.66216973383585,122.33783026616415,217.28,0,0,3,216.0,0.433621156175166,2.337830266164147,1,0.0
32,41,2001.7546094,120.0,96.0,163.32,0,0,0,216.0,0.5555555555555556,0.0,0,1.5
33,41,2393.5549474008612,120.0,96.0,273.64,0,0,2,216.0,0.5555555555555556,0.0,0,0.0
34,41,1939.3020717,96.0,120.0,218.24,0,0,0,216.0,0.4444444444444444,0.0,0,1.2
35,41,2456.8244584184527,144.0,72.0,323.52,0,0,3,216.0,0.6666666666666666,0.0,0,0.0
36,41,3166.266640795491,144.0,72.0,324.24,0,0,2,216.0,0.6666666666666666,0.0,0,0.0
37,41,2351.9673266,96.0,120.0,214.4,0,0,1,216.0,0.4444444444444444,0.0,0,0.0
38,41,1021.978689,72.0,144.0,162.84,0,0,1,216.0,0.3333333333333333,0.0,0,0.0
39,41,485.857474,72.0,144.0,162.12,0,0,2,216.0,0.3333333333333333,0.0,0,0.0
40,41,1435.1938831999987,120.0,96.0,216.56,0,0,0,216.0,0.5555555555555556,0.0,0,1.5
41,41,1552.5601220124913,120.0,96.0,269.56,0,0,4,216.0,0.5555555555555556,0.0,0,0.0
42,41,2247.1788312124922,120.0,96.0,269.32,0,0,1,216.0,0.5555555555555556,0.0,0,0.0
1,42,2476.322873,48.0,168.0,0.0,0,0,0,216.0,0.2222222222222222,0.0,0,0.0
2,42,2448.3825656596505,72.0,144.0,107.19999999999999,0,0,0,216.0,0.3333333333333333,0.0,0,0.0
3,42,3310.9813246596505,120.0,96.0,160.68,0,0,2,216.0,0.5555555555555556,0.0,0,0.0
4,42,4227.068211,120.0,96.0,216.32,0,0,0,216.0,0.5555555555555556,0.0,0,0.0
5,42,3669.656462,96.0,120.0,161.64000000000001,0,0,0,216.0,0.4444444444444444,0.0,0,0.0
6,42,3795.7709779999996,96.0,120.0,217.28,0,0,0,216.0,0.4444444444444444,0.0,0,0.0
7,42,3951.5962472121532,137.95644970816292,78.04355029183708,271.96,0,0,0,216.0,0.638687267167421,6.043550291837079,1,0.0
8,42,4190.970662296239,115.14604058981428,100.85395941018572,274.12,0,0,0,216.0,0.5330835212491402,4.85395941018573,1,0.0
9,42,3735.534283543079,139.24755291980108,76.75244708019892,324.96,0,0,0,216.0,0.6446645968509309,4.752447080198916,1,0.0
10,42,4802.424593543079,137.28993115720863,78.71006884279137,323.76,0,0,1,216.0,0.6356015331352252,6.7100688427913635,1,0.0
11,42,4460.3946395011,134.4083142086268,81.59168579137321,267.40000000000003,0,0,1,216.0,0.6222607139288278,9.591685791373223,2,0.0
12,42,4639.478445492619,192.0,24.0,324.24,0,0,1,216.0,0.8888888888888888,0.0,0,0.0
13,42,5218.412567167239,137.2190406561627,78.78095934383731,270.52,0,0,0,216.0,0.6352733363711236,6.780959343837305,1,0.0
14,42,3450.0541549999994,144.0,72.0,271.24,0,0,0,216.0,0.6666666666666666,0.0,0,0.0
15,42,1956.6007174000006,144.0,72.0,269.56,0,0,0,216.0,0.6666666666666666,0.0,0,1.8
16,42,4407.648208625052,168.0,48.0,376.76,0,0,2,216.0,0.7777777777777778,0.0,0,0.0
17,42,3494.659700268788,144.0,72.0,214.15999999999997,0,0,0,216.0,0.6666666666666666,0.0,0,0.0
18,42,4962.8571600000005,144.0,72.0,323.52,0,0,0,216.0,0.6666666666666666,0.0,0,0.0
19,42,4726.412632338627,164.44792275006492,51.55207724993508,325.44,0,0,0,216.0,0.761332975694745,3.552077249935089,1,0.0
20,42,4920.653187999999,168.0,48.0,322.08000000000004,0,0,0,216.0,0.7777777777777778,0.0,0,0.0
21,42,3066.51873951333,164.28802101648557,51.71197898351443,323.04,0,0,0,216.0,0.7605926898911369,3.7119789835144448,1,2.1
22,42,1847.662005,72.0,144.0,161.4,0,0,0,216.0,0.3333333333333333,0.0,0,0.0
23,42,1476.6580459999998,72.0,144.0,163.56,0,0,0,216.0,0.3333333333333333,0.0,0,0.0
24,42,2194.564311999999,96.0,120.0,217.52,0,0,0,216.0,0.4444444444444444,0.0,0,0.0
25,42,2379.314215999999,96.0,120.0,217.28000000000003,0,0,0,216.0,0.4444444444444444,0.0,0,0.0
26,42,2116.368224,96.0,120.0,217.04000000000002,0,0,0,216.0,0.4444444444444444,0.0,0,0.0
27,42,1934.8750780728901,119.34212450102267,96.65787549897733,269.08,0,0,0,216.0,0.5525098356528827,0.6578754989773303,1,1.5
28,42,3024.6073185687874,120.0,96.0,268.6,0,0,2,216.0,0.5555555555555556,0.0,0,0.0
29,42,2353.211702,120.0,96.0,271.96000000000004,0,0,0,216.0,0.5555555555555556,0.0,0,0.0
30,42,1279.781385798217,70.09884625043972,145.90115374956028,163.08,0,0,0,216.0,0.3245316956038876,1.9011537495602844,1,0.8999999999999999
31,42,2466.270946999999,96.0,120.0,217.28,0,0,0,216.0,0.4444444444444444,0.0,0,0.0
32,42,2859.649442,120.0,96.0,163.32,0,0,0,216.0,0.5555555555555556,0.0,0,0.0
33,42,3061.894896,120.0,96.0,273.64,0,0,1,216.0,0.5555555555555556,0.0,0,0.0
34,42,2481.0968367250516,96.0,120.0,218.24,0,0,2,216.0,0.4444444444444444,0.0,0,0.0
35,42,2901.1517589999994,144.0,72.0,323.52,0,0,2,216.0,0.6666666666666666,0.0,0,0.0
36,42,3457.408012,144.0,72.0,324.24,0,0,1,216.0,0.6666666666666666,0.0,0,0.0
37,42,2522.7442659999997,96.0,120.0,214.4,0,0,0,216.0,0.4444444444444444,0.0,0,0.0
38,42,1133.3864414904347,72.0,144.0,162.84,0,0,2,216.0,0.3333333333333333,0.0,0,0.0
39,42,1217.210302999999,72.0,144.0,162.12,0,0,0,216.0,0.3333333333333333,0.0,0,0.0
40,42,1733.4091317999992,120.0,96.0,216.56,0,0,2,216.0,0.5555555555555556,0.0,0,0.0
41,42,2434.7684089999993,120.0,96.0,269.56,0,0,0,216.0,0.5555555555555556,0.0,0,0.0
42,42,2331.929458322432,114.72970454278733,101.27029545721267,269.32,0,0,1,216.0,0.5311560395499414,5.270295457212667,1,0.0
1,43,2476.322873,48.0,168.0,0.0,0,0,0,216.0,0.2222222222222222,0.0,0,0.0
2,43,3549.684718,72.0,144.0,107.19999999999999,0,0,0,216.0,0.3333333333333333,0.0,0,0.0
3,43,3895.941154,120.0,96.0,160.68,0,0,0,216.0,0.5555555555555556,0.0,0,0.0
4,43,4227.068211,120.0,96.0,216.32,0,0,0,216.0,0.5555555555555556,0.0,0,0.0
5,43,2995.2449561153758,83.18288316641805,132.81711683358196,161.64000000000001,0,0,0,216.0,0.38510594058526876,12.817116833581952,2,0.0
6,43,3603.0454373634157,96.0,120.0,217.28,0,0,0,216.0,0.4444444444444444,0.0,0,0.0
7,43,4566.272014999999,144.0,72.0,271.96,0,0,0,216.0,0.6666666666666666,0.0,0,0.0
8,43,4364.906886,120.0,96.0,274.12,0,0,0,216.0,0.5555555555555556,0.0,0,0.0
9,43,3869.1184120000003,144.0,72.0,324.96,0,0,0,216.0,0.6666666666666666,0.0,0,0.0
10,43,4936.008722,144.0,72.0,323.76,0,0,0,216.0,0.6666666666666666,0.0,0,0.0
11,43,3296.7442752999996,144.0,72.0,267.40000000000003,0,0,0,216.0,0.6666666666666666,0.0,0,1.8
12,43,3451.4646561840095,185.71749584947892,30.282504150521078,324.24,0,0,0,216.0,0.8598032215253654,6.282504150521059,2,2.4
13,43,4936.782536152922,141.85154419967165,74.14845580032835,270.52,0,0,1,216.0,0.656720112035517,2.1484558003283523,1,0.0
14,43,2415.0379084999995,144.0,72.0,271.24,0,0,0,216.0,0.6666666666666666,0.0,0,1.8
15,43,2206.5042384327016,139.05220057427954,76.94779942572046,269.56,0,0,1,216.0,0.6437601878438868,4.947799425720462,1,0.0
16,43,4838.0733648,168.0,48.0,376.76,0,0,1,216.0,0.7777777777777778,0.0,0,0.0
17,43,3667.8019889999996,144.0,72.0,214.15999999999997,0,0,0,216.0,0.6666666666666666,0.0,0,0.0
18,43,4962.8571600000005,144.0,72.0,323.52,0,0,0,216.0,0.6666666666666666,0.0,0,0.0
19,43,4523.897413730321,160.37724355021908,55.62275644978092,325.44,0,0,0,216.0,0.7424872386584217,7.622756449780937,2,0.0
20,43,4883.1290539970505,168.0,48.0,322.08000000000004,0,0,1,216.0,0.7777777777777778,0.0,0,0.0
21,43,4316.906165445557,163.405349837518,52.594650162482,323.04,0,0,0,216.0,0.7565062492477685,4.594650162482003,1,0.0
22,43,1847.662005,72.0,144.0,161.4,0,0,0,216.0,0.3333333333333333,0.0,0,0.0
23,43,1476.6580459999998,72.0,144.0,163.56,0,0,0,216.0,0.3333333333333333,0.0,0,0.0
24,43,2108.289399455,90.26071756830316,125.73928243169684,217.52,0,0,0,216.0,0.417873692445848,5.739282431696836,1,0.0
25,43,1543.3953224497109,91.53222585674996,124.46777414325004,217.28000000000003,0,0,0,216.0,0.42376030489236094,4.467774143250036,1,1.2
26,43,1788.1393832455578,96.0,120.0,217.04000000000002,0,0,1,216.0,0.4444444444444444,0.0,0,0.0
27,43,2444.1057425455583,120.0,96.0,269.08,0,0,2,216.0,0.5555555555555556,0.0,0,0.0
28,43,3187.4992262751634,117.2022278743029,98.7977721256971,268.6,0,0,0,216.0,0.5426029068254764,2.797772125697098,1,0.0
29,43,2272.353407860331,120.0,96.0,271.96000000000004,0,0,0,216.0,0.5555555555555556,0.0,0,0.0
30,43,1740.457636860331,72.0,144.0,163.08,0,0,1,216.0,0.3333333333333333,0.0,0,0.0
31,43,2138.684500860331,96.0,120.0,217.28,0,0,2,216.0,0.4444444444444444,0.0,0,0.0
32,43,2859.649442,120.0,96.0,163.32,0,0,0,216.0,0.5555555555555556,0.0,0,0.0
33,43,3221.884409,120.0,96.0,273.64,0,0,0,216.0,0.5555555555555556,0.0,0,0.0
34,43,1895.5696709689678,96.0,120.0,218.24,0,0,1,216.0,0.4444444444444444,0.0,0,1.2
35,43,2685.5199695689685,144.0,72.0,323.52,0,0,4,216.0,0.6666666666666666,0.0,0,0.0
36,43,3177.4665363689683,144.0,72.0,324.24,0,0,1,216.0,0.6666666666666666,0.0,0,0.0
37,43,2371.5014473328347,96.0,120.0,214.4,0,0,1,216.0,0.4444444444444444,0.0,0,0.0
38,43,946.3724338932993,68.177815524286,147.82218447571398,162.84,0,0,1,216.0,0.3156380348346574,3.8221844757139936,1,0.0
39,43,870.3543548825418,72.0,144.0,162.12,0,0,2,216.0,0.3333333333333333,0.0,0,0.0
40,43,1746.1749269825407,120.0,96.0,216.56,0,0,2,216.0,0.5555555555555556,0.0,0,0.0
41,43,1970.4646866851647,120.0,96.0,269.56,0,0,1,216.0,0.5555555555555556,0.0,0,0.0
42,43,2533.2682354,120.0,96.0,269.32,0,0,1,216.0,0.5555555555555556,0.0,0,0.0
1,44,1733.4260110999999,48.0,168.0,0.0,0,0,0,216.0,0.2222222222222222,0.0,0,0.6
2,44,3208.7474987,72.0,144.0,107.19999999999999,0,0,1,216.0,0.3333333333333333,0.0,0,0.0
3,44,3685.4008667,120.0,96.0,160.68,0,0,1,216.0,0.5555555555555556,0.0,0,0.0
4,44,3557.8794528813823,120.0,96.0,216.32,0,0,0,216.0,0.5555555555555556,0.0,0,0.0
5,44,3669.656462,96.0,120.0,161.64000000000001,0,0,0,216.0,0.4444444444444444,0.0,0,0.0
6,44,3795.7709779999996,96.0,120.0,217.28,0,0,0,216.0,0.4444444444444444,0.0,0,0.0
7,44,4566.272014999999,144.0,72.0,271.96,0,0,0,216.0,0.6666666666666666,0.0,0,0.0
8,44,4364.906886,120.0,96.0,274.12,0,0,0,216.0,0.5555555555555556,0.0,0,0.0
9,44,3869.1184120000003,144.0,72.0,324.96,0,0,0,216.0,0.6666666666666666,0.0,0,0.0
10,44,4313.196079981926,144.0,72.0,323.76,0,0,0,216.0,0.6666666666666666,0.0,0,0.0
11,44,4080.6060130501514,141.18335794709412,74.81664205290588,267.40000000000003,1,0,1,216.0,0.6536266571624728,2.816642052905882,1,0.0
12,44,4393.2409096819265,189.87174435763364,26.128255642366355,324.24,0,0,2,216.0,0.8790358535075632,2.1282556423663492,1,0.0
13,44,5483.204742000001,144.0,72.0,270.52,0,0,0,216.0,0.6666666666666666,0.0,0,0.0
14,44,3450.0541549999994,144.0,72.0,271.24,0,0,0,216.0,0.6666666666666666,0.0,0,0.0
15,44,2795.143882000001,144.0,72.0,269.56,0,0,0,216.0,0.6666666666666666,0.0,0,0.0
16,44,4737.684493189465,164.0041629826672,51.9958370173328,376.76,0,0,0,216.0,0.7592785323271629,3.99583701733279,1,0.0
17,44,3667.8019889999996,144.0,72.0,214.15999999999997,0,0,0,216.0,0.6666666666666666,0.0,0,0.0
18,44,4962.8571600000005,144.0,72.0,323.52,0,0,0,216.0,0.6666666666666666,0.0,0,0.0
19,44,4898.695714,168.0,48.0,325.44,0,0,0,216.0,0.7777777777777778,0.0,0,0.0
20,44,4920.653187999999,168.0,48.0,322.08000000000004,0,0,0,216.0,0.7777777777777778,0.0,0,0.0
21,44,4387.742720674986,164.71629428197724,51.28370571802276,323.04,0,0,0,216.0,0.7625754364906354,3.283705718022768,1,0.0
22,44,1847.662005,72.0,144.0,161.4,0,0,0,216.0,0.3333333333333333,0.0,0,0.0
23,44,1277.7471231894638,72.0,144.0,163.56,0,0,1,216.0,0.3333333333333333,0.0,0,0.0
24,44,1708.7806040732364,96.0,120.0,217.52,0,0,1,216.0,0.4444444444444444,0.0,0,0.0
25,44,2180.4032931894644,96.0,120.0,217.28000000000003,0,0,1,216.0,0.4444444444444444,0.0,0,0.0
26,44,1983.488380993675,91.30299492331199,124.69700507668801,217.04000000000002,0,0,0,216.0,0.4226990505708888,4.697005076688007,1,0.0
27,44,1943.5472818999997,120.0,96.0,269.08,0,0,0,216.0,0.5555555555555556,0.0,0,1.5
28,44,3242.177817,120.0,96.0,268.6,0,0,0,216.0,0.5555555555555556,0.0,0,0.0
29,44,1614.1300825692904,116.65973549966668,99.34026450033332,271.96000000000004,0,0,0,216.0,0.5400913680540124,3.3402645003333276,1,1.5
30,44,1756.72285276929,72.0,144.0,163.08,0,0,1,216.0,0.3333333333333333,0.0,0,0.0
31,44,2466.270946999999,96.0,120.0,217.28,0,0,0,216.0,0.4444444444444444,0.0,0,0.0
32,44,2859.649442,120.0,96.0,163.32,0,0,0,216.0,0.5555555555555556,0.0,0,0.0
33,44,2801.7113859501433,120.0,96.0,273.64,0,0,1,216.0,0.5555555555555556,0.0,0,0.0
34,44,2770.4315309999997,96.0,120.0,218.24,0,0,0,216.0,0.4444444444444444,0.0,0,0.0
35,44,3110.9414947702303,144.0,72.0,323.52,0,0,1,216.0,0.6666666666666666,0.0,0,0.0
36,44,2206.680396346355,144.0,72.0,324.24,0,0,0,216.0,0.6666666666666666,0.0,0,1.8
37,44,1515.6639006213425,96.0,120.0,214.4,0,0,2,216.0,0.4444444444444444,0.0,0,0.0
38,44,1079.850094281383,72.0,144.0,162.84,0,0,1,216.0,0.3333333333333333,0.0,0,0.0
39,44,921.941325788154,72.0,144.0,162.12,0,0,1,216.0,0.3333333333333333,0.0,0,0.0
40,44,1519.9744159999987,120.0,96.0,216.56,0,0,2,216.0,0.5555555555555556,0.0,0,0.0
41,44,2115.630849199999,120.0,96.0,269.56,0,0,2,216.0,0.5555555555555556,0.0,0,0.0
42,44,2610.116878,120.0,96.0,269.32,0,0,0,216.0,0.5555555555555556,0.0,0,0.0
1,45,2305.7535171885247,44.52149005134571,171.47850994865428,0.0,0,0,0,216.0,0.20611800949697087,3.478509948654295,1,0.0
2,45,3391.2314271885243,72.0,144.0,107.19999999999999,0,0,1,216.0,0.3333333333333333,0.0,0,0.0
3,45,3867.8847951885245,120.0,96.0,160.68,0,0,1,216.0,0.5555555555555556,0.0,0,0.0
4,45,4033.840646414118,115.17711745924905,100.82288254075095,216.32,0,0,0,216.0,0.5332273956446715,4.822882540750955,1,0.0
5,45,3428.2920031553094,91.39364803741475,124.60635196258525,161.64000000000001,0,0,0,216.0,0.4231187409139572,4.606351962585246,1,0.0
6,45,3795.7709779999996,96.0,120.0,217.28,0,0,0,216.0,0.4444444444444444,0.0,0,0.0
7,45,4566.272014999999,144.0,72.0,271.96,0,0,0,216.0,0.6666666666666666,0.0,0,0.0
8,45,3055.4348202,120.0,96.0,274.12,0,0,0,216.0,0.5555555555555556,0.0,0,1.5
9,45,3460.7422420000003,144.0,72.0,324.96,0,0,3,216.0,0.6666666666666666,0.0,0,0.0
10,45,4733.6275679,144.0,72.0,323.76,0,0,1,216.0,0.6666666666666666,0.0,0,0.0
11,45,4053.084332109205,144.0,72.0,267.40000000000003,0,0,0,216.0,0.6666666666666666,0.0,0,0.0
12,45,4424.977675296422,190.9915231646393,25.00847683536071,324.24,0,0,3,216.0,0.8842200146511078,1.0084768353607028,1,0.0
13,45,4774.415047207897,143.67322249269964,72.32677750730036,270.52,0,0,1,216.0,0.6651538078365724,0.3267775073003567,1,0.0
14,45,3450.0541549999994,144.0,72.0,271.24,0,0,0,216.0,0.6666666666666666,0.0,0,0.0
15,45,2795.143882000001,144.0,72.0,269.56,0,0,0,216.0,0.6666666666666666,0.0,0,0.0
16,45,4936.595416,168.0,48.0,376.76,0,0,0,216.0,0.7777777777777778,0.0,0,0.0
17,45,3667.8019889999996,144.0,72.0,214.15999999999997,0,0,0,216.0,0.6666666666666666,0.0,0,0.0
18,45,3474.0000119999995,144.0,72.0,323.52,0,0,0,216.0,0.6666666666666666,0.0,0,1.8
19,45,4688.42100585531,168.0,48.0,325.44,0,0,2,216.0,0.7777777777777778,0.0,0,0.0
20,45,4515.357967932206,154.0384551686161,61.96154483138389,322.08000000000004,0,0,0,216.0,0.7131409961510005,13.961544831383879,3,0.0
21,45,3120.9513145999995,168.0,48.0,323.04,0,0,0,216.0,0.7777777777777778,0.0,0,2.1
22,45,1847.662005,72.0,144.0,161.4,0,0,0,216.0,0.3333333333333333,0.0,0,0.0
23,45,1476.6580459999998,72.0,144.0,163.56,0,0,0,216.0,0.3333333333333333,0.0,0,0.0
24,45,1741.423715,96.0,120.0,217.52,0,0,2,216.0,0.4444444444444444,0.0,0,0.0
25,45,1732.7410869561756,93.30590317854464,122.69409682145536,217.28000000000003,0,0,2,216.0,0.4319717739747437,2.6940968214553624,1,0.0
26,45,1581.5327162739452,96.0,120.0,217.04000000000002,0,0,1,216.0,0.4444444444444444,0.0,0,0.0
27,45,2668.6296484739455,120.0,96.0,269.08,0,0,1,216.0,0.5555555555555556,0.0,0,0.0
28,45,3242.177817,120.0,96.0,268.6,0,0,0,216.0,0.5555555555555556,0.0,0,0.0
29,45,2160.0412783791267,120.0,96.0,271.96000000000004,0,0,0,216.0,0.5555555555555556,0.0,0,0.0
30,45,1035.521417471159,72.0,144.0,163.08,0,0,1,216.0,0.3333333333333333,0.0,0,0.0
31,45,1859.6831178826826,96.0,120.0,217.28,0,0,3,216.0,0.4444444444444444,0.0,0,0.0
32,45,2859.649442,120.0,96.0,163.32,0,0,0,216.0,0.5555555555555556,0.0,0,0.0
33,45,3221.884409,120.0,96.0,273.64,0,0,0,216.0,0.5555555555555556,0.0,0,0.0
34,45,2770.4315309999997,96.0,120.0,218.24,0,0,0,216.0,0.4444444444444444,0.0,0,0.0
35,45,3200.313420377502,144.0,72.0,323.52,0,0,1,216.0,0.6666666666666666,0.0,0,0.0
36,45,2522.3186085999996,144.0,72.0,324.24,0,0,0,216.0,0.6666666666666666,0.0,0,1.8
37,45,2159.027363453998,90.28444935821653,125.71555064178347,214.4,0,0,1,216.0,0.4179835618435951,5.71555064178346,1,0.0
38,45,1169.6346220000005,72.0,144.0,162.84,0,0,1,216.0,0.3333333333333333,0.0,0,0.0
39,45,863.552651320738,69.54222568509407,146.45777431490592,162.12,0,0,1,216.0,0.32195474854210215,2.4577743149059317,1,0.0
40,45,1444.8230884779555,120.0,96.0,216.56,0,0,4,216.0,0.5555555555555556,0.0,0,0.0
41,45,2434.7684089999993,120.0,96.0,269.56,0,0,0,216.0,0.5555555555555556,0.0,0,0.0
42,45,1852.1745045229184,120.0,96.0,269.32,0,0,1,216.0,0.5555555555555556,0.0,0,0.0
1,46,2476.322873,48.0,168.0,0.0,0,0,0,216.0,0.2222222222222222,0.0,0,0.0
2,46,3549.684718,72.0,144.0,107.19999999999999,0,0,0,216.0,0.3333333333333333,0.0,0,0.0
3,46,3895.941154,120.0,96.0,160.68,0,0,0,216.0,0.5555555555555556,0.0,0,0.0
4,46,3771.4048298473253,120.0,96.0,216.32,0,0,0,216.0,0.5555555555555556,0.0,0,0.0
5,46,2926.507330022795,96.0,120.0,161.64000000000001,0,0,1,216.0,0.4444444444444444,0.0,0,0.0
6,46,3795.7709779999996,96.0,120.0,217.28,0,0,0,216.0,0.4444444444444444,0.0,0,0.0
7,46,4566.272014999999,144.0,72.0,271.96,0,0,0,216.0,0.6666666666666666,0.0,0,0.0
8,46,4364.906886,120.0,96.0,274.12,0,0,0,216.0,0.5555555555555556,0.0,0,0.0
9,46,3869.1184120000003,144.0,72.0,324.96,0,0,0,216.0,0.6666666666666666,0.0,0,0.0
10,46,4936.008722,144.0,72.0,323.76,0,0,0,216.0,0.6666666666666666,0.0,0,0.0
11,46,3296.7442752999996,144.0,72.0,267.40000000000003,0,0,0,216.0,0.6666666666666666,0.0,0,1.8
12,46,4453.856759900001,192.0,24.0,324.24,0,0,2,216.0,0.8888888888888888,0.0,0,0.0
13,46,4755.111143805797,144.0,72.0,270.52,0,0,1,216.0,0.6666666666666666,0.0,0,0.0
14,46,3148.054683705796,144.0,72.0,271.24,0,0,1,216.0,0.6666666666666666,0.0,0,0.0
15,46,2596.666982847327,144.0,72.0,269.56,0,0,1,216.0,0.6666666666666666,0.0,0,0.0
16,46,4826.229593847325,168.0,48.0,376.76,0,0,1,216.0,0.7777777777777778,0.0,0,0.0
17,46,3640.1974244041194,139.2863254851194,76.71367451488061,214.15999999999997,0,0,0,216.0,0.6448440994681454,4.713674514880607,1,0.0
18,46,3474.0000119999995,144.0,72.0,323.52,0,0,0,216.0,0.6666666666666666,0.0,0,1.8
19,46,4795.4922371,168.0,48.0,325.44,0,0,1,216.0,0.7777777777777778,0.0,0,0.0
20,46,4920.653187999999,168.0,48.0,322.08000000000004,0,0,0,216.0,0.7777777777777778,0.0,0,0.0
21,46,4342.0052902350535,164.2197932674197,51.7802067325803,323.04,0,0,0,216.0,0.7602768206824986,3.780206732580305,1,0.0
22,46,1847.662005,72.0,144.0,161.4,0,0,0,216.0,0.3333333333333333,0.0,0,0.0
23,46,1476.6580459999998,72.0,144.0,163.56,0,0,0,216.0,0.3333333333333333,0.0,0,0.0
24,46,1741.423715,96.0,120.0,217.52,0,0,2,216.0,0.4444444444444444,0.0,0,0.0
25,46,1785.3934871,91.79945424101092,124.20054575898908,217.28000000000003,0,0,2,216.0,0.4249974733380135,4.200545758989087,1,0.0
26,46,2035.124635235054,96.0,120.0,217.04000000000002,0,0,1,216.0,0.4444444444444444,0.0,0,0.0
27,46,2776.496117,120.0,96.0,269.08,0,0,0,216.0,0.5555555555555556,0.0,0,0.0
28,46,2269.5244719,120.0,96.0,268.6,0,0,0,216.0,0.5555555555555556,0.0,0,1.5
29,46,2121.900080664946,120.0,96.0,271.96000000000004,0,0,2,216.0,0.5555555555555556,0.0,0,0.0
30,46,1241.2346528699566,72.0,144.0,163.08,0,0,1,216.0,0.3333333333333333,0.0,0,0.0
31,46,2007.3927563772952,96.0,120.0,217.28,0,0,1,216.0,0.4444444444444444,0.0,0,0.0
32,46,2596.33083,120.0,96.0,163.32,0,0,1,216.0,0.5555555555555556,0.0,0,0.0
33,46,3090.331041271599,116.06525903485456,99.93474096514544,273.64,0,0,0,216.0,0.5373391621984007,3.9347409651454335,1,0.0
34,46,1939.3020717,96.0,120.0,218.24,0,0,0,216.0,0.4444444444444444,0.0,0,1.2
35,46,3028.0410061,144.0,72.0,323.52,0,0,1,216.0,0.6666666666666666,0.0,0,0.0
36,46,3221.1989371,144.0,72.0,324.24,0,0,1,216.0,0.6666666666666666,0.0,0,0.0
37,46,2028.701264675469,96.0,120.0,214.4,0,0,1,216.0,0.4444444444444444,0.0,0,0.0
38,46,1181.7506870000002,72.0,144.0,162.84,0,0,0,216.0,0.3333333333333333,0.0,0,0.0
39,46,1217.210302999999,72.0,144.0,162.12,0,0,0,216.0,0.3333333333333333,0.0,0,0.0
40,46,1351.092118855785,113.06144697385164,102.93855302614836,216.56,0,0,0,216.0,0.5234326248789428,6.938553026148364,1,1.5
41,46,2299.619684610234,115.07809431420924,100.92190568579076,269.56,0,0,1,216.0,0.5327689551583761,4.92190568579076,1,0.0
42,46,2197.1251516196926,118.35669165527716,97.64330834472284,269.32,0,0,0,216.0,0.5479476465522091,1.6433083447228443,1,0.0
1,47,2476.322873,48.0,168.0,0.0,0,0,0,216.0,0.2222222222222222,0.0,0,0.0
2,47,2484.7793026,72.0,144.0,107.19999999999999,0,0,0,216.0,0.3333333333333333,0.0,0,0.8999999999999999
3,47,3604.748655676593,118.55018813677836,97.44981186322164,160.68,0,0,1,216.0,0.5488434635961961,1.4498118632216404,1,0.0
4,47,4155.557232168125,117.50312536492727,98.49687463507273,216.32,0,0,0,216.0,0.5439959507635522,2.496874635072728,1,0.0
5,47,3669.656462,96.0,120.0,161.64000000000001,0,0,0,216.0,0.4444444444444444,0.0,0,0.0
6,47,3564.264656648764,96.0,120.0,217.28,0,0,0,216.0,0.4444444444444444,0.0,0,0.0
7,47,3894.12669717055,144.0,72.0,271.96,0,0,1,216.0,0.6666666666666666,0.0,0,0.0
8,47,4156.278042521786,120.0,96.0,274.12,0,0,1,216.0,0.5555555555555556,0.0,0,0.0
9,47,3776.421806432899,139.42104700933254,76.57895299066746,324.96,0,0,0,216.0,0.6454678102283914,4.578952990667449,1,0.0
10,47,4936.008722,144.0,72.0,323.76,0,0,0,216.0,0.6666666666666666,0.0,0,0.0
11,47,4709.634679,144.0,72.0,267.40000000000003,1,0,0,216.0,0.6666666666666666,0.0,0,0.0
12,47,4424.559732376064,192.0,24.0,324.24,0,0,1,216.0,0.8888888888888888,0.0,0,0.0
13,47,5483.204742000001,144.0,72.0,270.52,0,0,0,216.0,0.6666666666666666,0.0,0,0.0
14,47,3450.0541549999994,144.0,72.0,271.24,0,0,0,216.0,0.6666666666666666,0.0,0,0.0
15,47,2795.143882000001,144.0,72.0,269.56,0,0,0,216.0,0.6666666666666666,0.0,0,0.0
16,47,4936.595416,168.0,48.0,376.76,0,0,0,216.0,0.7777777777777778,0.0,0,0.0
17,47,3667.8019889999996,144.0,72.0,214.15999999999997,0,0,0,216.0,0.6666666666666666,0.0,0,0.0
18,47,4962.8571600000005,144.0,72.0,323.52,0,0,0,216.0,0.6666666666666666,0.0,0,0.0
19,47,4898.695714,168.0,48.0,325.44,0,0,0,216.0,0.7777777777777778,0.0,0,0.0
20,47,3444.4572316,168.0,48.0,322.08000000000004,0,0,0,216.0,0.7777777777777778,0.0,0,2.1
21,47,3114.5568782999994,168.0,48.0,323.04,0,0,1,216.0,0.7777777777777778,0.0,0,2.1
22,47,1847.662005,72.0,144.0,161.4,0,0,0,216.0,0.3333333333333333,0.0,0,0.0
23,47,1404.4870804765924,72.0,144.0,163.56,0,0,1,216.0,0.3333333333333333,0.0,0,0.0
24,47,2122.3933464765923,96.0,120.0,217.52,0,0,1,216.0,0.4444444444444444,0.0,0,0.0
25,47,1517.192740013844,96.0,120.0,217.28000000000003,0,0,0,216.0,0.4444444444444444,0.0,0,1.2
26,47,1974.6082889512356,96.0,120.0,217.04000000000002,0,0,1,216.0,0.4444444444444444,0.0,0,0.0
27,47,2776.496117,120.0,96.0,269.08,0,0,0,216.0,0.5555555555555556,0.0,0,0.0
28,47,3201.847306605727,118.00778561355928,97.99221438644072,268.6,0,0,0,216.0,0.5463323408035152,1.9922143864407191,1,0.0
29,47,2272.857335744189,120.0,96.0,271.96000000000004,0,0,1,216.0,0.5555555555555556,0.0,0,0.0
30,47,1740.961564744189,72.0,144.0,163.08,0,0,1,216.0,0.3333333333333333,0.0,0,0.0
31,47,2144.280288695424,96.0,120.0,217.28,0,0,2,216.0,0.4444444444444444,0.0,0,0.0
32,47,2712.3898299685784,113.35540945233339,102.64459054766661,163.32,0,0,0,216.0,0.5247935622793213,6.644590547666612,1,0.0
33,47,3221.884409,120.0,96.0,273.64,0,0,0,216.0,0.5555555555555556,0.0,0,0.0
34,47,2770.4315309999997,96.0,120.0,218.24,0,0,0,216.0,0.4444444444444444,0.0,0,0.0
35,47,3410.154367,144.0,72.0,323.52,0,0,0,216.0,0.6666666666666666,0.0,0,0.0
36,47,3438.2183723999997,144.0,72.0,324.24,1,0,1,216.0,0.6666666666666666,0.0,0,0.0
37,47,2522.7442659999997,96.0,120.0,214.4,0,0,0,216.0,0.4444444444444444,0.0,0,0.0
38,47,1181.7506870000002,72.0,144.0,162.84,0,0,0,216.0,0.3333333333333333,0.0,0,0.0
39,47,795.2017979923055,69.46521533641224,146.53478466358774,162.12,0,0,2,216.0,0.32159821915005665,2.534784663587757,1,0.0
40,47,1563.8931201999992,120.0,96.0,216.56,0,0,2,216.0,0.5555555555555556,0.0,0,0.0
41,47,1574.8117237149481,112.66443282021508,103.33556717978492,269.56,0,0,1,216.0,0.5215945963898846,7.335567179784919,2,1.5
42,47,1902.0285216212487,120.0,96.0,269.32,0,0,2,216.0,0.5555555555555556,0.0,0,0.0
1,48,2476.322873,48.0,168.0,0.0,0,0,0,216.0,0.2222222222222222,0.0,0,0.0
2,48,3549.684718,72.0,144.0,107.19999999999999,0,0,0,216.0,0.3333333333333333,0.0,0,0.0
3,48,3508.3784491475417,120.0,96.0,160.68,0,0,0,216.0,0.5555555555555556,0.0,0,0.0
4,48,4148.562834147542,120.0,96.0,216.32,0,0,1,216.0,0.5555555555555556,0.0,0,0.0
5,48,3669.656462,96.0,120.0,161.64000000000001,0,0,0,216.0,0.4444444444444444,0.0,0,0.0
6,48,3795.7709779999996,96.0,120.0,217.28,0,0,0,216.0,0.4444444444444444,0.0,0,0.0
7,48,4110.661107664013,144.0,72.0,271.96,0,0,0,216.0,0.6666666666666666,0.0,0,0.0
8,48,4043.2664035740836,120.0,96.0,274.12,0,0,0,216.0,0.5555555555555556,0.0,0,0.0
9,48,2660.7057834694965,140.63554913715856,75.36445086284144,324.96,0,0,0,216.0,0.651090505264623,3.3644508628414256,1,1.8
10,48,4162.820681964013,144.0,72.0,323.76,0,0,3,216.0,0.6666666666666666,0.0,0,0.0
11,48,4336.668611564012,144.0,72.0,267.40000000000003,0,0,2,216.0,0.6666666666666666,0.0,0,0.0
12,48,4826.748686140298,187.8360649750628,28.16393502493719,324.24,0,0,1,216.0,0.8696114119215871,4.1639350249371905,1,0.0
13,48,4692.050556838487,144.0,72.0,270.52,0,0,1,216.0,0.6666666666666666,0.0,0,0.0
14,48,3298.4467458107674,144.0,72.0,271.24,0,0,0,216.0,0.6666666666666666,0.0,0,0.0
15,48,2795.143882000001,144.0,72.0,269.56,0,0,0,216.0,0.6666666666666666,0.0,0,0.0
16,48,4226.882260284965,168.0,48.0,376.76,0,0,1,216.0,0.7777777777777778,0.0,0,0.0
17,48,3667.8019889999996,144.0,72.0,214.15999999999997,0,0,0,216.0,0.6666666666666666,0.0,0,0.0
18,48,4734.198406079776,144.0,72.0,323.52,0,0,0,216.0,0.6666666666666666,0.0,0,0.0
19,48,4591.5235609279625,161.6668231945993,54.33317680540071,325.44,0,0,0,216.0,0.7484575147898115,6.3331768054007105,1,0.0
20,48,4498.361224822761,168.0,48.0,322.08000000000004,0,0,0,216.0,0.7777777777777778,0.0,0,0.0
21,48,4050.879373082899,163.54194095171783,52.458059048282166,323.04,0,0,0,216.0,0.7571386155172122,4.458059048282151,1,0.0
22,48,1551.3153714025655,62.03923008344432,153.96076991655568,161.4,0,0,1,216.0,0.28721865779372374,9.960769916555677,2,0.0
23,48,1476.6580459999998,72.0,144.0,163.56,0,0,0,216.0,0.3333333333333333,0.0,0,0.0
24,48,1491.0330040419803,93.28265943160298,122.71734056839702,217.52,0,0,0,216.0,0.431864164035199,2.7173405683970167,1,1.2
25,48,1378.959026893103,96.0,120.0,217.28000000000003,0,0,0,216.0,0.4444444444444444,0.0,0,1.2
26,48,2071.291932421872,93.75240976170763,122.24759023829237,217.04000000000002,0,0,0,216.0,0.43403893408197974,2.2475902382923745,1,0.0
27,48,2659.092171420398,114.40251257091924,101.59748742908076,269.08,0,0,1,216.0,0.5296412619024039,5.597487429080765,1,0.0
28,48,3242.177817,120.0,96.0,268.6,0,0,0,216.0,0.5555555555555556,0.0,0,0.0
29,48,2047.6979235622034,120.0,96.0,271.96000000000004,0,0,1,216.0,0.5555555555555556,0.0,0,0.0
30,48,1054.2430713572364,72.0,144.0,163.08,0,0,1,216.0,0.3333333333333333,0.0,0,0.0
31,48,2044.2808078434891,96.0,120.0,217.28,0,0,2,216.0,0.4444444444444444,0.0,0,0.0
32,48,2748.8765386445225,115.00174843312544,100.99825156687456,163.32,0,0,0,216.0,0.5324155020052104,4.998251566874564,1,0.0
33,48,3118.2455125999995,117.54259475218512,98.45740524781488,273.64,0,0,1,216.0,0.5441786794082645,2.457405247814871,1,0.0
34,48,1897.8008842273634,93.26496432149992,122.73503567850008,218.24,0,0,0,216.0,0.4317822422291663,2.735035678500098,2,1.2
35,48,3028.0410061,138.2014430437734,77.7985569562266,323.52,0,0,1,216.0,0.6398214955730249,5.7985569562266095,1,0.0
36,48,3221.1989371,144.0,72.0,324.24,0,0,1,216.0,0.6666666666666666,0.0,0,0.0
37,48,2369.818525008498,96.0,120.0,214.4,0,0,0,216.0,0.4444444444444444,0.0,0,0.0
38,48,1157.5185570000008,72.0,144.0,162.84,0,0,1,216.0,0.3333333333333333,0.0,0,0.0
39,48,474.7148705755937,72.0,144.0,162.12,0,0,1,216.0,0.3333333333333333,0.0,0,0.0
40,48,1257.7911966404426,117.37333482205818,98.62666517794182,216.56,0,0,4,216.0,0.5433950686206397,2.62666517794181,1,0.0
41,48,1617.7003985941087,120.0,96.0,269.56,0,0,1,216.0,0.5555555555555556,0.0,0,0.0
42,48,2021.2435462443632,120.0,96.0,269.32,0,0,2,216.0,0.5555555555555556,0.0,0,0.0
1,49,2476.322873,48.0,168.0,0.0,0,0,0,216.0,0.2222222222222222,0.0,0,0.0
2,49,3549.684718,72.0,144.0,107.19999999999999,0,0,0,216.0,0.3333333333333333,0.0,0,0.0
3,49,3687.9206774125223,120.0,96.0,160.68,0,0,0,216.0,0.5555555555555556,0.0,0,0.0
4,49,2863.09708817343,117.47105620142048,98.52894379857952,216.32,0,0,0,216.0,0.5438474824139837,2.5289437985795136,1,1.5
5,49,3603.1237729000004,96.0,120.0,161.64000000000001,0,0,1,216.0,0.4444444444444444,0.0,0,0.0
6,49,3795.7709779999996,96.0,120.0,217.28,0,0,0,216.0,0.4444444444444444,0.0,0,0.0
7,49,4566.272014999999,144.0,72.0,271.96,0,0,0,216.0,0.6666666666666666,0.0,0,0.0
8,49,4364.906886,120.0,96.0,274.12,0,0,0,216.0,0.5555555555555556,0.0,0,0.0
9,49,3869.1184120000003,144.0,72.0,324.96,0,0,0,216.0,0.6666666666666666,0.0,0,0.0
10,49,4727.525792480741,136.05838265831102,79.94161734168898,323.76,0,0,0,216.0,0.6298999197144028,7.94161734168898,2,0.0
11,49,4623.7138584679815,144.0,72.0,267.40000000000003,0,0,1,216.0,0.6666666666666666,0.0,0,0.0
12,49,4672.064198070841,192.0,24.0,324.24,0,0,0,216.0,0.8888888888888888,0.0,0,0.0
13,49,3623.456233878101,142.82917460547824,73.17082539452176,270.52,0,0,0,216.0,0.661246178729066,1.1708253945217444,1,1.8
14,49,3080.5291642251545,144.0,72.0,271.24,0,0,2,216.0,0.6666666666666666,0.0,0,0.0
15,49,2740.5551449914506,138.97413984097668,77.02586015902332,269.56,0,0,1,216.0,0.6433987955600772,5.025860159023333,1,0.0
16,49,4936.595416,168.0,48.0,376.76,0,0,0,216.0,0.7777777777777778,0.0,0,0.0
17,49,3466.392348397885,136.6548885790649,79.3451114209351,214.15999999999997,0,0,0,216.0,0.6326615211993746,7.345111420935089,2,0.0
18,49,4962.8571600000005,144.0,72.0,323.52,0,0,0,216.0,0.6666666666666666,0.0,0,0.0
19,49,4545.723709672881,168.0,48.0,325.44,0,0,0,216.0,0.7777777777777778,0.0,0,0.0
20,49,4572.93989267288,168.0,48.0,322.08000000000004,0,0,1,216.0,0.7777777777777778,0.0,0,0.0
21,49,4363.03418567288,168.0,48.0,323.04,0,0,1,216.0,0.7777777777777778,0.0,0,0.0
22,49,1293.3634035,72.0,144.0,161.4,0,0,0,216.0,0.3333333333333333,0.0,0,0.8999999999999999
23,49,1418.4610069999997,72.0,144.0,163.56,0,0,1,216.0,0.3333333333333333,0.0,0,0.0
24,49,2194.564311999999,96.0,120.0,217.52,0,0,0,216.0,0.4444444444444444,0.0,0,0.0
25,49,1791.2868689708391,96.0,120.0,217.28000000000003,0,0,1,216.0,0.4444444444444444,0.0,0,0.0
26,49,1497.7102041059015,96.0,120.0,217.04000000000002,0,0,1,216.0,0.4444444444444444,0.0,0,0.0
27,49,2288.4773194059017,120.0,96.0,269.08,0,0,2,216.0,0.5555555555555556,0.0,0,0.0
28,49,3242.177817,120.0,96.0,268.6,0,0,0,216.0,0.5555555555555556,0.0,0,0.0
29,49,2013.2751440000002,120.0,96.0,271.96000000000004,0,0,1,216.0,0.5555555555555556,0.0,0,0.0
30,49,1481.379373,72.0,144.0,163.08,0,0,1,216.0,0.3333333333333333,0.0,0,0.0
31,49,1879.606237,96.0,120.0,217.28,0,0,2,216.0,0.4444444444444444,0.0,0,0.0
32,49,2859.649442,120.0,96.0,163.32,0,0,0,216.0,0.5555555555555556,0.0,0,0.0
33,49,3221.884409,120.0,96.0,273.64,0,0,0,216.0,0.5555555555555556,0.0,0,0.0
34,49,2770.4315309999997,96.0,120.0,218.24,0,0,0,216.0,0.4444444444444444,0.0,0,0.0
35,49,2937.600063326511,144.0,72.0,323.52,0,0,2,216.0,0.6666666666666666,0.0,0,0.0
36,49,2820.568654143415,136.00469785116383,79.99530214883617,324.24,0,0,1,216.0,0.6296513789405732,7.9953021488361875,2,0.0
37,49,2344.223482629317,96.0,120.0,214.4,0,0,0,216.0,0.4444444444444444,0.0,0,0.0
38,49,1021.978689,72.0,144.0,162.84,0,0,1,216.0,0.3333333333333333,0.0,0,0.0
39,49,1053.0162189999992,72.0,144.0,162.12,0,0,1,216.0,0.3333333333333333,0.0,0,0.0
40,49,1859.346798290719,111.35128241517342,104.64871758482658,216.56,0,0,0,216.0,0.5155151963665436,8.648717584826574,2,0.0
41,49,2176.929714000562,120.0,96.0,269.56,0,0,1,216.0,0.5555555555555556,0.0,0,0.0
42,49,2231.5598207925186,120.0,96.0,269.32,0,0,1,216.0,0.5555555555555556,0.0,0,0.0
