{
  "samples": 50,
  "total_production": 5978608.866696678,
  "total_hours": 240744.0,
  "mobilisation_cost": 504845.16000000003,
  "average_utilisation": 0.5307407407407407
}