{
  "samples": 50,
  "total_production": 10560.086174054777,
  "total_hours": 107280.0,
  "mobilisation_cost": 73300.0,
  "average_utilisation": 0.32863095238095236
}