{
  "samples": 50,
  "total_production": 11388.402796534929,
  "total_hours": 120960.0,
  "mobilisation_cost": 96000.0,
  "average_utilisation": 0.3678664021164021
}