day,shift_id,machine_id,machine_role,sample_id,production_units,total_hours,idle_hours,mobilisation_cost,sequencing_violations,blackout_conflicts,available_hours,utilisation_ratio,downtime_hours,downtime_events,weather_severity_total
1,S1,H1,feller_buncher,0,1220.906942,24.0,0.0,0.0,0,0,24.0,1.0,0.0,0,0.0
1,S1,H2,feller_buncher,0,1299.478592,24.0,0.0,0.0,0,0,24.0,1.0,0.0,0,0.0
2,S1,H1,feller_buncher,0,1220.906942,24.0,0.0,0.0,0,0,24.0,1.0,0.0,0,0.0
2,S1,H2,feller_buncher,0,1164.04956,24.0,0.0,53.72,0,0,24.0,1.0,0.0,0,0.0
2,S1,H3,grapple_skidder,0,678.968019,24.0,0.0,0.0,0,0,24.0,1.0,0.0,0,0.0
3,S1,H1,feller_buncher,0,1176.844281,24.0,0.0,53.48,0,0,24.0,1.0,0.0,0,0.0
3,S1,H2,feller_buncher,0,888.796776,24.0,0.0,53.24,0,0,24.0,1.0,0.0,0,0.0
3,S1,H3,grapple_skidder,0,778.104169,24.0,0.0,53.72,0,0,24.0,1.0,0.0,0,0.0
3,S1,H4,processor,0,547.23705,24.0,0.0,0.0,0,0,24.0,1.0,0.0,0,0.0
4,S1,H1,feller_buncher,0,1176.844281,24.0,0.0,0.0,0,0,24.0,1.0,0.0,0,0.0
4,S1,H2,feller_buncher,0,888.796776,24.0,0.0,0.0,0,0,24.0,1.0,0.0,0,0.0
4,S1,H3,grapple_skidder,0,1332.369187,24.0,0.0,54.68,0,0,24.0,1.0,0.0,0,0.0
4,S1,H4,processor,0,469.046841,24.0,0.0,53.72,0,0,24.0,1.0,0.0,0,0.0
4,S1,H7,loader,0,485.857474,24.0,0.0,0.0,0,0,24.0,1.0,0.0,0,0.0
5,S1,H1,feller_buncher,0,1164.04956,24.0,0.0,54.2,0,0,24.0,1.0,0.0,0,0.0
5,S1,H2,feller_buncher,0,961.553907,24.0,0.0,53.24,0,0,24.0,1.0,0.0,0,0.0
5,S1,H3,grapple_skidder,0,1164.728216,24.0,0.0,53.48,0,0,24.0,1.0,0.0,0,0.0
5,S1,H4,processor,0,531.895933,24.0,0.0,54.68,0,0,24.0,1.0,0.0,0,0.0
6,S1,H1,feller_buncher,0,256.1621419999998,24.0,0.0,53.24,0,0,24.0,1.0,0.0,0,0.0
6,S1,H2,feller_buncher,0,961.553907,24.0,0.0,0.0,0,0,24.0,1.0,0.0,0,0.0
6,S1,H3,grapple_skidder,0,1164.728216,24.0,0.0,0.0,0,0,24.0,1.0,0.0,0,0.0
6,S1,H4,processor,0,531.895933,24.0,0.0,0.0,0,0,24.0,1.0,0.0,0,0.0
7,S1,H1,feller_buncher,0,1164.04956,24.0,0.0,53.24,0,0,24.0,1.0,0.0,0,0.0
7,S1,H2,feller_buncher,0,961.553907,24.0,0.0,0.0,0,0,24.0,1.0,0.0,0,0.0
7,S1,H3,grapple_skidder,0,809.624168,24.0,0.0,54.44,0,0,24.0,1.0,0.0,0,0.0
7,S1,H4,processor,0,396.2556348245971,18.388954067042086,5.611045932957914,53.48,0,0,24.0,0.7662064194600869,5.611045932957915,1,0.0
7,S1,H7,loader,0,802.411354,24.0,0.0,55.4,0,0,24.0,1.0,0.0,0,0.0
8,S1,H1,feller_buncher,0,860.013242,24.0,0.0,53.24,0,0,24.0,1.0,0.0,0,0.0
8,S1,H2,feller_buncher,0,413.7565330000002,24.0,0.0,0.0,0,0,24.0,1.0,0.0,0,0.0
8,S1,H3,grapple_skidder,0,778.104169,24.0,0.0,53.24,0,0,24.0,1.0,0.0,0,0.0
8,S1,H4,processor,0,517.165642,24.0,0.0,0.0,0,0,24.0,1.0,0.0,0,0.0
8,S1,H5,processor,0,409.650504,24.0,0.0,0.0,0,0,24.0,1.0,0.0,0,0.0
9,S1,H1,feller_buncher,0,1299.478592,24.0,0.0,53.96,0,0,24.0,1.0,0.0,0,0.0
9,S1,H2,feller_buncher,0,584.6187956444755,24.0,0.0,55.16,0,0,24.0,1.0,0.0,0,0.0
9,S1,H3,grapple_skidder,0,778.104169,24.0,0.0,0.0,0,0,24.0,1.0,0.0,0,0.0
9,S1,H7,loader,0,687.364703,24.0,0.0,53.48,0,0,24.0,1.0,0.0,0,0.0
10,S1,H1,feller_buncher,0,1299.478592,24.0,0.0,0.0,0,0,24.0,1.0,0.0,0,0.0
10,S1,H2,feller_buncher,0,860.013242,24.0,0.0,54.44,0,0,24.0,1.0,0.0,0,0.0
10,S1,H3,grapple_skidder,0,739.620424,24.0,0.0,53.48,0,0,24.0,1.0,0.0,0,0.0
10,S1,H4,processor,0,517.165642,24.0,0.0,0.0,0,0,24.0,1.0,0.0,0,0.0
10,S1,H5,processor,0,469.046841,24.0,0.0,53.24,0,0,24.0,1.0,0.0,0,0.0
11,S1,H1,feller_buncher,0,1299.478592,24.0,0.0,0.0,0,0,24.0,1.0,0.0,0,0.0
11,S1,H2,feller_buncher,0,59.00278800000001,24.0,0.0,0.0,0,0,24.0,1.0,0.0,0,0.0
11,S1,H3,grapple_skidder,0,778.104169,24.0,0.0,53.48,0,0,24.0,1.0,0.0,0,0.0
11,S1,H4,processor,0,481.329283,24.0,0.0,54.68,0,0,24.0,1.0,0.0,0,0.0
11,S1,H7,loader,0,589.6780748944896,20.589177383854913,3.4108226161450865,0.0,0,0,24.0,0.8578823909939547,3.410822616145085,1,0.0
12,S1,H1,feller_buncher,0,356.0085949999998,24.0,0.0,0.0,0,0,24.0,1.0,0.0,0,0.0
12,S1,H2,feller_buncher,0,674.603847,24.0,0.0,53.72,0,0,24.0,1.0,0.0,0,0.0
12,S1,H3,grapple_skidder,0,1332.369187,24.0,0.0,54.68,0,0,24.0,1.0,0.0,0,0.0
12,S1,H4,processor,0,517.165642,24.0,0.0,54.68,0,0,24.0,1.0,0.0,0,0.0
12,S1,H7,loader,0,409.9066537861638,20.722344287284923,3.2776557127150774,54.2,0,0,24.0,0.8634310119702051,3.277655712715076,1,0.0
12,S1,H8,loader,0,451.958924,24.0,0.0,0.0,0,0,24.0,1.0,0.0,0,0.0
13,S1,H1,feller_buncher,0,1164.04956,24.0,0.0,53.72,0,0,24.0,1.0,0.0,0,0.0
13,S1,H2,feller_buncher,0,1194.708925,24.0,0.0,53.96,0,0,24.0,1.0,0.0,0,0.0
13,S1,H3,grapple_skidder,0,809.624168,24.0,0.0,54.92,0,0,24.0,1.0,0.0,0,0.0
13,S1,H4,processor,0,531.895933,24.0,0.0,53.48,0,0,24.0,1.0,0.0,0,0.0
13,S1,H7,loader,0,670.7097829301077,24.0,0.0,54.2,1,0,24.0,1.0,0.0,0,0.0
14,S1,H1,feller_buncher,0,1176.844281,24.0,0.0,54.2,0,0,24.0,1.0,0.0,0,0.0
14,S1,H2,feller_buncher,0,1194.708925,24.0,0.0,0.0,0,0,24.0,1.0,0.0,0,0.0
14,S1,H3,grapple_skidder,0,778.104169,24.0,0.0,53.24,0,0,24.0,1.0,0.0,0,0.0
14,S1,H4,processor,0,531.895933,24.0,0.0,0.0,0,0,24.0,1.0,0.0,0,0.0
14,S1,H5,processor,0,409.650504,24.0,0.0,53.24,0,0,24.0,1.0,0.0,0,0.0
15,S1,H1,feller_buncher,0,958.8457619973206,19.55424235769022,4.445757642309779,0.0,0,0,24.0,0.8147600982370925,4.445757642309777,1,0.0
15,S1,H2,feller_buncher,0,1164.04956,24.0,0.0,54.92,0,0,24.0,1.0,0.0,0,0.0
15,S1,H3,grapple_skidder,0,923.199854,24.0,0.0,53.24,0,0,24.0,1.0,0.0,0,0.0
15,S1,H4,processor,0,299.6744070094007,24.0,0.0,54.92,0,0,24.0,1.0,0.0,0,0.0
15,S1,H7,loader,0,802.411354,24.0,0.0,53.48,0,0,24.0,1.0,0.0,0,0.0
16,S1,H1,feller_buncher,0,111.30773800000088,24.0,0.0,0.0,0,0,24.0,1.0,0.0,0,0.0
16,S1,H2,feller_buncher,0,502.7667789999996,24.0,0.0,0.0,0,0,24.0,1.0,0.0,0,0.0
16,S1,H3,grapple_skidder,0,1480.641393,24.0,0.0,54.68,0,0,24.0,1.0,0.0,0,0.0
16,S1,H4,processor,0,531.895933,24.0,0.0,54.92,0,0,24.0,1.0,0.0,0,0.0
16,S1,H5,processor,0,395.784917,24.0,0.0,53.48,0,0,24.0,1.0,0.0,0,0.0
16,S1,H7,loader,0,424.433991,24.0,0.0,54.92,0,0,24.0,1.0,0.0,0,0.0
17,S1,H1,feller_buncher,0,403.87247809999997,24.0,0.0,53.72,0,0,24.0,1.0,0.0,0,0.3
17,S1,H2,feller_buncher,0,551.1545080999999,24.0,0.0,54.44,0,0,24.0,1.0,0.0,0,0.3
17,S1,H3,grapple_skidder,0,400.20383828535915,20.33975127256876,3.6602487274312416,53.96,0,0,24.0,0.8474896363570316,3.6602487274312416,1,0.3
17,S1,H4,processor,0,398.8783582,24.0,0.0,53.24,0,0,24.0,1.0,0.0,0,0.3
17,S1,H5,processor,0,277.0494419,24.0,0.0,0.0,0,0,24.0,1.0,0.0,0,0.3
17,S1,H6,processor,0,328.3327887,24.0,0.0,0.0,0,0,24.0,1.0,0.0,0,0.3
17,S1,H7,loader,0,297.1037937,24.0,0.0,0.0,0,0,24.0,1.0,0.0,0,0.3
17,S1,H8,loader,0,561.6879478,24.0,0.0,55.16,0,0,24.0,1.0,0.0,0,0.3
18,S1,H1,feller_buncher,0,1220.906942,24.0,0.0,54.2,0,0,24.0,1.0,0.0,0,0.0
18,S1,H2,feller_buncher,0,486.3476200000001,24.0,0.0,0.0,0,0,24.0,1.0,0.0,0,0.0
18,S1,H3,grapple_skidder,0,1164.728216,24.0,0.0,53.24,0,0,24.0,1.0,0.0,0,0.0
18,S1,H4,processor,0,569.826226,24.0,0.0,0.0,0,0,24.0,1.0,0.0,0,0.0
18,S1,H5,processor,0,400.20383828535915,24.0,0.0,53.72,1,0,24.0,1.0,0.0,0,0.0
18,S1,H7,loader,0,474.741639,24.0,0.0,53.24,0,0,24.0,1.0,0.0,0,0.0
18,S1,H8,loader,0,456.725789,24.0,0.0,54.44,0,0,24.0,1.0,0.0,0,0.0
19,S1,H1,feller_buncher,0,1013.0077249999999,24.0,0.0,0.0,0,0,24.0,1.0,0.0,0,0.0
19,S1,H2,feller_buncher,0,680.207863,24.0,0.0,53.72,0,0,24.0,1.0,0.0,0,0.0
19,S1,H3,grapple_skidder,0,1037.5021281,24.0,0.0,53.24,1,0,24.0,1.0,0.0,0,0.0
19,S1,H4,processor,0,517.165642,24.0,0.0,53.72,0,0,24.0,1.0,0.0,0,0.0
19,S1,H5,processor,0,0.0,24.0,0.0,0.0,1,0,24.0,1.0,0.0,0,0.0
19,S1,H6,processor,0,366.649806358386,18.76058973948247,5.239410260517531,0.0,0,0,24.0,0.7816912391451029,5.239410260517532,1,0.0
19,S1,H7,loader,0,937.184825,24.0,0.0,54.92,0,0,24.0,1.0,0.0,0,0.0
20,S1,H1,feller_buncher,0,1194.708925,24.0,0.0,53.24,0,0,24.0,1.0,0.0,0,0.0
20,S1,H2,feller_buncher,0,364.89843800000006,24.0,0.0,0.0,0,0,24.0,1.0,0.0,0,0.0
20,S1,H3,grapple_skidder,0,1332.369187,24.0,0.0,53.24,0,0,24.0,1.0,0.0,0,0.0
20,S1,H4,processor,0,517.165642,24.0,0.0,0.0,0,0,24.0,1.0,0.0,0,0.0
20,S1,H5,processor,0,469.046841,24.0,0.0,53.96,0,0,24.0,1.0,0.0,0,0.0
20,S1,H6,processor,0,441.264891,24.0,0.0,54.44,0,0,24.0,1.0,0.0,0,0.0
20,S1,H7,loader,0,400.20383828535915,24.0,0.0,53.96,1,0,24.0,1.0,0.0,0,0.0
21,S1,H3,grapple_skidder,0,739.620424,24.0,0.0,55.16,0,0,24.0,1.0,0.0,0,0.0
21,S1,H4,processor,0,531.895933,24.0,0.0,53.48,0,0,24.0,1.0,0.0,0,0.0
21,S1,H5,processor,0,469.046841,24.0,0.0,0.0,0,0,24.0,1.0,0.0,0,0.0
21,S1,H6,processor,0,441.264891,24.0,0.0,0.0,0,0,24.0,1.0,0.0,0,0.0
21,S1,H7,loader,0,687.364703,24.0,0.0,53.24,0,0,24.0,1.0,0.0,0,0.0
22,S1,H3,grapple_skidder,0,1036.4489751,24.0,0.0,55.4,0,0,24.0,1.0,0.0,0,0.3
22,S1,H4,processor,0,372.3271531,24.0,0.0,0.0,0,0,24.0,1.0,0.0,0,0.3
22,S1,H5,processor,0,250.2306610061118,24.0,0.0,53.48,0,0,24.0,1.0,0.0,0,0.3
22,S1,H6,processor,0,328.3327887,24.0,0.0,54.44,0,0,24.0,1.0,0.0,0,0.3
22,S1,H7,loader,0,513.4386985,24.0,0.0,53.24,0,0,24.0,1.0,0.0,0,0.3
23,S1,H3,grapple_skidder,0,1106.5016949973215,24.0,0.0,53.72,1,0,24.0,1.0,0.0,0,0.0
23,S1,H4,processor,0,569.826226,24.0,0.0,53.24,0,0,24.0,1.0,0.0,0,0.0
23,S1,H5,processor,0,481.329283,24.0,0.0,0.0,0,0,24.0,1.0,0.0,0,0.0
23,S1,H6,processor,0,469.046841,24.0,0.0,0.0,0,0,24.0,1.0,0.0,0,0.0
23,S1,H7,loader,0,802.411354,24.0,0.0,53.24,0,0,24.0,1.0,0.0,0,0.0
24,S1,H3,grapple_skidder,0,739.620424,24.0,0.0,54.68,0,0,24.0,1.0,0.0,0,0.0
24,S1,H4,processor,0,569.826226,24.0,0.0,0.0,0,0,24.0,1.0,0.0,0,0.0
24,S1,H5,processor,0,517.165642,24.0,0.0,54.68,0,0,24.0,1.0,0.0,0,0.0
24,S1,H6,processor,0,154.97234609999992,24.0,0.0,54.44,1,0,24.0,1.0,0.0,0,0.0
24,S1,H7,loader,0,474.741639,24.0,0.0,54.68,0,0,24.0,1.0,0.0,0,0.0
25,S1,H3,grapple_skidder,0,1263.2397856444757,24.0,0.0,55.16,1,0,24.0,1.0,0.0,0,0.0
25,S1,H4,processor,0,481.329283,24.0,0.0,55.4,0,0,24.0,1.0,0.0,0,0.0
25,S1,H5,processor,0,517.165642,24.0,0.0,0.0,0,0,24.0,1.0,0.0,0,0.0
25,S1,H7,loader,0,474.741639,24.0,0.0,0.0,0,0,24.0,1.0,0.0,0,0.0
25,S1,H8,loader,0,524.0634295999998,24.0,0.0,54.2,1,0,24.0,1.0,0.0,0,0.0
25,S1,H9,loader,0,937.184825,24.0,0.0,0.0,0,0,24.0,1.0,0.0,0,0.0
26,S1,H3,grapple_skidder,0,778.104169,24.0,0.0,54.68,0,0,24.0,1.0,0.0,0,0.0
26,S1,H4,processor,0,408.73333190000017,18.899557578288693,5.100442421711307,55.4,1,0,24.0,0.7874815657620289,5.100442421711307,1,0.0
26,S1,H5,processor,0,531.895933,24.0,0.0,53.48,0,0,24.0,1.0,0.0,0,0.0
26,S1,H7,loader,0,520.6883700732888,18.18033545688035,5.81966454311965,54.2,0,0,24.0,0.7575139773700146,5.81966454311965,1,0.0
26,S1,H8,loader,0,451.958924,24.0,0.0,54.92,0,0,24.0,1.0,0.0,0,0.0
27,S1,H3,grapple_skidder,0,0.0,24.0,0.0,54.2,1,0,24.0,1.0,0.0,0,0.0
27,S1,H4,processor,0,469.046841,24.0,0.0,54.92,0,0,24.0,1.0,0.0,0,0.0
27,S1,H5,processor,0,531.895933,24.0,0.0,0.0,0,0,24.0,1.0,0.0,0,0.0
27,S1,H7,loader,0,642.7207181000001,24.0,0.0,53.72,1,0,24.0,1.0,0.0,0,0.0
27,S1,H8,loader,0,451.958924,24.0,0.0,0.0,0,0,24.0,1.0,0.0,0,0.0
28,S1,H1,feller_buncher,0,1194.708925,24.0,0.0,0.0,0,0,24.0,1.0,0.0,0,0.0
28,S1,H3,grapple_skidder,0,881.0994893075218,20.2337195012094,3.7662804987906,53.48,0,0,24.0,0.843071645883725,3.7662804987905996,1,0.0
28,S1,H4,processor,0,517.165642,24.0,0.0,54.2,0,0,24.0,1.0,0.0,0,0.0
28,S1,H7,loader,0,663.6502804882814,19.849677665102874,4.150322334897126,53.24,0,0,24.0,0.8270699027126197,4.150322334897128,1,0.0
28,S1,H8,loader,0,474.741639,24.0,0.0,53.48,0,0,24.0,1.0,0.0,0,0.0
28,S1,H9,loader,0,338.34173800611165,24.0,0.0,55.4,1,0,24.0,1.0,0.0,0,0.0
29,S1,H3,grapple_skidder,0,739.620424,24.0,0.0,54.2,0,0,24.0,1.0,0.0,0,0.0
29,S1,H4,processor,0,430.907382,24.0,0.0,53.48,0,0,24.0,1.0,0.0,0,0.0
29,S1,H5,processor,0,531.895933,24.0,0.0,0.0,0,0,24.0,1.0,0.0,0,0.0
29,S1,H7,loader,0,687.364703,24.0,0.0,53.48,0,0,24.0,1.0,0.0,0,0.0
29,S1,H8,loader,0,474.741639,24.0,0.0,0.0,0,0,24.0,1.0,0.0,0,0.0
30,S1,H3,grapple_skidder,0,1480.641393,24.0,0.0,55.4,0,0,24.0,1.0,0.0,0,0.0
30,S1,H4,processor,0,67.10557217272412,24.0,0.0,53.48,1,0,24.0,1.0,0.0,0,0.0
30,S1,H5,processor,0,481.329283,24.0,0.0,55.16,0,0,24.0,1.0,0.0,0,0.0
30,S1,H6,processor,0,430.907382,24.0,0.0,53.72,0,0,24.0,1.0,0.0,0,0.0
30,S1,H7,loader,0,802.411354,24.0,0.0,53.48,0,0,24.0,1.0,0.0,0,0.0
30,S1,H8,loader,0,474.741639,24.0,0.0,0.0,0,0,24.0,1.0,0.0,0,0.0
31,S1,H3,grapple_skidder,0,0.0,24.0,0.0,53.24,1,0,24.0,1.0,0.0,0,0.0
31,S1,H4,processor,0,569.826226,24.0,0.0,53.72,0,0,24.0,1.0,0.0,0,0.0
31,S1,H5,processor,0,481.329283,24.0,0.0,0.0,0,0,24.0,1.0,0.0,0,0.0
31,S1,H6,processor,0,19.284725307521853,24.0,0.0,0.0,1,0,24.0,1.0,0.0,0,0.0
31,S1,H7,loader,0,687.364703,24.0,0.0,53.48,0,0,24.0,1.0,0.0,0,0.0
31,S1,H8,loader,0,474.741639,24.0,0.0,0.0,0,0,24.0,1.0,0.0,0,0.0
32,S1,H3,grapple_skidder,0,778.104169,24.0,0.0,54.68,0,0,24.0,1.0,0.0,0,0.0
32,S1,H4,processor,0,569.826226,24.0,0.0,0.0,0,0,24.0,1.0,0.0,0,0.0
32,S1,H5,processor,0,100.95679654447554,24.0,0.0,55.16,1,0,24.0,1.0,0.0,0,0.0
32,S1,H7,loader,0,7.131940999999415,24.0,0.0,0.0,0,0,24.0,1.0,0.0,0,0.0
32,S1,H8,loader,0,558.398094,24.0,0.0,53.72,0,0,24.0,1.0,0.0,0,0.0
32,S1,H9,loader,0,451.958924,24.0,0.0,0.0,0,0,24.0,1.0,0.0,0,0.0
33,S1,H3,grapple_skidder,0,403.87247809999997,24.0,0.0,53.48,1,0,24.0,1.0,0.0,0,0.0
33,S1,H4,processor,0,0.0,24.0,0.0,53.24,1,0,24.0,1.0,0.0,0,0.0
33,S1,H5,processor,0,469.046841,24.0,0.0,54.68,0,0,24.0,1.0,0.0,0,0.0
33,S1,H7,loader,0,937.184825,24.0,0.0,53.72,0,0,24.0,1.0,0.0,0,0.0
33,S1,H8,loader,0,322.7013953075218,24.0,0.0,0.0,1,0,24.0,1.0,0.0,0,0.0
33,S1,H9,loader,0,451.958924,24.0,0.0,0.0,0,0,24.0,1.0,0.0,0,0.0
34,S1,H1,feller_buncher,0,140.55055100000027,24.0,0.0,0.0,0,0,24.0,1.0,0.0,0,0.0
34,S1,H3,grapple_skidder,0,414.50735799999984,24.0,0.0,53.72,0,0,24.0,1.0,0.0,0,0.0
34,S1,H4,processor,0,403.87247809999997,24.0,0.0,54.2,1,0,24.0,1.0,0.0,0,0.0
34,S1,H5,processor,0,282.92373898357215,24.0,0.0,0.0,0,0,24.0,1.0,0.0,0,0.0
34,S1,H7,loader,0,802.411354,24.0,0.0,53.24,0,0,24.0,1.0,0.0,0,0.0
35,S1,H3,grapple_skidder,0,477.4620719999998,24.0,0.0,55.16,0,0,24.0,1.0,0.0,0,0.0
35,S1,H4,processor,0,0.0,24.0,0.0,0.0,1,0,24.0,1.0,0.0,0,0.0
35,S1,H5,processor,0,409.650504,24.0,0.0,53.24,0,0,24.0,1.0,0.0,0,0.0
35,S1,H7,loader,0,22.952348356194534,24.0,0.0,0.0,1,0,24.0,1.0,0.0,0,0.0
35,S1,H8,loader,0,474.741639,24.0,0.0,53.72,0,0,24.0,1.0,0.0,0,0.0
36,S1,H3,grapple_skidder,0,855.829418,24.0,0.0,54.68,0,0,24.0,1.0,0.0,0,0.0
36,S1,H4,processor,0,569.826226,24.0,0.0,54.44,0,0,24.0,1.0,0.0,0,0.0
36,S1,H5,processor,0,395.15367800000007,24.0,0.0,0.0,0,0,24.0,1.0,0.0,0,0.0
36,S1,H7,loader,0,403.87247809999997,24.0,0.0,54.2,1,0,24.0,1.0,0.0,0,0.0
36,S1,H8,loader,0,354.8508402755823,24.0,0.0,0.0,0,0,24.0,1.0,0.0,0,0.0
37,S1,H3,grapple_skidder,0,339.93655800000056,24.0,0.0,53.72,0,0,24.0,1.0,0.0,0,0.0
37,S1,H4,processor,0,248.62478699999986,24.0,0.0,0.0,1,0,24.0,1.0,0.0,0,0.0
37,S1,H5,processor,0,159.64112975242386,24.0,0.0,53.48,0,0,24.0,1.0,0.0,0,0.0
37,S1,H7,loader,0,0.0,24.0,0.0,0.0,1,0,24.0,1.0,0.0,0,0.0
37,S1,H8,loader,0,424.433991,24.0,0.0,53.24,0,0,24.0,1.0,0.0,0,0.0
38,S1,H3,grapple_skidder,0,778.104169,24.0,0.0,53.48,0,0,24.0,1.0,0.0,0,0.0
38,S1,H4,processor,0,410.442556,24.0,0.0,55.4,0,0,24.0,1.0,0.0,0,0.0
38,S1,H5,processor,0,395.784917,24.0,0.0,0.0,0,0,24.0,1.0,0.0,0,0.0
38,S1,H7,loader,0,937.184825,24.0,0.0,54.44,0,0,24.0,1.0,0.0,0,0.0
38,S1,H8,loader,0,424.433991,24.0,0.0,0.0,0,0,24.0,1.0,0.0,0,0.0
39,S1,H3,grapple_skidder,0,678.968019,24.0,0.0,53.72,0,0,24.0,1.0,0.0,0,0.0
39,S1,H4,processor,0,469.046841,24.0,0.0,53.48,0,0,24.0,1.0,0.0,0,0.0
39,S1,H5,processor,0,195.88960400000013,24.0,0.0,0.0,0,0,24.0,1.0,0.0,0,0.0
39,S1,H7,loader,0,83.73381499999982,24.0,0.0,0.0,1,0,24.0,1.0,0.0,0,0.0
39,S1,H8,loader,0,336.0197300000002,24.0,0.0,0.0,0,0,24.0,1.0,0.0,0,0.0
39,S1,H9,loader,0,451.958924,24.0,0.0,0.0,0,0,24.0,1.0,0.0,0,0.0
40,S1,H4,processor,0,383.06593499999997,24.0,0.0,53.72,0,0,24.0,1.0,0.0,0,0.3
40,S1,H7,loader,0,332.3191473,24.0,0.0,54.92,0,0,24.0,1.0,0.0,0,0.3
40,S1,H8,loader,0,319.7080523,24.0,0.0,53.48,0,0,24.0,1.0,0.0,0,0.3
40,S1,H9,loader,0,17.2243499999999,24.0,0.0,0.0,1,0,24.0,1.0,0.0,0,0.3
41,S1,H4,processor,0,469.046841,24.0,0.0,53.72,0,0,24.0,1.0,0.0,0,0.0
41,S1,H7,loader,0,444.4455109999999,24.0,0.0,53.72,1,0,24.0,1.0,0.0,0,0.0
41,S1,H8,loader,0,419.7630434836208,22.057683814317958,1.9423161856820421,0.0,0,0,24.0,0.919070158929915,1.9423161856820426,1,0.0
42,S1,H3,grapple_skidder,0,678.968019,24.0,0.0,0.0,0,0,24.0,1.0,0.0,0,0.0
42,S1,H7,loader,0,474.741639,24.0,0.0,53.72,0,0,24.0,1.0,0.0,0,0.0
42,S1,H8,loader,0,227.95312486880334,24.0,0.0,0.0,1,0,24.0,1.0,0.0,0,0.0
1,S1,H1,feller_buncher,1,1220.906942,24.0,0.0,0.0,0,0,24.0,1.0,0.0,0,0.0
1,S1,H2,feller_buncher,1,1299.478592,24.0,0.0,0.0,0,0,24.0,1.0,0.0,0,0.0
2,S1,H1,feller_buncher,1,1220.906942,24.0,0.0,0.0,0,0,24.0,1.0,0.0,0,0.0
2,S1,H2,feller_buncher,1,1164.04956,24.0,0.0,53.72,0,0,24.0,1.0,0.0,0,0.0
2,S1,H3,grapple_skidder,1,678.968019,24.0,0.0,0.0,0,0,24.0,1.0,0.0,0,0.0
3,S1,H1,feller_buncher,1,1176.844281,24.0,0.0,53.48,0,0,24.0,1.0,0.0,0,0.0
3,S1,H2,feller_buncher,1,888.796776,24.0,0.0,53.24,0,0,24.0,1.0,0.0,0,0.0
3,S1,H3,grapple_skidder,1,404.2675700572379,24.0,0.0,53.72,0,0,24.0,1.0,0.0,0,0.0
3,S1,H4,processor,1,547.23705,24.0,0.0,0.0,0,0,24.0,1.0,0.0,0,0.0
4,S1,H1,feller_buncher,1,1176.844281,24.0,0.0,0.0,0,0,24.0,1.0,0.0,0,0.0
4,S1,H2,feller_buncher,1,888.796776,24.0,0.0,0.0,0,0,24.0,1.0,0.0,0,0.0
4,S1,H3,grapple_skidder,1,1332.369187,24.0,0.0,54.68,0,0,24.0,1.0,0.0,0,0.0
4,S1,H4,processor,1,404.2675700572379,24.0,0.0,53.72,1,0,24.0,1.0,0.0,0,0.0
4,S1,H7,loader,1,485.857474,24.0,0.0,0.0,0,0,24.0,1.0,0.0,0,0.0
5,S1,H1,feller_buncher,1,1164.04956,24.0,0.0,54.2,0,0,24.0,1.0,0.0,0,0.0
5,S1,H2,feller_buncher,1,961.553907,24.0,0.0,53.24,0,0,24.0,1.0,0.0,0,0.0
5,S1,H3,grapple_skidder,1,1164.728216,24.0,0.0,53.48,0,0,24.0,1.0,0.0,0,0.0
5,S1,H4,processor,1,531.895933,24.0,0.0,54.68,0,0,24.0,1.0,0.0,0,0.0
6,S1,H1,feller_buncher,1,256.1621419999998,24.0,0.0,53.24,0,0,24.0,1.0,0.0,0,0.0
6,S1,H2,feller_buncher,1,449.1618619736312,24.0,0.0,0.0,0,0,24.0,1.0,0.0,0,0.0
6,S1,H3,grapple_skidder,1,1164.728216,24.0,0.0,0.0,0,0,24.0,1.0,0.0,0,0.0
6,S1,H4,processor,1,531.895933,24.0,0.0,0.0,0,0,24.0,1.0,0.0,0,0.0
7,S1,H1,feller_buncher,1,1164.04956,24.0,0.0,53.24,0,0,24.0,1.0,0.0,0,0.0
7,S1,H2,feller_buncher,1,961.553907,24.0,0.0,0.0,0,0,24.0,1.0,0.0,0,0.0
7,S1,H3,grapple_skidder,1,809.624168,24.0,0.0,54.44,0,0,24.0,1.0,0.0,0,0.0
7,S1,H4,processor,1,517.165642,24.0,0.0,53.48,0,0,24.0,1.0,0.0,0,0.0
7,S1,H7,loader,1,548.410453670105,24.0,0.0,55.4,0,0,24.0,1.0,0.0,0,0.0
8,S1,H1,feller_buncher,1,860.013242,24.0,0.0,53.24,0,0,24.0,1.0,0.0,0,0.0
8,S1,H2,feller_buncher,1,413.7565330000002,24.0,0.0,0.0,0,0,24.0,1.0,0.0,0,0.0
8,S1,H3,grapple_skidder,1,778.104169,24.0,0.0,53.24,0,0,24.0,1.0,0.0,0,0.0
8,S1,H4,processor,1,517.165642,24.0,0.0,0.0,0,0,24.0,1.0,0.0,0,0.0
8,S1,H5,processor,1,409.650504,24.0,0.0,0.0,0,0,24.0,1.0,0.0,0,0.0
9,S1,H1,feller_buncher,1,936.1113367727982,24.0,0.0,53.96,0,0,24.0,1.0,0.0,0,0.0
9,S1,H2,feller_buncher,1,1220.906942,24.0,0.0,55.16,0,0,24.0,1.0,0.0,0,0.0
9,S1,H3,grapple_skidder,1,778.104169,24.0,0.0,0.0,0,0,24.0,1.0,0.0,0,0.0
9,S1,H7,loader,1,687.364703,24.0,0.0,53.48,0,0,24.0,1.0,0.0,0,0.0
10,S1,H1,feller_buncher,1,1299.478592,24.0,0.0,0.0,0,0,24.0,1.0,0.0,0,0.0
10,S1,H2,feller_buncher,1,860.013242,24.0,0.0,54.44,0,0,24.0,1.0,0.0,0,0.0
10,S1,H3,grapple_skidder,1,739.620424,24.0,0.0,53.48,0,0,24.0,1.0,0.0,0,0.0
10,S1,H4,processor,1,517.165642,24.0,0.0,0.0,0,0,24.0,1.0,0.0,0,0.0
10,S1,H5,processor,1,469.046841,24.0,0.0,53.24,0,0,24.0,1.0,0.0,0,0.0
11,S1,H1,feller_buncher,1,1299.478592,24.0,0.0,0.0,0,0,24.0,1.0,0.0,0,0.0
11,S1,H2,feller_buncher,1,59.00278800000001,24.0,0.0,0.0,0,0,24.0,1.0,0.0,0,0.0
11,S1,H3,grapple_skidder,1,778.104169,24.0,0.0,53.48,0,0,24.0,1.0,0.0,0,0.0
11,S1,H4,processor,1,481.329283,24.0,0.0,54.68,0,0,24.0,1.0,0.0,0,0.0
11,S1,H7,loader,1,687.364703,24.0,0.0,0.0,0,0,24.0,1.0,0.0,0,0.0
12,S1,H1,feller_buncher,1,356.0085949999998,24.0,0.0,0.0,0,0,24.0,1.0,0.0,0,0.0
12,S1,H2,feller_buncher,1,674.603847,24.0,0.0,53.72,0,0,24.0,1.0,0.0,0,0.0
12,S1,H3,grapple_skidder,1,1332.369187,24.0,0.0,54.68,0,0,24.0,1.0,0.0,0,0.0
12,S1,H4,processor,1,517.165642,24.0,0.0,54.68,0,0,24.0,1.0,0.0,0,0.0
12,S1,H7,loader,1,382.1862274460739,19.32097104022041,4.67902895977959,54.2,0,0,24.0,0.8050404600091837,4.67902895977959,1,0.0
12,S1,H8,loader,1,451.958924,24.0,0.0,0.0,0,0,24.0,1.0,0.0,0,0.0
13,S1,H1,feller_buncher,1,1164.04956,24.0,0.0,53.72,0,0,24.0,1.0,0.0,0,0.0
13,S1,H2,feller_buncher,1,898.6085449801768,18.051765269539814,5.948234730460186,53.96,0,0,24.0,0.7521568862308255,5.948234730460186,1,0.0
13,S1,H3,grapple_skidder,1,809.624168,24.0,0.0,54.92,0,0,24.0,1.0,0.0,0,0.0
13,S1,H4,processor,1,531.895933,24.0,0.0,53.48,0,0,24.0,1.0,0.0,0,0.0
13,S1,H7,loader,1,687.364703,24.0,0.0,54.2,0,0,24.0,1.0,0.0,0,0.0
14,S1,H1,feller_buncher,1,1176.844281,24.0,0.0,54.2,0,0,24.0,1.0,0.0,0,0.0
14,S1,H2,feller_buncher,1,1194.708925,24.0,0.0,0.0,0,0,24.0,1.0,0.0,0,0.0
14,S1,H3,grapple_skidder,1,778.104169,24.0,0.0,53.24,0,0,24.0,1.0,0.0,0,0.0
14,S1,H4,processor,1,531.895933,24.0,0.0,0.0,0,0,24.0,1.0,0.0,0,0.0
14,S1,H5,processor,1,409.650504,24.0,0.0,53.24,0,0,24.0,1.0,0.0,0,0.0
15,S1,H1,feller_buncher,1,1176.844281,24.0,0.0,0.0,0,0,24.0,1.0,0.0,0,0.0
15,S1,H2,feller_buncher,1,1164.04956,24.0,0.0,54.92,0,0,24.0,1.0,0.0,0,0.0
15,S1,H3,grapple_skidder,1,923.199854,24.0,0.0,53.24,0,0,24.0,1.0,0.0,0,0.0
15,S1,H4,processor,1,167.51875141474434,24.0,0.0,54.92,0,0,24.0,1.0,0.0,0,0.0
15,S1,H7,loader,1,802.411354,24.0,0.0,53.48,0,0,24.0,1.0,0.0,0,0.0
16,S1,H1,feller_buncher,1,111.30773800000088,24.0,0.0,0.0,0,0,24.0,1.0,0.0,0,0.0
16,S1,H2,feller_buncher,1,502.7667789999996,24.0,0.0,0.0,0,0,24.0,1.0,0.0,0,0.0
16,S1,H3,grapple_skidder,1,1480.641393,24.0,0.0,54.68,0,0,24.0,1.0,0.0,0,0.0
16,S1,H4,processor,1,531.895933,24.0,0.0,54.92,0,0,24.0,1.0,0.0,0,0.0
16,S1,H5,processor,1,395.784917,24.0,0.0,53.48,0,0,24.0,1.0,0.0,0,0.0
16,S1,H7,loader,1,424.433991,24.0,0.0,54.92,0,0,24.0,1.0,0.0,0,0.0
17,S1,H1,feller_buncher,1,576.960683,24.0,0.0,53.72,0,0,24.0,1.0,0.0,0,0.0
17,S1,H2,feller_buncher,1,787.363583,24.0,0.0,54.44,0,0,24.0,1.0,0.0,0,0.0
17,S1,H3,grapple_skidder,1,674.603847,24.0,0.0,53.96,0,0,24.0,1.0,0.0,0,0.0
17,S1,H4,processor,1,569.826226,24.0,0.0,53.24,0,0,24.0,1.0,0.0,0,0.0
17,S1,H5,processor,1,395.784917,24.0,0.0,0.0,0,0,24.0,1.0,0.0,0,0.0
17,S1,H6,processor,1,469.046841,24.0,0.0,0.0,0,0,24.0,1.0,0.0,0,0.0
17,S1,H7,loader,1,424.433991,24.0,0.0,0.0,0,0,24.0,1.0,0.0,0,0.0
17,S1,H8,loader,1,802.411354,24.0,0.0,55.16,0,0,24.0,1.0,0.0,0,0.0
18,S1,H1,feller_buncher,1,1220.906942,24.0,0.0,54.2,0,0,24.0,1.0,0.0,0,0.0
18,S1,H2,feller_buncher,1,486.3476200000001,24.0,0.0,0.0,0,0,24.0,1.0,0.0,0,0.0
18,S1,H3,grapple_skidder,1,1164.728216,24.0,0.0,53.24,0,0,24.0,1.0,0.0,0,0.0
18,S1,H4,processor,1,569.826226,24.0,0.0,0.0,0,0,24.0,1.0,0.0,0,0.0
18,S1,H5,processor,1,456.082335,24.0,0.0,53.72,0,0,24.0,1.0,0.0,0,0.0
18,S1,H7,loader,1,474.741639,24.0,0.0,53.24,0,0,24.0,1.0,0.0,0,0.0
18,S1,H8,loader,1,456.725789,24.0,0.0,54.44,0,0,24.0,1.0,0.0,0,0.0
19,S1,H1,feller_buncher,1,1013.0077249999999,24.0,0.0,0.0,0,0,24.0,1.0,0.0,0,0.0
19,S1,H2,feller_buncher,1,680.207863,24.0,0.0,53.72,0,0,24.0,1.0,0.0,0,0.0
19,S1,H3,grapple_skidder,1,739.9113984633206,24.0,0.0,53.24,0,0,24.0,1.0,0.0,0,0.0
19,S1,H4,processor,1,517.165642,24.0,0.0,53.72,0,0,24.0,1.0,0.0,0,0.0
19,S1,H5,processor,1,218.52151199999997,24.0,0.0,0.0,0,0,24.0,1.0,0.0,0,0.0
19,S1,H6,processor,1,469.046841,24.0,0.0,0.0,0,0,24.0,1.0,0.0,0,0.0
19,S1,H7,loader,1,728.9464658081972,18.66730522380869,5.33269477619131,54.92,0,0,24.0,0.777804384325362,5.332694776191312,1,0.0
20,S1,H1,feller_buncher,1,1194.708925,24.0,0.0,53.24,0,0,24.0,1.0,0.0,0,0.0
20,S1,H2,feller_buncher,1,364.89843800000006,24.0,0.0,0.0,0,0,24.0,1.0,0.0,0,0.0
20,S1,H3,grapple_skidder,1,1332.369187,24.0,0.0,53.24,0,0,24.0,1.0,0.0,0,0.0
20,S1,H4,processor,1,517.165642,24.0,0.0,0.0,0,0,24.0,1.0,0.0,0,0.0
20,S1,H5,processor,1,469.046841,24.0,0.0,53.96,0,0,24.0,1.0,0.0,0,0.0
20,S1,H6,processor,1,441.264891,24.0,0.0,54.44,0,0,24.0,1.0,0.0,0,0.0
20,S1,H7,loader,1,362.93659700412786,24.0,0.0,53.96,0,0,24.0,1.0,0.0,0,0.0
21,S1,H3,grapple_skidder,1,489.72383365838147,22.70155189726878,1.2984481027312214,55.16,0,0,24.0,0.9458979957195325,1.2984481027312218,1,0.3
21,S1,H4,processor,1,372.3271531,24.0,0.0,53.48,0,0,24.0,1.0,0.0,0,0.3
21,S1,H5,processor,1,328.3327887,24.0,0.0,0.0,0,0,24.0,1.0,0.0,0,0.3
21,S1,H6,processor,1,298.6465074633206,24.0,0.0,0.0,1,0,24.0,1.0,0.0,0,0.3
21,S1,H7,loader,1,481.15529209999994,24.0,0.0,53.24,0,0,24.0,1.0,0.0,0,0.3
22,S1,H3,grapple_skidder,1,1036.4489751,24.0,0.0,55.4,0,0,24.0,1.0,0.0,0,0.3
22,S1,H4,processor,1,372.3271531,24.0,0.0,0.0,0,0,24.0,1.0,0.0,0,0.3
22,S1,H5,processor,1,336.93049809999997,24.0,0.0,53.48,0,0,24.0,1.0,0.0,0,0.3
22,S1,H6,processor,1,328.3327887,24.0,0.0,54.44,0,0,24.0,1.0,0.0,0,0.3
22,S1,H7,loader,1,513.4386985,24.0,0.0,53.24,0,0,24.0,1.0,0.0,0,0.3
23,S1,H3,grapple_skidder,1,1164.728216,24.0,0.0,53.72,0,0,24.0,1.0,0.0,0,0.0
23,S1,H4,processor,1,569.826226,24.0,0.0,53.24,0,0,24.0,1.0,0.0,0,0.0
23,S1,H5,processor,1,411.0844765583815,21.215685345222102,2.784314654777898,0.0,1,0,24.0,0.8839868893842543,2.784314654777897,1,0.0
23,S1,H6,processor,1,192.5905674870664,24.0,0.0,0.0,0,0,24.0,1.0,0.0,0,0.0
23,S1,H7,loader,1,451.29665935417154,24.0,0.0,53.24,0,0,24.0,1.0,0.0,0,0.0
24,S1,H3,grapple_skidder,1,739.620424,24.0,0.0,54.68,0,0,24.0,1.0,0.0,0,0.0
24,S1,H4,processor,1,569.826226,24.0,0.0,0.0,0,0,24.0,1.0,0.0,0,0.0
24,S1,H5,processor,1,517.165642,24.0,0.0,54.68,0,0,24.0,1.0,0.0,0,0.0
24,S1,H6,processor,1,0.0,24.0,0.0,54.44,1,0,24.0,1.0,0.0,0,0.0
24,S1,H7,loader,1,474.741639,24.0,0.0,54.68,0,0,24.0,1.0,0.0,0,0.0
25,S1,H3,grapple_skidder,1,1002.8817191240992,18.064933874051217,5.935066125948783,55.16,0,0,24.0,0.7527055780854673,5.935066125948783,1,0.0
25,S1,H4,processor,1,481.329283,24.0,0.0,55.4,0,0,24.0,1.0,0.0,0,0.0
25,S1,H5,processor,1,517.165642,24.0,0.0,0.0,0,0,24.0,1.0,0.0,0,0.0
25,S1,H7,loader,1,474.741639,24.0,0.0,0.0,0,0,24.0,1.0,0.0,0,0.0
25,S1,H8,loader,1,226.47269996332057,24.0,0.0,54.2,1,0,24.0,1.0,0.0,0,0.0
25,S1,H9,loader,1,937.184825,24.0,0.0,0.0,0,0,24.0,1.0,0.0,0,0.0
26,S1,H3,grapple_skidder,1,778.104169,24.0,0.0,54.68,0,0,24.0,1.0,0.0,0,0.0
26,S1,H4,processor,1,237.78546410000013,24.0,0.0,55.4,1,0,24.0,1.0,0.0,0,0.0
26,S1,H5,processor,1,531.895933,24.0,0.0,53.48,0,0,24.0,1.0,0.0,0,0.0
26,S1,H7,loader,1,687.364703,24.0,0.0,54.2,0,0,24.0,1.0,0.0,0,0.0
26,S1,H8,loader,1,451.958924,24.0,0.0,54.92,0,0,24.0,1.0,0.0,0,0.0
27,S1,H3,grapple_skidder,1,159.77199800000017,24.0,0.0,54.2,0,0,24.0,1.0,0.0,0,0.0
27,S1,H4,processor,1,469.046841,24.0,0.0,54.92,0,0,24.0,1.0,0.0,0,0.0
27,S1,H5,processor,1,409.590621272579,18.481387618622563,5.518612381377437,0.0,0,0,24.0,0.7700578174426068,5.5186123813774355,1,0.0
27,S1,H7,loader,1,850.9590772918029,24.0,0.0,53.72,1,0,24.0,1.0,0.0,0,0.0
27,S1,H8,loader,1,203.014973078618,24.0,0.0,0.0,0,0,24.0,1.0,0.0,0,0.0
28,S1,H1,feller_buncher,1,1109.307152527803,22.28440007733873,1.7155999226612693,0.0,0,0,24.0,0.9285166698891137,1.7155999226612688,1,0.0
28,S1,H3,grapple_skidder,1,1045.106301,24.0,0.0,53.48,0,0,24.0,1.0,0.0,0,0.0
28,S1,H4,processor,1,517.165642,24.0,0.0,54.2,0,0,24.0,1.0,0.0,0,0.0
28,S1,H7,loader,1,802.411354,24.0,0.0,53.24,0,0,24.0,1.0,0.0,0,0.0
28,S1,H8,loader,1,474.741639,24.0,0.0,53.48,0,0,24.0,1.0,0.0,0,0.0
28,S1,H9,loader,1,451.958924,24.0,0.0,55.4,0,0,24.0,1.0,0.0,0,0.0
29,S1,H3,grapple_skidder,1,637.5616974097823,20.68828853465352,3.3117114653464803,54.2,0,0,24.0,0.86201202227723,3.3117114653464803,1,0.0
29,S1,H4,processor,1,430.907382,24.0,0.0,53.48,0,0,24.0,1.0,0.0,0,0.0
29,S1,H5,processor,1,531.895933,24.0,0.0,0.0,0,0,24.0,1.0,0.0,0,0.0
29,S1,H7,loader,1,275.14745971030993,24.0,0.0,53.48,0,0,24.0,1.0,0.0,0,0.0
29,S1,H8,loader,1,474.741639,24.0,0.0,0.0,0,0,24.0,1.0,0.0,0,0.0
30,S1,H3,grapple_skidder,1,763.838735357632,24.0,0.0,55.4,0,0,24.0,1.0,0.0,0,0.0
30,S1,H4,processor,1,164.19408399999998,24.0,0.0,53.48,0,0,24.0,1.0,0.0,0,0.0
30,S1,H5,processor,1,481.329283,24.0,0.0,55.16,0,0,24.0,1.0,0.0,0,0.0
30,S1,H6,processor,1,430.907382,24.0,0.0,53.72,0,0,24.0,1.0,0.0,0,0.0
30,S1,H7,loader,1,802.411354,24.0,0.0,53.48,0,0,24.0,1.0,0.0,0,0.0
30,S1,H8,loader,1,474.741639,24.0,0.0,0.0,0,0,24.0,1.0,0.0,0,0.0
31,S1,H3,grapple_skidder,1,397.0111214999995,24.0,0.0,53.24,0,0,24.0,1.0,0.0,0,0.3
31,S1,H4,processor,1,398.8783582,24.0,0.0,53.72,0,0,24.0,1.0,0.0,0,0.3
31,S1,H5,processor,1,336.93049809999997,24.0,0.0,0.0,0,0,24.0,1.0,0.0,0,0.3
31,S1,H6,processor,1,128.30407590000004,24.0,0.0,0.0,0,0,24.0,1.0,0.0,0,0.3
31,S1,H7,loader,1,481.15529209999994,24.0,0.0,53.48,0,0,24.0,1.0,0.0,0,0.3
31,S1,H8,loader,1,322.1370196122606,23.264649459740156,0.7353505402598444,0.0,0,0,24.0,0.9693603941558399,0.735350540259843,1,0.3
32,S1,H3,grapple_skidder,1,778.104169,24.0,0.0,54.68,0,0,24.0,1.0,0.0,0,0.0
32,S1,H4,processor,1,364.960377157632,24.0,0.0,0.0,1,0,24.0,1.0,0.0,0,0.0
32,S1,H5,processor,1,519.4839431515195,24.0,0.0,55.16,1,0,24.0,1.0,0.0,0,0.0
32,S1,H7,loader,1,7.131940999999415,24.0,0.0,0.0,0,0,24.0,1.0,0.0,0,0.0
32,S1,H8,loader,1,506.69073008810284,21.777612876512556,2.2223871234874437,53.72,0,0,24.0,0.9074005365213565,2.222387123487445,1,0.0
32,S1,H9,loader,1,451.958924,24.0,0.0,0.0,0,0,24.0,1.0,0.0,0,0.0
33,S1,H3,grapple_skidder,1,576.960683,24.0,0.0,53.48,0,0,24.0,1.0,0.0,0,0.0
33,S1,H4,processor,1,0.0,24.0,0.0,53.24,1,0,24.0,1.0,0.0,0,0.0
33,S1,H5,processor,1,469.046841,24.0,0.0,54.68,0,0,24.0,1.0,0.0,0,0.0
33,S1,H7,loader,1,763.838735357632,24.0,0.0,53.72,1,0,24.0,1.0,0.0,0,0.0
33,S1,H8,loader,1,483.4281098118972,24.0,0.0,0.0,1,0,24.0,1.0,0.0,0,0.0
33,S1,H9,loader,1,451.958924,24.0,0.0,0.0,0,0,24.0,1.0,0.0,0,0.0
34,S1,H1,feller_buncher,1,117.91312262812443,20.134499103279794,3.8655008967202065,0.0,0,0,24.0,0.838937462636658,3.865500896720207,1,0.0
34,S1,H3,grapple_skidder,1,414.50735799999984,24.0,0.0,53.72,0,0,24.0,1.0,0.0,0,0.0
34,S1,H4,processor,1,428.751305,24.0,0.0,54.2,0,0,24.0,1.0,0.0,0,0.0
34,S1,H5,processor,1,469.046841,24.0,0.0,0.0,0,0,24.0,1.0,0.0,0,0.0
34,S1,H7,loader,1,802.411354,24.0,0.0,53.24,0,0,24.0,1.0,0.0,0,0.0
35,S1,H3,grapple_skidder,1,477.4620719999998,24.0,0.0,55.16,0,0,24.0,1.0,0.0,0,0.0
35,S1,H4,processor,1,148.20937800000002,24.0,0.0,0.0,0,0,24.0,1.0,0.0,0,0.0
35,S1,H5,processor,1,409.650504,24.0,0.0,53.24,0,0,24.0,1.0,0.0,0,0.0
35,S1,H7,loader,1,279.7560149999996,24.0,0.0,0.0,0,0,24.0,1.0,0.0,0,0.0
35,S1,H8,loader,1,474.741639,24.0,0.0,53.72,0,0,24.0,1.0,0.0,0,0.0
36,S1,H3,grapple_skidder,1,855.829418,24.0,0.0,54.68,0,0,24.0,1.0,0.0,0,0.0
36,S1,H4,processor,1,477.4620719999998,24.0,0.0,54.44,1,0,24.0,1.0,0.0,0,0.0
36,S1,H5,processor,1,395.15367800000007,24.0,0.0,0.0,0,0,24.0,1.0,0.0,0,0.0
36,S1,H7,loader,1,552.163711,24.0,0.0,54.2,0,0,24.0,1.0,0.0,0,0.0
36,S1,H8,loader,1,474.741639,24.0,0.0,0.0,0,0,24.0,1.0,0.0,0,0.0
37,S1,H3,grapple_skidder,1,179.49982990546755,23.616372130749486,0.38362786925051395,53.72,1,0,24.0,0.9840155054478953,0.38362786925051395,1,0.0
37,S1,H4,processor,1,0.0,24.0,0.0,0.0,1,0,24.0,1.0,0.0,0,0.0
37,S1,H5,processor,1,395.784917,24.0,0.0,53.48,0,0,24.0,1.0,0.0,0,0.0
37,S1,H7,loader,1,24.796971999999982,24.0,0.0,0.0,0,0,24.0,1.0,0.0,0,0.0
37,S1,H8,loader,1,424.433991,24.0,0.0,53.24,0,0,24.0,1.0,0.0,0,0.0
38,S1,H3,grapple_skidder,1,778.104169,24.0,0.0,53.48,0,0,24.0,1.0,0.0,0,0.0
38,S1,H4,processor,1,257.0928872152498,24.0,0.0,55.4,1,0,24.0,1.0,0.0,0,0.0
38,S1,H5,processor,1,395.784917,24.0,0.0,0.0,0,0,24.0,1.0,0.0,0,0.0
38,S1,H7,loader,1,477.4620719999998,24.0,0.0,54.44,1,0,24.0,1.0,0.0,0,0.0
38,S1,H8,loader,1,337.5939359799114,19.089551344434792,4.910448655565208,0.0,0,0,24.0,0.795397972684783,4.910448655565209,1,0.0
39,S1,H3,grapple_skidder,1,678.968019,24.0,0.0,53.72,0,0,24.0,1.0,0.0,0,0.0
39,S1,H4,processor,1,469.046841,24.0,0.0,53.48,0,0,24.0,1.0,0.0,0,0.0
39,S1,H5,processor,1,195.88960400000013,24.0,0.0,0.0,0,0,24.0,1.0,0.0,0,0.0
39,S1,H7,loader,1,0.0,24.0,0.0,0.0,1,0,24.0,1.0,0.0,0,0.0
39,S1,H8,loader,1,180.72803243483304,24.0,0.0,0.0,1,0,24.0,1.0,0.0,0,0.0
39,S1,H9,loader,1,323.216615895013,24.0,0.0,0.0,1,0,24.0,1.0,0.0,0,0.0
40,S1,H4,processor,1,547.23705,24.0,0.0,53.72,0,0,24.0,1.0,0.0,0,0.0
40,S1,H7,loader,1,474.741639,24.0,0.0,54.92,0,0,24.0,1.0,0.0,0,0.0
40,S1,H8,loader,1,456.725789,24.0,0.0,53.48,0,0,24.0,1.0,0.0,0,0.0
40,S1,H9,loader,1,0.0,24.0,0.0,0.0,1,0,24.0,1.0,0.0,0,0.0
41,S1,H4,processor,1,469.046841,24.0,0.0,53.72,0,0,24.0,1.0,0.0,0,0.0
41,S1,H7,loader,1,485.857474,24.0,0.0,53.72,0,0,24.0,1.0,0.0,0,0.0
41,S1,H8,loader,1,456.725789,24.0,0.0,0.0,0,0,24.0,1.0,0.0,0,0.0
42,S1,H3,grapple_skidder,1,678.968019,24.0,0.0,0.0,0,0,24.0,1.0,0.0,0,0.0
42,S1,H7,loader,1,400.5530328513803,20.24948308448909,3.750516915510911,53.72,0,0,24.0,0.8437284618537121,3.750516915510911,1,0.0
42,S1,H8,loader,1,408.8519049999998,24.0,0.0,0.0,0,0,24.0,1.0,0.0,0,0.0
1,S1,H1,feller_buncher,2,1220.906942,24.0,0.0,0.0,0,0,24.0,1.0,0.0,0,0.0
1,S1,H2,feller_buncher,2,1299.478592,24.0,0.0,0.0,0,0,24.0,1.0,0.0,0,0.0
2,S1,H1,feller_buncher,2,1220.906942,24.0,0.0,0.0,0,0,24.0,1.0,0.0,0,0.0
2,S1,H2,feller_buncher,2,1164.04956,24.0,0.0,53.72,0,0,24.0,1.0,0.0,0,0.0
2,S1,H3,grapple_skidder,2,678.968019,24.0,0.0,0.0,0,0,24.0,1.0,0.0,0,0.0
3,S1,H1,feller_buncher,2,1176.844281,24.0,0.0,53.48,0,0,24.0,1.0,0.0,0,0.0
3,S1,H2,feller_buncher,2,888.796776,24.0,0.0,53.24,0,0,24.0,1.0,0.0,0,0.0
3,S1,H3,grapple_skidder,2,459.9381611064896,24.0,0.0,53.72,0,0,24.0,1.0,0.0,0,0.0
3,S1,H4,processor,2,416.43869197081455,24.0,0.0,0.0,0,0,24.0,1.0,0.0,0,0.0
4,S1,H1,feller_buncher,2,1176.844281,24.0,0.0,0.0,0,0,24.0,1.0,0.0,0,0.0
4,S1,H2,feller_buncher,2,888.796776,24.0,0.0,0.0,0,0,24.0,1.0,0.0,0,0.0
4,S1,H3,grapple_skidder,2,1332.369187,24.0,0.0,54.68,0,0,24.0,1.0,0.0,0,0.0
4,S1,H4,processor,2,459.9381611064896,24.0,0.0,53.72,1,0,24.0,1.0,0.0,0,0.0
4,S1,H7,loader,2,416.43869197081455,24.0,0.0,0.0,1,0,24.0,1.0,0.0,0,0.0
5,S1,H1,feller_buncher,2,1164.04956,24.0,0.0,54.2,0,0,24.0,1.0,0.0,0,0.0
5,S1,H2,feller_buncher,2,961.553907,24.0,0.0,53.24,0,0,24.0,1.0,0.0,0,0.0
5,S1,H3,grapple_skidder,2,698.626528588684,24.0,0.0,53.48,0,0,24.0,1.0,0.0,0,0.0
5,S1,H4,processor,2,189.1966572850311,19.544886082291207,4.455113917708793,54.68,0,0,24.0,0.8143702534288003,4.455113917708793,1,0.0
6,S1,H1,feller_buncher,2,256.1621419999998,24.0,0.0,53.24,0,0,24.0,1.0,0.0,0,0.0
6,S1,H2,feller_buncher,2,961.553907,24.0,0.0,0.0,0,0,24.0,1.0,0.0,0,0.0
6,S1,H3,grapple_skidder,2,1164.728216,24.0,0.0,0.0,0,0,24.0,1.0,0.0,0,0.0
6,S1,H4,processor,2,484.0226820421895,21.839881917300822,2.160118082699178,0.0,0,0,24.0,0.9099950798875343,2.1601180826991797,1,0.0
7,S1,H1,feller_buncher,2,1164.04956,24.0,0.0,53.24,0,0,24.0,1.0,0.0,0,0.0
7,S1,H2,feller_buncher,2,431.01984470448036,18.70954575163214,5.290454248367858,0.0,0,0,24.0,0.7795644063180059,5.29045424836786,1,0.0
7,S1,H3,grapple_skidder,2,809.624168,24.0,0.0,54.44,0,0,24.0,1.0,0.0,0,0.0
7,S1,H4,processor,2,517.165642,24.0,0.0,53.48,0,0,24.0,1.0,0.0,0,0.0
7,S1,H7,loader,2,673.2193393272206,24.0,0.0,55.4,1,0,24.0,1.0,0.0,0,0.0
8,S1,H1,feller_buncher,2,860.013242,24.0,0.0,53.24,0,0,24.0,1.0,0.0,0,0.0
8,S1,H2,feller_buncher,2,413.7565330000002,24.0,0.0,0.0,0,0,24.0,1.0,0.0,0,0.0
8,S1,H3,grapple_skidder,2,778.104169,24.0,0.0,53.24,0,0,24.0,1.0,0.0,0,0.0
8,S1,H4,processor,2,517.165642,24.0,0.0,0.0,0,0,24.0,1.0,0.0,0,0.0
8,S1,H5,processor,2,409.650504,24.0,0.0,0.0,0,0,24.0,1.0,0.0,0,0.0
9,S1,H1,feller_buncher,2,1299.478592,24.0,0.0,53.96,0,0,24.0,1.0,0.0,0,0.0
9,S1,H2,feller_buncher,2,757.4137053846125,24.0,0.0,55.16,0,0,24.0,1.0,0.0,0,0.0
9,S1,H3,grapple_skidder,2,778.104169,24.0,0.0,0.0,0,0,24.0,1.0,0.0,0,0.0
9,S1,H7,loader,2,687.364703,24.0,0.0,53.48,0,0,24.0,1.0,0.0,0,0.0
10,S1,H1,feller_buncher,2,1299.478592,24.0,0.0,0.0,0,0,24.0,1.0,0.0,0,0.0
10,S1,H2,feller_buncher,2,860.013242,24.0,0.0,54.44,0,0,24.0,1.0,0.0,0,0.0
10,S1,H3,grapple_skidder,2,739.620424,24.0,0.0,53.48,0,0,24.0,1.0,0.0,0,0.0
10,S1,H4,processor,2,517.165642,24.0,0.0,0.0,0,0,24.0,1.0,0.0,0,0.0
10,S1,H5,processor,2,469.046841,24.0,0.0,53.24,0,0,24.0,1.0,0.0,0,0.0
11,S1,H1,feller_buncher,2,1299.478592,24.0,0.0,0.0,0,0,24.0,1.0,0.0,0,0.0
11,S1,H2,feller_buncher,2,59.00278800000001,24.0,0.0,0.0,0,0,24.0,1.0,0.0,0,0.0
11,S1,H3,grapple_skidder,2,778.104169,24.0,0.0,53.48,0,0,24.0,1.0,0.0,0,0.0
11,S1,H4,processor,2,481.329283,24.0,0.0,54.68,0,0,24.0,1.0,0.0,0,0.0
11,S1,H7,loader,2,687.364703,24.0,0.0,0.0,0,0,24.0,1.0,0.0,0,0.0
12,S1,H1,feller_buncher,2,356.0085949999998,24.0,0.0,0.0,0,0,24.0,1.0,0.0,0,0.0
12,S1,H2,feller_buncher,2,674.603847,24.0,0.0,53.72,0,0,24.0,1.0,0.0,0,0.0
12,S1,H3,grapple_skidder,2,1117.254052510796,20.125125619749944,3.8748743802500556,54.68,0,0,24.0,0.8385469008229144,3.874874380250054,1,0.0
12,S1,H4,processor,2,311.8578185886838,24.0,0.0,54.68,1,0,24.0,1.0,0.0,0,0.0
12,S1,H7,loader,2,474.741639,24.0,0.0,54.2,0,0,24.0,1.0,0.0,0,0.0
12,S1,H8,loader,2,451.958924,24.0,0.0,0.0,0,0,24.0,1.0,0.0,0,0.0
13,S1,H1,feller_buncher,2,814.8346919999999,24.0,0.0,53.72,0,0,24.0,1.0,0.0,0,0.3
13,S1,H2,feller_buncher,2,836.2962474999999,24.0,0.0,53.96,0,0,24.0,1.0,0.0,0,0.3
13,S1,H3,grapple_skidder,2,480.4549112276851,20.346156234704488,3.6538437652955125,54.92,0,0,24.0,0.8477565097793537,3.653843765295512,1,0.3
13,S1,H4,processor,2,372.3271531,24.0,0.0,53.48,0,0,24.0,1.0,0.0,0,0.3
13,S1,H7,loader,2,481.15529209999994,24.0,0.0,54.2,0,0,24.0,1.0,0.0,0,0.3
14,S1,H1,feller_buncher,2,1176.844281,24.0,0.0,54.2,0,0,24.0,1.0,0.0,0,0.0
14,S1,H2,feller_buncher,2,1194.708925,24.0,0.0,0.0,0,0,24.0,1.0,0.0,0,0.0
14,S1,H3,grapple_skidder,2,778.104169,24.0,0.0,53.24,0,0,24.0,1.0,0.0,0,0.0
14,S1,H4,processor,2,310.1582110804353,24.0,0.0,0.0,0,0,24.0,1.0,0.0,0,0.0
14,S1,H5,processor,2,409.650504,24.0,0.0,53.24,0,0,24.0,1.0,0.0,0,0.0
15,S1,H1,feller_buncher,2,1176.844281,24.0,0.0,0.0,0,0,24.0,1.0,0.0,0,0.0
15,S1,H2,feller_buncher,2,1164.04956,24.0,0.0,54.92,0,0,24.0,1.0,0.0,0,0.0
15,S1,H3,grapple_skidder,2,923.199854,24.0,0.0,53.24,0,0,24.0,1.0,0.0,0,0.0
15,S1,H4,processor,2,293.04879945290105,24.0,0.0,54.92,0,0,24.0,1.0,0.0,0,0.0
15,S1,H7,loader,2,682.4853641804352,20.64812334619778,3.3518766538022184,53.48,1,0,24.0,0.8603384727582409,3.3518766538022193,1,0.0
16,S1,H1,feller_buncher,2,111.30773800000088,24.0,0.0,0.0,0,0,24.0,1.0,0.0,0,0.0
16,S1,H2,feller_buncher,2,502.7667789999996,24.0,0.0,0.0,0,0,24.0,1.0,0.0,0,0.0
16,S1,H3,grapple_skidder,2,1480.641393,24.0,0.0,54.68,0,0,24.0,1.0,0.0,0,0.0
16,S1,H4,processor,2,531.895933,24.0,0.0,54.92,0,0,24.0,1.0,0.0,0,0.0
16,S1,H5,processor,2,395.784917,24.0,0.0,53.48,0,0,24.0,1.0,0.0,0,0.0
16,S1,H7,loader,2,424.433991,24.0,0.0,54.92,0,0,24.0,1.0,0.0,0,0.0
17,S1,H1,feller_buncher,2,425.72091087705337,24.0,0.0,53.72,0,0,24.0,1.0,0.0,0,0.0
17,S1,H2,feller_buncher,2,787.363583,24.0,0.0,54.44,0,0,24.0,1.0,0.0,0,0.0
17,S1,H3,grapple_skidder,2,674.603847,24.0,0.0,53.96,0,0,24.0,1.0,0.0,0,0.0
17,S1,H4,processor,2,569.826226,24.0,0.0,53.24,0,0,24.0,1.0,0.0,0,0.0
17,S1,H5,processor,2,395.784917,24.0,0.0,0.0,0,0,24.0,1.0,0.0,0,0.0
17,S1,H6,processor,2,469.046841,24.0,0.0,0.0,0,0,24.0,1.0,0.0,0,0.0
17,S1,H7,loader,2,424.433991,24.0,0.0,0.0,0,0,24.0,1.0,0.0,0,0.0
17,S1,H8,loader,2,531.895933,24.0,0.0,55.16,1,0,24.0,1.0,0.0,0,0.0
18,S1,H1,feller_buncher,2,854.6348594,24.0,0.0,54.2,0,0,24.0,1.0,0.0,0,0.3
18,S1,H2,feller_buncher,2,340.44333400000005,24.0,0.0,0.0,0,0,24.0,1.0,0.0,0,0.3
18,S1,H3,grapple_skidder,2,815.3097511999999,24.0,0.0,53.24,0,0,24.0,1.0,0.0,0,0.3
18,S1,H4,processor,2,360.0109542520385,21.66139807895179,2.338601921048209,0.0,0,0,24.0,0.902558253289658,2.3386019210482085,1,0.3
18,S1,H5,processor,2,319.2576345,24.0,0.0,53.72,0,0,24.0,1.0,0.0,0,0.3
18,S1,H7,loader,2,332.3191473,24.0,0.0,53.24,0,0,24.0,1.0,0.0,0,0.3
18,S1,H8,loader,2,319.7080523,24.0,0.0,54.44,0,0,24.0,1.0,0.0,0,0.3
19,S1,H1,feller_buncher,2,1013.0077249999999,24.0,0.0,0.0,0,0,24.0,1.0,0.0,0,0.0
19,S1,H2,feller_buncher,2,680.207863,24.0,0.0,53.72,0,0,24.0,1.0,0.0,0,0.0
19,S1,H3,grapple_skidder,2,1127.8069169999999,24.0,0.0,53.24,1,0,24.0,1.0,0.0,0,0.0
19,S1,H4,processor,2,265.92081848754447,24.0,0.0,53.72,0,0,24.0,1.0,0.0,0,0.0
19,S1,H5,processor,2,218.52151199999997,24.0,0.0,0.0,0,0,24.0,1.0,0.0,0,0.0
19,S1,H6,processor,2,469.046841,24.0,0.0,0.0,0,0,24.0,1.0,0.0,0,0.0
19,S1,H7,loader,2,929.8371802520385,24.0,0.0,54.92,1,0,24.0,1.0,0.0,0,0.0
20,S1,H1,feller_buncher,2,1194.708925,24.0,0.0,53.24,0,0,24.0,1.0,0.0,0,0.0
20,S1,H2,feller_buncher,2,364.89843800000006,24.0,0.0,0.0,0,0,24.0,1.0,0.0,0,0.0
20,S1,H3,grapple_skidder,2,1332.369187,24.0,0.0,53.24,0,0,24.0,1.0,0.0,0,0.0
20,S1,H4,processor,2,517.165642,24.0,0.0,0.0,0,0,24.0,1.0,0.0,0,0.0
20,S1,H5,processor,2,469.046841,24.0,0.0,53.96,0,0,24.0,1.0,0.0,0,0.0
20,S1,H6,processor,2,441.264891,24.0,0.0,54.44,0,0,24.0,1.0,0.0,0,0.0
20,S1,H7,loader,2,537.7791465,24.0,0.0,53.96,1,0,24.0,1.0,0.0,0,0.0
21,S1,H3,grapple_skidder,2,525.6673747121583,24.0,0.0,55.16,0,0,24.0,1.0,0.0,0,0.0
21,S1,H4,processor,2,531.895933,24.0,0.0,53.48,0,0,24.0,1.0,0.0,0,0.0
21,S1,H5,processor,2,469.046841,24.0,0.0,0.0,0,0,24.0,1.0,0.0,0,0.0
21,S1,H6,processor,2,441.264891,24.0,0.0,0.0,0,0,24.0,1.0,0.0,0,0.0
21,S1,H7,loader,2,687.364703,24.0,0.0,53.24,0,0,24.0,1.0,0.0,0,0.0
22,S1,H3,grapple_skidder,2,1480.641393,24.0,0.0,55.4,0,0,24.0,1.0,0.0,0,0.0
22,S1,H4,processor,2,531.895933,24.0,0.0,0.0,0,0,24.0,1.0,0.0,0,0.0
22,S1,H5,processor,2,481.329283,24.0,0.0,53.48,0,0,24.0,1.0,0.0,0,0.0
22,S1,H6,processor,2,469.046841,24.0,0.0,54.44,0,0,24.0,1.0,0.0,0,0.0
22,S1,H7,loader,2,733.483855,24.0,0.0,53.24,0,0,24.0,1.0,0.0,0,0.0
23,S1,H3,grapple_skidder,2,1164.728216,24.0,0.0,53.72,0,0,24.0,1.0,0.0,0,0.0
23,S1,H4,processor,2,569.826226,24.0,0.0,53.24,0,0,24.0,1.0,0.0,0,0.0
23,S1,H5,processor,2,302.6292327121583,24.0,0.0,0.0,1,0,24.0,1.0,0.0,0,0.0
23,S1,H6,processor,2,298.13563000000045,24.0,0.0,0.0,1,0,24.0,1.0,0.0,0,0.0
23,S1,H7,loader,2,802.411354,24.0,0.0,53.24,0,0,24.0,1.0,0.0,0,0.0
24,S1,H3,grapple_skidder,2,522.9383687233749,24.0,0.0,54.68,0,0,24.0,1.0,0.0,0,0.0
24,S1,H4,processor,2,569.826226,24.0,0.0,0.0,0,0,24.0,1.0,0.0,0,0.0
24,S1,H5,processor,2,517.165642,24.0,0.0,54.68,0,0,24.0,1.0,0.0,0,0.0
24,S1,H6,processor,2,245.27713499999987,24.0,0.0,54.44,1,0,24.0,1.0,0.0,0,0.0
24,S1,H7,loader,2,474.741639,24.0,0.0,54.68,0,0,24.0,1.0,0.0,0,0.0
25,S1,H3,grapple_skidder,2,1284.8777472738163,24.0,0.0,55.16,1,0,24.0,1.0,0.0,0,0.0
25,S1,H4,processor,2,481.329283,24.0,0.0,55.4,0,0,24.0,1.0,0.0,0,0.0
25,S1,H5,processor,2,517.165642,24.0,0.0,0.0,0,0,24.0,1.0,0.0,0,0.0
25,S1,H7,loader,2,474.741639,24.0,0.0,0.0,0,0,24.0,1.0,0.0,0,0.0
25,S1,H8,loader,2,394.3230619999999,24.0,0.0,54.2,1,0,24.0,1.0,0.0,0,0.0
25,S1,H9,loader,2,937.184825,24.0,0.0,0.0,0,0,24.0,1.0,0.0,0,0.0
26,S1,H3,grapple_skidder,2,778.104169,24.0,0.0,54.68,0,0,24.0,1.0,0.0,0,0.0
26,S1,H4,processor,2,569.826226,24.0,0.0,55.4,0,0,24.0,1.0,0.0,0,0.0
26,S1,H5,processor,2,531.895933,24.0,0.0,53.48,0,0,24.0,1.0,0.0,0,0.0
26,S1,H7,loader,2,687.364703,24.0,0.0,54.2,0,0,24.0,1.0,0.0,0,0.0
26,S1,H8,loader,2,451.958924,24.0,0.0,54.92,0,0,24.0,1.0,0.0,0,0.0
27,S1,H3,grapple_skidder,2,159.77199800000017,24.0,0.0,54.2,0,0,24.0,1.0,0.0,0,0.0
27,S1,H4,processor,2,469.046841,24.0,0.0,54.92,0,0,24.0,1.0,0.0,0,0.0
27,S1,H5,processor,2,531.895933,24.0,0.0,0.0,0,0,24.0,1.0,0.0,0,0.0
27,S1,H7,loader,2,772.293853,24.0,0.0,53.72,1,0,24.0,1.0,0.0,0,0.0
27,S1,H8,loader,2,451.958924,24.0,0.0,0.0,0,0,24.0,1.0,0.0,0,0.0
28,S1,H1,feller_buncher,2,1194.708925,24.0,0.0,0.0,0,0,24.0,1.0,0.0,0,0.0
28,S1,H3,grapple_skidder,2,1045.106301,24.0,0.0,53.48,0,0,24.0,1.0,0.0,0,0.0
28,S1,H4,processor,2,322.39222071245536,24.0,0.0,54.2,1,0,24.0,1.0,0.0,0,0.0
28,S1,H7,loader,2,802.411354,24.0,0.0,53.24,0,0,24.0,1.0,0.0,0,0.0
28,S1,H8,loader,2,474.741639,24.0,0.0,53.48,0,0,24.0,1.0,0.0,0,0.0
28,S1,H9,loader,2,390.74030971215825,24.0,0.0,55.4,1,0,24.0,1.0,0.0,0,0.0
29,S1,H3,grapple_skidder,2,739.620424,24.0,0.0,54.2,0,0,24.0,1.0,0.0,0,0.0
29,S1,H4,processor,2,430.907382,24.0,0.0,53.48,0,0,24.0,1.0,0.0,0,0.0
29,S1,H5,processor,2,531.895933,24.0,0.0,0.0,0,0,24.0,1.0,0.0,0,0.0
29,S1,H7,loader,2,687.364703,24.0,0.0,53.48,0,0,24.0,1.0,0.0,0,0.0
29,S1,H8,loader,2,474.741639,24.0,0.0,0.0,0,0,24.0,1.0,0.0,0,0.0
30,S1,H3,grapple_skidder,2,1459.1402364999994,24.0,0.0,55.4,1,0,24.0,1.0,0.0,0,0.0
30,S1,H4,processor,2,0.0,24.0,0.0,53.48,1,0,24.0,1.0,0.0,0,0.0
30,S1,H5,processor,2,481.329283,24.0,0.0,55.16,0,0,24.0,1.0,0.0,0,0.0
30,S1,H6,processor,2,430.907382,24.0,0.0,53.72,0,0,24.0,1.0,0.0,0,0.0
30,S1,H7,loader,2,802.411354,24.0,0.0,53.48,0,0,24.0,1.0,0.0,0,0.0
30,S1,H8,loader,2,474.741639,24.0,0.0,0.0,0,0,24.0,1.0,0.0,0,0.0
31,S1,H3,grapple_skidder,2,0.0,24.0,0.0,53.24,1,0,24.0,1.0,0.0,0,0.0
31,S1,H4,processor,2,397.11896013801896,24.0,0.0,53.72,0,0,24.0,1.0,0.0,0,0.0
31,S1,H5,processor,2,299.90022672337483,24.0,0.0,0.0,1,0,24.0,1.0,0.0,0,0.0
31,S1,H6,processor,2,183.29153700000006,24.0,0.0,0.0,0,0,24.0,1.0,0.0,0,0.0
31,S1,H7,loader,2,85.18590268868411,24.0,0.0,53.48,1,0,24.0,1.0,0.0,0,0.0
31,S1,H8,loader,2,474.741639,24.0,0.0,0.0,0,0,24.0,1.0,0.0,0,0.0
32,S1,H3,grapple_skidder,2,544.6729182999999,24.0,0.0,54.68,0,0,24.0,1.0,0.0,0,0.3
32,S1,H4,processor,2,398.8783582,24.0,0.0,0.0,0,0,24.0,1.0,0.0,0,0.3
32,S1,H5,processor,2,372.3271531,24.0,0.0,55.16,0,0,24.0,1.0,0.0,0,0.3
32,S1,H7,loader,2,0.0,24.0,0.0,0.0,1,0,24.0,1.0,0.0,0,0.3
32,S1,H8,loader,2,190.21459612735356,24.0,0.0,53.72,0,0,24.0,1.0,0.0,0,0.3
32,S1,H9,loader,2,283.0880257734989,21.475126729386375,2.524873270613625,0.0,0,0,24.0,0.8947969470577656,2.524873270613627,1,0.3
33,S1,H3,grapple_skidder,2,425.72091087705337,24.0,0.0,53.48,1,0,24.0,1.0,0.0,0,0.0
33,S1,H4,processor,2,45.780229999999165,24.0,0.0,53.24,0,0,24.0,1.0,0.0,0,0.0
33,S1,H5,processor,2,469.046841,24.0,0.0,54.68,0,0,24.0,1.0,0.0,0,0.0
33,S1,H7,loader,2,795.9973183380189,24.0,0.0,53.72,1,0,24.0,1.0,0.0,0,0.0
33,S1,H8,loader,2,336.3715748507499,24.0,0.0,0.0,0,0,24.0,1.0,0.0,0,0.0
33,S1,H9,loader,2,451.958924,24.0,0.0,0.0,0,0,24.0,1.0,0.0,0,0.0
34,S1,H1,feller_buncher,2,140.55055100000027,24.0,0.0,0.0,0,0,24.0,1.0,0.0,0,0.0
34,S1,H3,grapple_skidder,2,414.50735799999984,24.0,0.0,53.72,0,0,24.0,1.0,0.0,0,0.0
34,S1,H4,processor,2,358.43355610963454,20.063858106813758,3.9361418931862424,54.2,0,0,24.0,0.8359940877839066,3.936141893186242,1,0.0
34,S1,H5,processor,2,384.6834052999999,24.0,0.0,0.0,1,0,24.0,1.0,0.0,0,0.0
34,S1,H7,loader,2,670.3529860999993,24.0,0.0,53.24,1,0,24.0,1.0,0.0,0,0.0
35,S1,H3,grapple_skidder,2,140.55055100000027,24.0,0.0,55.16,1,0,24.0,1.0,0.0,0,0.0
35,S1,H4,processor,2,67.28735476741883,24.0,0.0,0.0,1,0,24.0,1.0,0.0,0,0.0
35,S1,H5,processor,2,193.50624510848945,24.0,0.0,53.24,0,0,24.0,1.0,0.0,0,0.0
35,S1,H7,loader,2,0.0,24.0,0.0,0.0,1,0,24.0,1.0,0.0,0,0.0
35,S1,H8,loader,2,474.741639,24.0,0.0,53.72,0,0,24.0,1.0,0.0,0,0.0
36,S1,H3,grapple_skidder,2,855.829418,24.0,0.0,54.68,0,0,24.0,1.0,0.0,0,0.0
36,S1,H4,processor,2,569.826226,24.0,0.0,54.44,0,0,24.0,1.0,0.0,0,0.0
36,S1,H5,processor,2,395.15367800000007,24.0,0.0,0.0,0,0,24.0,1.0,0.0,0,0.0
36,S1,H7,loader,2,425.72091087705337,24.0,0.0,54.2,1,0,24.0,1.0,0.0,0,0.0
36,S1,H8,loader,2,474.741639,24.0,0.0,0.0,0,0,24.0,1.0,0.0,0,0.0
37,S1,H3,grapple_skidder,2,237.95559060000036,24.0,0.0,53.72,0,0,24.0,1.0,0.0,0,0.3
37,S1,H4,processor,2,252.54351009999934,24.0,0.0,0.0,0,0,24.0,1.0,0.0,0,0.3
37,S1,H5,processor,2,277.0494419,24.0,0.0,53.48,0,0,24.0,1.0,0.0,0,0.3
37,S1,H7,loader,2,0.0,24.0,0.0,0.0,1,0,24.0,1.0,0.0,0,0.3
37,S1,H8,loader,2,297.1037937,24.0,0.0,53.24,0,0,24.0,1.0,0.0,0,0.3
38,S1,H3,grapple_skidder,2,778.104169,24.0,0.0,53.48,0,0,24.0,1.0,0.0,0,0.0
38,S1,H4,processor,2,237.95559060000036,24.0,0.0,55.4,1,0,24.0,1.0,0.0,0,0.0
38,S1,H5,processor,2,395.784917,24.0,0.0,0.0,0,0,24.0,1.0,0.0,0,0.0
38,S1,H7,loader,2,822.3697360999994,24.0,0.0,54.44,1,0,24.0,1.0,0.0,0,0.0
38,S1,H8,loader,2,424.433991,24.0,0.0,0.0,0,0,24.0,1.0,0.0,0,0.0
39,S1,H3,grapple_skidder,2,678.968019,24.0,0.0,53.72,0,0,24.0,1.0,0.0,0,0.0
39,S1,H4,processor,2,469.046841,24.0,0.0,53.48,0,0,24.0,1.0,0.0,0,0.0
39,S1,H5,processor,2,195.88960400000013,24.0,0.0,0.0,0,0,24.0,1.0,0.0,0,0.0
39,S1,H7,loader,2,0.0,24.0,0.0,0.0,1,0,24.0,1.0,0.0,0,0.0
39,S1,H8,loader,2,130.60396386139064,24.0,0.0,0.0,1,0,24.0,1.0,0.0,0,0.0
39,S1,H9,loader,2,284.1381505498763,24.0,0.0,0.0,1,0,24.0,1.0,0.0,0,0.0
40,S1,H4,processor,2,547.23705,24.0,0.0,53.72,0,0,24.0,1.0,0.0,0,0.0
40,S1,H7,loader,2,474.741639,24.0,0.0,54.92,0,0,24.0,1.0,0.0,0,0.0
40,S1,H8,loader,2,456.725789,24.0,0.0,53.48,0,0,24.0,1.0,0.0,0,0.0
40,S1,H9,loader,2,0.0,24.0,0.0,0.0,1,0,24.0,1.0,0.0,0,0.0
41,S1,H4,processor,2,309.057328,24.0,0.0,53.72,1,0,24.0,1.0,0.0,0,0.0
41,S1,H7,loader,2,485.857474,24.0,0.0,53.72,0,0,24.0,1.0,0.0,0,0.0
41,S1,H8,loader,2,456.725789,24.0,0.0,0.0,0,0,24.0,1.0,0.0,0,0.0
42,S1,H3,grapple_skidder,2,678.968019,24.0,0.0,0.0,0,0,24.0,1.0,0.0,0,0.0
42,S1,H7,loader,2,474.741639,24.0,0.0,53.72,0,0,24.0,1.0,0.0,0,0.0
42,S1,H8,loader,2,408.8519049999998,24.0,0.0,0.0,0,0,24.0,1.0,0.0,0,0.0
1,S1,H1,feller_buncher,3,1067.4342387067045,20.98310759622244,3.016892403777561,0.0,0,0,24.0,0.8742961498426016,3.016892403777561,1,0.0
1,S1,H2,feller_buncher,3,1299.478592,24.0,0.0,0.0,0,0,24.0,1.0,0.0,0,0.0
2,S1,H1,feller_buncher,3,1220.906942,24.0,0.0,0.0,0,0,24.0,1.0,0.0,0,0.0
2,S1,H2,feller_buncher,3,1164.04956,24.0,0.0,53.72,0,0,24.0,1.0,0.0,0,0.0
2,S1,H3,grapple_skidder,3,678.968019,24.0,0.0,0.0,0,0,24.0,1.0,0.0,0,0.0
3,S1,H1,feller_buncher,3,1176.844281,24.0,0.0,53.48,0,0,24.0,1.0,0.0,0,0.0
3,S1,H2,feller_buncher,3,888.796776,24.0,0.0,53.24,0,0,24.0,1.0,0.0,0,0.0
3,S1,H3,grapple_skidder,3,778.104169,24.0,0.0,53.72,0,0,24.0,1.0,0.0,0,0.0
3,S1,H4,processor,3,547.23705,24.0,0.0,0.0,0,0,24.0,1.0,0.0,0,0.0
4,S1,H1,feller_buncher,3,1176.844281,24.0,0.0,0.0,0,0,24.0,1.0,0.0,0,0.0
4,S1,H2,feller_buncher,3,888.796776,24.0,0.0,0.0,0,0,24.0,1.0,0.0,0,0.0
4,S1,H3,grapple_skidder,3,768.9695700589513,24.0,0.0,54.68,0,0,24.0,1.0,0.0,0,0.0
4,S1,H4,processor,3,469.046841,24.0,0.0,53.72,0,0,24.0,1.0,0.0,0,0.0
4,S1,H7,loader,3,485.857474,24.0,0.0,0.0,0,0,24.0,1.0,0.0,0,0.0
5,S1,H1,feller_buncher,3,1164.04956,24.0,0.0,54.2,0,0,24.0,1.0,0.0,0,0.0
5,S1,H2,feller_buncher,3,961.553907,24.0,0.0,53.24,0,0,24.0,1.0,0.0,0,0.0
5,S1,H3,grapple_skidder,3,1164.728216,24.0,0.0,53.48,0,0,24.0,1.0,0.0,0,0.0
5,S1,H4,processor,3,531.895933,24.0,0.0,54.68,0,0,24.0,1.0,0.0,0,0.0
6,S1,H1,feller_buncher,3,256.1621419999998,24.0,0.0,53.24,0,0,24.0,1.0,0.0,0,0.0
6,S1,H2,feller_buncher,3,961.553907,24.0,0.0,0.0,0,0,24.0,1.0,0.0,0,0.0
6,S1,H3,grapple_skidder,3,498.10036699357335,24.0,0.0,0.0,0,0,24.0,1.0,0.0,0,0.0
6,S1,H4,processor,3,237.07363705895125,24.0,0.0,0.0,1,0,24.0,1.0,0.0,0,0.0
7,S1,H1,feller_buncher,3,1164.04956,24.0,0.0,53.24,0,0,24.0,1.0,0.0,0,0.0
7,S1,H2,feller_buncher,3,961.553907,24.0,0.0,0.0,0,0,24.0,1.0,0.0,0,0.0
7,S1,H3,grapple_skidder,3,809.624168,24.0,0.0,54.44,0,0,24.0,1.0,0.0,0,0.0
7,S1,H4,processor,3,517.165642,24.0,0.0,53.48,0,0,24.0,1.0,0.0,0,0.0
7,S1,H7,loader,3,768.9695700589513,24.0,0.0,55.4,1,0,24.0,1.0,0.0,0,0.0
8,S1,H1,feller_buncher,3,860.013242,24.0,0.0,53.24,0,0,24.0,1.0,0.0,0,0.0
8,S1,H2,feller_buncher,3,413.7565330000002,24.0,0.0,0.0,0,0,24.0,1.0,0.0,0,0.0
8,S1,H3,grapple_skidder,3,778.104169,24.0,0.0,53.24,0,0,24.0,1.0,0.0,0,0.0
8,S1,H4,processor,3,517.165642,24.0,0.0,0.0,0,0,24.0,1.0,0.0,0,0.0
8,S1,H5,processor,3,320.4540092528116,18.774287220375243,5.225712779624757,0.0,0,0,24.0,0.7822619675156351,5.2257127796247556,1,0.0
9,S1,H1,feller_buncher,3,909.6350143999999,24.0,0.0,53.96,0,0,24.0,1.0,0.0,0,0.3
9,S1,H2,feller_buncher,3,854.6348594,24.0,0.0,55.16,0,0,24.0,1.0,0.0,0,0.3
9,S1,H3,grapple_skidder,3,544.6729182999999,24.0,0.0,0.0,0,0,24.0,1.0,0.0,0,0.3
9,S1,H7,loader,3,481.15529209999994,24.0,0.0,53.48,0,0,24.0,1.0,0.0,0,0.3
10,S1,H1,feller_buncher,3,1299.478592,24.0,0.0,0.0,0,0,24.0,1.0,0.0,0,0.0
10,S1,H2,feller_buncher,3,860.013242,24.0,0.0,54.44,0,0,24.0,1.0,0.0,0,0.0
10,S1,H3,grapple_skidder,3,739.620424,24.0,0.0,53.48,0,0,24.0,1.0,0.0,0,0.0
10,S1,H4,processor,3,517.165642,24.0,0.0,0.0,0,0,24.0,1.0,0.0,0,0.0
10,S1,H5,processor,3,469.046841,24.0,0.0,53.24,0,0,24.0,1.0,0.0,0,0.0
11,S1,H1,feller_buncher,3,1299.478592,24.0,0.0,0.0,0,0,24.0,1.0,0.0,0,0.0
11,S1,H2,feller_buncher,3,35.94281111213812,24.0,0.0,0.0,0,0,24.0,1.0,0.0,0,0.0
11,S1,H3,grapple_skidder,3,778.104169,24.0,0.0,53.48,0,0,24.0,1.0,0.0,0,0.0
11,S1,H4,processor,3,481.329283,24.0,0.0,54.68,0,0,24.0,1.0,0.0,0,0.0
11,S1,H7,loader,3,687.364703,24.0,0.0,0.0,0,0,24.0,1.0,0.0,0,0.0
12,S1,H1,feller_buncher,3,356.0085949999998,24.0,0.0,0.0,0,0,24.0,1.0,0.0,0,0.0
12,S1,H2,feller_buncher,3,674.603847,24.0,0.0,53.72,0,0,24.0,1.0,0.0,0,0.0
12,S1,H3,grapple_skidder,3,1332.369187,24.0,0.0,54.68,0,0,24.0,1.0,0.0,0,0.0
12,S1,H4,processor,3,111.331656993573,24.0,0.0,54.68,1,0,24.0,1.0,0.0,0,0.0
12,S1,H7,loader,3,474.741639,24.0,0.0,54.2,0,0,24.0,1.0,0.0,0,0.0
12,S1,H8,loader,3,451.958924,24.0,0.0,0.0,0,0,24.0,1.0,0.0,0,0.0
13,S1,H1,feller_buncher,3,1164.04956,24.0,0.0,53.72,0,0,24.0,1.0,0.0,0,0.0
13,S1,H2,feller_buncher,3,1194.708925,24.0,0.0,53.96,0,0,24.0,1.0,0.0,0,0.0
13,S1,H3,grapple_skidder,3,809.624168,24.0,0.0,54.92,0,0,24.0,1.0,0.0,0,0.0
13,S1,H4,processor,3,531.895933,24.0,0.0,53.48,0,0,24.0,1.0,0.0,0,0.0
13,S1,H7,loader,3,494.3085878935731,24.0,0.0,54.2,1,0,24.0,1.0,0.0,0,0.0
14,S1,H1,feller_buncher,3,1176.844281,24.0,0.0,54.2,0,0,24.0,1.0,0.0,0,0.0
14,S1,H2,feller_buncher,3,1194.708925,24.0,0.0,0.0,0,0,24.0,1.0,0.0,0,0.0
14,S1,H3,grapple_skidder,3,778.104169,24.0,0.0,53.24,0,0,24.0,1.0,0.0,0,0.0
14,S1,H4,processor,3,349.10122723367067,24.0,0.0,0.0,0,0,24.0,1.0,0.0,0,0.0
14,S1,H5,processor,3,409.650504,24.0,0.0,53.24,0,0,24.0,1.0,0.0,0,0.0
15,S1,H1,feller_buncher,3,1176.844281,24.0,0.0,0.0,0,0,24.0,1.0,0.0,0,0.0
15,S1,H2,feller_buncher,3,565.9378160260279,24.0,0.0,54.92,0,0,24.0,1.0,0.0,0,0.0
15,S1,H3,grapple_skidder,3,923.199854,24.0,0.0,53.24,0,0,24.0,1.0,0.0,0,0.0
15,S1,H4,processor,3,325.18071282425535,24.0,0.0,54.92,0,0,24.0,1.0,0.0,0,0.0
15,S1,H7,loader,3,802.411354,24.0,0.0,53.48,0,0,24.0,1.0,0.0,0,0.0
16,S1,H1,feller_buncher,3,111.30773800000088,24.0,0.0,0.0,0,0,24.0,1.0,0.0,0,0.0
16,S1,H2,feller_buncher,3,502.7667789999996,24.0,0.0,0.0,0,0,24.0,1.0,0.0,0,0.0
16,S1,H3,grapple_skidder,3,1132.5016894638864,18.356936848876323,5.643063151123677,54.68,0,0,24.0,0.7648723687031801,5.643063151123678,1,0.0
16,S1,H4,processor,3,451.3720267663293,20.7732013192499,3.2267986807501003,54.92,1,0,24.0,0.8655500549687458,3.2267986807501017,1,0.0
16,S1,H5,processor,3,395.784917,24.0,0.0,53.48,0,0,24.0,1.0,0.0,0,0.0
16,S1,H7,loader,3,424.433991,24.0,0.0,54.92,0,0,24.0,1.0,0.0,0,0.0
17,S1,H1,feller_buncher,3,576.960683,24.0,0.0,53.72,0,0,24.0,1.0,0.0,0,0.0
17,S1,H2,feller_buncher,3,787.363583,24.0,0.0,54.44,0,0,24.0,1.0,0.0,0,0.0
17,S1,H3,grapple_skidder,3,674.603847,24.0,0.0,53.96,0,0,24.0,1.0,0.0,0,0.0
17,S1,H4,processor,3,569.826226,24.0,0.0,53.24,0,0,24.0,1.0,0.0,0,0.0
17,S1,H5,processor,3,395.784917,24.0,0.0,0.0,0,0,24.0,1.0,0.0,0,0.0
17,S1,H6,processor,3,469.046841,24.0,0.0,0.0,0,0,24.0,1.0,0.0,0,0.0
17,S1,H7,loader,3,424.433991,24.0,0.0,0.0,0,0,24.0,1.0,0.0,0,0.0
17,S1,H8,loader,3,529.957833,24.0,0.0,55.16,1,0,24.0,1.0,0.0,0,0.0
18,S1,H1,feller_buncher,3,1220.906942,24.0,0.0,54.2,0,0,24.0,1.0,0.0,0,0.0
18,S1,H2,feller_buncher,3,486.3476200000001,24.0,0.0,0.0,0,0,24.0,1.0,0.0,0,0.0
18,S1,H3,grapple_skidder,3,1164.728216,24.0,0.0,53.24,0,0,24.0,1.0,0.0,0,0.0
18,S1,H4,processor,3,562.6754634638863,24.0,0.0,0.0,1,0,24.0,1.0,0.0,0,0.0
18,S1,H5,processor,3,456.082335,24.0,0.0,53.72,0,0,24.0,1.0,0.0,0,0.0
18,S1,H7,loader,3,474.741639,24.0,0.0,53.24,0,0,24.0,1.0,0.0,0,0.0
18,S1,H8,loader,3,456.725789,24.0,0.0,54.44,0,0,24.0,1.0,0.0,0,0.0
19,S1,H1,feller_buncher,3,709.1054075,24.0,0.0,0.0,0,0,24.0,1.0,0.0,0,0.3
19,S1,H2,feller_buncher,3,476.1455040999999,24.0,0.0,53.72,0,0,24.0,1.0,0.0,0,0.3
19,S1,H3,grapple_skidder,3,891.5978421,24.0,0.0,53.24,0,0,24.0,1.0,0.0,0,0.3
19,S1,H4,processor,3,311.34932554886007,20.64103480953605,3.3589651904639517,53.72,0,0,24.0,0.860043117064002,3.3589651904639513,1,0.3
19,S1,H5,processor,3,152.96505839999998,24.0,0.0,0.0,0,0,24.0,1.0,0.0,0,0.3
19,S1,H6,processor,3,169.66512085294113,24.0,0.0,0.0,0,0,24.0,1.0,0.0,0,0.3
19,S1,H7,loader,3,656.0293775,24.0,0.0,54.92,0,0,24.0,1.0,0.0,0,0.3
20,S1,H1,feller_buncher,3,1194.708925,24.0,0.0,53.24,0,0,24.0,1.0,0.0,0,0.0
20,S1,H2,feller_buncher,3,364.89843800000006,24.0,0.0,0.0,0,0,24.0,1.0,0.0,0,0.0
20,S1,H3,grapple_skidder,3,890.8677266928368,24.0,0.0,53.24,0,0,24.0,1.0,0.0,0,0.0
20,S1,H4,processor,3,517.165642,24.0,0.0,0.0,0,0,24.0,1.0,0.0,0,0.0
20,S1,H5,processor,3,469.046841,24.0,0.0,53.96,0,0,24.0,1.0,0.0,0,0.0
20,S1,H6,processor,3,441.264891,24.0,0.0,54.44,0,0,24.0,1.0,0.0,0,0.0
20,S1,H7,loader,3,609.0473933999999,24.0,0.0,53.96,1,0,24.0,1.0,0.0,0,0.0
21,S1,H3,grapple_skidder,3,362.8225605012645,24.0,0.0,55.16,0,0,24.0,1.0,0.0,0,0.0
21,S1,H4,processor,3,381.7243171385849,24.0,0.0,53.48,0,0,24.0,1.0,0.0,0,0.0
21,S1,H5,processor,3,469.046841,24.0,0.0,0.0,0,0,24.0,1.0,0.0,0,0.0
21,S1,H6,processor,3,441.264891,24.0,0.0,0.0,0,0,24.0,1.0,0.0,0,0.0
21,S1,H7,loader,3,687.364703,24.0,0.0,53.24,0,0,24.0,1.0,0.0,0,0.0
22,S1,H3,grapple_skidder,3,1480.641393,24.0,0.0,55.4,0,0,24.0,1.0,0.0,0,0.0
22,S1,H4,processor,3,509.14340955425183,24.0,0.0,0.0,1,0,24.0,1.0,0.0,0,0.0
22,S1,H5,processor,3,481.329283,24.0,0.0,53.48,0,0,24.0,1.0,0.0,0,0.0
22,S1,H6,processor,3,469.046841,24.0,0.0,54.44,0,0,24.0,1.0,0.0,0,0.0
22,S1,H7,loader,3,733.483855,24.0,0.0,53.24,0,0,24.0,1.0,0.0,0,0.0
23,S1,H3,grapple_skidder,3,1164.728216,24.0,0.0,53.72,0,0,24.0,1.0,0.0,0,0.0
23,S1,H4,processor,3,569.826226,24.0,0.0,53.24,0,0,24.0,1.0,0.0,0,0.0
23,S1,H5,processor,3,139.7844185012645,18.86150136903206,5.138498630967941,0.0,1,0,24.0,0.7858958903763358,5.138498630967941,1,0.0
23,S1,H6,processor,3,469.046841,24.0,0.0,0.0,0,0,24.0,1.0,0.0,0,0.0
23,S1,H7,loader,3,802.411354,24.0,0.0,53.24,0,0,24.0,1.0,0.0,0,0.0
24,S1,H3,grapple_skidder,3,739.620424,24.0,0.0,54.68,0,0,24.0,1.0,0.0,0,0.0
24,S1,H4,processor,3,569.826226,24.0,0.0,0.0,0,0,24.0,1.0,0.0,0,0.0
24,S1,H5,processor,3,517.165642,24.0,0.0,54.68,0,0,24.0,1.0,0.0,0,0.0
24,S1,H6,processor,3,9.068060100000025,24.0,0.0,54.44,1,0,24.0,1.0,0.0,0,0.0
24,S1,H7,loader,3,474.741639,24.0,0.0,54.68,0,0,24.0,1.0,0.0,0,0.0
25,S1,H3,grapple_skidder,3,1332.369187,24.0,0.0,55.16,0,0,24.0,1.0,0.0,0,0.0
25,S1,H4,processor,3,481.329283,24.0,0.0,55.4,0,0,24.0,1.0,0.0,0,0.0
25,S1,H5,processor,3,517.165642,24.0,0.0,0.0,0,0,24.0,1.0,0.0,0,0.0
25,S1,H7,loader,3,474.741639,24.0,0.0,0.0,0,0,24.0,1.0,0.0,0,0.0
25,S1,H8,loader,3,158.11398710000003,24.0,0.0,54.2,1,0,24.0,1.0,0.0,0,0.0
25,S1,H9,loader,3,937.184825,24.0,0.0,0.0,0,0,24.0,1.0,0.0,0,0.0
26,S1,H3,grapple_skidder,3,778.104169,24.0,0.0,54.68,0,0,24.0,1.0,0.0,0,0.0
26,S1,H4,processor,3,340.98894100000007,24.0,0.0,55.4,1,0,24.0,1.0,0.0,0,0.0
26,S1,H5,processor,3,531.895933,24.0,0.0,53.48,0,0,24.0,1.0,0.0,0,0.0
26,S1,H7,loader,3,687.364703,24.0,0.0,54.2,0,0,24.0,1.0,0.0,0,0.0
26,S1,H8,loader,3,451.958924,24.0,0.0,54.92,0,0,24.0,1.0,0.0,0,0.0
27,S1,H3,grapple_skidder,3,159.77199800000017,24.0,0.0,54.2,0,0,24.0,1.0,0.0,0,0.0
27,S1,H4,processor,3,469.046841,24.0,0.0,54.92,0,0,24.0,1.0,0.0,0,0.0
27,S1,H5,processor,3,531.895933,24.0,0.0,0.0,0,0,24.0,1.0,0.0,0,0.0
27,S1,H7,loader,3,937.184825,24.0,0.0,53.72,0,0,24.0,1.0,0.0,0,0.0
27,S1,H8,loader,3,451.958924,24.0,0.0,0.0,0,0,24.0,1.0,0.0,0,0.0
28,S1,H1,feller_buncher,3,1194.708925,24.0,0.0,0.0,0,0,24.0,1.0,0.0,0,0.0
28,S1,H3,grapple_skidder,3,841.0439421,24.0,0.0,53.48,1,0,24.0,1.0,0.0,0,0.0
28,S1,H4,processor,3,517.165642,24.0,0.0,54.2,0,0,24.0,1.0,0.0,0,0.0
28,S1,H7,loader,3,802.411354,24.0,0.0,53.24,0,0,24.0,1.0,0.0,0,0.0
28,S1,H8,loader,3,474.741639,24.0,0.0,53.48,0,0,24.0,1.0,0.0,0,0.0
28,S1,H9,loader,3,227.89549550126435,24.0,0.0,55.4,1,0,24.0,1.0,0.0,0,0.0
29,S1,H3,grapple_skidder,3,739.620424,24.0,0.0,54.2,0,0,24.0,1.0,0.0,0,0.0
29,S1,H4,processor,3,430.907382,24.0,0.0,53.48,0,0,24.0,1.0,0.0,0,0.0
29,S1,H5,processor,3,268.577321,24.0,0.0,0.0,1,0,24.0,1.0,0.0,0,0.0
29,S1,H7,loader,3,687.364703,24.0,0.0,53.48,0,0,24.0,1.0,0.0,0,0.0
29,S1,H8,loader,3,474.741639,24.0,0.0,0.0,0,0,24.0,1.0,0.0,0,0.0
30,S1,H3,grapple_skidder,3,1480.641393,24.0,0.0,55.4,0,0,24.0,1.0,0.0,0,0.0
30,S1,H4,processor,3,109.21653645113986,24.0,0.0,53.48,1,0,24.0,1.0,0.0,0,0.0
30,S1,H5,processor,3,481.329283,24.0,0.0,55.16,0,0,24.0,1.0,0.0,0,0.0
30,S1,H6,processor,3,410.1365601,24.0,0.0,53.72,1,0,24.0,1.0,0.0,0,0.0
30,S1,H7,loader,3,618.4142056928368,24.0,0.0,53.48,1,0,24.0,1.0,0.0,0,0.0
30,S1,H8,loader,3,474.741639,24.0,0.0,0.0,0,0,24.0,1.0,0.0,0,0.0
31,S1,H3,grapple_skidder,3,567.1587449999993,24.0,0.0,53.24,0,0,24.0,1.0,0.0,0,0.0
31,S1,H4,processor,3,569.826226,24.0,0.0,53.72,0,0,24.0,1.0,0.0,0,0.0
31,S1,H5,processor,3,481.329283,24.0,0.0,0.0,0,0,24.0,1.0,0.0,0,0.0
31,S1,H6,processor,3,0.0,24.0,0.0,0.0,1,0,24.0,1.0,0.0,0,0.0
31,S1,H7,loader,3,427.1343210000002,24.0,0.0,53.48,1,0,24.0,1.0,0.0,0,0.0
31,S1,H8,loader,3,474.741639,24.0,0.0,0.0,0,0,24.0,1.0,0.0,0,0.0
32,S1,H3,grapple_skidder,3,544.6729182999999,24.0,0.0,54.68,0,0,24.0,1.0,0.0,0,0.3
32,S1,H4,processor,3,398.8783582,24.0,0.0,0.0,0,0,24.0,1.0,0.0,0,0.3
32,S1,H5,processor,3,372.3271531,24.0,0.0,55.16,0,0,24.0,1.0,0.0,0,0.3
32,S1,H7,loader,3,0.0,24.0,0.0,0.0,1,0,24.0,1.0,0.0,0,0.3
32,S1,H8,loader,3,390.87866579999996,24.0,0.0,53.72,0,0,24.0,1.0,0.0,0,0.3
32,S1,H9,loader,3,316.3712468,24.0,0.0,0.0,0,0,24.0,1.0,0.0,0,0.3
33,S1,H3,grapple_skidder,3,576.960683,24.0,0.0,53.48,0,0,24.0,1.0,0.0,0,0.0
33,S1,H4,processor,3,45.780229999999165,24.0,0.0,53.24,0,0,24.0,1.0,0.0,0,0.0
33,S1,H5,processor,3,469.046841,24.0,0.0,54.68,0,0,24.0,1.0,0.0,0,0.0
33,S1,H7,loader,3,937.184825,24.0,0.0,53.72,0,0,24.0,1.0,0.0,0,0.0
33,S1,H8,loader,3,450.1652763,24.0,0.0,0.0,1,0,24.0,1.0,0.0,0,0.0
33,S1,H9,loader,3,451.958924,24.0,0.0,0.0,0,0,24.0,1.0,0.0,0,0.0
34,S1,H1,feller_buncher,3,140.55055100000027,24.0,0.0,0.0,0,0,24.0,1.0,0.0,0,0.0
34,S1,H3,grapple_skidder,3,414.50735799999984,24.0,0.0,53.72,0,0,24.0,1.0,0.0,0,0.0
34,S1,H4,processor,3,428.751305,24.0,0.0,54.2,0,0,24.0,1.0,0.0,0,0.0
34,S1,H5,processor,3,469.046841,24.0,0.0,0.0,0,0,24.0,1.0,0.0,0,0.0
34,S1,H7,loader,3,418.10738309999914,24.0,0.0,53.24,1,0,24.0,1.0,0.0,0,0.0
35,S1,H3,grapple_skidder,3,477.4620719999998,24.0,0.0,55.16,0,0,24.0,1.0,0.0,0,0.0
35,S1,H4,processor,3,148.20937800000002,24.0,0.0,0.0,0,0,24.0,1.0,0.0,0,0.0
35,S1,H5,processor,3,409.650504,24.0,0.0,53.24,0,0,24.0,1.0,0.0,0,0.0
35,S1,H7,loader,3,0.0,24.0,0.0,0.0,1,0,24.0,1.0,0.0,0,0.0
35,S1,H8,loader,3,332.2468125628178,16.79634320322938,7.20365679677062,53.72,0,0,24.0,0.6998476334678908,7.203656796770619,1,0.0
36,S1,H3,grapple_skidder,3,832.7694411121381,24.0,0.0,54.68,1,0,24.0,1.0,0.0,0,0.0
36,S1,H4,processor,3,569.826226,24.0,0.0,54.44,0,0,24.0,1.0,0.0,0,0.0
36,S1,H5,processor,3,395.15367800000007,24.0,0.0,0.0,0,0,24.0,1.0,0.0,0,0.0
36,S1,H7,loader,3,552.163711,24.0,0.0,54.2,0,0,24.0,1.0,0.0,0,0.0
36,S1,H8,loader,3,474.741639,24.0,0.0,0.0,0,0,24.0,1.0,0.0,0,0.0
37,S1,H3,grapple_skidder,3,339.93655800000056,24.0,0.0,53.72,0,0,24.0,1.0,0.0,0,0.0
37,S1,H4,processor,3,360.77644299999906,24.0,0.0,0.0,0,0,24.0,1.0,0.0,0,0.0
37,S1,H5,processor,3,395.784917,24.0,0.0,53.48,0,0,24.0,1.0,0.0,0,0.0
37,S1,H7,loader,3,24.796971999999982,24.0,0.0,0.0,0,0,24.0,1.0,0.0,0,0.0
37,S1,H8,loader,3,424.433991,24.0,0.0,53.24,0,0,24.0,1.0,0.0,0,0.0
38,S1,H3,grapple_skidder,3,745.0361534260279,24.0,0.0,53.48,1,0,24.0,1.0,0.0,0,0.0
38,S1,H4,processor,3,375.18955700000043,24.0,0.0,55.4,1,0,24.0,1.0,0.0,0,0.0
38,S1,H5,processor,3,246.13546911971852,24.0,0.0,0.0,0,0,24.0,1.0,0.0,0,0.0
38,S1,H7,loader,3,937.184825,24.0,0.0,54.44,0,0,24.0,1.0,0.0,0,0.0
38,S1,H8,loader,3,424.433991,24.0,0.0,0.0,0,0,24.0,1.0,0.0,0,0.0
39,S1,H3,grapple_skidder,3,678.968019,24.0,0.0,53.72,0,0,24.0,1.0,0.0,0,0.0
39,S1,H4,processor,3,469.046841,24.0,0.0,53.48,0,0,24.0,1.0,0.0,0,0.0
39,S1,H5,processor,3,195.88960400000013,24.0,0.0,0.0,0,0,24.0,1.0,0.0,0,0.0
39,S1,H7,loader,3,107.68165816388523,24.0,0.0,0.0,1,0,24.0,1.0,0.0,0,0.0
39,S1,H8,loader,3,162.35344407706702,24.0,0.0,0.0,1,0,24.0,1.0,0.0,0,0.0
39,S1,H9,loader,3,451.958924,24.0,0.0,0.0,0,0,24.0,1.0,0.0,0,0.0
40,S1,H4,processor,3,383.06593499999997,24.0,0.0,53.72,0,0,24.0,1.0,0.0,0,0.3
40,S1,H7,loader,3,332.3191473,24.0,0.0,54.92,0,0,24.0,1.0,0.0,0,0.3
40,S1,H8,loader,3,319.7080523,24.0,0.0,53.48,0,0,24.0,1.0,0.0,0,0.3
40,S1,H9,loader,3,94.29405019999983,24.0,0.0,0.0,0,0,24.0,1.0,0.0,0,0.3
41,S1,H4,processor,3,395.72246317308714,24.0,0.0,53.72,1,0,24.0,1.0,0.0,0,0.0
41,S1,H7,loader,3,444.4455109999999,24.0,0.0,53.72,1,0,24.0,1.0,0.0,0,0.0
41,S1,H8,loader,3,456.725789,24.0,0.0,0.0,0,0,24.0,1.0,0.0,0,0.0
42,S1,H3,grapple_skidder,3,678.968019,24.0,0.0,0.0,0,0,24.0,1.0,0.0,0,0.0
42,S1,H7,loader,3,474.741639,24.0,0.0,53.72,0,0,24.0,1.0,0.0,0,0.0
42,S1,H8,loader,3,396.22019381971865,24.0,0.0,0.0,1,0,24.0,1.0,0.0,0,0.0
1,S1,H1,feller_buncher,4,1220.906942,24.0,0.0,0.0,0,0,24.0,1.0,0.0,0,0.0
1,S1,H2,feller_buncher,4,1299.478592,24.0,0.0,0.0,0,0,24.0,1.0,0.0,0,0.0
2,S1,H1,feller_buncher,4,1220.906942,24.0,0.0,0.0,0,0,24.0,1.0,0.0,0,0.0
2,S1,H2,feller_buncher,4,1164.04956,24.0,0.0,53.72,0,0,24.0,1.0,0.0,0,0.0
2,S1,H3,grapple_skidder,4,678.968019,24.0,0.0,0.0,0,0,24.0,1.0,0.0,0,0.0
3,S1,H1,feller_buncher,4,922.1060954196565,24.0,0.0,53.48,0,0,24.0,1.0,0.0,0,0.0
3,S1,H2,feller_buncher,4,888.796776,24.0,0.0,53.24,0,0,24.0,1.0,0.0,0,0.0
3,S1,H3,grapple_skidder,4,778.104169,24.0,0.0,53.72,0,0,24.0,1.0,0.0,0,0.0
3,S1,H4,processor,4,259.6247173486696,24.0,0.0,0.0,0,0,24.0,1.0,0.0,0,0.0
4,S1,H1,feller_buncher,4,961.6904146247161,19.61225484426957,4.387745155730428,0.0,0,0,24.0,0.8171772851778988,4.38774515573043,1,0.0
4,S1,H2,feller_buncher,4,888.796776,24.0,0.0,0.0,0,0,24.0,1.0,0.0,0,0.0
4,S1,H3,grapple_skidder,4,1332.369187,24.0,0.0,54.68,0,0,24.0,1.0,0.0,0,0.0
4,S1,H4,processor,4,469.046841,24.0,0.0,53.72,0,0,24.0,1.0,0.0,0,0.0
4,S1,H7,loader,4,259.6247173486696,24.0,0.0,0.0,1,0,24.0,1.0,0.0,0,0.0
5,S1,H1,feller_buncher,4,1164.04956,24.0,0.0,54.2,0,0,24.0,1.0,0.0,0,0.0
5,S1,H2,feller_buncher,4,961.553907,24.0,0.0,53.24,0,0,24.0,1.0,0.0,0,0.0
5,S1,H3,grapple_skidder,4,1164.728216,24.0,0.0,53.48,0,0,24.0,1.0,0.0,0,0.0
5,S1,H4,processor,4,531.895933,24.0,0.0,54.68,0,0,24.0,1.0,0.0,0,0.0
6,S1,H1,feller_buncher,4,256.1621419999998,24.0,0.0,53.24,0,0,24.0,1.0,0.0,0,0.0
6,S1,H2,feller_buncher,4,961.553907,24.0,0.0,0.0,0,0,24.0,1.0,0.0,0,0.0
6,S1,H3,grapple_skidder,4,719.0682940443726,24.0,0.0,0.0,1,0,24.0,1.0,0.0,0,0.0
6,S1,H4,processor,4,531.895933,24.0,0.0,0.0,0,0,24.0,1.0,0.0,0,0.0
7,S1,H1,feller_buncher,4,1164.04956,24.0,0.0,53.24,0,0,24.0,1.0,0.0,0,0.0
7,S1,H2,feller_buncher,4,439.1578362198965,24.0,0.0,0.0,0,0,24.0,1.0,0.0,0,0.0
7,S1,H3,grapple_skidder,4,809.624168,24.0,0.0,54.44,0,0,24.0,1.0,0.0,0,0.0
7,S1,H4,processor,4,517.165642,24.0,0.0,53.48,0,0,24.0,1.0,0.0,0,0.0
7,S1,H7,loader,4,802.411354,24.0,0.0,55.4,0,0,24.0,1.0,0.0,0,0.0
8,S1,H1,feller_buncher,4,860.013242,24.0,0.0,53.24,0,0,24.0,1.0,0.0,0,0.0
8,S1,H2,feller_buncher,4,413.7565330000002,24.0,0.0,0.0,0,0,24.0,1.0,0.0,0,0.0
8,S1,H3,grapple_skidder,4,778.104169,24.0,0.0,53.24,0,0,24.0,1.0,0.0,0,0.0
8,S1,H4,processor,4,517.165642,24.0,0.0,0.0,0,0,24.0,1.0,0.0,0,0.0
8,S1,H5,processor,4,303.7818959968618,24.0,0.0,0.0,0,0,24.0,1.0,0.0,0,0.0
9,S1,H1,feller_buncher,4,1299.478592,24.0,0.0,53.96,0,0,24.0,1.0,0.0,0,0.0
9,S1,H2,feller_buncher,4,1220.906942,24.0,0.0,55.16,0,0,24.0,1.0,0.0,0,0.0
9,S1,H3,grapple_skidder,4,778.104169,24.0,0.0,0.0,0,0,24.0,1.0,0.0,0,0.0
9,S1,H7,loader,4,687.364703,24.0,0.0,53.48,0,0,24.0,1.0,0.0,0,0.0
10,S1,H1,feller_buncher,4,1299.478592,24.0,0.0,0.0,0,0,24.0,1.0,0.0,0,0.0
10,S1,H2,feller_buncher,4,860.013242,24.0,0.0,54.44,0,0,24.0,1.0,0.0,0,0.0
10,S1,H3,grapple_skidder,4,739.620424,24.0,0.0,53.48,0,0,24.0,1.0,0.0,0,0.0
10,S1,H4,processor,4,517.165642,24.0,0.0,0.0,0,0,24.0,1.0,0.0,0,0.0
10,S1,H5,processor,4,469.046841,24.0,0.0,53.24,0,0,24.0,1.0,0.0,0,0.0
11,S1,H1,feller_buncher,4,909.6350143999999,24.0,0.0,0.0,0,0,24.0,1.0,0.0,0,0.3
11,S1,H2,feller_buncher,4,41.3019516,24.0,0.0,0.0,0,0,24.0,1.0,0.0,0,0.3
11,S1,H3,grapple_skidder,4,544.6729182999999,24.0,0.0,53.48,0,0,24.0,1.0,0.0,0,0.3
11,S1,H4,processor,4,336.93049809999997,24.0,0.0,54.68,0,0,24.0,1.0,0.0,0,0.3
11,S1,H7,loader,4,481.15529209999994,24.0,0.0,0.0,0,0,24.0,1.0,0.0,0,0.3
12,S1,H1,feller_buncher,4,356.0085949999998,24.0,0.0,0.0,0,0,24.0,1.0,0.0,0,0.0
12,S1,H2,feller_buncher,4,470.36483507979653,24.0,0.0,53.72,0,0,24.0,1.0,0.0,0,0.0
12,S1,H3,grapple_skidder,4,1332.369187,24.0,0.0,54.68,0,0,24.0,1.0,0.0,0,0.0
12,S1,H4,processor,4,332.2995840443725,24.0,0.0,54.68,1,0,24.0,1.0,0.0,0,0.0
12,S1,H7,loader,4,474.741639,24.0,0.0,54.2,0,0,24.0,1.0,0.0,0,0.0
12,S1,H8,loader,4,336.93049809999997,20.346623804267097,3.6533761957329034,0.0,1,0,24.0,0.8477759918444624,3.6533761957329025,1,0.0
13,S1,H1,feller_buncher,4,749.5669805492885,24.0,0.0,53.72,0,0,24.0,1.0,0.0,0,0.0
13,S1,H2,feller_buncher,4,1194.708925,24.0,0.0,53.96,0,0,24.0,1.0,0.0,0,0.0
13,S1,H3,grapple_skidder,4,809.624168,24.0,0.0,54.92,0,0,24.0,1.0,0.0,0,0.0
13,S1,H4,processor,4,531.895933,24.0,0.0,53.48,0,0,24.0,1.0,0.0,0,0.0
13,S1,H7,loader,4,687.364703,24.0,0.0,54.2,0,0,24.0,1.0,0.0,0,0.0
14,S1,H1,feller_buncher,4,1176.844281,24.0,0.0,54.2,0,0,24.0,1.0,0.0,0,0.0
14,S1,H2,feller_buncher,4,1194.708925,24.0,0.0,0.0,0,0,24.0,1.0,0.0,0,0.0
14,S1,H3,grapple_skidder,4,778.104169,24.0,0.0,53.24,0,0,24.0,1.0,0.0,0,0.0
14,S1,H4,processor,4,531.895933,24.0,0.0,0.0,0,0,24.0,1.0,0.0,0,0.0
14,S1,H5,processor,4,409.650504,24.0,0.0,53.24,0,0,24.0,1.0,0.0,0,0.0
15,S1,H1,feller_buncher,4,1037.3606170777118,21.155436799768996,2.844563200231004,0.0,0,0,24.0,0.8814765333237081,2.8445632002310033,1,0.0
15,S1,H2,feller_buncher,4,1164.04956,24.0,0.0,54.92,0,0,24.0,1.0,0.0,0,0.0
15,S1,H3,grapple_skidder,4,923.199854,24.0,0.0,53.24,0,0,24.0,1.0,0.0,0,0.0
15,S1,H4,processor,4,409.650504,24.0,0.0,54.92,0,0,24.0,1.0,0.0,0,0.0
15,S1,H7,loader,4,802.411354,24.0,0.0,53.48,0,0,24.0,1.0,0.0,0,0.0
16,S1,H1,feller_buncher,4,77.91541660000061,24.0,0.0,0.0,0,0,24.0,1.0,0.0,0,0.3
16,S1,H2,feller_buncher,4,351.9367452999997,24.0,0.0,0.0,0,0,24.0,1.0,0.0,0,0.3
16,S1,H3,grapple_skidder,4,1036.4489751,24.0,0.0,54.68,0,0,24.0,1.0,0.0,0,0.3
16,S1,H4,processor,4,372.3271531,24.0,0.0,54.92,0,0,24.0,1.0,0.0,0,0.3
16,S1,H5,processor,4,256.12149100369567,22.18707152749798,1.8129284725020192,53.48,0,0,24.0,0.9244613136457492,1.8129284725020183,1,0.3
16,S1,H7,loader,4,297.1037937,24.0,0.0,54.92,0,0,24.0,1.0,0.0,0,0.3
17,S1,H1,feller_buncher,4,576.960683,24.0,0.0,53.72,0,0,24.0,1.0,0.0,0,0.0
17,S1,H2,feller_buncher,4,787.363583,24.0,0.0,54.44,0,0,24.0,1.0,0.0,0,0.0
17,S1,H3,grapple_skidder,4,470.36483507979653,24.0,0.0,53.96,1,0,24.0,1.0,0.0,0,0.0
17,S1,H4,processor,4,569.826226,24.0,0.0,53.24,0,0,24.0,1.0,0.0,0,0.0
17,S1,H5,processor,4,395.784917,24.0,0.0,0.0,0,0,24.0,1.0,0.0,0,0.0
17,S1,H6,processor,4,469.046841,24.0,0.0,0.0,0,0,24.0,1.0,0.0,0,0.0
17,S1,H7,loader,4,424.433991,24.0,0.0,0.0,0,0,24.0,1.0,0.0,0,0.0
17,S1,H8,loader,4,802.411354,24.0,0.0,55.16,0,0,24.0,1.0,0.0,0,0.0
18,S1,H1,feller_buncher,4,1220.906942,24.0,0.0,54.2,0,0,24.0,1.0,0.0,0,0.0
18,S1,H2,feller_buncher,4,486.3476200000001,24.0,0.0,0.0,0,0,24.0,1.0,0.0,0,0.0
18,S1,H3,grapple_skidder,4,1164.728216,24.0,0.0,53.24,0,0,24.0,1.0,0.0,0,0.0
18,S1,H4,processor,4,466.6227491000001,24.0,0.0,0.0,1,0,24.0,1.0,0.0,0,0.0
18,S1,H5,processor,4,456.082335,24.0,0.0,53.72,0,0,24.0,1.0,0.0,0,0.0
18,S1,H7,loader,4,474.741639,24.0,0.0,53.24,0,0,24.0,1.0,0.0,0,0.0
18,S1,H8,loader,4,456.725789,24.0,0.0,54.44,0,0,24.0,1.0,0.0,0,0.0
19,S1,H1,feller_buncher,4,1013.0077249999999,24.0,0.0,0.0,0,0,24.0,1.0,0.0,0,0.0
19,S1,H2,feller_buncher,4,680.207863,24.0,0.0,53.72,0,0,24.0,1.0,0.0,0,0.0
19,S1,H3,grapple_skidder,4,1273.711203,24.0,0.0,53.24,0,0,24.0,1.0,0.0,0,0.0
19,S1,H4,processor,4,517.165642,24.0,0.0,53.72,0,0,24.0,1.0,0.0,0,0.0
19,S1,H5,processor,4,14.282500079796534,24.0,0.0,0.0,1,0,24.0,1.0,0.0,0,0.0
19,S1,H6,processor,4,469.046841,24.0,0.0,0.0,0,0,24.0,1.0,0.0,0,0.0
19,S1,H7,loader,4,460.69210458324244,24.0,0.0,54.92,0,0,24.0,1.0,0.0,0,0.0
20,S1,H1,feller_buncher,4,1194.708925,24.0,0.0,53.24,0,0,24.0,1.0,0.0,0,0.0
20,S1,H2,feller_buncher,4,364.89843800000006,24.0,0.0,0.0,0,0,24.0,1.0,0.0,0,0.0
20,S1,H3,grapple_skidder,4,1332.369187,24.0,0.0,53.24,0,0,24.0,1.0,0.0,0,0.0
20,S1,H4,processor,4,517.165642,24.0,0.0,0.0,0,0,24.0,1.0,0.0,0,0.0
20,S1,H5,processor,4,469.046841,24.0,0.0,53.96,0,0,24.0,1.0,0.0,0,0.0
20,S1,H6,processor,4,185.39422419989285,24.0,0.0,54.44,0,0,24.0,1.0,0.0,0,0.0
20,S1,H7,loader,4,470.36483507979653,24.0,0.0,53.96,1,0,24.0,1.0,0.0,0,0.0
21,S1,H3,grapple_skidder,4,739.620424,24.0,0.0,55.16,0,0,24.0,1.0,0.0,0,0.0
21,S1,H4,processor,4,531.895933,24.0,0.0,53.48,0,0,24.0,1.0,0.0,0,0.0
21,S1,H5,processor,4,469.046841,24.0,0.0,0.0,0,0,24.0,1.0,0.0,0,0.0
21,S1,H6,processor,4,441.264891,24.0,0.0,0.0,0,0,24.0,1.0,0.0,0,0.0
21,S1,H7,loader,4,687.364703,24.0,0.0,53.24,0,0,24.0,1.0,0.0,0,0.0
22,S1,H3,grapple_skidder,4,1480.641393,24.0,0.0,55.4,0,0,24.0,1.0,0.0,0,0.0
22,S1,H4,processor,4,531.895933,24.0,0.0,0.0,0,0,24.0,1.0,0.0,0,0.0
22,S1,H5,processor,4,481.329283,24.0,0.0,53.48,0,0,24.0,1.0,0.0,0,0.0
22,S1,H6,processor,4,469.046841,24.0,0.0,54.44,0,0,24.0,1.0,0.0,0,0.0
22,S1,H7,loader,4,626.6591151998928,24.0,0.0,53.24,1,0,24.0,1.0,0.0,0,0.0
23,S1,H3,grapple_skidder,4,1127.3920986777125,24.0,0.0,53.72,1,0,24.0,1.0,0.0,0,0.0
23,S1,H4,processor,4,569.826226,24.0,0.0,53.24,0,0,24.0,1.0,0.0,0,0.0
23,S1,H5,processor,4,481.329283,24.0,0.0,0.0,0,0,24.0,1.0,0.0,0,0.0
23,S1,H6,processor,4,373.76170730000035,24.0,0.0,0.0,1,0,24.0,1.0,0.0,0,0.0
23,S1,H7,loader,4,802.411354,24.0,0.0,53.24,0,0,24.0,1.0,0.0,0,0.0
24,S1,H3,grapple_skidder,4,739.620424,24.0,0.0,54.68,0,0,24.0,1.0,0.0,0,0.0
24,S1,H4,processor,4,569.826226,24.0,0.0,0.0,0,0,24.0,1.0,0.0,0,0.0
24,S1,H5,processor,4,517.165642,24.0,0.0,54.68,0,0,24.0,1.0,0.0,0,0.0
24,S1,H6,processor,4,391.18142100000006,24.0,0.0,54.44,0,0,24.0,1.0,0.0,0,0.0
24,S1,H7,loader,4,474.741639,24.0,0.0,54.68,0,0,24.0,1.0,0.0,0,0.0
25,S1,H3,grapple_skidder,4,932.6584309,24.0,0.0,55.16,0,0,24.0,1.0,0.0,0,0.3
25,S1,H4,processor,4,292.99495267977073,20.870413643075604,3.1295863569243956,55.4,0,0,24.0,0.8696005684614835,3.1295863569243956,1,0.3
25,S1,H5,processor,4,362.0159494,24.0,0.0,0.0,0,0,24.0,1.0,0.0,0,0.3
25,S1,H7,loader,4,332.3191473,24.0,0.0,0.0,0,0,24.0,1.0,0.0,0,0.3
25,S1,H8,loader,4,378.15914360000005,24.0,0.0,54.2,0,0,24.0,1.0,0.0,0,0.3
25,S1,H9,loader,4,560.4862675523635,20.504676898035296,3.495323101964704,0.0,0,0,24.0,0.8543615374181374,3.495323101964705,1,0.3
26,S1,H3,grapple_skidder,4,778.104169,24.0,0.0,54.68,0,0,24.0,1.0,0.0,0,0.0
26,S1,H4,processor,4,340.98894100000007,24.0,0.0,55.4,1,0,24.0,1.0,0.0,0,0.0
26,S1,H5,processor,4,531.895933,24.0,0.0,53.48,0,0,24.0,1.0,0.0,0,0.0
26,S1,H7,loader,4,687.364703,24.0,0.0,54.2,0,0,24.0,1.0,0.0,0,0.0
26,S1,H8,loader,4,429.8468881869263,22.82580289638496,1.1741971036150396,54.92,0,0,24.0,0.9510751206827067,1.1741971036150383,1,0.0
27,S1,H3,grapple_skidder,4,0.0,24.0,0.0,54.2,1,0,24.0,1.0,0.0,0,0.0
27,S1,H4,processor,4,469.046841,24.0,0.0,54.92,0,0,24.0,1.0,0.0,0,0.0
27,S1,H5,processor,4,531.895933,24.0,0.0,0.0,0,0,24.0,1.0,0.0,0,0.0
27,S1,H7,loader,4,797.7665704645038,20.429692394078288,3.5703076059217125,53.72,0,0,24.0,0.8512371830865954,3.5703076059217116,1,0.0
27,S1,H8,loader,4,451.958924,24.0,0.0,0.0,0,0,24.0,1.0,0.0,0,0.0
28,S1,H1,feller_buncher,4,1194.708925,24.0,0.0,0.0,0,0,24.0,1.0,0.0,0,0.0
28,S1,H3,grapple_skidder,4,1045.106301,24.0,0.0,53.48,0,0,24.0,1.0,0.0,0,0.0
28,S1,H4,processor,4,378.60743927771233,24.0,0.0,54.2,1,0,24.0,1.0,0.0,0,0.0
28,S1,H7,loader,4,802.411354,24.0,0.0,53.24,0,0,24.0,1.0,0.0,0,0.0
28,S1,H8,loader,4,474.741639,24.0,0.0,53.48,0,0,24.0,1.0,0.0,0,0.0
28,S1,H9,loader,4,373.8477064928444,24.0,0.0,55.4,1,0,24.0,1.0,0.0,0,0.0
29,S1,H3,grapple_skidder,4,557.1609112198969,24.0,0.0,54.2,1,0,24.0,1.0,0.0,0,0.0
29,S1,H4,processor,4,430.907382,24.0,0.0,53.48,0,0,24.0,1.0,0.0,0,0.0
29,S1,H5,processor,4,302.2713747999999,24.0,0.0,0.0,1,0,24.0,1.0,0.0,0,0.0
29,S1,H7,loader,4,687.364703,24.0,0.0,53.48,0,0,24.0,1.0,0.0,0,0.0
29,S1,H8,loader,4,474.741639,24.0,0.0,0.0,0,0,24.0,1.0,0.0,0,0.0
30,S1,H3,grapple_skidder,4,1480.641393,24.0,0.0,55.4,0,0,24.0,1.0,0.0,0,0.0
30,S1,H4,processor,4,0.0,24.0,0.0,53.48,1,0,24.0,1.0,0.0,0,0.0
30,S1,H5,processor,4,372.0073157299035,24.0,0.0,55.16,0,0,24.0,1.0,0.0,0,0.0
30,S1,H6,processor,4,430.907382,24.0,0.0,53.72,0,0,24.0,1.0,0.0,0,0.0
30,S1,H7,loader,4,802.411354,24.0,0.0,53.48,0,0,24.0,1.0,0.0,0,0.0
30,S1,H8,loader,4,474.741639,24.0,0.0,0.0,0,0,24.0,1.0,0.0,0,0.0
31,S1,H3,grapple_skidder,4,567.1587449999993,24.0,0.0,53.24,0,0,24.0,1.0,0.0,0,0.0
31,S1,H4,processor,4,569.826226,24.0,0.0,53.72,0,0,24.0,1.0,0.0,0,0.0
31,S1,H5,processor,4,481.329283,24.0,0.0,0.0,0,0,24.0,1.0,0.0,0,0.0
31,S1,H6,processor,4,94.02932647756431,24.0,0.0,0.0,0,0,24.0,1.0,0.0,0,0.0
31,S1,H7,loader,4,257.93801762208545,18.723627774927753,5.276372225072247,53.48,1,0,24.0,0.7801511572886564,5.276372225072247,1,0.0
31,S1,H8,loader,4,474.741639,24.0,0.0,0.0,0,0,24.0,1.0,0.0,0,0.0
32,S1,H3,grapple_skidder,4,778.104169,24.0,0.0,54.68,0,0,24.0,1.0,0.0,0,0.0
32,S1,H4,processor,4,569.826226,24.0,0.0,0.0,0,0,24.0,1.0,0.0,0,0.0
32,S1,H5,processor,4,531.895933,24.0,0.0,55.16,0,0,24.0,1.0,0.0,0,0.0
32,S1,H7,loader,4,0.0,19.936714595096273,4.063285404903727,0.0,1,0,24.0,0.8306964414623447,4.063285404903728,1,0.0
32,S1,H8,loader,4,558.398094,24.0,0.0,53.72,0,0,24.0,1.0,0.0,0,0.0
32,S1,H9,loader,4,451.958924,24.0,0.0,0.0,0,0,24.0,1.0,0.0,0,0.0
33,S1,H3,grapple_skidder,4,576.960683,24.0,0.0,53.48,0,0,24.0,1.0,0.0,0,0.0
33,S1,H4,processor,4,35.26281199999926,24.0,0.0,53.24,1,0,24.0,1.0,0.0,0,0.0
33,S1,H5,processor,4,469.046841,24.0,0.0,54.68,0,0,24.0,1.0,0.0,0,0.0
33,S1,H7,loader,4,937.184825,24.0,0.0,53.72,0,0,24.0,1.0,0.0,0,0.0
33,S1,H8,loader,4,397.4459964775642,24.0,0.0,0.0,1,0,24.0,1.0,0.0,0,0.0
33,S1,H9,loader,4,401.37767472990345,24.0,0.0,0.0,1,0,24.0,1.0,0.0,0,0.0
34,S1,H1,feller_buncher,4,98.38538570000019,24.0,0.0,0.0,0,0,24.0,1.0,0.0,0,0.3
34,S1,H3,grapple_skidder,4,290.15515059999984,24.0,0.0,53.72,0,0,24.0,1.0,0.0,0,0.3
34,S1,H4,processor,4,300.12591349999997,24.0,0.0,54.2,0,0,24.0,1.0,0.0,0,0.3
34,S1,H5,processor,4,328.3327887,24.0,0.0,0.0,0,0,24.0,1.0,0.0,0,0.3
34,S1,H7,loader,4,561.6879478,24.0,0.0,53.24,0,0,24.0,1.0,0.0,0,0.3
35,S1,H3,grapple_skidder,4,477.4620719999998,24.0,0.0,55.16,0,0,24.0,1.0,0.0,0,0.0
35,S1,H4,processor,4,148.20937800000002,24.0,0.0,0.0,0,0,24.0,1.0,0.0,0,0.0
35,S1,H5,processor,4,409.650504,24.0,0.0,53.24,0,0,24.0,1.0,0.0,0,0.0
35,S1,H7,loader,4,120.76866509999957,24.0,0.0,0.0,1,0,24.0,1.0,0.0,0,0.0
35,S1,H8,loader,4,474.741639,24.0,0.0,53.72,0,0,24.0,1.0,0.0,0,0.0
36,S1,H3,grapple_skidder,4,838.1285816,24.0,0.0,54.68,1,0,24.0,1.0,0.0,0,0.0
36,S1,H4,processor,4,569.826226,24.0,0.0,54.44,0,0,24.0,1.0,0.0,0,0.0
36,S1,H5,processor,4,376.6700786031383,24.0,0.0,0.0,1,0,24.0,1.0,0.0,0,0.0
36,S1,H7,loader,4,448.3352915,24.0,0.0,54.2,1,0,24.0,1.0,0.0,0,0.0
36,S1,H8,loader,4,474.741639,24.0,0.0,0.0,0,0,24.0,1.0,0.0,0,0.0
37,S1,H3,grapple_skidder,4,0.0,24.0,0.0,53.72,1,0,24.0,1.0,0.0,0,0.0
37,S1,H4,processor,4,248.62478699999986,24.0,0.0,0.0,1,0,24.0,1.0,0.0,0,0.0
37,S1,H5,processor,4,395.784917,24.0,0.0,53.48,0,0,24.0,1.0,0.0,0,0.0
37,S1,H7,loader,4,0.0,24.0,0.0,0.0,1,0,24.0,1.0,0.0,0,0.0
37,S1,H8,loader,4,424.433991,24.0,0.0,53.24,0,0,24.0,1.0,0.0,0,0.0
38,S1,H3,grapple_skidder,4,544.4040335492887,24.0,0.0,53.48,1,0,24.0,1.0,0.0,0,0.0
38,S1,H4,processor,4,330.1015677102226,24.0,0.0,55.4,1,0,24.0,1.0,0.0,0,0.0
38,S1,H5,processor,4,395.784917,24.0,0.0,0.0,0,0,24.0,1.0,0.0,0,0.0
38,S1,H7,loader,4,937.184825,24.0,0.0,54.44,0,0,24.0,1.0,0.0,0,0.0
38,S1,H8,loader,4,424.433991,24.0,0.0,0.0,0,0,24.0,1.0,0.0,0,0.0
39,S1,H3,grapple_skidder,4,678.968019,24.0,0.0,53.72,0,0,24.0,1.0,0.0,0,0.0
39,S1,H4,processor,4,469.046841,24.0,0.0,53.48,0,0,24.0,1.0,0.0,0,0.0
39,S1,H5,processor,4,195.88960400000013,24.0,0.0,0.0,0,0,24.0,1.0,0.0,0,0.0
39,S1,H7,loader,4,233.462125999999,24.0,0.0,0.0,0,0,24.0,1.0,0.0,0,0.0
39,S1,H8,loader,4,336.0197300000002,24.0,0.0,0.0,0,0,24.0,1.0,0.0,0,0.0
39,S1,H9,loader,4,330.1015677102226,24.0,0.0,0.0,1,0,24.0,1.0,0.0,0,0.0
40,S1,H4,processor,4,547.23705,24.0,0.0,53.72,0,0,24.0,1.0,0.0,0,0.0
40,S1,H7,loader,4,301.02202136507896,19.0283816469923,4.971618353007699,54.92,0,0,24.0,0.7928492352913459,4.971618353007701,1,0.0
40,S1,H8,loader,4,447.6052702173529,23.52073551339679,0.47926448660320986,53.48,0,0,24.0,0.9800306463915329,0.4792644866032094,1,0.0
40,S1,H9,loader,4,0.0,24.0,0.0,0.0,1,0,24.0,1.0,0.0,0,0.0
41,S1,H4,processor,4,365.13905984928886,24.0,0.0,53.72,1,0,24.0,1.0,0.0,0,0.0
41,S1,H7,loader,4,485.857474,24.0,0.0,53.72,0,0,24.0,1.0,0.0,0,0.0
41,S1,H8,loader,4,456.725789,24.0,0.0,0.0,0,0,24.0,1.0,0.0,0,0.0
42,S1,H3,grapple_skidder,4,351.5284311459588,24.0,0.0,0.0,0,0,24.0,1.0,0.0,0,0.0
42,S1,H7,loader,4,474.741639,24.0,0.0,53.72,0,0,24.0,1.0,0.0,0,0.0
42,S1,H8,loader,4,278.3089977863429,24.0,0.0,0.0,1,0,24.0,1.0,0.0,0,0.0
1,S1,H1,feller_buncher,5,1220.906942,24.0,0.0,0.0,0,0,24.0,1.0,0.0,0,0.0
1,S1,H2,feller_buncher,5,1299.478592,24.0,0.0,0.0,0,0,24.0,1.0,0.0,0,0.0
2,S1,H1,feller_buncher,5,1220.906942,24.0,0.0,0.0,0,0,24.0,1.0,0.0,0,0.0
2,S1,H2,feller_buncher,5,1164.04956,24.0,0.0,53.72,0,0,24.0,1.0,0.0,0,0.0
2,S1,H3,grapple_skidder,5,678.968019,24.0,0.0,0.0,0,0,24.0,1.0,0.0,0,0.0
3,S1,H1,feller_buncher,5,577.90761396251,24.0,0.0,53.48,0,0,24.0,1.0,0.0,0,0.0
3,S1,H2,feller_buncher,5,888.796776,24.0,0.0,53.24,0,0,24.0,1.0,0.0,0,0.0
3,S1,H3,grapple_skidder,5,778.104169,24.0,0.0,53.72,0,0,24.0,1.0,0.0,0,0.0
3,S1,H4,processor,5,547.23705,24.0,0.0,0.0,0,0,24.0,1.0,0.0,0,0.0
4,S1,H1,feller_buncher,5,1176.844281,24.0,0.0,0.0,0,0,24.0,1.0,0.0,0,0.0
4,S1,H2,feller_buncher,5,888.796776,24.0,0.0,0.0,0,0,24.0,1.0,0.0,0,0.0
4,S1,H3,grapple_skidder,5,1332.369187,24.0,0.0,54.68,0,0,24.0,1.0,0.0,0,0.0
4,S1,H4,processor,5,469.046841,24.0,0.0,53.72,0,0,24.0,1.0,0.0,0,0.0
4,S1,H7,loader,5,485.857474,24.0,0.0,0.0,0,0,24.0,1.0,0.0,0,0.0
5,S1,H1,feller_buncher,5,814.8346919999999,24.0,0.0,54.2,0,0,24.0,1.0,0.0,0,0.3
5,S1,H2,feller_buncher,5,673.0877349,24.0,0.0,53.24,0,0,24.0,1.0,0.0,0,0.3
5,S1,H3,grapple_skidder,5,815.3097511999999,24.0,0.0,53.48,0,0,24.0,1.0,0.0,0,0.3
5,S1,H4,processor,5,337.3305005487353,21.74413535452042,2.25586464547958,54.68,0,0,24.0,0.9060056397716841,2.2558646454795785,1,0.3
6,S1,H1,feller_buncher,5,202.3588067487796,18.959130041826064,5.040869958173936,53.24,0,0,24.0,0.7899637517427527,5.040869958173934,1,0.0
6,S1,H2,feller_buncher,5,961.553907,24.0,0.0,0.0,0,0,24.0,1.0,0.0,0,0.0
6,S1,H3,grapple_skidder,5,939.4421437625101,24.0,0.0,0.0,1,0,24.0,1.0,0.0,0,0.0
6,S1,H4,processor,5,531.895933,24.0,0.0,0.0,0,0,24.0,1.0,0.0,0,0.0
7,S1,H1,feller_buncher,5,1164.04956,24.0,0.0,53.24,0,0,24.0,1.0,0.0,0,0.0
7,S1,H2,feller_buncher,5,961.553907,24.0,0.0,0.0,0,0,24.0,1.0,0.0,0,0.0
7,S1,H3,grapple_skidder,5,809.624168,24.0,0.0,54.44,0,0,24.0,1.0,0.0,0,0.0
7,S1,H4,processor,5,517.165642,24.0,0.0,53.48,0,0,24.0,1.0,0.0,0,0.0
7,S1,H7,loader,5,802.411354,24.0,0.0,55.4,0,0,24.0,1.0,0.0,0,0.0
8,S1,H1,feller_buncher,5,860.013242,24.0,0.0,53.24,0,0,24.0,1.0,0.0,0,0.0
8,S1,H2,feller_buncher,5,413.7565330000002,24.0,0.0,0.0,0,0,24.0,1.0,0.0,0,0.0
8,S1,H3,grapple_skidder,5,778.104169,24.0,0.0,53.24,0,0,24.0,1.0,0.0,0,0.0
8,S1,H4,processor,5,439.7519832267923,20.40748019653443,3.5925198034655708,0.0,0,0,24.0,0.8503116748556012,3.5925198034655703,1,0.0
8,S1,H5,processor,5,409.650504,24.0,0.0,0.0,0,0,24.0,1.0,0.0,0,0.0
9,S1,H1,feller_buncher,5,1299.478592,24.0,0.0,53.96,0,0,24.0,1.0,0.0,0,0.0
9,S1,H2,feller_buncher,5,1220.906942,24.0,0.0,55.16,0,0,24.0,1.0,0.0,0,0.0
9,S1,H3,grapple_skidder,5,778.104169,24.0,0.0,0.0,0,0,24.0,1.0,0.0,0,0.0
9,S1,H7,loader,5,687.364703,24.0,0.0,53.48,0,0,24.0,1.0,0.0,0,0.0
10,S1,H1,feller_buncher,5,1299.478592,24.0,0.0,0.0,0,0,24.0,1.0,0.0,0,0.0
10,S1,H2,feller_buncher,5,860.013242,24.0,0.0,54.44,0,0,24.0,1.0,0.0,0,0.0
10,S1,H3,grapple_skidder,5,739.620424,24.0,0.0,53.48,0,0,24.0,1.0,0.0,0,0.0
10,S1,H4,processor,5,517.165642,24.0,0.0,0.0,0,0,24.0,1.0,0.0,0,0.0
10,S1,H5,processor,5,401.30006859062985,20.533560412946297,3.466439587053703,53.24,0,0,24.0,0.8555650172060957,3.466439587053702,1,0.0
11,S1,H1,feller_buncher,5,1299.478592,24.0,0.0,0.0,0,0,24.0,1.0,0.0,0,0.0
11,S1,H2,feller_buncher,5,59.00278800000001,24.0,0.0,0.0,0,0,24.0,1.0,0.0,0,0.0
11,S1,H3,grapple_skidder,5,778.104169,24.0,0.0,53.48,0,0,24.0,1.0,0.0,0,0.0
11,S1,H4,processor,5,481.329283,24.0,0.0,54.68,0,0,24.0,1.0,0.0,0,0.0
11,S1,H7,loader,5,687.364703,24.0,0.0,0.0,0,0,24.0,1.0,0.0,0,0.0
12,S1,H1,feller_buncher,5,356.0085949999998,24.0,0.0,0.0,0,0,24.0,1.0,0.0,0,0.0
12,S1,H2,feller_buncher,5,674.603847,24.0,0.0,53.72,0,0,24.0,1.0,0.0,0,0.0
12,S1,H3,grapple_skidder,5,1332.369187,24.0,0.0,54.68,0,0,24.0,1.0,0.0,0,0.0
12,S1,H4,processor,5,280.6686277357178,24.0,0.0,54.68,1,0,24.0,1.0,0.0,0,0.0
12,S1,H7,loader,5,474.741639,24.0,0.0,54.2,0,0,24.0,1.0,0.0,0,0.0
12,S1,H8,loader,5,451.958924,24.0,0.0,0.0,0,0,24.0,1.0,0.0,0,0.0
13,S1,H1,feller_buncher,5,1164.04956,24.0,0.0,53.72,0,0,24.0,1.0,0.0,0,0.0
13,S1,H2,feller_buncher,5,1194.708925,24.0,0.0,53.96,0,0,24.0,1.0,0.0,0,0.0
13,S1,H3,grapple_skidder,5,809.624168,24.0,0.0,54.92,0,0,24.0,1.0,0.0,0,0.0
13,S1,H4,processor,5,531.895933,24.0,0.0,53.48,0,0,24.0,1.0,0.0,0,0.0
13,S1,H7,loader,5,380.02248896251024,24.0,0.0,54.2,1,0,24.0,1.0,0.0,0,0.0
14,S1,H1,feller_buncher,5,1176.844281,24.0,0.0,54.2,0,0,24.0,1.0,0.0,0,0.0
14,S1,H2,feller_buncher,5,1194.708925,24.0,0.0,0.0,0,0,24.0,1.0,0.0,0,0.0
14,S1,H3,grapple_skidder,5,778.104169,24.0,0.0,53.24,0,0,24.0,1.0,0.0,0,0.0
14,S1,H4,processor,5,531.895933,24.0,0.0,0.0,0,0,24.0,1.0,0.0,0,0.0
14,S1,H5,processor,5,303.2693533477088,17.767497926342138,6.232502073657862,53.24,0,0,24.0,0.740312413597589,6.232502073657864,1,0.0
15,S1,H1,feller_buncher,5,1176.844281,24.0,0.0,0.0,0,0,24.0,1.0,0.0,0,0.0
15,S1,H2,feller_buncher,5,1164.04956,24.0,0.0,54.92,0,0,24.0,1.0,0.0,0,0.0
15,S1,H3,grapple_skidder,5,923.199854,24.0,0.0,53.24,0,0,24.0,1.0,0.0,0,0.0
15,S1,H4,processor,5,409.650504,24.0,0.0,54.92,0,0,24.0,1.0,0.0,0,0.0
15,S1,H7,loader,5,802.411354,24.0,0.0,53.48,0,0,24.0,1.0,0.0,0,0.0
16,S1,H1,feller_buncher,5,111.30773800000088,24.0,0.0,0.0,0,0,24.0,1.0,0.0,0,0.0
16,S1,H2,feller_buncher,5,502.7667789999996,24.0,0.0,0.0,0,0,24.0,1.0,0.0,0,0.0
16,S1,H3,grapple_skidder,5,1480.641393,24.0,0.0,54.68,0,0,24.0,1.0,0.0,0,0.0
16,S1,H4,processor,5,531.895933,24.0,0.0,54.92,0,0,24.0,1.0,0.0,0,0.0
16,S1,H5,processor,5,395.784917,24.0,0.0,53.48,0,0,24.0,1.0,0.0,0,0.0
16,S1,H7,loader,5,424.433991,24.0,0.0,54.92,0,0,24.0,1.0,0.0,0,0.0
17,S1,H1,feller_buncher,5,576.960683,24.0,0.0,53.72,0,0,24.0,1.0,0.0,0,0.0
17,S1,H2,feller_buncher,5,787.363583,24.0,0.0,54.44,0,0,24.0,1.0,0.0,0,0.0
17,S1,H3,grapple_skidder,5,674.603847,24.0,0.0,53.96,0,0,24.0,1.0,0.0,0,0.0
17,S1,H4,processor,5,569.826226,24.0,0.0,53.24,0,0,24.0,1.0,0.0,0,0.0
17,S1,H5,processor,5,395.784917,24.0,0.0,0.0,0,0,24.0,1.0,0.0,0,0.0
17,S1,H6,processor,5,469.046841,24.0,0.0,0.0,0,0,24.0,1.0,0.0,0,0.0
17,S1,H7,loader,5,424.433991,24.0,0.0,0.0,0,0,24.0,1.0,0.0,0,0.0
17,S1,H8,loader,5,802.411354,24.0,0.0,55.16,0,0,24.0,1.0,0.0,0,0.0
18,S1,H1,feller_buncher,5,1220.906942,24.0,0.0,54.2,0,0,24.0,1.0,0.0,0,0.0
18,S1,H2,feller_buncher,5,486.3476200000001,24.0,0.0,0.0,0,0,24.0,1.0,0.0,0,0.0
18,S1,H3,grapple_skidder,5,1164.728216,24.0,0.0,53.24,0,0,24.0,1.0,0.0,0,0.0
18,S1,H4,processor,5,569.826226,24.0,0.0,0.0,0,0,24.0,1.0,0.0,0,0.0
18,S1,H5,processor,5,456.082335,24.0,0.0,53.72,0,0,24.0,1.0,0.0,0,0.0
18,S1,H7,loader,5,474.741639,24.0,0.0,53.24,0,0,24.0,1.0,0.0,0,0.0
18,S1,H8,loader,5,347.7977615707883,18.27605639693562,5.723943603064381,54.44,0,0,24.0,0.7615023498723175,5.723943603064381,1,0.0
19,S1,H1,feller_buncher,5,1013.0077249999999,24.0,0.0,0.0,0,0,24.0,1.0,0.0,0,0.0
19,S1,H2,feller_buncher,5,492.3251990226679,17.370873550963392,6.629126449036608,53.72,0,0,24.0,0.723786397956808,6.629126449036608,1,0.0
19,S1,H3,grapple_skidder,5,1273.711203,24.0,0.0,53.24,0,0,24.0,1.0,0.0,0,0.0
19,S1,H4,processor,5,517.165642,24.0,0.0,53.72,0,0,24.0,1.0,0.0,0,0.0
19,S1,H5,processor,5,162.5347580610741,17.851030581674625,6.148969418325375,0.0,0,0,24.0,0.7437929409031093,6.148969418325375,1,0.0
19,S1,H6,processor,5,469.046841,24.0,0.0,0.0,0,0,24.0,1.0,0.0,0,0.0
19,S1,H7,loader,5,937.184825,24.0,0.0,54.92,0,0,24.0,1.0,0.0,0,0.0
20,S1,H1,feller_buncher,5,1194.708925,24.0,0.0,53.24,0,0,24.0,1.0,0.0,0,0.0
20,S1,H2,feller_buncher,5,364.89843800000006,24.0,0.0,0.0,0,0,24.0,1.0,0.0,0,0.0
20,S1,H3,grapple_skidder,5,1332.369187,24.0,0.0,53.24,0,0,24.0,1.0,0.0,0,0.0
20,S1,H4,processor,5,517.165642,24.0,0.0,0.0,0,0,24.0,1.0,0.0,0,0.0
20,S1,H5,processor,5,469.046841,24.0,0.0,53.96,0,0,24.0,1.0,0.0,0,0.0
20,S1,H6,processor,5,441.264891,24.0,0.0,54.44,0,0,24.0,1.0,0.0,0,0.0
20,S1,H7,loader,5,618.6170930610741,24.0,0.0,53.96,1,0,24.0,1.0,0.0,0,0.0
21,S1,H3,grapple_skidder,5,739.620424,24.0,0.0,55.16,0,0,24.0,1.0,0.0,0,0.0
21,S1,H4,processor,5,531.895933,24.0,0.0,53.48,0,0,24.0,1.0,0.0,0,0.0
21,S1,H5,processor,5,469.046841,24.0,0.0,0.0,0,0,24.0,1.0,0.0,0,0.0
21,S1,H6,processor,5,441.264891,24.0,0.0,0.0,0,0,24.0,1.0,0.0,0,0.0
21,S1,H7,loader,5,687.364703,24.0,0.0,53.24,0,0,24.0,1.0,0.0,0,0.0
22,S1,H3,grapple_skidder,5,1480.641393,24.0,0.0,55.4,0,0,24.0,1.0,0.0,0,0.0
22,S1,H4,processor,5,531.895933,24.0,0.0,0.0,0,0,24.0,1.0,0.0,0,0.0
22,S1,H5,processor,5,481.329283,24.0,0.0,53.48,0,0,24.0,1.0,0.0,0,0.0
22,S1,H6,processor,5,469.046841,24.0,0.0,54.44,0,0,24.0,1.0,0.0,0,0.0
22,S1,H7,loader,5,733.483855,24.0,0.0,53.24,0,0,24.0,1.0,0.0,0,0.0
23,S1,H3,grapple_skidder,5,1164.728216,24.0,0.0,53.72,0,0,24.0,1.0,0.0,0,0.0
23,S1,H4,processor,5,569.826226,24.0,0.0,53.24,0,0,24.0,1.0,0.0,0,0.0
23,S1,H5,processor,5,481.329283,24.0,0.0,0.0,0,0,24.0,1.0,0.0,0,0.0
23,S1,H6,processor,5,469.046841,24.0,0.0,0.0,0,0,24.0,1.0,0.0,0,0.0
23,S1,H7,loader,5,802.411354,24.0,0.0,53.24,0,0,24.0,1.0,0.0,0,0.0
24,S1,H3,grapple_skidder,5,739.620424,24.0,0.0,54.68,0,0,24.0,1.0,0.0,0,0.0
24,S1,H4,processor,5,569.826226,24.0,0.0,0.0,0,0,24.0,1.0,0.0,0,0.0
24,S1,H5,processor,5,517.165642,24.0,0.0,54.68,0,0,24.0,1.0,0.0,0,0.0
24,S1,H6,processor,5,391.18142100000006,24.0,0.0,54.44,0,0,24.0,1.0,0.0,0,0.0
24,S1,H7,loader,5,474.741639,24.0,0.0,54.68,0,0,24.0,1.0,0.0,0,0.0
25,S1,H3,grapple_skidder,5,1332.369187,24.0,0.0,55.16,0,0,24.0,1.0,0.0,0,0.0
25,S1,H4,processor,5,481.329283,24.0,0.0,55.4,0,0,24.0,1.0,0.0,0,0.0
25,S1,H5,processor,5,517.165642,24.0,0.0,0.0,0,0,24.0,1.0,0.0,0,0.0
25,S1,H7,loader,5,474.741639,24.0,0.0,0.0,0,0,24.0,1.0,0.0,0,0.0
25,S1,H8,loader,5,540.2273480000001,24.0,0.0,54.2,0,0,24.0,1.0,0.0,0,0.0
25,S1,H9,loader,5,937.184825,24.0,0.0,0.0,0,0,24.0,1.0,0.0,0,0.0
26,S1,H3,grapple_skidder,5,778.104169,24.0,0.0,54.68,0,0,24.0,1.0,0.0,0,0.0
26,S1,H4,processor,5,569.826226,24.0,0.0,55.4,0,0,24.0,1.0,0.0,0,0.0
26,S1,H5,processor,5,531.895933,24.0,0.0,53.48,0,0,24.0,1.0,0.0,0,0.0
26,S1,H7,loader,5,687.364703,24.0,0.0,54.2,0,0,24.0,1.0,0.0,0,0.0
26,S1,H8,loader,5,451.958924,24.0,0.0,54.92,0,0,24.0,1.0,0.0,0,0.0
27,S1,H3,grapple_skidder,5,135.53986800000075,24.0,0.0,54.2,1,0,24.0,1.0,0.0,0,0.0
27,S1,H4,processor,5,436.2484355790225,22.321784390605334,1.678215609394666,54.92,0,0,24.0,0.9300743496085556,1.678215609394667,1,0.0
27,S1,H5,processor,5,427.30804165375645,19.280826122974236,4.719173877025764,0.0,0,0,24.0,0.8033677551239266,4.719173877025763,1,0.0
27,S1,H7,loader,5,937.184825,24.0,0.0,53.72,0,0,24.0,1.0,0.0,0,0.0
27,S1,H8,loader,5,451.958924,24.0,0.0,0.0,0,0,24.0,1.0,0.0,0,0.0
28,S1,H1,feller_buncher,5,836.2962474999999,24.0,0.0,0.0,0,0,24.0,1.0,0.0,0,0.3
28,S1,H3,grapple_skidder,5,731.5744106999999,24.0,0.0,53.48,0,0,24.0,1.0,0.0,0,0.3
28,S1,H4,processor,5,362.0159494,24.0,0.0,54.2,0,0,24.0,1.0,0.0,0,0.3
28,S1,H7,loader,5,561.6879478,24.0,0.0,53.24,0,0,24.0,1.0,0.0,0,0.3
28,S1,H8,loader,5,224.12685253104863,21.241497492552057,2.7585025074479432,53.48,0,0,24.0,0.8850623955230024,2.7585025074479432,1,0.3
28,S1,H9,loader,5,316.3712468,24.0,0.0,55.4,0,0,24.0,1.0,0.0,0,0.3
29,S1,H3,grapple_skidder,5,517.7342967999999,24.0,0.0,54.2,0,0,24.0,1.0,0.0,0,0.3
29,S1,H4,processor,5,301.63516739999994,24.0,0.0,53.48,0,0,24.0,1.0,0.0,0,0.3
29,S1,H5,processor,5,372.3271531,24.0,0.0,0.0,0,0,24.0,1.0,0.0,0,0.3
29,S1,H7,loader,5,481.15529209999994,24.0,0.0,53.48,0,0,24.0,1.0,0.0,0,0.3
29,S1,H8,loader,5,332.3191473,24.0,0.0,0.0,0,0,24.0,1.0,0.0,0,0.3
30,S1,H3,grapple_skidder,5,1459.1402364999997,24.0,0.0,55.4,1,0,24.0,1.0,0.0,0,0.0
30,S1,H4,processor,5,34.3177826000005,24.0,0.0,53.48,1,0,24.0,1.0,0.0,0,0.0
30,S1,H5,processor,5,481.329283,24.0,0.0,55.16,0,0,24.0,1.0,0.0,0,0.0
30,S1,H6,processor,5,228.76089325093199,24.0,0.0,53.72,0,0,24.0,1.0,0.0,0,0.0
30,S1,H7,loader,5,802.411354,24.0,0.0,53.48,0,0,24.0,1.0,0.0,0,0.0
30,S1,H8,loader,5,232.0555864310016,24.0,0.0,0.0,0,0,24.0,1.0,0.0,0,0.0
31,S1,H3,grapple_skidder,5,567.1587449999993,24.0,0.0,53.24,0,0,24.0,1.0,0.0,0,0.0
31,S1,H4,processor,5,569.826226,24.0,0.0,53.72,0,0,24.0,1.0,0.0,0,0.0
31,S1,H5,processor,5,329.9491537999998,24.0,0.0,0.0,1,0,24.0,1.0,0.0,0,0.0
31,S1,H6,processor,5,183.29153700000006,24.0,0.0,0.0,0,0,24.0,1.0,0.0,0,0.0
31,S1,H7,loader,5,596.3223002264448,20.821166904513973,3.178833095486027,53.48,0,0,24.0,0.8675486210214155,3.178833095486029,1,0.0
31,S1,H8,loader,5,474.741639,24.0,0.0,0.0,0,0,24.0,1.0,0.0,0,0.0
32,S1,H3,grapple_skidder,5,778.104169,24.0,0.0,54.68,0,0,24.0,1.0,0.0,0,0.0
32,S1,H4,processor,5,569.826226,24.0,0.0,0.0,0,0,24.0,1.0,0.0,0,0.0
32,S1,H5,processor,5,531.895933,24.0,0.0,55.16,0,0,24.0,1.0,0.0,0,0.0
32,S1,H7,loader,5,7.131940999999415,24.0,0.0,0.0,1,0,24.0,1.0,0.0,0,0.0
32,S1,H8,loader,5,558.398094,24.0,0.0,53.72,0,0,24.0,1.0,0.0,0,0.0
32,S1,H9,loader,5,451.958924,24.0,0.0,0.0,0,0,24.0,1.0,0.0,0,0.0
33,S1,H3,grapple_skidder,5,576.960683,24.0,0.0,53.48,0,0,24.0,1.0,0.0,0,0.0
33,S1,H4,processor,5,45.780229999999165,24.0,0.0,53.24,0,0,24.0,1.0,0.0,0,0.0
33,S1,H5,processor,5,469.046841,24.0,0.0,54.68,0,0,24.0,1.0,0.0,0,0.0
33,S1,H7,loader,5,937.184825,24.0,0.0,53.72,0,0,24.0,1.0,0.0,0,0.0
33,S1,H8,loader,5,155.28950365093203,24.0,0.0,0.0,1,0,24.0,1.0,0.0,0,0.0
33,S1,H9,loader,5,451.958924,24.0,0.0,0.0,0,0,24.0,1.0,0.0,0,0.0
34,S1,H1,feller_buncher,5,77.34838086624517,24.0,0.0,0.0,0,0,24.0,1.0,0.0,0,0.0
34,S1,H3,grapple_skidder,5,360.7040227487796,24.0,0.0,53.72,1,0,24.0,1.0,0.0,0,0.0
34,S1,H4,processor,5,428.751305,24.0,0.0,54.2,0,0,24.0,1.0,0.0,0,0.0
34,S1,H5,processor,5,469.046841,24.0,0.0,0.0,0,0,24.0,1.0,0.0,0,0.0
34,S1,H7,loader,5,802.411354,24.0,0.0,53.24,0,0,24.0,1.0,0.0,0,0.0
35,S1,H3,grapple_skidder,5,77.34838086624517,18.836770200421977,5.163229799578023,55.16,1,0,24.0,0.7848654250175824,5.163229799578023,1,0.0
35,S1,H4,processor,5,148.20937800000002,24.0,0.0,0.0,0,0,24.0,1.0,0.0,0,0.0
35,S1,H5,processor,5,409.650504,24.0,0.0,53.24,0,0,24.0,1.0,0.0,0,0.0
35,S1,H7,loader,5,61.75731750249133,24.0,0.0,0.0,1,0,24.0,1.0,0.0,0,0.0
35,S1,H8,loader,5,474.741639,24.0,0.0,53.72,0,0,24.0,1.0,0.0,0,0.0
36,S1,H3,grapple_skidder,5,855.829418,24.0,0.0,54.68,0,0,24.0,1.0,0.0,0,0.0
36,S1,H4,processor,5,508.98782136624504,24.0,0.0,54.44,1,0,24.0,1.0,0.0,0,0.0
36,S1,H5,processor,5,395.15367800000007,24.0,0.0,0.0,0,0,24.0,1.0,0.0,0,0.0
36,S1,H7,loader,5,478.7917882237765,20.810862228812127,3.1891377711878732,54.2,0,0,24.0,0.8671192595338386,3.189137771187874,1,0.0
36,S1,H8,loader,5,474.741639,24.0,0.0,0.0,0,0,24.0,1.0,0.0,0,0.0
37,S1,H3,grapple_skidder,5,273.35651310000037,24.0,0.0,53.72,1,0,24.0,1.0,0.0,0,0.0
37,S1,H4,processor,5,0.0,24.0,0.0,0.0,1,0,24.0,1.0,0.0,0,0.0
37,S1,H5,processor,5,395.784917,24.0,0.0,53.48,0,0,24.0,1.0,0.0,0,0.0
37,S1,H7,loader,5,24.796971999999982,24.0,0.0,0.0,0,0,24.0,1.0,0.0,0,0.0
37,S1,H8,loader,5,302.05662612395633,24.0,0.0,53.24,0,0,24.0,1.0,0.0,0,0.0
38,S1,H3,grapple_skidder,5,527.0705279999997,24.0,0.0,53.48,1,0,24.0,1.0,0.0,0,0.3
38,S1,H4,processor,5,273.35651310000037,24.0,0.0,55.4,1,0,24.0,1.0,0.0,0,0.3
38,S1,H5,processor,5,277.0494419,24.0,0.0,0.0,0,0,24.0,1.0,0.0,0,0.3
38,S1,H7,loader,5,656.0293775,24.0,0.0,54.44,0,0,24.0,1.0,0.0,0,0.3
38,S1,H8,loader,5,297.1037937,24.0,0.0,0.0,0,0,24.0,1.0,0.0,0,0.3
39,S1,H3,grapple_skidder,5,678.968019,24.0,0.0,53.72,0,0,24.0,1.0,0.0,0,0.0
39,S1,H4,processor,5,469.046841,24.0,0.0,53.48,0,0,24.0,1.0,0.0,0,0.0
39,S1,H5,processor,5,195.88960400000013,24.0,0.0,0.0,0,0,24.0,1.0,0.0,0,0.0
39,S1,H7,loader,5,93.0027258662451,24.0,0.0,0.0,1,0,24.0,1.0,0.0,0,0.0
39,S1,H8,loader,5,336.0197300000002,24.0,0.0,0.0,0,0,24.0,1.0,0.0,0,0.0
39,S1,H9,loader,5,433.7862150999998,24.0,0.0,0.0,1,0,24.0,1.0,0.0,0,0.0
40,S1,H4,processor,5,547.23705,24.0,0.0,53.72,0,0,24.0,1.0,0.0,0,0.0
40,S1,H7,loader,5,474.741639,24.0,0.0,54.92,0,0,24.0,1.0,0.0,0,0.0
40,S1,H8,loader,5,456.725789,24.0,0.0,53.48,0,0,24.0,1.0,0.0,0,0.0
40,S1,H9,loader,5,0.0,24.0,0.0,0.0,1,0,24.0,1.0,0.0,0,0.0
41,S1,H4,processor,5,445.7827968303485,24.0,0.0,53.72,1,0,24.0,1.0,0.0,0,0.0
41,S1,H7,loader,5,375.72820892921163,18.559922398767256,5.440077601232744,53.72,0,0,24.0,0.7733300999486357,5.440077601232746,1,0.0
41,S1,H8,loader,5,456.725789,24.0,0.0,0.0,0,0,24.0,1.0,0.0,0,0.0
42,S1,H3,grapple_skidder,5,678.968019,24.0,0.0,0.0,0,0,24.0,1.0,0.0,0,0.0
42,S1,H7,loader,5,474.741639,24.0,0.0,53.72,0,0,24.0,1.0,0.0,0,0.0
42,S1,H8,loader,5,399.04445732921187,24.0,0.0,0.0,1,0,24.0,1.0,0.0,0,0.0
1,S1,H1,feller_buncher,6,1220.906942,24.0,0.0,0.0,0,0,24.0,1.0,0.0,0,0.0
1,S1,H2,feller_buncher,6,1299.478592,24.0,0.0,0.0,0,0,24.0,1.0,0.0,0,0.0
2,S1,H1,feller_buncher,6,1220.906942,24.0,0.0,0.0,0,0,24.0,1.0,0.0,0,0.0
2,S1,H2,feller_buncher,6,1164.04956,24.0,0.0,53.72,0,0,24.0,1.0,0.0,0,0.0
2,S1,H3,grapple_skidder,6,678.968019,24.0,0.0,0.0,0,0,24.0,1.0,0.0,0,0.0
3,S1,H1,feller_buncher,6,1176.844281,24.0,0.0,53.48,0,0,24.0,1.0,0.0,0,0.0
3,S1,H2,feller_buncher,6,888.796776,24.0,0.0,53.24,0,0,24.0,1.0,0.0,0,0.0
3,S1,H3,grapple_skidder,6,778.104169,24.0,0.0,53.72,0,0,24.0,1.0,0.0,0,0.0
3,S1,H4,processor,6,547.23705,24.0,0.0,0.0,0,0,24.0,1.0,0.0,0,0.0
4,S1,H1,feller_buncher,6,1176.844281,24.0,0.0,0.0,0,0,24.0,1.0,0.0,0,0.0
4,S1,H2,feller_buncher,6,888.796776,24.0,0.0,0.0,0,0,24.0,1.0,0.0,0,0.0
4,S1,H3,grapple_skidder,6,1332.369187,24.0,0.0,54.68,0,0,24.0,1.0,0.0,0,0.0
4,S1,H4,processor,6,369.4072053681691,18.901679222344576,5.098320777655424,53.72,0,0,24.0,0.7875699675976907,5.098320777655425,1,0.0
4,S1,H7,loader,6,485.857474,24.0,0.0,0.0,0,0,24.0,1.0,0.0,0,0.0
5,S1,H1,feller_buncher,6,629.1873823959072,24.0,0.0,54.2,0,0,24.0,1.0,0.0,0,0.0
5,S1,H2,feller_buncher,6,961.553907,24.0,0.0,53.24,0,0,24.0,1.0,0.0,0,0.0
5,S1,H3,grapple_skidder,6,1164.728216,24.0,0.0,53.48,0,0,24.0,1.0,0.0,0,0.0
5,S1,H4,processor,6,531.895933,24.0,0.0,54.68,0,0,24.0,1.0,0.0,0,0.0
6,S1,H1,feller_buncher,6,179.31349939999984,24.0,0.0,53.24,0,0,24.0,1.0,0.0,0,0.3
6,S1,H2,feller_buncher,6,673.0877349,24.0,0.0,0.0,0,0,24.0,1.0,0.0,0,0.3
6,S1,H3,grapple_skidder,6,815.3097511999999,24.0,0.0,0.0,0,0,24.0,1.0,0.0,0,0.3
6,S1,H4,processor,6,372.3271531,24.0,0.0,0.0,0,0,24.0,1.0,0.0,0,0.3
7,S1,H1,feller_buncher,6,814.8346919999999,24.0,0.0,53.24,0,0,24.0,1.0,0.0,0,0.3
7,S1,H2,feller_buncher,6,673.0877349,24.0,0.0,0.0,0,0,24.0,1.0,0.0,0,0.3
7,S1,H3,grapple_skidder,6,566.7369176,24.0,0.0,54.44,0,0,24.0,1.0,0.0,0,0.3
7,S1,H4,processor,6,362.0159494,24.0,0.0,53.48,0,0,24.0,1.0,0.0,0,0.3
7,S1,H7,loader,6,561.6879478,24.0,0.0,55.4,0,0,24.0,1.0,0.0,0,0.3
8,S1,H1,feller_buncher,6,860.013242,24.0,0.0,53.24,0,0,24.0,1.0,0.0,0,0.0
8,S1,H2,feller_buncher,6,413.7565330000002,24.0,0.0,0.0,0,0,24.0,1.0,0.0,0,0.0
8,S1,H3,grapple_skidder,6,778.104169,24.0,0.0,53.24,0,0,24.0,1.0,0.0,0,0.0
8,S1,H4,processor,6,517.165642,24.0,0.0,0.0,0,0,24.0,1.0,0.0,0,0.0
8,S1,H5,processor,6,409.650504,24.0,0.0,0.0,0,0,24.0,1.0,0.0,0,0.0
9,S1,H1,feller_buncher,6,1299.478592,24.0,0.0,53.96,0,0,24.0,1.0,0.0,0,0.0
9,S1,H2,feller_buncher,6,548.8859362250224,24.0,0.0,55.16,0,0,24.0,1.0,0.0,0,0.0
9,S1,H3,grapple_skidder,6,778.104169,24.0,0.0,0.0,0,0,24.0,1.0,0.0,0,0.0
9,S1,H7,loader,6,687.364703,24.0,0.0,53.48,0,0,24.0,1.0,0.0,0,0.0
10,S1,H1,feller_buncher,6,1299.478592,24.0,0.0,0.0,0,0,24.0,1.0,0.0,0,0.0
10,S1,H2,feller_buncher,6,860.013242,24.0,0.0,54.44,0,0,24.0,1.0,0.0,0,0.0
10,S1,H3,grapple_skidder,6,739.620424,24.0,0.0,53.48,0,0,24.0,1.0,0.0,0,0.0
10,S1,H4,processor,6,517.165642,24.0,0.0,0.0,0,0,24.0,1.0,0.0,0,0.0
10,S1,H5,processor,6,469.046841,24.0,0.0,53.24,0,0,24.0,1.0,0.0,0,0.0
11,S1,H1,feller_buncher,6,1299.478592,24.0,0.0,0.0,0,0,24.0,1.0,0.0,0,0.0
11,S1,H2,feller_buncher,6,59.00278800000001,24.0,0.0,0.0,0,0,24.0,1.0,0.0,0,0.0
11,S1,H3,grapple_skidder,6,273.75912739590717,24.0,0.0,53.48,1,0,24.0,1.0,0.0,0,0.0
11,S1,H4,processor,6,481.329283,24.0,0.0,54.68,0,0,24.0,1.0,0.0,0,0.0
11,S1,H7,loader,6,687.364703,24.0,0.0,0.0,0,0,24.0,1.0,0.0,0,0.0
12,S1,H1,feller_buncher,6,356.0085949999998,24.0,0.0,0.0,0,0,24.0,1.0,0.0,0,0.0
12,S1,H2,feller_buncher,6,674.603847,24.0,0.0,53.72,0,0,24.0,1.0,0.0,0,0.0
12,S1,H3,grapple_skidder,6,1332.369187,24.0,0.0,54.68,0,0,24.0,1.0,0.0,0,0.0
12,S1,H4,processor,6,517.165642,24.0,0.0,54.68,0,0,24.0,1.0,0.0,0,0.0
12,S1,H7,loader,6,474.741639,24.0,0.0,54.2,0,0,24.0,1.0,0.0,0,0.0
12,S1,H8,loader,6,451.958924,24.0,0.0,0.0,0,0,24.0,1.0,0.0,0,0.0
13,S1,H1,feller_buncher,6,1164.04956,24.0,0.0,53.72,0,0,24.0,1.0,0.0,0,0.0
13,S1,H2,feller_buncher,6,1194.708925,24.0,0.0,53.96,0,0,24.0,1.0,0.0,0,0.0
13,S1,H3,grapple_skidder,6,809.624168,24.0,0.0,54.92,0,0,24.0,1.0,0.0,0,0.0
13,S1,H4,processor,6,531.895933,24.0,0.0,53.48,0,0,24.0,1.0,0.0,0,0.0
13,S1,H7,loader,6,365.9301761033001,24.0,0.0,54.2,0,0,24.0,1.0,0.0,0,0.0
14,S1,H1,feller_buncher,6,1176.844281,24.0,0.0,54.2,0,0,24.0,1.0,0.0,0,0.0
14,S1,H2,feller_buncher,6,1194.708925,24.0,0.0,0.0,0,0,24.0,1.0,0.0,0,0.0
14,S1,H3,grapple_skidder,6,778.104169,24.0,0.0,53.24,0,0,24.0,1.0,0.0,0,0.0
14,S1,H4,processor,6,531.895933,24.0,0.0,0.0,0,0,24.0,1.0,0.0,0,0.0
14,S1,H5,processor,6,409.650504,24.0,0.0,53.24,0,0,24.0,1.0,0.0,0,0.0
15,S1,H1,feller_buncher,6,1176.844281,24.0,0.0,0.0,0,0,24.0,1.0,0.0,0,0.0
15,S1,H2,feller_buncher,6,1043.5633639319537,21.515854302944707,2.4841456970552933,54.92,0,0,24.0,0.8964939292893628,2.484145697055292,1,0.0
15,S1,H3,grapple_skidder,6,923.199854,24.0,0.0,53.24,0,0,24.0,1.0,0.0,0,0.0
15,S1,H4,processor,6,409.650504,24.0,0.0,54.92,0,0,24.0,1.0,0.0,0,0.0
15,S1,H7,loader,6,802.411354,24.0,0.0,53.48,0,0,24.0,1.0,0.0,0,0.0
16,S1,H1,feller_buncher,6,111.30773800000088,24.0,0.0,0.0,0,0,24.0,1.0,0.0,0,0.0
16,S1,H2,feller_buncher,6,502.7667789999996,24.0,0.0,0.0,0,0,24.0,1.0,0.0,0,0.0
16,S1,H3,grapple_skidder,6,1480.641393,24.0,0.0,54.68,0,0,24.0,1.0,0.0,0,0.0
16,S1,H4,processor,6,531.895933,24.0,0.0,54.92,0,0,24.0,1.0,0.0,0,0.0
16,S1,H5,processor,6,395.784917,24.0,0.0,53.48,0,0,24.0,1.0,0.0,0,0.0
16,S1,H7,loader,6,424.433991,24.0,0.0,54.92,0,0,24.0,1.0,0.0,0,0.0
17,S1,H1,feller_buncher,6,576.960683,24.0,0.0,53.72,0,0,24.0,1.0,0.0,0,0.0
17,S1,H2,feller_buncher,6,787.363583,24.0,0.0,54.44,0,0,24.0,1.0,0.0,0,0.0
17,S1,H3,grapple_skidder,6,674.603847,24.0,0.0,53.96,0,0,24.0,1.0,0.0,0,0.0
17,S1,H4,processor,6,569.826226,24.0,0.0,53.24,0,0,24.0,1.0,0.0,0,0.0
17,S1,H5,processor,6,395.784917,24.0,0.0,0.0,0,0,24.0,1.0,0.0,0,0.0
17,S1,H6,processor,6,469.046841,24.0,0.0,0.0,0,0,24.0,1.0,0.0,0,0.0
17,S1,H7,loader,6,424.433991,24.0,0.0,0.0,0,0,24.0,1.0,0.0,0,0.0
17,S1,H8,loader,6,326.32120105521767,24.0,0.0,55.16,0,0,24.0,1.0,0.0,0,0.0
18,S1,H1,feller_buncher,6,854.6348594,24.0,0.0,54.2,0,0,24.0,1.0,0.0,0,0.3
18,S1,H2,feller_buncher,6,340.44333400000005,24.0,0.0,0.0,0,0,24.0,1.0,0.0,0,0.3
18,S1,H3,grapple_skidder,6,815.3097511999999,24.0,0.0,53.24,0,0,24.0,1.0,0.0,0,0.3
18,S1,H4,processor,6,398.8783582,24.0,0.0,0.0,0,0,24.0,1.0,0.0,0,0.3
18,S1,H5,processor,6,319.2576345,24.0,0.0,53.72,0,0,24.0,1.0,0.0,0,0.3
18,S1,H7,loader,6,332.3191473,24.0,0.0,53.24,0,0,24.0,1.0,0.0,0,0.3
18,S1,H8,loader,6,319.7080523,24.0,0.0,54.44,0,0,24.0,1.0,0.0,0,0.3
19,S1,H1,feller_buncher,6,1013.0077249999999,24.0,0.0,0.0,0,0,24.0,1.0,0.0,0,0.0
19,S1,H2,feller_buncher,6,680.207863,24.0,0.0,53.72,0,0,24.0,1.0,0.0,0,0.0
19,S1,H3,grapple_skidder,6,1127.8069169999999,24.0,0.0,53.24,1,0,24.0,1.0,0.0,0,0.0
19,S1,H4,processor,6,517.165642,24.0,0.0,53.72,0,0,24.0,1.0,0.0,0,0.0
19,S1,H5,processor,6,115.87894009277002,24.0,0.0,0.0,0,0,24.0,1.0,0.0,0,0.0
19,S1,H6,processor,6,469.046841,24.0,0.0,0.0,0,0,24.0,1.0,0.0,0,0.0
19,S1,H7,loader,6,566.3218466156432,20.378412615806116,3.6215873841938837,54.92,0,0,24.0,0.8491005256585882,3.621587384193884,1,0.0
20,S1,H1,feller_buncher,6,1194.708925,24.0,0.0,53.24,0,0,24.0,1.0,0.0,0,0.0
20,S1,H2,feller_buncher,6,364.89843800000006,24.0,0.0,0.0,0,0,24.0,1.0,0.0,0,0.0
20,S1,H3,grapple_skidder,6,1332.369187,24.0,0.0,53.24,0,0,24.0,1.0,0.0,0,0.0
20,S1,H4,processor,6,364.6692009999998,24.0,0.0,0.0,1,0,24.0,1.0,0.0,0,0.0
20,S1,H5,processor,6,469.046841,24.0,0.0,53.96,0,0,24.0,1.0,0.0,0,0.0
20,S1,H6,processor,6,441.264891,24.0,0.0,54.44,0,0,24.0,1.0,0.0,0,0.0
20,S1,H7,loader,6,435.13657459277,24.0,0.0,53.96,1,0,24.0,1.0,0.0,0,0.0
21,S1,H3,grapple_skidder,6,739.620424,24.0,0.0,55.16,0,0,24.0,1.0,0.0,0,0.0
21,S1,H4,processor,6,274.6058649014136,24.0,0.0,53.48,0,0,24.0,1.0,0.0,0,0.0
21,S1,H5,processor,6,469.046841,24.0,0.0,0.0,0,0,24.0,1.0,0.0,0,0.0
21,S1,H6,processor,6,441.264891,24.0,0.0,0.0,0,0,24.0,1.0,0.0,0,0.0
21,S1,H7,loader,6,687.364703,24.0,0.0,53.24,0,0,24.0,1.0,0.0,0,0.0
22,S1,H3,grapple_skidder,6,1480.641393,24.0,0.0,55.4,0,0,24.0,1.0,0.0,0,0.0
22,S1,H4,processor,6,531.895933,24.0,0.0,0.0,0,0,24.0,1.0,0.0,0,0.0
22,S1,H5,processor,6,205.83218656012838,24.0,0.0,53.48,0,0,24.0,1.0,0.0,0,0.0
22,S1,H6,processor,6,384.9698732829147,19.697983551263174,4.3020164487368255,54.44,0,0,24.0,0.8207493146359656,4.3020164487368255,1,0.0
22,S1,H7,loader,6,393.8470356280595,24.0,0.0,53.24,0,0,24.0,1.0,0.0,0,0.0
23,S1,H3,grapple_skidder,6,1164.728216,24.0,0.0,53.72,0,0,24.0,1.0,0.0,0,0.0
23,S1,H4,processor,6,569.826226,24.0,0.0,53.24,0,0,24.0,1.0,0.0,0,0.0
23,S1,H5,processor,6,481.329283,24.0,0.0,0.0,0,0,24.0,1.0,0.0,0,0.0
23,S1,H6,processor,6,286.56451974482377,24.0,0.0,0.0,1,0,24.0,1.0,0.0,0,0.0
23,S1,H7,loader,6,802.411354,24.0,0.0,53.24,0,0,24.0,1.0,0.0,0,0.0
24,S1,H3,grapple_skidder,6,739.620424,24.0,0.0,54.68,0,0,24.0,1.0,0.0,0,0.0
24,S1,H4,processor,6,569.826226,24.0,0.0,0.0,0,0,24.0,1.0,0.0,0,0.0
24,S1,H5,processor,6,517.165642,24.0,0.0,54.68,0,0,24.0,1.0,0.0,0,0.0
24,S1,H6,processor,6,245.27713499999987,24.0,0.0,54.44,1,0,24.0,1.0,0.0,0,0.0
24,S1,H7,loader,6,474.741639,24.0,0.0,54.68,0,0,24.0,1.0,0.0,0,0.0
25,S1,H3,grapple_skidder,6,861.2348436250224,24.0,0.0,55.16,1,0,24.0,1.0,0.0,0,0.0
25,S1,H4,processor,6,481.329283,24.0,0.0,55.4,0,0,24.0,1.0,0.0,0,0.0
25,S1,H5,processor,6,517.165642,24.0,0.0,0.0,0,0,24.0,1.0,0.0,0,0.0
25,S1,H7,loader,6,474.741639,24.0,0.0,0.0,0,0,24.0,1.0,0.0,0,0.0
25,S1,H8,loader,6,168.58904663754566,18.096352631654156,5.903647368345844,54.2,0,0,24.0,0.7540146929855899,5.903647368345842,1,0.0
25,S1,H9,loader,6,937.184825,24.0,0.0,0.0,0,0,24.0,1.0,0.0,0,0.0
26,S1,H3,grapple_skidder,6,778.104169,24.0,0.0,54.68,0,0,24.0,1.0,0.0,0,0.0
26,S1,H4,processor,6,569.826226,24.0,0.0,55.4,0,0,24.0,1.0,0.0,0,0.0
26,S1,H5,processor,6,531.895933,24.0,0.0,53.48,0,0,24.0,1.0,0.0,0,0.0
26,S1,H7,loader,6,687.364703,24.0,0.0,54.2,0,0,24.0,1.0,0.0,0,0.0
26,S1,H8,loader,6,451.958924,24.0,0.0,54.92,0,0,24.0,1.0,0.0,0,0.0
27,S1,H3,grapple_skidder,6,159.77199800000017,24.0,0.0,54.2,0,0,24.0,1.0,0.0,0,0.0
27,S1,H4,processor,6,469.046841,24.0,0.0,54.92,0,0,24.0,1.0,0.0,0,0.0
27,S1,H5,processor,6,531.895933,24.0,0.0,0.0,0,0,24.0,1.0,0.0,0,0.0
27,S1,H7,loader,6,937.184825,24.0,0.0,53.72,0,0,24.0,1.0,0.0,0,0.0
27,S1,H8,loader,6,451.958924,24.0,0.0,0.0,0,0,24.0,1.0,0.0,0,0.0
28,S1,H1,feller_buncher,6,836.2962474999999,24.0,0.0,0.0,0,0,24.0,1.0,0.0,0,0.3
28,S1,H3,grapple_skidder,6,731.5744106999999,24.0,0.0,53.48,0,0,24.0,1.0,0.0,0,0.3
28,S1,H4,processor,6,290.16893000000005,24.0,0.0,54.2,1,0,24.0,1.0,0.0,0,0.3
28,S1,H7,loader,6,561.6879478,24.0,0.0,53.24,0,0,24.0,1.0,0.0,0,0.3
28,S1,H8,loader,6,332.3191473,24.0,0.0,53.48,0,0,24.0,1.0,0.0,0,0.3
28,S1,H9,loader,6,293.94326356012834,24.0,0.0,55.4,1,0,24.0,1.0,0.0,0,0.3
29,S1,H3,grapple_skidder,6,502.6246378000003,24.0,0.0,54.2,1,0,24.0,1.0,0.0,0,0.0
29,S1,H4,processor,6,430.907382,24.0,0.0,53.48,0,0,24.0,1.0,0.0,0,0.0
29,S1,H5,processor,6,488.13785562360863,24.0,0.0,0.0,1,0,24.0,1.0,0.0,0,0.0
29,S1,H7,loader,6,687.364703,24.0,0.0,53.48,0,0,24.0,1.0,0.0,0,0.0
29,S1,H8,loader,6,474.741639,24.0,0.0,0.0,0,0,24.0,1.0,0.0,0,0.0
30,S1,H3,grapple_skidder,6,1036.4489751,24.0,0.0,55.4,0,0,24.0,1.0,0.0,0,0.3
30,S1,H4,processor,6,0.0,19.69731952593375,4.30268047406625,53.48,1,0,24.0,0.8207216469139063,4.30268047406625,1,0.3
30,S1,H5,processor,6,336.93049809999997,24.0,0.0,55.16,0,0,24.0,1.0,0.0,0,0.3
30,S1,H6,processor,6,300.66702869999995,24.0,0.0,53.72,1,0,24.0,1.0,0.0,0,0.3
30,S1,H7,loader,6,561.6879478,24.0,0.0,53.48,0,0,24.0,1.0,0.0,0,0.3
30,S1,H8,loader,6,332.3191473,24.0,0.0,0.0,0,0,24.0,1.0,0.0,0,0.3
31,S1,H3,grapple_skidder,6,0.0,24.0,0.0,53.24,1,0,24.0,1.0,0.0,0,0.0
31,S1,H4,processor,6,569.826226,24.0,0.0,53.72,0,0,24.0,1.0,0.0,0,0.0
31,S1,H5,processor,6,481.329283,24.0,0.0,0.0,0,0,24.0,1.0,0.0,0,0.0
31,S1,H6,processor,6,0.0,24.0,0.0,0.0,1,0,24.0,1.0,0.0,0,0.0
31,S1,H7,loader,6,317.0942412967004,24.0,0.0,53.48,1,0,24.0,1.0,0.0,0,0.0
31,S1,H8,loader,6,474.741639,24.0,0.0,0.0,0,0,24.0,1.0,0.0,0,0.0
32,S1,H3,grapple_skidder,6,778.104169,24.0,0.0,54.68,0,0,24.0,1.0,0.0,0,0.0
32,S1,H4,processor,6,569.826226,24.0,0.0,0.0,0,0,24.0,1.0,0.0,0,0.0
32,S1,H5,processor,6,0.0,24.0,0.0,55.16,1,0,24.0,1.0,0.0,0,0.0
32,S1,H7,loader,6,0.0,24.0,0.0,0.0,1,0,24.0,1.0,0.0,0,0.0
32,S1,H8,loader,6,558.398094,24.0,0.0,53.72,0,0,24.0,1.0,0.0,0,0.0
32,S1,H9,loader,6,451.958924,24.0,0.0,0.0,0,0,24.0,1.0,0.0,0,0.0
33,S1,H3,grapple_skidder,6,576.960683,24.0,0.0,53.48,0,0,24.0,1.0,0.0,0,0.0
33,S1,H4,processor,6,0.0,24.0,0.0,53.24,1,0,24.0,1.0,0.0,0,0.0
33,S1,H5,processor,6,419.3231762611071,21.455759533122134,2.5442404668778664,54.68,0,0,24.0,0.8939899805467556,2.544240466877867,1,0.0
33,S1,H7,loader,6,937.184825,24.0,0.0,53.72,0,0,24.0,1.0,0.0,0,0.0
33,S1,H8,loader,6,173.17631669999992,24.0,0.0,0.0,1,0,24.0,1.0,0.0,0,0.0
33,S1,H9,loader,6,366.3008570999999,24.0,0.0,0.0,1,0,24.0,1.0,0.0,0,0.0
34,S1,H1,feller_buncher,6,140.55055100000027,24.0,0.0,0.0,0,0,24.0,1.0,0.0,0,0.0
34,S1,H3,grapple_skidder,6,414.50735799999984,24.0,0.0,53.72,0,0,24.0,1.0,0.0,0,0.0
34,S1,H4,processor,6,428.751305,24.0,0.0,54.2,0,0,24.0,1.0,0.0,0,0.0
34,S1,H5,processor,6,469.046841,24.0,0.0,0.0,0,0,24.0,1.0,0.0,0,0.0
34,S1,H7,loader,6,802.411354,24.0,0.0,53.24,0,0,24.0,1.0,0.0,0,0.0
35,S1,H3,grapple_skidder,6,477.4620719999998,24.0,0.0,55.16,0,0,24.0,1.0,0.0,0,0.0
35,S1,H4,processor,6,148.20937800000002,24.0,0.0,0.0,0,0,24.0,1.0,0.0,0,0.0
35,S1,H5,processor,6,409.650504,24.0,0.0,53.24,0,0,24.0,1.0,0.0,0,0.0
35,S1,H7,loader,6,279.7560149999996,24.0,0.0,0.0,0,0,24.0,1.0,0.0,0,0.0
35,S1,H8,loader,6,474.741639,24.0,0.0,53.72,0,0,24.0,1.0,0.0,0,0.0
36,S1,H3,grapple_skidder,6,855.829418,24.0,0.0,54.68,0,0,24.0,1.0,0.0,0,0.0
36,S1,H4,processor,6,569.826226,24.0,0.0,54.44,0,0,24.0,1.0,0.0,0,0.0
36,S1,H5,processor,6,152.2664276,24.0,0.0,0.0,1,0,24.0,1.0,0.0,0,0.0
36,S1,H7,loader,6,552.163711,24.0,0.0,54.2,0,0,24.0,1.0,0.0,0,0.0
36,S1,H8,loader,6,474.741639,24.0,0.0,0.0,0,0,24.0,1.0,0.0,0,0.0
37,S1,H3,grapple_skidder,6,0.0,24.0,0.0,53.72,1,0,24.0,1.0,0.0,0,0.0
37,S1,H4,processor,6,87.53189290000012,24.0,0.0,0.0,1,0,24.0,1.0,0.0,0,0.0
37,S1,H5,processor,6,395.784917,24.0,0.0,53.48,0,0,24.0,1.0,0.0,0,0.0
37,S1,H7,loader,6,24.796971999999982,24.0,0.0,0.0,0,0,24.0,1.0,0.0,0,0.0
37,S1,H8,loader,6,335.6737830803089,18.98097457969009,5.019025420309909,53.24,0,0,24.0,0.7908739408204205,5.019025420309909,1,0.0
38,S1,H3,grapple_skidder,6,376.0671959319534,24.0,0.0,53.48,1,0,24.0,1.0,0.0,0,0.0
38,S1,H4,processor,6,253.40609313987176,24.0,0.0,55.4,1,0,24.0,1.0,0.0,0,0.0
38,S1,H5,processor,6,395.784917,24.0,0.0,0.0,0,0,24.0,1.0,0.0,0,0.0
38,S1,H7,loader,6,937.184825,24.0,0.0,54.44,0,0,24.0,1.0,0.0,0,0.0
38,S1,H8,loader,6,424.433991,24.0,0.0,0.0,0,0,24.0,1.0,0.0,0,0.0
39,S1,H3,grapple_skidder,6,678.968019,24.0,0.0,53.72,0,0,24.0,1.0,0.0,0,0.0
39,S1,H4,processor,6,469.046841,24.0,0.0,53.48,0,0,24.0,1.0,0.0,0,0.0
39,S1,H5,processor,6,195.88960400000013,24.0,0.0,0.0,0,0,24.0,1.0,0.0,0,0.0
39,S1,H7,loader,6,160.13268648435678,24.0,0.0,0.0,1,0,24.0,1.0,0.0,0,0.0
39,S1,H8,loader,6,181.8926875196912,24.0,0.0,0.0,1,0,24.0,1.0,0.0,0,0.0
39,S1,H9,loader,6,253.40609313987176,24.0,0.0,0.0,1,0,24.0,1.0,0.0,0,0.0
40,S1,H4,processor,6,547.23705,24.0,0.0,53.72,0,0,24.0,1.0,0.0,0,0.0
40,S1,H7,loader,6,474.741639,24.0,0.0,54.92,0,0,24.0,1.0,0.0,0,0.0
40,S1,H8,loader,6,456.725789,24.0,0.0,53.48,0,0,24.0,1.0,0.0,0,0.0
40,S1,H9,loader,6,0.0,24.0,0.0,0.0,1,0,24.0,1.0,0.0,0,0.0
41,S1,H4,processor,6,105.81183467084634,19.601039616874484,4.398960383125516,53.72,1,0,24.0,0.8167099840364368,4.398960383125516,1,0.0
41,S1,H7,loader,6,485.857474,24.0,0.0,53.72,0,0,24.0,1.0,0.0,0,0.0
41,S1,H8,loader,6,456.725789,24.0,0.0,0.0,0,0,24.0,1.0,0.0,0,0.0
42,S1,H3,grapple_skidder,6,678.968019,24.0,0.0,0.0,0,0,24.0,1.0,0.0,0,0.0
42,S1,H7,loader,6,474.741639,24.0,0.0,53.72,0,0,24.0,1.0,0.0,0,0.0
42,S1,H8,loader,6,408.8519049999998,24.0,0.0,0.0,0,0,24.0,1.0,0.0,0,0.0
1,S1,H1,feller_buncher,7,1220.906942,24.0,0.0,0.0,0,0,24.0,1.0,0.0,0,0.0
1,S1,H2,feller_buncher,7,1299.478592,24.0,0.0,0.0,0,0,24.0,1.0,0.0,0,0.0
2,S1,H1,feller_buncher,7,1220.906942,24.0,0.0,0.0,0,0,24.0,1.0,0.0,0,0.0
2,S1,H2,feller_buncher,7,1164.04956,24.0,0.0,53.72,0,0,24.0,1.0,0.0,0,0.0
2,S1,H3,grapple_skidder,7,678.968019,24.0,0.0,0.0,0,0,24.0,1.0,0.0,0,0.0
3,S1,H1,feller_buncher,7,1176.844281,24.0,0.0,53.48,0,0,24.0,1.0,0.0,0,0.0
3,S1,H2,feller_buncher,7,741.0041894630053,20.009186607481716,3.990813392518284,53.24,0,0,24.0,0.8337161086450715,3.990813392518283,1,0.0
3,S1,H3,grapple_skidder,7,778.104169,24.0,0.0,53.72,0,0,24.0,1.0,0.0,0,0.0
3,S1,H4,processor,7,314.67388209574466,24.0,0.0,0.0,0,0,24.0,1.0,0.0,0,0.0
4,S1,H1,feller_buncher,7,1176.844281,24.0,0.0,0.0,0,0,24.0,1.0,0.0,0,0.0
4,S1,H2,feller_buncher,7,888.796776,24.0,0.0,0.0,0,0,24.0,1.0,0.0,0,0.0
4,S1,H3,grapple_skidder,7,1332.369187,24.0,0.0,54.68,0,0,24.0,1.0,0.0,0,0.0
4,S1,H4,processor,7,469.046841,24.0,0.0,53.72,0,0,24.0,1.0,0.0,0,0.0
4,S1,H7,loader,7,314.67388209574466,24.0,0.0,0.0,1,0,24.0,1.0,0.0,0,0.0
5,S1,H1,feller_buncher,7,1164.04956,24.0,0.0,54.2,0,0,24.0,1.0,0.0,0,0.0
5,S1,H2,feller_buncher,7,459.52122182708706,24.0,0.0,53.24,0,0,24.0,1.0,0.0,0,0.0
5,S1,H3,grapple_skidder,7,1164.728216,24.0,0.0,53.48,0,0,24.0,1.0,0.0,0,0.0
5,S1,H4,processor,7,531.895933,24.0,0.0,54.68,0,0,24.0,1.0,0.0,0,0.0
6,S1,H1,feller_buncher,7,181.84944502168497,24.0,0.0,53.24,0,0,24.0,1.0,0.0,0,0.0
6,S1,H2,feller_buncher,7,855.1635547605288,21.344539463508923,2.655460536491077,0.0,0,0,24.0,0.8893558109795384,2.655460536491076,1,0.0
6,S1,H3,grapple_skidder,7,1164.728216,24.0,0.0,0.0,0,0,24.0,1.0,0.0,0,0.0
6,S1,H4,processor,7,531.895933,24.0,0.0,0.0,0,0,24.0,1.0,0.0,0,0.0
7,S1,H1,feller_buncher,7,1164.04956,24.0,0.0,53.24,0,0,24.0,1.0,0.0,0,0.0
7,S1,H2,feller_buncher,7,961.553907,24.0,0.0,0.0,0,0,24.0,1.0,0.0,0,0.0
7,S1,H3,grapple_skidder,7,809.624168,24.0,0.0,54.44,0,0,24.0,1.0,0.0,0,0.0
7,S1,H4,processor,7,517.165642,24.0,0.0,53.48,0,0,24.0,1.0,0.0,0,0.0
7,S1,H7,loader,7,802.411354,24.0,0.0,55.4,0,0,24.0,1.0,0.0,0,0.0
8,S1,H1,feller_buncher,7,860.013242,24.0,0.0,53.24,0,0,24.0,1.0,0.0,0,0.0
8,S1,H2,feller_buncher,7,413.7565330000002,24.0,0.0,0.0,0,0,24.0,1.0,0.0,0,0.0
8,S1,H3,grapple_skidder,7,778.104169,24.0,0.0,53.24,0,0,24.0,1.0,0.0,0,0.0
8,S1,H4,processor,7,517.165642,24.0,0.0,0.0,0,0,24.0,1.0,0.0,0,0.0
8,S1,H5,processor,7,409.650504,24.0,0.0,0.0,0,0,24.0,1.0,0.0,0,0.0
9,S1,H1,feller_buncher,7,1299.478592,24.0,0.0,53.96,0,0,24.0,1.0,0.0,0,0.0
9,S1,H2,feller_buncher,7,1220.906942,24.0,0.0,55.16,0,0,24.0,1.0,0.0,0,0.0
9,S1,H3,grapple_skidder,7,778.104169,24.0,0.0,0.0,0,0,24.0,1.0,0.0,0,0.0
9,S1,H7,loader,7,687.364703,24.0,0.0,53.48,0,0,24.0,1.0,0.0,0,0.0
10,S1,H1,feller_buncher,7,1299.478592,24.0,0.0,0.0,0,0,24.0,1.0,0.0,0,0.0
10,S1,H2,feller_buncher,7,411.13017902260765,24.0,0.0,54.44,0,0,24.0,1.0,0.0,0,0.0
10,S1,H3,grapple_skidder,7,739.620424,24.0,0.0,53.48,0,0,24.0,1.0,0.0,0,0.0
10,S1,H4,processor,7,517.165642,24.0,0.0,0.0,0,0,24.0,1.0,0.0,0,0.0
10,S1,H5,processor,7,469.046841,24.0,0.0,53.24,0,0,24.0,1.0,0.0,0,0.0
11,S1,H1,feller_buncher,7,1299.478592,24.0,0.0,0.0,0,0,24.0,1.0,0.0,0,0.0
11,S1,H2,feller_buncher,7,59.00278800000001,24.0,0.0,0.0,0,0,24.0,1.0,0.0,0,0.0
11,S1,H3,grapple_skidder,7,778.104169,24.0,0.0,53.48,0,0,24.0,1.0,0.0,0,0.0
11,S1,H4,processor,7,481.329283,24.0,0.0,54.68,0,0,24.0,1.0,0.0,0,0.0
11,S1,H7,loader,7,687.364703,24.0,0.0,0.0,0,0,24.0,1.0,0.0,0,0.0
12,S1,H1,feller_buncher,7,249.20601649999983,24.0,0.0,0.0,0,0,24.0,1.0,0.0,0,0.3
12,S1,H2,feller_buncher,7,472.22269289999997,24.0,0.0,53.72,0,0,24.0,1.0,0.0,0,0.3
12,S1,H3,grapple_skidder,7,932.6584309,24.0,0.0,54.68,0,0,24.0,1.0,0.0,0,0.3
12,S1,H4,processor,7,362.0159494,24.0,0.0,54.68,0,0,24.0,1.0,0.0,0,0.3
12,S1,H7,loader,7,332.3191473,24.0,0.0,54.2,0,0,24.0,1.0,0.0,0,0.3
12,S1,H8,loader,7,316.3712468,24.0,0.0,0.0,0,0,24.0,1.0,0.0,0,0.3
13,S1,H1,feller_buncher,7,1164.04956,24.0,0.0,53.72,0,0,24.0,1.0,0.0,0,0.0
13,S1,H2,feller_buncher,7,1194.708925,24.0,0.0,53.96,0,0,24.0,1.0,0.0,0,0.0
13,S1,H3,grapple_skidder,7,809.624168,24.0,0.0,54.92,0,0,24.0,1.0,0.0,0,0.0
13,S1,H4,processor,7,531.895933,24.0,0.0,53.48,0,0,24.0,1.0,0.0,0,0.0
13,S1,H7,loader,7,538.7834694000003,24.0,0.0,54.2,1,0,24.0,1.0,0.0,0,0.0
14,S1,H1,feller_buncher,7,823.7909966999999,24.0,0.0,54.2,0,0,24.0,1.0,0.0,0,0.3
14,S1,H2,feller_buncher,7,836.2962474999999,24.0,0.0,0.0,0,0,24.0,1.0,0.0,0,0.3
14,S1,H3,grapple_skidder,7,544.6729182999999,24.0,0.0,53.24,0,0,24.0,1.0,0.0,0,0.3
14,S1,H4,processor,7,372.3271531,24.0,0.0,0.0,0,0,24.0,1.0,0.0,0,0.3
14,S1,H5,processor,7,286.75535279999997,24.0,0.0,53.24,0,0,24.0,1.0,0.0,0,0.3
15,S1,H1,feller_buncher,7,1176.844281,24.0,0.0,0.0,0,0,24.0,1.0,0.0,0,0.0
15,S1,H2,feller_buncher,7,1164.04956,24.0,0.0,54.92,0,0,24.0,1.0,0.0,0,0.0
15,S1,H3,grapple_skidder,7,923.199854,24.0,0.0,53.24,0,0,24.0,1.0,0.0,0,0.0
15,S1,H4,processor,7,409.650504,24.0,0.0,54.92,0,0,24.0,1.0,0.0,0,0.0
15,S1,H7,loader,7,802.411354,24.0,0.0,53.48,0,0,24.0,1.0,0.0,0,0.0
16,S1,H1,feller_buncher,7,96.25003971937998,20.753282698684448,3.2467173013155524,0.0,0,0,24.0,0.8647201124451853,3.2467173013155515,1,0.0
16,S1,H2,feller_buncher,7,502.7667789999996,24.0,0.0,0.0,0,0,24.0,1.0,0.0,0,0.0
16,S1,H3,grapple_skidder,7,1480.641393,24.0,0.0,54.68,0,0,24.0,1.0,0.0,0,0.0
16,S1,H4,processor,7,297.0126658,24.0,0.0,54.92,1,0,24.0,1.0,0.0,0,0.0
16,S1,H5,processor,7,309.7155420427693,18.780839515990102,5.2191604840098975,53.48,0,0,24.0,0.782534979832921,5.219160484009897,1,0.0
16,S1,H7,loader,7,424.433991,24.0,0.0,54.92,0,0,24.0,1.0,0.0,0,0.0
17,S1,H1,feller_buncher,7,576.960683,24.0,0.0,53.72,0,0,24.0,1.0,0.0,0,0.0
17,S1,H2,feller_buncher,7,787.363583,24.0,0.0,54.44,0,0,24.0,1.0,0.0,0,0.0
17,S1,H3,grapple_skidder,7,472.22269289999997,24.0,0.0,53.96,1,0,24.0,1.0,0.0,0,0.0
17,S1,H4,processor,7,569.826226,24.0,0.0,53.24,0,0,24.0,1.0,0.0,0,0.0
17,S1,H5,processor,7,395.784917,24.0,0.0,0.0,0,0,24.0,1.0,0.0,0,0.0
17,S1,H6,processor,7,469.046841,24.0,0.0,0.0,0,0,24.0,1.0,0.0,0,0.0
17,S1,H7,loader,7,424.433991,24.0,0.0,0.0,0,0,24.0,1.0,0.0,0,0.0
17,S1,H8,loader,7,660.2049099000001,24.0,0.0,55.16,1,0,24.0,1.0,0.0,0,0.0
18,S1,H1,feller_buncher,7,1220.906942,24.0,0.0,54.2,0,0,24.0,1.0,0.0,0,0.0
18,S1,H2,feller_buncher,7,486.3476200000001,24.0,0.0,0.0,0,0,24.0,1.0,0.0,0,0.0
18,S1,H3,grapple_skidder,7,1164.728216,24.0,0.0,53.24,0,0,24.0,1.0,0.0,0,0.0
18,S1,H4,processor,7,569.826226,24.0,0.0,0.0,0,0,24.0,1.0,0.0,0,0.0
18,S1,H5,processor,7,456.082335,24.0,0.0,53.72,0,0,24.0,1.0,0.0,0,0.0
18,S1,H7,loader,7,474.741639,24.0,0.0,53.24,0,0,24.0,1.0,0.0,0,0.0
18,S1,H8,loader,7,456.725789,24.0,0.0,54.44,0,0,24.0,1.0,0.0,0,0.0
19,S1,H1,feller_buncher,7,1013.0077249999999,24.0,0.0,0.0,0,0,24.0,1.0,0.0,0,0.0
19,S1,H2,feller_buncher,7,680.207863,24.0,0.0,53.72,0,0,24.0,1.0,0.0,0,0.0
19,S1,H3,grapple_skidder,7,1273.711203,24.0,0.0,53.24,0,0,24.0,1.0,0.0,0,0.0
19,S1,H4,processor,7,423.498648538244,19.65321502335582,4.34678497664418,53.72,0,0,24.0,0.8188839593064925,4.346784976644182,1,0.0
19,S1,H5,processor,7,16.14035789999997,24.0,0.0,0.0,1,0,24.0,1.0,0.0,0,0.0
19,S1,H6,processor,7,469.046841,24.0,0.0,0.0,0,0,24.0,1.0,0.0,0,0.0
19,S1,H7,loader,7,937.184825,24.0,0.0,54.92,0,0,24.0,1.0,0.0,0,0.0
20,S1,H1,feller_buncher,7,1194.708925,24.0,0.0,53.24,0,0,24.0,1.0,0.0,0,0.0
20,S1,H2,feller_buncher,7,364.89843800000006,24.0,0.0,0.0,0,0,24.0,1.0,0.0,0,0.0
20,S1,H3,grapple_skidder,7,1332.369187,24.0,0.0,53.24,0,0,24.0,1.0,0.0,0,0.0
20,S1,H4,processor,7,517.165642,24.0,0.0,0.0,0,0,24.0,1.0,0.0,0,0.0
20,S1,H5,processor,7,469.046841,24.0,0.0,53.96,0,0,24.0,1.0,0.0,0,0.0
20,S1,H6,processor,7,178.81610047888452,24.0,0.0,54.44,0,0,24.0,1.0,0.0,0,0.0
20,S1,H7,loader,7,472.22269289999997,24.0,0.0,53.96,1,0,24.0,1.0,0.0,0,0.0
21,S1,H3,grapple_skidder,7,517.7342967999999,24.0,0.0,55.16,0,0,24.0,1.0,0.0,0,0.3
21,S1,H4,processor,7,372.3271531,24.0,0.0,53.48,0,0,24.0,1.0,0.0,0,0.3
21,S1,H5,processor,7,328.3327887,24.0,0.0,0.0,0,0,24.0,1.0,0.0,0,0.3
21,S1,H6,processor,7,308.8854237,24.0,0.0,0.0,0,0,24.0,1.0,0.0,0,0.3
21,S1,H7,loader,7,481.15529209999994,24.0,0.0,53.24,0,0,24.0,1.0,0.0,0,0.3
22,S1,H3,grapple_skidder,7,1480.641393,24.0,0.0,55.4,0,0,24.0,1.0,0.0,0,0.0
22,S1,H4,processor,7,531.895933,24.0,0.0,0.0,0,0,24.0,1.0,0.0,0,0.0
22,S1,H5,processor,7,481.329283,24.0,0.0,53.48,0,0,24.0,1.0,0.0,0,0.0
22,S1,H6,processor,7,469.046841,24.0,0.0,54.44,0,0,24.0,1.0,0.0,0,0.0
22,S1,H7,loader,7,487.7015241788845,24.0,0.0,53.24,1,0,24.0,1.0,0.0,0,0.0
23,S1,H3,grapple_skidder,7,956.3892314193795,24.0,0.0,53.72,1,0,24.0,1.0,0.0,0,0.0
23,S1,H4,processor,7,569.826226,24.0,0.0,53.24,0,0,24.0,1.0,0.0,0,0.0
23,S1,H5,processor,7,294.6961548,24.0,0.0,0.0,1,0,24.0,1.0,0.0,0,0.0
23,S1,H6,processor,7,303.95327152971913,24.0,0.0,0.0,0,0,24.0,1.0,0.0,0,0.0
23,S1,H7,loader,7,802.411354,24.0,0.0,53.24,0,0,24.0,1.0,0.0,0,0.0
24,S1,H3,grapple_skidder,7,418.2255216715108,24.0,0.0,54.68,0,0,24.0,1.0,0.0,0,0.0
24,S1,H4,processor,7,569.826226,24.0,0.0,0.0,0,0,24.0,1.0,0.0,0,0.0
24,S1,H5,processor,7,517.165642,24.0,0.0,54.68,0,0,24.0,1.0,0.0,0,0.0
24,S1,H6,processor,7,391.18142100000006,24.0,0.0,54.44,0,0,24.0,1.0,0.0,0,0.0
24,S1,H7,loader,7,474.741639,24.0,0.0,54.68,0,0,24.0,1.0,0.0,0,0.0
25,S1,H3,grapple_skidder,7,1332.369187,24.0,0.0,55.16,0,0,24.0,1.0,0.0,0,0.0
25,S1,H4,processor,7,418.2255216715108,24.0,0.0,55.4,1,0,24.0,1.0,0.0,0,0.0
25,S1,H5,processor,7,517.165642,24.0,0.0,0.0,0,0,24.0,1.0,0.0,0,0.0
25,S1,H7,loader,7,474.741639,24.0,0.0,0.0,0,0,24.0,1.0,0.0,0,0.0
25,S1,H8,loader,7,391.18142100000006,24.0,0.0,54.2,1,0,24.0,1.0,0.0,0,0.0
25,S1,H9,loader,7,937.184825,24.0,0.0,0.0,0,0,24.0,1.0,0.0,0,0.0
26,S1,H3,grapple_skidder,7,360.41483609786815,24.0,0.0,54.68,0,0,24.0,1.0,0.0,0,0.0
26,S1,H4,processor,7,569.826226,24.0,0.0,55.4,0,0,24.0,1.0,0.0,0,0.0
26,S1,H5,processor,7,531.895933,24.0,0.0,53.48,0,0,24.0,1.0,0.0,0,0.0
26,S1,H7,loader,7,687.364703,24.0,0.0,54.2,0,0,24.0,1.0,0.0,0,0.0
26,S1,H8,loader,7,451.958924,24.0,0.0,54.92,0,0,24.0,1.0,0.0,0,0.0
27,S1,H3,grapple_skidder,7,0.0,24.0,0.0,54.2,1,0,24.0,1.0,0.0,0,0.0
27,S1,H4,processor,7,469.046841,24.0,0.0,54.92,0,0,24.0,1.0,0.0,0,0.0
27,S1,H5,processor,7,531.895933,24.0,0.0,0.0,0,0,24.0,1.0,0.0,0,0.0
27,S1,H7,loader,7,937.184825,24.0,0.0,53.72,0,0,24.0,1.0,0.0,0,0.0
27,S1,H8,loader,7,451.958924,24.0,0.0,0.0,0,0,24.0,1.0,0.0,0,0.0
28,S1,H1,feller_buncher,7,836.2962474999999,24.0,0.0,0.0,0,0,24.0,1.0,0.0,0,0.3
28,S1,H3,grapple_skidder,7,578.8351344072556,24.0,0.0,53.48,0,0,24.0,1.0,0.0,0,0.3
28,S1,H4,processor,7,362.0159494,24.0,0.0,54.2,0,0,24.0,1.0,0.0,0,0.3
28,S1,H7,loader,7,561.6879478,24.0,0.0,53.24,0,0,24.0,1.0,0.0,0,0.3
28,S1,H8,loader,7,332.3191473,24.0,0.0,53.48,0,0,24.0,1.0,0.0,0,0.3
28,S1,H9,loader,7,316.3712468,24.0,0.0,55.4,0,0,24.0,1.0,0.0,0,0.3
29,S1,H3,grapple_skidder,7,739.620424,24.0,0.0,54.2,0,0,24.0,1.0,0.0,0,0.0
29,S1,H4,processor,7,295.328980458918,24.0,0.0,53.48,0,0,24.0,1.0,0.0,0,0.0
29,S1,H5,processor,7,531.895933,24.0,0.0,0.0,0,0,24.0,1.0,0.0,0,0.0
29,S1,H7,loader,7,687.364703,24.0,0.0,53.48,0,0,24.0,1.0,0.0,0,0.0
29,S1,H8,loader,7,474.741639,24.0,0.0,0.0,0,0,24.0,1.0,0.0,0,0.0
30,S1,H3,grapple_skidder,7,1100.7275589999995,24.0,0.0,55.4,1,0,24.0,1.0,0.0,0,0.0
30,S1,H4,processor,7,164.19408399999998,24.0,0.0,53.48,0,0,24.0,1.0,0.0,0,0.0
30,S1,H5,processor,7,481.329283,24.0,0.0,55.16,0,0,24.0,1.0,0.0,0,0.0
30,S1,H6,processor,7,283.5061539483376,24.0,0.0,53.72,1,0,24.0,1.0,0.0,0,0.0
30,S1,H7,loader,7,802.411354,24.0,0.0,53.48,0,0,24.0,1.0,0.0,0,0.0
30,S1,H8,loader,7,474.741639,24.0,0.0,0.0,0,0,24.0,1.0,0.0,0,0.0
31,S1,H3,grapple_skidder,7,567.1587449999993,24.0,0.0,53.24,0,0,24.0,1.0,0.0,0,0.0
31,S1,H4,processor,7,569.826226,24.0,0.0,53.72,0,0,24.0,1.0,0.0,0,0.0
31,S1,H5,processor,7,258.291141,24.0,0.0,0.0,1,0,24.0,1.0,0.0,0,0.0
31,S1,H6,processor,7,0.0,24.0,0.0,0.0,1,0,24.0,1.0,0.0,0,0.0
31,S1,H7,loader,7,377.06090996164215,24.0,0.0,53.48,0,0,24.0,1.0,0.0,0,0.0
31,S1,H8,loader,7,474.741639,24.0,0.0,0.0,0,0,24.0,1.0,0.0,0,0.0
32,S1,H3,grapple_skidder,7,317.10025010569535,24.0,0.0,54.68,0,0,24.0,1.0,0.0,0,0.0
32,S1,H4,processor,7,569.826226,24.0,0.0,0.0,0,0,24.0,1.0,0.0,0,0.0
32,S1,H5,processor,7,531.895933,24.0,0.0,55.16,0,0,24.0,1.0,0.0,0,0.0
32,S1,H7,loader,7,6.545374906032762,22.026121324447185,1.9738786755528146,0.0,0,0,24.0,0.9177550551852994,1.9738786755528142,1,0.0
32,S1,H8,loader,7,558.398094,24.0,0.0,53.72,0,0,24.0,1.0,0.0,0,0.0
32,S1,H9,loader,7,451.958924,24.0,0.0,0.0,0,0,24.0,1.0,0.0,0,0.0
33,S1,H3,grapple_skidder,7,517.2606358230319,21.516639912450955,2.4833600875490447,53.48,0,0,24.0,0.8965266630187898,2.4833600875490447,1,0.0
33,S1,H4,processor,7,45.780229999999165,24.0,0.0,53.24,0,0,24.0,1.0,0.0,0,0.0
33,S1,H5,processor,7,418.9907332738447,24.0,0.0,54.68,1,0,24.0,1.0,0.0,0,0.0
33,S1,H7,loader,7,937.184825,24.0,0.0,53.72,0,0,24.0,1.0,0.0,0,0.0
33,S1,H8,loader,7,20.43704040725561,24.0,0.0,0.0,1,0,24.0,1.0,0.0,0,0.0
33,S1,H9,loader,7,426.5814008715106,24.0,0.0,0.0,1,0,24.0,1.0,0.0,0,0.0
34,S1,H1,feller_buncher,7,98.38538570000019,24.0,0.0,0.0,0,0,24.0,1.0,0.0,0,0.3
34,S1,H3,grapple_skidder,7,192.40207448469027,24.0,0.0,53.72,1,0,24.0,1.0,0.0,0,0.3
34,S1,H4,processor,7,300.12591349999997,24.0,0.0,54.2,0,0,24.0,1.0,0.0,0,0.3
34,S1,H5,processor,7,0.0,24.0,0.0,0.0,1,0,24.0,1.0,0.0,0,0.3
34,S1,H7,loader,7,561.6879478,24.0,0.0,53.24,0,0,24.0,1.0,0.0,0,0.3
35,S1,H3,grapple_skidder,7,98.38538570000019,24.0,0.0,55.16,1,0,24.0,1.0,0.0,0,0.0
35,S1,H4,processor,7,148.20937800000002,24.0,0.0,0.0,0,0,24.0,1.0,0.0,0,0.0
35,S1,H5,processor,7,175.1968034951268,22.77318740656183,1.2268125934381686,53.24,0,0,24.0,0.948882808606743,1.22681259343817,1,0.0
35,S1,H7,loader,7,279.7560149999996,24.0,0.0,0.0,0,0,24.0,1.0,0.0,0,0.0
35,S1,H8,loader,7,474.741639,24.0,0.0,53.72,0,0,24.0,1.0,0.0,0,0.0
36,S1,H3,grapple_skidder,7,406.9463550226076,24.0,0.0,54.68,1,0,24.0,1.0,0.0,0,0.3
36,S1,H4,processor,7,171.61214869999986,24.0,0.0,54.44,1,0,24.0,1.0,0.0,0,0.3
36,S1,H5,processor,7,276.6075746,24.0,0.0,0.0,0,0,24.0,1.0,0.0,0,0.3
36,S1,H7,loader,7,386.5145977,24.0,0.0,54.2,0,0,24.0,1.0,0.0,0,0.3
36,S1,H8,loader,7,332.3191473,24.0,0.0,0.0,0,0,24.0,1.0,0.0,0,0.3
37,S1,H3,grapple_skidder,7,274.79455011610537,24.0,0.0,53.72,1,0,24.0,1.0,0.0,0,0.0
37,S1,H4,processor,7,0.0,24.0,0.0,0.0,1,0,24.0,1.0,0.0,0,0.0
37,S1,H5,processor,7,395.784917,24.0,0.0,53.48,0,0,24.0,1.0,0.0,0,0.0
37,S1,H7,loader,7,24.796971999999982,24.0,0.0,0.0,0,0,24.0,1.0,0.0,0,0.0
37,S1,H8,loader,7,424.433991,24.0,0.0,53.24,0,0,24.0,1.0,0.0,0,0.0
38,S1,H3,grapple_skidder,7,778.104169,24.0,0.0,53.48,0,0,24.0,1.0,0.0,0,0.0
38,S1,H4,processor,7,274.79455011610537,24.0,0.0,55.4,1,0,24.0,1.0,0.0,0,0.0
38,S1,H5,processor,7,228.86083297983822,24.0,0.0,0.0,1,0,24.0,1.0,0.0,0,0.0
38,S1,H7,loader,7,411.65643069999993,24.0,0.0,54.44,1,0,24.0,1.0,0.0,0,0.0
38,S1,H8,loader,7,284.55876589512684,24.0,0.0,0.0,1,0,24.0,1.0,0.0,0,0.0
39,S1,H3,grapple_skidder,7,678.968019,24.0,0.0,53.72,0,0,24.0,1.0,0.0,0,0.0
39,S1,H4,processor,7,469.046841,24.0,0.0,53.48,0,0,24.0,1.0,0.0,0,0.0
39,S1,H5,processor,7,0.0,24.0,0.0,0.0,1,0,24.0,1.0,0.0,0,0.0
39,S1,H7,loader,7,0.0,24.0,0.0,0.0,1,0,24.0,1.0,0.0,0,0.0
39,S1,H8,loader,7,0.0,24.0,0.0,0.0,1,0,24.0,1.0,0.0,0,0.0
39,S1,H9,loader,7,274.79455011610537,24.0,0.0,0.0,1,0,24.0,1.0,0.0,0,0.0
40,S1,H4,processor,7,547.23705,24.0,0.0,53.72,0,0,24.0,1.0,0.0,0,0.0
40,S1,H7,loader,7,474.741639,24.0,0.0,54.92,0,0,24.0,1.0,0.0,0,0.0
40,S1,H8,loader,7,456.725789,24.0,0.0,53.48,0,0,24.0,1.0,0.0,0,0.0
40,S1,H9,loader,7,0.0,24.0,0.0,0.0,1,0,24.0,1.0,0.0,0,0.0
41,S1,H4,processor,7,309.057328,24.0,0.0,53.72,1,0,24.0,1.0,0.0,0,0.0
41,S1,H7,loader,7,485.857474,24.0,0.0,53.72,0,0,24.0,1.0,0.0,0,0.0
41,S1,H8,loader,7,416.69463102260744,24.0,0.0,0.0,1,0,24.0,1.0,0.0,0,0.0
42,S1,H3,grapple_skidder,7,678.968019,24.0,0.0,0.0,0,0,24.0,1.0,0.0,0,0.0
42,S1,H7,loader,7,317.8182956035634,24.0,0.0,53.72,1,0,24.0,1.0,0.0,0,0.0
42,S1,H8,loader,7,0.0,24.0,0.0,0.0,1,0,24.0,1.0,0.0,0,0.0
1,S1,H1,feller_buncher,8,1220.906942,24.0,0.0,0.0,0,0,24.0,1.0,0.0,0,0.0
1,S1,H2,feller_buncher,8,856.25792083727,24.0,0.0,0.0,0,0,24.0,1.0,0.0,0,0.0
2,S1,H1,feller_buncher,8,1220.906942,24.0,0.0,0.0,0,0,24.0,1.0,0.0,0,0.0
2,S1,H2,feller_buncher,8,1164.04956,24.0,0.0,53.72,0,0,24.0,1.0,0.0,0,0.0
2,S1,H3,grapple_skidder,8,678.968019,24.0,0.0,0.0,0,0,24.0,1.0,0.0,0,0.0
3,S1,H1,feller_buncher,8,1176.844281,24.0,0.0,53.48,0,0,24.0,1.0,0.0,0,0.0
3,S1,H2,feller_buncher,8,888.796776,24.0,0.0,53.24,0,0,24.0,1.0,0.0,0,0.0
3,S1,H3,grapple_skidder,8,778.104169,24.0,0.0,53.72,0,0,24.0,1.0,0.0,0,0.0
3,S1,H4,processor,8,547.23705,24.0,0.0,0.0,0,0,24.0,1.0,0.0,0,0.0
4,S1,H1,feller_buncher,8,1176.844281,24.0,0.0,0.0,0,0,24.0,1.0,0.0,0,0.0
4,S1,H2,feller_buncher,8,888.796776,24.0,0.0,0.0,0,0,24.0,1.0,0.0,0,0.0
4,S1,H3,grapple_skidder,8,1332.369187,24.0,0.0,54.68,0,0,24.0,1.0,0.0,0,0.0
4,S1,H4,processor,8,469.046841,24.0,0.0,53.72,0,0,24.0,1.0,0.0,0,0.0
4,S1,H7,loader,8,485.857474,24.0,0.0,0.0,0,0,24.0,1.0,0.0,0,0.0
5,S1,H1,feller_buncher,8,1164.04956,24.0,0.0,54.2,0,0,24.0,1.0,0.0,0,0.0
5,S1,H2,feller_buncher,8,961.553907,24.0,0.0,53.24,0,0,24.0,1.0,0.0,0,0.0
5,S1,H3,grapple_skidder,8,1164.728216,24.0,0.0,53.48,0,0,24.0,1.0,0.0,0,0.0
5,S1,H4,processor,8,531.895933,24.0,0.0,54.68,0,0,24.0,1.0,0.0,0,0.0
6,S1,H1,feller_buncher,8,256.1621419999998,24.0,0.0,53.24,0,0,24.0,1.0,0.0,0,0.0
6,S1,H2,feller_buncher,8,961.553907,24.0,0.0,0.0,0,0,24.0,1.0,0.0,0,0.0
6,S1,H3,grapple_skidder,8,1164.728216,24.0,0.0,0.0,0,0,24.0,1.0,0.0,0,0.0
6,S1,H4,processor,8,433.3205942204444,19.552122165391072,4.447877834608928,0.0,0,0,24.0,0.8146717568912947,4.447877834608929,1,0.0
7,S1,H1,feller_buncher,8,1164.04956,24.0,0.0,53.24,0,0,24.0,1.0,0.0,0,0.0
7,S1,H2,feller_buncher,8,961.553907,24.0,0.0,0.0,0,0,24.0,1.0,0.0,0,0.0
7,S1,H3,grapple_skidder,8,809.624168,24.0,0.0,54.44,0,0,24.0,1.0,0.0,0,0.0
7,S1,H4,processor,8,517.165642,24.0,0.0,53.48,0,0,24.0,1.0,0.0,0,0.0
7,S1,H7,loader,8,802.411354,24.0,0.0,55.4,0,0,24.0,1.0,0.0,0,0.0
8,S1,H1,feller_buncher,8,860.013242,24.0,0.0,53.24,0,0,24.0,1.0,0.0,0,0.0
8,S1,H2,feller_buncher,8,413.7565330000002,24.0,0.0,0.0,0,0,24.0,1.0,0.0,0,0.0
8,S1,H3,grapple_skidder,8,778.104169,24.0,0.0,53.24,0,0,24.0,1.0,0.0,0,0.0
8,S1,H4,processor,8,517.165642,24.0,0.0,0.0,0,0,24.0,1.0,0.0,0,0.0
8,S1,H5,processor,8,409.650504,24.0,0.0,0.0,0,0,24.0,1.0,0.0,0,0.0
9,S1,H1,feller_buncher,8,1299.478592,24.0,0.0,53.96,0,0,24.0,1.0,0.0,0,0.0
9,S1,H2,feller_buncher,8,1014.981997355421,19.95202672582568,4.047973274174321,55.16,0,0,24.0,0.8313344469094033,4.04797327417432,1,0.0
9,S1,H3,grapple_skidder,8,778.104169,24.0,0.0,0.0,0,0,24.0,1.0,0.0,0,0.0
9,S1,H7,loader,8,687.364703,24.0,0.0,53.48,0,0,24.0,1.0,0.0,0,0.0
10,S1,H1,feller_buncher,8,1299.478592,24.0,0.0,0.0,0,0,24.0,1.0,0.0,0,0.0
10,S1,H2,feller_buncher,8,860.013242,24.0,0.0,54.44,0,0,24.0,1.0,0.0,0,0.0
10,S1,H3,grapple_skidder,8,739.620424,24.0,0.0,53.48,0,0,24.0,1.0,0.0,0,0.0
10,S1,H4,processor,8,517.165642,24.0,0.0,0.0,0,0,24.0,1.0,0.0,0,0.0
10,S1,H5,processor,8,469.046841,24.0,0.0,53.24,0,0,24.0,1.0,0.0,0,0.0
11,S1,H1,feller_buncher,8,1299.478592,24.0,0.0,0.0,0,0,24.0,1.0,0.0,0,0.0
11,S1,H2,feller_buncher,8,59.00278800000001,24.0,0.0,0.0,0,0,24.0,1.0,0.0,0,0.0
11,S1,H3,grapple_skidder,8,778.104169,24.0,0.0,53.48,0,0,24.0,1.0,0.0,0,0.0
11,S1,H4,processor,8,481.329283,24.0,0.0,54.68,0,0,24.0,1.0,0.0,0,0.0
11,S1,H7,loader,8,687.364703,24.0,0.0,0.0,0,0,24.0,1.0,0.0,0,0.0
12,S1,H1,feller_buncher,8,307.01970043849695,20.697457628864075,3.3025423711359245,0.0,0,0,24.0,0.8623940678693365,3.3025423711359236,1,0.0
12,S1,H2,feller_buncher,8,674.603847,24.0,0.0,53.72,0,0,24.0,1.0,0.0,0,0.0
12,S1,H3,grapple_skidder,8,1332.369187,24.0,0.0,54.68,0,0,24.0,1.0,0.0,0,0.0
12,S1,H4,processor,8,517.165642,24.0,0.0,54.68,0,0,24.0,1.0,0.0,0,0.0
12,S1,H7,loader,8,474.741639,24.0,0.0,54.2,0,0,24.0,1.0,0.0,0,0.0
12,S1,H8,loader,8,451.958924,24.0,0.0,0.0,0,0,24.0,1.0,0.0,0,0.0
13,S1,H1,feller_buncher,8,1164.04956,24.0,0.0,53.72,0,0,24.0,1.0,0.0,0,0.0
13,S1,H2,feller_buncher,8,1194.708925,24.0,0.0,53.96,0,0,24.0,1.0,0.0,0,0.0
13,S1,H3,grapple_skidder,8,809.624168,24.0,0.0,54.92,0,0,24.0,1.0,0.0,0,0.0
13,S1,H4,processor,8,531.895933,24.0,0.0,53.48,0,0,24.0,1.0,0.0,0,0.0
13,S1,H7,loader,8,687.364703,24.0,0.0,54.2,0,0,24.0,1.0,0.0,0,0.0
14,S1,H1,feller_buncher,8,1176.844281,24.0,0.0,54.2,0,0,24.0,1.0,0.0,0,0.0
14,S1,H2,feller_buncher,8,1194.708925,24.0,0.0,0.0,0,0,24.0,1.0,0.0,0,0.0
14,S1,H3,grapple_skidder,8,778.104169,24.0,0.0,53.24,0,0,24.0,1.0,0.0,0,0.0
14,S1,H4,processor,8,531.895933,24.0,0.0,0.0,0,0,24.0,1.0,0.0,0,0.0
14,S1,H5,processor,8,409.650504,24.0,0.0,53.24,0,0,24.0,1.0,0.0,0,0.0
15,S1,H1,feller_buncher,8,1176.844281,24.0,0.0,0.0,0,0,24.0,1.0,0.0,0,0.0
15,S1,H2,feller_buncher,8,1164.04956,24.0,0.0,54.92,0,0,24.0,1.0,0.0,0,0.0
15,S1,H3,grapple_skidder,8,923.199854,24.0,0.0,53.24,0,0,24.0,1.0,0.0,0,0.0
15,S1,H4,processor,8,409.650504,24.0,0.0,54.92,0,0,24.0,1.0,0.0,0,0.0
15,S1,H7,loader,8,543.4405298864417,24.0,0.0,53.48,0,0,24.0,1.0,0.0,0,0.0
16,S1,H1,feller_buncher,8,111.30773800000088,24.0,0.0,0.0,0,0,24.0,1.0,0.0,0,0.0
16,S1,H2,feller_buncher,8,398.44542798217526,19.02013154208865,4.979868457911351,0.0,0,0,24.0,0.7925054809203603,4.97986845791135,1,0.0
16,S1,H3,grapple_skidder,8,1480.641393,24.0,0.0,54.68,0,0,24.0,1.0,0.0,0,0.0
16,S1,H4,processor,8,531.895933,24.0,0.0,54.92,0,0,24.0,1.0,0.0,0,0.0
16,S1,H5,processor,8,395.784917,24.0,0.0,53.48,0,0,24.0,1.0,0.0,0,0.0
16,S1,H7,loader,8,424.433991,24.0,0.0,54.92,0,0,24.0,1.0,0.0,0,0.0
17,S1,H1,feller_buncher,8,576.960683,24.0,0.0,53.72,0,0,24.0,1.0,0.0,0,0.0
17,S1,H2,feller_buncher,8,787.363583,24.0,0.0,54.44,0,0,24.0,1.0,0.0,0,0.0
17,S1,H3,grapple_skidder,8,674.603847,24.0,0.0,53.96,0,0,24.0,1.0,0.0,0,0.0
17,S1,H4,processor,8,569.826226,24.0,0.0,53.24,0,0,24.0,1.0,0.0,0,0.0
17,S1,H5,processor,8,395.784917,24.0,0.0,0.0,0,0,24.0,1.0,0.0,0,0.0
17,S1,H6,processor,8,469.046841,24.0,0.0,0.0,0,0,24.0,1.0,0.0,0,0.0
17,S1,H7,loader,8,370.05835594324094,20.925281035367835,3.074718964632165,0.0,0,0,24.0,0.8718867098069931,3.0747189646321638,1,0.0
17,S1,H8,loader,8,802.411354,24.0,0.0,55.16,0,0,24.0,1.0,0.0,0,0.0
18,S1,H1,feller_buncher,8,1220.906942,24.0,0.0,54.2,0,0,24.0,1.0,0.0,0,0.0
18,S1,H2,feller_buncher,8,486.3476200000001,24.0,0.0,0.0,0,0,24.0,1.0,0.0,0,0.0
18,S1,H3,grapple_skidder,8,1164.728216,24.0,0.0,53.24,0,0,24.0,1.0,0.0,0,0.0
18,S1,H4,processor,8,569.826226,24.0,0.0,0.0,0,0,24.0,1.0,0.0,0,0.0
18,S1,H5,processor,8,456.082335,24.0,0.0,53.72,0,0,24.0,1.0,0.0,0,0.0
18,S1,H7,loader,8,474.741639,24.0,0.0,53.24,0,0,24.0,1.0,0.0,0,0.0
18,S1,H8,loader,8,456.725789,24.0,0.0,54.44,0,0,24.0,1.0,0.0,0,0.0
19,S1,H1,feller_buncher,8,1013.0077249999999,24.0,0.0,0.0,0,0,24.0,1.0,0.0,0,0.0
19,S1,H2,feller_buncher,8,680.207863,24.0,0.0,53.72,0,0,24.0,1.0,0.0,0,0.0
19,S1,H3,grapple_skidder,8,1273.711203,24.0,0.0,53.24,0,0,24.0,1.0,0.0,0,0.0
19,S1,H4,processor,8,517.165642,24.0,0.0,53.72,0,0,24.0,1.0,0.0,0,0.0
19,S1,H5,processor,8,218.52151199999997,24.0,0.0,0.0,0,0,24.0,1.0,0.0,0,0.0
19,S1,H6,processor,8,469.046841,24.0,0.0,0.0,0,0,24.0,1.0,0.0,0,0.0
19,S1,H7,loader,8,937.184825,24.0,0.0,54.92,0,0,24.0,1.0,0.0,0,0.0
20,S1,H1,feller_buncher,8,836.2962474999999,24.0,0.0,53.24,0,0,24.0,1.0,0.0,0,0.3
20,S1,H2,feller_buncher,8,255.42890660000003,24.0,0.0,0.0,0,0,24.0,1.0,0.0,0,0.3
20,S1,H3,grapple_skidder,8,932.6584309,24.0,0.0,53.24,0,0,24.0,1.0,0.0,0,0.3
20,S1,H4,processor,8,335.8287282722849,22.263907134183402,1.7360928658165982,0.0,0,0,24.0,0.9276627972576418,1.736092865816599,1,0.3
20,S1,H5,processor,8,328.3327887,24.0,0.0,53.96,0,0,24.0,1.0,0.0,0,0.3
20,S1,H6,processor,8,308.8854237,24.0,0.0,54.44,0,0,24.0,1.0,0.0,0,0.3
20,S1,H7,loader,8,472.22269289999997,24.0,0.0,53.96,0,0,24.0,1.0,0.0,0,0.3
21,S1,H3,grapple_skidder,8,517.7342967999999,24.0,0.0,55.16,0,0,24.0,1.0,0.0,0,0.3
21,S1,H4,processor,8,372.3271531,24.0,0.0,53.48,0,0,24.0,1.0,0.0,0,0.3
21,S1,H5,processor,8,328.3327887,24.0,0.0,0.0,0,0,24.0,1.0,0.0,0,0.3
21,S1,H6,processor,8,308.8854237,24.0,0.0,0.0,0,0,24.0,1.0,0.0,0,0.3
21,S1,H7,loader,8,481.15529209999994,24.0,0.0,53.24,0,0,24.0,1.0,0.0,0,0.3
22,S1,H3,grapple_skidder,8,1480.641393,24.0,0.0,55.4,0,0,24.0,1.0,0.0,0,0.0
22,S1,H4,processor,8,531.895933,24.0,0.0,0.0,0,0,24.0,1.0,0.0,0,0.0
22,S1,H5,processor,8,481.329283,24.0,0.0,53.48,0,0,24.0,1.0,0.0,0,0.0
22,S1,H6,processor,8,469.046841,24.0,0.0,54.44,0,0,24.0,1.0,0.0,0,0.0
22,S1,H7,loader,8,617.7708474,24.0,0.0,53.24,1,0,24.0,1.0,0.0,0,0.0
23,S1,H3,grapple_skidder,8,1164.728216,24.0,0.0,53.72,0,0,24.0,1.0,0.0,0,0.0
23,S1,H4,processor,8,569.826226,24.0,0.0,53.24,0,0,24.0,1.0,0.0,0,0.0
23,S1,H5,processor,8,294.6961548,24.0,0.0,0.0,1,0,24.0,1.0,0.0,0,0.0
23,S1,H6,processor,8,469.046841,24.0,0.0,0.0,0,0,24.0,1.0,0.0,0,0.0
23,S1,H7,loader,8,802.411354,24.0,0.0,53.24,0,0,24.0,1.0,0.0,0,0.0
24,S1,H3,grapple_skidder,8,739.620424,24.0,0.0,54.68,0,0,24.0,1.0,0.0,0,0.0
24,S1,H4,processor,8,569.826226,24.0,0.0,0.0,0,0,24.0,1.0,0.0,0,0.0
24,S1,H5,processor,8,517.165642,24.0,0.0,54.68,0,0,24.0,1.0,0.0,0,0.0
24,S1,H6,processor,8,391.18142100000006,24.0,0.0,54.44,0,0,24.0,1.0,0.0,0,0.0
24,S1,H7,loader,8,351.972890617525,17.793571662713582,6.206428337286418,54.68,0,0,24.0,0.7413988192797326,6.20642833728642,1,0.0
25,S1,H3,grapple_skidder,8,1332.369187,24.0,0.0,55.16,0,0,24.0,1.0,0.0,0,0.0
25,S1,H4,processor,8,428.878597164436,21.384708338940733,2.615291661059267,55.4,0,0,24.0,0.8910295141225305,2.615291661059267,1,0.0
25,S1,H5,processor,8,517.165642,24.0,0.0,0.0,0,0,24.0,1.0,0.0,0,0.0
25,S1,H7,loader,8,474.741639,24.0,0.0,0.0,0,0,24.0,1.0,0.0,0,0.0
25,S1,H8,loader,8,391.18142100000006,24.0,0.0,54.2,1,0,24.0,1.0,0.0,0,0.0
25,S1,H9,loader,8,937.184825,24.0,0.0,0.0,0,0,24.0,1.0,0.0,0,0.0
26,S1,H3,grapple_skidder,8,778.104169,24.0,0.0,54.68,0,0,24.0,1.0,0.0,0,0.0
26,S1,H4,processor,8,569.826226,24.0,0.0,55.4,0,0,24.0,1.0,0.0,0,0.0
26,S1,H5,processor,8,531.895933,24.0,0.0,53.48,0,0,24.0,1.0,0.0,0,0.0
26,S1,H7,loader,8,687.364703,24.0,0.0,54.2,0,0,24.0,1.0,0.0,0,0.0
26,S1,H8,loader,8,451.958924,24.0,0.0,54.92,0,0,24.0,1.0,0.0,0,0.0
27,S1,H3,grapple_skidder,8,159.77199800000017,24.0,0.0,54.2,0,0,24.0,1.0,0.0,0,0.0
27,S1,H4,processor,8,469.046841,24.0,0.0,54.92,0,0,24.0,1.0,0.0,0,0.0
27,S1,H5,processor,8,531.895933,24.0,0.0,0.0,0,0,24.0,1.0,0.0,0,0.0
27,S1,H7,loader,8,937.184825,24.0,0.0,53.72,0,0,24.0,1.0,0.0,0,0.0
27,S1,H8,loader,8,312.34549832857834,24.0,0.0,0.0,0,0,24.0,1.0,0.0,0,0.0
28,S1,H1,feller_buncher,8,1194.708925,24.0,0.0,0.0,0,0,24.0,1.0,0.0,0,0.0
28,S1,H3,grapple_skidder,8,935.6367696,24.0,0.0,53.48,1,0,24.0,1.0,0.0,0,0.0
28,S1,H4,processor,8,517.165642,24.0,0.0,54.2,0,0,24.0,1.0,0.0,0,0.0
28,S1,H7,loader,8,802.411354,24.0,0.0,53.24,0,0,24.0,1.0,0.0,0,0.0
28,S1,H8,loader,8,474.741639,24.0,0.0,53.48,0,0,24.0,1.0,0.0,0,0.0
28,S1,H9,loader,8,451.958924,24.0,0.0,55.4,0,0,24.0,1.0,0.0,0,0.0
29,S1,H3,grapple_skidder,8,739.620424,24.0,0.0,54.2,0,0,24.0,1.0,0.0,0,0.0
29,S1,H4,processor,8,430.907382,24.0,0.0,53.48,0,0,24.0,1.0,0.0,0,0.0
29,S1,H5,processor,8,400.8467135795556,24.0,0.0,0.0,1,0,24.0,1.0,0.0,0,0.0
29,S1,H7,loader,8,687.364703,24.0,0.0,53.48,0,0,24.0,1.0,0.0,0,0.0
29,S1,H8,loader,8,474.741639,24.0,0.0,0.0,0,0,24.0,1.0,0.0,0,0.0
30,S1,H3,grapple_skidder,8,1459.1402364999994,24.0,0.0,55.4,1,0,24.0,1.0,0.0,0,0.0
30,S1,H4,processor,8,164.19408399999998,24.0,0.0,53.48,0,0,24.0,1.0,0.0,0,0.0
30,S1,H5,processor,8,481.329283,24.0,0.0,55.16,0,0,24.0,1.0,0.0,0,0.0
30,S1,H6,processor,8,430.907382,24.0,0.0,53.72,0,0,24.0,1.0,0.0,0,0.0
30,S1,H7,loader,8,802.411354,24.0,0.0,53.48,0,0,24.0,1.0,0.0,0,0.0
30,S1,H8,loader,8,474.741639,24.0,0.0,0.0,0,0,24.0,1.0,0.0,0,0.0
31,S1,H3,grapple_skidder,8,567.1587449999993,24.0,0.0,53.24,0,0,24.0,1.0,0.0,0,0.0
31,S1,H4,processor,8,569.826226,24.0,0.0,53.72,0,0,24.0,1.0,0.0,0,0.0
31,S1,H5,processor,8,481.329283,24.0,0.0,0.0,0,0,24.0,1.0,0.0,0,0.0
31,S1,H6,processor,8,73.82200560000001,24.0,0.0,0.0,1,0,24.0,1.0,0.0,0,0.0
31,S1,H7,loader,8,687.364703,24.0,0.0,53.48,0,0,24.0,1.0,0.0,0,0.0
31,S1,H8,loader,8,348.4595660914406,17.615959711919377,6.384040288080623,0.0,0,0,24.0,0.733998321329974,6.384040288080623,1,0.0
32,S1,H3,grapple_skidder,8,778.104169,24.0,0.0,54.68,0,0,24.0,1.0,0.0,0,0.0
32,S1,H4,processor,8,569.826226,24.0,0.0,0.0,0,0,24.0,1.0,0.0,0,0.0
32,S1,H5,processor,8,531.895933,24.0,0.0,55.16,0,0,24.0,1.0,0.0,0,0.0
32,S1,H7,loader,8,3.9350617537756967,24.0,0.0,0.0,0,0,24.0,1.0,0.0,0,0.0
32,S1,H8,loader,8,558.398094,24.0,0.0,53.72,0,0,24.0,1.0,0.0,0,0.0
32,S1,H9,loader,8,451.958924,24.0,0.0,0.0,0,0,24.0,1.0,0.0,0,0.0
33,S1,H3,grapple_skidder,8,403.87247809999997,24.0,0.0,53.48,0,0,24.0,1.0,0.0,0,0.3
33,S1,H4,processor,8,32.046160999999415,24.0,0.0,53.24,0,0,24.0,1.0,0.0,0,0.3
33,S1,H5,processor,8,328.3327887,24.0,0.0,54.68,0,0,24.0,1.0,0.0,0,0.3
33,S1,H7,loader,8,656.0293775,24.0,0.0,53.72,0,0,24.0,1.0,0.0,0,0.3
33,S1,H8,loader,8,340.69574489999997,24.0,0.0,0.0,0,0,24.0,1.0,0.0,0,0.3
33,S1,H9,loader,8,316.3712468,24.0,0.0,0.0,0,0,24.0,1.0,0.0,0,0.3
34,S1,H1,feller_buncher,8,140.55055100000027,24.0,0.0,0.0,0,0,24.0,1.0,0.0,0,0.0
34,S1,H3,grapple_skidder,8,414.50735799999984,24.0,0.0,53.72,0,0,24.0,1.0,0.0,0,0.0
34,S1,H4,processor,8,403.87247809999997,24.0,0.0,54.2,1,0,24.0,1.0,0.0,0,0.0
34,S1,H5,processor,8,469.046841,24.0,0.0,0.0,0,0,24.0,1.0,0.0,0,0.0
34,S1,H7,loader,8,802.411354,24.0,0.0,53.24,0,0,24.0,1.0,0.0,0,0.0
35,S1,H3,grapple_skidder,8,140.55055100000027,24.0,0.0,55.16,1,0,24.0,1.0,0.0,0,0.0
35,S1,H4,processor,8,0.0,24.0,0.0,0.0,1,0,24.0,1.0,0.0,0,0.0
35,S1,H5,processor,8,409.650504,24.0,0.0,53.24,0,0,24.0,1.0,0.0,0,0.0
35,S1,H7,loader,8,135.7994320135582,24.0,0.0,0.0,1,0,24.0,1.0,0.0,0,0.0
35,S1,H8,loader,8,474.741639,24.0,0.0,53.72,0,0,24.0,1.0,0.0,0,0.0
36,S1,H3,grapple_skidder,8,855.829418,24.0,0.0,54.68,0,0,24.0,1.0,0.0,0,0.0
36,S1,H4,processor,8,569.826226,24.0,0.0,54.44,0,0,24.0,1.0,0.0,0,0.0
36,S1,H5,processor,8,395.15367800000007,24.0,0.0,0.0,0,0,24.0,1.0,0.0,0,0.0
36,S1,H7,loader,8,403.87247809999997,24.0,0.0,54.2,1,0,24.0,1.0,0.0,0,0.0
36,S1,H8,loader,8,474.741639,24.0,0.0,0.0,0,0,24.0,1.0,0.0,0,0.0
37,S1,H3,grapple_skidder,8,339.93655800000056,24.0,0.0,53.72,0,0,24.0,1.0,0.0,0,0.0
37,S1,H4,processor,8,2.363765499999886,24.0,0.0,0.0,1,0,24.0,1.0,0.0,0,0.0
37,S1,H5,processor,8,395.784917,24.0,0.0,53.48,0,0,24.0,1.0,0.0,0,0.0
37,S1,H7,loader,8,0.0,24.0,0.0,0.0,1,0,24.0,1.0,0.0,0,0.0
37,S1,H8,loader,8,424.433991,24.0,0.0,53.24,0,0,24.0,1.0,0.0,0,0.0
38,S1,H3,grapple_skidder,8,771.9640449821754,24.0,0.0,53.48,1,0,24.0,1.0,0.0,0,0.0
38,S1,H4,processor,8,410.442556,24.0,0.0,55.4,0,0,24.0,1.0,0.0,0,0.0
38,S1,H5,processor,8,395.784917,24.0,0.0,0.0,0,0,24.0,1.0,0.0,0,0.0
38,S1,H7,loader,8,937.184825,24.0,0.0,54.44,0,0,24.0,1.0,0.0,0,0.0
38,S1,H8,loader,8,424.433991,24.0,0.0,0.0,0,0,24.0,1.0,0.0,0,0.0
39,S1,H3,grapple_skidder,8,678.968019,24.0,0.0,53.72,0,0,24.0,1.0,0.0,0,0.0
39,S1,H4,processor,8,469.046841,24.0,0.0,53.48,0,0,24.0,1.0,0.0,0,0.0
39,S1,H5,processor,8,195.88960400000013,24.0,0.0,0.0,0,0,24.0,1.0,0.0,0,0.0
39,S1,H7,loader,8,156.20489599999996,24.0,0.0,0.0,1,0,24.0,1.0,0.0,0,0.0
39,S1,H8,loader,8,336.0197300000002,24.0,0.0,0.0,0,0,24.0,1.0,0.0,0,0.0
39,S1,H9,loader,8,451.958924,24.0,0.0,0.0,0,0,24.0,1.0,0.0,0,0.0
40,S1,H4,processor,8,547.23705,24.0,0.0,53.72,0,0,24.0,1.0,0.0,0,0.0
40,S1,H7,loader,8,474.741639,24.0,0.0,54.92,0,0,24.0,1.0,0.0,0,0.0
40,S1,H8,loader,8,456.725789,24.0,0.0,53.48,0,0,24.0,1.0,0.0,0,0.0
40,S1,H9,loader,8,134.70578599999976,24.0,0.0,0.0,0,0,24.0,1.0,0.0,0,0.0
41,S1,H4,processor,8,469.046841,24.0,0.0,53.72,0,0,24.0,1.0,0.0,0,0.0
41,S1,H7,loader,8,485.857474,24.0,0.0,53.72,0,0,24.0,1.0,0.0,0,0.0
41,S1,H8,loader,8,456.725789,24.0,0.0,0.0,0,0,24.0,1.0,0.0,0,0.0
42,S1,H3,grapple_skidder,8,678.968019,24.0,0.0,0.0,0,0,24.0,1.0,0.0,0,0.0
42,S1,H7,loader,8,296.90433646585126,24.0,0.0,53.72,0,0,24.0,1.0,0.0,0,0.0
42,S1,H8,loader,8,408.8519049999998,24.0,0.0,0.0,0,0,24.0,1.0,0.0,0,0.0
1,S1,H1,feller_buncher,9,854.6348594,24.0,0.0,0.0,0,0,24.0,1.0,0.0,0,0.3
1,S1,H2,feller_buncher,9,909.6350143999999,24.0,0.0,0.0,0,0,24.0,1.0,0.0,0,0.3
2,S1,H1,feller_buncher,9,1220.906942,24.0,0.0,0.0,0,0,24.0,1.0,0.0,0,0.0
2,S1,H2,feller_buncher,9,1164.04956,24.0,0.0,53.72,0,0,24.0,1.0,0.0,0,0.0
2,S1,H3,grapple_skidder,9,678.968019,24.0,0.0,0.0,0,0,24.0,1.0,0.0,0,0.0
3,S1,H1,feller_buncher,9,1176.844281,24.0,0.0,53.48,0,0,24.0,1.0,0.0,0,0.0
3,S1,H2,feller_buncher,9,888.796776,24.0,0.0,53.24,0,0,24.0,1.0,0.0,0,0.0
3,S1,H3,grapple_skidder,9,778.104169,24.0,0.0,53.72,0,0,24.0,1.0,0.0,0,0.0
3,S1,H4,processor,9,547.23705,24.0,0.0,0.0,0,0,24.0,1.0,0.0,0,0.0
4,S1,H1,feller_buncher,9,1176.844281,24.0,0.0,0.0,0,0,24.0,1.0,0.0,0,0.0
4,S1,H2,feller_buncher,9,888.796776,24.0,0.0,0.0,0,0,24.0,1.0,0.0,0,0.0
4,S1,H3,grapple_skidder,9,1332.369187,24.0,0.0,54.68,0,0,24.0,1.0,0.0,0,0.0
4,S1,H4,processor,9,469.046841,24.0,0.0,53.72,0,0,24.0,1.0,0.0,0,0.0
4,S1,H7,loader,9,485.857474,24.0,0.0,0.0,0,0,24.0,1.0,0.0,0,0.0
5,S1,H1,feller_buncher,9,1164.04956,24.0,0.0,54.2,0,0,24.0,1.0,0.0,0,0.0
5,S1,H2,feller_buncher,9,961.553907,24.0,0.0,53.24,0,0,24.0,1.0,0.0,0,0.0
5,S1,H3,grapple_skidder,9,1164.728216,24.0,0.0,53.48,0,0,24.0,1.0,0.0,0,0.0
5,S1,H4,processor,9,531.895933,24.0,0.0,54.68,0,0,24.0,1.0,0.0,0,0.0
6,S1,H1,feller_buncher,9,256.1621419999998,24.0,0.0,53.24,0,0,24.0,1.0,0.0,0,0.0
6,S1,H2,feller_buncher,9,771.7626614857783,19.262886605543873,4.737113394456127,0.0,0,0,24.0,0.8026202752309947,4.737113394456127,1,0.0
6,S1,H3,grapple_skidder,9,1164.728216,24.0,0.0,0.0,0,0,24.0,1.0,0.0,0,0.0
6,S1,H4,processor,9,531.895933,24.0,0.0,0.0,0,0,24.0,1.0,0.0,0,0.0
7,S1,H1,feller_buncher,9,1164.04956,24.0,0.0,53.24,0,0,24.0,1.0,0.0,0,0.0
7,S1,H2,feller_buncher,9,961.553907,24.0,0.0,0.0,0,0,24.0,1.0,0.0,0,0.0
7,S1,H3,grapple_skidder,9,809.624168,24.0,0.0,54.44,0,0,24.0,1.0,0.0,0,0.0
7,S1,H4,processor,9,517.165642,24.0,0.0,53.48,0,0,24.0,1.0,0.0,0,0.0
7,S1,H7,loader,9,802.411354,24.0,0.0,55.4,0,0,24.0,1.0,0.0,0,0.0
8,S1,H1,feller_buncher,9,860.013242,24.0,0.0,53.24,0,0,24.0,1.0,0.0,0,0.0
8,S1,H2,feller_buncher,9,413.7565330000002,24.0,0.0,0.0,0,0,24.0,1.0,0.0,0,0.0
8,S1,H3,grapple_skidder,9,778.104169,24.0,0.0,53.24,0,0,24.0,1.0,0.0,0,0.0
8,S1,H4,processor,9,517.165642,24.0,0.0,0.0,0,0,24.0,1.0,0.0,0,0.0
8,S1,H5,processor,9,409.650504,24.0,0.0,0.0,0,0,24.0,1.0,0.0,0,0.0
9,S1,H1,feller_buncher,9,1299.478592,24.0,0.0,53.96,0,0,24.0,1.0,0.0,0,0.0
9,S1,H2,feller_buncher,9,1220.906942,24.0,0.0,55.16,0,0,24.0,1.0,0.0,0,0.0
9,S1,H3,grapple_skidder,9,778.104169,24.0,0.0,0.0,0,0,24.0,1.0,0.0,0,0.0
9,S1,H7,loader,9,687.364703,24.0,0.0,53.48,0,0,24.0,1.0,0.0,0,0.0
10,S1,H1,feller_buncher,9,1299.478592,24.0,0.0,0.0,0,0,24.0,1.0,0.0,0,0.0
10,S1,H2,feller_buncher,9,860.013242,24.0,0.0,54.44,0,0,24.0,1.0,0.0,0,0.0
10,S1,H3,grapple_skidder,9,739.620424,24.0,0.0,53.48,0,0,24.0,1.0,0.0,0,0.0
10,S1,H4,processor,9,517.165642,24.0,0.0,0.0,0,0,24.0,1.0,0.0,0,0.0
10,S1,H5,processor,9,469.046841,24.0,0.0,53.24,0,0,24.0,1.0,0.0,0,0.0
11,S1,H1,feller_buncher,9,1299.478592,24.0,0.0,0.0,0,0,24.0,1.0,0.0,0,0.0
11,S1,H2,feller_buncher,9,59.00278800000001,24.0,0.0,0.0,0,0,24.0,1.0,0.0,0,0.0
11,S1,H3,grapple_skidder,9,778.104169,24.0,0.0,53.48,0,0,24.0,1.0,0.0,0,0.0
11,S1,H4,processor,9,481.329283,24.0,0.0,54.68,0,0,24.0,1.0,0.0,0,0.0
11,S1,H7,loader,9,687.364703,24.0,0.0,0.0,0,0,24.0,1.0,0.0,0,0.0
12,S1,H1,feller_buncher,9,249.20601649999983,24.0,0.0,0.0,0,0,24.0,1.0,0.0,0,0.3
12,S1,H2,feller_buncher,9,472.22269289999997,24.0,0.0,53.72,0,0,24.0,1.0,0.0,0,0.3
12,S1,H3,grapple_skidder,9,932.6584309,24.0,0.0,54.68,0,0,24.0,1.0,0.0,0,0.3
12,S1,H4,processor,9,362.0159494,24.0,0.0,54.68,0,0,24.0,1.0,0.0,0,0.3
12,S1,H7,loader,9,332.3191473,24.0,0.0,54.2,0,0,24.0,1.0,0.0,0,0.3
12,S1,H8,loader,9,316.3712468,24.0,0.0,0.0,0,0,24.0,1.0,0.0,0,0.3
13,S1,H1,feller_buncher,9,1164.04956,24.0,0.0,53.72,0,0,24.0,1.0,0.0,0,0.0
13,S1,H2,feller_buncher,9,1194.708925,24.0,0.0,53.96,0,0,24.0,1.0,0.0,0,0.0
13,S1,H3,grapple_skidder,9,809.624168,24.0,0.0,54.92,0,0,24.0,1.0,0.0,0,0.0
13,S1,H4,processor,9,531.895933,24.0,0.0,53.48,0,0,24.0,1.0,0.0,0,0.0
13,S1,H7,loader,9,538.7834694000003,24.0,0.0,54.2,1,0,24.0,1.0,0.0,0,0.0
14,S1,H1,feller_buncher,9,1176.844281,24.0,0.0,54.2,0,0,24.0,1.0,0.0,0,0.0
14,S1,H2,feller_buncher,9,1194.708925,24.0,0.0,0.0,0,0,24.0,1.0,0.0,0,0.0
14,S1,H3,grapple_skidder,9,778.104169,24.0,0.0,53.24,0,0,24.0,1.0,0.0,0,0.0
14,S1,H4,processor,9,531.895933,24.0,0.0,0.0,0,0,24.0,1.0,0.0,0,0.0
14,S1,H5,processor,9,409.650504,24.0,0.0,53.24,0,0,24.0,1.0,0.0,0,0.0
15,S1,H1,feller_buncher,9,1176.844281,24.0,0.0,0.0,0,0,24.0,1.0,0.0,0,0.0
15,S1,H2,feller_buncher,9,1164.04956,24.0,0.0,54.92,0,0,24.0,1.0,0.0,0,0.0
15,S1,H3,grapple_skidder,9,923.199854,24.0,0.0,53.24,0,0,24.0,1.0,0.0,0,0.0
15,S1,H4,processor,9,409.650504,24.0,0.0,54.92,0,0,24.0,1.0,0.0,0,0.0
15,S1,H7,loader,9,802.411354,24.0,0.0,53.48,0,0,24.0,1.0,0.0,0,0.0
16,S1,H1,feller_buncher,9,111.30773800000088,24.0,0.0,0.0,0,0,24.0,1.0,0.0,0,0.0
16,S1,H2,feller_buncher,9,502.7667789999996,24.0,0.0,0.0,0,0,24.0,1.0,0.0,0,0.0
16,S1,H3,grapple_skidder,9,1480.641393,24.0,0.0,54.68,0,0,24.0,1.0,0.0,0,0.0
16,S1,H4,processor,9,137.44388589999994,24.0,0.0,54.92,1,0,24.0,1.0,0.0,0,0.0
16,S1,H5,processor,9,395.784917,24.0,0.0,53.48,0,0,24.0,1.0,0.0,0,0.0
16,S1,H7,loader,9,424.433991,24.0,0.0,54.92,0,0,24.0,1.0,0.0,0,0.0
17,S1,H1,feller_buncher,9,576.960683,24.0,0.0,53.72,0,0,24.0,1.0,0.0,0,0.0
17,S1,H2,feller_buncher,9,319.44148253459366,24.0,0.0,54.44,0,0,24.0,1.0,0.0,0,0.0
17,S1,H3,grapple_skidder,9,472.22269289999997,24.0,0.0,53.96,1,0,24.0,1.0,0.0,0,0.0
17,S1,H4,processor,9,569.826226,24.0,0.0,53.24,0,0,24.0,1.0,0.0,0,0.0
17,S1,H5,processor,9,303.2928646462059,24.0,0.0,0.0,0,0,24.0,1.0,0.0,0,0.0
17,S1,H6,processor,9,469.046841,24.0,0.0,0.0,0,0,24.0,1.0,0.0,0,0.0
17,S1,H7,loader,9,424.433991,24.0,0.0,0.0,0,0,24.0,1.0,0.0,0,0.0
17,S1,H8,loader,9,660.2049099000002,24.0,0.0,55.16,1,0,24.0,1.0,0.0,0,0.0
18,S1,H1,feller_buncher,9,1220.906942,24.0,0.0,54.2,0,0,24.0,1.0,0.0,0,0.0
18,S1,H2,feller_buncher,9,486.3476200000001,24.0,0.0,0.0,0,0,24.0,1.0,0.0,0,0.0
18,S1,H3,grapple_skidder,9,1164.728216,24.0,0.0,53.24,0,0,24.0,1.0,0.0,0,0.0
18,S1,H4,processor,9,569.826226,24.0,0.0,0.0,0,0,24.0,1.0,0.0,0,0.0
18,S1,H5,processor,9,456.082335,24.0,0.0,53.72,0,0,24.0,1.0,0.0,0,0.0
18,S1,H7,loader,9,474.741639,24.0,0.0,53.24,0,0,24.0,1.0,0.0,0,0.0
18,S1,H8,loader,9,456.725789,24.0,0.0,54.44,0,0,24.0,1.0,0.0,0,0.0
19,S1,H1,feller_buncher,9,1013.0077249999999,24.0,0.0,0.0,0,0,24.0,1.0,0.0,0,0.0
19,S1,H2,feller_buncher,9,680.207863,24.0,0.0,53.72,0,0,24.0,1.0,0.0,0,0.0
19,S1,H3,grapple_skidder,9,805.7891025345938,24.0,0.0,53.24,1,0,24.0,1.0,0.0,0,0.0
19,S1,H4,processor,9,517.165642,24.0,0.0,53.72,0,0,24.0,1.0,0.0,0,0.0
19,S1,H5,processor,9,16.14035789999997,24.0,0.0,0.0,1,0,24.0,1.0,0.0,0,0.0
19,S1,H6,processor,9,469.046841,24.0,0.0,0.0,0,0,24.0,1.0,0.0,0,0.0
19,S1,H7,loader,9,741.4049654757405,24.0,0.0,54.92,0,0,24.0,1.0,0.0,0,0.0
20,S1,H1,feller_buncher,9,1194.708925,24.0,0.0,53.24,0,0,24.0,1.0,0.0,0,0.0
20,S1,H2,feller_buncher,9,364.89843800000006,24.0,0.0,0.0,0,0,24.0,1.0,0.0,0,0.0
20,S1,H3,grapple_skidder,9,1332.369187,24.0,0.0,53.24,0,0,24.0,1.0,0.0,0,0.0
20,S1,H4,processor,9,517.165642,24.0,0.0,0.0,0,0,24.0,1.0,0.0,0,0.0
20,S1,H5,processor,9,469.046841,24.0,0.0,53.96,0,0,24.0,1.0,0.0,0,0.0
20,S1,H6,processor,9,441.264891,24.0,0.0,54.44,0,0,24.0,1.0,0.0,0,0.0
20,S1,H7,loader,9,472.22269289999997,24.0,0.0,53.96,1,0,24.0,1.0,0.0,0,0.0
21,S1,H3,grapple_skidder,9,739.620424,24.0,0.0,55.16,0,0,24.0,1.0,0.0,0,0.0
21,S1,H4,processor,9,531.895933,24.0,0.0,53.48,0,0,24.0,1.0,0.0,0,0.0
21,S1,H5,processor,9,469.046841,24.0,0.0,0.0,0,0,24.0,1.0,0.0,0,0.0
21,S1,H6,processor,9,364.5242115345938,24.0,0.0,0.0,1,0,24.0,1.0,0.0,0,0.0
21,S1,H7,loader,9,687.364703,24.0,0.0,53.24,0,0,24.0,1.0,0.0,0,0.0
22,S1,H3,grapple_skidder,9,1480.641393,24.0,0.0,55.4,0,0,24.0,1.0,0.0,0,0.0
22,S1,H4,processor,9,531.895933,24.0,0.0,0.0,0,0,24.0,1.0,0.0,0,0.0
22,S1,H5,processor,9,481.329283,24.0,0.0,53.48,0,0,24.0,1.0,0.0,0,0.0
22,S1,H6,processor,9,469.046841,24.0,0.0,54.44,0,0,24.0,1.0,0.0,0,0.0
22,S1,H7,loader,9,733.483855,24.0,0.0,53.24,0,0,24.0,1.0,0.0,0,0.0
23,S1,H3,grapple_skidder,9,1164.728216,24.0,0.0,53.72,0,0,24.0,1.0,0.0,0,0.0
23,S1,H4,processor,9,569.826226,24.0,0.0,53.24,0,0,24.0,1.0,0.0,0,0.0
23,S1,H5,processor,9,481.329283,24.0,0.0,0.0,0,0,24.0,1.0,0.0,0,0.0
23,S1,H6,processor,9,469.046841,24.0,0.0,0.0,0,0,24.0,1.0,0.0,0,0.0
23,S1,H7,loader,9,802.411354,24.0,0.0,53.24,0,0,24.0,1.0,0.0,0,0.0
24,S1,H3,grapple_skidder,9,739.620424,24.0,0.0,54.68,0,0,24.0,1.0,0.0,0,0.0
24,S1,H4,processor,9,569.826226,24.0,0.0,0.0,0,0,24.0,1.0,0.0,0,0.0
24,S1,H5,processor,9,517.165642,24.0,0.0,54.68,0,0,24.0,1.0,0.0,0,0.0
24,S1,H6,processor,9,0.0,24.0,0.0,54.44,1,0,24.0,1.0,0.0,0,0.0
24,S1,H7,loader,9,474.741639,24.0,0.0,54.68,0,0,24.0,1.0,0.0,0,0.0
25,S1,H3,grapple_skidder,9,932.6584309,24.0,0.0,55.16,0,0,24.0,1.0,0.0,0,0.3
25,S1,H4,processor,9,336.93049809999997,24.0,0.0,55.4,0,0,24.0,1.0,0.0,0,0.3
25,S1,H5,processor,9,362.0159494,24.0,0.0,0.0,0,0,24.0,1.0,0.0,0,0.3
25,S1,H7,loader,9,332.3191473,24.0,0.0,0.0,0,0,24.0,1.0,0.0,0,0.3
25,S1,H8,loader,9,72.30524753459383,24.0,0.0,54.2,1,0,24.0,1.0,0.0,0,0.3
25,S1,H9,loader,9,656.0293775,24.0,0.0,0.0,0,0,24.0,1.0,0.0,0,0.3
26,S1,H3,grapple_skidder,9,778.104169,24.0,0.0,54.68,0,0,24.0,1.0,0.0,0,0.0
26,S1,H4,processor,9,569.826226,24.0,0.0,55.4,0,0,24.0,1.0,0.0,0,0.0
26,S1,H5,processor,9,531.895933,24.0,0.0,53.48,0,0,24.0,1.0,0.0,0,0.0
26,S1,H7,loader,9,687.364703,24.0,0.0,54.2,0,0,24.0,1.0,0.0,0,0.0
26,S1,H8,loader,9,451.958924,24.0,0.0,54.92,0,0,24.0,1.0,0.0,0,0.0
27,S1,H3,grapple_skidder,9,159.77199800000017,24.0,0.0,54.2,0,0,24.0,1.0,0.0,0,0.0
27,S1,H4,processor,9,469.046841,24.0,0.0,54.92,0,0,24.0,1.0,0.0,0,0.0
27,S1,H5,processor,9,531.895933,24.0,0.0,0.0,0,0,24.0,1.0,0.0,0,0.0
27,S1,H7,loader,9,937.184825,24.0,0.0,53.72,0,0,24.0,1.0,0.0,0,0.0
27,S1,H8,loader,9,451.958924,24.0,0.0,0.0,0,0,24.0,1.0,0.0,0,0.0
28,S1,H1,feller_buncher,9,1194.708925,24.0,0.0,0.0,0,0,24.0,1.0,0.0,0,0.0
28,S1,H3,grapple_skidder,9,1045.106301,24.0,0.0,53.48,0,0,24.0,1.0,0.0,0,0.0
28,S1,H4,processor,9,517.165642,24.0,0.0,54.2,0,0,24.0,1.0,0.0,0,0.0
28,S1,H7,loader,9,802.411354,24.0,0.0,53.24,0,0,24.0,1.0,0.0,0,0.0
28,S1,H8,loader,9,474.741639,24.0,0.0,53.48,0,0,24.0,1.0,0.0,0,0.0
28,S1,H9,loader,9,253.5254704684824,24.0,0.0,55.4,0,0,24.0,1.0,0.0,0,0.0
29,S1,H3,grapple_skidder,9,739.620424,24.0,0.0,54.2,0,0,24.0,1.0,0.0,0,0.0
29,S1,H4,processor,9,430.907382,24.0,0.0,53.48,0,0,24.0,1.0,0.0,0,0.0
29,S1,H5,processor,9,137.44388589999994,24.0,0.0,0.0,1,0,24.0,1.0,0.0,0,0.0
29,S1,H7,loader,9,687.364703,24.0,0.0,53.48,0,0,24.0,1.0,0.0,0,0.0
29,S1,H8,loader,9,474.741639,24.0,0.0,0.0,0,0,24.0,1.0,0.0,0,0.0
30,S1,H3,grapple_skidder,9,1480.641393,24.0,0.0,55.4,0,0,24.0,1.0,0.0,0,0.0
30,S1,H4,processor,9,164.19408399999998,24.0,0.0,53.48,0,0,24.0,1.0,0.0,0,0.0
30,S1,H5,processor,9,481.329283,24.0,0.0,55.16,0,0,24.0,1.0,0.0,0,0.0
30,S1,H6,processor,9,430.907382,24.0,0.0,53.72,0,0,24.0,1.0,0.0,0,0.0
30,S1,H7,loader,9,660.2049099000002,24.0,0.0,53.48,1,0,24.0,1.0,0.0,0,0.0
30,S1,H8,loader,9,474.741639,24.0,0.0,0.0,0,0,24.0,1.0,0.0,0,0.0
31,S1,H3,grapple_skidder,9,567.1587449999993,24.0,0.0,53.24,0,0,24.0,1.0,0.0,0,0.0
31,S1,H4,processor,9,569.826226,24.0,0.0,53.72,0,0,24.0,1.0,0.0,0,0.0
31,S1,H5,processor,9,481.329283,24.0,0.0,0.0,0,0,24.0,1.0,0.0,0,0.0
31,S1,H6,processor,9,183.29153700000006,24.0,0.0,0.0,0,0,24.0,1.0,0.0,0,0.0
31,S1,H7,loader,9,532.7784924000002,24.0,0.0,53.48,1,0,24.0,1.0,0.0,0,0.0
31,S1,H8,loader,9,474.741639,24.0,0.0,0.0,0,0,24.0,1.0,0.0,0,0.0
32,S1,H3,grapple_skidder,9,544.6729182999999,24.0,0.0,54.68,0,0,24.0,1.0,0.0,0,0.3
32,S1,H4,processor,9,398.8783582,24.0,0.0,0.0,0,0,24.0,1.0,0.0,0,0.3
32,S1,H5,processor,9,372.3271531,24.0,0.0,55.16,0,0,24.0,1.0,0.0,0,0.3
32,S1,H7,loader,9,0.0,24.0,0.0,0.0,1,0,24.0,1.0,0.0,0,0.3
32,S1,H8,loader,9,390.87866579999996,24.0,0.0,53.72,0,0,24.0,1.0,0.0,0,0.3
32,S1,H9,loader,9,290.4355546395652,22.03251206250127,1.9674879374987313,0.0,0,0,24.0,0.9180213359375529,1.9674879374987313,1,0.3
33,S1,H3,grapple_skidder,9,576.960683,24.0,0.0,53.48,0,0,24.0,1.0,0.0,0,0.0
33,S1,H4,processor,9,35.26711507171875,24.0,0.0,53.24,0,0,24.0,1.0,0.0,0,0.0
33,S1,H5,processor,9,469.046841,24.0,0.0,54.68,0,0,24.0,1.0,0.0,0,0.0
33,S1,H7,loader,9,937.184825,24.0,0.0,53.72,0,0,24.0,1.0,0.0,0,0.0
33,S1,H8,loader,9,251.14992296388166,24.0,0.0,0.0,0,0,24.0,1.0,0.0,0,0.0
33,S1,H9,loader,9,451.958924,24.0,0.0,0.0,0,0,24.0,1.0,0.0,0,0.0
34,S1,H1,feller_buncher,9,140.55055100000027,24.0,0.0,0.0,0,0,24.0,1.0,0.0,0,0.0
34,S1,H3,grapple_skidder,9,414.50735799999984,24.0,0.0,53.72,0,0,24.0,1.0,0.0,0,0.0
34,S1,H4,processor,9,428.751305,24.0,0.0,54.2,0,0,24.0,1.0,0.0,0,0.0
34,S1,H5,processor,9,469.046841,24.0,0.0,0.0,0,0,24.0,1.0,0.0,0,0.0
34,S1,H7,loader,9,407.59426817171874,24.0,0.0,53.24,1,0,24.0,1.0,0.0,0,0.0
35,S1,H3,grapple_skidder,9,477.4620719999998,24.0,0.0,55.16,0,0,24.0,1.0,0.0,0,0.0
35,S1,H4,processor,9,68.37228515033283,24.0,0.0,0.0,0,0,24.0,1.0,0.0,0,0.0
35,S1,H5,processor,9,409.650504,24.0,0.0,53.24,0,0,24.0,1.0,0.0,0,0.0
35,S1,H7,loader,9,0.0,24.0,0.0,0.0,1,0,24.0,1.0,0.0,0,0.0
35,S1,H8,loader,9,474.741639,24.0,0.0,53.72,0,0,24.0,1.0,0.0,0,0.0
36,S1,H3,grapple_skidder,9,855.829418,24.0,0.0,54.68,0,0,24.0,1.0,0.0,0,0.0
36,S1,H4,processor,9,569.826226,24.0,0.0,54.44,0,0,24.0,1.0,0.0,0,0.0
36,S1,H5,processor,9,395.15367800000007,24.0,0.0,0.0,0,0,24.0,1.0,0.0,0,0.0
36,S1,H7,loader,9,497.1235901503328,24.0,0.0,54.2,1,0,24.0,1.0,0.0,0,0.0
36,S1,H8,loader,9,474.741639,24.0,0.0,0.0,0,0,24.0,1.0,0.0,0,0.0
37,S1,H3,grapple_skidder,9,150.14531248577828,24.0,0.0,53.72,1,0,24.0,1.0,0.0,0,0.0
37,S1,H4,processor,9,360.77644299999906,24.0,0.0,0.0,0,0,24.0,1.0,0.0,0,0.0
37,S1,H5,processor,9,278.27822170349265,24.0,0.0,53.48,0,0,24.0,1.0,0.0,0,0.0
37,S1,H7,loader,9,0.0,24.0,0.0,0.0,1,0,24.0,1.0,0.0,0,0.0
37,S1,H8,loader,9,424.433991,24.0,0.0,53.24,0,0,24.0,1.0,0.0,0,0.0
38,S1,H3,grapple_skidder,9,778.104169,24.0,0.0,53.48,0,0,24.0,1.0,0.0,0,0.0
38,S1,H4,processor,9,365.050095385778,24.0,0.0,55.4,1,0,24.0,1.0,0.0,0,0.0
38,S1,H5,processor,9,365.0627539952727,22.137038880353654,1.8629611196463465,0.0,0,0,24.0,0.9223766200147355,1.8629611196463456,1,0.0
38,S1,H7,loader,9,937.184825,24.0,0.0,54.44,0,0,24.0,1.0,0.0,0,0.0
38,S1,H8,loader,9,424.433991,24.0,0.0,0.0,0,0,24.0,1.0,0.0,0,0.0
39,S1,H3,grapple_skidder,9,678.968019,24.0,0.0,53.72,0,0,24.0,1.0,0.0,0,0.0
39,S1,H4,processor,9,469.046841,24.0,0.0,53.48,0,0,24.0,1.0,0.0,0,0.0
39,S1,H5,processor,9,195.88960400000013,24.0,0.0,0.0,0,0,24.0,1.0,0.0,0,0.0
39,S1,H7,loader,9,96.49087054575969,24.0,0.0,0.0,0,0,24.0,1.0,0.0,0,0.0
39,S1,H8,loader,9,336.0197300000002,24.0,0.0,0.0,0,0,24.0,1.0,0.0,0,0.0
39,S1,H9,loader,9,451.958924,24.0,0.0,0.0,0,0,24.0,1.0,0.0,0,0.0
40,S1,H4,processor,9,547.23705,24.0,0.0,53.72,0,0,24.0,1.0,0.0,0,0.0
40,S1,H7,loader,9,474.741639,24.0,0.0,54.92,0,0,24.0,1.0,0.0,0,0.0
40,S1,H8,loader,9,456.725789,24.0,0.0,53.48,0,0,24.0,1.0,0.0,0,0.0
40,S1,H9,loader,9,59.32024280415987,24.0,0.0,0.0,0,0,24.0,1.0,0.0,0,0.0
41,S1,H4,processor,9,362.8400093000008,24.0,0.0,53.72,1,0,24.0,1.0,0.0,0,0.0
41,S1,H7,loader,9,485.857474,24.0,0.0,53.72,0,0,24.0,1.0,0.0,0,0.0
41,S1,H8,loader,9,456.725789,24.0,0.0,0.0,0,0,24.0,1.0,0.0,0,0.0
42,S1,H3,grapple_skidder,9,678.968019,24.0,0.0,0.0,0,0,24.0,1.0,0.0,0,0.0
42,S1,H7,loader,9,474.741639,24.0,0.0,53.72,0,0,24.0,1.0,0.0,0,0.0
42,S1,H8,loader,9,168.13099434497127,24.0,0.0,0.0,1,0,24.0,1.0,0.0,0,0.0
1,S1,H1,feller_buncher,10,1220.906942,24.0,0.0,0.0,0,0,24.0,1.0,0.0,0,0.0
1,S1,H2,feller_buncher,10,1299.478592,24.0,0.0,0.0,0,0,24.0,1.0,0.0,0,0.0
2,S1,H1,feller_buncher,10,1220.906942,24.0,0.0,0.0,0,0,24.0,1.0,0.0,0,0.0
2,S1,H2,feller_buncher,10,1164.04956,24.0,0.0,53.72,0,0,24.0,1.0,0.0,0,0.0
2,S1,H3,grapple_skidder,10,678.968019,24.0,0.0,0.0,0,0,24.0,1.0,0.0,0,0.0
3,S1,H1,feller_buncher,10,1176.844281,24.0,0.0,53.48,0,0,24.0,1.0,0.0,0,0.0
3,S1,H2,feller_buncher,10,888.796776,24.0,0.0,53.24,0,0,24.0,1.0,0.0,0,0.0
3,S1,H3,grapple_skidder,10,778.104169,24.0,0.0,53.72,0,0,24.0,1.0,0.0,0,0.0
3,S1,H4,processor,10,547.23705,24.0,0.0,0.0,0,0,24.0,1.0,0.0,0,0.0
4,S1,H1,feller_buncher,10,1176.844281,24.0,0.0,0.0,0,0,24.0,1.0,0.0,0,0.0
4,S1,H2,feller_buncher,10,888.796776,24.0,0.0,0.0,0,0,24.0,1.0,0.0,0,0.0
4,S1,H3,grapple_skidder,10,1332.369187,24.0,0.0,54.68,0,0,24.0,1.0,0.0,0,0.0
4,S1,H4,processor,10,469.046841,24.0,0.0,53.72,0,0,24.0,1.0,0.0,0,0.0
4,S1,H7,loader,10,485.857474,24.0,0.0,0.0,0,0,24.0,1.0,0.0,0,0.0
5,S1,H1,feller_buncher,10,1164.04956,24.0,0.0,54.2,0,0,24.0,1.0,0.0,0,0.0
5,S1,H2,feller_buncher,10,961.553907,24.0,0.0,53.24,0,0,24.0,1.0,0.0,0,0.0
5,S1,H3,grapple_skidder,10,1164.728216,24.0,0.0,53.48,0,0,24.0,1.0,0.0,0,0.0
5,S1,H4,processor,10,531.895933,24.0,0.0,54.68,0,0,24.0,1.0,0.0,0,0.0
6,S1,H1,feller_buncher,10,256.1621419999998,24.0,0.0,53.24,0,0,24.0,1.0,0.0,0,0.0
6,S1,H2,feller_buncher,10,961.553907,24.0,0.0,0.0,0,0,24.0,1.0,0.0,0,0.0
6,S1,H3,grapple_skidder,10,1164.728216,24.0,0.0,0.0,0,0,24.0,1.0,0.0,0,0.0
6,S1,H4,processor,10,531.895933,24.0,0.0,0.0,0,0,24.0,1.0,0.0,0,0.0
7,S1,H1,feller_buncher,10,1164.04956,24.0,0.0,53.24,0,0,24.0,1.0,0.0,0,0.0
7,S1,H2,feller_buncher,10,961.553907,24.0,0.0,0.0,0,0,24.0,1.0,0.0,0,0.0
7,S1,H3,grapple_skidder,10,809.624168,24.0,0.0,54.44,0,0,24.0,1.0,0.0,0,0.0
7,S1,H4,processor,10,517.165642,24.0,0.0,53.48,0,0,24.0,1.0,0.0,0,0.0
7,S1,H7,loader,10,802.411354,24.0,0.0,55.4,0,0,24.0,1.0,0.0,0,0.0
8,S1,H1,feller_buncher,10,860.013242,24.0,0.0,53.24,0,0,24.0,1.0,0.0,0,0.0
8,S1,H2,feller_buncher,10,413.7565330000002,24.0,0.0,0.0,0,0,24.0,1.0,0.0,0,0.0
8,S1,H3,grapple_skidder,10,778.104169,24.0,0.0,53.24,0,0,24.0,1.0,0.0,0,0.0
8,S1,H4,processor,10,517.165642,24.0,0.0,0.0,0,0,24.0,1.0,0.0,0,0.0
8,S1,H5,processor,10,409.650504,24.0,0.0,0.0,0,0,24.0,1.0,0.0,0,0.0
9,S1,H1,feller_buncher,10,771.4592036676289,20.35434058157458,3.6456594184254207,53.96,0,0,24.0,0.8480975242322741,3.6456594184254194,1,0.3
9,S1,H2,feller_buncher,10,854.6348594,24.0,0.0,55.16,0,0,24.0,1.0,0.0,0,0.3
9,S1,H3,grapple_skidder,10,544.6729182999999,24.0,0.0,0.0,0,0,24.0,1.0,0.0,0,0.3
9,S1,H7,loader,10,481.15529209999994,24.0,0.0,53.48,0,0,24.0,1.0,0.0,0,0.3
10,S1,H1,feller_buncher,10,1299.478592,24.0,0.0,0.0,0,0,24.0,1.0,0.0,0,0.0
10,S1,H2,feller_buncher,10,860.013242,24.0,0.0,54.44,0,0,24.0,1.0,0.0,0,0.0
10,S1,H3,grapple_skidder,10,739.620424,24.0,0.0,53.48,0,0,24.0,1.0,0.0,0,0.0
10,S1,H4,processor,10,517.165642,24.0,0.0,0.0,0,0,24.0,1.0,0.0,0,0.0
10,S1,H5,processor,10,469.046841,24.0,0.0,53.24,0,0,24.0,1.0,0.0,0,0.0
11,S1,H1,feller_buncher,10,1299.478592,24.0,0.0,0.0,0,0,24.0,1.0,0.0,0,0.0
11,S1,H2,feller_buncher,10,59.00278800000001,24.0,0.0,0.0,0,0,24.0,1.0,0.0,0,0.0
11,S1,H3,grapple_skidder,10,778.104169,24.0,0.0,53.48,0,0,24.0,1.0,0.0,0,0.0
11,S1,H4,processor,10,481.329283,24.0,0.0,54.68,0,0,24.0,1.0,0.0,0,0.0
11,S1,H7,loader,10,687.364703,24.0,0.0,0.0,0,0,24.0,1.0,0.0,0,0.0
12,S1,H1,feller_buncher,10,280.39363998846585,24.0,0.0,0.0,0,0,24.0,1.0,0.0,0,0.0
12,S1,H2,feller_buncher,10,674.603847,24.0,0.0,53.72,0,0,24.0,1.0,0.0,0,0.0
12,S1,H3,grapple_skidder,10,1332.369187,24.0,0.0,54.68,0,0,24.0,1.0,0.0,0,0.0
12,S1,H4,processor,10,517.165642,24.0,0.0,54.68,0,0,24.0,1.0,0.0,0,0.0
12,S1,H7,loader,10,474.741639,24.0,0.0,54.2,0,0,24.0,1.0,0.0,0,0.0
12,S1,H8,loader,10,451.958924,24.0,0.0,0.0,0,0,24.0,1.0,0.0,0,0.0
13,S1,H1,feller_buncher,10,1164.04956,24.0,0.0,53.72,0,0,24.0,1.0,0.0,0,0.0
13,S1,H2,feller_buncher,10,1194.708925,24.0,0.0,53.96,0,0,24.0,1.0,0.0,0,0.0
13,S1,H3,grapple_skidder,10,468.51085600083036,24.0,0.0,54.92,0,0,24.0,1.0,0.0,0,0.0
13,S1,H4,processor,10,531.895933,24.0,0.0,53.48,0,0,24.0,1.0,0.0,0,0.0
13,S1,H7,loader,10,687.364703,24.0,0.0,54.2,0,0,24.0,1.0,0.0,0,0.0
14,S1,H1,feller_buncher,10,1176.844281,24.0,0.0,54.2,0,0,24.0,1.0,0.0,0,0.0
14,S1,H2,feller_buncher,10,1194.708925,24.0,0.0,0.0,0,0,24.0,1.0,0.0,0,0.0
14,S1,H3,grapple_skidder,10,671.885252175867,20.723762568891736,3.276237431108264,53.24,0,0,24.0,0.8634901070371557,3.276237431108264,1,0.0
14,S1,H4,processor,10,531.895933,24.0,0.0,0.0,0,0,24.0,1.0,0.0,0,0.0
14,S1,H5,processor,10,409.650504,24.0,0.0,53.24,0,0,24.0,1.0,0.0,0,0.0
15,S1,H1,feller_buncher,10,1176.844281,24.0,0.0,0.0,0,0,24.0,1.0,0.0,0,0.0
15,S1,H2,feller_buncher,10,1164.04956,24.0,0.0,54.92,0,0,24.0,1.0,0.0,0,0.0
15,S1,H3,grapple_skidder,10,375.2917853225163,24.0,0.0,53.24,0,0,24.0,1.0,0.0,0,0.0
15,S1,H4,processor,10,409.650504,24.0,0.0,54.92,0,0,24.0,1.0,0.0,0,0.0
15,S1,H7,loader,10,802.411354,24.0,0.0,53.48,0,0,24.0,1.0,0.0,0,0.0
16,S1,H1,feller_buncher,10,111.30773800000088,24.0,0.0,0.0,0,0,24.0,1.0,0.0,0,0.0
16,S1,H2,feller_buncher,10,502.7667789999996,24.0,0.0,0.0,0,0,24.0,1.0,0.0,0,0.0
16,S1,H3,grapple_skidder,10,1480.641393,24.0,0.0,54.68,0,0,24.0,1.0,0.0,0,0.0
16,S1,H4,processor,10,531.895933,24.0,0.0,54.92,0,0,24.0,1.0,0.0,0,0.0
16,S1,H5,processor,10,375.2917853225163,24.0,0.0,53.48,1,0,24.0,1.0,0.0,0,0.0
16,S1,H7,loader,10,424.433991,24.0,0.0,54.92,0,0,24.0,1.0,0.0,0,0.0
17,S1,H1,feller_buncher,10,576.960683,24.0,0.0,53.72,0,0,24.0,1.0,0.0,0,0.0
17,S1,H2,feller_buncher,10,787.363583,24.0,0.0,54.44,0,0,24.0,1.0,0.0,0,0.0
17,S1,H3,grapple_skidder,10,674.603847,24.0,0.0,53.96,0,0,24.0,1.0,0.0,0,0.0
17,S1,H4,processor,10,569.826226,24.0,0.0,53.24,0,0,24.0,1.0,0.0,0,0.0
17,S1,H5,processor,10,0.0,24.0,0.0,0.0,1,0,24.0,1.0,0.0,0,0.0
17,S1,H6,processor,10,469.046841,24.0,0.0,0.0,0,0,24.0,1.0,0.0,0,0.0
17,S1,H7,loader,10,424.433991,24.0,0.0,0.0,0,0,24.0,1.0,0.0,0,0.0
17,S1,H8,loader,10,802.411354,24.0,0.0,55.16,0,0,24.0,1.0,0.0,0,0.0
18,S1,H1,feller_buncher,10,1220.906942,24.0,0.0,54.2,0,0,24.0,1.0,0.0,0,0.0
18,S1,H2,feller_buncher,10,260.85867929045605,24.0,0.0,0.0,0,0,24.0,1.0,0.0,0,0.0
18,S1,H3,grapple_skidder,10,1164.728216,24.0,0.0,53.24,0,0,24.0,1.0,0.0,0,0.0
18,S1,H4,processor,10,569.826226,24.0,0.0,0.0,0,0,24.0,1.0,0.0,0,0.0
18,S1,H5,processor,10,456.082335,24.0,0.0,53.72,0,0,24.0,1.0,0.0,0,0.0
18,S1,H7,loader,10,474.741639,24.0,0.0,53.24,0,0,24.0,1.0,0.0,0,0.0
18,S1,H8,loader,10,375.2917853225163,24.0,0.0,54.44,1,0,24.0,1.0,0.0,0,0.0
19,S1,H1,feller_buncher,10,1013.0077249999999,24.0,0.0,0.0,0,0,24.0,1.0,0.0,0,0.0
19,S1,H2,feller_buncher,10,680.207863,24.0,0.0,53.72,0,0,24.0,1.0,0.0,0,0.0
19,S1,H3,grapple_skidder,10,1048.222262290456,24.0,0.0,53.24,1,0,24.0,1.0,0.0,0,0.0
19,S1,H4,processor,10,517.165642,24.0,0.0,53.72,0,0,24.0,1.0,0.0,0,0.0
19,S1,H5,processor,10,218.52151199999997,24.0,0.0,0.0,0,0,24.0,1.0,0.0,0,0.0
19,S1,H6,processor,10,469.046841,24.0,0.0,0.0,0,0,24.0,1.0,0.0,0,0.0
19,S1,H7,loader,10,937.184825,24.0,0.0,54.92,0,0,24.0,1.0,0.0,0,0.0
20,S1,H1,feller_buncher,10,1194.708925,24.0,0.0,53.24,0,0,24.0,1.0,0.0,0,0.0
20,S1,H2,feller_buncher,10,364.89843800000006,24.0,0.0,0.0,0,0,24.0,1.0,0.0,0,0.0
20,S1,H3,grapple_skidder,10,1332.369187,24.0,0.0,53.24,0,0,24.0,1.0,0.0,0,0.0
20,S1,H4,processor,10,517.165642,24.0,0.0,0.0,0,0,24.0,1.0,0.0,0,0.0
20,S1,H5,processor,10,406.14629744553747,20.78153030070807,3.21846969929193,53.96,0,0,24.0,0.8658970958628363,3.2184696992919304,1,0.0
20,S1,H6,processor,10,441.264891,24.0,0.0,54.44,0,0,24.0,1.0,0.0,0,0.0
20,S1,H7,loader,10,674.603847,24.0,0.0,53.96,0,0,24.0,1.0,0.0,0,0.0
21,S1,H3,grapple_skidder,10,739.620424,24.0,0.0,55.16,0,0,24.0,1.0,0.0,0,0.0
21,S1,H4,processor,10,531.895933,24.0,0.0,53.48,0,0,24.0,1.0,0.0,0,0.0
21,S1,H5,processor,10,469.046841,24.0,0.0,0.0,0,0,24.0,1.0,0.0,0,0.0
21,S1,H6,processor,10,441.264891,24.0,0.0,0.0,0,0,24.0,1.0,0.0,0,0.0
21,S1,H7,loader,10,687.364703,24.0,0.0,53.24,0,0,24.0,1.0,0.0,0,0.0
22,S1,H3,grapple_skidder,10,1480.641393,24.0,0.0,55.4,0,0,24.0,1.0,0.0,0,0.0
22,S1,H4,processor,10,531.895933,24.0,0.0,0.0,0,0,24.0,1.0,0.0,0,0.0
22,S1,H5,processor,10,481.329283,24.0,0.0,53.48,0,0,24.0,1.0,0.0,0,0.0
22,S1,H6,processor,10,469.046841,24.0,0.0,54.44,0,0,24.0,1.0,0.0,0,0.0
22,S1,H7,loader,10,733.483855,24.0,0.0,53.24,0,0,24.0,1.0,0.0,0,0.0
23,S1,H3,grapple_skidder,10,1164.728216,24.0,0.0,53.72,0,0,24.0,1.0,0.0,0,0.0
23,S1,H4,processor,10,310.5565509709638,24.0,0.0,53.24,0,0,24.0,1.0,0.0,0,0.0
23,S1,H5,processor,10,481.329283,24.0,0.0,0.0,0,0,24.0,1.0,0.0,0,0.0
23,S1,H6,processor,10,330.44333403032965,24.0,0.0,0.0,1,0,24.0,1.0,0.0,0,0.0
23,S1,H7,loader,10,802.411354,24.0,0.0,53.24,0,0,24.0,1.0,0.0,0,0.0
24,S1,H3,grapple_skidder,10,739.620424,24.0,0.0,54.68,0,0,24.0,1.0,0.0,0,0.0
24,S1,H4,processor,10,569.826226,24.0,0.0,0.0,0,0,24.0,1.0,0.0,0,0.0
24,S1,H5,processor,10,517.165642,24.0,0.0,54.68,0,0,24.0,1.0,0.0,0,0.0
24,S1,H6,processor,10,165.692480290456,24.0,0.0,54.44,1,0,24.0,1.0,0.0,0,0.0
24,S1,H7,loader,10,474.741639,24.0,0.0,54.68,0,0,24.0,1.0,0.0,0,0.0
25,S1,H3,grapple_skidder,10,932.6584309,24.0,0.0,55.16,0,0,24.0,1.0,0.0,0,0.3
25,S1,H4,processor,10,336.93049809999997,24.0,0.0,55.4,0,0,24.0,1.0,0.0,0,0.3
25,S1,H5,processor,10,362.0159494,24.0,0.0,0.0,0,0,24.0,1.0,0.0,0,0.3
25,S1,H7,loader,10,332.3191473,24.0,0.0,0.0,0,0,24.0,1.0,0.0,0,0.3
25,S1,H8,loader,10,314.738407290456,24.0,0.0,54.2,1,0,24.0,1.0,0.0,0,0.3
25,S1,H9,loader,10,656.0293775,24.0,0.0,0.0,0,0,24.0,1.0,0.0,0,0.3
26,S1,H3,grapple_skidder,10,778.104169,24.0,0.0,54.68,0,0,24.0,1.0,0.0,0,0.0
26,S1,H4,processor,10,569.826226,24.0,0.0,55.4,0,0,24.0,1.0,0.0,0,0.0
26,S1,H5,processor,10,531.895933,24.0,0.0,53.48,0,0,24.0,1.0,0.0,0,0.0
26,S1,H7,loader,10,687.364703,24.0,0.0,54.2,0,0,24.0,1.0,0.0,0,0.0
26,S1,H8,loader,10,451.958924,24.0,0.0,54.92,0,0,24.0,1.0,0.0,0,0.0
27,S1,H3,grapple_skidder,10,159.77199800000017,24.0,0.0,54.2,0,0,24.0,1.0,0.0,0,0.0
27,S1,H4,processor,10,469.046841,24.0,0.0,54.92,0,0,24.0,1.0,0.0,0,0.0
27,S1,H5,processor,10,531.895933,24.0,0.0,0.0,0,0,24.0,1.0,0.0,0,0.0
27,S1,H7,loader,10,937.184825,24.0,0.0,53.72,0,0,24.0,1.0,0.0,0,0.0
27,S1,H8,loader,10,451.958924,24.0,0.0,0.0,0,0,24.0,1.0,0.0,0,0.0
28,S1,H1,feller_buncher,10,1054.7087497021196,21.187595960121307,2.812404039878693,0.0,0,0,24.0,0.8828164983383878,2.812404039878693,1,0.0
28,S1,H3,grapple_skidder,10,1045.106301,24.0,0.0,53.48,0,0,24.0,1.0,0.0,0,0.0
28,S1,H4,processor,10,517.165642,24.0,0.0,54.2,0,0,24.0,1.0,0.0,0,0.0
28,S1,H7,loader,10,438.6009471177586,24.0,0.0,53.24,0,0,24.0,1.0,0.0,0,0.0
28,S1,H8,loader,10,474.741639,24.0,0.0,53.48,0,0,24.0,1.0,0.0,0,0.0
28,S1,H9,loader,10,425.0415750999998,24.0,0.0,55.4,1,0,24.0,1.0,0.0,0,0.0
29,S1,H3,grapple_skidder,10,739.620424,24.0,0.0,54.2,0,0,24.0,1.0,0.0,0,0.0
29,S1,H4,processor,10,430.907382,24.0,0.0,53.48,0,0,24.0,1.0,0.0,0,0.0
29,S1,H5,processor,10,142.7025948999999,24.0,0.0,0.0,1,0,24.0,1.0,0.0,0,0.0
29,S1,H7,loader,10,687.364703,24.0,0.0,53.48,0,0,24.0,1.0,0.0,0,0.0
29,S1,H8,loader,10,474.741639,24.0,0.0,0.0,0,0,24.0,1.0,0.0,0,0.0
30,S1,H3,grapple_skidder,10,1480.641393,24.0,0.0,55.4,0,0,24.0,1.0,0.0,0,0.0
30,S1,H4,processor,10,164.19408399999998,24.0,0.0,53.48,0,0,24.0,1.0,0.0,0,0.0
30,S1,H5,processor,10,481.329283,24.0,0.0,55.16,0,0,24.0,1.0,0.0,0,0.0
30,S1,H6,processor,10,300.712656307885,24.0,0.0,53.72,0,0,24.0,1.0,0.0,0,0.0
30,S1,H7,loader,10,802.411354,24.0,0.0,53.48,0,0,24.0,1.0,0.0,0,0.0
30,S1,H8,loader,10,190.40891342565806,24.0,0.0,0.0,0,0,24.0,1.0,0.0,0,0.0
31,S1,H3,grapple_skidder,10,567.1587449999993,24.0,0.0,53.24,0,0,24.0,1.0,0.0,0,0.0
31,S1,H4,processor,10,569.826226,24.0,0.0,53.72,0,0,24.0,1.0,0.0,0,0.0
31,S1,H5,processor,10,481.329283,24.0,0.0,0.0,0,0,24.0,1.0,0.0,0,0.0
31,S1,H6,processor,10,183.29153700000006,24.0,0.0,0.0,0,0,24.0,1.0,0.0,0,0.0
31,S1,H7,loader,10,687.364703,24.0,0.0,53.48,0,0,24.0,1.0,0.0,0,0.0
31,S1,H8,loader,10,474.741639,24.0,0.0,0.0,0,0,24.0,1.0,0.0,0,0.0
32,S1,H3,grapple_skidder,10,778.104169,24.0,0.0,54.68,0,0,24.0,1.0,0.0,0,0.0
32,S1,H4,processor,10,569.826226,24.0,0.0,0.0,0,0,24.0,1.0,0.0,0,0.0
32,S1,H5,processor,10,531.895933,24.0,0.0,55.16,0,0,24.0,1.0,0.0,0,0.0
32,S1,H7,loader,10,7.131940999999415,24.0,0.0,0.0,0,0,24.0,1.0,0.0,0,0.0
32,S1,H8,loader,10,558.398094,24.0,0.0,53.72,0,0,24.0,1.0,0.0,0,0.0
32,S1,H9,loader,10,451.958924,24.0,0.0,0.0,0,0,24.0,1.0,0.0,0,0.0
33,S1,H3,grapple_skidder,10,576.960683,24.0,0.0,53.48,0,0,24.0,1.0,0.0,0,0.0
33,S1,H4,processor,10,35.26281199999926,24.0,0.0,53.24,1,0,24.0,1.0,0.0,0,0.0
33,S1,H5,processor,10,469.046841,24.0,0.0,54.68,0,0,24.0,1.0,0.0,0,0.0
33,S1,H7,loader,10,937.184825,24.0,0.0,53.72,0,0,24.0,1.0,0.0,0,0.0
33,S1,H8,loader,10,356.51348130788506,24.0,0.0,0.0,1,0,24.0,1.0,0.0,0,0.0
33,S1,H9,loader,10,316.59808152309006,24.0,0.0,0.0,0,0,24.0,1.0,0.0,0,0.0
34,S1,H1,feller_buncher,10,140.55055100000027,24.0,0.0,0.0,0,0,24.0,1.0,0.0,0,0.0
34,S1,H3,grapple_skidder,10,414.50735799999984,24.0,0.0,53.72,0,0,24.0,1.0,0.0,0,0.0
34,S1,H4,processor,10,428.751305,24.0,0.0,54.2,0,0,24.0,1.0,0.0,0,0.0
34,S1,H5,processor,10,469.046841,24.0,0.0,0.0,0,0,24.0,1.0,0.0,0,0.0
34,S1,H7,loader,10,387.64191282636403,24.0,0.0,53.24,0,0,24.0,1.0,0.0,0,0.0
35,S1,H3,grapple_skidder,10,337.4618967021195,24.0,0.0,55.16,1,0,24.0,1.0,0.0,0,0.0
35,S1,H4,processor,10,148.20937800000002,24.0,0.0,0.0,0,0,24.0,1.0,0.0,0,0.0
35,S1,H5,processor,10,409.650504,24.0,0.0,53.24,0,0,24.0,1.0,0.0,0,0.0
35,S1,H7,loader,10,279.7560149999996,24.0,0.0,0.0,0,0,24.0,1.0,0.0,0,0.0
35,S1,H8,loader,10,474.741639,24.0,0.0,53.72,0,0,24.0,1.0,0.0,0,0.0
36,S1,H3,grapple_skidder,10,855.829418,24.0,0.0,54.68,0,0,24.0,1.0,0.0,0,0.0
36,S1,H4,processor,10,569.826226,24.0,0.0,54.44,0,0,24.0,1.0,0.0,0,0.0
36,S1,H5,processor,10,54.04036600083015,24.0,0.0,0.0,1,0,24.0,1.0,0.0,0,0.0
36,S1,H7,loader,10,552.163711,24.0,0.0,54.2,0,0,24.0,1.0,0.0,0,0.0
36,S1,H8,loader,10,474.741639,24.0,0.0,0.0,0,0,24.0,1.0,0.0,0,0.0
37,S1,H3,grapple_skidder,10,339.93655800000056,24.0,0.0,53.72,0,0,24.0,1.0,0.0,0,0.0
37,S1,H4,processor,10,360.77644299999906,24.0,0.0,0.0,0,0,24.0,1.0,0.0,0,0.0
37,S1,H5,processor,10,395.784917,24.0,0.0,53.48,0,0,24.0,1.0,0.0,0,0.0
37,S1,H7,loader,10,24.796971999999982,24.0,0.0,0.0,0,0,24.0,1.0,0.0,0,0.0
37,S1,H8,loader,10,424.433991,24.0,0.0,53.24,0,0,24.0,1.0,0.0,0,0.0
38,S1,H3,grapple_skidder,10,778.104169,24.0,0.0,53.48,0,0,24.0,1.0,0.0,0,0.0
38,S1,H4,processor,10,410.442556,24.0,0.0,55.4,0,0,24.0,1.0,0.0,0,0.0
38,S1,H5,processor,10,395.784917,24.0,0.0,0.0,0,0,24.0,1.0,0.0,0,0.0
38,S1,H7,loader,10,937.184825,24.0,0.0,54.44,0,0,24.0,1.0,0.0,0,0.0
38,S1,H8,loader,10,419.34040900083016,24.0,0.0,0.0,1,0,24.0,1.0,0.0,0,0.0
39,S1,H3,grapple_skidder,10,678.968019,24.0,0.0,53.72,0,0,24.0,1.0,0.0,0,0.0
39,S1,H4,processor,10,469.046841,24.0,0.0,53.48,0,0,24.0,1.0,0.0,0,0.0
39,S1,H5,processor,10,64.25958400000002,24.0,0.0,0.0,1,0,24.0,1.0,0.0,0,0.0
39,S1,H7,loader,10,233.462125999999,24.0,0.0,0.0,0,0,24.0,1.0,0.0,0,0.0
39,S1,H8,loader,10,0.0,24.0,0.0,0.0,1,0,24.0,1.0,0.0,0,0.0
39,S1,H9,loader,10,451.958924,24.0,0.0,0.0,0,0,24.0,1.0,0.0,0,0.0
40,S1,H4,processor,10,547.23705,24.0,0.0,53.72,0,0,24.0,1.0,0.0,0,0.0
40,S1,H7,loader,10,474.741639,24.0,0.0,54.92,0,0,24.0,1.0,0.0,0,0.0
40,S1,H8,loader,10,456.725789,24.0,0.0,53.48,0,0,24.0,1.0,0.0,0,0.0
40,S1,H9,loader,10,134.70578599999976,24.0,0.0,0.0,0,0,24.0,1.0,0.0,0,0.0
41,S1,H4,processor,10,458.1251430000001,24.0,0.0,53.72,1,0,24.0,1.0,0.0,0,0.0
41,S1,H7,loader,10,485.857474,24.0,0.0,53.72,0,0,24.0,1.0,0.0,0,0.0
41,S1,H8,loader,10,399.103629,24.0,0.0,0.0,1,0,24.0,1.0,0.0,0,0.0
42,S1,H3,grapple_skidder,10,678.968019,24.0,0.0,0.0,0,0,24.0,1.0,0.0,0,0.0
42,S1,H7,loader,10,474.741639,24.0,0.0,53.72,0,0,24.0,1.0,0.0,0,0.0
42,S1,H8,loader,10,0.0,24.0,0.0,0.0,1,0,24.0,1.0,0.0,0,0.0
1,S1,H1,feller_buncher,11,1220.906942,24.0,0.0,0.0,0,0,24.0,1.0,0.0,0,0.0
1,S1,H2,feller_buncher,11,1299.478592,24.0,0.0,0.0,0,0,24.0,1.0,0.0,0,0.0
2,S1,H1,feller_buncher,11,1220.906942,24.0,0.0,0.0,0,0,24.0,1.0,0.0,0,0.0
2,S1,H2,feller_buncher,11,1164.04956,24.0,0.0,53.72,0,0,24.0,1.0,0.0,0,0.0
2,S1,H3,grapple_skidder,11,678.968019,24.0,0.0,0.0,0,0,24.0,1.0,0.0,0,0.0
3,S1,H1,feller_buncher,11,1176.844281,24.0,0.0,53.48,0,0,24.0,1.0,0.0,0,0.0
3,S1,H2,feller_buncher,11,888.796776,24.0,0.0,53.24,0,0,24.0,1.0,0.0,0,0.0
3,S1,H3,grapple_skidder,11,778.104169,24.0,0.0,53.72,0,0,24.0,1.0,0.0,0,0.0
3,S1,H4,processor,11,547.23705,24.0,0.0,0.0,0,0,24.0,1.0,0.0,0,0.0
4,S1,H1,feller_buncher,11,1176.844281,24.0,0.0,0.0,0,0,24.0,1.0,0.0,0,0.0
4,S1,H2,feller_buncher,11,888.796776,24.0,0.0,0.0,0,0,24.0,1.0,0.0,0,0.0
4,S1,H3,grapple_skidder,11,1332.369187,24.0,0.0,54.68,0,0,24.0,1.0,0.0,0,0.0
4,S1,H4,processor,11,386.3344942485816,19.76780792766486,4.232192072335138,53.72,0,0,24.0,0.8236586636527026,4.232192072335138,1,0.0
4,S1,H7,loader,11,485.857474,24.0,0.0,0.0,0,0,24.0,1.0,0.0,0,0.0
5,S1,H1,feller_buncher,11,1164.04956,24.0,0.0,54.2,0,0,24.0,1.0,0.0,0,0.0
5,S1,H2,feller_buncher,11,961.553907,24.0,0.0,53.24,0,0,24.0,1.0,0.0,0,0.0
5,S1,H3,grapple_skidder,11,1164.728216,24.0,0.0,53.48,0,0,24.0,1.0,0.0,0,0.0
5,S1,H4,processor,11,531.895933,24.0,0.0,54.68,0,0,24.0,1.0,0.0,0,0.0
6,S1,H1,feller_buncher,11,256.1621419999998,24.0,0.0,53.24,0,0,24.0,1.0,0.0,0,0.0
6,S1,H2,feller_buncher,11,556.2390163036679,24.0,0.0,0.0,0,0,24.0,1.0,0.0,0,0.0
6,S1,H3,grapple_skidder,11,1164.728216,24.0,0.0,0.0,0,0,24.0,1.0,0.0,0,0.0
6,S1,H4,processor,11,531.895933,24.0,0.0,0.0,0,0,24.0,1.0,0.0,0,0.0
7,S1,H1,feller_buncher,11,1164.04956,24.0,0.0,53.24,0,0,24.0,1.0,0.0,0,0.0
7,S1,H2,feller_buncher,11,961.553907,24.0,0.0,0.0,0,0,24.0,1.0,0.0,0,0.0
7,S1,H3,grapple_skidder,11,809.624168,24.0,0.0,54.44,0,0,24.0,1.0,0.0,0,0.0
7,S1,H4,processor,11,517.165642,24.0,0.0,53.48,0,0,24.0,1.0,0.0,0,0.0
7,S1,H7,loader,11,802.411354,24.0,0.0,55.4,0,0,24.0,1.0,0.0,0,0.0
8,S1,H1,feller_buncher,11,860.013242,24.0,0.0,53.24,0,0,24.0,1.0,0.0,0,0.0
8,S1,H2,feller_buncher,11,413.7565330000002,24.0,0.0,0.0,0,0,24.0,1.0,0.0,0,0.0
8,S1,H3,grapple_skidder,11,778.104169,24.0,0.0,53.24,0,0,24.0,1.0,0.0,0,0.0
8,S1,H4,processor,11,517.165642,24.0,0.0,0.0,0,0,24.0,1.0,0.0,0,0.0
8,S1,H5,processor,11,409.650504,24.0,0.0,0.0,0,0,24.0,1.0,0.0,0,0.0
9,S1,H1,feller_buncher,11,1299.478592,24.0,0.0,53.96,0,0,24.0,1.0,0.0,0,0.0
9,S1,H2,feller_buncher,11,1220.906942,24.0,0.0,55.16,0,0,24.0,1.0,0.0,0,0.0
9,S1,H3,grapple_skidder,11,778.104169,24.0,0.0,0.0,0,0,24.0,1.0,0.0,0,0.0
9,S1,H7,loader,11,687.364703,24.0,0.0,53.48,0,0,24.0,1.0,0.0,0,0.0
10,S1,H1,feller_buncher,11,1299.478592,24.0,0.0,0.0,0,0,24.0,1.0,0.0,0,0.0
10,S1,H2,feller_buncher,11,860.013242,24.0,0.0,54.44,0,0,24.0,1.0,0.0,0,0.0
10,S1,H3,grapple_skidder,11,739.620424,24.0,0.0,53.48,0,0,24.0,1.0,0.0,0,0.0
10,S1,H4,processor,11,517.165642,24.0,0.0,0.0,0,0,24.0,1.0,0.0,0,0.0
10,S1,H5,processor,11,469.046841,24.0,0.0,53.24,0,0,24.0,1.0,0.0,0,0.0
11,S1,H1,feller_buncher,11,1158.6320077054916,21.398712034289368,2.6012879657106325,0.0,0,0,24.0,0.8916130014287237,2.6012879657106334,1,0.0
11,S1,H2,feller_buncher,11,59.00278800000001,24.0,0.0,0.0,0,0,24.0,1.0,0.0,0,0.0
11,S1,H3,grapple_skidder,11,733.2768460691615,22.617337121168767,1.3826628788312334,53.48,0,0,24.0,0.9423890467153653,1.3826628788312334,1,0.0
11,S1,H4,processor,11,481.329283,24.0,0.0,54.68,0,0,24.0,1.0,0.0,0,0.0
11,S1,H7,loader,11,687.364703,24.0,0.0,0.0,0,0,24.0,1.0,0.0,0,0.0
12,S1,H1,feller_buncher,11,356.0085949999998,24.0,0.0,0.0,0,0,24.0,1.0,0.0,0,0.0
12,S1,H2,feller_buncher,11,674.603847,24.0,0.0,53.72,0,0,24.0,1.0,0.0,0,0.0
12,S1,H3,grapple_skidder,11,1332.369187,24.0,0.0,54.68,0,0,24.0,1.0,0.0,0,0.0
12,S1,H4,processor,11,517.165642,24.0,0.0,54.68,0,0,24.0,1.0,0.0,0,0.0
12,S1,H7,loader,11,474.741639,24.0,0.0,54.2,0,0,24.0,1.0,0.0,0,0.0
12,S1,H8,loader,11,451.958924,24.0,0.0,0.0,0,0,24.0,1.0,0.0,0,0.0
13,S1,H1,feller_buncher,11,1164.04956,24.0,0.0,53.72,0,0,24.0,1.0,0.0,0,0.0
13,S1,H2,feller_buncher,11,1194.708925,24.0,0.0,53.96,0,0,24.0,1.0,0.0,0,0.0
13,S1,H3,grapple_skidder,11,572.7804678024706,16.979151278571138,7.020848721428862,54.92,0,0,24.0,0.7074646366071308,7.0208487214288615,1,0.0
13,S1,H4,processor,11,531.895933,24.0,0.0,53.48,0,0,24.0,1.0,0.0,0,0.0
13,S1,H7,loader,11,687.364703,24.0,0.0,54.2,0,0,24.0,1.0,0.0,0,0.0
14,S1,H1,feller_buncher,11,1176.844281,24.0,0.0,54.2,0,0,24.0,1.0,0.0,0,0.0
14,S1,H2,feller_buncher,11,1194.708925,24.0,0.0,0.0,0,0,24.0,1.0,0.0,0,0.0
14,S1,H3,grapple_skidder,11,778.104169,24.0,0.0,53.24,0,0,24.0,1.0,0.0,0,0.0
14,S1,H4,processor,11,531.895933,24.0,0.0,0.0,0,0,24.0,1.0,0.0,0,0.0
14,S1,H5,processor,11,409.650504,24.0,0.0,53.24,0,0,24.0,1.0,0.0,0,0.0
15,S1,H1,feller_buncher,11,1176.844281,24.0,0.0,0.0,0,0,24.0,1.0,0.0,0,0.0
15,S1,H2,feller_buncher,11,1164.04956,24.0,0.0,54.92,0,0,24.0,1.0,0.0,0,0.0
15,S1,H3,grapple_skidder,11,923.199854,24.0,0.0,53.24,0,0,24.0,1.0,0.0,0,0.0
15,S1,H4,processor,11,409.650504,24.0,0.0,54.92,0,0,24.0,1.0,0.0,0,0.0
15,S1,H7,loader,11,802.411354,24.0,0.0,53.48,0,0,24.0,1.0,0.0,0,0.0
16,S1,H1,feller_buncher,11,111.30773800000088,24.0,0.0,0.0,0,0,24.0,1.0,0.0,0,0.0
16,S1,H2,feller_buncher,11,502.7667789999996,24.0,0.0,0.0,0,0,24.0,1.0,0.0,0,0.0
16,S1,H3,grapple_skidder,11,1480.641393,24.0,0.0,54.68,0,0,24.0,1.0,0.0,0,0.0
16,S1,H4,processor,11,531.895933,24.0,0.0,54.92,0,0,24.0,1.0,0.0,0,0.0
16,S1,H5,processor,11,395.784917,24.0,0.0,53.48,0,0,24.0,1.0,0.0,0,0.0
16,S1,H7,loader,11,424.433991,24.0,0.0,54.92,0,0,24.0,1.0,0.0,0,0.0
17,S1,H1,feller_buncher,11,576.960683,24.0,0.0,53.72,0,0,24.0,1.0,0.0,0,0.0
17,S1,H2,feller_buncher,11,787.363583,24.0,0.0,54.44,0,0,24.0,1.0,0.0,0,0.0
17,S1,H3,grapple_skidder,11,674.603847,24.0,0.0,53.96,0,0,24.0,1.0,0.0,0,0.0
17,S1,H4,processor,11,569.826226,24.0,0.0,53.24,0,0,24.0,1.0,0.0,0,0.0
17,S1,H5,processor,11,395.784917,24.0,0.0,0.0,0,0,24.0,1.0,0.0,0,0.0
17,S1,H6,processor,11,469.046841,24.0,0.0,0.0,0,0,24.0,1.0,0.0,0,0.0
17,S1,H7,loader,11,424.433991,24.0,0.0,0.0,0,0,24.0,1.0,0.0,0,0.0
17,S1,H8,loader,11,802.411354,24.0,0.0,55.16,0,0,24.0,1.0,0.0,0,0.0
18,S1,H1,feller_buncher,11,854.6348594,24.0,0.0,54.2,0,0,24.0,1.0,0.0,0,0.3
18,S1,H2,feller_buncher,11,340.44333400000005,24.0,0.0,0.0,0,0,24.0,1.0,0.0,0,0.3
18,S1,H3,grapple_skidder,11,815.3097511999999,24.0,0.0,53.24,0,0,24.0,1.0,0.0,0,0.3
18,S1,H4,processor,11,207.5656088417776,24.0,0.0,0.0,0,0,24.0,1.0,0.0,0,0.3
18,S1,H5,processor,11,319.2576345,24.0,0.0,53.72,0,0,24.0,1.0,0.0,0,0.3
18,S1,H7,loader,11,332.3191473,24.0,0.0,53.24,0,0,24.0,1.0,0.0,0,0.3
18,S1,H8,loader,11,319.7080523,24.0,0.0,54.44,0,0,24.0,1.0,0.0,0,0.3
19,S1,H1,feller_buncher,11,1013.0077249999999,24.0,0.0,0.0,0,0,24.0,1.0,0.0,0,0.0
19,S1,H2,feller_buncher,11,680.207863,24.0,0.0,53.72,0,0,24.0,1.0,0.0,0,0.0
19,S1,H3,grapple_skidder,11,1127.8069169999999,24.0,0.0,53.24,1,0,24.0,1.0,0.0,0,0.0
19,S1,H4,processor,11,517.165642,24.0,0.0,53.72,0,0,24.0,1.0,0.0,0,0.0
19,S1,H5,processor,11,218.52151199999997,24.0,0.0,0.0,0,0,24.0,1.0,0.0,0,0.0
19,S1,H6,processor,11,469.046841,24.0,0.0,0.0,0,0,24.0,1.0,0.0,0,0.0
19,S1,H7,loader,11,777.3918348417776,24.0,0.0,54.92,1,0,24.0,1.0,0.0,0,0.0
20,S1,H1,feller_buncher,11,1194.708925,24.0,0.0,53.24,0,0,24.0,1.0,0.0,0,0.0
20,S1,H2,feller_buncher,11,364.89843800000006,24.0,0.0,0.0,0,0,24.0,1.0,0.0,0,0.0
20,S1,H3,grapple_skidder,11,1332.369187,24.0,0.0,53.24,0,0,24.0,1.0,0.0,0,0.0
20,S1,H4,processor,11,517.165642,24.0,0.0,0.0,0,0,24.0,1.0,0.0,0,0.0
20,S1,H5,processor,11,469.046841,24.0,0.0,53.96,0,0,24.0,1.0,0.0,0,0.0
20,S1,H6,processor,11,441.264891,24.0,0.0,54.44,0,0,24.0,1.0,0.0,0,0.0
20,S1,H7,loader,11,537.7791465,24.0,0.0,53.96,1,0,24.0,1.0,0.0,0,0.0
21,S1,H3,grapple_skidder,11,739.620424,24.0,0.0,55.16,0,0,24.0,1.0,0.0,0,0.0
21,S1,H4,processor,11,248.9378791241437,24.0,0.0,53.48,0,0,24.0,1.0,0.0,0,0.0
21,S1,H5,processor,11,469.046841,24.0,0.0,0.0,0,0,24.0,1.0,0.0,0,0.0
21,S1,H6,processor,11,441.264891,24.0,0.0,0.0,0,0,24.0,1.0,0.0,0,0.0
21,S1,H7,loader,11,687.364703,24.0,0.0,53.24,0,0,24.0,1.0,0.0,0,0.0
22,S1,H3,grapple_skidder,11,1036.4489751,24.0,0.0,55.4,0,0,24.0,1.0,0.0,0,0.3
22,S1,H4,processor,11,372.3271531,24.0,0.0,0.0,0,0,24.0,1.0,0.0,0,0.3
22,S1,H5,processor,11,336.93049809999997,24.0,0.0,53.48,0,0,24.0,1.0,0.0,0,0.3
22,S1,H6,processor,11,272.4093077456824,19.912185474323838,4.087814525676162,54.44,0,0,24.0,0.8296743947634933,4.087814525676162,1,0.3
22,S1,H7,loader,11,513.4386985,24.0,0.0,53.24,0,0,24.0,1.0,0.0,0,0.3
23,S1,H3,grapple_skidder,11,1164.728216,24.0,0.0,53.72,0,0,24.0,1.0,0.0,0,0.0
23,S1,H4,processor,11,569.826226,24.0,0.0,53.24,0,0,24.0,1.0,0.0,0,0.0
23,S1,H5,processor,11,481.329283,24.0,0.0,0.0,0,0,24.0,1.0,0.0,0,0.0
23,S1,H6,processor,11,469.046841,24.0,0.0,0.0,0,0,24.0,1.0,0.0,0,0.0
23,S1,H7,loader,11,802.411354,24.0,0.0,53.24,0,0,24.0,1.0,0.0,0,0.0
24,S1,H3,grapple_skidder,11,739.620424,24.0,0.0,54.68,0,0,24.0,1.0,0.0,0,0.0
24,S1,H4,processor,11,569.826226,24.0,0.0,0.0,0,0,24.0,1.0,0.0,0,0.0
24,S1,H5,processor,11,517.165642,24.0,0.0,54.68,0,0,24.0,1.0,0.0,0,0.0
24,S1,H6,processor,11,245.27713499999987,24.0,0.0,54.44,1,0,24.0,1.0,0.0,0,0.0
24,S1,H7,loader,11,474.741639,24.0,0.0,54.68,0,0,24.0,1.0,0.0,0,0.0
25,S1,H3,grapple_skidder,11,1332.369187,24.0,0.0,55.16,0,0,24.0,1.0,0.0,0,0.0
25,S1,H4,processor,11,481.329283,24.0,0.0,55.4,0,0,24.0,1.0,0.0,0,0.0
25,S1,H5,processor,11,517.165642,24.0,0.0,0.0,0,0,24.0,1.0,0.0,0,0.0
25,S1,H7,loader,11,474.741639,24.0,0.0,0.0,0,0,24.0,1.0,0.0,0,0.0
25,S1,H8,loader,11,540.2273480000001,24.0,0.0,54.2,0,0,24.0,1.0,0.0,0,0.0
25,S1,H9,loader,11,937.184825,24.0,0.0,0.0,0,0,24.0,1.0,0.0,0,0.0
26,S1,H3,grapple_skidder,11,664.3550070585751,20.491498188343215,3.508501811656785,54.68,0,0,24.0,0.8538124245143006,3.5085018116567865,1,0.0
26,S1,H4,processor,11,569.826226,24.0,0.0,55.4,0,0,24.0,1.0,0.0,0,0.0
26,S1,H5,processor,11,531.895933,24.0,0.0,53.48,0,0,24.0,1.0,0.0,0,0.0
26,S1,H7,loader,11,687.364703,24.0,0.0,54.2,0,0,24.0,1.0,0.0,0,0.0
26,S1,H8,loader,11,289.8228035884967,24.0,0.0,54.92,0,0,24.0,1.0,0.0,0,0.0
27,S1,H3,grapple_skidder,11,159.77199800000017,24.0,0.0,54.2,0,0,24.0,1.0,0.0,0,0.0
27,S1,H4,processor,11,469.046841,24.0,0.0,54.92,0,0,24.0,1.0,0.0,0,0.0
27,S1,H5,processor,11,531.895933,24.0,0.0,0.0,0,0,24.0,1.0,0.0,0,0.0
27,S1,H7,loader,11,772.293853,24.0,0.0,53.72,1,0,24.0,1.0,0.0,0,0.0
27,S1,H8,loader,11,451.958924,24.0,0.0,0.0,0,0,24.0,1.0,0.0,0,0.0
28,S1,H1,feller_buncher,11,940.1901736096642,18.887080940348664,5.112919059651336,0.0,0,0,24.0,0.786961705847861,5.112919059651336,1,0.0
28,S1,H3,grapple_skidder,11,1045.106301,24.0,0.0,53.48,0,0,24.0,1.0,0.0,0,0.0
28,S1,H4,processor,11,331.9412611999999,20.717839974410616,3.282160025589384,54.2,1,0,24.0,0.863243332267109,3.2821600255893824,1,0.0
28,S1,H7,loader,11,802.411354,24.0,0.0,53.24,0,0,24.0,1.0,0.0,0,0.0
28,S1,H8,loader,11,474.741639,24.0,0.0,53.48,0,0,24.0,1.0,0.0,0,0.0
28,S1,H9,loader,11,451.958924,24.0,0.0,55.4,0,0,24.0,1.0,0.0,0,0.0
29,S1,H3,grapple_skidder,11,674.2420913036681,24.0,0.0,54.2,1,0,24.0,1.0,0.0,0,0.0
29,S1,H4,processor,11,430.907382,24.0,0.0,53.48,0,0,24.0,1.0,0.0,0,0.0
29,S1,H5,processor,11,531.895933,24.0,0.0,0.0,0,0,24.0,1.0,0.0,0,0.0
29,S1,H7,loader,11,687.364703,24.0,0.0,53.48,0,0,24.0,1.0,0.0,0,0.0
29,S1,H8,loader,11,474.741639,24.0,0.0,0.0,0,0,24.0,1.0,0.0,0,0.0
30,S1,H3,grapple_skidder,11,1480.641393,24.0,0.0,55.4,0,0,24.0,1.0,0.0,0,0.0
30,S1,H4,processor,11,0.0,24.0,0.0,53.48,1,0,24.0,1.0,0.0,0,0.0
30,S1,H5,processor,11,481.329283,24.0,0.0,55.16,0,0,24.0,1.0,0.0,0,0.0
30,S1,H6,processor,11,430.907382,24.0,0.0,53.72,0,0,24.0,1.0,0.0,0,0.0
30,S1,H7,loader,11,599.6642185988525,24.0,0.0,53.48,0,0,24.0,1.0,0.0,0,0.0
30,S1,H8,loader,11,474.741639,24.0,0.0,0.0,0,0,24.0,1.0,0.0,0,0.0
31,S1,H3,grapple_skidder,11,200.8866624000002,24.0,0.0,53.24,1,0,24.0,1.0,0.0,0,0.0
31,S1,H4,processor,11,569.826226,24.0,0.0,53.72,0,0,24.0,1.0,0.0,0,0.0
31,S1,H5,processor,11,481.329283,24.0,0.0,0.0,0,0,24.0,1.0,0.0,0,0.0
31,S1,H6,processor,11,183.29153700000006,24.0,0.0,0.0,0,0,24.0,1.0,0.0,0,0.0
31,S1,H7,loader,11,299.68757787521065,24.0,0.0,53.48,0,0,24.0,1.0,0.0,0,0.0
31,S1,H8,loader,11,474.741639,24.0,0.0,0.0,0,0,24.0,1.0,0.0,0,0.0
32,S1,H3,grapple_skidder,11,544.6729182999999,24.0,0.0,54.68,0,0,24.0,1.0,0.0,0,0.3
32,S1,H4,processor,11,398.8783582,24.0,0.0,0.0,0,0,24.0,1.0,0.0,0,0.3
32,S1,H5,processor,11,372.3271531,24.0,0.0,55.16,0,0,24.0,1.0,0.0,0,0.3
32,S1,H7,loader,11,4.99235869999959,24.0,0.0,0.0,0,0,24.0,1.0,0.0,0,0.3
32,S1,H8,loader,11,390.87866579999996,24.0,0.0,53.72,0,0,24.0,1.0,0.0,0,0.3
32,S1,H9,loader,11,316.3712468,24.0,0.0,0.0,0,0,24.0,1.0,0.0,0,0.3
33,S1,H3,grapple_skidder,11,576.960683,24.0,0.0,53.48,0,0,24.0,1.0,0.0,0,0.0
33,S1,H4,processor,11,45.780229999999165,24.0,0.0,53.24,0,0,24.0,1.0,0.0,0,0.0
33,S1,H5,processor,11,426.7470455093202,21.835621087199016,2.1643789128009843,54.68,0,0,24.0,0.909817545299959,2.1643789128009834,1,0.0
33,S1,H7,loader,11,659.8530547146707,24.0,0.0,53.72,0,0,24.0,1.0,0.0,0,0.0
33,S1,H8,loader,11,486.708207,24.0,0.0,0.0,0,0,24.0,1.0,0.0,0,0.0
33,S1,H9,loader,11,451.958924,24.0,0.0,0.0,0,0,24.0,1.0,0.0,0,0.0
34,S1,H1,feller_buncher,11,140.55055100000027,24.0,0.0,0.0,0,0,24.0,1.0,0.0,0,0.0
34,S1,H3,grapple_skidder,11,414.50735799999984,24.0,0.0,53.72,0,0,24.0,1.0,0.0,0,0.0
34,S1,H4,processor,11,428.751305,24.0,0.0,54.2,0,0,24.0,1.0,0.0,0,0.0
34,S1,H5,processor,11,469.046841,24.0,0.0,0.0,0,0,24.0,1.0,0.0,0,0.0
34,S1,H7,loader,11,682.8188907252907,24.0,0.0,53.24,1,0,24.0,1.0,0.0,0,0.0
35,S1,H3,grapple_skidder,11,477.4620719999998,24.0,0.0,55.16,0,0,24.0,1.0,0.0,0,0.0
35,S1,H4,processor,11,148.20937800000002,24.0,0.0,0.0,0,0,24.0,1.0,0.0,0,0.0
35,S1,H5,processor,11,409.650504,24.0,0.0,53.24,0,0,24.0,1.0,0.0,0,0.0
35,S1,H7,loader,11,0.0,24.0,0.0,0.0,1,0,24.0,1.0,0.0,0,0.0
35,S1,H8,loader,11,474.741639,24.0,0.0,53.72,0,0,24.0,1.0,0.0,0,0.0
36,S1,H3,grapple_skidder,11,599.0805925999999,24.0,0.0,54.68,0,0,24.0,1.0,0.0,0,0.3
36,S1,H4,processor,11,398.8783582,24.0,0.0,54.44,0,0,24.0,1.0,0.0,0,0.3
36,S1,H5,processor,11,158.30997780247066,24.0,0.0,0.0,1,0,24.0,1.0,0.0,0,0.3
36,S1,H7,loader,11,386.5145977,24.0,0.0,54.2,0,0,24.0,1.0,0.0,0,0.3
36,S1,H8,loader,11,332.3191473,24.0,0.0,0.0,0,0,24.0,1.0,0.0,0,0.3
37,S1,H3,grapple_skidder,11,0.0,24.0,0.0,53.72,1,0,24.0,1.0,0.0,0,0.0
37,S1,H4,processor,11,360.77644299999906,24.0,0.0,0.0,0,0,24.0,1.0,0.0,0,0.0
37,S1,H5,processor,11,395.784917,24.0,0.0,53.48,0,0,24.0,1.0,0.0,0,0.0
37,S1,H7,loader,11,24.796971999999982,24.0,0.0,0.0,0,0,24.0,1.0,0.0,0,0.0
37,S1,H8,loader,11,424.433991,24.0,0.0,53.24,0,0,24.0,1.0,0.0,0,0.0
38,S1,H3,grapple_skidder,11,778.104169,24.0,0.0,53.48,0,0,24.0,1.0,0.0,0,0.0
38,S1,H4,processor,11,149.52645020366782,24.0,0.0,55.4,1,0,24.0,1.0,0.0,0,0.0
38,S1,H5,processor,11,334.92569559999987,24.0,0.0,0.0,1,0,24.0,1.0,0.0,0,0.0
38,S1,H7,loader,11,595.3112795914608,24.0,0.0,54.44,0,0,24.0,1.0,0.0,0,0.0
38,S1,H8,loader,11,424.433991,24.0,0.0,0.0,0,0,24.0,1.0,0.0,0,0.0
39,S1,H3,grapple_skidder,11,678.968019,24.0,0.0,53.72,0,0,24.0,1.0,0.0,0,0.0
39,S1,H4,processor,11,469.046841,24.0,0.0,53.48,0,0,24.0,1.0,0.0,0,0.0
39,S1,H5,processor,11,0.0,24.0,0.0,0.0,1,0,24.0,1.0,0.0,0,0.0
39,S1,H7,loader,11,210.31418610578598,21.620382513516926,2.379617486483074,0.0,0,0,24.0,0.9008492713965386,2.3796174864830726,1,0.0
39,S1,H8,loader,11,99.1760298024708,24.0,0.0,0.0,1,0,24.0,1.0,0.0,0,0.0
39,S1,H9,loader,11,451.958924,24.0,0.0,0.0,0,0,24.0,1.0,0.0,0,0.0
40,S1,H4,processor,11,547.23705,24.0,0.0,53.72,0,0,24.0,1.0,0.0,0,0.0
40,S1,H7,loader,11,474.741639,24.0,0.0,54.92,0,0,24.0,1.0,0.0,0,0.0
40,S1,H8,loader,11,456.725789,24.0,0.0,53.48,0,0,24.0,1.0,0.0,0,0.0
40,S1,H9,loader,11,27.114692915170906,24.0,0.0,0.0,1,0,24.0,1.0,0.0,0,0.0
41,S1,H4,processor,11,469.046841,24.0,0.0,53.72,0,0,24.0,1.0,0.0,0,0.0
41,S1,H7,loader,11,402.94924833882277,19.904565593101786,4.095434406898214,53.72,0,0,24.0,0.8293568997125744,4.095434406898213,1,0.0
41,S1,H8,loader,11,456.725789,24.0,0.0,0.0,0,0,24.0,1.0,0.0,0,0.0
42,S1,H3,grapple_skidder,11,678.968019,24.0,0.0,0.0,0,0,24.0,1.0,0.0,0,0.0
42,S1,H7,loader,11,474.741639,24.0,0.0,53.72,0,0,24.0,1.0,0.0,0,0.0
42,S1,H8,loader,11,289.1208162999997,24.0,0.0,0.0,1,0,24.0,1.0,0.0,0,0.0
1,S1,H1,feller_buncher,12,854.6348594,24.0,0.0,0.0,0,0,24.0,1.0,0.0,0,0.3
1,S1,H2,feller_buncher,12,909.6350143999999,24.0,0.0,0.0,0,0,24.0,1.0,0.0,0,0.3
2,S1,H1,feller_buncher,12,1220.906942,24.0,0.0,0.0,0,0,24.0,1.0,0.0,0,0.0
2,S1,H2,feller_buncher,12,1164.04956,24.0,0.0,53.72,0,0,24.0,1.0,0.0,0,0.0
2,S1,H3,grapple_skidder,12,678.968019,24.0,0.0,0.0,0,0,24.0,1.0,0.0,0,0.0
3,S1,H1,feller_buncher,12,1176.844281,24.0,0.0,53.48,0,0,24.0,1.0,0.0,0,0.0
3,S1,H2,feller_buncher,12,888.796776,24.0,0.0,53.24,0,0,24.0,1.0,0.0,0,0.0
3,S1,H3,grapple_skidder,12,778.104169,24.0,0.0,53.72,0,0,24.0,1.0,0.0,0,0.0
3,S1,H4,processor,12,547.23705,24.0,0.0,0.0,0,0,24.0,1.0,0.0,0,0.0
4,S1,H1,feller_buncher,12,1176.844281,24.0,0.0,0.0,0,0,24.0,1.0,0.0,0,0.0
4,S1,H2,feller_buncher,12,888.796776,24.0,0.0,0.0,0,0,24.0,1.0,0.0,0,0.0
4,S1,H3,grapple_skidder,12,1332.369187,24.0,0.0,54.68,0,0,24.0,1.0,0.0,0,0.0
4,S1,H4,processor,12,469.046841,24.0,0.0,53.72,0,0,24.0,1.0,0.0,0,0.0
4,S1,H7,loader,12,485.857474,24.0,0.0,0.0,0,0,24.0,1.0,0.0,0,0.0
5,S1,H1,feller_buncher,12,1164.04956,24.0,0.0,54.2,0,0,24.0,1.0,0.0,0,0.0
5,S1,H2,feller_buncher,12,961.553907,24.0,0.0,53.24,0,0,24.0,1.0,0.0,0,0.0
5,S1,H3,grapple_skidder,12,1164.728216,24.0,0.0,53.48,0,0,24.0,1.0,0.0,0,0.0
5,S1,H4,processor,12,531.895933,24.0,0.0,54.68,0,0,24.0,1.0,0.0,0,0.0
6,S1,H1,feller_buncher,12,256.1621419999998,24.0,0.0,53.24,0,0,24.0,1.0,0.0,0,0.0
6,S1,H2,feller_buncher,12,961.553907,24.0,0.0,0.0,0,0,24.0,1.0,0.0,0,0.0
6,S1,H3,grapple_skidder,12,1164.728216,24.0,0.0,0.0,0,0,24.0,1.0,0.0,0,0.0
6,S1,H4,processor,12,531.895933,24.0,0.0,0.0,0,0,24.0,1.0,0.0,0,0.0
7,S1,H1,feller_buncher,12,1164.04956,24.0,0.0,53.24,0,0,24.0,1.0,0.0,0,0.0
7,S1,H2,feller_buncher,12,961.553907,24.0,0.0,0.0,0,0,24.0,1.0,0.0,0,0.0
7,S1,H3,grapple_skidder,12,809.624168,24.0,0.0,54.44,0,0,24.0,1.0,0.0,0,0.0
7,S1,H4,processor,12,517.165642,24.0,0.0,53.48,0,0,24.0,1.0,0.0,0,0.0
7,S1,H7,loader,12,522.4496551473418,24.0,0.0,55.4,0,0,24.0,1.0,0.0,0,0.0
8,S1,H1,feller_buncher,12,860.013242,24.0,0.0,53.24,0,0,24.0,1.0,0.0,0,0.0
8,S1,H2,feller_buncher,12,413.7565330000002,24.0,0.0,0.0,0,0,24.0,1.0,0.0,0,0.0
8,S1,H3,grapple_skidder,12,778.104169,24.0,0.0,53.24,0,0,24.0,1.0,0.0,0,0.0
8,S1,H4,processor,12,517.165642,24.0,0.0,0.0,0,0,24.0,1.0,0.0,0,0.0
8,S1,H5,processor,12,409.650504,24.0,0.0,0.0,0,0,24.0,1.0,0.0,0,0.0
9,S1,H1,feller_buncher,12,1299.478592,24.0,0.0,53.96,0,0,24.0,1.0,0.0,0,0.0
9,S1,H2,feller_buncher,12,1220.906942,24.0,0.0,55.16,0,0,24.0,1.0,0.0,0,0.0
9,S1,H3,grapple_skidder,12,778.104169,24.0,0.0,0.0,0,0,24.0,1.0,0.0,0,0.0
9,S1,H7,loader,12,687.364703,24.0,0.0,53.48,0,0,24.0,1.0,0.0,0,0.0
10,S1,H1,feller_buncher,12,1299.478592,24.0,0.0,0.0,0,0,24.0,1.0,0.0,0,0.0
10,S1,H2,feller_buncher,12,860.013242,24.0,0.0,54.44,0,0,24.0,1.0,0.0,0,0.0
10,S1,H3,grapple_skidder,12,739.620424,24.0,0.0,53.48,0,0,24.0,1.0,0.0,0,0.0
10,S1,H4,processor,12,517.165642,24.0,0.0,0.0,0,0,24.0,1.0,0.0,0,0.0
10,S1,H5,processor,12,469.046841,24.0,0.0,53.24,0,0,24.0,1.0,0.0,0,0.0
11,S1,H1,feller_buncher,12,1299.478592,24.0,0.0,0.0,0,0,24.0,1.0,0.0,0,0.0
11,S1,H2,feller_buncher,12,59.00278800000001,24.0,0.0,0.0,0,0,24.0,1.0,0.0,0,0.0
11,S1,H3,grapple_skidder,12,778.104169,24.0,0.0,53.48,0,0,24.0,1.0,0.0,0,0.0
11,S1,H4,processor,12,419.00368828079087,20.892326467365546,3.107673532634454,54.68,0,0,24.0,0.8705136028068977,3.107673532634454,1,0.0
11,S1,H7,loader,12,687.364703,24.0,0.0,0.0,0,0,24.0,1.0,0.0,0,0.0
12,S1,H1,feller_buncher,12,209.0146384745154,20.129334732126637,3.8706652678733633,0.0,0,0,24.0,0.8387222805052765,3.870665267873365,1,0.3
12,S1,H2,feller_buncher,12,472.22269289999997,24.0,0.0,53.72,0,0,24.0,1.0,0.0,0,0.3
12,S1,H3,grapple_skidder,12,932.6584309,24.0,0.0,54.68,0,0,24.0,1.0,0.0,0,0.3
12,S1,H4,processor,12,362.0159494,24.0,0.0,54.68,0,0,24.0,1.0,0.0,0,0.3
12,S1,H7,loader,12,332.3191473,24.0,0.0,54.2,0,0,24.0,1.0,0.0,0,0.3
12,S1,H8,loader,12,316.3712468,24.0,0.0,0.0,0,0,24.0,1.0,0.0,0,0.3
13,S1,H1,feller_buncher,12,1164.04956,24.0,0.0,53.72,0,0,24.0,1.0,0.0,0,0.0
13,S1,H2,feller_buncher,12,1194.708925,24.0,0.0,53.96,0,0,24.0,1.0,0.0,0,0.0
13,S1,H3,grapple_skidder,12,809.624168,24.0,0.0,54.92,0,0,24.0,1.0,0.0,0,0.0
13,S1,H4,processor,12,531.895933,24.0,0.0,53.48,0,0,24.0,1.0,0.0,0,0.0
13,S1,H7,loader,12,538.7834694000003,24.0,0.0,54.2,1,0,24.0,1.0,0.0,0,0.0
14,S1,H1,feller_buncher,12,1176.844281,24.0,0.0,54.2,0,0,24.0,1.0,0.0,0,0.0
14,S1,H2,feller_buncher,12,1194.708925,24.0,0.0,0.0,0,0,24.0,1.0,0.0,0,0.0
14,S1,H3,grapple_skidder,12,778.104169,24.0,0.0,53.24,0,0,24.0,1.0,0.0,0,0.0
14,S1,H4,processor,12,531.895933,24.0,0.0,0.0,0,0,24.0,1.0,0.0,0,0.0
14,S1,H5,processor,12,409.650504,24.0,0.0,53.24,0,0,24.0,1.0,0.0,0,0.0
15,S1,H1,feller_buncher,12,1176.844281,24.0,0.0,0.0,0,0,24.0,1.0,0.0,0,0.0
15,S1,H2,feller_buncher,12,1164.04956,24.0,0.0,54.92,0,0,24.0,1.0,0.0,0,0.0
15,S1,H3,grapple_skidder,12,923.199854,24.0,0.0,53.24,0,0,24.0,1.0,0.0,0,0.0
15,S1,H4,processor,12,314.0261540592537,18.397701513439586,5.602298486560414,54.92,0,0,24.0,0.7665708963933161,5.602298486560413,1,0.0
15,S1,H7,loader,12,802.411354,24.0,0.0,53.48,0,0,24.0,1.0,0.0,0,0.0
16,S1,H1,feller_buncher,12,111.30773800000088,24.0,0.0,0.0,0,0,24.0,1.0,0.0,0,0.0
16,S1,H2,feller_buncher,12,502.7667789999996,24.0,0.0,0.0,0,0,24.0,1.0,0.0,0,0.0
16,S1,H3,grapple_skidder,12,1480.641393,24.0,0.0,54.68,0,0,24.0,1.0,0.0,0,0.0
16,S1,H4,processor,12,137.44388589999994,24.0,0.0,54.92,1,0,24.0,1.0,0.0,0,0.0
16,S1,H5,processor,12,395.784917,24.0,0.0,53.48,0,0,24.0,1.0,0.0,0,0.0
16,S1,H7,loader,12,424.433991,24.0,0.0,54.92,0,0,24.0,1.0,0.0,0,0.0
17,S1,H1,feller_buncher,12,576.960683,24.0,0.0,53.72,0,0,24.0,1.0,0.0,0,0.0
17,S1,H2,feller_buncher,12,787.363583,24.0,0.0,54.44,0,0,24.0,1.0,0.0,0,0.0
17,S1,H3,grapple_skidder,12,472.22269289999997,24.0,0.0,53.96,1,0,24.0,1.0,0.0,0,0.0
17,S1,H4,processor,12,569.826226,24.0,0.0,53.24,0,0,24.0,1.0,0.0,0,0.0
17,S1,H5,processor,12,395.784917,24.0,0.0,0.0,0,0,24.0,1.0,0.0,0,0.0
17,S1,H6,processor,12,469.046841,24.0,0.0,0.0,0,0,24.0,1.0,0.0,0,0.0
17,S1,H7,loader,12,424.433991,24.0,0.0,0.0,0,0,24.0,1.0,0.0,0,0.0
17,S1,H8,loader,12,802.411354,24.0,0.0,55.16,0,0,24.0,1.0,0.0,0,0.0
18,S1,H1,feller_buncher,12,1220.906942,24.0,0.0,54.2,0,0,24.0,1.0,0.0,0,0.0
18,S1,H2,feller_buncher,12,486.3476200000001,24.0,0.0,0.0,0,0,24.0,1.0,0.0,0,0.0
18,S1,H3,grapple_skidder,12,1164.728216,24.0,0.0,53.24,0,0,24.0,1.0,0.0,0,0.0
18,S1,H4,processor,12,426.515107753395,24.0,0.0,0.0,0,0,24.0,1.0,0.0,0,0.0
18,S1,H5,processor,12,456.082335,24.0,0.0,53.72,0,0,24.0,1.0,0.0,0,0.0
18,S1,H7,loader,12,474.741639,24.0,0.0,53.24,0,0,24.0,1.0,0.0,0,0.0
18,S1,H8,loader,12,456.725789,24.0,0.0,54.44,0,0,24.0,1.0,0.0,0,0.0
19,S1,H1,feller_buncher,12,709.1054075,24.0,0.0,0.0,0,0,24.0,1.0,0.0,0,0.3
19,S1,H2,feller_buncher,12,476.1455040999999,24.0,0.0,53.72,0,0,24.0,1.0,0.0,0,0.3
19,S1,H3,grapple_skidder,12,891.5978421,24.0,0.0,53.24,0,0,24.0,1.0,0.0,0,0.3
19,S1,H4,processor,12,362.0159494,24.0,0.0,53.72,0,0,24.0,1.0,0.0,0,0.3
19,S1,H5,processor,12,16.14035789999997,24.0,0.0,0.0,1,0,24.0,1.0,0.0,0,0.3
19,S1,H6,processor,12,328.3327887,24.0,0.0,0.0,0,0,24.0,1.0,0.0,0,0.3
19,S1,H7,loader,12,656.0293775,24.0,0.0,54.92,0,0,24.0,1.0,0.0,0,0.3
20,S1,H1,feller_buncher,12,1194.708925,24.0,0.0,53.24,0,0,24.0,1.0,0.0,0,0.0
20,S1,H2,feller_buncher,12,364.89843800000006,24.0,0.0,0.0,0,0,24.0,1.0,0.0,0,0.0
20,S1,H3,grapple_skidder,12,1332.369187,24.0,0.0,53.24,0,0,24.0,1.0,0.0,0,0.0
20,S1,H4,processor,12,409.8807599868196,24.0,0.0,0.0,0,0,24.0,1.0,0.0,0,0.0
20,S1,H5,processor,12,469.046841,24.0,0.0,53.96,0,0,24.0,1.0,0.0,0,0.0
20,S1,H6,processor,12,441.264891,24.0,0.0,54.44,0,0,24.0,1.0,0.0,0,0.0
20,S1,H7,loader,12,472.22269289999997,24.0,0.0,53.96,1,0,24.0,1.0,0.0,0,0.0
21,S1,H3,grapple_skidder,12,739.620424,24.0,0.0,55.16,0,0,24.0,1.0,0.0,0,0.0
21,S1,H4,processor,12,531.895933,24.0,0.0,53.48,0,0,24.0,1.0,0.0,0,0.0
21,S1,H5,processor,12,469.046841,24.0,0.0,0.0,0,0,24.0,1.0,0.0,0,0.0
21,S1,H6,processor,12,441.264891,24.0,0.0,0.0,0,0,24.0,1.0,0.0,0,0.0
21,S1,H7,loader,12,687.364703,24.0,0.0,53.24,0,0,24.0,1.0,0.0,0,0.0
22,S1,H3,grapple_skidder,12,1480.641393,24.0,0.0,55.4,0,0,24.0,1.0,0.0,0,0.0
22,S1,H4,processor,12,531.895933,24.0,0.0,0.0,0,0,24.0,1.0,0.0,0,0.0
22,S1,H5,processor,12,481.329283,24.0,0.0,53.48,0,0,24.0,1.0,0.0,0,0.0
22,S1,H6,processor,12,469.046841,24.0,0.0,54.44,0,0,24.0,1.0,0.0,0,0.0
22,S1,H7,loader,12,733.483855,24.0,0.0,53.24,0,0,24.0,1.0,0.0,0,0.0
23,S1,H3,grapple_skidder,12,1164.728216,24.0,0.0,53.72,0,0,24.0,1.0,0.0,0,0.0
23,S1,H4,processor,12,569.826226,24.0,0.0,53.24,0,0,24.0,1.0,0.0,0,0.0
23,S1,H5,processor,12,481.329283,24.0,0.0,0.0,0,0,24.0,1.0,0.0,0,0.0
23,S1,H6,processor,12,469.046841,24.0,0.0,0.0,0,0,24.0,1.0,0.0,0,0.0
23,S1,H7,loader,12,802.411354,24.0,0.0,53.24,0,0,24.0,1.0,0.0,0,0.0
24,S1,H3,grapple_skidder,12,517.7342967999999,24.0,0.0,54.68,0,0,24.0,1.0,0.0,0,0.3
24,S1,H4,processor,12,398.8783582,24.0,0.0,0.0,0,0,24.0,1.0,0.0,0,0.3
24,S1,H5,processor,12,362.0159494,24.0,0.0,54.68,0,0,24.0,1.0,0.0,0,0.3
24,S1,H6,processor,12,9.068060100000025,24.0,0.0,54.44,1,0,24.0,1.0,0.0,0,0.3
24,S1,H7,loader,12,332.3191473,24.0,0.0,54.68,0,0,24.0,1.0,0.0,0,0.3
25,S1,H3,grapple_skidder,12,1332.369187,24.0,0.0,55.16,0,0,24.0,1.0,0.0,0,0.0
25,S1,H4,processor,12,481.329283,24.0,0.0,55.4,0,0,24.0,1.0,0.0,0,0.0
25,S1,H5,processor,12,517.165642,24.0,0.0,0.0,0,0,24.0,1.0,0.0,0,0.0
25,S1,H7,loader,12,474.741639,24.0,0.0,0.0,0,0,24.0,1.0,0.0,0,0.0
25,S1,H8,loader,12,158.11398710000003,24.0,0.0,54.2,1,0,24.0,1.0,0.0,0,0.0
25,S1,H9,loader,12,937.184825,24.0,0.0,0.0,0,0,24.0,1.0,0.0,0,0.0
26,S1,H3,grapple_skidder,12,778.104169,24.0,0.0,54.68,0,0,24.0,1.0,0.0,0,0.0
26,S1,H4,processor,12,569.826226,24.0,0.0,55.4,0,0,24.0,1.0,0.0,0,0.0
26,S1,H5,processor,12,531.895933,24.0,0.0,53.48,0,0,24.0,1.0,0.0,0,0.0
26,S1,H7,loader,12,687.364703,24.0,0.0,54.2,0,0,24.0,1.0,0.0,0,0.0
26,S1,H8,loader,12,451.958924,24.0,0.0,54.92,0,0,24.0,1.0,0.0,0,0.0
27,S1,H3,grapple_skidder,12,133.72081331781945,20.086745861610016,3.913254138389984,54.2,0,0,24.0,0.8369477442337506,3.9132541383899846,1,0.0
27,S1,H4,processor,12,469.046841,24.0,0.0,54.92,0,0,24.0,1.0,0.0,0,0.0
27,S1,H5,processor,12,437.97945542237517,19.762337476148748,4.237662523851252,0.0,0,0,24.0,0.8234307281728644,4.2376625238512515,1,0.0
27,S1,H7,loader,12,937.184825,24.0,0.0,53.72,0,0,24.0,1.0,0.0,0,0.0
27,S1,H8,loader,12,425.0852512722785,22.572949639411664,1.4270503605883356,0.0,0,0,24.0,0.9405395683088194,1.4270503605883356,1,0.0
28,S1,H1,feller_buncher,12,1194.708925,24.0,0.0,0.0,0,0,24.0,1.0,0.0,0,0.0
28,S1,H3,grapple_skidder,12,815.9133518868096,18.736773882758772,5.263226117241228,53.48,0,0,24.0,0.7806989117816155,5.263226117241228,1,0.0
28,S1,H4,processor,12,517.165642,24.0,0.0,54.2,0,0,24.0,1.0,0.0,0,0.0
28,S1,H7,loader,12,802.411354,24.0,0.0,53.24,0,0,24.0,1.0,0.0,0,0.0
28,S1,H8,loader,12,474.741639,24.0,0.0,53.48,0,0,24.0,1.0,0.0,0,0.0
28,S1,H9,loader,12,451.958924,24.0,0.0,55.4,0,0,24.0,1.0,0.0,0,0.0
29,S1,H3,grapple_skidder,12,739.620424,24.0,0.0,54.2,0,0,24.0,1.0,0.0,0,0.0
29,S1,H4,processor,12,430.907382,24.0,0.0,53.48,0,0,24.0,1.0,0.0,0,0.0
29,S1,H5,processor,12,531.895933,24.0,0.0,0.0,0,0,24.0,1.0,0.0,0,0.0
29,S1,H7,loader,12,687.364703,24.0,0.0,53.48,0,0,24.0,1.0,0.0,0,0.0
29,S1,H8,loader,12,474.741639,24.0,0.0,0.0,0,0,24.0,1.0,0.0,0,0.0
30,S1,H3,grapple_skidder,12,1480.641393,24.0,0.0,55.4,0,0,24.0,1.0,0.0,0,0.0
30,S1,H4,processor,12,164.19408399999998,24.0,0.0,53.48,0,0,24.0,1.0,0.0,0,0.0
30,S1,H5,processor,12,481.329283,24.0,0.0,55.16,0,0,24.0,1.0,0.0,0,0.0
30,S1,H6,processor,12,385.00596988680957,24.0,0.0,53.72,1,0,24.0,1.0,0.0,0,0.0
30,S1,H7,loader,12,802.411354,24.0,0.0,53.48,0,0,24.0,1.0,0.0,0,0.0
30,S1,H8,loader,12,474.741639,24.0,0.0,0.0,0,0,24.0,1.0,0.0,0,0.0
31,S1,H3,grapple_skidder,12,296.6951010000007,24.0,0.0,53.24,1,0,24.0,1.0,0.0,0,0.0
31,S1,H4,processor,12,569.826226,24.0,0.0,53.72,0,0,24.0,1.0,0.0,0,0.0
31,S1,H5,processor,12,392.274748519209,24.0,0.0,0.0,1,0,24.0,1.0,0.0,0,0.0
31,S1,H6,processor,12,0.0,24.0,0.0,0.0,1,0,24.0,1.0,0.0,0,0.0
31,S1,H7,loader,12,270.3439177868198,24.0,0.0,53.48,1,0,24.0,1.0,0.0,0,0.0
31,S1,H8,loader,12,474.741639,24.0,0.0,0.0,0,0,24.0,1.0,0.0,0,0.0
32,S1,H3,grapple_skidder,12,778.104169,24.0,0.0,54.68,0,0,24.0,1.0,0.0,0,0.0
32,S1,H4,processor,12,569.826226,24.0,0.0,0.0,0,0,24.0,1.0,0.0,0,0.0
32,S1,H5,processor,12,395.8702875776255,24.0,0.0,55.16,1,0,24.0,1.0,0.0,0,0.0
32,S1,H7,loader,12,0.0,24.0,0.0,0.0,1,0,24.0,1.0,0.0,0,0.0
32,S1,H8,loader,12,349.2237934461377,24.0,0.0,53.72,0,0,24.0,1.0,0.0,0,0.0
32,S1,H9,loader,12,451.958924,24.0,0.0,0.0,0,0,24.0,1.0,0.0,0,0.0
33,S1,H3,grapple_skidder,12,576.960683,24.0,0.0,53.48,0,0,24.0,1.0,0.0,0,0.0
33,S1,H4,processor,12,0.0,24.0,0.0,53.24,1,0,24.0,1.0,0.0,0,0.0
33,S1,H5,processor,12,183.91442687596725,23.064575810738322,0.9354241892616777,54.68,0,0,24.0,0.9610239921140967,0.9354241892616786,1,0.0
33,S1,H7,loader,12,937.184825,24.0,0.0,53.72,0,0,24.0,1.0,0.0,0,0.0
33,S1,H8,loader,12,466.6895584406719,24.0,0.0,0.0,1,0,24.0,1.0,0.0,0,0.0
33,S1,H9,loader,12,451.958924,24.0,0.0,0.0,0,0,24.0,1.0,0.0,0,0.0
34,S1,H1,feller_buncher,12,140.55055100000027,24.0,0.0,0.0,0,0,24.0,1.0,0.0,0,0.0
34,S1,H3,grapple_skidder,12,328.74721455244065,19.03448273470354,4.965517265296459,53.72,0,0,24.0,0.7931034472793143,4.96551726529646,1,0.0
34,S1,H4,processor,12,428.751305,24.0,0.0,54.2,0,0,24.0,1.0,0.0,0,0.0
34,S1,H5,processor,12,469.046841,24.0,0.0,0.0,0,0,24.0,1.0,0.0,0,0.0
34,S1,H7,loader,12,691.9546677526588,24.0,0.0,53.24,1,0,24.0,1.0,0.0,0,0.0
35,S1,H3,grapple_skidder,12,334.2234503999998,24.0,0.0,55.16,0,0,24.0,1.0,0.0,0,0.3
35,S1,H4,processor,12,103.7465646,24.0,0.0,0.0,0,0,24.0,1.0,0.0,0,0.3
35,S1,H5,processor,12,286.75535279999997,24.0,0.0,53.24,0,0,24.0,1.0,0.0,0,0.3
35,S1,H7,loader,12,0.0,24.0,0.0,0.0,1,0,24.0,1.0,0.0,0,0.3
35,S1,H8,loader,12,332.3191473,24.0,0.0,53.72,0,0,24.0,1.0,0.0,0,0.3
36,S1,H3,grapple_skidder,12,855.829418,24.0,0.0,54.68,0,0,24.0,1.0,0.0,0,0.0
36,S1,H4,processor,12,569.826226,24.0,0.0,54.44,0,0,24.0,1.0,0.0,0,0.0
36,S1,H5,processor,12,395.15367800000007,24.0,0.0,0.0,0,0,24.0,1.0,0.0,0,0.0
36,S1,H7,loader,12,532.4978696000001,24.0,0.0,54.2,1,0,24.0,1.0,0.0,0,0.0
36,S1,H8,loader,12,474.741639,24.0,0.0,0.0,0,0,24.0,1.0,0.0,0,0.0
37,S1,H3,grapple_skidder,12,339.93655800000056,24.0,0.0,53.72,0,0,24.0,1.0,0.0,0,0.0
37,S1,H4,processor,12,360.77644299999906,24.0,0.0,0.0,0,0,24.0,1.0,0.0,0,0.0
37,S1,H5,processor,12,395.784917,24.0,0.0,53.48,0,0,24.0,1.0,0.0,0,0.0
37,S1,H7,loader,12,0.0,24.0,0.0,0.0,1,0,24.0,1.0,0.0,0,0.0
37,S1,H8,loader,12,424.433991,24.0,0.0,53.24,0,0,24.0,1.0,0.0,0,0.0
38,S1,H3,grapple_skidder,12,778.104169,24.0,0.0,53.48,0,0,24.0,1.0,0.0,0,0.0
38,S1,H4,processor,12,339.93655800000056,24.0,0.0,55.4,1,0,24.0,1.0,0.0,0,0.0
38,S1,H5,processor,12,323.95849950594646,19.64451815667022,4.35548184332978,0.0,0,0,24.0,0.8185215898612591,4.35548184332978,1,0.0
38,S1,H7,loader,12,937.184825,24.0,0.0,54.44,0,0,24.0,1.0,0.0,0,0.0
38,S1,H8,loader,12,424.433991,24.0,0.0,0.0,0,0,24.0,1.0,0.0,0,0.0
39,S1,H3,grapple_skidder,12,678.968019,24.0,0.0,53.72,0,0,24.0,1.0,0.0,0,0.0
39,S1,H4,processor,12,469.046841,24.0,0.0,53.48,0,0,24.0,1.0,0.0,0,0.0
39,S1,H5,processor,12,195.88960400000013,24.0,0.0,0.0,0,0,24.0,1.0,0.0,0,0.0
39,S1,H7,loader,12,200.35858745339397,24.0,0.0,0.0,1,0,24.0,1.0,0.0,0,0.0
39,S1,H8,loader,12,117.50022885925364,24.0,0.0,0.0,1,0,24.0,1.0,0.0,0,0.0
39,S1,H9,loader,12,451.958924,24.0,0.0,0.0,0,0,24.0,1.0,0.0,0,0.0
40,S1,H4,processor,12,494.62413911668045,21.692572421403725,2.3074275785962755,53.72,0,0,24.0,0.9038571842251552,2.307427578596275,1,0.0
40,S1,H7,loader,12,474.741639,24.0,0.0,54.92,0,0,24.0,1.0,0.0,0,0.0
40,S1,H8,loader,12,456.725789,24.0,0.0,53.48,0,0,24.0,1.0,0.0,0,0.0
40,S1,H9,loader,12,75.28100872772166,24.0,0.0,0.0,1,0,24.0,1.0,0.0,0,0.0
41,S1,H4,processor,12,469.046841,24.0,0.0,53.72,0,0,24.0,1.0,0.0,0,0.0
41,S1,H7,loader,12,485.857474,24.0,0.0,53.72,0,0,24.0,1.0,0.0,0,0.0
41,S1,H8,loader,12,456.725789,24.0,0.0,0.0,0,0,24.0,1.0,0.0,0,0.0
42,S1,H3,grapple_skidder,12,456.54373606299197,24.0,0.0,0.0,0,0,24.0,1.0,0.0,0,0.0
42,S1,H7,loader,12,474.741639,24.0,0.0,53.72,0,0,24.0,1.0,0.0,0,0.0
42,S1,H8,loader,12,337.0254875059466,24.0,0.0,0.0,1,0,24.0,1.0,0.0,0,0.0
1,S1,H1,feller_buncher,13,1220.906942,24.0,0.0,0.0,0,0,24.0,1.0,0.0,0,0.0
1,S1,H2,feller_buncher,13,1299.478592,24.0,0.0,0.0,0,0,24.0,1.0,0.0,0,0.0
2,S1,H1,feller_buncher,13,1220.906942,24.0,0.0,0.0,0,0,24.0,1.0,0.0,0,0.0
2,S1,H2,feller_buncher,13,1164.04956,24.0,0.0,53.72,0,0,24.0,1.0,0.0,0,0.0
2,S1,H3,grapple_skidder,13,678.968019,24.0,0.0,0.0,0,0,24.0,1.0,0.0,0,0.0
3,S1,H1,feller_buncher,13,823.7909966999999,24.0,0.0,53.48,0,0,24.0,1.0,0.0,0,0.3
3,S1,H2,feller_buncher,13,622.1577432,24.0,0.0,53.24,0,0,24.0,1.0,0.0,0,0.3
3,S1,H3,grapple_skidder,13,544.6729182999999,24.0,0.0,53.72,0,0,24.0,1.0,0.0,0,0.3
3,S1,H4,processor,13,383.06593499999997,24.0,0.0,0.0,0,0,24.0,1.0,0.0,0,0.3
4,S1,H1,feller_buncher,13,1176.844281,24.0,0.0,0.0,0,0,24.0,1.0,0.0,0,0.0
4,S1,H2,feller_buncher,13,888.796776,24.0,0.0,0.0,0,0,24.0,1.0,0.0,0,0.0
4,S1,H3,grapple_skidder,13,1332.369187,24.0,0.0,54.68,0,0,24.0,1.0,0.0,0,0.0
4,S1,H4,processor,13,469.046841,24.0,0.0,53.72,0,0,24.0,1.0,0.0,0,0.0
4,S1,H7,loader,13,383.06593499999997,24.0,0.0,0.0,1,0,24.0,1.0,0.0,0,0.0
5,S1,H1,feller_buncher,13,1164.04956,24.0,0.0,54.2,0,0,24.0,1.0,0.0,0,0.0
5,S1,H2,feller_buncher,13,961.553907,24.0,0.0,53.24,0,0,24.0,1.0,0.0,0,0.0
5,S1,H3,grapple_skidder,13,1164.728216,24.0,0.0,53.48,0,0,24.0,1.0,0.0,0,0.0
5,S1,H4,processor,13,531.895933,24.0,0.0,54.68,0,0,24.0,1.0,0.0,0,0.0
6,S1,H1,feller_buncher,13,256.1621419999998,24.0,0.0,53.24,0,0,24.0,1.0,0.0,0,0.0
6,S1,H2,feller_buncher,13,961.553907,24.0,0.0,0.0,0,0,24.0,1.0,0.0,0,0.0
6,S1,H3,grapple_skidder,13,835.9070616999998,24.0,0.0,0.0,1,0,24.0,1.0,0.0,0,0.0
6,S1,H4,processor,13,531.895933,24.0,0.0,0.0,0,0,24.0,1.0,0.0,0,0.0
7,S1,H1,feller_buncher,13,1164.04956,24.0,0.0,53.24,0,0,24.0,1.0,0.0,0,0.0
7,S1,H2,feller_buncher,13,961.553907,24.0,0.0,0.0,0,0,24.0,1.0,0.0,0,0.0
7,S1,H3,grapple_skidder,13,809.624168,24.0,0.0,54.44,0,0,24.0,1.0,0.0,0,0.0
7,S1,H4,processor,13,517.165642,24.0,0.0,53.48,0,0,24.0,1.0,0.0,0,0.0
7,S1,H7,loader,13,802.411354,24.0,0.0,55.4,0,0,24.0,1.0,0.0,0,0.0
8,S1,H1,feller_buncher,13,860.013242,24.0,0.0,53.24,0,0,24.0,1.0,0.0,0,0.0
8,S1,H2,feller_buncher,13,413.7565330000002,24.0,0.0,0.0,0,0,24.0,1.0,0.0,0,0.0
8,S1,H3,grapple_skidder,13,778.104169,24.0,0.0,53.24,0,0,24.0,1.0,0.0,0,0.0
8,S1,H4,processor,13,517.165642,24.0,0.0,0.0,0,0,24.0,1.0,0.0,0,0.0
8,S1,H5,processor,13,409.650504,24.0,0.0,0.0,0,0,24.0,1.0,0.0,0,0.0
9,S1,H1,feller_buncher,13,1299.478592,24.0,0.0,53.96,0,0,24.0,1.0,0.0,0,0.0
9,S1,H2,feller_buncher,13,1220.906942,24.0,0.0,55.16,0,0,24.0,1.0,0.0,0,0.0
9,S1,H3,grapple_skidder,13,778.104169,24.0,0.0,0.0,0,0,24.0,1.0,0.0,0,0.0
9,S1,H7,loader,13,687.364703,24.0,0.0,53.48,0,0,24.0,1.0,0.0,0,0.0
10,S1,H1,feller_buncher,13,887.9861720186504,24.0,0.0,0.0,0,0,24.0,1.0,0.0,0,0.0
10,S1,H2,feller_buncher,13,860.013242,24.0,0.0,54.44,0,0,24.0,1.0,0.0,0,0.0
10,S1,H3,grapple_skidder,13,739.620424,24.0,0.0,53.48,0,0,24.0,1.0,0.0,0,0.0
10,S1,H4,processor,13,517.165642,24.0,0.0,0.0,0,0,24.0,1.0,0.0,0,0.0
10,S1,H5,processor,13,228.28283579529568,24.0,0.0,53.24,0,0,24.0,1.0,0.0,0,0.0
11,S1,H1,feller_buncher,13,1299.478592,24.0,0.0,0.0,0,0,24.0,1.0,0.0,0,0.0
11,S1,H2,feller_buncher,13,59.00278800000001,24.0,0.0,0.0,0,0,24.0,1.0,0.0,0,0.0
11,S1,H3,grapple_skidder,13,778.104169,24.0,0.0,53.48,0,0,24.0,1.0,0.0,0,0.0
11,S1,H4,processor,13,481.329283,24.0,0.0,54.68,0,0,24.0,1.0,0.0,0,0.0
11,S1,H7,loader,13,687.364703,24.0,0.0,0.0,0,0,24.0,1.0,0.0,0,0.0
12,S1,H1,feller_buncher,13,249.20601649999983,24.0,0.0,0.0,0,0,24.0,1.0,0.0,0,0.3
12,S1,H2,feller_buncher,13,286.32646284792946,24.0,0.0,53.72,0,0,24.0,1.0,0.0,0,0.3
12,S1,H3,grapple_skidder,13,932.6584309,24.0,0.0,54.68,0,0,24.0,1.0,0.0,0,0.3
12,S1,H4,processor,13,362.0159494,24.0,0.0,54.68,0,0,24.0,1.0,0.0,0,0.3
12,S1,H7,loader,13,332.3191473,24.0,0.0,54.2,0,0,24.0,1.0,0.0,0,0.3
12,S1,H8,loader,13,316.3712468,24.0,0.0,0.0,0,0,24.0,1.0,0.0,0,0.3
13,S1,H1,feller_buncher,13,1164.04956,24.0,0.0,53.72,0,0,24.0,1.0,0.0,0,0.0
13,S1,H2,feller_buncher,13,1194.708925,24.0,0.0,53.96,0,0,24.0,1.0,0.0,0,0.0
13,S1,H3,grapple_skidder,13,809.624168,24.0,0.0,54.92,0,0,24.0,1.0,0.0,0,0.0
13,S1,H4,processor,13,531.895933,24.0,0.0,53.48,0,0,24.0,1.0,0.0,0,0.0
13,S1,H7,loader,13,538.7834694000003,24.0,0.0,54.2,1,0,24.0,1.0,0.0,0,0.0
14,S1,H1,feller_buncher,13,1176.844281,24.0,0.0,54.2,0,0,24.0,1.0,0.0,0,0.0
14,S1,H2,feller_buncher,13,1194.708925,24.0,0.0,0.0,0,0,24.0,1.0,0.0,0,0.0
14,S1,H3,grapple_skidder,13,778.104169,24.0,0.0,53.24,0,0,24.0,1.0,0.0,0,0.0
14,S1,H4,processor,13,531.895933,24.0,0.0,0.0,0,0,24.0,1.0,0.0,0,0.0
14,S1,H5,processor,13,409.650504,24.0,0.0,53.24,0,0,24.0,1.0,0.0,0,0.0
15,S1,H1,feller_buncher,13,1176.844281,24.0,0.0,0.0,0,0,24.0,1.0,0.0,0,0.0
15,S1,H2,feller_buncher,13,1164.04956,24.0,0.0,54.92,0,0,24.0,1.0,0.0,0,0.0
15,S1,H3,grapple_skidder,13,923.199854,24.0,0.0,53.24,0,0,24.0,1.0,0.0,0,0.0
15,S1,H4,processor,13,409.650504,24.0,0.0,54.92,0,0,24.0,1.0,0.0,0,0.0
15,S1,H7,loader,13,802.411354,24.0,0.0,53.48,0,0,24.0,1.0,0.0,0,0.0
16,S1,H1,feller_buncher,13,111.30773800000088,24.0,0.0,0.0,0,0,24.0,1.0,0.0,0,0.0
16,S1,H2,feller_buncher,13,502.7667789999996,24.0,0.0,0.0,0,0,24.0,1.0,0.0,0,0.0
16,S1,H3,grapple_skidder,13,1480.641393,24.0,0.0,54.68,0,0,24.0,1.0,0.0,0,0.0
16,S1,H4,processor,13,137.44388589999994,24.0,0.0,54.92,1,0,24.0,1.0,0.0,0,0.0
16,S1,H5,processor,13,395.784917,24.0,0.0,53.48,0,0,24.0,1.0,0.0,0,0.0
16,S1,H7,loader,13,424.433991,24.0,0.0,54.92,0,0,24.0,1.0,0.0,0,0.0
17,S1,H1,feller_buncher,13,576.960683,24.0,0.0,53.72,0,0,24.0,1.0,0.0,0,0.0
17,S1,H2,feller_buncher,13,787.363583,24.0,0.0,54.44,0,0,24.0,1.0,0.0,0,0.0
17,S1,H3,grapple_skidder,13,286.32646284792946,24.0,0.0,53.96,1,0,24.0,1.0,0.0,0,0.0
17,S1,H4,processor,13,569.826226,24.0,0.0,53.24,0,0,24.0,1.0,0.0,0,0.0
17,S1,H5,processor,13,395.784917,24.0,0.0,0.0,0,0,24.0,1.0,0.0,0,0.0
17,S1,H6,processor,13,336.000572805055,17.1923420913122,6.807657908687801,0.0,0,0,24.0,0.7163475871380083,6.807657908687802,1,0.0
17,S1,H7,loader,13,277.7112719249506,24.0,0.0,0.0,0,0,24.0,1.0,0.0,0,0.0
17,S1,H8,loader,13,660.2049099000002,24.0,0.0,55.16,1,0,24.0,1.0,0.0,0,0.0
18,S1,H1,feller_buncher,13,1220.906942,24.0,0.0,54.2,0,0,24.0,1.0,0.0,0,0.0
18,S1,H2,feller_buncher,13,486.3476200000001,24.0,0.0,0.0,0,0,24.0,1.0,0.0,0,0.0
18,S1,H3,grapple_skidder,13,1164.728216,24.0,0.0,53.24,0,0,24.0,1.0,0.0,0,0.0
18,S1,H4,processor,13,569.826226,24.0,0.0,0.0,0,0,24.0,1.0,0.0,0,0.0
18,S1,H5,processor,13,286.32646284792946,24.0,0.0,53.72,1,0,24.0,1.0,0.0,0,0.0
18,S1,H7,loader,13,474.741639,24.0,0.0,53.24,0,0,24.0,1.0,0.0,0,0.0
18,S1,H8,loader,13,456.725789,24.0,0.0,54.44,0,0,24.0,1.0,0.0,0,0.0
19,S1,H1,feller_buncher,13,1013.0077249999999,24.0,0.0,0.0,0,0,24.0,1.0,0.0,0,0.0
19,S1,H2,feller_buncher,13,680.207863,24.0,0.0,53.72,0,0,24.0,1.0,0.0,0,0.0
19,S1,H3,grapple_skidder,13,1273.711203,24.0,0.0,53.24,0,0,24.0,1.0,0.0,0,0.0
19,S1,H4,processor,13,517.165642,24.0,0.0,53.72,0,0,24.0,1.0,0.0,0,0.0
19,S1,H5,processor,13,0.0,24.0,0.0,0.0,1,0,24.0,1.0,0.0,0,0.0
19,S1,H6,processor,13,469.046841,24.0,0.0,0.0,0,0,24.0,1.0,0.0,0,0.0
19,S1,H7,loader,13,937.184825,24.0,0.0,54.92,0,0,24.0,1.0,0.0,0,0.0
20,S1,H1,feller_buncher,13,1194.708925,24.0,0.0,53.24,0,0,24.0,1.0,0.0,0,0.0
20,S1,H2,feller_buncher,13,364.89843800000006,24.0,0.0,0.0,0,0,24.0,1.0,0.0,0,0.0
20,S1,H3,grapple_skidder,13,1034.3594568254773,24.0,0.0,53.24,0,0,24.0,1.0,0.0,0,0.0
20,S1,H4,processor,13,517.165642,24.0,0.0,0.0,0,0,24.0,1.0,0.0,0,0.0
20,S1,H5,processor,13,469.046841,24.0,0.0,53.96,0,0,24.0,1.0,0.0,0,0.0
20,S1,H6,processor,13,441.264891,24.0,0.0,54.44,0,0,24.0,1.0,0.0,0,0.0
20,S1,H7,loader,13,286.32646284792946,24.0,0.0,53.96,1,0,24.0,1.0,0.0,0,0.0
21,S1,H3,grapple_skidder,13,606.2811577985061,19.673263899976007,4.326736100023993,55.16,0,0,24.0,0.8197193291656669,4.326736100023995,1,0.0
21,S1,H4,processor,13,531.895933,24.0,0.0,53.48,0,0,24.0,1.0,0.0,0,0.0
21,S1,H5,processor,13,469.046841,24.0,0.0,0.0,0,0,24.0,1.0,0.0,0,0.0
21,S1,H6,processor,13,441.264891,24.0,0.0,0.0,0,0,24.0,1.0,0.0,0,0.0
21,S1,H7,loader,13,687.364703,24.0,0.0,53.24,0,0,24.0,1.0,0.0,0,0.0
22,S1,H3,grapple_skidder,13,1480.641393,24.0,0.0,55.4,0,0,24.0,1.0,0.0,0,0.0
22,S1,H4,processor,13,502.4635238254773,24.0,0.0,0.0,1,0,24.0,1.0,0.0,0,0.0
22,S1,H5,processor,13,481.329283,24.0,0.0,53.48,0,0,24.0,1.0,0.0,0,0.0
22,S1,H6,processor,13,469.046841,24.0,0.0,54.44,0,0,24.0,1.0,0.0,0,0.0
22,S1,H7,loader,13,733.483855,24.0,0.0,53.24,0,0,24.0,1.0,0.0,0,0.0
23,S1,H3,grapple_skidder,13,1164.728216,24.0,0.0,53.72,0,0,24.0,1.0,0.0,0,0.0
23,S1,H4,processor,13,569.826226,24.0,0.0,53.24,0,0,24.0,1.0,0.0,0,0.0
23,S1,H5,processor,13,383.2430157985062,24.0,0.0,0.0,1,0,24.0,1.0,0.0,0,0.0
23,S1,H6,processor,13,469.046841,24.0,0.0,0.0,0,0,24.0,1.0,0.0,0,0.0
23,S1,H7,loader,13,370.783296349926,24.0,0.0,53.24,0,0,24.0,1.0,0.0,0,0.0
24,S1,H3,grapple_skidder,13,739.620424,24.0,0.0,54.68,0,0,24.0,1.0,0.0,0,0.0
24,S1,H4,processor,13,569.826226,24.0,0.0,0.0,0,0,24.0,1.0,0.0,0,0.0
24,S1,H5,processor,13,517.165642,24.0,0.0,54.68,0,0,24.0,1.0,0.0,0,0.0
24,S1,H6,processor,13,391.18142100000006,24.0,0.0,54.44,0,0,24.0,1.0,0.0,0,0.0
24,S1,H7,loader,13,474.741639,24.0,0.0,54.68,0,0,24.0,1.0,0.0,0,0.0
25,S1,H3,grapple_skidder,13,1332.369187,24.0,0.0,55.16,0,0,24.0,1.0,0.0,0,0.0
25,S1,H4,processor,13,481.329283,24.0,0.0,55.4,0,0,24.0,1.0,0.0,0,0.0
25,S1,H5,processor,13,517.165642,24.0,0.0,0.0,0,0,24.0,1.0,0.0,0,0.0
25,S1,H7,loader,13,393.3902952544708,19.887379388070272,4.112620611929728,0.0,0,0,24.0,0.8286408078362614,4.112620611929728,1,0.0
25,S1,H8,loader,13,437.199517632662,19.4229123387213,4.5770876612787,54.2,0,0,24.0,0.8092880141133875,4.5770876612787,1,0.0
25,S1,H9,loader,13,937.184825,24.0,0.0,0.0,0,0,24.0,1.0,0.0,0,0.0
26,S1,H3,grapple_skidder,13,778.104169,24.0,0.0,54.68,0,0,24.0,1.0,0.0,0,0.0
26,S1,H4,processor,13,569.826226,24.0,0.0,55.4,0,0,24.0,1.0,0.0,0,0.0
26,S1,H5,processor,13,531.895933,24.0,0.0,53.48,0,0,24.0,1.0,0.0,0,0.0
26,S1,H7,loader,13,687.364703,24.0,0.0,54.2,0,0,24.0,1.0,0.0,0,0.0
26,S1,H8,loader,13,451.958924,24.0,0.0,54.92,0,0,24.0,1.0,0.0,0,0.0
27,S1,H3,grapple_skidder,13,135.53986800000075,24.0,0.0,54.2,1,0,24.0,1.0,0.0,0,0.0
27,S1,H4,processor,13,469.046841,24.0,0.0,54.92,0,0,24.0,1.0,0.0,0,0.0
27,S1,H5,processor,13,472.95896980129214,21.340669426083036,2.6593305739169644,0.0,0,0,24.0,0.8891945594201265,2.659330573916964,1,0.0
27,S1,H7,loader,13,937.184825,24.0,0.0,53.72,0,0,24.0,1.0,0.0,0,0.0
27,S1,H8,loader,13,451.958924,24.0,0.0,0.0,0,0,24.0,1.0,0.0,0,0.0
28,S1,H1,feller_buncher,13,1194.708925,24.0,0.0,0.0,0,0,24.0,1.0,0.0,0,0.0
28,S1,H3,grapple_skidder,13,1045.106301,24.0,0.0,53.48,0,0,24.0,1.0,0.0,0,0.0
28,S1,H4,processor,13,483.45613430000026,24.0,0.0,54.2,1,0,24.0,1.0,0.0,0,0.0
28,S1,H7,loader,13,802.411354,24.0,0.0,53.24,0,0,24.0,1.0,0.0,0,0.0
28,S1,H8,loader,13,378.8410686704554,19.151860509313632,4.848139490686368,53.48,0,0,24.0,0.797994187888068,4.848139490686367,1,0.0
28,S1,H9,loader,13,451.958924,24.0,0.0,55.4,0,0,24.0,1.0,0.0,0,0.0
29,S1,H3,grapple_skidder,13,739.620424,24.0,0.0,54.2,0,0,24.0,1.0,0.0,0,0.0
29,S1,H4,processor,13,430.907382,24.0,0.0,53.48,0,0,24.0,1.0,0.0,0,0.0
29,S1,H5,processor,13,327.51428419870786,24.0,0.0,0.0,1,0,24.0,1.0,0.0,0,0.0
29,S1,H7,loader,13,687.364703,24.0,0.0,53.48,0,0,24.0,1.0,0.0,0,0.0
29,S1,H8,loader,13,474.741639,24.0,0.0,0.0,0,0,24.0,1.0,0.0,0,0.0
30,S1,H3,grapple_skidder,13,1480.641393,24.0,0.0,55.4,0,0,24.0,1.0,0.0,0,0.0
30,S1,H4,processor,13,0.0,24.0,0.0,53.48,1,0,24.0,1.0,0.0,0,0.0
30,S1,H5,processor,13,481.329283,24.0,0.0,55.16,0,0,24.0,1.0,0.0,0,0.0
30,S1,H6,processor,13,196.72268406383472,24.0,0.0,53.72,0,0,24.0,1.0,0.0,0,0.0
30,S1,H7,loader,13,802.411354,24.0,0.0,53.48,0,0,24.0,1.0,0.0,0,0.0
30,S1,H8,loader,13,474.741639,24.0,0.0,0.0,0,0,24.0,1.0,0.0,0,0.0
31,S1,H3,grapple_skidder,13,567.1587449999993,24.0,0.0,53.24,0,0,24.0,1.0,0.0,0,0.0
31,S1,H4,processor,13,569.826226,24.0,0.0,53.72,0,0,24.0,1.0,0.0,0,0.0
31,S1,H5,processor,13,481.329283,24.0,0.0,0.0,0,0,24.0,1.0,0.0,0,0.0
31,S1,H6,processor,13,183.29153700000006,24.0,0.0,0.0,0,0,24.0,1.0,0.0,0,0.0
31,S1,H7,loader,13,490.02459330000056,24.0,0.0,53.48,1,0,24.0,1.0,0.0,0,0.0
31,S1,H8,loader,13,474.741639,24.0,0.0,0.0,0,0,24.0,1.0,0.0,0,0.0
32,S1,H3,grapple_skidder,13,778.104169,24.0,0.0,54.68,0,0,24.0,1.0,0.0,0,0.0
32,S1,H4,processor,13,569.826226,24.0,0.0,0.0,0,0,24.0,1.0,0.0,0,0.0
32,S1,H5,processor,13,531.895933,24.0,0.0,55.16,0,0,24.0,1.0,0.0,0,0.0
32,S1,H7,loader,13,0.0,24.0,0.0,0.0,1,0,24.0,1.0,0.0,0,0.0
32,S1,H8,loader,13,558.398094,24.0,0.0,53.72,0,0,24.0,1.0,0.0,0,0.0
32,S1,H9,loader,13,451.958924,24.0,0.0,0.0,0,0,24.0,1.0,0.0,0,0.0
33,S1,H3,grapple_skidder,13,576.960683,24.0,0.0,53.48,0,0,24.0,1.0,0.0,0,0.0
33,S1,H4,processor,13,35.26281199999926,24.0,0.0,53.24,1,0,24.0,1.0,0.0,0,0.0
33,S1,H5,processor,13,469.046841,24.0,0.0,54.68,0,0,24.0,1.0,0.0,0,0.0
33,S1,H7,loader,13,724.4943530865909,18.553292808681768,5.446707191318232,53.72,0,0,24.0,0.773053867028407,5.446707191318233,1,0.0
33,S1,H8,loader,13,252.5235090638347,24.0,0.0,0.0,1,0,24.0,1.0,0.0,0,0.0
33,S1,H9,loader,13,451.958924,24.0,0.0,0.0,0,0,24.0,1.0,0.0,0,0.0
34,S1,H1,feller_buncher,13,140.55055100000027,24.0,0.0,0.0,0,0,24.0,1.0,0.0,0,0.0
34,S1,H3,grapple_skidder,13,147.86832519999962,24.0,0.0,53.72,1,0,24.0,1.0,0.0,0,0.0
34,S1,H4,processor,13,428.751305,24.0,0.0,54.2,0,0,24.0,1.0,0.0,0,0.0
34,S1,H5,processor,13,469.046841,24.0,0.0,0.0,0,0,24.0,1.0,0.0,0,0.0
34,S1,H7,loader,13,802.411354,24.0,0.0,53.24,0,0,24.0,1.0,0.0,0,0.0
35,S1,H3,grapple_skidder,13,477.4620719999998,24.0,0.0,55.16,0,0,24.0,1.0,0.0,0,0.0
35,S1,H4,processor,13,148.20937800000002,24.0,0.0,0.0,0,0,24.0,1.0,0.0,0,0.0
35,S1,H5,processor,13,409.650504,24.0,0.0,53.24,0,0,24.0,1.0,0.0,0,0.0
35,S1,H7,loader,13,155.87003047555095,24.0,0.0,0.0,1,0,24.0,1.0,0.0,0,0.0
35,S1,H8,loader,13,474.741639,24.0,0.0,53.72,0,0,24.0,1.0,0.0,0,0.0
36,S1,H3,grapple_skidder,13,599.0805925999999,24.0,0.0,54.68,0,0,24.0,1.0,0.0,0,0.3
36,S1,H4,processor,13,398.8783582,24.0,0.0,54.44,0,0,24.0,1.0,0.0,0,0.3
36,S1,H5,processor,13,128.51464519999985,24.0,0.0,0.0,1,0,24.0,1.0,0.0,0,0.3
36,S1,H7,loader,13,386.5145977,24.0,0.0,54.2,0,0,24.0,1.0,0.0,0,0.3
36,S1,H8,loader,13,332.3191473,24.0,0.0,0.0,0,0,24.0,1.0,0.0,0,0.3
37,S1,H3,grapple_skidder,13,339.93655800000056,24.0,0.0,53.72,0,0,24.0,1.0,0.0,0,0.0
37,S1,H4,processor,13,221.21263709382453,24.0,0.0,0.0,0,0,24.0,1.0,0.0,0,0.0
37,S1,H5,processor,13,395.784917,24.0,0.0,53.48,0,0,24.0,1.0,0.0,0,0.0
37,S1,H7,loader,13,24.796971999999982,24.0,0.0,0.0,0,0,24.0,1.0,0.0,0,0.0
37,S1,H8,loader,13,424.433991,24.0,0.0,53.24,0,0,24.0,1.0,0.0,0,0.0
38,S1,H3,grapple_skidder,13,778.104169,24.0,0.0,53.48,0,0,24.0,1.0,0.0,0,0.0
38,S1,H4,processor,13,375.18955700000043,24.0,0.0,55.4,1,0,24.0,1.0,0.0,0,0.0
38,S1,H5,processor,13,334.92569559999987,24.0,0.0,0.0,1,0,24.0,1.0,0.0,0,0.0
38,S1,H7,loader,13,937.184825,24.0,0.0,54.44,0,0,24.0,1.0,0.0,0,0.0
38,S1,H8,loader,13,424.433991,24.0,0.0,0.0,0,0,24.0,1.0,0.0,0,0.0
39,S1,H3,grapple_skidder,13,678.968019,24.0,0.0,53.72,0,0,24.0,1.0,0.0,0,0.0
39,S1,H4,processor,13,469.046841,24.0,0.0,53.48,0,0,24.0,1.0,0.0,0,0.0
39,S1,H5,processor,13,0.0,24.0,0.0,0.0,1,0,24.0,1.0,0.0,0,0.0
39,S1,H7,loader,13,135.64092420723364,24.0,0.0,0.0,1,0,24.0,1.0,0.0,0,0.0
39,S1,H8,loader,13,216.1034162750493,24.0,0.0,0.0,1,0,24.0,1.0,0.0,0,0.0
39,S1,H9,loader,13,451.958924,24.0,0.0,0.0,0,0,24.0,1.0,0.0,0,0.0
40,S1,H4,processor,13,547.23705,24.0,0.0,53.72,0,0,24.0,1.0,0.0,0,0.0
40,S1,H7,loader,13,474.741639,24.0,0.0,54.92,0,0,24.0,1.0,0.0,0,0.0
40,S1,H8,loader,13,456.725789,24.0,0.0,53.48,0,0,24.0,1.0,0.0,0,0.0
40,S1,H9,loader,13,134.70578599999976,24.0,0.0,0.0,0,0,24.0,1.0,0.0,0,0.0
41,S1,H4,processor,13,469.046841,24.0,0.0,53.72,0,0,24.0,1.0,0.0,0,0.0
41,S1,H7,loader,13,485.857474,24.0,0.0,53.72,0,0,24.0,1.0,0.0,0,0.0
41,S1,H8,loader,13,407.76694778396524,21.427313680364925,2.572686319635075,0.0,0,0,24.0,0.8928047366818719,2.572686319635073,1,0.0
42,S1,H3,grapple_skidder,13,678.968019,24.0,0.0,0.0,0,0,24.0,1.0,0.0,0,0.0
42,S1,H7,loader,13,474.741639,24.0,0.0,53.72,0,0,24.0,1.0,0.0,0,0.0
42,S1,H8,loader,13,201.06192081603461,24.0,0.0,0.0,1,0,24.0,1.0,0.0,0,0.0
1,S1,H1,feller_buncher,14,1220.906942,24.0,0.0,0.0,0,0,24.0,1.0,0.0,0,0.0
1,S1,H2,feller_buncher,14,1299.478592,24.0,0.0,0.0,0,0,24.0,1.0,0.0,0,0.0
2,S1,H1,feller_buncher,14,869.1766461970125,24.0,0.0,0.0,0,0,24.0,1.0,0.0,0,0.0
2,S1,H2,feller_buncher,14,1164.04956,24.0,0.0,53.72,0,0,24.0,1.0,0.0,0,0.0
2,S1,H3,grapple_skidder,14,678.968019,24.0,0.0,0.0,0,0,24.0,1.0,0.0,0,0.0
3,S1,H1,feller_buncher,14,1176.844281,24.0,0.0,53.48,0,0,24.0,1.0,0.0,0,0.0
3,S1,H2,feller_buncher,14,888.796776,24.0,0.0,53.24,0,0,24.0,1.0,0.0,0,0.0
3,S1,H3,grapple_skidder,14,778.104169,24.0,0.0,53.72,0,0,24.0,1.0,0.0,0,0.0
3,S1,H4,processor,14,547.23705,24.0,0.0,0.0,0,0,24.0,1.0,0.0,0,0.0
4,S1,H1,feller_buncher,14,1176.844281,24.0,0.0,0.0,0,0,24.0,1.0,0.0,0,0.0
4,S1,H2,feller_buncher,14,888.796776,24.0,0.0,0.0,0,0,24.0,1.0,0.0,0,0.0
4,S1,H3,grapple_skidder,14,1332.369187,24.0,0.0,54.68,0,0,24.0,1.0,0.0,0,0.0
4,S1,H4,processor,14,469.046841,24.0,0.0,53.72,0,0,24.0,1.0,0.0,0,0.0
4,S1,H7,loader,14,485.857474,24.0,0.0,0.0,0,0,24.0,1.0,0.0,0,0.0
5,S1,H1,feller_buncher,14,1164.04956,24.0,0.0,54.2,0,0,24.0,1.0,0.0,0,0.0
5,S1,H2,feller_buncher,14,563.5311415739718,24.0,0.0,53.24,0,0,24.0,1.0,0.0,0,0.0
5,S1,H3,grapple_skidder,14,1164.728216,24.0,0.0,53.48,0,0,24.0,1.0,0.0,0,0.0
5,S1,H4,processor,14,531.895933,24.0,0.0,54.68,0,0,24.0,1.0,0.0,0,0.0
6,S1,H1,feller_buncher,14,256.1621419999998,24.0,0.0,53.24,0,0,24.0,1.0,0.0,0,0.0
6,S1,H2,feller_buncher,14,961.553907,24.0,0.0,0.0,0,0,24.0,1.0,0.0,0,0.0
6,S1,H3,grapple_skidder,14,1164.728216,24.0,0.0,0.0,0,0,24.0,1.0,0.0,0,0.0
6,S1,H4,processor,14,531.895933,24.0,0.0,0.0,0,0,24.0,1.0,0.0,0,0.0
7,S1,H1,feller_buncher,14,1164.04956,24.0,0.0,53.24,0,0,24.0,1.0,0.0,0,0.0
7,S1,H2,feller_buncher,14,961.553907,24.0,0.0,0.0,0,0,24.0,1.0,0.0,0,0.0
7,S1,H3,grapple_skidder,14,809.624168,24.0,0.0,54.44,0,0,24.0,1.0,0.0,0,0.0
7,S1,H4,processor,14,517.165642,24.0,0.0,53.48,0,0,24.0,1.0,0.0,0,0.0
7,S1,H7,loader,14,661.018811753026,19.770970840565425,4.229029159434575,55.4,0,0,24.0,0.823790451690226,4.229029159434574,1,0.0
8,S1,H1,feller_buncher,14,602.0092694,24.0,0.0,53.24,0,0,24.0,1.0,0.0,0,0.3
8,S1,H2,feller_buncher,14,289.62957310000013,24.0,0.0,0.0,0,0,24.0,1.0,0.0,0,0.3
8,S1,H3,grapple_skidder,14,544.6729182999999,24.0,0.0,53.24,0,0,24.0,1.0,0.0,0,0.3
8,S1,H4,processor,14,362.0159494,24.0,0.0,0.0,0,0,24.0,1.0,0.0,0,0.3
8,S1,H5,processor,14,286.75535279999997,24.0,0.0,0.0,0,0,24.0,1.0,0.0,0,0.3
9,S1,H1,feller_buncher,14,909.6350143999999,24.0,0.0,53.96,0,0,24.0,1.0,0.0,0,0.3
9,S1,H2,feller_buncher,14,854.6348594,24.0,0.0,55.16,0,0,24.0,1.0,0.0,0,0.3
9,S1,H3,grapple_skidder,14,460.644375559677,20.297438411180593,3.702561588819407,0.0,0,0,24.0,0.845726600465858,3.7025615888194077,1,0.3
9,S1,H7,loader,14,373.4977223991241,18.630046234046148,5.369953765953852,53.48,0,0,24.0,0.7762519264185895,5.369953765953854,1,0.3
10,S1,H1,feller_buncher,14,1299.478592,24.0,0.0,0.0,0,0,24.0,1.0,0.0,0,0.0
10,S1,H2,feller_buncher,14,860.013242,24.0,0.0,54.44,0,0,24.0,1.0,0.0,0,0.0
10,S1,H3,grapple_skidder,14,739.620424,24.0,0.0,53.48,0,0,24.0,1.0,0.0,0,0.0
10,S1,H4,processor,14,517.165642,24.0,0.0,0.0,0,0,24.0,1.0,0.0,0,0.0
10,S1,H5,processor,14,469.046841,24.0,0.0,53.24,0,0,24.0,1.0,0.0,0,0.0
11,S1,H1,feller_buncher,14,1299.478592,24.0,0.0,0.0,0,0,24.0,1.0,0.0,0,0.0
11,S1,H2,feller_buncher,14,59.00278800000001,24.0,0.0,0.0,0,0,24.0,1.0,0.0,0,0.0
11,S1,H3,grapple_skidder,14,778.104169,24.0,0.0,53.48,0,0,24.0,1.0,0.0,0,0.0
11,S1,H4,processor,14,481.329283,24.0,0.0,54.68,0,0,24.0,1.0,0.0,0,0.0
11,S1,H7,loader,14,687.364703,24.0,0.0,0.0,0,0,24.0,1.0,0.0,0,0.0
12,S1,H1,feller_buncher,14,305.04137286195686,20.5640904503639,3.4359095496361007,0.0,0,0,24.0,0.8568371020984958,3.4359095496361016,1,0.0
12,S1,H2,feller_buncher,14,674.603847,24.0,0.0,53.72,0,0,24.0,1.0,0.0,0,0.0
12,S1,H3,grapple_skidder,14,1332.369187,24.0,0.0,54.68,0,0,24.0,1.0,0.0,0,0.0
12,S1,H4,processor,14,517.165642,24.0,0.0,54.68,0,0,24.0,1.0,0.0,0,0.0
12,S1,H7,loader,14,474.741639,24.0,0.0,54.2,0,0,24.0,1.0,0.0,0,0.0
12,S1,H8,loader,14,451.958924,24.0,0.0,0.0,0,0,24.0,1.0,0.0,0,0.0
13,S1,H1,feller_buncher,14,1164.04956,24.0,0.0,53.72,0,0,24.0,1.0,0.0,0,0.0
13,S1,H2,feller_buncher,14,1194.708925,24.0,0.0,53.96,0,0,24.0,1.0,0.0,0,0.0
13,S1,H3,grapple_skidder,14,637.1378181730266,18.886920920266597,5.113079079733403,54.92,0,0,24.0,0.7869550383444416,5.113079079733403,1,0.0
13,S1,H4,processor,14,531.895933,24.0,0.0,53.48,0,0,24.0,1.0,0.0,0,0.0
13,S1,H7,loader,14,687.364703,24.0,0.0,54.2,0,0,24.0,1.0,0.0,0,0.0
14,S1,H1,feller_buncher,14,1176.844281,24.0,0.0,54.2,0,0,24.0,1.0,0.0,0,0.0
14,S1,H2,feller_buncher,14,1194.708925,24.0,0.0,0.0,0,0,24.0,1.0,0.0,0,0.0
14,S1,H3,grapple_skidder,14,778.104169,24.0,0.0,53.24,0,0,24.0,1.0,0.0,0,0.0
14,S1,H4,processor,14,531.895933,24.0,0.0,0.0,0,0,24.0,1.0,0.0,0,0.0
14,S1,H5,processor,14,409.650504,24.0,0.0,53.24,0,0,24.0,1.0,0.0,0,0.0
15,S1,H1,feller_buncher,14,1176.844281,24.0,0.0,0.0,0,0,24.0,1.0,0.0,0,0.0
15,S1,H2,feller_buncher,14,1164.04956,24.0,0.0,54.92,0,0,24.0,1.0,0.0,0,0.0
15,S1,H3,grapple_skidder,14,418.9626952308488,24.0,0.0,53.24,0,0,24.0,1.0,0.0,0,0.0
15,S1,H4,processor,14,409.650504,24.0,0.0,54.92,0,0,24.0,1.0,0.0,0,0.0
15,S1,H7,loader,14,666.1761318126859,19.92522548915037,4.074774510849629,53.48,0,0,24.0,0.8302177287145988,4.074774510849629,1,0.0
16,S1,H1,feller_buncher,14,111.30773800000088,24.0,0.0,0.0,0,0,24.0,1.0,0.0,0,0.0
16,S1,H2,feller_buncher,14,502.7667789999996,24.0,0.0,0.0,0,0,24.0,1.0,0.0,0,0.0
16,S1,H3,grapple_skidder,14,1480.641393,24.0,0.0,54.68,0,0,24.0,1.0,0.0,0,0.0
16,S1,H4,processor,14,531.895933,24.0,0.0,54.92,0,0,24.0,1.0,0.0,0,0.0
16,S1,H5,processor,14,395.784917,24.0,0.0,53.48,0,0,24.0,1.0,0.0,0,0.0
16,S1,H7,loader,14,331.88778357804557,18.766891848379537,5.233108151620463,54.92,0,0,24.0,0.7819538270158141,5.233108151620462,1,0.0
17,S1,H1,feller_buncher,14,576.960683,24.0,0.0,53.72,0,0,24.0,1.0,0.0,0,0.0
17,S1,H2,feller_buncher,14,362.1481280988401,24.0,0.0,54.44,0,0,24.0,1.0,0.0,0,0.0
17,S1,H3,grapple_skidder,14,674.603847,24.0,0.0,53.96,0,0,24.0,1.0,0.0,0,0.0
17,S1,H4,processor,14,569.826226,24.0,0.0,53.24,0,0,24.0,1.0,0.0,0,0.0
17,S1,H5,processor,14,23.177778230848787,24.0,0.0,0.0,1,0,24.0,1.0,0.0,0,0.0
17,S1,H6,processor,14,469.046841,24.0,0.0,0.0,0,0,24.0,1.0,0.0,0,0.0
17,S1,H7,loader,14,424.433991,24.0,0.0,0.0,0,0,24.0,1.0,0.0,0,0.0
17,S1,H8,loader,14,561.5199737465296,24.0,0.0,55.16,0,0,24.0,1.0,0.0,0,0.0
18,S1,H1,feller_buncher,14,1220.906942,24.0,0.0,54.2,0,0,24.0,1.0,0.0,0,0.0
18,S1,H2,feller_buncher,14,486.3476200000001,24.0,0.0,0.0,0,0,24.0,1.0,0.0,0,0.0
18,S1,H3,grapple_skidder,14,1164.728216,24.0,0.0,53.24,0,0,24.0,1.0,0.0,0,0.0
18,S1,H4,processor,14,569.826226,24.0,0.0,0.0,0,0,24.0,1.0,0.0,0,0.0
18,S1,H5,processor,14,456.082335,24.0,0.0,53.72,0,0,24.0,1.0,0.0,0,0.0
18,S1,H7,loader,14,474.741639,24.0,0.0,53.24,0,0,24.0,1.0,0.0,0,0.0
18,S1,H8,loader,14,418.9626952308488,24.0,0.0,54.44,1,0,24.0,1.0,0.0,0,0.0
19,S1,H1,feller_buncher,14,1013.0077249999999,24.0,0.0,0.0,0,0,24.0,1.0,0.0,0,0.0
19,S1,H2,feller_buncher,14,680.207863,24.0,0.0,53.72,0,0,24.0,1.0,0.0,0,0.0
19,S1,H3,grapple_skidder,14,848.4957480988403,24.0,0.0,53.24,1,0,24.0,1.0,0.0,0,0.0
19,S1,H4,processor,14,517.165642,24.0,0.0,53.72,0,0,24.0,1.0,0.0,0,0.0
19,S1,H5,processor,14,153.58479246558647,16.868064775124182,7.131935224875818,0.0,0,0,24.0,0.7028360322968409,7.131935224875819,1,0.0
19,S1,H6,processor,14,469.046841,24.0,0.0,0.0,0,0,24.0,1.0,0.0,0,0.0
19,S1,H7,loader,14,937.184825,24.0,0.0,54.92,0,0,24.0,1.0,0.0,0,0.0
20,S1,H1,feller_buncher,14,870.2443121978299,17.48196824824751,6.518031751752488,53.24,0,0,24.0,0.7284153436769797,6.5180317517524875,1,0.0
20,S1,H2,feller_buncher,14,240.714675714516,24.0,0.0,0.0,0,0,24.0,1.0,0.0,0,0.0
20,S1,H3,grapple_skidder,14,1332.369187,24.0,0.0,53.24,0,0,24.0,1.0,0.0,0,0.0
20,S1,H4,processor,14,517.165642,24.0,0.0,0.0,0,0,24.0,1.0,0.0,0,0.0
20,S1,H5,processor,14,469.046841,24.0,0.0,53.96,0,0,24.0,1.0,0.0,0,0.0
20,S1,H6,processor,14,441.264891,24.0,0.0,54.44,0,0,24.0,1.0,0.0,0,0.0
20,S1,H7,loader,14,609.6671274655864,24.0,0.0,53.96,1,0,24.0,1.0,0.0,0,0.0
21,S1,H3,grapple_skidder,14,739.620424,24.0,0.0,55.16,0,0,24.0,1.0,0.0,0,0.0
21,S1,H4,processor,14,531.895933,24.0,0.0,53.48,0,0,24.0,1.0,0.0,0,0.0
21,S1,H5,processor,14,469.046841,24.0,0.0,0.0,0,0,24.0,1.0,0.0,0,0.0
21,S1,H6,processor,14,407.2308570988403,24.0,0.0,0.0,1,0,24.0,1.0,0.0,0,0.0
21,S1,H7,loader,14,687.364703,24.0,0.0,53.24,0,0,24.0,1.0,0.0,0,0.0
22,S1,H3,grapple_skidder,14,1480.641393,24.0,0.0,55.4,0,0,24.0,1.0,0.0,0,0.0
22,S1,H4,processor,14,531.895933,24.0,0.0,0.0,0,0,24.0,1.0,0.0,0,0.0
22,S1,H5,processor,14,481.329283,24.0,0.0,53.48,0,0,24.0,1.0,0.0,0,0.0
22,S1,H6,processor,14,469.046841,24.0,0.0,54.44,0,0,24.0,1.0,0.0,0,0.0
22,S1,H7,loader,14,733.483855,24.0,0.0,53.24,0,0,24.0,1.0,0.0,0,0.0
23,S1,H3,grapple_skidder,14,1164.728216,24.0,0.0,53.72,0,0,24.0,1.0,0.0,0,0.0
23,S1,H4,processor,14,569.826226,24.0,0.0,53.24,0,0,24.0,1.0,0.0,0,0.0
23,S1,H5,processor,14,397.75536213039123,19.832844225954542,4.167155774045458,0.0,0,0,24.0,0.8263685094147726,4.167155774045458,1,0.0
23,S1,H6,processor,14,56.301913859677484,24.0,0.0,0.0,1,0,24.0,1.0,0.0,0,0.0
23,S1,H7,loader,14,802.411354,24.0,0.0,53.24,0,0,24.0,1.0,0.0,0,0.0
24,S1,H3,grapple_skidder,14,739.620424,24.0,0.0,54.68,0,0,24.0,1.0,0.0,0,0.0
24,S1,H4,processor,14,569.826226,24.0,0.0,0.0,0,0,24.0,1.0,0.0,0,0.0
24,S1,H5,processor,14,398.48762456382053,18.492533557617296,5.507466442382704,54.68,0,0,24.0,0.7705222315673873,5.507466442382704,1,0.0
24,S1,H6,processor,14,0.0,24.0,0.0,54.44,1,0,24.0,1.0,0.0,0,0.0
24,S1,H7,loader,14,474.741639,24.0,0.0,54.68,0,0,24.0,1.0,0.0,0,0.0
25,S1,H3,grapple_skidder,14,1181.525553597012,24.0,0.0,55.16,1,0,24.0,1.0,0.0,0,0.0
25,S1,H4,processor,14,481.329283,24.0,0.0,55.4,0,0,24.0,1.0,0.0,0,0.0
25,S1,H5,processor,14,517.165642,24.0,0.0,0.0,0,0,24.0,1.0,0.0,0,0.0
25,S1,H7,loader,14,474.741639,24.0,0.0,0.0,0,0,24.0,1.0,0.0,0,0.0
25,S1,H8,loader,14,115.01189309884035,24.0,0.0,54.2,1,0,24.0,1.0,0.0,0,0.0
25,S1,H9,loader,14,937.184825,24.0,0.0,0.0,0,0,24.0,1.0,0.0,0,0.0
26,S1,H3,grapple_skidder,14,778.104169,24.0,0.0,54.68,0,0,24.0,1.0,0.0,0,0.0
26,S1,H4,processor,14,569.826226,24.0,0.0,55.4,0,0,24.0,1.0,0.0,0,0.0
26,S1,H5,processor,14,531.895933,24.0,0.0,53.48,0,0,24.0,1.0,0.0,0,0.0
26,S1,H7,loader,14,687.364703,24.0,0.0,54.2,0,0,24.0,1.0,0.0,0,0.0
26,S1,H8,loader,14,291.3011160413349,24.0,0.0,54.92,0,0,24.0,1.0,0.0,0,0.0
27,S1,H3,grapple_skidder,14,159.77199800000017,24.0,0.0,54.2,0,0,24.0,1.0,0.0,0,0.0
27,S1,H4,processor,14,469.046841,24.0,0.0,54.92,0,0,24.0,1.0,0.0,0,0.0
27,S1,H5,processor,14,531.895933,24.0,0.0,0.0,0,0,24.0,1.0,0.0,0,0.0
27,S1,H7,loader,14,937.184825,24.0,0.0,53.72,0,0,24.0,1.0,0.0,0,0.0
27,S1,H8,loader,14,451.958924,24.0,0.0,0.0,0,0,24.0,1.0,0.0,0,0.0
28,S1,H1,feller_buncher,14,1194.708925,24.0,0.0,0.0,0,0,24.0,1.0,0.0,0,0.0
28,S1,H3,grapple_skidder,14,920.922538714516,24.0,0.0,53.48,1,0,24.0,1.0,0.0,0,0.0
28,S1,H4,processor,14,517.165642,24.0,0.0,54.2,0,0,24.0,1.0,0.0,0,0.0
28,S1,H7,loader,14,802.411354,24.0,0.0,53.24,0,0,24.0,1.0,0.0,0,0.0
28,S1,H8,loader,14,474.741639,24.0,0.0,53.48,0,0,24.0,1.0,0.0,0,0.0
28,S1,H9,loader,14,451.958924,24.0,0.0,55.4,0,0,24.0,1.0,0.0,0,0.0
29,S1,H3,grapple_skidder,14,557.4072566739717,24.0,0.0,54.2,1,0,24.0,1.0,0.0,0,0.0
29,S1,H4,processor,14,293.47337085947504,24.0,0.0,53.48,0,0,24.0,1.0,0.0,0,0.0
29,S1,H5,processor,14,391.56971759701196,24.0,0.0,0.0,1,0,24.0,1.0,0.0,0,0.0
29,S1,H7,loader,14,687.364703,24.0,0.0,53.48,0,0,24.0,1.0,0.0,0,0.0
29,S1,H8,loader,14,474.741639,24.0,0.0,0.0,0,0,24.0,1.0,0.0,0,0.0
30,S1,H3,grapple_skidder,14,1480.641393,24.0,0.0,55.4,0,0,24.0,1.0,0.0,0,0.0
30,S1,H4,processor,14,164.19408399999998,24.0,0.0,53.48,0,0,24.0,1.0,0.0,0,0.0
30,S1,H5,processor,14,481.329283,24.0,0.0,55.16,0,0,24.0,1.0,0.0,0,0.0
30,S1,H6,processor,14,389.11808361696654,21.672485543093334,2.327514456906666,53.72,0,0,24.0,0.9030202309622223,2.3275144569066653,1,0.0
30,S1,H7,loader,14,802.411354,24.0,0.0,53.48,0,0,24.0,1.0,0.0,0,0.0
30,S1,H8,loader,14,474.741639,24.0,0.0,0.0,0,0,24.0,1.0,0.0,0,0.0
31,S1,H3,grapple_skidder,14,0.0,24.0,0.0,53.24,1,0,24.0,1.0,0.0,0,0.0
31,S1,H4,processor,14,454.37906887609523,19.137584680116646,4.862415319883354,53.72,0,0,24.0,0.7973993616715269,4.862415319883354,1,0.0
31,S1,H5,processor,14,453.1960345435803,24.0,0.0,0.0,1,0,24.0,1.0,0.0,0,0.0
31,S1,H6,processor,14,183.29153700000006,24.0,0.0,0.0,0,0,24.0,1.0,0.0,0,0.0
31,S1,H7,loader,14,687.364703,24.0,0.0,53.48,0,0,24.0,1.0,0.0,0,0.0
31,S1,H8,loader,14,474.741639,24.0,0.0,0.0,0,0,24.0,1.0,0.0,0,0.0
32,S1,H3,grapple_skidder,14,353.0259302066362,24.0,0.0,54.68,0,0,24.0,1.0,0.0,0,0.0
32,S1,H4,processor,14,569.826226,24.0,0.0,0.0,0,0,24.0,1.0,0.0,0,0.0
32,S1,H5,processor,14,0.0,24.0,0.0,55.16,1,0,24.0,1.0,0.0,0,0.0
32,S1,H7,loader,14,7.131940999999415,24.0,0.0,0.0,0,0,24.0,1.0,0.0,0,0.0
32,S1,H8,loader,14,558.398094,24.0,0.0,53.72,0,0,24.0,1.0,0.0,0,0.0
32,S1,H9,loader,14,252.1899996908045,24.0,0.0,0.0,0,0,24.0,1.0,0.0,0,0.0
33,S1,H3,grapple_skidder,14,576.960683,24.0,0.0,53.48,0,0,24.0,1.0,0.0,0,0.0
33,S1,H4,processor,14,0.0,24.0,0.0,53.24,1,0,24.0,1.0,0.0,0,0.0
33,S1,H5,processor,14,469.046841,24.0,0.0,54.68,0,0,24.0,1.0,0.0,0,0.0
33,S1,H7,loader,14,937.184825,24.0,0.0,53.72,0,0,24.0,1.0,0.0,0,0.0
33,S1,H8,loader,14,307.4848974764417,24.0,0.0,0.0,1,0,24.0,1.0,0.0,0,0.0
33,S1,H9,loader,14,451.958924,24.0,0.0,0.0,0,0,24.0,1.0,0.0,0,0.0
34,S1,H1,feller_buncher,14,98.38538570000019,24.0,0.0,0.0,0,0,24.0,1.0,0.0,0,0.3
34,S1,H3,grapple_skidder,14,290.15515059999984,24.0,0.0,53.72,0,0,24.0,1.0,0.0,0,0.3
34,S1,H4,processor,14,300.12591349999997,24.0,0.0,54.2,0,0,24.0,1.0,0.0,0,0.3
34,S1,H5,processor,14,193.0364172066362,24.0,0.0,0.0,1,0,24.0,1.0,0.0,0,0.3
34,S1,H7,loader,14,561.6879478,24.0,0.0,53.24,0,0,24.0,1.0,0.0,0,0.3
35,S1,H3,grapple_skidder,14,110.8322938978295,24.0,0.0,55.16,1,0,24.0,1.0,0.0,0,0.0
35,S1,H4,processor,14,148.20937800000002,24.0,0.0,0.0,0,0,24.0,1.0,0.0,0,0.0
35,S1,H5,processor,14,409.650504,24.0,0.0,53.24,0,0,24.0,1.0,0.0,0,0.0
35,S1,H7,loader,14,279.7560149999996,24.0,0.0,0.0,0,0,24.0,1.0,0.0,0,0.0
35,S1,H8,loader,14,474.741639,24.0,0.0,53.72,0,0,24.0,1.0,0.0,0,0.0
36,S1,H3,grapple_skidder,14,855.829418,24.0,0.0,54.68,0,0,24.0,1.0,0.0,0,0.0
36,S1,H4,processor,14,569.826226,24.0,0.0,54.44,0,0,24.0,1.0,0.0,0,0.0
36,S1,H5,processor,14,221.21027197302664,24.0,0.0,0.0,1,0,24.0,1.0,0.0,0,0.0
36,S1,H7,loader,14,448.3352915,24.0,0.0,54.2,1,0,24.0,1.0,0.0,0,0.0
36,S1,H8,loader,14,198.0851490663128,24.0,0.0,0.0,1,0,24.0,1.0,0.0,0,0.0
37,S1,H3,grapple_skidder,14,0.0,24.0,0.0,53.72,1,0,24.0,1.0,0.0,0,0.0
37,S1,H4,processor,14,109.59382202173447,24.0,0.0,0.0,1,0,24.0,1.0,0.0,0,0.0
37,S1,H5,processor,14,395.784917,24.0,0.0,53.48,0,0,24.0,1.0,0.0,0,0.0
37,S1,H7,loader,14,0.0,24.0,0.0,0.0,1,0,24.0,1.0,0.0,0,0.0
37,S1,H8,loader,14,424.433991,24.0,0.0,53.24,0,0,24.0,1.0,0.0,0,0.0
38,S1,H3,grapple_skidder,14,778.104169,24.0,0.0,53.48,0,0,24.0,1.0,0.0,0,0.0
38,S1,H4,processor,14,0.0,24.0,0.0,55.4,1,0,24.0,1.0,0.0,0,0.0
38,S1,H5,processor,14,250.80094896913542,24.0,0.0,0.0,0,0,24.0,1.0,0.0,0,0.0
38,S1,H7,loader,14,783.9693151900976,20.07636387471633,3.9236361252836716,54.44,0,0,24.0,0.8365151614465137,3.9236361252836724,1,0.0
38,S1,H8,loader,14,424.433991,24.0,0.0,0.0,0,0,24.0,1.0,0.0,0,0.0
39,S1,H3,grapple_skidder,14,678.968019,24.0,0.0,53.72,0,0,24.0,1.0,0.0,0,0.0
39,S1,H4,processor,14,469.046841,24.0,0.0,53.48,0,0,24.0,1.0,0.0,0,0.0
39,S1,H5,processor,14,195.88960400000013,24.0,0.0,0.0,0,0,24.0,1.0,0.0,0,0.0
39,S1,H7,loader,14,20.047857707732078,24.0,0.0,0.0,1,0,24.0,1.0,0.0,0,0.0
39,S1,H8,loader,14,131.72738019498115,24.0,0.0,0.0,1,0,24.0,1.0,0.0,0,0.0
39,S1,H9,loader,14,424.94171694183194,24.0,0.0,0.0,1,0,24.0,1.0,0.0,0,0.0
40,S1,H4,processor,14,547.23705,24.0,0.0,53.72,0,0,24.0,1.0,0.0,0,0.0
40,S1,H7,loader,14,469.046841,24.0,0.0,54.92,1,0,24.0,1.0,0.0,0,0.0
40,S1,H8,loader,14,456.725789,24.0,0.0,53.48,0,0,24.0,1.0,0.0,0,0.0
40,S1,H9,loader,14,0.0,24.0,0.0,0.0,1,0,24.0,1.0,0.0,0,0.0
41,S1,H4,processor,14,309.057328,24.0,0.0,53.72,1,0,24.0,1.0,0.0,0,0.0
41,S1,H7,loader,14,485.857474,24.0,0.0,53.72,0,0,24.0,1.0,0.0,0,0.0
41,S1,H8,loader,14,286.7411039976598,24.0,0.0,0.0,0,0,24.0,1.0,0.0,0,0.0
42,S1,H3,grapple_skidder,14,678.968019,24.0,0.0,0.0,0,0,24.0,1.0,0.0,0,0.0
42,S1,H7,loader,14,309.057328,24.0,0.0,53.72,1,0,24.0,1.0,0.0,0,0.0
42,S1,H8,loader,14,99.00857697147563,24.0,0.0,0.0,1,0,24.0,1.0,0.0,0,0.0
1,S1,H1,feller_buncher,15,1220.906942,24.0,0.0,0.0,0,0,24.0,1.0,0.0,0,0.0
1,S1,H2,feller_buncher,15,1299.478592,24.0,0.0,0.0,0,0,24.0,1.0,0.0,0,0.0
2,S1,H1,feller_buncher,15,1220.906942,24.0,0.0,0.0,0,0,24.0,1.0,0.0,0,0.0
2,S1,H2,feller_buncher,15,1164.04956,24.0,0.0,53.72,0,0,24.0,1.0,0.0,0,0.0
2,S1,H3,grapple_skidder,15,678.968019,24.0,0.0,0.0,0,0,24.0,1.0,0.0,0,0.0
3,S1,H1,feller_buncher,15,1176.844281,24.0,0.0,53.48,0,0,24.0,1.0,0.0,0,0.0
3,S1,H2,feller_buncher,15,888.796776,24.0,0.0,53.24,0,0,24.0,1.0,0.0,0,0.0
3,S1,H3,grapple_skidder,15,778.104169,24.0,0.0,53.72,0,0,24.0,1.0,0.0,0,0.0
3,S1,H4,processor,15,547.23705,24.0,0.0,0.0,0,0,24.0,1.0,0.0,0,0.0
4,S1,H1,feller_buncher,15,823.7909966999999,24.0,0.0,0.0,0,0,24.0,1.0,0.0,0,0.3
4,S1,H2,feller_buncher,15,414.9020559052554,24.0,0.0,0.0,0,0,24.0,1.0,0.0,0,0.3
4,S1,H3,grapple_skidder,15,932.6584309,24.0,0.0,54.68,0,0,24.0,1.0,0.0,0,0.3
4,S1,H4,processor,15,328.3327887,24.0,0.0,53.72,0,0,24.0,1.0,0.0,0,0.3
4,S1,H7,loader,15,340.1002318,24.0,0.0,0.0,0,0,24.0,1.0,0.0,0,0.3
5,S1,H1,feller_buncher,15,1164.04956,24.0,0.0,54.2,0,0,24.0,1.0,0.0,0,0.0
5,S1,H2,feller_buncher,15,961.553907,24.0,0.0,53.24,0,0,24.0,1.0,0.0,0,0.0
5,S1,H3,grapple_skidder,15,1164.728216,24.0,0.0,53.48,0,0,24.0,1.0,0.0,0,0.0
5,S1,H4,processor,15,531.895933,24.0,0.0,54.68,0,0,24.0,1.0,0.0,0,0.0
6,S1,H1,feller_buncher,15,256.1621419999998,24.0,0.0,53.24,0,0,24.0,1.0,0.0,0,0.0
6,S1,H2,feller_buncher,15,961.553907,24.0,0.0,0.0,0,0,24.0,1.0,0.0,0,0.0
6,S1,H3,grapple_skidder,15,835.9070616999998,24.0,0.0,0.0,1,0,24.0,1.0,0.0,0,0.0
6,S1,H4,processor,15,400.76249789999997,24.0,0.0,0.0,1,0,24.0,1.0,0.0,0,0.0
7,S1,H1,feller_buncher,15,1045.3851532187493,21.553415369402302,2.446584630597698,53.24,0,0,24.0,0.8980589737250959,2.4465846305976973,1,0.0
7,S1,H2,feller_buncher,15,961.553907,24.0,0.0,0.0,0,0,24.0,1.0,0.0,0,0.0
7,S1,H3,grapple_skidder,15,675.8910202934529,20.03569696679666,3.9643030332033398,54.44,0,0,24.0,0.8348207069498609,3.9643030332033393,1,0.0
7,S1,H4,processor,15,517.165642,24.0,0.0,53.48,0,0,24.0,1.0,0.0,0,0.0
7,S1,H7,loader,15,802.411354,24.0,0.0,55.4,0,0,24.0,1.0,0.0,0,0.0
8,S1,H1,feller_buncher,15,493.07077863097254,24.0,0.0,53.24,0,0,24.0,1.0,0.0,0,0.0
8,S1,H2,feller_buncher,15,413.7565330000002,24.0,0.0,0.0,0,0,24.0,1.0,0.0,0,0.0
8,S1,H3,grapple_skidder,15,778.104169,24.0,0.0,53.24,0,0,24.0,1.0,0.0,0,0.0
8,S1,H4,processor,15,517.165642,24.0,0.0,0.0,0,0,24.0,1.0,0.0,0,0.0
8,S1,H5,processor,15,409.650504,24.0,0.0,0.0,0,0,24.0,1.0,0.0,0,0.0
9,S1,H1,feller_buncher,15,1299.478592,24.0,0.0,53.96,0,0,24.0,1.0,0.0,0,0.0
9,S1,H2,feller_buncher,15,1220.906942,24.0,0.0,55.16,0,0,24.0,1.0,0.0,0,0.0
9,S1,H3,grapple_skidder,15,778.104169,24.0,0.0,0.0,0,0,24.0,1.0,0.0,0,0.0
9,S1,H7,loader,15,687.364703,24.0,0.0,53.48,0,0,24.0,1.0,0.0,0,0.0
10,S1,H1,feller_buncher,15,1299.478592,24.0,0.0,0.0,0,0,24.0,1.0,0.0,0,0.0
10,S1,H2,feller_buncher,15,860.013242,24.0,0.0,54.44,0,0,24.0,1.0,0.0,0,0.0
10,S1,H3,grapple_skidder,15,739.620424,24.0,0.0,53.48,0,0,24.0,1.0,0.0,0,0.0
10,S1,H4,processor,15,517.165642,24.0,0.0,0.0,0,0,24.0,1.0,0.0,0,0.0
10,S1,H5,processor,15,469.046841,24.0,0.0,53.24,0,0,24.0,1.0,0.0,0,0.0
11,S1,H1,feller_buncher,15,668.5277241578323,24.0,0.0,0.0,0,0,24.0,1.0,0.0,0,0.0
11,S1,H2,feller_buncher,15,59.00278800000001,24.0,0.0,0.0,0,0,24.0,1.0,0.0,0,0.0
11,S1,H3,grapple_skidder,15,778.104169,24.0,0.0,53.48,0,0,24.0,1.0,0.0,0,0.0
11,S1,H4,processor,15,481.329283,24.0,0.0,54.68,0,0,24.0,1.0,0.0,0,0.0
11,S1,H7,loader,15,687.364703,24.0,0.0,0.0,0,0,24.0,1.0,0.0,0,0.0
12,S1,H1,feller_buncher,15,356.0085949999998,24.0,0.0,0.0,0,0,24.0,1.0,0.0,0,0.0
12,S1,H2,feller_buncher,15,674.603847,24.0,0.0,53.72,0,0,24.0,1.0,0.0,0,0.0
12,S1,H3,grapple_skidder,15,1332.369187,24.0,0.0,54.68,0,0,24.0,1.0,0.0,0,0.0
12,S1,H4,processor,15,449.1383516999997,24.0,0.0,54.68,1,0,24.0,1.0,0.0,0,0.0
12,S1,H7,loader,15,474.741639,24.0,0.0,54.2,0,0,24.0,1.0,0.0,0,0.0
12,S1,H8,loader,15,451.958924,24.0,0.0,0.0,0,0,24.0,1.0,0.0,0,0.0
13,S1,H1,feller_buncher,15,1164.04956,24.0,0.0,53.72,0,0,24.0,1.0,0.0,0,0.0
13,S1,H2,feller_buncher,15,1194.708925,24.0,0.0,53.96,0,0,24.0,1.0,0.0,0,0.0
13,S1,H3,grapple_skidder,15,809.624168,24.0,0.0,54.92,0,0,24.0,1.0,0.0,0,0.0
13,S1,H4,processor,15,442.4815671792744,19.965479999830315,4.034520000169685,53.48,0,0,24.0,0.8318949999929298,4.034520000169684,1,0.0
13,S1,H7,loader,15,625.9058716999999,24.0,0.0,54.2,1,0,24.0,1.0,0.0,0,0.0
14,S1,H1,feller_buncher,15,1176.844281,24.0,0.0,54.2,0,0,24.0,1.0,0.0,0,0.0
14,S1,H2,feller_buncher,15,1194.708925,24.0,0.0,0.0,0,0,24.0,1.0,0.0,0,0.0
14,S1,H3,grapple_skidder,15,778.104169,24.0,0.0,53.24,0,0,24.0,1.0,0.0,0,0.0
14,S1,H4,processor,15,531.895933,24.0,0.0,0.0,0,0,24.0,1.0,0.0,0,0.0
14,S1,H5,processor,15,409.650504,24.0,0.0,53.24,0,0,24.0,1.0,0.0,0,0.0
15,S1,H1,feller_buncher,15,1176.844281,24.0,0.0,0.0,0,0,24.0,1.0,0.0,0,0.0
15,S1,H2,feller_buncher,15,1164.04956,24.0,0.0,54.92,0,0,24.0,1.0,0.0,0,0.0
15,S1,H3,grapple_skidder,15,923.199854,24.0,0.0,53.24,0,0,24.0,1.0,0.0,0,0.0
15,S1,H4,processor,15,409.650504,24.0,0.0,54.92,0,0,24.0,1.0,0.0,0,0.0
15,S1,H7,loader,15,802.411354,24.0,0.0,53.48,0,0,24.0,1.0,0.0,0,0.0
16,S1,H1,feller_buncher,15,85.62287513322102,18.461870127998537,5.538129872001463,0.0,0,0,24.0,0.7692445886666057,5.538129872001461,1,0.0
16,S1,H2,feller_buncher,15,502.7667789999996,24.0,0.0,0.0,0,0,24.0,1.0,0.0,0,0.0
16,S1,H3,grapple_skidder,15,1329.670391735176,21.55288211751637,2.4471178824836315,54.68,0,0,24.0,0.8980367548965154,2.447117882483632,1,0.0
16,S1,H4,processor,15,357.9916868207256,24.0,0.0,54.92,1,0,24.0,1.0,0.0,0,0.0
16,S1,H5,processor,15,395.784917,24.0,0.0,53.48,0,0,24.0,1.0,0.0,0,0.0
16,S1,H7,loader,15,424.433991,24.0,0.0,54.92,0,0,24.0,1.0,0.0,0,0.0
17,S1,H1,feller_buncher,15,576.960683,24.0,0.0,53.72,0,0,24.0,1.0,0.0,0,0.0
17,S1,H2,feller_buncher,15,787.363583,24.0,0.0,54.44,0,0,24.0,1.0,0.0,0,0.0
17,S1,H3,grapple_skidder,15,674.603847,24.0,0.0,53.96,0,0,24.0,1.0,0.0,0,0.0
17,S1,H4,processor,15,569.826226,24.0,0.0,53.24,0,0,24.0,1.0,0.0,0,0.0
17,S1,H5,processor,15,395.784917,24.0,0.0,0.0,0,0,24.0,1.0,0.0,0,0.0
17,S1,H6,processor,15,469.046841,24.0,0.0,0.0,0,0,24.0,1.0,0.0,0,0.0
17,S1,H7,loader,15,424.433991,24.0,0.0,0.0,0,0,24.0,1.0,0.0,0,0.0
17,S1,H8,loader,15,660.2049099,24.0,0.0,55.16,1,0,24.0,1.0,0.0,0,0.0
18,S1,H1,feller_buncher,15,1220.906942,24.0,0.0,54.2,0,0,24.0,1.0,0.0,0,0.0
18,S1,H2,feller_buncher,15,486.3476200000001,24.0,0.0,0.0,0,0,24.0,1.0,0.0,0,0.0
18,S1,H3,grapple_skidder,15,1164.728216,24.0,0.0,53.24,0,0,24.0,1.0,0.0,0,0.0
18,S1,H4,processor,15,569.826226,24.0,0.0,0.0,0,0,24.0,1.0,0.0,0,0.0
18,S1,H5,processor,15,456.082335,24.0,0.0,53.72,0,0,24.0,1.0,0.0,0,0.0
18,S1,H7,loader,15,474.741639,24.0,0.0,53.24,0,0,24.0,1.0,0.0,0,0.0
18,S1,H8,loader,15,351.9483801299608,24.0,0.0,54.44,0,0,24.0,1.0,0.0,0,0.0
19,S1,H1,feller_buncher,15,1013.0077249999999,24.0,0.0,0.0,0,0,24.0,1.0,0.0,0,0.0
19,S1,H2,feller_buncher,15,680.207863,24.0,0.0,53.72,0,0,24.0,1.0,0.0,0,0.0
19,S1,H3,grapple_skidder,15,1273.711203,24.0,0.0,53.24,0,0,24.0,1.0,0.0,0,0.0
19,S1,H4,processor,15,517.165642,24.0,0.0,53.72,0,0,24.0,1.0,0.0,0,0.0
19,S1,H5,processor,15,170.24562119986456,18.697906999640153,5.3020930003598465,0.0,0,0,24.0,0.7790794583183397,5.302093000359846,1,0.0
19,S1,H6,processor,15,334.58600706359914,17.119962160722405,6.880037839277595,0.0,0,0,24.0,0.7133317566967668,6.880037839277594,1,0.0
19,S1,H7,loader,15,937.184825,24.0,0.0,54.92,0,0,24.0,1.0,0.0,0,0.0
20,S1,H1,feller_buncher,15,1194.708925,24.0,0.0,53.24,0,0,24.0,1.0,0.0,0,0.0
20,S1,H2,feller_buncher,15,364.89843800000006,24.0,0.0,0.0,0,0,24.0,1.0,0.0,0,0.0
20,S1,H3,grapple_skidder,15,1332.369187,24.0,0.0,53.24,0,0,24.0,1.0,0.0,0,0.0
20,S1,H4,processor,15,517.165642,24.0,0.0,0.0,0,0,24.0,1.0,0.0,0,0.0
20,S1,H5,processor,15,469.046841,24.0,0.0,53.96,0,0,24.0,1.0,0.0,0,0.0
20,S1,H6,processor,15,441.264891,24.0,0.0,54.44,0,0,24.0,1.0,0.0,0,0.0
20,S1,H7,loader,15,626.3279561998645,24.0,0.0,53.96,1,0,24.0,1.0,0.0,0,0.0
21,S1,H3,grapple_skidder,15,517.7342967999999,24.0,0.0,55.16,0,0,24.0,1.0,0.0,0,0.3
21,S1,H4,processor,15,372.3271531,24.0,0.0,53.48,0,0,24.0,1.0,0.0,0,0.3
21,S1,H5,processor,15,328.3327887,24.0,0.0,0.0,0,0,24.0,1.0,0.0,0,0.3
21,S1,H6,processor,15,308.8854237,24.0,0.0,0.0,0,0,24.0,1.0,0.0,0,0.3
21,S1,H7,loader,15,481.15529209999994,24.0,0.0,53.24,0,0,24.0,1.0,0.0,0,0.3
22,S1,H3,grapple_skidder,15,1480.641393,24.0,0.0,55.4,0,0,24.0,1.0,0.0,0,0.0
22,S1,H4,processor,15,531.895933,24.0,0.0,0.0,0,0,24.0,1.0,0.0,0,0.0
22,S1,H5,processor,15,481.329283,24.0,0.0,53.48,0,0,24.0,1.0,0.0,0,0.0
22,S1,H6,processor,15,469.046841,24.0,0.0,54.44,0,0,24.0,1.0,0.0,0,0.0
22,S1,H7,loader,15,733.483855,24.0,0.0,53.24,0,0,24.0,1.0,0.0,0,0.0
23,S1,H3,grapple_skidder,15,1164.728216,24.0,0.0,53.72,0,0,24.0,1.0,0.0,0,0.0
23,S1,H4,processor,15,569.826226,24.0,0.0,53.24,0,0,24.0,1.0,0.0,0,0.0
23,S1,H5,processor,15,294.6961548,24.0,0.0,0.0,1,0,24.0,1.0,0.0,0,0.0
23,S1,H6,processor,15,469.046841,24.0,0.0,0.0,0,0,24.0,1.0,0.0,0,0.0
23,S1,H7,loader,15,802.411354,24.0,0.0,53.24,0,0,24.0,1.0,0.0,0,0.0
24,S1,H3,grapple_skidder,15,739.620424,24.0,0.0,54.68,0,0,24.0,1.0,0.0,0,0.0
24,S1,H4,processor,15,569.826226,24.0,0.0,0.0,0,0,24.0,1.0,0.0,0,0.0
24,S1,H5,processor,15,517.165642,24.0,0.0,54.68,0,0,24.0,1.0,0.0,0,0.0
24,S1,H6,processor,15,391.18142100000006,24.0,0.0,54.44,0,0,24.0,1.0,0.0,0,0.0
24,S1,H7,loader,15,474.741639,24.0,0.0,54.68,0,0,24.0,1.0,0.0,0,0.0
25,S1,H3,grapple_skidder,15,1332.369187,24.0,0.0,55.16,0,0,24.0,1.0,0.0,0,0.0
25,S1,H4,processor,15,481.329283,24.0,0.0,55.4,0,0,24.0,1.0,0.0,0,0.0
25,S1,H5,processor,15,517.165642,24.0,0.0,0.0,0,0,24.0,1.0,0.0,0,0.0
25,S1,H7,loader,15,474.741639,24.0,0.0,0.0,0,0,24.0,1.0,0.0,0,0.0
25,S1,H8,loader,15,407.8478807000001,24.0,0.0,54.2,1,0,24.0,1.0,0.0,0,0.0
25,S1,H9,loader,15,937.184825,24.0,0.0,0.0,0,0,24.0,1.0,0.0,0,0.0
26,S1,H3,grapple_skidder,15,778.104169,24.0,0.0,54.68,0,0,24.0,1.0,0.0,0,0.0
26,S1,H4,processor,15,531.006880735176,24.0,0.0,55.4,1,0,24.0,1.0,0.0,0,0.0
26,S1,H5,processor,15,531.895933,24.0,0.0,53.48,0,0,24.0,1.0,0.0,0,0.0
26,S1,H7,loader,15,687.364703,24.0,0.0,54.2,0,0,24.0,1.0,0.0,0,0.0
26,S1,H8,loader,15,451.958924,24.0,0.0,54.92,0,0,24.0,1.0,0.0,0,0.0
27,S1,H3,grapple_skidder,15,109.85500513322086,24.0,0.0,54.2,1,0,24.0,1.0,0.0,0,0.0
27,S1,H4,processor,15,321.7801720805989,16.46471834981269,7.535281650187311,54.92,0,0,24.0,0.6860299312421954,7.535281650187311,1,0.0
27,S1,H5,processor,15,531.895933,24.0,0.0,0.0,0,0,24.0,1.0,0.0,0,0.0
27,S1,H7,loader,15,935.942134735176,24.0,0.0,53.72,1,0,24.0,1.0,0.0,0,0.0
27,S1,H8,loader,15,402.5017031402346,21.373714208076198,2.6262857919238023,0.0,0,0,24.0,0.8905714253365082,2.6262857919238023,1,0.0
28,S1,H1,feller_buncher,15,1194.708925,24.0,0.0,0.0,0,0,24.0,1.0,0.0,0,0.0
28,S1,H3,grapple_skidder,15,1045.106301,24.0,0.0,53.48,0,0,24.0,1.0,0.0,0,0.0
28,S1,H4,processor,15,370.6488691332206,24.0,0.0,54.2,1,0,24.0,1.0,0.0,0,0.0
28,S1,H7,loader,15,802.411354,24.0,0.0,53.24,0,0,24.0,1.0,0.0,0,0.0
28,S1,H8,loader,15,474.741639,24.0,0.0,53.48,0,0,24.0,1.0,0.0,0,0.0
28,S1,H9,loader,15,432.26445265976537,24.0,0.0,55.4,1,0,24.0,1.0,0.0,0,0.0
29,S1,H3,grapple_skidder,15,739.620424,24.0,0.0,54.2,0,0,24.0,1.0,0.0,0,0.0
29,S1,H4,processor,15,349.2440415558992,19.451644013240834,4.548355986759166,53.48,0,0,24.0,0.810485167218368,4.548355986759166,1,0.0
29,S1,H5,processor,15,453.731192380362,20.473081182834854,3.5269188171651464,0.0,0,0,24.0,0.8530450492847855,3.5269188171651473,1,0.0
29,S1,H7,loader,15,687.364703,24.0,0.0,53.48,0,0,24.0,1.0,0.0,0,0.0
29,S1,H8,loader,15,474.741639,24.0,0.0,0.0,0,0,24.0,1.0,0.0,0,0.0
30,S1,H3,grapple_skidder,15,1036.4489751,24.0,0.0,55.4,0,0,24.0,1.0,0.0,0,0.3
30,S1,H4,processor,15,0.0,24.0,0.0,53.48,1,0,24.0,1.0,0.0,0,0.3
30,S1,H5,processor,15,336.93049809999997,24.0,0.0,55.16,0,0,24.0,1.0,0.0,0,0.3
30,S1,H6,processor,15,301.63516739999994,24.0,0.0,53.72,0,0,24.0,1.0,0.0,0,0.3
30,S1,H7,loader,15,561.6879478,24.0,0.0,53.48,0,0,24.0,1.0,0.0,0,0.3
30,S1,H8,loader,15,332.3191473,24.0,0.0,0.0,0,0,24.0,1.0,0.0,0,0.3
31,S1,H3,grapple_skidder,15,567.1587449999993,24.0,0.0,53.24,0,0,24.0,1.0,0.0,0,0.0
31,S1,H4,processor,15,569.826226,24.0,0.0,53.72,0,0,24.0,1.0,0.0,0,0.0
31,S1,H5,processor,15,481.329283,24.0,0.0,0.0,0,0,24.0,1.0,0.0,0,0.0
31,S1,H6,processor,15,183.29153700000006,24.0,0.0,0.0,0,0,24.0,1.0,0.0,0,0.0
31,S1,H7,loader,15,521.3290981989693,18.20270709590868,5.7972929040913215,53.48,0,0,24.0,0.7584461289961949,5.79729290409132,1,0.0
31,S1,H8,loader,15,371.5224789938056,24.0,0.0,0.0,0,0,24.0,1.0,0.0,0,0.0
32,S1,H3,grapple_skidder,15,778.104169,24.0,0.0,54.68,0,0,24.0,1.0,0.0,0,0.0
32,S1,H4,processor,15,466.6227491000001,24.0,0.0,0.0,1,0,24.0,1.0,0.0,0,0.0
32,S1,H5,processor,15,531.895933,24.0,0.0,55.16,0,0,24.0,1.0,0.0,0,0.0
32,S1,H7,loader,15,7.131940999999415,24.0,0.0,0.0,0,0,24.0,1.0,0.0,0,0.0
32,S1,H8,loader,15,558.398094,24.0,0.0,53.72,0,0,24.0,1.0,0.0,0,0.0
32,S1,H9,loader,15,343.1347918279522,24.0,0.0,0.0,0,0,24.0,1.0,0.0,0,0.0
33,S1,H3,grapple_skidder,15,576.960683,24.0,0.0,53.48,0,0,24.0,1.0,0.0,0,0.0
33,S1,H4,processor,15,45.780229999999165,24.0,0.0,53.24,0,0,24.0,1.0,0.0,0,0.0
33,S1,H5,processor,15,469.046841,24.0,0.0,54.68,0,0,24.0,1.0,0.0,0,0.0
33,S1,H7,loader,15,937.184825,24.0,0.0,53.72,0,0,24.0,1.0,0.0,0,0.0
33,S1,H8,loader,15,212.51385783049147,24.0,0.0,0.0,0,0,24.0,1.0,0.0,0,0.0
33,S1,H9,loader,15,451.958924,24.0,0.0,0.0,0,0,24.0,1.0,0.0,0,0.0
34,S1,H1,feller_buncher,15,58.44778004435506,24.0,0.0,0.0,0,0,24.0,1.0,0.0,0,0.0
34,S1,H3,grapple_skidder,15,74.3457856118024,24.0,0.0,53.72,1,0,24.0,1.0,0.0,0,0.0
34,S1,H4,processor,15,428.751305,24.0,0.0,54.2,0,0,24.0,1.0,0.0,0,0.0
34,S1,H5,processor,15,469.046841,24.0,0.0,0.0,0,0,24.0,1.0,0.0,0,0.0
34,S1,H7,loader,15,802.411354,24.0,0.0,53.24,0,0,24.0,1.0,0.0,0,0.0
35,S1,H3,grapple_skidder,15,477.4620719999998,24.0,0.0,55.16,0,0,24.0,1.0,0.0,0,0.0
35,S1,H4,processor,15,148.20937800000002,24.0,0.0,0.0,0,0,24.0,1.0,0.0,0,0.0
35,S1,H5,processor,15,330.90946190525534,24.0,0.0,53.24,1,0,24.0,1.0,0.0,0,0.0
35,S1,H7,loader,15,30.500297680361314,24.0,0.0,0.0,1,0,24.0,1.0,0.0,0,0.0
35,S1,H8,loader,15,474.741639,24.0,0.0,53.72,0,0,24.0,1.0,0.0,0,0.0
36,S1,H3,grapple_skidder,15,488.8869546309727,24.0,0.0,54.68,1,0,24.0,1.0,0.0,0,0.3
36,S1,H4,processor,15,398.8783582,24.0,0.0,54.44,0,0,24.0,1.0,0.0,0,0.3
36,S1,H5,processor,15,0.0,24.0,0.0,0.0,1,0,24.0,1.0,0.0,0,0.3
36,S1,H7,loader,15,386.5145977,24.0,0.0,54.2,0,0,24.0,1.0,0.0,0,0.3
36,S1,H8,loader,15,332.3191473,24.0,0.0,0.0,0,0,24.0,1.0,0.0,0,0.3
37,S1,H3,grapple_skidder,15,339.93655800000056,24.0,0.0,53.72,0,0,24.0,1.0,0.0,0,0.0
37,S1,H4,processor,15,78.58371379999983,24.0,0.0,0.0,1,0,24.0,1.0,0.0,0,0.0
37,S1,H5,processor,15,395.784917,24.0,0.0,53.48,0,0,24.0,1.0,0.0,0,0.0
37,S1,H7,loader,15,24.796971999999982,24.0,0.0,0.0,0,0,24.0,1.0,0.0,0,0.0
37,S1,H8,loader,15,424.433991,24.0,0.0,53.24,0,0,24.0,1.0,0.0,0,0.0
38,S1,H3,grapple_skidder,15,440.7721005822,24.0,0.0,53.48,0,0,24.0,1.0,0.0,0,0.0
38,S1,H4,processor,15,410.442556,24.0,0.0,55.4,0,0,24.0,1.0,0.0,0,0.0
38,S1,H5,processor,15,224.73205763097275,24.0,0.0,0.0,1,0,24.0,1.0,0.0,0,0.0
38,S1,H7,loader,15,576.7262220999999,24.0,0.0,54.44,1,0,24.0,1.0,0.0,0,0.0
38,S1,H8,loader,15,286.5590009052554,24.0,0.0,0.0,1,0,24.0,1.0,0.0,0,0.0
39,S1,H3,grapple_skidder,15,678.968019,24.0,0.0,53.72,0,0,24.0,1.0,0.0,0,0.0
39,S1,H4,processor,15,469.046841,24.0,0.0,53.48,0,0,24.0,1.0,0.0,0,0.0
39,S1,H5,processor,15,0.0,24.0,0.0,0.0,1,0,24.0,1.0,0.0,0,0.0
39,S1,H7,loader,15,0.0,24.0,0.0,0.0,1,0,24.0,1.0,0.0,0,0.0
39,S1,H8,loader,15,0.0,24.0,0.0,0.0,1,0,24.0,1.0,0.0,0,0.0
39,S1,H9,loader,15,433.60862127204774,24.0,0.0,0.0,1,0,24.0,1.0,0.0,0,0.0
40,S1,H4,processor,15,547.23705,24.0,0.0,53.72,0,0,24.0,1.0,0.0,0,0.0
40,S1,H7,loader,15,474.741639,24.0,0.0,54.92,0,0,24.0,1.0,0.0,0,0.0
40,S1,H8,loader,15,456.725789,24.0,0.0,53.48,0,0,24.0,1.0,0.0,0,0.0
40,S1,H9,loader,15,0.0,24.0,0.0,0.0,1,0,24.0,1.0,0.0,0,0.0
41,S1,H4,processor,15,469.046841,24.0,0.0,53.72,0,0,24.0,1.0,0.0,0,0.0
41,S1,H7,loader,15,485.857474,24.0,0.0,53.72,0,0,24.0,1.0,0.0,0,0.0
41,S1,H8,loader,15,456.725789,24.0,0.0,0.0,0,0,24.0,1.0,0.0,0,0.0
42,S1,H3,grapple_skidder,15,678.968019,24.0,0.0,0.0,0,0,24.0,1.0,0.0,0,0.0
42,S1,H7,loader,15,474.741639,24.0,0.0,53.72,0,0,24.0,1.0,0.0,0,0.0
42,S1,H8,loader,15,146.68685050101186,24.0,0.0,0.0,1,0,24.0,1.0,0.0,0,0.0
1,S1,H1,feller_buncher,16,1220.906942,24.0,0.0,0.0,0,0,24.0,1.0,0.0,0,0.0
1,S1,H2,feller_buncher,16,1299.478592,24.0,0.0,0.0,0,0,24.0,1.0,0.0,0,0.0
2,S1,H1,feller_buncher,16,1220.906942,24.0,0.0,0.0,0,0,24.0,1.0,0.0,0,0.0
2,S1,H2,feller_buncher,16,1164.04956,24.0,0.0,53.72,0,0,24.0,1.0,0.0,0,0.0
2,S1,H3,grapple_skidder,16,678.968019,24.0,0.0,0.0,0,0,24.0,1.0,0.0,0,0.0
3,S1,H1,feller_buncher,16,1176.844281,24.0,0.0,53.48,0,0,24.0,1.0,0.0,0,0.0
3,S1,H2,feller_buncher,16,888.796776,24.0,0.0,53.24,0,0,24.0,1.0,0.0,0,0.0
3,S1,H3,grapple_skidder,16,778.104169,24.0,0.0,53.72,0,0,24.0,1.0,0.0,0,0.0
3,S1,H4,processor,16,547.23705,24.0,0.0,0.0,0,0,24.0,1.0,0.0,0,0.0
4,S1,H1,feller_buncher,16,1176.844281,24.0,0.0,0.0,0,0,24.0,1.0,0.0,0,0.0
4,S1,H2,feller_buncher,16,597.2782876874926,24.0,0.0,0.0,0,0,24.0,1.0,0.0,0,0.0
4,S1,H3,grapple_skidder,16,1332.369187,24.0,0.0,54.68,0,0,24.0,1.0,0.0,0,0.0
4,S1,H4,processor,16,469.046841,24.0,0.0,53.72,0,0,24.0,1.0,0.0,0,0.0
4,S1,H7,loader,16,485.857474,24.0,0.0,0.0,0,0,24.0,1.0,0.0,0,0.0
5,S1,H1,feller_buncher,16,1164.04956,24.0,0.0,54.2,0,0,24.0,1.0,0.0,0,0.0
5,S1,H2,feller_buncher,16,961.553907,24.0,0.0,53.24,0,0,24.0,1.0,0.0,0,0.0
5,S1,H3,grapple_skidder,16,1164.728216,24.0,0.0,53.48,0,0,24.0,1.0,0.0,0,0.0
5,S1,H4,processor,16,531.895933,24.0,0.0,54.68,0,0,24.0,1.0,0.0,0,0.0
6,S1,H1,feller_buncher,16,256.1621419999998,24.0,0.0,53.24,0,0,24.0,1.0,0.0,0,0.0
6,S1,H2,feller_buncher,16,961.553907,24.0,0.0,0.0,0,0,24.0,1.0,0.0,0,0.0
6,S1,H3,grapple_skidder,16,1022.1564468031253,21.0622138163046,2.937786183695401,0.0,0,0,24.0,0.877592242346025,2.937786183695402,1,0.0
6,S1,H4,processor,16,531.895933,24.0,0.0,0.0,0,0,24.0,1.0,0.0,0,0.0
7,S1,H1,feller_buncher,16,1164.04956,24.0,0.0,53.24,0,0,24.0,1.0,0.0,0,0.0
7,S1,H2,feller_buncher,16,961.553907,24.0,0.0,0.0,0,0,24.0,1.0,0.0,0,0.0
7,S1,H3,grapple_skidder,16,809.624168,24.0,0.0,54.44,0,0,24.0,1.0,0.0,0,0.0
7,S1,H4,processor,16,517.165642,24.0,0.0,53.48,0,0,24.0,1.0,0.0,0,0.0
7,S1,H7,loader,16,629.8076973165059,18.837451215322837,5.162548784677163,55.4,0,0,24.0,0.7848938006384515,5.1625487846771625,1,0.0
8,S1,H1,feller_buncher,16,860.013242,24.0,0.0,53.24,0,0,24.0,1.0,0.0,0,0.0
8,S1,H2,feller_buncher,16,413.7565330000002,24.0,0.0,0.0,0,0,24.0,1.0,0.0,0,0.0
8,S1,H3,grapple_skidder,16,778.104169,24.0,0.0,53.24,0,0,24.0,1.0,0.0,0,0.0
8,S1,H4,processor,16,517.165642,24.0,0.0,0.0,0,0,24.0,1.0,0.0,0,0.0
8,S1,H5,processor,16,355.5726036072664,20.831763669877954,3.1682363301220455,0.0,0,0,24.0,0.8679901529115814,3.1682363301220455,1,0.0
9,S1,H1,feller_buncher,16,1199.1928434226393,22.14782792061829,1.8521720793817096,53.96,0,0,24.0,0.9228261633590954,1.8521720793817082,1,0.0
9,S1,H2,feller_buncher,16,1220.906942,24.0,0.0,55.16,0,0,24.0,1.0,0.0,0,0.0
9,S1,H3,grapple_skidder,16,778.104169,24.0,0.0,0.0,0,0,24.0,1.0,0.0,0,0.0
9,S1,H7,loader,16,687.364703,24.0,0.0,53.48,0,0,24.0,1.0,0.0,0,0.0
10,S1,H1,feller_buncher,16,1299.478592,24.0,0.0,0.0,0,0,24.0,1.0,0.0,0,0.0
10,S1,H2,feller_buncher,16,860.013242,24.0,0.0,54.44,0,0,24.0,1.0,0.0,0,0.0
10,S1,H3,grapple_skidder,16,739.620424,24.0,0.0,53.48,0,0,24.0,1.0,0.0,0,0.0
10,S1,H4,processor,16,517.165642,24.0,0.0,0.0,0,0,24.0,1.0,0.0,0,0.0
10,S1,H5,processor,16,469.046841,24.0,0.0,53.24,0,0,24.0,1.0,0.0,0,0.0
11,S1,H1,feller_buncher,16,759.4980282214071,24.0,0.0,0.0,0,0,24.0,1.0,0.0,0,0.0
11,S1,H2,feller_buncher,16,59.00278800000001,24.0,0.0,0.0,0,0,24.0,1.0,0.0,0,0.0
11,S1,H3,grapple_skidder,16,778.104169,24.0,0.0,53.48,0,0,24.0,1.0,0.0,0,0.0
11,S1,H4,processor,16,481.329283,24.0,0.0,54.68,0,0,24.0,1.0,0.0,0,0.0
11,S1,H7,loader,16,687.364703,24.0,0.0,0.0,0,0,24.0,1.0,0.0,0,0.0
12,S1,H1,feller_buncher,16,356.0085949999998,24.0,0.0,0.0,0,0,24.0,1.0,0.0,0,0.0
12,S1,H2,feller_buncher,16,339.5259165461831,24.0,0.0,53.72,0,0,24.0,1.0,0.0,0,0.0
12,S1,H3,grapple_skidder,16,1332.369187,24.0,0.0,54.68,0,0,24.0,1.0,0.0,0,0.0
12,S1,H4,processor,16,517.165642,24.0,0.0,54.68,0,0,24.0,1.0,0.0,0,0.0
12,S1,H7,loader,16,432.7941853159189,21.87939627427973,2.120603725720269,54.2,0,0,24.0,0.9116415114283222,2.120603725720268,1,0.0
12,S1,H8,loader,16,451.958924,24.0,0.0,0.0,0,0,24.0,1.0,0.0,0,0.0
13,S1,H1,feller_buncher,16,814.8346919999999,24.0,0.0,53.72,0,0,24.0,1.0,0.0,0,0.3
13,S1,H2,feller_buncher,16,836.2962474999999,24.0,0.0,53.96,0,0,24.0,1.0,0.0,0,0.3
13,S1,H3,grapple_skidder,16,566.7369176,24.0,0.0,54.92,0,0,24.0,1.0,0.0,0,0.3
13,S1,H4,processor,16,372.3271531,24.0,0.0,53.48,0,0,24.0,1.0,0.0,0,0.3
13,S1,H7,loader,16,481.15529209999994,24.0,0.0,54.2,0,0,24.0,1.0,0.0,0,0.3
14,S1,H1,feller_buncher,16,1176.844281,24.0,0.0,54.2,0,0,24.0,1.0,0.0,0,0.0
14,S1,H2,feller_buncher,16,1194.708925,24.0,0.0,0.0,0,0,24.0,1.0,0.0,0,0.0
14,S1,H3,grapple_skidder,16,778.104169,24.0,0.0,53.24,0,0,24.0,1.0,0.0,0,0.0
14,S1,H4,processor,16,531.895933,24.0,0.0,0.0,0,0,24.0,1.0,0.0,0,0.0
14,S1,H5,processor,16,409.650504,24.0,0.0,53.24,0,0,24.0,1.0,0.0,0,0.0
15,S1,H1,feller_buncher,16,1176.844281,24.0,0.0,0.0,0,0,24.0,1.0,0.0,0,0.0
15,S1,H2,feller_buncher,16,1164.04956,24.0,0.0,54.92,0,0,24.0,1.0,0.0,0,0.0
15,S1,H3,grapple_skidder,16,923.199854,24.0,0.0,53.24,0,0,24.0,1.0,0.0,0,0.0
15,S1,H4,processor,16,409.650504,24.0,0.0,54.92,0,0,24.0,1.0,0.0,0,0.0
15,S1,H7,loader,16,802.411354,24.0,0.0,53.48,0,0,24.0,1.0,0.0,0,0.0
16,S1,H1,feller_buncher,16,111.30773800000088,24.0,0.0,0.0,0,0,24.0,1.0,0.0,0,0.0
16,S1,H2,feller_buncher,16,502.7667789999996,24.0,0.0,0.0,0,0,24.0,1.0,0.0,0,0.0
16,S1,H3,grapple_skidder,16,1480.641393,24.0,0.0,54.68,0,0,24.0,1.0,0.0,0,0.0
16,S1,H4,processor,16,531.895933,24.0,0.0,54.92,0,0,24.0,1.0,0.0,0,0.0
16,S1,H5,processor,16,395.784917,24.0,0.0,53.48,0,0,24.0,1.0,0.0,0,0.0
16,S1,H7,loader,16,339.04604162462624,19.171661958127736,4.828338041872264,54.92,0,0,24.0,0.7988192482553224,4.828338041872264,1,0.0
17,S1,H1,feller_buncher,16,576.960683,24.0,0.0,53.72,0,0,24.0,1.0,0.0,0,0.0
17,S1,H2,feller_buncher,16,787.363583,24.0,0.0,54.44,0,0,24.0,1.0,0.0,0,0.0
17,S1,H3,grapple_skidder,16,339.5259165461831,24.0,0.0,53.96,1,0,24.0,1.0,0.0,0,0.0
17,S1,H4,processor,16,569.826226,24.0,0.0,53.24,0,0,24.0,1.0,0.0,0,0.0
17,S1,H5,processor,16,395.784917,24.0,0.0,0.0,0,0,24.0,1.0,0.0,0,0.0
17,S1,H6,processor,16,469.046841,24.0,0.0,0.0,0,0,24.0,1.0,0.0,0,0.0
17,S1,H7,loader,16,424.433991,24.0,0.0,0.0,0,0,24.0,1.0,0.0,0,0.0
17,S1,H8,loader,16,802.411354,24.0,0.0,55.16,0,0,24.0,1.0,0.0,0,0.0
18,S1,H1,feller_buncher,16,1220.906942,24.0,0.0,54.2,0,0,24.0,1.0,0.0,0,0.0
18,S1,H2,feller_buncher,16,486.3476200000001,24.0,0.0,0.0,0,0,24.0,1.0,0.0,0,0.0
18,S1,H3,grapple_skidder,16,1164.728216,24.0,0.0,53.24,0,0,24.0,1.0,0.0,0,0.0
18,S1,H4,processor,16,569.826226,24.0,0.0,0.0,0,0,24.0,1.0,0.0,0,0.0
18,S1,H5,processor,16,339.5259165461831,24.0,0.0,53.72,1,0,24.0,1.0,0.0,0,0.0
18,S1,H7,loader,16,474.741639,24.0,0.0,53.24,0,0,24.0,1.0,0.0,0,0.0
18,S1,H8,loader,16,456.725789,24.0,0.0,54.44,0,0,24.0,1.0,0.0,0,0.0
19,S1,H1,feller_buncher,16,522.3668130925896,24.0,0.0,0.0,0,0,24.0,1.0,0.0,0,0.0
19,S1,H2,feller_buncher,16,680.207863,24.0,0.0,53.72,0,0,24.0,1.0,0.0,0,0.0
19,S1,H3,grapple_skidder,16,1273.711203,24.0,0.0,53.24,0,0,24.0,1.0,0.0,0,0.0
19,S1,H4,processor,16,517.165642,24.0,0.0,53.72,0,0,24.0,1.0,0.0,0,0.0
19,S1,H5,processor,16,0.0,17.61981705135542,6.380182948644581,0.0,1,0,24.0,0.7341590438064758,6.38018294864458,1,0.0
19,S1,H6,processor,16,469.046841,24.0,0.0,0.0,0,0,24.0,1.0,0.0,0,0.0
19,S1,H7,loader,16,937.184825,24.0,0.0,54.92,0,0,24.0,1.0,0.0,0,0.0
20,S1,H1,feller_buncher,16,1194.708925,24.0,0.0,53.24,0,0,24.0,1.0,0.0,0,0.0
20,S1,H2,feller_buncher,16,364.89843800000006,24.0,0.0,0.0,0,0,24.0,1.0,0.0,0,0.0
20,S1,H3,grapple_skidder,16,1332.369187,24.0,0.0,53.24,0,0,24.0,1.0,0.0,0,0.0
20,S1,H4,processor,16,517.165642,24.0,0.0,0.0,0,0,24.0,1.0,0.0,0,0.0
20,S1,H5,processor,16,469.046841,24.0,0.0,53.96,0,0,24.0,1.0,0.0,0,0.0
20,S1,H6,processor,16,441.264891,24.0,0.0,54.44,0,0,24.0,1.0,0.0,0,0.0
20,S1,H7,loader,16,339.5259165461831,24.0,0.0,53.96,1,0,24.0,1.0,0.0,0,0.0
21,S1,H3,grapple_skidder,16,739.620424,24.0,0.0,55.16,0,0,24.0,1.0,0.0,0,0.0
21,S1,H4,processor,16,531.895933,24.0,0.0,53.48,0,0,24.0,1.0,0.0,0,0.0
21,S1,H5,processor,16,469.046841,24.0,0.0,0.0,0,0,24.0,1.0,0.0,0,0.0
21,S1,H6,processor,16,441.264891,24.0,0.0,0.0,0,0,24.0,1.0,0.0,0,0.0
21,S1,H7,loader,16,687.364703,24.0,0.0,53.24,0,0,24.0,1.0,0.0,0,0.0
22,S1,H3,grapple_skidder,16,1480.641393,24.0,0.0,55.4,0,0,24.0,1.0,0.0,0,0.0
22,S1,H4,processor,16,531.895933,24.0,0.0,0.0,0,0,24.0,1.0,0.0,0,0.0
22,S1,H5,processor,16,418.24009751161776,20.854252369014553,3.145747630985447,53.48,0,0,24.0,0.868927182042273,3.1457476309854475,1,0.0
22,S1,H6,processor,16,469.046841,24.0,0.0,54.44,0,0,24.0,1.0,0.0,0,0.0
22,S1,H7,loader,16,733.483855,24.0,0.0,53.24,0,0,24.0,1.0,0.0,0,0.0
23,S1,H3,grapple_skidder,16,1164.728216,24.0,0.0,53.72,0,0,24.0,1.0,0.0,0,0.0
23,S1,H4,processor,16,569.826226,24.0,0.0,53.24,0,0,24.0,1.0,0.0,0,0.0
23,S1,H5,processor,16,481.329283,24.0,0.0,0.0,0,0,24.0,1.0,0.0,0,0.0
23,S1,H6,processor,16,469.046841,24.0,0.0,0.0,0,0,24.0,1.0,0.0,0,0.0
23,S1,H7,loader,16,802.411354,24.0,0.0,53.24,0,0,24.0,1.0,0.0,0,0.0
24,S1,H3,grapple_skidder,16,739.620424,24.0,0.0,54.68,0,0,24.0,1.0,0.0,0,0.0
24,S1,H4,processor,16,569.826226,24.0,0.0,0.0,0,0,24.0,1.0,0.0,0,0.0
24,S1,H5,processor,16,517.165642,24.0,0.0,54.68,0,0,24.0,1.0,0.0,0,0.0
24,S1,H6,processor,16,391.18142100000006,24.0,0.0,54.44,0,0,24.0,1.0,0.0,0,0.0
24,S1,H7,loader,16,474.741639,24.0,0.0,54.68,0,0,24.0,1.0,0.0,0,0.0
25,S1,H3,grapple_skidder,16,1332.369187,24.0,0.0,55.16,0,0,24.0,1.0,0.0,0,0.0
25,S1,H4,processor,16,481.329283,24.0,0.0,55.4,0,0,24.0,1.0,0.0,0,0.0
25,S1,H5,processor,16,517.165642,24.0,0.0,0.0,0,0,24.0,1.0,0.0,0,0.0
25,S1,H7,loader,16,368.0602098448123,24.0,0.0,0.0,0,0,24.0,1.0,0.0,0,0.0
25,S1,H8,loader,16,540.2273480000001,24.0,0.0,54.2,0,0,24.0,1.0,0.0,0,0.0
25,S1,H9,loader,16,937.184825,24.0,0.0,0.0,0,0,24.0,1.0,0.0,0,0.0
26,S1,H3,grapple_skidder,16,778.104169,24.0,0.0,54.68,0,0,24.0,1.0,0.0,0,0.0
26,S1,H4,processor,16,569.826226,24.0,0.0,55.4,0,0,24.0,1.0,0.0,0,0.0
26,S1,H5,processor,16,531.895933,24.0,0.0,53.48,0,0,24.0,1.0,0.0,0,0.0
26,S1,H7,loader,16,687.364703,24.0,0.0,54.2,0,0,24.0,1.0,0.0,0,0.0
26,S1,H8,loader,16,451.958924,24.0,0.0,54.92,0,0,24.0,1.0,0.0,0,0.0
27,S1,H3,grapple_skidder,16,159.77199800000017,24.0,0.0,54.2,0,0,24.0,1.0,0.0,0,0.0
27,S1,H4,processor,16,469.046841,24.0,0.0,54.92,0,0,24.0,1.0,0.0,0,0.0
27,S1,H5,processor,16,531.895933,24.0,0.0,0.0,0,0,24.0,1.0,0.0,0,0.0
27,S1,H7,loader,16,937.184825,24.0,0.0,53.72,0,0,24.0,1.0,0.0,0,0.0
27,S1,H8,loader,16,451.958924,24.0,0.0,0.0,0,0,24.0,1.0,0.0,0,0.0
28,S1,H1,feller_buncher,16,1194.708925,24.0,0.0,0.0,0,0,24.0,1.0,0.0,0,0.0
28,S1,H3,grapple_skidder,16,1045.106301,24.0,0.0,53.48,0,0,24.0,1.0,0.0,0,0.0
28,S1,H4,processor,16,517.165642,24.0,0.0,54.2,0,0,24.0,1.0,0.0,0,0.0
28,S1,H7,loader,16,802.411354,24.0,0.0,53.24,0,0,24.0,1.0,0.0,0,0.0
28,S1,H8,loader,16,474.741639,24.0,0.0,53.48,0,0,24.0,1.0,0.0,0,0.0
28,S1,H9,loader,16,451.958924,24.0,0.0,55.4,0,0,24.0,1.0,0.0,0,0.0
29,S1,H3,grapple_skidder,16,739.620424,24.0,0.0,54.2,0,0,24.0,1.0,0.0,0,0.0
29,S1,H4,processor,16,430.907382,24.0,0.0,53.48,0,0,24.0,1.0,0.0,0,0.0
29,S1,H5,processor,16,531.895933,24.0,0.0,0.0,0,0,24.0,1.0,0.0,0,0.0
29,S1,H7,loader,16,687.364703,24.0,0.0,53.48,0,0,24.0,1.0,0.0,0,0.0
29,S1,H8,loader,16,474.741639,24.0,0.0,0.0,0,0,24.0,1.0,0.0,0,0.0
30,S1,H3,grapple_skidder,16,1459.1402364999994,24.0,0.0,55.4,1,0,24.0,1.0,0.0,0,0.0
30,S1,H4,processor,16,21.62231480312505,24.0,0.0,53.48,1,0,24.0,1.0,0.0,0,0.0
30,S1,H5,processor,16,481.329283,24.0,0.0,55.16,0,0,24.0,1.0,0.0,0,0.0
30,S1,H6,processor,16,430.907382,24.0,0.0,53.72,0,0,24.0,1.0,0.0,0,0.0
30,S1,H7,loader,16,802.411354,24.0,0.0,53.48,0,0,24.0,1.0,0.0,0,0.0
30,S1,H8,loader,16,474.741639,24.0,0.0,0.0,0,0,24.0,1.0,0.0,0,0.0
31,S1,H3,grapple_skidder,16,76.51783309259054,15.032773892304817,8.967226107695183,53.24,1,0,24.0,0.626365578846034,8.967226107695183,1,0.0
31,S1,H4,processor,16,569.826226,24.0,0.0,53.72,0,0,24.0,1.0,0.0,0,0.0
31,S1,H5,processor,16,481.329283,24.0,0.0,0.0,0,0,24.0,1.0,0.0,0,0.0
31,S1,H6,processor,16,183.29153700000006,24.0,0.0,0.0,0,0,24.0,1.0,0.0,0,0.0
31,S1,H7,loader,16,687.364703,24.0,0.0,53.48,0,0,24.0,1.0,0.0,0,0.0
31,S1,H8,loader,16,474.741639,24.0,0.0,0.0,0,0,24.0,1.0,0.0,0,0.0
32,S1,H3,grapple_skidder,16,778.104169,24.0,0.0,54.68,0,0,24.0,1.0,0.0,0,0.0
32,S1,H4,processor,16,569.826226,24.0,0.0,0.0,0,0,24.0,1.0,0.0,0,0.0
32,S1,H5,processor,16,246.60403099259042,24.0,0.0,55.16,1,0,24.0,1.0,0.0,0,0.0
32,S1,H7,loader,16,7.131940999999415,24.0,0.0,0.0,0,0,24.0,1.0,0.0,0,0.0
32,S1,H8,loader,16,558.398094,24.0,0.0,53.72,0,0,24.0,1.0,0.0,0,0.0
32,S1,H9,loader,16,451.958924,24.0,0.0,0.0,0,0,24.0,1.0,0.0,0,0.0
33,S1,H3,grapple_skidder,16,576.960683,24.0,0.0,53.48,0,0,24.0,1.0,0.0,0,0.0
33,S1,H4,processor,16,0.0,24.0,0.0,53.24,1,0,24.0,1.0,0.0,0,0.0
33,S1,H5,processor,16,469.046841,24.0,0.0,54.68,0,0,24.0,1.0,0.0,0,0.0
33,S1,H7,loader,16,937.184825,24.0,0.0,53.72,0,0,24.0,1.0,0.0,0,0.0
33,S1,H8,loader,16,486.708207,24.0,0.0,0.0,0,0,24.0,1.0,0.0,0,0.0
33,S1,H9,loader,16,451.958924,24.0,0.0,0.0,0,0,24.0,1.0,0.0,0,0.0
34,S1,H1,feller_buncher,16,140.55055100000027,24.0,0.0,0.0,0,0,24.0,1.0,0.0,0,0.0
34,S1,H3,grapple_skidder,16,365.8761200874924,24.0,0.0,53.72,1,0,24.0,1.0,0.0,0,0.0
34,S1,H4,processor,16,428.751305,24.0,0.0,54.2,0,0,24.0,1.0,0.0,0,0.0
34,S1,H5,processor,16,469.046841,24.0,0.0,0.0,0,0,24.0,1.0,0.0,0,0.0
34,S1,H7,loader,16,764.1301137760848,24.0,0.0,53.24,1,0,24.0,1.0,0.0,0,0.0
35,S1,H3,grapple_skidder,16,140.55055100000027,24.0,0.0,55.16,1,0,24.0,1.0,0.0,0,0.0
35,S1,H4,processor,16,148.20937800000002,24.0,0.0,0.0,0,0,24.0,1.0,0.0,0,0.0
35,S1,H5,processor,16,409.650504,24.0,0.0,53.24,0,0,24.0,1.0,0.0,0,0.0
35,S1,H7,loader,16,0.0,24.0,0.0,0.0,1,0,24.0,1.0,0.0,0,0.0
35,S1,H8,loader,16,474.741639,24.0,0.0,53.72,0,0,24.0,1.0,0.0,0,0.0
36,S1,H3,grapple_skidder,16,855.829418,24.0,0.0,54.68,0,0,24.0,1.0,0.0,0,0.0
36,S1,H4,processor,16,569.826226,24.0,0.0,54.44,0,0,24.0,1.0,0.0,0,0.0
36,S1,H5,processor,16,157.71309008022598,18.380369211923124,5.619630788076876,0.0,1,0,24.0,0.7658487171634635,5.6196307880768765,1,0.0
36,S1,H7,loader,16,552.163711,24.0,0.0,54.2,0,0,24.0,1.0,0.0,0,0.0
36,S1,H8,loader,16,474.741639,24.0,0.0,0.0,0,0,24.0,1.0,0.0,0,0.0
37,S1,H3,grapple_skidder,16,339.93655800000056,24.0,0.0,53.72,0,0,24.0,1.0,0.0,0,0.0
37,S1,H4,processor,16,2.363765499999886,24.0,0.0,0.0,1,0,24.0,1.0,0.0,0,0.0
37,S1,H5,processor,16,395.784917,24.0,0.0,53.48,0,0,24.0,1.0,0.0,0,0.0
37,S1,H7,loader,16,24.796971999999982,24.0,0.0,0.0,0,0,24.0,1.0,0.0,0,0.0
37,S1,H8,loader,16,424.433991,24.0,0.0,53.24,0,0,24.0,1.0,0.0,0,0.0
38,S1,H3,grapple_skidder,16,527.0705279999997,24.0,0.0,53.48,1,0,24.0,1.0,0.0,0,0.0
38,S1,H4,processor,16,410.442556,24.0,0.0,55.4,0,0,24.0,1.0,0.0,0,0.0
38,S1,H5,processor,16,395.784917,24.0,0.0,0.0,0,0,24.0,1.0,0.0,0,0.0
38,S1,H7,loader,16,812.2342735,24.0,0.0,54.44,1,0,24.0,1.0,0.0,0,0.0
38,S1,H8,loader,16,424.433991,24.0,0.0,0.0,0,0,24.0,1.0,0.0,0,0.0
39,S1,H3,grapple_skidder,16,678.968019,24.0,0.0,53.72,0,0,24.0,1.0,0.0,0,0.0
39,S1,H4,processor,16,469.046841,24.0,0.0,53.48,0,0,24.0,1.0,0.0,0,0.0
39,S1,H5,processor,16,195.88960400000013,24.0,0.0,0.0,0,0,24.0,1.0,0.0,0,0.0
39,S1,H7,loader,16,0.0,24.0,0.0,0.0,1,0,24.0,1.0,0.0,0,0.0
39,S1,H8,loader,16,129.8891910628663,24.0,0.0,0.0,1,0,24.0,1.0,0.0,0,0.0
39,S1,H9,loader,16,398.514914501774,21.162007076648795,2.837992923351205,0.0,0,0,24.0,0.8817502948603665,2.8379929233512042,1,0.0
40,S1,H4,processor,16,547.23705,24.0,0.0,53.72,0,0,24.0,1.0,0.0,0,0.0
40,S1,H7,loader,16,441.78774665469115,22.33405509162129,1.6659449083787088,54.92,0,0,24.0,0.9305856288175538,1.665944908378708,1,0.0
40,S1,H8,loader,16,456.725789,24.0,0.0,53.48,0,0,24.0,1.0,0.0,0,0.0
40,S1,H9,loader,16,125.06061000984369,24.0,0.0,0.0,1,0,24.0,1.0,0.0,0,0.0
41,S1,H4,processor,16,345.23761900000056,24.0,0.0,53.72,1,0,24.0,1.0,0.0,0,0.0
41,S1,H7,loader,16,485.857474,24.0,0.0,53.72,0,0,24.0,1.0,0.0,0,0.0
41,S1,H8,loader,16,456.725789,24.0,0.0,0.0,0,0,24.0,1.0,0.0,0,0.0
42,S1,H3,grapple_skidder,16,678.968019,24.0,0.0,0.0,0,0,24.0,1.0,0.0,0,0.0
42,S1,H7,loader,16,474.741639,24.0,0.0,53.72,0,0,24.0,1.0,0.0,0,0.0
42,S1,H8,loader,16,371.7255165721878,21.820645296326823,2.1793547036731766,0.0,0,0,24.0,0.9091935540136177,2.179354703673175,1,0.0
1,S1,H1,feller_buncher,17,1220.906942,24.0,0.0,0.0,0,0,24.0,1.0,0.0,0,0.0
1,S1,H2,feller_buncher,17,1299.478592,24.0,0.0,0.0,0,0,24.0,1.0,0.0,0,0.0
2,S1,H1,feller_buncher,17,1220.906942,24.0,0.0,0.0,0,0,24.0,1.0,0.0,0,0.0
2,S1,H2,feller_buncher,17,1164.04956,24.0,0.0,53.72,0,0,24.0,1.0,0.0,0,0.0
2,S1,H3,grapple_skidder,17,678.968019,24.0,0.0,0.0,0,0,24.0,1.0,0.0,0,0.0
3,S1,H1,feller_buncher,17,1176.844281,24.0,0.0,53.48,0,0,24.0,1.0,0.0,0,0.0
3,S1,H2,feller_buncher,17,888.796776,24.0,0.0,53.24,0,0,24.0,1.0,0.0,0,0.0
3,S1,H3,grapple_skidder,17,778.104169,24.0,0.0,53.72,0,0,24.0,1.0,0.0,0,0.0
3,S1,H4,processor,17,547.23705,24.0,0.0,0.0,0,0,24.0,1.0,0.0,0,0.0
4,S1,H1,feller_buncher,17,1176.844281,24.0,0.0,0.0,0,0,24.0,1.0,0.0,0,0.0
4,S1,H2,feller_buncher,17,888.796776,24.0,0.0,0.0,0,0,24.0,1.0,0.0,0,0.0
4,S1,H3,grapple_skidder,17,1332.369187,24.0,0.0,54.68,0,0,24.0,1.0,0.0,0,0.0
4,S1,H4,processor,17,342.6200031552807,17.531042439590244,6.468957560409756,53.72,0,0,24.0,0.7304601016495935,6.468957560409754,1,0.0
4,S1,H7,loader,17,485.857474,24.0,0.0,0.0,0,0,24.0,1.0,0.0,0,0.0
5,S1,H1,feller_buncher,17,814.8346919999999,24.0,0.0,54.2,0,0,24.0,1.0,0.0,0,0.3
5,S1,H2,feller_buncher,17,673.0877349,24.0,0.0,53.24,0,0,24.0,1.0,0.0,0,0.3
5,S1,H3,grapple_skidder,17,815.3097511999999,24.0,0.0,53.48,0,0,24.0,1.0,0.0,0,0.3
5,S1,H4,processor,17,372.3271531,24.0,0.0,54.68,0,0,24.0,1.0,0.0,0,0.3
6,S1,H1,feller_buncher,17,223.34125270160425,20.92498923919252,3.07501076080748,53.24,0,0,24.0,0.8718745516330216,3.075010760807481,1,0.0
6,S1,H2,feller_buncher,17,961.553907,24.0,0.0,0.0,0,0,24.0,1.0,0.0,0,0.0
6,S1,H3,grapple_skidder,17,1164.728216,24.0,0.0,0.0,0,0,24.0,1.0,0.0,0,0.0
6,S1,H4,processor,17,531.895933,24.0,0.0,0.0,0,0,24.0,1.0,0.0,0,0.0
7,S1,H1,feller_buncher,17,1164.04956,24.0,0.0,53.24,0,0,24.0,1.0,0.0,0,0.0
7,S1,H2,feller_buncher,17,961.553907,24.0,0.0,0.0,0,0,24.0,1.0,0.0,0,0.0
7,S1,H3,grapple_skidder,17,809.624168,24.0,0.0,54.44,0,0,24.0,1.0,0.0,0,0.0
7,S1,H4,processor,17,517.165642,24.0,0.0,53.48,0,0,24.0,1.0,0.0,0,0.0
7,S1,H7,loader,17,802.411354,24.0,0.0,55.4,0,0,24.0,1.0,0.0,0,0.0
8,S1,H1,feller_buncher,17,860.013242,24.0,0.0,53.24,0,0,24.0,1.0,0.0,0,0.0
8,S1,H2,feller_buncher,17,413.7565330000002,24.0,0.0,0.0,0,0,24.0,1.0,0.0,0,0.0
8,S1,H3,grapple_skidder,17,608.2270087587375,24.0,0.0,53.24,0,0,24.0,1.0,0.0,0,0.0
8,S1,H4,processor,17,517.165642,24.0,0.0,0.0,0,0,24.0,1.0,0.0,0,0.0
8,S1,H5,processor,17,409.650504,24.0,0.0,0.0,0,0,24.0,1.0,0.0,0,0.0
9,S1,H1,feller_buncher,17,1299.478592,24.0,0.0,53.96,0,0,24.0,1.0,0.0,0,0.0
9,S1,H2,feller_buncher,17,567.7086402562378,24.0,0.0,55.16,0,0,24.0,1.0,0.0,0,0.0
9,S1,H3,grapple_skidder,17,778.104169,24.0,0.0,0.0,0,0,24.0,1.0,0.0,0,0.0
9,S1,H7,loader,17,687.364703,24.0,0.0,53.48,0,0,24.0,1.0,0.0,0,0.0
10,S1,H1,feller_buncher,17,1299.478592,24.0,0.0,0.0,0,0,24.0,1.0,0.0,0,0.0
10,S1,H2,feller_buncher,17,860.013242,24.0,0.0,54.44,0,0,24.0,1.0,0.0,0,0.0
10,S1,H3,grapple_skidder,17,739.620424,24.0,0.0,53.48,0,0,24.0,1.0,0.0,0,0.0
10,S1,H4,processor,17,517.165642,24.0,0.0,0.0,0,0,24.0,1.0,0.0,0,0.0
10,S1,H5,processor,17,469.046841,24.0,0.0,53.24,0,0,24.0,1.0,0.0,0,0.0
11,S1,H1,feller_buncher,17,1299.478592,24.0,0.0,0.0,0,0,24.0,1.0,0.0,0,0.0
11,S1,H2,feller_buncher,17,59.00278800000001,24.0,0.0,0.0,0,0,24.0,1.0,0.0,0,0.0
11,S1,H3,grapple_skidder,17,778.104169,24.0,0.0,53.48,0,0,24.0,1.0,0.0,0,0.0
11,S1,H4,processor,17,481.329283,24.0,0.0,54.68,0,0,24.0,1.0,0.0,0,0.0
11,S1,H7,loader,17,687.364703,24.0,0.0,0.0,0,0,24.0,1.0,0.0,0,0.0
12,S1,H1,feller_buncher,17,356.0085949999998,24.0,0.0,0.0,0,0,24.0,1.0,0.0,0,0.0
12,S1,H2,feller_buncher,17,674.603847,24.0,0.0,53.72,0,0,24.0,1.0,0.0,0,0.0
12,S1,H3,grapple_skidder,17,1332.369187,24.0,0.0,54.68,0,0,24.0,1.0,0.0,0,0.0
12,S1,H4,processor,17,428.5410411999999,24.0,0.0,54.68,1,0,24.0,1.0,0.0,0,0.0
12,S1,H7,loader,17,474.741639,24.0,0.0,54.2,0,0,24.0,1.0,0.0,0,0.0
12,S1,H8,loader,17,253.90432873429543,24.0,0.0,0.0,0,0,24.0,1.0,0.0,0,0.0
13,S1,H1,feller_buncher,17,1164.04956,24.0,0.0,53.72,0,0,24.0,1.0,0.0,0,0.0
13,S1,H2,feller_buncher,17,1194.708925,24.0,0.0,53.96,0,0,24.0,1.0,0.0,0,0.0
13,S1,H3,grapple_skidder,17,809.624168,24.0,0.0,54.92,0,0,24.0,1.0,0.0,0,0.0
13,S1,H4,processor,17,531.895933,24.0,0.0,53.48,0,0,24.0,1.0,0.0,0,0.0
13,S1,H7,loader,17,605.3085612000001,24.0,0.0,54.2,1,0,24.0,1.0,0.0,0,0.0
14,S1,H1,feller_buncher,17,1176.844281,24.0,0.0,54.2,0,0,24.0,1.0,0.0,0,0.0
14,S1,H2,feller_buncher,17,1194.708925,24.0,0.0,0.0,0,0,24.0,1.0,0.0,0,0.0
14,S1,H3,grapple_skidder,17,778.104169,24.0,0.0,53.24,0,0,24.0,1.0,0.0,0,0.0
14,S1,H4,processor,17,531.895933,24.0,0.0,0.0,0,0,24.0,1.0,0.0,0,0.0
14,S1,H5,processor,17,311.3224691411663,18.23930200605341,5.760697993946589,53.24,0,0,24.0,0.7599709169188921,5.7606979939465885,1,0.0
15,S1,H1,feller_buncher,17,1176.844281,24.0,0.0,0.0,0,0,24.0,1.0,0.0,0,0.0
15,S1,H2,feller_buncher,17,1164.04956,24.0,0.0,54.92,0,0,24.0,1.0,0.0,0,0.0
15,S1,H3,grapple_skidder,17,923.199854,24.0,0.0,53.24,0,0,24.0,1.0,0.0,0,0.0
15,S1,H4,processor,17,409.650504,24.0,0.0,54.92,0,0,24.0,1.0,0.0,0,0.0
15,S1,H7,loader,17,609.698415514253,24.0,0.0,53.48,0,0,24.0,1.0,0.0,0,0.0
16,S1,H1,feller_buncher,17,111.30773800000088,24.0,0.0,0.0,0,0,24.0,1.0,0.0,0,0.0
16,S1,H2,feller_buncher,17,502.7667789999996,24.0,0.0,0.0,0,0,24.0,1.0,0.0,0,0.0
16,S1,H3,grapple_skidder,17,1480.641393,24.0,0.0,54.68,0,0,24.0,1.0,0.0,0,0.0
16,S1,H4,processor,17,531.895933,24.0,0.0,54.92,0,0,24.0,1.0,0.0,0,0.0
16,S1,H5,processor,17,395.784917,24.0,0.0,53.48,0,0,24.0,1.0,0.0,0,0.0
16,S1,H7,loader,17,424.433991,24.0,0.0,54.92,0,0,24.0,1.0,0.0,0,0.0
17,S1,H1,feller_buncher,17,576.960683,24.0,0.0,53.72,0,0,24.0,1.0,0.0,0,0.0
17,S1,H2,feller_buncher,17,787.363583,24.0,0.0,54.44,0,0,24.0,1.0,0.0,0,0.0
17,S1,H3,grapple_skidder,17,674.603847,24.0,0.0,53.96,0,0,24.0,1.0,0.0,0,0.0
17,S1,H4,processor,17,569.826226,24.0,0.0,53.24,0,0,24.0,1.0,0.0,0,0.0
17,S1,H5,processor,17,221.47223342778827,24.0,0.0,0.0,0,0,24.0,1.0,0.0,0,0.0
17,S1,H6,processor,17,469.046841,24.0,0.0,0.0,0,0,24.0,1.0,0.0,0,0.0
17,S1,H7,loader,17,424.433991,24.0,0.0,0.0,0,0,24.0,1.0,0.0,0,0.0
17,S1,H8,loader,17,802.411354,24.0,0.0,55.16,0,0,24.0,1.0,0.0,0,0.0
18,S1,H1,feller_buncher,17,1220.906942,24.0,0.0,54.2,0,0,24.0,1.0,0.0,0,0.0
18,S1,H2,feller_buncher,17,486.3476200000001,24.0,0.0,0.0,0,0,24.0,1.0,0.0,0,0.0
18,S1,H3,grapple_skidder,17,1164.728216,24.0,0.0,53.24,0,0,24.0,1.0,0.0,0,0.0
18,S1,H4,processor,17,569.826226,24.0,0.0,0.0,0,0,24.0,1.0,0.0,0,0.0
18,S1,H5,processor,17,456.082335,24.0,0.0,53.72,0,0,24.0,1.0,0.0,0,0.0
18,S1,H7,loader,17,274.44185901638843,24.0,0.0,53.24,0,0,24.0,1.0,0.0,0,0.0
18,S1,H8,loader,17,456.725789,24.0,0.0,54.44,0,0,24.0,1.0,0.0,0,0.0
19,S1,H1,feller_buncher,17,1013.0077249999999,24.0,0.0,0.0,0,0,24.0,1.0,0.0,0,0.0
19,S1,H2,feller_buncher,17,680.207863,24.0,0.0,53.72,0,0,24.0,1.0,0.0,0,0.0
19,S1,H3,grapple_skidder,17,1273.711203,24.0,0.0,53.24,0,0,24.0,1.0,0.0,0,0.0
19,S1,H4,processor,17,517.165642,24.0,0.0,53.72,0,0,24.0,1.0,0.0,0,0.0
19,S1,H5,processor,17,218.52151199999997,24.0,0.0,0.0,0,0,24.0,1.0,0.0,0,0.0
19,S1,H6,processor,17,469.046841,24.0,0.0,0.0,0,0,24.0,1.0,0.0,0,0.0
19,S1,H7,loader,17,937.184825,24.0,0.0,54.92,0,0,24.0,1.0,0.0,0,0.0
20,S1,H1,feller_buncher,17,1194.708925,24.0,0.0,53.24,0,0,24.0,1.0,0.0,0,0.0
20,S1,H2,feller_buncher,17,364.89843800000006,24.0,0.0,0.0,0,0,24.0,1.0,0.0,0,0.0
20,S1,H3,grapple_skidder,17,1332.369187,24.0,0.0,53.24,0,0,24.0,1.0,0.0,0,0.0
20,S1,H4,processor,17,517.165642,24.0,0.0,0.0,0,0,24.0,1.0,0.0,0,0.0
20,S1,H5,processor,17,222.4344418760829,24.0,0.0,53.96,0,0,24.0,1.0,0.0,0,0.0
20,S1,H6,processor,17,441.264891,24.0,0.0,54.44,0,0,24.0,1.0,0.0,0,0.0
20,S1,H7,loader,17,674.603847,24.0,0.0,53.96,0,0,24.0,1.0,0.0,0,0.0
21,S1,H3,grapple_skidder,17,739.620424,24.0,0.0,55.16,0,0,24.0,1.0,0.0,0,0.0
21,S1,H4,processor,17,531.895933,24.0,0.0,53.48,0,0,24.0,1.0,0.0,0,0.0
21,S1,H5,processor,17,414.3016848035052,21.198821879037293,2.8011781209627067,0.0,0,0,24.0,0.8832842449598872,2.801178120962706,1,0.0
21,S1,H6,processor,17,441.264891,24.0,0.0,0.0,0,0,24.0,1.0,0.0,0,0.0
21,S1,H7,loader,17,687.364703,24.0,0.0,53.24,0,0,24.0,1.0,0.0,0,0.0
22,S1,H3,grapple_skidder,17,1480.641393,24.0,0.0,55.4,0,0,24.0,1.0,0.0,0,0.0
22,S1,H4,processor,17,477.66232815455754,21.552892519878284,2.4471074801217156,0.0,0,0,24.0,0.8980371883282618,2.447107480121716,1,0.0
22,S1,H5,processor,17,481.329283,24.0,0.0,53.48,0,0,24.0,1.0,0.0,0,0.0
22,S1,H6,processor,17,469.046841,24.0,0.0,54.44,0,0,24.0,1.0,0.0,0,0.0
22,S1,H7,loader,17,733.483855,24.0,0.0,53.24,0,0,24.0,1.0,0.0,0,0.0
23,S1,H3,grapple_skidder,17,1164.728216,24.0,0.0,53.72,0,0,24.0,1.0,0.0,0,0.0
23,S1,H4,processor,17,569.826226,24.0,0.0,53.24,0,0,24.0,1.0,0.0,0,0.0
23,S1,H5,processor,17,481.329283,24.0,0.0,0.0,0,0,24.0,1.0,0.0,0,0.0
23,S1,H6,processor,17,469.046841,24.0,0.0,0.0,0,0,24.0,1.0,0.0,0,0.0
23,S1,H7,loader,17,802.411354,24.0,0.0,53.24,0,0,24.0,1.0,0.0,0,0.0
24,S1,H3,grapple_skidder,17,739.620424,24.0,0.0,54.68,0,0,24.0,1.0,0.0,0,0.0
24,S1,H4,processor,17,569.826226,24.0,0.0,0.0,0,0,24.0,1.0,0.0,0,0.0
24,S1,H5,processor,17,517.165642,24.0,0.0,54.68,0,0,24.0,1.0,0.0,0,0.0
24,S1,H6,processor,17,305.715811337267,18.756462035793888,5.243537964206112,54.44,0,0,24.0,0.781519251491412,5.243537964206113,1,0.0
24,S1,H7,loader,17,474.741639,24.0,0.0,54.68,0,0,24.0,1.0,0.0,0,0.0
25,S1,H3,grapple_skidder,17,932.6584309,24.0,0.0,55.16,0,0,24.0,1.0,0.0,0,0.3
25,S1,H4,processor,17,336.93049809999997,24.0,0.0,55.4,0,0,24.0,1.0,0.0,0,0.3
25,S1,H5,processor,17,282.67057069390034,18.739764664781944,5.260235335218056,0.0,0,0,24.0,0.7808235276992477,5.260235335218056,1,0.3
25,S1,H7,loader,17,332.3191473,24.0,0.0,0.0,0,0,24.0,1.0,0.0,0,0.3
25,S1,H8,loader,17,378.15914360000005,24.0,0.0,54.2,0,0,24.0,1.0,0.0,0,0.3
25,S1,H9,loader,17,656.0293775,24.0,0.0,0.0,0,0,24.0,1.0,0.0,0,0.3
26,S1,H3,grapple_skidder,17,778.104169,24.0,0.0,54.68,0,0,24.0,1.0,0.0,0,0.0
26,S1,H4,processor,17,569.826226,24.0,0.0,55.4,0,0,24.0,1.0,0.0,0,0.0
26,S1,H5,processor,17,531.895933,24.0,0.0,53.48,0,0,24.0,1.0,0.0,0,0.0
26,S1,H7,loader,17,555.3273442263278,19.38978856968143,4.6102114303185715,54.2,0,0,24.0,0.8079078570700595,4.610211430318573,1,0.0
26,S1,H8,loader,17,451.958924,24.0,0.0,54.92,0,0,24.0,1.0,0.0,0,0.0
27,S1,H3,grapple_skidder,17,159.77199800000017,24.0,0.0,54.2,0,0,24.0,1.0,0.0,0,0.0
27,S1,H4,processor,17,271.1879839177302,24.0,0.0,54.92,0,0,24.0,1.0,0.0,0,0.0
27,S1,H5,processor,17,531.895933,24.0,0.0,0.0,0,0,24.0,1.0,0.0,0,0.0
27,S1,H7,loader,17,782.9580865796873,20.050467716346663,3.949532283653337,53.72,0,0,24.0,0.8354361548477777,3.9495322836533373,1,0.0
27,S1,H8,loader,17,451.958924,24.0,0.0,0.0,0,0,24.0,1.0,0.0,0,0.0
28,S1,H1,feller_buncher,17,1194.708925,24.0,0.0,0.0,0,0,24.0,1.0,0.0,0,0.0
28,S1,H3,grapple_skidder,17,1045.106301,24.0,0.0,53.48,0,0,24.0,1.0,0.0,0,0.0
28,S1,H4,processor,17,517.165642,24.0,0.0,54.2,0,0,24.0,1.0,0.0,0,0.0
28,S1,H7,loader,17,802.411354,24.0,0.0,53.24,0,0,24.0,1.0,0.0,0,0.0
28,S1,H8,loader,17,474.741639,24.0,0.0,53.48,0,0,24.0,1.0,0.0,0,0.0
28,S1,H9,loader,17,451.958924,24.0,0.0,55.4,0,0,24.0,1.0,0.0,0,0.0
29,S1,H3,grapple_skidder,17,517.7342967999999,24.0,0.0,54.2,0,0,24.0,1.0,0.0,0,0.3
29,S1,H4,processor,17,301.63516739999994,24.0,0.0,53.48,0,0,24.0,1.0,0.0,0,0.3
29,S1,H5,processor,17,356.5049796454423,24.0,0.0,0.0,1,0,24.0,1.0,0.0,0,0.3
29,S1,H7,loader,17,459.63122254048386,22.926380572114702,1.0736194278852977,53.48,0,0,24.0,0.955265857171446,1.0736194278852982,1,0.3
29,S1,H8,loader,17,332.3191473,24.0,0.0,0.0,0,0,24.0,1.0,0.0,0,0.3
30,S1,H3,grapple_skidder,17,1480.641393,24.0,0.0,55.4,0,0,24.0,1.0,0.0,0,0.0
30,S1,H4,processor,17,137.89529130609958,24.0,0.0,53.48,1,0,24.0,1.0,0.0,0,0.0
30,S1,H5,processor,17,481.329283,24.0,0.0,55.16,0,0,24.0,1.0,0.0,0,0.0
30,S1,H6,processor,17,365.93198564194955,20.381102812963157,3.6188971870368434,53.72,0,0,24.0,0.8492126172067982,3.6188971870368434,1,0.0
30,S1,H7,loader,17,802.411354,24.0,0.0,53.48,0,0,24.0,1.0,0.0,0,0.0
30,S1,H8,loader,17,474.741639,24.0,0.0,0.0,0,0,24.0,1.0,0.0,0,0.0
31,S1,H3,grapple_skidder,17,313.6711993562378,24.0,0.0,53.24,1,0,24.0,1.0,0.0,0,0.0
31,S1,H4,processor,17,569.826226,24.0,0.0,53.72,0,0,24.0,1.0,0.0,0,0.0
31,S1,H5,processor,17,474.3479386999998,24.0,0.0,0.0,1,0,24.0,1.0,0.0,0,0.0
31,S1,H6,processor,17,183.29153700000006,24.0,0.0,0.0,0,0,24.0,1.0,0.0,0,0.0
31,S1,H7,loader,17,687.364703,24.0,0.0,53.48,0,0,24.0,1.0,0.0,0,0.0
31,S1,H8,loader,17,474.741639,24.0,0.0,0.0,0,0,24.0,1.0,0.0,0,0.0
32,S1,H3,grapple_skidder,17,778.104169,24.0,0.0,54.68,0,0,24.0,1.0,0.0,0,0.0
32,S1,H4,processor,17,569.826226,24.0,0.0,0.0,0,0,24.0,1.0,0.0,0,0.0
32,S1,H5,processor,17,313.6711993562378,24.0,0.0,55.16,1,0,24.0,1.0,0.0,0,0.0
32,S1,H7,loader,17,7.131940999999415,24.0,0.0,0.0,0,0,24.0,1.0,0.0,0,0.0
32,S1,H8,loader,17,558.398094,24.0,0.0,53.72,0,0,24.0,1.0,0.0,0,0.0
32,S1,H9,loader,17,451.958924,24.0,0.0,0.0,0,0,24.0,1.0,0.0,0,0.0
33,S1,H3,grapple_skidder,17,576.960683,24.0,0.0,53.48,0,0,24.0,1.0,0.0,0,0.0
33,S1,H4,processor,17,0.0,24.0,0.0,53.24,1,0,24.0,1.0,0.0,0,0.0
33,S1,H5,processor,17,469.046841,24.0,0.0,54.68,0,0,24.0,1.0,0.0,0,0.0
33,S1,H7,loader,17,937.184825,24.0,0.0,53.72,0,0,24.0,1.0,0.0,0,0.0
33,S1,H8,loader,17,292.46059604194954,24.0,0.0,0.0,1,0,24.0,1.0,0.0,0,0.0
33,S1,H9,loader,17,451.958924,24.0,0.0,0.0,0,0,24.0,1.0,0.0,0,0.0
34,S1,H1,feller_buncher,17,98.38538570000019,24.0,0.0,0.0,0,0,24.0,1.0,0.0,0,0.3
34,S1,H3,grapple_skidder,17,290.15515059999984,24.0,0.0,53.72,0,0,24.0,1.0,0.0,0,0.3
34,S1,H4,processor,17,300.12591349999997,24.0,0.0,54.2,0,0,24.0,1.0,0.0,0,0.3
34,S1,H5,processor,17,328.3327887,24.0,0.0,0.0,0,0,24.0,1.0,0.0,0,0.3
34,S1,H7,loader,17,561.6879478,24.0,0.0,53.24,0,0,24.0,1.0,0.0,0,0.3
35,S1,H3,grapple_skidder,17,435.29690669999974,24.0,0.0,55.16,1,0,24.0,1.0,0.0,0,0.0
35,S1,H4,processor,17,148.20937800000002,24.0,0.0,0.0,0,0,24.0,1.0,0.0,0,0.0
35,S1,H5,processor,17,297.6060042366967,24.0,0.0,53.24,0,0,24.0,1.0,0.0,0,0.0
35,S1,H7,loader,17,59.99405794198469,24.0,0.0,0.0,1,0,24.0,1.0,0.0,0,0.0
35,S1,H8,loader,17,474.741639,24.0,0.0,53.72,0,0,24.0,1.0,0.0,0,0.0
36,S1,H3,grapple_skidder,17,855.829418,24.0,0.0,54.68,0,0,24.0,1.0,0.0,0,0.0
36,S1,H4,processor,17,569.826226,24.0,0.0,54.44,0,0,24.0,1.0,0.0,0,0.0
36,S1,H5,processor,17,395.15367800000007,24.0,0.0,0.0,0,0,24.0,1.0,0.0,0,0.0
36,S1,H7,loader,17,448.3352915,24.0,0.0,54.2,1,0,24.0,1.0,0.0,0,0.0
36,S1,H8,loader,17,474.741639,24.0,0.0,0.0,0,0,24.0,1.0,0.0,0,0.0
37,S1,H3,grapple_skidder,17,273.35651310000037,24.0,0.0,53.72,1,0,24.0,1.0,0.0,0,0.0
37,S1,H4,processor,17,318.61127769999996,24.0,0.0,0.0,1,0,24.0,1.0,0.0,0,0.0
37,S1,H5,processor,17,395.784917,24.0,0.0,53.48,0,0,24.0,1.0,0.0,0,0.0
37,S1,H7,loader,17,0.0,24.0,0.0,0.0,1,0,24.0,1.0,0.0,0,0.0
37,S1,H8,loader,17,424.433991,24.0,0.0,53.24,0,0,24.0,1.0,0.0,0,0.0
38,S1,H3,grapple_skidder,17,696.9476882412623,24.0,0.0,53.48,1,0,24.0,1.0,0.0,0,0.0
38,S1,H4,processor,17,273.35651310000037,24.0,0.0,55.4,1,0,24.0,1.0,0.0,0,0.0
38,S1,H5,processor,17,395.784917,24.0,0.0,0.0,0,0,24.0,1.0,0.0,0,0.0
38,S1,H7,loader,17,544.2626819954036,24.0,0.0,54.44,0,0,24.0,1.0,0.0,0,0.0
38,S1,H8,loader,17,424.433991,24.0,0.0,0.0,0,0,24.0,1.0,0.0,0,0.0
39,S1,H3,grapple_skidder,17,678.968019,24.0,0.0,53.72,0,0,24.0,1.0,0.0,0,0.0
39,S1,H4,processor,17,469.046841,24.0,0.0,53.48,0,0,24.0,1.0,0.0,0,0.0
39,S1,H5,processor,17,195.88960400000013,24.0,0.0,0.0,0,0,24.0,1.0,0.0,0,0.0
39,S1,H7,loader,17,233.462125999999,24.0,0.0,0.0,0,0,24.0,1.0,0.0,0,0.0
39,S1,H8,loader,17,125.64719537786323,24.0,0.0,0.0,1,0,24.0,1.0,0.0,0,0.0
39,S1,H9,loader,17,451.958924,24.0,0.0,0.0,0,0,24.0,1.0,0.0,0,0.0
40,S1,H4,processor,17,547.23705,24.0,0.0,53.72,0,0,24.0,1.0,0.0,0,0.0
40,S1,H7,loader,17,474.741639,24.0,0.0,54.92,0,0,24.0,1.0,0.0,0,0.0
40,S1,H8,loader,17,456.725789,24.0,0.0,53.48,0,0,24.0,1.0,0.0,0,0.0
40,S1,H9,loader,17,44.2942091657045,24.0,0.0,0.0,1,0,24.0,1.0,0.0,0,0.0
41,S1,H4,processor,17,469.046841,24.0,0.0,53.72,0,0,24.0,1.0,0.0,0,0.0
41,S1,H7,loader,17,376.20497729227475,18.58347342211431,5.416526577885691,53.72,0,0,24.0,0.7743113925880962,5.416526577885692,1,0.0
41,S1,H8,loader,17,377.75242896072785,19.85011250384521,4.14988749615479,0.0,0,0,24.0,0.8270880209935504,4.149887496154792,1,0.0
42,S1,H3,grapple_skidder,17,678.968019,24.0,0.0,0.0,0,0,24.0,1.0,0.0,0,0.0
42,S1,H7,loader,17,474.741639,24.0,0.0,53.72,0,0,24.0,1.0,0.0,0,0.0
42,S1,H8,loader,17,313.51258146706056,24.0,0.0,0.0,1,0,24.0,1.0,0.0,0,0.0
1,S1,H1,feller_buncher,18,1220.906942,24.0,0.0,0.0,0,0,24.0,1.0,0.0,0,0.0
1,S1,H2,feller_buncher,18,1299.478592,24.0,0.0,0.0,0,0,24.0,1.0,0.0,0,0.0
2,S1,H1,feller_buncher,18,748.4109146115239,21.01700129958047,2.982998700419529,0.0,0,0,24.0,0.8757083874825197,2.9829987004195306,1,0.3
2,S1,H2,feller_buncher,18,814.8346919999999,24.0,0.0,53.72,0,0,24.0,1.0,0.0,0,0.3
2,S1,H3,grapple_skidder,18,475.2776133,24.0,0.0,0.0,0,0,24.0,1.0,0.0,0,0.3
3,S1,H1,feller_buncher,18,1176.844281,24.0,0.0,53.48,0,0,24.0,1.0,0.0,0,0.0
3,S1,H2,feller_buncher,18,888.796776,24.0,0.0,53.24,0,0,24.0,1.0,0.0,0,0.0
3,S1,H3,grapple_skidder,18,778.104169,24.0,0.0,53.72,0,0,24.0,1.0,0.0,0,0.0
3,S1,H4,processor,18,475.2776133,24.0,0.0,0.0,1,0,24.0,1.0,0.0,0,0.0
4,S1,H1,feller_buncher,18,1176.844281,24.0,0.0,0.0,0,0,24.0,1.0,0.0,0,0.0
4,S1,H2,feller_buncher,18,888.796776,24.0,0.0,0.0,0,0,24.0,1.0,0.0,0,0.0
4,S1,H3,grapple_skidder,18,1332.369187,24.0,0.0,54.68,0,0,24.0,1.0,0.0,0,0.0
4,S1,H4,processor,18,469.046841,24.0,0.0,53.72,0,0,24.0,1.0,0.0,0,0.0
4,S1,H7,loader,18,475.2776133,24.0,0.0,0.0,1,0,24.0,1.0,0.0,0,0.0
5,S1,H1,feller_buncher,18,814.8346919999999,24.0,0.0,54.2,0,0,24.0,1.0,0.0,0,0.3
5,S1,H2,feller_buncher,18,673.0877349,24.0,0.0,53.24,0,0,24.0,1.0,0.0,0,0.3
5,S1,H3,grapple_skidder,18,815.3097511999999,24.0,0.0,53.48,0,0,24.0,1.0,0.0,0,0.3
5,S1,H4,processor,18,372.3271531,24.0,0.0,54.68,0,0,24.0,1.0,0.0,0,0.3
6,S1,H1,feller_buncher,18,256.1621419999998,24.0,0.0,53.24,0,0,24.0,1.0,0.0,0,0.0
6,S1,H2,feller_buncher,18,961.553907,24.0,0.0,0.0,0,0,24.0,1.0,0.0,0,0.0
6,S1,H3,grapple_skidder,18,1164.728216,24.0,0.0,0.0,0,0,24.0,1.0,0.0,0,0.0
6,S1,H4,processor,18,531.895933,24.0,0.0,0.0,0,0,24.0,1.0,0.0,0,0.0
7,S1,H1,feller_buncher,18,1164.04956,24.0,0.0,53.24,0,0,24.0,1.0,0.0,0,0.0
7,S1,H2,feller_buncher,18,961.553907,24.0,0.0,0.0,0,0,24.0,1.0,0.0,0,0.0
7,S1,H3,grapple_skidder,18,809.624168,24.0,0.0,54.44,0,0,24.0,1.0,0.0,0,0.0
7,S1,H4,processor,18,517.165642,24.0,0.0,53.48,0,0,24.0,1.0,0.0,0,0.0
7,S1,H7,loader,18,802.411354,24.0,0.0,55.4,0,0,24.0,1.0,0.0,0,0.0
8,S1,H1,feller_buncher,18,860.013242,24.0,0.0,53.24,0,0,24.0,1.0,0.0,0,0.0
8,S1,H2,feller_buncher,18,413.7565330000002,24.0,0.0,0.0,0,0,24.0,1.0,0.0,0,0.0
8,S1,H3,grapple_skidder,18,637.4037229826173,19.660207413157835,4.339792586842165,53.24,0,0,24.0,0.8191753088815764,4.339792586842166,1,0.0
8,S1,H4,processor,18,517.165642,24.0,0.0,0.0,0,0,24.0,1.0,0.0,0,0.0
8,S1,H5,processor,18,409.650504,24.0,0.0,0.0,0,0,24.0,1.0,0.0,0,0.0
9,S1,H1,feller_buncher,18,1299.478592,24.0,0.0,53.96,0,0,24.0,1.0,0.0,0,0.0
9,S1,H2,feller_buncher,18,1220.906942,24.0,0.0,55.16,0,0,24.0,1.0,0.0,0,0.0
9,S1,H3,grapple_skidder,18,778.104169,24.0,0.0,0.0,0,0,24.0,1.0,0.0,0,0.0
9,S1,H7,loader,18,687.364703,24.0,0.0,53.48,0,0,24.0,1.0,0.0,0,0.0
10,S1,H1,feller_buncher,18,1137.1842158683032,21.002593924101582,2.997406075898418,0.0,0,0,24.0,0.8751080801708992,2.997406075898417,1,0.0
10,S1,H2,feller_buncher,18,860.013242,24.0,0.0,54.44,0,0,24.0,1.0,0.0,0,0.0
10,S1,H3,grapple_skidder,18,739.620424,24.0,0.0,53.48,0,0,24.0,1.0,0.0,0,0.0
10,S1,H4,processor,18,517.165642,24.0,0.0,0.0,0,0,24.0,1.0,0.0,0,0.0
10,S1,H5,processor,18,469.046841,24.0,0.0,53.24,0,0,24.0,1.0,0.0,0,0.0
11,S1,H1,feller_buncher,18,1299.478592,24.0,0.0,0.0,0,0,24.0,1.0,0.0,0,0.0
11,S1,H2,feller_buncher,18,59.00278800000001,24.0,0.0,0.0,0,0,24.0,1.0,0.0,0,0.0
11,S1,H3,grapple_skidder,18,600.1068830173824,24.0,0.0,53.48,1,0,24.0,1.0,0.0,0,0.0
11,S1,H4,processor,18,481.329283,24.0,0.0,54.68,0,0,24.0,1.0,0.0,0,0.0
11,S1,H7,loader,18,687.364703,24.0,0.0,0.0,0,0,24.0,1.0,0.0,0,0.0
12,S1,H1,feller_buncher,18,356.0085949999998,24.0,0.0,0.0,0,0,24.0,1.0,0.0,0,0.0
12,S1,H2,feller_buncher,18,674.603847,24.0,0.0,53.72,0,0,24.0,1.0,0.0,0,0.0
12,S1,H3,grapple_skidder,18,1332.369187,24.0,0.0,54.68,0,0,24.0,1.0,0.0,0,0.0
12,S1,H4,processor,18,428.5410411999999,24.0,0.0,54.68,1,0,24.0,1.0,0.0,0,0.0
12,S1,H7,loader,18,474.741639,24.0,0.0,54.2,0,0,24.0,1.0,0.0,0,0.0
12,S1,H8,loader,18,451.958924,24.0,0.0,0.0,0,0,24.0,1.0,0.0,0,0.0
13,S1,H1,feller_buncher,18,1074.2573926756393,22.14869393036439,1.8513060696356085,53.72,0,0,24.0,0.9228622470985163,1.8513060696356072,1,0.0
13,S1,H2,feller_buncher,18,1194.708925,24.0,0.0,53.96,0,0,24.0,1.0,0.0,0,0.0
13,S1,H3,grapple_skidder,18,809.624168,24.0,0.0,54.92,0,0,24.0,1.0,0.0,0,0.0
13,S1,H4,processor,18,433.33640441204193,19.552835546665115,4.447164453334885,53.48,0,0,24.0,0.8147014811110465,4.447164453334885,1,0.0
13,S1,H7,loader,18,605.3085612000001,24.0,0.0,54.2,1,0,24.0,1.0,0.0,0,0.0
14,S1,H1,feller_buncher,18,1176.844281,24.0,0.0,54.2,0,0,24.0,1.0,0.0,0,0.0
14,S1,H2,feller_buncher,18,1194.708925,24.0,0.0,0.0,0,0,24.0,1.0,0.0,0,0.0
14,S1,H3,grapple_skidder,18,778.104169,24.0,0.0,53.24,0,0,24.0,1.0,0.0,0,0.0
14,S1,H4,processor,18,531.895933,24.0,0.0,0.0,0,0,24.0,1.0,0.0,0,0.0
14,S1,H5,processor,18,409.650504,24.0,0.0,53.24,0,0,24.0,1.0,0.0,0,0.0
15,S1,H1,feller_buncher,18,1176.844281,24.0,0.0,0.0,0,0,24.0,1.0,0.0,0,0.0
15,S1,H2,feller_buncher,18,1164.04956,24.0,0.0,54.92,0,0,24.0,1.0,0.0,0,0.0
15,S1,H3,grapple_skidder,18,923.199854,24.0,0.0,53.24,0,0,24.0,1.0,0.0,0,0.0
15,S1,H4,processor,18,409.650504,24.0,0.0,54.92,0,0,24.0,1.0,0.0,0,0.0
15,S1,H7,loader,18,802.411354,24.0,0.0,53.48,0,0,24.0,1.0,0.0,0,0.0
16,S1,H1,feller_buncher,18,86.19145606180386,24.0,0.0,0.0,0,0,24.0,1.0,0.0,0,0.0
16,S1,H2,feller_buncher,18,502.7667789999996,24.0,0.0,0.0,0,0,24.0,1.0,0.0,0,0.0
16,S1,H3,grapple_skidder,18,1480.641393,24.0,0.0,54.68,0,0,24.0,1.0,0.0,0,0.0
16,S1,H4,processor,18,531.895933,24.0,0.0,54.92,0,0,24.0,1.0,0.0,0,0.0
16,S1,H5,processor,18,395.784917,24.0,0.0,53.48,0,0,24.0,1.0,0.0,0,0.0
16,S1,H7,loader,18,424.433991,24.0,0.0,54.92,0,0,24.0,1.0,0.0,0,0.0
17,S1,H1,feller_buncher,18,576.960683,24.0,0.0,53.72,0,0,24.0,1.0,0.0,0,0.0
17,S1,H2,feller_buncher,18,787.363583,24.0,0.0,54.44,0,0,24.0,1.0,0.0,0,0.0
17,S1,H3,grapple_skidder,18,674.603847,24.0,0.0,53.96,0,0,24.0,1.0,0.0,0,0.0
17,S1,H4,processor,18,569.826226,24.0,0.0,53.24,0,0,24.0,1.0,0.0,0,0.0
17,S1,H5,processor,18,395.784917,24.0,0.0,0.0,0,0,24.0,1.0,0.0,0,0.0
17,S1,H6,processor,18,469.046841,24.0,0.0,0.0,0,0,24.0,1.0,0.0,0,0.0
17,S1,H7,loader,18,424.433991,24.0,0.0,0.0,0,0,24.0,1.0,0.0,0,0.0
17,S1,H8,loader,18,796.528648512042,24.0,0.0,55.16,1,0,24.0,1.0,0.0,0,0.0
18,S1,H1,feller_buncher,18,1220.906942,24.0,0.0,54.2,0,0,24.0,1.0,0.0,0,0.0
18,S1,H2,feller_buncher,18,199.58211338817196,24.0,0.0,0.0,0,0,24.0,1.0,0.0,0,0.0
18,S1,H3,grapple_skidder,18,1164.728216,24.0,0.0,53.24,0,0,24.0,1.0,0.0,0,0.0
18,S1,H4,processor,18,569.826226,24.0,0.0,0.0,0,0,24.0,1.0,0.0,0,0.0
18,S1,H5,processor,18,339.7031568217786,17.875885861097174,6.124114138902826,53.72,0,0,24.0,0.7448285775457156,6.124114138902825,1,0.0
18,S1,H7,loader,18,474.741639,24.0,0.0,53.24,0,0,24.0,1.0,0.0,0,0.0
18,S1,H8,loader,18,456.725789,24.0,0.0,54.44,0,0,24.0,1.0,0.0,0,0.0
19,S1,H1,feller_buncher,18,1013.0077249999999,24.0,0.0,0.0,0,0,24.0,1.0,0.0,0,0.0
19,S1,H2,feller_buncher,18,680.207863,24.0,0.0,53.72,0,0,24.0,1.0,0.0,0,0.0
19,S1,H3,grapple_skidder,18,986.9456963881719,24.0,0.0,53.24,1,0,24.0,1.0,0.0,0,0.0
19,S1,H4,processor,18,517.165642,24.0,0.0,53.72,0,0,24.0,1.0,0.0,0,0.0
19,S1,H5,processor,18,218.52151199999997,24.0,0.0,0.0,0,0,24.0,1.0,0.0,0,0.0
19,S1,H6,processor,18,340.51190176016695,24.0,0.0,0.0,0,0,24.0,1.0,0.0,0,0.0
19,S1,H7,loader,18,937.184825,24.0,0.0,54.92,0,0,24.0,1.0,0.0,0,0.0
20,S1,H1,feller_buncher,18,836.2962474999999,24.0,0.0,53.24,0,0,24.0,1.0,0.0,0,0.3
20,S1,H2,feller_buncher,18,255.42890660000003,24.0,0.0,0.0,0,0,24.0,1.0,0.0,0,0.3
20,S1,H3,grapple_skidder,18,932.6584309,24.0,0.0,53.24,0,0,24.0,1.0,0.0,0,0.3
20,S1,H4,processor,18,362.0159494,24.0,0.0,0.0,0,0,24.0,1.0,0.0,0,0.3
20,S1,H5,processor,18,239.68638096352328,17.52025183321132,6.479748166788681,53.96,0,0,24.0,0.7300104930504716,6.479748166788683,1,0.3
20,S1,H6,processor,18,308.8854237,24.0,0.0,54.44,0,0,24.0,1.0,0.0,0,0.3
20,S1,H7,loader,18,472.22269289999997,24.0,0.0,53.96,0,0,24.0,1.0,0.0,0,0.3
21,S1,H3,grapple_skidder,18,739.620424,24.0,0.0,55.16,0,0,24.0,1.0,0.0,0,0.0
21,S1,H4,processor,18,531.895933,24.0,0.0,53.48,0,0,24.0,1.0,0.0,0,0.0
21,S1,H5,processor,18,378.87851876021637,19.386303574412505,4.613696425587495,0.0,0,0,24.0,0.8077626489338544,4.613696425587496,1,0.0
21,S1,H6,processor,18,441.264891,24.0,0.0,0.0,0,0,24.0,1.0,0.0,0,0.0
21,S1,H7,loader,18,687.364703,24.0,0.0,53.24,0,0,24.0,1.0,0.0,0,0.0
22,S1,H3,grapple_skidder,18,1480.641393,24.0,0.0,55.4,0,0,24.0,1.0,0.0,0,0.0
22,S1,H4,processor,18,531.895933,24.0,0.0,0.0,0,0,24.0,1.0,0.0,0,0.0
22,S1,H5,processor,18,481.329283,24.0,0.0,53.48,0,0,24.0,1.0,0.0,0,0.0
22,S1,H6,processor,18,469.046841,24.0,0.0,54.44,0,0,24.0,1.0,0.0,0,0.0
22,S1,H7,loader,18,733.483855,24.0,0.0,53.24,0,0,24.0,1.0,0.0,0,0.0
23,S1,H3,grapple_skidder,18,1164.728216,24.0,0.0,53.72,0,0,24.0,1.0,0.0,0,0.0
23,S1,H4,processor,18,569.826226,24.0,0.0,53.24,0,0,24.0,1.0,0.0,0,0.0
23,S1,H5,processor,18,481.329283,24.0,0.0,0.0,0,0,24.0,1.0,0.0,0,0.0
23,S1,H6,processor,18,469.046841,24.0,0.0,0.0,0,0,24.0,1.0,0.0,0,0.0
23,S1,H7,loader,18,684.7780780329228,20.481606835276846,3.518393164723154,53.24,0,0,24.0,0.853400284803202,3.5183931647231526,1,0.0
24,S1,H3,grapple_skidder,18,739.620424,24.0,0.0,54.68,0,0,24.0,1.0,0.0,0,0.0
24,S1,H4,processor,18,569.826226,24.0,0.0,0.0,0,0,24.0,1.0,0.0,0,0.0
24,S1,H5,processor,18,483.06369301276044,22.417437839589216,1.5825621604107845,54.68,0,0,24.0,0.934059909982884,1.5825621604107845,1,0.0
24,S1,H6,processor,18,236.79538168817186,24.0,0.0,54.44,1,0,24.0,1.0,0.0,0,0.0
24,S1,H7,loader,18,474.741639,24.0,0.0,54.68,0,0,24.0,1.0,0.0,0,0.0
25,S1,H3,grapple_skidder,18,1332.369187,24.0,0.0,55.16,0,0,24.0,1.0,0.0,0,0.0
25,S1,H4,processor,18,481.329283,24.0,0.0,55.4,0,0,24.0,1.0,0.0,0,0.0
25,S1,H5,processor,18,517.165642,24.0,0.0,0.0,0,0,24.0,1.0,0.0,0,0.0
25,S1,H7,loader,18,474.741639,24.0,0.0,0.0,0,0,24.0,1.0,0.0,0,0.0
25,S1,H8,loader,18,253.46184138817188,24.0,0.0,54.2,1,0,24.0,1.0,0.0,0,0.0
25,S1,H9,loader,18,937.184825,24.0,0.0,0.0,0,0,24.0,1.0,0.0,0,0.0
26,S1,H3,grapple_skidder,18,778.104169,24.0,0.0,54.68,0,0,24.0,1.0,0.0,0,0.0
26,S1,H4,processor,18,569.826226,24.0,0.0,55.4,0,0,24.0,1.0,0.0,0,0.0
26,S1,H5,processor,18,531.895933,24.0,0.0,53.48,0,0,24.0,1.0,0.0,0,0.0
26,S1,H7,loader,18,687.364703,24.0,0.0,54.2,0,0,24.0,1.0,0.0,0,0.0
26,S1,H8,loader,18,451.958924,24.0,0.0,54.92,0,0,24.0,1.0,0.0,0,0.0
27,S1,H3,grapple_skidder,18,159.77199800000017,24.0,0.0,54.2,0,0,24.0,1.0,0.0,0,0.0
27,S1,H4,processor,18,469.046841,24.0,0.0,54.92,0,0,24.0,1.0,0.0,0,0.0
27,S1,H5,processor,18,531.895933,24.0,0.0,0.0,0,0,24.0,1.0,0.0,0,0.0
27,S1,H7,loader,18,937.184825,24.0,0.0,53.72,0,0,24.0,1.0,0.0,0,0.0
27,S1,H8,loader,18,451.958924,24.0,0.0,0.0,0,0,24.0,1.0,0.0,0,0.0
28,S1,H1,feller_buncher,18,1194.708925,24.0,0.0,0.0,0,0,24.0,1.0,0.0,0,0.0
28,S1,H3,grapple_skidder,18,935.6367696,24.0,0.0,53.48,1,0,24.0,1.0,0.0,0,0.0
28,S1,H4,processor,18,517.165642,24.0,0.0,54.2,0,0,24.0,1.0,0.0,0,0.0
28,S1,H7,loader,18,802.411354,24.0,0.0,53.24,0,0,24.0,1.0,0.0,0,0.0
28,S1,H8,loader,18,444.4520253682025,22.468744539252135,1.5312554607478646,53.48,0,0,24.0,0.9361976891355056,1.5312554607478628,1,0.0
28,S1,H9,loader,18,451.958924,24.0,0.0,55.4,0,0,24.0,1.0,0.0,0,0.0
29,S1,H3,grapple_skidder,18,739.620424,24.0,0.0,54.2,0,0,24.0,1.0,0.0,0,0.0
29,S1,H4,processor,18,430.907382,24.0,0.0,53.48,0,0,24.0,1.0,0.0,0,0.0
29,S1,H5,processor,18,400.83090338795796,24.0,0.0,0.0,1,0,24.0,1.0,0.0,0,0.0
29,S1,H7,loader,18,687.364703,24.0,0.0,53.48,0,0,24.0,1.0,0.0,0,0.0
29,S1,H8,loader,18,474.741639,24.0,0.0,0.0,0,0,24.0,1.0,0.0,0,0.0
30,S1,H3,grapple_skidder,18,1459.1402364999994,24.0,0.0,55.4,1,0,24.0,1.0,0.0,0,0.0
30,S1,H4,processor,18,92.65186158723941,24.0,0.0,53.48,1,0,24.0,1.0,0.0,0,0.0
30,S1,H5,processor,18,481.329283,24.0,0.0,55.16,0,0,24.0,1.0,0.0,0,0.0
30,S1,H6,processor,18,430.907382,24.0,0.0,53.72,0,0,24.0,1.0,0.0,0,0.0
30,S1,H7,loader,18,802.411354,24.0,0.0,53.48,0,0,24.0,1.0,0.0,0,0.0
30,S1,H8,loader,18,474.741639,24.0,0.0,0.0,0,0,24.0,1.0,0.0,0,0.0
31,S1,H3,grapple_skidder,18,494.37347371152396,24.0,0.0,53.24,1,0,24.0,1.0,0.0,0,0.0
31,S1,H4,processor,18,569.826226,24.0,0.0,53.72,0,0,24.0,1.0,0.0,0,0.0
31,S1,H5,processor,18,481.329283,24.0,0.0,0.0,0,0,24.0,1.0,0.0,0,0.0
31,S1,H6,processor,18,73.82200560000001,24.0,0.0,0.0,1,0,24.0,1.0,0.0,0,0.0
31,S1,H7,loader,18,427.13432100000034,24.0,0.0,53.48,1,0,24.0,1.0,0.0,0,0.0
31,S1,H8,loader,18,474.741639,24.0,0.0,0.0,0,0,24.0,1.0,0.0,0,0.0
32,S1,H3,grapple_skidder,18,778.104169,24.0,0.0,54.68,0,0,24.0,1.0,0.0,0,0.0
32,S1,H4,processor,18,430.6620143984074,18.138667323398657,5.861332676601343,0.0,0,0,24.0,0.7557778051416107,5.861332676601344,1,0.0
32,S1,H5,processor,18,494.37347371152396,24.0,0.0,55.16,1,0,24.0,1.0,0.0,0,0.0
32,S1,H7,loader,18,0.0,24.0,0.0,0.0,1,0,24.0,1.0,0.0,0,0.0
32,S1,H8,loader,18,558.398094,24.0,0.0,53.72,0,0,24.0,1.0,0.0,0,0.0
32,S1,H9,loader,18,451.958924,24.0,0.0,0.0,0,0,24.0,1.0,0.0,0,0.0
33,S1,H3,grapple_skidder,18,218.01383050447077,24.0,0.0,53.48,0,0,24.0,1.0,0.0,0,0.3
33,S1,H4,processor,18,0.0,24.0,0.0,53.24,1,0,24.0,1.0,0.0,0,0.3
33,S1,H5,processor,18,328.3327887,24.0,0.0,54.68,0,0,24.0,1.0,0.0,0,0.3
33,S1,H7,loader,18,656.0293775,24.0,0.0,53.72,0,0,24.0,1.0,0.0,0,0.3
33,S1,H8,loader,18,340.69574489999997,24.0,0.0,0.0,0,0,24.0,1.0,0.0,0,0.3
33,S1,H9,loader,18,316.3712468,24.0,0.0,0.0,0,0,24.0,1.0,0.0,0,0.3
34,S1,H1,feller_buncher,18,140.55055100000027,24.0,0.0,0.0,0,0,24.0,1.0,0.0,0,0.0
34,S1,H3,grapple_skidder,18,414.50735799999984,24.0,0.0,53.72,0,0,24.0,1.0,0.0,0,0.0
34,S1,H4,processor,18,218.01383050447077,24.0,0.0,54.2,1,0,24.0,1.0,0.0,0,0.0
34,S1,H5,processor,18,469.046841,24.0,0.0,0.0,0,0,24.0,1.0,0.0,0,0.0
34,S1,H7,loader,18,733.1873230665593,24.0,0.0,53.24,1,0,24.0,1.0,0.0,0,0.0
35,S1,H3,grapple_skidder,18,140.55055100000027,24.0,0.0,55.16,1,0,24.0,1.0,0.0,0,0.0
35,S1,H4,processor,18,0.0,24.0,0.0,0.0,1,0,24.0,1.0,0.0,0,0.0
35,S1,H5,processor,18,409.650504,24.0,0.0,53.24,0,0,24.0,1.0,0.0,0,0.0
35,S1,H7,loader,18,0.0,24.0,0.0,0.0,1,0,24.0,1.0,0.0,0,0.0
35,S1,H8,loader,18,474.741639,24.0,0.0,53.72,0,0,24.0,1.0,0.0,0,0.0
36,S1,H3,grapple_skidder,18,855.829418,24.0,0.0,54.68,0,0,24.0,1.0,0.0,0,0.0
36,S1,H4,processor,18,310.4054177903063,24.0,0.0,54.44,0,0,24.0,1.0,0.0,0,0.0
36,S1,H5,processor,18,395.15367800000007,24.0,0.0,0.0,0,0,24.0,1.0,0.0,0,0.0
36,S1,H7,loader,18,218.01383050447077,24.0,0.0,54.2,1,0,24.0,1.0,0.0,0,0.0
36,S1,H8,loader,18,328.3523398157034,24.0,0.0,0.0,1,0,24.0,1.0,0.0,0,0.0
37,S1,H3,grapple_skidder,18,51.47038590000034,20.450615986274478,3.549384013725522,53.72,1,0,24.0,0.8521089994281033,3.54938401372552,1,0.0
37,S1,H4,processor,18,360.77644299999906,24.0,0.0,0.0,0,0,24.0,1.0,0.0,0,0.0
37,S1,H5,processor,18,395.784917,24.0,0.0,53.48,0,0,24.0,1.0,0.0,0,0.0
37,S1,H7,loader,18,0.0,24.0,0.0,0.0,1,0,24.0,1.0,0.0,0,0.0
37,S1,H8,loader,18,424.433991,24.0,0.0,53.24,0,0,24.0,1.0,0.0,0,0.0
38,S1,H3,grapple_skidder,18,406.7612246756389,24.0,0.0,53.48,1,0,24.0,1.0,0.0,0,0.0
38,S1,H4,processor,18,121.97638390000003,24.0,0.0,55.4,1,0,24.0,1.0,0.0,0,0.0
38,S1,H5,processor,18,395.784917,24.0,0.0,0.0,0,0,24.0,1.0,0.0,0,0.0
38,S1,H7,loader,18,937.184825,24.0,0.0,54.44,0,0,24.0,1.0,0.0,0,0.0
38,S1,H8,loader,18,424.433991,24.0,0.0,0.0,0,0,24.0,1.0,0.0,0,0.0
39,S1,H3,grapple_skidder,18,678.968019,24.0,0.0,53.72,0,0,24.0,1.0,0.0,0,0.0
39,S1,H4,processor,18,469.046841,24.0,0.0,53.48,0,0,24.0,1.0,0.0,0,0.0
39,S1,H5,processor,18,120.80613127101822,24.0,0.0,0.0,0,0,24.0,1.0,0.0,0,0.0
39,S1,H7,loader,18,116.0325536887126,24.0,0.0,0.0,1,0,24.0,1.0,0.0,0,0.0
39,S1,H8,loader,18,336.0197300000002,24.0,0.0,0.0,0,0,24.0,1.0,0.0,0,0.0
39,S1,H9,loader,18,433.7862150999999,24.0,0.0,0.0,1,0,24.0,1.0,0.0,0,0.0
40,S1,H4,processor,18,547.23705,24.0,0.0,53.72,0,0,24.0,1.0,0.0,0,0.0
40,S1,H7,loader,18,469.046841,24.0,0.0,54.92,1,0,24.0,1.0,0.0,0,0.0
40,S1,H8,loader,18,456.725789,24.0,0.0,53.48,0,0,24.0,1.0,0.0,0,0.0
40,S1,H9,loader,18,0.0,24.0,0.0,0.0,1,0,24.0,1.0,0.0,0,0.0
41,S1,H4,processor,18,328.3327887,24.0,0.0,53.72,0,0,24.0,1.0,0.0,0,0.3
41,S1,H7,loader,18,340.1002318,24.0,0.0,53.72,0,0,24.0,1.0,0.0,0,0.3
41,S1,H8,loader,18,319.7080523,24.0,0.0,0.0,0,0,24.0,1.0,0.0,0,0.3
42,S1,H3,grapple_skidder,18,678.968019,24.0,0.0,0.0,0,0,24.0,1.0,0.0,0,0.0
42,S1,H7,loader,18,328.3327887,24.0,0.0,53.72,1,0,24.0,1.0,0.0,0,0.0
42,S1,H8,loader,18,408.8519049999998,24.0,0.0,0.0,0,0,24.0,1.0,0.0,0,0.0
1,S1,H1,feller_buncher,19,723.6687843157893,20.32218863126208,3.6778113687379204,0.0,0,0,24.0,0.84675785963592,3.677811368737922,1,0.3
1,S1,H2,feller_buncher,19,909.6350143999999,24.0,0.0,0.0,0,0,24.0,1.0,0.0,0,0.3
2,S1,H1,feller_buncher,19,1220.906942,24.0,0.0,0.0,0,0,24.0,1.0,0.0,0,0.0
2,S1,H2,feller_buncher,19,1164.04956,24.0,0.0,53.72,0,0,24.0,1.0,0.0,0,0.0
2,S1,H3,grapple_skidder,19,678.968019,24.0,0.0,0.0,0,0,24.0,1.0,0.0,0,0.0
3,S1,H1,feller_buncher,19,1176.844281,24.0,0.0,53.48,0,0,24.0,1.0,0.0,0,0.0
3,S1,H2,feller_buncher,19,888.796776,24.0,0.0,53.24,0,0,24.0,1.0,0.0,0,0.0
3,S1,H3,grapple_skidder,19,778.104169,24.0,0.0,53.72,0,0,24.0,1.0,0.0,0,0.0
3,S1,H4,processor,19,547.23705,24.0,0.0,0.0,0,0,24.0,1.0,0.0,0,0.0
4,S1,H1,feller_buncher,19,823.7909966999999,24.0,0.0,0.0,0,0,24.0,1.0,0.0,0,0.3
4,S1,H2,feller_buncher,19,622.1577432,24.0,0.0,0.0,0,0,24.0,1.0,0.0,0,0.3
4,S1,H3,grapple_skidder,19,932.6584309,24.0,0.0,54.68,0,0,24.0,1.0,0.0,0,0.3
4,S1,H4,processor,19,186.05861942258937,24.0,0.0,53.72,0,0,24.0,1.0,0.0,0,0.3
4,S1,H7,loader,19,340.1002318,24.0,0.0,0.0,0,0,24.0,1.0,0.0,0,0.3
5,S1,H1,feller_buncher,19,1164.04956,24.0,0.0,54.2,0,0,24.0,1.0,0.0,0,0.0
5,S1,H2,feller_buncher,19,961.553907,24.0,0.0,53.24,0,0,24.0,1.0,0.0,0,0.0
5,S1,H3,grapple_skidder,19,1164.728216,24.0,0.0,53.48,0,0,24.0,1.0,0.0,0,0.0
5,S1,H4,processor,19,531.895933,24.0,0.0,54.68,0,0,24.0,1.0,0.0,0,0.0
6,S1,H1,feller_buncher,19,256.1621419999998,24.0,0.0,53.24,0,0,24.0,1.0,0.0,0,0.0
6,S1,H2,feller_buncher,19,961.553907,24.0,0.0,0.0,0,0,24.0,1.0,0.0,0,0.0
6,S1,H3,grapple_skidder,19,835.9070616999998,24.0,0.0,0.0,1,0,24.0,1.0,0.0,0,0.0
6,S1,H4,processor,19,400.76249789999997,24.0,0.0,0.0,1,0,24.0,1.0,0.0,0,0.0
7,S1,H1,feller_buncher,19,1164.04956,24.0,0.0,53.24,0,0,24.0,1.0,0.0,0,0.0
7,S1,H2,feller_buncher,19,961.553907,24.0,0.0,0.0,0,0,24.0,1.0,0.0,0,0.0
7,S1,H3,grapple_skidder,19,809.624168,24.0,0.0,54.44,0,0,24.0,1.0,0.0,0,0.0
7,S1,H4,processor,19,517.165642,24.0,0.0,53.48,0,0,24.0,1.0,0.0,0,0.0
7,S1,H7,loader,19,802.411354,24.0,0.0,55.4,0,0,24.0,1.0,0.0,0,0.0
8,S1,H1,feller_buncher,19,860.013242,24.0,0.0,53.24,0,0,24.0,1.0,0.0,0,0.0
8,S1,H2,feller_buncher,19,195.75181215033635,24.0,0.0,0.0,0,0,24.0,1.0,0.0,0,0.0
8,S1,H3,grapple_skidder,19,778.104169,24.0,0.0,53.24,0,0,24.0,1.0,0.0,0,0.0
8,S1,H4,processor,19,517.165642,24.0,0.0,0.0,0,0,24.0,1.0,0.0,0,0.0
8,S1,H5,processor,19,409.650504,24.0,0.0,0.0,0,0,24.0,1.0,0.0,0,0.0
9,S1,H1,feller_buncher,19,1299.478592,24.0,0.0,53.96,0,0,24.0,1.0,0.0,0,0.0
9,S1,H2,feller_buncher,19,788.8635845230573,24.0,0.0,55.16,0,0,24.0,1.0,0.0,0,0.0
9,S1,H3,grapple_skidder,19,778.104169,24.0,0.0,0.0,0,0,24.0,1.0,0.0,0,0.0
9,S1,H7,loader,19,687.364703,24.0,0.0,53.48,0,0,24.0,1.0,0.0,0,0.0
10,S1,H1,feller_buncher,19,1299.478592,24.0,0.0,0.0,0,0,24.0,1.0,0.0,0,0.0
10,S1,H2,feller_buncher,19,860.013242,24.0,0.0,54.44,0,0,24.0,1.0,0.0,0,0.0
10,S1,H3,grapple_skidder,19,739.620424,24.0,0.0,53.48,0,0,24.0,1.0,0.0,0,0.0
10,S1,H4,processor,19,359.96511019470705,24.0,0.0,0.0,0,0,24.0,1.0,0.0,0,0.0
10,S1,H5,processor,19,469.046841,24.0,0.0,53.24,0,0,24.0,1.0,0.0,0,0.0
11,S1,H1,feller_buncher,19,1299.478592,24.0,0.0,0.0,0,0,24.0,1.0,0.0,0,0.0
11,S1,H2,feller_buncher,19,59.00278800000001,24.0,0.0,0.0,0,0,24.0,1.0,0.0,0,0.0
11,S1,H3,grapple_skidder,19,778.104169,24.0,0.0,53.48,0,0,24.0,1.0,0.0,0,0.0
11,S1,H4,processor,19,481.329283,24.0,0.0,54.68,0,0,24.0,1.0,0.0,0,0.0
11,S1,H7,loader,19,687.364703,24.0,0.0,0.0,0,0,24.0,1.0,0.0,0,0.0
12,S1,H1,feller_buncher,19,356.0085949999998,24.0,0.0,0.0,0,0,24.0,1.0,0.0,0,0.0
12,S1,H2,feller_buncher,19,674.603847,24.0,0.0,53.72,0,0,24.0,1.0,0.0,0,0.0
12,S1,H3,grapple_skidder,19,1332.369187,24.0,0.0,54.68,0,0,24.0,1.0,0.0,0,0.0
12,S1,H4,processor,19,517.165642,24.0,0.0,54.68,0,0,24.0,1.0,0.0,0,0.0
12,S1,H7,loader,19,474.741639,24.0,0.0,54.2,0,0,24.0,1.0,0.0,0,0.0
12,S1,H8,loader,19,451.958924,24.0,0.0,0.0,0,0,24.0,1.0,0.0,0,0.0
13,S1,H1,feller_buncher,19,1164.04956,24.0,0.0,53.72,0,0,24.0,1.0,0.0,0,0.0
13,S1,H2,feller_buncher,19,1194.708925,24.0,0.0,53.96,0,0,24.0,1.0,0.0,0,0.0
13,S1,H3,grapple_skidder,19,809.624168,24.0,0.0,54.92,0,0,24.0,1.0,0.0,0,0.0
13,S1,H4,processor,19,389.3252890821877,24.0,0.0,53.48,0,0,24.0,1.0,0.0,0,0.0
13,S1,H7,loader,19,536.7326301947072,24.0,0.0,54.2,1,0,24.0,1.0,0.0,0,0.0
14,S1,H1,feller_buncher,19,1176.844281,24.0,0.0,54.2,0,0,24.0,1.0,0.0,0,0.0
14,S1,H2,feller_buncher,19,1194.708925,24.0,0.0,0.0,0,0,24.0,1.0,0.0,0,0.0
14,S1,H3,grapple_skidder,19,778.104169,24.0,0.0,53.24,0,0,24.0,1.0,0.0,0,0.0
14,S1,H4,processor,19,531.895933,24.0,0.0,0.0,0,0,24.0,1.0,0.0,0,0.0
14,S1,H5,processor,19,409.650504,24.0,0.0,53.24,0,0,24.0,1.0,0.0,0,0.0
15,S1,H1,feller_buncher,19,823.7909966999999,24.0,0.0,0.0,0,0,24.0,1.0,0.0,0,0.3
15,S1,H2,feller_buncher,19,814.8346919999999,24.0,0.0,54.92,0,0,24.0,1.0,0.0,0,0.3
15,S1,H3,grapple_skidder,19,330.28357652674464,21.601613556940208,2.398386443059792,53.24,0,0,24.0,0.9000672315391753,2.3983864430597923,1,0.3
15,S1,H4,processor,19,286.75535279999997,24.0,0.0,54.92,0,0,24.0,1.0,0.0,0,0.3
15,S1,H7,loader,19,561.6879478,24.0,0.0,53.48,0,0,24.0,1.0,0.0,0,0.3
16,S1,H1,feller_buncher,19,111.30773800000088,24.0,0.0,0.0,0,0,24.0,1.0,0.0,0,0.0
16,S1,H2,feller_buncher,19,502.7667789999996,24.0,0.0,0.0,0,0,24.0,1.0,0.0,0,0.0
16,S1,H3,grapple_skidder,19,1480.641393,24.0,0.0,54.68,0,0,24.0,1.0,0.0,0,0.0
16,S1,H4,processor,19,411.14796491781226,24.0,0.0,54.92,1,0,24.0,1.0,0.0,0,0.0
16,S1,H5,processor,19,330.28357652674464,24.0,0.0,53.48,1,0,24.0,1.0,0.0,0,0.0
16,S1,H7,loader,19,424.433991,24.0,0.0,54.92,0,0,24.0,1.0,0.0,0,0.0
17,S1,H1,feller_buncher,19,403.87247809999997,24.0,0.0,53.72,0,0,24.0,1.0,0.0,0,0.3
17,S1,H2,feller_buncher,19,551.1545080999999,24.0,0.0,54.44,0,0,24.0,1.0,0.0,0,0.3
17,S1,H3,grapple_skidder,19,472.22269289999997,24.0,0.0,53.96,0,0,24.0,1.0,0.0,0,0.3
17,S1,H4,processor,19,398.8783582,24.0,0.0,53.24,0,0,24.0,1.0,0.0,0,0.3
17,S1,H5,processor,19,0.0,24.0,0.0,0.0,1,0,24.0,1.0,0.0,0,0.3
17,S1,H6,processor,19,328.3327887,24.0,0.0,0.0,0,0,24.0,1.0,0.0,0,0.3
17,S1,H7,loader,19,297.1037937,24.0,0.0,0.0,0,0,24.0,1.0,0.0,0,0.3
17,S1,H8,loader,19,561.6879478,24.0,0.0,55.16,0,0,24.0,1.0,0.0,0,0.3
18,S1,H1,feller_buncher,19,1220.906942,24.0,0.0,54.2,0,0,24.0,1.0,0.0,0,0.0
18,S1,H2,feller_buncher,19,486.3476200000001,24.0,0.0,0.0,0,0,24.0,1.0,0.0,0,0.0
18,S1,H3,grapple_skidder,19,1164.728216,24.0,0.0,53.24,0,0,24.0,1.0,0.0,0,0.0
18,S1,H4,processor,19,569.826226,24.0,0.0,0.0,0,0,24.0,1.0,0.0,0,0.0
18,S1,H5,processor,19,456.082335,24.0,0.0,53.72,0,0,24.0,1.0,0.0,0,0.0
18,S1,H7,loader,19,474.741639,24.0,0.0,53.24,0,0,24.0,1.0,0.0,0,0.0
18,S1,H8,loader,19,281.0770555607215,24.0,0.0,54.44,0,0,24.0,1.0,0.0,0,0.0
19,S1,H1,feller_buncher,19,1013.0077249999999,24.0,0.0,0.0,0,0,24.0,1.0,0.0,0,0.0
19,S1,H2,feller_buncher,19,680.207863,24.0,0.0,53.72,0,0,24.0,1.0,0.0,0,0.0
19,S1,H3,grapple_skidder,19,1037.5021281,24.0,0.0,53.24,1,0,24.0,1.0,0.0,0,0.0
19,S1,H4,processor,19,517.165642,24.0,0.0,53.72,0,0,24.0,1.0,0.0,0,0.0
19,S1,H5,processor,19,16.14035789999997,24.0,0.0,0.0,1,0,24.0,1.0,0.0,0,0.0
19,S1,H6,processor,19,469.046841,24.0,0.0,0.0,0,0,24.0,1.0,0.0,0,0.0
19,S1,H7,loader,19,937.184825,24.0,0.0,54.92,0,0,24.0,1.0,0.0,0,0.0
20,S1,H1,feller_buncher,19,1194.708925,24.0,0.0,53.24,0,0,24.0,1.0,0.0,0,0.0
20,S1,H2,feller_buncher,19,364.89843800000006,24.0,0.0,0.0,0,0,24.0,1.0,0.0,0,0.0
20,S1,H3,grapple_skidder,19,1332.369187,24.0,0.0,53.24,0,0,24.0,1.0,0.0,0,0.0
20,S1,H4,processor,19,424.9502769514501,19.720580445741987,4.279419554258013,0.0,0,0,24.0,0.8216908519059162,4.279419554258013,1,0.0
20,S1,H5,processor,19,469.046841,24.0,0.0,53.96,0,0,24.0,1.0,0.0,0,0.0
20,S1,H6,processor,19,441.264891,24.0,0.0,54.44,0,0,24.0,1.0,0.0,0,0.0
20,S1,H7,loader,19,472.22269289999997,24.0,0.0,53.96,1,0,24.0,1.0,0.0,0,0.0
21,S1,H3,grapple_skidder,19,739.620424,24.0,0.0,55.16,0,0,24.0,1.0,0.0,0,0.0
21,S1,H4,processor,19,531.895933,24.0,0.0,53.48,0,0,24.0,1.0,0.0,0,0.0
21,S1,H5,processor,19,469.046841,24.0,0.0,0.0,0,0,24.0,1.0,0.0,0,0.0
21,S1,H6,processor,19,441.264891,24.0,0.0,0.0,0,0,24.0,1.0,0.0,0,0.0
21,S1,H7,loader,19,687.364703,24.0,0.0,53.24,0,0,24.0,1.0,0.0,0,0.0
22,S1,H3,grapple_skidder,19,1480.641393,24.0,0.0,55.4,0,0,24.0,1.0,0.0,0,0.0
22,S1,H4,processor,19,531.895933,24.0,0.0,0.0,0,0,24.0,1.0,0.0,0,0.0
22,S1,H5,processor,19,481.329283,24.0,0.0,53.48,0,0,24.0,1.0,0.0,0,0.0
22,S1,H6,processor,19,469.046841,24.0,0.0,54.44,0,0,24.0,1.0,0.0,0,0.0
22,S1,H7,loader,19,733.483855,24.0,0.0,53.24,0,0,24.0,1.0,0.0,0,0.0
23,S1,H3,grapple_skidder,19,947.2147997000006,24.0,0.0,53.72,1,0,24.0,1.0,0.0,0,0.0
23,S1,H4,processor,19,569.826226,24.0,0.0,53.24,0,0,24.0,1.0,0.0,0,0.0
23,S1,H5,processor,19,421.2030544087792,21.001991075225526,2.9980089247744743,0.0,0,0,24.0,0.8750829614677302,2.9980089247744757,1,0.0
23,S1,H6,processor,19,469.046841,24.0,0.0,0.0,0,0,24.0,1.0,0.0,0,0.0
23,S1,H7,loader,19,802.411354,24.0,0.0,53.24,0,0,24.0,1.0,0.0,0,0.0
24,S1,H3,grapple_skidder,19,739.620424,24.0,0.0,54.68,0,0,24.0,1.0,0.0,0,0.0
24,S1,H4,processor,19,426.03478789681395,17.94377731839168,6.056222681608318,0.0,0,0,24.0,0.7476573882663201,6.0562226816083164,1,0.0
24,S1,H5,processor,19,517.165642,24.0,0.0,54.68,0,0,24.0,1.0,0.0,0,0.0
24,S1,H6,processor,19,154.97234609999992,24.0,0.0,54.44,1,0,24.0,1.0,0.0,0,0.0
24,S1,H7,loader,19,474.741639,24.0,0.0,54.68,0,0,24.0,1.0,0.0,0,0.0
25,S1,H3,grapple_skidder,19,1332.369187,24.0,0.0,55.16,0,0,24.0,1.0,0.0,0,0.0
25,S1,H4,processor,19,481.329283,24.0,0.0,55.4,0,0,24.0,1.0,0.0,0,0.0
25,S1,H5,processor,19,517.165642,24.0,0.0,0.0,0,0,24.0,1.0,0.0,0,0.0
25,S1,H7,loader,19,474.741639,24.0,0.0,0.0,0,0,24.0,1.0,0.0,0,0.0
25,S1,H8,loader,19,294.4718980246643,24.0,0.0,54.2,0,0,24.0,1.0,0.0,0,0.0
25,S1,H9,loader,19,937.184825,24.0,0.0,0.0,0,0,24.0,1.0,0.0,0,0.0
26,S1,H3,grapple_skidder,19,778.104169,24.0,0.0,54.68,0,0,24.0,1.0,0.0,0,0.0
26,S1,H4,processor,19,569.826226,24.0,0.0,55.4,0,0,24.0,1.0,0.0,0,0.0
26,S1,H5,processor,19,531.895933,24.0,0.0,53.48,0,0,24.0,1.0,0.0,0,0.0
26,S1,H7,loader,19,687.364703,24.0,0.0,54.2,0,0,24.0,1.0,0.0,0,0.0
26,S1,H8,loader,19,451.958924,24.0,0.0,54.92,0,0,24.0,1.0,0.0,0,0.0
27,S1,H3,grapple_skidder,19,0.0,24.0,0.0,54.2,1,0,24.0,1.0,0.0,0,0.0
27,S1,H4,processor,19,469.046841,24.0,0.0,54.92,0,0,24.0,1.0,0.0,0,0.0
27,S1,H5,processor,19,531.895933,24.0,0.0,0.0,0,0,24.0,1.0,0.0,0,0.0
27,S1,H7,loader,19,660.022174096814,19.84277306484367,4.157226935156331,53.72,1,0,24.0,0.8267822110351529,4.157226935156332,1,0.0
27,S1,H8,loader,19,208.45030442164196,24.0,0.0,0.0,0,0,24.0,1.0,0.0,0,0.0
28,S1,H1,feller_buncher,19,1194.708925,24.0,0.0,0.0,0,0,24.0,1.0,0.0,0,0.0
28,S1,H3,grapple_skidder,19,1045.106301,24.0,0.0,53.48,0,0,24.0,1.0,0.0,0,0.0
28,S1,H4,processor,19,224.6690542538429,24.0,0.0,54.2,1,0,24.0,1.0,0.0,0,0.0
28,S1,H7,loader,19,802.411354,24.0,0.0,53.24,0,0,24.0,1.0,0.0,0,0.0
28,S1,H8,loader,19,474.741639,24.0,0.0,53.48,0,0,24.0,1.0,0.0,0,0.0
28,S1,H9,loader,19,451.958924,24.0,0.0,55.4,0,0,24.0,1.0,0.0,0,0.0
29,S1,H3,grapple_skidder,19,739.620424,24.0,0.0,54.2,0,0,24.0,1.0,0.0,0,0.0
29,S1,H4,processor,19,430.907382,24.0,0.0,53.48,0,0,24.0,1.0,0.0,0,0.0
29,S1,H5,processor,19,479.9113066814211,21.654370048274284,2.3456299517257158,0.0,0,0,24.0,0.9022654186780952,2.3456299517257158,1,0.0
29,S1,H7,loader,19,687.364703,24.0,0.0,53.48,0,0,24.0,1.0,0.0,0,0.0
29,S1,H8,loader,19,474.741639,24.0,0.0,0.0,0,0,24.0,1.0,0.0,0,0.0
30,S1,H3,grapple_skidder,19,1036.4489751,24.0,0.0,55.4,0,0,24.0,1.0,0.0,0,0.3
30,S1,H4,processor,19,0.0,24.0,0.0,53.48,1,0,24.0,1.0,0.0,0,0.3
30,S1,H5,processor,19,336.93049809999997,24.0,0.0,55.16,0,0,24.0,1.0,0.0,0,0.3
30,S1,H6,processor,19,301.63516739999994,24.0,0.0,53.72,0,0,24.0,1.0,0.0,0,0.3
30,S1,H7,loader,19,561.6879478,24.0,0.0,53.48,0,0,24.0,1.0,0.0,0,0.3
30,S1,H8,loader,19,332.3191473,24.0,0.0,0.0,0,0,24.0,1.0,0.0,0,0.3
31,S1,H3,grapple_skidder,19,37.58798593884649,24.0,0.0,53.24,1,0,24.0,1.0,0.0,0,0.0
31,S1,H4,processor,19,569.826226,24.0,0.0,53.72,0,0,24.0,1.0,0.0,0,0.0
31,S1,H5,processor,19,481.329283,24.0,0.0,0.0,0,0,24.0,1.0,0.0,0,0.0
31,S1,H6,processor,19,82.87308234293728,24.0,0.0,0.0,0,0,24.0,1.0,0.0,0,0.0
31,S1,H7,loader,19,139.0221482052932,24.0,0.0,53.48,1,0,24.0,1.0,0.0,0,0.0
31,S1,H8,loader,19,474.741639,24.0,0.0,0.0,0,0,24.0,1.0,0.0,0,0.0
32,S1,H3,grapple_skidder,19,544.6729182999999,24.0,0.0,54.68,0,0,24.0,1.0,0.0,0,0.3
32,S1,H4,processor,19,398.8783582,24.0,0.0,0.0,0,0,24.0,1.0,0.0,0,0.3
32,S1,H5,processor,19,94.83132125742537,24.0,0.0,55.16,1,0,24.0,1.0,0.0,0,0.3
32,S1,H7,loader,19,0.0,24.0,0.0,0.0,1,0,24.0,1.0,0.0,0,0.3
32,S1,H8,loader,19,390.87866579999996,24.0,0.0,53.72,0,0,24.0,1.0,0.0,0,0.3
32,S1,H9,loader,19,316.3712468,24.0,0.0,0.0,0,0,24.0,1.0,0.0,0,0.3
33,S1,H3,grapple_skidder,19,403.87247809999997,24.0,0.0,53.48,1,0,24.0,1.0,0.0,0,0.0
33,S1,H4,processor,19,0.0,24.0,0.0,53.24,1,0,24.0,1.0,0.0,0,0.0
33,S1,H5,processor,19,469.046841,24.0,0.0,54.68,0,0,24.0,1.0,0.0,0,0.0
33,S1,H7,loader,19,937.184825,24.0,0.0,53.72,0,0,24.0,1.0,0.0,0,0.0
33,S1,H8,loader,19,424.53696594293723,24.0,0.0,0.0,1,0,24.0,1.0,0.0,0,0.0
33,S1,H9,loader,19,451.958924,24.0,0.0,0.0,0,0,24.0,1.0,0.0,0,0.0
34,S1,H1,feller_buncher,19,140.55055100000027,24.0,0.0,0.0,0,0,24.0,1.0,0.0,0,0.0
34,S1,H3,grapple_skidder,19,147.86832519999962,24.0,0.0,53.72,1,0,24.0,1.0,0.0,0,0.0
34,S1,H4,processor,19,403.87247809999997,24.0,0.0,54.2,1,0,24.0,1.0,0.0,0,0.0
34,S1,H5,processor,19,469.046841,24.0,0.0,0.0,0,0,24.0,1.0,0.0,0,0.0
34,S1,H7,loader,19,633.2868147460402,18.94151108173996,5.058488918260039,53.24,0,0,24.0,0.7892296284058317,5.058488918260039,1,0.0
35,S1,H3,grapple_skidder,19,477.4620719999998,24.0,0.0,55.16,0,0,24.0,1.0,0.0,0,0.0
35,S1,H4,processor,19,0.0,24.0,0.0,0.0,1,0,24.0,1.0,0.0,0,0.0
35,S1,H5,processor,19,409.650504,24.0,0.0,53.24,0,0,24.0,1.0,0.0,0,0.0
35,S1,H7,loader,19,241.7692576928065,24.0,0.0,0.0,1,0,24.0,1.0,0.0,0,0.0
35,S1,H8,loader,19,474.741639,24.0,0.0,53.72,0,0,24.0,1.0,0.0,0,0.0
36,S1,H3,grapple_skidder,19,855.829418,24.0,0.0,54.68,0,0,24.0,1.0,0.0,0,0.0
36,S1,H4,processor,19,569.826226,24.0,0.0,54.44,0,0,24.0,1.0,0.0,0,0.0
36,S1,H5,processor,19,251.40979639999983,24.0,0.0,0.0,1,0,24.0,1.0,0.0,0,0.0
36,S1,H7,loader,19,403.87247809999997,24.0,0.0,54.2,1,0,24.0,1.0,0.0,0,0.0
36,S1,H8,loader,19,474.741639,24.0,0.0,0.0,0,0,24.0,1.0,0.0,0,0.0
37,S1,H3,grapple_skidder,19,121.93183715033615,24.0,0.0,53.72,1,0,24.0,1.0,0.0,0,0.0
37,S1,H4,processor,19,360.77644299999906,24.0,0.0,0.0,0,0,24.0,1.0,0.0,0,0.0
37,S1,H5,processor,19,395.784917,24.0,0.0,53.48,0,0,24.0,1.0,0.0,0,0.0
37,S1,H7,loader,19,0.0,24.0,0.0,0.0,1,0,24.0,1.0,0.0,0,0.0
37,S1,H8,loader,19,424.433991,24.0,0.0,53.24,0,0,24.0,1.0,0.0,0,0.0
38,S1,H3,grapple_skidder,19,544.6729182999999,24.0,0.0,53.48,0,0,24.0,1.0,0.0,0,0.3
38,S1,H4,processor,19,287.3097892,24.0,0.0,55.4,0,0,24.0,1.0,0.0,0,0.3
38,S1,H5,processor,19,277.0494419,24.0,0.0,0.0,0,0,24.0,1.0,0.0,0,0.3
38,S1,H7,loader,19,656.0293775,24.0,0.0,54.44,0,0,24.0,1.0,0.0,0,0.3
38,S1,H8,loader,19,297.1037937,24.0,0.0,0.0,0,0,24.0,1.0,0.0,0,0.3
39,S1,H3,grapple_skidder,19,678.968019,24.0,0.0,53.72,0,0,24.0,1.0,0.0,0,0.0
39,S1,H4,processor,19,469.046841,24.0,0.0,53.48,0,0,24.0,1.0,0.0,0,0.0
39,S1,H5,processor,19,182.99505910000005,24.0,0.0,0.0,1,0,24.0,1.0,0.0,0,0.0
39,S1,H7,loader,19,233.462125999999,24.0,0.0,0.0,0,0,24.0,1.0,0.0,0,0.0
39,S1,H8,loader,19,324.0410917999998,24.0,0.0,0.0,1,0,24.0,1.0,0.0,0,0.0
39,S1,H9,loader,19,451.958924,24.0,0.0,0.0,0,0,24.0,1.0,0.0,0,0.0
40,S1,H4,processor,19,547.23705,24.0,0.0,53.72,0,0,24.0,1.0,0.0,0,0.0
40,S1,H7,loader,19,474.741639,24.0,0.0,54.92,0,0,24.0,1.0,0.0,0,0.0
40,S1,H8,loader,19,456.725789,24.0,0.0,53.48,0,0,24.0,1.0,0.0,0,0.0
40,S1,H9,loader,19,134.70578599999976,24.0,0.0,0.0,0,0,24.0,1.0,0.0,0,0.0
41,S1,H4,processor,19,469.046841,24.0,0.0,53.72,0,0,24.0,1.0,0.0,0,0.0
41,S1,H7,loader,19,485.857474,24.0,0.0,53.72,0,0,24.0,1.0,0.0,0,0.0
41,S1,H8,loader,19,448.3101499660232,24.0,0.0,0.0,1,0,24.0,1.0,0.0,0,0.0
42,S1,H3,grapple_skidder,19,678.968019,24.0,0.0,0.0,0,0,24.0,1.0,0.0,0,0.0
42,S1,H7,loader,19,474.741639,24.0,0.0,53.72,0,0,24.0,1.0,0.0,0,0.0
42,S1,H8,loader,19,0.0,24.0,0.0,0.0,1,0,24.0,1.0,0.0,0,0.0
1,S1,H1,feller_buncher,20,1220.906942,24.0,0.0,0.0,0,0,24.0,1.0,0.0,0,0.0
1,S1,H2,feller_buncher,20,1299.478592,24.0,0.0,0.0,0,0,24.0,1.0,0.0,0,0.0
2,S1,H1,feller_buncher,20,1220.906942,24.0,0.0,0.0,0,0,24.0,1.0,0.0,0,0.0
2,S1,H2,feller_buncher,20,1164.04956,24.0,0.0,53.72,0,0,24.0,1.0,0.0,0,0.0
2,S1,H3,grapple_skidder,20,678.968019,24.0,0.0,0.0,0,0,24.0,1.0,0.0,0,0.0
3,S1,H1,feller_buncher,20,1176.844281,24.0,0.0,53.48,0,0,24.0,1.0,0.0,0,0.0
3,S1,H2,feller_buncher,20,888.796776,24.0,0.0,53.24,0,0,24.0,1.0,0.0,0,0.0
3,S1,H3,grapple_skidder,20,778.104169,24.0,0.0,53.72,0,0,24.0,1.0,0.0,0,0.0
3,S1,H4,processor,20,547.23705,24.0,0.0,0.0,0,0,24.0,1.0,0.0,0,0.0
4,S1,H1,feller_buncher,20,823.7909966999999,24.0,0.0,0.0,0,0,24.0,1.0,0.0,0,0.3
4,S1,H2,feller_buncher,20,622.1577432,24.0,0.0,0.0,0,0,24.0,1.0,0.0,0,0.3
4,S1,H3,grapple_skidder,20,932.6584309,24.0,0.0,54.68,0,0,24.0,1.0,0.0,0,0.3
4,S1,H4,processor,20,328.3327887,24.0,0.0,53.72,0,0,24.0,1.0,0.0,0,0.3
4,S1,H7,loader,20,340.1002318,24.0,0.0,0.0,0,0,24.0,1.0,0.0,0,0.3
5,S1,H1,feller_buncher,20,1164.04956,24.0,0.0,54.2,0,0,24.0,1.0,0.0,0,0.0
5,S1,H2,feller_buncher,20,530.7944494816934,24.0,0.0,53.24,0,0,24.0,1.0,0.0,0,0.0
5,S1,H3,grapple_skidder,20,1164.728216,24.0,0.0,53.48,0,0,24.0,1.0,0.0,0,0.0
5,S1,H4,processor,20,531.895933,24.0,0.0,54.68,0,0,24.0,1.0,0.0,0,0.0
6,S1,H1,feller_buncher,20,256.1621419999998,24.0,0.0,53.24,0,0,24.0,1.0,0.0,0,0.0
6,S1,H2,feller_buncher,20,961.553907,24.0,0.0,0.0,0,0,24.0,1.0,0.0,0,0.0
6,S1,H3,grapple_skidder,20,835.9070616999998,24.0,0.0,0.0,1,0,24.0,1.0,0.0,0,0.0
6,S1,H4,processor,20,400.76249789999997,24.0,0.0,0.0,1,0,24.0,1.0,0.0,0,0.0
7,S1,H1,feller_buncher,20,1164.04956,24.0,0.0,53.24,0,0,24.0,1.0,0.0,0,0.0
7,S1,H2,feller_buncher,20,961.553907,24.0,0.0,0.0,0,0,24.0,1.0,0.0,0,0.0
7,S1,H3,grapple_skidder,20,641.0050959364512,19.00156011952799,4.998439880472009,54.44,0,0,24.0,0.7917316716469996,4.99843988047201,1,0.0
7,S1,H4,processor,20,517.165642,24.0,0.0,53.48,0,0,24.0,1.0,0.0,0,0.0
7,S1,H7,loader,20,802.411354,24.0,0.0,55.4,0,0,24.0,1.0,0.0,0,0.0
8,S1,H1,feller_buncher,20,860.013242,24.0,0.0,53.24,0,0,24.0,1.0,0.0,0,0.0
8,S1,H2,feller_buncher,20,413.7565330000002,24.0,0.0,0.0,0,0,24.0,1.0,0.0,0,0.0
8,S1,H3,grapple_skidder,20,778.104169,24.0,0.0,53.24,0,0,24.0,1.0,0.0,0,0.0
8,S1,H4,processor,20,517.165642,24.0,0.0,0.0,0,0,24.0,1.0,0.0,0,0.0
8,S1,H5,processor,20,409.650504,24.0,0.0,0.0,0,0,24.0,1.0,0.0,0,0.0
9,S1,H1,feller_buncher,20,909.6350143999999,24.0,0.0,53.96,0,0,24.0,1.0,0.0,0,0.3
9,S1,H2,feller_buncher,20,854.6348594,24.0,0.0,55.16,0,0,24.0,1.0,0.0,0,0.3
9,S1,H3,grapple_skidder,20,544.6729182999999,24.0,0.0,0.0,0,0,24.0,1.0,0.0,0,0.3
9,S1,H7,loader,20,481.15529209999994,24.0,0.0,53.48,0,0,24.0,1.0,0.0,0,0.3
10,S1,H1,feller_buncher,20,1299.478592,24.0,0.0,0.0,0,0,24.0,1.0,0.0,0,0.0
10,S1,H2,feller_buncher,20,860.013242,24.0,0.0,54.44,0,0,24.0,1.0,0.0,0,0.0
10,S1,H3,grapple_skidder,20,739.620424,24.0,0.0,53.48,0,0,24.0,1.0,0.0,0,0.0
10,S1,H4,processor,20,517.165642,24.0,0.0,0.0,0,0,24.0,1.0,0.0,0,0.0
10,S1,H5,processor,20,469.046841,24.0,0.0,53.24,0,0,24.0,1.0,0.0,0,0.0
11,S1,H1,feller_buncher,20,778.5954006980771,20.542623492873595,3.457376507126405,0.0,0,0,24.0,0.8559426455363998,3.4573765071264067,1,0.3
11,S1,H2,feller_buncher,20,35.239503409091355,20.477194153173926,3.522805846826074,0.0,0,0,24.0,0.8532164230489135,3.522805846826076,1,0.3
11,S1,H3,grapple_skidder,20,544.6729182999999,24.0,0.0,53.48,0,0,24.0,1.0,0.0,0,0.3
11,S1,H4,processor,20,336.93049809999997,24.0,0.0,54.68,0,0,24.0,1.0,0.0,0,0.3
11,S1,H7,loader,20,481.15529209999994,24.0,0.0,0.0,0,0,24.0,1.0,0.0,0,0.3
12,S1,H1,feller_buncher,20,327.2862181016465,22.06370673280942,1.9362932671905817,0.0,0,0,24.0,0.9193211138670591,1.9362932671905817,1,0.0
12,S1,H2,feller_buncher,20,674.603847,24.0,0.0,53.72,0,0,24.0,1.0,0.0,0,0.0
12,S1,H3,grapple_skidder,20,1332.369187,24.0,0.0,54.68,0,0,24.0,1.0,0.0,0,0.0
12,S1,H4,processor,20,449.1383516999997,24.0,0.0,54.68,1,0,24.0,1.0,0.0,0,0.0
12,S1,H7,loader,20,474.741639,24.0,0.0,54.2,0,0,24.0,1.0,0.0,0,0.0
12,S1,H8,loader,20,336.93049809999997,24.0,0.0,0.0,1,0,24.0,1.0,0.0,0,0.0
13,S1,H1,feller_buncher,20,1164.04956,24.0,0.0,53.72,0,0,24.0,1.0,0.0,0,0.0
13,S1,H2,feller_buncher,20,1194.708925,24.0,0.0,53.96,0,0,24.0,1.0,0.0,0,0.0
13,S1,H3,grapple_skidder,20,809.624168,24.0,0.0,54.92,0,0,24.0,1.0,0.0,0,0.0
13,S1,H4,processor,20,531.895933,24.0,0.0,53.48,0,0,24.0,1.0,0.0,0,0.0
13,S1,H7,loader,20,687.364703,24.0,0.0,54.2,0,0,24.0,1.0,0.0,0,0.0
14,S1,H1,feller_buncher,20,1176.844281,24.0,0.0,54.2,0,0,24.0,1.0,0.0,0,0.0
14,S1,H2,feller_buncher,20,938.4428467577227,18.851979633604348,5.148020366395652,0.0,0,0,24.0,0.7854991514001811,5.148020366395651,1,0.0
14,S1,H3,grapple_skidder,20,778.104169,24.0,0.0,53.24,0,0,24.0,1.0,0.0,0,0.0
14,S1,H4,processor,20,531.895933,24.0,0.0,0.0,0,0,24.0,1.0,0.0,0,0.0
14,S1,H5,processor,20,409.650504,24.0,0.0,53.24,0,0,24.0,1.0,0.0,0,0.0
15,S1,H1,feller_buncher,20,1176.844281,24.0,0.0,0.0,0,0,24.0,1.0,0.0,0,0.0
15,S1,H2,feller_buncher,20,783.27427302077,24.0,0.0,54.92,0,0,24.0,1.0,0.0,0,0.0
15,S1,H3,grapple_skidder,20,923.199854,24.0,0.0,53.24,0,0,24.0,1.0,0.0,0,0.0
15,S1,H4,processor,20,409.650504,24.0,0.0,54.92,0,0,24.0,1.0,0.0,0,0.0
15,S1,H7,loader,20,802.411354,24.0,0.0,53.48,0,0,24.0,1.0,0.0,0,0.0
16,S1,H1,feller_buncher,20,111.30773800000088,24.0,0.0,0.0,0,0,24.0,1.0,0.0,0,0.0
16,S1,H2,feller_buncher,20,502.7667789999996,24.0,0.0,0.0,0,0,24.0,1.0,0.0,0,0.0
16,S1,H3,grapple_skidder,20,1480.641393,24.0,0.0,54.68,0,0,24.0,1.0,0.0,0,0.0
16,S1,H4,processor,20,268.577321,24.0,0.0,54.92,1,0,24.0,1.0,0.0,0,0.0
16,S1,H5,processor,20,395.784917,24.0,0.0,53.48,0,0,24.0,1.0,0.0,0,0.0
16,S1,H7,loader,20,424.433991,24.0,0.0,54.92,0,0,24.0,1.0,0.0,0,0.0
17,S1,H1,feller_buncher,20,576.960683,24.0,0.0,53.72,0,0,24.0,1.0,0.0,0,0.0
17,S1,H2,feller_buncher,20,787.363583,24.0,0.0,54.44,0,0,24.0,1.0,0.0,0,0.0
17,S1,H3,grapple_skidder,20,674.603847,24.0,0.0,53.96,0,0,24.0,1.0,0.0,0,0.0
17,S1,H4,processor,20,569.826226,24.0,0.0,53.24,0,0,24.0,1.0,0.0,0,0.0
17,S1,H5,processor,20,395.784917,24.0,0.0,0.0,0,0,24.0,1.0,0.0,0,0.0
17,S1,H6,processor,20,469.046841,24.0,0.0,0.0,0,0,24.0,1.0,0.0,0,0.0
17,S1,H7,loader,20,424.433991,24.0,0.0,0.0,0,0,24.0,1.0,0.0,0,0.0
17,S1,H8,loader,20,429.2104475532572,24.0,0.0,55.16,0,0,24.0,1.0,0.0,0,0.0
18,S1,H1,feller_buncher,20,1220.906942,24.0,0.0,54.2,0,0,24.0,1.0,0.0,0,0.0
18,S1,H2,feller_buncher,20,486.3476200000001,24.0,0.0,0.0,0,0,24.0,1.0,0.0,0,0.0
18,S1,H3,grapple_skidder,20,1164.728216,24.0,0.0,53.24,0,0,24.0,1.0,0.0,0,0.0
18,S1,H4,processor,20,354.8484314564918,24.0,0.0,0.0,0,0,24.0,1.0,0.0,0,0.0
18,S1,H5,processor,20,393.2796578108371,20.695192650818385,3.3048073491816155,53.72,0,0,24.0,0.8622996937840993,3.304807349181614,1,0.0
18,S1,H7,loader,20,474.741639,24.0,0.0,53.24,0,0,24.0,1.0,0.0,0,0.0
18,S1,H8,loader,20,456.725789,24.0,0.0,54.44,0,0,24.0,1.0,0.0,0,0.0
19,S1,H1,feller_buncher,20,1013.0077249999999,24.0,0.0,0.0,0,0,24.0,1.0,0.0,0,0.0
19,S1,H2,feller_buncher,20,680.207863,24.0,0.0,53.72,0,0,24.0,1.0,0.0,0,0.0
19,S1,H3,grapple_skidder,20,1273.711203,24.0,0.0,53.24,0,0,24.0,1.0,0.0,0,0.0
19,S1,H4,processor,20,422.7988708310474,19.620740582656758,4.379259417343242,53.72,0,0,24.0,0.8175308576106982,4.379259417343243,1,0.0
19,S1,H5,processor,20,218.52151199999997,24.0,0.0,0.0,0,0,24.0,1.0,0.0,0,0.0
19,S1,H6,processor,20,469.046841,24.0,0.0,0.0,0,0,24.0,1.0,0.0,0,0.0
19,S1,H7,loader,20,924.6746574564918,24.0,0.0,54.92,1,0,24.0,1.0,0.0,0,0.0
20,S1,H1,feller_buncher,20,1194.708925,24.0,0.0,53.24,0,0,24.0,1.0,0.0,0,0.0
20,S1,H2,feller_buncher,20,364.89843800000006,24.0,0.0,0.0,0,0,24.0,1.0,0.0,0,0.0
20,S1,H3,grapple_skidder,20,1332.369187,24.0,0.0,53.24,0,0,24.0,1.0,0.0,0,0.0
20,S1,H4,processor,20,517.165642,24.0,0.0,0.0,0,0,24.0,1.0,0.0,0,0.0
20,S1,H5,processor,20,469.046841,24.0,0.0,53.96,0,0,24.0,1.0,0.0,0,0.0
20,S1,H6,processor,20,441.264891,24.0,0.0,54.44,0,0,24.0,1.0,0.0,0,0.0
20,S1,H7,loader,20,611.8011698108371,24.0,0.0,53.96,1,0,24.0,1.0,0.0,0,0.0
21,S1,H3,grapple_skidder,20,739.620424,24.0,0.0,55.16,0,0,24.0,1.0,0.0,0,0.0
21,S1,H4,processor,20,531.895933,24.0,0.0,53.48,0,0,24.0,1.0,0.0,0,0.0
21,S1,H5,processor,20,469.046841,24.0,0.0,0.0,0,0,24.0,1.0,0.0,0,0.0
21,S1,H6,processor,20,441.264891,24.0,0.0,0.0,0,0,24.0,1.0,0.0,0,0.0
21,S1,H7,loader,20,687.364703,24.0,0.0,53.24,0,0,24.0,1.0,0.0,0,0.0
22,S1,H3,grapple_skidder,20,1036.4489751,24.0,0.0,55.4,0,0,24.0,1.0,0.0,0,0.3
22,S1,H4,processor,20,372.3271531,24.0,0.0,0.0,0,0,24.0,1.0,0.0,0,0.3
22,S1,H5,processor,20,336.93049809999997,24.0,0.0,53.48,0,0,24.0,1.0,0.0,0,0.3
22,S1,H6,processor,20,180.22552712239087,24.0,0.0,54.44,0,0,24.0,1.0,0.0,0,0.3
22,S1,H7,loader,20,513.4386985,24.0,0.0,53.24,0,0,24.0,1.0,0.0,0,0.3
23,S1,H3,grapple_skidder,20,815.3097511999999,24.0,0.0,53.72,0,0,24.0,1.0,0.0,0,0.3
23,S1,H4,processor,20,398.8783582,24.0,0.0,53.24,0,0,24.0,1.0,0.0,0,0.3
23,S1,H5,processor,20,336.93049809999997,24.0,0.0,0.0,0,0,24.0,1.0,0.0,0,0.3
23,S1,H6,processor,20,233.66824461256255,24.0,0.0,0.0,0,0,24.0,1.0,0.0,0,0.3
23,S1,H7,loader,20,561.6879478,24.0,0.0,53.24,0,0,24.0,1.0,0.0,0,0.3
24,S1,H3,grapple_skidder,20,517.7342967999999,24.0,0.0,54.68,0,0,24.0,1.0,0.0,0,0.3
24,S1,H4,processor,20,398.8783582,24.0,0.0,0.0,0,0,24.0,1.0,0.0,0,0.3
24,S1,H5,processor,20,362.0159494,24.0,0.0,54.68,0,0,24.0,1.0,0.0,0,0.3
24,S1,H6,processor,20,273.8269947,24.0,0.0,54.44,0,0,24.0,1.0,0.0,0,0.3
24,S1,H7,loader,20,332.3191473,24.0,0.0,54.68,0,0,24.0,1.0,0.0,0,0.3
25,S1,H3,grapple_skidder,20,1332.369187,24.0,0.0,55.16,0,0,24.0,1.0,0.0,0,0.0
25,S1,H4,processor,20,481.329283,24.0,0.0,55.4,0,0,24.0,1.0,0.0,0,0.0
25,S1,H5,processor,20,517.165642,24.0,0.0,0.0,0,0,24.0,1.0,0.0,0,0.0
25,S1,H7,loader,20,474.741639,24.0,0.0,0.0,0,0,24.0,1.0,0.0,0,0.0
25,S1,H8,loader,20,540.2273480000001,24.0,0.0,54.2,0,0,24.0,1.0,0.0,0,0.0
25,S1,H9,loader,20,797.7567164,24.0,0.0,0.0,1,0,24.0,1.0,0.0,0,0.0
26,S1,H3,grapple_skidder,20,778.104169,24.0,0.0,54.68,0,0,24.0,1.0,0.0,0,0.0
26,S1,H4,processor,20,569.826226,24.0,0.0,55.4,0,0,24.0,1.0,0.0,0,0.0
26,S1,H5,processor,20,531.895933,24.0,0.0,53.48,0,0,24.0,1.0,0.0,0,0.0
26,S1,H7,loader,20,687.364703,24.0,0.0,54.2,0,0,24.0,1.0,0.0,0,0.0
26,S1,H8,loader,20,451.958924,24.0,0.0,54.92,0,0,24.0,1.0,0.0,0,0.0
27,S1,H3,grapple_skidder,20,159.77199800000017,24.0,0.0,54.2,0,0,24.0,1.0,0.0,0,0.0
27,S1,H4,processor,20,469.046841,24.0,0.0,54.92,0,0,24.0,1.0,0.0,0,0.0
27,S1,H5,processor,20,531.895933,24.0,0.0,0.0,0,0,24.0,1.0,0.0,0,0.0
27,S1,H7,loader,20,569.826226,24.0,0.0,53.72,1,0,24.0,1.0,0.0,0,0.0
27,S1,H8,loader,20,451.958924,24.0,0.0,0.0,0,0,24.0,1.0,0.0,0,0.0
28,S1,H1,feller_buncher,20,1194.708925,24.0,0.0,0.0,0,0,24.0,1.0,0.0,0,0.0
28,S1,H3,grapple_skidder,20,1045.106301,24.0,0.0,53.48,0,0,24.0,1.0,0.0,0,0.0
28,S1,H4,processor,20,320.66386096895246,24.0,0.0,54.2,1,0,24.0,1.0,0.0,0,0.0
28,S1,H7,loader,20,625.8619762167173,18.71943530500095,5.28056469499905,53.24,0,0,24.0,0.7799764710417062,5.280564694999049,1,0.0
28,S1,H8,loader,20,474.741639,24.0,0.0,53.48,0,0,24.0,1.0,0.0,0,0.0
28,S1,H9,loader,20,251.2724311999998,24.0,0.0,55.4,1,0,24.0,1.0,0.0,0,0.0
29,S1,H3,grapple_skidder,20,677.1637995226848,21.973340190703595,2.0266598092964045,54.2,0,0,24.0,0.9155558412793164,2.0266598092964028,1,0.0
29,S1,H4,processor,20,430.907382,24.0,0.0,53.48,0,0,24.0,1.0,0.0,0,0.0
29,S1,H5,processor,20,531.895933,24.0,0.0,0.0,0,0,24.0,1.0,0.0,0,0.0
29,S1,H7,loader,20,687.364703,24.0,0.0,53.48,0,0,24.0,1.0,0.0,0,0.0
29,S1,H8,loader,20,474.741639,24.0,0.0,0.0,0,0,24.0,1.0,0.0,0,0.0
30,S1,H3,grapple_skidder,20,1480.641393,24.0,0.0,55.4,0,0,24.0,1.0,0.0,0,0.0
30,S1,H4,processor,20,0.0,24.0,0.0,53.48,1,0,24.0,1.0,0.0,0,0.0
30,S1,H5,processor,20,481.329283,24.0,0.0,55.16,0,0,24.0,1.0,0.0,0,0.0
30,S1,H6,processor,20,430.907382,24.0,0.0,53.72,0,0,24.0,1.0,0.0,0,0.0
30,S1,H7,loader,20,556.0318314336633,24.0,0.0,53.48,0,0,24.0,1.0,0.0,0,0.0
30,S1,H8,loader,20,474.741639,24.0,0.0,0.0,0,0,24.0,1.0,0.0,0,0.0
31,S1,H3,grapple_skidder,20,567.1587449999993,24.0,0.0,53.24,0,0,24.0,1.0,0.0,0,0.0
31,S1,H4,processor,20,569.826226,24.0,0.0,53.72,0,0,24.0,1.0,0.0,0,0.0
31,S1,H5,processor,20,481.329283,24.0,0.0,0.0,0,0,24.0,1.0,0.0,0,0.0
31,S1,H6,processor,20,183.29153700000006,24.0,0.0,0.0,0,0,24.0,1.0,0.0,0,0.0
31,S1,H7,loader,20,428.67584669999974,24.0,0.0,53.48,1,0,24.0,1.0,0.0,0,0.0
31,S1,H8,loader,20,199.46309211030496,24.0,0.0,0.0,0,0,24.0,1.0,0.0,0,0.0
32,S1,H3,grapple_skidder,20,778.104169,24.0,0.0,54.68,0,0,24.0,1.0,0.0,0,0.0
32,S1,H4,processor,20,569.826226,24.0,0.0,0.0,0,0,24.0,1.0,0.0,0,0.0
32,S1,H5,processor,20,531.895933,24.0,0.0,55.16,0,0,24.0,1.0,0.0,0,0.0
32,S1,H7,loader,20,0.0,24.0,0.0,0.0,1,0,24.0,1.0,0.0,0,0.0
32,S1,H8,loader,20,558.398094,24.0,0.0,53.72,0,0,24.0,1.0,0.0,0,0.0
32,S1,H9,loader,20,451.958924,24.0,0.0,0.0,0,0,24.0,1.0,0.0,0,0.0
33,S1,H3,grapple_skidder,20,576.960683,24.0,0.0,53.48,0,0,24.0,1.0,0.0,0,0.0
33,S1,H4,processor,20,45.780229999999165,24.0,0.0,53.24,0,0,24.0,1.0,0.0,0,0.0
33,S1,H5,processor,20,469.046841,24.0,0.0,54.68,0,0,24.0,1.0,0.0,0,0.0
33,S1,H7,loader,20,937.184825,24.0,0.0,53.72,0,0,24.0,1.0,0.0,0,0.0
33,S1,H8,loader,20,486.708207,24.0,0.0,0.0,0,0,24.0,1.0,0.0,0,0.0
33,S1,H9,loader,20,451.958924,24.0,0.0,0.0,0,0,24.0,1.0,0.0,0,0.0
34,S1,H1,feller_buncher,20,140.55055100000027,24.0,0.0,0.0,0,0,24.0,1.0,0.0,0,0.0
34,S1,H3,grapple_skidder,20,170.74696464285395,20.407442092763894,3.592557907236106,53.72,0,0,24.0,0.8503100871984955,3.592557907236108,1,0.0
34,S1,H4,processor,20,428.751305,24.0,0.0,54.2,0,0,24.0,1.0,0.0,0,0.0
34,S1,H5,processor,20,469.046841,24.0,0.0,0.0,0,0,24.0,1.0,0.0,0,0.0
34,S1,H7,loader,20,802.411354,24.0,0.0,53.24,0,0,24.0,1.0,0.0,0,0.0
35,S1,H3,grapple_skidder,20,477.4620719999998,24.0,0.0,55.16,0,0,24.0,1.0,0.0,0,0.0
35,S1,H4,processor,20,148.20937800000002,24.0,0.0,0.0,0,0,24.0,1.0,0.0,0,0.0
35,S1,H5,processor,20,392.42471657930525,24.0,0.0,53.24,1,0,24.0,1.0,0.0,0,0.0
35,S1,H7,loader,20,279.7560149999996,24.0,0.0,0.0,0,0,24.0,1.0,0.0,0,0.0
35,S1,H8,loader,20,474.741639,24.0,0.0,53.72,0,0,24.0,1.0,0.0,0,0.0
36,S1,H3,grapple_skidder,20,832.0661334090914,24.0,0.0,54.68,1,0,24.0,1.0,0.0,0,0.0
36,S1,H4,processor,20,569.826226,24.0,0.0,54.44,0,0,24.0,1.0,0.0,0,0.0
36,S1,H5,processor,20,0.0,24.0,0.0,0.0,1,0,24.0,1.0,0.0,0,0.0
36,S1,H7,loader,20,552.163711,24.0,0.0,54.2,0,0,24.0,1.0,0.0,0,0.0
36,S1,H8,loader,20,474.741639,24.0,0.0,0.0,0,0,24.0,1.0,0.0,0,0.0
37,S1,H3,grapple_skidder,20,193.51985215900913,24.0,0.0,53.72,1,0,24.0,1.0,0.0,0,0.0
37,S1,H4,processor,20,360.77644299999906,24.0,0.0,0.0,0,0,24.0,1.0,0.0,0,0.0
37,S1,H5,processor,20,395.784917,24.0,0.0,53.48,0,0,24.0,1.0,0.0,0,0.0
37,S1,H7,loader,20,24.796971999999982,24.0,0.0,0.0,0,0,24.0,1.0,0.0,0,0.0
37,S1,H8,loader,20,424.433991,24.0,0.0,53.24,0,0,24.0,1.0,0.0,0,0.0
38,S1,H3,grapple_skidder,20,778.104169,24.0,0.0,53.48,0,0,24.0,1.0,0.0,0,0.0
38,S1,H4,processor,20,410.442556,24.0,0.0,55.4,0,0,24.0,1.0,0.0,0,0.0
38,S1,H5,processor,20,395.784917,24.0,0.0,0.0,0,0,24.0,1.0,0.0,0,0.0
38,S1,H7,loader,20,937.184825,24.0,0.0,54.44,0,0,24.0,1.0,0.0,0,0.0
38,S1,H8,loader,20,348.0742555793054,24.0,0.0,0.0,1,0,24.0,1.0,0.0,0,0.0
39,S1,H3,grapple_skidder,20,678.968019,24.0,0.0,53.72,0,0,24.0,1.0,0.0,0,0.0
39,S1,H4,processor,20,469.046841,24.0,0.0,53.48,0,0,24.0,1.0,0.0,0,0.0
39,S1,H5,processor,20,172.12631940909154,24.0,0.0,0.0,1,0,24.0,1.0,0.0,0,0.0
39,S1,H7,loader,20,195.88547099999892,24.0,0.0,0.0,1,0,24.0,1.0,0.0,0,0.0
39,S1,H8,loader,20,0.0,24.0,0.0,0.0,1,0,24.0,1.0,0.0,0,0.0
39,S1,H9,loader,20,451.958924,24.0,0.0,0.0,0,0,24.0,1.0,0.0,0,0.0
40,S1,H4,processor,20,547.23705,24.0,0.0,53.72,0,0,24.0,1.0,0.0,0,0.0
40,S1,H7,loader,20,362.3675671016367,24.0,0.0,54.92,0,0,24.0,1.0,0.0,0,0.0
40,S1,H8,loader,20,456.725789,24.0,0.0,53.48,0,0,24.0,1.0,0.0,0,0.0
40,S1,H9,loader,20,17.2243499999999,24.0,0.0,0.0,1,0,24.0,1.0,0.0,0,0.0
41,S1,H4,processor,20,328.3327887,24.0,0.0,53.72,0,0,24.0,1.0,0.0,0,0.3
41,S1,H7,loader,20,340.1002318,24.0,0.0,53.72,0,0,24.0,1.0,0.0,0,0.3
41,S1,H8,loader,20,176.48840376067417,24.0,0.0,0.0,0,0,24.0,1.0,0.0,0,0.3
42,S1,H3,grapple_skidder,20,678.968019,24.0,0.0,0.0,0,0,24.0,1.0,0.0,0,0.0
42,S1,H7,loader,20,474.741639,24.0,0.0,53.72,0,0,24.0,1.0,0.0,0,0.0
42,S1,H8,loader,20,408.8519049999998,24.0,0.0,0.0,0,0,24.0,1.0,0.0,0,0.0
1,S1,H1,feller_buncher,21,1220.906942,24.0,0.0,0.0,0,0,24.0,1.0,0.0,0,0.0
1,S1,H2,feller_buncher,21,1299.478592,24.0,0.0,0.0,0,0,24.0,1.0,0.0,0,0.0
2,S1,H1,feller_buncher,21,1220.906942,24.0,0.0,0.0,0,0,24.0,1.0,0.0,0,0.0
2,S1,H2,feller_buncher,21,1164.04956,24.0,0.0,53.72,0,0,24.0,1.0,0.0,0,0.0
2,S1,H3,grapple_skidder,21,678.968019,24.0,0.0,0.0,0,0,24.0,1.0,0.0,0,0.0
3,S1,H1,feller_buncher,21,1176.844281,24.0,0.0,53.48,0,0,24.0,1.0,0.0,0,0.0
3,S1,H2,feller_buncher,21,888.796776,24.0,0.0,53.24,0,0,24.0,1.0,0.0,0,0.0
3,S1,H3,grapple_skidder,21,778.104169,24.0,0.0,53.72,0,0,24.0,1.0,0.0,0,0.0
3,S1,H4,processor,21,547.23705,24.0,0.0,0.0,0,0,24.0,1.0,0.0,0,0.0
4,S1,H1,feller_buncher,21,1176.844281,24.0,0.0,0.0,0,0,24.0,1.0,0.0,0,0.0
4,S1,H2,feller_buncher,21,888.796776,24.0,0.0,0.0,0,0,24.0,1.0,0.0,0,0.0
4,S1,H3,grapple_skidder,21,1332.369187,24.0,0.0,54.68,0,0,24.0,1.0,0.0,0,0.0
4,S1,H4,processor,21,469.046841,24.0,0.0,53.72,0,0,24.0,1.0,0.0,0,0.0
4,S1,H7,loader,21,485.857474,24.0,0.0,0.0,0,0,24.0,1.0,0.0,0,0.0
5,S1,H1,feller_buncher,21,1164.04956,24.0,0.0,54.2,0,0,24.0,1.0,0.0,0,0.0
5,S1,H2,feller_buncher,21,961.553907,24.0,0.0,53.24,0,0,24.0,1.0,0.0,0,0.0
5,S1,H3,grapple_skidder,21,1164.728216,24.0,0.0,53.48,0,0,24.0,1.0,0.0,0,0.0
5,S1,H4,processor,21,531.895933,24.0,0.0,54.68,0,0,24.0,1.0,0.0,0,0.0
6,S1,H1,feller_buncher,21,256.1621419999998,24.0,0.0,53.24,0,0,24.0,1.0,0.0,0,0.0
6,S1,H2,feller_buncher,21,961.553907,24.0,0.0,0.0,0,0,24.0,1.0,0.0,0,0.0
6,S1,H3,grapple_skidder,21,1164.728216,24.0,0.0,0.0,0,0,24.0,1.0,0.0,0,0.0
6,S1,H4,processor,21,531.895933,24.0,0.0,0.0,0,0,24.0,1.0,0.0,0,0.0
7,S1,H1,feller_buncher,21,1164.04956,24.0,0.0,53.24,0,0,24.0,1.0,0.0,0,0.0
7,S1,H2,feller_buncher,21,961.553907,24.0,0.0,0.0,0,0,24.0,1.0,0.0,0,0.0
7,S1,H3,grapple_skidder,21,809.624168,24.0,0.0,54.44,0,0,24.0,1.0,0.0,0,0.0
7,S1,H4,processor,21,517.165642,24.0,0.0,53.48,0,0,24.0,1.0,0.0,0,0.0
7,S1,H7,loader,21,802.411354,24.0,0.0,55.4,0,0,24.0,1.0,0.0,0,0.0
8,S1,H1,feller_buncher,21,860.013242,24.0,0.0,53.24,0,0,24.0,1.0,0.0,0,0.0
8,S1,H2,feller_buncher,21,413.7565330000002,24.0,0.0,0.0,0,0,24.0,1.0,0.0,0,0.0
8,S1,H3,grapple_skidder,21,778.104169,24.0,0.0,53.24,0,0,24.0,1.0,0.0,0,0.0
8,S1,H4,processor,21,517.165642,24.0,0.0,0.0,0,0,24.0,1.0,0.0,0,0.0
8,S1,H5,processor,21,409.650504,24.0,0.0,0.0,0,0,24.0,1.0,0.0,0,0.0
9,S1,H1,feller_buncher,21,909.6350143999999,24.0,0.0,53.96,0,0,24.0,1.0,0.0,0,0.3
9,S1,H2,feller_buncher,21,610.5632314624775,24.0,0.0,55.16,0,0,24.0,1.0,0.0,0,0.3
9,S1,H3,grapple_skidder,21,359.71198021265224,24.0,0.0,0.0,0,0,24.0,1.0,0.0,0,0.3
9,S1,H7,loader,21,481.15529209999994,24.0,0.0,53.48,0,0,24.0,1.0,0.0,0,0.3
10,S1,H1,feller_buncher,21,1299.478592,24.0,0.0,0.0,0,0,24.0,1.0,0.0,0,0.0
10,S1,H2,feller_buncher,21,860.013242,24.0,0.0,54.44,0,0,24.0,1.0,0.0,0,0.0
10,S1,H3,grapple_skidder,21,526.1217550879261,24.0,0.0,53.48,0,0,24.0,1.0,0.0,0,0.0
10,S1,H4,processor,21,421.085961705177,19.54124995976482,4.458750040235181,0.0,0,0,24.0,0.8142187483235341,4.45875004023518,1,0.0
10,S1,H5,processor,21,469.046841,24.0,0.0,53.24,0,0,24.0,1.0,0.0,0,0.0
11,S1,H1,feller_buncher,21,1299.478592,24.0,0.0,0.0,0,0,24.0,1.0,0.0,0,0.0
11,S1,H2,feller_buncher,21,59.00278800000001,24.0,0.0,0.0,0,0,24.0,1.0,0.0,0,0.0
11,S1,H3,grapple_skidder,21,778.104169,24.0,0.0,53.48,0,0,24.0,1.0,0.0,0,0.0
11,S1,H4,processor,21,481.329283,24.0,0.0,54.68,0,0,24.0,1.0,0.0,0,0.0
11,S1,H7,loader,21,687.364703,24.0,0.0,0.0,0,0,24.0,1.0,0.0,0,0.0
12,S1,H1,feller_buncher,21,356.0085949999998,24.0,0.0,0.0,0,0,24.0,1.0,0.0,0,0.0
12,S1,H2,feller_buncher,21,530.5680253321667,24.0,0.0,53.72,0,0,24.0,1.0,0.0,0,0.0
12,S1,H3,grapple_skidder,21,1332.369187,24.0,0.0,54.68,0,0,24.0,1.0,0.0,0,0.0
12,S1,H4,processor,21,237.84343699307442,24.0,0.0,54.68,0,0,24.0,1.0,0.0,0,0.0
12,S1,H7,loader,21,474.741639,24.0,0.0,54.2,0,0,24.0,1.0,0.0,0,0.0
12,S1,H8,loader,21,451.958924,24.0,0.0,0.0,0,0,24.0,1.0,0.0,0,0.0
13,S1,H1,feller_buncher,21,1164.04956,24.0,0.0,53.72,0,0,24.0,1.0,0.0,0,0.0
13,S1,H2,feller_buncher,21,1194.708925,24.0,0.0,53.96,0,0,24.0,1.0,0.0,0,0.0
13,S1,H3,grapple_skidder,21,809.624168,24.0,0.0,54.92,0,0,24.0,1.0,0.0,0,0.0
13,S1,H4,processor,21,422.5033544241028,24.0,0.0,53.48,0,0,24.0,1.0,0.0,0,0.0
13,S1,H7,loader,21,524.7406875982515,24.0,0.0,54.2,1,0,24.0,1.0,0.0,0,0.0
14,S1,H1,feller_buncher,21,1176.844281,24.0,0.0,54.2,0,0,24.0,1.0,0.0,0,0.0
14,S1,H2,feller_buncher,21,1194.708925,24.0,0.0,0.0,0,0,24.0,1.0,0.0,0,0.0
14,S1,H3,grapple_skidder,21,778.104169,24.0,0.0,53.24,0,0,24.0,1.0,0.0,0,0.0
14,S1,H4,processor,21,458.5595802126071,20.69094580781946,3.3090541921805396,0.0,0,0,24.0,0.8621227419924775,3.3090541921805396,1,0.0
14,S1,H5,processor,21,409.650504,24.0,0.0,53.24,0,0,24.0,1.0,0.0,0,0.0
15,S1,H1,feller_buncher,21,823.7909966999999,24.0,0.0,0.0,0,0,24.0,1.0,0.0,0,0.3
15,S1,H2,feller_buncher,21,702.982691665141,20.70553053963906,3.29446946036094,54.92,0,0,24.0,0.8627304391516275,3.29446946036094,1,0.3
15,S1,H3,grapple_skidder,21,646.2398977999999,24.0,0.0,53.24,0,0,24.0,1.0,0.0,0,0.3
15,S1,H4,processor,21,286.75535279999997,24.0,0.0,54.92,0,0,24.0,1.0,0.0,0,0.3
15,S1,H7,loader,21,561.6879478,24.0,0.0,53.48,0,0,24.0,1.0,0.0,0,0.3
16,S1,H1,feller_buncher,21,77.47205898988653,24.0,0.0,0.0,0,0,24.0,1.0,0.0,0,0.0
16,S1,H2,feller_buncher,21,502.7667789999996,24.0,0.0,0.0,0,0,24.0,1.0,0.0,0,0.0
16,S1,H3,grapple_skidder,21,1480.641393,24.0,0.0,54.68,0,0,24.0,1.0,0.0,0,0.0
16,S1,H4,processor,21,531.895933,24.0,0.0,54.92,0,0,24.0,1.0,0.0,0,0.0
16,S1,H5,processor,21,395.784917,24.0,0.0,53.48,0,0,24.0,1.0,0.0,0,0.0
16,S1,H7,loader,21,251.50346011336444,24.0,0.0,54.92,0,0,24.0,1.0,0.0,0,0.0
17,S1,H1,feller_buncher,21,576.960683,24.0,0.0,53.72,0,0,24.0,1.0,0.0,0,0.0
17,S1,H2,feller_buncher,21,787.363583,24.0,0.0,54.44,0,0,24.0,1.0,0.0,0,0.0
17,S1,H3,grapple_skidder,21,530.5680253321667,24.0,0.0,53.96,1,0,24.0,1.0,0.0,0,0.0
17,S1,H4,processor,21,569.826226,24.0,0.0,53.24,0,0,24.0,1.0,0.0,0,0.0
17,S1,H5,processor,21,250.45498079999987,24.0,0.0,0.0,1,0,24.0,1.0,0.0,0,0.0
17,S1,H6,processor,21,469.046841,24.0,0.0,0.0,0,0,24.0,1.0,0.0,0,0.0
17,S1,H7,loader,21,424.433991,24.0,0.0,0.0,0,0,24.0,1.0,0.0,0,0.0
17,S1,H8,loader,21,802.411354,24.0,0.0,55.16,0,0,24.0,1.0,0.0,0,0.0
18,S1,H1,feller_buncher,21,1220.906942,24.0,0.0,54.2,0,0,24.0,1.0,0.0,0,0.0
18,S1,H2,feller_buncher,21,486.3476200000001,24.0,0.0,0.0,0,0,24.0,1.0,0.0,0,0.0
18,S1,H3,grapple_skidder,21,1164.728216,24.0,0.0,53.24,0,0,24.0,1.0,0.0,0,0.0
18,S1,H4,processor,21,569.826226,24.0,0.0,0.0,0,0,24.0,1.0,0.0,0,0.0
18,S1,H5,processor,21,456.082335,24.0,0.0,53.72,0,0,24.0,1.0,0.0,0,0.0
18,S1,H7,loader,21,386.7721524571981,19.55280703526567,4.447192964734331,53.24,0,0,24.0,0.8147002931360695,4.447192964734332,1,0.0
18,S1,H8,loader,21,456.725789,24.0,0.0,54.44,0,0,24.0,1.0,0.0,0,0.0
19,S1,H1,feller_buncher,21,1013.0077249999999,24.0,0.0,0.0,0,0,24.0,1.0,0.0,0,0.0
19,S1,H2,feller_buncher,21,680.207863,24.0,0.0,53.72,0,0,24.0,1.0,0.0,0,0.0
19,S1,H3,grapple_skidder,21,1113.7900539346767,20.986673612881958,3.013326387118042,53.24,0,0,24.0,0.8744447338700816,3.01332638711804,1,0.0
19,S1,H4,processor,21,517.165642,24.0,0.0,53.72,0,0,24.0,1.0,0.0,0,0.0
19,S1,H5,processor,21,74.48569033216671,24.0,0.0,0.0,1,0,24.0,1.0,0.0,0,0.0
19,S1,H6,processor,21,469.046841,24.0,0.0,0.0,0,0,24.0,1.0,0.0,0,0.0
19,S1,H7,loader,21,937.184825,24.0,0.0,54.92,0,0,24.0,1.0,0.0,0,0.0
20,S1,H1,feller_buncher,21,1194.708925,24.0,0.0,53.24,0,0,24.0,1.0,0.0,0,0.0
20,S1,H2,feller_buncher,21,364.89843800000006,24.0,0.0,0.0,0,0,24.0,1.0,0.0,0,0.0
20,S1,H3,grapple_skidder,21,1332.369187,24.0,0.0,53.24,0,0,24.0,1.0,0.0,0,0.0
20,S1,H4,processor,21,517.165642,24.0,0.0,0.0,0,0,24.0,1.0,0.0,0,0.0
20,S1,H5,processor,21,469.046841,24.0,0.0,53.96,0,0,24.0,1.0,0.0,0,0.0
20,S1,H6,processor,21,441.264891,24.0,0.0,54.44,0,0,24.0,1.0,0.0,0,0.0
20,S1,H7,loader,21,530.5680253321667,24.0,0.0,53.96,1,0,24.0,1.0,0.0,0,0.0
21,S1,H3,grapple_skidder,21,739.620424,24.0,0.0,55.16,0,0,24.0,1.0,0.0,0,0.0
21,S1,H4,processor,21,531.895933,24.0,0.0,53.48,0,0,24.0,1.0,0.0,0,0.0
21,S1,H5,processor,21,469.046841,24.0,0.0,0.0,0,0,24.0,1.0,0.0,0,0.0
21,S1,H6,processor,21,441.264891,24.0,0.0,0.0,0,0,24.0,1.0,0.0,0,0.0
21,S1,H7,loader,21,687.364703,24.0,0.0,53.24,0,0,24.0,1.0,0.0,0,0.0
22,S1,H3,grapple_skidder,21,1480.641393,24.0,0.0,55.4,0,0,24.0,1.0,0.0,0,0.0
22,S1,H4,processor,21,531.895933,24.0,0.0,0.0,0,0,24.0,1.0,0.0,0,0.0
22,S1,H5,processor,21,481.329283,24.0,0.0,53.48,0,0,24.0,1.0,0.0,0,0.0
22,S1,H6,processor,21,469.046841,24.0,0.0,54.44,0,0,24.0,1.0,0.0,0,0.0
22,S1,H7,loader,21,733.483855,24.0,0.0,53.24,0,0,24.0,1.0,0.0,0,0.0
23,S1,H3,grapple_skidder,21,937.6112506898862,24.0,0.0,53.72,1,0,24.0,1.0,0.0,0,0.0
23,S1,H4,processor,21,569.826226,24.0,0.0,53.24,0,0,24.0,1.0,0.0,0,0.0
23,S1,H5,processor,21,303.08361308792615,24.0,0.0,0.0,1,0,24.0,1.0,0.0,0,0.0
23,S1,H6,processor,21,188.8007692126523,24.0,0.0,0.0,1,0,24.0,1.0,0.0,0,0.0
23,S1,H7,loader,21,802.411354,24.0,0.0,53.24,0,0,24.0,1.0,0.0,0,0.0
24,S1,H3,grapple_skidder,21,739.620424,24.0,0.0,54.68,0,0,24.0,1.0,0.0,0,0.0
24,S1,H4,processor,21,365.5379070782585,24.0,0.0,0.0,0,0,24.0,1.0,0.0,0,0.0
24,S1,H5,processor,21,517.165642,24.0,0.0,54.68,0,0,24.0,1.0,0.0,0,0.0
24,S1,H6,processor,21,231.26027193467672,24.0,0.0,54.44,1,0,24.0,1.0,0.0,0,0.0
24,S1,H7,loader,21,474.741639,24.0,0.0,54.68,0,0,24.0,1.0,0.0,0,0.0
25,S1,H3,grapple_skidder,21,1289.1842214624778,24.0,0.0,55.16,1,0,24.0,1.0,0.0,0,0.0
25,S1,H4,processor,21,481.329283,24.0,0.0,55.4,0,0,24.0,1.0,0.0,0,0.0
25,S1,H5,processor,21,517.165642,24.0,0.0,0.0,0,0,24.0,1.0,0.0,0,0.0
25,S1,H7,loader,21,474.741639,24.0,0.0,0.0,0,0,24.0,1.0,0.0,0,0.0
25,S1,H8,loader,21,380.30619893467673,24.0,0.0,54.2,1,0,24.0,1.0,0.0,0,0.0
25,S1,H9,loader,21,937.184825,24.0,0.0,0.0,0,0,24.0,1.0,0.0,0,0.0
26,S1,H3,grapple_skidder,21,544.6729182999999,24.0,0.0,54.68,0,0,24.0,1.0,0.0,0,0.3
26,S1,H4,processor,21,398.8783582,24.0,0.0,55.4,0,0,24.0,1.0,0.0,0,0.3
26,S1,H5,processor,21,372.3271531,24.0,0.0,53.48,0,0,24.0,1.0,0.0,0,0.3
26,S1,H7,loader,21,481.15529209999994,24.0,0.0,54.2,0,0,24.0,1.0,0.0,0,0.3
26,S1,H8,loader,21,316.3712468,24.0,0.0,54.92,0,0,24.0,1.0,0.0,0,0.3
27,S1,H3,grapple_skidder,21,0.0,24.0,0.0,54.2,1,0,24.0,1.0,0.0,0,0.0
27,S1,H4,processor,21,241.08983124357474,24.0,0.0,54.92,0,0,24.0,1.0,0.0,0,0.0
27,S1,H5,processor,21,531.895933,24.0,0.0,0.0,0,0,24.0,1.0,0.0,0,0.0
27,S1,H7,loader,21,599.5252932782583,24.0,0.0,53.72,1,0,24.0,1.0,0.0,0,0.0
27,S1,H8,loader,21,451.958924,24.0,0.0,0.0,0,0,24.0,1.0,0.0,0,0.0
28,S1,H1,feller_buncher,21,836.2962474999999,24.0,0.0,0.0,0,0,24.0,1.0,0.0,0,0.3
28,S1,H3,grapple_skidder,21,731.5744106999999,24.0,0.0,53.48,0,0,24.0,1.0,0.0,0,0.3
28,S1,H4,processor,21,362.0159494,24.0,0.0,54.2,0,0,24.0,1.0,0.0,0,0.3
28,S1,H7,loader,21,561.6879478,24.0,0.0,53.24,0,0,24.0,1.0,0.0,0,0.3
28,S1,H8,loader,21,332.3191473,24.0,0.0,53.48,0,0,24.0,1.0,0.0,0,0.3
28,S1,H9,loader,21,316.3712468,24.0,0.0,55.4,0,0,24.0,1.0,0.0,0,0.3
29,S1,H3,grapple_skidder,21,739.620424,24.0,0.0,54.2,0,0,24.0,1.0,0.0,0,0.0
29,S1,H4,processor,21,430.907382,24.0,0.0,53.48,0,0,24.0,1.0,0.0,0,0.0
29,S1,H5,processor,21,327.87562486119447,24.0,0.0,0.0,0,0,24.0,1.0,0.0,0,0.0
29,S1,H7,loader,21,687.364703,24.0,0.0,53.48,0,0,24.0,1.0,0.0,0,0.0
29,S1,H8,loader,21,474.741639,24.0,0.0,0.0,0,0,24.0,1.0,0.0,0,0.0
30,S1,H3,grapple_skidder,21,1459.1402364999997,24.0,0.0,55.4,1,0,24.0,1.0,0.0,0,0.0
30,S1,H4,processor,21,164.19408399999998,24.0,0.0,53.48,0,0,24.0,1.0,0.0,0,0.0
30,S1,H5,processor,21,481.329283,24.0,0.0,55.16,0,0,24.0,1.0,0.0,0,0.0
30,S1,H6,processor,21,300.66702869999995,24.0,0.0,53.72,1,0,24.0,1.0,0.0,0,0.0
30,S1,H7,loader,21,537.5035985247738,24.0,0.0,53.48,0,0,24.0,1.0,0.0,0,0.0
30,S1,H8,loader,21,474.741639,24.0,0.0,0.0,0,0,24.0,1.0,0.0,0,0.0
31,S1,H3,grapple_skidder,21,0.0,20.765613313523815,3.234386686476185,53.24,1,0,24.0,0.8652338880634923,3.2343866864761837,1,0.0
31,S1,H4,processor,21,569.826226,24.0,0.0,53.72,0,0,24.0,1.0,0.0,0,0.0
31,S1,H5,processor,21,481.329283,24.0,0.0,0.0,0,0,24.0,1.0,0.0,0,0.0
31,S1,H6,processor,21,0.0,24.0,0.0,0.0,1,0,24.0,1.0,0.0,0,0.0
31,S1,H7,loader,21,687.364703,24.0,0.0,53.48,0,0,24.0,1.0,0.0,0,0.0
31,S1,H8,loader,21,474.741639,24.0,0.0,0.0,0,0,24.0,1.0,0.0,0,0.0
32,S1,H3,grapple_skidder,21,778.104169,24.0,0.0,54.68,0,0,24.0,1.0,0.0,0,0.0
32,S1,H4,processor,21,569.826226,24.0,0.0,0.0,0,0,24.0,1.0,0.0,0,0.0
32,S1,H5,processor,21,513.6504718645733,24.0,0.0,55.16,1,0,24.0,1.0,0.0,0,0.0
32,S1,H7,loader,21,7.131940999999415,24.0,0.0,0.0,0,0,24.0,1.0,0.0,0,0.0
32,S1,H8,loader,21,558.398094,24.0,0.0,53.72,0,0,24.0,1.0,0.0,0,0.0
32,S1,H9,loader,21,328.498704021802,17.443994305383484,6.556005694616516,0.0,0,0,24.0,0.7268330960576451,6.556005694616514,1,0.0
33,S1,H3,grapple_skidder,21,403.87247809999997,24.0,0.0,53.48,0,0,24.0,1.0,0.0,0,0.3
33,S1,H4,processor,21,0.0,24.0,0.0,53.24,1,0,24.0,1.0,0.0,0,0.3
33,S1,H5,processor,21,328.3327887,24.0,0.0,54.68,0,0,24.0,1.0,0.0,0,0.3
33,S1,H7,loader,21,656.0293775,24.0,0.0,53.72,0,0,24.0,1.0,0.0,0,0.3
33,S1,H8,loader,21,173.17631669999992,24.0,0.0,0.0,1,0,24.0,1.0,0.0,0,0.3
33,S1,H9,loader,21,316.3712468,24.0,0.0,0.0,0,0,24.0,1.0,0.0,0,0.3
34,S1,H1,feller_buncher,21,140.55055100000027,24.0,0.0,0.0,0,0,24.0,1.0,0.0,0,0.0
34,S1,H3,grapple_skidder,21,414.50735799999984,24.0,0.0,53.72,0,0,24.0,1.0,0.0,0,0.0
34,S1,H4,processor,21,403.87247809999997,24.0,0.0,54.2,1,0,24.0,1.0,0.0,0,0.0
34,S1,H5,processor,21,469.046841,24.0,0.0,0.0,0,0,24.0,1.0,0.0,0,0.0
34,S1,H7,loader,21,802.411354,24.0,0.0,53.24,0,0,24.0,1.0,0.0,0,0.0
35,S1,H3,grapple_skidder,21,140.55055100000027,24.0,0.0,55.16,1,0,24.0,1.0,0.0,0,0.0
35,S1,H4,processor,21,0.0,24.0,0.0,0.0,1,0,24.0,1.0,0.0,0,0.0
35,S1,H5,processor,21,409.650504,24.0,0.0,53.24,0,0,24.0,1.0,0.0,0,0.0
35,S1,H7,loader,21,279.7560149999996,24.0,0.0,0.0,0,0,24.0,1.0,0.0,0,0.0
35,S1,H8,loader,21,474.741639,24.0,0.0,53.72,0,0,24.0,1.0,0.0,0,0.0
36,S1,H3,grapple_skidder,21,855.829418,24.0,0.0,54.68,0,0,24.0,1.0,0.0,0,0.0
36,S1,H4,processor,21,569.826226,24.0,0.0,54.44,0,0,24.0,1.0,0.0,0,0.0
36,S1,H5,processor,21,395.15367800000007,24.0,0.0,0.0,0,0,24.0,1.0,0.0,0,0.0
36,S1,H7,loader,21,403.87247809999997,24.0,0.0,54.2,1,0,24.0,1.0,0.0,0,0.0
36,S1,H8,loader,21,468.31534439902833,24.0,0.0,0.0,1,0,24.0,1.0,0.0,0,0.0
37,S1,H3,grapple_skidder,21,339.93655800000056,24.0,0.0,53.72,0,0,24.0,1.0,0.0,0,0.0
37,S1,H4,processor,21,360.77644299999906,24.0,0.0,0.0,0,0,24.0,1.0,0.0,0,0.0
37,S1,H5,processor,21,395.784917,24.0,0.0,53.48,0,0,24.0,1.0,0.0,0,0.0
37,S1,H7,loader,21,0.0,24.0,0.0,0.0,1,0,24.0,1.0,0.0,0,0.0
37,S1,H8,loader,21,424.433991,24.0,0.0,53.24,0,0,24.0,1.0,0.0,0,0.0
38,S1,H3,grapple_skidder,21,778.104169,24.0,0.0,53.48,0,0,24.0,1.0,0.0,0,0.0
38,S1,H4,processor,21,194.30923485624575,24.0,0.0,55.4,0,0,24.0,1.0,0.0,0,0.0
38,S1,H5,processor,21,395.784917,24.0,0.0,0.0,0,0,24.0,1.0,0.0,0,0.0
38,S1,H7,loader,21,937.184825,24.0,0.0,54.44,0,0,24.0,1.0,0.0,0,0.0
38,S1,H8,loader,21,424.433991,24.0,0.0,0.0,0,0,24.0,1.0,0.0,0,0.0
39,S1,H3,grapple_skidder,21,678.968019,24.0,0.0,53.72,0,0,24.0,1.0,0.0,0,0.0
39,S1,H4,processor,21,469.046841,24.0,0.0,53.48,0,0,24.0,1.0,0.0,0,0.0
39,S1,H5,processor,21,64.25958400000002,24.0,0.0,0.0,1,0,24.0,1.0,0.0,0,0.0
39,S1,H7,loader,21,233.462125999999,24.0,0.0,0.0,0,0,24.0,1.0,0.0,0,0.0
39,S1,H8,loader,21,336.0197300000002,24.0,0.0,0.0,0,0,24.0,1.0,0.0,0,0.0
39,S1,H9,loader,21,451.958924,24.0,0.0,0.0,0,0,24.0,1.0,0.0,0,0.0
40,S1,H4,processor,21,383.06593499999997,24.0,0.0,53.72,0,0,24.0,1.0,0.0,0,0.3
40,S1,H7,loader,21,215.02006497140326,24.0,0.0,54.92,0,0,24.0,1.0,0.0,0,0.3
40,S1,H8,loader,21,138.7177550691874,24.0,0.0,53.48,0,0,24.0,1.0,0.0,0,0.3
40,S1,H9,loader,21,94.29405019999983,24.0,0.0,0.0,0,0,24.0,1.0,0.0,0,0.3
41,S1,H4,processor,21,328.3327887,24.0,0.0,53.72,0,0,24.0,1.0,0.0,0,0.3
41,S1,H7,loader,21,340.1002318,24.0,0.0,53.72,0,0,24.0,1.0,0.0,0,0.3
41,S1,H8,loader,21,319.7080523,24.0,0.0,0.0,0,0,24.0,1.0,0.0,0,0.3
42,S1,H3,grapple_skidder,21,678.968019,24.0,0.0,0.0,0,0,24.0,1.0,0.0,0,0.0
42,S1,H7,loader,21,474.741639,24.0,0.0,53.72,0,0,24.0,1.0,0.0,0,0.0
42,S1,H8,loader,21,323.652699762281,24.0,0.0,0.0,0,0,24.0,1.0,0.0,0,0.0
1,S1,H1,feller_buncher,22,1220.906942,24.0,0.0,0.0,0,0,24.0,1.0,0.0,0,0.0
1,S1,H2,feller_buncher,22,1299.478592,24.0,0.0,0.0,0,0,24.0,1.0,0.0,0,0.0
2,S1,H1,feller_buncher,22,1220.906942,24.0,0.0,0.0,0,0,24.0,1.0,0.0,0,0.0
2,S1,H2,feller_buncher,22,1164.04956,24.0,0.0,53.72,0,0,24.0,1.0,0.0,0,0.0
2,S1,H3,grapple_skidder,22,678.968019,24.0,0.0,0.0,0,0,24.0,1.0,0.0,0,0.0
3,S1,H1,feller_buncher,22,1176.844281,24.0,0.0,53.48,0,0,24.0,1.0,0.0,0,0.0
3,S1,H2,feller_buncher,22,888.796776,24.0,0.0,53.24,0,0,24.0,1.0,0.0,0,0.0
3,S1,H3,grapple_skidder,22,778.104169,24.0,0.0,53.72,0,0,24.0,1.0,0.0,0,0.0
3,S1,H4,processor,22,547.23705,24.0,0.0,0.0,0,0,24.0,1.0,0.0,0,0.0
4,S1,H1,feller_buncher,22,1176.844281,24.0,0.0,0.0,0,0,24.0,1.0,0.0,0,0.0
4,S1,H2,feller_buncher,22,888.796776,24.0,0.0,0.0,0,0,24.0,1.0,0.0,0,0.0
4,S1,H3,grapple_skidder,22,1332.369187,24.0,0.0,54.68,0,0,24.0,1.0,0.0,0,0.0
4,S1,H4,processor,22,469.046841,24.0,0.0,53.72,0,0,24.0,1.0,0.0,0,0.0
4,S1,H7,loader,22,485.857474,24.0,0.0,0.0,0,0,24.0,1.0,0.0,0,0.0
5,S1,H1,feller_buncher,22,1032.2585247377008,21.282774758924198,2.717225241075802,54.2,0,0,24.0,0.8867822816218416,2.717225241075801,1,0.0
5,S1,H2,feller_buncher,22,961.553907,24.0,0.0,53.24,0,0,24.0,1.0,0.0,0,0.0
5,S1,H3,grapple_skidder,22,1164.728216,24.0,0.0,53.48,0,0,24.0,1.0,0.0,0,0.0
5,S1,H4,processor,22,531.895933,24.0,0.0,54.68,0,0,24.0,1.0,0.0,0,0.0
6,S1,H1,feller_buncher,22,256.1621419999998,24.0,0.0,53.24,0,0,24.0,1.0,0.0,0,0.0
6,S1,H2,feller_buncher,22,961.553907,24.0,0.0,0.0,0,0,24.0,1.0,0.0,0,0.0
6,S1,H3,grapple_skidder,22,1164.728216,24.0,0.0,0.0,0,0,24.0,1.0,0.0,0,0.0
6,S1,H4,processor,22,531.895933,24.0,0.0,0.0,0,0,24.0,1.0,0.0,0,0.0
7,S1,H1,feller_buncher,22,1164.04956,24.0,0.0,53.24,0,0,24.0,1.0,0.0,0,0.0
7,S1,H2,feller_buncher,22,961.553907,24.0,0.0,0.0,0,0,24.0,1.0,0.0,0,0.0
7,S1,H3,grapple_skidder,22,809.624168,24.0,0.0,54.44,0,0,24.0,1.0,0.0,0,0.0
7,S1,H4,processor,22,517.165642,24.0,0.0,53.48,0,0,24.0,1.0,0.0,0,0.0
7,S1,H7,loader,22,802.411354,24.0,0.0,55.4,0,0,24.0,1.0,0.0,0,0.0
8,S1,H1,feller_buncher,22,860.013242,24.0,0.0,53.24,0,0,24.0,1.0,0.0,0,0.0
8,S1,H2,feller_buncher,22,413.7565330000002,24.0,0.0,0.0,0,0,24.0,1.0,0.0,0,0.0
8,S1,H3,grapple_skidder,22,687.3461875874389,21.200642740803172,2.799357259196828,53.24,0,0,24.0,0.8833601142001322,2.799357259196829,1,0.0
8,S1,H4,processor,22,517.165642,24.0,0.0,0.0,0,0,24.0,1.0,0.0,0,0.0
8,S1,H5,processor,22,315.14579887129094,24.0,0.0,0.0,0,0,24.0,1.0,0.0,0,0.0
9,S1,H1,feller_buncher,22,1299.478592,24.0,0.0,53.96,0,0,24.0,1.0,0.0,0,0.0
9,S1,H2,feller_buncher,22,1220.906942,24.0,0.0,55.16,0,0,24.0,1.0,0.0,0,0.0
9,S1,H3,grapple_skidder,22,778.104169,24.0,0.0,0.0,0,0,24.0,1.0,0.0,0,0.0
9,S1,H7,loader,22,687.364703,24.0,0.0,53.48,0,0,24.0,1.0,0.0,0,0.0
10,S1,H1,feller_buncher,22,1299.478592,24.0,0.0,0.0,0,0,24.0,1.0,0.0,0,0.0
10,S1,H2,feller_buncher,22,860.013242,24.0,0.0,54.44,0,0,24.0,1.0,0.0,0,0.0
10,S1,H3,grapple_skidder,22,739.620424,24.0,0.0,53.48,0,0,24.0,1.0,0.0,0,0.0
10,S1,H4,processor,22,517.165642,24.0,0.0,0.0,0,0,24.0,1.0,0.0,0,0.0
10,S1,H5,processor,22,469.046841,24.0,0.0,53.24,0,0,24.0,1.0,0.0,0,0.0
11,S1,H1,feller_buncher,22,909.6350143999999,24.0,0.0,0.0,0,0,24.0,1.0,0.0,0,0.3
11,S1,H2,feller_buncher,22,24.310172737725107,24.0,0.0,0.0,0,0,24.0,1.0,0.0,0,0.3
11,S1,H3,grapple_skidder,22,544.6729182999999,24.0,0.0,53.48,0,0,24.0,1.0,0.0,0,0.3
11,S1,H4,processor,22,272.1986877650588,19.389068496917446,4.610931503082554,54.68,0,0,24.0,0.8078778540382269,4.610931503082554,1,0.3
11,S1,H7,loader,22,401.03291931397547,20.003500369970084,3.9964996300299163,0.0,0,0,24.0,0.8334791820820868,3.996499630029918,1,0.3
12,S1,H1,feller_buncher,22,249.20601649999983,24.0,0.0,0.0,0,0,24.0,1.0,0.0,0,0.3
12,S1,H2,feller_buncher,22,472.22269289999997,24.0,0.0,53.72,0,0,24.0,1.0,0.0,0,0.3
12,S1,H3,grapple_skidder,22,932.6584309,24.0,0.0,54.68,0,0,24.0,1.0,0.0,0,0.3
12,S1,H4,processor,22,362.0159494,24.0,0.0,54.68,0,0,24.0,1.0,0.0,0,0.3
12,S1,H7,loader,22,332.3191473,24.0,0.0,54.2,0,0,24.0,1.0,0.0,0,0.3
12,S1,H8,loader,22,272.1986877650588,24.0,0.0,0.0,1,0,24.0,1.0,0.0,0,0.3
13,S1,H1,feller_buncher,22,886.7491081917135,24.0,0.0,53.72,0,0,24.0,1.0,0.0,0,0.0
13,S1,H2,feller_buncher,22,1194.708925,24.0,0.0,53.96,0,0,24.0,1.0,0.0,0,0.0
13,S1,H3,grapple_skidder,22,809.624168,24.0,0.0,54.92,0,0,24.0,1.0,0.0,0,0.0
13,S1,H4,processor,22,531.895933,24.0,0.0,53.48,0,0,24.0,1.0,0.0,0,0.0
13,S1,H7,loader,22,636.2455618005633,22.215125997259015,1.7848740027409846,54.2,0,0,24.0,0.9256302498857923,1.7848740027409864,1,0.0
14,S1,H1,feller_buncher,22,1176.844281,24.0,0.0,54.2,0,0,24.0,1.0,0.0,0,0.0
14,S1,H2,feller_buncher,22,1194.708925,24.0,0.0,0.0,0,0,24.0,1.0,0.0,0,0.0
14,S1,H3,grapple_skidder,22,778.104169,24.0,0.0,53.24,0,0,24.0,1.0,0.0,0,0.0
14,S1,H4,processor,22,531.895933,24.0,0.0,0.0,0,0,24.0,1.0,0.0,0,0.0
14,S1,H5,processor,22,409.650504,24.0,0.0,53.24,0,0,24.0,1.0,0.0,0,0.0
15,S1,H1,feller_buncher,22,823.7909966999999,24.0,0.0,0.0,0,0,24.0,1.0,0.0,0,0.3
15,S1,H2,feller_buncher,22,814.8346919999999,24.0,0.0,54.92,0,0,24.0,1.0,0.0,0,0.3
15,S1,H3,grapple_skidder,22,646.2398977999999,24.0,0.0,53.24,0,0,24.0,1.0,0.0,0,0.3
15,S1,H4,processor,22,286.75535279999997,24.0,0.0,54.92,0,0,24.0,1.0,0.0,0,0.3
15,S1,H7,loader,22,561.6879478,24.0,0.0,53.48,0,0,24.0,1.0,0.0,0,0.3
16,S1,H1,feller_buncher,22,111.30773800000088,24.0,0.0,0.0,0,0,24.0,1.0,0.0,0,0.0
16,S1,H2,feller_buncher,22,502.7667789999996,24.0,0.0,0.0,0,0,24.0,1.0,0.0,0,0.0
16,S1,H3,grapple_skidder,22,1174.1298687470742,19.03169598199243,4.968304018007569,54.68,0,0,24.0,0.792987332583018,4.968304018007569,1,0.0
16,S1,H4,processor,22,137.44388589999994,24.0,0.0,54.92,1,0,24.0,1.0,0.0,0,0.0
16,S1,H5,processor,22,395.784917,24.0,0.0,53.48,0,0,24.0,1.0,0.0,0,0.0
16,S1,H7,loader,22,424.433991,24.0,0.0,54.92,0,0,24.0,1.0,0.0,0,0.0
17,S1,H1,feller_buncher,22,576.960683,24.0,0.0,53.72,0,0,24.0,1.0,0.0,0,0.0
17,S1,H2,feller_buncher,22,787.363583,24.0,0.0,54.44,0,0,24.0,1.0,0.0,0,0.0
17,S1,H3,grapple_skidder,22,362.06602944498246,24.0,0.0,53.96,0,0,24.0,1.0,0.0,0,0.0
17,S1,H4,processor,22,569.826226,24.0,0.0,53.24,0,0,24.0,1.0,0.0,0,0.0
17,S1,H5,processor,22,250.45498079999987,24.0,0.0,0.0,1,0,24.0,1.0,0.0,0,0.0
17,S1,H6,processor,22,469.046841,24.0,0.0,0.0,0,0,24.0,1.0,0.0,0,0.0
17,S1,H7,loader,22,424.433991,24.0,0.0,0.0,0,0,24.0,1.0,0.0,0,0.0
17,S1,H8,loader,22,802.411354,24.0,0.0,55.16,0,0,24.0,1.0,0.0,0,0.0
18,S1,H1,feller_buncher,22,1220.906942,24.0,0.0,54.2,0,0,24.0,1.0,0.0,0,0.0
18,S1,H2,feller_buncher,22,486.3476200000001,24.0,0.0,0.0,0,0,24.0,1.0,0.0,0,0.0
18,S1,H3,grapple_skidder,22,1164.728216,24.0,0.0,53.24,0,0,24.0,1.0,0.0,0,0.0
18,S1,H4,processor,22,569.826226,24.0,0.0,0.0,0,0,24.0,1.0,0.0,0,0.0
18,S1,H5,processor,22,362.06602944498246,24.0,0.0,53.72,1,0,24.0,1.0,0.0,0,0.0
18,S1,H7,loader,22,474.741639,24.0,0.0,53.24,0,0,24.0,1.0,0.0,0,0.0
18,S1,H8,loader,22,456.725789,24.0,0.0,54.44,0,0,24.0,1.0,0.0,0,0.0
19,S1,H1,feller_buncher,22,709.1054075,24.0,0.0,0.0,0,0,24.0,1.0,0.0,0,0.3
19,S1,H2,feller_buncher,22,476.1455040999999,24.0,0.0,53.72,0,0,24.0,1.0,0.0,0,0.3
19,S1,H3,grapple_skidder,22,891.5978421,24.0,0.0,53.24,0,0,24.0,1.0,0.0,0,0.3
19,S1,H4,processor,22,362.0159494,24.0,0.0,53.72,0,0,24.0,1.0,0.0,0,0.3
19,S1,H5,processor,22,0.0,24.0,0.0,0.0,1,0,24.0,1.0,0.0,0,0.3
19,S1,H6,processor,22,328.3327887,24.0,0.0,0.0,0,0,24.0,1.0,0.0,0,0.3
19,S1,H7,loader,22,656.0293775,24.0,0.0,54.92,0,0,24.0,1.0,0.0,0,0.3
20,S1,H1,feller_buncher,22,608.7776619988798,24.0,0.0,53.24,0,0,24.0,1.0,0.0,0,0.0
20,S1,H2,feller_buncher,22,364.89843800000006,24.0,0.0,0.0,0,0,24.0,1.0,0.0,0,0.0
20,S1,H3,grapple_skidder,22,1332.369187,24.0,0.0,53.24,0,0,24.0,1.0,0.0,0,0.0
20,S1,H4,processor,22,517.165642,24.0,0.0,0.0,0,0,24.0,1.0,0.0,0,0.0
20,S1,H5,processor,22,469.046841,24.0,0.0,53.96,0,0,24.0,1.0,0.0,0,0.0
20,S1,H6,processor,22,441.264891,24.0,0.0,54.44,0,0,24.0,1.0,0.0,0,0.0
20,S1,H7,loader,22,362.06602944498246,24.0,0.0,53.96,1,0,24.0,1.0,0.0,0,0.0
21,S1,H3,grapple_skidder,22,739.620424,24.0,0.0,55.16,0,0,24.0,1.0,0.0,0,0.0
21,S1,H4,processor,22,531.895933,24.0,0.0,53.48,0,0,24.0,1.0,0.0,0,0.0
21,S1,H5,processor,22,469.046841,24.0,0.0,0.0,0,0,24.0,1.0,0.0,0,0.0
21,S1,H6,processor,22,441.264891,24.0,0.0,0.0,0,0,24.0,1.0,0.0,0,0.0
21,S1,H7,loader,22,430.71454712557136,24.0,0.0,53.24,0,0,24.0,1.0,0.0,0,0.0
22,S1,H3,grapple_skidder,22,1480.641393,24.0,0.0,55.4,0,0,24.0,1.0,0.0,0,0.0
22,S1,H4,processor,22,531.895933,24.0,0.0,0.0,0,0,24.0,1.0,0.0,0,0.0
22,S1,H5,processor,22,481.329283,24.0,0.0,53.48,0,0,24.0,1.0,0.0,0,0.0
22,S1,H6,processor,22,469.046841,24.0,0.0,54.44,0,0,24.0,1.0,0.0,0,0.0
22,S1,H7,loader,22,733.483855,24.0,0.0,53.24,0,0,24.0,1.0,0.0,0,0.0
23,S1,H3,grapple_skidder,22,971.4469297000005,24.0,0.0,53.72,1,0,24.0,1.0,0.0,0,0.0
23,S1,H4,processor,22,569.826226,24.0,0.0,53.24,0,0,24.0,1.0,0.0,0,0.0
23,S1,H5,processor,22,481.329283,24.0,0.0,0.0,0,0,24.0,1.0,0.0,0,0.0
23,S1,H6,processor,22,423.7177781874391,24.0,0.0,0.0,1,0,24.0,1.0,0.0,0,0.0
23,S1,H7,loader,22,802.411354,24.0,0.0,53.24,0,0,24.0,1.0,0.0,0,0.0
24,S1,H3,grapple_skidder,22,739.620424,24.0,0.0,54.68,0,0,24.0,1.0,0.0,0,0.0
24,S1,H4,processor,22,569.826226,24.0,0.0,0.0,0,0,24.0,1.0,0.0,0,0.0
24,S1,H5,processor,22,517.165642,24.0,0.0,54.68,0,0,24.0,1.0,0.0,0,0.0
24,S1,H6,processor,22,9.068060100000025,24.0,0.0,54.44,1,0,24.0,1.0,0.0,0,0.0
24,S1,H7,loader,22,474.741639,24.0,0.0,54.68,0,0,24.0,1.0,0.0,0,0.0
25,S1,H3,grapple_skidder,22,1030.9849934112372,18.57115886744812,5.428841132551881,55.16,0,0,24.0,0.7737982861436716,5.428841132551881,1,0.0
25,S1,H4,processor,22,481.329283,24.0,0.0,55.4,0,0,24.0,1.0,0.0,0,0.0
25,S1,H5,processor,22,517.165642,24.0,0.0,0.0,0,0,24.0,1.0,0.0,0,0.0
25,S1,H7,loader,22,474.741639,24.0,0.0,0.0,0,0,24.0,1.0,0.0,0,0.0
25,S1,H8,loader,22,158.11398710000003,24.0,0.0,54.2,1,0,24.0,1.0,0.0,0,0.0
25,S1,H9,loader,22,937.184825,24.0,0.0,0.0,0,0,24.0,1.0,0.0,0,0.0
26,S1,H3,grapple_skidder,22,544.6729182999999,24.0,0.0,54.68,0,0,24.0,1.0,0.0,0,0.3
26,S1,H4,processor,22,375.4663577470742,24.0,0.0,55.4,1,0,24.0,1.0,0.0,0,0.3
26,S1,H5,processor,22,372.3271531,24.0,0.0,53.48,0,0,24.0,1.0,0.0,0,0.3
26,S1,H7,loader,22,481.15529209999994,24.0,0.0,54.2,0,0,24.0,1.0,0.0,0,0.3
26,S1,H8,loader,22,316.3712468,24.0,0.0,54.92,0,0,24.0,1.0,0.0,0,0.3
27,S1,H3,grapple_skidder,22,0.0,24.0,0.0,54.2,1,0,24.0,1.0,0.0,0,0.0
27,S1,H4,processor,22,469.046841,24.0,0.0,54.92,0,0,24.0,1.0,0.0,0,0.0
27,S1,H5,processor,22,531.895933,24.0,0.0,0.0,0,0,24.0,1.0,0.0,0,0.0
27,S1,H7,loader,22,937.184825,24.0,0.0,53.72,0,0,24.0,1.0,0.0,0,0.0
27,S1,H8,loader,22,451.958924,24.0,0.0,0.0,0,0,24.0,1.0,0.0,0,0.0
28,S1,H1,feller_buncher,22,1194.708925,24.0,0.0,0.0,0,0,24.0,1.0,0.0,0,0.0
28,S1,H3,grapple_skidder,22,841.0439421,24.0,0.0,53.48,1,0,24.0,1.0,0.0,0,0.0
28,S1,H4,processor,22,517.165642,24.0,0.0,54.2,0,0,24.0,1.0,0.0,0,0.0
28,S1,H7,loader,22,802.411354,24.0,0.0,53.24,0,0,24.0,1.0,0.0,0,0.0
28,S1,H8,loader,22,474.741639,24.0,0.0,53.48,0,0,24.0,1.0,0.0,0,0.0
28,S1,H9,loader,22,451.958924,24.0,0.0,55.4,0,0,24.0,1.0,0.0,0,0.0
29,S1,H3,grapple_skidder,22,739.620424,24.0,0.0,54.2,0,0,24.0,1.0,0.0,0,0.0
29,S1,H4,processor,22,430.907382,24.0,0.0,53.48,0,0,24.0,1.0,0.0,0,0.0
29,S1,H5,processor,22,395.3392283112371,24.0,0.0,0.0,1,0,24.0,1.0,0.0,0,0.0
29,S1,H7,loader,22,687.364703,24.0,0.0,53.48,0,0,24.0,1.0,0.0,0,0.0
29,S1,H8,loader,22,474.741639,24.0,0.0,0.0,0,0,24.0,1.0,0.0,0,0.0
30,S1,H3,grapple_skidder,22,1480.641393,24.0,0.0,55.4,0,0,24.0,1.0,0.0,0,0.0
30,S1,H4,processor,22,121.4401849000003,24.0,0.0,53.48,1,0,24.0,1.0,0.0,0,0.0
30,S1,H5,processor,22,481.329283,24.0,0.0,55.16,0,0,24.0,1.0,0.0,0,0.0
30,S1,H6,processor,22,343.98634995450044,19.1588093956302,4.8411906043698,53.72,0,0,24.0,0.798283724817925,4.841190604369801,1,0.0
30,S1,H7,loader,22,802.411354,24.0,0.0,53.48,0,0,24.0,1.0,0.0,0,0.0
30,S1,H8,loader,22,474.741639,24.0,0.0,0.0,0,0,24.0,1.0,0.0,0,0.0
31,S1,H3,grapple_skidder,22,567.1587449999993,24.0,0.0,53.24,0,0,24.0,1.0,0.0,0,0.0
31,S1,H4,processor,22,569.826226,24.0,0.0,53.72,0,0,24.0,1.0,0.0,0,0.0
31,S1,H5,processor,22,481.329283,24.0,0.0,0.0,0,0,24.0,1.0,0.0,0,0.0
31,S1,H6,processor,22,66.15021014549956,22.841491320090466,1.1585086799095343,0.0,1,0,24.0,0.9517288050037694,1.1585086799095334,1,0.0
31,S1,H7,loader,22,687.364703,24.0,0.0,53.48,0,0,24.0,1.0,0.0,0,0.0
31,S1,H8,loader,22,474.741639,24.0,0.0,0.0,0,0,24.0,1.0,0.0,0,0.0
32,S1,H3,grapple_skidder,22,778.104169,24.0,0.0,54.68,0,0,24.0,1.0,0.0,0,0.0
32,S1,H4,processor,22,569.826226,24.0,0.0,0.0,0,0,24.0,1.0,0.0,0,0.0
32,S1,H5,processor,22,531.895933,24.0,0.0,55.16,0,0,24.0,1.0,0.0,0,0.0
32,S1,H7,loader,22,7.131940999999415,24.0,0.0,0.0,0,0,24.0,1.0,0.0,0,0.0
32,S1,H8,loader,22,558.398094,24.0,0.0,53.72,0,0,24.0,1.0,0.0,0,0.0
32,S1,H9,loader,22,376.5158258658547,19.99380771333218,4.006192286667819,0.0,0,0,24.0,0.8330753213888409,4.006192286667821,1,0.0
33,S1,H3,grapple_skidder,22,576.960683,24.0,0.0,53.48,0,0,24.0,1.0,0.0,0,0.0
33,S1,H4,processor,22,35.26281199999926,24.0,0.0,53.24,1,0,24.0,1.0,0.0,0,0.0
33,S1,H5,processor,22,469.046841,24.0,0.0,54.68,0,0,24.0,1.0,0.0,0,0.0
33,S1,H7,loader,22,937.184825,24.0,0.0,53.72,0,0,24.0,1.0,0.0,0,0.0
33,S1,H8,loader,22,282.6458481000001,24.0,0.0,0.0,1,0,24.0,1.0,0.0,0,0.0
33,S1,H9,loader,22,451.958924,24.0,0.0,0.0,0,0,24.0,1.0,0.0,0,0.0
34,S1,H1,feller_buncher,22,61.855488606629066,24.0,0.0,0.0,0,0,24.0,1.0,0.0,0,0.0
34,S1,H3,grapple_skidder,22,414.50735799999984,24.0,0.0,53.72,0,0,24.0,1.0,0.0,0,0.0
34,S1,H4,processor,22,428.751305,24.0,0.0,54.2,0,0,24.0,1.0,0.0,0,0.0
34,S1,H5,processor,22,384.6834052999999,24.0,0.0,0.0,1,0,24.0,1.0,0.0,0,0.0
34,S1,H7,loader,22,621.7958255112367,24.0,0.0,53.24,1,0,24.0,1.0,0.0,0,0.0
35,S1,H3,grapple_skidder,22,119.3472708584341,21.041608244598066,2.9583917554019337,55.16,1,0,24.0,0.8767336768582528,2.9583917554019328,1,0.0
35,S1,H4,processor,22,148.20937800000002,24.0,0.0,0.0,0,0,24.0,1.0,0.0,0,0.0
35,S1,H5,processor,22,409.650504,24.0,0.0,53.24,0,0,24.0,1.0,0.0,0,0.0
35,S1,H7,loader,22,0.0,24.0,0.0,0.0,1,0,24.0,1.0,0.0,0,0.0
35,S1,H8,loader,22,388.6044541139639,19.64543687042192,4.354563129578079,53.72,0,0,24.0,0.8185598696009134,4.354563129578079,1,0.0
36,S1,H3,grapple_skidder,22,855.829418,24.0,0.0,54.68,0,0,24.0,1.0,0.0,0,0.0
36,S1,H4,processor,22,460.3362118584342,24.0,0.0,54.44,1,0,24.0,1.0,0.0,0,0.0
36,S1,H5,processor,22,395.15367800000007,24.0,0.0,0.0,0,0,24.0,1.0,0.0,0,0.0
36,S1,H7,loader,22,552.163711,24.0,0.0,54.2,0,0,24.0,1.0,0.0,0,0.0
36,S1,H8,loader,22,474.741639,24.0,0.0,0.0,0,0,24.0,1.0,0.0,0,0.0
37,S1,H3,grapple_skidder,22,339.93655800000056,24.0,0.0,53.72,0,0,24.0,1.0,0.0,0,0.0
37,S1,H4,processor,22,0.0,16.526840166392162,7.473159833607838,0.0,1,0,24.0,0.6886183402663401,7.4731598336078395,1,0.0
37,S1,H5,processor,22,311.1484837311141,18.867731661302138,5.1322683386978625,53.48,0,0,24.0,0.7861554858875891,5.132268338697864,1,0.0
37,S1,H7,loader,22,14.623955640574417,24.0,0.0,0.0,0,0,24.0,1.0,0.0,0,0.0
37,S1,H8,loader,22,424.433991,24.0,0.0,53.24,0,0,24.0,1.0,0.0,0,0.0
38,S1,H3,grapple_skidder,22,675.599523741975,24.0,0.0,53.48,1,0,24.0,1.0,0.0,0,0.0
38,S1,H4,processor,22,410.442556,24.0,0.0,55.4,0,0,24.0,1.0,0.0,0,0.0
38,S1,H5,processor,22,395.784917,24.0,0.0,0.0,0,0,24.0,1.0,0.0,0,0.0
38,S1,H7,loader,22,787.1760731055083,24.0,0.0,54.44,1,0,24.0,1.0,0.0,0,0.0
38,S1,H8,loader,22,424.433991,24.0,0.0,0.0,0,0,24.0,1.0,0.0,0,0.0
39,S1,H3,grapple_skidder,22,346.9031978376111,17.517502434619022,6.482497565380978,53.72,0,0,24.0,0.7298959347757926,6.482497565380978,1,0.3
39,S1,H4,processor,22,328.3327887,24.0,0.0,53.48,0,0,24.0,1.0,0.0,0,0.3
39,S1,H5,processor,22,137.12272280000008,24.0,0.0,0.0,0,0,24.0,1.0,0.0,0,0.3
39,S1,H7,loader,22,0.0,24.0,0.0,0.0,1,0,24.0,1.0,0.0,0,0.3
39,S1,H8,loader,22,118.61987367129109,24.0,0.0,0.0,1,0,24.0,1.0,0.0,0,0.3
39,S1,H9,loader,22,316.3712468,24.0,0.0,0.0,0,0,24.0,1.0,0.0,0,0.3
40,S1,H4,processor,22,478.6341668376112,24.0,0.0,53.72,1,0,24.0,1.0,0.0,0,0.0
40,S1,H7,loader,22,241.5473621687269,24.0,0.0,54.92,0,0,24.0,1.0,0.0,0,0.0
40,S1,H8,loader,22,456.725789,24.0,0.0,53.48,0,0,24.0,1.0,0.0,0,0.0
40,S1,H9,loader,22,134.70578599999976,24.0,0.0,0.0,0,0,24.0,1.0,0.0,0,0.0
41,S1,H4,processor,22,217.99902947031103,24.0,0.0,53.72,0,0,24.0,1.0,0.0,0,0.0
41,S1,H7,loader,22,485.857474,24.0,0.0,53.72,0,0,24.0,1.0,0.0,0,0.0
41,S1,H8,loader,22,456.725789,24.0,0.0,0.0,0,0,24.0,1.0,0.0,0,0.0
42,S1,H3,grapple_skidder,22,678.968019,24.0,0.0,0.0,0,0,24.0,1.0,0.0,0,0.0
42,S1,H7,loader,22,474.741639,24.0,0.0,53.72,0,0,24.0,1.0,0.0,0,0.0
42,S1,H8,loader,22,120.11865433111399,24.0,0.0,0.0,1,0,24.0,1.0,0.0,0,0.0
1,S1,H1,feller_buncher,23,1220.906942,24.0,0.0,0.0,0,0,24.0,1.0,0.0,0,0.0
1,S1,H2,feller_buncher,23,1299.478592,24.0,0.0,0.0,0,0,24.0,1.0,0.0,0,0.0
2,S1,H1,feller_buncher,23,1220.906942,24.0,0.0,0.0,0,0,24.0,1.0,0.0,0,0.0
2,S1,H2,feller_buncher,23,1164.04956,24.0,0.0,53.72,0,0,24.0,1.0,0.0,0,0.0
2,S1,H3,grapple_skidder,23,493.7244646303251,24.0,0.0,0.0,0,0,24.0,1.0,0.0,0,0.0
3,S1,H1,feller_buncher,23,1176.844281,24.0,0.0,53.48,0,0,24.0,1.0,0.0,0,0.0
3,S1,H2,feller_buncher,23,888.796776,24.0,0.0,53.24,0,0,24.0,1.0,0.0,0,0.0
3,S1,H3,grapple_skidder,23,778.104169,24.0,0.0,53.72,0,0,24.0,1.0,0.0,0,0.0
3,S1,H4,processor,23,493.7244646303251,24.0,0.0,0.0,1,0,24.0,1.0,0.0,0,0.0
4,S1,H1,feller_buncher,23,1176.844281,24.0,0.0,0.0,0,0,24.0,1.0,0.0,0,0.0
4,S1,H2,feller_buncher,23,888.796776,24.0,0.0,0.0,0,0,24.0,1.0,0.0,0,0.0
4,S1,H3,grapple_skidder,23,1332.369187,24.0,0.0,54.68,0,0,24.0,1.0,0.0,0,0.0
4,S1,H4,processor,23,469.046841,24.0,0.0,53.72,0,0,24.0,1.0,0.0,0,0.0
4,S1,H7,loader,23,485.857474,24.0,0.0,0.0,0,0,24.0,1.0,0.0,0,0.0
5,S1,H1,feller_buncher,23,1164.04956,24.0,0.0,54.2,0,0,24.0,1.0,0.0,0,0.0
5,S1,H2,feller_buncher,23,961.553907,24.0,0.0,53.24,0,0,24.0,1.0,0.0,0,0.0
5,S1,H3,grapple_skidder,23,1164.728216,24.0,0.0,53.48,0,0,24.0,1.0,0.0,0,0.0
5,S1,H4,processor,23,531.895933,24.0,0.0,54.68,0,0,24.0,1.0,0.0,0,0.0
6,S1,H1,feller_buncher,23,179.31349939999984,24.0,0.0,53.24,0,0,24.0,1.0,0.0,0,0.3
6,S1,H2,feller_buncher,23,673.0877349,24.0,0.0,0.0,0,0,24.0,1.0,0.0,0,0.3
6,S1,H3,grapple_skidder,23,815.3097511999999,24.0,0.0,0.0,0,0,24.0,1.0,0.0,0,0.3
6,S1,H4,processor,23,372.3271531,24.0,0.0,0.0,0,0,24.0,1.0,0.0,0,0.3
7,S1,H1,feller_buncher,23,1071.8400898207974,22.09885475640671,1.901145243593291,53.24,0,0,24.0,0.9207856148502795,1.901145243593291,1,0.0
7,S1,H2,feller_buncher,23,961.553907,24.0,0.0,0.0,0,0,24.0,1.0,0.0,0,0.0
7,S1,H3,grapple_skidder,23,809.624168,24.0,0.0,54.44,0,0,24.0,1.0,0.0,0,0.0
7,S1,H4,processor,23,517.165642,24.0,0.0,53.48,0,0,24.0,1.0,0.0,0,0.0
7,S1,H7,loader,23,802.411354,24.0,0.0,55.4,0,0,24.0,1.0,0.0,0,0.0
8,S1,H1,feller_buncher,23,860.013242,24.0,0.0,53.24,0,0,24.0,1.0,0.0,0,0.0
8,S1,H2,feller_buncher,23,191.42046415148926,24.0,0.0,0.0,0,0,24.0,1.0,0.0,0,0.0
8,S1,H3,grapple_skidder,23,629.0414950919819,19.40228119020342,4.597718809796579,53.24,0,0,24.0,0.8084283829251425,4.597718809796578,1,0.0
8,S1,H4,processor,23,517.165642,24.0,0.0,0.0,0,0,24.0,1.0,0.0,0,0.0
8,S1,H5,processor,23,409.650504,24.0,0.0,0.0,0,0,24.0,1.0,0.0,0,0.0
9,S1,H1,feller_buncher,23,1299.478592,24.0,0.0,53.96,0,0,24.0,1.0,0.0,0,0.0
9,S1,H2,feller_buncher,23,1220.906942,24.0,0.0,55.16,0,0,24.0,1.0,0.0,0,0.0
9,S1,H3,grapple_skidder,23,778.104169,24.0,0.0,0.0,0,0,24.0,1.0,0.0,0,0.0
9,S1,H7,loader,23,687.364703,24.0,0.0,53.48,0,0,24.0,1.0,0.0,0,0.0
10,S1,H1,feller_buncher,23,1013.9840031113813,24.0,0.0,0.0,0,0,24.0,1.0,0.0,0,0.0
10,S1,H2,feller_buncher,23,860.013242,24.0,0.0,54.44,0,0,24.0,1.0,0.0,0,0.0
10,S1,H3,grapple_skidder,23,739.620424,24.0,0.0,53.48,0,0,24.0,1.0,0.0,0,0.0
10,S1,H4,processor,23,423.0013587320573,19.630137397196574,4.369862602803426,0.0,0,0,24.0,0.8179223915498572,4.369862602803427,1,0.0
10,S1,H5,processor,23,469.046841,24.0,0.0,53.24,0,0,24.0,1.0,0.0,0,0.0
11,S1,H1,feller_buncher,23,1299.478592,24.0,0.0,0.0,0,0,24.0,1.0,0.0,0,0.0
11,S1,H2,feller_buncher,23,59.00278800000001,24.0,0.0,0.0,0,0,24.0,1.0,0.0,0,0.0
11,S1,H3,grapple_skidder,23,778.104169,24.0,0.0,53.48,0,0,24.0,1.0,0.0,0,0.0
11,S1,H4,processor,23,481.329283,24.0,0.0,54.68,0,0,24.0,1.0,0.0,0,0.0
11,S1,H7,loader,23,687.364703,24.0,0.0,0.0,0,0,24.0,1.0,0.0,0,0.0
12,S1,H1,feller_buncher,23,356.0085949999998,24.0,0.0,0.0,0,0,24.0,1.0,0.0,0,0.0
12,S1,H2,feller_buncher,23,674.603847,24.0,0.0,53.72,0,0,24.0,1.0,0.0,0,0.0
12,S1,H3,grapple_skidder,23,1332.369187,24.0,0.0,54.68,0,0,24.0,1.0,0.0,0,0.0
12,S1,H4,processor,23,517.165642,24.0,0.0,54.68,0,0,24.0,1.0,0.0,0,0.0
12,S1,H7,loader,23,474.741639,24.0,0.0,54.2,0,0,24.0,1.0,0.0,0,0.0
12,S1,H8,loader,23,451.958924,24.0,0.0,0.0,0,0,24.0,1.0,0.0,0,0.0
13,S1,H1,feller_buncher,23,814.8346919999999,24.0,0.0,53.72,0,0,24.0,1.0,0.0,0,0.3
13,S1,H2,feller_buncher,23,836.2962474999999,24.0,0.0,53.96,0,0,24.0,1.0,0.0,0,0.3
13,S1,H3,grapple_skidder,23,566.7369176,24.0,0.0,54.92,0,0,24.0,1.0,0.0,0,0.3
13,S1,H4,processor,23,372.3271531,24.0,0.0,53.48,0,0,24.0,1.0,0.0,0,0.3
13,S1,H7,loader,23,481.15529209999994,24.0,0.0,54.2,0,0,24.0,1.0,0.0,0,0.3
14,S1,H1,feller_buncher,23,1176.844281,24.0,0.0,54.2,0,0,24.0,1.0,0.0,0,0.0
14,S1,H2,feller_buncher,23,1194.708925,24.0,0.0,0.0,0,0,24.0,1.0,0.0,0,0.0
14,S1,H3,grapple_skidder,23,778.104169,24.0,0.0,53.24,0,0,24.0,1.0,0.0,0,0.0
14,S1,H4,processor,23,531.895933,24.0,0.0,0.0,0,0,24.0,1.0,0.0,0,0.0
14,S1,H5,processor,23,409.650504,24.0,0.0,53.24,0,0,24.0,1.0,0.0,0,0.0
15,S1,H1,feller_buncher,23,1176.844281,24.0,0.0,0.0,0,0,24.0,1.0,0.0,0,0.0
15,S1,H2,feller_buncher,23,1164.04956,24.0,0.0,54.92,0,0,24.0,1.0,0.0,0,0.0
15,S1,H3,grapple_skidder,23,923.199854,24.0,0.0,53.24,0,0,24.0,1.0,0.0,0,0.0
15,S1,H4,processor,23,409.650504,24.0,0.0,54.92,0,0,24.0,1.0,0.0,0,0.0
15,S1,H7,loader,23,802.411354,24.0,0.0,53.48,0,0,24.0,1.0,0.0,0,0.0
16,S1,H1,feller_buncher,23,98.08273584885377,21.148445765490912,2.851554234509088,0.0,0,0,24.0,0.881185240228788,2.8515542345090896,1,0.0
16,S1,H2,feller_buncher,23,334.2057121368586,24.0,0.0,0.0,0,0,24.0,1.0,0.0,0,0.0
16,S1,H3,grapple_skidder,23,1480.641393,24.0,0.0,54.68,0,0,24.0,1.0,0.0,0,0.0
16,S1,H4,processor,23,531.895933,24.0,0.0,54.92,0,0,24.0,1.0,0.0,0,0.0
16,S1,H5,processor,23,395.784917,24.0,0.0,53.48,0,0,24.0,1.0,0.0,0,0.0
16,S1,H7,loader,23,328.0664563973276,24.0,0.0,54.92,0,0,24.0,1.0,0.0,0,0.0
17,S1,H1,feller_buncher,23,576.960683,24.0,0.0,53.72,0,0,24.0,1.0,0.0,0,0.0
17,S1,H2,feller_buncher,23,787.363583,24.0,0.0,54.44,0,0,24.0,1.0,0.0,0,0.0
17,S1,H3,grapple_skidder,23,674.603847,24.0,0.0,53.96,0,0,24.0,1.0,0.0,0,0.0
17,S1,H4,processor,23,569.826226,24.0,0.0,53.24,0,0,24.0,1.0,0.0,0,0.0
17,S1,H5,processor,23,395.784917,24.0,0.0,0.0,0,0,24.0,1.0,0.0,0,0.0
17,S1,H6,processor,23,469.046841,24.0,0.0,0.0,0,0,24.0,1.0,0.0,0,0.0
17,S1,H7,loader,23,424.433991,24.0,0.0,0.0,0,0,24.0,1.0,0.0,0,0.0
17,S1,H8,loader,23,735.5193972000001,24.0,0.0,55.16,1,0,24.0,1.0,0.0,0,0.0
18,S1,H1,feller_buncher,23,1220.906942,24.0,0.0,54.2,0,0,24.0,1.0,0.0,0,0.0
18,S1,H2,feller_buncher,23,486.3476200000001,24.0,0.0,0.0,0,0,24.0,1.0,0.0,0,0.0
18,S1,H3,grapple_skidder,23,1164.728216,24.0,0.0,53.24,0,0,24.0,1.0,0.0,0,0.0
18,S1,H4,processor,23,569.826226,24.0,0.0,0.0,0,0,24.0,1.0,0.0,0,0.0
18,S1,H5,processor,23,456.082335,24.0,0.0,53.72,0,0,24.0,1.0,0.0,0,0.0
18,S1,H7,loader,23,407.5980721497894,20.605636683145345,3.3943633168546548,53.24,0,0,24.0,0.8585681951310561,3.394363316854654,1,0.0
18,S1,H8,loader,23,456.725789,24.0,0.0,54.44,0,0,24.0,1.0,0.0,0,0.0
19,S1,H1,feller_buncher,23,1013.0077249999999,24.0,0.0,0.0,0,0,24.0,1.0,0.0,0,0.0
19,S1,H2,feller_buncher,23,680.207863,24.0,0.0,53.72,0,0,24.0,1.0,0.0,0,0.0
19,S1,H3,grapple_skidder,23,1273.711203,24.0,0.0,53.24,0,0,24.0,1.0,0.0,0,0.0
19,S1,H4,processor,23,441.96281624879765,20.51007787166794,3.4899221283320614,53.72,0,0,24.0,0.8545865779861641,3.4899221283320627,1,0.0
19,S1,H5,processor,23,218.52151199999997,24.0,0.0,0.0,0,0,24.0,1.0,0.0,0,0.0
19,S1,H6,processor,23,469.046841,24.0,0.0,0.0,0,0,24.0,1.0,0.0,0,0.0
19,S1,H7,loader,23,937.184825,24.0,0.0,54.92,0,0,24.0,1.0,0.0,0,0.0
20,S1,H1,feller_buncher,23,1194.708925,24.0,0.0,53.24,0,0,24.0,1.0,0.0,0,0.0
20,S1,H2,feller_buncher,23,364.89843800000006,24.0,0.0,0.0,0,0,24.0,1.0,0.0,0,0.0
20,S1,H3,grapple_skidder,23,1332.369187,24.0,0.0,53.24,0,0,24.0,1.0,0.0,0,0.0
20,S1,H4,processor,23,354.205238113704,24.0,0.0,0.0,0,0,24.0,1.0,0.0,0,0.0
20,S1,H5,processor,23,469.046841,24.0,0.0,53.96,0,0,24.0,1.0,0.0,0,0.0
20,S1,H6,processor,23,441.264891,24.0,0.0,54.44,0,0,24.0,1.0,0.0,0,0.0
20,S1,H7,loader,23,674.603847,24.0,0.0,53.96,0,0,24.0,1.0,0.0,0,0.0
21,S1,H3,grapple_skidder,23,739.620424,24.0,0.0,55.16,0,0,24.0,1.0,0.0,0,0.0
21,S1,H4,processor,23,531.895933,24.0,0.0,53.48,0,0,24.0,1.0,0.0,0,0.0
21,S1,H5,processor,23,469.046841,24.0,0.0,0.0,0,0,24.0,1.0,0.0,0,0.0
21,S1,H6,processor,23,441.264891,24.0,0.0,0.0,0,0,24.0,1.0,0.0,0,0.0
21,S1,H7,loader,23,687.364703,24.0,0.0,53.24,0,0,24.0,1.0,0.0,0,0.0
22,S1,H3,grapple_skidder,23,1480.641393,24.0,0.0,55.4,0,0,24.0,1.0,0.0,0,0.0
22,S1,H4,processor,23,447.34641109059254,20.184989581738765,3.8150104182612345,0.0,0,0,24.0,0.8410412325724486,3.815010418261236,1,0.0
22,S1,H5,processor,23,481.329283,24.0,0.0,53.48,0,0,24.0,1.0,0.0,0,0.0
22,S1,H6,processor,23,411.64455395487374,21.0628628770937,2.9371371229063,54.44,0,0,24.0,0.8776192865455709,2.937137122906301,1,0.0
22,S1,H7,loader,23,733.483855,24.0,0.0,53.24,0,0,24.0,1.0,0.0,0,0.0
23,S1,H3,grapple_skidder,23,1164.728216,24.0,0.0,53.72,0,0,24.0,1.0,0.0,0,0.0
23,S1,H4,processor,23,569.826226,24.0,0.0,53.24,0,0,24.0,1.0,0.0,0,0.0
23,S1,H5,processor,23,481.329283,24.0,0.0,0.0,0,0,24.0,1.0,0.0,0,0.0
23,S1,H6,processor,23,441.1327310591408,22.571702056126586,1.4282979438734138,0.0,0,0,24.0,0.9404875856719411,1.4282979438734147,1,0.0
23,S1,H7,loader,23,659.3509046186379,19.721083995089266,4.278916004910734,53.24,0,0,24.0,0.8217118331287194,4.278916004910732,1,0.0
24,S1,H3,grapple_skidder,23,739.620424,24.0,0.0,54.68,0,0,24.0,1.0,0.0,0,0.0
24,S1,H4,processor,23,569.826226,24.0,0.0,0.0,0,0,24.0,1.0,0.0,0,0.0
24,S1,H5,processor,23,517.165642,24.0,0.0,54.68,0,0,24.0,1.0,0.0,0,0.0
24,S1,H6,processor,23,391.18142100000006,24.0,0.0,54.44,0,0,24.0,1.0,0.0,0,0.0
24,S1,H7,loader,23,420.7114381102032,21.268567332567336,2.7314326674326637,54.68,0,0,24.0,0.886190305523639,2.7314326674326623,1,0.0
25,S1,H3,grapple_skidder,23,932.6584309,24.0,0.0,55.16,0,0,24.0,1.0,0.0,0,0.3
25,S1,H4,processor,23,336.93049809999997,24.0,0.0,55.4,0,0,24.0,1.0,0.0,0,0.3
25,S1,H5,processor,23,362.0159494,24.0,0.0,0.0,0,0,24.0,1.0,0.0,0,0.3
25,S1,H7,loader,23,332.3191473,24.0,0.0,0.0,0,0,24.0,1.0,0.0,0,0.3
25,S1,H8,loader,23,378.15914360000005,24.0,0.0,54.2,0,0,24.0,1.0,0.0,0,0.3
25,S1,H9,loader,23,656.0293775,24.0,0.0,0.0,0,0,24.0,1.0,0.0,0,0.3
26,S1,H3,grapple_skidder,23,778.104169,24.0,0.0,54.68,0,0,24.0,1.0,0.0,0,0.0
26,S1,H4,processor,23,569.826226,24.0,0.0,55.4,0,0,24.0,1.0,0.0,0,0.0
26,S1,H5,processor,23,531.895933,24.0,0.0,53.48,0,0,24.0,1.0,0.0,0,0.0
26,S1,H7,loader,23,687.364703,24.0,0.0,54.2,0,0,24.0,1.0,0.0,0,0.0
26,S1,H8,loader,23,451.958924,24.0,0.0,54.92,0,0,24.0,1.0,0.0,0,0.0
27,S1,H3,grapple_skidder,23,93.2034868405542,24.0,0.0,54.2,0,0,24.0,1.0,0.0,0,0.0
27,S1,H4,processor,23,413.28512654417864,21.14680703512144,2.8531929648785592,54.92,0,0,24.0,0.8811169597967267,2.853192964878561,1,0.0
27,S1,H5,processor,23,531.895933,24.0,0.0,0.0,0,0,24.0,1.0,0.0,0,0.0
27,S1,H7,loader,23,937.184825,24.0,0.0,53.72,0,0,24.0,1.0,0.0,0,0.0
27,S1,H8,loader,23,451.958924,24.0,0.0,0.0,0,0,24.0,1.0,0.0,0,0.0
28,S1,H1,feller_buncher,23,836.2962474999999,24.0,0.0,0.0,0,0,24.0,1.0,0.0,0,0.3
28,S1,H3,grapple_skidder,23,731.5744106999999,24.0,0.0,53.48,0,0,24.0,1.0,0.0,0,0.3
28,S1,H4,processor,23,233.6457254761549,24.0,0.0,54.2,0,0,24.0,1.0,0.0,0,0.3
28,S1,H7,loader,23,561.6879478,24.0,0.0,53.24,0,0,24.0,1.0,0.0,0,0.3
28,S1,H8,loader,23,332.3191473,24.0,0.0,53.48,0,0,24.0,1.0,0.0,0,0.3
28,S1,H9,loader,23,316.3712468,24.0,0.0,55.4,0,0,24.0,1.0,0.0,0,0.3
29,S1,H3,grapple_skidder,23,311.5464065993634,24.0,0.0,54.2,0,0,24.0,1.0,0.0,0,0.0
29,S1,H4,processor,23,430.907382,24.0,0.0,53.48,0,0,24.0,1.0,0.0,0,0.0
29,S1,H5,processor,23,531.895933,24.0,0.0,0.0,0,0,24.0,1.0,0.0,0,0.0
29,S1,H7,loader,23,652.8795518707143,24.0,0.0,53.48,1,0,24.0,1.0,0.0,0,0.0
29,S1,H8,loader,23,474.741639,24.0,0.0,0.0,0,0,24.0,1.0,0.0,0,0.0
30,S1,H3,grapple_skidder,23,1100.7275589999995,24.0,0.0,55.4,1,0,24.0,1.0,0.0,0,0.0
30,S1,H4,processor,23,164.19408399999998,24.0,0.0,53.48,0,0,24.0,1.0,0.0,0,0.0
30,S1,H5,processor,23,481.329283,24.0,0.0,55.16,0,0,24.0,1.0,0.0,0,0.0
30,S1,H6,processor,23,300.66702869999995,24.0,0.0,53.72,1,0,24.0,1.0,0.0,0,0.0
30,S1,H7,loader,23,802.411354,24.0,0.0,53.48,0,0,24.0,1.0,0.0,0,0.0
30,S1,H8,loader,23,474.741639,24.0,0.0,0.0,0,0,24.0,1.0,0.0,0,0.0
31,S1,H3,grapple_skidder,23,567.1587449999993,24.0,0.0,53.24,0,0,24.0,1.0,0.0,0,0.0
31,S1,H4,processor,23,569.826226,24.0,0.0,53.72,0,0,24.0,1.0,0.0,0,0.0
31,S1,H5,processor,23,268.1600484993633,24.0,0.0,0.0,1,0,24.0,1.0,0.0,0,0.0
31,S1,H6,processor,23,0.0,24.0,0.0,0.0,1,0,24.0,1.0,0.0,0,0.0
31,S1,H7,loader,23,164.19408399999998,24.0,0.0,53.48,1,0,24.0,1.0,0.0,0,0.0
31,S1,H8,loader,23,474.741639,24.0,0.0,0.0,0,0,24.0,1.0,0.0,0,0.0
32,S1,H3,grapple_skidder,23,778.104169,24.0,0.0,54.68,0,0,24.0,1.0,0.0,0,0.0
32,S1,H4,processor,23,569.826226,24.0,0.0,0.0,0,0,24.0,1.0,0.0,0,0.0
32,S1,H5,processor,23,531.895933,24.0,0.0,55.16,0,0,24.0,1.0,0.0,0,0.0
32,S1,H7,loader,23,0.0,24.0,0.0,0.0,1,0,24.0,1.0,0.0,0,0.0
32,S1,H8,loader,23,558.398094,24.0,0.0,53.72,0,0,24.0,1.0,0.0,0,0.0
32,S1,H9,loader,23,451.958924,24.0,0.0,0.0,0,0,24.0,1.0,0.0,0,0.0
33,S1,H3,grapple_skidder,23,576.960683,24.0,0.0,53.48,0,0,24.0,1.0,0.0,0,0.0
33,S1,H4,processor,23,35.62772442131104,24.0,0.0,53.24,0,0,24.0,1.0,0.0,0,0.0
33,S1,H5,processor,23,469.046841,24.0,0.0,54.68,0,0,24.0,1.0,0.0,0,0.0
33,S1,H7,loader,23,705.7054581903077,24.0,0.0,53.72,0,0,24.0,1.0,0.0,0,0.0
33,S1,H8,loader,23,173.17631669999992,22.155722842874113,1.8442771571258874,0.0,1,0,24.0,0.9231551184530881,1.8442771571258865,1,0.0
33,S1,H9,loader,23,406.200735799363,24.0,0.0,0.0,1,0,24.0,1.0,0.0,0,0.0
34,S1,H1,feller_buncher,23,140.55055100000027,24.0,0.0,0.0,0,0,24.0,1.0,0.0,0,0.0
34,S1,H3,grapple_skidder,23,414.50735799999984,24.0,0.0,53.72,0,0,24.0,1.0,0.0,0,0.0
34,S1,H4,processor,23,395.81480566678084,22.156329847212337,1.8436701527876629,54.2,0,0,24.0,0.923180410300514,1.8436701527876638,1,0.0
34,S1,H5,processor,23,469.046841,24.0,0.0,0.0,0,0,24.0,1.0,0.0,0,0.0
34,S1,H7,loader,23,802.411354,24.0,0.0,53.24,0,0,24.0,1.0,0.0,0,0.0
35,S1,H3,grapple_skidder,23,140.55055100000027,24.0,0.0,55.16,1,0,24.0,1.0,0.0,0,0.3
35,S1,H4,processor,23,103.7465646,24.0,0.0,0.0,0,0,24.0,1.0,0.0,0,0.3
35,S1,H5,processor,23,286.75535279999997,24.0,0.0,53.24,0,0,24.0,1.0,0.0,0,0.3
35,S1,H7,loader,23,195.8292104999997,24.0,0.0,0.0,0,0,24.0,1.0,0.0,0,0.3
35,S1,H8,loader,23,332.3191473,24.0,0.0,53.72,0,0,24.0,1.0,0.0,0,0.3
36,S1,H3,grapple_skidder,23,855.829418,24.0,0.0,54.68,0,0,24.0,1.0,0.0,0,0.0
36,S1,H4,processor,23,213.77731399999993,24.0,0.0,54.44,1,0,24.0,1.0,0.0,0,0.0
36,S1,H5,processor,23,275.16157880000003,24.0,0.0,0.0,1,0,24.0,1.0,0.0,0,0.0
36,S1,H7,loader,23,499.56137026678084,24.0,0.0,54.2,1,0,24.0,1.0,0.0,0,0.0
36,S1,H8,loader,23,474.741639,24.0,0.0,0.0,0,0,24.0,1.0,0.0,0,0.0
37,S1,H3,grapple_skidder,23,257.2083344521262,24.0,0.0,53.72,1,0,24.0,1.0,0.0,0,0.0
37,S1,H4,processor,23,0.0,24.0,0.0,0.0,1,0,24.0,1.0,0.0,0,0.0
37,S1,H5,processor,23,395.784917,24.0,0.0,53.48,0,0,24.0,1.0,0.0,0,0.0
37,S1,H7,loader,23,0.0,24.0,0.0,0.0,1,0,24.0,1.0,0.0,0,0.0
37,S1,H8,loader,23,424.433991,24.0,0.0,53.24,0,0,24.0,1.0,0.0,0,0.0
38,S1,H3,grapple_skidder,23,415.3626648656739,24.0,0.0,53.48,1,0,24.0,1.0,0.0,0,0.0
38,S1,H4,processor,23,257.2083344521262,24.0,0.0,55.4,1,0,24.0,1.0,0.0,0,0.0
38,S1,H5,processor,23,395.784917,24.0,0.0,0.0,0,0,24.0,1.0,0.0,0,0.0
38,S1,H7,loader,23,937.184825,24.0,0.0,54.44,0,0,24.0,1.0,0.0,0,0.0
38,S1,H8,loader,23,424.433991,24.0,0.0,0.0,0,0,24.0,1.0,0.0,0,0.0
39,S1,H3,grapple_skidder,23,678.968019,24.0,0.0,53.72,0,0,24.0,1.0,0.0,0,0.0
39,S1,H4,processor,23,469.046841,24.0,0.0,53.48,0,0,24.0,1.0,0.0,0,0.0
39,S1,H5,processor,23,195.88960400000013,24.0,0.0,0.0,0,0,24.0,1.0,0.0,0,0.0
39,S1,H7,loader,23,29.271585309692114,24.0,0.0,0.0,1,0,24.0,1.0,0.0,0,0.0
39,S1,H8,loader,23,189.50001420267267,24.0,0.0,0.0,1,0,24.0,1.0,0.0,0,0.0
39,S1,H9,loader,23,257.2083344521262,24.0,0.0,0.0,1,0,24.0,1.0,0.0,0,0.0
40,S1,H4,processor,23,547.23705,24.0,0.0,53.72,0,0,24.0,1.0,0.0,0,0.0
40,S1,H7,loader,23,474.741639,24.0,0.0,54.92,0,0,24.0,1.0,0.0,0,0.0
40,S1,H8,loader,23,456.725789,24.0,0.0,53.48,0,0,24.0,1.0,0.0,0,0.0
40,S1,H9,loader,23,0.0,24.0,0.0,0.0,1,0,24.0,1.0,0.0,0,0.0
41,S1,H4,processor,23,185.1656888228882,21.48800541930674,2.5119945806932584,53.72,0,0,24.0,0.8953335591377809,2.5119945806932584,1,0.0
41,S1,H7,loader,23,485.857474,24.0,0.0,53.72,0,0,24.0,1.0,0.0,0,0.0
41,S1,H8,loader,23,456.725789,24.0,0.0,0.0,0,0,24.0,1.0,0.0,0,0.0
42,S1,H3,grapple_skidder,23,562.3345186478182,19.877266778227497,4.122733221772503,0.0,0,0,24.0,0.8282194490928124,4.122733221772504,1,0.0
42,S1,H7,loader,23,474.741639,24.0,0.0,53.72,0,0,24.0,1.0,0.0,0,0.0
42,S1,H8,loader,23,408.8519049999998,24.0,0.0,0.0,0,0,24.0,1.0,0.0,0,0.0
1,S1,H1,feller_buncher,24,1220.906942,24.0,0.0,0.0,0,0,24.0,1.0,0.0,0,0.0
1,S1,H2,feller_buncher,24,1299.478592,24.0,0.0,0.0,0,0,24.0,1.0,0.0,0,0.0
2,S1,H1,feller_buncher,24,1220.906942,24.0,0.0,0.0,0,0,24.0,1.0,0.0,0,0.0
2,S1,H2,feller_buncher,24,1164.04956,24.0,0.0,53.72,0,0,24.0,1.0,0.0,0,0.0
2,S1,H3,grapple_skidder,24,678.968019,24.0,0.0,0.0,0,0,24.0,1.0,0.0,0,0.0
3,S1,H1,feller_buncher,24,1176.844281,24.0,0.0,53.48,0,0,24.0,1.0,0.0,0,0.0
3,S1,H2,feller_buncher,24,888.796776,24.0,0.0,53.24,0,0,24.0,1.0,0.0,0,0.0
3,S1,H3,grapple_skidder,24,778.104169,24.0,0.0,53.72,0,0,24.0,1.0,0.0,0,0.0
3,S1,H4,processor,24,547.23705,24.0,0.0,0.0,0,0,24.0,1.0,0.0,0,0.0
4,S1,H1,feller_buncher,24,1176.844281,24.0,0.0,0.0,0,0,24.0,1.0,0.0,0,0.0
4,S1,H2,feller_buncher,24,888.796776,24.0,0.0,0.0,0,0,24.0,1.0,0.0,0,0.0
4,S1,H3,grapple_skidder,24,1332.369187,24.0,0.0,54.68,0,0,24.0,1.0,0.0,0,0.0
4,S1,H4,processor,24,434.19423432303597,22.216675847418966,1.7833241525810344,53.72,0,0,24.0,0.9256948269757902,1.7833241525810353,1,0.0
4,S1,H7,loader,24,432.77019704628,21.377637033346776,2.622362966653224,0.0,0,0,24.0,0.890734876389449,2.622362966653223,1,0.0
5,S1,H1,feller_buncher,24,814.8346919999999,24.0,0.0,54.2,0,0,24.0,1.0,0.0,0,0.3
5,S1,H2,feller_buncher,24,673.0877349,24.0,0.0,53.24,0,0,24.0,1.0,0.0,0,0.3
5,S1,H3,grapple_skidder,24,378.4674625810981,19.31552462421025,4.684475375789749,53.48,0,0,24.0,0.8048135260087604,4.684475375789749,1,0.3
5,S1,H4,processor,24,372.3271531,24.0,0.0,54.68,0,0,24.0,1.0,0.0,0,0.3
6,S1,H1,feller_buncher,24,179.31349939999984,24.0,0.0,53.24,0,0,24.0,1.0,0.0,0,0.3
6,S1,H2,feller_buncher,24,471.221865872043,24.0,0.0,0.0,0,0,24.0,1.0,0.0,0,0.3
6,S1,H3,grapple_skidder,24,815.3097511999999,24.0,0.0,0.0,0,0,24.0,1.0,0.0,0,0.3
6,S1,H4,processor,24,372.3271531,24.0,0.0,0.0,0,0,24.0,1.0,0.0,0,0.3
7,S1,H1,feller_buncher,24,1164.04956,24.0,0.0,53.24,0,0,24.0,1.0,0.0,0,0.0
7,S1,H2,feller_buncher,24,961.553907,24.0,0.0,0.0,0,0,24.0,1.0,0.0,0,0.0
7,S1,H3,grapple_skidder,24,809.624168,24.0,0.0,54.44,0,0,24.0,1.0,0.0,0,0.0
7,S1,H4,processor,24,517.165642,24.0,0.0,53.48,0,0,24.0,1.0,0.0,0,0.0
7,S1,H7,loader,24,548.2664465085484,20.578103020844754,3.421896979155246,55.4,0,0,24.0,0.8574209592018648,3.421896979155246,1,0.0
8,S1,H1,feller_buncher,24,860.013242,24.0,0.0,53.24,0,0,24.0,1.0,0.0,0,0.0
8,S1,H2,feller_buncher,24,413.7565330000002,24.0,0.0,0.0,0,0,24.0,1.0,0.0,0,0.0
8,S1,H3,grapple_skidder,24,684.5294910149756,21.113763990589046,2.886236009410954,53.24,0,0,24.0,0.8797401662745435,2.8862360094109527,1,0.0
8,S1,H4,processor,24,517.165642,24.0,0.0,0.0,0,0,24.0,1.0,0.0,0,0.0
8,S1,H5,processor,24,409.650504,24.0,0.0,0.0,0,0,24.0,1.0,0.0,0,0.0
9,S1,H1,feller_buncher,24,614.3873465183171,24.0,0.0,53.96,0,0,24.0,1.0,0.0,0,0.0
9,S1,H2,feller_buncher,24,1220.906942,24.0,0.0,55.16,0,0,24.0,1.0,0.0,0,0.0
9,S1,H3,grapple_skidder,24,695.1652791330115,21.44181635812862,2.5581836418713806,0.0,0,0,24.0,0.8934090149220258,2.5581836418713806,1,0.0
9,S1,H7,loader,24,687.364703,24.0,0.0,53.48,0,0,24.0,1.0,0.0,0,0.0
10,S1,H1,feller_buncher,24,1299.478592,24.0,0.0,0.0,0,0,24.0,1.0,0.0,0,0.0
10,S1,H2,feller_buncher,24,860.013242,24.0,0.0,54.44,0,0,24.0,1.0,0.0,0,0.0
10,S1,H3,grapple_skidder,24,739.620424,24.0,0.0,53.48,0,0,24.0,1.0,0.0,0,0.0
10,S1,H4,processor,24,159.4459297810979,24.0,0.0,0.0,1,0,24.0,1.0,0.0,0,0.0
10,S1,H5,processor,24,469.046841,24.0,0.0,53.24,0,0,24.0,1.0,0.0,0,0.0
11,S1,H1,feller_buncher,24,1299.478592,24.0,0.0,0.0,0,0,24.0,1.0,0.0,0,0.0
11,S1,H2,feller_buncher,24,59.00278800000001,24.0,0.0,0.0,0,0,24.0,1.0,0.0,0,0.0
11,S1,H3,grapple_skidder,24,730.671909551701,22.536989940277298,1.463010059722702,53.48,0,0,24.0,0.939041247511554,1.4630100597227034,1,0.0
11,S1,H4,processor,24,481.329283,24.0,0.0,54.68,0,0,24.0,1.0,0.0,0,0.0
11,S1,H7,loader,24,506.41251078109804,24.0,0.0,0.0,1,0,24.0,1.0,0.0,0,0.0
12,S1,H1,feller_buncher,24,356.0085949999998,24.0,0.0,0.0,0,0,24.0,1.0,0.0,0,0.0
12,S1,H2,feller_buncher,24,674.603847,24.0,0.0,53.72,0,0,24.0,1.0,0.0,0,0.0
12,S1,H3,grapple_skidder,24,1332.369187,24.0,0.0,54.68,0,0,24.0,1.0,0.0,0,0.0
12,S1,H4,processor,24,0.0,24.0,0.0,54.68,1,0,24.0,1.0,0.0,0,0.0
12,S1,H7,loader,24,474.741639,24.0,0.0,54.2,0,0,24.0,1.0,0.0,0,0.0
12,S1,H8,loader,24,451.958924,24.0,0.0,0.0,0,0,24.0,1.0,0.0,0,0.0
13,S1,H1,feller_buncher,24,1164.04956,24.0,0.0,53.72,0,0,24.0,1.0,0.0,0,0.0
13,S1,H2,feller_buncher,24,1194.708925,24.0,0.0,53.96,0,0,24.0,1.0,0.0,0,0.0
13,S1,H3,grapple_skidder,24,809.624168,24.0,0.0,54.92,0,0,24.0,1.0,0.0,0,0.0
13,S1,H4,processor,24,531.895933,24.0,0.0,53.48,0,0,24.0,1.0,0.0,0,0.0
13,S1,H7,loader,24,0.0,24.0,0.0,54.2,1,0,24.0,1.0,0.0,0,0.0
14,S1,H1,feller_buncher,24,1176.844281,24.0,0.0,54.2,0,0,24.0,1.0,0.0,0,0.0
14,S1,H2,feller_buncher,24,1194.708925,24.0,0.0,0.0,0,0,24.0,1.0,0.0,0,0.0
14,S1,H3,grapple_skidder,24,778.104169,24.0,0.0,53.24,0,0,24.0,1.0,0.0,0,0.0
14,S1,H4,processor,24,531.895933,24.0,0.0,0.0,0,0,24.0,1.0,0.0,0,0.0
14,S1,H5,processor,24,409.650504,24.0,0.0,53.24,0,0,24.0,1.0,0.0,0,0.0
15,S1,H1,feller_buncher,24,823.7909966999999,24.0,0.0,0.0,0,0,24.0,1.0,0.0,0,0.3
15,S1,H2,feller_buncher,24,814.8346919999999,24.0,0.0,54.92,0,0,24.0,1.0,0.0,0,0.3
15,S1,H3,grapple_skidder,24,646.2398977999999,24.0,0.0,53.24,0,0,24.0,1.0,0.0,0,0.3
15,S1,H4,processor,24,286.75535279999997,24.0,0.0,54.92,0,0,24.0,1.0,0.0,0,0.3
15,S1,H7,loader,24,561.6879478,24.0,0.0,53.48,0,0,24.0,1.0,0.0,0,0.3
16,S1,H1,feller_buncher,24,111.30773800000088,24.0,0.0,0.0,0,0,24.0,1.0,0.0,0,0.0
16,S1,H2,feller_buncher,24,502.7667789999996,24.0,0.0,0.0,0,0,24.0,1.0,0.0,0,0.0
16,S1,H3,grapple_skidder,24,1480.641393,24.0,0.0,54.68,0,0,24.0,1.0,0.0,0,0.0
16,S1,H4,processor,24,531.895933,24.0,0.0,54.92,0,0,24.0,1.0,0.0,0,0.0
16,S1,H5,processor,24,395.784917,24.0,0.0,53.48,0,0,24.0,1.0,0.0,0,0.0
16,S1,H7,loader,24,424.433991,24.0,0.0,54.92,0,0,24.0,1.0,0.0,0,0.0
17,S1,H1,feller_buncher,24,576.960683,24.0,0.0,53.72,0,0,24.0,1.0,0.0,0,0.0
17,S1,H2,feller_buncher,24,787.363583,24.0,0.0,54.44,0,0,24.0,1.0,0.0,0,0.0
17,S1,H3,grapple_skidder,24,674.603847,24.0,0.0,53.96,0,0,24.0,1.0,0.0,0,0.0
17,S1,H4,processor,24,569.826226,24.0,0.0,53.24,0,0,24.0,1.0,0.0,0,0.0
17,S1,H5,processor,24,250.45498079999987,24.0,0.0,0.0,1,0,24.0,1.0,0.0,0,0.0
17,S1,H6,processor,24,469.046841,24.0,0.0,0.0,0,0,24.0,1.0,0.0,0,0.0
17,S1,H7,loader,24,424.433991,24.0,0.0,0.0,0,0,24.0,1.0,0.0,0,0.0
17,S1,H8,loader,24,802.411354,24.0,0.0,55.16,0,0,24.0,1.0,0.0,0,0.0
18,S1,H1,feller_buncher,24,1220.906942,24.0,0.0,54.2,0,0,24.0,1.0,0.0,0,0.0
18,S1,H2,feller_buncher,24,486.3476200000001,24.0,0.0,0.0,0,0,24.0,1.0,0.0,0,0.0
18,S1,H3,grapple_skidder,24,1164.728216,24.0,0.0,53.24,0,0,24.0,1.0,0.0,0,0.0
18,S1,H4,processor,24,569.826226,24.0,0.0,0.0,0,0,24.0,1.0,0.0,0,0.0
18,S1,H5,processor,24,456.082335,24.0,0.0,53.72,0,0,24.0,1.0,0.0,0,0.0
18,S1,H7,loader,24,474.741639,24.0,0.0,53.24,0,0,24.0,1.0,0.0,0,0.0
18,S1,H8,loader,24,456.725789,24.0,0.0,54.44,0,0,24.0,1.0,0.0,0,0.0
19,S1,H1,feller_buncher,24,1013.0077249999999,24.0,0.0,0.0,0,0,24.0,1.0,0.0,0,0.0
19,S1,H2,feller_buncher,24,680.207863,24.0,0.0,53.72,0,0,24.0,1.0,0.0,0,0.0
19,S1,H3,grapple_skidder,24,1273.711203,24.0,0.0,53.24,0,0,24.0,1.0,0.0,0,0.0
19,S1,H4,processor,24,517.165642,24.0,0.0,53.72,0,0,24.0,1.0,0.0,0,0.0
19,S1,H5,processor,24,218.52151199999997,24.0,0.0,0.0,0,0,24.0,1.0,0.0,0,0.0
19,S1,H6,processor,24,469.046841,24.0,0.0,0.0,0,0,24.0,1.0,0.0,0,0.0
19,S1,H7,loader,24,937.184825,24.0,0.0,54.92,0,0,24.0,1.0,0.0,0,0.0
20,S1,H1,feller_buncher,24,1194.708925,24.0,0.0,53.24,0,0,24.0,1.0,0.0,0,0.0
20,S1,H2,feller_buncher,24,364.89843800000006,24.0,0.0,0.0,0,0,24.0,1.0,0.0,0,0.0
20,S1,H3,grapple_skidder,24,1332.369187,24.0,0.0,53.24,0,0,24.0,1.0,0.0,0,0.0
20,S1,H4,processor,24,517.165642,24.0,0.0,0.0,0,0,24.0,1.0,0.0,0,0.0
20,S1,H5,processor,24,469.046841,24.0,0.0,53.96,0,0,24.0,1.0,0.0,0,0.0
20,S1,H6,processor,24,441.264891,24.0,0.0,54.44,0,0,24.0,1.0,0.0,0,0.0
20,S1,H7,loader,24,463.6230993743816,24.0,0.0,53.96,0,0,24.0,1.0,0.0,0,0.0
21,S1,H3,grapple_skidder,24,739.620424,24.0,0.0,55.16,0,0,24.0,1.0,0.0,0,0.0
21,S1,H4,processor,24,531.895933,24.0,0.0,53.48,0,0,24.0,1.0,0.0,0,0.0
21,S1,H5,processor,24,469.046841,24.0,0.0,0.0,0,0,24.0,1.0,0.0,0,0.0
21,S1,H6,processor,24,236.87108176959066,24.0,0.0,0.0,0,0,24.0,1.0,0.0,0,0.0
21,S1,H7,loader,24,687.364703,24.0,0.0,53.24,0,0,24.0,1.0,0.0,0,0.0
22,S1,H3,grapple_skidder,24,1480.641393,24.0,0.0,55.4,0,0,24.0,1.0,0.0,0,0.0
22,S1,H4,processor,24,531.895933,24.0,0.0,0.0,0,0,24.0,1.0,0.0,0,0.0
22,S1,H5,processor,24,481.329283,24.0,0.0,53.48,0,0,24.0,1.0,0.0,0,0.0
22,S1,H6,processor,24,469.046841,24.0,0.0,54.44,0,0,24.0,1.0,0.0,0,0.0
22,S1,H7,loader,24,678.1359727695906,24.0,0.0,53.24,1,0,24.0,1.0,0.0,0,0.0
23,S1,H3,grapple_skidder,24,1164.728216,24.0,0.0,53.72,0,0,24.0,1.0,0.0,0,0.0
23,S1,H4,processor,24,569.826226,24.0,0.0,53.24,0,0,24.0,1.0,0.0,0,0.0
23,S1,H5,processor,24,481.329283,24.0,0.0,0.0,0,0,24.0,1.0,0.0,0,0.0
23,S1,H6,processor,24,418.09973737665246,24.0,0.0,0.0,1,0,24.0,1.0,0.0,0,0.0
23,S1,H7,loader,24,802.411354,24.0,0.0,53.24,0,0,24.0,1.0,0.0,0,0.0
24,S1,H3,grapple_skidder,24,517.7342967999999,24.0,0.0,54.68,0,0,24.0,1.0,0.0,0,0.3
24,S1,H4,processor,24,398.8783582,24.0,0.0,0.0,0,0,24.0,1.0,0.0,0,0.3
24,S1,H5,processor,24,362.0159494,24.0,0.0,54.68,0,0,24.0,1.0,0.0,0,0.3
24,S1,H6,processor,24,273.8269947,24.0,0.0,54.44,0,0,24.0,1.0,0.0,0,0.3
24,S1,H7,loader,24,332.3191473,24.0,0.0,54.68,0,0,24.0,1.0,0.0,0,0.3
25,S1,H3,grapple_skidder,24,932.6584309,24.0,0.0,55.16,0,0,24.0,1.0,0.0,0,0.3
25,S1,H4,processor,24,336.93049809999997,24.0,0.0,55.4,0,0,24.0,1.0,0.0,0,0.3
25,S1,H5,processor,24,362.0159494,24.0,0.0,0.0,0,0,24.0,1.0,0.0,0,0.3
25,S1,H7,loader,24,332.3191473,24.0,0.0,0.0,0,0,24.0,1.0,0.0,0,0.3
25,S1,H8,loader,24,273.8269947,24.0,0.0,54.2,1,0,24.0,1.0,0.0,0,0.3
25,S1,H9,loader,24,656.0293775,24.0,0.0,0.0,0,0,24.0,1.0,0.0,0,0.3
26,S1,H3,grapple_skidder,24,778.104169,24.0,0.0,54.68,0,0,24.0,1.0,0.0,0,0.0
26,S1,H4,processor,24,569.826226,24.0,0.0,55.4,0,0,24.0,1.0,0.0,0,0.0
26,S1,H5,processor,24,531.895933,24.0,0.0,53.48,0,0,24.0,1.0,0.0,0,0.0
26,S1,H7,loader,24,687.364703,24.0,0.0,54.2,0,0,24.0,1.0,0.0,0,0.0
26,S1,H8,loader,24,451.958924,24.0,0.0,54.92,0,0,24.0,1.0,0.0,0,0.0
27,S1,H3,grapple_skidder,24,159.77199800000017,24.0,0.0,54.2,0,0,24.0,1.0,0.0,0,0.0
27,S1,H4,processor,24,469.046841,24.0,0.0,54.92,0,0,24.0,1.0,0.0,0,0.0
27,S1,H5,processor,24,531.895933,24.0,0.0,0.0,0,0,24.0,1.0,0.0,0,0.0
27,S1,H7,loader,24,937.184825,24.0,0.0,53.72,0,0,24.0,1.0,0.0,0,0.0
27,S1,H8,loader,24,451.958924,24.0,0.0,0.0,0,0,24.0,1.0,0.0,0,0.0
28,S1,H1,feller_buncher,24,1194.708925,24.0,0.0,0.0,0,0,24.0,1.0,0.0,0,0.0
28,S1,H3,grapple_skidder,24,1045.106301,24.0,0.0,53.48,0,0,24.0,1.0,0.0,0,0.0
28,S1,H4,processor,24,517.165642,24.0,0.0,54.2,0,0,24.0,1.0,0.0,0,0.0
28,S1,H7,loader,24,559.8623739174463,24.0,0.0,53.24,0,0,24.0,1.0,0.0,0,0.0
28,S1,H8,loader,24,474.741639,24.0,0.0,53.48,0,0,24.0,1.0,0.0,0,0.0
28,S1,H9,loader,24,425.0415750999998,24.0,0.0,55.4,1,0,24.0,1.0,0.0,0,0.0
29,S1,H3,grapple_skidder,24,522.6448959720432,24.0,0.0,54.2,1,0,24.0,1.0,0.0,0,0.0
29,S1,H4,processor,24,430.907382,24.0,0.0,53.48,0,0,24.0,1.0,0.0,0,0.0
29,S1,H5,processor,24,458.078002165961,20.66921623178319,3.3307837682168113,0.0,0,0,24.0,0.8612173429909662,3.3307837682168118,1,0.0
29,S1,H7,loader,24,687.364703,24.0,0.0,53.48,0,0,24.0,1.0,0.0,0,0.0
29,S1,H8,loader,24,474.741639,24.0,0.0,0.0,0,0,24.0,1.0,0.0,0,0.0
30,S1,H3,grapple_skidder,24,1480.641393,24.0,0.0,55.4,0,0,24.0,1.0,0.0,0,0.0
30,S1,H4,processor,24,164.19408399999998,24.0,0.0,53.48,0,0,24.0,1.0,0.0,0,0.0
30,S1,H5,processor,24,481.329283,24.0,0.0,55.16,0,0,24.0,1.0,0.0,0,0.0
30,S1,H6,processor,24,430.907382,24.0,0.0,53.72,0,0,24.0,1.0,0.0,0,0.0
30,S1,H7,loader,24,749.1839688224778,22.407977108134823,1.5920228918651773,53.48,0,0,24.0,0.933665712838951,1.5920228918651755,1,0.0
30,S1,H8,loader,24,474.741639,24.0,0.0,0.0,0,0,24.0,1.0,0.0,0,0.0
31,S1,H3,grapple_skidder,24,567.1587449999993,24.0,0.0,53.24,0,0,24.0,1.0,0.0,0,0.0
31,S1,H4,processor,24,569.826226,24.0,0.0,53.72,0,0,24.0,1.0,0.0,0,0.0
31,S1,H5,processor,24,257.37241067204315,24.0,0.0,0.0,1,0,24.0,1.0,0.0,0,0.0
31,S1,H6,processor,24,168.26485453067198,22.032422090148803,1.9675779098511974,0.0,0,0,24.0,0.9180175870895334,1.9675779098511983,1,0.0
31,S1,H7,loader,24,377.62879980000014,24.0,0.0,53.48,1,0,24.0,1.0,0.0,0,0.0
31,S1,H8,loader,24,474.741639,24.0,0.0,0.0,0,0,24.0,1.0,0.0,0,0.0
32,S1,H3,grapple_skidder,24,325.5321870884282,24.0,0.0,54.68,0,0,24.0,1.0,0.0,0,0.0
32,S1,H4,processor,24,569.826226,24.0,0.0,0.0,0,0,24.0,1.0,0.0,0,0.0
32,S1,H5,processor,24,531.895933,24.0,0.0,55.16,0,0,24.0,1.0,0.0,0,0.0
32,S1,H7,loader,24,0.0,24.0,0.0,0.0,1,0,24.0,1.0,0.0,0,0.0
32,S1,H8,loader,24,558.398094,24.0,0.0,53.72,0,0,24.0,1.0,0.0,0,0.0
32,S1,H9,loader,24,451.958924,24.0,0.0,0.0,0,0,24.0,1.0,0.0,0,0.0
33,S1,H3,grapple_skidder,24,403.87247809999997,24.0,0.0,53.48,0,0,24.0,1.0,0.0,0,0.3
33,S1,H4,processor,24,32.046160999999415,24.0,0.0,53.24,0,0,24.0,1.0,0.0,0,0.3
33,S1,H5,processor,24,328.3327887,24.0,0.0,54.68,0,0,24.0,1.0,0.0,0,0.3
33,S1,H7,loader,24,656.0293775,24.0,0.0,53.72,0,0,24.0,1.0,0.0,0,0.3
33,S1,H8,loader,24,340.69574489999997,24.0,0.0,0.0,0,0,24.0,1.0,0.0,0,0.3
33,S1,H9,loader,24,286.7427696720431,24.0,0.0,0.0,1,0,24.0,1.0,0.0,0,0.3
34,S1,H1,feller_buncher,24,140.55055100000027,24.0,0.0,0.0,0,0,24.0,1.0,0.0,0,0.0
34,S1,H3,grapple_skidder,24,187.65962963121976,24.0,0.0,53.72,0,0,24.0,1.0,0.0,0,0.0
34,S1,H4,processor,24,403.87247809999997,24.0,0.0,54.2,1,0,24.0,1.0,0.0,0,0.0
34,S1,H5,processor,24,306.25672638842826,24.0,0.0,0.0,1,0,24.0,1.0,0.0,0,0.0
34,S1,H7,loader,24,802.411354,24.0,0.0,53.24,0,0,24.0,1.0,0.0,0,0.0
35,S1,H3,grapple_skidder,24,477.4620719999998,24.0,0.0,55.16,0,0,24.0,1.0,0.0,0,0.0
35,S1,H4,processor,24,0.0,24.0,0.0,0.0,1,0,24.0,1.0,0.0,0,0.0
35,S1,H5,processor,24,409.650504,24.0,0.0,53.24,0,0,24.0,1.0,0.0,0,0.0
35,S1,H7,loader,24,279.7560149999996,24.0,0.0,0.0,0,0,24.0,1.0,0.0,0,0.0
35,S1,H8,loader,24,474.741639,24.0,0.0,53.72,0,0,24.0,1.0,0.0,0,0.0
36,S1,H3,grapple_skidder,24,855.829418,24.0,0.0,54.68,0,0,24.0,1.0,0.0,0,0.0
36,S1,H4,processor,24,569.826226,24.0,0.0,54.44,0,0,24.0,1.0,0.0,0,0.0
36,S1,H5,processor,24,209.95496758252693,24.0,0.0,0.0,0,0,24.0,1.0,0.0,0,0.0
36,S1,H7,loader,24,403.87247809999997,24.0,0.0,54.2,1,0,24.0,1.0,0.0,0,0.0
36,S1,H8,loader,24,474.741639,24.0,0.0,0.0,0,0,24.0,1.0,0.0,0,0.0
37,S1,H3,grapple_skidder,24,0.0,24.0,0.0,53.72,1,0,24.0,1.0,0.0,0,0.0
37,S1,H4,processor,24,360.77644299999906,24.0,0.0,0.0,0,0,24.0,1.0,0.0,0,0.0
37,S1,H5,processor,24,395.784917,24.0,0.0,53.48,0,0,24.0,1.0,0.0,0,0.0
37,S1,H7,loader,24,0.0,24.0,0.0,0.0,1,0,24.0,1.0,0.0,0,0.0
37,S1,H8,loader,24,424.433991,24.0,0.0,53.24,0,0,24.0,1.0,0.0,0,0.0
38,S1,H3,grapple_skidder,24,544.6729182999999,24.0,0.0,53.48,0,0,24.0,1.0,0.0,0,0.3
38,S1,H4,processor,24,0.0,24.0,0.0,55.4,1,0,24.0,1.0,0.0,0,0.3
38,S1,H5,processor,24,277.0494419,24.0,0.0,0.0,0,0,24.0,1.0,0.0,0,0.3
38,S1,H7,loader,24,605.1720558832137,22.13944960292137,1.8605503970786295,54.44,0,0,24.0,0.9224770667883905,1.8605503970786308,1,0.3
38,S1,H8,loader,24,297.1037937,24.0,0.0,0.0,0,0,24.0,1.0,0.0,0,0.3
39,S1,H3,grapple_skidder,24,678.968019,24.0,0.0,53.72,0,0,24.0,1.0,0.0,0,0.0
39,S1,H4,processor,24,469.046841,24.0,0.0,53.48,0,0,24.0,1.0,0.0,0,0.0
39,S1,H5,processor,24,182.99505910000005,24.0,0.0,0.0,1,0,24.0,1.0,0.0,0,0.0
39,S1,H7,loader,24,233.462125999999,24.0,0.0,0.0,0,0,24.0,1.0,0.0,0,0.0
39,S1,H8,loader,24,155.25606568252692,24.0,0.0,0.0,1,0,24.0,1.0,0.0,0,0.0
39,S1,H9,loader,24,0.0,24.0,0.0,0.0,1,0,24.0,1.0,0.0,0,0.0
40,S1,H4,processor,24,547.23705,24.0,0.0,53.72,0,0,24.0,1.0,0.0,0,0.0
40,S1,H7,loader,24,474.741639,24.0,0.0,54.92,0,0,24.0,1.0,0.0,0,0.0
40,S1,H8,loader,24,456.725789,24.0,0.0,53.48,0,0,24.0,1.0,0.0,0,0.0
40,S1,H9,loader,24,0.0,24.0,0.0,0.0,1,0,24.0,1.0,0.0,0,0.0
41,S1,H4,processor,24,75.6260772999999,24.0,0.0,53.72,1,0,24.0,1.0,0.0,0,0.0
41,S1,H7,loader,24,485.857474,24.0,0.0,53.72,0,0,24.0,1.0,0.0,0,0.0
41,S1,H8,loader,24,456.725789,24.0,0.0,0.0,0,0,24.0,1.0,0.0,0,0.0
42,S1,H3,grapple_skidder,24,678.968019,24.0,0.0,0.0,0,0,24.0,1.0,0.0,0,0.0
42,S1,H7,loader,24,377.5712464881156,24.0,0.0,53.72,1,0,24.0,1.0,0.0,0,0.0
42,S1,H8,loader,24,131.89194879999974,24.0,0.0,0.0,1,0,24.0,1.0,0.0,0,0.0
1,S1,H1,feller_buncher,25,1220.906942,24.0,0.0,0.0,0,0,24.0,1.0,0.0,0,0.0
1,S1,H2,feller_buncher,25,1299.478592,24.0,0.0,0.0,0,0,24.0,1.0,0.0,0,0.0
2,S1,H1,feller_buncher,25,1220.906942,24.0,0.0,0.0,0,0,24.0,1.0,0.0,0,0.0
2,S1,H2,feller_buncher,25,1164.04956,24.0,0.0,53.72,0,0,24.0,1.0,0.0,0,0.0
2,S1,H3,grapple_skidder,25,678.968019,24.0,0.0,0.0,0,0,24.0,1.0,0.0,0,0.0
3,S1,H1,feller_buncher,25,1176.844281,24.0,0.0,53.48,0,0,24.0,1.0,0.0,0,0.0
3,S1,H2,feller_buncher,25,888.796776,24.0,0.0,53.24,0,0,24.0,1.0,0.0,0,0.0
3,S1,H3,grapple_skidder,25,778.104169,24.0,0.0,53.72,0,0,24.0,1.0,0.0,0,0.0
3,S1,H4,processor,25,547.23705,24.0,0.0,0.0,0,0,24.0,1.0,0.0,0,0.0
4,S1,H1,feller_buncher,25,823.7909966999999,24.0,0.0,0.0,0,0,24.0,1.0,0.0,0,0.3
4,S1,H2,feller_buncher,25,622.1577432,24.0,0.0,0.0,0,0,24.0,1.0,0.0,0,0.3
4,S1,H3,grapple_skidder,25,932.6584309,24.0,0.0,54.68,0,0,24.0,1.0,0.0,0,0.3
4,S1,H4,processor,25,328.3327887,24.0,0.0,53.72,0,0,24.0,1.0,0.0,0,0.3
4,S1,H7,loader,25,340.1002318,24.0,0.0,0.0,0,0,24.0,1.0,0.0,0,0.3
5,S1,H1,feller_buncher,25,1164.04956,24.0,0.0,54.2,0,0,24.0,1.0,0.0,0,0.0
5,S1,H2,feller_buncher,25,961.553907,24.0,0.0,53.24,0,0,24.0,1.0,0.0,0,0.0
5,S1,H3,grapple_skidder,25,1164.728216,24.0,0.0,53.48,0,0,24.0,1.0,0.0,0,0.0
5,S1,H4,processor,25,531.895933,24.0,0.0,54.68,0,0,24.0,1.0,0.0,0,0.0
6,S1,H1,feller_buncher,25,256.1621419999998,24.0,0.0,53.24,0,0,24.0,1.0,0.0,0,0.0
6,S1,H2,feller_buncher,25,961.553907,24.0,0.0,0.0,0,0,24.0,1.0,0.0,0,0.0
6,S1,H3,grapple_skidder,25,835.9070616999998,24.0,0.0,0.0,1,0,24.0,1.0,0.0,0,0.0
6,S1,H4,processor,25,400.76249789999997,24.0,0.0,0.0,1,0,24.0,1.0,0.0,0,0.0
7,S1,H1,feller_buncher,25,814.8346919999999,24.0,0.0,53.24,0,0,24.0,1.0,0.0,0,0.3
7,S1,H2,feller_buncher,25,673.0877349,24.0,0.0,0.0,0,0,24.0,1.0,0.0,0,0.3
7,S1,H3,grapple_skidder,25,566.7369176,24.0,0.0,54.44,0,0,24.0,1.0,0.0,0,0.3
7,S1,H4,processor,25,222.45406241501723,24.0,0.0,53.48,0,0,24.0,1.0,0.0,0,0.3
7,S1,H7,loader,25,561.6879478,24.0,0.0,55.4,0,0,24.0,1.0,0.0,0,0.3
8,S1,H1,feller_buncher,25,860.013242,24.0,0.0,53.24,0,0,24.0,1.0,0.0,0,0.0
8,S1,H2,feller_buncher,25,413.7565330000002,24.0,0.0,0.0,0,0,24.0,1.0,0.0,0,0.0
8,S1,H3,grapple_skidder,25,778.104169,24.0,0.0,53.24,0,0,24.0,1.0,0.0,0,0.0
8,S1,H4,processor,25,517.165642,24.0,0.0,0.0,0,0,24.0,1.0,0.0,0,0.0
8,S1,H5,processor,25,409.650504,24.0,0.0,0.0,0,0,24.0,1.0,0.0,0,0.0
9,S1,H1,feller_buncher,25,1299.478592,24.0,0.0,53.96,0,0,24.0,1.0,0.0,0,0.0
9,S1,H2,feller_buncher,25,1220.906942,24.0,0.0,55.16,0,0,24.0,1.0,0.0,0,0.0
9,S1,H3,grapple_skidder,25,778.104169,24.0,0.0,0.0,0,0,24.0,1.0,0.0,0,0.0
9,S1,H7,loader,25,687.364703,24.0,0.0,53.48,0,0,24.0,1.0,0.0,0,0.0
10,S1,H1,feller_buncher,25,1299.478592,24.0,0.0,0.0,0,0,24.0,1.0,0.0,0,0.0
10,S1,H2,feller_buncher,25,521.8405376080439,24.0,0.0,54.44,0,0,24.0,1.0,0.0,0,0.0
10,S1,H3,grapple_skidder,25,603.5260155114956,19.583862076090934,4.416137923909066,53.48,0,0,24.0,0.8159942531704556,4.416137923909067,1,0.0
10,S1,H4,processor,25,517.165642,24.0,0.0,0.0,0,0,24.0,1.0,0.0,0,0.0
10,S1,H5,processor,25,469.046841,24.0,0.0,53.24,0,0,24.0,1.0,0.0,0,0.0
11,S1,H1,feller_buncher,25,1299.478592,24.0,0.0,0.0,0,0,24.0,1.0,0.0,0,0.0
11,S1,H2,feller_buncher,25,59.00278800000001,24.0,0.0,0.0,0,0,24.0,1.0,0.0,0,0.0
11,S1,H3,grapple_skidder,25,778.104169,24.0,0.0,53.48,0,0,24.0,1.0,0.0,0,0.0
11,S1,H4,processor,25,481.329283,24.0,0.0,54.68,0,0,24.0,1.0,0.0,0,0.0
11,S1,H7,loader,25,569.4206434150174,24.0,0.0,0.0,1,0,24.0,1.0,0.0,0,0.0
12,S1,H1,feller_buncher,25,309.2333750077986,20.84669051371406,3.1533094862859414,0.0,0,0,24.0,0.8686121047380858,3.1533094862859397,1,0.0
12,S1,H2,feller_buncher,25,674.603847,24.0,0.0,53.72,0,0,24.0,1.0,0.0,0,0.0
12,S1,H3,grapple_skidder,25,1332.369187,24.0,0.0,54.68,0,0,24.0,1.0,0.0,0,0.0
12,S1,H4,processor,25,517.165642,24.0,0.0,54.68,0,0,24.0,1.0,0.0,0,0.0
12,S1,H7,loader,25,474.741639,24.0,0.0,54.2,0,0,24.0,1.0,0.0,0,0.0
12,S1,H8,loader,25,451.958924,24.0,0.0,0.0,0,0,24.0,1.0,0.0,0,0.0
13,S1,H1,feller_buncher,25,1164.04956,24.0,0.0,53.72,0,0,24.0,1.0,0.0,0,0.0
13,S1,H2,feller_buncher,25,1194.708925,24.0,0.0,53.96,0,0,24.0,1.0,0.0,0,0.0
13,S1,H3,grapple_skidder,25,809.624168,24.0,0.0,54.92,0,0,24.0,1.0,0.0,0,0.0
13,S1,H4,processor,25,531.895933,24.0,0.0,53.48,0,0,24.0,1.0,0.0,0,0.0
13,S1,H7,loader,25,517.165642,24.0,0.0,54.2,1,0,24.0,1.0,0.0,0,0.0
14,S1,H1,feller_buncher,25,1176.844281,24.0,0.0,54.2,0,0,24.0,1.0,0.0,0,0.0
14,S1,H2,feller_buncher,25,1194.708925,24.0,0.0,0.0,0,0,24.0,1.0,0.0,0,0.0
14,S1,H3,grapple_skidder,25,778.104169,24.0,0.0,53.24,0,0,24.0,1.0,0.0,0,0.0
14,S1,H4,processor,25,531.895933,24.0,0.0,0.0,0,0,24.0,1.0,0.0,0,0.0
14,S1,H5,processor,25,409.650504,24.0,0.0,53.24,0,0,24.0,1.0,0.0,0,0.0
15,S1,H1,feller_buncher,25,1176.844281,24.0,0.0,0.0,0,0,24.0,1.0,0.0,0,0.0
15,S1,H2,feller_buncher,25,1164.04956,24.0,0.0,54.92,0,0,24.0,1.0,0.0,0,0.0
15,S1,H3,grapple_skidder,25,923.199854,24.0,0.0,53.24,0,0,24.0,1.0,0.0,0,0.0
15,S1,H4,processor,25,409.650504,24.0,0.0,54.92,0,0,24.0,1.0,0.0,0,0.0
15,S1,H7,loader,25,802.411354,24.0,0.0,53.48,0,0,24.0,1.0,0.0,0,0.0
16,S1,H1,feller_buncher,25,48.979281324226676,24.0,0.0,0.0,0,0,24.0,1.0,0.0,0,0.0
16,S1,H2,feller_buncher,25,502.7667789999996,24.0,0.0,0.0,0,0,24.0,1.0,0.0,0,0.0
16,S1,H3,grapple_skidder,25,1480.641393,24.0,0.0,54.68,0,0,24.0,1.0,0.0,0,0.0
16,S1,H4,processor,25,268.577321,24.0,0.0,54.92,1,0,24.0,1.0,0.0,0,0.0
16,S1,H5,processor,25,395.784917,24.0,0.0,53.48,0,0,24.0,1.0,0.0,0,0.0
16,S1,H7,loader,25,424.433991,24.0,0.0,54.92,0,0,24.0,1.0,0.0,0,0.0
17,S1,H1,feller_buncher,25,576.960683,24.0,0.0,53.72,0,0,24.0,1.0,0.0,0,0.0
17,S1,H2,feller_buncher,25,787.363583,24.0,0.0,54.44,0,0,24.0,1.0,0.0,0,0.0
17,S1,H3,grapple_skidder,25,674.603847,24.0,0.0,53.96,0,0,24.0,1.0,0.0,0,0.0
17,S1,H4,processor,25,569.826226,24.0,0.0,53.24,0,0,24.0,1.0,0.0,0,0.0
17,S1,H5,processor,25,395.784917,24.0,0.0,0.0,0,0,24.0,1.0,0.0,0,0.0
17,S1,H6,processor,25,469.046841,24.0,0.0,0.0,0,0,24.0,1.0,0.0,0,0.0
17,S1,H7,loader,25,261.34527220211413,24.0,0.0,0.0,0,0,24.0,1.0,0.0,0,0.0
17,S1,H8,loader,25,802.411354,24.0,0.0,55.16,0,0,24.0,1.0,0.0,0,0.0
18,S1,H1,feller_buncher,25,951.9847326626536,24.0,0.0,54.2,0,0,24.0,1.0,0.0,0,0.0
18,S1,H2,feller_buncher,25,486.3476200000001,24.0,0.0,0.0,0,0,24.0,1.0,0.0,0,0.0
18,S1,H3,grapple_skidder,25,1164.728216,24.0,0.0,53.24,0,0,24.0,1.0,0.0,0,0.0
18,S1,H4,processor,25,569.826226,24.0,0.0,0.0,0,0,24.0,1.0,0.0,0,0.0
18,S1,H5,processor,25,456.082335,24.0,0.0,53.72,0,0,24.0,1.0,0.0,0,0.0
18,S1,H7,loader,25,474.741639,24.0,0.0,53.24,0,0,24.0,1.0,0.0,0,0.0
18,S1,H8,loader,25,456.725789,24.0,0.0,54.44,0,0,24.0,1.0,0.0,0,0.0
19,S1,H1,feller_buncher,25,1013.0077249999999,24.0,0.0,0.0,0,0,24.0,1.0,0.0,0,0.0
19,S1,H2,feller_buncher,25,680.207863,24.0,0.0,53.72,0,0,24.0,1.0,0.0,0,0.0
19,S1,H3,grapple_skidder,25,1273.711203,24.0,0.0,53.24,0,0,24.0,1.0,0.0,0,0.0
19,S1,H4,processor,25,517.165642,24.0,0.0,53.72,0,0,24.0,1.0,0.0,0,0.0
19,S1,H5,processor,25,218.52151199999997,24.0,0.0,0.0,0,0,24.0,1.0,0.0,0,0.0
19,S1,H6,processor,25,469.046841,24.0,0.0,0.0,0,0,24.0,1.0,0.0,0,0.0
19,S1,H7,loader,25,937.184825,24.0,0.0,54.92,0,0,24.0,1.0,0.0,0,0.0
20,S1,H1,feller_buncher,25,1194.708925,24.0,0.0,53.24,0,0,24.0,1.0,0.0,0,0.0
20,S1,H2,feller_buncher,25,295.2458381780166,19.41882830496632,4.581171695033682,0.0,0,0,24.0,0.8091178460402633,4.581171695033681,1,0.0
20,S1,H3,grapple_skidder,25,1332.369187,24.0,0.0,53.24,0,0,24.0,1.0,0.0,0,0.0
20,S1,H4,processor,25,517.165642,24.0,0.0,0.0,0,0,24.0,1.0,0.0,0,0.0
20,S1,H5,processor,25,469.046841,24.0,0.0,53.96,0,0,24.0,1.0,0.0,0,0.0
20,S1,H6,processor,25,441.264891,24.0,0.0,54.44,0,0,24.0,1.0,0.0,0,0.0
20,S1,H7,loader,25,379.7209447139842,24.0,0.0,53.96,0,0,24.0,1.0,0.0,0,0.0
21,S1,H3,grapple_skidder,25,739.620424,24.0,0.0,55.16,0,0,24.0,1.0,0.0,0,0.0
21,S1,H4,processor,25,531.895933,24.0,0.0,53.48,0,0,24.0,1.0,0.0,0,0.0
21,S1,H5,processor,25,469.046841,24.0,0.0,0.0,0,0,24.0,1.0,0.0,0,0.0
21,S1,H6,processor,25,384.03622531308736,20.88738441580229,3.112615584197709,0.0,0,0,24.0,0.8703076839917622,3.112615584197708,1,0.0
21,S1,H7,loader,25,687.364703,24.0,0.0,53.24,0,0,24.0,1.0,0.0,0,0.0
22,S1,H3,grapple_skidder,25,1480.641393,24.0,0.0,55.4,0,0,24.0,1.0,0.0,0,0.0
22,S1,H4,processor,25,454.371360695853,20.501966606878476,3.498033393121524,0.0,0,0,24.0,0.8542486086199365,3.4980333931215233,1,0.0
22,S1,H5,processor,25,481.329283,24.0,0.0,53.48,0,0,24.0,1.0,0.0,0,0.0
22,S1,H6,processor,25,469.046841,24.0,0.0,54.44,0,0,24.0,1.0,0.0,0,0.0
22,S1,H7,loader,25,733.483855,24.0,0.0,53.24,0,0,24.0,1.0,0.0,0,0.0
23,S1,H3,grapple_skidder,25,1164.728216,24.0,0.0,53.72,0,0,24.0,1.0,0.0,0,0.0
23,S1,H4,processor,25,569.826226,24.0,0.0,53.24,0,0,24.0,1.0,0.0,0,0.0
23,S1,H5,processor,25,380.4878735114956,24.0,0.0,0.0,1,0,24.0,1.0,0.0,0,0.0
23,S1,H6,processor,25,469.046841,24.0,0.0,0.0,0,0,24.0,1.0,0.0,0,0.0
23,S1,H7,loader,25,802.411354,24.0,0.0,53.24,0,0,24.0,1.0,0.0,0,0.0
24,S1,H3,grapple_skidder,25,739.620424,24.0,0.0,54.68,0,0,24.0,1.0,0.0,0,0.0
24,S1,H4,processor,25,569.826226,24.0,0.0,0.0,0,0,24.0,1.0,0.0,0,0.0
24,S1,H5,processor,25,517.165642,24.0,0.0,54.68,0,0,24.0,1.0,0.0,0,0.0
24,S1,H6,processor,25,391.18142100000006,24.0,0.0,54.44,0,0,24.0,1.0,0.0,0,0.0
24,S1,H7,loader,25,474.741639,24.0,0.0,54.68,0,0,24.0,1.0,0.0,0,0.0
25,S1,H3,grapple_skidder,25,1332.369187,24.0,0.0,55.16,0,0,24.0,1.0,0.0,0,0.0
25,S1,H4,processor,25,481.329283,24.0,0.0,55.4,0,0,24.0,1.0,0.0,0,0.0
25,S1,H5,processor,25,517.165642,24.0,0.0,0.0,0,0,24.0,1.0,0.0,0,0.0
25,S1,H7,loader,25,474.741639,24.0,0.0,0.0,0,0,24.0,1.0,0.0,0,0.0
25,S1,H8,loader,25,482.9986823130874,24.0,0.0,54.2,1,0,24.0,1.0,0.0,0,0.0
25,S1,H9,loader,25,937.184825,24.0,0.0,0.0,0,0,24.0,1.0,0.0,0,0.0
26,S1,H3,grapple_skidder,25,778.104169,24.0,0.0,54.68,0,0,24.0,1.0,0.0,0,0.0
26,S1,H4,processor,25,569.826226,24.0,0.0,55.4,0,0,24.0,1.0,0.0,0,0.0
26,S1,H5,processor,25,531.895933,24.0,0.0,53.48,0,0,24.0,1.0,0.0,0,0.0
26,S1,H7,loader,25,687.364703,24.0,0.0,54.2,0,0,24.0,1.0,0.0,0,0.0
26,S1,H8,loader,25,451.958924,24.0,0.0,54.92,0,0,24.0,1.0,0.0,0,0.0
27,S1,H3,grapple_skidder,25,73.21141132422645,24.0,0.0,54.2,1,0,24.0,1.0,0.0,0,0.0
27,S1,H4,processor,25,469.046841,24.0,0.0,54.92,0,0,24.0,1.0,0.0,0,0.0
27,S1,H5,processor,25,531.895933,24.0,0.0,0.0,0,0,24.0,1.0,0.0,0,0.0
27,S1,H7,loader,25,937.184825,24.0,0.0,53.72,0,0,24.0,1.0,0.0,0,0.0
27,S1,H8,loader,25,451.958924,24.0,0.0,0.0,0,0,24.0,1.0,0.0,0,0.0
28,S1,H1,feller_buncher,25,1194.708925,24.0,0.0,0.0,0,0,24.0,1.0,0.0,0,0.0
28,S1,H3,grapple_skidder,25,975.4537011780166,24.0,0.0,53.48,1,0,24.0,1.0,0.0,0,0.0
28,S1,H4,processor,25,517.165642,24.0,0.0,54.2,0,0,24.0,1.0,0.0,0,0.0
28,S1,H7,loader,25,802.411354,24.0,0.0,53.24,0,0,24.0,1.0,0.0,0,0.0
28,S1,H8,loader,25,474.741639,24.0,0.0,53.48,0,0,24.0,1.0,0.0,0,0.0
28,S1,H9,loader,25,451.958924,24.0,0.0,55.4,0,0,24.0,1.0,0.0,0,0.0
29,S1,H3,grapple_skidder,25,739.620424,24.0,0.0,54.2,0,0,24.0,1.0,0.0,0,0.0
29,S1,H4,processor,25,366.38057762567007,20.406087782028486,3.593912217971514,53.48,0,0,24.0,0.8502536575845202,3.593912217971513,1,0.0
29,S1,H5,processor,25,531.895933,24.0,0.0,0.0,0,0,24.0,1.0,0.0,0,0.0
29,S1,H7,loader,25,687.364703,24.0,0.0,53.48,0,0,24.0,1.0,0.0,0,0.0
29,S1,H8,loader,25,474.741639,24.0,0.0,0.0,0,0,24.0,1.0,0.0,0,0.0
30,S1,H3,grapple_skidder,25,1036.4489751,24.0,0.0,55.4,0,0,24.0,1.0,0.0,0,0.3
30,S1,H4,processor,25,43.523922609208626,24.0,0.0,53.48,1,0,24.0,1.0,0.0,0,0.3
30,S1,H5,processor,25,336.93049809999997,24.0,0.0,55.16,0,0,24.0,1.0,0.0,0,0.3
30,S1,H6,processor,25,301.63516739999994,24.0,0.0,53.72,0,0,24.0,1.0,0.0,0,0.3
30,S1,H7,loader,25,561.6879478,24.0,0.0,53.48,0,0,24.0,1.0,0.0,0,0.3
30,S1,H8,loader,25,332.3191473,24.0,0.0,0.0,0,0,24.0,1.0,0.0,0,0.3
31,S1,H3,grapple_skidder,25,567.1587449999993,24.0,0.0,53.24,0,0,24.0,1.0,0.0,0,0.0
31,S1,H4,processor,25,486.1407143706032,20.47532495440895,3.5246750455910494,53.72,0,0,24.0,0.8531385397670396,3.5246750455910485,1,0.0
31,S1,H5,processor,25,481.329283,24.0,0.0,0.0,0,0,24.0,1.0,0.0,0,0.0
31,S1,H6,processor,25,183.29153700000006,24.0,0.0,0.0,0,0,24.0,1.0,0.0,0,0.0
31,S1,H7,loader,25,567.2580236092089,24.0,0.0,53.48,1,0,24.0,1.0,0.0,0,0.0
31,S1,H8,loader,25,474.741639,24.0,0.0,0.0,0,0,24.0,1.0,0.0,0,0.0
32,S1,H3,grapple_skidder,25,508.76415314803364,24.0,0.0,54.68,0,0,24.0,1.0,0.0,0,0.0
32,S1,H4,processor,25,569.826226,24.0,0.0,0.0,0,0,24.0,1.0,0.0,0,0.0
32,S1,H5,processor,25,531.895933,24.0,0.0,55.16,0,0,24.0,1.0,0.0,0,0.0
32,S1,H7,loader,25,0.0,24.0,0.0,0.0,1,0,24.0,1.0,0.0,0,0.0
32,S1,H8,loader,25,558.398094,24.0,0.0,53.72,0,0,24.0,1.0,0.0,0,0.0
32,S1,H9,loader,25,451.958924,24.0,0.0,0.0,0,0,24.0,1.0,0.0,0,0.0
33,S1,H3,grapple_skidder,25,576.960683,24.0,0.0,53.48,0,0,24.0,1.0,0.0,0,0.0
33,S1,H4,processor,25,39.708676164313516,20.817025776050965,3.182974223949035,53.24,0,0,24.0,0.8673760740021236,3.182974223949035,1,0.0
33,S1,H5,processor,25,469.046841,24.0,0.0,54.68,0,0,24.0,1.0,0.0,0,0.0
33,S1,H7,loader,25,937.184825,24.0,0.0,53.72,0,0,24.0,1.0,0.0,0,0.0
33,S1,H8,loader,25,292.90918802567,24.0,0.0,0.0,1,0,24.0,1.0,0.0,0,0.0
33,S1,H9,loader,25,382.94088361149545,24.0,0.0,0.0,1,0,24.0,1.0,0.0,0,0.0
34,S1,H1,feller_buncher,25,140.55055100000027,24.0,0.0,0.0,0,0,24.0,1.0,0.0,0,0.0
34,S1,H3,grapple_skidder,25,390.7555755999997,24.0,0.0,53.72,1,0,24.0,1.0,0.0,0,0.0
34,S1,H4,processor,25,326.8251142479331,24.0,0.0,54.2,0,0,24.0,1.0,0.0,0,0.0
34,S1,H5,processor,25,420.44603580417134,21.513213558345047,2.486786441654953,0.0,0,0,24.0,0.8963838982643769,2.486786441654954,1,0.0
34,S1,H7,loader,25,802.411354,24.0,0.0,53.24,0,0,24.0,1.0,0.0,0,0.0
35,S1,H3,grapple_skidder,25,477.4620719999998,24.0,0.0,55.16,0,0,24.0,1.0,0.0,0,0.0
35,S1,H4,processor,25,148.20937800000002,24.0,0.0,0.0,0,0,24.0,1.0,0.0,0,0.0
35,S1,H5,processor,25,409.650504,24.0,0.0,53.24,0,0,24.0,1.0,0.0,0,0.0
35,S1,H7,loader,25,279.7560149999996,24.0,0.0,0.0,0,0,24.0,1.0,0.0,0,0.0
35,S1,H8,loader,25,474.741639,24.0,0.0,53.72,0,0,24.0,1.0,0.0,0,0.0
36,S1,H3,grapple_skidder,25,517.6567136080439,24.0,0.0,54.68,1,0,24.0,1.0,0.0,0,0.0
36,S1,H4,processor,25,569.826226,24.0,0.0,54.44,0,0,24.0,1.0,0.0,0,0.0
36,S1,H5,processor,25,128.51464519999985,24.0,0.0,0.0,1,0,24.0,1.0,0.0,0,0.0
36,S1,H7,loader,25,475.0344922479331,24.0,0.0,54.2,1,0,24.0,1.0,0.0,0,0.0
36,S1,H8,loader,25,379.11394664712935,24.0,0.0,0.0,0,0,24.0,1.0,0.0,0,0.0
37,S1,H3,grapple_skidder,25,187.56479438850488,24.0,0.0,53.72,1,0,24.0,1.0,0.0,0,0.3
37,S1,H4,processor,25,0.2695367293969184,24.0,0.0,0.0,1,0,24.0,1.0,0.0,0,0.3
37,S1,H5,processor,25,277.0494419,24.0,0.0,53.48,0,0,24.0,1.0,0.0,0,0.3
37,S1,H7,loader,25,0.0,24.0,0.0,0.0,1,0,24.0,1.0,0.0,0,0.3
37,S1,H8,loader,25,297.1037937,24.0,0.0,53.24,0,0,24.0,1.0,0.0,0,0.3
38,S1,H3,grapple_skidder,25,368.49715334191745,24.0,0.0,53.48,0,0,24.0,1.0,0.0,0,0.0
38,S1,H4,processor,25,367.21657828850476,24.0,0.0,55.4,1,0,24.0,1.0,0.0,0,0.0
38,S1,H5,processor,25,372.237291708044,24.0,0.0,0.0,1,0,24.0,1.0,0.0,0,0.0
38,S1,H7,loader,25,726.4545331000002,24.0,0.0,54.44,1,0,24.0,1.0,0.0,0,0.0
38,S1,H8,loader,25,424.433991,24.0,0.0,0.0,0,0,24.0,1.0,0.0,0,0.0
39,S1,H3,grapple_skidder,25,678.968019,24.0,0.0,53.72,0,0,24.0,1.0,0.0,0,0.0
39,S1,H4,processor,25,469.046841,24.0,0.0,53.48,0,0,24.0,1.0,0.0,0,0.0
39,S1,H5,processor,25,0.0,24.0,0.0,0.0,1,0,24.0,1.0,0.0,0,0.0
39,S1,H7,loader,25,0.0,24.0,0.0,0.0,1,0,24.0,1.0,0.0,0,0.0
39,S1,H8,loader,25,336.0197300000002,24.0,0.0,0.0,0,0,24.0,1.0,0.0,0,0.0
39,S1,H9,loader,25,367.21657828850476,24.0,0.0,0.0,1,0,24.0,1.0,0.0,0,0.0
40,S1,H4,processor,25,547.23705,24.0,0.0,53.72,0,0,24.0,1.0,0.0,0,0.0
40,S1,H7,loader,25,474.741639,24.0,0.0,54.92,0,0,24.0,1.0,0.0,0,0.0
40,S1,H8,loader,25,456.725789,24.0,0.0,53.48,0,0,24.0,1.0,0.0,0,0.0
40,S1,H9,loader,25,0.0,24.0,0.0,0.0,1,0,24.0,1.0,0.0,0,0.0
41,S1,H4,processor,25,106.63908598578053,19.359457725563768,4.640542274436232,53.72,1,0,24.0,0.8066440718984903,4.640542274436232,1,0.0
41,S1,H7,loader,25,485.857474,24.0,0.0,53.72,0,0,24.0,1.0,0.0,0,0.0
41,S1,H8,loader,25,456.725789,24.0,0.0,0.0,0,0,24.0,1.0,0.0,0,0.0
42,S1,H3,grapple_skidder,25,678.968019,24.0,0.0,0.0,0,0,24.0,1.0,0.0,0,0.0
42,S1,H7,loader,25,474.741639,24.0,0.0,53.72,0,0,24.0,1.0,0.0,0,0.0
42,S1,H8,loader,25,70.67920060804391,24.0,0.0,0.0,1,0,24.0,1.0,0.0,0,0.0
1,S1,H1,feller_buncher,26,1220.906942,24.0,0.0,0.0,0,0,24.0,1.0,0.0,0,0.0
1,S1,H2,feller_buncher,26,1299.478592,24.0,0.0,0.0,0,0,24.0,1.0,0.0,0,0.0
2,S1,H1,feller_buncher,26,1220.906942,24.0,0.0,0.0,0,0,24.0,1.0,0.0,0,0.0
2,S1,H2,feller_buncher,26,1164.04956,24.0,0.0,53.72,0,0,24.0,1.0,0.0,0,0.0
2,S1,H3,grapple_skidder,26,678.968019,24.0,0.0,0.0,0,0,24.0,1.0,0.0,0,0.0
3,S1,H1,feller_buncher,26,1176.844281,24.0,0.0,53.48,0,0,24.0,1.0,0.0,0,0.0
3,S1,H2,feller_buncher,26,888.796776,24.0,0.0,53.24,0,0,24.0,1.0,0.0,0,0.0
3,S1,H3,grapple_skidder,26,778.104169,24.0,0.0,53.72,0,0,24.0,1.0,0.0,0,0.0
3,S1,H4,processor,26,547.23705,24.0,0.0,0.0,0,0,24.0,1.0,0.0,0,0.0
4,S1,H1,feller_buncher,26,823.7909966999999,24.0,0.0,0.0,0,0,24.0,1.0,0.0,0,0.3
4,S1,H2,feller_buncher,26,622.1577432,24.0,0.0,0.0,0,0,24.0,1.0,0.0,0,0.3
4,S1,H3,grapple_skidder,26,932.6584309,24.0,0.0,54.68,0,0,24.0,1.0,0.0,0,0.3
4,S1,H4,processor,26,328.3327887,24.0,0.0,53.72,0,0,24.0,1.0,0.0,0,0.3
4,S1,H7,loader,26,340.1002318,24.0,0.0,0.0,0,0,24.0,1.0,0.0,0,0.3
5,S1,H1,feller_buncher,26,1164.04956,24.0,0.0,54.2,0,0,24.0,1.0,0.0,0,0.0
5,S1,H2,feller_buncher,26,961.553907,24.0,0.0,53.24,0,0,24.0,1.0,0.0,0,0.0
5,S1,H3,grapple_skidder,26,1164.728216,24.0,0.0,53.48,0,0,24.0,1.0,0.0,0,0.0
5,S1,H4,processor,26,531.895933,24.0,0.0,54.68,0,0,24.0,1.0,0.0,0,0.0
6,S1,H1,feller_buncher,26,256.1621419999998,24.0,0.0,53.24,0,0,24.0,1.0,0.0,0,0.0
6,S1,H2,feller_buncher,26,768.7970925664619,19.188867194312262,4.811132805687738,0.0,0,0,24.0,0.7995361330963443,4.811132805687738,1,0.0
6,S1,H3,grapple_skidder,26,835.9070616999998,24.0,0.0,0.0,1,0,24.0,1.0,0.0,0,0.0
6,S1,H4,processor,26,400.76249789999997,24.0,0.0,0.0,1,0,24.0,1.0,0.0,0,0.0
7,S1,H1,feller_buncher,26,1164.04956,24.0,0.0,53.24,0,0,24.0,1.0,0.0,0,0.0
7,S1,H2,feller_buncher,26,961.553907,24.0,0.0,0.0,0,0,24.0,1.0,0.0,0,0.0
7,S1,H3,grapple_skidder,26,809.624168,24.0,0.0,54.44,0,0,24.0,1.0,0.0,0,0.0
7,S1,H4,processor,26,517.165642,24.0,0.0,53.48,0,0,24.0,1.0,0.0,0,0.0
7,S1,H7,loader,26,802.411354,24.0,0.0,55.4,0,0,24.0,1.0,0.0,0,0.0
8,S1,H1,feller_buncher,26,860.013242,24.0,0.0,53.24,0,0,24.0,1.0,0.0,0,0.0
8,S1,H2,feller_buncher,26,413.7565330000002,24.0,0.0,0.0,0,0,24.0,1.0,0.0,0,0.0
8,S1,H3,grapple_skidder,26,778.104169,24.0,0.0,53.24,0,0,24.0,1.0,0.0,0,0.0
8,S1,H4,processor,26,517.165642,24.0,0.0,0.0,0,0,24.0,1.0,0.0,0,0.0
8,S1,H5,processor,26,409.650504,24.0,0.0,0.0,0,0,24.0,1.0,0.0,0,0.0
9,S1,H1,feller_buncher,26,1299.478592,24.0,0.0,53.96,0,0,24.0,1.0,0.0,0,0.0
9,S1,H2,feller_buncher,26,1220.906942,24.0,0.0,55.16,0,0,24.0,1.0,0.0,0,0.0
9,S1,H3,grapple_skidder,26,778.104169,24.0,0.0,0.0,0,0,24.0,1.0,0.0,0,0.0
9,S1,H7,loader,26,687.364703,24.0,0.0,53.48,0,0,24.0,1.0,0.0,0,0.0
10,S1,H1,feller_buncher,26,1299.478592,24.0,0.0,0.0,0,0,24.0,1.0,0.0,0,0.0
10,S1,H2,feller_buncher,26,860.013242,24.0,0.0,54.44,0,0,24.0,1.0,0.0,0,0.0
10,S1,H3,grapple_skidder,26,739.620424,24.0,0.0,53.48,0,0,24.0,1.0,0.0,0,0.0
10,S1,H4,processor,26,517.165642,24.0,0.0,0.0,0,0,24.0,1.0,0.0,0,0.0
10,S1,H5,processor,26,469.046841,24.0,0.0,53.24,0,0,24.0,1.0,0.0,0,0.0
11,S1,H1,feller_buncher,26,643.2315940246191,24.0,0.0,0.0,0,0,24.0,1.0,0.0,0,0.0
11,S1,H2,feller_buncher,26,32.154277545462286,24.0,0.0,0.0,0,0,24.0,1.0,0.0,0,0.0
11,S1,H3,grapple_skidder,26,778.104169,24.0,0.0,53.48,0,0,24.0,1.0,0.0,0,0.0
11,S1,H4,processor,26,481.329283,24.0,0.0,54.68,0,0,24.0,1.0,0.0,0,0.0
11,S1,H7,loader,26,501.2885057993792,24.0,0.0,0.0,0,0,24.0,1.0,0.0,0,0.0
12,S1,H1,feller_buncher,26,356.0085949999998,24.0,0.0,0.0,0,0,24.0,1.0,0.0,0,0.0
12,S1,H2,feller_buncher,26,674.603847,24.0,0.0,53.72,0,0,24.0,1.0,0.0,0,0.0
12,S1,H3,grapple_skidder,26,1332.369187,24.0,0.0,54.68,0,0,24.0,1.0,0.0,0,0.0
12,S1,H4,processor,26,434.8831992557328,20.18153553622494,3.8184644637750615,54.68,0,0,24.0,0.8408973140093724,3.818464463775061,1,0.0
12,S1,H7,loader,26,474.741639,24.0,0.0,54.2,0,0,24.0,1.0,0.0,0,0.0
12,S1,H8,loader,26,451.958924,24.0,0.0,0.0,0,0,24.0,1.0,0.0,0,0.0
13,S1,H1,feller_buncher,26,1164.04956,24.0,0.0,53.72,0,0,24.0,1.0,0.0,0,0.0
13,S1,H2,feller_buncher,26,737.9542598468795,24.0,0.0,53.96,0,0,24.0,1.0,0.0,0,0.0
13,S1,H3,grapple_skidder,26,809.624168,24.0,0.0,54.92,0,0,24.0,1.0,0.0,0,0.0
13,S1,H4,processor,26,531.895933,24.0,0.0,53.48,0,0,24.0,1.0,0.0,0,0.0
13,S1,H7,loader,26,687.364703,24.0,0.0,54.2,0,0,24.0,1.0,0.0,0,0.0
14,S1,H1,feller_buncher,26,1176.844281,24.0,0.0,54.2,0,0,24.0,1.0,0.0,0,0.0
14,S1,H2,feller_buncher,26,1194.708925,24.0,0.0,0.0,0,0,24.0,1.0,0.0,0,0.0
14,S1,H3,grapple_skidder,26,778.104169,24.0,0.0,53.24,0,0,24.0,1.0,0.0,0,0.0
14,S1,H4,processor,26,531.895933,24.0,0.0,0.0,0,0,24.0,1.0,0.0,0,0.0
14,S1,H5,processor,26,409.650504,24.0,0.0,53.24,0,0,24.0,1.0,0.0,0,0.0
15,S1,H1,feller_buncher,26,1176.844281,24.0,0.0,0.0,0,0,24.0,1.0,0.0,0,0.0
15,S1,H2,feller_buncher,26,1164.04956,24.0,0.0,54.92,0,0,24.0,1.0,0.0,0,0.0
15,S1,H3,grapple_skidder,26,923.199854,24.0,0.0,53.24,0,0,24.0,1.0,0.0,0,0.0
15,S1,H4,processor,26,409.650504,24.0,0.0,54.92,0,0,24.0,1.0,0.0,0,0.0
15,S1,H7,loader,26,802.411354,24.0,0.0,53.48,0,0,24.0,1.0,0.0,0,0.0
16,S1,H1,feller_buncher,26,111.30773800000088,24.0,0.0,0.0,0,0,24.0,1.0,0.0,0,0.0
16,S1,H2,feller_buncher,26,502.7667789999996,24.0,0.0,0.0,0,0,24.0,1.0,0.0,0,0.0
16,S1,H3,grapple_skidder,26,1480.641393,24.0,0.0,54.68,0,0,24.0,1.0,0.0,0,0.0
16,S1,H4,processor,26,268.577321,24.0,0.0,54.92,1,0,24.0,1.0,0.0,0,0.0
16,S1,H5,processor,26,395.784917,24.0,0.0,53.48,0,0,24.0,1.0,0.0,0,0.0
16,S1,H7,loader,26,424.433991,24.0,0.0,54.92,0,0,24.0,1.0,0.0,0,0.0
17,S1,H1,feller_buncher,26,351.94679289005995,24.0,0.0,53.72,0,0,24.0,1.0,0.0,0,0.0
17,S1,H2,feller_buncher,26,787.363583,24.0,0.0,54.44,0,0,24.0,1.0,0.0,0,0.0
17,S1,H3,grapple_skidder,26,674.603847,24.0,0.0,53.96,0,0,24.0,1.0,0.0,0,0.0
17,S1,H4,processor,26,569.826226,24.0,0.0,53.24,0,0,24.0,1.0,0.0,0,0.0
17,S1,H5,processor,26,395.784917,24.0,0.0,0.0,0,0,24.0,1.0,0.0,0,0.0
17,S1,H6,processor,26,368.587633971807,18.859743722958726,5.140256277041274,0.0,0,0,24.0,0.7858226551232802,5.140256277041276,1,0.0
17,S1,H7,loader,26,424.433991,24.0,0.0,0.0,0,0,24.0,1.0,0.0,0,0.0
17,S1,H8,loader,26,660.2049099000002,24.0,0.0,55.16,1,0,24.0,1.0,0.0,0,0.0
18,S1,H1,feller_buncher,26,1220.906942,24.0,0.0,54.2,0,0,24.0,1.0,0.0,0,0.0
18,S1,H2,feller_buncher,26,486.3476200000001,24.0,0.0,0.0,0,0,24.0,1.0,0.0,0,0.0
18,S1,H3,grapple_skidder,26,1164.728216,24.0,0.0,53.24,0,0,24.0,1.0,0.0,0,0.0
18,S1,H4,processor,26,569.826226,24.0,0.0,0.0,0,0,24.0,1.0,0.0,0,0.0
18,S1,H5,processor,26,456.082335,24.0,0.0,53.72,0,0,24.0,1.0,0.0,0,0.0
18,S1,H7,loader,26,474.741639,24.0,0.0,53.24,0,0,24.0,1.0,0.0,0,0.0
18,S1,H8,loader,26,456.725789,24.0,0.0,54.44,0,0,24.0,1.0,0.0,0,0.0
19,S1,H1,feller_buncher,26,1013.0077249999999,24.0,0.0,0.0,0,0,24.0,1.0,0.0,0,0.0
19,S1,H2,feller_buncher,26,680.207863,24.0,0.0,53.72,0,0,24.0,1.0,0.0,0,0.0
19,S1,H3,grapple_skidder,26,1273.711203,24.0,0.0,53.24,0,0,24.0,1.0,0.0,0,0.0
19,S1,H4,processor,26,517.165642,24.0,0.0,53.72,0,0,24.0,1.0,0.0,0,0.0
19,S1,H5,processor,26,173.60283822325954,24.0,0.0,0.0,0,0,24.0,1.0,0.0,0,0.0
19,S1,H6,processor,26,445.1591100669069,22.777722196845083,1.2222778031549169,0.0,0,0,24.0,0.9490717582018785,1.2222778031549155,1,0.0
19,S1,H7,loader,26,937.184825,24.0,0.0,54.92,0,0,24.0,1.0,0.0,0,0.0
20,S1,H1,feller_buncher,26,1194.708925,24.0,0.0,53.24,0,0,24.0,1.0,0.0,0,0.0
20,S1,H2,feller_buncher,26,364.89843800000006,24.0,0.0,0.0,0,0,24.0,1.0,0.0,0,0.0
20,S1,H3,grapple_skidder,26,1332.369187,24.0,0.0,53.24,0,0,24.0,1.0,0.0,0,0.0
20,S1,H4,processor,26,517.165642,24.0,0.0,0.0,0,0,24.0,1.0,0.0,0,0.0
20,S1,H5,processor,26,469.046841,24.0,0.0,53.96,0,0,24.0,1.0,0.0,0,0.0
20,S1,H6,processor,26,441.264891,24.0,0.0,54.44,0,0,24.0,1.0,0.0,0,0.0
20,S1,H7,loader,26,629.6851732232595,24.0,0.0,53.96,1,0,24.0,1.0,0.0,0,0.0
21,S1,H3,grapple_skidder,26,739.620424,24.0,0.0,55.16,0,0,24.0,1.0,0.0,0,0.0
21,S1,H4,processor,26,531.895933,24.0,0.0,53.48,0,0,24.0,1.0,0.0,0,0.0
21,S1,H5,processor,26,469.046841,24.0,0.0,0.0,0,0,24.0,1.0,0.0,0,0.0
21,S1,H6,processor,26,441.264891,24.0,0.0,0.0,0,0,24.0,1.0,0.0,0,0.0
21,S1,H7,loader,26,687.364703,24.0,0.0,53.24,0,0,24.0,1.0,0.0,0,0.0
22,S1,H3,grapple_skidder,26,1480.641393,24.0,0.0,55.4,0,0,24.0,1.0,0.0,0,0.0
22,S1,H4,processor,26,531.895933,24.0,0.0,0.0,0,0,24.0,1.0,0.0,0,0.0
22,S1,H5,processor,26,481.329283,24.0,0.0,53.48,0,0,24.0,1.0,0.0,0,0.0
22,S1,H6,processor,26,469.046841,24.0,0.0,54.44,0,0,24.0,1.0,0.0,0,0.0
22,S1,H7,loader,26,600.2412314640734,19.64022719373661,4.35977280626339,53.24,0,0,24.0,0.8183427997390255,4.35977280626339,1,0.0
23,S1,H3,grapple_skidder,26,1164.728216,24.0,0.0,53.72,0,0,24.0,1.0,0.0,0,0.0
23,S1,H4,processor,26,569.826226,24.0,0.0,53.24,0,0,24.0,1.0,0.0,0,0.0
23,S1,H5,processor,26,481.329283,24.0,0.0,0.0,0,0,24.0,1.0,0.0,0,0.0
23,S1,H6,processor,26,469.046841,24.0,0.0,0.0,0,0,24.0,1.0,0.0,0,0.0
23,S1,H7,loader,26,802.411354,24.0,0.0,53.24,0,0,24.0,1.0,0.0,0,0.0
24,S1,H3,grapple_skidder,26,739.620424,24.0,0.0,54.68,0,0,24.0,1.0,0.0,0,0.0
24,S1,H4,processor,26,569.826226,24.0,0.0,0.0,0,0,24.0,1.0,0.0,0,0.0
24,S1,H5,processor,26,517.165642,24.0,0.0,54.68,0,0,24.0,1.0,0.0,0,0.0
24,S1,H6,processor,26,391.18142100000006,24.0,0.0,54.44,0,0,24.0,1.0,0.0,0,0.0
24,S1,H7,loader,26,474.741639,24.0,0.0,54.68,0,0,24.0,1.0,0.0,0,0.0
25,S1,H3,grapple_skidder,26,1332.369187,24.0,0.0,55.16,0,0,24.0,1.0,0.0,0,0.0
25,S1,H4,processor,26,481.329283,24.0,0.0,55.4,0,0,24.0,1.0,0.0,0,0.0
25,S1,H5,processor,26,517.165642,24.0,0.0,0.0,0,0,24.0,1.0,0.0,0,0.0
25,S1,H7,loader,26,474.741639,24.0,0.0,0.0,0,0,24.0,1.0,0.0,0,0.0
25,S1,H8,loader,26,540.2273480000001,24.0,0.0,54.2,0,0,24.0,1.0,0.0,0,0.0
25,S1,H9,loader,26,937.184825,24.0,0.0,0.0,0,0,24.0,1.0,0.0,0,0.0
26,S1,H3,grapple_skidder,26,778.104169,24.0,0.0,54.68,0,0,24.0,1.0,0.0,0,0.0
26,S1,H4,processor,26,569.826226,24.0,0.0,55.4,0,0,24.0,1.0,0.0,0,0.0
26,S1,H5,processor,26,531.895933,24.0,0.0,53.48,0,0,24.0,1.0,0.0,0,0.0
26,S1,H7,loader,26,687.364703,24.0,0.0,54.2,0,0,24.0,1.0,0.0,0,0.0
26,S1,H8,loader,26,451.958924,24.0,0.0,54.92,0,0,24.0,1.0,0.0,0,0.0
27,S1,H3,grapple_skidder,26,135.53986800000075,24.0,0.0,54.2,1,0,24.0,1.0,0.0,0,0.0
27,S1,H4,processor,26,469.046841,24.0,0.0,54.92,0,0,24.0,1.0,0.0,0,0.0
27,S1,H5,processor,26,531.895933,24.0,0.0,0.0,0,0,24.0,1.0,0.0,0,0.0
27,S1,H7,loader,26,937.184825,24.0,0.0,53.72,0,0,24.0,1.0,0.0,0,0.0
27,S1,H8,loader,26,451.958924,24.0,0.0,0.0,0,0,24.0,1.0,0.0,0,0.0
28,S1,H1,feller_buncher,26,1194.708925,24.0,0.0,0.0,0,0,24.0,1.0,0.0,0,0.0
28,S1,H3,grapple_skidder,26,1045.106301,24.0,0.0,53.48,0,0,24.0,1.0,0.0,0,0.0
28,S1,H4,processor,26,410.5888844442675,24.0,0.0,54.2,1,0,24.0,1.0,0.0,0,0.0
28,S1,H7,loader,26,802.411354,24.0,0.0,53.24,0,0,24.0,1.0,0.0,0,0.0
28,S1,H8,loader,26,352.6347605594412,24.0,0.0,53.48,0,0,24.0,1.0,0.0,0,0.0
28,S1,H9,loader,26,369.4198199878722,19.616994396838003,4.3830056031619975,55.4,0,0,24.0,0.8173747665349168,4.383005603161999,1,0.0
29,S1,H3,grapple_skidder,26,328.8305326459281,24.0,0.0,54.2,0,0,24.0,1.0,0.0,0,0.0
29,S1,H4,processor,26,430.907382,24.0,0.0,53.48,0,0,24.0,1.0,0.0,0,0.0
29,S1,H5,processor,26,531.895933,24.0,0.0,0.0,0,0,24.0,1.0,0.0,0,0.0
29,S1,H7,loader,26,687.364703,24.0,0.0,53.48,0,0,24.0,1.0,0.0,0,0.0
29,S1,H8,loader,26,474.741639,24.0,0.0,0.0,0,0,24.0,1.0,0.0,0,0.0
30,S1,H3,grapple_skidder,26,1360.798248846879,24.0,0.0,55.4,1,0,24.0,1.0,0.0,0,0.0
30,S1,H4,processor,26,0.0,24.0,0.0,53.48,1,0,24.0,1.0,0.0,0,0.0
30,S1,H5,processor,26,481.329283,24.0,0.0,55.16,0,0,24.0,1.0,0.0,0,0.0
30,S1,H6,processor,26,430.907382,24.0,0.0,53.72,0,0,24.0,1.0,0.0,0,0.0
30,S1,H7,loader,26,802.411354,24.0,0.0,53.48,0,0,24.0,1.0,0.0,0,0.0
30,S1,H8,loader,26,474.741639,24.0,0.0,0.0,0,0,24.0,1.0,0.0,0,0.0
31,S1,H3,grapple_skidder,26,567.1587449999993,24.0,0.0,53.24,0,0,24.0,1.0,0.0,0,0.0
31,S1,H4,processor,26,569.826226,24.0,0.0,53.72,0,0,24.0,1.0,0.0,0,0.0
31,S1,H5,processor,26,141.04538964592786,24.0,0.0,0.0,1,0,24.0,1.0,0.0,0,0.0
31,S1,H6,processor,26,173.9362556688552,22.775029356933835,1.2249706430661647,0.0,0,0,24.0,0.9489595565389098,1.224970643066165,1,0.0
31,S1,H7,loader,26,527.5195569006216,24.0,0.0,53.48,1,0,24.0,1.0,0.0,0,0.0
31,S1,H8,loader,26,474.741639,24.0,0.0,0.0,0,0,24.0,1.0,0.0,0,0.0
32,S1,H3,grapple_skidder,26,778.104169,24.0,0.0,54.68,0,0,24.0,1.0,0.0,0,0.0
32,S1,H4,processor,26,569.826226,24.0,0.0,0.0,0,0,24.0,1.0,0.0,0,0.0
32,S1,H5,processor,26,531.895933,24.0,0.0,55.16,0,0,24.0,1.0,0.0,0,0.0
32,S1,H7,loader,26,0.0,24.0,0.0,0.0,1,0,24.0,1.0,0.0,0,0.0
32,S1,H8,loader,26,558.398094,24.0,0.0,53.72,0,0,24.0,1.0,0.0,0,0.0
32,S1,H9,loader,26,451.958924,24.0,0.0,0.0,0,0,24.0,1.0,0.0,0,0.0
33,S1,H3,grapple_skidder,26,351.94679289005995,24.0,0.0,53.48,1,0,24.0,1.0,0.0,0,0.0
33,S1,H4,processor,26,40.52152099999921,24.0,0.0,53.24,1,0,24.0,1.0,0.0,0,0.0
33,S1,H5,processor,26,308.1469327407095,24.0,0.0,54.68,0,0,24.0,1.0,0.0,0,0.0
33,S1,H7,loader,26,937.184825,24.0,0.0,53.72,0,0,24.0,1.0,0.0,0,0.0
33,S1,H8,loader,26,477.35292566885516,24.0,0.0,0.0,1,0,24.0,1.0,0.0,0,0.0
33,S1,H9,loader,26,370.43628865805545,24.0,0.0,0.0,1,0,24.0,1.0,0.0,0,0.0
34,S1,H1,feller_buncher,26,98.38538570000019,24.0,0.0,0.0,0,0,24.0,1.0,0.0,0,0.3
34,S1,H3,grapple_skidder,26,147.86832519999962,24.0,0.0,53.72,1,0,24.0,1.0,0.0,0,0.3
34,S1,H4,processor,26,300.12591349999997,24.0,0.0,54.2,0,0,24.0,1.0,0.0,0,0.3
34,S1,H5,processor,26,156.1778967954106,24.0,0.0,0.0,0,0,24.0,1.0,0.0,0,0.3
34,S1,H7,loader,26,561.6879478,24.0,0.0,53.24,0,0,24.0,1.0,0.0,0,0.3
35,S1,H3,grapple_skidder,26,98.38538570000019,17.784487144362835,6.215512855637165,55.16,1,0,24.0,0.7410202976817848,6.215512855637167,1,0.0
35,S1,H4,processor,26,51.820879390059986,24.0,0.0,0.0,1,0,24.0,1.0,0.0,0,0.0
35,S1,H5,processor,26,409.650504,24.0,0.0,53.24,0,0,24.0,1.0,0.0,0,0.0
35,S1,H7,loader,26,262.97510919999945,24.0,0.0,0.0,1,0,24.0,1.0,0.0,0,0.0
35,S1,H8,loader,26,474.741639,24.0,0.0,53.72,0,0,24.0,1.0,0.0,0,0.0
36,S1,H3,grapple_skidder,26,828.9809075454623,24.0,0.0,54.68,1,0,24.0,1.0,0.0,0,0.0
36,S1,H4,processor,26,335.8112021338276,24.0,0.0,54.44,0,0,24.0,1.0,0.0,0,0.0
36,S1,H5,processor,26,128.51464519999985,24.0,0.0,0.0,1,0,24.0,1.0,0.0,0,0.0
36,S1,H7,loader,26,351.94679289005995,24.0,0.0,54.2,1,0,24.0,1.0,0.0,0,0.0
36,S1,H8,loader,26,270.11753571539197,24.0,0.0,0.0,1,0,24.0,1.0,0.0,0,0.0
37,S1,H3,grapple_skidder,26,339.93655800000056,24.0,0.0,53.72,0,0,24.0,1.0,0.0,0,0.0
37,S1,H4,processor,26,95.87163641305182,24.0,0.0,0.0,1,0,24.0,1.0,0.0,0,0.0
37,S1,H5,processor,26,395.784917,24.0,0.0,53.48,0,0,24.0,1.0,0.0,0,0.0
37,S1,H7,loader,26,0.0,24.0,0.0,0.0,1,0,24.0,1.0,0.0,0,0.0
37,S1,H8,loader,26,424.433991,24.0,0.0,53.24,0,0,24.0,1.0,0.0,0,0.0
38,S1,H3,grapple_skidder,26,778.104169,24.0,0.0,53.48,0,0,24.0,1.0,0.0,0,0.0
38,S1,H4,processor,26,339.93655800000056,24.0,0.0,55.4,1,0,24.0,1.0,0.0,0,0.0
38,S1,H5,processor,26,306.4006466044997,24.0,0.0,0.0,0,0,24.0,1.0,0.0,0,0.0
38,S1,H7,loader,26,416.5837748029911,24.0,0.0,54.44,0,0,24.0,1.0,0.0,0,0.0
38,S1,H8,loader,26,424.433991,24.0,0.0,0.0,0,0,24.0,1.0,0.0,0,0.0
39,S1,H3,grapple_skidder,26,475.2776133,24.0,0.0,53.72,0,0,24.0,1.0,0.0,0,0.3
39,S1,H4,processor,26,328.3327887,24.0,0.0,53.48,0,0,24.0,1.0,0.0,0,0.3
39,S1,H5,processor,26,137.12272280000008,24.0,0.0,0.0,0,0,24.0,1.0,0.0,0,0.3
39,S1,H7,loader,26,163.42348819999927,24.0,0.0,0.0,0,0,24.0,1.0,0.0,0,0.3
39,S1,H8,loader,26,69.38069719999999,24.0,0.0,0.0,1,0,24.0,1.0,0.0,0,0.3
39,S1,H9,loader,26,316.3712468,24.0,0.0,0.0,0,0,24.0,1.0,0.0,0,0.3
40,S1,H4,processor,26,547.23705,24.0,0.0,53.72,0,0,24.0,1.0,0.0,0,0.0
40,S1,H7,loader,26,328.3327887,24.0,0.0,54.92,1,0,24.0,1.0,0.0,0,0.0
40,S1,H8,loader,26,456.725789,24.0,0.0,53.48,0,0,24.0,1.0,0.0,0,0.0
40,S1,H9,loader,26,23.565311200000565,24.0,0.0,0.0,1,0,24.0,1.0,0.0,0,0.0
41,S1,H4,processor,26,469.046841,24.0,0.0,53.72,0,0,24.0,1.0,0.0,0,0.0
41,S1,H7,loader,26,485.857474,24.0,0.0,53.72,0,0,24.0,1.0,0.0,0,0.0
41,S1,H8,loader,26,438.8209339646705,23.059136726680638,0.940863273319362,0.0,0,0,24.0,0.9607973636116932,0.9408632733193625,1,0.0
42,S1,H3,grapple_skidder,26,678.968019,24.0,0.0,0.0,0,0,24.0,1.0,0.0,0,0.0
42,S1,H7,loader,26,469.046841,24.0,0.0,53.72,1,0,24.0,1.0,0.0,0,0.0
42,S1,H8,loader,26,278.60560843982904,24.0,0.0,0.0,1,0,24.0,1.0,0.0,0,0.0
1,S1,H1,feller_buncher,27,985.1531170732355,19.365664979368795,4.634335020631205,0.0,0,0,24.0,0.8069027074736997,4.6343350206312035,1,0.0
1,S1,H2,feller_buncher,27,1299.478592,24.0,0.0,0.0,0,0,24.0,1.0,0.0,0,0.0
2,S1,H1,feller_buncher,27,1220.906942,24.0,0.0,0.0,0,0,24.0,1.0,0.0,0,0.0
2,S1,H2,feller_buncher,27,1164.04956,24.0,0.0,53.72,0,0,24.0,1.0,0.0,0,0.0
2,S1,H3,grapple_skidder,27,678.968019,24.0,0.0,0.0,0,0,24.0,1.0,0.0,0,0.0
3,S1,H1,feller_buncher,27,1176.844281,24.0,0.0,53.48,0,0,24.0,1.0,0.0,0,0.0
3,S1,H2,feller_buncher,27,888.796776,24.0,0.0,53.24,0,0,24.0,1.0,0.0,0,0.0
3,S1,H3,grapple_skidder,27,778.104169,24.0,0.0,53.72,0,0,24.0,1.0,0.0,0,0.0
3,S1,H4,processor,27,547.23705,24.0,0.0,0.0,0,0,24.0,1.0,0.0,0,0.0
4,S1,H1,feller_buncher,27,1176.844281,24.0,0.0,0.0,0,0,24.0,1.0,0.0,0,0.0
4,S1,H2,feller_buncher,27,560.7393051474547,24.0,0.0,0.0,0,0,24.0,1.0,0.0,0,0.0
4,S1,H3,grapple_skidder,27,1332.369187,24.0,0.0,54.68,0,0,24.0,1.0,0.0,0,0.0
4,S1,H4,processor,27,346.9852249580837,24.0,0.0,53.72,0,0,24.0,1.0,0.0,0,0.0
4,S1,H7,loader,27,485.857474,24.0,0.0,0.0,0,0,24.0,1.0,0.0,0,0.0
5,S1,H1,feller_buncher,27,1164.04956,24.0,0.0,54.2,0,0,24.0,1.0,0.0,0,0.0
5,S1,H2,feller_buncher,27,961.553907,24.0,0.0,53.24,0,0,24.0,1.0,0.0,0,0.0
5,S1,H3,grapple_skidder,27,1164.728216,24.0,0.0,53.48,0,0,24.0,1.0,0.0,0,0.0
5,S1,H4,processor,27,531.895933,24.0,0.0,54.68,0,0,24.0,1.0,0.0,0,0.0
6,S1,H1,feller_buncher,27,256.1621419999998,24.0,0.0,53.24,0,0,24.0,1.0,0.0,0,0.0
6,S1,H2,feller_buncher,27,961.553907,24.0,0.0,0.0,0,0,24.0,1.0,0.0,0,0.0
6,S1,H3,grapple_skidder,27,1164.728216,24.0,0.0,0.0,0,0,24.0,1.0,0.0,0,0.0
6,S1,H4,processor,27,531.895933,24.0,0.0,0.0,0,0,24.0,1.0,0.0,0,0.0
7,S1,H1,feller_buncher,27,1164.04956,24.0,0.0,53.24,0,0,24.0,1.0,0.0,0,0.0
7,S1,H2,feller_buncher,27,961.553907,24.0,0.0,0.0,0,0,24.0,1.0,0.0,0,0.0
7,S1,H3,grapple_skidder,27,809.624168,24.0,0.0,54.44,0,0,24.0,1.0,0.0,0,0.0
7,S1,H4,processor,27,517.165642,24.0,0.0,53.48,0,0,24.0,1.0,0.0,0,0.0
7,S1,H7,loader,27,802.411354,24.0,0.0,55.4,0,0,24.0,1.0,0.0,0,0.0
8,S1,H1,feller_buncher,27,860.013242,24.0,0.0,53.24,0,0,24.0,1.0,0.0,0,0.0
8,S1,H2,feller_buncher,27,413.7565330000002,24.0,0.0,0.0,0,0,24.0,1.0,0.0,0,0.0
8,S1,H3,grapple_skidder,27,778.104169,24.0,0.0,53.24,0,0,24.0,1.0,0.0,0,0.0
8,S1,H4,processor,27,517.165642,24.0,0.0,0.0,0,0,24.0,1.0,0.0,0,0.0
8,S1,H5,processor,27,409.650504,24.0,0.0,0.0,0,0,24.0,1.0,0.0,0,0.0
9,S1,H1,feller_buncher,27,1299.478592,24.0,0.0,53.96,0,0,24.0,1.0,0.0,0,0.0
9,S1,H2,feller_buncher,27,1220.906942,24.0,0.0,55.16,0,0,24.0,1.0,0.0,0,0.0
9,S1,H3,grapple_skidder,27,778.104169,24.0,0.0,0.0,0,0,24.0,1.0,0.0,0,0.0
9,S1,H7,loader,27,687.364703,24.0,0.0,53.48,0,0,24.0,1.0,0.0,0,0.0
10,S1,H1,feller_buncher,27,1299.478592,24.0,0.0,0.0,0,0,24.0,1.0,0.0,0,0.0
10,S1,H2,feller_buncher,27,860.013242,24.0,0.0,54.44,0,0,24.0,1.0,0.0,0,0.0
10,S1,H3,grapple_skidder,27,739.620424,24.0,0.0,53.48,0,0,24.0,1.0,0.0,0,0.0
10,S1,H4,processor,27,517.165642,24.0,0.0,0.0,0,0,24.0,1.0,0.0,0,0.0
10,S1,H5,processor,27,469.046841,24.0,0.0,53.24,0,0,24.0,1.0,0.0,0,0.0
11,S1,H1,feller_buncher,27,1299.478592,24.0,0.0,0.0,0,0,24.0,1.0,0.0,0,0.0
11,S1,H2,feller_buncher,27,59.00278800000001,24.0,0.0,0.0,0,0,24.0,1.0,0.0,0,0.0
11,S1,H3,grapple_skidder,27,778.104169,24.0,0.0,53.48,0,0,24.0,1.0,0.0,0,0.0
11,S1,H4,processor,27,481.329283,24.0,0.0,54.68,0,0,24.0,1.0,0.0,0,0.0
11,S1,H7,loader,27,687.364703,24.0,0.0,0.0,0,0,24.0,1.0,0.0,0,0.0
12,S1,H1,feller_buncher,27,356.0085949999998,24.0,0.0,0.0,0,0,24.0,1.0,0.0,0,0.0
12,S1,H2,feller_buncher,27,674.603847,24.0,0.0,53.72,0,0,24.0,1.0,0.0,0,0.0
12,S1,H3,grapple_skidder,27,1332.369187,24.0,0.0,54.68,0,0,24.0,1.0,0.0,0,0.0
12,S1,H4,processor,27,517.165642,24.0,0.0,54.68,0,0,24.0,1.0,0.0,0,0.0
12,S1,H7,loader,27,474.741639,24.0,0.0,54.2,0,0,24.0,1.0,0.0,0,0.0
12,S1,H8,loader,27,451.958924,24.0,0.0,0.0,0,0,24.0,1.0,0.0,0,0.0
13,S1,H1,feller_buncher,27,1164.04956,24.0,0.0,53.72,0,0,24.0,1.0,0.0,0,0.0
13,S1,H2,feller_buncher,27,1194.708925,24.0,0.0,53.96,0,0,24.0,1.0,0.0,0,0.0
13,S1,H3,grapple_skidder,27,809.624168,24.0,0.0,54.92,0,0,24.0,1.0,0.0,0,0.0
13,S1,H4,processor,27,531.895933,24.0,0.0,53.48,0,0,24.0,1.0,0.0,0,0.0
13,S1,H7,loader,27,469.0203093637949,24.0,0.0,54.2,0,0,24.0,1.0,0.0,0,0.0
14,S1,H1,feller_buncher,27,1176.844281,24.0,0.0,54.2,0,0,24.0,1.0,0.0,0,0.0
14,S1,H2,feller_buncher,27,1194.708925,24.0,0.0,0.0,0,0,24.0,1.0,0.0,0,0.0
14,S1,H3,grapple_skidder,27,778.104169,24.0,0.0,53.24,0,0,24.0,1.0,0.0,0,0.0
14,S1,H4,processor,27,531.895933,24.0,0.0,0.0,0,0,24.0,1.0,0.0,0,0.0
14,S1,H5,processor,27,409.650504,24.0,0.0,53.24,0,0,24.0,1.0,0.0,0,0.0
15,S1,H1,feller_buncher,27,1176.844281,24.0,0.0,0.0,0,0,24.0,1.0,0.0,0,0.0
15,S1,H2,feller_buncher,27,1164.04956,24.0,0.0,54.92,0,0,24.0,1.0,0.0,0,0.0
15,S1,H3,grapple_skidder,27,800.6885715871026,20.815130802750822,3.184869197249178,53.24,0,0,24.0,0.8672971167812843,3.184869197249178,1,0.0
15,S1,H4,processor,27,409.650504,24.0,0.0,54.92,0,0,24.0,1.0,0.0,0,0.0
15,S1,H7,loader,27,802.411354,24.0,0.0,53.48,0,0,24.0,1.0,0.0,0,0.0
16,S1,H1,feller_buncher,27,111.30773800000088,24.0,0.0,0.0,0,0,24.0,1.0,0.0,0,0.0
16,S1,H2,feller_buncher,27,502.7667789999996,24.0,0.0,0.0,0,0,24.0,1.0,0.0,0,0.0
16,S1,H3,grapple_skidder,27,1480.641393,24.0,0.0,54.68,0,0,24.0,1.0,0.0,0,0.0
16,S1,H4,processor,27,531.895933,24.0,0.0,54.92,0,0,24.0,1.0,0.0,0,0.0
16,S1,H5,processor,27,395.784917,24.0,0.0,53.48,0,0,24.0,1.0,0.0,0,0.0
16,S1,H7,loader,27,424.433991,24.0,0.0,54.92,0,0,24.0,1.0,0.0,0,0.0
17,S1,H1,feller_buncher,27,576.960683,24.0,0.0,53.72,0,0,24.0,1.0,0.0,0,0.0
17,S1,H2,feller_buncher,27,787.363583,24.0,0.0,54.44,0,0,24.0,1.0,0.0,0,0.0
17,S1,H3,grapple_skidder,27,633.0914727327047,22.523137709863835,1.4768622901361645,53.96,0,0,24.0,0.9384640712443265,1.476862290136165,1,0.0
17,S1,H4,processor,27,569.826226,24.0,0.0,53.24,0,0,24.0,1.0,0.0,0,0.0
17,S1,H5,processor,27,395.784917,24.0,0.0,0.0,0,0,24.0,1.0,0.0,0,0.0
17,S1,H6,processor,27,270.06842226782726,24.0,0.0,0.0,0,0,24.0,1.0,0.0,0,0.0
17,S1,H7,loader,27,424.433991,24.0,0.0,0.0,0,0,24.0,1.0,0.0,0,0.0
17,S1,H8,loader,27,802.411354,24.0,0.0,55.16,0,0,24.0,1.0,0.0,0,0.0
18,S1,H1,feller_buncher,27,1220.906942,24.0,0.0,54.2,0,0,24.0,1.0,0.0,0,0.0
18,S1,H2,feller_buncher,27,486.3476200000001,24.0,0.0,0.0,0,0,24.0,1.0,0.0,0,0.0
18,S1,H3,grapple_skidder,27,1073.220095341839,22.114414276544096,1.885585723455904,53.24,0,0,24.0,0.9214339281893373,1.8855857234559026,1,0.0
18,S1,H4,processor,27,569.826226,24.0,0.0,0.0,0,0,24.0,1.0,0.0,0,0.0
18,S1,H5,processor,27,456.082335,24.0,0.0,53.72,0,0,24.0,1.0,0.0,0,0.0
18,S1,H7,loader,27,474.741639,24.0,0.0,53.24,0,0,24.0,1.0,0.0,0,0.0
18,S1,H8,loader,27,456.725789,24.0,0.0,54.44,0,0,24.0,1.0,0.0,0,0.0
19,S1,H1,feller_buncher,27,1013.0077249999999,24.0,0.0,0.0,0,0,24.0,1.0,0.0,0,0.0
19,S1,H2,feller_buncher,27,680.207863,24.0,0.0,53.72,0,0,24.0,1.0,0.0,0,0.0
19,S1,H3,grapple_skidder,27,1273.711203,24.0,0.0,53.24,0,0,24.0,1.0,0.0,0,0.0
19,S1,H4,processor,27,517.165642,24.0,0.0,53.72,0,0,24.0,1.0,0.0,0,0.0
19,S1,H5,processor,27,177.0091377327047,24.0,0.0,0.0,1,0,24.0,1.0,0.0,0,0.0
19,S1,H6,processor,27,469.046841,24.0,0.0,0.0,0,0,24.0,1.0,0.0,0,0.0
19,S1,H7,loader,27,937.184825,24.0,0.0,54.92,0,0,24.0,1.0,0.0,0,0.0
20,S1,H1,feller_buncher,27,1194.708925,24.0,0.0,53.24,0,0,24.0,1.0,0.0,0,0.0
20,S1,H2,feller_buncher,27,364.89843800000006,24.0,0.0,0.0,0,0,24.0,1.0,0.0,0,0.0
20,S1,H3,grapple_skidder,27,1332.369187,24.0,0.0,53.24,0,0,24.0,1.0,0.0,0,0.0
20,S1,H4,processor,27,517.165642,24.0,0.0,0.0,0,0,24.0,1.0,0.0,0,0.0
20,S1,H5,processor,27,469.046841,24.0,0.0,53.96,0,0,24.0,1.0,0.0,0,0.0
20,S1,H6,processor,27,441.264891,24.0,0.0,54.44,0,0,24.0,1.0,0.0,0,0.0
20,S1,H7,loader,27,633.0914727327047,24.0,0.0,53.96,1,0,24.0,1.0,0.0,0,0.0
21,S1,H3,grapple_skidder,27,739.620424,24.0,0.0,55.16,0,0,24.0,1.0,0.0,0,0.0
21,S1,H4,processor,27,531.895933,24.0,0.0,53.48,0,0,24.0,1.0,0.0,0,0.0
21,S1,H5,processor,27,469.046841,24.0,0.0,0.0,0,0,24.0,1.0,0.0,0,0.0
21,S1,H6,processor,27,441.264891,24.0,0.0,0.0,0,0,24.0,1.0,0.0,0,0.0
21,S1,H7,loader,27,687.364703,24.0,0.0,53.24,0,0,24.0,1.0,0.0,0,0.0
22,S1,H3,grapple_skidder,27,1480.641393,24.0,0.0,55.4,0,0,24.0,1.0,0.0,0,0.0
22,S1,H4,processor,27,449.8819127136278,20.299395493078656,3.7006045069213442,0.0,0,0,24.0,0.845808145544944,3.7006045069213456,1,0.0
22,S1,H5,processor,27,481.329283,24.0,0.0,53.48,0,0,24.0,1.0,0.0,0,0.0
22,S1,H6,processor,27,469.046841,24.0,0.0,54.44,0,0,24.0,1.0,0.0,0,0.0
22,S1,H7,loader,27,733.483855,24.0,0.0,53.24,0,0,24.0,1.0,0.0,0,0.0
23,S1,H3,grapple_skidder,27,815.3097511999999,24.0,0.0,53.72,0,0,24.0,1.0,0.0,0,0.3
23,S1,H4,processor,27,398.8783582,24.0,0.0,53.24,0,0,24.0,1.0,0.0,0,0.3
23,S1,H5,processor,27,336.93049809999997,24.0,0.0,0.0,0,0,24.0,1.0,0.0,0,0.3
23,S1,H6,processor,27,328.3327887,24.0,0.0,0.0,0,0,24.0,1.0,0.0,0,0.3
23,S1,H7,loader,27,561.6879478,24.0,0.0,53.24,0,0,24.0,1.0,0.0,0,0.3
24,S1,H3,grapple_skidder,27,739.620424,24.0,0.0,54.68,0,0,24.0,1.0,0.0,0,0.0
24,S1,H4,processor,27,569.826226,24.0,0.0,0.0,0,0,24.0,1.0,0.0,0,0.0
24,S1,H5,processor,27,517.165642,24.0,0.0,54.68,0,0,24.0,1.0,0.0,0,0.0
24,S1,H6,processor,27,391.18142100000006,24.0,0.0,54.44,0,0,24.0,1.0,0.0,0,0.0
24,S1,H7,loader,27,474.741639,24.0,0.0,54.68,0,0,24.0,1.0,0.0,0,0.0
25,S1,H3,grapple_skidder,27,1332.369187,24.0,0.0,55.16,0,0,24.0,1.0,0.0,0,0.0
25,S1,H4,processor,27,481.329283,24.0,0.0,55.4,0,0,24.0,1.0,0.0,0,0.0
25,S1,H5,processor,27,517.165642,24.0,0.0,0.0,0,0,24.0,1.0,0.0,0,0.0
25,S1,H7,loader,27,474.741639,24.0,0.0,0.0,0,0,24.0,1.0,0.0,0,0.0
25,S1,H8,loader,27,540.2273480000001,24.0,0.0,54.2,0,0,24.0,1.0,0.0,0,0.0
25,S1,H9,loader,27,937.184825,24.0,0.0,0.0,0,0,24.0,1.0,0.0,0,0.0
26,S1,H3,grapple_skidder,27,778.104169,24.0,0.0,54.68,0,0,24.0,1.0,0.0,0,0.0
26,S1,H4,processor,27,569.826226,24.0,0.0,55.4,0,0,24.0,1.0,0.0,0,0.0
26,S1,H5,processor,27,531.895933,24.0,0.0,53.48,0,0,24.0,1.0,0.0,0,0.0
26,S1,H7,loader,27,687.364703,24.0,0.0,54.2,0,0,24.0,1.0,0.0,0,0.0
26,S1,H8,loader,27,451.958924,24.0,0.0,54.92,0,0,24.0,1.0,0.0,0,0.0
27,S1,H3,grapple_skidder,27,111.84039860000011,24.0,0.0,54.2,0,0,24.0,1.0,0.0,0,0.3
27,S1,H4,processor,27,328.3327887,24.0,0.0,54.92,0,0,24.0,1.0,0.0,0,0.3
27,S1,H5,processor,27,372.3271531,24.0,0.0,0.0,0,0,24.0,1.0,0.0,0,0.3
27,S1,H7,loader,27,656.0293775,24.0,0.0,53.72,0,0,24.0,1.0,0.0,0,0.3
27,S1,H8,loader,27,316.3712468,24.0,0.0,0.0,0,0,24.0,1.0,0.0,0,0.3
28,S1,H1,feller_buncher,27,1194.708925,24.0,0.0,0.0,0,0,24.0,1.0,0.0,0,0.0
28,S1,H3,grapple_skidder,27,1045.106301,24.0,0.0,53.48,0,0,24.0,1.0,0.0,0,0.0
28,S1,H4,processor,27,192.5015411418388,24.0,0.0,54.2,1,0,24.0,1.0,0.0,0,0.0
28,S1,H7,loader,27,802.411354,24.0,0.0,53.24,0,0,24.0,1.0,0.0,0,0.0
28,S1,H8,loader,27,474.741639,24.0,0.0,53.48,0,0,24.0,1.0,0.0,0,0.0
28,S1,H9,loader,27,451.958924,24.0,0.0,55.4,0,0,24.0,1.0,0.0,0,0.0
29,S1,H3,grapple_skidder,27,294.9092648463796,24.0,0.0,54.2,0,0,24.0,1.0,0.0,0,0.3
29,S1,H4,processor,27,301.63516739999994,24.0,0.0,53.48,0,0,24.0,1.0,0.0,0,0.3
29,S1,H5,processor,27,372.3271531,24.0,0.0,0.0,0,0,24.0,1.0,0.0,0,0.3
29,S1,H7,loader,27,481.15529209999994,24.0,0.0,53.48,0,0,24.0,1.0,0.0,0,0.3
29,S1,H8,loader,27,332.3191473,24.0,0.0,0.0,0,0,24.0,1.0,0.0,0,0.3
30,S1,H3,grapple_skidder,27,1480.641393,24.0,0.0,55.4,0,0,24.0,1.0,0.0,0,0.0
30,S1,H4,processor,27,0.0,24.0,0.0,53.48,1,0,24.0,1.0,0.0,0,0.0
30,S1,H5,processor,27,481.329283,24.0,0.0,55.16,0,0,24.0,1.0,0.0,0,0.0
30,S1,H6,processor,27,289.98859923483514,24.0,0.0,53.72,0,0,24.0,1.0,0.0,0,0.0
30,S1,H7,loader,27,802.411354,24.0,0.0,53.48,0,0,24.0,1.0,0.0,0,0.0
30,S1,H8,loader,27,474.741639,24.0,0.0,0.0,0,0,24.0,1.0,0.0,0,0.0
31,S1,H3,grapple_skidder,27,331.40492007323564,24.0,0.0,53.24,1,0,24.0,1.0,0.0,0,0.0
31,S1,H4,processor,27,569.826226,24.0,0.0,53.72,0,0,24.0,1.0,0.0,0,0.0
31,S1,H5,processor,27,251.52290674637942,24.0,0.0,0.0,1,0,24.0,1.0,0.0,0,0.0
31,S1,H6,processor,27,183.29153700000006,24.0,0.0,0.0,0,0,24.0,1.0,0.0,0,0.0
31,S1,H7,loader,27,630.1922636780444,24.0,0.0,53.48,1,0,24.0,1.0,0.0,0,0.0
31,S1,H8,loader,27,438.1844483259104,24.0,0.0,0.0,1,0,24.0,1.0,0.0,0,0.0
32,S1,H3,grapple_skidder,27,778.104169,24.0,0.0,54.68,0,0,24.0,1.0,0.0,0,0.0
32,S1,H4,processor,27,569.826226,24.0,0.0,0.0,0,0,24.0,1.0,0.0,0,0.0
32,S1,H5,processor,27,531.895933,24.0,0.0,55.16,0,0,24.0,1.0,0.0,0,0.0
32,S1,H7,loader,27,0.0,24.0,0.0,0.0,1,0,24.0,1.0,0.0,0,0.0
32,S1,H8,loader,27,558.398094,24.0,0.0,53.72,0,0,24.0,1.0,0.0,0,0.0
32,S1,H9,loader,27,180.9907066103369,24.0,0.0,0.0,0,0,24.0,1.0,0.0,0,0.0
33,S1,H3,grapple_skidder,27,576.960683,24.0,0.0,53.48,0,0,24.0,1.0,0.0,0,0.0
33,S1,H4,processor,27,45.780229999999165,24.0,0.0,53.24,0,0,24.0,1.0,0.0,0,0.0
33,S1,H5,processor,27,469.046841,24.0,0.0,54.68,0,0,24.0,1.0,0.0,0,0.0
33,S1,H7,loader,27,937.184825,24.0,0.0,53.72,0,0,24.0,1.0,0.0,0,0.0
33,S1,H8,loader,27,216.51720963483513,24.0,0.0,0.0,1,0,24.0,1.0,0.0,0,0.0
33,S1,H9,loader,27,202.18702157515398,24.0,0.0,0.0,0,0,24.0,1.0,0.0,0,0.0
34,S1,H1,feller_buncher,27,140.55055100000027,24.0,0.0,0.0,0,0,24.0,1.0,0.0,0,0.0
34,S1,H3,grapple_skidder,27,86.44988714745432,24.0,0.0,53.72,1,0,24.0,1.0,0.0,0,0.0
34,S1,H4,processor,27,428.751305,24.0,0.0,54.2,0,0,24.0,1.0,0.0,0,0.0
34,S1,H5,processor,27,469.046841,24.0,0.0,0.0,0,0,24.0,1.0,0.0,0,0.0
34,S1,H7,loader,27,802.411354,24.0,0.0,53.24,0,0,24.0,1.0,0.0,0,0.0
35,S1,H3,grapple_skidder,27,267.8472056833096,21.156614165458954,2.8433858345410457,55.16,0,0,24.0,0.8815255902274565,2.8433858345410448,1,0.0
35,S1,H4,processor,27,148.20937800000002,24.0,0.0,0.0,0,0,24.0,1.0,0.0,0,0.0
35,S1,H5,processor,27,409.650504,24.0,0.0,53.24,0,0,24.0,1.0,0.0,0,0.0
35,S1,H7,loader,27,119.32784111362753,24.0,0.0,0.0,1,0,24.0,1.0,0.0,0,0.0
35,S1,H8,loader,27,474.741639,24.0,0.0,53.72,0,0,24.0,1.0,0.0,0,0.0
36,S1,H3,grapple_skidder,27,855.829418,24.0,0.0,54.68,0,0,24.0,1.0,0.0,0,0.0
36,S1,H4,processor,27,569.826226,24.0,0.0,54.44,0,0,24.0,1.0,0.0,0,0.0
36,S1,H5,processor,27,67.09620714745449,24.0,0.0,0.0,1,0,24.0,1.0,0.0,0,0.0
36,S1,H7,loader,27,552.163711,24.0,0.0,54.2,0,0,24.0,1.0,0.0,0,0.0
36,S1,H8,loader,27,402.2215413415403,20.333832550544333,3.666167449455667,0.0,0,0,24.0,0.8472430229393472,3.6661674494556684,1,0.0
37,S1,H3,grapple_skidder,27,255.4077941210066,24.0,0.0,53.72,0,0,24.0,1.0,0.0,0,0.0
37,S1,H4,processor,27,322.10944448330986,24.0,0.0,0.0,1,0,24.0,1.0,0.0,0,0.0
37,S1,H5,processor,27,395.784917,24.0,0.0,53.48,0,0,24.0,1.0,0.0,0,0.0
37,S1,H7,loader,27,24.796971999999982,24.0,0.0,0.0,0,0,24.0,1.0,0.0,0,0.0
37,S1,H8,loader,27,424.433991,24.0,0.0,53.24,0,0,24.0,1.0,0.0,0,0.0
38,S1,H3,grapple_skidder,27,778.104169,24.0,0.0,53.48,0,0,24.0,1.0,0.0,0,0.0
38,S1,H4,processor,27,255.4077941210066,24.0,0.0,55.4,1,0,24.0,1.0,0.0,0,0.0
38,S1,H5,processor,27,395.784917,24.0,0.0,0.0,0,0,24.0,1.0,0.0,0,0.0
38,S1,H7,loader,27,937.184825,24.0,0.0,54.44,0,0,24.0,1.0,0.0,0,0.0
38,S1,H8,loader,27,424.433991,24.0,0.0,0.0,0,0,24.0,1.0,0.0,0,0.0
39,S1,H3,grapple_skidder,27,678.968019,24.0,0.0,53.72,0,0,24.0,1.0,0.0,0,0.0
39,S1,H4,processor,27,469.046841,24.0,0.0,53.48,0,0,24.0,1.0,0.0,0,0.0
39,S1,H5,processor,27,73.37832158710262,24.0,0.0,0.0,1,0,24.0,1.0,0.0,0,0.0
39,S1,H7,loader,27,233.462125999999,24.0,0.0,0.0,0,0,24.0,1.0,0.0,0,0.0
39,S1,H8,loader,27,7.962259147454574,24.0,0.0,0.0,1,0,24.0,1.0,0.0,0,0.0
39,S1,H9,loader,27,451.958924,24.0,0.0,0.0,0,0,24.0,1.0,0.0,0,0.0
40,S1,H4,processor,27,547.23705,24.0,0.0,53.72,0,0,24.0,1.0,0.0,0,0.0
40,S1,H7,loader,27,474.741639,24.0,0.0,54.92,0,0,24.0,1.0,0.0,0,0.0
40,S1,H8,loader,27,456.725789,24.0,0.0,53.48,0,0,24.0,1.0,0.0,0,0.0
40,S1,H9,loader,27,122.4608233047931,21.818363164556565,2.1816368354434346,0.0,0,0,24.0,0.9090984651898569,2.1816368354434337,1,0.0
41,S1,H4,processor,27,469.046841,24.0,0.0,53.72,0,0,24.0,1.0,0.0,0,0.0
41,S1,H7,loader,27,485.857474,24.0,0.0,53.72,0,0,24.0,1.0,0.0,0,0.0
41,S1,H8,loader,27,456.725789,24.0,0.0,0.0,0,0,24.0,1.0,0.0,0,0.0
42,S1,H3,grapple_skidder,27,678.968019,24.0,0.0,0.0,0,0,24.0,1.0,0.0,0,0.0
42,S1,H7,loader,27,361.2740696940841,18.263781729619925,5.736218270380075,53.72,0,0,24.0,0.7609909054008303,5.736218270380075,1,0.0
42,S1,H8,loader,27,286.3406225871025,24.0,0.0,0.0,1,0,24.0,1.0,0.0,0,0.0
1,S1,H1,feller_buncher,28,1220.906942,24.0,0.0,0.0,0,0,24.0,1.0,0.0,0,0.0
1,S1,H2,feller_buncher,28,1299.478592,24.0,0.0,0.0,0,0,24.0,1.0,0.0,0,0.0
2,S1,H1,feller_buncher,28,1220.906942,24.0,0.0,0.0,0,0,24.0,1.0,0.0,0,0.0
2,S1,H2,feller_buncher,28,1164.04956,24.0,0.0,53.72,0,0,24.0,1.0,0.0,0,0.0
2,S1,H3,grapple_skidder,28,678.968019,24.0,0.0,0.0,0,0,24.0,1.0,0.0,0,0.0
3,S1,H1,feller_buncher,28,1176.844281,24.0,0.0,53.48,0,0,24.0,1.0,0.0,0,0.0
3,S1,H2,feller_buncher,28,834.1963221673748,22.525634962493378,1.4743650375066224,53.24,0,0,24.0,0.9385681234372241,1.4743650375066224,1,0.0
3,S1,H3,grapple_skidder,28,778.104169,24.0,0.0,53.72,0,0,24.0,1.0,0.0,0,0.0
3,S1,H4,processor,28,547.23705,24.0,0.0,0.0,0,0,24.0,1.0,0.0,0,0.0
4,S1,H1,feller_buncher,28,922.28899250743,18.808721066622,5.191278933378001,0.0,0,0,24.0,0.78369671110925,5.191278933378,1,0.0
4,S1,H2,feller_buncher,28,888.796776,24.0,0.0,0.0,0,0,24.0,1.0,0.0,0,0.0
4,S1,H3,grapple_skidder,28,1332.369187,24.0,0.0,54.68,0,0,24.0,1.0,0.0,0,0.0
4,S1,H4,processor,28,469.046841,24.0,0.0,53.72,0,0,24.0,1.0,0.0,0,0.0
4,S1,H7,loader,28,485.857474,24.0,0.0,0.0,0,0,24.0,1.0,0.0,0,0.0
5,S1,H1,feller_buncher,28,814.8346919999999,24.0,0.0,54.2,0,0,24.0,1.0,0.0,0,0.3
5,S1,H2,feller_buncher,28,673.0877349,24.0,0.0,53.24,0,0,24.0,1.0,0.0,0,0.3
5,S1,H3,grapple_skidder,28,625.8322555626328,18.42241443990617,5.57758556009383,53.48,0,0,24.0,0.7676006016627571,5.577585560093828,1,0.3
5,S1,H4,processor,28,372.3271531,24.0,0.0,54.68,0,0,24.0,1.0,0.0,0,0.3
6,S1,H1,feller_buncher,28,256.1621419999998,24.0,0.0,53.24,0,0,24.0,1.0,0.0,0,0.0
6,S1,H2,feller_buncher,28,590.1726200081977,19.54186796397977,4.458132036020231,0.0,0,0,24.0,0.814244498499157,4.45813203602023,1,0.0
6,S1,H3,grapple_skidder,28,1164.728216,24.0,0.0,0.0,0,0,24.0,1.0,0.0,0,0.0
6,S1,H4,processor,28,393.10822777247637,24.0,0.0,0.0,0,0,24.0,1.0,0.0,0,0.0
7,S1,H1,feller_buncher,28,814.8346919999999,24.0,0.0,53.24,0,0,24.0,1.0,0.0,0,0.3
7,S1,H2,feller_buncher,28,673.0877349,24.0,0.0,0.0,0,0,24.0,1.0,0.0,0,0.3
7,S1,H3,grapple_skidder,28,566.7369176,24.0,0.0,54.44,0,0,24.0,1.0,0.0,0,0.3
7,S1,H4,processor,28,362.0159494,24.0,0.0,53.48,0,0,24.0,1.0,0.0,0,0.3
7,S1,H7,loader,28,561.6879478,24.0,0.0,55.4,0,0,24.0,1.0,0.0,0,0.3
8,S1,H1,feller_buncher,28,860.013242,24.0,0.0,53.24,0,0,24.0,1.0,0.0,0,0.0
8,S1,H2,feller_buncher,28,413.7565330000002,24.0,0.0,0.0,0,0,24.0,1.0,0.0,0,0.0
8,S1,H3,grapple_skidder,28,778.104169,24.0,0.0,53.24,0,0,24.0,1.0,0.0,0,0.0
8,S1,H4,processor,28,517.165642,24.0,0.0,0.0,0,0,24.0,1.0,0.0,0,0.0
8,S1,H5,processor,28,409.650504,24.0,0.0,0.0,0,0,24.0,1.0,0.0,0,0.0
9,S1,H1,feller_buncher,28,1299.478592,24.0,0.0,53.96,0,0,24.0,1.0,0.0,0,0.0
9,S1,H2,feller_buncher,28,1220.906942,24.0,0.0,55.16,0,0,24.0,1.0,0.0,0,0.0
9,S1,H3,grapple_skidder,28,778.104169,24.0,0.0,0.0,0,0,24.0,1.0,0.0,0,0.0
9,S1,H7,loader,28,687.364703,24.0,0.0,53.48,0,0,24.0,1.0,0.0,0,0.0
10,S1,H1,feller_buncher,28,1299.478592,24.0,0.0,0.0,0,0,24.0,1.0,0.0,0,0.0
10,S1,H2,feller_buncher,28,860.013242,24.0,0.0,54.44,0,0,24.0,1.0,0.0,0,0.0
10,S1,H3,grapple_skidder,28,739.620424,24.0,0.0,53.48,0,0,24.0,1.0,0.0,0,0.0
10,S1,H4,processor,28,517.165642,24.0,0.0,0.0,0,0,24.0,1.0,0.0,0,0.0
10,S1,H5,processor,28,469.046841,24.0,0.0,53.24,0,0,24.0,1.0,0.0,0,0.0
11,S1,H1,feller_buncher,28,1299.478592,24.0,0.0,0.0,0,0,24.0,1.0,0.0,0,0.0
11,S1,H2,feller_buncher,28,59.00278800000001,24.0,0.0,0.0,0,0,24.0,1.0,0.0,0,0.0
11,S1,H3,grapple_skidder,28,459.40643699999987,22.54981164474068,1.4501883552593213,53.48,1,0,24.0,0.9395754851975283,1.4501883552593213,1,0.0
11,S1,H4,processor,28,481.329283,24.0,0.0,54.68,0,0,24.0,1.0,0.0,0,0.0
11,S1,H7,loader,28,687.364703,24.0,0.0,0.0,0,0,24.0,1.0,0.0,0,0.0
12,S1,H1,feller_buncher,28,158.68278577697916,24.0,0.0,0.0,0,0,24.0,1.0,0.0,0,0.0
12,S1,H2,feller_buncher,28,674.603847,24.0,0.0,53.72,0,0,24.0,1.0,0.0,0,0.0
12,S1,H3,grapple_skidder,28,1332.369187,24.0,0.0,54.68,0,0,24.0,1.0,0.0,0,0.0
12,S1,H4,processor,28,394.2132381626327,19.419817224438518,4.580182775561482,54.68,1,0,24.0,0.8091590510182716,4.580182775561481,1,0.0
12,S1,H7,loader,28,292.8006286568537,24.0,0.0,54.2,0,0,24.0,1.0,0.0,0,0.0
12,S1,H8,loader,28,451.958924,24.0,0.0,0.0,0,0,24.0,1.0,0.0,0,0.0
13,S1,H1,feller_buncher,28,1164.04956,24.0,0.0,53.72,0,0,24.0,1.0,0.0,0,0.0
13,S1,H2,feller_buncher,28,1194.708925,24.0,0.0,53.96,0,0,24.0,1.0,0.0,0,0.0
13,S1,H3,grapple_skidder,28,809.624168,24.0,0.0,54.92,0,0,24.0,1.0,0.0,0,0.0
13,S1,H4,processor,28,531.895933,24.0,0.0,53.48,0,0,24.0,1.0,0.0,0,0.0
13,S1,H7,loader,28,415.83106556263294,24.0,0.0,54.2,1,0,24.0,1.0,0.0,0,0.0
14,S1,H1,feller_buncher,28,1176.844281,24.0,0.0,54.2,0,0,24.0,1.0,0.0,0,0.0
14,S1,H2,feller_buncher,28,1194.708925,24.0,0.0,0.0,0,0,24.0,1.0,0.0,0,0.0
14,S1,H3,grapple_skidder,28,778.104169,24.0,0.0,53.24,0,0,24.0,1.0,0.0,0,0.0
14,S1,H4,processor,28,531.895933,24.0,0.0,0.0,0,0,24.0,1.0,0.0,0,0.0
14,S1,H5,processor,28,409.650504,24.0,0.0,53.24,0,0,24.0,1.0,0.0,0,0.0
15,S1,H1,feller_buncher,28,823.7909966999999,24.0,0.0,0.0,0,0,24.0,1.0,0.0,0,0.3
15,S1,H2,feller_buncher,28,814.8346919999999,24.0,0.0,54.92,0,0,24.0,1.0,0.0,0,0.3
15,S1,H3,grapple_skidder,28,646.2398977999999,24.0,0.0,53.24,0,0,24.0,1.0,0.0,0,0.3
15,S1,H4,processor,28,286.75535279999997,24.0,0.0,54.92,0,0,24.0,1.0,0.0,0,0.3
15,S1,H7,loader,28,561.6879478,24.0,0.0,53.48,0,0,24.0,1.0,0.0,0,0.3
16,S1,H1,feller_buncher,28,111.30773800000088,24.0,0.0,0.0,0,0,24.0,1.0,0.0,0,0.0
16,S1,H2,feller_buncher,28,502.7667789999996,24.0,0.0,0.0,0,0,24.0,1.0,0.0,0,0.0
16,S1,H3,grapple_skidder,28,1480.641393,24.0,0.0,54.68,0,0,24.0,1.0,0.0,0,0.0
16,S1,H4,processor,28,531.895933,24.0,0.0,54.92,0,0,24.0,1.0,0.0,0,0.0
16,S1,H5,processor,28,395.784917,24.0,0.0,53.48,0,0,24.0,1.0,0.0,0,0.0
16,S1,H7,loader,28,424.433991,24.0,0.0,54.92,0,0,24.0,1.0,0.0,0,0.0
17,S1,H1,feller_buncher,28,576.960683,24.0,0.0,53.72,0,0,24.0,1.0,0.0,0,0.0
17,S1,H2,feller_buncher,28,787.363583,24.0,0.0,54.44,0,0,24.0,1.0,0.0,0,0.0
17,S1,H3,grapple_skidder,28,674.603847,24.0,0.0,53.96,0,0,24.0,1.0,0.0,0,0.0
17,S1,H4,processor,28,569.826226,24.0,0.0,53.24,0,0,24.0,1.0,0.0,0,0.0
17,S1,H5,processor,28,250.45498079999987,24.0,0.0,0.0,1,0,24.0,1.0,0.0,0,0.0
17,S1,H6,processor,28,469.046841,24.0,0.0,0.0,0,0,24.0,1.0,0.0,0,0.0
17,S1,H7,loader,28,424.433991,24.0,0.0,0.0,0,0,24.0,1.0,0.0,0,0.0
17,S1,H8,loader,28,802.411354,24.0,0.0,55.16,0,0,24.0,1.0,0.0,0,0.0
18,S1,H1,feller_buncher,28,594.418167467045,24.0,0.0,54.2,0,0,24.0,1.0,0.0,0,0.0
18,S1,H2,feller_buncher,28,486.3476200000001,24.0,0.0,0.0,0,0,24.0,1.0,0.0,0,0.0
18,S1,H3,grapple_skidder,28,1164.728216,24.0,0.0,53.24,0,0,24.0,1.0,0.0,0,0.0
18,S1,H4,processor,28,569.826226,24.0,0.0,0.0,0,0,24.0,1.0,0.0,0,0.0
18,S1,H5,processor,28,456.082335,24.0,0.0,53.72,0,0,24.0,1.0,0.0,0,0.0
18,S1,H7,loader,28,474.741639,24.0,0.0,53.24,0,0,24.0,1.0,0.0,0,0.0
18,S1,H8,loader,28,456.725789,24.0,0.0,54.44,0,0,24.0,1.0,0.0,0,0.0
19,S1,H1,feller_buncher,28,1013.0077249999999,24.0,0.0,0.0,0,0,24.0,1.0,0.0,0,0.0
19,S1,H2,feller_buncher,28,680.207863,24.0,0.0,53.72,0,0,24.0,1.0,0.0,0,0.0
19,S1,H3,grapple_skidder,28,1273.711203,24.0,0.0,53.24,0,0,24.0,1.0,0.0,0,0.0
19,S1,H4,processor,28,517.165642,24.0,0.0,53.72,0,0,24.0,1.0,0.0,0,0.0
19,S1,H5,processor,28,218.52151199999997,24.0,0.0,0.0,0,0,24.0,1.0,0.0,0,0.0
19,S1,H6,processor,28,469.046841,24.0,0.0,0.0,0,0,24.0,1.0,0.0,0,0.0
19,S1,H7,loader,28,937.184825,24.0,0.0,54.92,0,0,24.0,1.0,0.0,0,0.0
20,S1,H1,feller_buncher,28,1194.708925,24.0,0.0,53.24,0,0,24.0,1.0,0.0,0,0.0
20,S1,H2,feller_buncher,28,364.89843800000006,24.0,0.0,0.0,0,0,24.0,1.0,0.0,0,0.0
20,S1,H3,grapple_skidder,28,1332.369187,24.0,0.0,53.24,0,0,24.0,1.0,0.0,0,0.0
20,S1,H4,processor,28,517.165642,24.0,0.0,0.0,0,0,24.0,1.0,0.0,0,0.0
20,S1,H5,processor,28,262.5090339863573,24.0,0.0,53.96,0,0,24.0,1.0,0.0,0,0.0
20,S1,H6,processor,28,341.3786831033544,24.0,0.0,54.44,0,0,24.0,1.0,0.0,0,0.0
20,S1,H7,loader,28,674.603847,24.0,0.0,53.96,0,0,24.0,1.0,0.0,0,0.0
21,S1,H3,grapple_skidder,28,512.8865356637325,24.0,0.0,55.16,0,0,24.0,1.0,0.0,0,0.0
21,S1,H4,processor,28,531.895933,24.0,0.0,53.48,0,0,24.0,1.0,0.0,0,0.0
21,S1,H5,processor,28,469.046841,24.0,0.0,0.0,0,0,24.0,1.0,0.0,0,0.0
21,S1,H6,processor,28,372.8643197729146,20.279754535354478,3.7202454646455223,0.0,0,0,24.0,0.8449897723064366,3.7202454646455205,1,0.0
21,S1,H7,loader,28,687.364703,24.0,0.0,53.24,0,0,24.0,1.0,0.0,0,0.0
22,S1,H3,grapple_skidder,28,1126.7248179778082,18.263298432227067,5.736701567772933,55.4,0,0,24.0,0.7609707680094612,5.736701567772934,1,0.0
22,S1,H4,processor,28,531.895933,24.0,0.0,0.0,0,0,24.0,1.0,0.0,0,0.0
22,S1,H5,processor,28,481.329283,24.0,0.0,53.48,0,0,24.0,1.0,0.0,0,0.0
22,S1,H6,processor,28,469.046841,24.0,0.0,54.44,0,0,24.0,1.0,0.0,0,0.0
22,S1,H7,loader,28,714.243002876269,24.0,0.0,53.24,1,0,24.0,1.0,0.0,0,0.0
23,S1,H3,grapple_skidder,28,1164.728216,24.0,0.0,53.72,0,0,24.0,1.0,0.0,0,0.0
23,S1,H4,processor,28,569.826226,24.0,0.0,53.24,0,0,24.0,1.0,0.0,0,0.0
23,S1,H5,processor,28,289.84839366373245,24.0,0.0,0.0,1,0,24.0,1.0,0.0,0,0.0
23,S1,H6,processor,28,469.046841,24.0,0.0,0.0,0,0,24.0,1.0,0.0,0,0.0
23,S1,H7,loader,28,802.411354,24.0,0.0,53.24,0,0,24.0,1.0,0.0,0,0.0
24,S1,H3,grapple_skidder,28,739.620424,24.0,0.0,54.68,0,0,24.0,1.0,0.0,0,0.0
24,S1,H4,processor,28,569.826226,24.0,0.0,0.0,0,0,24.0,1.0,0.0,0,0.0
24,S1,H5,processor,28,414.3635145376051,19.229282731242463,4.7707172687575365,54.68,0,0,24.0,0.8012201138017693,4.770717268757538,1,0.0
24,S1,H6,processor,28,391.18142100000006,24.0,0.0,54.44,0,0,24.0,1.0,0.0,0,0.0
24,S1,H7,loader,28,474.741639,24.0,0.0,54.68,0,0,24.0,1.0,0.0,0,0.0
25,S1,H3,grapple_skidder,28,1273.0391574670455,24.0,0.0,55.16,1,0,24.0,1.0,0.0,0,0.0
25,S1,H4,processor,28,481.329283,24.0,0.0,55.4,0,0,24.0,1.0,0.0,0,0.0
25,S1,H5,processor,28,517.165642,24.0,0.0,0.0,0,0,24.0,1.0,0.0,0,0.0
25,S1,H7,loader,28,362.3946301384178,24.0,0.0,0.0,0,0,24.0,1.0,0.0,0,0.0
25,S1,H8,loader,28,391.18142100000006,24.0,0.0,54.2,1,0,24.0,1.0,0.0,0,0.0
25,S1,H9,loader,28,937.184825,24.0,0.0,0.0,0,0,24.0,1.0,0.0,0,0.0
26,S1,H3,grapple_skidder,28,778.104169,24.0,0.0,54.68,0,0,24.0,1.0,0.0,0,0.0
26,S1,H4,processor,28,328.0613069778083,24.0,0.0,55.4,1,0,24.0,1.0,0.0,0,0.0
26,S1,H5,processor,28,531.895933,24.0,0.0,53.48,0,0,24.0,1.0,0.0,0,0.0
26,S1,H7,loader,28,687.364703,24.0,0.0,54.2,0,0,24.0,1.0,0.0,0,0.0
26,S1,H8,loader,28,451.958924,24.0,0.0,54.92,0,0,24.0,1.0,0.0,0,0.0
27,S1,H3,grapple_skidder,28,91.05938564479766,24.0,0.0,54.2,1,0,24.0,1.0,0.0,0,0.0
27,S1,H4,processor,28,469.046841,24.0,0.0,54.92,0,0,24.0,1.0,0.0,0,0.0
27,S1,H5,processor,28,531.895933,24.0,0.0,0.0,0,0,24.0,1.0,0.0,0,0.0
27,S1,H7,loader,28,732.9965609778083,24.0,0.0,53.72,1,0,24.0,1.0,0.0,0,0.0
27,S1,H8,loader,28,451.958924,24.0,0.0,0.0,0,0,24.0,1.0,0.0,0,0.0
28,S1,H1,feller_buncher,28,1194.708925,24.0,0.0,0.0,0,0,24.0,1.0,0.0,0,0.0
28,S1,H3,grapple_skidder,28,1045.106301,24.0,0.0,53.48,0,0,24.0,1.0,0.0,0,0.0
28,S1,H4,processor,28,454.6553771071923,24.0,0.0,54.2,1,0,24.0,1.0,0.0,0,0.0
28,S1,H7,loader,28,609.2909277905535,24.0,0.0,53.24,0,0,24.0,1.0,0.0,0,0.0
28,S1,H8,loader,28,474.741639,24.0,0.0,53.48,0,0,24.0,1.0,0.0,0,0.0
28,S1,H9,loader,28,377.9594706637324,24.0,0.0,55.4,1,0,24.0,1.0,0.0,0,0.0
29,S1,H3,grapple_skidder,28,357.97723914446533,24.0,0.0,54.2,1,0,24.0,1.0,0.0,0,0.0
29,S1,H4,processor,28,430.907382,24.0,0.0,53.48,0,0,24.0,1.0,0.0,0,0.0
29,S1,H5,processor,28,531.895933,24.0,0.0,0.0,0,0,24.0,1.0,0.0,0,0.0
29,S1,H7,loader,28,279.9188850937684,24.0,0.0,53.48,0,0,24.0,1.0,0.0,0,0.0
29,S1,H8,loader,28,474.741639,24.0,0.0,0.0,0,0,24.0,1.0,0.0,0,0.0
30,S1,H3,grapple_skidder,28,1036.4489751,24.0,0.0,55.4,0,0,24.0,1.0,0.0,0,0.3
30,S1,H4,processor,28,0.0,24.0,0.0,53.48,1,0,24.0,1.0,0.0,0,0.3
30,S1,H5,processor,28,336.93049809999997,24.0,0.0,55.16,0,0,24.0,1.0,0.0,0,0.3
30,S1,H6,processor,28,301.63516739999994,24.0,0.0,53.72,0,0,24.0,1.0,0.0,0,0.3
30,S1,H7,loader,28,219.55989979404654,19.402897850688863,4.597102149311137,53.48,0,0,24.0,0.808454077112036,4.597102149311137,1,0.3
30,S1,H8,loader,28,332.3191473,24.0,0.0,0.0,0,0,24.0,1.0,0.0,0,0.3
31,S1,H3,grapple_skidder,28,0.0,24.0,0.0,53.24,1,0,24.0,1.0,0.0,0,0.3
31,S1,H4,processor,28,398.8783582,24.0,0.0,53.72,0,0,24.0,1.0,0.0,0,0.3
31,S1,H5,processor,28,279.3378820444653,24.0,0.0,0.0,1,0,24.0,1.0,0.0,0,0.3
31,S1,H6,processor,28,113.83445750231529,21.29337638645949,2.7066236135405113,0.0,0,0,24.0,0.8872240161024787,2.7066236135405104,1,0.3
31,S1,H7,loader,28,481.15529209999994,24.0,0.0,53.48,0,0,24.0,1.0,0.0,0,0.3
31,S1,H8,loader,28,332.3191473,24.0,0.0,0.0,0,0,24.0,1.0,0.0,0,0.3
32,S1,H3,grapple_skidder,28,778.104169,24.0,0.0,54.68,0,0,24.0,1.0,0.0,0,0.0
32,S1,H4,processor,28,569.826226,24.0,0.0,0.0,0,0,24.0,1.0,0.0,0,0.0
32,S1,H5,processor,28,249.54387359456905,24.0,0.0,55.16,1,0,24.0,1.0,0.0,0,0.0
32,S1,H7,loader,28,7.131940999999415,24.0,0.0,0.0,0,0,24.0,1.0,0.0,0,0.0
32,S1,H8,loader,28,558.398094,24.0,0.0,53.72,0,0,24.0,1.0,0.0,0,0.0
32,S1,H9,loader,28,451.958924,24.0,0.0,0.0,0,0,24.0,1.0,0.0,0,0.0
33,S1,H3,grapple_skidder,28,403.87247809999997,24.0,0.0,53.48,0,0,24.0,1.0,0.0,0,0.3
33,S1,H4,processor,28,0.0,24.0,0.0,53.24,1,0,24.0,1.0,0.0,0,0.3
33,S1,H5,processor,28,328.3327887,24.0,0.0,54.68,0,0,24.0,1.0,0.0,0,0.3
33,S1,H7,loader,28,656.0293775,24.0,0.0,53.72,0,0,24.0,1.0,0.0,0,0.3
33,S1,H8,loader,28,287.9789129023152,24.0,0.0,0.0,1,0,24.0,1.0,0.0,0,0.3
33,S1,H9,loader,28,164.30945614446523,24.0,0.0,0.0,1,0,24.0,1.0,0.0,0,0.3
34,S1,H1,feller_buncher,28,140.55055100000027,24.0,0.0,0.0,0,0,24.0,1.0,0.0,0,0.0
34,S1,H3,grapple_skidder,28,414.50735799999984,24.0,0.0,53.72,0,0,24.0,1.0,0.0,0,0.0
34,S1,H4,processor,28,403.87247809999997,24.0,0.0,54.2,1,0,24.0,1.0,0.0,0,0.0
34,S1,H5,processor,28,469.046841,24.0,0.0,0.0,0,0,24.0,1.0,0.0,0,0.0
34,S1,H7,loader,28,802.411354,24.0,0.0,53.24,0,0,24.0,1.0,0.0,0,0.0
35,S1,H3,grapple_skidder,28,477.4620719999998,24.0,0.0,55.16,0,0,24.0,1.0,0.0,0,0.0
35,S1,H4,processor,28,0.0,24.0,0.0,0.0,1,0,24.0,1.0,0.0,0,0.0
35,S1,H5,processor,28,409.650504,24.0,0.0,53.24,0,0,24.0,1.0,0.0,0,0.0
35,S1,H7,loader,28,279.7560149999996,24.0,0.0,0.0,0,0,24.0,1.0,0.0,0,0.0
35,S1,H8,loader,28,474.741639,24.0,0.0,53.72,0,0,24.0,1.0,0.0,0,0.0
36,S1,H3,grapple_skidder,28,855.829418,24.0,0.0,54.68,0,0,24.0,1.0,0.0,0,0.0
36,S1,H4,processor,28,428.06422012037075,24.0,0.0,54.44,0,0,24.0,1.0,0.0,0,0.0
36,S1,H5,processor,28,275.1615788,24.0,0.0,0.0,1,0,24.0,1.0,0.0,0,0.0
36,S1,H7,loader,28,403.87247809999997,24.0,0.0,54.2,1,0,24.0,1.0,0.0,0,0.0
36,S1,H8,loader,28,474.741639,24.0,0.0,0.0,0,0,24.0,1.0,0.0,0,0.0
37,S1,H3,grapple_skidder,28,0.0,24.0,0.0,53.72,1,0,24.0,1.0,0.0,0,0.0
37,S1,H4,processor,28,117.14224277962916,24.0,0.0,0.0,1,0,24.0,1.0,0.0,0,0.0
37,S1,H5,processor,28,395.784917,24.0,0.0,53.48,0,0,24.0,1.0,0.0,0,0.0
37,S1,H7,loader,28,0.0,24.0,0.0,0.0,1,0,24.0,1.0,0.0,0,0.0
37,S1,H8,loader,28,424.433991,24.0,0.0,53.24,0,0,24.0,1.0,0.0,0,0.0
38,S1,H3,grapple_skidder,28,147.33852399999955,24.0,0.0,53.48,1,0,24.0,1.0,0.0,0,0.0
38,S1,H4,processor,28,0.0,24.0,0.0,55.4,1,0,24.0,1.0,0.0,0,0.0
38,S1,H5,processor,28,395.784917,24.0,0.0,0.0,0,0,24.0,1.0,0.0,0,0.0
38,S1,H7,loader,28,857.8816695999999,24.0,0.0,54.44,1,0,24.0,1.0,0.0,0,0.0
38,S1,H8,loader,28,291.82093967115156,20.960450985164634,3.039549014835366,0.0,0,0,24.0,0.8733521243818597,3.039549014835364,1,0.0
39,S1,H3,grapple_skidder,28,541.1726192825563,24.0,0.0,53.72,0,0,24.0,1.0,0.0,0,0.0
39,S1,H4,processor,28,463.1065833136423,24.0,0.0,53.48,1,0,24.0,1.0,0.0,0,0.0
39,S1,H5,processor,28,64.25958400000002,24.0,0.0,0.0,1,0,24.0,1.0,0.0,0,0.0
39,S1,H7,loader,28,0.0,24.0,0.0,0.0,1,0,24.0,1.0,0.0,0,0.0
39,S1,H8,loader,28,225.74553092884832,24.0,0.0,0.0,1,0,24.0,1.0,0.0,0,0.0
39,S1,H9,loader,28,0.0,24.0,0.0,0.0,1,0,24.0,1.0,0.0,0,0.0
40,S1,H4,processor,28,383.06593499999997,24.0,0.0,53.72,0,0,24.0,1.0,0.0,0,0.3
40,S1,H7,loader,28,332.3191473,24.0,0.0,54.92,0,0,24.0,1.0,0.0,0,0.3
40,S1,H8,loader,28,319.7080523,24.0,0.0,53.48,0,0,24.0,1.0,0.0,0,0.3
40,S1,H9,loader,28,0.0,24.0,0.0,0.0,1,0,24.0,1.0,0.0,0,0.3
41,S1,H4,processor,28,0.0,24.0,0.0,53.72,1,0,24.0,1.0,0.0,0,0.3
41,S1,H7,loader,28,340.1002318,24.0,0.0,53.72,0,0,24.0,1.0,0.0,0,0.3
41,S1,H8,loader,28,319.7080523,24.0,0.0,0.0,0,0,24.0,1.0,0.0,0,0.3
42,S1,H3,grapple_skidder,28,678.968019,24.0,0.0,0.0,0,0,24.0,1.0,0.0,0,0.0
42,S1,H7,loader,28,474.741639,24.0,0.0,53.72,0,0,24.0,1.0,0.0,0,0.0
42,S1,H8,loader,28,405.92742219999985,24.0,0.0,0.0,1,0,24.0,1.0,0.0,0,0.0
1,S1,H1,feller_buncher,29,1220.906942,24.0,0.0,0.0,0,0,24.0,1.0,0.0,0,0.0
1,S1,H2,feller_buncher,29,1299.478592,24.0,0.0,0.0,0,0,24.0,1.0,0.0,0,0.0
2,S1,H1,feller_buncher,29,985.7773881528909,19.377936599257524,4.622063400742476,0.0,0,0,24.0,0.8074140249690634,4.622063400742478,1,0.0
2,S1,H2,feller_buncher,29,1164.04956,24.0,0.0,53.72,0,0,24.0,1.0,0.0,0,0.0
2,S1,H3,grapple_skidder,29,492.9258589753118,24.0,0.0,0.0,0,0,24.0,1.0,0.0,0,0.0
3,S1,H1,feller_buncher,29,1176.844281,24.0,0.0,53.48,0,0,24.0,1.0,0.0,0,0.0
3,S1,H2,feller_buncher,29,888.796776,24.0,0.0,53.24,0,0,24.0,1.0,0.0,0,0.0
3,S1,H3,grapple_skidder,29,778.104169,24.0,0.0,53.72,0,0,24.0,1.0,0.0,0,0.0
3,S1,H4,processor,29,492.9258589753118,24.0,0.0,0.0,1,0,24.0,1.0,0.0,0,0.0
4,S1,H1,feller_buncher,29,1176.844281,24.0,0.0,0.0,0,0,24.0,1.0,0.0,0,0.0
4,S1,H2,feller_buncher,29,888.796776,24.0,0.0,0.0,0,0,24.0,1.0,0.0,0,0.0
4,S1,H3,grapple_skidder,29,1332.369187,24.0,0.0,54.68,0,0,24.0,1.0,0.0,0,0.0
4,S1,H4,processor,29,469.046841,24.0,0.0,53.72,0,0,24.0,1.0,0.0,0,0.0
4,S1,H7,loader,29,485.857474,24.0,0.0,0.0,0,0,24.0,1.0,0.0,0,0.0
5,S1,H1,feller_buncher,29,1164.04956,24.0,0.0,54.2,0,0,24.0,1.0,0.0,0,0.0
5,S1,H2,feller_buncher,29,961.553907,24.0,0.0,53.24,0,0,24.0,1.0,0.0,0,0.0
5,S1,H3,grapple_skidder,29,1164.728216,24.0,0.0,53.48,0,0,24.0,1.0,0.0,0,0.0
5,S1,H4,processor,29,531.895933,24.0,0.0,54.68,0,0,24.0,1.0,0.0,0,0.0
6,S1,H1,feller_buncher,29,100.18438543293246,24.0,0.0,53.24,0,0,24.0,1.0,0.0,0,0.3
6,S1,H2,feller_buncher,29,673.0877349,24.0,0.0,0.0,0,0,24.0,1.0,0.0,0,0.3
6,S1,H3,grapple_skidder,29,815.3097511999999,24.0,0.0,0.0,0,0,24.0,1.0,0.0,0,0.3
6,S1,H4,processor,29,295.85316929084394,19.070529785060295,4.929470214939705,0.0,0,0,24.0,0.7946054077108456,4.929470214939704,1,0.3
7,S1,H1,feller_buncher,29,1164.04956,24.0,0.0,53.24,0,0,24.0,1.0,0.0,0,0.0
7,S1,H2,feller_buncher,29,961.553907,24.0,0.0,0.0,0,0,24.0,1.0,0.0,0,0.0
7,S1,H3,grapple_skidder,29,809.624168,24.0,0.0,54.44,0,0,24.0,1.0,0.0,0,0.0
7,S1,H4,processor,29,517.165642,24.0,0.0,53.48,0,0,24.0,1.0,0.0,0,0.0
7,S1,H7,loader,29,802.411354,24.0,0.0,55.4,0,0,24.0,1.0,0.0,0,0.0
8,S1,H1,feller_buncher,29,860.013242,24.0,0.0,53.24,0,0,24.0,1.0,0.0,0,0.0
8,S1,H2,feller_buncher,29,377.0539620593247,21.871062732981155,2.128937267018845,0.0,0,0,24.0,0.9112942805408815,2.1289372670188462,1,0.0
8,S1,H3,grapple_skidder,29,778.104169,24.0,0.0,53.24,0,0,24.0,1.0,0.0,0,0.0
8,S1,H4,processor,29,517.165642,24.0,0.0,0.0,0,0,24.0,1.0,0.0,0,0.0
8,S1,H5,processor,29,409.650504,24.0,0.0,0.0,0,0,24.0,1.0,0.0,0,0.0
9,S1,H1,feller_buncher,29,1299.478592,24.0,0.0,53.96,0,0,24.0,1.0,0.0,0,0.0
9,S1,H2,feller_buncher,29,1220.906942,24.0,0.0,55.16,0,0,24.0,1.0,0.0,0,0.0
9,S1,H3,grapple_skidder,29,778.104169,24.0,0.0,0.0,0,0,24.0,1.0,0.0,0,0.0
9,S1,H7,loader,29,687.364703,24.0,0.0,53.48,0,0,24.0,1.0,0.0,0,0.0
10,S1,H1,feller_buncher,29,1299.478592,24.0,0.0,0.0,0,0,24.0,1.0,0.0,0,0.0
10,S1,H2,feller_buncher,29,860.013242,24.0,0.0,54.44,0,0,24.0,1.0,0.0,0,0.0
10,S1,H3,grapple_skidder,29,739.620424,24.0,0.0,53.48,0,0,24.0,1.0,0.0,0,0.0
10,S1,H4,processor,29,517.165642,24.0,0.0,0.0,0,0,24.0,1.0,0.0,0,0.0
10,S1,H5,processor,29,469.046841,24.0,0.0,53.24,0,0,24.0,1.0,0.0,0,0.0
11,S1,H1,feller_buncher,29,1116.6251476007756,20.622889601569224,3.3771103984307764,0.0,0,0,24.0,0.859287066732051,3.3771103984307755,1,0.0
11,S1,H2,feller_buncher,29,59.00278800000001,24.0,0.0,0.0,0,0,24.0,1.0,0.0,0,0.0
11,S1,H3,grapple_skidder,29,412.05261748535025,24.0,0.0,53.48,0,0,24.0,1.0,0.0,0,0.0
11,S1,H4,processor,29,481.329283,24.0,0.0,54.68,0,0,24.0,1.0,0.0,0,0.0
11,S1,H7,loader,29,687.364703,24.0,0.0,0.0,0,0,24.0,1.0,0.0,0,0.0
12,S1,H1,feller_buncher,29,356.0085949999998,24.0,0.0,0.0,0,0,24.0,1.0,0.0,0,0.0
12,S1,H2,feller_buncher,29,674.603847,24.0,0.0,53.72,0,0,24.0,1.0,0.0,0,0.0
12,S1,H3,grapple_skidder,29,1102.6339753475681,19.86177379854225,4.138226201457751,54.68,0,0,24.0,0.8275739082725937,4.138226201457751,1,0.0
12,S1,H4,processor,29,428.5410411999999,24.0,0.0,54.68,1,0,24.0,1.0,0.0,0,0.0
12,S1,H7,loader,29,401.84030383089777,20.31455954075591,3.6854404592440915,54.2,0,0,24.0,0.8464399808648295,3.6854404592440932,1,0.0
12,S1,H8,loader,29,451.958924,24.0,0.0,0.0,0,0,24.0,1.0,0.0,0,0.0
13,S1,H1,feller_buncher,29,1164.04956,24.0,0.0,53.72,0,0,24.0,1.0,0.0,0,0.0
13,S1,H2,feller_buncher,29,1194.708925,24.0,0.0,53.96,0,0,24.0,1.0,0.0,0,0.0
13,S1,H3,grapple_skidder,29,643.4703292826883,24.0,0.0,54.92,0,0,24.0,1.0,0.0,0,0.0
13,S1,H4,processor,29,531.895933,24.0,0.0,53.48,0,0,24.0,1.0,0.0,0,0.0
13,S1,H7,loader,29,605.3085612000001,24.0,0.0,54.2,1,0,24.0,1.0,0.0,0,0.0
14,S1,H1,feller_buncher,29,1176.844281,24.0,0.0,54.2,0,0,24.0,1.0,0.0,0,0.0
14,S1,H2,feller_buncher,29,1194.708925,24.0,0.0,0.0,0,0,24.0,1.0,0.0,0,0.0
14,S1,H3,grapple_skidder,29,778.104169,24.0,0.0,53.24,0,0,24.0,1.0,0.0,0,0.0
14,S1,H4,processor,29,531.895933,24.0,0.0,0.0,0,0,24.0,1.0,0.0,0,0.0
14,S1,H5,processor,29,409.650504,24.0,0.0,53.24,0,0,24.0,1.0,0.0,0,0.0
15,S1,H1,feller_buncher,29,1176.844281,24.0,0.0,0.0,0,0,24.0,1.0,0.0,0,0.0
15,S1,H2,feller_buncher,29,1164.04956,24.0,0.0,54.92,0,0,24.0,1.0,0.0,0,0.0
15,S1,H3,grapple_skidder,29,923.199854,24.0,0.0,53.24,0,0,24.0,1.0,0.0,0,0.0
15,S1,H4,processor,29,265.6810161242004,24.0,0.0,54.92,0,0,24.0,1.0,0.0,0,0.0
15,S1,H7,loader,29,802.411354,24.0,0.0,53.48,0,0,24.0,1.0,0.0,0,0.0
16,S1,H1,feller_buncher,29,111.30773800000088,24.0,0.0,0.0,0,0,24.0,1.0,0.0,0,0.0
16,S1,H2,feller_buncher,29,502.7667789999996,24.0,0.0,0.0,0,0,24.0,1.0,0.0,0,0.0
16,S1,H3,grapple_skidder,29,1480.641393,24.0,0.0,54.68,0,0,24.0,1.0,0.0,0,0.0
16,S1,H4,processor,29,447.12544875584626,20.175019405798523,3.8249805942014774,54.92,0,0,24.0,0.8406258085749384,3.8249805942014774,1,0.0
16,S1,H5,processor,29,395.784917,24.0,0.0,53.48,0,0,24.0,1.0,0.0,0,0.0
16,S1,H7,loader,29,424.433991,24.0,0.0,54.92,0,0,24.0,1.0,0.0,0,0.0
17,S1,H1,feller_buncher,29,576.960683,24.0,0.0,53.72,0,0,24.0,1.0,0.0,0,0.0
17,S1,H2,feller_buncher,29,787.363583,24.0,0.0,54.44,0,0,24.0,1.0,0.0,0,0.0
17,S1,H3,grapple_skidder,29,674.603847,24.0,0.0,53.96,0,0,24.0,1.0,0.0,0,0.0
17,S1,H4,processor,29,569.826226,24.0,0.0,53.24,0,0,24.0,1.0,0.0,0,0.0
17,S1,H5,processor,29,395.784917,24.0,0.0,0.0,0,0,24.0,1.0,0.0,0,0.0
17,S1,H6,processor,29,469.046841,24.0,0.0,0.0,0,0,24.0,1.0,0.0,0,0.0
17,S1,H7,loader,29,309.5468439540662,24.0,0.0,0.0,0,0,24.0,1.0,0.0,0,0.0
17,S1,H8,loader,29,733.8437090466904,24.0,0.0,55.16,1,0,24.0,1.0,0.0,0,0.0
18,S1,H1,feller_buncher,29,1220.906942,24.0,0.0,54.2,0,0,24.0,1.0,0.0,0,0.0
18,S1,H2,feller_buncher,29,486.3476200000001,24.0,0.0,0.0,0,0,24.0,1.0,0.0,0,0.0
18,S1,H3,grapple_skidder,29,1164.728216,24.0,0.0,53.24,0,0,24.0,1.0,0.0,0,0.0
18,S1,H4,processor,29,569.826226,24.0,0.0,0.0,0,0,24.0,1.0,0.0,0,0.0
18,S1,H5,processor,29,456.082335,24.0,0.0,53.72,0,0,24.0,1.0,0.0,0,0.0
18,S1,H7,loader,29,474.741639,24.0,0.0,53.24,0,0,24.0,1.0,0.0,0,0.0
18,S1,H8,loader,29,456.725789,24.0,0.0,54.44,0,0,24.0,1.0,0.0,0,0.0
19,S1,H1,feller_buncher,29,1013.0077249999999,24.0,0.0,0.0,0,0,24.0,1.0,0.0,0,0.0
19,S1,H2,feller_buncher,29,680.207863,24.0,0.0,53.72,0,0,24.0,1.0,0.0,0,0.0
19,S1,H3,grapple_skidder,29,1273.711203,24.0,0.0,53.24,0,0,24.0,1.0,0.0,0,0.0
19,S1,H4,processor,29,418.22663582673925,19.40855780949528,4.5914421905047185,53.72,0,0,24.0,0.8086899087289701,4.591442190504718,1,0.0
19,S1,H5,processor,29,218.52151199999997,24.0,0.0,0.0,0,0,24.0,1.0,0.0,0,0.0
19,S1,H6,processor,29,469.046841,24.0,0.0,0.0,0,0,24.0,1.0,0.0,0,0.0
19,S1,H7,loader,29,937.184825,24.0,0.0,54.92,0,0,24.0,1.0,0.0,0,0.0
20,S1,H1,feller_buncher,29,1194.708925,24.0,0.0,53.24,0,0,24.0,1.0,0.0,0,0.0
20,S1,H2,feller_buncher,29,364.89843800000006,24.0,0.0,0.0,0,0,24.0,1.0,0.0,0,0.0
20,S1,H3,grapple_skidder,29,1332.369187,24.0,0.0,53.24,0,0,24.0,1.0,0.0,0,0.0
20,S1,H4,processor,29,517.165642,24.0,0.0,0.0,0,0,24.0,1.0,0.0,0,0.0
20,S1,H5,processor,29,469.046841,24.0,0.0,53.96,0,0,24.0,1.0,0.0,0,0.0
20,S1,H6,processor,29,441.264891,24.0,0.0,54.44,0,0,24.0,1.0,0.0,0,0.0
20,S1,H7,loader,29,674.603847,24.0,0.0,53.96,0,0,24.0,1.0,0.0,0,0.0
21,S1,H3,grapple_skidder,29,739.620424,24.0,0.0,55.16,0,0,24.0,1.0,0.0,0,0.0
21,S1,H4,processor,29,531.895933,24.0,0.0,53.48,0,0,24.0,1.0,0.0,0,0.0
21,S1,H5,processor,29,469.046841,24.0,0.0,0.0,0,0,24.0,1.0,0.0,0,0.0
21,S1,H6,processor,29,441.264891,24.0,0.0,0.0,0,0,24.0,1.0,0.0,0,0.0
21,S1,H7,loader,29,687.364703,24.0,0.0,53.24,0,0,24.0,1.0,0.0,0,0.0
22,S1,H3,grapple_skidder,29,1480.641393,24.0,0.0,55.4,0,0,24.0,1.0,0.0,0,0.0
22,S1,H4,processor,29,531.895933,24.0,0.0,0.0,0,0,24.0,1.0,0.0,0,0.0
22,S1,H5,processor,29,481.329283,24.0,0.0,53.48,0,0,24.0,1.0,0.0,0,0.0
22,S1,H6,processor,29,469.046841,24.0,0.0,54.44,0,0,24.0,1.0,0.0,0,0.0
22,S1,H7,loader,29,733.483855,24.0,0.0,53.24,0,0,24.0,1.0,0.0,0,0.0
23,S1,H3,grapple_skidder,29,1164.728216,24.0,0.0,53.72,0,0,24.0,1.0,0.0,0,0.0
23,S1,H4,processor,29,569.826226,24.0,0.0,53.24,0,0,24.0,1.0,0.0,0,0.0
23,S1,H5,processor,29,481.329283,24.0,0.0,0.0,0,0,24.0,1.0,0.0,0,0.0
23,S1,H6,processor,29,241.1414064853509,24.0,0.0,0.0,1,0,24.0,1.0,0.0,0,0.0
23,S1,H7,loader,29,802.411354,24.0,0.0,53.24,0,0,24.0,1.0,0.0,0,0.0
24,S1,H3,grapple_skidder,29,599.4653798482653,19.452098197275266,4.547901802724734,54.68,0,0,24.0,0.8105040915531361,4.547901802724734,1,0.0
24,S1,H4,processor,29,569.826226,24.0,0.0,0.0,0,0,24.0,1.0,0.0,0,0.0
24,S1,H5,processor,29,517.165642,24.0,0.0,54.68,0,0,24.0,1.0,0.0,0,0.0
24,S1,H6,processor,29,391.18142100000006,24.0,0.0,54.44,0,0,24.0,1.0,0.0,0,0.0
24,S1,H7,loader,29,454.2417598203257,22.963652943212374,1.0363470567876263,54.68,0,0,24.0,0.9568188726338489,1.0363470567876272,1,0.0
25,S1,H3,grapple_skidder,29,1332.369187,24.0,0.0,55.16,0,0,24.0,1.0,0.0,0,0.0
25,S1,H4,processor,29,481.329283,24.0,0.0,55.4,0,0,24.0,1.0,0.0,0,0.0
25,S1,H5,processor,29,517.165642,24.0,0.0,0.0,0,0,24.0,1.0,0.0,0,0.0
25,S1,H7,loader,29,474.741639,24.0,0.0,0.0,0,0,24.0,1.0,0.0,0,0.0
25,S1,H8,loader,29,540.2273480000001,24.0,0.0,54.2,0,0,24.0,1.0,0.0,0,0.0
25,S1,H9,loader,29,937.184825,24.0,0.0,0.0,0,0,24.0,1.0,0.0,0,0.0
26,S1,H3,grapple_skidder,29,778.104169,24.0,0.0,54.68,0,0,24.0,1.0,0.0,0,0.0
26,S1,H4,processor,29,569.826226,24.0,0.0,55.4,0,0,24.0,1.0,0.0,0,0.0
26,S1,H5,processor,29,531.895933,24.0,0.0,53.48,0,0,24.0,1.0,0.0,0,0.0
26,S1,H7,loader,29,687.364703,24.0,0.0,54.2,0,0,24.0,1.0,0.0,0,0.0
26,S1,H8,loader,29,451.958924,24.0,0.0,54.92,0,0,24.0,1.0,0.0,0,0.0
27,S1,H3,grapple_skidder,29,159.77199800000017,24.0,0.0,54.2,0,0,24.0,1.0,0.0,0,0.0
27,S1,H4,processor,29,469.046841,24.0,0.0,54.92,0,0,24.0,1.0,0.0,0,0.0
27,S1,H5,processor,29,531.895933,24.0,0.0,0.0,0,0,24.0,1.0,0.0,0,0.0
27,S1,H7,loader,29,937.184825,24.0,0.0,53.72,0,0,24.0,1.0,0.0,0,0.0
27,S1,H8,loader,29,451.958924,24.0,0.0,0.0,0,0,24.0,1.0,0.0,0,0.0
28,S1,H1,feller_buncher,29,1194.708925,24.0,0.0,0.0,0,0,24.0,1.0,0.0,0,0.0
28,S1,H3,grapple_skidder,29,1045.106301,24.0,0.0,53.48,0,0,24.0,1.0,0.0,0,0.0
28,S1,H4,processor,29,517.165642,24.0,0.0,54.2,0,0,24.0,1.0,0.0,0,0.0
28,S1,H7,loader,29,802.411354,24.0,0.0,53.24,0,0,24.0,1.0,0.0,0,0.0
28,S1,H8,loader,29,474.741639,24.0,0.0,53.48,0,0,24.0,1.0,0.0,0,0.0
28,S1,H9,loader,29,451.958924,24.0,0.0,55.4,0,0,24.0,1.0,0.0,0,0.0
29,S1,H3,grapple_skidder,29,739.620424,24.0,0.0,54.2,0,0,24.0,1.0,0.0,0,0.0
29,S1,H4,processor,29,430.907382,24.0,0.0,53.48,0,0,24.0,1.0,0.0,0,0.0
29,S1,H5,processor,29,531.895933,24.0,0.0,0.0,0,0,24.0,1.0,0.0,0,0.0
29,S1,H7,loader,29,687.364703,24.0,0.0,53.48,0,0,24.0,1.0,0.0,0,0.0
29,S1,H8,loader,29,474.741639,24.0,0.0,0.0,0,0,24.0,1.0,0.0,0,0.0
30,S1,H3,grapple_skidder,29,1169.2636063245536,24.0,0.0,55.4,0,0,24.0,1.0,0.0,0,0.0
30,S1,H4,processor,29,2.3392261732607267,24.0,0.0,53.48,1,0,24.0,1.0,0.0,0,0.0
30,S1,H5,processor,29,481.329283,24.0,0.0,55.16,0,0,24.0,1.0,0.0,0,0.0
30,S1,H6,processor,29,430.907382,24.0,0.0,53.72,0,0,24.0,1.0,0.0,0,0.0
30,S1,H7,loader,29,802.411354,24.0,0.0,53.48,0,0,24.0,1.0,0.0,0,0.0
30,S1,H8,loader,29,474.741639,24.0,0.0,0.0,0,0,24.0,1.0,0.0,0,0.0
31,S1,H3,grapple_skidder,29,561.7644028053228,24.0,0.0,53.24,1,0,24.0,1.0,0.0,0,0.0
31,S1,H4,processor,29,569.826226,24.0,0.0,53.72,0,0,24.0,1.0,0.0,0,0.0
31,S1,H5,processor,29,411.6802368482652,24.0,0.0,0.0,1,0,24.0,1.0,0.0,0,0.0
31,S1,H6,processor,29,183.29153700000006,24.0,0.0,0.0,0,0,24.0,1.0,0.0,0,0.0
31,S1,H7,loader,29,427.13432100000034,24.0,0.0,53.48,1,0,24.0,1.0,0.0,0,0.0
31,S1,H8,loader,29,474.741639,24.0,0.0,0.0,0,0,24.0,1.0,0.0,0,0.0
32,S1,H3,grapple_skidder,29,778.104169,24.0,0.0,54.68,0,0,24.0,1.0,0.0,0,0.0
32,S1,H4,processor,29,569.826226,24.0,0.0,0.0,0,0,24.0,1.0,0.0,0,0.0
32,S1,H5,processor,29,531.895933,24.0,0.0,55.16,0,0,24.0,1.0,0.0,0,0.0
32,S1,H7,loader,29,0.0,24.0,0.0,0.0,1,0,24.0,1.0,0.0,0,0.0
32,S1,H8,loader,29,558.398094,24.0,0.0,53.72,0,0,24.0,1.0,0.0,0,0.0
32,S1,H9,loader,29,182.5613303875954,24.0,0.0,0.0,0,0,24.0,1.0,0.0,0,0.0
33,S1,H3,grapple_skidder,29,576.960683,24.0,0.0,53.48,0,0,24.0,1.0,0.0,0,0.0
33,S1,H4,processor,29,45.780229999999165,24.0,0.0,53.24,0,0,24.0,1.0,0.0,0,0.0
33,S1,H5,processor,29,469.046841,24.0,0.0,54.68,0,0,24.0,1.0,0.0,0,0.0
33,S1,H7,loader,29,586.4355161778145,24.0,0.0,53.72,0,0,24.0,1.0,0.0,0,0.0
33,S1,H8,loader,29,419.4802168817865,20.68493002659163,3.31506997340837,0.0,0,0,24.0,0.8618720844413179,3.3150699734083693,1,0.0
33,S1,H9,loader,29,238.51198420451428,24.0,0.0,0.0,0,0,24.0,1.0,0.0,0,0.0
34,S1,H1,feller_buncher,29,140.55055100000027,24.0,0.0,0.0,0,0,24.0,1.0,0.0,0,0.0
34,S1,H3,grapple_skidder,29,414.50735799999984,24.0,0.0,53.72,0,0,24.0,1.0,0.0,0,0.0
34,S1,H4,processor,29,428.751305,24.0,0.0,54.2,0,0,24.0,1.0,0.0,0,0.0
34,S1,H5,processor,29,469.046841,24.0,0.0,0.0,0,0,24.0,1.0,0.0,0,0.0
34,S1,H7,loader,29,802.411354,24.0,0.0,53.24,0,0,24.0,1.0,0.0,0,0.0
35,S1,H3,grapple_skidder,29,477.4620719999998,24.0,0.0,55.16,0,0,24.0,1.0,0.0,0,0.0
35,S1,H4,processor,29,106.47058579894376,24.0,0.0,0.0,0,0,24.0,1.0,0.0,0,0.0
35,S1,H5,processor,29,409.650504,24.0,0.0,53.24,0,0,24.0,1.0,0.0,0,0.0
35,S1,H7,loader,29,27.510411999999405,24.0,0.0,0.0,1,0,24.0,1.0,0.0,0,0.0
35,S1,H8,loader,29,474.741639,24.0,0.0,53.72,0,0,24.0,1.0,0.0,0,0.0
36,S1,H3,grapple_skidder,29,472.0187544187709,24.0,0.0,54.68,0,0,24.0,1.0,0.0,0,0.0
36,S1,H4,processor,29,569.826226,24.0,0.0,54.44,0,0,24.0,1.0,0.0,0,0.0
36,S1,H5,processor,29,372.96932715848783,24.0,0.0,0.0,1,0,24.0,1.0,0.0,0,0.0
36,S1,H7,loader,29,535.2218907989437,24.0,0.0,54.2,1,0,24.0,1.0,0.0,0,0.0
36,S1,H8,loader,29,474.741639,24.0,0.0,0.0,0,0,24.0,1.0,0.0,0,0.0
37,S1,H3,grapple_skidder,29,154.92285911105967,24.0,0.0,53.72,1,0,24.0,1.0,0.0,0,0.0
37,S1,H4,processor,29,49.3986563245536,20.07122853719077,3.9287714628092303,0.0,1,0,24.0,0.8363011890496154,3.9287714628092303,1,0.0
37,S1,H5,processor,29,395.784917,24.0,0.0,53.48,0,0,24.0,1.0,0.0,0,0.0
37,S1,H7,loader,29,0.0,21.044480554941035,2.9555194450589646,0.0,1,0,24.0,0.8768533564558765,2.9555194450589632,1,0.0
37,S1,H8,loader,29,424.433991,24.0,0.0,53.24,0,0,24.0,1.0,0.0,0,0.0
38,S1,H3,grapple_skidder,29,778.104169,24.0,0.0,53.48,0,0,24.0,1.0,0.0,0,0.0
38,S1,H4,processor,29,154.92285911105967,24.0,0.0,55.4,1,0,24.0,1.0,0.0,0,0.0
38,S1,H5,processor,29,207.86385741877092,24.0,0.0,0.0,1,0,24.0,1.0,0.0,0,0.0
38,S1,H7,loader,29,937.184825,24.0,0.0,54.44,0,0,24.0,1.0,0.0,0,0.0
38,S1,H8,loader,29,424.433991,24.0,0.0,0.0,0,0,24.0,1.0,0.0,0,0.0
39,S1,H3,grapple_skidder,29,475.2776133,24.0,0.0,53.72,0,0,24.0,1.0,0.0,0,0.3
39,S1,H4,processor,29,328.3327887,24.0,0.0,53.48,0,0,24.0,1.0,0.0,0,0.3
39,S1,H5,processor,29,0.0,24.0,0.0,0.0,1,0,24.0,1.0,0.0,0,0.3
39,S1,H7,loader,29,163.42348819999927,24.0,0.0,0.0,0,0,24.0,1.0,0.0,0,0.3
39,S1,H8,loader,29,235.21381100000013,24.0,0.0,0.0,0,0,24.0,1.0,0.0,0,0.3
39,S1,H9,loader,29,316.3712468,24.0,0.0,0.0,0,0,24.0,1.0,0.0,0,0.3
40,S1,H4,processor,29,475.2776133,24.0,0.0,53.72,1,0,24.0,1.0,0.0,0,0.0
40,S1,H7,loader,29,474.741639,24.0,0.0,54.92,0,0,24.0,1.0,0.0,0,0.0
40,S1,H8,loader,29,456.725789,24.0,0.0,53.48,0,0,24.0,1.0,0.0,0,0.0
40,S1,H9,loader,29,134.70578599999976,24.0,0.0,0.0,0,0,24.0,1.0,0.0,0,0.0
41,S1,H4,processor,29,469.046841,24.0,0.0,53.72,0,0,24.0,1.0,0.0,0,0.0
41,S1,H7,loader,29,482.3459982753118,24.0,0.0,53.72,1,0,24.0,1.0,0.0,0,0.0
41,S1,H8,loader,29,456.725789,24.0,0.0,0.0,0,0,24.0,1.0,0.0,0,0.0
42,S1,H3,grapple_skidder,29,475.2776133,24.0,0.0,0.0,0,0,24.0,1.0,0.0,0,0.3
42,S1,H7,loader,29,332.3191473,24.0,0.0,53.72,0,0,24.0,1.0,0.0,0,0.3
42,S1,H8,loader,29,25.041241418770937,24.0,0.0,0.0,1,0,24.0,1.0,0.0,0,0.3
1,S1,H1,feller_buncher,30,854.6348594,24.0,0.0,0.0,0,0,24.0,1.0,0.0,0,0.3
1,S1,H2,feller_buncher,30,909.6350143999999,24.0,0.0,0.0,0,0,24.0,1.0,0.0,0,0.3
2,S1,H1,feller_buncher,30,1220.906942,24.0,0.0,0.0,0,0,24.0,1.0,0.0,0,0.0
2,S1,H2,feller_buncher,30,1164.04956,24.0,0.0,53.72,0,0,24.0,1.0,0.0,0,0.0
2,S1,H3,grapple_skidder,30,678.968019,24.0,0.0,0.0,0,0,24.0,1.0,0.0,0,0.0
3,S1,H1,feller_buncher,30,1176.844281,24.0,0.0,53.48,0,0,24.0,1.0,0.0,0,0.0
3,S1,H2,feller_buncher,30,888.796776,24.0,0.0,53.24,0,0,24.0,1.0,0.0,0,0.0
3,S1,H3,grapple_skidder,30,778.104169,24.0,0.0,53.72,0,0,24.0,1.0,0.0,0,0.0
3,S1,H4,processor,30,547.23705,24.0,0.0,0.0,0,0,24.0,1.0,0.0,0,0.0
4,S1,H1,feller_buncher,30,985.5596620220704,20.0990328715628,3.9009671284371983,0.0,0,0,24.0,0.8374597029817834,3.9009671284371983,1,0.0
4,S1,H2,feller_buncher,30,888.796776,24.0,0.0,0.0,0,0,24.0,1.0,0.0,0,0.0
4,S1,H3,grapple_skidder,30,1332.369187,24.0,0.0,54.68,0,0,24.0,1.0,0.0,0,0.0
4,S1,H4,processor,30,469.046841,24.0,0.0,53.72,0,0,24.0,1.0,0.0,0,0.0
4,S1,H7,loader,30,485.857474,24.0,0.0,0.0,0,0,24.0,1.0,0.0,0,0.0
5,S1,H1,feller_buncher,30,1164.04956,24.0,0.0,54.2,0,0,24.0,1.0,0.0,0,0.0
5,S1,H2,feller_buncher,30,961.553907,24.0,0.0,53.24,0,0,24.0,1.0,0.0,0,0.0
5,S1,H3,grapple_skidder,30,1164.728216,24.0,0.0,53.48,0,0,24.0,1.0,0.0,0,0.0
5,S1,H4,processor,30,531.895933,24.0,0.0,54.68,0,0,24.0,1.0,0.0,0,0.0
6,S1,H1,feller_buncher,30,256.1621419999998,24.0,0.0,53.24,0,0,24.0,1.0,0.0,0,0.0
6,S1,H2,feller_buncher,30,961.553907,24.0,0.0,0.0,0,0,24.0,1.0,0.0,0,0.0
6,S1,H3,grapple_skidder,30,997.6757270220701,24.0,0.0,0.0,1,0,24.0,1.0,0.0,0,0.0
6,S1,H4,processor,30,531.895933,24.0,0.0,0.0,0,0,24.0,1.0,0.0,0,0.0
7,S1,H1,feller_buncher,30,1164.04956,24.0,0.0,53.24,0,0,24.0,1.0,0.0,0,0.0
7,S1,H2,feller_buncher,30,961.553907,24.0,0.0,0.0,0,0,24.0,1.0,0.0,0,0.0
7,S1,H3,grapple_skidder,30,809.624168,24.0,0.0,54.44,0,0,24.0,1.0,0.0,0,0.0
7,S1,H4,processor,30,517.165642,24.0,0.0,53.48,0,0,24.0,1.0,0.0,0,0.0
7,S1,H7,loader,30,802.411354,24.0,0.0,55.4,0,0,24.0,1.0,0.0,0,0.0
8,S1,H1,feller_buncher,30,860.013242,24.0,0.0,53.24,0,0,24.0,1.0,0.0,0,0.0
8,S1,H2,feller_buncher,30,413.7565330000002,24.0,0.0,0.0,0,0,24.0,1.0,0.0,0,0.0
8,S1,H3,grapple_skidder,30,598.233707054833,24.0,0.0,53.24,0,0,24.0,1.0,0.0,0,0.0
8,S1,H4,processor,30,517.165642,24.0,0.0,0.0,0,0,24.0,1.0,0.0,0,0.0
8,S1,H5,processor,30,409.650504,24.0,0.0,0.0,0,0,24.0,1.0,0.0,0,0.0
9,S1,H1,feller_buncher,30,1299.478592,24.0,0.0,53.96,0,0,24.0,1.0,0.0,0,0.0
9,S1,H2,feller_buncher,30,1220.906942,24.0,0.0,55.16,0,0,24.0,1.0,0.0,0,0.0
9,S1,H3,grapple_skidder,30,778.104169,24.0,0.0,0.0,0,0,24.0,1.0,0.0,0,0.0
9,S1,H7,loader,30,687.364703,24.0,0.0,53.48,0,0,24.0,1.0,0.0,0,0.0
10,S1,H1,feller_buncher,30,1299.478592,24.0,0.0,0.0,0,0,24.0,1.0,0.0,0,0.0
10,S1,H2,feller_buncher,30,860.013242,24.0,0.0,54.44,0,0,24.0,1.0,0.0,0,0.0
10,S1,H3,grapple_skidder,30,739.620424,24.0,0.0,53.48,0,0,24.0,1.0,0.0,0,0.0
10,S1,H4,processor,30,517.165642,24.0,0.0,0.0,0,0,24.0,1.0,0.0,0,0.0
10,S1,H5,processor,30,469.046841,24.0,0.0,53.24,0,0,24.0,1.0,0.0,0,0.0
11,S1,H1,feller_buncher,30,614.524337289225,24.0,0.0,0.0,0,0,24.0,1.0,0.0,0,0.0
11,S1,H2,feller_buncher,30,59.00278800000001,24.0,0.0,0.0,0,0,24.0,1.0,0.0,0,0.0
11,S1,H3,grapple_skidder,30,387.1639942809513,20.835213611765077,3.1647863882349228,53.48,0,0,24.0,0.8681339004902116,3.164786388234922,1,0.0
11,S1,H4,processor,30,243.48504749200688,24.0,0.0,54.68,0,0,24.0,1.0,0.0,0,0.0
11,S1,H7,loader,30,687.364703,24.0,0.0,0.0,0,0,24.0,1.0,0.0,0,0.0
12,S1,H1,feller_buncher,30,356.0085949999998,24.0,0.0,0.0,0,0,24.0,1.0,0.0,0,0.0
12,S1,H2,feller_buncher,30,674.603847,24.0,0.0,53.72,0,0,24.0,1.0,0.0,0,0.0
12,S1,H3,grapple_skidder,30,1114.984609684507,20.084246088489113,3.915753911510887,54.68,0,0,24.0,0.8368435870203798,3.915753911510888,1,0.0
12,S1,H4,processor,30,517.165642,24.0,0.0,54.68,0,0,24.0,1.0,0.0,0,0.0
12,S1,H7,loader,30,345.7543138388374,24.0,0.0,54.2,0,0,24.0,1.0,0.0,0,0.0
12,S1,H8,loader,30,243.48504749200688,24.0,0.0,0.0,1,0,24.0,1.0,0.0,0,0.0
13,S1,H1,feller_buncher,30,1164.04956,24.0,0.0,53.72,0,0,24.0,1.0,0.0,0,0.0
13,S1,H2,feller_buncher,30,1194.708925,24.0,0.0,53.96,0,0,24.0,1.0,0.0,0,0.0
13,S1,H3,grapple_skidder,30,809.624168,24.0,0.0,54.92,0,0,24.0,1.0,0.0,0,0.0
13,S1,H4,processor,30,531.895933,24.0,0.0,53.48,0,0,24.0,1.0,0.0,0,0.0
13,S1,H7,loader,30,687.364703,24.0,0.0,54.2,0,0,24.0,1.0,0.0,0,0.0
14,S1,H1,feller_buncher,30,1176.844281,24.0,0.0,54.2,0,0,24.0,1.0,0.0,0,0.0
14,S1,H2,feller_buncher,30,1194.708925,24.0,0.0,0.0,0,0,24.0,1.0,0.0,0,0.0
14,S1,H3,grapple_skidder,30,778.104169,24.0,0.0,53.24,0,0,24.0,1.0,0.0,0,0.0
14,S1,H4,processor,30,531.895933,24.0,0.0,0.0,0,0,24.0,1.0,0.0,0,0.0
14,S1,H5,processor,30,409.650504,24.0,0.0,53.24,0,0,24.0,1.0,0.0,0,0.0
15,S1,H1,feller_buncher,30,1176.844281,24.0,0.0,0.0,0,0,24.0,1.0,0.0,0,0.0
15,S1,H2,feller_buncher,30,1164.04956,24.0,0.0,54.92,0,0,24.0,1.0,0.0,0,0.0
15,S1,H3,grapple_skidder,30,923.199854,24.0,0.0,53.24,0,0,24.0,1.0,0.0,0,0.0
15,S1,H4,processor,30,409.650504,24.0,0.0,54.92,0,0,24.0,1.0,0.0,0,0.0
15,S1,H7,loader,30,620.5851967708841,24.0,0.0,53.48,0,0,24.0,1.0,0.0,0,0.0
16,S1,H1,feller_buncher,30,111.30773800000088,24.0,0.0,0.0,0,0,24.0,1.0,0.0,0,0.0
16,S1,H2,feller_buncher,30,502.7667789999996,24.0,0.0,0.0,0,0,24.0,1.0,0.0,0,0.0
16,S1,H3,grapple_skidder,30,1480.641393,24.0,0.0,54.68,0,0,24.0,1.0,0.0,0,0.0
16,S1,H4,processor,30,319.7700646845069,24.0,0.0,54.92,1,0,24.0,1.0,0.0,0,0.0
16,S1,H5,processor,30,395.784917,24.0,0.0,53.48,0,0,24.0,1.0,0.0,0,0.0
16,S1,H7,loader,30,313.70259447293853,24.0,0.0,54.92,0,0,24.0,1.0,0.0,0,0.0
17,S1,H1,feller_buncher,30,576.960683,24.0,0.0,53.72,0,0,24.0,1.0,0.0,0,0.0
17,S1,H2,feller_buncher,30,787.363583,24.0,0.0,54.44,0,0,24.0,1.0,0.0,0,0.0
17,S1,H3,grapple_skidder,30,674.603847,24.0,0.0,53.96,0,0,24.0,1.0,0.0,0,0.0
17,S1,H4,processor,30,340.41960645188436,24.0,0.0,53.24,0,0,24.0,1.0,0.0,0,0.0
17,S1,H5,processor,30,395.784917,24.0,0.0,0.0,0,0,24.0,1.0,0.0,0,0.0
17,S1,H6,processor,30,469.046841,24.0,0.0,0.0,0,0,24.0,1.0,0.0,0,0.0
17,S1,H7,loader,30,314.6795988239051,24.0,0.0,0.0,0,0,24.0,1.0,0.0,0,0.0
17,S1,H8,loader,30,802.411354,24.0,0.0,55.16,0,0,24.0,1.0,0.0,0,0.0
18,S1,H1,feller_buncher,30,1220.906942,24.0,0.0,54.2,0,0,24.0,1.0,0.0,0,0.0
18,S1,H2,feller_buncher,30,290.34519735124724,24.0,0.0,0.0,0,0,24.0,1.0,0.0,0,0.0
18,S1,H3,grapple_skidder,30,1164.728216,24.0,0.0,53.24,0,0,24.0,1.0,0.0,0,0.0
18,S1,H4,processor,30,569.826226,24.0,0.0,0.0,0,0,24.0,1.0,0.0,0,0.0
18,S1,H5,processor,30,456.082335,24.0,0.0,53.72,0,0,24.0,1.0,0.0,0,0.0
18,S1,H7,loader,30,474.741639,24.0,0.0,53.24,0,0,24.0,1.0,0.0,0,0.0
18,S1,H8,loader,30,456.725789,24.0,0.0,54.44,0,0,24.0,1.0,0.0,0,0.0
19,S1,H1,feller_buncher,30,846.9540880259594,20.065886578133476,3.934113421866524,0.0,0,0,24.0,0.8360786074222282,3.9341134218665226,1,0.0
19,S1,H2,feller_buncher,30,680.207863,24.0,0.0,53.72,0,0,24.0,1.0,0.0,0,0.0
19,S1,H3,grapple_skidder,30,1077.7087803512472,24.0,0.0,53.24,1,0,24.0,1.0,0.0,0,0.0
19,S1,H4,processor,30,517.165642,24.0,0.0,53.72,0,0,24.0,1.0,0.0,0,0.0
19,S1,H5,processor,30,218.52151199999997,24.0,0.0,0.0,0,0,24.0,1.0,0.0,0,0.0
19,S1,H6,processor,30,469.046841,24.0,0.0,0.0,0,0,24.0,1.0,0.0,0,0.0
19,S1,H7,loader,30,910.2458324518843,24.0,0.0,54.92,1,0,24.0,1.0,0.0,0,0.0
20,S1,H1,feller_buncher,30,1194.708925,24.0,0.0,53.24,0,0,24.0,1.0,0.0,0,0.0
20,S1,H2,feller_buncher,30,364.89843800000006,24.0,0.0,0.0,0,0,24.0,1.0,0.0,0,0.0
20,S1,H3,grapple_skidder,30,1332.369187,24.0,0.0,53.24,0,0,24.0,1.0,0.0,0,0.0
20,S1,H4,processor,30,517.165642,24.0,0.0,0.0,0,0,24.0,1.0,0.0,0,0.0
20,S1,H5,processor,30,469.046841,24.0,0.0,53.96,0,0,24.0,1.0,0.0,0,0.0
20,S1,H6,processor,30,441.264891,24.0,0.0,54.44,0,0,24.0,1.0,0.0,0,0.0
20,S1,H7,loader,30,674.603847,24.0,0.0,53.96,0,0,24.0,1.0,0.0,0,0.0
21,S1,H3,grapple_skidder,30,739.620424,24.0,0.0,55.16,0,0,24.0,1.0,0.0,0,0.0
21,S1,H4,processor,30,531.895933,24.0,0.0,53.48,0,0,24.0,1.0,0.0,0,0.0
21,S1,H5,processor,30,469.046841,24.0,0.0,0.0,0,0,24.0,1.0,0.0,0,0.0
21,S1,H6,processor,30,441.264891,24.0,0.0,0.0,0,0,24.0,1.0,0.0,0,0.0
21,S1,H7,loader,30,687.364703,24.0,0.0,53.24,0,0,24.0,1.0,0.0,0,0.0
22,S1,H3,grapple_skidder,30,1480.641393,24.0,0.0,55.4,0,0,24.0,1.0,0.0,0,0.0
22,S1,H4,processor,30,470.6944869030646,21.238492315513813,2.7615076844861868,0.0,0,0,24.0,0.8849371798130755,2.761507684486186,1,0.0
22,S1,H5,processor,30,481.329283,24.0,0.0,53.48,0,0,24.0,1.0,0.0,0,0.0
22,S1,H6,processor,30,469.046841,24.0,0.0,54.44,0,0,24.0,1.0,0.0,0,0.0
22,S1,H7,loader,30,733.483855,24.0,0.0,53.24,0,0,24.0,1.0,0.0,0,0.0
23,S1,H3,grapple_skidder,30,1164.728216,24.0,0.0,53.72,0,0,24.0,1.0,0.0,0,0.0
23,S1,H4,processor,30,569.826226,24.0,0.0,53.24,0,0,24.0,1.0,0.0,0,0.0
23,S1,H5,processor,30,481.329283,24.0,0.0,0.0,0,0,24.0,1.0,0.0,0,0.0
23,S1,H6,processor,30,36.382321335784695,24.0,0.0,0.0,1,0,24.0,1.0,0.0,0,0.0
23,S1,H7,loader,30,802.411354,24.0,0.0,53.24,0,0,24.0,1.0,0.0,0,0.0
24,S1,H3,grapple_skidder,30,739.620424,24.0,0.0,54.68,0,0,24.0,1.0,0.0,0,0.0
24,S1,H4,processor,30,569.826226,24.0,0.0,0.0,0,0,24.0,1.0,0.0,0,0.0
24,S1,H5,processor,30,517.165642,24.0,0.0,54.68,0,0,24.0,1.0,0.0,0,0.0
24,S1,H6,processor,30,195.17899835124723,24.0,0.0,54.44,1,0,24.0,1.0,0.0,0,0.0
24,S1,H7,loader,30,328.1148792368415,24.0,0.0,54.68,0,0,24.0,1.0,0.0,0,0.0
25,S1,H3,grapple_skidder,30,1332.369187,24.0,0.0,55.16,0,0,24.0,1.0,0.0,0,0.0
25,S1,H4,processor,30,481.329283,24.0,0.0,55.4,0,0,24.0,1.0,0.0,0,0.0
25,S1,H5,processor,30,517.165642,24.0,0.0,0.0,0,0,24.0,1.0,0.0,0,0.0
25,S1,H7,loader,30,474.741639,24.0,0.0,0.0,0,0,24.0,1.0,0.0,0,0.0
25,S1,H8,loader,30,344.22492535124724,24.0,0.0,54.2,1,0,24.0,1.0,0.0,0,0.0
25,S1,H9,loader,30,937.184825,24.0,0.0,0.0,0,0,24.0,1.0,0.0,0,0.0
26,S1,H3,grapple_skidder,30,544.6729182999999,24.0,0.0,54.68,0,0,24.0,1.0,0.0,0,0.3
26,S1,H4,processor,30,398.8783582,24.0,0.0,55.4,0,0,24.0,1.0,0.0,0,0.3
26,S1,H5,processor,30,372.3271531,24.0,0.0,53.48,0,0,24.0,1.0,0.0,0,0.3
26,S1,H7,loader,30,481.15529209999994,24.0,0.0,54.2,0,0,24.0,1.0,0.0,0,0.3
26,S1,H8,loader,30,258.48904533476826,19.609042069351663,4.390957930648337,54.92,0,0,24.0,0.8170434195563193,4.390957930648336,1,0.3
27,S1,H3,grapple_skidder,30,135.53986800000075,24.0,0.0,54.2,1,0,24.0,1.0,0.0,0,0.0
27,S1,H4,processor,30,469.046841,24.0,0.0,54.92,0,0,24.0,1.0,0.0,0,0.0
27,S1,H5,processor,30,531.895933,24.0,0.0,0.0,0,0,24.0,1.0,0.0,0,0.0
27,S1,H7,loader,30,601.3459852,24.0,0.0,53.72,1,0,24.0,1.0,0.0,0,0.0
27,S1,H8,loader,30,451.958924,24.0,0.0,0.0,0,0,24.0,1.0,0.0,0,0.0
28,S1,H1,feller_buncher,30,1194.708925,24.0,0.0,0.0,0,0,24.0,1.0,0.0,0,0.0
28,S1,H3,grapple_skidder,30,1045.106301,24.0,0.0,53.48,0,0,24.0,1.0,0.0,0,0.0
28,S1,H4,processor,30,490.0751070220706,24.0,0.0,54.2,1,0,24.0,1.0,0.0,0,0.0
28,S1,H7,loader,30,802.411354,24.0,0.0,53.24,0,0,24.0,1.0,0.0,0,0.0
28,S1,H8,loader,30,474.741639,24.0,0.0,53.48,0,0,24.0,1.0,0.0,0,0.0
28,S1,H9,loader,30,339.2479266473343,18.01480136176274,5.985198638237261,55.4,0,0,24.0,0.7506167234067808,5.985198638237262,1,0.0
29,S1,H3,grapple_skidder,30,739.620424,24.0,0.0,54.2,0,0,24.0,1.0,0.0,0,0.0
29,S1,H4,processor,30,430.907382,24.0,0.0,53.48,0,0,24.0,1.0,0.0,0,0.0
29,S1,H5,processor,30,531.895933,24.0,0.0,0.0,0,0,24.0,1.0,0.0,0,0.0
29,S1,H7,loader,30,384.95913967944153,24.0,0.0,53.48,0,0,24.0,1.0,0.0,0,0.0
29,S1,H8,loader,30,474.741639,24.0,0.0,0.0,0,0,24.0,1.0,0.0,0,0.0
30,S1,H3,grapple_skidder,30,1036.4489751,24.0,0.0,55.4,0,0,24.0,1.0,0.0,0,0.3
30,S1,H4,processor,30,0.0,24.0,0.0,53.48,1,0,24.0,1.0,0.0,0,0.3
30,S1,H5,processor,30,336.93049809999997,24.0,0.0,55.16,0,0,24.0,1.0,0.0,0,0.3
30,S1,H6,processor,30,301.63516739999994,24.0,0.0,53.72,0,0,24.0,1.0,0.0,0,0.3
30,S1,H7,loader,30,561.6879478,24.0,0.0,53.48,0,0,24.0,1.0,0.0,0,0.3
30,S1,H8,loader,30,332.3191473,24.0,0.0,0.0,0,0,24.0,1.0,0.0,0,0.3
31,S1,H3,grapple_skidder,30,252.217602741453,24.0,0.0,53.24,1,0,24.0,1.0,0.0,0,0.0
31,S1,H4,processor,30,569.826226,24.0,0.0,53.72,0,0,24.0,1.0,0.0,0,0.0
31,S1,H5,processor,30,481.329283,24.0,0.0,0.0,0,0,24.0,1.0,0.0,0,0.0
31,S1,H6,processor,30,183.29153700000006,24.0,0.0,0.0,0,0,24.0,1.0,0.0,0,0.0
31,S1,H7,loader,30,687.364703,24.0,0.0,53.48,0,0,24.0,1.0,0.0,0,0.0
31,S1,H8,loader,30,474.741639,24.0,0.0,0.0,0,0,24.0,1.0,0.0,0,0.0
32,S1,H3,grapple_skidder,30,778.104169,24.0,0.0,54.68,0,0,24.0,1.0,0.0,0,0.0
32,S1,H4,processor,30,569.826226,24.0,0.0,0.0,0,0,24.0,1.0,0.0,0,0.0
32,S1,H5,processor,30,478.24653773838827,24.0,0.0,55.16,1,0,24.0,1.0,0.0,0,0.0
32,S1,H7,loader,30,7.131940999999415,24.0,0.0,0.0,0,0,24.0,1.0,0.0,0,0.0
32,S1,H8,loader,30,558.398094,24.0,0.0,53.72,0,0,24.0,1.0,0.0,0,0.0
32,S1,H9,loader,30,451.958924,24.0,0.0,0.0,0,0,24.0,1.0,0.0,0,0.0
33,S1,H3,grapple_skidder,30,576.960683,24.0,0.0,53.48,0,0,24.0,1.0,0.0,0,0.0
33,S1,H4,processor,30,0.0,24.0,0.0,53.24,1,0,24.0,1.0,0.0,0,0.0
33,S1,H5,processor,30,469.046841,24.0,0.0,54.68,0,0,24.0,1.0,0.0,0,0.0
33,S1,H7,loader,30,937.184825,24.0,0.0,53.72,0,0,24.0,1.0,0.0,0,0.0
33,S1,H8,loader,30,357.4359923999999,24.0,0.0,0.0,1,0,24.0,1.0,0.0,0,0.0
33,S1,H9,loader,30,451.958924,24.0,0.0,0.0,0,0,24.0,1.0,0.0,0,0.0
34,S1,H1,feller_buncher,30,140.55055100000027,24.0,0.0,0.0,0,0,24.0,1.0,0.0,0,0.0
34,S1,H3,grapple_skidder,30,414.50735799999984,24.0,0.0,53.72,0,0,24.0,1.0,0.0,0,0.0
34,S1,H4,processor,30,311.46848180553735,24.0,0.0,54.2,0,0,24.0,1.0,0.0,0,0.0
34,S1,H5,processor,30,384.6834052999999,24.0,0.0,0.0,1,0,24.0,1.0,0.0,0,0.0
34,S1,H7,loader,30,802.411354,24.0,0.0,53.24,0,0,24.0,1.0,0.0,0,0.0
35,S1,H3,grapple_skidder,30,477.4620719999998,24.0,0.0,55.16,0,0,24.0,1.0,0.0,0,0.0
35,S1,H4,processor,30,148.20937800000002,24.0,0.0,0.0,0,0,24.0,1.0,0.0,0,0.0
35,S1,H5,processor,30,409.650504,24.0,0.0,53.24,0,0,24.0,1.0,0.0,0,0.0
35,S1,H7,loader,30,169.97985885507615,24.0,0.0,0.0,1,0,24.0,1.0,0.0,0,0.0
35,S1,H8,loader,30,361.32840673587634,24.0,0.0,53.72,0,0,24.0,1.0,0.0,0,0.0
36,S1,H3,grapple_skidder,30,855.829418,24.0,0.0,54.68,0,0,24.0,1.0,0.0,0,0.0
36,S1,H4,processor,30,569.826226,24.0,0.0,54.44,0,0,24.0,1.0,0.0,0,0.0
36,S1,H5,processor,30,395.15367800000007,24.0,0.0,0.0,0,0,24.0,1.0,0.0,0,0.0
36,S1,H7,loader,30,459.67785980553737,24.0,0.0,54.2,1,0,24.0,1.0,0.0,0,0.0
36,S1,H8,loader,30,294.7906074118858,24.0,0.0,0.0,0,0,24.0,1.0,0.0,0,0.0
37,S1,H3,grapple_skidder,30,237.95559060000036,24.0,0.0,53.72,0,0,24.0,1.0,0.0,0,0.3
37,S1,H4,processor,30,252.54351009999934,24.0,0.0,0.0,0,0,24.0,1.0,0.0,0,0.3
37,S1,H5,processor,30,277.0494419,24.0,0.0,53.48,0,0,24.0,1.0,0.0,0,0.3
37,S1,H7,loader,30,0.0,24.0,0.0,0.0,1,0,24.0,1.0,0.0,0,0.3
37,S1,H8,loader,30,297.1037937,24.0,0.0,53.24,0,0,24.0,1.0,0.0,0,0.3
38,S1,H3,grapple_skidder,30,778.104169,24.0,0.0,53.48,0,0,24.0,1.0,0.0,0,0.0
38,S1,H4,processor,30,410.442556,24.0,0.0,55.4,0,0,24.0,1.0,0.0,0,0.0
38,S1,H5,processor,30,395.784917,24.0,0.0,0.0,0,0,24.0,1.0,0.0,0,0.0
38,S1,H7,loader,30,937.184825,24.0,0.0,54.44,0,0,24.0,1.0,0.0,0,0.0
38,S1,H8,loader,30,424.433991,24.0,0.0,0.0,0,0,24.0,1.0,0.0,0,0.0
39,S1,H3,grapple_skidder,30,678.968019,24.0,0.0,53.72,0,0,24.0,1.0,0.0,0,0.0
39,S1,H4,processor,30,469.046841,24.0,0.0,53.48,0,0,24.0,1.0,0.0,0,0.0
39,S1,H5,processor,30,195.88960400000013,24.0,0.0,0.0,0,0,24.0,1.0,0.0,0,0.0
39,S1,H7,loader,30,87.65253809999922,24.0,0.0,0.0,1,0,24.0,1.0,0.0,0,0.0
39,S1,H8,loader,30,336.0197300000002,24.0,0.0,0.0,0,0,24.0,1.0,0.0,0,0.0
39,S1,H9,loader,30,451.958924,24.0,0.0,0.0,0,0,24.0,1.0,0.0,0,0.0
40,S1,H4,processor,30,547.23705,24.0,0.0,53.72,0,0,24.0,1.0,0.0,0,0.0
40,S1,H7,loader,30,474.741639,24.0,0.0,54.92,0,0,24.0,1.0,0.0,0,0.0
40,S1,H8,loader,30,456.725789,24.0,0.0,53.48,0,0,24.0,1.0,0.0,0,0.0
40,S1,H9,loader,30,90.11841508087869,24.0,0.0,0.0,0,0,24.0,1.0,0.0,0,0.0
41,S1,H4,processor,30,309.057328,24.0,0.0,53.72,1,0,24.0,1.0,0.0,0,0.0
41,S1,H7,loader,30,485.857474,24.0,0.0,53.72,0,0,24.0,1.0,0.0,0,0.0
41,S1,H8,loader,30,456.725789,24.0,0.0,0.0,0,0,24.0,1.0,0.0,0,0.0
42,S1,H3,grapple_skidder,30,678.968019,24.0,0.0,0.0,0,0,24.0,1.0,0.0,0,0.0
42,S1,H7,loader,30,474.741639,24.0,0.0,53.72,0,0,24.0,1.0,0.0,0,0.0
42,S1,H8,loader,30,290.1164299,24.0,0.0,0.0,1,0,24.0,1.0,0.0,0,0.0
1,S1,H1,feller_buncher,31,1220.906942,24.0,0.0,0.0,0,0,24.0,1.0,0.0,0,0.0
1,S1,H2,feller_buncher,31,1299.478592,24.0,0.0,0.0,0,0,24.0,1.0,0.0,0,0.0
2,S1,H1,feller_buncher,31,1220.906942,24.0,0.0,0.0,0,0,24.0,1.0,0.0,0,0.0
2,S1,H2,feller_buncher,31,1164.04956,24.0,0.0,53.72,0,0,24.0,1.0,0.0,0,0.0
2,S1,H3,grapple_skidder,31,678.968019,24.0,0.0,0.0,0,0,24.0,1.0,0.0,0,0.0
3,S1,H1,feller_buncher,31,1176.844281,24.0,0.0,53.48,0,0,24.0,1.0,0.0,0,0.0
3,S1,H2,feller_buncher,31,888.796776,24.0,0.0,53.24,0,0,24.0,1.0,0.0,0,0.0
3,S1,H3,grapple_skidder,31,778.104169,24.0,0.0,53.72,0,0,24.0,1.0,0.0,0,0.0
3,S1,H4,processor,31,547.23705,24.0,0.0,0.0,0,0,24.0,1.0,0.0,0,0.0
4,S1,H1,feller_buncher,31,1176.844281,24.0,0.0,0.0,0,0,24.0,1.0,0.0,0,0.0
4,S1,H2,feller_buncher,31,888.796776,24.0,0.0,0.0,0,0,24.0,1.0,0.0,0,0.0
4,S1,H3,grapple_skidder,31,1332.369187,24.0,0.0,54.68,0,0,24.0,1.0,0.0,0,0.0
4,S1,H4,processor,31,469.046841,24.0,0.0,53.72,0,0,24.0,1.0,0.0,0,0.0
4,S1,H7,loader,31,485.857474,24.0,0.0,0.0,0,0,24.0,1.0,0.0,0,0.0
5,S1,H1,feller_buncher,31,911.5300647044545,18.79363414123614,5.20636585876386,54.2,0,0,24.0,0.7830680892181725,5.206365858763858,1,0.0
5,S1,H2,feller_buncher,31,961.553907,24.0,0.0,53.24,0,0,24.0,1.0,0.0,0,0.0
5,S1,H3,grapple_skidder,31,1164.728216,24.0,0.0,53.48,0,0,24.0,1.0,0.0,0,0.0
5,S1,H4,processor,31,531.895933,24.0,0.0,54.68,0,0,24.0,1.0,0.0,0,0.0
6,S1,H1,feller_buncher,31,256.1621419999998,24.0,0.0,53.24,0,0,24.0,1.0,0.0,0,0.0
6,S1,H2,feller_buncher,31,961.553907,24.0,0.0,0.0,0,0,24.0,1.0,0.0,0,0.0
6,S1,H3,grapple_skidder,31,1164.728216,24.0,0.0,0.0,0,0,24.0,1.0,0.0,0,0.0
6,S1,H4,processor,31,304.189972205803,24.0,0.0,0.0,0,0,24.0,1.0,0.0,0,0.0
7,S1,H1,feller_buncher,31,1164.04956,24.0,0.0,53.24,0,0,24.0,1.0,0.0,0,0.0
7,S1,H2,feller_buncher,31,961.553907,24.0,0.0,0.0,0,0,24.0,1.0,0.0,0,0.0
7,S1,H3,grapple_skidder,31,809.624168,24.0,0.0,54.44,0,0,24.0,1.0,0.0,0,0.0
7,S1,H4,processor,31,517.165642,24.0,0.0,53.48,0,0,24.0,1.0,0.0,0,0.0
7,S1,H7,loader,31,802.411354,24.0,0.0,55.4,0,0,24.0,1.0,0.0,0,0.0
8,S1,H1,feller_buncher,31,860.013242,24.0,0.0,53.24,0,0,24.0,1.0,0.0,0,0.0
8,S1,H2,feller_buncher,31,413.7565330000002,24.0,0.0,0.0,0,0,24.0,1.0,0.0,0,0.0
8,S1,H3,grapple_skidder,31,778.104169,24.0,0.0,53.24,0,0,24.0,1.0,0.0,0,0.0
8,S1,H4,processor,31,517.165642,24.0,0.0,0.0,0,0,24.0,1.0,0.0,0,0.0
8,S1,H5,processor,31,409.650504,24.0,0.0,0.0,0,0,24.0,1.0,0.0,0,0.0
9,S1,H1,feller_buncher,31,1299.478592,24.0,0.0,53.96,0,0,24.0,1.0,0.0,0,0.0
9,S1,H2,feller_buncher,31,1220.906942,24.0,0.0,55.16,0,0,24.0,1.0,0.0,0,0.0
9,S1,H3,grapple_skidder,31,778.104169,24.0,0.0,0.0,0,0,24.0,1.0,0.0,0,0.0
9,S1,H7,loader,31,687.364703,24.0,0.0,53.48,0,0,24.0,1.0,0.0,0,0.0
10,S1,H1,feller_buncher,31,1299.478592,24.0,0.0,0.0,0,0,24.0,1.0,0.0,0,0.0
10,S1,H2,feller_buncher,31,860.013242,24.0,0.0,54.44,0,0,24.0,1.0,0.0,0,0.0
10,S1,H3,grapple_skidder,31,739.620424,24.0,0.0,53.48,0,0,24.0,1.0,0.0,0,0.0
10,S1,H4,processor,31,517.165642,24.0,0.0,0.0,0,0,24.0,1.0,0.0,0,0.0
10,S1,H5,processor,31,469.046841,24.0,0.0,53.24,0,0,24.0,1.0,0.0,0,0.0
11,S1,H1,feller_buncher,31,909.6350143999999,24.0,0.0,0.0,0,0,24.0,1.0,0.0,0,0.3
11,S1,H2,feller_buncher,31,41.3019516,24.0,0.0,0.0,0,0,24.0,1.0,0.0,0,0.3
11,S1,H3,grapple_skidder,31,544.6729182999999,24.0,0.0,53.48,0,0,24.0,1.0,0.0,0,0.3
11,S1,H4,processor,31,336.93049809999997,24.0,0.0,54.68,0,0,24.0,1.0,0.0,0,0.3
11,S1,H7,loader,31,481.15529209999994,24.0,0.0,0.0,0,0,24.0,1.0,0.0,0,0.3
12,S1,H1,feller_buncher,31,159.80892894000795,24.0,0.0,0.0,0,0,24.0,1.0,0.0,0,0.3
12,S1,H2,feller_buncher,31,472.22269289999997,24.0,0.0,53.72,0,0,24.0,1.0,0.0,0,0.3
12,S1,H3,grapple_skidder,31,932.6584309,24.0,0.0,54.68,0,0,24.0,1.0,0.0,0,0.3
12,S1,H4,processor,31,362.0159494,24.0,0.0,54.68,0,0,24.0,1.0,0.0,0,0.3
12,S1,H7,loader,31,332.3191473,24.0,0.0,54.2,0,0,24.0,1.0,0.0,0,0.3
12,S1,H8,loader,31,316.3712468,24.0,0.0,0.0,0,0,24.0,1.0,0.0,0,0.3
13,S1,H1,feller_buncher,31,445.1620069313914,24.0,0.0,53.72,0,0,24.0,1.0,0.0,0,0.3
13,S1,H2,feller_buncher,31,836.2962474999999,24.0,0.0,53.96,0,0,24.0,1.0,0.0,0,0.3
13,S1,H3,grapple_skidder,31,566.7369176,24.0,0.0,54.92,0,0,24.0,1.0,0.0,0,0.3
13,S1,H4,processor,31,372.3271531,24.0,0.0,53.48,0,0,24.0,1.0,0.0,0,0.3
13,S1,H7,loader,31,481.15529209999994,24.0,0.0,54.2,0,0,24.0,1.0,0.0,0,0.3
14,S1,H1,feller_buncher,31,1176.844281,24.0,0.0,54.2,0,0,24.0,1.0,0.0,0,0.0
14,S1,H2,feller_buncher,31,1194.708925,24.0,0.0,0.0,0,0,24.0,1.0,0.0,0,0.0
14,S1,H3,grapple_skidder,31,778.104169,24.0,0.0,53.24,0,0,24.0,1.0,0.0,0,0.0
14,S1,H4,processor,31,531.895933,24.0,0.0,0.0,0,0,24.0,1.0,0.0,0,0.0
14,S1,H5,processor,31,341.7543640540966,20.02220101576713,3.9777989842328694,53.24,0,0,24.0,0.8342583756569638,3.9777989842328694,1,0.0
15,S1,H1,feller_buncher,31,1176.844281,24.0,0.0,0.0,0,0,24.0,1.0,0.0,0,0.0
15,S1,H2,feller_buncher,31,1164.04956,24.0,0.0,54.92,0,0,24.0,1.0,0.0,0,0.0
15,S1,H3,grapple_skidder,31,923.199854,24.0,0.0,53.24,0,0,24.0,1.0,0.0,0,0.0
15,S1,H4,processor,31,409.650504,24.0,0.0,54.92,0,0,24.0,1.0,0.0,0,0.0
15,S1,H7,loader,31,802.411354,24.0,0.0,53.48,0,0,24.0,1.0,0.0,0,0.0
16,S1,H1,feller_buncher,31,111.30773800000088,24.0,0.0,0.0,0,0,24.0,1.0,0.0,0,0.0
16,S1,H2,feller_buncher,31,502.7667789999996,24.0,0.0,0.0,0,0,24.0,1.0,0.0,0,0.0
16,S1,H3,grapple_skidder,31,1480.641393,24.0,0.0,54.68,0,0,24.0,1.0,0.0,0,0.0
16,S1,H4,processor,31,524.7186265941971,24.0,0.0,54.92,1,0,24.0,1.0,0.0,0,0.0
16,S1,H5,processor,31,395.784917,24.0,0.0,53.48,0,0,24.0,1.0,0.0,0,0.0
16,S1,H7,loader,31,424.433991,24.0,0.0,54.92,0,0,24.0,1.0,0.0,0,0.0
17,S1,H1,feller_buncher,31,576.960683,24.0,0.0,53.72,0,0,24.0,1.0,0.0,0,0.0
17,S1,H2,feller_buncher,31,429.4163931650084,19.548049191209742,4.451950808790258,54.44,0,0,24.0,0.8145020496337393,4.451950808790256,1,0.0
17,S1,H3,grapple_skidder,31,472.22269289999997,24.0,0.0,53.96,1,0,24.0,1.0,0.0,0,0.0
17,S1,H4,processor,31,569.826226,24.0,0.0,53.24,0,0,24.0,1.0,0.0,0,0.0
17,S1,H5,processor,31,395.784917,24.0,0.0,0.0,0,0,24.0,1.0,0.0,0,0.0
17,S1,H6,processor,31,469.046841,24.0,0.0,0.0,0,0,24.0,1.0,0.0,0,0.0
17,S1,H7,loader,31,424.433991,24.0,0.0,0.0,0,0,24.0,1.0,0.0,0,0.0
17,S1,H8,loader,31,660.2049099000002,24.0,0.0,55.16,1,0,24.0,1.0,0.0,0,0.0
18,S1,H1,feller_buncher,31,1220.906942,24.0,0.0,54.2,0,0,24.0,1.0,0.0,0,0.0
18,S1,H2,feller_buncher,31,486.3476200000001,24.0,0.0,0.0,0,0,24.0,1.0,0.0,0,0.0
18,S1,H3,grapple_skidder,31,1164.728216,24.0,0.0,53.24,0,0,24.0,1.0,0.0,0,0.0
18,S1,H4,processor,31,569.826226,24.0,0.0,0.0,0,0,24.0,1.0,0.0,0,0.0
18,S1,H5,processor,31,456.082335,24.0,0.0,53.72,0,0,24.0,1.0,0.0,0,0.0
18,S1,H7,loader,31,474.741639,24.0,0.0,53.24,0,0,24.0,1.0,0.0,0,0.0
18,S1,H8,loader,31,456.725789,24.0,0.0,54.44,0,0,24.0,1.0,0.0,0,0.0
19,S1,H1,feller_buncher,31,1013.0077249999999,24.0,0.0,0.0,0,0,24.0,1.0,0.0,0,0.0
19,S1,H2,feller_buncher,31,680.207863,24.0,0.0,53.72,0,0,24.0,1.0,0.0,0,0.0
19,S1,H3,grapple_skidder,31,915.7640131650085,24.0,0.0,53.24,1,0,24.0,1.0,0.0,0,0.0
19,S1,H4,processor,31,517.165642,24.0,0.0,53.72,0,0,24.0,1.0,0.0,0,0.0
19,S1,H5,processor,31,16.14035789999997,19.519440988043897,4.480559011956103,0.0,1,0,24.0,0.8133100411684957,4.480559011956104,1,0.0
19,S1,H6,processor,31,469.046841,24.0,0.0,0.0,0,0,24.0,1.0,0.0,0,0.0
19,S1,H7,loader,31,721.2709555778735,24.0,0.0,54.92,0,0,24.0,1.0,0.0,0,0.0
20,S1,H1,feller_buncher,31,1194.708925,24.0,0.0,53.24,0,0,24.0,1.0,0.0,0,0.0
20,S1,H2,feller_buncher,31,364.89843800000006,24.0,0.0,0.0,0,0,24.0,1.0,0.0,0,0.0
20,S1,H3,grapple_skidder,31,1332.369187,24.0,0.0,53.24,0,0,24.0,1.0,0.0,0,0.0
20,S1,H4,processor,31,517.165642,24.0,0.0,0.0,0,0,24.0,1.0,0.0,0,0.0
20,S1,H5,processor,31,469.046841,24.0,0.0,53.96,0,0,24.0,1.0,0.0,0,0.0
20,S1,H6,processor,31,441.264891,24.0,0.0,54.44,0,0,24.0,1.0,0.0,0,0.0
20,S1,H7,loader,31,472.22269289999997,24.0,0.0,53.96,1,0,24.0,1.0,0.0,0,0.0
21,S1,H3,grapple_skidder,31,739.620424,24.0,0.0,55.16,0,0,24.0,1.0,0.0,0,0.0
21,S1,H4,processor,31,531.895933,24.0,0.0,53.48,0,0,24.0,1.0,0.0,0,0.0
21,S1,H5,processor,31,469.046841,24.0,0.0,0.0,0,0,24.0,1.0,0.0,0,0.0
21,S1,H6,processor,31,312.23764563437186,24.0,0.0,0.0,0,0,24.0,1.0,0.0,0,0.0
21,S1,H7,loader,31,687.364703,24.0,0.0,53.24,0,0,24.0,1.0,0.0,0,0.0
22,S1,H3,grapple_skidder,31,1480.641393,24.0,0.0,55.4,0,0,24.0,1.0,0.0,0,0.0
22,S1,H4,processor,31,531.895933,24.0,0.0,0.0,0,0,24.0,1.0,0.0,0,0.0
22,S1,H5,processor,31,481.329283,24.0,0.0,53.48,0,0,24.0,1.0,0.0,0,0.0
22,S1,H6,processor,31,469.046841,24.0,0.0,54.44,0,0,24.0,1.0,0.0,0,0.0
22,S1,H7,loader,31,733.483855,24.0,0.0,53.24,0,0,24.0,1.0,0.0,0,0.0
23,S1,H3,grapple_skidder,31,979.9594738258148,20.192717106648644,3.8072828933513563,53.72,0,0,24.0,0.8413632127770269,3.807282893351356,1,0.0
23,S1,H4,processor,31,569.826226,24.0,0.0,53.24,0,0,24.0,1.0,0.0,0,0.0
23,S1,H5,processor,31,481.329283,24.0,0.0,0.0,0,0,24.0,1.0,0.0,0,0.0
23,S1,H6,processor,31,373.76170730000035,24.0,0.0,0.0,1,0,24.0,1.0,0.0,0,0.0
23,S1,H7,loader,31,802.411354,24.0,0.0,53.24,0,0,24.0,1.0,0.0,0,0.0
24,S1,H3,grapple_skidder,31,739.620424,24.0,0.0,54.68,0,0,24.0,1.0,0.0,0,0.0
24,S1,H4,processor,31,569.826226,24.0,0.0,0.0,0,0,24.0,1.0,0.0,0,0.0
24,S1,H5,processor,31,517.165642,24.0,0.0,54.68,0,0,24.0,1.0,0.0,0,0.0
24,S1,H6,processor,31,162.26147653063663,24.0,0.0,54.44,1,0,24.0,1.0,0.0,0,0.0
24,S1,H7,loader,31,474.741639,24.0,0.0,54.68,0,0,24.0,1.0,0.0,0,0.0
25,S1,H3,grapple_skidder,31,1332.369187,24.0,0.0,55.16,0,0,24.0,1.0,0.0,0,0.0
25,S1,H4,processor,31,481.329283,24.0,0.0,55.4,0,0,24.0,1.0,0.0,0,0.0
25,S1,H5,processor,31,282.2228952755245,24.0,0.0,0.0,0,0,24.0,1.0,0.0,0,0.0
25,S1,H7,loader,31,474.741639,24.0,0.0,0.0,0,0,24.0,1.0,0.0,0,0.0
25,S1,H8,loader,31,182.28015816500852,24.0,0.0,54.2,1,0,24.0,1.0,0.0,0,0.0
25,S1,H9,loader,31,937.184825,24.0,0.0,0.0,0,0,24.0,1.0,0.0,0,0.0
26,S1,H3,grapple_skidder,31,778.104169,24.0,0.0,54.68,0,0,24.0,1.0,0.0,0,0.0
26,S1,H4,processor,31,569.826226,24.0,0.0,55.4,0,0,24.0,1.0,0.0,0,0.0
26,S1,H5,processor,31,531.895933,24.0,0.0,53.48,0,0,24.0,1.0,0.0,0,0.0
26,S1,H7,loader,31,687.364703,24.0,0.0,54.2,0,0,24.0,1.0,0.0,0,0.0
26,S1,H8,loader,31,451.958924,24.0,0.0,54.92,0,0,24.0,1.0,0.0,0,0.0
27,S1,H3,grapple_skidder,31,131.2547080240486,19.7163021806685,4.2836978193315005,54.2,0,0,24.0,0.8215125908611874,4.283697819331502,1,0.0
27,S1,H4,processor,31,469.046841,24.0,0.0,54.92,0,0,24.0,1.0,0.0,0,0.0
27,S1,H5,processor,31,531.895933,24.0,0.0,0.0,0,0,24.0,1.0,0.0,0,0.0
27,S1,H7,loader,31,937.184825,24.0,0.0,53.72,0,0,24.0,1.0,0.0,0,0.0
27,S1,H8,loader,31,451.958924,24.0,0.0,0.0,0,0,24.0,1.0,0.0,0,0.0
28,S1,H1,feller_buncher,31,1194.708925,24.0,0.0,0.0,0,0,24.0,1.0,0.0,0,0.0
28,S1,H3,grapple_skidder,31,1045.106301,24.0,0.0,53.48,0,0,24.0,1.0,0.0,0,0.0
28,S1,H4,processor,31,517.165642,24.0,0.0,54.2,0,0,24.0,1.0,0.0,0,0.0
28,S1,H7,loader,31,802.411354,24.0,0.0,53.24,0,0,24.0,1.0,0.0,0,0.0
28,S1,H8,loader,31,474.741639,24.0,0.0,53.48,0,0,24.0,1.0,0.0,0,0.0
28,S1,H9,loader,31,451.958924,24.0,0.0,55.4,0,0,24.0,1.0,0.0,0,0.0
29,S1,H3,grapple_skidder,31,739.620424,24.0,0.0,54.2,0,0,24.0,1.0,0.0,0,0.0
29,S1,H4,processor,31,430.907382,24.0,0.0,53.48,0,0,24.0,1.0,0.0,0,0.0
29,S1,H5,processor,31,531.895933,24.0,0.0,0.0,0,0,24.0,1.0,0.0,0,0.0
29,S1,H7,loader,31,687.364703,24.0,0.0,53.48,0,0,24.0,1.0,0.0,0,0.0
29,S1,H8,loader,31,474.741639,24.0,0.0,0.0,0,0,24.0,1.0,0.0,0,0.0
30,S1,H3,grapple_skidder,31,1459.1402364999994,24.0,0.0,55.4,1,0,24.0,1.0,0.0,0,0.0
30,S1,H4,processor,31,164.19408399999998,24.0,0.0,53.48,0,0,24.0,1.0,0.0,0,0.0
30,S1,H5,processor,31,481.329283,24.0,0.0,55.16,0,0,24.0,1.0,0.0,0,0.0
30,S1,H6,processor,31,430.907382,24.0,0.0,53.72,0,0,24.0,1.0,0.0,0,0.0
30,S1,H7,loader,31,802.411354,24.0,0.0,53.48,0,0,24.0,1.0,0.0,0,0.0
30,S1,H8,loader,31,474.741639,24.0,0.0,0.0,0,0,24.0,1.0,0.0,0,0.0
31,S1,H3,grapple_skidder,31,567.1587449999993,24.0,0.0,53.24,0,0,24.0,1.0,0.0,0,0.0
31,S1,H4,processor,31,569.826226,24.0,0.0,53.72,0,0,24.0,1.0,0.0,0,0.0
31,S1,H5,processor,31,481.329283,24.0,0.0,0.0,0,0,24.0,1.0,0.0,0,0.0
31,S1,H6,processor,31,183.29153700000006,24.0,0.0,0.0,0,0,24.0,1.0,0.0,0,0.0
31,S1,H7,loader,31,687.364703,24.0,0.0,53.48,0,0,24.0,1.0,0.0,0,0.0
31,S1,H8,loader,31,474.741639,24.0,0.0,0.0,0,0,24.0,1.0,0.0,0,0.0
32,S1,H3,grapple_skidder,31,778.104169,24.0,0.0,54.68,0,0,24.0,1.0,0.0,0,0.0
32,S1,H4,processor,31,569.826226,24.0,0.0,0.0,0,0,24.0,1.0,0.0,0,0.0
32,S1,H5,processor,31,531.895933,24.0,0.0,55.16,0,0,24.0,1.0,0.0,0,0.0
32,S1,H7,loader,31,5.837104583524181,19.642690538885816,4.357309461114184,0.0,1,0,24.0,0.8184454391202424,4.357309461114186,1,0.0
32,S1,H8,loader,31,558.398094,24.0,0.0,53.72,0,0,24.0,1.0,0.0,0,0.0
32,S1,H9,loader,31,451.958924,24.0,0.0,0.0,0,0,24.0,1.0,0.0,0,0.0
33,S1,H3,grapple_skidder,31,509.6156313436325,21.198628455324364,2.8013715446756358,53.48,0,0,24.0,0.8832761856385152,2.8013715446756344,1,0.0
33,S1,H4,processor,31,40.52152099999921,24.0,0.0,53.24,1,0,24.0,1.0,0.0,0,0.0
33,S1,H5,processor,31,469.046841,24.0,0.0,54.68,0,0,24.0,1.0,0.0,0,0.0
33,S1,H7,loader,31,937.184825,24.0,0.0,53.72,0,0,24.0,1.0,0.0,0,0.0
33,S1,H8,loader,31,486.708207,24.0,0.0,0.0,0,0,24.0,1.0,0.0,0,0.0
33,S1,H9,loader,31,451.958924,24.0,0.0,0.0,0,0,24.0,1.0,0.0,0,0.0
34,S1,H1,feller_buncher,31,140.55055100000027,24.0,0.0,0.0,0,0,24.0,1.0,0.0,0,0.0
34,S1,H3,grapple_skidder,31,332.7350690402953,19.265379740176023,4.734620259823977,53.72,0,0,24.0,0.8027241558406676,4.734620259823977,1,0.0
34,S1,H4,processor,31,428.751305,24.0,0.0,54.2,0,0,24.0,1.0,0.0,0,0.0
34,S1,H5,processor,31,469.046841,24.0,0.0,0.0,0,0,24.0,1.0,0.0,0,0.0
34,S1,H7,loader,31,802.411354,24.0,0.0,53.24,0,0,24.0,1.0,0.0,0,0.0
35,S1,H3,grapple_skidder,31,140.55055100000027,24.0,0.0,55.16,1,0,24.0,1.0,0.0,0,0.0
35,S1,H4,processor,31,80.86432634363251,24.0,0.0,0.0,1,0,24.0,1.0,0.0,0,0.0
35,S1,H5,processor,31,409.650504,24.0,0.0,53.24,0,0,24.0,1.0,0.0,0,0.0
35,S1,H7,loader,31,22.251702999999452,24.0,0.0,0.0,1,0,24.0,1.0,0.0,0,0.0
35,S1,H8,loader,31,474.741639,24.0,0.0,53.72,0,0,24.0,1.0,0.0,0,0.0
36,S1,H3,grapple_skidder,31,838.1285816,24.0,0.0,54.68,1,0,24.0,1.0,0.0,0,0.0
36,S1,H4,processor,31,569.826226,24.0,0.0,54.44,0,0,24.0,1.0,0.0,0,0.0
36,S1,H5,processor,31,138.3902785861987,24.0,0.0,0.0,1,0,24.0,1.0,0.0,0,0.0
36,S1,H7,loader,31,509.6156313436325,24.0,0.0,54.2,1,0,24.0,1.0,0.0,0,0.0
36,S1,H8,loader,31,474.741639,24.0,0.0,0.0,0,0,24.0,1.0,0.0,0,0.0
37,S1,H3,grapple_skidder,31,339.93655800000056,24.0,0.0,53.72,0,0,24.0,1.0,0.0,0,0.0
37,S1,H4,processor,31,2.363765499999886,24.0,0.0,0.0,1,0,24.0,1.0,0.0,0,0.0
37,S1,H5,processor,31,395.784917,24.0,0.0,53.48,0,0,24.0,1.0,0.0,0,0.0
37,S1,H7,loader,31,0.0,24.0,0.0,0.0,1,0,24.0,1.0,0.0,0,0.0
37,S1,H8,loader,31,424.433991,24.0,0.0,53.24,0,0,24.0,1.0,0.0,0,0.0
38,S1,H3,grapple_skidder,31,138.30959833584552,24.0,0.0,53.48,1,0,24.0,1.0,0.0,0,0.0
38,S1,H4,processor,31,410.442556,24.0,0.0,55.4,0,0,24.0,1.0,0.0,0,0.0
38,S1,H5,processor,31,395.784917,24.0,0.0,0.0,0,0,24.0,1.0,0.0,0,0.0
38,S1,H7,loader,31,937.184825,24.0,0.0,54.44,0,0,24.0,1.0,0.0,0,0.0
38,S1,H8,loader,31,424.433991,24.0,0.0,0.0,0,0,24.0,1.0,0.0,0,0.0
39,S1,H3,grapple_skidder,31,678.968019,24.0,0.0,53.72,0,0,24.0,1.0,0.0,0,0.0
39,S1,H4,processor,31,287.37741333584563,24.0,0.0,53.48,1,0,24.0,1.0,0.0,0,0.0
39,S1,H5,processor,31,178.18876760000006,24.0,0.0,0.0,1,0,24.0,1.0,0.0,0,0.0
39,S1,H7,loader,31,90.96331792212618,24.0,0.0,0.0,1,0,24.0,1.0,0.0,0,0.0
39,S1,H8,loader,31,11.360190640295286,24.0,0.0,0.0,1,0,24.0,1.0,0.0,0,0.0
39,S1,H9,loader,31,451.958924,24.0,0.0,0.0,0,0,24.0,1.0,0.0,0,0.0
40,S1,H4,processor,31,547.23705,24.0,0.0,53.72,0,0,24.0,1.0,0.0,0,0.0
40,S1,H7,loader,31,372.38592833715575,18.825528552577072,5.174471447422928,54.92,0,0,24.0,0.7843970230240447,5.174471447422928,1,0.0
40,S1,H8,loader,31,456.725789,24.0,0.0,53.48,0,0,24.0,1.0,0.0,0,0.0
40,S1,H9,loader,31,125.8946782999999,24.0,0.0,0.0,1,0,24.0,1.0,0.0,0,0.0
41,S1,H4,processor,31,0.0,24.0,0.0,53.72,1,0,24.0,1.0,0.0,0,0.0
41,S1,H7,loader,31,485.857474,24.0,0.0,53.72,0,0,24.0,1.0,0.0,0,0.0
41,S1,H8,loader,31,456.725789,24.0,0.0,0.0,0,0,24.0,1.0,0.0,0,0.0
42,S1,H3,grapple_skidder,31,678.968019,24.0,0.0,0.0,0,0,24.0,1.0,0.0,0,0.0
42,S1,H7,loader,31,374.2277039986898,24.0,0.0,53.72,1,0,24.0,1.0,0.0,0,0.0
42,S1,H8,loader,31,391.1510686,24.0,0.0,0.0,1,0,24.0,1.0,0.0,0,0.0
1,S1,H1,feller_buncher,32,700.1764890803275,24.0,0.0,0.0,0,0,24.0,1.0,0.0,0,0.0
1,S1,H2,feller_buncher,32,1299.478592,24.0,0.0,0.0,0,0,24.0,1.0,0.0,0,0.0
2,S1,H1,feller_buncher,32,1220.906942,24.0,0.0,0.0,0,0,24.0,1.0,0.0,0,0.0
2,S1,H2,feller_buncher,32,1164.04956,24.0,0.0,53.72,0,0,24.0,1.0,0.0,0,0.0
2,S1,H3,grapple_skidder,32,678.968019,24.0,0.0,0.0,0,0,24.0,1.0,0.0,0,0.0
3,S1,H1,feller_buncher,32,1176.844281,24.0,0.0,53.48,0,0,24.0,1.0,0.0,0,0.0
3,S1,H2,feller_buncher,32,888.796776,24.0,0.0,53.24,0,0,24.0,1.0,0.0,0,0.0
3,S1,H3,grapple_skidder,32,778.104169,24.0,0.0,53.72,0,0,24.0,1.0,0.0,0,0.0
3,S1,H4,processor,32,547.23705,24.0,0.0,0.0,0,0,24.0,1.0,0.0,0,0.0
4,S1,H1,feller_buncher,32,1176.844281,24.0,0.0,0.0,0,0,24.0,1.0,0.0,0,0.0
4,S1,H2,feller_buncher,32,535.216046604842,24.0,0.0,0.0,0,0,24.0,1.0,0.0,0,0.0
4,S1,H3,grapple_skidder,32,1332.369187,24.0,0.0,54.68,0,0,24.0,1.0,0.0,0,0.0
4,S1,H4,processor,32,469.046841,24.0,0.0,53.72,0,0,24.0,1.0,0.0,0,0.0
4,S1,H7,loader,32,485.857474,24.0,0.0,0.0,0,0,24.0,1.0,0.0,0,0.0
5,S1,H1,feller_buncher,32,1164.04956,24.0,0.0,54.2,0,0,24.0,1.0,0.0,0,0.0
5,S1,H2,feller_buncher,32,961.553907,24.0,0.0,53.24,0,0,24.0,1.0,0.0,0,0.0
5,S1,H3,grapple_skidder,32,1164.728216,24.0,0.0,53.48,0,0,24.0,1.0,0.0,0,0.0
5,S1,H4,processor,32,531.895933,24.0,0.0,54.68,0,0,24.0,1.0,0.0,0,0.0
6,S1,H1,feller_buncher,32,256.1621419999998,24.0,0.0,53.24,0,0,24.0,1.0,0.0,0,0.0
6,S1,H2,feller_buncher,32,961.553907,24.0,0.0,0.0,0,0,24.0,1.0,0.0,0,0.0
6,S1,H3,grapple_skidder,32,634.9823080399193,24.0,0.0,0.0,0,0,24.0,1.0,0.0,0,0.0
6,S1,H4,processor,32,531.895933,24.0,0.0,0.0,0,0,24.0,1.0,0.0,0,0.0
7,S1,H1,feller_buncher,32,814.8346919999999,24.0,0.0,53.24,0,0,24.0,1.0,0.0,0,0.3
7,S1,H2,feller_buncher,32,673.0877349,24.0,0.0,0.0,0,0,24.0,1.0,0.0,0,0.3
7,S1,H3,grapple_skidder,32,566.7369176,24.0,0.0,54.44,0,0,24.0,1.0,0.0,0,0.3
7,S1,H4,processor,32,362.0159494,24.0,0.0,53.48,0,0,24.0,1.0,0.0,0,0.3
7,S1,H7,loader,32,561.6879478,24.0,0.0,55.4,0,0,24.0,1.0,0.0,0,0.3
8,S1,H1,feller_buncher,32,860.013242,24.0,0.0,53.24,0,0,24.0,1.0,0.0,0,0.0
8,S1,H2,feller_buncher,32,413.7565330000002,24.0,0.0,0.0,0,0,24.0,1.0,0.0,0,0.0
8,S1,H3,grapple_skidder,32,778.104169,24.0,0.0,53.24,0,0,24.0,1.0,0.0,0,0.0
8,S1,H4,processor,32,517.165642,24.0,0.0,0.0,0,0,24.0,1.0,0.0,0,0.0
8,S1,H5,processor,32,409.650504,24.0,0.0,0.0,0,0,24.0,1.0,0.0,0,0.0
9,S1,H1,feller_buncher,32,1299.478592,24.0,0.0,53.96,0,0,24.0,1.0,0.0,0,0.0
9,S1,H2,feller_buncher,32,1220.906942,24.0,0.0,55.16,0,0,24.0,1.0,0.0,0,0.0
9,S1,H3,grapple_skidder,32,778.104169,24.0,0.0,0.0,0,0,24.0,1.0,0.0,0,0.0
9,S1,H7,loader,32,687.364703,24.0,0.0,53.48,0,0,24.0,1.0,0.0,0,0.0
10,S1,H1,feller_buncher,32,909.6350143999999,24.0,0.0,0.0,0,0,24.0,1.0,0.0,0,0.3
10,S1,H2,feller_buncher,32,602.0092694,24.0,0.0,54.44,0,0,24.0,1.0,0.0,0,0.3
10,S1,H3,grapple_skidder,32,517.7342967999999,24.0,0.0,53.48,0,0,24.0,1.0,0.0,0,0.3
10,S1,H4,processor,32,362.0159494,24.0,0.0,0.0,0,0,24.0,1.0,0.0,0,0.3
10,S1,H5,processor,32,328.3327887,24.0,0.0,53.24,0,0,24.0,1.0,0.0,0,0.3
11,S1,H1,feller_buncher,32,1299.478592,24.0,0.0,0.0,0,0,24.0,1.0,0.0,0,0.0
11,S1,H2,feller_buncher,32,53.1894347777741,21.635357886250702,2.364642113749298,0.0,0,0,24.0,0.9014732452604459,2.364642113749297,1,0.0
11,S1,H3,grapple_skidder,32,778.104169,24.0,0.0,53.48,0,0,24.0,1.0,0.0,0,0.0
11,S1,H4,processor,32,481.329283,24.0,0.0,54.68,0,0,24.0,1.0,0.0,0,0.0
11,S1,H7,loader,32,553.8328378000001,24.0,0.0,0.0,1,0,24.0,1.0,0.0,0,0.0
12,S1,H1,feller_buncher,32,356.0085949999998,24.0,0.0,0.0,0,0,24.0,1.0,0.0,0,0.0
12,S1,H2,feller_buncher,32,674.603847,24.0,0.0,53.72,0,0,24.0,1.0,0.0,0,0.0
12,S1,H3,grapple_skidder,32,1332.369187,24.0,0.0,54.68,0,0,24.0,1.0,0.0,0,0.0
12,S1,H4,processor,32,511.19055746178884,23.722715475911162,0.27728452408883797,54.68,0,0,24.0,0.988446478162965,0.27728452408883886,1,0.0
12,S1,H7,loader,32,474.741639,24.0,0.0,54.2,0,0,24.0,1.0,0.0,0,0.0
12,S1,H8,loader,32,451.958924,24.0,0.0,0.0,0,0,24.0,1.0,0.0,0,0.0
13,S1,H1,feller_buncher,32,1164.04956,24.0,0.0,53.72,0,0,24.0,1.0,0.0,0,0.0
13,S1,H2,feller_buncher,32,1194.708925,24.0,0.0,53.96,0,0,24.0,1.0,0.0,0,0.0
13,S1,H3,grapple_skidder,32,769.8174044995235,22.819992829053696,1.180007170946304,54.92,0,0,24.0,0.950833034543904,1.1800071709463058,1,0.0
13,S1,H4,processor,32,531.895933,24.0,0.0,53.48,0,0,24.0,1.0,0.0,0,0.0
13,S1,H7,loader,32,511.19055746178884,24.0,0.0,54.2,1,0,24.0,1.0,0.0,0,0.0
14,S1,H1,feller_buncher,32,1176.844281,24.0,0.0,54.2,0,0,24.0,1.0,0.0,0,0.0
14,S1,H2,feller_buncher,32,1194.708925,24.0,0.0,0.0,0,0,24.0,1.0,0.0,0,0.0
14,S1,H3,grapple_skidder,32,778.104169,24.0,0.0,53.24,0,0,24.0,1.0,0.0,0,0.0
14,S1,H4,processor,32,531.895933,24.0,0.0,0.0,0,0,24.0,1.0,0.0,0,0.0
14,S1,H5,processor,32,409.650504,24.0,0.0,53.24,0,0,24.0,1.0,0.0,0,0.0
15,S1,H1,feller_buncher,32,1176.844281,24.0,0.0,0.0,0,0,24.0,1.0,0.0,0,0.0
15,S1,H2,feller_buncher,32,1164.04956,24.0,0.0,54.92,0,0,24.0,1.0,0.0,0,0.0
15,S1,H3,grapple_skidder,32,923.199854,24.0,0.0,53.24,0,0,24.0,1.0,0.0,0,0.0
15,S1,H4,processor,32,409.650504,24.0,0.0,54.92,0,0,24.0,1.0,0.0,0,0.0
15,S1,H7,loader,32,802.411354,24.0,0.0,53.48,0,0,24.0,1.0,0.0,0,0.0
16,S1,H1,feller_buncher,32,77.91541660000061,24.0,0.0,0.0,0,0,24.0,1.0,0.0,0,0.3
16,S1,H2,feller_buncher,32,309.8347941199642,21.12889647979349,2.8711035202065105,0.0,0,0,24.0,0.8803706866580621,2.8711035202065114,1,0.3
16,S1,H3,grapple_skidder,32,1036.4489751,24.0,0.0,54.68,0,0,24.0,1.0,0.0,0,0.3
16,S1,H4,processor,32,372.3271531,24.0,0.0,54.92,0,0,24.0,1.0,0.0,0,0.3
16,S1,H5,processor,32,277.0494419,24.0,0.0,53.48,0,0,24.0,1.0,0.0,0,0.3
16,S1,H7,loader,32,297.1037937,24.0,0.0,54.92,0,0,24.0,1.0,0.0,0,0.3
17,S1,H1,feller_buncher,32,576.960683,24.0,0.0,53.72,0,0,24.0,1.0,0.0,0,0.0
17,S1,H2,feller_buncher,32,787.363583,24.0,0.0,54.44,0,0,24.0,1.0,0.0,0,0.0
17,S1,H3,grapple_skidder,32,674.603847,24.0,0.0,53.96,0,0,24.0,1.0,0.0,0,0.0
17,S1,H4,processor,32,236.43657266662547,24.0,0.0,53.24,0,0,24.0,1.0,0.0,0,0.0
17,S1,H5,processor,32,395.784917,24.0,0.0,0.0,0,0,24.0,1.0,0.0,0,0.0
17,S1,H6,processor,32,469.046841,24.0,0.0,0.0,0,0,24.0,1.0,0.0,0,0.0
17,S1,H7,loader,32,275.3890496248243,15.572120355920745,8.427879644079255,0.0,0,0,24.0,0.6488383481633644,8.427879644079255,1,0.0
17,S1,H8,loader,32,411.8191046862075,24.0,0.0,55.16,0,0,24.0,1.0,0.0,0,0.0
18,S1,H1,feller_buncher,32,1220.906942,24.0,0.0,54.2,0,0,24.0,1.0,0.0,0,0.0
18,S1,H2,feller_buncher,32,486.3476200000001,24.0,0.0,0.0,0,0,24.0,1.0,0.0,0,0.0
18,S1,H3,grapple_skidder,32,1164.728216,24.0,0.0,53.24,0,0,24.0,1.0,0.0,0,0.0
18,S1,H4,processor,32,569.826226,24.0,0.0,0.0,0,0,24.0,1.0,0.0,0,0.0
18,S1,H5,processor,32,456.082335,24.0,0.0,53.72,0,0,24.0,1.0,0.0,0,0.0
18,S1,H7,loader,32,474.741639,24.0,0.0,53.24,0,0,24.0,1.0,0.0,0,0.0
18,S1,H8,loader,32,456.725789,24.0,0.0,54.44,0,0,24.0,1.0,0.0,0,0.0
19,S1,H1,feller_buncher,32,1013.0077249999999,24.0,0.0,0.0,0,0,24.0,1.0,0.0,0,0.0
19,S1,H2,feller_buncher,32,680.207863,24.0,0.0,53.72,0,0,24.0,1.0,0.0,0,0.0
19,S1,H3,grapple_skidder,32,1273.711203,24.0,0.0,53.24,0,0,24.0,1.0,0.0,0,0.0
19,S1,H4,processor,32,517.165642,24.0,0.0,53.72,0,0,24.0,1.0,0.0,0,0.0
19,S1,H5,processor,32,218.52151199999997,24.0,0.0,0.0,0,0,24.0,1.0,0.0,0,0.0
19,S1,H6,processor,32,469.046841,24.0,0.0,0.0,0,0,24.0,1.0,0.0,0,0.0
19,S1,H7,loader,32,806.2627986666255,24.0,0.0,54.92,1,0,24.0,1.0,0.0,0,0.0
20,S1,H1,feller_buncher,32,1194.708925,24.0,0.0,53.24,0,0,24.0,1.0,0.0,0,0.0
20,S1,H2,feller_buncher,32,364.89843800000006,24.0,0.0,0.0,0,0,24.0,1.0,0.0,0,0.0
20,S1,H3,grapple_skidder,32,872.8695349692541,24.0,0.0,53.24,0,0,24.0,1.0,0.0,0,0.0
20,S1,H4,processor,32,517.165642,24.0,0.0,0.0,0,0,24.0,1.0,0.0,0,0.0
20,S1,H5,processor,32,469.046841,24.0,0.0,53.96,0,0,24.0,1.0,0.0,0,0.0
20,S1,H6,processor,32,441.264891,24.0,0.0,54.44,0,0,24.0,1.0,0.0,0,0.0
20,S1,H7,loader,32,674.603847,24.0,0.0,53.96,0,0,24.0,1.0,0.0,0,0.0
21,S1,H3,grapple_skidder,32,517.7342967999999,24.0,0.0,55.16,0,0,24.0,1.0,0.0,0,0.3
21,S1,H4,processor,32,372.3271531,24.0,0.0,53.48,0,0,24.0,1.0,0.0,0,0.3
21,S1,H5,processor,32,328.3327887,24.0,0.0,0.0,0,0,24.0,1.0,0.0,0,0.3
21,S1,H6,processor,32,308.8854237,24.0,0.0,0.0,0,0,24.0,1.0,0.0,0,0.3
21,S1,H7,loader,32,481.15529209999994,24.0,0.0,53.24,0,0,24.0,1.0,0.0,0,0.3
22,S1,H3,grapple_skidder,32,1480.641393,24.0,0.0,55.4,0,0,24.0,1.0,0.0,0,0.0
22,S1,H4,processor,32,531.895933,24.0,0.0,0.0,0,0,24.0,1.0,0.0,0,0.0
22,S1,H5,processor,32,481.329283,24.0,0.0,53.48,0,0,24.0,1.0,0.0,0,0.0
22,S1,H6,processor,32,469.046841,24.0,0.0,54.44,0,0,24.0,1.0,0.0,0,0.0
22,S1,H7,loader,32,733.483855,24.0,0.0,53.24,0,0,24.0,1.0,0.0,0,0.0
23,S1,H3,grapple_skidder,32,1164.728216,24.0,0.0,53.72,0,0,24.0,1.0,0.0,0,0.0
23,S1,H4,processor,32,569.826226,24.0,0.0,53.24,0,0,24.0,1.0,0.0,0,0.0
23,S1,H5,processor,32,72.81002759999984,24.0,0.0,0.0,1,0,24.0,1.0,0.0,0,0.0
23,S1,H6,processor,32,469.046841,24.0,0.0,0.0,0,0,24.0,1.0,0.0,0,0.0
23,S1,H7,loader,32,802.411354,24.0,0.0,53.24,0,0,24.0,1.0,0.0,0,0.0
24,S1,H3,grapple_skidder,32,517.7342967999999,24.0,0.0,54.68,0,0,24.0,1.0,0.0,0,0.3
24,S1,H4,processor,32,398.8783582,24.0,0.0,0.0,0,0,24.0,1.0,0.0,0,0.3
24,S1,H5,processor,32,362.0159494,24.0,0.0,54.68,0,0,24.0,1.0,0.0,0,0.3
24,S1,H6,processor,32,273.8269947,24.0,0.0,54.44,0,0,24.0,1.0,0.0,0,0.3
24,S1,H7,loader,32,332.3191473,24.0,0.0,54.68,0,0,24.0,1.0,0.0,0,0.3
25,S1,H3,grapple_skidder,32,932.6584309,24.0,0.0,55.16,0,0,24.0,1.0,0.0,0,0.3
25,S1,H4,processor,32,336.93049809999997,24.0,0.0,55.4,0,0,24.0,1.0,0.0,0,0.3
25,S1,H5,processor,32,362.0159494,24.0,0.0,0.0,0,0,24.0,1.0,0.0,0,0.3
25,S1,H7,loader,32,332.3191473,24.0,0.0,0.0,0,0,24.0,1.0,0.0,0,0.3
25,S1,H8,loader,32,290.4934544,24.0,0.0,54.2,1,0,24.0,1.0,0.0,0,0.3
25,S1,H9,loader,32,537.960412377166,19.680597149861605,4.319402850138395,0.0,0,0,24.0,0.8200248812442336,4.319402850138395,1,0.3
26,S1,H3,grapple_skidder,32,778.104169,24.0,0.0,54.68,0,0,24.0,1.0,0.0,0,0.0
26,S1,H4,processor,32,246.2374430913793,24.0,0.0,55.4,0,0,24.0,1.0,0.0,0,0.0
26,S1,H5,processor,32,531.895933,24.0,0.0,53.48,0,0,24.0,1.0,0.0,0,0.0
26,S1,H7,loader,32,687.364703,24.0,0.0,54.2,0,0,24.0,1.0,0.0,0,0.0
26,S1,H8,loader,32,451.958924,24.0,0.0,54.92,0,0,24.0,1.0,0.0,0,0.0
27,S1,H3,grapple_skidder,32,111.84039860000011,24.0,0.0,54.2,0,0,24.0,1.0,0.0,0,0.3
27,S1,H4,processor,32,328.3327887,24.0,0.0,54.92,0,0,24.0,1.0,0.0,0,0.3
27,S1,H5,processor,32,372.3271531,24.0,0.0,0.0,0,0,24.0,1.0,0.0,0,0.3
27,S1,H7,loader,32,656.0293775,24.0,0.0,53.72,0,0,24.0,1.0,0.0,0,0.3
27,S1,H8,loader,32,316.3712468,24.0,0.0,0.0,0,0,24.0,1.0,0.0,0,0.3
28,S1,H1,feller_buncher,32,1194.708925,24.0,0.0,0.0,0,0,24.0,1.0,0.0,0,0.0
28,S1,H3,grapple_skidder,32,1045.106301,24.0,0.0,53.48,0,0,24.0,1.0,0.0,0,0.0
28,S1,H4,processor,32,517.165642,24.0,0.0,54.2,0,0,24.0,1.0,0.0,0,0.0
28,S1,H7,loader,32,802.411354,24.0,0.0,53.24,0,0,24.0,1.0,0.0,0,0.0
28,S1,H8,loader,32,474.741639,24.0,0.0,53.48,0,0,24.0,1.0,0.0,0,0.0
28,S1,H9,loader,32,152.10999689999983,22.25048836805897,1.7495116319410293,55.4,1,0,24.0,0.9271036820024571,1.7495116319410293,1,0.0
29,S1,H3,grapple_skidder,32,739.620424,24.0,0.0,54.2,0,0,24.0,1.0,0.0,0,0.0
29,S1,H4,processor,32,430.907382,24.0,0.0,53.48,0,0,24.0,1.0,0.0,0,0.0
29,S1,H5,processor,32,161.909282569254,24.0,0.0,0.0,1,0,24.0,1.0,0.0,0,0.0
29,S1,H7,loader,32,687.364703,24.0,0.0,53.48,0,0,24.0,1.0,0.0,0,0.0
29,S1,H8,loader,32,474.741639,24.0,0.0,0.0,0,0,24.0,1.0,0.0,0,0.0
30,S1,H3,grapple_skidder,32,1480.641393,24.0,0.0,55.4,0,0,24.0,1.0,0.0,0,0.0
30,S1,H4,processor,32,164.19408399999998,24.0,0.0,53.48,0,0,24.0,1.0,0.0,0,0.0
30,S1,H5,processor,32,481.329283,24.0,0.0,55.16,0,0,24.0,1.0,0.0,0,0.0
30,S1,H6,processor,32,240.74794516813782,24.0,0.0,53.72,0,0,24.0,1.0,0.0,0,0.0
30,S1,H7,loader,32,802.411354,24.0,0.0,53.48,0,0,24.0,1.0,0.0,0,0.0
30,S1,H8,loader,32,474.741639,24.0,0.0,0.0,0,0,24.0,1.0,0.0,0,0.0
31,S1,H3,grapple_skidder,32,567.1587449999993,24.0,0.0,53.24,0,0,24.0,1.0,0.0,0,0.0
31,S1,H4,processor,32,569.826226,24.0,0.0,53.72,0,0,24.0,1.0,0.0,0,0.0
31,S1,H5,processor,32,439.0949397,24.0,0.0,0.0,1,0,24.0,1.0,0.0,0,0.0
31,S1,H6,processor,32,183.29153700000006,24.0,0.0,0.0,0,0,24.0,1.0,0.0,0,0.0
31,S1,H7,loader,32,583.8382107000002,24.0,0.0,53.48,1,0,24.0,1.0,0.0,0,0.0
31,S1,H8,loader,32,474.741639,24.0,0.0,0.0,0,0,24.0,1.0,0.0,0,0.0
32,S1,H3,grapple_skidder,32,778.104169,24.0,0.0,54.68,0,0,24.0,1.0,0.0,0,0.0
32,S1,H4,processor,32,569.826226,24.0,0.0,0.0,0,0,24.0,1.0,0.0,0,0.0
32,S1,H5,processor,32,531.895933,24.0,0.0,55.16,0,0,24.0,1.0,0.0,0,0.0
32,S1,H7,loader,32,0.0,24.0,0.0,0.0,1,0,24.0,1.0,0.0,0,0.0
32,S1,H8,loader,32,558.398094,24.0,0.0,53.72,0,0,24.0,1.0,0.0,0,0.0
32,S1,H9,loader,32,451.958924,24.0,0.0,0.0,0,0,24.0,1.0,0.0,0,0.0
33,S1,H3,grapple_skidder,32,576.960683,24.0,0.0,53.48,0,0,24.0,1.0,0.0,0,0.0
33,S1,H4,processor,32,35.26281199999926,24.0,0.0,53.24,1,0,24.0,1.0,0.0,0,0.0
33,S1,H5,processor,32,469.046841,24.0,0.0,54.68,0,0,24.0,1.0,0.0,0,0.0
33,S1,H7,loader,32,937.184825,24.0,0.0,53.72,0,0,24.0,1.0,0.0,0,0.0
33,S1,H8,loader,32,296.5487701681378,24.0,0.0,0.0,1,0,24.0,1.0,0.0,0,0.0
33,S1,H9,loader,32,451.958924,24.0,0.0,0.0,0,0,24.0,1.0,0.0,0,0.0
34,S1,H1,feller_buncher,32,140.55055100000027,24.0,0.0,0.0,0,0,24.0,1.0,0.0,0,0.0
34,S1,H3,grapple_skidder,32,343.6206425053181,24.0,0.0,53.72,1,0,24.0,1.0,0.0,0,0.0
34,S1,H4,processor,32,428.751305,24.0,0.0,54.2,0,0,24.0,1.0,0.0,0,0.0
34,S1,H5,processor,32,469.046841,24.0,0.0,0.0,0,0,24.0,1.0,0.0,0,0.0
34,S1,H7,loader,32,802.411354,24.0,0.0,53.24,0,0,24.0,1.0,0.0,0,0.0
35,S1,H3,grapple_skidder,32,477.4620719999998,24.0,0.0,55.16,0,0,24.0,1.0,0.0,0,0.0
35,S1,H4,processor,32,148.20937800000002,24.0,0.0,0.0,0,0,24.0,1.0,0.0,0,0.0
35,S1,H5,processor,32,409.650504,24.0,0.0,53.24,0,0,24.0,1.0,0.0,0,0.0
35,S1,H7,loader,32,51.86126238304632,24.0,0.0,0.0,1,0,24.0,1.0,0.0,0,0.0
35,S1,H8,loader,32,474.741639,24.0,0.0,53.72,0,0,24.0,1.0,0.0,0,0.0
36,S1,H3,grapple_skidder,32,592.0120921777741,24.0,0.0,54.68,1,0,24.0,1.0,0.0,0,0.0
36,S1,H4,processor,32,569.826226,24.0,0.0,54.44,0,0,24.0,1.0,0.0,0,0.0
36,S1,H5,processor,32,41.5729486048416,24.0,0.0,0.0,1,0,24.0,1.0,0.0,0,0.0
36,S1,H7,loader,32,552.163711,24.0,0.0,54.2,0,0,24.0,1.0,0.0,0,0.0
36,S1,H8,loader,32,474.741639,24.0,0.0,0.0,0,0,24.0,1.0,0.0,0,0.0
37,S1,H3,grapple_skidder,32,339.93655800000056,24.0,0.0,53.72,0,0,24.0,1.0,0.0,0,0.0
37,S1,H4,processor,32,360.77644299999906,24.0,0.0,0.0,0,0,24.0,1.0,0.0,0,0.0
37,S1,H5,processor,32,395.784917,24.0,0.0,53.48,0,0,24.0,1.0,0.0,0,0.0
37,S1,H7,loader,32,24.796971999999982,24.0,0.0,0.0,0,0,24.0,1.0,0.0,0,0.0
37,S1,H8,loader,32,424.433991,24.0,0.0,53.24,0,0,24.0,1.0,0.0,0,0.0
38,S1,H3,grapple_skidder,32,334.1385431199644,24.0,0.0,53.48,1,0,24.0,1.0,0.0,0,0.0
38,S1,H4,processor,32,339.93655800000056,24.0,0.0,55.4,1,0,24.0,1.0,0.0,0,0.0
38,S1,H5,processor,32,317.2828773270735,19.239715130048182,4.760284869951818,0.0,0,0,24.0,0.8016547970853409,4.760284869951818,1,0.0
38,S1,H7,loader,32,937.184825,24.0,0.0,54.44,0,0,24.0,1.0,0.0,0,0.0
38,S1,H8,loader,32,424.433991,24.0,0.0,0.0,0,0,24.0,1.0,0.0,0,0.0
39,S1,H3,grapple_skidder,32,678.968019,24.0,0.0,53.72,0,0,24.0,1.0,0.0,0,0.0
39,S1,H4,processor,32,469.046841,24.0,0.0,53.48,0,0,24.0,1.0,0.0,0,0.0
39,S1,H5,processor,32,129.30979295070068,24.0,0.0,0.0,1,0,24.0,1.0,0.0,0,0.0
39,S1,H7,loader,32,216.83770841421233,24.0,0.0,0.0,1,0,24.0,1.0,0.0,0,0.0
39,S1,H8,loader,32,258.81413928001734,24.0,0.0,0.0,1,0,24.0,1.0,0.0,0,0.0
39,S1,H9,loader,32,356.4429327000005,24.0,0.0,0.0,1,0,24.0,1.0,0.0,0,0.0
40,S1,H4,processor,32,547.23705,24.0,0.0,53.72,0,0,24.0,1.0,0.0,0,0.0
40,S1,H7,loader,32,474.741639,24.0,0.0,54.92,0,0,24.0,1.0,0.0,0,0.0
40,S1,H8,loader,32,456.725789,24.0,0.0,53.48,0,0,24.0,1.0,0.0,0,0.0
40,S1,H9,loader,32,0.0,24.0,0.0,0.0,1,0,24.0,1.0,0.0,0,0.0
41,S1,H4,processor,32,201.17310342910386,24.0,0.0,53.72,0,0,24.0,1.0,0.0,0,0.0
41,S1,H7,loader,32,485.857474,24.0,0.0,53.72,0,0,24.0,1.0,0.0,0,0.0
41,S1,H8,loader,32,456.725789,24.0,0.0,0.0,0,0,24.0,1.0,0.0,0,0.0
42,S1,H3,grapple_skidder,32,678.968019,24.0,0.0,0.0,0,0,24.0,1.0,0.0,0,0.0
42,S1,H7,loader,32,236.8042123592628,24.0,0.0,53.72,0,0,24.0,1.0,0.0,0,0.0
42,S1,H8,loader,32,145.0345791777741,24.0,0.0,0.0,1,0,24.0,1.0,0.0,0,0.0
1,S1,H1,feller_buncher,33,828.3167219420651,24.0,0.0,0.0,0,0,24.0,1.0,0.0,0,0.0
1,S1,H2,feller_buncher,33,1168.5082066051164,21.58111501887889,2.41888498112111,0.0,0,0,24.0,0.8992131257866204,2.418884981121111,1,0.0
2,S1,H1,feller_buncher,33,854.6348594,24.0,0.0,0.0,0,0,24.0,1.0,0.0,0,0.3
2,S1,H2,feller_buncher,33,814.8346919999999,24.0,0.0,53.72,0,0,24.0,1.0,0.0,0,0.3
2,S1,H3,grapple_skidder,33,475.2776133,24.0,0.0,0.0,0,0,24.0,1.0,0.0,0,0.3
3,S1,H1,feller_buncher,33,1176.844281,24.0,0.0,53.48,0,0,24.0,1.0,0.0,0,0.0
3,S1,H2,feller_buncher,33,888.796776,24.0,0.0,53.24,0,0,24.0,1.0,0.0,0,0.0
3,S1,H3,grapple_skidder,33,778.104169,24.0,0.0,53.72,0,0,24.0,1.0,0.0,0,0.0
3,S1,H4,processor,33,475.2776133,24.0,0.0,0.0,1,0,24.0,1.0,0.0,0,0.0
4,S1,H1,feller_buncher,33,1176.844281,24.0,0.0,0.0,0,0,24.0,1.0,0.0,0,0.0
4,S1,H2,feller_buncher,33,888.796776,24.0,0.0,0.0,0,0,24.0,1.0,0.0,0,0.0
4,S1,H3,grapple_skidder,33,1332.369187,24.0,0.0,54.68,0,0,24.0,1.0,0.0,0,0.0
4,S1,H4,processor,33,469.046841,24.0,0.0,53.72,0,0,24.0,1.0,0.0,0,0.0
4,S1,H7,loader,33,475.2776133,24.0,0.0,0.0,1,0,24.0,1.0,0.0,0,0.0
5,S1,H1,feller_buncher,33,1164.04956,24.0,0.0,54.2,0,0,24.0,1.0,0.0,0,0.0
5,S1,H2,feller_buncher,33,961.553907,24.0,0.0,53.24,0,0,24.0,1.0,0.0,0,0.0
5,S1,H3,grapple_skidder,33,1164.728216,24.0,0.0,53.48,0,0,24.0,1.0,0.0,0,0.0
5,S1,H4,processor,33,531.895933,24.0,0.0,54.68,0,0,24.0,1.0,0.0,0,0.0
6,S1,H1,feller_buncher,33,256.1621419999998,24.0,0.0,53.24,0,0,24.0,1.0,0.0,0,0.0
6,S1,H2,feller_buncher,33,784.1620144320368,19.572369483772356,4.427630516227644,0.0,0,0,24.0,0.8155153951571815,4.427630516227644,1,0.0
6,S1,H3,grapple_skidder,33,1164.728216,24.0,0.0,0.0,0,0,24.0,1.0,0.0,0,0.0
6,S1,H4,processor,33,531.895933,24.0,0.0,0.0,0,0,24.0,1.0,0.0,0,0.0
7,S1,H1,feller_buncher,33,1164.04956,24.0,0.0,53.24,0,0,24.0,1.0,0.0,0,0.0
7,S1,H2,feller_buncher,33,961.553907,24.0,0.0,0.0,0,0,24.0,1.0,0.0,0,0.0
7,S1,H3,grapple_skidder,33,809.624168,24.0,0.0,54.44,0,0,24.0,1.0,0.0,0,0.0
7,S1,H4,processor,33,517.165642,24.0,0.0,53.48,0,0,24.0,1.0,0.0,0,0.0
7,S1,H7,loader,33,802.411354,24.0,0.0,55.4,0,0,24.0,1.0,0.0,0,0.0
8,S1,H1,feller_buncher,33,860.013242,24.0,0.0,53.24,0,0,24.0,1.0,0.0,0,0.0
8,S1,H2,feller_buncher,33,315.8053986258906,18.31833206853889,5.68166793146111,0.0,0,0,24.0,0.7632638361891204,5.68166793146111,1,0.0
8,S1,H3,grapple_skidder,33,392.16327696700574,24.0,0.0,53.24,0,0,24.0,1.0,0.0,0,0.0
8,S1,H4,processor,33,517.165642,24.0,0.0,0.0,0,0,24.0,1.0,0.0,0,0.0
8,S1,H5,processor,33,409.650504,24.0,0.0,0.0,0,0,24.0,1.0,0.0,0,0.0
9,S1,H1,feller_buncher,33,1038.5061844800277,24.0,0.0,53.96,0,0,24.0,1.0,0.0,0,0.0
9,S1,H2,feller_buncher,33,1220.906942,24.0,0.0,55.16,0,0,24.0,1.0,0.0,0,0.0
9,S1,H3,grapple_skidder,33,662.4068917544378,20.431410131805254,3.5685898681947457,0.0,0,0,24.0,0.8513087554918856,3.568589868194747,1,0.0
9,S1,H7,loader,33,687.364703,24.0,0.0,53.48,0,0,24.0,1.0,0.0,0,0.0
10,S1,H1,feller_buncher,33,882.9264314695282,24.0,0.0,0.0,0,0,24.0,1.0,0.0,0,0.0
10,S1,H2,feller_buncher,33,860.013242,24.0,0.0,54.44,0,0,24.0,1.0,0.0,0,0.0
10,S1,H3,grapple_skidder,33,739.620424,24.0,0.0,53.48,0,0,24.0,1.0,0.0,0,0.0
10,S1,H4,processor,33,517.165642,24.0,0.0,0.0,0,0,24.0,1.0,0.0,0,0.0
10,S1,H5,processor,33,469.046841,24.0,0.0,53.24,0,0,24.0,1.0,0.0,0,0.0
11,S1,H1,feller_buncher,33,1299.478592,24.0,0.0,0.0,0,0,24.0,1.0,0.0,0,0.0
11,S1,H2,feller_buncher,33,54.55718476247393,22.191704471649274,1.808295528350726,0.0,0,0,24.0,0.9246543529853865,1.8082955283507243,1,0.0
11,S1,H3,grapple_skidder,33,778.104169,24.0,0.0,53.48,0,0,24.0,1.0,0.0,0,0.0
11,S1,H4,processor,33,481.329283,24.0,0.0,54.68,0,0,24.0,1.0,0.0,0,0.0
11,S1,H7,loader,33,687.364703,24.0,0.0,0.0,0,0,24.0,1.0,0.0,0,0.0
12,S1,H1,feller_buncher,33,356.0085949999998,24.0,0.0,0.0,0,0,24.0,1.0,0.0,0,0.0
12,S1,H2,feller_buncher,33,674.603847,24.0,0.0,53.72,0,0,24.0,1.0,0.0,0,0.0
12,S1,H3,grapple_skidder,33,1332.369187,24.0,0.0,54.68,0,0,24.0,1.0,0.0,0,0.0
12,S1,H4,processor,33,517.165642,24.0,0.0,54.68,0,0,24.0,1.0,0.0,0,0.0
12,S1,H7,loader,33,474.741639,24.0,0.0,54.2,0,0,24.0,1.0,0.0,0,0.0
12,S1,H8,loader,33,225.69137614519934,24.0,0.0,0.0,0,0,24.0,1.0,0.0,0,0.0
13,S1,H1,feller_buncher,33,1164.04956,24.0,0.0,53.72,0,0,24.0,1.0,0.0,0,0.0
13,S1,H2,feller_buncher,33,1194.708925,24.0,0.0,53.96,0,0,24.0,1.0,0.0,0,0.0
13,S1,H3,grapple_skidder,33,809.624168,24.0,0.0,54.92,0,0,24.0,1.0,0.0,0,0.0
13,S1,H4,processor,33,531.895933,24.0,0.0,53.48,0,0,24.0,1.0,0.0,0,0.0
13,S1,H7,loader,33,687.364703,24.0,0.0,54.2,0,0,24.0,1.0,0.0,0,0.0
14,S1,H1,feller_buncher,33,1176.844281,24.0,0.0,54.2,0,0,24.0,1.0,0.0,0,0.0
14,S1,H2,feller_buncher,33,1194.708925,24.0,0.0,0.0,0,0,24.0,1.0,0.0,0,0.0
14,S1,H3,grapple_skidder,33,778.104169,24.0,0.0,53.24,0,0,24.0,1.0,0.0,0,0.0
14,S1,H4,processor,33,531.895933,24.0,0.0,0.0,0,0,24.0,1.0,0.0,0,0.0
14,S1,H5,processor,33,409.650504,24.0,0.0,53.24,0,0,24.0,1.0,0.0,0,0.0
15,S1,H1,feller_buncher,33,823.7909966999999,24.0,0.0,0.0,0,0,24.0,1.0,0.0,0,0.3
15,S1,H2,feller_buncher,33,814.8346919999999,24.0,0.0,54.92,0,0,24.0,1.0,0.0,0,0.3
15,S1,H3,grapple_skidder,33,484.34991336724994,17.987744118534057,6.0122558814659435,53.24,0,0,24.0,0.7494893382722524,6.012255881465943,1,0.3
15,S1,H4,processor,33,286.75535279999997,24.0,0.0,54.92,0,0,24.0,1.0,0.0,0,0.3
15,S1,H7,loader,33,561.6879478,24.0,0.0,53.48,0,0,24.0,1.0,0.0,0,0.3
16,S1,H1,feller_buncher,33,111.30773800000088,24.0,0.0,0.0,0,0,24.0,1.0,0.0,0,0.0
16,S1,H2,feller_buncher,33,502.7667789999996,24.0,0.0,0.0,0,0,24.0,1.0,0.0,0,0.0
16,S1,H3,grapple_skidder,33,1480.641393,24.0,0.0,54.68,0,0,24.0,1.0,0.0,0,0.0
16,S1,H4,processor,33,531.895933,24.0,0.0,54.92,0,0,24.0,1.0,0.0,0,0.0
16,S1,H5,processor,33,395.784917,24.0,0.0,53.48,0,0,24.0,1.0,0.0,0,0.0
16,S1,H7,loader,33,321.8921738297035,18.201681146486884,5.798318853513116,54.92,0,0,24.0,0.7584033811036202,5.798318853513116,1,0.0
17,S1,H1,feller_buncher,33,308.68098414290336,18.34327422923667,5.65672577076333,53.72,0,0,24.0,0.7643030928848612,5.656725770763332,1,0.3
17,S1,H2,feller_buncher,33,551.1545080999999,24.0,0.0,54.44,0,0,24.0,1.0,0.0,0,0.3
17,S1,H3,grapple_skidder,33,290.62389809586716,24.0,0.0,53.96,0,0,24.0,1.0,0.0,0,0.3
17,S1,H4,processor,33,334.25251343474974,20.11154568183337,3.8884543181666302,53.24,0,0,24.0,0.8379810700763904,3.8884543181666293,1,0.3
17,S1,H5,processor,33,88.56499636724993,24.0,0.0,0.0,1,0,24.0,1.0,0.0,0,0.3
17,S1,H6,processor,33,328.3327887,24.0,0.0,0.0,0,0,24.0,1.0,0.0,0,0.3
17,S1,H7,loader,33,297.1037937,24.0,0.0,0.0,0,0,24.0,1.0,0.0,0,0.3
17,S1,H8,loader,33,561.6879478,24.0,0.0,55.16,0,0,24.0,1.0,0.0,0,0.3
18,S1,H1,feller_buncher,33,1220.906942,24.0,0.0,54.2,0,0,24.0,1.0,0.0,0,0.0
18,S1,H2,feller_buncher,33,486.3476200000001,24.0,0.0,0.0,0,0,24.0,1.0,0.0,0,0.0
18,S1,H3,grapple_skidder,33,1164.728216,24.0,0.0,53.24,0,0,24.0,1.0,0.0,0,0.0
18,S1,H4,processor,33,569.826226,24.0,0.0,0.0,0,0,24.0,1.0,0.0,0,0.0
18,S1,H5,processor,33,290.62389809586716,18.965083044932015,5.034916955067985,53.72,1,0,24.0,0.790211793538834,5.034916955067984,1,0.0
18,S1,H7,loader,33,474.741639,24.0,0.0,53.24,0,0,24.0,1.0,0.0,0,0.0
18,S1,H8,loader,33,456.725789,24.0,0.0,54.44,0,0,24.0,1.0,0.0,0,0.0
19,S1,H1,feller_buncher,33,1013.0077249999999,24.0,0.0,0.0,0,0,24.0,1.0,0.0,0,0.0
19,S1,H2,feller_buncher,33,680.207863,24.0,0.0,53.72,0,0,24.0,1.0,0.0,0,0.0
19,S1,H3,grapple_skidder,33,1037.5021281,24.0,0.0,53.24,1,0,24.0,1.0,0.0,0,0.0
19,S1,H4,processor,33,517.165642,24.0,0.0,53.72,0,0,24.0,1.0,0.0,0,0.0
19,S1,H5,processor,33,0.0,24.0,0.0,0.0,1,0,24.0,1.0,0.0,0,0.0
19,S1,H6,processor,33,469.046841,24.0,0.0,0.0,0,0,24.0,1.0,0.0,0,0.0
19,S1,H7,loader,33,904.0787394347498,24.0,0.0,54.92,1,0,24.0,1.0,0.0,0,0.0
20,S1,H1,feller_buncher,33,1194.708925,24.0,0.0,53.24,0,0,24.0,1.0,0.0,0,0.0
20,S1,H2,feller_buncher,33,364.89843800000006,24.0,0.0,0.0,0,0,24.0,1.0,0.0,0,0.0
20,S1,H3,grapple_skidder,33,1332.369187,24.0,0.0,53.24,0,0,24.0,1.0,0.0,0,0.0
20,S1,H4,processor,33,517.165642,24.0,0.0,0.0,0,0,24.0,1.0,0.0,0,0.0
20,S1,H5,processor,33,259.48425624848295,19.64056186309647,4.359438136903531,53.96,0,0,24.0,0.8183567442956862,4.35943813690353,1,0.0
20,S1,H6,processor,33,441.264891,24.0,0.0,54.44,0,0,24.0,1.0,0.0,0,0.0
20,S1,H7,loader,33,290.62389809586716,18.374505613790063,5.625494386209937,53.96,1,0,24.0,0.765604400574586,5.625494386209938,1,0.0
21,S1,H3,grapple_skidder,33,739.620424,24.0,0.0,55.16,0,0,24.0,1.0,0.0,0,0.0
21,S1,H4,processor,33,531.895933,24.0,0.0,53.48,0,0,24.0,1.0,0.0,0,0.0
21,S1,H5,processor,33,469.046841,24.0,0.0,0.0,0,0,24.0,1.0,0.0,0,0.0
21,S1,H6,processor,33,441.264891,24.0,0.0,0.0,0,0,24.0,1.0,0.0,0,0.0
21,S1,H7,loader,33,687.364703,24.0,0.0,53.24,0,0,24.0,1.0,0.0,0,0.0
22,S1,H3,grapple_skidder,33,1480.641393,24.0,0.0,55.4,0,0,24.0,1.0,0.0,0,0.0
22,S1,H4,processor,33,531.895933,24.0,0.0,0.0,0,0,24.0,1.0,0.0,0,0.0
22,S1,H5,processor,33,481.329283,24.0,0.0,53.48,0,0,24.0,1.0,0.0,0,0.0
22,S1,H6,processor,33,469.046841,24.0,0.0,54.44,0,0,24.0,1.0,0.0,0,0.0
22,S1,H7,loader,33,733.483855,24.0,0.0,53.24,0,0,24.0,1.0,0.0,0,0.0
23,S1,H3,grapple_skidder,33,971.4469297000005,24.0,0.0,53.72,1,0,24.0,1.0,0.0,0,0.0
23,S1,H4,processor,33,443.2628989343786,24.0,0.0,53.24,0,0,24.0,1.0,0.0,0,0.0
23,S1,H5,processor,33,481.329283,24.0,0.0,0.0,0,0,24.0,1.0,0.0,0,0.0
23,S1,H6,processor,33,455.8314257729603,24.0,0.0,0.0,1,0,24.0,1.0,0.0,0,0.0
23,S1,H7,loader,33,802.411354,24.0,0.0,53.24,0,0,24.0,1.0,0.0,0,0.0
24,S1,H3,grapple_skidder,33,739.620424,24.0,0.0,54.68,0,0,24.0,1.0,0.0,0,0.0
24,S1,H4,processor,33,569.826226,24.0,0.0,0.0,0,0,24.0,1.0,0.0,0,0.0
24,S1,H5,processor,33,517.165642,24.0,0.0,54.68,0,0,24.0,1.0,0.0,0,0.0
24,S1,H6,processor,33,154.97234609999992,24.0,0.0,54.44,1,0,24.0,1.0,0.0,0,0.0
24,S1,H7,loader,33,474.741639,24.0,0.0,54.68,0,0,24.0,1.0,0.0,0,0.0
25,S1,H3,grapple_skidder,33,1140.665629342065,24.0,0.0,55.16,1,0,24.0,1.0,0.0,0,0.0
25,S1,H4,processor,33,481.329283,24.0,0.0,55.4,0,0,24.0,1.0,0.0,0,0.0
25,S1,H5,processor,33,517.165642,24.0,0.0,0.0,0,0,24.0,1.0,0.0,0,0.0
25,S1,H7,loader,33,474.741639,24.0,0.0,0.0,0,0,24.0,1.0,0.0,0,0.0
25,S1,H8,loader,33,304.01827309999993,24.0,0.0,54.2,1,0,24.0,1.0,0.0,0,0.0
25,S1,H9,loader,33,937.184825,24.0,0.0,0.0,0,0,24.0,1.0,0.0,0,0.0
26,S1,H3,grapple_skidder,33,778.104169,24.0,0.0,54.68,0,0,24.0,1.0,0.0,0,0.0
26,S1,H4,processor,33,569.826226,24.0,0.0,55.4,0,0,24.0,1.0,0.0,0,0.0
26,S1,H5,processor,33,531.895933,24.0,0.0,53.48,0,0,24.0,1.0,0.0,0,0.0
26,S1,H7,loader,33,687.364703,24.0,0.0,54.2,0,0,24.0,1.0,0.0,0,0.0
26,S1,H8,loader,33,451.958924,24.0,0.0,54.92,0,0,24.0,1.0,0.0,0,0.0
27,S1,H3,grapple_skidder,33,0.0,24.0,0.0,54.2,1,0,24.0,1.0,0.0,0,0.0
27,S1,H4,processor,33,417.75793801670494,21.37567005253729,2.6243299474627086,54.92,0,0,24.0,0.8906529188557205,2.624329947462709,1,0.0
27,S1,H5,processor,33,531.895933,24.0,0.0,0.0,0,0,24.0,1.0,0.0,0,0.0
27,S1,H7,loader,33,645.7305259343785,24.0,0.0,53.72,1,0,24.0,1.0,0.0,0,0.0
27,S1,H8,loader,33,451.958924,24.0,0.0,0.0,0,0,24.0,1.0,0.0,0,0.0
28,S1,H1,feller_buncher,33,1194.708925,24.0,0.0,0.0,0,0,24.0,1.0,0.0,0,0.0
28,S1,H3,grapple_skidder,33,1045.106301,24.0,0.0,53.48,0,0,24.0,1.0,0.0,0,0.0
28,S1,H4,processor,33,328.3064417000003,24.0,0.0,54.2,1,0,24.0,1.0,0.0,0,0.0
28,S1,H7,loader,33,802.411354,24.0,0.0,53.24,0,0,24.0,1.0,0.0,0,0.0
28,S1,H8,loader,33,474.741639,24.0,0.0,53.48,0,0,24.0,1.0,0.0,0,0.0
28,S1,H9,loader,33,451.958924,24.0,0.0,55.4,0,0,24.0,1.0,0.0,0,0.0
29,S1,H3,grapple_skidder,33,517.7342967999999,24.0,0.0,54.2,0,0,24.0,1.0,0.0,0,0.3
29,S1,H4,processor,33,301.63516739999994,24.0,0.0,53.48,0,0,24.0,1.0,0.0,0,0.3
29,S1,H5,processor,33,350.7097933420648,24.0,0.0,0.0,1,0,24.0,1.0,0.0,0,0.3
29,S1,H7,loader,33,481.15529209999994,24.0,0.0,53.48,0,0,24.0,1.0,0.0,0,0.3
29,S1,H8,loader,33,332.3191473,24.0,0.0,0.0,0,0,24.0,1.0,0.0,0,0.3
30,S1,H3,grapple_skidder,33,1480.641393,24.0,0.0,55.4,0,0,24.0,1.0,0.0,0,0.0
30,S1,H4,processor,33,0.0,21.4839266590943,2.516073340905699,53.48,1,0,24.0,0.8951636107955959,2.5160733409057006,1,0.0
30,S1,H5,processor,33,481.329283,24.0,0.0,55.16,0,0,24.0,1.0,0.0,0,0.0
30,S1,H6,processor,33,430.907382,24.0,0.0,53.72,0,0,24.0,1.0,0.0,0,0.0
30,S1,H7,loader,33,802.411354,24.0,0.0,53.48,0,0,24.0,1.0,0.0,0,0.0
30,S1,H8,loader,33,474.741639,24.0,0.0,0.0,0,0,24.0,1.0,0.0,0,0.0
31,S1,H3,grapple_skidder,33,0.0,24.0,0.0,53.24,1,0,24.0,1.0,0.0,0,0.0
31,S1,H4,processor,33,569.826226,24.0,0.0,53.72,0,0,24.0,1.0,0.0,0,0.0
31,S1,H5,processor,33,329.9491537999998,24.0,0.0,0.0,1,0,24.0,1.0,0.0,0,0.0
31,S1,H6,processor,33,183.29153700000006,24.0,0.0,0.0,0,0,24.0,1.0,0.0,0,0.0
31,S1,H7,loader,33,326.9547292416164,24.0,0.0,53.48,0,0,24.0,1.0,0.0,0,0.0
31,S1,H8,loader,33,474.741639,24.0,0.0,0.0,0,0,24.0,1.0,0.0,0,0.0
32,S1,H3,grapple_skidder,33,544.6729182999999,24.0,0.0,54.68,0,0,24.0,1.0,0.0,0,0.3
32,S1,H4,processor,33,398.8783582,24.0,0.0,0.0,0,0,24.0,1.0,0.0,0,0.3
32,S1,H5,processor,33,0.0,24.0,0.0,55.16,1,0,24.0,1.0,0.0,0,0.3
32,S1,H7,loader,33,4.99235869999959,24.0,0.0,0.0,0,0,24.0,1.0,0.0,0,0.3
32,S1,H8,loader,33,294.10763095889496,18.05824610193775,5.941753898062249,53.72,0,0,24.0,0.7524269209140729,5.941753898062249,1,0.3
32,S1,H9,loader,33,316.3712468,24.0,0.0,0.0,0,0,24.0,1.0,0.0,0,0.3
33,S1,H3,grapple_skidder,33,308.68098414290336,24.0,0.0,53.48,1,0,24.0,1.0,0.0,0,0.0
33,S1,H4,processor,33,0.0,24.0,0.0,53.24,1,0,24.0,1.0,0.0,0,0.0
33,S1,H5,processor,33,469.046841,24.0,0.0,54.68,0,0,24.0,1.0,0.0,0,0.0
33,S1,H7,loader,33,937.184825,24.0,0.0,53.72,0,0,24.0,1.0,0.0,0,0.0
33,S1,H8,loader,33,486.708207,24.0,0.0,0.0,0,0,24.0,1.0,0.0,0,0.0
33,S1,H9,loader,33,451.958924,24.0,0.0,0.0,0,0,24.0,1.0,0.0,0,0.0
34,S1,H1,feller_buncher,33,127.14144359468457,21.71030013445073,2.28969986554927,0.0,0,0,24.0,0.904595838935447,2.28969986554927,1,0.0
34,S1,H3,grapple_skidder,33,414.50735799999984,24.0,0.0,53.72,0,0,24.0,1.0,0.0,0,0.0
34,S1,H4,processor,33,308.68098414290336,24.0,0.0,54.2,1,0,24.0,1.0,0.0,0,0.0
34,S1,H5,processor,33,435.97230828329486,24.0,0.0,0.0,1,0,24.0,1.0,0.0,0,0.0
34,S1,H7,loader,33,802.411354,24.0,0.0,53.24,0,0,24.0,1.0,0.0,0,0.0
35,S1,H3,grapple_skidder,33,464.0529645946841,24.0,0.0,55.16,1,0,24.0,1.0,0.0,0,0.0
35,S1,H4,processor,33,0.0,24.0,0.0,0.0,1,0,24.0,1.0,0.0,0,0.0
35,S1,H5,processor,33,409.650504,24.0,0.0,53.24,0,0,24.0,1.0,0.0,0,0.0
35,S1,H7,loader,33,2.340524742066009,24.0,0.0,0.0,1,0,24.0,1.0,0.0,0,0.0
35,S1,H8,loader,33,474.741639,24.0,0.0,53.72,0,0,24.0,1.0,0.0,0,0.0
36,S1,H3,grapple_skidder,33,599.0805925999999,24.0,0.0,54.68,0,0,24.0,1.0,0.0,0,0.3
36,S1,H4,processor,33,398.8783582,24.0,0.0,54.44,0,0,24.0,1.0,0.0,0,0.3
36,S1,H5,processor,33,276.6075746,24.0,0.0,0.0,0,0,24.0,1.0,0.0,0,0.3
36,S1,H7,loader,33,308.68098414290336,24.0,0.0,54.2,1,0,24.0,1.0,0.0,0,0.3
36,S1,H8,loader,33,332.3191473,24.0,0.0,0.0,0,0,24.0,1.0,0.0,0,0.3
37,S1,H3,grapple_skidder,33,286.4796582579273,24.0,0.0,53.72,1,0,24.0,1.0,0.0,0,0.0
37,S1,H4,processor,33,360.77644299999906,24.0,0.0,0.0,0,0,24.0,1.0,0.0,0,0.0
37,S1,H5,processor,33,395.784917,24.0,0.0,53.48,0,0,24.0,1.0,0.0,0,0.0
37,S1,H7,loader,33,0.0,24.0,0.0,0.0,1,0,24.0,1.0,0.0,0,0.0
37,S1,H8,loader,33,424.433991,24.0,0.0,53.24,0,0,24.0,1.0,0.0,0,0.0
38,S1,H3,grapple_skidder,33,778.104169,24.0,0.0,53.48,0,0,24.0,1.0,0.0,0,0.0
38,S1,H4,processor,33,286.4796582579273,24.0,0.0,55.4,1,0,24.0,1.0,0.0,0,0.0
38,S1,H5,processor,33,203.29567559999992,24.0,0.0,0.0,1,0,24.0,1.0,0.0,0,0.0
38,S1,H7,loader,33,791.174560399999,24.0,0.0,54.44,1,0,24.0,1.0,0.0,0,0.0
38,S1,H8,loader,33,424.433991,24.0,0.0,0.0,0,0,24.0,1.0,0.0,0,0.0
39,S1,H3,grapple_skidder,33,678.968019,24.0,0.0,53.72,0,0,24.0,1.0,0.0,0,0.0
39,S1,H4,processor,33,469.046841,24.0,0.0,53.48,0,0,24.0,1.0,0.0,0,0.0
39,S1,H5,processor,33,0.0,24.0,0.0,0.0,1,0,24.0,1.0,0.0,0,0.0
39,S1,H7,loader,33,0.0,24.0,0.0,0.0,1,0,24.0,1.0,0.0,0,0.0
39,S1,H8,loader,33,324.45048987029645,24.0,0.0,0.0,1,0,24.0,1.0,0.0,0,0.0
39,S1,H9,loader,33,451.958924,24.0,0.0,0.0,0,0,24.0,1.0,0.0,0,0.0
40,S1,H4,processor,33,547.23705,24.0,0.0,53.72,0,0,24.0,1.0,0.0,0,0.0
40,S1,H7,loader,33,474.741639,24.0,0.0,54.92,0,0,24.0,1.0,0.0,0,0.0
40,S1,H8,loader,33,456.725789,24.0,0.0,53.48,0,0,24.0,1.0,0.0,0,0.0
40,S1,H9,loader,33,134.70578599999976,24.0,0.0,0.0,0,0,24.0,1.0,0.0,0,0.0
41,S1,H4,processor,33,309.057328,24.0,0.0,53.72,1,0,24.0,1.0,0.0,0,0.3
41,S1,H7,loader,33,340.1002318,24.0,0.0,53.72,0,0,24.0,1.0,0.0,0,0.3
41,S1,H8,loader,33,169.97892796724983,24.0,0.0,0.0,1,0,24.0,1.0,0.0,0,0.3
42,S1,H3,grapple_skidder,33,475.2776133,24.0,0.0,0.0,0,0,24.0,1.0,0.0,0,0.3
42,S1,H7,loader,33,332.3191473,24.0,0.0,53.72,0,0,24.0,1.0,0.0,0,0.3
42,S1,H8,loader,33,0.0,24.0,0.0,0.0,1,0,24.0,1.0,0.0,0,0.3
1,S1,H1,feller_buncher,34,1220.906942,24.0,0.0,0.0,0,0,24.0,1.0,0.0,0,0.0
1,S1,H2,feller_buncher,34,1299.478592,24.0,0.0,0.0,0,0,24.0,1.0,0.0,0,0.0
2,S1,H1,feller_buncher,34,1220.906942,24.0,0.0,0.0,0,0,24.0,1.0,0.0,0,0.0
2,S1,H2,feller_buncher,34,1164.04956,24.0,0.0,53.72,0,0,24.0,1.0,0.0,0,0.0
2,S1,H3,grapple_skidder,34,678.968019,24.0,0.0,0.0,0,0,24.0,1.0,0.0,0,0.0
3,S1,H1,feller_buncher,34,1176.844281,24.0,0.0,53.48,0,0,24.0,1.0,0.0,0,0.0
3,S1,H2,feller_buncher,34,689.4463185583128,18.616979822842545,5.383020177157455,53.24,0,0,24.0,0.7757074926184394,5.383020177157454,1,0.0
3,S1,H3,grapple_skidder,34,778.104169,24.0,0.0,53.72,0,0,24.0,1.0,0.0,0,0.0
3,S1,H4,processor,34,547.23705,24.0,0.0,0.0,0,0,24.0,1.0,0.0,0,0.0
4,S1,H1,feller_buncher,34,823.7909966999999,24.0,0.0,0.0,0,0,24.0,1.0,0.0,0,0.3
4,S1,H2,feller_buncher,34,622.1577432,24.0,0.0,0.0,0,0,24.0,1.0,0.0,0,0.3
4,S1,H3,grapple_skidder,34,932.6584309,24.0,0.0,54.68,0,0,24.0,1.0,0.0,0,0.3
4,S1,H4,processor,34,328.3327887,24.0,0.0,53.72,0,0,24.0,1.0,0.0,0,0.3
4,S1,H7,loader,34,340.1002318,24.0,0.0,0.0,0,0,24.0,1.0,0.0,0,0.3
5,S1,H1,feller_buncher,34,1164.04956,24.0,0.0,54.2,0,0,24.0,1.0,0.0,0,0.0
5,S1,H2,feller_buncher,34,961.553907,24.0,0.0,53.24,0,0,24.0,1.0,0.0,0,0.0
5,S1,H3,grapple_skidder,34,1164.728216,24.0,0.0,53.48,0,0,24.0,1.0,0.0,0,0.0
5,S1,H4,processor,34,457.4037374840171,20.63879232484451,3.361207675155491,54.68,0,0,24.0,0.8599496802018546,3.361207675155489,1,0.0
6,S1,H1,feller_buncher,34,179.31349939999984,24.0,0.0,53.24,0,0,24.0,1.0,0.0,0,0.3
6,S1,H2,feller_buncher,34,673.0877349,24.0,0.0,0.0,0,0,24.0,1.0,0.0,0,0.3
6,S1,H3,grapple_skidder,34,815.3097511999999,24.0,0.0,0.0,0,0,24.0,1.0,0.0,0,0.3
6,S1,H4,processor,34,372.3271531,24.0,0.0,0.0,0,0,24.0,1.0,0.0,0,0.3
7,S1,H1,feller_buncher,34,837.1267678096359,17.259610860066182,6.740389139933818,53.24,0,0,24.0,0.7191504525027576,6.740389139933817,1,0.0
7,S1,H2,feller_buncher,34,961.553907,24.0,0.0,0.0,0,0,24.0,1.0,0.0,0,0.0
7,S1,H3,grapple_skidder,34,809.624168,24.0,0.0,54.44,0,0,24.0,1.0,0.0,0,0.0
7,S1,H4,processor,34,517.165642,24.0,0.0,53.48,0,0,24.0,1.0,0.0,0,0.0
7,S1,H7,loader,34,802.411354,24.0,0.0,55.4,0,0,24.0,1.0,0.0,0,0.0
8,S1,H1,feller_buncher,34,533.2281917102384,24.0,0.0,53.24,0,0,24.0,1.0,0.0,0,0.0
8,S1,H2,feller_buncher,34,413.7565330000002,24.0,0.0,0.0,0,0,24.0,1.0,0.0,0,0.0
8,S1,H3,grapple_skidder,34,778.104169,24.0,0.0,53.24,0,0,24.0,1.0,0.0,0,0.0
8,S1,H4,processor,34,517.165642,24.0,0.0,0.0,0,0,24.0,1.0,0.0,0,0.0
8,S1,H5,processor,34,409.650504,24.0,0.0,0.0,0,0,24.0,1.0,0.0,0,0.0
9,S1,H1,feller_buncher,34,1299.478592,24.0,0.0,53.96,0,0,24.0,1.0,0.0,0,0.0
9,S1,H2,feller_buncher,34,1220.906942,24.0,0.0,55.16,0,0,24.0,1.0,0.0,0,0.0
9,S1,H3,grapple_skidder,34,778.104169,24.0,0.0,0.0,0,0,24.0,1.0,0.0,0,0.0
9,S1,H7,loader,34,524.5198305331965,18.31411458553861,5.685885414461389,53.48,0,0,24.0,0.7630881077307755,5.6858854144613895,1,0.0
10,S1,H1,feller_buncher,34,1299.478592,24.0,0.0,0.0,0,0,24.0,1.0,0.0,0,0.0
10,S1,H2,feller_buncher,34,860.013242,24.0,0.0,54.44,0,0,24.0,1.0,0.0,0,0.0
10,S1,H3,grapple_skidder,34,739.620424,24.0,0.0,53.48,0,0,24.0,1.0,0.0,0,0.0
10,S1,H4,processor,34,517.165642,24.0,0.0,0.0,0,0,24.0,1.0,0.0,0,0.0
10,S1,H5,processor,34,411.09801982352764,21.034898038604773,2.965101961395227,53.24,0,0,24.0,0.8764540849418655,2.9651019613952285,1,0.0
11,S1,H1,feller_buncher,34,1299.478592,24.0,0.0,0.0,0,0,24.0,1.0,0.0,0,0.0
11,S1,H2,feller_buncher,34,35.36216391593347,24.0,0.0,0.0,0,0,24.0,1.0,0.0,0,0.0
11,S1,H3,grapple_skidder,34,778.104169,24.0,0.0,53.48,0,0,24.0,1.0,0.0,0,0.0
11,S1,H4,processor,34,481.329283,24.0,0.0,54.68,0,0,24.0,1.0,0.0,0,0.0
11,S1,H7,loader,34,687.364703,24.0,0.0,0.0,0,0,24.0,1.0,0.0,0,0.0
12,S1,H1,feller_buncher,34,356.0085949999998,24.0,0.0,0.0,0,0,24.0,1.0,0.0,0,0.0
12,S1,H2,feller_buncher,34,674.603847,24.0,0.0,53.72,0,0,24.0,1.0,0.0,0,0.0
12,S1,H3,grapple_skidder,34,1332.369187,24.0,0.0,54.68,0,0,24.0,1.0,0.0,0,0.0
12,S1,H4,processor,34,428.5410411999999,24.0,0.0,54.68,1,0,24.0,1.0,0.0,0,0.0
12,S1,H7,loader,34,474.741639,24.0,0.0,54.2,0,0,24.0,1.0,0.0,0,0.0
12,S1,H8,loader,34,451.958924,24.0,0.0,0.0,0,0,24.0,1.0,0.0,0,0.0
13,S1,H1,feller_buncher,34,1164.04956,24.0,0.0,53.72,0,0,24.0,1.0,0.0,0,0.0
13,S1,H2,feller_buncher,34,1194.708925,24.0,0.0,53.96,0,0,24.0,1.0,0.0,0,0.0
13,S1,H3,grapple_skidder,34,681.2933931583127,24.0,0.0,54.92,1,0,24.0,1.0,0.0,0,0.0
13,S1,H4,processor,34,531.895933,24.0,0.0,53.48,0,0,24.0,1.0,0.0,0,0.0
13,S1,H7,loader,34,687.364703,24.0,0.0,54.2,0,0,24.0,1.0,0.0,0,0.0
14,S1,H1,feller_buncher,34,1176.844281,24.0,0.0,54.2,0,0,24.0,1.0,0.0,0,0.0
14,S1,H2,feller_buncher,34,1194.708925,24.0,0.0,0.0,0,0,24.0,1.0,0.0,0,0.0
14,S1,H3,grapple_skidder,34,778.104169,24.0,0.0,53.24,0,0,24.0,1.0,0.0,0,0.0
14,S1,H4,processor,34,531.895933,24.0,0.0,0.0,0,0,24.0,1.0,0.0,0,0.0
14,S1,H5,processor,34,283.6417818673559,24.0,0.0,53.24,0,0,24.0,1.0,0.0,0,0.0
15,S1,H1,feller_buncher,34,1176.844281,24.0,0.0,0.0,0,0,24.0,1.0,0.0,0,0.0
15,S1,H2,feller_buncher,34,645.9013678884236,24.0,0.0,54.92,0,0,24.0,1.0,0.0,0,0.0
15,S1,H3,grapple_skidder,34,923.199854,24.0,0.0,53.24,0,0,24.0,1.0,0.0,0,0.0
15,S1,H4,processor,34,409.650504,24.0,0.0,54.92,0,0,24.0,1.0,0.0,0,0.0
15,S1,H7,loader,34,802.411354,24.0,0.0,53.48,0,0,24.0,1.0,0.0,0,0.0
16,S1,H1,feller_buncher,34,111.30773800000088,24.0,0.0,0.0,0,0,24.0,1.0,0.0,0,0.0
16,S1,H2,feller_buncher,34,502.7667789999996,24.0,0.0,0.0,0,0,24.0,1.0,0.0,0,0.0
16,S1,H3,grapple_skidder,34,1480.641393,24.0,0.0,54.68,0,0,24.0,1.0,0.0,0,0.0
16,S1,H4,processor,34,371.5048613159829,24.0,0.0,54.92,1,0,24.0,1.0,0.0,0,0.0
16,S1,H5,processor,34,395.784917,24.0,0.0,53.48,0,0,24.0,1.0,0.0,0,0.0
16,S1,H7,loader,34,424.433991,24.0,0.0,54.92,0,0,24.0,1.0,0.0,0,0.0
17,S1,H1,feller_buncher,34,403.87247809999997,24.0,0.0,53.72,0,0,24.0,1.0,0.0,0,0.3
17,S1,H2,feller_buncher,34,482.43132935194456,21.007452056159046,2.992547943840954,54.44,0,0,24.0,0.8753105023399602,2.992547943840954,1,0.3
17,S1,H3,grapple_skidder,34,472.22269289999997,24.0,0.0,53.96,0,0,24.0,1.0,0.0,0,0.3
17,S1,H4,processor,34,187.74402387749058,24.0,0.0,53.24,0,0,24.0,1.0,0.0,0,0.3
17,S1,H5,processor,34,277.0494419,24.0,0.0,0.0,0,0,24.0,1.0,0.0,0,0.3
17,S1,H6,processor,34,328.3327887,24.0,0.0,0.0,0,0,24.0,1.0,0.0,0,0.3
17,S1,H7,loader,34,297.1037937,24.0,0.0,0.0,0,0,24.0,1.0,0.0,0,0.3
17,S1,H8,loader,34,561.6879478,24.0,0.0,55.16,0,0,24.0,1.0,0.0,0,0.3
18,S1,H1,feller_buncher,34,1220.906942,24.0,0.0,54.2,0,0,24.0,1.0,0.0,0,0.0
18,S1,H2,feller_buncher,34,486.3476200000001,24.0,0.0,0.0,0,0,24.0,1.0,0.0,0,0.0
18,S1,H3,grapple_skidder,34,1164.728216,24.0,0.0,53.24,0,0,24.0,1.0,0.0,0,0.0
18,S1,H4,processor,34,569.826226,24.0,0.0,0.0,0,0,24.0,1.0,0.0,0,0.0
18,S1,H5,processor,34,192.83807759013177,24.0,0.0,53.72,0,0,24.0,1.0,0.0,0,0.0
18,S1,H7,loader,34,474.741639,24.0,0.0,53.24,0,0,24.0,1.0,0.0,0,0.0
18,S1,H8,loader,34,456.725789,24.0,0.0,54.44,0,0,24.0,1.0,0.0,0,0.0
19,S1,H1,feller_buncher,34,548.1127633113858,24.0,0.0,0.0,0,0,24.0,1.0,0.0,0,0.0
19,S1,H2,feller_buncher,34,680.207863,24.0,0.0,53.72,0,0,24.0,1.0,0.0,0,0.0
19,S1,H3,grapple_skidder,34,968.7789493519447,24.0,0.0,53.24,1,0,24.0,1.0,0.0,0,0.0
19,S1,H4,processor,34,517.165642,24.0,0.0,53.72,0,0,24.0,1.0,0.0,0,0.0
19,S1,H5,processor,34,218.52151199999997,24.0,0.0,0.0,0,0,24.0,1.0,0.0,0,0.0
19,S1,H6,processor,34,469.046841,24.0,0.0,0.0,0,0,24.0,1.0,0.0,0,0.0
19,S1,H7,loader,34,757.5702498774906,24.0,0.0,54.92,1,0,24.0,1.0,0.0,0,0.0
20,S1,H1,feller_buncher,34,1194.708925,24.0,0.0,53.24,0,0,24.0,1.0,0.0,0,0.0
20,S1,H2,feller_buncher,34,364.89843800000006,24.0,0.0,0.0,0,0,24.0,1.0,0.0,0,0.0
20,S1,H3,grapple_skidder,34,1332.369187,24.0,0.0,53.24,0,0,24.0,1.0,0.0,0,0.0
20,S1,H4,processor,34,517.165642,24.0,0.0,0.0,0,0,24.0,1.0,0.0,0,0.0
20,S1,H5,processor,34,469.046841,24.0,0.0,53.96,0,0,24.0,1.0,0.0,0,0.0
20,S1,H6,processor,34,441.264891,24.0,0.0,54.44,0,0,24.0,1.0,0.0,0,0.0
20,S1,H7,loader,34,411.35958959013175,24.0,0.0,53.96,1,0,24.0,1.0,0.0,0,0.0
21,S1,H3,grapple_skidder,34,739.620424,24.0,0.0,55.16,0,0,24.0,1.0,0.0,0,0.0
21,S1,H4,processor,34,217.20227024866858,24.0,0.0,53.48,0,0,24.0,1.0,0.0,0,0.0
21,S1,H5,processor,34,469.046841,24.0,0.0,0.0,0,0,24.0,1.0,0.0,0,0.0
21,S1,H6,processor,34,441.264891,24.0,0.0,0.0,0,0,24.0,1.0,0.0,0,0.0
21,S1,H7,loader,34,687.364703,24.0,0.0,53.24,0,0,24.0,1.0,0.0,0,0.0
22,S1,H3,grapple_skidder,34,1204.6053304482596,19.525678579187353,4.474321420812647,55.4,0,0,24.0,0.8135699407994731,4.474321420812647,1,0.0
22,S1,H4,processor,34,304.81241668768865,24.0,0.0,0.0,0,0,24.0,1.0,0.0,0,0.0
22,S1,H5,processor,34,481.329283,24.0,0.0,53.48,0,0,24.0,1.0,0.0,0,0.0
22,S1,H6,processor,34,339.34926975618384,17.363686869278823,6.636313130721177,54.44,0,0,24.0,0.7234869528866176,6.636313130721177,1,0.0
22,S1,H7,loader,34,733.483855,24.0,0.0,53.24,0,0,24.0,1.0,0.0,0,0.0
23,S1,H3,grapple_skidder,34,1164.728216,24.0,0.0,53.72,0,0,24.0,1.0,0.0,0,0.0
23,S1,H4,processor,34,388.6537232587645,24.0,0.0,53.24,0,0,24.0,1.0,0.0,0,0.0
23,S1,H5,processor,34,481.329283,24.0,0.0,0.0,0,0,24.0,1.0,0.0,0,0.0
23,S1,H6,processor,34,469.046841,24.0,0.0,0.0,0,0,24.0,1.0,0.0,0,0.0
23,S1,H7,loader,34,620.5316490363573,24.0,0.0,53.24,1,0,24.0,1.0,0.0,0,0.0
24,S1,H3,grapple_skidder,34,739.620424,24.0,0.0,54.68,0,0,24.0,1.0,0.0,0,0.0
24,S1,H4,processor,34,569.826226,24.0,0.0,0.0,0,0,24.0,1.0,0.0,0,0.0
24,S1,H5,processor,34,517.165642,24.0,0.0,54.68,0,0,24.0,1.0,0.0,0,0.0
24,S1,H6,processor,34,86.24916735194466,24.0,0.0,54.44,1,0,24.0,1.0,0.0,0,0.0
24,S1,H7,loader,34,474.741639,24.0,0.0,54.68,0,0,24.0,1.0,0.0,0,0.0
25,S1,H3,grapple_skidder,34,1332.369187,24.0,0.0,55.16,0,0,24.0,1.0,0.0,0,0.0
25,S1,H4,processor,34,481.329283,24.0,0.0,55.4,0,0,24.0,1.0,0.0,0,0.0
25,S1,H5,processor,34,517.165642,24.0,0.0,0.0,0,0,24.0,1.0,0.0,0,0.0
25,S1,H7,loader,34,474.741639,24.0,0.0,0.0,0,0,24.0,1.0,0.0,0,0.0
25,S1,H8,loader,34,235.29509435194467,24.0,0.0,54.2,1,0,24.0,1.0,0.0,0,0.0
25,S1,H9,loader,34,937.184825,24.0,0.0,0.0,0,0,24.0,1.0,0.0,0,0.0
26,S1,H3,grapple_skidder,34,778.104169,24.0,0.0,54.68,0,0,24.0,1.0,0.0,0,0.0
26,S1,H4,processor,34,471.0294933835449,19.838868983901556,4.1611310160984445,55.4,0,0,24.0,0.8266195409958982,4.161131016098446,1,0.0
26,S1,H5,processor,34,383.5148519267007,24.0,0.0,53.48,0,0,24.0,1.0,0.0,0,0.0
26,S1,H7,loader,34,590.1128374668887,20.604357537406646,3.3956424625933543,54.2,0,0,24.0,0.8585148973919435,3.3956424625933543,1,0.0
26,S1,H8,loader,34,451.958924,24.0,0.0,54.92,0,0,24.0,1.0,0.0,0,0.0
27,S1,H3,grapple_skidder,34,156.13717850000057,24.0,0.0,54.2,1,0,24.0,1.0,0.0,0,0.0
27,S1,H4,processor,34,469.046841,24.0,0.0,54.92,0,0,24.0,1.0,0.0,0,0.0
27,S1,H5,processor,34,531.895933,24.0,0.0,0.0,0,0,24.0,1.0,0.0,0,0.0
27,S1,H7,loader,34,492.3246176423093,24.0,0.0,53.72,1,0,24.0,1.0,0.0,0,0.0
27,S1,H8,loader,34,451.958924,24.0,0.0,0.0,0,0,24.0,1.0,0.0,0,0.0
28,S1,H1,feller_buncher,34,1194.708925,24.0,0.0,0.0,0,0,24.0,1.0,0.0,0,0.0
28,S1,H3,grapple_skidder,34,1045.106301,24.0,0.0,53.48,0,0,24.0,1.0,0.0,0,0.0
28,S1,H4,processor,34,416.93104250000033,24.0,0.0,54.2,1,0,24.0,1.0,0.0,0,0.0
28,S1,H7,loader,34,802.411354,24.0,0.0,53.24,0,0,24.0,1.0,0.0,0,0.0
28,S1,H8,loader,34,474.741639,24.0,0.0,53.48,0,0,24.0,1.0,0.0,0,0.0
28,S1,H9,loader,34,451.958924,24.0,0.0,55.4,0,0,24.0,1.0,0.0,0,0.0
29,S1,H3,grapple_skidder,34,517.7342967999999,24.0,0.0,54.2,0,0,24.0,1.0,0.0,0,0.3
29,S1,H4,processor,34,256.9712373615512,20.446255487506622,3.5537445124933775,53.48,0,0,24.0,0.8519273119794426,3.5537445124933784,1,0.3
29,S1,H5,processor,34,372.3271531,24.0,0.0,0.0,0,0,24.0,1.0,0.0,0,0.3
29,S1,H7,loader,34,481.15529209999994,24.0,0.0,53.48,0,0,24.0,1.0,0.0,0,0.3
29,S1,H8,loader,34,332.3191473,24.0,0.0,0.0,0,0,24.0,1.0,0.0,0,0.3
30,S1,H3,grapple_skidder,34,1480.641393,24.0,0.0,55.4,0,0,24.0,1.0,0.0,0,0.0
30,S1,H4,processor,34,0.0,24.0,0.0,53.48,1,0,24.0,1.0,0.0,0,0.0
30,S1,H5,processor,34,481.329283,24.0,0.0,55.16,0,0,24.0,1.0,0.0,0,0.0
30,S1,H6,processor,34,430.907382,24.0,0.0,53.72,0,0,24.0,1.0,0.0,0,0.0
30,S1,H7,loader,34,485.3265840267007,24.0,0.0,53.48,1,0,24.0,1.0,0.0,0,0.0
30,S1,H8,loader,34,474.741639,24.0,0.0,0.0,0,0,24.0,1.0,0.0,0,0.0
31,S1,H3,grapple_skidder,34,397.0111214999995,24.0,0.0,53.24,0,0,24.0,1.0,0.0,0,0.3
31,S1,H4,processor,34,398.8783582,24.0,0.0,53.72,0,0,24.0,1.0,0.0,0,0.3
31,S1,H5,processor,34,329.9491537999998,24.0,0.0,0.0,1,0,24.0,1.0,0.0,0,0.3
31,S1,H6,processor,34,128.30407590000004,24.0,0.0,0.0,0,0,24.0,1.0,0.0,0,0.3
31,S1,H7,loader,34,481.15529209999994,24.0,0.0,53.48,0,0,24.0,1.0,0.0,0,0.3
31,S1,H8,loader,34,203.37371217122188,24.0,0.0,0.0,0,0,24.0,1.0,0.0,0,0.3
32,S1,H3,grapple_skidder,34,778.104169,24.0,0.0,54.68,0,0,24.0,1.0,0.0,0,0.0
32,S1,H4,processor,34,569.826226,24.0,0.0,0.0,0,0,24.0,1.0,0.0,0,0.0
32,S1,H5,processor,34,531.895933,24.0,0.0,55.16,0,0,24.0,1.0,0.0,0,0.0
32,S1,H7,loader,34,7.131940999999415,24.0,0.0,0.0,0,0,24.0,1.0,0.0,0,0.0
32,S1,H8,loader,34,558.398094,24.0,0.0,53.72,0,0,24.0,1.0,0.0,0,0.0
32,S1,H9,loader,34,451.958924,24.0,0.0,0.0,0,0,24.0,1.0,0.0,0,0.0
33,S1,H3,grapple_skidder,34,403.87247809999997,24.0,0.0,53.48,1,0,24.0,1.0,0.0,0,0.0
33,S1,H4,processor,34,45.780229999999165,24.0,0.0,53.24,0,0,24.0,1.0,0.0,0,0.0
33,S1,H5,processor,34,338.8765417185079,17.339498511288745,6.660501488711255,54.68,0,0,24.0,0.722479104637031,6.660501488711255,1,0.0
33,S1,H7,loader,34,731.0138841700234,18.720248932840498,5.279751067159502,53.72,0,0,24.0,0.7800103722016875,5.279751067159502,1,0.0
33,S1,H8,loader,34,257.7846012615512,24.0,0.0,0.0,1,0,24.0,1.0,0.0,0,0.0
33,S1,H9,loader,34,451.958924,24.0,0.0,0.0,0,0,24.0,1.0,0.0,0,0.0
34,S1,H1,feller_buncher,34,140.55055100000027,24.0,0.0,0.0,0,0,24.0,1.0,0.0,0,0.0
34,S1,H3,grapple_skidder,34,0.0,24.0,0.0,53.72,1,0,24.0,1.0,0.0,0,0.0
34,S1,H4,processor,34,403.87247809999997,24.0,0.0,54.2,1,0,24.0,1.0,0.0,0,0.0
34,S1,H5,processor,34,469.046841,24.0,0.0,0.0,0,0,24.0,1.0,0.0,0,0.0
34,S1,H7,loader,34,577.6761629999992,24.0,0.0,53.24,1,0,24.0,1.0,0.0,0,0.0
35,S1,H3,grapple_skidder,34,477.4620719999998,24.0,0.0,55.16,0,0,24.0,1.0,0.0,0,0.0
35,S1,H4,processor,34,0.0,24.0,0.0,0.0,1,0,24.0,1.0,0.0,0,0.0
35,S1,H5,processor,34,387.9747712909569,24.0,0.0,53.24,1,0,24.0,1.0,0.0,0,0.0
35,S1,H7,loader,34,0.0,24.0,0.0,0.0,1,0,24.0,1.0,0.0,0,0.0
35,S1,H8,loader,34,474.741639,24.0,0.0,53.72,0,0,24.0,1.0,0.0,0,0.0
36,S1,H3,grapple_skidder,34,505.40374362617194,24.0,0.0,54.68,1,0,24.0,1.0,0.0,0,0.0
36,S1,H4,processor,34,569.826226,24.0,0.0,54.44,0,0,24.0,1.0,0.0,0,0.0
36,S1,H5,processor,34,0.0,24.0,0.0,0.0,1,0,24.0,1.0,0.0,0,0.0
36,S1,H7,loader,34,403.87247809999997,24.0,0.0,54.2,1,0,24.0,1.0,0.0,0,0.0
36,S1,H8,loader,34,474.741639,24.0,0.0,0.0,0,0,24.0,1.0,0.0,0,0.0
37,S1,H3,grapple_skidder,34,205.41829691724726,24.0,0.0,53.72,0,0,24.0,1.0,0.0,0,0.0
37,S1,H4,processor,34,360.77644299999906,24.0,0.0,0.0,0,0,24.0,1.0,0.0,0,0.0
37,S1,H5,processor,34,395.784917,24.0,0.0,53.48,0,0,24.0,1.0,0.0,0,0.0
37,S1,H7,loader,34,0.0,24.0,0.0,0.0,1,0,24.0,1.0,0.0,0,0.0
37,S1,H8,loader,34,424.433991,24.0,0.0,53.24,0,0,24.0,1.0,0.0,0,0.0
38,S1,H3,grapple_skidder,34,31.21441169805894,24.0,0.0,53.48,1,0,24.0,1.0,0.0,0,0.0
38,S1,H4,processor,34,205.41829691724726,24.0,0.0,55.4,1,0,24.0,1.0,0.0,0,0.0
38,S1,H5,processor,34,359.984321726172,24.0,0.0,0.0,1,0,24.0,1.0,0.0,0,0.0
38,S1,H7,loader,34,937.184825,24.0,0.0,54.44,0,0,24.0,1.0,0.0,0,0.0
38,S1,H8,loader,34,344.9457854583128,24.0,0.0,0.0,1,0,24.0,1.0,0.0,0,0.0
39,S1,H3,grapple_skidder,34,678.968019,24.0,0.0,53.72,0,0,24.0,1.0,0.0,0,0.0
39,S1,H4,processor,34,469.046841,24.0,0.0,53.48,0,0,24.0,1.0,0.0,0,0.0
39,S1,H5,processor,34,0.0,24.0,0.0,0.0,1,0,24.0,1.0,0.0,0,0.0
39,S1,H7,loader,34,231.10854402997552,24.0,0.0,0.0,1,0,24.0,1.0,0.0,0,0.0
39,S1,H8,loader,34,0.0,24.0,0.0,0.0,1,0,24.0,1.0,0.0,0,0.0
39,S1,H9,loader,34,230.2603217172468,24.0,0.0,0.0,1,0,24.0,1.0,0.0,0,0.0
40,S1,H4,processor,34,547.23705,24.0,0.0,53.72,0,0,24.0,1.0,0.0,0,0.0
40,S1,H7,loader,34,474.741639,24.0,0.0,54.92,0,0,24.0,1.0,0.0,0,0.0
40,S1,H8,loader,34,456.725789,24.0,0.0,53.48,0,0,24.0,1.0,0.0,0,0.0
40,S1,H9,loader,34,0.0,24.0,0.0,0.0,1,0,24.0,1.0,0.0,0,0.0
41,S1,H4,processor,34,448.6262989998395,24.0,0.0,53.72,1,0,24.0,1.0,0.0,0,0.0
41,S1,H7,loader,34,485.857474,24.0,0.0,53.72,0,0,24.0,1.0,0.0,0,0.0
41,S1,H8,loader,34,456.725789,24.0,0.0,0.0,0,0,24.0,1.0,0.0,0,0.0
42,S1,H3,grapple_skidder,34,678.968019,24.0,0.0,0.0,0,0,24.0,1.0,0.0,0,0.0
42,S1,H7,loader,34,474.741639,24.0,0.0,53.72,0,0,24.0,1.0,0.0,0,0.0
42,S1,H8,loader,34,58.42623062617196,24.0,0.0,0.0,1,0,24.0,1.0,0.0,0,0.0
1,S1,H1,feller_buncher,35,1220.906942,24.0,0.0,0.0,0,0,24.0,1.0,0.0,0,0.0
1,S1,H2,feller_buncher,35,1299.478592,24.0,0.0,0.0,0,0,24.0,1.0,0.0,0,0.0
2,S1,H1,feller_buncher,35,1220.906942,24.0,0.0,0.0,0,0,24.0,1.0,0.0,0,0.0
2,S1,H2,feller_buncher,35,1164.04956,24.0,0.0,53.72,0,0,24.0,1.0,0.0,0,0.0
2,S1,H3,grapple_skidder,35,351.05392208279113,24.0,0.0,0.0,0,0,24.0,1.0,0.0,0,0.0
3,S1,H1,feller_buncher,35,1176.844281,24.0,0.0,53.48,0,0,24.0,1.0,0.0,0,0.0
3,S1,H2,feller_buncher,35,888.796776,24.0,0.0,53.24,0,0,24.0,1.0,0.0,0,0.0
3,S1,H3,grapple_skidder,35,778.104169,24.0,0.0,53.72,0,0,24.0,1.0,0.0,0,0.0
3,S1,H4,processor,35,351.05392208279113,24.0,0.0,0.0,1,0,24.0,1.0,0.0,0,0.0
4,S1,H1,feller_buncher,35,1176.844281,24.0,0.0,0.0,0,0,24.0,1.0,0.0,0,0.0
4,S1,H2,feller_buncher,35,888.796776,24.0,0.0,0.0,0,0,24.0,1.0,0.0,0,0.0
4,S1,H3,grapple_skidder,35,1332.369187,24.0,0.0,54.68,0,0,24.0,1.0,0.0,0,0.0
4,S1,H4,processor,35,469.046841,24.0,0.0,53.72,0,0,24.0,1.0,0.0,0,0.0
4,S1,H7,loader,35,351.05392208279113,24.0,0.0,0.0,1,0,24.0,1.0,0.0,0,0.0
5,S1,H1,feller_buncher,35,1164.04956,24.0,0.0,54.2,0,0,24.0,1.0,0.0,0,0.0
5,S1,H2,feller_buncher,35,961.553907,24.0,0.0,53.24,0,0,24.0,1.0,0.0,0,0.0
5,S1,H3,grapple_skidder,35,1164.728216,24.0,0.0,53.48,0,0,24.0,1.0,0.0,0,0.0
5,S1,H4,processor,35,531.895933,24.0,0.0,54.68,0,0,24.0,1.0,0.0,0,0.0
6,S1,H1,feller_buncher,35,256.1621419999998,24.0,0.0,53.24,0,0,24.0,1.0,0.0,0,0.0
6,S1,H2,feller_buncher,35,961.553907,24.0,0.0,0.0,0,0,24.0,1.0,0.0,0,0.0
6,S1,H3,grapple_skidder,35,1164.728216,24.0,0.0,0.0,0,0,24.0,1.0,0.0,0,0.0
6,S1,H4,processor,35,531.895933,24.0,0.0,0.0,0,0,24.0,1.0,0.0,0,0.0
7,S1,H1,feller_buncher,35,1164.04956,24.0,0.0,53.24,0,0,24.0,1.0,0.0,0,0.0
7,S1,H2,feller_buncher,35,961.553907,24.0,0.0,0.0,0,0,24.0,1.0,0.0,0,0.0
7,S1,H3,grapple_skidder,35,809.624168,24.0,0.0,54.44,0,0,24.0,1.0,0.0,0,0.0
7,S1,H4,processor,35,517.165642,24.0,0.0,53.48,0,0,24.0,1.0,0.0,0,0.0
7,S1,H7,loader,35,802.411354,24.0,0.0,55.4,0,0,24.0,1.0,0.0,0,0.0
8,S1,H1,feller_buncher,35,860.013242,24.0,0.0,53.24,0,0,24.0,1.0,0.0,0,0.0
8,S1,H2,feller_buncher,35,413.7565330000002,24.0,0.0,0.0,0,0,24.0,1.0,0.0,0,0.0
8,S1,H3,grapple_skidder,35,778.104169,24.0,0.0,53.24,0,0,24.0,1.0,0.0,0,0.0
8,S1,H4,processor,35,517.165642,24.0,0.0,0.0,0,0,24.0,1.0,0.0,0,0.0
8,S1,H5,processor,35,409.650504,24.0,0.0,0.0,0,0,24.0,1.0,0.0,0,0.0
9,S1,H1,feller_buncher,35,1299.478592,24.0,0.0,53.96,0,0,24.0,1.0,0.0,0,0.0
9,S1,H2,feller_buncher,35,1220.906942,24.0,0.0,55.16,0,0,24.0,1.0,0.0,0,0.0
9,S1,H3,grapple_skidder,35,778.104169,24.0,0.0,0.0,0,0,24.0,1.0,0.0,0,0.0
9,S1,H7,loader,35,687.364703,24.0,0.0,53.48,0,0,24.0,1.0,0.0,0,0.0
10,S1,H1,feller_buncher,35,1299.478592,24.0,0.0,0.0,0,0,24.0,1.0,0.0,0,0.0
10,S1,H2,feller_buncher,35,860.013242,24.0,0.0,54.44,0,0,24.0,1.0,0.0,0,0.0
10,S1,H3,grapple_skidder,35,739.620424,24.0,0.0,53.48,0,0,24.0,1.0,0.0,0,0.0
10,S1,H4,processor,35,517.165642,24.0,0.0,0.0,0,0,24.0,1.0,0.0,0,0.0
10,S1,H5,processor,35,469.046841,24.0,0.0,53.24,0,0,24.0,1.0,0.0,0,0.0
11,S1,H1,feller_buncher,35,1299.478592,24.0,0.0,0.0,0,0,24.0,1.0,0.0,0,0.0
11,S1,H2,feller_buncher,35,59.00278800000001,24.0,0.0,0.0,0,0,24.0,1.0,0.0,0,0.0
11,S1,H3,grapple_skidder,35,778.104169,24.0,0.0,53.48,0,0,24.0,1.0,0.0,0,0.0
11,S1,H4,processor,35,481.329283,24.0,0.0,54.68,0,0,24.0,1.0,0.0,0,0.0
11,S1,H7,loader,35,687.364703,24.0,0.0,0.0,0,0,24.0,1.0,0.0,0,0.0
12,S1,H1,feller_buncher,35,356.0085949999998,24.0,0.0,0.0,0,0,24.0,1.0,0.0,0,0.0
12,S1,H2,feller_buncher,35,674.603847,24.0,0.0,53.72,0,0,24.0,1.0,0.0,0,0.0
12,S1,H3,grapple_skidder,35,1332.369187,24.0,0.0,54.68,0,0,24.0,1.0,0.0,0,0.0
12,S1,H4,processor,35,517.165642,24.0,0.0,54.68,0,0,24.0,1.0,0.0,0,0.0
12,S1,H7,loader,35,474.741639,24.0,0.0,54.2,0,0,24.0,1.0,0.0,0,0.0
12,S1,H8,loader,35,451.958924,24.0,0.0,0.0,0,0,24.0,1.0,0.0,0,0.0
13,S1,H1,feller_buncher,35,1164.04956,24.0,0.0,53.72,0,0,24.0,1.0,0.0,0,0.0
13,S1,H2,feller_buncher,35,1194.708925,24.0,0.0,53.96,0,0,24.0,1.0,0.0,0,0.0
13,S1,H3,grapple_skidder,35,778.7903995636706,23.08598276617663,0.914017233823369,54.92,0,0,24.0,0.961915948590693,0.9140172338233685,1,0.0
13,S1,H4,processor,35,531.895933,24.0,0.0,53.48,0,0,24.0,1.0,0.0,0,0.0
13,S1,H7,loader,35,366.623168729828,24.0,0.0,54.2,0,0,24.0,1.0,0.0,0,0.0
14,S1,H1,feller_buncher,35,1176.844281,24.0,0.0,54.2,0,0,24.0,1.0,0.0,0,0.0
14,S1,H2,feller_buncher,35,1194.708925,24.0,0.0,0.0,0,0,24.0,1.0,0.0,0,0.0
14,S1,H3,grapple_skidder,35,778.104169,24.0,0.0,53.24,0,0,24.0,1.0,0.0,0,0.0
14,S1,H4,processor,35,531.895933,24.0,0.0,0.0,0,0,24.0,1.0,0.0,0,0.0
14,S1,H5,processor,35,409.650504,24.0,0.0,53.24,0,0,24.0,1.0,0.0,0,0.0
15,S1,H1,feller_buncher,35,1176.844281,24.0,0.0,0.0,0,0,24.0,1.0,0.0,0,0.0
15,S1,H2,feller_buncher,35,1164.04956,24.0,0.0,54.92,0,0,24.0,1.0,0.0,0,0.0
15,S1,H3,grapple_skidder,35,923.199854,24.0,0.0,53.24,0,0,24.0,1.0,0.0,0,0.0
15,S1,H4,processor,35,298.65451555817106,17.4971306111126,6.502869388887401,54.92,0,0,24.0,0.7290471087963583,6.5028693888874,1,0.0
15,S1,H7,loader,35,802.411354,24.0,0.0,53.48,0,0,24.0,1.0,0.0,0,0.0
16,S1,H1,feller_buncher,35,111.30773800000088,24.0,0.0,0.0,0,0,24.0,1.0,0.0,0,0.0
16,S1,H2,feller_buncher,35,502.7667789999996,24.0,0.0,0.0,0,0,24.0,1.0,0.0,0,0.0
16,S1,H3,grapple_skidder,35,1480.641393,24.0,0.0,54.68,0,0,24.0,1.0,0.0,0,0.0
16,S1,H4,processor,35,531.895933,24.0,0.0,54.92,0,0,24.0,1.0,0.0,0,0.0
16,S1,H5,processor,35,395.784917,24.0,0.0,53.48,0,0,24.0,1.0,0.0,0,0.0
16,S1,H7,loader,35,424.433991,24.0,0.0,54.92,0,0,24.0,1.0,0.0,0,0.0
17,S1,H1,feller_buncher,35,576.960683,24.0,0.0,53.72,0,0,24.0,1.0,0.0,0,0.0
17,S1,H2,feller_buncher,35,787.363583,24.0,0.0,54.44,0,0,24.0,1.0,0.0,0,0.0
17,S1,H3,grapple_skidder,35,674.603847,24.0,0.0,53.96,0,0,24.0,1.0,0.0,0,0.0
17,S1,H4,processor,35,569.826226,24.0,0.0,53.24,0,0,24.0,1.0,0.0,0,0.0
17,S1,H5,processor,35,395.784917,24.0,0.0,0.0,0,0,24.0,1.0,0.0,0,0.0
17,S1,H6,processor,35,469.046841,24.0,0.0,0.0,0,0,24.0,1.0,0.0,0,0.0
17,S1,H7,loader,35,424.433991,24.0,0.0,0.0,0,0,24.0,1.0,0.0,0,0.0
17,S1,H8,loader,35,802.411354,24.0,0.0,55.16,0,0,24.0,1.0,0.0,0,0.0
18,S1,H1,feller_buncher,35,1220.906942,24.0,0.0,54.2,0,0,24.0,1.0,0.0,0,0.0
18,S1,H2,feller_buncher,35,486.3476200000001,24.0,0.0,0.0,0,0,24.0,1.0,0.0,0,0.0
18,S1,H3,grapple_skidder,35,1164.728216,24.0,0.0,53.24,0,0,24.0,1.0,0.0,0,0.0
18,S1,H4,processor,35,569.826226,24.0,0.0,0.0,0,0,24.0,1.0,0.0,0,0.0
18,S1,H5,processor,35,456.082335,24.0,0.0,53.72,0,0,24.0,1.0,0.0,0,0.0
18,S1,H7,loader,35,474.741639,24.0,0.0,53.24,0,0,24.0,1.0,0.0,0,0.0
18,S1,H8,loader,35,456.725789,24.0,0.0,54.44,0,0,24.0,1.0,0.0,0,0.0
19,S1,H1,feller_buncher,35,1013.0077249999999,24.0,0.0,0.0,0,0,24.0,1.0,0.0,0,0.0
19,S1,H2,feller_buncher,35,680.207863,24.0,0.0,53.72,0,0,24.0,1.0,0.0,0,0.0
19,S1,H3,grapple_skidder,35,1273.711203,24.0,0.0,53.24,0,0,24.0,1.0,0.0,0,0.0
19,S1,H4,processor,35,517.165642,24.0,0.0,53.72,0,0,24.0,1.0,0.0,0,0.0
19,S1,H5,processor,35,218.52151199999997,24.0,0.0,0.0,0,0,24.0,1.0,0.0,0,0.0
19,S1,H6,processor,35,469.046841,24.0,0.0,0.0,0,0,24.0,1.0,0.0,0,0.0
19,S1,H7,loader,35,937.184825,24.0,0.0,54.92,0,0,24.0,1.0,0.0,0,0.0
20,S1,H1,feller_buncher,35,1194.708925,24.0,0.0,53.24,0,0,24.0,1.0,0.0,0,0.0
20,S1,H2,feller_buncher,35,364.89843800000006,24.0,0.0,0.0,0,0,24.0,1.0,0.0,0,0.0
20,S1,H3,grapple_skidder,35,1120.9816561533314,20.19227103882278,3.8077289611772187,53.24,0,0,24.0,0.8413446266176159,3.807728961177219,1,0.0
20,S1,H4,processor,35,517.165642,24.0,0.0,0.0,0,0,24.0,1.0,0.0,0,0.0
20,S1,H5,processor,35,469.046841,24.0,0.0,53.96,0,0,24.0,1.0,0.0,0,0.0
20,S1,H6,processor,35,441.264891,24.0,0.0,54.44,0,0,24.0,1.0,0.0,0,0.0
20,S1,H7,loader,35,674.603847,24.0,0.0,53.96,0,0,24.0,1.0,0.0,0,0.0
21,S1,H3,grapple_skidder,35,739.620424,24.0,0.0,55.16,0,0,24.0,1.0,0.0,0,0.0
21,S1,H4,processor,35,531.895933,24.0,0.0,53.48,0,0,24.0,1.0,0.0,0,0.0
21,S1,H5,processor,35,469.046841,24.0,0.0,0.0,0,0,24.0,1.0,0.0,0,0.0
21,S1,H6,processor,35,441.264891,24.0,0.0,0.0,0,0,24.0,1.0,0.0,0,0.0
21,S1,H7,loader,35,687.364703,24.0,0.0,53.24,0,0,24.0,1.0,0.0,0,0.0
22,S1,H3,grapple_skidder,35,1279.5673954321944,20.740753051723352,3.2592469482766475,55.4,0,0,24.0,0.8641980438218063,3.259246948276648,1,0.0
22,S1,H4,processor,35,531.895933,24.0,0.0,0.0,0,0,24.0,1.0,0.0,0,0.0
22,S1,H5,processor,35,481.329283,24.0,0.0,53.48,0,0,24.0,1.0,0.0,0,0.0
22,S1,H6,processor,35,469.046841,24.0,0.0,54.44,0,0,24.0,1.0,0.0,0,0.0
22,S1,H7,loader,35,733.483855,24.0,0.0,53.24,0,0,24.0,1.0,0.0,0,0.0
23,S1,H3,grapple_skidder,35,651.9365015821202,19.190836384505253,4.809163615494747,53.72,0,0,24.0,0.7996181826877189,4.809163615494746,1,0.3
23,S1,H4,processor,35,398.8783582,24.0,0.0,53.24,0,0,24.0,1.0,0.0,0,0.3
23,S1,H5,processor,35,336.93049809999997,24.0,0.0,0.0,0,0,24.0,1.0,0.0,0,0.3
23,S1,H6,processor,35,328.3327887,24.0,0.0,0.0,0,0,24.0,1.0,0.0,0,0.3
23,S1,H7,loader,35,561.6879478,24.0,0.0,53.24,0,0,24.0,1.0,0.0,0,0.3
24,S1,H3,grapple_skidder,35,739.620424,24.0,0.0,54.68,0,0,24.0,1.0,0.0,0,0.0
24,S1,H4,processor,35,569.826226,24.0,0.0,0.0,0,0,24.0,1.0,0.0,0,0.0
24,S1,H5,processor,35,517.165642,24.0,0.0,54.68,0,0,24.0,1.0,0.0,0,0.0
24,S1,H6,processor,35,391.18142100000006,24.0,0.0,54.44,0,0,24.0,1.0,0.0,0,0.0
24,S1,H7,loader,35,474.741639,24.0,0.0,54.68,0,0,24.0,1.0,0.0,0,0.0
25,S1,H3,grapple_skidder,35,1332.369187,24.0,0.0,55.16,0,0,24.0,1.0,0.0,0,0.0
25,S1,H4,processor,35,481.329283,24.0,0.0,55.4,0,0,24.0,1.0,0.0,0,0.0
25,S1,H5,processor,35,517.165642,24.0,0.0,0.0,0,0,24.0,1.0,0.0,0,0.0
25,S1,H7,loader,35,474.741639,24.0,0.0,0.0,0,0,24.0,1.0,0.0,0,0.0
25,S1,H8,loader,35,540.2273480000001,24.0,0.0,54.2,0,0,24.0,1.0,0.0,0,0.0
25,S1,H9,loader,35,937.184825,24.0,0.0,0.0,0,0,24.0,1.0,0.0,0,0.0
26,S1,H3,grapple_skidder,35,614.3876060004386,18.950293715764076,5.049706284235924,54.68,0,0,24.0,0.7895955714901698,5.049706284235924,1,0.0
26,S1,H4,processor,35,569.826226,24.0,0.0,55.4,0,0,24.0,1.0,0.0,0,0.0
26,S1,H5,processor,35,531.895933,24.0,0.0,53.48,0,0,24.0,1.0,0.0,0,0.0
26,S1,H7,loader,35,425.1388362921788,24.0,0.0,54.2,0,0,24.0,1.0,0.0,0,0.0
26,S1,H8,loader,35,451.958924,24.0,0.0,54.92,0,0,24.0,1.0,0.0,0,0.0
27,S1,H3,grapple_skidder,35,159.77199800000017,24.0,0.0,54.2,0,0,24.0,1.0,0.0,0,0.0
27,S1,H4,processor,35,469.046841,24.0,0.0,54.92,0,0,24.0,1.0,0.0,0,0.0
27,S1,H5,processor,35,531.895933,24.0,0.0,0.0,0,0,24.0,1.0,0.0,0,0.0
27,S1,H7,loader,35,803.8136122,24.0,0.0,53.72,1,0,24.0,1.0,0.0,0,0.0
27,S1,H8,loader,35,451.958924,24.0,0.0,0.0,0,0,24.0,1.0,0.0,0,0.0
28,S1,H1,feller_buncher,35,987.2463243607594,19.832371960105874,4.167628039894126,0.0,0,0,24.0,0.8263488316710781,4.167628039894128,1,0.0
28,S1,H3,grapple_skidder,35,498.5168035034175,24.0,0.0,53.48,0,0,24.0,1.0,0.0,0,0.0
28,S1,H4,processor,35,168.5680115821201,24.0,0.0,54.2,1,0,24.0,1.0,0.0,0,0.0
28,S1,H7,loader,35,802.411354,24.0,0.0,53.24,0,0,24.0,1.0,0.0,0,0.0
28,S1,H8,loader,35,474.741639,24.0,0.0,53.48,0,0,24.0,1.0,0.0,0,0.0
28,S1,H9,loader,35,425.0415750999998,24.0,0.0,55.4,1,0,24.0,1.0,0.0,0,0.0
29,S1,H3,grapple_skidder,35,517.7342967999999,24.0,0.0,54.2,0,0,24.0,1.0,0.0,0,0.3
29,S1,H4,processor,35,301.63516739999994,24.0,0.0,53.48,0,0,24.0,1.0,0.0,0,0.3
29,S1,H5,processor,35,331.0258201533313,24.0,0.0,0.0,1,0,24.0,1.0,0.0,0,0.3
29,S1,H7,loader,35,481.15529209999994,24.0,0.0,53.48,0,0,24.0,1.0,0.0,0,0.3
29,S1,H8,loader,35,332.3191473,24.0,0.0,0.0,0,0,24.0,1.0,0.0,0,0.3
30,S1,H3,grapple_skidder,35,1480.641393,24.0,0.0,55.4,0,0,24.0,1.0,0.0,0,0.0
30,S1,H4,processor,35,0.0,24.0,0.0,53.48,1,0,24.0,1.0,0.0,0,0.0
30,S1,H5,processor,35,481.329283,24.0,0.0,55.16,0,0,24.0,1.0,0.0,0,0.0
30,S1,H6,processor,35,196.88163610341758,24.0,0.0,53.72,1,0,24.0,1.0,0.0,0,0.0
30,S1,H7,loader,35,802.411354,24.0,0.0,53.48,0,0,24.0,1.0,0.0,0,0.0
30,S1,H8,loader,35,414.0267417438372,20.930630443082098,3.069369556917902,0.0,0,0,24.0,0.8721096017950875,3.069369556917901,1,0.0
31,S1,H3,grapple_skidder,35,313.7253908835134,24.0,0.0,53.24,0,0,24.0,1.0,0.0,0,0.0
31,S1,H4,processor,35,569.826226,24.0,0.0,53.72,0,0,24.0,1.0,0.0,0,0.0
31,S1,H5,processor,35,474.3479386999998,24.0,0.0,0.0,1,0,24.0,1.0,0.0,0,0.0
31,S1,H6,processor,35,0.0,24.0,0.0,0.0,1,0,24.0,1.0,0.0,0,0.0
31,S1,H7,loader,35,687.364703,24.0,0.0,53.48,0,0,24.0,1.0,0.0,0,0.0
31,S1,H8,loader,35,474.741639,24.0,0.0,0.0,0,0,24.0,1.0,0.0,0,0.0
32,S1,H3,grapple_skidder,35,778.104169,24.0,0.0,54.68,0,0,24.0,1.0,0.0,0,0.0
32,S1,H4,processor,35,569.826226,24.0,0.0,0.0,0,0,24.0,1.0,0.0,0,0.0
32,S1,H5,processor,35,313.7253908835134,24.0,0.0,55.16,1,0,24.0,1.0,0.0,0,0.0
32,S1,H7,loader,35,7.131940999999415,24.0,0.0,0.0,0,0,24.0,1.0,0.0,0,0.0
32,S1,H8,loader,35,498.5168035034175,24.0,0.0,53.72,1,0,24.0,1.0,0.0,0,0.0
32,S1,H9,loader,35,451.958924,24.0,0.0,0.0,0,0,24.0,1.0,0.0,0,0.0
33,S1,H3,grapple_skidder,35,576.960683,24.0,0.0,53.48,0,0,24.0,1.0,0.0,0,0.0
33,S1,H4,processor,35,0.0,24.0,0.0,53.24,1,0,24.0,1.0,0.0,0,0.0
33,S1,H5,processor,35,469.046841,24.0,0.0,54.68,0,0,24.0,1.0,0.0,0,0.0
33,S1,H7,loader,35,937.184825,24.0,0.0,53.72,0,0,24.0,1.0,0.0,0,0.0
33,S1,H8,loader,35,0.0,24.0,0.0,0.0,1,0,24.0,1.0,0.0,0,0.0
33,S1,H9,loader,35,451.958924,24.0,0.0,0.0,0,0,24.0,1.0,0.0,0,0.0
34,S1,H1,feller_buncher,35,140.55055100000027,24.0,0.0,0.0,0,0,24.0,1.0,0.0,0,0.0
34,S1,H3,grapple_skidder,35,414.50735799999984,24.0,0.0,53.72,0,0,24.0,1.0,0.0,0,0.0
34,S1,H4,processor,35,428.751305,24.0,0.0,54.2,0,0,24.0,1.0,0.0,0,0.0
34,S1,H5,processor,35,469.046841,24.0,0.0,0.0,0,0,24.0,1.0,0.0,0,0.0
34,S1,H7,loader,35,802.411354,24.0,0.0,53.24,0,0,24.0,1.0,0.0,0,0.0
35,S1,H3,grapple_skidder,35,471.07346892856503,24.0,0.0,55.16,1,0,24.0,1.0,0.0,0,0.0
35,S1,H4,processor,35,112.30031455194914,18.185135013836838,5.814864986163162,0.0,0,0,24.0,0.7577139589098683,5.814864986163162,1,0.0
35,S1,H5,processor,35,409.650504,24.0,0.0,53.24,0,0,24.0,1.0,0.0,0,0.0
35,S1,H7,loader,35,55.65853623684541,24.0,0.0,0.0,1,0,24.0,1.0,0.0,0,0.0
35,S1,H8,loader,35,474.741639,24.0,0.0,53.72,0,0,24.0,1.0,0.0,0,0.0
36,S1,H3,grapple_skidder,35,309.4586041674875,24.0,0.0,54.68,0,0,24.0,1.0,0.0,0,0.3
36,S1,H4,processor,35,398.8783582,24.0,0.0,54.44,0,0,24.0,1.0,0.0,0,0.3
36,S1,H5,processor,35,276.6075746,24.0,0.0,0.0,0,0,24.0,1.0,0.0,0,0.3
36,S1,H7,loader,35,386.5145977,24.0,0.0,54.2,0,0,24.0,1.0,0.0,0,0.3
36,S1,H8,loader,35,332.3191473,24.0,0.0,0.0,0,0,24.0,1.0,0.0,0,0.3
37,S1,H3,grapple_skidder,35,339.93655800000056,24.0,0.0,53.72,0,0,24.0,1.0,0.0,0,0.0
37,S1,H4,processor,35,360.77644299999906,24.0,0.0,0.0,0,0,24.0,1.0,0.0,0,0.0
37,S1,H5,processor,35,395.784917,24.0,0.0,53.48,0,0,24.0,1.0,0.0,0,0.0
37,S1,H7,loader,35,24.796971999999982,24.0,0.0,0.0,0,0,24.0,1.0,0.0,0,0.0
37,S1,H8,loader,35,424.433991,24.0,0.0,53.24,0,0,24.0,1.0,0.0,0,0.0
38,S1,H3,grapple_skidder,35,778.104169,24.0,0.0,53.48,0,0,24.0,1.0,0.0,0,0.0
38,S1,H4,processor,35,339.93655800000056,21.05231914405671,2.9476808559432897,55.4,1,0,24.0,0.8771799643356962,2.9476808559432905,1,0.0
38,S1,H5,processor,35,45.30370716748752,24.0,0.0,0.0,1,0,24.0,1.0,0.0,0,0.0
38,S1,H7,loader,35,937.184825,24.0,0.0,54.44,0,0,24.0,1.0,0.0,0,0.0
38,S1,H8,loader,35,424.433991,24.0,0.0,0.0,0,0,24.0,1.0,0.0,0,0.0
39,S1,H3,grapple_skidder,35,678.968019,24.0,0.0,53.72,0,0,24.0,1.0,0.0,0,0.0
39,S1,H4,processor,35,469.046841,24.0,0.0,53.48,0,0,24.0,1.0,0.0,0,0.0
39,S1,H5,processor,35,0.0,24.0,0.0,0.0,1,0,24.0,1.0,0.0,0,0.0
39,S1,H7,loader,35,24.93760319999899,24.0,0.0,0.0,1,0,24.0,1.0,0.0,0,0.0
39,S1,H8,loader,35,106.47763815817109,24.0,0.0,0.0,1,0,24.0,1.0,0.0,0,0.0
39,S1,H9,loader,35,391.6959317000003,24.0,0.0,0.0,1,0,24.0,1.0,0.0,0,0.0
40,S1,H4,processor,35,453.0861955727267,19.870856137656325,4.129143862343675,53.72,0,0,24.0,0.8279523390690136,4.129143862343674,1,0.0
40,S1,H7,loader,35,474.741639,24.0,0.0,54.92,0,0,24.0,1.0,0.0,0,0.0
40,S1,H8,loader,35,456.725789,24.0,0.0,53.48,0,0,24.0,1.0,0.0,0,0.0
40,S1,H9,loader,35,0.0,24.0,0.0,0.0,1,0,24.0,1.0,0.0,0,0.0
41,S1,H4,processor,35,328.3327887,24.0,0.0,53.72,0,0,24.0,1.0,0.0,0,0.3
41,S1,H7,loader,35,340.1002318,24.0,0.0,53.72,0,0,24.0,1.0,0.0,0,0.3
41,S1,H8,loader,35,319.20688016748755,24.0,0.0,0.0,1,0,24.0,1.0,0.0,0,0.3
42,S1,H3,grapple_skidder,35,475.2776133,24.0,0.0,0.0,0,0,24.0,1.0,0.0,0,0.3
42,S1,H7,loader,35,332.3191473,24.0,0.0,53.72,0,0,24.0,1.0,0.0,0,0.3
42,S1,H8,loader,35,0.0,24.0,0.0,0.0,1,0,24.0,1.0,0.0,0,0.3
1,S1,H1,feller_buncher,36,1220.906942,24.0,0.0,0.0,0,0,24.0,1.0,0.0,0,0.0
1,S1,H2,feller_buncher,36,1299.478592,24.0,0.0,0.0,0,0,24.0,1.0,0.0,0,0.0
2,S1,H1,feller_buncher,36,906.690498167332,24.0,0.0,0.0,0,0,24.0,1.0,0.0,0,0.0
2,S1,H2,feller_buncher,36,1164.04956,24.0,0.0,53.72,0,0,24.0,1.0,0.0,0,0.0
2,S1,H3,grapple_skidder,36,678.968019,24.0,0.0,0.0,0,0,24.0,1.0,0.0,0,0.0
3,S1,H1,feller_buncher,36,1176.844281,24.0,0.0,53.48,0,0,24.0,1.0,0.0,0,0.0
3,S1,H2,feller_buncher,36,888.796776,24.0,0.0,53.24,0,0,24.0,1.0,0.0,0,0.0
3,S1,H3,grapple_skidder,36,778.104169,24.0,0.0,53.72,0,0,24.0,1.0,0.0,0,0.0
3,S1,H4,processor,36,547.23705,24.0,0.0,0.0,0,0,24.0,1.0,0.0,0,0.0
4,S1,H1,feller_buncher,36,1176.844281,24.0,0.0,0.0,0,0,24.0,1.0,0.0,0,0.0
4,S1,H2,feller_buncher,36,888.796776,24.0,0.0,0.0,0,0,24.0,1.0,0.0,0,0.0
4,S1,H3,grapple_skidder,36,1332.369187,24.0,0.0,54.68,0,0,24.0,1.0,0.0,0,0.0
4,S1,H4,processor,36,469.046841,24.0,0.0,53.72,0,0,24.0,1.0,0.0,0,0.0
4,S1,H7,loader,36,485.857474,24.0,0.0,0.0,0,0,24.0,1.0,0.0,0,0.0
5,S1,H1,feller_buncher,36,1164.04956,24.0,0.0,54.2,0,0,24.0,1.0,0.0,0,0.0
5,S1,H2,feller_buncher,36,961.553907,24.0,0.0,53.24,0,0,24.0,1.0,0.0,0,0.0
5,S1,H3,grapple_skidder,36,1164.728216,24.0,0.0,53.48,0,0,24.0,1.0,0.0,0,0.0
5,S1,H4,processor,36,531.895933,24.0,0.0,54.68,0,0,24.0,1.0,0.0,0,0.0
6,S1,H1,feller_buncher,36,256.1621419999998,24.0,0.0,53.24,0,0,24.0,1.0,0.0,0,0.0
6,S1,H2,feller_buncher,36,961.553907,24.0,0.0,0.0,0,0,24.0,1.0,0.0,0,0.0
6,S1,H3,grapple_skidder,36,1164.728216,24.0,0.0,0.0,0,0,24.0,1.0,0.0,0,0.0
6,S1,H4,processor,36,531.895933,24.0,0.0,0.0,0,0,24.0,1.0,0.0,0,0.0
7,S1,H1,feller_buncher,36,1164.04956,24.0,0.0,53.24,0,0,24.0,1.0,0.0,0,0.0
7,S1,H2,feller_buncher,36,961.553907,24.0,0.0,0.0,0,0,24.0,1.0,0.0,0,0.0
7,S1,H3,grapple_skidder,36,809.624168,24.0,0.0,54.44,0,0,24.0,1.0,0.0,0,0.0
7,S1,H4,processor,36,517.165642,24.0,0.0,53.48,0,0,24.0,1.0,0.0,0,0.0
7,S1,H7,loader,36,802.411354,24.0,0.0,55.4,0,0,24.0,1.0,0.0,0,0.0
8,S1,H1,feller_buncher,36,501.65497008808677,24.0,0.0,53.24,0,0,24.0,1.0,0.0,0,0.0
8,S1,H2,feller_buncher,36,413.7565330000002,24.0,0.0,0.0,0,0,24.0,1.0,0.0,0,0.0
8,S1,H3,grapple_skidder,36,778.104169,24.0,0.0,53.24,0,0,24.0,1.0,0.0,0,0.0
8,S1,H4,processor,36,517.165642,24.0,0.0,0.0,0,0,24.0,1.0,0.0,0,0.0
8,S1,H5,processor,36,409.650504,24.0,0.0,0.0,0,0,24.0,1.0,0.0,0,0.0
9,S1,H1,feller_buncher,36,1299.478592,24.0,0.0,53.96,0,0,24.0,1.0,0.0,0,0.0
9,S1,H2,feller_buncher,36,1220.906942,24.0,0.0,55.16,0,0,24.0,1.0,0.0,0,0.0
9,S1,H3,grapple_skidder,36,778.104169,24.0,0.0,0.0,0,0,24.0,1.0,0.0,0,0.0
9,S1,H7,loader,36,687.364703,24.0,0.0,53.48,0,0,24.0,1.0,0.0,0,0.0
10,S1,H1,feller_buncher,36,1299.478592,24.0,0.0,0.0,0,0,24.0,1.0,0.0,0,0.0
10,S1,H2,feller_buncher,36,860.013242,24.0,0.0,54.44,0,0,24.0,1.0,0.0,0,0.0
10,S1,H3,grapple_skidder,36,739.620424,24.0,0.0,53.48,0,0,24.0,1.0,0.0,0,0.0
10,S1,H4,processor,36,517.165642,24.0,0.0,0.0,0,0,24.0,1.0,0.0,0,0.0
10,S1,H5,processor,36,469.046841,24.0,0.0,53.24,0,0,24.0,1.0,0.0,0,0.0
11,S1,H1,feller_buncher,36,1299.478592,24.0,0.0,0.0,0,0,24.0,1.0,0.0,0,0.0
11,S1,H2,feller_buncher,36,59.00278800000001,24.0,0.0,0.0,0,0,24.0,1.0,0.0,0,0.0
11,S1,H3,grapple_skidder,36,778.104169,24.0,0.0,53.48,0,0,24.0,1.0,0.0,0,0.0
11,S1,H4,processor,36,481.329283,24.0,0.0,54.68,0,0,24.0,1.0,0.0,0,0.0
11,S1,H7,loader,36,687.364703,24.0,0.0,0.0,0,0,24.0,1.0,0.0,0,0.0
12,S1,H1,feller_buncher,36,249.20601649999983,24.0,0.0,0.0,0,0,24.0,1.0,0.0,0,0.3
12,S1,H2,feller_buncher,36,472.22269289999997,24.0,0.0,53.72,0,0,24.0,1.0,0.0,0,0.3
12,S1,H3,grapple_skidder,36,932.6584309,24.0,0.0,54.68,0,0,24.0,1.0,0.0,0,0.3
12,S1,H4,processor,36,362.0159494,24.0,0.0,54.68,0,0,24.0,1.0,0.0,0,0.3
12,S1,H7,loader,36,332.3191473,24.0,0.0,54.2,0,0,24.0,1.0,0.0,0,0.3
12,S1,H8,loader,36,200.5787274278178,24.0,0.0,0.0,0,0,24.0,1.0,0.0,0,0.3
13,S1,H1,feller_buncher,36,1164.04956,24.0,0.0,53.72,0,0,24.0,1.0,0.0,0,0.0
13,S1,H2,feller_buncher,36,1194.708925,24.0,0.0,53.96,0,0,24.0,1.0,0.0,0,0.0
13,S1,H3,grapple_skidder,36,809.624168,24.0,0.0,54.92,0,0,24.0,1.0,0.0,0,0.0
13,S1,H4,processor,36,303.41719423878857,24.0,0.0,53.48,0,0,24.0,1.0,0.0,0,0.0
13,S1,H7,loader,36,538.7834694000003,24.0,0.0,54.2,1,0,24.0,1.0,0.0,0,0.0
14,S1,H1,feller_buncher,36,1176.844281,24.0,0.0,54.2,0,0,24.0,1.0,0.0,0,0.0
14,S1,H2,feller_buncher,36,609.0356969290509,24.0,0.0,0.0,0,0,24.0,1.0,0.0,0,0.0
14,S1,H3,grapple_skidder,36,778.104169,24.0,0.0,53.24,0,0,24.0,1.0,0.0,0,0.0
14,S1,H4,processor,36,531.895933,24.0,0.0,0.0,0,0,24.0,1.0,0.0,0,0.0
14,S1,H5,processor,36,409.650504,24.0,0.0,53.24,0,0,24.0,1.0,0.0,0,0.0
15,S1,H1,feller_buncher,36,1176.844281,24.0,0.0,0.0,0,0,24.0,1.0,0.0,0,0.0
15,S1,H2,feller_buncher,36,1164.04956,24.0,0.0,54.92,0,0,24.0,1.0,0.0,0,0.0
15,S1,H3,grapple_skidder,36,923.199854,24.0,0.0,53.24,0,0,24.0,1.0,0.0,0,0.0
15,S1,H4,processor,36,409.650504,24.0,0.0,54.92,0,0,24.0,1.0,0.0,0,0.0
15,S1,H7,loader,36,802.411354,24.0,0.0,53.48,0,0,24.0,1.0,0.0,0,0.0
16,S1,H1,feller_buncher,36,94.78818299551155,20.43807944324822,3.5619205567517795,0.0,0,0,24.0,0.8515866434686759,3.5619205567517778,1,0.0
16,S1,H2,feller_buncher,36,502.7667789999996,24.0,0.0,0.0,0,0,24.0,1.0,0.0,0,0.0
16,S1,H3,grapple_skidder,36,1480.641393,24.0,0.0,54.68,0,0,24.0,1.0,0.0,0,0.0
16,S1,H4,processor,36,365.92262466121133,24.0,0.0,54.92,1,0,24.0,1.0,0.0,0,0.0
16,S1,H5,processor,36,395.784917,24.0,0.0,53.48,0,0,24.0,1.0,0.0,0,0.0
16,S1,H7,loader,36,424.433991,24.0,0.0,54.92,0,0,24.0,1.0,0.0,0,0.0
17,S1,H1,feller_buncher,36,576.960683,24.0,0.0,53.72,0,0,24.0,1.0,0.0,0,0.0
17,S1,H2,feller_buncher,36,787.363583,24.0,0.0,54.44,0,0,24.0,1.0,0.0,0,0.0
17,S1,H3,grapple_skidder,36,472.22269289999997,24.0,0.0,53.96,1,0,24.0,1.0,0.0,0,0.0
17,S1,H4,processor,36,288.0684098068205,24.0,0.0,53.24,0,0,24.0,1.0,0.0,0,0.0
17,S1,H5,processor,36,395.784917,24.0,0.0,0.0,0,0,24.0,1.0,0.0,0,0.0
17,S1,H6,processor,36,469.046841,24.0,0.0,0.0,0,0,24.0,1.0,0.0,0,0.0
17,S1,H7,loader,36,348.91867101131135,19.72991862537106,4.2700813746289406,0.0,0,0,24.0,0.8220799427237941,4.27008137462894,1,0.0
17,S1,H8,loader,36,660.2049099,24.0,0.0,55.16,1,0,24.0,1.0,0.0,0,0.0
18,S1,H1,feller_buncher,36,1220.906942,24.0,0.0,54.2,0,0,24.0,1.0,0.0,0,0.0
18,S1,H2,feller_buncher,36,486.3476200000001,24.0,0.0,0.0,0,0,24.0,1.0,0.0,0,0.0
18,S1,H3,grapple_skidder,36,625.7569961519904,24.0,0.0,53.24,0,0,24.0,1.0,0.0,0,0.0
18,S1,H4,processor,36,569.826226,24.0,0.0,0.0,0,0,24.0,1.0,0.0,0,0.0
18,S1,H5,processor,36,456.082335,24.0,0.0,53.72,0,0,24.0,1.0,0.0,0,0.0
18,S1,H7,loader,36,474.741639,24.0,0.0,53.24,0,0,24.0,1.0,0.0,0,0.0
18,S1,H8,loader,36,456.725789,24.0,0.0,54.44,0,0,24.0,1.0,0.0,0,0.0
19,S1,H1,feller_buncher,36,1013.0077249999999,24.0,0.0,0.0,0,0,24.0,1.0,0.0,0,0.0
19,S1,H2,feller_buncher,36,680.207863,24.0,0.0,53.72,0,0,24.0,1.0,0.0,0,0.0
19,S1,H3,grapple_skidder,36,1273.711203,24.0,0.0,53.24,0,0,24.0,1.0,0.0,0,0.0
19,S1,H4,processor,36,462.989047958969,21.485837899137266,2.514162100862734,53.72,0,0,24.0,0.8952432457973861,2.514162100862733,1,0.0
19,S1,H5,processor,36,16.14035789999997,24.0,0.0,0.0,1,0,24.0,1.0,0.0,0,0.0
19,S1,H6,processor,36,469.046841,24.0,0.0,0.0,0,0,24.0,1.0,0.0,0,0.0
19,S1,H7,loader,36,857.8946358068206,24.0,0.0,54.92,1,0,24.0,1.0,0.0,0,0.0
20,S1,H1,feller_buncher,36,1194.708925,24.0,0.0,53.24,0,0,24.0,1.0,0.0,0,0.0
20,S1,H2,feller_buncher,36,364.89843800000006,24.0,0.0,0.0,0,0,24.0,1.0,0.0,0,0.0
20,S1,H3,grapple_skidder,36,1332.369187,24.0,0.0,53.24,0,0,24.0,1.0,0.0,0,0.0
20,S1,H4,processor,36,517.165642,24.0,0.0,0.0,0,0,24.0,1.0,0.0,0,0.0
20,S1,H5,processor,36,469.046841,24.0,0.0,53.96,0,0,24.0,1.0,0.0,0,0.0
20,S1,H6,processor,36,441.264891,24.0,0.0,54.44,0,0,24.0,1.0,0.0,0,0.0
20,S1,H7,loader,36,472.22269289999997,24.0,0.0,53.96,1,0,24.0,1.0,0.0,0,0.0
21,S1,H3,grapple_skidder,36,351.04558272656624,24.0,0.0,55.16,0,0,24.0,1.0,0.0,0,0.0
21,S1,H4,processor,36,531.895933,24.0,0.0,53.48,0,0,24.0,1.0,0.0,0,0.0
21,S1,H5,processor,36,321.44086476585744,24.0,0.0,0.0,0,0,24.0,1.0,0.0,0,0.0
21,S1,H6,processor,36,441.264891,24.0,0.0,0.0,0,0,24.0,1.0,0.0,0,0.0
21,S1,H7,loader,36,687.364703,24.0,0.0,53.24,0,0,24.0,1.0,0.0,0,0.0
22,S1,H3,grapple_skidder,36,1480.641393,24.0,0.0,55.4,0,0,24.0,1.0,0.0,0,0.0
22,S1,H4,processor,36,531.895933,24.0,0.0,0.0,0,0,24.0,1.0,0.0,0,0.0
22,S1,H5,processor,36,481.329283,24.0,0.0,53.48,0,0,24.0,1.0,0.0,0,0.0
22,S1,H6,processor,36,469.046841,24.0,0.0,54.44,0,0,24.0,1.0,0.0,0,0.0
22,S1,H7,loader,36,542.2061734529129,24.0,0.0,53.24,0,0,24.0,1.0,0.0,0,0.0
23,S1,H3,grapple_skidder,36,1164.728216,24.0,0.0,53.72,0,0,24.0,1.0,0.0,0,0.0
23,S1,H4,processor,36,569.826226,24.0,0.0,53.24,0,0,24.0,1.0,0.0,0,0.0
23,S1,H5,processor,36,128.00744072656624,24.0,0.0,0.0,1,0,24.0,1.0,0.0,0,0.0
23,S1,H6,processor,36,469.046841,24.0,0.0,0.0,0,0,24.0,1.0,0.0,0,0.0
23,S1,H7,loader,36,802.411354,24.0,0.0,53.24,0,0,24.0,1.0,0.0,0,0.0
24,S1,H3,grapple_skidder,36,739.620424,24.0,0.0,54.68,0,0,24.0,1.0,0.0,0,0.0
24,S1,H4,processor,36,569.826226,24.0,0.0,0.0,0,0,24.0,1.0,0.0,0,0.0
24,S1,H5,processor,36,517.165642,24.0,0.0,54.68,0,0,24.0,1.0,0.0,0,0.0
24,S1,H6,processor,36,391.18142100000006,24.0,0.0,54.44,0,0,24.0,1.0,0.0,0,0.0
24,S1,H7,loader,36,474.741639,24.0,0.0,54.68,0,0,24.0,1.0,0.0,0,0.0
25,S1,H3,grapple_skidder,36,1332.369187,24.0,0.0,55.16,0,0,24.0,1.0,0.0,0,0.0
25,S1,H4,processor,36,481.329283,24.0,0.0,55.4,0,0,24.0,1.0,0.0,0,0.0
25,S1,H5,processor,36,517.165642,24.0,0.0,0.0,0,0,24.0,1.0,0.0,0,0.0
25,S1,H7,loader,36,474.741639,24.0,0.0,0.0,0,0,24.0,1.0,0.0,0,0.0
25,S1,H8,loader,36,540.2273480000001,24.0,0.0,54.2,0,0,24.0,1.0,0.0,0,0.0
25,S1,H9,loader,36,937.184825,24.0,0.0,0.0,0,0,24.0,1.0,0.0,0,0.0
26,S1,H3,grapple_skidder,36,778.104169,24.0,0.0,54.68,0,0,24.0,1.0,0.0,0,0.0
26,S1,H4,processor,36,569.826226,24.0,0.0,55.4,0,0,24.0,1.0,0.0,0,0.0
26,S1,H5,processor,36,531.895933,24.0,0.0,53.48,0,0,24.0,1.0,0.0,0,0.0
26,S1,H7,loader,36,687.364703,24.0,0.0,54.2,0,0,24.0,1.0,0.0,0,0.0
26,S1,H8,loader,36,451.958924,24.0,0.0,54.92,0,0,24.0,1.0,0.0,0,0.0
27,S1,H3,grapple_skidder,36,159.77199800000017,24.0,0.0,54.2,0,0,24.0,1.0,0.0,0,0.0
27,S1,H4,processor,36,469.046841,24.0,0.0,54.92,0,0,24.0,1.0,0.0,0,0.0
27,S1,H5,processor,36,531.895933,24.0,0.0,0.0,0,0,24.0,1.0,0.0,0,0.0
27,S1,H7,loader,36,772.293853,24.0,0.0,53.72,1,0,24.0,1.0,0.0,0,0.0
27,S1,H8,loader,36,451.958924,24.0,0.0,0.0,0,0,24.0,1.0,0.0,0,0.0
28,S1,H1,feller_buncher,36,1194.708925,24.0,0.0,0.0,0,0,24.0,1.0,0.0,0,0.0
28,S1,H3,grapple_skidder,36,1045.106301,24.0,0.0,53.48,0,0,24.0,1.0,0.0,0,0.0
28,S1,H4,processor,36,351.7147927930216,24.0,0.0,54.2,1,0,24.0,1.0,0.0,0,0.0
28,S1,H7,loader,36,802.411354,24.0,0.0,53.24,0,0,24.0,1.0,0.0,0,0.0
28,S1,H8,loader,36,474.741639,24.0,0.0,53.48,0,0,24.0,1.0,0.0,0,0.0
28,S1,H9,loader,36,451.958924,24.0,0.0,55.4,0,0,24.0,1.0,0.0,0,0.0
29,S1,H3,grapple_skidder,36,739.620424,24.0,0.0,54.2,0,0,24.0,1.0,0.0,0,0.0
29,S1,H4,processor,36,430.907382,24.0,0.0,53.48,0,0,24.0,1.0,0.0,0,0.0
29,S1,H5,processor,36,531.895933,24.0,0.0,0.0,0,0,24.0,1.0,0.0,0,0.0
29,S1,H7,loader,36,687.364703,24.0,0.0,53.48,0,0,24.0,1.0,0.0,0,0.0
29,S1,H8,loader,36,474.741639,24.0,0.0,0.0,0,0,24.0,1.0,0.0,0,0.0
30,S1,H3,grapple_skidder,36,1114.6688850298788,24.0,0.0,55.4,0,0,24.0,1.0,0.0,0,0.0
30,S1,H4,processor,36,0.0,24.0,0.0,53.48,1,0,24.0,1.0,0.0,0,0.0
30,S1,H5,processor,36,481.329283,24.0,0.0,55.16,0,0,24.0,1.0,0.0,0,0.0
30,S1,H6,processor,36,430.907382,24.0,0.0,53.72,0,0,24.0,1.0,0.0,0,0.0
30,S1,H7,loader,36,802.411354,24.0,0.0,53.48,0,0,24.0,1.0,0.0,0,0.0
30,S1,H8,loader,36,474.741639,24.0,0.0,0.0,0,0,24.0,1.0,0.0,0,0.0
31,S1,H3,grapple_skidder,36,567.1587449999993,24.0,0.0,53.24,0,0,24.0,1.0,0.0,0,0.0
31,S1,H4,processor,36,569.826226,24.0,0.0,53.72,0,0,24.0,1.0,0.0,0,0.0
31,S1,H5,processor,36,481.329283,24.0,0.0,0.0,0,0,24.0,1.0,0.0,0,0.0
31,S1,H6,processor,36,183.29153700000006,24.0,0.0,0.0,0,0,24.0,1.0,0.0,0,0.0
31,S1,H7,loader,36,304.10665775199095,24.0,0.0,53.48,1,0,24.0,1.0,0.0,0,0.0
31,S1,H8,loader,36,474.741639,24.0,0.0,0.0,0,0,24.0,1.0,0.0,0,0.0
32,S1,H3,grapple_skidder,36,778.104169,24.0,0.0,54.68,0,0,24.0,1.0,0.0,0,0.0
32,S1,H4,processor,36,569.826226,24.0,0.0,0.0,0,0,24.0,1.0,0.0,0,0.0
32,S1,H5,processor,36,531.895933,24.0,0.0,55.16,0,0,24.0,1.0,0.0,0,0.0
32,S1,H7,loader,36,0.0,24.0,0.0,0.0,1,0,24.0,1.0,0.0,0,0.0
32,S1,H8,loader,36,558.398094,24.0,0.0,53.72,0,0,24.0,1.0,0.0,0,0.0
32,S1,H9,loader,36,451.958924,24.0,0.0,0.0,0,0,24.0,1.0,0.0,0,0.0
33,S1,H3,grapple_skidder,36,576.960683,24.0,0.0,53.48,0,0,24.0,1.0,0.0,0,0.0
33,S1,H4,processor,36,40.52152099999921,24.0,0.0,53.24,1,0,24.0,1.0,0.0,0,0.0
33,S1,H5,processor,36,469.046841,24.0,0.0,54.68,0,0,24.0,1.0,0.0,0,0.0
33,S1,H7,loader,36,937.184825,24.0,0.0,53.72,0,0,24.0,1.0,0.0,0,0.0
33,S1,H8,loader,36,486.708207,24.0,0.0,0.0,0,0,24.0,1.0,0.0,0,0.0
33,S1,H9,loader,36,451.958924,24.0,0.0,0.0,0,0,24.0,1.0,0.0,0,0.0
34,S1,H1,feller_buncher,36,140.55055100000027,24.0,0.0,0.0,0,0,24.0,1.0,0.0,0,0.0
34,S1,H3,grapple_skidder,36,414.50735799999984,24.0,0.0,53.72,0,0,24.0,1.0,0.0,0,0.0
34,S1,H4,processor,36,428.751305,24.0,0.0,54.2,0,0,24.0,1.0,0.0,0,0.0
34,S1,H5,processor,36,469.046841,24.0,0.0,0.0,0,0,24.0,1.0,0.0,0,0.0
34,S1,H7,loader,36,802.411354,24.0,0.0,53.24,0,0,24.0,1.0,0.0,0,0.0
35,S1,H3,grapple_skidder,36,257.76135189917204,24.0,0.0,55.16,1,0,24.0,1.0,0.0,0,0.0
35,S1,H4,processor,36,148.20937800000002,24.0,0.0,0.0,0,0,24.0,1.0,0.0,0,0.0
35,S1,H5,processor,36,409.650504,24.0,0.0,53.24,0,0,24.0,1.0,0.0,0,0.0
35,S1,H7,loader,36,22.251702999999452,24.0,0.0,0.0,1,0,24.0,1.0,0.0,0,0.0
35,S1,H8,loader,36,474.741639,24.0,0.0,53.72,0,0,24.0,1.0,0.0,0,0.0
36,S1,H3,grapple_skidder,36,497.4711460880869,24.0,0.0,54.68,1,0,24.0,1.0,0.0,0,0.0
36,S1,H4,processor,36,569.826226,24.0,0.0,54.44,0,0,24.0,1.0,0.0,0,0.0
36,S1,H5,processor,36,395.15367800000007,24.0,0.0,0.0,0,0,24.0,1.0,0.0,0,0.0
36,S1,H7,loader,36,552.163711,24.0,0.0,54.2,0,0,24.0,1.0,0.0,0,0.0
36,S1,H8,loader,36,404.99531959949576,20.474057617659057,3.5259423823409435,0.0,0,0,24.0,0.8530857340691274,3.5259423823409417,1,0.0
37,S1,H3,grapple_skidder,36,339.93655800000056,24.0,0.0,53.72,0,0,24.0,1.0,0.0,0,0.0
37,S1,H4,processor,36,56.8610311222302,24.0,0.0,0.0,1,0,24.0,1.0,0.0,0,0.0
37,S1,H5,processor,36,395.784917,24.0,0.0,53.48,0,0,24.0,1.0,0.0,0,0.0
37,S1,H7,loader,36,24.796971999999982,24.0,0.0,0.0,0,0,24.0,1.0,0.0,0,0.0
37,S1,H8,loader,36,424.433991,24.0,0.0,53.24,0,0,24.0,1.0,0.0,0,0.0
38,S1,H3,grapple_skidder,36,778.104169,24.0,0.0,53.48,0,0,24.0,1.0,0.0,0,0.0
38,S1,H4,processor,36,341.1823822962241,19.950117392577045,4.049882607422955,55.4,0,0,24.0,0.8312548913573768,4.049882607422956,1,0.0
38,S1,H5,processor,36,233.31624908808698,24.0,0.0,0.0,1,0,24.0,1.0,0.0,0,0.0
38,S1,H7,loader,36,829.1548841222302,24.0,0.0,54.44,1,0,24.0,1.0,0.0,0,0.0
38,S1,H8,loader,36,424.433991,24.0,0.0,0.0,0,0,24.0,1.0,0.0,0,0.0
39,S1,H3,grapple_skidder,36,678.968019,24.0,0.0,53.72,0,0,24.0,1.0,0.0,0,0.0
39,S1,H4,processor,36,469.046841,24.0,0.0,53.48,0,0,24.0,1.0,0.0,0,0.0
39,S1,H5,processor,36,0.0,24.0,0.0,0.0,1,0,24.0,1.0,0.0,0,0.0
39,S1,H7,loader,36,0.0,24.0,0.0,0.0,1,0,24.0,1.0,0.0,0,0.0
39,S1,H8,loader,36,336.0197300000002,24.0,0.0,0.0,0,0,24.0,1.0,0.0,0,0.0
39,S1,H9,loader,36,415.46289059497235,24.0,0.0,0.0,1,0,24.0,1.0,0.0,0,0.0
40,S1,H4,processor,36,547.23705,24.0,0.0,53.72,0,0,24.0,1.0,0.0,0,0.0
40,S1,H7,loader,36,474.741639,24.0,0.0,54.92,0,0,24.0,1.0,0.0,0,0.0
40,S1,H8,loader,36,229.29989545501383,18.98437335164153,5.01562664835847,53.48,0,0,24.0,0.791015556318397,5.015626648358469,1,0.0
40,S1,H9,loader,36,0.0,24.0,0.0,0.0,1,0,24.0,1.0,0.0,0,0.0
41,S1,H4,processor,36,469.046841,24.0,0.0,53.72,0,0,24.0,1.0,0.0,0,0.0
41,S1,H7,loader,36,485.857474,24.0,0.0,53.72,0,0,24.0,1.0,0.0,0,0.0
41,S1,H8,loader,36,456.725789,24.0,0.0,0.0,0,0,24.0,1.0,0.0,0,0.0
42,S1,H3,grapple_skidder,36,602.0020293078067,21.279424507603146,2.720575492396854,0.0,0,0,24.0,0.8866426878167978,2.720575492396853,1,0.0
42,S1,H7,loader,36,474.741639,24.0,0.0,53.72,0,0,24.0,1.0,0.0,0,0.0
42,S1,H8,loader,36,277.9195266330732,24.0,0.0,0.0,1,0,24.0,1.0,0.0,0,0.0
1,S1,H1,feller_buncher,37,1220.906942,24.0,0.0,0.0,0,0,24.0,1.0,0.0,0,0.0
1,S1,H2,feller_buncher,37,1299.478592,24.0,0.0,0.0,0,0,24.0,1.0,0.0,0,0.0
2,S1,H1,feller_buncher,37,1220.906942,24.0,0.0,0.0,0,0,24.0,1.0,0.0,0,0.0
2,S1,H2,feller_buncher,37,1164.04956,24.0,0.0,53.72,0,0,24.0,1.0,0.0,0,0.0
2,S1,H3,grapple_skidder,37,678.968019,24.0,0.0,0.0,0,0,24.0,1.0,0.0,0,0.0
3,S1,H1,feller_buncher,37,1176.844281,24.0,0.0,53.48,0,0,24.0,1.0,0.0,0,0.0
3,S1,H2,feller_buncher,37,888.796776,24.0,0.0,53.24,0,0,24.0,1.0,0.0,0,0.0
3,S1,H3,grapple_skidder,37,630.4423641709665,19.445489875152173,4.554510124847827,53.72,0,0,24.0,0.8102287447980072,4.554510124847828,1,0.0
3,S1,H4,processor,37,547.23705,24.0,0.0,0.0,0,0,24.0,1.0,0.0,0,0.0
4,S1,H1,feller_buncher,37,1176.844281,24.0,0.0,0.0,0,0,24.0,1.0,0.0,0,0.0
4,S1,H2,feller_buncher,37,888.796776,24.0,0.0,0.0,0,0,24.0,1.0,0.0,0,0.0
4,S1,H3,grapple_skidder,37,1332.369187,24.0,0.0,54.68,0,0,24.0,1.0,0.0,0,0.0
4,S1,H4,processor,37,469.046841,24.0,0.0,53.72,0,0,24.0,1.0,0.0,0,0.0
4,S1,H7,loader,37,485.857474,24.0,0.0,0.0,0,0,24.0,1.0,0.0,0,0.0
5,S1,H1,feller_buncher,37,1164.04956,24.0,0.0,54.2,0,0,24.0,1.0,0.0,0,0.0
5,S1,H2,feller_buncher,37,961.553907,24.0,0.0,53.24,0,0,24.0,1.0,0.0,0,0.0
5,S1,H3,grapple_skidder,37,1164.728216,24.0,0.0,53.48,0,0,24.0,1.0,0.0,0,0.0
5,S1,H4,processor,37,531.895933,24.0,0.0,54.68,0,0,24.0,1.0,0.0,0,0.0
6,S1,H1,feller_buncher,37,199.78274437838434,24.0,0.0,53.24,0,0,24.0,1.0,0.0,0,0.0
6,S1,H2,feller_buncher,37,705.3103852579903,24.0,0.0,0.0,0,0,24.0,1.0,0.0,0,0.0
6,S1,H3,grapple_skidder,37,1164.728216,24.0,0.0,0.0,0,0,24.0,1.0,0.0,0,0.0
6,S1,H4,processor,37,465.68180081803183,21.012311856937558,2.9876881430624422,0.0,0,0,24.0,0.8755129940390649,2.987688143062444,1,0.0
7,S1,H1,feller_buncher,37,1164.04956,24.0,0.0,53.24,0,0,24.0,1.0,0.0,0,0.0
7,S1,H2,feller_buncher,37,961.553907,24.0,0.0,0.0,0,0,24.0,1.0,0.0,0,0.0
7,S1,H3,grapple_skidder,37,809.624168,24.0,0.0,54.44,0,0,24.0,1.0,0.0,0,0.0
7,S1,H4,processor,37,517.165642,24.0,0.0,53.48,0,0,24.0,1.0,0.0,0,0.0
7,S1,H7,loader,37,802.411354,24.0,0.0,55.4,0,0,24.0,1.0,0.0,0,0.0
8,S1,H1,feller_buncher,37,860.013242,24.0,0.0,53.24,0,0,24.0,1.0,0.0,0,0.0
8,S1,H2,feller_buncher,37,413.7565330000002,24.0,0.0,0.0,0,0,24.0,1.0,0.0,0,0.0
8,S1,H3,grapple_skidder,37,778.104169,24.0,0.0,53.24,0,0,24.0,1.0,0.0,0,0.0
8,S1,H4,processor,37,517.165642,24.0,0.0,0.0,0,0,24.0,1.0,0.0,0,0.0
8,S1,H5,processor,37,409.650504,24.0,0.0,0.0,0,0,24.0,1.0,0.0,0,0.0
9,S1,H1,feller_buncher,37,1299.478592,24.0,0.0,53.96,0,0,24.0,1.0,0.0,0,0.0
9,S1,H2,feller_buncher,37,1220.906942,24.0,0.0,55.16,0,0,24.0,1.0,0.0,0,0.0
9,S1,H3,grapple_skidder,37,778.104169,24.0,0.0,0.0,0,0,24.0,1.0,0.0,0,0.0
9,S1,H7,loader,37,687.364703,24.0,0.0,53.48,0,0,24.0,1.0,0.0,0,0.0
10,S1,H1,feller_buncher,37,1299.478592,24.0,0.0,0.0,0,0,24.0,1.0,0.0,0,0.0
10,S1,H2,feller_buncher,37,860.013242,24.0,0.0,54.44,0,0,24.0,1.0,0.0,0,0.0
10,S1,H3,grapple_skidder,37,447.6901583101424,24.0,0.0,53.48,0,0,24.0,1.0,0.0,0,0.0
10,S1,H4,processor,37,517.165642,24.0,0.0,0.0,0,0,24.0,1.0,0.0,0,0.0
10,S1,H5,processor,37,469.046841,24.0,0.0,53.24,0,0,24.0,1.0,0.0,0,0.0
11,S1,H1,feller_buncher,37,1299.478592,24.0,0.0,0.0,0,0,24.0,1.0,0.0,0,0.0
11,S1,H2,feller_buncher,37,59.00278800000001,24.0,0.0,0.0,0,0,24.0,1.0,0.0,0,0.0
11,S1,H3,grapple_skidder,37,778.104169,24.0,0.0,53.48,0,0,24.0,1.0,0.0,0,0.0
11,S1,H4,processor,37,447.6901583101424,24.0,0.0,54.68,1,0,24.0,1.0,0.0,0,0.0
11,S1,H7,loader,37,687.364703,24.0,0.0,0.0,0,0,24.0,1.0,0.0,0,0.0
12,S1,H1,feller_buncher,37,356.0085949999998,24.0,0.0,0.0,0,0,24.0,1.0,0.0,0,0.0
12,S1,H2,feller_buncher,37,674.603847,24.0,0.0,53.72,0,0,24.0,1.0,0.0,0,0.0
12,S1,H3,grapple_skidder,37,1332.369187,24.0,0.0,54.68,0,0,24.0,1.0,0.0,0,0.0
12,S1,H4,processor,37,517.165642,24.0,0.0,54.68,0,0,24.0,1.0,0.0,0,0.0
12,S1,H7,loader,37,474.741639,24.0,0.0,54.2,0,0,24.0,1.0,0.0,0,0.0
12,S1,H8,loader,37,447.6901583101424,24.0,0.0,0.0,1,0,24.0,1.0,0.0,0,0.0
13,S1,H1,feller_buncher,37,1164.04956,24.0,0.0,53.72,0,0,24.0,1.0,0.0,0,0.0
13,S1,H2,feller_buncher,37,1194.708925,24.0,0.0,53.96,0,0,24.0,1.0,0.0,0,0.0
13,S1,H3,grapple_skidder,37,809.624168,24.0,0.0,54.92,0,0,24.0,1.0,0.0,0,0.0
13,S1,H4,processor,37,531.895933,24.0,0.0,53.48,0,0,24.0,1.0,0.0,0,0.0
13,S1,H7,loader,37,687.364703,24.0,0.0,54.2,0,0,24.0,1.0,0.0,0,0.0
14,S1,H1,feller_buncher,37,823.7909966999999,24.0,0.0,54.2,0,0,24.0,1.0,0.0,0,0.3
14,S1,H2,feller_buncher,37,836.2962474999999,24.0,0.0,0.0,0,0,24.0,1.0,0.0,0,0.3
14,S1,H3,grapple_skidder,37,544.6729182999999,24.0,0.0,53.24,0,0,24.0,1.0,0.0,0,0.3
14,S1,H4,processor,37,372.3271531,24.0,0.0,0.0,0,0,24.0,1.0,0.0,0,0.3
14,S1,H5,processor,37,286.75535279999997,24.0,0.0,53.24,0,0,24.0,1.0,0.0,0,0.3
15,S1,H1,feller_buncher,37,1176.844281,24.0,0.0,0.0,0,0,24.0,1.0,0.0,0,0.0
15,S1,H2,feller_buncher,37,1164.04956,24.0,0.0,54.92,0,0,24.0,1.0,0.0,0,0.0
15,S1,H3,grapple_skidder,37,715.7402566395816,24.0,0.0,53.24,0,0,24.0,1.0,0.0,0,0.0
15,S1,H4,processor,37,409.650504,24.0,0.0,54.92,0,0,24.0,1.0,0.0,0,0.0
15,S1,H7,loader,37,802.411354,24.0,0.0,53.48,0,0,24.0,1.0,0.0,0,0.0
16,S1,H1,feller_buncher,37,77.91541660000061,24.0,0.0,0.0,0,0,24.0,1.0,0.0,0,0.3
16,S1,H2,feller_buncher,37,351.9367452999997,24.0,0.0,0.0,0,0,24.0,1.0,0.0,0,0.3
16,S1,H3,grapple_skidder,37,835.065794435816,19.336773490972778,4.663226509027222,54.68,0,0,24.0,0.8056988954571991,4.663226509027223,1,0.3
16,S1,H4,processor,37,372.3271531,24.0,0.0,54.92,0,0,24.0,1.0,0.0,0,0.3
16,S1,H5,processor,37,277.0494419,24.0,0.0,53.48,0,0,24.0,1.0,0.0,0,0.3
16,S1,H7,loader,37,297.1037937,24.0,0.0,54.92,0,0,24.0,1.0,0.0,0,0.3
17,S1,H1,feller_buncher,37,576.960683,24.0,0.0,53.72,0,0,24.0,1.0,0.0,0,0.0
17,S1,H2,feller_buncher,37,787.363583,24.0,0.0,54.44,0,0,24.0,1.0,0.0,0,0.0
17,S1,H3,grapple_skidder,37,674.603847,24.0,0.0,53.96,0,0,24.0,1.0,0.0,0,0.0
17,S1,H4,processor,37,569.826226,24.0,0.0,53.24,0,0,24.0,1.0,0.0,0,0.0
17,S1,H5,processor,37,172.80781888292546,20.116363993904287,3.8836360060957134,0.0,0,0,24.0,0.8381818330793452,3.8836360060957142,1,0.0
17,S1,H6,processor,37,469.046841,24.0,0.0,0.0,0,0,24.0,1.0,0.0,0,0.0
17,S1,H7,loader,37,424.433991,24.0,0.0,0.0,0,0,24.0,1.0,0.0,0,0.0
17,S1,H8,loader,37,669.3052650180318,24.0,0.0,55.16,1,0,24.0,1.0,0.0,0,0.0
18,S1,H1,feller_buncher,37,1220.906942,24.0,0.0,54.2,0,0,24.0,1.0,0.0,0,0.0
18,S1,H2,feller_buncher,37,486.3476200000001,24.0,0.0,0.0,0,0,24.0,1.0,0.0,0,0.0
18,S1,H3,grapple_skidder,37,1164.728216,24.0,0.0,53.24,0,0,24.0,1.0,0.0,0,0.0
18,S1,H4,processor,37,265.23956843581595,24.0,0.0,0.0,1,0,24.0,1.0,0.0,0,0.0
18,S1,H5,processor,37,456.082335,24.0,0.0,53.72,0,0,24.0,1.0,0.0,0,0.0
18,S1,H7,loader,37,474.741639,24.0,0.0,53.24,0,0,24.0,1.0,0.0,0,0.0
18,S1,H8,loader,37,449.85726078292544,24.0,0.0,54.44,1,0,24.0,1.0,0.0,0,0.0
19,S1,H1,feller_buncher,37,709.1054075,24.0,0.0,0.0,0,0,24.0,1.0,0.0,0,0.3
19,S1,H2,feller_buncher,37,476.1455040999999,24.0,0.0,53.72,0,0,24.0,1.0,0.0,0,0.3
19,S1,H3,grapple_skidder,37,891.5978421,24.0,0.0,53.24,0,0,24.0,1.0,0.0,0,0.3
19,S1,H4,processor,37,362.0159494,24.0,0.0,53.72,0,0,24.0,1.0,0.0,0,0.3
19,S1,H5,processor,37,152.96505839999998,24.0,0.0,0.0,0,0,24.0,1.0,0.0,0,0.3
19,S1,H6,processor,37,328.3327887,24.0,0.0,0.0,0,0,24.0,1.0,0.0,0,0.3
19,S1,H7,loader,37,656.0293775,24.0,0.0,54.92,0,0,24.0,1.0,0.0,0,0.3
20,S1,H1,feller_buncher,37,1194.708925,24.0,0.0,53.24,0,0,24.0,1.0,0.0,0,0.0
20,S1,H2,feller_buncher,37,364.89843800000006,24.0,0.0,0.0,0,0,24.0,1.0,0.0,0,0.0
20,S1,H3,grapple_skidder,37,1332.369187,24.0,0.0,53.24,0,0,24.0,1.0,0.0,0,0.0
20,S1,H4,processor,37,517.165642,24.0,0.0,0.0,0,0,24.0,1.0,0.0,0,0.0
20,S1,H5,processor,37,469.046841,24.0,0.0,53.96,0,0,24.0,1.0,0.0,0,0.0
20,S1,H6,processor,37,441.264891,24.0,0.0,54.44,0,0,24.0,1.0,0.0,0,0.0
20,S1,H7,loader,37,609.0473933999999,24.0,0.0,53.96,1,0,24.0,1.0,0.0,0,0.0
21,S1,H3,grapple_skidder,37,739.620424,24.0,0.0,55.16,0,0,24.0,1.0,0.0,0,0.0
21,S1,H4,processor,37,531.895933,24.0,0.0,53.48,0,0,24.0,1.0,0.0,0,0.0
21,S1,H5,processor,37,469.046841,24.0,0.0,0.0,0,0,24.0,1.0,0.0,0,0.0
21,S1,H6,processor,37,441.264891,24.0,0.0,0.0,0,0,24.0,1.0,0.0,0,0.0
21,S1,H7,loader,37,687.364703,24.0,0.0,53.24,0,0,24.0,1.0,0.0,0,0.0
22,S1,H3,grapple_skidder,37,1480.641393,24.0,0.0,55.4,0,0,24.0,1.0,0.0,0,0.0
22,S1,H4,processor,37,531.895933,24.0,0.0,0.0,0,0,24.0,1.0,0.0,0,0.0
22,S1,H5,processor,37,481.329283,24.0,0.0,53.48,0,0,24.0,1.0,0.0,0,0.0
22,S1,H6,processor,37,469.046841,24.0,0.0,54.44,0,0,24.0,1.0,0.0,0,0.0
22,S1,H7,loader,37,733.483855,24.0,0.0,53.24,0,0,24.0,1.0,0.0,0,0.0
23,S1,H3,grapple_skidder,37,938.0546083000004,24.0,0.0,53.72,1,0,24.0,1.0,0.0,0,0.0
23,S1,H4,processor,37,569.826226,24.0,0.0,53.24,0,0,24.0,1.0,0.0,0,0.0
23,S1,H5,processor,37,258.291141,24.0,0.0,0.0,1,0,24.0,1.0,0.0,0,0.0
23,S1,H6,processor,37,366.8139547709668,24.0,0.0,0.0,1,0,24.0,1.0,0.0,0,0.0
23,S1,H7,loader,37,802.411354,24.0,0.0,53.24,0,0,24.0,1.0,0.0,0,0.0
24,S1,H3,grapple_skidder,37,739.620424,24.0,0.0,54.68,0,0,24.0,1.0,0.0,0,0.0
24,S1,H4,processor,37,569.826226,24.0,0.0,0.0,0,0,24.0,1.0,0.0,0,0.0
24,S1,H5,processor,37,344.10645842544295,24.0,0.0,54.68,0,0,24.0,1.0,0.0,0,0.0
24,S1,H6,processor,37,9.068060100000025,24.0,0.0,54.44,1,0,24.0,1.0,0.0,0,0.0
24,S1,H7,loader,37,474.741639,24.0,0.0,54.68,0,0,24.0,1.0,0.0,0,0.0
25,S1,H3,grapple_skidder,37,1332.369187,24.0,0.0,55.16,0,0,24.0,1.0,0.0,0,0.0
25,S1,H4,processor,37,481.329283,24.0,0.0,55.4,0,0,24.0,1.0,0.0,0,0.0
25,S1,H5,processor,37,517.165642,24.0,0.0,0.0,0,0,24.0,1.0,0.0,0,0.0
25,S1,H7,loader,37,474.741639,24.0,0.0,0.0,0,0,24.0,1.0,0.0,0,0.0
25,S1,H8,loader,37,158.11398710000003,24.0,0.0,54.2,1,0,24.0,1.0,0.0,0,0.0
25,S1,H9,loader,37,937.184825,24.0,0.0,0.0,0,0,24.0,1.0,0.0,0,0.0
26,S1,H3,grapple_skidder,37,778.104169,24.0,0.0,54.68,0,0,24.0,1.0,0.0,0,0.0
26,S1,H4,processor,37,340.98894100000007,24.0,0.0,55.4,1,0,24.0,1.0,0.0,0,0.0
26,S1,H5,processor,37,531.895933,24.0,0.0,53.48,0,0,24.0,1.0,0.0,0,0.0
26,S1,H7,loader,37,687.364703,24.0,0.0,54.2,0,0,24.0,1.0,0.0,0,0.0
26,S1,H8,loader,37,451.958924,24.0,0.0,54.92,0,0,24.0,1.0,0.0,0,0.0
27,S1,H3,grapple_skidder,37,0.0,24.0,0.0,54.2,1,0,24.0,1.0,0.0,0,0.0
27,S1,H4,processor,37,469.046841,24.0,0.0,54.92,0,0,24.0,1.0,0.0,0,0.0
27,S1,H5,processor,37,317.8624348208369,19.216433673667034,4.783566326332966,0.0,0,0,24.0,0.800684736402793,4.783566326332967,1,0.0
27,S1,H7,loader,37,722.4929849358161,24.0,0.0,53.72,1,0,24.0,1.0,0.0,0,0.0
27,S1,H8,loader,37,451.958924,24.0,0.0,0.0,0,0,24.0,1.0,0.0,0,0.0
28,S1,H1,feller_buncher,37,1194.708925,24.0,0.0,0.0,0,0,24.0,1.0,0.0,0,0.0
28,S1,H3,grapple_skidder,37,841.0439421,24.0,0.0,53.48,1,0,24.0,1.0,0.0,0,0.0
28,S1,H4,processor,37,517.165642,24.0,0.0,54.2,0,0,24.0,1.0,0.0,0,0.0
28,S1,H7,loader,37,802.411354,24.0,0.0,53.24,0,0,24.0,1.0,0.0,0,0.0
28,S1,H8,loader,37,474.741639,24.0,0.0,53.48,0,0,24.0,1.0,0.0,0,0.0
28,S1,H9,loader,37,317.03185899999994,24.0,0.0,55.4,1,0,24.0,1.0,0.0,0,0.0
29,S1,H3,grapple_skidder,37,739.620424,24.0,0.0,54.2,0,0,24.0,1.0,0.0,0,0.0
29,S1,H4,processor,37,430.907382,24.0,0.0,53.48,0,0,24.0,1.0,0.0,0,0.0
29,S1,H5,processor,37,531.895933,24.0,0.0,0.0,0,0,24.0,1.0,0.0,0,0.0
29,S1,H7,loader,37,687.364703,24.0,0.0,53.48,0,0,24.0,1.0,0.0,0,0.0
29,S1,H8,loader,37,474.741639,24.0,0.0,0.0,0,0,24.0,1.0,0.0,0,0.0
30,S1,H3,grapple_skidder,37,1480.641393,24.0,0.0,55.4,0,0,24.0,1.0,0.0,0,0.0
30,S1,H4,processor,37,105.95735447455718,24.0,0.0,53.48,1,0,24.0,1.0,0.0,0,0.0
30,S1,H5,processor,37,481.329283,24.0,0.0,55.16,0,0,24.0,1.0,0.0,0,0.0
30,S1,H6,processor,37,410.1365601,24.0,0.0,53.72,1,0,24.0,1.0,0.0,0,0.0
30,S1,H7,loader,37,802.411354,24.0,0.0,53.48,0,0,24.0,1.0,0.0,0,0.0
30,S1,H8,loader,37,474.741639,24.0,0.0,0.0,0,0,24.0,1.0,0.0,0,0.0
31,S1,H3,grapple_skidder,37,263.2564275000009,24.0,0.0,53.24,1,0,24.0,1.0,0.0,0,0.0
31,S1,H4,processor,37,569.826226,24.0,0.0,53.72,0,0,24.0,1.0,0.0,0,0.0
31,S1,H5,processor,37,481.329283,24.0,0.0,0.0,0,0,24.0,1.0,0.0,0,0.0
31,S1,H6,processor,37,0.0,24.0,0.0,0.0,1,0,24.0,1.0,0.0,0,0.0
31,S1,H7,loader,37,308.05103830000064,24.0,0.0,53.48,1,0,24.0,1.0,0.0,0,0.0
31,S1,H8,loader,37,474.741639,24.0,0.0,0.0,0,0,24.0,1.0,0.0,0,0.0
32,S1,H3,grapple_skidder,37,544.6729182999999,24.0,0.0,54.68,0,0,24.0,1.0,0.0,0,0.3
32,S1,H4,processor,37,398.8783582,24.0,0.0,0.0,0,0,24.0,1.0,0.0,0,0.3
32,S1,H5,processor,37,372.3271531,24.0,0.0,55.16,0,0,24.0,1.0,0.0,0,0.3
32,S1,H7,loader,37,0.0,24.0,0.0,0.0,1,0,24.0,1.0,0.0,0,0.3
32,S1,H8,loader,37,390.87866579999996,24.0,0.0,53.72,0,0,24.0,1.0,0.0,0,0.3
32,S1,H9,loader,37,316.3712468,24.0,0.0,0.0,0,0,24.0,1.0,0.0,0,0.3
33,S1,H3,grapple_skidder,37,576.960683,24.0,0.0,53.48,0,0,24.0,1.0,0.0,0,0.0
33,S1,H4,processor,37,45.780229999999165,24.0,0.0,53.24,0,0,24.0,1.0,0.0,0,0.0
33,S1,H5,processor,37,469.046841,24.0,0.0,54.68,0,0,24.0,1.0,0.0,0,0.0
33,S1,H7,loader,37,937.184825,24.0,0.0,53.72,0,0,24.0,1.0,0.0,0,0.0
33,S1,H8,loader,37,450.1652763,24.0,0.0,0.0,1,0,24.0,1.0,0.0,0,0.0
33,S1,H9,loader,37,451.958924,24.0,0.0,0.0,0,0,24.0,1.0,0.0,0,0.0
34,S1,H1,feller_buncher,37,140.55055100000027,24.0,0.0,0.0,0,0,24.0,1.0,0.0,0,0.0
34,S1,H3,grapple_skidder,37,358.12796037838416,24.0,0.0,53.72,1,0,24.0,1.0,0.0,0,0.0
34,S1,H4,processor,37,428.751305,24.0,0.0,54.2,0,0,24.0,1.0,0.0,0,0.0
34,S1,H5,processor,37,384.6834052999999,24.0,0.0,0.0,1,0,24.0,1.0,0.0,0,0.0
34,S1,H7,loader,37,424.57997175726024,24.0,0.0,53.24,0,0,24.0,1.0,0.0,0,0.0
35,S1,H3,grapple_skidder,37,477.4620719999998,24.0,0.0,55.16,0,0,24.0,1.0,0.0,0,0.0
35,S1,H4,processor,37,148.20937800000002,24.0,0.0,0.0,0,0,24.0,1.0,0.0,0,0.0
35,S1,H5,processor,37,321.8513503402138,18.85615258065234,5.1438474193476615,53.24,0,0,24.0,0.7856730241938474,5.1438474193476615,1,0.0
35,S1,H7,loader,37,31.739516163576013,24.0,0.0,0.0,1,0,24.0,1.0,0.0,0,0.0
35,S1,H8,loader,37,474.741639,24.0,0.0,53.72,0,0,24.0,1.0,0.0,0,0.0
36,S1,H3,grapple_skidder,37,855.829418,24.0,0.0,54.68,0,0,24.0,1.0,0.0,0,0.0
36,S1,H4,processor,37,569.826226,24.0,0.0,54.44,0,0,24.0,1.0,0.0,0,0.0
36,S1,H5,processor,37,395.15367800000007,24.0,0.0,0.0,0,0,24.0,1.0,0.0,0,0.0
36,S1,H7,loader,37,552.163711,24.0,0.0,54.2,0,0,24.0,1.0,0.0,0,0.0
36,S1,H8,loader,37,474.741639,24.0,0.0,0.0,0,0,24.0,1.0,0.0,0,0.0
37,S1,H3,grapple_skidder,37,339.93655800000056,24.0,0.0,53.72,0,0,24.0,1.0,0.0,0,0.0
37,S1,H4,processor,37,360.77644299999906,24.0,0.0,0.0,0,0,24.0,1.0,0.0,0,0.0
37,S1,H5,processor,37,395.784917,24.0,0.0,53.48,0,0,24.0,1.0,0.0,0,0.0
37,S1,H7,loader,37,24.796971999999982,24.0,0.0,0.0,0,0,24.0,1.0,0.0,0,0.0
37,S1,H8,loader,37,424.433991,24.0,0.0,53.24,0,0,24.0,1.0,0.0,0,0.0
38,S1,H3,grapple_skidder,37,592.7523827909218,18.282972580991434,5.717027419008566,53.48,0,0,24.0,0.7617905242079764,5.7170274190085655,1,0.0
38,S1,H4,processor,37,366.383328164086,21.423704114975013,2.5762958850249866,55.4,0,0,24.0,0.8926543381239589,2.5762958850249866,1,0.0
38,S1,H5,processor,37,395.784917,24.0,0.0,0.0,0,0,24.0,1.0,0.0,0,0.0
38,S1,H7,loader,37,937.184825,24.0,0.0,54.44,0,0,24.0,1.0,0.0,0,0.0
38,S1,H8,loader,37,424.433991,24.0,0.0,0.0,0,0,24.0,1.0,0.0,0,0.0
39,S1,H3,grapple_skidder,37,678.968019,24.0,0.0,53.72,0,0,24.0,1.0,0.0,0,0.0
39,S1,H4,processor,37,469.046841,24.0,0.0,53.48,0,0,24.0,1.0,0.0,0,0.0
39,S1,H5,processor,37,195.88960400000013,24.0,0.0,0.0,0,0,24.0,1.0,0.0,0,0.0
39,S1,H7,loader,37,24.93760319999899,24.0,0.0,0.0,1,0,24.0,1.0,0.0,0,0.0
39,S1,H8,loader,37,252.65562244021385,24.0,0.0,0.0,1,0,24.0,1.0,0.0,0,0.0
39,S1,H9,loader,37,451.958924,24.0,0.0,0.0,0,0,24.0,1.0,0.0,0,0.0
40,S1,H4,processor,37,547.23705,24.0,0.0,53.72,0,0,24.0,1.0,0.0,0,0.0
40,S1,H7,loader,37,474.741639,24.0,0.0,54.92,0,0,24.0,1.0,0.0,0,0.0
40,S1,H8,loader,37,456.725789,24.0,0.0,53.48,0,0,24.0,1.0,0.0,0,0.0
40,S1,H9,loader,37,108.75279936408583,24.0,0.0,0.0,1,0,24.0,1.0,0.0,0,0.0
41,S1,H4,processor,37,123.70554179092187,24.0,0.0,53.72,1,0,24.0,1.0,0.0,0,0.0
41,S1,H7,loader,37,485.857474,24.0,0.0,53.72,0,0,24.0,1.0,0.0,0,0.0
41,S1,H8,loader,37,456.725789,24.0,0.0,0.0,0,0,24.0,1.0,0.0,0,0.0
42,S1,H3,grapple_skidder,37,535.6347057144512,18.933488142902984,5.066511857097016,0.0,0,0,24.0,0.7888953392876243,5.066511857097016,1,0.0
42,S1,H7,loader,37,202.79923056188778,24.0,0.0,53.72,1,0,24.0,1.0,0.0,0,0.0
42,S1,H8,loader,37,74.00786,24.0,0.0,0.0,1,0,24.0,1.0,0.0,0,0.0
1,S1,H1,feller_buncher,38,1220.906942,24.0,0.0,0.0,0,0,24.0,1.0,0.0,0,0.0
1,S1,H2,feller_buncher,38,1299.478592,24.0,0.0,0.0,0,0,24.0,1.0,0.0,0,0.0
2,S1,H1,feller_buncher,38,1220.906942,24.0,0.0,0.0,0,0,24.0,1.0,0.0,0,0.0
2,S1,H2,feller_buncher,38,1164.04956,24.0,0.0,53.72,0,0,24.0,1.0,0.0,0,0.0
2,S1,H3,grapple_skidder,38,678.968019,24.0,0.0,0.0,0,0,24.0,1.0,0.0,0,0.0
3,S1,H1,feller_buncher,38,1176.844281,24.0,0.0,53.48,0,0,24.0,1.0,0.0,0,0.0
3,S1,H2,feller_buncher,38,888.796776,24.0,0.0,53.24,0,0,24.0,1.0,0.0,0,0.0
3,S1,H3,grapple_skidder,38,778.104169,24.0,0.0,53.72,0,0,24.0,1.0,0.0,0,0.0
3,S1,H4,processor,38,547.23705,24.0,0.0,0.0,0,0,24.0,1.0,0.0,0,0.0
4,S1,H1,feller_buncher,38,823.7909966999999,24.0,0.0,0.0,0,0,24.0,1.0,0.0,0,0.3
4,S1,H2,feller_buncher,38,622.1577432,24.0,0.0,0.0,0,0,24.0,1.0,0.0,0,0.3
4,S1,H3,grapple_skidder,38,932.6584309,24.0,0.0,54.68,0,0,24.0,1.0,0.0,0,0.3
4,S1,H4,processor,38,328.3327887,24.0,0.0,53.72,0,0,24.0,1.0,0.0,0,0.3
4,S1,H7,loader,38,340.1002318,24.0,0.0,0.0,0,0,24.0,1.0,0.0,0,0.3
5,S1,H1,feller_buncher,38,1164.04956,24.0,0.0,54.2,0,0,24.0,1.0,0.0,0,0.0
5,S1,H2,feller_buncher,38,961.553907,24.0,0.0,53.24,0,0,24.0,1.0,0.0,0,0.0
5,S1,H3,grapple_skidder,38,1164.728216,24.0,0.0,53.48,0,0,24.0,1.0,0.0,0,0.0
5,S1,H4,processor,38,471.01684646953066,21.25303769763687,2.74696230236313,54.68,0,0,24.0,0.8855432374015363,2.74696230236313,1,0.0
6,S1,H1,feller_buncher,38,179.31349939999984,24.0,0.0,53.24,0,0,24.0,1.0,0.0,0,0.3
6,S1,H2,feller_buncher,38,673.0877349,24.0,0.0,0.0,0,0,24.0,1.0,0.0,0,0.3
6,S1,H3,grapple_skidder,38,815.3097511999999,24.0,0.0,0.0,0,0,24.0,1.0,0.0,0,0.3
6,S1,H4,processor,38,372.3271531,24.0,0.0,0.0,0,0,24.0,1.0,0.0,0,0.3
7,S1,H1,feller_buncher,38,1164.04956,24.0,0.0,53.24,0,0,24.0,1.0,0.0,0,0.0
7,S1,H2,feller_buncher,38,961.553907,24.0,0.0,0.0,0,0,24.0,1.0,0.0,0,0.0
7,S1,H3,grapple_skidder,38,809.624168,24.0,0.0,54.44,0,0,24.0,1.0,0.0,0,0.0
7,S1,H4,processor,38,517.165642,24.0,0.0,53.48,0,0,24.0,1.0,0.0,0,0.0
7,S1,H7,loader,38,802.411354,24.0,0.0,55.4,0,0,24.0,1.0,0.0,0,0.0
8,S1,H1,feller_buncher,38,860.013242,24.0,0.0,53.24,0,0,24.0,1.0,0.0,0,0.0
8,S1,H2,feller_buncher,38,413.7565330000002,24.0,0.0,0.0,0,0,24.0,1.0,0.0,0,0.0
8,S1,H3,grapple_skidder,38,778.104169,24.0,0.0,53.24,0,0,24.0,1.0,0.0,0,0.0
8,S1,H4,processor,38,517.165642,24.0,0.0,0.0,0,0,24.0,1.0,0.0,0,0.0
8,S1,H5,processor,38,409.650504,24.0,0.0,0.0,0,0,24.0,1.0,0.0,0,0.0
9,S1,H1,feller_buncher,38,1299.478592,24.0,0.0,53.96,0,0,24.0,1.0,0.0,0,0.0
9,S1,H2,feller_buncher,38,1220.906942,24.0,0.0,55.16,0,0,24.0,1.0,0.0,0,0.0
9,S1,H3,grapple_skidder,38,778.104169,24.0,0.0,0.0,0,0,24.0,1.0,0.0,0,0.0
9,S1,H7,loader,38,420.0626757610289,24.0,0.0,53.48,0,0,24.0,1.0,0.0,0,0.0
10,S1,H1,feller_buncher,38,1299.478592,24.0,0.0,0.0,0,0,24.0,1.0,0.0,0,0.0
10,S1,H2,feller_buncher,38,860.013242,24.0,0.0,54.44,0,0,24.0,1.0,0.0,0,0.0
10,S1,H3,grapple_skidder,38,739.620424,24.0,0.0,53.48,0,0,24.0,1.0,0.0,0,0.0
10,S1,H4,processor,38,517.165642,24.0,0.0,0.0,0,0,24.0,1.0,0.0,0,0.0
10,S1,H5,processor,38,469.046841,24.0,0.0,53.24,0,0,24.0,1.0,0.0,0,0.0
11,S1,H1,feller_buncher,38,1299.478592,24.0,0.0,0.0,0,0,24.0,1.0,0.0,0,0.0
11,S1,H2,feller_buncher,38,59.00278800000001,24.0,0.0,0.0,0,0,24.0,1.0,0.0,0,0.0
11,S1,H3,grapple_skidder,38,778.104169,24.0,0.0,53.48,0,0,24.0,1.0,0.0,0,0.0
11,S1,H4,processor,38,481.329283,24.0,0.0,54.68,0,0,24.0,1.0,0.0,0,0.0
11,S1,H7,loader,38,687.364703,24.0,0.0,0.0,0,0,24.0,1.0,0.0,0,0.0
12,S1,H1,feller_buncher,38,356.0085949999998,24.0,0.0,0.0,0,0,24.0,1.0,0.0,0,0.0
12,S1,H2,feller_buncher,38,674.603847,24.0,0.0,53.72,0,0,24.0,1.0,0.0,0,0.0
12,S1,H3,grapple_skidder,38,1332.369187,24.0,0.0,54.68,0,0,24.0,1.0,0.0,0,0.0
12,S1,H4,processor,38,428.5410411999999,24.0,0.0,54.68,1,0,24.0,1.0,0.0,0,0.0
12,S1,H7,loader,38,474.741639,24.0,0.0,54.2,0,0,24.0,1.0,0.0,0,0.0
12,S1,H8,loader,38,451.958924,24.0,0.0,0.0,0,0,24.0,1.0,0.0,0,0.0
13,S1,H1,feller_buncher,38,1164.04956,24.0,0.0,53.72,0,0,24.0,1.0,0.0,0,0.0
13,S1,H2,feller_buncher,38,645.2029513882973,24.0,0.0,53.96,0,0,24.0,1.0,0.0,0,0.0
13,S1,H3,grapple_skidder,38,508.8447294991999,24.0,0.0,54.92,0,0,24.0,1.0,0.0,0,0.0
13,S1,H4,processor,38,531.895933,24.0,0.0,53.48,0,0,24.0,1.0,0.0,0,0.0
13,S1,H7,loader,38,687.364703,24.0,0.0,54.2,0,0,24.0,1.0,0.0,0,0.0
14,S1,H1,feller_buncher,38,823.7909966999999,24.0,0.0,54.2,0,0,24.0,1.0,0.0,0,0.3
14,S1,H2,feller_buncher,38,836.2962474999999,24.0,0.0,0.0,0,0,24.0,1.0,0.0,0,0.3
14,S1,H3,grapple_skidder,38,544.6729182999999,24.0,0.0,53.24,0,0,24.0,1.0,0.0,0,0.3
14,S1,H4,processor,38,372.3271531,24.0,0.0,0.0,0,0,24.0,1.0,0.0,0,0.3
14,S1,H5,processor,38,286.75535279999997,24.0,0.0,53.24,0,0,24.0,1.0,0.0,0,0.3
15,S1,H1,feller_buncher,38,1176.844281,24.0,0.0,0.0,0,0,24.0,1.0,0.0,0,0.0
15,S1,H2,feller_buncher,38,580.2911492086673,24.0,0.0,54.92,0,0,24.0,1.0,0.0,0,0.0
15,S1,H3,grapple_skidder,38,923.199854,24.0,0.0,53.24,0,0,24.0,1.0,0.0,0,0.0
15,S1,H4,processor,38,409.650504,24.0,0.0,54.92,0,0,24.0,1.0,0.0,0,0.0
15,S1,H7,loader,38,802.411354,24.0,0.0,53.48,0,0,24.0,1.0,0.0,0,0.0
16,S1,H1,feller_buncher,38,77.91541660000061,24.0,0.0,0.0,0,0,24.0,1.0,0.0,0,0.3
16,S1,H2,feller_buncher,38,351.9367452999997,24.0,0.0,0.0,0,0,24.0,1.0,0.0,0,0.3
16,S1,H3,grapple_skidder,38,1036.4489751,24.0,0.0,54.68,0,0,24.0,1.0,0.0,0,0.3
16,S1,H4,processor,38,372.3271531,24.0,0.0,54.92,0,0,24.0,1.0,0.0,0,0.3
16,S1,H5,processor,38,277.0494419,24.0,0.0,53.48,0,0,24.0,1.0,0.0,0,0.3
16,S1,H7,loader,38,297.1037937,24.0,0.0,54.92,0,0,24.0,1.0,0.0,0,0.3
17,S1,H1,feller_buncher,38,576.960683,24.0,0.0,53.72,0,0,24.0,1.0,0.0,0,0.0
17,S1,H2,feller_buncher,38,787.363583,24.0,0.0,54.44,0,0,24.0,1.0,0.0,0,0.0
17,S1,H3,grapple_skidder,38,674.603847,24.0,0.0,53.96,0,0,24.0,1.0,0.0,0,0.0
17,S1,H4,processor,38,569.826226,24.0,0.0,53.24,0,0,24.0,1.0,0.0,0,0.0
17,S1,H5,processor,38,395.784917,24.0,0.0,0.0,0,0,24.0,1.0,0.0,0,0.0
17,S1,H6,processor,38,469.046841,24.0,0.0,0.0,0,0,24.0,1.0,0.0,0,0.0
17,S1,H7,loader,38,386.3002301887811,21.843692355287224,2.1563076447127756,0.0,0,0,24.0,0.9101538481369676,2.1563076447127774,1,0.0
17,S1,H8,loader,38,515.0715307695307,24.0,0.0,55.16,1,0,24.0,1.0,0.0,0,0.0
18,S1,H1,feller_buncher,38,1220.906942,24.0,0.0,54.2,0,0,24.0,1.0,0.0,0,0.0
18,S1,H2,feller_buncher,38,486.3476200000001,24.0,0.0,0.0,0,0,24.0,1.0,0.0,0,0.0
18,S1,H3,grapple_skidder,38,1164.728216,24.0,0.0,53.24,0,0,24.0,1.0,0.0,0,0.0
18,S1,H4,processor,38,466.6227491000001,24.0,0.0,0.0,1,0,24.0,1.0,0.0,0,0.0
18,S1,H5,processor,38,456.082335,24.0,0.0,53.72,0,0,24.0,1.0,0.0,0,0.0
18,S1,H7,loader,38,474.741639,24.0,0.0,53.24,0,0,24.0,1.0,0.0,0,0.0
18,S1,H8,loader,38,456.725789,24.0,0.0,54.44,0,0,24.0,1.0,0.0,0,0.0
19,S1,H1,feller_buncher,38,841.9988914871121,19.9484889374271,4.051511062572899,0.0,0,0,24.0,0.8311870390594626,4.0515110625729,1,0.0
19,S1,H2,feller_buncher,38,680.207863,24.0,0.0,53.72,0,0,24.0,1.0,0.0,0,0.0
19,S1,H3,grapple_skidder,38,1273.711203,24.0,0.0,53.24,0,0,24.0,1.0,0.0,0,0.0
19,S1,H4,processor,38,517.165642,24.0,0.0,53.72,0,0,24.0,1.0,0.0,0,0.0
19,S1,H5,processor,38,218.52151199999997,24.0,0.0,0.0,0,0,24.0,1.0,0.0,0,0.0
19,S1,H6,processor,38,469.046841,24.0,0.0,0.0,0,0,24.0,1.0,0.0,0,0.0
19,S1,H7,loader,38,937.184825,24.0,0.0,54.92,0,0,24.0,1.0,0.0,0,0.0
20,S1,H1,feller_buncher,38,1194.708925,24.0,0.0,53.24,0,0,24.0,1.0,0.0,0,0.0
20,S1,H2,feller_buncher,38,364.89843800000006,24.0,0.0,0.0,0,0,24.0,1.0,0.0,0,0.0
20,S1,H3,grapple_skidder,38,1332.369187,24.0,0.0,53.24,0,0,24.0,1.0,0.0,0,0.0
20,S1,H4,processor,38,517.165642,24.0,0.0,0.0,0,0,24.0,1.0,0.0,0,0.0
20,S1,H5,processor,38,469.046841,24.0,0.0,53.96,0,0,24.0,1.0,0.0,0,0.0
20,S1,H6,processor,38,441.264891,24.0,0.0,54.44,0,0,24.0,1.0,0.0,0,0.0
20,S1,H7,loader,38,674.603847,24.0,0.0,53.96,0,0,24.0,1.0,0.0,0,0.0
21,S1,H3,grapple_skidder,38,517.7342967999999,24.0,0.0,55.16,0,0,24.0,1.0,0.0,0,0.3
21,S1,H4,processor,38,372.3271531,24.0,0.0,53.48,0,0,24.0,1.0,0.0,0,0.3
21,S1,H5,processor,38,328.3327887,24.0,0.0,0.0,0,0,24.0,1.0,0.0,0,0.3
21,S1,H6,processor,38,308.8854237,24.0,0.0,0.0,0,0,24.0,1.0,0.0,0,0.3
21,S1,H7,loader,38,311.80825408661144,24.0,0.0,53.24,0,0,24.0,1.0,0.0,0,0.3
22,S1,H3,grapple_skidder,38,1480.641393,24.0,0.0,55.4,0,0,24.0,1.0,0.0,0,0.0
22,S1,H4,processor,38,531.895933,24.0,0.0,0.0,0,0,24.0,1.0,0.0,0,0.0
22,S1,H5,processor,38,419.23214761664605,20.903717887447762,3.096282112552238,53.48,0,0,24.0,0.8709882453103234,3.096282112552239,1,0.0
22,S1,H6,processor,38,469.046841,24.0,0.0,54.44,0,0,24.0,1.0,0.0,0,0.0
22,S1,H7,loader,38,733.483855,24.0,0.0,53.24,0,0,24.0,1.0,0.0,0,0.0
23,S1,H3,grapple_skidder,38,934.4197888000003,24.0,0.0,53.72,1,0,24.0,1.0,0.0,0,0.0
23,S1,H4,processor,38,569.826226,24.0,0.0,53.24,0,0,24.0,1.0,0.0,0,0.0
23,S1,H5,processor,38,356.7932901833539,24.0,0.0,0.0,1,0,24.0,1.0,0.0,0,0.0
23,S1,H6,processor,38,469.046841,24.0,0.0,0.0,0,0,24.0,1.0,0.0,0,0.0
23,S1,H7,loader,38,802.411354,24.0,0.0,53.24,0,0,24.0,1.0,0.0,0,0.0
24,S1,H3,grapple_skidder,38,517.7342967999999,24.0,0.0,54.68,0,0,24.0,1.0,0.0,0,0.3
24,S1,H4,processor,38,398.8783582,24.0,0.0,0.0,0,0,24.0,1.0,0.0,0,0.3
24,S1,H5,processor,38,362.0159494,24.0,0.0,54.68,0,0,24.0,1.0,0.0,0,0.3
24,S1,H6,processor,38,273.8269947,24.0,0.0,54.44,0,0,24.0,1.0,0.0,0,0.3
24,S1,H7,loader,38,289.3350297494493,20.89569851874371,3.1043014812562895,54.68,0,0,24.0,0.8706541049476546,3.1043014812562904,1,0.3
25,S1,H3,grapple_skidder,38,479.4519626037648,24.0,0.0,55.16,0,0,24.0,1.0,0.0,0,0.3
25,S1,H4,processor,38,336.93049809999997,24.0,0.0,55.4,0,0,24.0,1.0,0.0,0,0.3
25,S1,H5,processor,38,362.0159494,24.0,0.0,0.0,0,0,24.0,1.0,0.0,0,0.3
25,S1,H7,loader,38,332.3191473,24.0,0.0,0.0,0,0,24.0,1.0,0.0,0,0.3
25,S1,H8,loader,38,290.4934544,24.0,0.0,54.2,1,0,24.0,1.0,0.0,0,0.3
25,S1,H9,loader,38,656.0293775,24.0,0.0,0.0,0,0,24.0,1.0,0.0,0,0.3
26,S1,H3,grapple_skidder,38,598.8899135636403,18.472279802843943,5.527720197156057,54.68,0,0,24.0,0.7696783251184977,5.527720197156058,1,0.0
26,S1,H4,processor,38,511.9368088000001,24.0,0.0,55.4,1,0,24.0,1.0,0.0,0,0.0
26,S1,H5,processor,38,531.895933,24.0,0.0,53.48,0,0,24.0,1.0,0.0,0,0.0
26,S1,H7,loader,38,687.364703,24.0,0.0,54.2,0,0,24.0,1.0,0.0,0,0.0
26,S1,H8,loader,38,451.958924,24.0,0.0,54.92,0,0,24.0,1.0,0.0,0,0.0
27,S1,H3,grapple_skidder,38,0.0,24.0,0.0,54.2,1,0,24.0,1.0,0.0,0,0.0
27,S1,H4,processor,38,469.046841,24.0,0.0,54.92,0,0,24.0,1.0,0.0,0,0.0
27,S1,H5,processor,38,520.8355096342341,24.0,0.0,0.0,1,0,24.0,1.0,0.0,0,0.0
27,S1,H7,loader,38,923.8761656000001,24.0,0.0,53.72,1,0,24.0,1.0,0.0,0,0.0
27,S1,H8,loader,38,451.958924,24.0,0.0,0.0,0,0,24.0,1.0,0.0,0,0.0
28,S1,H1,feller_buncher,38,836.2962474999999,24.0,0.0,0.0,0,0,24.0,1.0,0.0,0,0.3
28,S1,H3,grapple_skidder,38,731.5744106999999,24.0,0.0,53.48,0,0,24.0,1.0,0.0,0,0.3
28,S1,H4,processor,38,340.78482200000025,24.0,0.0,54.2,1,0,24.0,1.0,0.0,0,0.3
28,S1,H7,loader,38,561.6879478,24.0,0.0,53.24,0,0,24.0,1.0,0.0,0,0.3
28,S1,H8,loader,38,332.3191473,24.0,0.0,53.48,0,0,24.0,1.0,0.0,0,0.3
28,S1,H9,loader,38,238.40844689999994,24.0,0.0,55.4,1,0,24.0,1.0,0.0,0,0.3
29,S1,H3,grapple_skidder,38,739.620424,24.0,0.0,54.2,0,0,24.0,1.0,0.0,0,0.0
29,S1,H4,processor,38,271.97719786668915,24.0,0.0,53.48,0,0,24.0,1.0,0.0,0,0.0
29,S1,H5,processor,38,0.0,24.0,0.0,0.0,1,0,24.0,1.0,0.0,0,0.0
29,S1,H7,loader,38,687.364703,24.0,0.0,53.48,0,0,24.0,1.0,0.0,0,0.0
29,S1,H8,loader,38,474.741639,24.0,0.0,0.0,0,0,24.0,1.0,0.0,0,0.0
30,S1,H3,grapple_skidder,38,995.4140032882967,24.0,0.0,55.4,1,0,24.0,1.0,0.0,0,0.0
30,S1,H4,processor,38,0.0,24.0,0.0,53.48,1,0,24.0,1.0,0.0,0,0.0
30,S1,H5,processor,38,481.329283,24.0,0.0,55.16,0,0,24.0,1.0,0.0,0,0.0
30,S1,H6,processor,38,430.907382,24.0,0.0,53.72,0,0,24.0,1.0,0.0,0,0.0
30,S1,H7,loader,38,592.8552269342341,24.0,0.0,53.48,1,0,24.0,1.0,0.0,0,0.0
30,S1,H8,loader,38,474.741639,24.0,0.0,0.0,0,0,24.0,1.0,0.0,0,0.0
31,S1,H3,grapple_skidder,38,393.6876307094806,24.0,0.0,53.24,0,0,24.0,1.0,0.0,0,0.0
31,S1,H4,processor,38,569.826226,24.0,0.0,53.72,0,0,24.0,1.0,0.0,0,0.0
31,S1,H5,processor,38,439.0949397,24.0,0.0,0.0,1,0,24.0,1.0,0.0,0,0.0
31,S1,H6,processor,38,28.689830833310793,24.0,0.0,0.0,1,0,24.0,1.0,0.0,0,0.0
31,S1,H7,loader,38,597.8562301523602,24.0,0.0,53.48,1,0,24.0,1.0,0.0,0,0.0
31,S1,H8,loader,38,408.62424098412504,20.657513430413463,3.342486569586537,0.0,0,0,24.0,0.8607297262672277,3.342486569586537,1,0.0
32,S1,H3,grapple_skidder,38,778.104169,24.0,0.0,54.68,0,0,24.0,1.0,0.0,0,0.0
32,S1,H4,processor,38,425.5877772882967,24.0,0.0,0.0,1,0,24.0,1.0,0.0,0,0.0
32,S1,H5,processor,38,393.6876307094806,24.0,0.0,55.16,1,0,24.0,1.0,0.0,0,0.0
32,S1,H7,loader,38,0.0,24.0,0.0,0.0,1,0,24.0,1.0,0.0,0,0.0
32,S1,H8,loader,38,558.398094,24.0,0.0,53.72,0,0,24.0,1.0,0.0,0,0.0
32,S1,H9,loader,38,211.0818252986026,24.0,0.0,0.0,0,0,24.0,1.0,0.0,0,0.0
33,S1,H3,grapple_skidder,38,576.960683,24.0,0.0,53.48,0,0,24.0,1.0,0.0,0,0.0
33,S1,H4,processor,38,0.0,24.0,0.0,53.24,1,0,24.0,1.0,0.0,0,0.0
33,S1,H5,processor,38,273.63747288230024,24.0,0.0,54.68,0,0,24.0,1.0,0.0,0,0.0
33,S1,H7,loader,38,937.184825,24.0,0.0,53.72,0,0,24.0,1.0,0.0,0,0.0
33,S1,H8,loader,38,173.17631669999992,24.0,0.0,0.0,1,0,24.0,1.0,0.0,0,0.0
33,S1,H9,loader,38,451.958924,24.0,0.0,0.0,0,0,24.0,1.0,0.0,0,0.0
34,S1,H1,feller_buncher,38,140.55055100000027,24.0,0.0,0.0,0,0,24.0,1.0,0.0,0,0.0
34,S1,H3,grapple_skidder,38,371.7991211007998,24.0,0.0,53.72,1,0,24.0,1.0,0.0,0,0.0
34,S1,H4,processor,38,401.1169147005748,22.453123385394235,1.5468766146057646,54.2,0,0,24.0,0.9355468077247598,1.546876614605766,1,0.0
34,S1,H5,processor,38,469.046841,24.0,0.0,0.0,0,0,24.0,1.0,0.0,0,0.0
34,S1,H7,loader,38,393.6876307094806,24.0,0.0,53.24,1,0,24.0,1.0,0.0,0,0.0
35,S1,H3,grapple_skidder,38,140.55055100000027,24.0,0.0,55.16,1,0,24.0,1.0,0.0,0,0.0
35,S1,H4,processor,38,148.20937800000002,24.0,0.0,0.0,0,0,24.0,1.0,0.0,0,0.0
35,S1,H5,processor,38,409.650504,24.0,0.0,53.24,0,0,24.0,1.0,0.0,0,0.0
35,S1,H7,loader,38,0.0,24.0,0.0,0.0,1,0,24.0,1.0,0.0,0,0.0
35,S1,H8,loader,38,474.741639,24.0,0.0,53.72,0,0,24.0,1.0,0.0,0,0.0
36,S1,H3,grapple_skidder,38,855.829418,24.0,0.0,54.68,0,0,24.0,1.0,0.0,0,0.0
36,S1,H4,processor,38,140.55055100000027,24.0,0.0,54.44,1,0,24.0,1.0,0.0,0,0.0
36,S1,H5,processor,38,174.56115379999977,24.0,0.0,0.0,1,0,24.0,1.0,0.0,0,0.0
36,S1,H7,loader,38,549.3262927005749,24.0,0.0,54.2,1,0,24.0,1.0,0.0,0,0.0
36,S1,H8,loader,38,474.741639,24.0,0.0,0.0,0,0,24.0,1.0,0.0,0,0.0
37,S1,H3,grapple_skidder,38,339.93655800000056,24.0,0.0,53.72,0,0,24.0,1.0,0.0,0,0.0
37,S1,H4,processor,38,0.0,18.369151459875432,5.630848540124568,0.0,1,0,24.0,0.765381310828143,5.6308485401245685,1,0.0
37,S1,H5,processor,38,395.784917,24.0,0.0,53.48,0,0,24.0,1.0,0.0,0,0.0
37,S1,H7,loader,38,0.0,24.0,0.0,0.0,1,0,24.0,1.0,0.0,0,0.0
37,S1,H8,loader,38,424.433991,24.0,0.0,53.24,0,0,24.0,1.0,0.0,0,0.0
38,S1,H3,grapple_skidder,38,554.3424576450268,24.0,0.0,53.48,1,0,24.0,1.0,0.0,0,0.0
38,S1,H4,processor,38,339.93655800000056,24.0,0.0,55.4,1,0,24.0,1.0,0.0,0,0.0
38,S1,H5,processor,38,395.784917,24.0,0.0,0.0,0,0,24.0,1.0,0.0,0,0.0
38,S1,H7,loader,38,198.77972928829695,24.0,0.0,54.44,1,0,24.0,1.0,0.0,0,0.0
38,S1,H8,loader,38,424.433991,24.0,0.0,0.0,0,0,24.0,1.0,0.0,0,0.0
39,S1,H3,grapple_skidder,38,678.968019,24.0,0.0,53.72,0,0,24.0,1.0,0.0,0,0.0
39,S1,H4,processor,38,469.046841,24.0,0.0,53.48,0,0,24.0,1.0,0.0,0,0.0
39,S1,H5,processor,38,195.88960400000013,24.0,0.0,0.0,0,0,24.0,1.0,0.0,0,0.0
39,S1,H7,loader,38,0.0,24.0,0.0,0.0,1,0,24.0,1.0,0.0,0,0.0
39,S1,H8,loader,38,157.99601271121878,24.0,0.0,0.0,1,0,24.0,1.0,0.0,0,0.0
39,S1,H9,loader,38,451.958924,24.0,0.0,0.0,0,0,24.0,1.0,0.0,0,0.0
40,S1,H4,processor,38,547.23705,24.0,0.0,53.72,0,0,24.0,1.0,0.0,0,0.0
40,S1,H7,loader,38,474.741639,24.0,0.0,54.92,0,0,24.0,1.0,0.0,0,0.0
40,S1,H8,loader,38,456.725789,24.0,0.0,53.48,0,0,24.0,1.0,0.0,0,0.0
40,S1,H9,loader,38,134.70578599999976,24.0,0.0,0.0,0,0,24.0,1.0,0.0,0,0.0
41,S1,H4,processor,38,436.70151522636706,24.0,0.0,53.72,1,0,24.0,1.0,0.0,0,0.0
41,S1,H7,loader,38,485.857474,24.0,0.0,53.72,0,0,24.0,1.0,0.0,0,0.0
41,S1,H8,loader,38,212.6818350181652,24.0,0.0,0.0,0,0,24.0,1.0,0.0,0,0.0
42,S1,H3,grapple_skidder,38,678.968019,24.0,0.0,0.0,0,0,24.0,1.0,0.0,0,0.0
42,S1,H7,loader,38,474.741639,24.0,0.0,53.72,0,0,24.0,1.0,0.0,0,0.0
42,S1,H8,loader,38,337.1511233801888,19.791095167147464,4.208904832852536,0.0,0,0,24.0,0.824628965297811,4.208904832852536,1,0.0
1,S1,H1,feller_buncher,39,1220.906942,24.0,0.0,0.0,0,0,24.0,1.0,0.0,0,0.0
1,S1,H2,feller_buncher,39,957.6170221815956,24.0,0.0,0.0,0,0,24.0,1.0,0.0,0,0.0
2,S1,H1,feller_buncher,39,1220.906942,24.0,0.0,0.0,0,0,24.0,1.0,0.0,0,0.0
2,S1,H2,feller_buncher,39,1164.04956,24.0,0.0,53.72,0,0,24.0,1.0,0.0,0,0.0
2,S1,H3,grapple_skidder,39,527.7535142982684,18.654905663765057,5.3450943362349435,0.0,0,0,24.0,0.7772877359902107,5.3450943362349435,1,0.0
3,S1,H1,feller_buncher,39,1176.844281,24.0,0.0,53.48,0,0,24.0,1.0,0.0,0,0.0
3,S1,H2,feller_buncher,39,888.796776,24.0,0.0,53.24,0,0,24.0,1.0,0.0,0,0.0
3,S1,H3,grapple_skidder,39,778.104169,24.0,0.0,53.72,0,0,24.0,1.0,0.0,0,0.0
3,S1,H4,processor,39,527.7535142982684,24.0,0.0,0.0,1,0,24.0,1.0,0.0,0,0.0
4,S1,H1,feller_buncher,39,1176.844281,24.0,0.0,0.0,0,0,24.0,1.0,0.0,0,0.0
4,S1,H2,feller_buncher,39,888.796776,24.0,0.0,0.0,0,0,24.0,1.0,0.0,0,0.0
4,S1,H3,grapple_skidder,39,1332.369187,24.0,0.0,54.68,0,0,24.0,1.0,0.0,0,0.0
4,S1,H4,processor,39,469.046841,24.0,0.0,53.72,0,0,24.0,1.0,0.0,0,0.0
4,S1,H7,loader,39,242.99777691958639,20.4293570396415,3.5706429603585015,0.0,0,0,24.0,0.8512232099850624,3.5706429603585015,1,0.0
5,S1,H1,feller_buncher,39,1164.04956,24.0,0.0,54.2,0,0,24.0,1.0,0.0,0,0.0
5,S1,H2,feller_buncher,39,961.553907,24.0,0.0,53.24,0,0,24.0,1.0,0.0,0,0.0
5,S1,H3,grapple_skidder,39,1164.728216,24.0,0.0,53.48,0,0,24.0,1.0,0.0,0,0.0
5,S1,H4,processor,39,531.895933,24.0,0.0,54.68,0,0,24.0,1.0,0.0,0,0.0
6,S1,H1,feller_buncher,39,236.95694137711902,22.200652089530315,1.7993479104696846,53.24,0,0,24.0,0.9250271703970965,1.7993479104696837,1,0.0
6,S1,H2,feller_buncher,39,961.553907,24.0,0.0,0.0,0,0,24.0,1.0,0.0,0,0.0
6,S1,H3,grapple_skidder,39,1164.728216,24.0,0.0,0.0,0,0,24.0,1.0,0.0,0,0.0
6,S1,H4,processor,39,531.895933,24.0,0.0,0.0,0,0,24.0,1.0,0.0,0,0.0
7,S1,H1,feller_buncher,39,1164.04956,24.0,0.0,53.24,0,0,24.0,1.0,0.0,0,0.0
7,S1,H2,feller_buncher,39,961.553907,24.0,0.0,0.0,0,0,24.0,1.0,0.0,0,0.0
7,S1,H3,grapple_skidder,39,809.624168,24.0,0.0,54.44,0,0,24.0,1.0,0.0,0,0.0
7,S1,H4,processor,39,517.165642,24.0,0.0,53.48,0,0,24.0,1.0,0.0,0,0.0
7,S1,H7,loader,39,802.411354,24.0,0.0,55.4,0,0,24.0,1.0,0.0,0,0.0
8,S1,H1,feller_buncher,39,860.013242,24.0,0.0,53.24,0,0,24.0,1.0,0.0,0,0.0
8,S1,H2,feller_buncher,39,413.7565330000002,24.0,0.0,0.0,0,0,24.0,1.0,0.0,0,0.0
8,S1,H3,grapple_skidder,39,778.104169,24.0,0.0,53.24,0,0,24.0,1.0,0.0,0,0.0
8,S1,H4,processor,39,517.165642,24.0,0.0,0.0,0,0,24.0,1.0,0.0,0,0.0
8,S1,H5,processor,39,409.650504,24.0,0.0,0.0,0,0,24.0,1.0,0.0,0,0.0
9,S1,H1,feller_buncher,39,1299.478592,24.0,0.0,53.96,0,0,24.0,1.0,0.0,0,0.0
9,S1,H2,feller_buncher,39,1220.906942,24.0,0.0,55.16,0,0,24.0,1.0,0.0,0,0.0
9,S1,H3,grapple_skidder,39,778.104169,24.0,0.0,0.0,0,0,24.0,1.0,0.0,0,0.0
9,S1,H7,loader,39,687.364703,24.0,0.0,53.48,0,0,24.0,1.0,0.0,0,0.0
10,S1,H1,feller_buncher,39,1299.478592,24.0,0.0,0.0,0,0,24.0,1.0,0.0,0,0.0
10,S1,H2,feller_buncher,39,860.013242,24.0,0.0,54.44,0,0,24.0,1.0,0.0,0,0.0
10,S1,H3,grapple_skidder,39,739.620424,24.0,0.0,53.48,0,0,24.0,1.0,0.0,0,0.0
10,S1,H4,processor,39,517.165642,24.0,0.0,0.0,0,0,24.0,1.0,0.0,0,0.0
10,S1,H5,processor,39,469.046841,24.0,0.0,53.24,0,0,24.0,1.0,0.0,0,0.0
11,S1,H1,feller_buncher,39,1299.478592,24.0,0.0,0.0,0,0,24.0,1.0,0.0,0,0.0
11,S1,H2,feller_buncher,39,59.00278800000001,24.0,0.0,0.0,0,0,24.0,1.0,0.0,0,0.0
11,S1,H3,grapple_skidder,39,778.104169,24.0,0.0,53.48,0,0,24.0,1.0,0.0,0,0.0
11,S1,H4,processor,39,481.329283,24.0,0.0,54.68,0,0,24.0,1.0,0.0,0,0.0
11,S1,H7,loader,39,687.364703,24.0,0.0,0.0,0,0,24.0,1.0,0.0,0,0.0
12,S1,H1,feller_buncher,39,356.0085949999998,24.0,0.0,0.0,0,0,24.0,1.0,0.0,0,0.0
12,S1,H2,feller_buncher,39,555.7685163814746,19.772262569317057,4.227737430682943,53.72,0,0,24.0,0.823844273721544,4.227737430682945,1,0.0
12,S1,H3,grapple_skidder,39,1332.369187,24.0,0.0,54.68,0,0,24.0,1.0,0.0,0,0.0
12,S1,H4,processor,39,434.1650160889408,20.148206957133045,3.851793042866955,54.68,0,0,24.0,0.8395086232138769,3.8517930428669556,1,0.0
12,S1,H7,loader,39,474.741639,24.0,0.0,54.2,0,0,24.0,1.0,0.0,0,0.0
12,S1,H8,loader,39,451.958924,24.0,0.0,0.0,0,0,24.0,1.0,0.0,0,0.0
13,S1,H1,feller_buncher,39,1164.04956,24.0,0.0,53.72,0,0,24.0,1.0,0.0,0,0.0
13,S1,H2,feller_buncher,39,1194.708925,24.0,0.0,53.96,0,0,24.0,1.0,0.0,0,0.0
13,S1,H3,grapple_skidder,39,809.624168,24.0,0.0,54.92,0,0,24.0,1.0,0.0,0,0.0
13,S1,H4,processor,39,531.895933,24.0,0.0,53.48,0,0,24.0,1.0,0.0,0,0.0
13,S1,H7,loader,39,610.932536088941,24.0,0.0,54.2,1,0,24.0,1.0,0.0,0,0.0
14,S1,H1,feller_buncher,39,1176.844281,24.0,0.0,54.2,0,0,24.0,1.0,0.0,0,0.0
14,S1,H2,feller_buncher,39,1194.708925,24.0,0.0,0.0,0,0,24.0,1.0,0.0,0,0.0
14,S1,H3,grapple_skidder,39,778.104169,24.0,0.0,53.24,0,0,24.0,1.0,0.0,0,0.0
14,S1,H4,processor,39,531.895933,24.0,0.0,0.0,0,0,24.0,1.0,0.0,0,0.0
14,S1,H5,processor,39,409.650504,24.0,0.0,53.24,0,0,24.0,1.0,0.0,0,0.0
15,S1,H1,feller_buncher,39,1176.844281,24.0,0.0,0.0,0,0,24.0,1.0,0.0,0,0.0
15,S1,H2,feller_buncher,39,1164.04956,24.0,0.0,54.92,0,0,24.0,1.0,0.0,0,0.0
15,S1,H3,grapple_skidder,39,923.199854,24.0,0.0,53.24,0,0,24.0,1.0,0.0,0,0.0
15,S1,H4,processor,39,409.650504,24.0,0.0,54.92,0,0,24.0,1.0,0.0,0,0.0
15,S1,H7,loader,39,802.411354,24.0,0.0,53.48,0,0,24.0,1.0,0.0,0,0.0
16,S1,H1,feller_buncher,39,84.48149192482546,24.0,0.0,0.0,0,0,24.0,1.0,0.0,0,0.0
16,S1,H2,feller_buncher,39,502.7667789999996,24.0,0.0,0.0,0,0,24.0,1.0,0.0,0,0.0
16,S1,H3,grapple_skidder,39,1480.641393,24.0,0.0,54.68,0,0,24.0,1.0,0.0,0,0.0
16,S1,H4,processor,39,531.895933,24.0,0.0,54.92,0,0,24.0,1.0,0.0,0,0.0
16,S1,H5,processor,39,395.784917,24.0,0.0,53.48,0,0,24.0,1.0,0.0,0,0.0
16,S1,H7,loader,39,424.433991,24.0,0.0,54.92,0,0,24.0,1.0,0.0,0,0.0
17,S1,H1,feller_buncher,39,576.960683,24.0,0.0,53.72,0,0,24.0,1.0,0.0,0,0.0
17,S1,H2,feller_buncher,39,787.363583,24.0,0.0,54.44,0,0,24.0,1.0,0.0,0,0.0
17,S1,H3,grapple_skidder,39,555.7685163814746,24.0,0.0,53.96,1,0,24.0,1.0,0.0,0,0.0
17,S1,H4,processor,39,569.826226,24.0,0.0,53.24,0,0,24.0,1.0,0.0,0,0.0
17,S1,H5,processor,39,395.784917,24.0,0.0,0.0,0,0,24.0,1.0,0.0,0,0.0
17,S1,H6,processor,39,469.046841,24.0,0.0,0.0,0,0,24.0,1.0,0.0,0,0.0
17,S1,H7,loader,39,424.433991,24.0,0.0,0.0,0,0,24.0,1.0,0.0,0,0.0
17,S1,H8,loader,39,671.8474645945844,20.09485417908235,3.9051458209176495,55.16,0,0,24.0,0.8372855907950979,3.90514582091765,1,0.0
18,S1,H1,feller_buncher,39,1220.906942,24.0,0.0,54.2,0,0,24.0,1.0,0.0,0,0.0
18,S1,H2,feller_buncher,39,218.420342007969,19.35025249247225,4.649747507527749,0.0,0,0,24.0,0.8062605205196771,4.649747507527749,1,0.0
18,S1,H3,grapple_skidder,39,1164.728216,24.0,0.0,53.24,0,0,24.0,1.0,0.0,0,0.0
18,S1,H4,processor,39,569.826226,24.0,0.0,0.0,0,0,24.0,1.0,0.0,0,0.0
18,S1,H5,processor,39,456.082335,24.0,0.0,53.72,0,0,24.0,1.0,0.0,0,0.0
18,S1,H7,loader,39,474.741639,24.0,0.0,53.24,0,0,24.0,1.0,0.0,0,0.0
18,S1,H8,loader,39,456.725789,24.0,0.0,54.44,0,0,24.0,1.0,0.0,0,0.0
19,S1,H1,feller_buncher,39,1013.0077249999999,24.0,0.0,0.0,0,0,24.0,1.0,0.0,0,0.0
19,S1,H2,feller_buncher,39,402.8888948571645,21.608579999454943,2.3914200005450574,53.72,0,0,24.0,0.9003574999772893,2.3914200005450574,1,0.0
19,S1,H3,grapple_skidder,39,1005.783925007969,24.0,0.0,53.24,1,0,24.0,1.0,0.0,0,0.0
19,S1,H4,processor,39,517.165642,24.0,0.0,53.72,0,0,24.0,1.0,0.0,0,0.0
19,S1,H5,processor,39,99.68618138147457,24.0,0.0,0.0,1,0,24.0,1.0,0.0,0,0.0
19,S1,H6,processor,39,469.046841,24.0,0.0,0.0,0,0,24.0,1.0,0.0,0,0.0
19,S1,H7,loader,39,937.184825,24.0,0.0,54.92,0,0,24.0,1.0,0.0,0,0.0
20,S1,H1,feller_buncher,39,1194.708925,24.0,0.0,53.24,0,0,24.0,1.0,0.0,0,0.0
20,S1,H2,feller_buncher,39,168.5792115251513,24.0,0.0,0.0,0,0,24.0,1.0,0.0,0,0.0
20,S1,H3,grapple_skidder,39,1332.369187,24.0,0.0,53.24,0,0,24.0,1.0,0.0,0,0.0
20,S1,H4,processor,39,517.165642,24.0,0.0,0.0,0,0,24.0,1.0,0.0,0,0.0
20,S1,H5,processor,39,469.046841,24.0,0.0,53.96,0,0,24.0,1.0,0.0,0,0.0
20,S1,H6,processor,39,394.99509143824156,21.48342727433939,2.516572725660609,54.44,0,0,24.0,0.8951428030974746,2.5165727256606094,1,0.0
20,S1,H7,loader,39,555.7685163814746,24.0,0.0,53.96,1,0,24.0,1.0,0.0,0,0.0
21,S1,H3,grapple_skidder,39,517.7342967999999,24.0,0.0,55.16,0,0,24.0,1.0,0.0,0,0.3
21,S1,H4,processor,39,372.3271531,24.0,0.0,53.48,0,0,24.0,1.0,0.0,0,0.3
21,S1,H5,processor,39,328.3327887,24.0,0.0,0.0,0,0,24.0,1.0,0.0,0,0.3
21,S1,H6,processor,39,308.8854237,24.0,0.0,0.0,0,0,24.0,1.0,0.0,0,0.3
21,S1,H7,loader,39,481.15529209999994,24.0,0.0,53.24,0,0,24.0,1.0,0.0,0,0.3
22,S1,H3,grapple_skidder,39,1480.641393,24.0,0.0,55.4,0,0,24.0,1.0,0.0,0,0.0
22,S1,H4,processor,39,531.895933,24.0,0.0,0.0,0,0,24.0,1.0,0.0,0,0.0
22,S1,H5,processor,39,481.329283,24.0,0.0,53.48,0,0,24.0,1.0,0.0,0,0.0
22,S1,H6,processor,39,469.046841,24.0,0.0,54.44,0,0,24.0,1.0,0.0,0,0.0
22,S1,H7,loader,39,703.8805151382415,24.0,0.0,53.24,1,0,24.0,1.0,0.0,0,0.0
23,S1,H3,grapple_skidder,39,1164.728216,24.0,0.0,53.72,0,0,24.0,1.0,0.0,0,0.0
23,S1,H4,processor,39,413.52714845428284,17.41697926501331,6.58302073498669,53.24,0,0,24.0,0.7257074693755546,6.58302073498669,1,0.0
23,S1,H5,processor,39,294.6961548,20.779446018146967,3.2205539818530333,0.0,1,0,24.0,0.8658102507561236,3.220553981853034,1,0.0
23,S1,H6,processor,39,469.046841,24.0,0.0,0.0,0,0,24.0,1.0,0.0,0,0.0
23,S1,H7,loader,39,802.411354,24.0,0.0,53.24,0,0,24.0,1.0,0.0,0,0.0
24,S1,H3,grapple_skidder,39,739.620424,24.0,0.0,54.68,0,0,24.0,1.0,0.0,0,0.0
24,S1,H4,processor,39,569.826226,24.0,0.0,0.0,0,0,24.0,1.0,0.0,0,0.0
24,S1,H5,processor,39,440.14563291555146,20.425748216996276,3.5742517830037244,54.68,0,0,24.0,0.8510728423748448,3.5742517830037244,1,0.0
24,S1,H6,processor,39,301.90340986972734,24.0,0.0,54.44,1,0,24.0,1.0,0.0,0,0.0
24,S1,H7,loader,39,474.741639,24.0,0.0,54.68,0,0,24.0,1.0,0.0,0,0.0
25,S1,H3,grapple_skidder,39,932.6584309,24.0,0.0,55.16,0,0,24.0,1.0,0.0,0,0.3
25,S1,H4,processor,39,336.93049809999997,24.0,0.0,55.4,0,0,24.0,1.0,0.0,0,0.3
25,S1,H5,processor,39,362.0159494,24.0,0.0,0.0,0,0,24.0,1.0,0.0,0,0.3
25,S1,H7,loader,39,332.3191473,24.0,0.0,0.0,0,0,24.0,1.0,0.0,0,0.3
25,S1,H8,loader,39,301.90340986972734,24.0,0.0,54.2,1,0,24.0,1.0,0.0,0,0.3
25,S1,H9,loader,39,656.0293775,24.0,0.0,0.0,0,0,24.0,1.0,0.0,0,0.3
26,S1,H3,grapple_skidder,39,667.6995064860247,20.59465659496369,3.4053434050363087,54.68,0,0,24.0,0.8581106914568205,3.405343405036308,1,0.0
26,S1,H4,processor,39,569.826226,24.0,0.0,55.4,0,0,24.0,1.0,0.0,0,0.0
26,S1,H5,processor,39,531.895933,24.0,0.0,53.48,0,0,24.0,1.0,0.0,0,0.0
26,S1,H7,loader,39,687.364703,24.0,0.0,54.2,0,0,24.0,1.0,0.0,0,0.0
26,S1,H8,loader,39,451.958924,24.0,0.0,54.92,0,0,24.0,1.0,0.0,0,0.0
27,S1,H3,grapple_skidder,39,132.94575192482534,24.0,0.0,54.2,1,0,24.0,1.0,0.0,0,0.0
27,S1,H4,processor,39,469.046841,24.0,0.0,54.92,0,0,24.0,1.0,0.0,0,0.0
27,S1,H5,processor,39,531.895933,24.0,0.0,0.0,0,0,24.0,1.0,0.0,0,0.0
27,S1,H7,loader,39,937.184825,24.0,0.0,53.72,0,0,24.0,1.0,0.0,0,0.0
27,S1,H8,loader,39,451.958924,24.0,0.0,0.0,0,0,24.0,1.0,0.0,0,0.0
28,S1,H1,feller_buncher,39,1194.708925,24.0,0.0,0.0,0,0,24.0,1.0,0.0,0,0.0
28,S1,H3,grapple_skidder,39,571.4681063823158,24.0,0.0,53.48,1,0,24.0,1.0,0.0,0,0.0
28,S1,H4,processor,39,517.165642,24.0,0.0,54.2,0,0,24.0,1.0,0.0,0,0.0
28,S1,H7,loader,39,802.411354,24.0,0.0,53.24,0,0,24.0,1.0,0.0,0,0.0
28,S1,H8,loader,39,372.1058473013764,24.0,0.0,53.48,0,0,24.0,1.0,0.0,0,0.0
28,S1,H9,loader,39,238.40844689999994,24.0,0.0,55.4,1,0,24.0,1.0,0.0,0,0.0
29,S1,H3,grapple_skidder,39,739.620424,24.0,0.0,54.2,0,0,24.0,1.0,0.0,0,0.0
29,S1,H4,processor,39,430.907382,24.0,0.0,53.48,0,0,24.0,1.0,0.0,0,0.0
29,S1,H5,processor,39,302.2713747999999,24.0,0.0,0.0,1,0,24.0,1.0,0.0,0,0.0
29,S1,H7,loader,39,687.364703,24.0,0.0,53.48,0,0,24.0,1.0,0.0,0,0.0
29,S1,H8,loader,39,474.741639,24.0,0.0,0.0,0,0,24.0,1.0,0.0,0,0.0
30,S1,H3,grapple_skidder,39,1480.641393,24.0,0.0,55.4,0,0,24.0,1.0,0.0,0,0.0
30,S1,H4,processor,39,164.19408399999998,24.0,0.0,53.48,0,0,24.0,1.0,0.0,0,0.0
30,S1,H5,processor,39,481.329283,24.0,0.0,55.16,0,0,24.0,1.0,0.0,0,0.0
30,S1,H6,processor,39,140.5607243823158,24.0,0.0,53.72,1,0,24.0,1.0,0.0,0,0.0
30,S1,H7,loader,39,802.411354,24.0,0.0,53.48,0,0,24.0,1.0,0.0,0,0.0
30,S1,H8,loader,39,474.741639,24.0,0.0,0.0,0,0,24.0,1.0,0.0,0,0.0
31,S1,H3,grapple_skidder,39,567.1587449999993,24.0,0.0,53.24,0,0,24.0,1.0,0.0,0,0.0
31,S1,H4,processor,39,569.826226,24.0,0.0,53.72,0,0,24.0,1.0,0.0,0,0.0
31,S1,H5,processor,39,481.329283,24.0,0.0,0.0,0,0,24.0,1.0,0.0,0,0.0
31,S1,H6,processor,39,0.0,24.0,0.0,0.0,1,0,24.0,1.0,0.0,0,0.0
31,S1,H7,loader,39,661.9678942155515,24.0,0.0,53.48,1,0,24.0,1.0,0.0,0,0.0
31,S1,H8,loader,39,474.741639,24.0,0.0,0.0,0,0,24.0,1.0,0.0,0,0.0
32,S1,H3,grapple_skidder,39,778.104169,24.0,0.0,54.68,0,0,24.0,1.0,0.0,0,0.0
32,S1,H4,processor,39,569.826226,24.0,0.0,0.0,0,0,24.0,1.0,0.0,0,0.0
32,S1,H5,processor,39,307.842087217557,24.0,0.0,55.16,0,0,24.0,1.0,0.0,0,0.0
32,S1,H7,loader,39,0.0,19.462113505383822,4.537886494616178,0.0,1,0,24.0,0.8109213960576592,4.5378864946161785,1,0.0
32,S1,H8,loader,39,558.398094,24.0,0.0,53.72,0,0,24.0,1.0,0.0,0,0.0
32,S1,H9,loader,39,451.958924,24.0,0.0,0.0,0,0,24.0,1.0,0.0,0,0.0
33,S1,H3,grapple_skidder,39,576.960683,24.0,0.0,53.48,0,0,24.0,1.0,0.0,0,0.0
33,S1,H4,processor,39,45.780229999999165,24.0,0.0,53.24,0,0,24.0,1.0,0.0,0,0.0
33,S1,H5,processor,39,469.046841,24.0,0.0,54.68,0,0,24.0,1.0,0.0,0,0.0
33,S1,H7,loader,39,937.184825,24.0,0.0,53.72,0,0,24.0,1.0,0.0,0,0.0
33,S1,H8,loader,39,13.070012382315781,24.0,0.0,0.0,1,0,24.0,1.0,0.0,0,0.0
33,S1,H9,loader,39,451.958924,24.0,0.0,0.0,0,0,24.0,1.0,0.0,0,0.0
34,S1,H1,feller_buncher,39,140.55055100000027,24.0,0.0,0.0,0,0,24.0,1.0,0.0,0,0.0
34,S1,H3,grapple_skidder,39,395.3021573771189,24.0,0.0,53.72,1,0,24.0,1.0,0.0,0,0.0
34,S1,H4,processor,39,428.751305,24.0,0.0,54.2,0,0,24.0,1.0,0.0,0,0.0
34,S1,H5,processor,39,469.046841,24.0,0.0,0.0,0,0,24.0,1.0,0.0,0,0.0
34,S1,H7,loader,39,599.4840745229717,24.0,0.0,53.24,1,0,24.0,1.0,0.0,0,0.0
35,S1,H3,grapple_skidder,39,334.2234503999998,24.0,0.0,55.16,0,0,24.0,1.0,0.0,0,0.3
35,S1,H4,processor,39,103.7465646,24.0,0.0,0.0,0,0,24.0,1.0,0.0,0,0.3
35,S1,H5,processor,39,286.75535279999997,24.0,0.0,53.24,0,0,24.0,1.0,0.0,0,0.3
35,S1,H7,loader,39,0.0,24.0,0.0,0.0,1,0,24.0,1.0,0.0,0,0.3
35,S1,H8,loader,39,332.3191473,24.0,0.0,53.72,0,0,24.0,1.0,0.0,0,0.3
36,S1,H3,grapple_skidder,39,855.829418,24.0,0.0,54.68,0,0,24.0,1.0,0.0,0,0.0
36,S1,H4,processor,39,569.826226,24.0,0.0,54.44,0,0,24.0,1.0,0.0,0,0.0
36,S1,H5,processor,39,395.15367800000007,24.0,0.0,0.0,0,0,24.0,1.0,0.0,0,0.0
36,S1,H7,loader,39,532.4978696000001,24.0,0.0,54.2,1,0,24.0,1.0,0.0,0,0.0
36,S1,H8,loader,39,474.741639,24.0,0.0,0.0,0,0,24.0,1.0,0.0,0,0.0
37,S1,H3,grapple_skidder,39,339.93655800000056,24.0,0.0,53.72,0,0,24.0,1.0,0.0,0,0.0
37,S1,H4,processor,39,211.9047634492489,24.0,0.0,0.0,0,0,24.0,1.0,0.0,0,0.0
37,S1,H5,processor,39,395.784917,24.0,0.0,53.48,0,0,24.0,1.0,0.0,0,0.0
37,S1,H7,loader,39,0.0,24.0,0.0,0.0,1,0,24.0,1.0,0.0,0,0.0
37,S1,H8,loader,39,424.433991,24.0,0.0,53.24,0,0,24.0,1.0,0.0,0,0.0
38,S1,H3,grapple_skidder,39,778.104169,24.0,0.0,53.48,0,0,24.0,1.0,0.0,0,0.0
38,S1,H4,processor,39,410.442556,24.0,0.0,55.4,0,0,24.0,1.0,0.0,0,0.0
38,S1,H5,processor,39,395.784917,24.0,0.0,0.0,0,0,24.0,1.0,0.0,0,0.0
38,S1,H7,loader,39,937.184825,24.0,0.0,54.44,0,0,24.0,1.0,0.0,0,0.0
38,S1,H8,loader,39,424.433991,24.0,0.0,0.0,0,0,24.0,1.0,0.0,0,0.0
39,S1,H3,grapple_skidder,39,678.968019,24.0,0.0,53.72,0,0,24.0,1.0,0.0,0,0.0
39,S1,H4,processor,39,469.046841,24.0,0.0,53.48,0,0,24.0,1.0,0.0,0,0.0
39,S1,H5,processor,39,152.933650767396,24.0,0.0,0.0,0,0,24.0,1.0,0.0,0,0.0
39,S1,H7,loader,39,209.44681640353178,24.0,0.0,0.0,1,0,24.0,1.0,0.0,0,0.0
39,S1,H8,loader,39,213.1245788000001,24.0,0.0,0.0,1,0,24.0,1.0,0.0,0,0.0
39,S1,H9,loader,39,451.958924,24.0,0.0,0.0,0,0,24.0,1.0,0.0,0,0.0
40,S1,H4,processor,39,547.23705,24.0,0.0,53.72,0,0,24.0,1.0,0.0,0,0.0
40,S1,H7,loader,39,474.741639,24.0,0.0,54.92,0,0,24.0,1.0,0.0,0,0.0
40,S1,H8,loader,39,456.725789,24.0,0.0,53.48,0,0,24.0,1.0,0.0,0,0.0
40,S1,H9,loader,39,17.2243499999999,24.0,0.0,0.0,1,0,24.0,1.0,0.0,0,0.0
41,S1,H4,processor,39,469.046841,24.0,0.0,53.72,0,0,24.0,1.0,0.0,0,0.0
41,S1,H7,loader,39,485.857474,24.0,0.0,53.72,0,0,24.0,1.0,0.0,0,0.0
41,S1,H8,loader,39,456.725789,24.0,0.0,0.0,0,0,24.0,1.0,0.0,0,0.0
42,S1,H3,grapple_skidder,39,678.968019,24.0,0.0,0.0,0,0,24.0,1.0,0.0,0,0.0
42,S1,H7,loader,39,397.8181925331481,20.11122647869435,3.8887735213056516,53.72,0,0,24.0,0.8379677699455979,3.8887735213056502,1,0.0
42,S1,H8,loader,39,365.89595176739573,24.0,0.0,0.0,1,0,24.0,1.0,0.0,0,0.0
1,S1,H1,feller_buncher,40,1220.906942,24.0,0.0,0.0,0,0,24.0,1.0,0.0,0,0.0
1,S1,H2,feller_buncher,40,1007.727637382659,18.61166736110711,5.388332638892891,0.0,0,0,24.0,0.7754861400461296,5.3883326388928925,1,0.0
2,S1,H1,feller_buncher,40,1220.906942,24.0,0.0,0.0,0,0,24.0,1.0,0.0,0,0.0
2,S1,H2,feller_buncher,40,561.820843989759,24.0,0.0,53.72,0,0,24.0,1.0,0.0,0,0.0
2,S1,H3,grapple_skidder,40,678.968019,24.0,0.0,0.0,0,0,24.0,1.0,0.0,0,0.0
3,S1,H1,feller_buncher,40,1176.844281,24.0,0.0,53.48,0,0,24.0,1.0,0.0,0,0.0
3,S1,H2,feller_buncher,40,888.796776,24.0,0.0,53.24,0,0,24.0,1.0,0.0,0,0.0
3,S1,H3,grapple_skidder,40,561.820843989759,24.0,0.0,53.72,1,0,24.0,1.0,0.0,0,0.0
3,S1,H4,processor,40,547.23705,24.0,0.0,0.0,0,0,24.0,1.0,0.0,0,0.0
4,S1,H1,feller_buncher,40,481.5751121910127,24.0,0.0,0.0,0,0,24.0,1.0,0.0,0,0.0
4,S1,H2,feller_buncher,40,362.22463790654143,24.0,0.0,0.0,0,0,24.0,1.0,0.0,0,0.0
4,S1,H3,grapple_skidder,40,1332.369187,24.0,0.0,54.68,0,0,24.0,1.0,0.0,0,0.0
4,S1,H4,processor,40,469.046841,24.0,0.0,53.72,0,0,24.0,1.0,0.0,0,0.0
4,S1,H7,loader,40,485.857474,24.0,0.0,0.0,0,0,24.0,1.0,0.0,0,0.0
5,S1,H1,feller_buncher,40,1164.04956,24.0,0.0,54.2,0,0,24.0,1.0,0.0,0,0.0
5,S1,H2,feller_buncher,40,961.553907,24.0,0.0,53.24,0,0,24.0,1.0,0.0,0,0.0
5,S1,H3,grapple_skidder,40,1164.728216,24.0,0.0,53.48,0,0,24.0,1.0,0.0,0,0.0
5,S1,H4,processor,40,531.895933,24.0,0.0,54.68,0,0,24.0,1.0,0.0,0,0.0
6,S1,H1,feller_buncher,40,256.1621419999998,24.0,0.0,53.24,0,0,24.0,1.0,0.0,0,0.0
6,S1,H2,feller_buncher,40,961.553907,24.0,0.0,0.0,0,0,24.0,1.0,0.0,0,0.0
6,S1,H3,grapple_skidder,40,493.6911771910127,24.0,0.0,0.0,1,0,24.0,1.0,0.0,0,0.0
6,S1,H4,processor,40,531.895933,24.0,0.0,0.0,0,0,24.0,1.0,0.0,0,0.0
7,S1,H1,feller_buncher,40,1164.04956,24.0,0.0,53.24,0,0,24.0,1.0,0.0,0,0.0
7,S1,H2,feller_buncher,40,961.553907,24.0,0.0,0.0,0,0,24.0,1.0,0.0,0,0.0
7,S1,H3,grapple_skidder,40,809.624168,24.0,0.0,54.44,0,0,24.0,1.0,0.0,0,0.0
7,S1,H4,processor,40,517.165642,24.0,0.0,53.48,0,0,24.0,1.0,0.0,0,0.0
7,S1,H7,loader,40,802.411354,24.0,0.0,55.4,0,0,24.0,1.0,0.0,0,0.0
8,S1,H1,feller_buncher,40,860.013242,24.0,0.0,53.24,0,0,24.0,1.0,0.0,0,0.0
8,S1,H2,feller_buncher,40,413.7565330000002,24.0,0.0,0.0,0,0,24.0,1.0,0.0,0,0.0
8,S1,H3,grapple_skidder,40,778.104169,24.0,0.0,53.24,0,0,24.0,1.0,0.0,0,0.0
8,S1,H4,processor,40,517.165642,24.0,0.0,0.0,0,0,24.0,1.0,0.0,0,0.0
8,S1,H5,processor,40,409.650504,24.0,0.0,0.0,0,0,24.0,1.0,0.0,0,0.0
9,S1,H1,feller_buncher,40,1299.478592,24.0,0.0,53.96,0,0,24.0,1.0,0.0,0,0.0
9,S1,H2,feller_buncher,40,1220.906942,24.0,0.0,55.16,0,0,24.0,1.0,0.0,0,0.0
9,S1,H3,grapple_skidder,40,778.104169,24.0,0.0,0.0,0,0,24.0,1.0,0.0,0,0.0
9,S1,H7,loader,40,687.364703,24.0,0.0,53.48,0,0,24.0,1.0,0.0,0,0.0
10,S1,H1,feller_buncher,40,909.6350143999999,24.0,0.0,0.0,0,0,24.0,1.0,0.0,0,0.3
10,S1,H2,feller_buncher,40,602.0092694,24.0,0.0,54.44,0,0,24.0,1.0,0.0,0,0.3
10,S1,H3,grapple_skidder,40,517.7342967999999,24.0,0.0,53.48,0,0,24.0,1.0,0.0,0,0.3
10,S1,H4,processor,40,362.0159494,24.0,0.0,0.0,0,0,24.0,1.0,0.0,0,0.3
10,S1,H5,processor,40,328.3327887,24.0,0.0,53.24,0,0,24.0,1.0,0.0,0,0.3
11,S1,H1,feller_buncher,40,1299.478592,24.0,0.0,0.0,0,0,24.0,1.0,0.0,0,0.0
11,S1,H2,feller_buncher,40,59.00278800000001,24.0,0.0,0.0,0,0,24.0,1.0,0.0,0,0.0
11,S1,H3,grapple_skidder,40,771.890782,24.0,0.0,53.48,1,0,24.0,1.0,0.0,0,0.0
11,S1,H4,processor,40,481.329283,24.0,0.0,54.68,0,0,24.0,1.0,0.0,0,0.0
11,S1,H7,loader,40,687.364703,24.0,0.0,0.0,0,0,24.0,1.0,0.0,0,0.0
12,S1,H1,feller_buncher,40,356.0085949999998,24.0,0.0,0.0,0,0,24.0,1.0,0.0,0,0.0
12,S1,H2,feller_buncher,40,674.603847,24.0,0.0,53.72,0,0,24.0,1.0,0.0,0,0.0
12,S1,H3,grapple_skidder,40,1332.369187,24.0,0.0,54.68,0,0,24.0,1.0,0.0,0,0.0
12,S1,H4,processor,40,262.07215979101267,24.0,0.0,54.68,1,0,24.0,1.0,0.0,0,0.0
12,S1,H7,loader,40,336.74209519087873,24.0,0.0,54.2,0,0,24.0,1.0,0.0,0,0.0
12,S1,H8,loader,40,451.958924,24.0,0.0,0.0,0,0,24.0,1.0,0.0,0,0.0
13,S1,H1,feller_buncher,40,1164.04956,24.0,0.0,53.72,0,0,24.0,1.0,0.0,0,0.0
13,S1,H2,feller_buncher,40,1194.708925,24.0,0.0,53.96,0,0,24.0,1.0,0.0,0,0.0
13,S1,H3,grapple_skidder,40,697.5593879065411,24.0,0.0,54.92,1,0,24.0,1.0,0.0,0,0.0
13,S1,H4,processor,40,531.895933,24.0,0.0,53.48,0,0,24.0,1.0,0.0,0,0.0
13,S1,H7,loader,40,283.6899871910128,24.0,0.0,54.2,1,0,24.0,1.0,0.0,0,0.0
14,S1,H1,feller_buncher,40,1176.844281,24.0,0.0,54.2,0,0,24.0,1.0,0.0,0,0.0
14,S1,H2,feller_buncher,40,1194.708925,24.0,0.0,0.0,0,0,24.0,1.0,0.0,0,0.0
14,S1,H3,grapple_skidder,40,778.104169,24.0,0.0,53.24,0,0,24.0,1.0,0.0,0,0.0
14,S1,H4,processor,40,531.895933,24.0,0.0,0.0,0,0,24.0,1.0,0.0,0,0.0
14,S1,H5,processor,40,346.4144698492003,20.29522042619239,3.7047795738076097,53.24,0,0,24.0,0.845634184424683,3.704779573807609,1,0.0
15,S1,H1,feller_buncher,40,622.9403022135828,24.0,0.0,0.0,0,0,24.0,1.0,0.0,0,0.0
15,S1,H2,feller_buncher,40,1164.04956,24.0,0.0,54.92,0,0,24.0,1.0,0.0,0,0.0
15,S1,H3,grapple_skidder,40,923.199854,24.0,0.0,53.24,0,0,24.0,1.0,0.0,0,0.0
15,S1,H4,processor,40,409.650504,24.0,0.0,54.92,0,0,24.0,1.0,0.0,0,0.0
15,S1,H7,loader,40,802.411354,24.0,0.0,53.48,0,0,24.0,1.0,0.0,0,0.0
16,S1,H1,feller_buncher,40,60.06184028627686,18.08299906534527,5.91700093465473,0.0,0,0,24.0,0.7534582943893863,5.91700093465473,1,0.0
16,S1,H2,feller_buncher,40,502.7667789999996,24.0,0.0,0.0,0,0,24.0,1.0,0.0,0,0.0
16,S1,H3,grapple_skidder,40,1480.641393,24.0,0.0,54.68,0,0,24.0,1.0,0.0,0,0.0
16,S1,H4,processor,40,531.895933,24.0,0.0,54.92,0,0,24.0,1.0,0.0,0,0.0
16,S1,H5,processor,40,395.784917,24.0,0.0,53.48,0,0,24.0,1.0,0.0,0,0.0
16,S1,H7,loader,40,424.433991,24.0,0.0,54.92,0,0,24.0,1.0,0.0,0,0.0
17,S1,H1,feller_buncher,40,576.960683,24.0,0.0,53.72,0,0,24.0,1.0,0.0,0,0.0
17,S1,H2,feller_buncher,40,787.363583,24.0,0.0,54.44,0,0,24.0,1.0,0.0,0,0.0
17,S1,H3,grapple_skidder,40,674.603847,24.0,0.0,53.96,0,0,24.0,1.0,0.0,0,0.0
17,S1,H4,processor,40,569.826226,24.0,0.0,53.24,0,0,24.0,1.0,0.0,0,0.0
17,S1,H5,processor,40,395.784917,24.0,0.0,0.0,0,0,24.0,1.0,0.0,0,0.0
17,S1,H6,processor,40,419.13079671374885,21.44591593386293,2.5540840661370687,0.0,0,0,24.0,0.8935798305776221,2.5540840661370696,1,0.0
17,S1,H7,loader,40,424.433991,24.0,0.0,0.0,0,0,24.0,1.0,0.0,0,0.0
17,S1,H8,loader,40,802.411354,24.0,0.0,55.16,0,0,24.0,1.0,0.0,0,0.0
18,S1,H1,feller_buncher,40,1220.906942,24.0,0.0,54.2,0,0,24.0,1.0,0.0,0,0.0
18,S1,H2,feller_buncher,40,486.3476200000001,24.0,0.0,0.0,0,0,24.0,1.0,0.0,0,0.0
18,S1,H3,grapple_skidder,40,1164.728216,24.0,0.0,53.24,0,0,24.0,1.0,0.0,0,0.0
18,S1,H4,processor,40,569.826226,24.0,0.0,0.0,0,0,24.0,1.0,0.0,0,0.0
18,S1,H5,processor,40,456.082335,24.0,0.0,53.72,0,0,24.0,1.0,0.0,0,0.0
18,S1,H7,loader,40,474.741639,24.0,0.0,53.24,0,0,24.0,1.0,0.0,0,0.0
18,S1,H8,loader,40,456.725789,24.0,0.0,54.44,0,0,24.0,1.0,0.0,0,0.0
19,S1,H1,feller_buncher,40,1013.0077249999999,24.0,0.0,0.0,0,0,24.0,1.0,0.0,0,0.0
19,S1,H2,feller_buncher,40,680.207863,24.0,0.0,53.72,0,0,24.0,1.0,0.0,0,0.0
19,S1,H3,grapple_skidder,40,1273.711203,24.0,0.0,53.24,0,0,24.0,1.0,0.0,0,0.0
19,S1,H4,processor,40,402.8551318211936,18.695215572167967,5.304784427832033,53.72,0,0,24.0,0.7789673155069986,5.304784427832032,1,0.0
19,S1,H5,processor,40,118.98955553713448,24.0,0.0,0.0,0,0,24.0,1.0,0.0,0,0.0
19,S1,H6,processor,40,469.046841,24.0,0.0,0.0,0,0,24.0,1.0,0.0,0,0.0
19,S1,H7,loader,40,937.184825,24.0,0.0,54.92,0,0,24.0,1.0,0.0,0,0.0
20,S1,H1,feller_buncher,40,1194.708925,24.0,0.0,53.24,0,0,24.0,1.0,0.0,0,0.0
20,S1,H2,feller_buncher,40,364.89843800000006,24.0,0.0,0.0,0,0,24.0,1.0,0.0,0,0.0
20,S1,H3,grapple_skidder,40,1332.369187,24.0,0.0,53.24,0,0,24.0,1.0,0.0,0,0.0
20,S1,H4,processor,40,517.165642,24.0,0.0,0.0,0,0,24.0,1.0,0.0,0,0.0
20,S1,H5,processor,40,469.046841,24.0,0.0,53.96,0,0,24.0,1.0,0.0,0,0.0
20,S1,H6,processor,40,441.264891,24.0,0.0,54.44,0,0,24.0,1.0,0.0,0,0.0
20,S1,H7,loader,40,575.0718905371344,24.0,0.0,53.96,1,0,24.0,1.0,0.0,0,0.0
21,S1,H3,grapple_skidder,40,374.4303316251554,24.0,0.0,55.16,0,0,24.0,1.0,0.0,0,0.0
21,S1,H4,processor,40,531.895933,24.0,0.0,53.48,0,0,24.0,1.0,0.0,0,0.0
21,S1,H5,processor,40,469.046841,24.0,0.0,0.0,0,0,24.0,1.0,0.0,0,0.0
21,S1,H6,processor,40,441.264891,24.0,0.0,0.0,0,0,24.0,1.0,0.0,0,0.0
21,S1,H7,loader,40,687.364703,24.0,0.0,53.24,0,0,24.0,1.0,0.0,0,0.0
22,S1,H3,grapple_skidder,40,1480.641393,24.0,0.0,55.4,0,0,24.0,1.0,0.0,0,0.0
22,S1,H4,processor,40,531.895933,24.0,0.0,0.0,0,0,24.0,1.0,0.0,0,0.0
22,S1,H5,processor,40,410.83534542515537,24.0,0.0,53.48,1,0,24.0,1.0,0.0,0,0.0
22,S1,H6,processor,40,469.046841,24.0,0.0,54.44,0,0,24.0,1.0,0.0,0,0.0
22,S1,H7,loader,40,733.483855,24.0,0.0,53.24,0,0,24.0,1.0,0.0,0,0.0
23,S1,H3,grapple_skidder,40,695.1182074998596,24.0,0.0,53.72,1,0,24.0,1.0,0.0,0,0.0
23,S1,H4,processor,40,569.826226,24.0,0.0,53.24,0,0,24.0,1.0,0.0,0,0.0
23,S1,H5,processor,40,0.0,24.0,0.0,0.0,1,0,24.0,1.0,0.0,0,0.0
23,S1,H6,processor,40,469.046841,24.0,0.0,0.0,0,0,24.0,1.0,0.0,0,0.0
23,S1,H7,loader,40,589.9928484380084,17.646595218183073,6.353404781816927,53.24,0,0,24.0,0.7352748007576281,6.353404781816927,1,0.0
24,S1,H3,grapple_skidder,40,739.620424,24.0,0.0,54.68,0,0,24.0,1.0,0.0,0,0.0
24,S1,H4,processor,40,569.826226,24.0,0.0,0.0,0,0,24.0,1.0,0.0,0,0.0
24,S1,H5,processor,40,517.165642,24.0,0.0,54.68,0,0,24.0,1.0,0.0,0,0.0
24,S1,H6,processor,40,391.18142100000006,24.0,0.0,54.44,0,0,24.0,1.0,0.0,0,0.0
24,S1,H7,loader,40,474.741639,24.0,0.0,54.68,0,0,24.0,1.0,0.0,0,0.0
25,S1,H3,grapple_skidder,40,1332.369187,24.0,0.0,55.16,0,0,24.0,1.0,0.0,0,0.0
25,S1,H4,processor,40,336.5028471355664,24.0,0.0,55.4,0,0,24.0,1.0,0.0,0,0.0
25,S1,H5,processor,40,422.6600076786659,24.0,0.0,0.0,1,0,24.0,1.0,0.0,0,0.0
25,S1,H7,loader,40,474.741639,24.0,0.0,0.0,0,0,24.0,1.0,0.0,0,0.0
25,S1,H8,loader,40,540.2273480000001,24.0,0.0,54.2,0,0,24.0,1.0,0.0,0,0.0
25,S1,H9,loader,40,937.184825,24.0,0.0,0.0,0,0,24.0,1.0,0.0,0,0.0
26,S1,H3,grapple_skidder,40,778.104169,24.0,0.0,54.68,0,0,24.0,1.0,0.0,0,0.0
26,S1,H4,processor,40,569.826226,24.0,0.0,55.4,0,0,24.0,1.0,0.0,0,0.0
26,S1,H5,processor,40,531.895933,24.0,0.0,53.48,0,0,24.0,1.0,0.0,0,0.0
26,S1,H7,loader,40,687.364703,24.0,0.0,54.2,0,0,24.0,1.0,0.0,0,0.0
26,S1,H8,loader,40,378.3023308529911,20.088675006385724,3.9113249936142758,54.92,0,0,24.0,0.8370281252660718,3.911324993614277,1,0.0
27,S1,H3,grapple_skidder,40,0.0,24.0,0.0,54.2,1,0,24.0,1.0,0.0,0,0.3
27,S1,H4,processor,40,328.3327887,24.0,0.0,54.92,0,0,24.0,1.0,0.0,0,0.3
27,S1,H5,processor,40,372.3271531,24.0,0.0,0.0,0,0,24.0,1.0,0.0,0,0.3
27,S1,H7,loader,40,656.0293775,24.0,0.0,53.72,0,0,24.0,1.0,0.0,0,0.3
27,S1,H8,loader,40,316.3712468,24.0,0.0,0.0,0,0,24.0,1.0,0.0,0,0.3
28,S1,H1,feller_buncher,40,1194.708925,24.0,0.0,0.0,0,0,24.0,1.0,0.0,0,0.0
28,S1,H3,grapple_skidder,40,1045.106301,24.0,0.0,53.48,0,0,24.0,1.0,0.0,0,0.0
28,S1,H4,processor,40,0.0,24.0,0.0,54.2,1,0,24.0,1.0,0.0,0,0.0
28,S1,H7,loader,40,802.411354,24.0,0.0,53.24,0,0,24.0,1.0,0.0,0,0.0
28,S1,H8,loader,40,474.741639,24.0,0.0,53.48,0,0,24.0,1.0,0.0,0,0.0
28,S1,H9,loader,40,82.03497390773066,24.0,0.0,55.4,1,0,24.0,1.0,0.0,0,0.0
29,S1,H3,grapple_skidder,40,739.620424,24.0,0.0,54.2,0,0,24.0,1.0,0.0,0,0.0
29,S1,H4,processor,40,430.907382,24.0,0.0,53.48,0,0,24.0,1.0,0.0,0,0.0
29,S1,H5,processor,40,531.895933,24.0,0.0,0.0,0,0,24.0,1.0,0.0,0,0.0
29,S1,H7,loader,40,485.1170174998597,24.0,0.0,53.48,1,0,24.0,1.0,0.0,0,0.0
29,S1,H8,loader,40,474.741639,24.0,0.0,0.0,0,0,24.0,1.0,0.0,0,0.0
30,S1,H3,grapple_skidder,40,1480.641393,24.0,0.0,55.4,0,0,24.0,1.0,0.0,0,0.0
30,S1,H4,processor,40,0.0,24.0,0.0,53.48,1,0,24.0,1.0,0.0,0,0.0
30,S1,H5,processor,40,481.329283,24.0,0.0,55.16,0,0,24.0,1.0,0.0,0,0.0
30,S1,H6,processor,40,430.907382,24.0,0.0,53.72,0,0,24.0,1.0,0.0,0,0.0
30,S1,H7,loader,40,611.8409889677326,18.300069736084,5.6999302639159986,53.48,0,0,24.0,0.7625029056701668,5.699930263915999,1,0.0
30,S1,H8,loader,40,474.741639,24.0,0.0,0.0,0,0,24.0,1.0,0.0,0,0.0
31,S1,H3,grapple_skidder,40,397.0111214999995,24.0,0.0,53.24,0,0,24.0,1.0,0.0,0,0.3
31,S1,H4,processor,40,398.8783582,24.0,0.0,53.72,0,0,24.0,1.0,0.0,0,0.3
31,S1,H5,processor,40,153.06798443997315,24.0,0.0,0.0,0,0,24.0,1.0,0.0,0,0.3
31,S1,H6,processor,40,128.30407590000004,24.0,0.0,0.0,0,0,24.0,1.0,0.0,0,0.3
31,S1,H7,loader,40,0.0,24.0,0.0,53.48,1,0,24.0,1.0,0.0,0,0.3
31,S1,H8,loader,40,332.3191473,24.0,0.0,0.0,0,0,24.0,1.0,0.0,0,0.3
32,S1,H3,grapple_skidder,40,778.104169,24.0,0.0,54.68,0,0,24.0,1.0,0.0,0,0.0
32,S1,H4,processor,40,569.826226,24.0,0.0,0.0,0,0,24.0,1.0,0.0,0,0.0
32,S1,H5,processor,40,531.895933,24.0,0.0,55.16,0,0,24.0,1.0,0.0,0,0.0
32,S1,H7,loader,40,0.0,24.0,0.0,0.0,1,0,24.0,1.0,0.0,0,0.0
32,S1,H8,loader,40,558.398094,24.0,0.0,53.72,0,0,24.0,1.0,0.0,0,0.0
32,S1,H9,loader,40,451.958924,24.0,0.0,0.0,0,0,24.0,1.0,0.0,0,0.0
33,S1,H3,grapple_skidder,40,576.960683,24.0,0.0,53.48,0,0,24.0,1.0,0.0,0,0.0
33,S1,H4,processor,40,35.201386399999365,24.0,0.0,53.24,1,0,24.0,1.0,0.0,0,0.0
33,S1,H5,processor,40,469.046841,24.0,0.0,54.68,0,0,24.0,1.0,0.0,0,0.0
33,S1,H7,loader,40,937.184825,24.0,0.0,53.72,0,0,24.0,1.0,0.0,0,0.0
33,S1,H8,loader,40,431.7207459,24.0,0.0,0.0,1,0,24.0,1.0,0.0,0,0.0
33,S1,H9,loader,40,182.4383434399731,24.0,0.0,0.0,1,0,24.0,1.0,0.0,0,0.0
34,S1,H1,feller_buncher,40,117.42711421920427,20.05150973233038,3.9484902676696194,0.0,0,0,24.0,0.8354795721804326,3.948490267669621,1,0.0
34,S1,H3,grapple_skidder,40,0.0,24.0,0.0,53.72,1,0,24.0,1.0,0.0,0,0.0
34,S1,H4,processor,40,428.751305,24.0,0.0,54.2,0,0,24.0,1.0,0.0,0,0.0
34,S1,H5,processor,40,469.046841,24.0,0.0,0.0,0,0,24.0,1.0,0.0,0,0.0
34,S1,H7,loader,40,802.411354,24.0,0.0,53.24,0,0,24.0,1.0,0.0,0,0.0
35,S1,H3,grapple_skidder,40,454.3386352192038,24.0,0.0,55.16,1,0,24.0,1.0,0.0,0,0.0
35,S1,H4,processor,40,148.20937800000002,24.0,0.0,0.0,0,0,24.0,1.0,0.0,0,0.0
35,S1,H5,processor,40,306.62872934919415,17.964312096588216,6.035687903411784,53.24,0,0,24.0,0.748513004024509,6.035687903411785,1,0.0
35,S1,H7,loader,40,279.7560149999996,24.0,0.0,0.0,0,0,24.0,1.0,0.0,0,0.0
35,S1,H8,loader,40,474.741639,24.0,0.0,53.72,0,0,24.0,1.0,0.0,0,0.0
36,S1,H3,grapple_skidder,40,597.8254454,24.0,0.0,54.68,1,0,24.0,1.0,0.0,0,0.0
36,S1,H4,processor,40,569.826226,24.0,0.0,54.44,0,0,24.0,1.0,0.0,0,0.0
36,S1,H5,processor,40,34.839348708146815,24.0,0.0,0.0,1,0,24.0,1.0,0.0,0,0.0
36,S1,H7,loader,40,552.163711,24.0,0.0,54.2,0,0,24.0,1.0,0.0,0,0.0
36,S1,H8,loader,40,474.741639,24.0,0.0,0.0,0,0,24.0,1.0,0.0,0,0.0
37,S1,H3,grapple_skidder,40,339.93655800000056,24.0,0.0,53.72,0,0,24.0,1.0,0.0,0,0.0
37,S1,H4,processor,40,360.77644299999906,24.0,0.0,0.0,0,0,24.0,1.0,0.0,0,0.0
37,S1,H5,processor,40,395.784917,24.0,0.0,53.48,0,0,24.0,1.0,0.0,0,0.0
37,S1,H7,loader,40,24.796971999999982,24.0,0.0,0.0,0,0,24.0,1.0,0.0,0,0.0
37,S1,H8,loader,40,424.433991,24.0,0.0,53.24,0,0,24.0,1.0,0.0,0,0.0
38,S1,H3,grapple_skidder,40,496.55339199999935,24.0,0.0,53.48,1,0,24.0,1.0,0.0,0,0.0
38,S1,H4,processor,40,374.84375477782044,21.918414606763363,2.0815853932366366,55.4,0,0,24.0,0.9132672752818068,2.081585393236636,1,0.0
38,S1,H5,processor,40,333.6705484000001,24.0,0.0,0.0,1,0,24.0,1.0,0.0,0,0.0
38,S1,H7,loader,40,937.184825,24.0,0.0,54.44,0,0,24.0,1.0,0.0,0,0.0
38,S1,H8,loader,40,233.88158290654144,24.0,0.0,0.0,1,0,24.0,1.0,0.0,0,0.0
39,S1,H3,grapple_skidder,40,678.968019,24.0,0.0,53.72,0,0,24.0,1.0,0.0,0,0.0
39,S1,H4,processor,40,469.046841,24.0,0.0,53.48,0,0,24.0,1.0,0.0,0,0.0
39,S1,H5,processor,40,0.0,24.0,0.0,0.0,1,0,24.0,1.0,0.0,0,0.0
39,S1,H7,loader,40,233.462125999999,24.0,0.0,0.0,0,0,24.0,1.0,0.0,0,0.0
39,S1,H8,loader,40,0.0,24.0,0.0,0.0,1,0,24.0,1.0,0.0,0,0.0
39,S1,H9,loader,40,374.84375477782044,24.0,0.0,0.0,1,0,24.0,1.0,0.0,0,0.0
40,S1,H4,processor,40,547.23705,24.0,0.0,53.72,0,0,24.0,1.0,0.0,0,0.0
40,S1,H7,loader,40,474.741639,24.0,0.0,54.92,0,0,24.0,1.0,0.0,0,0.0
40,S1,H8,loader,40,456.725789,24.0,0.0,53.48,0,0,24.0,1.0,0.0,0,0.0
40,S1,H9,loader,40,0.0,24.0,0.0,0.0,1,0,24.0,1.0,0.0,0,0.0
41,S1,H4,processor,40,423.5679198760098,24.0,0.0,53.72,1,0,24.0,1.0,0.0,0,0.0
41,S1,H7,loader,40,485.857474,24.0,0.0,53.72,0,0,24.0,1.0,0.0,0,0.0
41,S1,H8,loader,40,456.725789,24.0,0.0,0.0,0,0,24.0,1.0,0.0,0,0.0
42,S1,H3,grapple_skidder,40,678.968019,24.0,0.0,0.0,0,0,24.0,1.0,0.0,0,0.0
42,S1,H7,loader,40,474.741639,24.0,0.0,53.72,0,0,24.0,1.0,0.0,0,0.0
42,S1,H8,loader,40,150.84793240000005,24.0,0.0,0.0,1,0,24.0,1.0,0.0,0,0.0
1,S1,H1,feller_buncher,41,1220.906942,24.0,0.0,0.0,0,0,24.0,1.0,0.0,0,0.0
1,S1,H2,feller_buncher,41,1299.478592,24.0,0.0,0.0,0,0,24.0,1.0,0.0,0,0.0
2,S1,H1,feller_buncher,41,1220.906942,24.0,0.0,0.0,0,0,24.0,1.0,0.0,0,0.0
2,S1,H2,feller_buncher,41,1164.04956,24.0,0.0,53.72,0,0,24.0,1.0,0.0,0,0.0
2,S1,H3,grapple_skidder,41,678.968019,24.0,0.0,0.0,0,0,24.0,1.0,0.0,0,0.0
3,S1,H1,feller_buncher,41,1176.844281,24.0,0.0,53.48,0,0,24.0,1.0,0.0,0,0.0
3,S1,H2,feller_buncher,41,525.8587292124924,24.0,0.0,53.24,0,0,24.0,1.0,0.0,0,0.0
3,S1,H3,grapple_skidder,41,697.4903339275462,21.51353081140105,2.4864691885989494,53.72,0,0,24.0,0.8963971171417104,2.48646918859895,1,0.0
3,S1,H4,processor,41,547.23705,24.0,0.0,0.0,0,0,24.0,1.0,0.0,0,0.0
4,S1,H1,feller_buncher,41,1176.844281,24.0,0.0,0.0,0,0,24.0,1.0,0.0,0,0.0
4,S1,H2,feller_buncher,41,888.796776,24.0,0.0,0.0,0,0,24.0,1.0,0.0,0,0.0
4,S1,H3,grapple_skidder,41,1123.34420303294,20.23482765576037,3.7651723442396303,54.68,0,0,24.0,0.8431178189900154,3.765172344239632,1,0.0
4,S1,H4,processor,41,469.046841,24.0,0.0,53.72,0,0,24.0,1.0,0.0,0,0.0
4,S1,H7,loader,41,485.857474,24.0,0.0,0.0,0,0,24.0,1.0,0.0,0,0.0
5,S1,H1,feller_buncher,41,814.8346919999999,24.0,0.0,54.2,0,0,24.0,1.0,0.0,0,0.3
5,S1,H2,feller_buncher,41,673.0877349,24.0,0.0,53.24,0,0,24.0,1.0,0.0,0,0.3
5,S1,H3,grapple_skidder,41,815.3097511999999,24.0,0.0,53.48,0,0,24.0,1.0,0.0,0,0.3
5,S1,H4,processor,41,372.3271531,24.0,0.0,54.68,0,0,24.0,1.0,0.0,0,0.3
6,S1,H1,feller_buncher,41,256.1621419999998,24.0,0.0,53.24,0,0,24.0,1.0,0.0,0,0.0
6,S1,H2,feller_buncher,41,961.553907,24.0,0.0,0.0,0,0,24.0,1.0,0.0,0,0.0
6,S1,H3,grapple_skidder,41,1164.728216,24.0,0.0,0.0,0,0,24.0,1.0,0.0,0,0.0
6,S1,H4,processor,41,531.895933,24.0,0.0,0.0,0,0,24.0,1.0,0.0,0,0.0
7,S1,H1,feller_buncher,41,1164.04956,24.0,0.0,53.24,0,0,24.0,1.0,0.0,0,0.0
7,S1,H2,feller_buncher,41,961.553907,24.0,0.0,0.0,0,0,24.0,1.0,0.0,0,0.0
7,S1,H3,grapple_skidder,41,809.624168,24.0,0.0,54.44,0,0,24.0,1.0,0.0,0,0.0
7,S1,H4,processor,41,517.165642,24.0,0.0,53.48,0,0,24.0,1.0,0.0,0,0.0
7,S1,H7,loader,41,802.411354,24.0,0.0,55.4,0,0,24.0,1.0,0.0,0,0.0
8,S1,H1,feller_buncher,41,811.8154742745141,22.6549667273476,1.345033272652401,53.24,0,0,24.0,0.9439569469728166,1.3450332726524015,1,0.0
8,S1,H2,feller_buncher,41,413.7565330000002,24.0,0.0,0.0,0,0,24.0,1.0,0.0,0,0.0
8,S1,H3,grapple_skidder,41,778.104169,24.0,0.0,53.24,0,0,24.0,1.0,0.0,0,0.0
8,S1,H4,processor,41,312.2112674143433,24.0,0.0,0.0,0,0,24.0,1.0,0.0,0,0.0
8,S1,H5,processor,41,409.650504,24.0,0.0,0.0,0,0,24.0,1.0,0.0,0,0.0
9,S1,H1,feller_buncher,41,654.3428058704025,24.0,0.0,53.96,0,0,24.0,1.0,0.0,0,0.0
9,S1,H2,feller_buncher,41,1220.906942,24.0,0.0,55.16,0,0,24.0,1.0,0.0,0,0.0
9,S1,H3,grapple_skidder,41,778.104169,24.0,0.0,0.0,0,0,24.0,1.0,0.0,0,0.0
9,S1,H7,loader,41,687.364703,24.0,0.0,53.48,0,0,24.0,1.0,0.0,0,0.0
10,S1,H1,feller_buncher,41,1299.478592,24.0,0.0,0.0,0,0,24.0,1.0,0.0,0,0.0
10,S1,H2,feller_buncher,41,860.013242,24.0,0.0,54.44,0,0,24.0,1.0,0.0,0,0.0
10,S1,H3,grapple_skidder,41,739.620424,24.0,0.0,53.48,0,0,24.0,1.0,0.0,0,0.0
10,S1,H4,processor,41,517.165642,24.0,0.0,0.0,0,0,24.0,1.0,0.0,0,0.0
10,S1,H5,processor,41,469.046841,24.0,0.0,53.24,0,0,24.0,1.0,0.0,0,0.0
11,S1,H1,feller_buncher,41,909.6350143999999,24.0,0.0,0.0,0,0,24.0,1.0,0.0,0,0.3
11,S1,H2,feller_buncher,41,41.3019516,24.0,0.0,0.0,0,0,24.0,1.0,0.0,0,0.3
11,S1,H3,grapple_skidder,41,544.6729182999999,24.0,0.0,53.48,0,0,24.0,1.0,0.0,0,0.3
11,S1,H4,processor,41,336.93049809999997,24.0,0.0,54.68,0,0,24.0,1.0,0.0,0,0.3
11,S1,H7,loader,41,481.15529209999994,24.0,0.0,0.0,0,0,24.0,1.0,0.0,0,0.3
12,S1,H1,feller_buncher,41,356.0085949999998,24.0,0.0,0.0,0,0,24.0,1.0,0.0,0,0.0
12,S1,H2,feller_buncher,41,674.603847,24.0,0.0,53.72,0,0,24.0,1.0,0.0,0,0.0
12,S1,H3,grapple_skidder,41,1332.369187,24.0,0.0,54.68,0,0,24.0,1.0,0.0,0,0.0
12,S1,H4,processor,41,403.6308838117191,18.731215735869124,5.2687842641308755,54.68,0,0,24.0,0.7804673223278802,5.2687842641308755,1,0.0
12,S1,H7,loader,41,474.741639,24.0,0.0,54.2,0,0,24.0,1.0,0.0,0,0.0
12,S1,H8,loader,41,222.02898605975992,18.495405117762886,5.5045948822371145,0.0,0,0,24.0,0.7706418799067869,5.504594882237116,1,0.0
13,S1,H1,feller_buncher,41,1164.04956,24.0,0.0,53.72,0,0,24.0,1.0,0.0,0,0.0
13,S1,H2,feller_buncher,41,1194.708925,24.0,0.0,53.96,0,0,24.0,1.0,0.0,0,0.0
13,S1,H3,grapple_skidder,41,809.624168,24.0,0.0,54.92,0,0,24.0,1.0,0.0,0,0.0
13,S1,H4,processor,41,531.895933,24.0,0.0,53.48,0,0,24.0,1.0,0.0,0,0.0
13,S1,H7,loader,41,581.6534401260626,24.0,0.0,54.2,1,0,24.0,1.0,0.0,0,0.0
14,S1,H1,feller_buncher,41,1176.844281,24.0,0.0,54.2,0,0,24.0,1.0,0.0,0,0.0
14,S1,H2,feller_buncher,41,1194.708925,24.0,0.0,0.0,0,0,24.0,1.0,0.0,0,0.0
14,S1,H3,grapple_skidder,41,778.104169,24.0,0.0,53.24,0,0,24.0,1.0,0.0,0,0.0
14,S1,H4,processor,41,531.895933,24.0,0.0,0.0,0,0,24.0,1.0,0.0,0,0.0
14,S1,H5,processor,41,299.03961366867696,24.0,0.0,53.24,0,0,24.0,1.0,0.0,0,0.0
15,S1,H1,feller_buncher,41,1176.844281,24.0,0.0,0.0,0,0,24.0,1.0,0.0,0,0.0
15,S1,H2,feller_buncher,41,1164.04956,24.0,0.0,54.92,0,0,24.0,1.0,0.0,0,0.0
15,S1,H3,grapple_skidder,41,923.199854,24.0,0.0,53.24,0,0,24.0,1.0,0.0,0,0.0
15,S1,H4,processor,41,409.650504,24.0,0.0,54.92,0,0,24.0,1.0,0.0,0,0.0
15,S1,H7,loader,41,802.411354,24.0,0.0,53.48,0,0,24.0,1.0,0.0,0,0.0
16,S1,H1,feller_buncher,41,77.91541660000061,24.0,0.0,0.0,0,0,24.0,1.0,0.0,0,0.3
16,S1,H2,feller_buncher,41,351.9367452999997,24.0,0.0,0.0,0,0,24.0,1.0,0.0,0,0.3
16,S1,H3,grapple_skidder,41,910.3354298395141,21.07971626296448,2.9202837370355184,54.68,0,0,24.0,0.8783215109568534,2.9202837370355192,1,0.3
16,S1,H4,processor,41,372.3271531,24.0,0.0,54.92,0,0,24.0,1.0,0.0,0,0.3
16,S1,H5,processor,41,277.0494419,24.0,0.0,53.48,0,0,24.0,1.0,0.0,0,0.3
16,S1,H7,loader,41,134.13493797319316,24.0,0.0,54.92,0,0,24.0,1.0,0.0,0,0.3
17,S1,H1,feller_buncher,41,576.960683,24.0,0.0,53.72,0,0,24.0,1.0,0.0,0,0.0
17,S1,H2,feller_buncher,41,787.363583,24.0,0.0,54.44,0,0,24.0,1.0,0.0,0,0.0
17,S1,H3,grapple_skidder,41,674.603847,24.0,0.0,53.96,0,0,24.0,1.0,0.0,0,0.0
17,S1,H4,processor,41,569.826226,24.0,0.0,53.24,0,0,24.0,1.0,0.0,0,0.0
17,S1,H5,processor,41,395.784917,24.0,0.0,0.0,0,0,24.0,1.0,0.0,0,0.0
17,S1,H6,processor,41,469.046841,24.0,0.0,0.0,0,0,24.0,1.0,0.0,0,0.0
17,S1,H7,loader,41,424.433991,24.0,0.0,0.0,0,0,24.0,1.0,0.0,0,0.0
17,S1,H8,loader,41,735.5193972,24.0,0.0,55.16,1,0,24.0,1.0,0.0,0,0.0
18,S1,H1,feller_buncher,41,1220.906942,24.0,0.0,54.2,0,0,24.0,1.0,0.0,0,0.0
18,S1,H2,feller_buncher,41,486.3476200000001,24.0,0.0,0.0,0,0,24.0,1.0,0.0,0,0.0
18,S1,H3,grapple_skidder,41,737.617553768767,24.0,0.0,53.24,0,0,24.0,1.0,0.0,0,0.0
18,S1,H4,processor,41,340.50920383951404,24.0,0.0,0.0,1,0,24.0,1.0,0.0,0,0.0
18,S1,H5,processor,41,456.082335,24.0,0.0,53.72,0,0,24.0,1.0,0.0,0,0.0
18,S1,H7,loader,41,474.741639,24.0,0.0,53.24,0,0,24.0,1.0,0.0,0,0.0
18,S1,H8,loader,41,456.725789,24.0,0.0,54.44,0,0,24.0,1.0,0.0,0,0.0
19,S1,H1,feller_buncher,41,1013.0077249999999,24.0,0.0,0.0,0,0,24.0,1.0,0.0,0,0.0
19,S1,H2,feller_buncher,41,680.207863,24.0,0.0,53.72,0,0,24.0,1.0,0.0,0,0.0
19,S1,H3,grapple_skidder,41,1273.711203,24.0,0.0,53.24,0,0,24.0,1.0,0.0,0,0.0
19,S1,H4,processor,41,517.165642,24.0,0.0,53.72,0,0,24.0,1.0,0.0,0,0.0
19,S1,H5,processor,41,218.52151199999997,24.0,0.0,0.0,0,0,24.0,1.0,0.0,0,0.0
19,S1,H6,processor,41,469.046841,24.0,0.0,0.0,0,0,24.0,1.0,0.0,0,0.0
19,S1,H7,loader,41,910.3354298395141,24.0,0.0,54.92,1,0,24.0,1.0,0.0,0,0.0
20,S1,H1,feller_buncher,41,1194.708925,24.0,0.0,53.24,0,0,24.0,1.0,0.0,0,0.0
20,S1,H2,feller_buncher,41,364.89843800000006,24.0,0.0,0.0,0,0,24.0,1.0,0.0,0,0.0
20,S1,H3,grapple_skidder,41,1060.992634053518,24.0,0.0,53.24,0,0,24.0,1.0,0.0,0,0.0
20,S1,H4,processor,41,450.31644374270456,24.0,0.0,0.0,1,0,24.0,1.0,0.0,0,0.0
20,S1,H5,processor,41,469.046841,24.0,0.0,53.96,0,0,24.0,1.0,0.0,0,0.0
20,S1,H6,processor,41,441.264891,24.0,0.0,54.44,0,0,24.0,1.0,0.0,0,0.0
20,S1,H7,loader,41,674.603847,24.0,0.0,53.96,0,0,24.0,1.0,0.0,0,0.0
21,S1,H3,grapple_skidder,41,739.620424,24.0,0.0,55.16,0,0,24.0,1.0,0.0,0,0.0
21,S1,H4,processor,41,531.895933,24.0,0.0,53.48,0,0,24.0,1.0,0.0,0,0.0
21,S1,H5,processor,41,469.046841,24.0,0.0,0.0,0,0,24.0,1.0,0.0,0,0.0
21,S1,H6,processor,41,441.264891,24.0,0.0,0.0,0,0,24.0,1.0,0.0,0,0.0
21,S1,H7,loader,41,687.364703,24.0,0.0,53.24,0,0,24.0,1.0,0.0,0,0.0
22,S1,H3,grapple_skidder,41,1213.355150318988,19.66750608576003,4.3324939142399685,55.4,0,0,24.0,0.8194794202400013,4.332493914239969,1,0.0
22,S1,H4,processor,41,531.895933,24.0,0.0,0.0,0,0,24.0,1.0,0.0,0,0.0
22,S1,H5,processor,41,481.329283,24.0,0.0,53.48,0,0,24.0,1.0,0.0,0,0.0
22,S1,H6,processor,41,469.046841,24.0,0.0,54.44,0,0,24.0,1.0,0.0,0,0.0
22,S1,H7,loader,41,733.483855,24.0,0.0,53.24,0,0,24.0,1.0,0.0,0,0.0
23,S1,H3,grapple_skidder,41,1164.728216,24.0,0.0,53.72,0,0,24.0,1.0,0.0,0,0.0
23,S1,H4,processor,41,569.826226,24.0,0.0,53.24,0,0,24.0,1.0,0.0,0,0.0
23,S1,H5,processor,41,481.329283,24.0,0.0,0.0,0,0,24.0,1.0,0.0,0,0.0
23,S1,H6,processor,41,293.14787222754626,24.0,0.0,0.0,1,0,24.0,1.0,0.0,0,0.0
23,S1,H7,loader,41,384.50277091038146,24.0,0.0,53.24,0,0,24.0,1.0,0.0,0,0.0
24,S1,H3,grapple_skidder,41,739.620424,24.0,0.0,54.68,0,0,24.0,1.0,0.0,0,0.0
24,S1,H4,processor,41,569.826226,24.0,0.0,0.0,0,0,24.0,1.0,0.0,0,0.0
24,S1,H5,processor,41,517.165642,24.0,0.0,54.68,0,0,24.0,1.0,0.0,0,0.0
24,S1,H6,processor,41,391.18142100000006,24.0,0.0,54.44,0,0,24.0,1.0,0.0,0,0.0
24,S1,H7,loader,41,474.741639,24.0,0.0,54.68,0,0,24.0,1.0,0.0,0,0.0
25,S1,H3,grapple_skidder,41,1332.369187,24.0,0.0,55.16,0,0,24.0,1.0,0.0,0,0.0
25,S1,H4,processor,41,348.54283404269427,17.379013312648716,6.620986687351284,55.4,0,0,24.0,0.7241255546936965,6.620986687351282,1,0.0
25,S1,H5,processor,41,517.165642,24.0,0.0,0.0,0,0,24.0,1.0,0.0,0,0.0
25,S1,H7,loader,41,385.307473625831,19.478761935647157,4.521238064352843,0.0,0,0,24.0,0.8116150806519649,4.5212380643528425,1,0.0
25,S1,H8,loader,41,438.58723210622924,19.4845625818808,4.515437418119198,54.2,0,0,24.0,0.8118567742450334,4.515437418119198,1,0.0
25,S1,H9,loader,41,937.184825,24.0,0.0,0.0,0,0,24.0,1.0,0.0,0,0.0
26,S1,H3,grapple_skidder,41,544.6729182999999,24.0,0.0,54.68,0,0,24.0,1.0,0.0,0,0.3
26,S1,H4,processor,41,73.70269831898804,24.0,0.0,55.4,1,0,24.0,1.0,0.0,0,0.3
26,S1,H5,processor,41,372.3271531,24.0,0.0,53.48,0,0,24.0,1.0,0.0,0,0.3
26,S1,H7,loader,41,481.15529209999994,24.0,0.0,54.2,0,0,24.0,1.0,0.0,0,0.3
26,S1,H8,loader,41,316.3712468,24.0,0.0,54.92,0,0,24.0,1.0,0.0,0,0.3
27,S1,H3,grapple_skidder,41,159.77199800000017,24.0,0.0,54.2,0,0,24.0,1.0,0.0,0,0.0
27,S1,H4,processor,41,469.046841,24.0,0.0,54.92,0,0,24.0,1.0,0.0,0,0.0
27,S1,H5,processor,41,531.895933,24.0,0.0,0.0,0,0,24.0,1.0,0.0,0,0.0
27,S1,H7,loader,41,276.17032531898803,24.0,0.0,53.72,1,0,24.0,1.0,0.0,0,0.0
27,S1,H8,loader,41,451.958924,24.0,0.0,0.0,0,0,24.0,1.0,0.0,0,0.0
28,S1,H1,feller_buncher,41,836.2962474999999,24.0,0.0,0.0,0,0,24.0,1.0,0.0,0,0.3
28,S1,H3,grapple_skidder,41,731.5744106999999,24.0,0.0,53.48,0,0,24.0,1.0,0.0,0,0.3
28,S1,H4,processor,41,290.16893000000005,24.0,0.0,54.2,1,0,24.0,1.0,0.0,0,0.3
28,S1,H7,loader,41,561.6879478,24.0,0.0,53.24,0,0,24.0,1.0,0.0,0,0.3
28,S1,H8,loader,41,332.3191473,24.0,0.0,53.48,0,0,24.0,1.0,0.0,0,0.3
28,S1,H9,loader,41,316.3712468,24.0,0.0,55.4,0,0,24.0,1.0,0.0,0,0.3
29,S1,H3,grapple_skidder,41,739.620424,24.0,0.0,54.2,0,0,24.0,1.0,0.0,0,0.0
29,S1,H4,processor,41,430.907382,24.0,0.0,53.48,0,0,24.0,1.0,0.0,0,0.0
29,S1,H5,processor,41,531.895933,24.0,0.0,0.0,0,0,24.0,1.0,0.0,0,0.0
29,S1,H7,loader,41,687.364703,24.0,0.0,53.48,0,0,24.0,1.0,0.0,0,0.0
29,S1,H8,loader,41,474.741639,24.0,0.0,0.0,0,0,24.0,1.0,0.0,0,0.0
30,S1,H3,grapple_skidder,41,1480.641393,24.0,0.0,55.4,0,0,24.0,1.0,0.0,0,0.0
30,S1,H4,processor,41,0.0,24.0,0.0,53.48,1,0,24.0,1.0,0.0,0,0.0
30,S1,H5,processor,41,481.329283,24.0,0.0,55.16,0,0,24.0,1.0,0.0,0,0.0
30,S1,H6,processor,41,300.66702869999995,24.0,0.0,53.72,1,0,24.0,1.0,0.0,0,0.0
30,S1,H7,loader,41,802.411354,24.0,0.0,53.48,0,0,24.0,1.0,0.0,0,0.0
30,S1,H8,loader,41,474.741639,24.0,0.0,0.0,0,0,24.0,1.0,0.0,0,0.0
31,S1,H3,grapple_skidder,41,567.1587449999993,24.0,0.0,53.24,0,0,24.0,1.0,0.0,0,0.0
31,S1,H4,processor,41,518.570493033243,21.841205730671007,2.158794269328993,53.72,0,0,24.0,0.9100502387779587,2.158794269328993,1,0.0
31,S1,H5,processor,41,481.329283,24.0,0.0,0.0,0,0,24.0,1.0,0.0,0,0.0
31,S1,H6,processor,41,0.0,24.0,0.0,0.0,1,0,24.0,1.0,0.0,0,0.0
31,S1,H7,loader,41,436.09760164270483,24.0,0.0,53.48,1,0,24.0,1.0,0.0,0,0.0
31,S1,H8,loader,41,474.741639,24.0,0.0,0.0,0,0,24.0,1.0,0.0,0,0.0
32,S1,H3,grapple_skidder,41,778.104169,24.0,0.0,54.68,0,0,24.0,1.0,0.0,0,0.0
32,S1,H4,processor,41,569.826226,24.0,0.0,0.0,0,0,24.0,1.0,0.0,0,0.0
32,S1,H5,processor,41,531.895933,24.0,0.0,55.16,0,0,24.0,1.0,0.0,0,0.0
32,S1,H7,loader,41,0.0,24.0,0.0,0.0,1,0,24.0,1.0,0.0,0,0.0
32,S1,H8,loader,41,558.398094,24.0,0.0,53.72,0,0,24.0,1.0,0.0,0,0.0
32,S1,H9,loader,41,451.958924,24.0,0.0,0.0,0,0,24.0,1.0,0.0,0,0.0
33,S1,H3,grapple_skidder,41,576.960683,24.0,0.0,53.48,0,0,24.0,1.0,0.0,0,0.0
33,S1,H4,processor,41,44.08503278645708,24.0,0.0,53.24,1,0,24.0,1.0,0.0,0,0.0
33,S1,H5,processor,41,469.046841,24.0,0.0,54.68,0,0,24.0,1.0,0.0,0,0.0
33,S1,H7,loader,41,937.184825,24.0,0.0,53.72,0,0,24.0,1.0,0.0,0,0.0
33,S1,H8,loader,41,173.17631669999992,24.0,0.0,0.0,1,0,24.0,1.0,0.0,0,0.0
33,S1,H9,loader,41,451.958924,24.0,0.0,0.0,0,0,24.0,1.0,0.0,0,0.0
34,S1,H1,feller_buncher,41,98.38538570000019,24.0,0.0,0.0,0,0,24.0,1.0,0.0,0,0.3
34,S1,H3,grapple_skidder,41,51.569311212492266,24.0,0.0,53.72,1,0,24.0,1.0,0.0,0,0.3
34,S1,H4,processor,41,300.12591349999997,24.0,0.0,54.2,0,0,24.0,1.0,0.0,0,0.3
34,S1,H5,processor,41,328.3327887,24.0,0.0,0.0,0,0,24.0,1.0,0.0,0,0.3
34,S1,H7,loader,41,561.6879478,24.0,0.0,53.24,0,0,24.0,1.0,0.0,0,0.3
35,S1,H3,grapple_skidder,41,477.4620719999998,24.0,0.0,55.16,0,0,24.0,1.0,0.0,0,0.0
35,S1,H4,processor,41,148.20937800000002,24.0,0.0,0.0,0,0,24.0,1.0,0.0,0,0.0
35,S1,H5,processor,41,409.650504,24.0,0.0,53.24,0,0,24.0,1.0,0.0,0,0.0
35,S1,H7,loader,41,279.7560149999996,24.0,0.0,0.0,0,0,24.0,1.0,0.0,0,0.0
35,S1,H8,loader,41,474.741639,24.0,0.0,53.72,0,0,24.0,1.0,0.0,0,0.0
36,S1,H3,grapple_skidder,41,789.9308138745141,24.0,0.0,54.68,1,0,24.0,1.0,0.0,0,0.0
36,S1,H4,processor,41,569.826226,24.0,0.0,54.44,0,0,24.0,1.0,0.0,0,0.0
36,S1,H5,processor,41,142.82652154381543,24.0,0.0,0.0,1,0,24.0,1.0,0.0,0,0.0
36,S1,H7,loader,41,448.3352915,24.0,0.0,54.2,1,0,24.0,1.0,0.0,0,0.0
36,S1,H8,loader,41,474.741639,24.0,0.0,0.0,0,0,24.0,1.0,0.0,0,0.0
37,S1,H3,grapple_skidder,41,51.47038590000034,24.0,0.0,53.72,1,0,24.0,1.0,0.0,0,0.0
37,S1,H4,processor,41,299.8805199667569,24.0,0.0,0.0,1,0,24.0,1.0,0.0,0,0.0
37,S1,H5,processor,41,395.784917,24.0,0.0,53.48,0,0,24.0,1.0,0.0,0,0.0
37,S1,H7,loader,41,0.0,24.0,0.0,0.0,1,0,24.0,1.0,0.0,0,0.0
37,S1,H8,loader,41,424.433991,24.0,0.0,53.24,0,0,24.0,1.0,0.0,0,0.0
38,S1,H3,grapple_skidder,41,548.6142641835129,24.0,0.0,53.48,0,0,24.0,1.0,0.0,0,0.0
38,S1,H4,processor,41,399.1616177573058,24.0,0.0,55.4,1,0,24.0,1.0,0.0,0,0.0
38,S1,H5,processor,41,395.784917,24.0,0.0,0.0,0,0,24.0,1.0,0.0,0,0.0
38,S1,H7,loader,41,937.184825,24.0,0.0,54.44,0,0,24.0,1.0,0.0,0,0.0
38,S1,H8,loader,41,424.433991,24.0,0.0,0.0,0,0,24.0,1.0,0.0,0,0.0
39,S1,H3,grapple_skidder,41,678.968019,24.0,0.0,53.72,0,0,24.0,1.0,0.0,0,0.0
39,S1,H4,processor,41,469.046841,24.0,0.0,53.48,0,0,24.0,1.0,0.0,0,0.0
39,S1,H5,processor,41,195.88960400000013,24.0,0.0,0.0,0,0,24.0,1.0,0.0,0,0.0
39,S1,H7,loader,41,83.73381499999982,24.0,0.0,0.0,1,0,24.0,1.0,0.0,0,0.0
39,S1,H8,loader,41,186.95960497924798,24.0,0.0,0.0,0,0,24.0,1.0,0.0,0,0.0
39,S1,H9,loader,41,451.958924,24.0,0.0,0.0,0,0,24.0,1.0,0.0,0,0.0
40,S1,H4,processor,41,354.0568848924533,24.0,0.0,53.72,0,0,24.0,1.0,0.0,0,0.0
40,S1,H7,loader,41,474.741639,24.0,0.0,54.92,0,0,24.0,1.0,0.0,0,0.0
40,S1,H8,loader,41,456.725789,24.0,0.0,53.48,0,0,24.0,1.0,0.0,0,0.0
40,S1,H9,loader,41,134.70578599999976,24.0,0.0,0.0,0,0,24.0,1.0,0.0,0,0.0
41,S1,H4,processor,41,135.91803978351288,24.0,0.0,53.72,1,0,24.0,1.0,0.0,0,0.0
41,S1,H7,loader,41,352.0625934296304,17.390907199075272,6.609092800924728,53.72,0,0,24.0,0.724621133294803,6.609092800924726,1,0.0
41,S1,H8,loader,41,456.725789,24.0,0.0,0.0,0,0,24.0,1.0,0.0,0,0.0
42,S1,H3,grapple_skidder,41,678.968019,24.0,0.0,0.0,0,0,24.0,1.0,0.0,0,0.0
42,S1,H7,loader,41,457.56573878522767,24.0,0.0,53.72,1,0,24.0,1.0,0.0,0,0.0
42,S1,H8,loader,41,290.1164299,24.0,0.0,0.0,1,0,24.0,1.0,0.0,0,0.0
1,S1,H1,feller_buncher,42,1220.906942,24.0,0.0,0.0,0,0,24.0,1.0,0.0,0,0.0
1,S1,H2,feller_buncher,42,1299.478592,24.0,0.0,0.0,0,0,24.0,1.0,0.0,0,0.0
2,S1,H1,feller_buncher,42,1220.906942,24.0,0.0,0.0,0,0,24.0,1.0,0.0,0,0.0
2,S1,H2,feller_buncher,42,1164.04956,24.0,0.0,53.72,0,0,24.0,1.0,0.0,0,0.0
2,S1,H3,grapple_skidder,42,678.968019,24.0,0.0,0.0,0,0,24.0,1.0,0.0,0,0.0
3,S1,H1,feller_buncher,42,1176.844281,24.0,0.0,53.48,0,0,24.0,1.0,0.0,0,0.0
3,S1,H2,feller_buncher,42,888.796776,24.0,0.0,53.24,0,0,24.0,1.0,0.0,0,0.0
3,S1,H3,grapple_skidder,42,315.3490603200922,24.0,0.0,53.72,0,0,24.0,1.0,0.0,0,0.0
3,S1,H4,processor,42,547.23705,24.0,0.0,0.0,0,0,24.0,1.0,0.0,0,0.0
4,S1,H1,feller_buncher,42,1176.844281,24.0,0.0,0.0,0,0,24.0,1.0,0.0,0,0.0
4,S1,H2,feller_buncher,42,888.796776,24.0,0.0,0.0,0,0,24.0,1.0,0.0,0,0.0
4,S1,H3,grapple_skidder,42,1332.369187,24.0,0.0,54.68,0,0,24.0,1.0,0.0,0,0.0
4,S1,H4,processor,42,315.3490603200922,24.0,0.0,53.72,1,0,24.0,1.0,0.0,0,0.0
4,S1,H7,loader,42,485.857474,24.0,0.0,0.0,0,0,24.0,1.0,0.0,0,0.0
5,S1,H1,feller_buncher,42,1164.04956,24.0,0.0,54.2,0,0,24.0,1.0,0.0,0,0.0
5,S1,H2,feller_buncher,42,961.553907,24.0,0.0,53.24,0,0,24.0,1.0,0.0,0,0.0
5,S1,H3,grapple_skidder,42,1164.728216,24.0,0.0,53.48,0,0,24.0,1.0,0.0,0,0.0
5,S1,H4,processor,42,531.895933,24.0,0.0,54.68,0,0,24.0,1.0,0.0,0,0.0
6,S1,H1,feller_buncher,42,256.1621419999998,24.0,0.0,53.24,0,0,24.0,1.0,0.0,0,0.0
6,S1,H2,feller_buncher,42,961.553907,24.0,0.0,0.0,0,0,24.0,1.0,0.0,0,0.0
6,S1,H3,grapple_skidder,42,1164.728216,24.0,0.0,0.0,0,0,24.0,1.0,0.0,0,0.0
6,S1,H4,processor,42,531.895933,24.0,0.0,0.0,0,0,24.0,1.0,0.0,0,0.0
7,S1,H1,feller_buncher,42,1164.04956,24.0,0.0,53.24,0,0,24.0,1.0,0.0,0,0.0
7,S1,H2,feller_buncher,42,961.553907,24.0,0.0,0.0,0,0,24.0,1.0,0.0,0,0.0
7,S1,H3,grapple_skidder,42,809.624168,24.0,0.0,54.44,0,0,24.0,1.0,0.0,0,0.0
7,S1,H4,processor,42,517.165642,24.0,0.0,53.48,0,0,24.0,1.0,0.0,0,0.0
7,S1,H7,loader,42,658.1424059467922,19.684937985963515,4.315062014036485,55.4,0,0,24.0,0.8202057494151465,4.315062014036487,1,0.0
8,S1,H1,feller_buncher,42,860.013242,24.0,0.0,53.24,0,0,24.0,1.0,0.0,0,0.0
8,S1,H2,feller_buncher,42,413.7565330000002,24.0,0.0,0.0,0,0,24.0,1.0,0.0,0,0.0
8,S1,H3,grapple_skidder,42,778.104169,24.0,0.0,53.24,0,0,24.0,1.0,0.0,0,0.0
8,S1,H4,processor,42,434.31186347666693,20.155021673771603,3.8449783262283965,0.0,0,0,24.0,0.8397925697404834,3.8449783262283974,1,0.0
8,S1,H5,processor,42,409.650504,24.0,0.0,0.0,0,0,24.0,1.0,0.0,0,0.0
9,S1,H1,feller_buncher,42,1299.478592,24.0,0.0,53.96,0,0,24.0,1.0,0.0,0,0.0
9,S1,H2,feller_buncher,42,1220.906942,24.0,0.0,55.16,0,0,24.0,1.0,0.0,0,0.0
9,S1,H3,grapple_skidder,42,778.104169,24.0,0.0,0.0,0,0,24.0,1.0,0.0,0,0.0
9,S1,H7,loader,42,687.364703,24.0,0.0,53.48,0,0,24.0,1.0,0.0,0,0.0
10,S1,H1,feller_buncher,42,687.2416384963251,18.13232677151418,5.86767322848582,0.0,0,0,24.0,0.7555136154797575,5.867673228485822,1,0.3
10,S1,H2,feller_buncher,42,602.0092694,24.0,0.0,54.44,0,0,24.0,1.0,0.0,0,0.3
10,S1,H3,grapple_skidder,42,517.7342967999999,24.0,0.0,53.48,0,0,24.0,1.0,0.0,0,0.3
10,S1,H4,processor,42,362.0159494,24.0,0.0,0.0,0,0,24.0,1.0,0.0,0,0.3
10,S1,H5,processor,42,328.3327887,24.0,0.0,53.24,0,0,24.0,1.0,0.0,0,0.3
11,S1,H1,feller_buncher,42,1299.478592,24.0,0.0,0.0,0,0,24.0,1.0,0.0,0,0.0
11,S1,H2,feller_buncher,42,59.00278800000001,24.0,0.0,0.0,0,0,24.0,1.0,0.0,0,0.0
11,S1,H3,grapple_skidder,42,778.104169,24.0,0.0,53.48,0,0,24.0,1.0,0.0,0,0.0
11,S1,H4,processor,42,346.756256959108,17.289931157208635,6.710068842791365,54.68,0,0,24.0,0.7204137982170264,6.7100688427913635,1,0.0
11,S1,H7,loader,42,626.1287518766669,24.0,0.0,0.0,1,0,24.0,1.0,0.0,0,0.0
12,S1,H1,feller_buncher,42,243.36976152503124,24.0,0.0,0.0,0,0,24.0,1.0,0.0,0,0.0
12,S1,H2,feller_buncher,42,674.603847,24.0,0.0,53.72,0,0,24.0,1.0,0.0,0,0.0
12,S1,H3,grapple_skidder,42,1332.369187,24.0,0.0,54.68,0,0,24.0,1.0,0.0,0,0.0
12,S1,H4,processor,42,517.165642,24.0,0.0,54.68,0,0,24.0,1.0,0.0,0,0.0
12,S1,H7,loader,42,368.5731848162104,18.632779829934087,5.367220170065913,54.2,0,0,24.0,0.7763658262472536,5.367220170065914,1,0.0
12,S1,H8,loader,42,346.756256959108,19.77553437869269,4.22446562130731,0.0,1,0,24.0,0.8239805991121955,4.224465621307309,1,0.0
13,S1,H1,feller_buncher,42,1164.04956,24.0,0.0,53.72,0,0,24.0,1.0,0.0,0,0.0
13,S1,H2,feller_buncher,42,1194.708925,24.0,0.0,53.96,0,0,24.0,1.0,0.0,0,0.0
13,S1,H3,grapple_skidder,42,809.624168,24.0,0.0,54.92,0,0,24.0,1.0,0.0,0,0.0
13,S1,H4,processor,42,531.895933,24.0,0.0,53.48,0,0,24.0,1.0,0.0,0,0.0
13,S1,H7,loader,42,517.165642,24.0,0.0,54.2,1,0,24.0,1.0,0.0,0,0.0
14,S1,H1,feller_buncher,42,1176.844281,24.0,0.0,54.2,0,0,24.0,1.0,0.0,0,0.0
14,S1,H2,feller_buncher,42,1194.708925,24.0,0.0,0.0,0,0,24.0,1.0,0.0,0,0.0
14,S1,H3,grapple_skidder,42,778.104169,24.0,0.0,53.24,0,0,24.0,1.0,0.0,0,0.0
14,S1,H4,processor,42,531.895933,24.0,0.0,0.0,0,0,24.0,1.0,0.0,0,0.0
14,S1,H5,processor,42,409.650504,24.0,0.0,53.24,0,0,24.0,1.0,0.0,0,0.0
15,S1,H1,feller_buncher,42,1176.844281,24.0,0.0,0.0,0,0,24.0,1.0,0.0,0,0.0
15,S1,H2,feller_buncher,42,1164.04956,24.0,0.0,54.92,0,0,24.0,1.0,0.0,0,0.0
15,S1,H3,grapple_skidder,42,708.8034176433943,18.426434915187347,5.573565084812653,53.24,0,0,24.0,0.7677681214661395,5.573565084812653,1,0.0
15,S1,H4,processor,42,409.650504,24.0,0.0,54.92,0,0,24.0,1.0,0.0,0,0.0
15,S1,H7,loader,42,802.411354,24.0,0.0,53.48,0,0,24.0,1.0,0.0,0,0.0
16,S1,H1,feller_buncher,42,77.91541660000061,24.0,0.0,0.0,0,0,24.0,1.0,0.0,0,0.3
16,S1,H2,feller_buncher,42,351.9367452999997,24.0,0.0,0.0,0,0,24.0,1.0,0.0,0,0.3
16,S1,H3,grapple_skidder,42,1036.4489751,24.0,0.0,54.68,0,0,24.0,1.0,0.0,0,0.3
16,S1,H4,processor,42,372.3271531,24.0,0.0,54.92,0,0,24.0,1.0,0.0,0,0.3
16,S1,H5,processor,42,277.0494419,24.0,0.0,53.48,0,0,24.0,1.0,0.0,0,0.3
16,S1,H7,loader,42,172.39190088933123,24.0,0.0,54.92,0,0,24.0,1.0,0.0,0,0.3
17,S1,H1,feller_buncher,42,576.960683,24.0,0.0,53.72,0,0,24.0,1.0,0.0,0,0.0
17,S1,H2,feller_buncher,42,787.363583,24.0,0.0,54.44,0,0,24.0,1.0,0.0,0,0.0
17,S1,H3,grapple_skidder,42,674.603847,24.0,0.0,53.96,0,0,24.0,1.0,0.0,0,0.0
17,S1,H4,processor,42,569.826226,24.0,0.0,53.24,0,0,24.0,1.0,0.0,0,0.0
17,S1,H5,processor,42,395.784917,24.0,0.0,0.0,0,0,24.0,1.0,0.0,0,0.0
17,S1,H6,processor,42,469.046841,24.0,0.0,0.0,0,0,24.0,1.0,0.0,0,0.0
17,S1,H7,loader,42,322.2336984909825,24.0,0.0,0.0,0,0,24.0,1.0,0.0,0,0.0
17,S1,H8,loader,42,802.411354,24.0,0.0,55.16,0,0,24.0,1.0,0.0,0,0.0
18,S1,H1,feller_buncher,42,1220.906942,24.0,0.0,54.2,0,0,24.0,1.0,0.0,0,0.0
18,S1,H2,feller_buncher,42,486.3476200000001,24.0,0.0,0.0,0,0,24.0,1.0,0.0,0,0.0
18,S1,H3,grapple_skidder,42,1164.728216,24.0,0.0,53.24,0,0,24.0,1.0,0.0,0,0.0
18,S1,H4,processor,42,466.6227491000001,24.0,0.0,0.0,1,0,24.0,1.0,0.0,0,0.0
18,S1,H5,processor,42,456.082335,24.0,0.0,53.72,0,0,24.0,1.0,0.0,0,0.0
18,S1,H7,loader,42,474.741639,24.0,0.0,53.24,0,0,24.0,1.0,0.0,0,0.0
18,S1,H8,loader,42,456.725789,24.0,0.0,54.44,0,0,24.0,1.0,0.0,0,0.0
19,S1,H1,feller_buncher,42,1013.0077249999999,24.0,0.0,0.0,0,0,24.0,1.0,0.0,0,0.0
19,S1,H2,feller_buncher,42,680.207863,24.0,0.0,53.72,0,0,24.0,1.0,0.0,0,0.0
19,S1,H3,grapple_skidder,42,1273.711203,24.0,0.0,53.24,0,0,24.0,1.0,0.0,0,0.0
19,S1,H4,processor,42,517.165642,24.0,0.0,53.72,0,0,24.0,1.0,0.0,0,0.0
19,S1,H5,processor,42,218.52151199999997,24.0,0.0,0.0,0,0,24.0,1.0,0.0,0,0.0
19,S1,H6,processor,42,469.046841,24.0,0.0,0.0,0,0,24.0,1.0,0.0,0,0.0
19,S1,H7,loader,42,937.184825,24.0,0.0,54.92,0,0,24.0,1.0,0.0,0,0.0
20,S1,H1,feller_buncher,42,1194.708925,24.0,0.0,53.24,0,0,24.0,1.0,0.0,0,0.0
20,S1,H2,feller_buncher,42,364.89843800000006,24.0,0.0,0.0,0,0,24.0,1.0,0.0,0,0.0
20,S1,H3,grapple_skidder,42,1236.24253039074,22.26846809342924,1.7315319065707584,53.24,0,0,24.0,0.9278528372262184,1.731531906570757,1,0.0
20,S1,H4,processor,42,517.165642,24.0,0.0,0.0,0,0,24.0,1.0,0.0,0,0.0
20,S1,H5,processor,42,469.046841,24.0,0.0,53.96,0,0,24.0,1.0,0.0,0,0.0
20,S1,H6,processor,42,441.264891,24.0,0.0,54.44,0,0,24.0,1.0,0.0,0,0.0
20,S1,H7,loader,42,674.603847,24.0,0.0,53.96,0,0,24.0,1.0,0.0,0,0.0
21,S1,H3,grapple_skidder,42,739.620424,24.0,0.0,55.16,0,0,24.0,1.0,0.0,0,0.0
21,S1,H4,processor,42,531.895933,24.0,0.0,53.48,0,0,24.0,1.0,0.0,0,0.0
21,S1,H5,processor,42,469.046841,24.0,0.0,0.0,0,0,24.0,1.0,0.0,0,0.0
21,S1,H6,processor,42,441.264891,24.0,0.0,0.0,0,0,24.0,1.0,0.0,0,0.0
21,S1,H7,loader,42,687.364703,24.0,0.0,53.24,0,0,24.0,1.0,0.0,0,0.0
22,S1,H3,grapple_skidder,42,1036.4489751,24.0,0.0,55.4,0,0,24.0,1.0,0.0,0,0.3
22,S1,H4,processor,42,372.3271531,24.0,0.0,0.0,0,0,24.0,1.0,0.0,0,0.3
22,S1,H5,processor,42,336.93049809999997,24.0,0.0,53.48,0,0,24.0,1.0,0.0,0,0.3
22,S1,H6,processor,42,328.3327887,24.0,0.0,54.44,0,0,24.0,1.0,0.0,0,0.3
22,S1,H7,loader,42,403.43873500168365,18.85819995323241,5.141800046767589,53.24,0,0,24.0,0.7857583313846838,5.14180004676759,1,0.3
23,S1,H3,grapple_skidder,42,1164.728216,24.0,0.0,53.72,0,0,24.0,1.0,0.0,0,0.0
23,S1,H4,processor,42,569.826226,24.0,0.0,53.24,0,0,24.0,1.0,0.0,0,0.0
23,S1,H5,processor,42,224.40648523841585,24.0,0.0,0.0,0,0,24.0,1.0,0.0,0,0.0
23,S1,H6,processor,42,469.046841,24.0,0.0,0.0,0,0,24.0,1.0,0.0,0,0.0
23,S1,H7,loader,42,802.411354,24.0,0.0,53.24,0,0,24.0,1.0,0.0,0,0.0
24,S1,H3,grapple_skidder,42,739.620424,24.0,0.0,54.68,0,0,24.0,1.0,0.0,0,0.0
24,S1,H4,processor,42,466.6227491000001,24.0,0.0,0.0,1,0,24.0,1.0,0.0,0,0.0
24,S1,H5,processor,42,517.165642,24.0,0.0,54.68,0,0,24.0,1.0,0.0,0,0.0
24,S1,H6,processor,42,391.18142100000006,24.0,0.0,54.44,0,0,24.0,1.0,0.0,0,0.0
24,S1,H7,loader,42,474.741639,24.0,0.0,54.68,0,0,24.0,1.0,0.0,0,0.0
25,S1,H3,grapple_skidder,42,932.6584309,24.0,0.0,55.16,0,0,24.0,1.0,0.0,0,0.3
25,S1,H4,processor,42,336.93049809999997,24.0,0.0,55.4,0,0,24.0,1.0,0.0,0,0.3
25,S1,H5,processor,42,362.0159494,24.0,0.0,0.0,0,0,24.0,1.0,0.0,0,0.3
25,S1,H7,loader,42,332.3191473,24.0,0.0,0.0,0,0,24.0,1.0,0.0,0,0.3
25,S1,H8,loader,42,378.15914360000005,24.0,0.0,54.2,0,0,24.0,1.0,0.0,0,0.3
25,S1,H9,loader,42,656.0293775,24.0,0.0,0.0,0,0,24.0,1.0,0.0,0,0.3
26,S1,H3,grapple_skidder,42,778.104169,24.0,0.0,54.68,0,0,24.0,1.0,0.0,0,0.0
26,S1,H4,processor,42,0.0,24.0,0.0,55.4,1,0,24.0,1.0,0.0,0,0.0
26,S1,H5,processor,42,531.895933,24.0,0.0,53.48,0,0,24.0,1.0,0.0,0,0.0
26,S1,H7,loader,42,687.364703,24.0,0.0,54.2,0,0,24.0,1.0,0.0,0,0.0
26,S1,H8,loader,42,451.958924,24.0,0.0,54.92,0,0,24.0,1.0,0.0,0,0.0
27,S1,H3,grapple_skidder,42,126.3796766000005,24.0,0.0,54.2,1,0,24.0,1.0,0.0,0,0.0
27,S1,H4,processor,42,469.046841,24.0,0.0,54.92,0,0,24.0,1.0,0.0,0,0.0
27,S1,H5,processor,42,531.895933,24.0,0.0,0.0,0,0,24.0,1.0,0.0,0,0.0
27,S1,H7,loader,42,479.68374770000014,24.0,0.0,53.72,1,0,24.0,1.0,0.0,0,0.0
27,S1,H8,loader,42,446.30855743841585,24.0,0.0,0.0,1,0,24.0,1.0,0.0,0,0.0
28,S1,H1,feller_buncher,42,1194.708925,24.0,0.0,0.0,0,0,24.0,1.0,0.0,0,0.0
28,S1,H3,grapple_skidder,42,859.7993380749036,19.744579182091915,4.255420817908085,53.48,0,0,24.0,0.8226907992538298,4.255420817908085,1,0.0
28,S1,H4,processor,42,235.4893999430478,24.0,0.0,54.2,0,0,24.0,1.0,0.0,0,0.0
28,S1,H7,loader,42,802.411354,24.0,0.0,53.24,0,0,24.0,1.0,0.0,0,0.0
28,S1,H8,loader,42,474.741639,24.0,0.0,53.48,0,0,24.0,1.0,0.0,0,0.0
28,S1,H9,loader,42,0.0,24.0,0.0,55.4,1,0,24.0,1.0,0.0,0,0.0
29,S1,H3,grapple_skidder,42,739.620424,24.0,0.0,54.2,0,0,24.0,1.0,0.0,0,0.0
29,S1,H4,processor,42,430.907382,24.0,0.0,53.48,0,0,24.0,1.0,0.0,0,0.0
29,S1,H5,processor,42,365.7134980907399,24.0,0.0,0.0,1,0,24.0,1.0,0.0,0,0.0
29,S1,H7,loader,42,687.364703,24.0,0.0,53.48,0,0,24.0,1.0,0.0,0,0.0
29,S1,H8,loader,42,474.741639,24.0,0.0,0.0,0,0,24.0,1.0,0.0,0,0.0
30,S1,H3,grapple_skidder,42,1480.641393,24.0,0.0,55.4,0,0,24.0,1.0,0.0,0,0.0
30,S1,H4,processor,42,164.19408399999998,24.0,0.0,53.48,0,0,24.0,1.0,0.0,0,0.0
30,S1,H5,processor,42,481.329283,24.0,0.0,55.16,0,0,24.0,1.0,0.0,0,0.0
30,S1,H6,processor,42,428.89195607490365,24.0,0.0,53.72,1,0,24.0,1.0,0.0,0,0.0
30,S1,H7,loader,42,673.9353718453525,20.157303163345393,3.842696836654607,53.48,0,0,24.0,0.8398876318060581,3.842696836654606,1,0.0
30,S1,H8,loader,42,474.741639,24.0,0.0,0.0,0,0,24.0,1.0,0.0,0,0.0
31,S1,H3,grapple_skidder,42,567.1587449999993,24.0,0.0,53.24,0,0,24.0,1.0,0.0,0,0.0
31,S1,H4,processor,42,569.826226,24.0,0.0,53.72,0,0,24.0,1.0,0.0,0,0.0
31,S1,H5,processor,42,481.329283,24.0,0.0,0.0,0,0,24.0,1.0,0.0,0,0.0
31,S1,H6,processor,42,0.0,24.0,0.0,0.0,1,0,24.0,1.0,0.0,0,0.0
31,S1,H7,loader,42,251.10225034304813,24.0,0.0,53.48,1,0,24.0,1.0,0.0,0,0.0
31,S1,H8,loader,42,474.741639,24.0,0.0,0.0,0,0,24.0,1.0,0.0,0,0.0
32,S1,H3,grapple_skidder,42,778.104169,24.0,0.0,54.68,0,0,24.0,1.0,0.0,0,0.0
32,S1,H4,processor,42,569.826226,24.0,0.0,0.0,0,0,24.0,1.0,0.0,0,0.0
32,S1,H5,processor,42,531.895933,24.0,0.0,55.16,0,0,24.0,1.0,0.0,0,0.0
32,S1,H7,loader,42,0.0,24.0,0.0,0.0,1,0,24.0,1.0,0.0,0,0.0
32,S1,H8,loader,42,558.398094,24.0,0.0,53.72,0,0,24.0,1.0,0.0,0,0.0
32,S1,H9,loader,42,451.958924,24.0,0.0,0.0,0,0,24.0,1.0,0.0,0,0.0
33,S1,H3,grapple_skidder,42,576.960683,24.0,0.0,53.48,0,0,24.0,1.0,0.0,0,0.0
33,S1,H4,processor,42,35.26281199999926,24.0,0.0,53.24,1,0,24.0,1.0,0.0,0,0.0
33,S1,H5,processor,42,469.046841,24.0,0.0,54.68,0,0,24.0,1.0,0.0,0,0.0
33,S1,H7,loader,42,937.184825,24.0,0.0,53.72,0,0,24.0,1.0,0.0,0,0.0
33,S1,H8,loader,42,301.4012440749036,24.0,0.0,0.0,1,0,24.0,1.0,0.0,0,0.0
33,S1,H9,loader,42,451.958924,24.0,0.0,0.0,0,0,24.0,1.0,0.0,0,0.0
34,S1,H1,feller_buncher,42,140.55055100000027,24.0,0.0,0.0,0,0,24.0,1.0,0.0,0,0.0
34,S1,H3,grapple_skidder,42,414.50735799999984,24.0,0.0,53.72,0,0,24.0,1.0,0.0,0,0.0
34,S1,H4,processor,42,428.751305,24.0,0.0,54.2,0,0,24.0,1.0,0.0,0,0.0
34,S1,H5,processor,42,469.046841,24.0,0.0,0.0,0,0,24.0,1.0,0.0,0,0.0
34,S1,H7,loader,42,802.411354,24.0,0.0,53.24,0,0,24.0,1.0,0.0,0,0.0
35,S1,H3,grapple_skidder,42,477.4620719999998,24.0,0.0,55.16,0,0,24.0,1.0,0.0,0,0.0
35,S1,H4,processor,42,148.20937800000002,24.0,0.0,0.0,0,0,24.0,1.0,0.0,0,0.0
35,S1,H5,processor,42,409.650504,24.0,0.0,53.24,0,0,24.0,1.0,0.0,0,0.0
35,S1,H7,loader,42,56.66353249859446,24.0,0.0,0.0,1,0,24.0,1.0,0.0,0,0.0
35,S1,H8,loader,42,474.741639,24.0,0.0,53.72,0,0,24.0,1.0,0.0,0,0.0
36,S1,H3,grapple_skidder,42,812.2218817566057,24.0,0.0,54.68,1,0,24.0,1.0,0.0,0,0.0
36,S1,H4,processor,42,569.826226,24.0,0.0,54.44,0,0,24.0,1.0,0.0,0,0.0
36,S1,H5,processor,42,395.15367800000007,24.0,0.0,0.0,0,0,24.0,1.0,0.0,0,0.0
36,S1,H7,loader,42,552.163711,24.0,0.0,54.2,0,0,24.0,1.0,0.0,0,0.0
36,S1,H8,loader,42,474.741639,24.0,0.0,0.0,0,0,24.0,1.0,0.0,0,0.0
37,S1,H3,grapple_skidder,42,339.93655800000056,24.0,0.0,53.72,0,0,24.0,1.0,0.0,0,0.0
37,S1,H4,processor,42,248.62478699999986,24.0,0.0,0.0,1,0,24.0,1.0,0.0,0,0.0
37,S1,H5,processor,42,395.784917,24.0,0.0,53.48,0,0,24.0,1.0,0.0,0,0.0
37,S1,H7,loader,42,24.796971999999982,24.0,0.0,0.0,0,0,24.0,1.0,0.0,0,0.0
37,S1,H8,loader,42,424.433991,24.0,0.0,53.24,0,0,24.0,1.0,0.0,0,0.0
38,S1,H3,grapple_skidder,42,778.104169,24.0,0.0,53.48,0,0,24.0,1.0,0.0,0,0.0
38,S1,H4,processor,42,410.442556,24.0,0.0,55.4,0,0,24.0,1.0,0.0,0,0.0
38,S1,H5,processor,42,395.784917,24.0,0.0,0.0,0,0,24.0,1.0,0.0,0,0.0
38,S1,H7,loader,42,937.184825,24.0,0.0,54.44,0,0,24.0,1.0,0.0,0,0.0
38,S1,H8,loader,42,424.433991,24.0,0.0,0.0,0,0,24.0,1.0,0.0,0,0.0
39,S1,H3,grapple_skidder,42,678.968019,24.0,0.0,53.72,0,0,24.0,1.0,0.0,0,0.0
39,S1,H4,processor,42,469.046841,24.0,0.0,53.48,0,0,24.0,1.0,0.0,0,0.0
39,S1,H5,processor,42,56.621106499999996,24.0,0.0,0.0,1,0,24.0,1.0,0.0,0,0.0
39,S1,H7,loader,42,83.73381499999982,24.0,0.0,0.0,1,0,24.0,1.0,0.0,0,0.0
39,S1,H8,loader,42,336.0197300000002,24.0,0.0,0.0,0,0,24.0,1.0,0.0,0,0.0
39,S1,H9,loader,42,451.958924,24.0,0.0,0.0,0,0,24.0,1.0,0.0,0,0.0
40,S1,H4,processor,42,547.23705,24.0,0.0,53.72,0,0,24.0,1.0,0.0,0,0.0
40,S1,H7,loader,42,474.741639,24.0,0.0,54.92,0,0,24.0,1.0,0.0,0,0.0
40,S1,H8,loader,42,456.725789,24.0,0.0,53.48,0,0,24.0,1.0,0.0,0,0.0
40,S1,H9,loader,42,17.2243499999999,20.31252346114609,3.687476538853911,0.0,1,0,24.0,0.8463551442144204,3.6874765388539097,1,0.0
41,S1,H4,processor,42,469.046841,24.0,0.0,53.72,0,0,24.0,1.0,0.0,0,0.0
41,S1,H7,loader,42,485.857474,24.0,0.0,53.72,0,0,24.0,1.0,0.0,0,0.0
41,S1,H8,loader,42,456.725789,24.0,0.0,0.0,0,0,24.0,1.0,0.0,0,0.0
42,S1,H3,grapple_skidder,42,678.968019,24.0,0.0,0.0,0,0,24.0,1.0,0.0,0,0.0
42,S1,H7,loader,42,474.741639,24.0,0.0,53.72,0,0,24.0,1.0,0.0,0,0.0
42,S1,H8,loader,42,150.84793239999982,24.0,0.0,0.0,1,0,24.0,1.0,0.0,0,0.0
1,S1,H1,feller_buncher,43,1220.906942,24.0,0.0,0.0,0,0,24.0,1.0,0.0,0,0.0
1,S1,H2,feller_buncher,43,1299.478592,24.0,0.0,0.0,0,0,24.0,1.0,0.0,0,0.0
2,S1,H1,feller_buncher,43,1220.906942,24.0,0.0,0.0,0,0,24.0,1.0,0.0,0,0.0
2,S1,H2,feller_buncher,43,1164.04956,24.0,0.0,53.72,0,0,24.0,1.0,0.0,0,0.0
2,S1,H3,grapple_skidder,43,678.968019,24.0,0.0,0.0,0,0,24.0,1.0,0.0,0,0.0
3,S1,H1,feller_buncher,43,1176.844281,24.0,0.0,53.48,0,0,24.0,1.0,0.0,0,0.0
3,S1,H2,feller_buncher,43,888.796776,24.0,0.0,53.24,0,0,24.0,1.0,0.0,0,0.0
3,S1,H3,grapple_skidder,43,778.104169,24.0,0.0,53.72,0,0,24.0,1.0,0.0,0,0.0
3,S1,H4,processor,43,547.23705,24.0,0.0,0.0,0,0,24.0,1.0,0.0,0,0.0
4,S1,H1,feller_buncher,43,1176.844281,24.0,0.0,0.0,0,0,24.0,1.0,0.0,0,0.0
4,S1,H2,feller_buncher,43,888.796776,24.0,0.0,0.0,0,0,24.0,1.0,0.0,0,0.0
4,S1,H3,grapple_skidder,43,1332.369187,24.0,0.0,54.68,0,0,24.0,1.0,0.0,0,0.0
4,S1,H4,processor,43,469.046841,24.0,0.0,53.72,0,0,24.0,1.0,0.0,0,0.0
4,S1,H7,loader,43,485.857474,24.0,0.0,0.0,0,0,24.0,1.0,0.0,0,0.0
5,S1,H1,feller_buncher,43,1164.04956,24.0,0.0,54.2,0,0,24.0,1.0,0.0,0,0.0
5,S1,H2,feller_buncher,43,701.8092828486738,17.516878321381697,6.4831216786183035,53.24,0,0,24.0,0.7298699300575707,6.4831216786183035,1,0.0
5,S1,H3,grapple_skidder,43,832.818267101955,17.160774621816945,6.839225378183055,53.48,0,0,24.0,0.7150322759090394,6.839225378183055,1,0.0
5,S1,H4,processor,43,531.895933,24.0,0.0,54.68,0,0,24.0,1.0,0.0,0,0.0
6,S1,H1,feller_buncher,43,179.31349939999984,24.0,0.0,53.24,0,0,24.0,1.0,0.0,0,0.3
6,S1,H2,feller_buncher,43,673.0877349,24.0,0.0,0.0,0,0,24.0,1.0,0.0,0,0.3
6,S1,H3,grapple_skidder,43,815.3097511999999,24.0,0.0,0.0,0,0,24.0,1.0,0.0,0,0.3
6,S1,H4,processor,43,372.3271531,24.0,0.0,0.0,0,0,24.0,1.0,0.0,0,0.3
7,S1,H1,feller_buncher,43,814.8346919999999,24.0,0.0,53.24,0,0,24.0,1.0,0.0,0,0.3
7,S1,H2,feller_buncher,43,673.0877349,24.0,0.0,0.0,0,0,24.0,1.0,0.0,0,0.3
7,S1,H3,grapple_skidder,43,566.7369176,24.0,0.0,54.44,0,0,24.0,1.0,0.0,0,0.3
7,S1,H4,processor,43,362.0159494,24.0,0.0,53.48,0,0,24.0,1.0,0.0,0,0.3
7,S1,H7,loader,43,561.6879478,24.0,0.0,55.4,0,0,24.0,1.0,0.0,0,0.3
8,S1,H1,feller_buncher,43,860.013242,24.0,0.0,53.24,0,0,24.0,1.0,0.0,0,0.0
8,S1,H2,feller_buncher,43,413.7565330000002,24.0,0.0,0.0,0,0,24.0,1.0,0.0,0,0.0
8,S1,H3,grapple_skidder,43,778.104169,24.0,0.0,53.24,0,0,24.0,1.0,0.0,0,0.0
8,S1,H4,processor,43,517.165642,24.0,0.0,0.0,0,0,24.0,1.0,0.0,0,0.0
8,S1,H5,processor,43,409.650504,24.0,0.0,0.0,0,0,24.0,1.0,0.0,0,0.0
9,S1,H1,feller_buncher,43,909.6350143999999,24.0,0.0,53.96,0,0,24.0,1.0,0.0,0,0.3
9,S1,H2,feller_buncher,43,854.6348594,24.0,0.0,55.16,0,0,24.0,1.0,0.0,0,0.3
9,S1,H3,grapple_skidder,43,544.6729182999999,24.0,0.0,0.0,0,0,24.0,1.0,0.0,0,0.3
9,S1,H7,loader,43,481.15529209999994,24.0,0.0,53.48,0,0,24.0,1.0,0.0,0,0.3
10,S1,H1,feller_buncher,43,1299.478592,24.0,0.0,0.0,0,0,24.0,1.0,0.0,0,0.0
10,S1,H2,feller_buncher,43,542.0008742925077,24.0,0.0,54.44,0,0,24.0,1.0,0.0,0,0.0
10,S1,H3,grapple_skidder,43,739.620424,24.0,0.0,53.48,0,0,24.0,1.0,0.0,0,0.0
10,S1,H4,processor,43,517.165642,24.0,0.0,0.0,0,0,24.0,1.0,0.0,0,0.0
10,S1,H5,processor,43,469.046841,24.0,0.0,53.24,0,0,24.0,1.0,0.0,0,0.0
11,S1,H1,feller_buncher,43,1299.478592,24.0,0.0,0.0,0,0,24.0,1.0,0.0,0,0.0
11,S1,H2,feller_buncher,43,59.00278800000001,24.0,0.0,0.0,0,0,24.0,1.0,0.0,0,0.0
11,S1,H3,grapple_skidder,43,778.104169,24.0,0.0,53.48,0,0,24.0,1.0,0.0,0,0.0
11,S1,H4,processor,43,481.329283,24.0,0.0,54.68,0,0,24.0,1.0,0.0,0,0.0
11,S1,H7,loader,43,687.364703,24.0,0.0,0.0,0,0,24.0,1.0,0.0,0,0.0
12,S1,H1,feller_buncher,43,356.0085949999998,24.0,0.0,0.0,0,0,24.0,1.0,0.0,0,0.0
12,S1,H2,feller_buncher,43,674.603847,24.0,0.0,53.72,0,0,24.0,1.0,0.0,0,0.0
12,S1,H3,grapple_skidder,43,1332.369187,24.0,0.0,54.68,0,0,24.0,1.0,0.0,0,0.0
12,S1,H4,processor,43,251.7807849019548,24.0,0.0,54.68,1,0,24.0,1.0,0.0,0,0.0
12,S1,H7,loader,43,474.741639,24.0,0.0,54.2,0,0,24.0,1.0,0.0,0,0.0
12,S1,H8,loader,43,451.958924,24.0,0.0,0.0,0,0,24.0,1.0,0.0,0,0.0
13,S1,H1,feller_buncher,43,1164.04956,24.0,0.0,53.72,0,0,24.0,1.0,0.0,0,0.0
13,S1,H2,feller_buncher,43,1194.708925,24.0,0.0,53.96,0,0,24.0,1.0,0.0,0,0.0
13,S1,H3,grapple_skidder,43,809.624168,24.0,0.0,54.92,0,0,24.0,1.0,0.0,0,0.0
13,S1,H4,processor,43,464.32314644227483,20.951007186239558,3.0489928137604423,53.48,0,0,24.0,0.8729586327599815,3.0489928137604414,1,0.0
13,S1,H7,loader,43,479.6080232019551,24.0,0.0,54.2,1,0,24.0,1.0,0.0,0,0.0
14,S1,H1,feller_buncher,43,890.1706102726235,18.15371412468373,5.846285875316269,54.2,0,0,24.0,0.7564047551951555,5.84628587531627,1,0.0
14,S1,H2,feller_buncher,43,943.1231908636688,24.0,0.0,0.0,0,0,24.0,1.0,0.0,0,0.0
14,S1,H3,grapple_skidder,43,778.104169,24.0,0.0,53.24,0,0,24.0,1.0,0.0,0,0.0
14,S1,H4,processor,43,531.895933,24.0,0.0,0.0,0,0,24.0,1.0,0.0,0,0.0
14,S1,H5,processor,43,409.650504,24.0,0.0,53.24,0,0,24.0,1.0,0.0,0,0.0
15,S1,H1,feller_buncher,43,1176.844281,24.0,0.0,0.0,0,0,24.0,1.0,0.0,0,0.0
15,S1,H2,feller_buncher,43,1164.04956,24.0,0.0,54.92,0,0,24.0,1.0,0.0,0,0.0
15,S1,H3,grapple_skidder,43,923.199854,24.0,0.0,53.24,0,0,24.0,1.0,0.0,0,0.0
15,S1,H4,processor,43,309.1229807398169,18.11044162112298,5.88955837887702,54.92,0,0,24.0,0.7546017342134576,5.889558378877021,1,0.0
15,S1,H7,loader,43,802.411354,24.0,0.0,53.48,0,0,24.0,1.0,0.0,0,0.0
16,S1,H1,feller_buncher,43,111.30773800000088,24.0,0.0,0.0,0,0,24.0,1.0,0.0,0,0.0
16,S1,H2,feller_buncher,43,502.7667789999996,24.0,0.0,0.0,0,0,24.0,1.0,0.0,0,0.0
16,S1,H3,grapple_skidder,43,1480.641393,24.0,0.0,54.68,0,0,24.0,1.0,0.0,0,0.0
16,S1,H4,processor,43,531.895933,24.0,0.0,54.92,0,0,24.0,1.0,0.0,0,0.0
16,S1,H5,processor,43,395.784917,24.0,0.0,53.48,0,0,24.0,1.0,0.0,0,0.0
16,S1,H7,loader,43,424.433991,24.0,0.0,54.92,0,0,24.0,1.0,0.0,0,0.0
17,S1,H1,feller_buncher,43,576.960683,24.0,0.0,53.72,0,0,24.0,1.0,0.0,0,0.0
17,S1,H2,feller_buncher,43,787.363583,24.0,0.0,54.44,0,0,24.0,1.0,0.0,0,0.0
17,S1,H3,grapple_skidder,43,561.4293494683046,19.973654830401983,4.026345169598017,53.96,0,0,24.0,0.8322356179334159,4.026345169598016,1,0.0
17,S1,H4,processor,43,569.826226,24.0,0.0,53.24,0,0,24.0,1.0,0.0,0,0.0
17,S1,H5,processor,43,395.784917,24.0,0.0,0.0,0,0,24.0,1.0,0.0,0,0.0
17,S1,H6,processor,43,469.046841,24.0,0.0,0.0,0,0,24.0,1.0,0.0,0,0.0
17,S1,H7,loader,43,424.433991,24.0,0.0,0.0,0,0,24.0,1.0,0.0,0,0.0
17,S1,H8,loader,43,802.411354,24.0,0.0,55.16,0,0,24.0,1.0,0.0,0,0.0
18,S1,H1,feller_buncher,43,1220.906942,24.0,0.0,54.2,0,0,24.0,1.0,0.0,0,0.0
18,S1,H2,feller_buncher,43,486.3476200000001,24.0,0.0,0.0,0,0,24.0,1.0,0.0,0,0.0
18,S1,H3,grapple_skidder,43,1164.728216,24.0,0.0,53.24,0,0,24.0,1.0,0.0,0,0.0
18,S1,H4,processor,43,569.826226,24.0,0.0,0.0,0,0,24.0,1.0,0.0,0,0.0
18,S1,H5,processor,43,456.082335,24.0,0.0,53.72,0,0,24.0,1.0,0.0,0,0.0
18,S1,H7,loader,43,474.741639,24.0,0.0,53.24,0,0,24.0,1.0,0.0,0,0.0
18,S1,H8,loader,43,456.725789,24.0,0.0,54.44,0,0,24.0,1.0,0.0,0,0.0
19,S1,H1,feller_buncher,43,1013.0077249999999,24.0,0.0,0.0,0,0,24.0,1.0,0.0,0,0.0
19,S1,H2,feller_buncher,43,680.207863,24.0,0.0,53.72,0,0,24.0,1.0,0.0,0,0.0
19,S1,H3,grapple_skidder,43,1273.711203,24.0,0.0,53.24,0,0,24.0,1.0,0.0,0,0.0
19,S1,H4,processor,43,517.165642,24.0,0.0,53.72,0,0,24.0,1.0,0.0,0,0.0
19,S1,H5,processor,43,105.34701446830462,24.0,0.0,0.0,1,0,24.0,1.0,0.0,0,0.0
19,S1,H6,processor,43,469.046841,24.0,0.0,0.0,0,0,24.0,1.0,0.0,0,0.0
19,S1,H7,loader,43,937.184825,24.0,0.0,54.92,0,0,24.0,1.0,0.0,0,0.0
20,S1,H1,feller_buncher,43,836.2962474999999,24.0,0.0,53.24,0,0,24.0,1.0,0.0,0,0.3
20,S1,H2,feller_buncher,43,255.42890660000003,24.0,0.0,0.0,0,0,24.0,1.0,0.0,0,0.3
20,S1,H3,grapple_skidder,43,393.3879821982004,24.0,0.0,53.24,0,0,24.0,1.0,0.0,0,0.3
20,S1,H4,processor,43,362.0159494,24.0,0.0,0.0,0,0,24.0,1.0,0.0,0,0.3
20,S1,H5,processor,43,328.3327887,24.0,0.0,53.96,0,0,24.0,1.0,0.0,0,0.3
20,S1,H6,processor,43,308.8854237,24.0,0.0,54.44,0,0,24.0,1.0,0.0,0,0.3
20,S1,H7,loader,43,472.22269289999997,24.0,0.0,53.96,0,0,24.0,1.0,0.0,0,0.3
21,S1,H3,grapple_skidder,43,642.6677979189469,20.853976782629687,3.1460232173703133,55.16,0,0,24.0,0.8689156992762369,3.146023217370312,1,0.0
21,S1,H4,processor,43,390.5499865061893,17.622243552948063,6.377756447051937,53.48,0,0,24.0,0.7342601480395027,6.3777564470519374,1,0.0
21,S1,H5,processor,43,469.046841,24.0,0.0,0.0,0,0,24.0,1.0,0.0,0,0.0
21,S1,H6,processor,43,441.264891,24.0,0.0,0.0,0,0,24.0,1.0,0.0,0,0.0
21,S1,H7,loader,43,687.364703,24.0,0.0,53.24,0,0,24.0,1.0,0.0,0,0.0
22,S1,H3,grapple_skidder,43,1480.641393,24.0,0.0,55.4,0,0,24.0,1.0,0.0,0,0.0
22,S1,H4,processor,43,235.23827114973614,24.0,0.0,0.0,1,0,24.0,1.0,0.0,0,0.0
22,S1,H5,processor,43,481.329283,24.0,0.0,53.48,0,0,24.0,1.0,0.0,0,0.0
22,S1,H6,processor,43,469.046841,24.0,0.0,54.44,0,0,24.0,1.0,0.0,0,0.0
22,S1,H7,loader,43,733.483855,24.0,0.0,53.24,0,0,24.0,1.0,0.0,0,0.0
23,S1,H3,grapple_skidder,43,1164.728216,24.0,0.0,53.72,0,0,24.0,1.0,0.0,0,0.0
23,S1,H4,processor,43,458.4823304029065,19.310406274051967,4.689593725948033,53.24,0,0,24.0,0.804600261418832,4.689593725948032,1,0.0
23,S1,H5,processor,43,419.62965591894687,24.0,0.0,0.0,1,0,24.0,1.0,0.0,0,0.0
23,S1,H6,processor,43,469.046841,24.0,0.0,0.0,0,0,24.0,1.0,0.0,0,0.0
23,S1,H7,loader,43,802.411354,24.0,0.0,53.24,0,0,24.0,1.0,0.0,0,0.0
24,S1,H3,grapple_skidder,43,563.692168012014,24.0,0.0,54.68,0,0,24.0,1.0,0.0,0,0.0
24,S1,H4,processor,43,276.787097264668,24.0,0.0,0.0,0,0,24.0,1.0,0.0,0,0.0
24,S1,H5,processor,43,517.165642,24.0,0.0,54.68,0,0,24.0,1.0,0.0,0,0.0
24,S1,H6,processor,43,288.80103108188666,24.0,0.0,54.44,0,0,24.0,1.0,0.0,0,0.0
24,S1,H7,loader,43,474.741639,24.0,0.0,54.68,0,0,24.0,1.0,0.0,0,0.0
25,S1,H3,grapple_skidder,43,1332.369187,24.0,0.0,55.16,0,0,24.0,1.0,0.0,0,0.0
25,S1,H4,processor,43,481.329283,24.0,0.0,55.4,0,0,24.0,1.0,0.0,0,0.0
25,S1,H5,processor,43,517.165642,24.0,0.0,0.0,0,0,24.0,1.0,0.0,0,0.0
25,S1,H7,loader,43,474.741639,24.0,0.0,0.0,0,0,24.0,1.0,0.0,0,0.0
25,S1,H8,loader,43,305.4674907818867,18.260717568303164,5.739282431696836,54.2,1,0,24.0,0.7608632320126318,5.739282431696836,1,0.0
25,S1,H9,loader,43,937.184825,24.0,0.0,0.0,0,0,24.0,1.0,0.0,0,0.0
26,S1,H3,grapple_skidder,43,778.104169,24.0,0.0,54.68,0,0,24.0,1.0,0.0,0,0.0
26,S1,H4,processor,43,569.826226,24.0,0.0,55.4,0,0,24.0,1.0,0.0,0,0.0
26,S1,H5,processor,43,411.91455328480293,18.586247168833438,5.413752831166562,53.48,0,0,24.0,0.7744269653680599,5.413752831166562,1,0.0
26,S1,H7,loader,43,687.364703,24.0,0.0,54.2,0,0,24.0,1.0,0.0,0,0.0
26,S1,H8,loader,43,451.958924,24.0,0.0,54.92,0,0,24.0,1.0,0.0,0,0.0
27,S1,H3,grapple_skidder,43,159.77199800000017,24.0,0.0,54.2,0,0,24.0,1.0,0.0,0,0.0
27,S1,H4,processor,43,469.046841,24.0,0.0,54.92,0,0,24.0,1.0,0.0,0,0.0
27,S1,H5,processor,43,531.895933,24.0,0.0,0.0,0,0,24.0,1.0,0.0,0,0.0
27,S1,H7,loader,43,570.3784556675744,24.0,0.0,53.72,1,0,24.0,1.0,0.0,0,0.0
27,S1,H8,loader,43,259.4746370541358,24.0,0.0,0.0,0,0,24.0,1.0,0.0,0,0.0
28,S1,H1,feller_buncher,43,1194.708925,24.0,0.0,0.0,0,0,24.0,1.0,0.0,0,0.0
28,S1,H3,grapple_skidder,43,935.6367696,24.0,0.0,53.48,1,0,24.0,1.0,0.0,0,0.0
28,S1,H4,processor,43,517.165642,24.0,0.0,54.2,0,0,24.0,1.0,0.0,0,0.0
28,S1,H7,loader,43,802.411354,24.0,0.0,53.24,0,0,24.0,1.0,0.0,0,0.0
28,S1,H8,loader,43,474.741639,24.0,0.0,53.48,0,0,24.0,1.0,0.0,0,0.0
28,S1,H9,loader,43,364.4348972432666,19.352284177573623,4.6477158224263775,55.4,0,0,24.0,0.8063451740655676,4.647715822426379,1,0.0
29,S1,H3,grapple_skidder,43,515.7608957177131,24.0,0.0,54.2,1,0,24.0,1.0,0.0,0,0.3
29,S1,H4,processor,43,301.63516739999994,24.0,0.0,53.48,0,0,24.0,1.0,0.0,0,0.3
29,S1,H5,processor,43,372.3271531,24.0,0.0,0.0,0,0,24.0,1.0,0.0,0,0.3
29,S1,H7,loader,43,481.15529209999994,24.0,0.0,53.48,0,0,24.0,1.0,0.0,0,0.3
29,S1,H8,loader,43,332.3191473,24.0,0.0,0.0,0,0,24.0,1.0,0.0,0,0.3
30,S1,H3,grapple_skidder,43,1207.5545023636682,24.0,0.0,55.4,1,0,24.0,1.0,0.0,0,0.0
30,S1,H4,processor,43,58.54991259999986,24.0,0.0,53.48,1,0,24.0,1.0,0.0,0,0.0
30,S1,H5,processor,43,481.329283,24.0,0.0,55.16,0,0,24.0,1.0,0.0,0,0.0
30,S1,H6,processor,43,430.907382,24.0,0.0,53.72,0,0,24.0,1.0,0.0,0,0.0
30,S1,H7,loader,43,347.2944449752295,24.0,0.0,53.48,0,0,24.0,1.0,0.0,0,0.0
30,S1,H8,loader,43,228.6657743876215,24.0,0.0,0.0,0,0,24.0,1.0,0.0,0,0.0
31,S1,H3,grapple_skidder,43,567.1587449999993,24.0,0.0,53.24,0,0,24.0,1.0,0.0,0,0.0
31,S1,H4,processor,43,569.826226,24.0,0.0,53.72,0,0,24.0,1.0,0.0,0,0.0
31,S1,H5,processor,43,116.79449772972708,24.0,0.0,0.0,1,0,24.0,1.0,0.0,0,0.0
31,S1,H6,processor,43,183.29153700000006,24.0,0.0,0.0,0,0,24.0,1.0,0.0,0,0.0
31,S1,H7,loader,43,633.3437319000001,24.0,0.0,53.48,1,0,24.0,1.0,0.0,0,0.0
31,S1,H8,loader,43,474.741639,24.0,0.0,0.0,0,0,24.0,1.0,0.0,0,0.0
32,S1,H3,grapple_skidder,43,778.104169,24.0,0.0,54.68,0,0,24.0,1.0,0.0,0,0.0
32,S1,H4,processor,43,569.826226,24.0,0.0,0.0,0,0,24.0,1.0,0.0,0,0.0
32,S1,H5,processor,43,531.895933,24.0,0.0,55.16,0,0,24.0,1.0,0.0,0,0.0
32,S1,H7,loader,43,0.0,24.0,0.0,0.0,1,0,24.0,1.0,0.0,0,0.0
32,S1,H8,loader,43,291.72066069087185,24.0,0.0,53.72,0,0,24.0,1.0,0.0,0,0.0
32,S1,H9,loader,43,451.958924,24.0,0.0,0.0,0,0,24.0,1.0,0.0,0,0.0
33,S1,H3,grapple_skidder,43,576.960683,24.0,0.0,53.48,0,0,24.0,1.0,0.0,0,0.0
33,S1,H4,processor,43,45.780229999999165,24.0,0.0,53.24,0,0,24.0,1.0,0.0,0,0.0
33,S1,H5,processor,43,469.046841,24.0,0.0,54.68,0,0,24.0,1.0,0.0,0,0.0
33,S1,H7,loader,43,937.184825,24.0,0.0,53.72,0,0,24.0,1.0,0.0,0,0.0
33,S1,H8,loader,43,486.708207,24.0,0.0,0.0,0,0,24.0,1.0,0.0,0,0.0
33,S1,H9,loader,43,451.958924,24.0,0.0,0.0,0,0,24.0,1.0,0.0,0,0.0
34,S1,H1,feller_buncher,43,140.55055100000027,24.0,0.0,0.0,0,0,24.0,1.0,0.0,0,0.0
34,S1,H3,grapple_skidder,43,414.50735799999984,24.0,0.0,53.72,0,0,24.0,1.0,0.0,0,0.0
34,S1,H4,processor,43,428.751305,24.0,0.0,54.2,0,0,24.0,1.0,0.0,0,0.0
34,S1,H5,processor,43,469.046841,24.0,0.0,0.0,0,0,24.0,1.0,0.0,0,0.0
34,S1,H7,loader,43,802.411354,24.0,0.0,53.24,0,0,24.0,1.0,0.0,0,0.0
35,S1,H3,grapple_skidder,43,140.55055100000027,24.0,0.0,55.16,1,0,24.0,1.0,0.0,0,0.0
35,S1,H4,processor,43,81.55492404610588,24.0,0.0,0.0,0,0,24.0,1.0,0.0,0,0.0
35,S1,H5,processor,43,409.650504,24.0,0.0,53.24,0,0,24.0,1.0,0.0,0,0.0
35,S1,H7,loader,43,30.900995807773484,24.0,0.0,0.0,1,0,24.0,1.0,0.0,0,0.0
35,S1,H8,loader,43,474.741639,24.0,0.0,53.72,0,0,24.0,1.0,0.0,0,0.0
36,S1,H3,grapple_skidder,43,537.8170502925077,24.0,0.0,54.68,1,0,24.0,1.0,0.0,0,0.0
36,S1,H4,processor,43,569.826226,24.0,0.0,54.44,0,0,24.0,1.0,0.0,0,0.0
36,S1,H5,processor,43,252.79395086018297,24.0,0.0,0.0,1,0,24.0,1.0,0.0,0,0.0
36,S1,H7,loader,43,510.3062290461059,24.0,0.0,54.2,1,0,24.0,1.0,0.0,0,0.0
36,S1,H8,loader,43,474.741639,24.0,0.0,0.0,0,0,24.0,1.0,0.0,0,0.0
37,S1,H3,grapple_skidder,43,0.0,24.0,0.0,53.72,1,0,24.0,1.0,0.0,0,0.0
37,S1,H4,processor,43,155.16105569609385,24.0,0.0,0.0,1,0,24.0,1.0,0.0,0,0.0
37,S1,H5,processor,43,332.05902327050273,20.135725784851136,3.864274215148864,53.48,0,0,24.0,0.8389885743687974,3.8642742151488645,1,0.0
37,S1,H7,loader,43,0.0,24.0,0.0,0.0,1,0,24.0,1.0,0.0,0,0.0
37,S1,H8,loader,43,424.433991,24.0,0.0,53.24,0,0,24.0,1.0,0.0,0,0.0
38,S1,H3,grapple_skidder,43,760.5017786999997,24.0,0.0,53.48,1,0,24.0,1.0,0.0,0,0.0
38,S1,H4,processor,43,0.0,24.0,0.0,55.4,1,0,24.0,1.0,0.0,0,0.0
38,S1,H5,processor,43,255.29417621201188,24.0,0.0,0.0,0,0,24.0,1.0,0.0,0,0.0
38,S1,H7,loader,43,927.4549086960939,24.0,0.0,54.44,1,0,24.0,1.0,0.0,0,0.0
38,S1,H8,loader,43,424.433991,24.0,0.0,0.0,0,0,24.0,1.0,0.0,0,0.0
39,S1,H3,grapple_skidder,43,678.968019,24.0,0.0,53.72,0,0,24.0,1.0,0.0,0,0.0
39,S1,H4,processor,43,222.15297295920402,24.0,0.0,53.48,0,0,24.0,1.0,0.0,0,0.0
39,S1,H5,processor,43,82.09387080999315,24.0,0.0,0.0,1,0,24.0,1.0,0.0,0,0.0
39,S1,H7,loader,43,0.0,24.0,0.0,0.0,1,0,24.0,1.0,0.0,0,0.0
39,S1,H8,loader,43,93.1324795999999,24.0,0.0,0.0,1,0,24.0,1.0,0.0,0,0.0
39,S1,H9,loader,43,29.996055351271252,24.0,0.0,0.0,1,0,24.0,1.0,0.0,0,0.0
40,S1,H4,processor,43,547.23705,24.0,0.0,53.72,0,0,24.0,1.0,0.0,0,0.0
40,S1,H7,loader,43,474.741639,24.0,0.0,54.92,0,0,24.0,1.0,0.0,0,0.0
40,S1,H8,loader,43,456.725789,24.0,0.0,53.48,0,0,24.0,1.0,0.0,0,0.0
40,S1,H9,loader,43,0.0,24.0,0.0,0.0,1,0,24.0,1.0,0.0,0,0.0
41,S1,H4,processor,43,469.046841,24.0,0.0,53.72,0,0,24.0,1.0,0.0,0,0.0
41,S1,H7,loader,43,485.857474,24.0,0.0,53.72,0,0,24.0,1.0,0.0,0,0.0
41,S1,H8,loader,43,456.725789,24.0,0.0,0.0,0,0,24.0,1.0,0.0,0,0.0
42,S1,H3,grapple_skidder,43,678.968019,24.0,0.0,0.0,0,0,24.0,1.0,0.0,0,0.0
42,S1,H7,loader,43,474.741639,24.0,0.0,53.72,0,0,24.0,1.0,0.0,0,0.0
42,S1,H8,loader,43,90.83953729250771,24.0,0.0,0.0,1,0,24.0,1.0,0.0,0,0.0
1,S1,H1,feller_buncher,44,1220.906942,24.0,0.0,0.0,0,0,24.0,1.0,0.0,0,0.0
1,S1,H2,feller_buncher,44,1299.478592,24.0,0.0,0.0,0,0,24.0,1.0,0.0,0,0.0
2,S1,H1,feller_buncher,44,1220.906942,24.0,0.0,0.0,0,0,24.0,1.0,0.0,0,0.0
2,S1,H2,feller_buncher,44,1164.04956,24.0,0.0,53.72,0,0,24.0,1.0,0.0,0,0.0
2,S1,H3,grapple_skidder,44,678.968019,24.0,0.0,0.0,0,0,24.0,1.0,0.0,0,0.0
3,S1,H1,feller_buncher,44,1176.844281,24.0,0.0,53.48,0,0,24.0,1.0,0.0,0,0.0
3,S1,H2,feller_buncher,44,888.796776,24.0,0.0,53.24,0,0,24.0,1.0,0.0,0,0.0
3,S1,H3,grapple_skidder,44,778.104169,24.0,0.0,53.72,0,0,24.0,1.0,0.0,0,0.0
3,S1,H4,processor,44,547.23705,24.0,0.0,0.0,0,0,24.0,1.0,0.0,0,0.0
4,S1,H1,feller_buncher,44,547.5528413106313,24.0,0.0,0.0,0,0,24.0,1.0,0.0,0,0.0
4,S1,H2,feller_buncher,44,888.796776,24.0,0.0,0.0,0,0,24.0,1.0,0.0,0,0.0
4,S1,H3,grapple_skidder,44,1332.369187,24.0,0.0,54.68,0,0,24.0,1.0,0.0,0,0.0
4,S1,H4,processor,44,469.046841,24.0,0.0,53.72,0,0,24.0,1.0,0.0,0,0.0
4,S1,H7,loader,44,485.857474,24.0,0.0,0.0,0,0,24.0,1.0,0.0,0,0.0
5,S1,H1,feller_buncher,44,1164.04956,24.0,0.0,54.2,0,0,24.0,1.0,0.0,0,0.0
5,S1,H2,feller_buncher,44,961.553907,24.0,0.0,53.24,0,0,24.0,1.0,0.0,0,0.0
5,S1,H3,grapple_skidder,44,1164.728216,24.0,0.0,53.48,0,0,24.0,1.0,0.0,0,0.0
5,S1,H4,processor,44,531.895933,24.0,0.0,54.68,0,0,24.0,1.0,0.0,0,0.0
6,S1,H1,feller_buncher,44,256.1621419999998,24.0,0.0,53.24,0,0,24.0,1.0,0.0,0,0.0
6,S1,H2,feller_buncher,44,961.553907,24.0,0.0,0.0,0,0,24.0,1.0,0.0,0,0.0
6,S1,H3,grapple_skidder,44,559.6689063106312,24.0,0.0,0.0,1,0,24.0,1.0,0.0,0,0.0
6,S1,H4,processor,44,531.895933,24.0,0.0,0.0,0,0,24.0,1.0,0.0,0,0.0
7,S1,H1,feller_buncher,44,1164.04956,24.0,0.0,53.24,0,0,24.0,1.0,0.0,0,0.0
7,S1,H2,feller_buncher,44,961.553907,24.0,0.0,0.0,0,0,24.0,1.0,0.0,0,0.0
7,S1,H3,grapple_skidder,44,809.624168,24.0,0.0,54.44,0,0,24.0,1.0,0.0,0,0.0
7,S1,H4,processor,44,517.165642,24.0,0.0,53.48,0,0,24.0,1.0,0.0,0,0.0
7,S1,H7,loader,44,802.411354,24.0,0.0,55.4,0,0,24.0,1.0,0.0,0,0.0
8,S1,H1,feller_buncher,44,860.013242,24.0,0.0,53.24,0,0,24.0,1.0,0.0,0,0.0
8,S1,H2,feller_buncher,44,413.7565330000002,24.0,0.0,0.0,0,0,24.0,1.0,0.0,0,0.0
8,S1,H3,grapple_skidder,44,778.104169,24.0,0.0,53.24,0,0,24.0,1.0,0.0,0,0.0
8,S1,H4,processor,44,517.165642,24.0,0.0,0.0,0,0,24.0,1.0,0.0,0,0.0
8,S1,H5,processor,44,409.650504,24.0,0.0,0.0,0,0,24.0,1.0,0.0,0,0.0
9,S1,H1,feller_buncher,44,1299.478592,24.0,0.0,53.96,0,0,24.0,1.0,0.0,0,0.0
9,S1,H2,feller_buncher,44,606.5789955723056,24.0,0.0,55.16,0,0,24.0,1.0,0.0,0,0.0
9,S1,H3,grapple_skidder,44,778.104169,24.0,0.0,0.0,0,0,24.0,1.0,0.0,0,0.0
9,S1,H7,loader,44,687.364703,24.0,0.0,53.48,0,0,24.0,1.0,0.0,0,0.0
10,S1,H1,feller_buncher,44,1299.478592,24.0,0.0,0.0,0,0,24.0,1.0,0.0,0,0.0
10,S1,H2,feller_buncher,44,860.013242,24.0,0.0,54.44,0,0,24.0,1.0,0.0,0,0.0
10,S1,H3,grapple_skidder,44,739.620424,24.0,0.0,53.48,0,0,24.0,1.0,0.0,0,0.0
10,S1,H4,processor,44,517.165642,24.0,0.0,0.0,0,0,24.0,1.0,0.0,0,0.0
10,S1,H5,processor,44,469.046841,24.0,0.0,53.24,0,0,24.0,1.0,0.0,0,0.0
11,S1,H1,feller_buncher,44,1299.478592,24.0,0.0,0.0,0,0,24.0,1.0,0.0,0,0.0
11,S1,H2,feller_buncher,44,33.902203153077366,24.0,0.0,0.0,0,0,24.0,1.0,0.0,0,0.0
11,S1,H3,grapple_skidder,44,778.104169,24.0,0.0,53.48,0,0,24.0,1.0,0.0,0,0.0
11,S1,H4,processor,44,481.329283,24.0,0.0,54.68,0,0,24.0,1.0,0.0,0,0.0
11,S1,H7,loader,44,687.364703,24.0,0.0,0.0,0,0,24.0,1.0,0.0,0,0.0
12,S1,H1,feller_buncher,44,314.22739583862733,21.183357947094116,2.816642052905884,0.0,0,0,24.0,0.8826399144622549,2.816642052905882,1,0.0
12,S1,H2,feller_buncher,44,674.603847,24.0,0.0,53.72,0,0,24.0,1.0,0.0,0,0.0
12,S1,H3,grapple_skidder,44,1332.369187,24.0,0.0,54.68,0,0,24.0,1.0,0.0,0,0.0
12,S1,H4,processor,44,172.90019631063092,24.0,0.0,54.68,1,0,24.0,1.0,0.0,0,0.0
12,S1,H7,loader,44,474.741639,24.0,0.0,54.2,0,0,24.0,1.0,0.0,0,0.0
12,S1,H8,loader,44,241.9726319336458,24.0,0.0,0.0,0,0,24.0,1.0,0.0,0,0.0
13,S1,H1,feller_buncher,44,1164.04956,24.0,0.0,53.72,0,0,24.0,1.0,0.0,0,0.0
13,S1,H2,feller_buncher,44,1194.708925,24.0,0.0,53.96,0,0,24.0,1.0,0.0,0,0.0
13,S1,H3,grapple_skidder,44,809.624168,24.0,0.0,54.92,0,0,24.0,1.0,0.0,0,0.0
13,S1,H4,processor,44,531.895933,24.0,0.0,53.48,0,0,24.0,1.0,0.0,0,0.0
13,S1,H7,loader,44,349.66771631063114,24.0,0.0,54.2,1,0,24.0,1.0,0.0,0,0.0
14,S1,H1,feller_buncher,44,1176.844281,24.0,0.0,54.2,0,0,24.0,1.0,0.0,0,0.0
14,S1,H2,feller_buncher,44,1194.708925,24.0,0.0,0.0,0,0,24.0,1.0,0.0,0,0.0
14,S1,H3,grapple_skidder,44,665.320686878375,20.521283809084693,3.478716190915307,53.24,0,0,24.0,0.8550534920451955,3.478716190915306,1,0.0
14,S1,H4,processor,44,531.895933,24.0,0.0,0.0,0,0,24.0,1.0,0.0,0,0.0
14,S1,H5,processor,44,409.650504,24.0,0.0,53.24,0,0,24.0,1.0,0.0,0,0.0
15,S1,H1,feller_buncher,44,1176.844281,24.0,0.0,0.0,0,0,24.0,1.0,0.0,0,0.0
15,S1,H2,feller_buncher,44,1164.04956,24.0,0.0,54.92,0,0,24.0,1.0,0.0,0,0.0
15,S1,H3,grapple_skidder,44,923.199854,24.0,0.0,53.24,0,0,24.0,1.0,0.0,0,0.0
15,S1,H4,processor,44,409.650504,24.0,0.0,54.92,0,0,24.0,1.0,0.0,0,0.0
15,S1,H7,loader,44,802.411354,24.0,0.0,53.48,0,0,24.0,1.0,0.0,0,0.0
16,S1,H1,feller_buncher,44,111.30773800000088,24.0,0.0,0.0,0,0,24.0,1.0,0.0,0,0.0
16,S1,H2,feller_buncher,44,502.7667789999996,24.0,0.0,0.0,0,0,24.0,1.0,0.0,0,0.0
16,S1,H3,grapple_skidder,44,1480.641393,24.0,0.0,54.68,0,0,24.0,1.0,0.0,0,0.0
16,S1,H4,processor,44,531.895933,24.0,0.0,54.92,0,0,24.0,1.0,0.0,0,0.0
16,S1,H5,processor,44,395.784917,24.0,0.0,53.48,0,0,24.0,1.0,0.0,0,0.0
16,S1,H7,loader,44,424.433991,24.0,0.0,54.92,0,0,24.0,1.0,0.0,0,0.0
17,S1,H1,feller_buncher,44,576.960683,24.0,0.0,53.72,0,0,24.0,1.0,0.0,0,0.0
17,S1,H2,feller_buncher,44,787.363583,24.0,0.0,54.44,0,0,24.0,1.0,0.0,0,0.0
17,S1,H3,grapple_skidder,44,674.603847,24.0,0.0,53.96,0,0,24.0,1.0,0.0,0,0.0
17,S1,H4,processor,44,569.826226,24.0,0.0,53.24,0,0,24.0,1.0,0.0,0,0.0
17,S1,H5,processor,44,395.784917,24.0,0.0,0.0,0,0,24.0,1.0,0.0,0,0.0
17,S1,H6,processor,44,469.046841,24.0,0.0,0.0,0,0,24.0,1.0,0.0,0,0.0
17,S1,H7,loader,44,347.2088772906613,19.63323680872645,4.366763191273549,0.0,0,0,24.0,0.8180515336969355,4.366763191273549,1,0.0
17,S1,H8,loader,44,802.411354,24.0,0.0,55.16,0,0,24.0,1.0,0.0,0,0.0
18,S1,H1,feller_buncher,44,1220.906942,24.0,0.0,54.2,0,0,24.0,1.0,0.0,0,0.0
18,S1,H2,feller_buncher,44,486.3476200000001,24.0,0.0,0.0,0,0,24.0,1.0,0.0,0,0.0
18,S1,H3,grapple_skidder,44,1164.728216,24.0,0.0,53.24,0,0,24.0,1.0,0.0,0,0.0
18,S1,H4,processor,44,569.826226,24.0,0.0,0.0,0,0,24.0,1.0,0.0,0,0.0
18,S1,H5,processor,44,456.082335,24.0,0.0,53.72,0,0,24.0,1.0,0.0,0,0.0
18,S1,H7,loader,44,474.741639,24.0,0.0,53.24,0,0,24.0,1.0,0.0,0,0.0
18,S1,H8,loader,44,456.725789,24.0,0.0,54.44,0,0,24.0,1.0,0.0,0,0.0
19,S1,H1,feller_buncher,44,1013.0077249999999,24.0,0.0,0.0,0,0,24.0,1.0,0.0,0,0.0
19,S1,H2,feller_buncher,44,680.207863,24.0,0.0,53.72,0,0,24.0,1.0,0.0,0,0.0
19,S1,H3,grapple_skidder,44,1273.711203,24.0,0.0,53.24,0,0,24.0,1.0,0.0,0,0.0
19,S1,H4,processor,44,517.165642,24.0,0.0,53.72,0,0,24.0,1.0,0.0,0,0.0
19,S1,H5,processor,44,218.52151199999997,24.0,0.0,0.0,0,0,24.0,1.0,0.0,0,0.0
19,S1,H6,processor,44,469.046841,24.0,0.0,0.0,0,0,24.0,1.0,0.0,0,0.0
19,S1,H7,loader,44,937.184825,24.0,0.0,54.92,0,0,24.0,1.0,0.0,0,0.0
20,S1,H1,feller_buncher,44,1194.708925,24.0,0.0,53.24,0,0,24.0,1.0,0.0,0,0.0
20,S1,H2,feller_buncher,44,364.89843800000006,24.0,0.0,0.0,0,0,24.0,1.0,0.0,0,0.0
20,S1,H3,grapple_skidder,44,1332.369187,24.0,0.0,53.24,0,0,24.0,1.0,0.0,0,0.0
20,S1,H4,processor,44,517.165642,24.0,0.0,0.0,0,0,24.0,1.0,0.0,0,0.0
20,S1,H5,processor,44,469.046841,24.0,0.0,53.96,0,0,24.0,1.0,0.0,0,0.0
20,S1,H6,processor,44,441.264891,24.0,0.0,54.44,0,0,24.0,1.0,0.0,0,0.0
20,S1,H7,loader,44,674.603847,24.0,0.0,53.96,0,0,24.0,1.0,0.0,0,0.0
21,S1,H3,grapple_skidder,44,517.7342967999999,24.0,0.0,55.16,0,0,24.0,1.0,0.0,0,0.3
21,S1,H4,processor,44,372.3271531,24.0,0.0,53.48,0,0,24.0,1.0,0.0,0,0.3
21,S1,H5,processor,44,328.3327887,24.0,0.0,0.0,0,0,24.0,1.0,0.0,0,0.3
21,S1,H6,processor,44,308.8854237,24.0,0.0,0.0,0,0,24.0,1.0,0.0,0,0.3
21,S1,H7,loader,44,481.15529209999994,24.0,0.0,53.24,0,0,24.0,1.0,0.0,0,0.3
22,S1,H3,grapple_skidder,44,1480.641393,24.0,0.0,55.4,0,0,24.0,1.0,0.0,0,0.0
22,S1,H4,processor,44,531.895933,24.0,0.0,0.0,0,0,24.0,1.0,0.0,0,0.0
22,S1,H5,processor,44,481.329283,24.0,0.0,53.48,0,0,24.0,1.0,0.0,0,0.0
22,S1,H6,processor,44,469.046841,24.0,0.0,54.44,0,0,24.0,1.0,0.0,0,0.0
22,S1,H7,loader,44,733.483855,24.0,0.0,53.24,0,0,24.0,1.0,0.0,0,0.0
23,S1,H3,grapple_skidder,44,815.3097511999999,24.0,0.0,53.72,0,0,24.0,1.0,0.0,0,0.3
23,S1,H4,processor,44,398.8783582,24.0,0.0,53.24,0,0,24.0,1.0,0.0,0,0.3
23,S1,H5,processor,44,294.6961548,24.0,0.0,0.0,1,0,24.0,1.0,0.0,0,0.3
23,S1,H6,processor,44,274.4604646821467,20.062118006709824,3.9378819932901763,0.0,0,0,24.0,0.8359215836129094,3.937881993290176,1,0.3
23,S1,H7,loader,44,561.6879478,24.0,0.0,53.24,0,0,24.0,1.0,0.0,0,0.3
24,S1,H3,grapple_skidder,44,739.620424,24.0,0.0,54.68,0,0,24.0,1.0,0.0,0,0.0
24,S1,H4,processor,44,569.826226,24.0,0.0,0.0,0,0,24.0,1.0,0.0,0,0.0
24,S1,H5,processor,44,517.165642,24.0,0.0,54.68,0,0,24.0,1.0,0.0,0,0.0
24,S1,H6,processor,44,391.18142100000006,24.0,0.0,54.44,0,0,24.0,1.0,0.0,0,0.0
24,S1,H7,loader,44,474.741639,24.0,0.0,54.68,0,0,24.0,1.0,0.0,0,0.0
25,S1,H3,grapple_skidder,44,1285.1999855723054,24.0,0.0,55.16,1,0,24.0,1.0,0.0,0,0.0
25,S1,H4,processor,44,481.329283,24.0,0.0,55.4,0,0,24.0,1.0,0.0,0,0.0
25,S1,H5,processor,44,428.54104119999977,24.0,0.0,0.0,1,0,24.0,1.0,0.0,0,0.0
25,S1,H7,loader,44,474.741639,24.0,0.0,0.0,0,0,24.0,1.0,0.0,0,0.0
25,S1,H8,loader,44,240.62731939978212,24.0,0.0,54.2,0,0,24.0,1.0,0.0,0,0.0
25,S1,H9,loader,44,937.184825,24.0,0.0,0.0,0,0,24.0,1.0,0.0,0,0.0
26,S1,H3,grapple_skidder,44,778.104169,24.0,0.0,54.68,0,0,24.0,1.0,0.0,0,0.0
26,S1,H4,processor,44,569.826226,24.0,0.0,55.4,0,0,24.0,1.0,0.0,0,0.0
26,S1,H5,processor,44,531.895933,24.0,0.0,53.48,0,0,24.0,1.0,0.0,0,0.0
26,S1,H7,loader,44,687.364703,24.0,0.0,54.2,0,0,24.0,1.0,0.0,0,0.0
26,S1,H8,loader,44,430.6430986833614,22.868083402200227,1.1319165977997727,54.92,0,0,24.0,0.9528368084250095,1.1319165977997745,1,0.0
27,S1,H3,grapple_skidder,44,159.77199800000017,24.0,0.0,54.2,0,0,24.0,1.0,0.0,0,0.0
27,S1,H4,processor,44,321.4631608312182,24.0,0.0,54.92,0,0,24.0,1.0,0.0,0,0.0
27,S1,H5,processor,44,531.895933,24.0,0.0,0.0,0,0,24.0,1.0,0.0,0,0.0
27,S1,H7,loader,44,803.8136122,24.0,0.0,53.72,1,0,24.0,1.0,0.0,0,0.0
27,S1,H8,loader,44,451.958924,24.0,0.0,0.0,0,0,24.0,1.0,0.0,0,0.0
28,S1,H1,feller_buncher,44,1194.708925,24.0,0.0,0.0,0,0,24.0,1.0,0.0,0,0.0
28,S1,H3,grapple_skidder,44,1045.106301,24.0,0.0,53.48,0,0,24.0,1.0,0.0,0,0.0
28,S1,H4,processor,44,159.77199800000017,24.0,0.0,54.2,1,0,24.0,1.0,0.0,0,0.0
28,S1,H7,loader,44,802.411354,24.0,0.0,53.24,0,0,24.0,1.0,0.0,0,0.0
28,S1,H8,loader,44,474.741639,24.0,0.0,53.48,0,0,24.0,1.0,0.0,0,0.0
28,S1,H9,loader,44,451.958924,24.0,0.0,55.4,0,0,24.0,1.0,0.0,0,0.0
29,S1,H3,grapple_skidder,44,739.620424,24.0,0.0,54.2,0,0,24.0,1.0,0.0,0,0.0
29,S1,H4,processor,44,430.907382,24.0,0.0,53.48,0,0,24.0,1.0,0.0,0,0.0
29,S1,H5,processor,44,503.55229241080673,22.721089348617674,1.2789106513823256,0.0,0,0,24.0,0.9467120561924031,1.2789106513823247,1,0.0
29,S1,H7,loader,44,687.364703,24.0,0.0,53.48,0,0,24.0,1.0,0.0,0,0.0
29,S1,H8,loader,44,474.741639,24.0,0.0,0.0,0,0,24.0,1.0,0.0,0,0.0
30,S1,H3,grapple_skidder,44,1036.4489751,24.0,0.0,55.4,0,0,24.0,1.0,0.0,0,0.3
30,S1,H4,processor,44,0.0,24.0,0.0,53.48,1,0,24.0,1.0,0.0,0,0.3
30,S1,H5,processor,44,218.54300375261232,24.0,0.0,55.16,0,0,24.0,1.0,0.0,0,0.3
30,S1,H6,processor,44,301.63516739999994,24.0,0.0,53.72,0,0,24.0,1.0,0.0,0,0.3
30,S1,H7,loader,44,561.6879478,24.0,0.0,53.48,0,0,24.0,1.0,0.0,0,0.3
30,S1,H8,loader,44,332.3191473,24.0,0.0,0.0,0,0,24.0,1.0,0.0,0,0.3
31,S1,H3,grapple_skidder,44,0.0,24.0,0.0,53.24,1,0,24.0,1.0,0.0,0,0.0
31,S1,H4,processor,44,569.826226,24.0,0.0,53.72,0,0,24.0,1.0,0.0,0,0.0
31,S1,H5,processor,44,481.329283,24.0,0.0,0.0,0,0,24.0,1.0,0.0,0,0.0
31,S1,H6,processor,44,183.29153700000006,24.0,0.0,0.0,0,0,24.0,1.0,0.0,0,0.0
31,S1,H7,loader,44,283.9252670999999,24.0,0.0,53.48,1,0,24.0,1.0,0.0,0,0.0
31,S1,H8,loader,44,474.741639,24.0,0.0,0.0,0,0,24.0,1.0,0.0,0,0.0
32,S1,H3,grapple_skidder,44,778.104169,24.0,0.0,54.68,0,0,24.0,1.0,0.0,0,0.0
32,S1,H4,processor,44,569.826226,24.0,0.0,0.0,0,0,24.0,1.0,0.0,0,0.0
32,S1,H5,processor,44,151.26063706149858,24.0,0.0,55.16,1,0,24.0,1.0,0.0,0,0.0
32,S1,H7,loader,44,0.0,24.0,0.0,0.0,1,0,24.0,1.0,0.0,0,0.0
32,S1,H8,loader,44,558.398094,24.0,0.0,53.72,0,0,24.0,1.0,0.0,0,0.0
32,S1,H9,loader,44,451.958924,24.0,0.0,0.0,0,0,24.0,1.0,0.0,0,0.0
33,S1,H3,grapple_skidder,44,576.960683,24.0,0.0,53.48,0,0,24.0,1.0,0.0,0,0.0
33,S1,H4,processor,44,0.0,24.0,0.0,53.24,1,0,24.0,1.0,0.0,0,0.0
33,S1,H5,processor,44,469.046841,24.0,0.0,54.68,0,0,24.0,1.0,0.0,0,0.0
33,S1,H7,loader,44,937.184825,24.0,0.0,53.72,0,0,24.0,1.0,0.0,0,0.0
33,S1,H8,loader,44,357.4359923999999,24.0,0.0,0.0,1,0,24.0,1.0,0.0,0,0.0
33,S1,H9,loader,44,410.063787935605,24.0,0.0,0.0,1,0,24.0,1.0,0.0,0,0.0
34,S1,H1,feller_buncher,44,140.55055100000027,24.0,0.0,0.0,0,0,24.0,1.0,0.0,0,0.0
34,S1,H3,grapple_skidder,44,414.50735799999984,24.0,0.0,53.72,0,0,24.0,1.0,0.0,0,0.0
34,S1,H4,processor,44,428.751305,24.0,0.0,54.2,0,0,24.0,1.0,0.0,0,0.0
34,S1,H5,processor,44,469.046841,24.0,0.0,0.0,0,0,24.0,1.0,0.0,0,0.0
34,S1,H7,loader,44,802.411354,24.0,0.0,53.24,0,0,24.0,1.0,0.0,0,0.0
35,S1,H3,grapple_skidder,44,477.4620719999998,24.0,0.0,55.16,0,0,24.0,1.0,0.0,0,0.0
35,S1,H4,processor,44,148.20937800000002,24.0,0.0,0.0,0,0,24.0,1.0,0.0,0,0.0
35,S1,H5,processor,44,409.650504,24.0,0.0,53.24,0,0,24.0,1.0,0.0,0,0.0
35,S1,H7,loader,44,146.87488097230573,24.0,0.0,0.0,1,0,24.0,1.0,0.0,0,0.0
35,S1,H8,loader,44,474.741639,24.0,0.0,53.72,0,0,24.0,1.0,0.0,0,0.0
36,S1,H3,grapple_skidder,44,830.7288331530774,24.0,0.0,54.68,1,0,24.0,1.0,0.0,0,0.0
36,S1,H4,processor,44,569.826226,24.0,0.0,54.44,0,0,24.0,1.0,0.0,0,0.0
36,S1,H5,processor,44,395.15367800000007,24.0,0.0,0.0,0,0,24.0,1.0,0.0,0,0.0
36,S1,H7,loader,44,552.163711,24.0,0.0,54.2,0,0,24.0,1.0,0.0,0,0.0
36,S1,H8,loader,44,474.741639,24.0,0.0,0.0,0,0,24.0,1.0,0.0,0,0.0
37,S1,H3,grapple_skidder,44,339.93655800000056,24.0,0.0,53.72,0,0,24.0,1.0,0.0,0,0.0
37,S1,H4,processor,44,87.53189290000012,24.0,0.0,0.0,1,0,24.0,1.0,0.0,0,0.0
37,S1,H5,processor,44,395.784917,24.0,0.0,53.48,0,0,24.0,1.0,0.0,0,0.0
37,S1,H7,loader,44,24.796971999999982,24.0,0.0,0.0,0,0,24.0,1.0,0.0,0,0.0
37,S1,H8,loader,44,424.433991,24.0,0.0,53.24,0,0,24.0,1.0,0.0,0,0.0
38,S1,H3,grapple_skidder,44,778.104169,24.0,0.0,53.48,0,0,24.0,1.0,0.0,0,0.0
38,S1,H4,processor,44,410.442556,24.0,0.0,55.4,0,0,24.0,1.0,0.0,0,0.0
38,S1,H5,processor,44,395.784917,24.0,0.0,0.0,0,0,24.0,1.0,0.0,0,0.0
38,S1,H7,loader,44,859.8257459000001,24.0,0.0,54.44,1,0,24.0,1.0,0.0,0,0.0
38,S1,H8,loader,44,424.433991,24.0,0.0,0.0,0,0,24.0,1.0,0.0,0,0.0
39,S1,H3,grapple_skidder,44,678.968019,24.0,0.0,53.72,0,0,24.0,1.0,0.0,0,0.0
39,S1,H4,processor,44,469.046841,24.0,0.0,53.48,0,0,24.0,1.0,0.0,0,0.0
39,S1,H5,processor,44,170.7890191530775,24.0,0.0,0.0,1,0,24.0,1.0,0.0,0,0.0
39,S1,H7,loader,44,0.0,24.0,0.0,0.0,1,0,24.0,1.0,0.0,0,0.0
39,S1,H8,loader,44,336.0197300000002,24.0,0.0,0.0,0,0,24.0,1.0,0.0,0,0.0
39,S1,H9,loader,44,410.442556,24.0,0.0,0.0,1,0,24.0,1.0,0.0,0,0.0
40,S1,H4,processor,44,547.23705,24.0,0.0,53.72,0,0,24.0,1.0,0.0,0,0.0
40,S1,H7,loader,44,474.741639,24.0,0.0,54.92,0,0,24.0,1.0,0.0,0,0.0
40,S1,H8,loader,44,456.725789,24.0,0.0,53.48,0,0,24.0,1.0,0.0,0,0.0
40,S1,H9,loader,44,0.0,24.0,0.0,0.0,1,0,24.0,1.0,0.0,0,0.0
41,S1,H4,processor,44,469.046841,24.0,0.0,53.72,0,0,24.0,1.0,0.0,0,0.0
41,S1,H7,loader,44,429.3774365281008,21.210044155200993,2.7899558447990067,53.72,0,0,24.0,0.8837518398000413,2.789955844799006,1,0.0
41,S1,H8,loader,44,456.725789,24.0,0.0,0.0,0,0,24.0,1.0,0.0,0,0.0
42,S1,H3,grapple_skidder,44,678.968019,24.0,0.0,0.0,0,0,24.0,1.0,0.0,0,0.0
42,S1,H7,loader,44,474.741639,24.0,0.0,53.72,0,0,24.0,1.0,0.0,0,0.0
42,S1,H8,loader,44,383.7513201530774,24.0,0.0,0.0,1,0,24.0,1.0,0.0,0,0.0
1,S1,H1,feller_buncher,45,1220.906942,24.0,0.0,0.0,0,0,24.0,1.0,0.0,0,0.0
1,S1,H2,feller_buncher,45,1111.1348749026968,20.521490051345705,3.4785099486542954,0.0,0,0,24.0,0.8550620854727377,3.478509948654295,1,0.0
2,S1,H1,feller_buncher,45,1220.906942,24.0,0.0,0.0,0,0,24.0,1.0,0.0,0,0.0
2,S1,H2,feller_buncher,45,671.8279374123007,24.0,0.0,53.72,0,0,24.0,1.0,0.0,0,0.0
2,S1,H3,grapple_skidder,45,678.968019,24.0,0.0,0.0,0,0,24.0,1.0,0.0,0,0.0
3,S1,H1,feller_buncher,45,1176.844281,24.0,0.0,53.48,0,0,24.0,1.0,0.0,0,0.0
3,S1,H2,feller_buncher,45,888.796776,24.0,0.0,53.24,0,0,24.0,1.0,0.0,0,0.0
3,S1,H3,grapple_skidder,45,671.8279374123007,24.0,0.0,53.72,1,0,24.0,1.0,0.0,0,0.0
3,S1,H4,processor,45,547.23705,24.0,0.0,0.0,0,0,24.0,1.0,0.0,0,0.0
4,S1,H1,feller_buncher,45,1176.844281,24.0,0.0,0.0,0,0,24.0,1.0,0.0,0,0.0
4,S1,H2,feller_buncher,45,888.796776,24.0,0.0,0.0,0,0,24.0,1.0,0.0,0,0.0
4,S1,H3,grapple_skidder,45,1291.260759358889,23.259512848981345,0.7404871510186553,54.68,0,0,24.0,0.969146368707556,0.7404871510186535,1,0.0
4,S1,H4,processor,45,469.046841,24.0,0.0,53.72,0,0,24.0,1.0,0.0,0,0.0
4,S1,H7,loader,45,485.857474,24.0,0.0,0.0,0,0,24.0,1.0,0.0,0,0.0
5,S1,H1,feller_buncher,45,722.8642226694878,21.291117713073156,2.708882286926844,54.2,0,0,24.0,0.8871299047113815,2.708882286926843,1,0.3
5,S1,H2,feller_buncher,45,673.0877349,24.0,0.0,53.24,0,0,24.0,1.0,0.0,0,0.3
5,S1,H3,grapple_skidder,45,815.3097511999999,24.0,0.0,53.48,0,0,24.0,1.0,0.0,0,0.3
5,S1,H4,processor,45,372.3271531,24.0,0.0,54.68,0,0,24.0,1.0,0.0,0,0.3
6,S1,H1,feller_buncher,45,256.1621419999998,24.0,0.0,53.24,0,0,24.0,1.0,0.0,0,0.0
6,S1,H2,feller_buncher,45,418.4747984665876,24.0,0.0,0.0,0,0,24.0,1.0,0.0,0,0.0
6,S1,H3,grapple_skidder,45,1164.728216,24.0,0.0,0.0,0,0,24.0,1.0,0.0,0,0.0
6,S1,H4,processor,45,531.895933,24.0,0.0,0.0,0,0,24.0,1.0,0.0,0,0.0
7,S1,H1,feller_buncher,45,1164.04956,24.0,0.0,53.24,0,0,24.0,1.0,0.0,0,0.0
7,S1,H2,feller_buncher,45,961.553907,24.0,0.0,0.0,0,0,24.0,1.0,0.0,0,0.0
7,S1,H3,grapple_skidder,45,809.624168,24.0,0.0,54.44,0,0,24.0,1.0,0.0,0,0.0
7,S1,H4,processor,45,517.165642,24.0,0.0,53.48,0,0,24.0,1.0,0.0,0,0.0
7,S1,H7,loader,45,802.411354,24.0,0.0,55.4,0,0,24.0,1.0,0.0,0,0.0
8,S1,H1,feller_buncher,45,860.013242,24.0,0.0,53.24,0,0,24.0,1.0,0.0,0,0.0
8,S1,H2,feller_buncher,45,413.7565330000002,24.0,0.0,0.0,0,0,24.0,1.0,0.0,0,0.0
8,S1,H3,grapple_skidder,45,778.104169,24.0,0.0,53.24,0,0,24.0,1.0,0.0,0,0.0
8,S1,H4,processor,45,517.165642,24.0,0.0,0.0,0,0,24.0,1.0,0.0,0,0.0
8,S1,H5,processor,45,409.650504,24.0,0.0,0.0,0,0,24.0,1.0,0.0,0,0.0
9,S1,H1,feller_buncher,45,1299.478592,24.0,0.0,53.96,0,0,24.0,1.0,0.0,0,0.0
9,S1,H2,feller_buncher,45,1220.906942,24.0,0.0,55.16,0,0,24.0,1.0,0.0,0,0.0
9,S1,H3,grapple_skidder,45,778.104169,24.0,0.0,0.0,0,0,24.0,1.0,0.0,0,0.0
9,S1,H7,loader,45,687.364703,24.0,0.0,53.48,0,0,24.0,1.0,0.0,0,0.0
10,S1,H1,feller_buncher,45,1299.478592,24.0,0.0,0.0,0,0,24.0,1.0,0.0,0,0.0
10,S1,H2,feller_buncher,45,860.013242,24.0,0.0,54.44,0,0,24.0,1.0,0.0,0,0.0
10,S1,H3,grapple_skidder,45,739.620424,24.0,0.0,53.48,0,0,24.0,1.0,0.0,0,0.0
10,S1,H4,processor,45,517.165642,24.0,0.0,0.0,0,0,24.0,1.0,0.0,0,0.0
10,S1,H5,processor,45,469.046841,24.0,0.0,53.24,0,0,24.0,1.0,0.0,0,0.0
11,S1,H1,feller_buncher,45,1299.478592,24.0,0.0,0.0,0,0,24.0,1.0,0.0,0,0.0
11,S1,H2,feller_buncher,45,59.00278800000001,24.0,0.0,0.0,0,0,24.0,1.0,0.0,0,0.0
11,S1,H3,grapple_skidder,45,330.70544466948786,24.0,0.0,53.48,1,0,24.0,1.0,0.0,0,0.0
11,S1,H4,processor,45,481.329283,24.0,0.0,54.68,0,0,24.0,1.0,0.0,0,0.0
11,S1,H7,loader,45,687.364703,24.0,0.0,0.0,0,0,24.0,1.0,0.0,0,0.0
12,S1,H1,feller_buncher,45,356.0085949999998,24.0,0.0,0.0,0,0,24.0,1.0,0.0,0,0.0
12,S1,H2,feller_buncher,45,674.603847,24.0,0.0,53.72,0,0,24.0,1.0,0.0,0,0.0
12,S1,H3,grapple_skidder,45,1332.369187,24.0,0.0,54.68,0,0,24.0,1.0,0.0,0,0.0
12,S1,H4,processor,45,428.5410411999999,24.0,0.0,54.68,1,0,24.0,1.0,0.0,0,0.0
12,S1,H7,loader,45,474.741639,24.0,0.0,54.2,0,0,24.0,1.0,0.0,0,0.0
12,S1,H8,loader,45,451.958924,24.0,0.0,0.0,0,0,24.0,1.0,0.0,0,0.0
13,S1,H1,feller_buncher,45,1164.04956,24.0,0.0,53.72,0,0,24.0,1.0,0.0,0,0.0
13,S1,H2,feller_buncher,45,1194.708925,24.0,0.0,53.96,0,0,24.0,1.0,0.0,0,0.0
13,S1,H3,grapple_skidder,45,809.624168,24.0,0.0,54.92,0,0,24.0,1.0,0.0,0,0.0
13,S1,H4,processor,45,436.1172258255735,19.678310681525296,4.321689318474704,53.48,0,0,24.0,0.8199296117302207,4.321689318474704,1,0.0
13,S1,H7,loader,45,605.3085612000001,24.0,0.0,54.2,1,0,24.0,1.0,0.0,0,0.0
14,S1,H1,feller_buncher,45,1176.844281,24.0,0.0,54.2,0,0,24.0,1.0,0.0,0,0.0
14,S1,H2,feller_buncher,45,1194.708925,24.0,0.0,0.0,0,0,24.0,1.0,0.0,0,0.0
14,S1,H3,grapple_skidder,45,778.104169,24.0,0.0,53.24,0,0,24.0,1.0,0.0,0,0.0
14,S1,H4,processor,45,531.895933,24.0,0.0,0.0,0,0,24.0,1.0,0.0,0,0.0
14,S1,H5,processor,45,409.650504,24.0,0.0,53.24,0,0,24.0,1.0,0.0,0,0.0
15,S1,H1,feller_buncher,45,387.17630400114564,24.0,0.0,0.0,0,0,24.0,1.0,0.0,0,0.3
15,S1,H2,feller_buncher,45,814.8346919999999,24.0,0.0,54.92,0,0,24.0,1.0,0.0,0,0.3
15,S1,H3,grapple_skidder,45,552.44319481505,20.516586364750445,3.483413635249555,53.24,0,0,24.0,0.8548577651979352,3.483413635249553,1,0.3
15,S1,H4,processor,45,286.75535279999997,24.0,0.0,54.92,0,0,24.0,1.0,0.0,0,0.3
15,S1,H7,loader,45,561.6879478,24.0,0.0,53.48,0,0,24.0,1.0,0.0,0,0.3
16,S1,H1,feller_buncher,45,111.30773800000088,24.0,0.0,0.0,0,0,24.0,1.0,0.0,0,0.0
16,S1,H2,feller_buncher,45,502.7667789999996,24.0,0.0,0.0,0,0,24.0,1.0,0.0,0,0.0
16,S1,H3,grapple_skidder,45,1480.641393,24.0,0.0,54.68,0,0,24.0,1.0,0.0,0,0.0
16,S1,H4,processor,45,531.895933,24.0,0.0,54.92,0,0,24.0,1.0,0.0,0,0.0
16,S1,H5,processor,45,395.784917,24.0,0.0,53.48,0,0,24.0,1.0,0.0,0,0.0
16,S1,H7,loader,45,424.433991,24.0,0.0,54.92,0,0,24.0,1.0,0.0,0,0.0
17,S1,H1,feller_buncher,45,576.960683,24.0,0.0,53.72,0,0,24.0,1.0,0.0,0,0.0
17,S1,H2,feller_buncher,45,787.363583,24.0,0.0,54.44,0,0,24.0,1.0,0.0,0,0.0
17,S1,H3,grapple_skidder,45,674.603847,24.0,0.0,53.96,0,0,24.0,1.0,0.0,0,0.0
17,S1,H4,processor,45,569.826226,24.0,0.0,53.24,0,0,24.0,1.0,0.0,0,0.0
17,S1,H5,processor,45,156.65827781504998,24.0,0.0,0.0,1,0,24.0,1.0,0.0,0,0.0
17,S1,H6,processor,45,469.046841,24.0,0.0,0.0,0,0,24.0,1.0,0.0,0,0.0
17,S1,H7,loader,45,424.433991,24.0,0.0,0.0,0,0,24.0,1.0,0.0,0,0.0
17,S1,H8,loader,45,802.411354,24.0,0.0,55.16,0,0,24.0,1.0,0.0,0,0.0
18,S1,H1,feller_buncher,45,854.6348594,24.0,0.0,54.2,0,0,24.0,1.0,0.0,0,0.3
18,S1,H2,feller_buncher,45,340.44333400000005,24.0,0.0,0.0,0,0,24.0,1.0,0.0,0,0.3
18,S1,H3,grapple_skidder,45,815.3097511999999,24.0,0.0,53.24,0,0,24.0,1.0,0.0,0,0.3
18,S1,H4,processor,45,398.8783582,24.0,0.0,0.0,0,0,24.0,1.0,0.0,0,0.3
18,S1,H5,processor,45,319.2576345,24.0,0.0,53.72,0,0,24.0,1.0,0.0,0,0.3
18,S1,H7,loader,45,332.3191473,24.0,0.0,53.24,0,0,24.0,1.0,0.0,0,0.3
18,S1,H8,loader,45,319.7080523,24.0,0.0,54.44,0,0,24.0,1.0,0.0,0,0.3
19,S1,H1,feller_buncher,45,1013.0077249999999,24.0,0.0,0.0,0,0,24.0,1.0,0.0,0,0.0
19,S1,H2,feller_buncher,45,680.207863,24.0,0.0,53.72,0,0,24.0,1.0,0.0,0,0.0
19,S1,H3,grapple_skidder,45,1127.8069169999999,24.0,0.0,53.24,1,0,24.0,1.0,0.0,0,0.0
19,S1,H4,processor,45,517.165642,24.0,0.0,53.72,0,0,24.0,1.0,0.0,0,0.0
19,S1,H5,processor,45,218.52151199999997,24.0,0.0,0.0,0,0,24.0,1.0,0.0,0,0.0
19,S1,H6,processor,45,469.046841,24.0,0.0,0.0,0,0,24.0,1.0,0.0,0,0.0
19,S1,H7,loader,45,937.184825,24.0,0.0,54.92,0,0,24.0,1.0,0.0,0,0.0
20,S1,H1,feller_buncher,45,1194.708925,24.0,0.0,53.24,0,0,24.0,1.0,0.0,0,0.0
20,S1,H2,feller_buncher,45,364.89843800000006,24.0,0.0,0.0,0,0,24.0,1.0,0.0,0,0.0
20,S1,H3,grapple_skidder,45,1332.369187,24.0,0.0,53.24,0,0,24.0,1.0,0.0,0,0.0
20,S1,H4,processor,45,298.1441091999999,24.0,0.0,0.0,1,0,24.0,1.0,0.0,0,0.0
20,S1,H5,processor,45,469.046841,24.0,0.0,53.96,0,0,24.0,1.0,0.0,0,0.0
20,S1,H6,processor,45,441.264891,24.0,0.0,54.44,0,0,24.0,1.0,0.0,0,0.0
20,S1,H7,loader,45,537.7791465,24.0,0.0,53.96,1,0,24.0,1.0,0.0,0,0.0
21,S1,H3,grapple_skidder,45,739.620424,24.0,0.0,55.16,0,0,24.0,1.0,0.0,0,0.0
21,S1,H4,processor,45,531.895933,24.0,0.0,53.48,0,0,24.0,1.0,0.0,0,0.0
21,S1,H5,processor,45,332.05277600779635,16.99034281351681,7.009657186483189,0.0,0,0,24.0,0.7079309505632004,7.009657186483187,1,0.0
21,S1,H6,processor,45,441.264891,24.0,0.0,0.0,0,0,24.0,1.0,0.0,0,0.0
21,S1,H7,loader,45,437.97739755095813,24.0,0.0,53.24,0,0,24.0,1.0,0.0,0,0.0
22,S1,H3,grapple_skidder,45,1256.0816287522218,20.36006776021108,3.6399322397889193,55.4,0,0,24.0,0.8483361566754617,3.6399322397889198,1,0.0
22,S1,H4,processor,45,368.92385929178727,16.646437909505302,7.353562090494698,0.0,0,0,24.0,0.693601579562721,7.353562090494696,1,0.0
22,S1,H5,processor,45,481.329283,24.0,0.0,53.48,0,0,24.0,1.0,0.0,0,0.0
22,S1,H6,processor,45,469.046841,24.0,0.0,54.44,0,0,24.0,1.0,0.0,0,0.0
22,S1,H7,loader,45,733.483855,24.0,0.0,53.24,0,0,24.0,1.0,0.0,0,0.0
23,S1,H3,grapple_skidder,45,1164.728216,24.0,0.0,53.72,0,0,24.0,1.0,0.0,0,0.0
23,S1,H4,processor,45,569.826226,24.0,0.0,53.24,0,0,24.0,1.0,0.0,0,0.0
23,S1,H5,processor,45,481.329283,24.0,0.0,0.0,0,0,24.0,1.0,0.0,0,0.0
23,S1,H6,processor,45,190.51206707399263,24.0,0.0,0.0,1,0,24.0,1.0,0.0,0,0.0
23,S1,H7,loader,45,802.411354,24.0,0.0,53.24,0,0,24.0,1.0,0.0,0,0.0
24,S1,H3,grapple_skidder,45,739.620424,24.0,0.0,54.68,0,0,24.0,1.0,0.0,0,0.0
24,S1,H4,processor,45,263.84921097298445,24.0,0.0,0.0,0,0,24.0,1.0,0.0,0,0.0
24,S1,H5,processor,45,517.165642,24.0,0.0,54.68,0,0,24.0,1.0,0.0,0,0.0
24,S1,H6,processor,45,245.27713499999987,24.0,0.0,54.44,1,0,24.0,1.0,0.0,0,0.0
24,S1,H7,loader,45,474.741639,24.0,0.0,54.68,0,0,24.0,1.0,0.0,0,0.0
25,S1,H3,grapple_skidder,45,1332.369187,24.0,0.0,55.16,0,0,24.0,1.0,0.0,0,0.0
25,S1,H4,processor,45,481.329283,24.0,0.0,55.4,0,0,24.0,1.0,0.0,0,0.0
25,S1,H5,processor,45,517.165642,24.0,0.0,0.0,0,0,24.0,1.0,0.0,0,0.0
25,S1,H7,loader,45,474.741639,24.0,0.0,0.0,0,0,24.0,1.0,0.0,0,0.0
25,S1,H8,loader,45,394.3230619999999,24.0,0.0,54.2,1,0,24.0,1.0,0.0,0,0.0
25,S1,H9,loader,45,865.1951961729844,24.0,0.0,0.0,1,0,24.0,1.0,0.0,0,0.0
26,S1,H3,grapple_skidder,45,778.104169,24.0,0.0,54.68,0,0,24.0,1.0,0.0,0,0.0
26,S1,H4,processor,45,569.826226,24.0,0.0,55.4,0,0,24.0,1.0,0.0,0,0.0
26,S1,H5,processor,45,531.895933,24.0,0.0,53.48,0,0,24.0,1.0,0.0,0,0.0
26,S1,H7,loader,45,577.3845771153849,20.159938079871463,3.8400619201285373,54.2,0,0,24.0,0.8399974199946443,3.8400619201285373,1,0.0
26,S1,H8,loader,45,195.13130498200016,24.0,0.0,54.92,0,0,24.0,1.0,0.0,0,0.0
27,S1,H3,grapple_skidder,45,68.94095060114614,24.0,0.0,54.2,1,0,24.0,1.0,0.0,0,0.0
27,S1,H4,processor,45,469.046841,24.0,0.0,54.92,0,0,24.0,1.0,0.0,0,0.0
27,S1,H5,processor,45,353.34353855013825,24.0,0.0,0.0,0,0,24.0,1.0,0.0,0,0.0
27,S1,H7,loader,45,569.826226,24.0,0.0,53.72,1,0,24.0,1.0,0.0,0,0.0
27,S1,H8,loader,45,451.958924,24.0,0.0,0.0,0,0,24.0,1.0,0.0,0,0.0
28,S1,H1,feller_buncher,45,1194.708925,24.0,0.0,0.0,0,0,24.0,1.0,0.0,0,0.0
28,S1,H3,grapple_skidder,45,1045.106301,24.0,0.0,53.48,0,0,24.0,1.0,0.0,0,0.0
28,S1,H4,processor,45,199.33788260114602,24.0,0.0,54.2,1,0,24.0,1.0,0.0,0,0.0
28,S1,H7,loader,45,802.411354,24.0,0.0,53.24,0,0,24.0,1.0,0.0,0,0.0
28,S1,H8,loader,45,300.5633448851237,24.0,0.0,53.48,0,0,24.0,1.0,0.0,0,0.0
28,S1,H9,loader,45,451.958924,24.0,0.0,55.4,0,0,24.0,1.0,0.0,0,0.0
29,S1,H3,grapple_skidder,45,248.01170136658789,24.0,0.0,54.2,1,0,24.0,1.0,0.0,0,0.0
29,S1,H4,processor,45,430.907382,24.0,0.0,53.48,0,0,24.0,1.0,0.0,0,0.0
29,S1,H5,processor,45,531.895933,24.0,0.0,0.0,0,0,24.0,1.0,0.0,0,0.0
29,S1,H7,loader,45,687.364703,24.0,0.0,53.48,0,0,24.0,1.0,0.0,0,0.0
29,S1,H8,loader,45,474.741639,24.0,0.0,0.0,0,0,24.0,1.0,0.0,0,0.0
30,S1,H3,grapple_skidder,45,1480.641393,24.0,0.0,55.4,0,0,24.0,1.0,0.0,0,0.0
30,S1,H4,processor,45,0.0,24.0,0.0,53.48,1,0,24.0,1.0,0.0,0,0.0
30,S1,H5,processor,45,481.329283,24.0,0.0,55.16,0,0,24.0,1.0,0.0,0,0.0
30,S1,H6,processor,45,430.907382,24.0,0.0,53.72,0,0,24.0,1.0,0.0,0,0.0
30,S1,H7,loader,45,802.411354,24.0,0.0,53.48,0,0,24.0,1.0,0.0,0,0.0
30,S1,H8,loader,45,474.741639,24.0,0.0,0.0,0,0,24.0,1.0,0.0,0,0.0
31,S1,H3,grapple_skidder,45,241.99509004111133,24.0,0.0,53.24,1,0,24.0,1.0,0.0,0,0.0
31,S1,H4,processor,45,569.826226,24.0,0.0,53.72,0,0,24.0,1.0,0.0,0,0.0
31,S1,H5,processor,45,60.22655836658765,24.0,0.0,0.0,1,0,24.0,1.0,0.0,0,0.0
31,S1,H6,processor,45,183.29153700000006,24.0,0.0,0.0,0,0,24.0,1.0,0.0,0,0.0
31,S1,H7,loader,45,346.25224013480306,24.0,0.0,53.48,1,0,24.0,1.0,0.0,0,0.0
31,S1,H8,loader,45,474.741639,24.0,0.0,0.0,0,0,24.0,1.0,0.0,0,0.0
32,S1,H3,grapple_skidder,45,778.104169,24.0,0.0,54.68,0,0,24.0,1.0,0.0,0,0.0
32,S1,H4,processor,45,569.826226,24.0,0.0,0.0,0,0,24.0,1.0,0.0,0,0.0
32,S1,H5,processor,45,531.895933,24.0,0.0,55.16,0,0,24.0,1.0,0.0,0,0.0
32,S1,H7,loader,45,0.0,24.0,0.0,0.0,1,0,24.0,1.0,0.0,0,0.0
32,S1,H8,loader,45,558.398094,24.0,0.0,53.72,0,0,24.0,1.0,0.0,0,0.0
32,S1,H9,loader,45,451.958924,24.0,0.0,0.0,0,0,24.0,1.0,0.0,0,0.0
33,S1,H3,grapple_skidder,45,403.87247809999997,24.0,0.0,53.48,0,0,24.0,1.0,0.0,0,0.3
33,S1,H4,processor,45,32.046160999999415,24.0,0.0,53.24,0,0,24.0,1.0,0.0,0,0.3
33,S1,H5,processor,45,328.3327887,24.0,0.0,54.68,0,0,24.0,1.0,0.0,0,0.3
33,S1,H7,loader,45,656.0293775,24.0,0.0,53.72,0,0,24.0,1.0,0.0,0,0.3
33,S1,H8,loader,45,340.69574489999997,24.0,0.0,0.0,0,0,24.0,1.0,0.0,0,0.3
33,S1,H9,loader,45,316.3712468,24.0,0.0,0.0,0,0,24.0,1.0,0.0,0,0.3
34,S1,H1,feller_buncher,45,140.55055100000027,24.0,0.0,0.0,0,0,24.0,1.0,0.0,0,0.0
34,S1,H3,grapple_skidder,45,414.50735799999984,24.0,0.0,53.72,0,0,24.0,1.0,0.0,0,0.0
34,S1,H4,processor,45,403.87247809999997,24.0,0.0,54.2,1,0,24.0,1.0,0.0,0,0.0
34,S1,H5,processor,45,469.046841,24.0,0.0,0.0,0,0,24.0,1.0,0.0,0,0.0
34,S1,H7,loader,45,712.2847509674988,24.0,0.0,53.24,1,0,24.0,1.0,0.0,0,0.0
35,S1,H3,grapple_skidder,45,477.4620719999998,24.0,0.0,55.16,0,0,24.0,1.0,0.0,0,0.0
35,S1,H4,processor,45,0.0,24.0,0.0,0.0,1,0,24.0,1.0,0.0,0,0.0
35,S1,H5,processor,45,409.650504,24.0,0.0,53.24,0,0,24.0,1.0,0.0,0,0.0
35,S1,H7,loader,45,0.0,24.0,0.0,0.0,1,0,24.0,1.0,0.0,0,0.0
35,S1,H8,loader,45,474.741639,24.0,0.0,53.72,0,0,24.0,1.0,0.0,0,0.0
36,S1,H3,grapple_skidder,45,855.829418,24.0,0.0,54.68,0,0,24.0,1.0,0.0,0,0.0
36,S1,H4,processor,45,569.826226,24.0,0.0,54.44,0,0,24.0,1.0,0.0,0,0.0
36,S1,H5,processor,45,395.15367800000007,24.0,0.0,0.0,0,0,24.0,1.0,0.0,0,0.0
36,S1,H7,loader,45,403.87247809999997,24.0,0.0,54.2,1,0,24.0,1.0,0.0,0,0.0
36,S1,H8,loader,45,383.0297963360479,19.363616664063354,4.636383335936646,0.0,0,0,24.0,0.8068173610026398,4.636383335936645,1,0.0
37,S1,H3,grapple_skidder,45,0.0,24.0,0.0,53.72,1,0,24.0,1.0,0.0,0,0.0
37,S1,H4,processor,45,360.77644299999906,24.0,0.0,0.0,0,0,24.0,1.0,0.0,0,0.0
37,S1,H5,processor,45,395.784917,24.0,0.0,53.48,0,0,24.0,1.0,0.0,0,0.0
37,S1,H7,loader,45,0.0,24.0,0.0,0.0,1,0,24.0,1.0,0.0,0,0.0
37,S1,H8,loader,45,424.433991,24.0,0.0,53.24,0,0,24.0,1.0,0.0,0,0.0
38,S1,H3,grapple_skidder,45,147.33852399999955,24.0,0.0,53.48,1,0,24.0,1.0,0.0,0,0.0
38,S1,H4,processor,45,0.0,24.0,0.0,55.4,1,0,24.0,1.0,0.0,0,0.0
38,S1,H5,processor,45,318.1296250224378,19.291061060162903,4.708938939837097,0.0,0,0,24.0,0.8037942108401209,4.708938939837097,1,0.0
38,S1,H7,loader,45,937.184825,24.0,0.0,54.44,0,0,24.0,1.0,0.0,0,0.0
38,S1,H8,loader,45,424.433991,24.0,0.0,0.0,0,0,24.0,1.0,0.0,0,0.0
39,S1,H3,grapple_skidder,45,678.968019,24.0,0.0,53.72,0,0,24.0,1.0,0.0,0,0.0
39,S1,H4,processor,45,222.0761643600405,24.0,0.0,53.48,0,0,24.0,1.0,0.0,0,0.0
39,S1,H5,processor,45,141.91487597756225,24.0,0.0,0.0,1,0,24.0,1.0,0.0,0,0.0
39,S1,H7,loader,45,233.462125999999,24.0,0.0,0.0,0,0,24.0,1.0,0.0,0,0.0
39,S1,H8,loader,45,213.1245788000001,24.0,0.0,0.0,1,0,24.0,1.0,0.0,0,0.0
39,S1,H9,loader,45,147.53472558458736,24.0,0.0,0.0,1,0,24.0,1.0,0.0,0,0.0
40,S1,H4,processor,45,547.23705,24.0,0.0,53.72,0,0,24.0,1.0,0.0,0,0.0
40,S1,H7,loader,45,474.741639,24.0,0.0,54.92,0,0,24.0,1.0,0.0,0,0.0
40,S1,H8,loader,45,456.725789,24.0,0.0,53.48,0,0,24.0,1.0,0.0,0,0.0
40,S1,H9,loader,45,0.0,24.0,0.0,0.0,1,0,24.0,1.0,0.0,0,0.0
41,S1,H4,processor,45,215.0442269399591,24.0,0.0,53.72,1,0,24.0,1.0,0.0,0,0.0
41,S1,H7,loader,45,485.857474,24.0,0.0,53.72,0,0,24.0,1.0,0.0,0,0.0
41,S1,H8,loader,45,456.725789,24.0,0.0,0.0,0,0,24.0,1.0,0.0,0,0.0
42,S1,H3,grapple_skidder,45,678.968019,24.0,0.0,0.0,0,0,24.0,1.0,0.0,0,0.0
42,S1,H7,loader,45,226.54735056061682,24.0,0.0,53.72,1,0,24.0,1.0,0.0,0,0.0
42,S1,H8,loader,45,175.11298251504974,24.0,0.0,0.0,1,0,24.0,1.0,0.0,0,0.0
1,S1,H1,feller_buncher,46,1220.906942,24.0,0.0,0.0,0,0,24.0,1.0,0.0,0,0.0
1,S1,H2,feller_buncher,46,790.059358175469,24.0,0.0,0.0,0,0,24.0,1.0,0.0,0,0.0
2,S1,H1,feller_buncher,46,1220.906942,24.0,0.0,0.0,0,0,24.0,1.0,0.0,0,0.0
2,S1,H2,feller_buncher,46,1164.04956,24.0,0.0,53.72,0,0,24.0,1.0,0.0,0,0.0
2,S1,H3,grapple_skidder,46,678.968019,24.0,0.0,0.0,0,0,24.0,1.0,0.0,0,0.0
3,S1,H1,feller_buncher,46,1176.844281,24.0,0.0,53.48,0,0,24.0,1.0,0.0,0,0.0
3,S1,H2,feller_buncher,46,482.63628940731684,24.0,0.0,53.24,0,0,24.0,1.0,0.0,0,0.0
3,S1,H3,grapple_skidder,46,778.104169,24.0,0.0,53.72,0,0,24.0,1.0,0.0,0,0.0
3,S1,H4,processor,46,547.23705,24.0,0.0,0.0,0,0,24.0,1.0,0.0,0,0.0
4,S1,H1,feller_buncher,46,1176.844281,24.0,0.0,0.0,0,0,24.0,1.0,0.0,0,0.0
4,S1,H2,feller_buncher,46,888.796776,24.0,0.0,0.0,0,0,24.0,1.0,0.0,0,0.0
4,S1,H3,grapple_skidder,46,1332.369187,24.0,0.0,54.68,0,0,24.0,1.0,0.0,0,0.0
4,S1,H4,processor,46,469.046841,24.0,0.0,53.72,0,0,24.0,1.0,0.0,0,0.0
4,S1,H7,loader,46,485.857474,24.0,0.0,0.0,0,0,24.0,1.0,0.0,0,0.0
5,S1,H1,feller_buncher,46,1164.04956,24.0,0.0,54.2,0,0,24.0,1.0,0.0,0,0.0
5,S1,H2,feller_buncher,46,961.553907,24.0,0.0,53.24,0,0,24.0,1.0,0.0,0,0.0
5,S1,H3,grapple_skidder,46,1164.728216,24.0,0.0,53.48,0,0,24.0,1.0,0.0,0,0.0
5,S1,H4,processor,46,531.895933,24.0,0.0,54.68,0,0,24.0,1.0,0.0,0,0.0
6,S1,H1,feller_buncher,46,179.31349939999984,24.0,0.0,53.24,0,0,24.0,1.0,0.0,0,0.3
6,S1,H2,feller_buncher,46,673.0877349,24.0,0.0,0.0,0,0,24.0,1.0,0.0,0,0.3
6,S1,H3,grapple_skidder,46,815.3097511999999,24.0,0.0,0.0,0,0,24.0,1.0,0.0,0,0.3
6,S1,H4,processor,46,372.3271531,24.0,0.0,0.0,0,0,24.0,1.0,0.0,0,0.3
7,S1,H1,feller_buncher,46,1164.04956,24.0,0.0,53.24,0,0,24.0,1.0,0.0,0,0.0
7,S1,H2,feller_buncher,46,961.553907,24.0,0.0,0.0,0,0,24.0,1.0,0.0,0,0.0
7,S1,H3,grapple_skidder,46,809.624168,24.0,0.0,54.44,0,0,24.0,1.0,0.0,0,0.0
7,S1,H4,processor,46,517.165642,24.0,0.0,53.48,0,0,24.0,1.0,0.0,0,0.0
7,S1,H7,loader,46,802.411354,24.0,0.0,55.4,0,0,24.0,1.0,0.0,0,0.0
8,S1,H1,feller_buncher,46,860.013242,24.0,0.0,53.24,0,0,24.0,1.0,0.0,0,0.0
8,S1,H2,feller_buncher,46,413.7565330000002,24.0,0.0,0.0,0,0,24.0,1.0,0.0,0,0.0
8,S1,H3,grapple_skidder,46,778.104169,24.0,0.0,53.24,0,0,24.0,1.0,0.0,0,0.0
8,S1,H4,processor,46,517.165642,24.0,0.0,0.0,0,0,24.0,1.0,0.0,0,0.0
8,S1,H5,processor,46,409.650504,24.0,0.0,0.0,0,0,24.0,1.0,0.0,0,0.0
9,S1,H1,feller_buncher,46,1299.478592,24.0,0.0,53.96,0,0,24.0,1.0,0.0,0,0.0
9,S1,H2,feller_buncher,46,1220.906942,24.0,0.0,55.16,0,0,24.0,1.0,0.0,0,0.0
9,S1,H3,grapple_skidder,46,778.104169,24.0,0.0,0.0,0,0,24.0,1.0,0.0,0,0.0
9,S1,H7,loader,46,687.364703,24.0,0.0,53.48,0,0,24.0,1.0,0.0,0,0.0
10,S1,H1,feller_buncher,46,1299.478592,24.0,0.0,0.0,0,0,24.0,1.0,0.0,0,0.0
10,S1,H2,feller_buncher,46,860.013242,24.0,0.0,54.44,0,0,24.0,1.0,0.0,0,0.0
10,S1,H3,grapple_skidder,46,739.620424,24.0,0.0,53.48,0,0,24.0,1.0,0.0,0,0.0
10,S1,H4,processor,46,517.165642,24.0,0.0,0.0,0,0,24.0,1.0,0.0,0,0.0
10,S1,H5,processor,46,469.046841,24.0,0.0,53.24,0,0,24.0,1.0,0.0,0,0.0
11,S1,H1,feller_buncher,46,1299.478592,24.0,0.0,0.0,0,0,24.0,1.0,0.0,0,0.0
11,S1,H2,feller_buncher,46,59.00278800000001,24.0,0.0,0.0,0,0,24.0,1.0,0.0,0,0.0
11,S1,H3,grapple_skidder,46,778.104169,24.0,0.0,53.48,0,0,24.0,1.0,0.0,0,0.0
11,S1,H4,processor,46,481.329283,24.0,0.0,54.68,0,0,24.0,1.0,0.0,0,0.0
11,S1,H7,loader,46,687.364703,24.0,0.0,0.0,0,0,24.0,1.0,0.0,0,0.0
12,S1,H1,feller_buncher,46,356.0085949999998,24.0,0.0,0.0,0,0,24.0,1.0,0.0,0,0.0
12,S1,H2,feller_buncher,46,674.603847,24.0,0.0,53.72,0,0,24.0,1.0,0.0,0,0.0
12,S1,H3,grapple_skidder,46,1332.369187,24.0,0.0,54.68,0,0,24.0,1.0,0.0,0,0.0
12,S1,H4,processor,46,428.5410411999999,24.0,0.0,54.68,1,0,24.0,1.0,0.0,0,0.0
12,S1,H7,loader,46,474.741639,24.0,0.0,54.2,0,0,24.0,1.0,0.0,0,0.0
12,S1,H8,loader,46,451.958924,24.0,0.0,0.0,0,0,24.0,1.0,0.0,0,0.0
13,S1,H1,feller_buncher,46,814.8346919999999,24.0,0.0,53.72,0,0,24.0,1.0,0.0,0,0.3
13,S1,H2,feller_buncher,46,836.2962474999999,24.0,0.0,53.96,0,0,24.0,1.0,0.0,0,0.3
13,S1,H3,grapple_skidder,46,566.7369176,24.0,0.0,54.92,0,0,24.0,1.0,0.0,0,0.3
13,S1,H4,processor,46,372.3271531,24.0,0.0,53.48,0,0,24.0,1.0,0.0,0,0.3
13,S1,H7,loader,46,481.15529209999994,24.0,0.0,54.2,0,0,24.0,1.0,0.0,0,0.3
14,S1,H1,feller_buncher,46,1176.844281,24.0,0.0,54.2,0,0,24.0,1.0,0.0,0,0.0
14,S1,H2,feller_buncher,46,1194.708925,24.0,0.0,0.0,0,0,24.0,1.0,0.0,0,0.0
14,S1,H3,grapple_skidder,46,778.104169,24.0,0.0,53.24,0,0,24.0,1.0,0.0,0,0.0
14,S1,H4,processor,46,531.895933,24.0,0.0,0.0,0,0,24.0,1.0,0.0,0,0.0
14,S1,H5,processor,46,409.650504,24.0,0.0,53.24,0,0,24.0,1.0,0.0,0,0.0
15,S1,H1,feller_buncher,46,1176.844281,24.0,0.0,0.0,0,0,24.0,1.0,0.0,0,0.0
15,S1,H2,feller_buncher,46,1164.04956,24.0,0.0,54.92,0,0,24.0,1.0,0.0,0,0.0
15,S1,H3,grapple_skidder,46,923.199854,24.0,0.0,53.24,0,0,24.0,1.0,0.0,0,0.0
15,S1,H4,processor,46,409.650504,24.0,0.0,54.92,0,0,24.0,1.0,0.0,0,0.0
15,S1,H7,loader,46,802.411354,24.0,0.0,53.48,0,0,24.0,1.0,0.0,0,0.0
16,S1,H1,feller_buncher,46,111.30773800000088,24.0,0.0,0.0,0,0,24.0,1.0,0.0,0,0.0
16,S1,H2,feller_buncher,46,502.7667789999996,24.0,0.0,0.0,0,0,24.0,1.0,0.0,0,0.0
16,S1,H3,grapple_skidder,46,1480.641393,24.0,0.0,54.68,0,0,24.0,1.0,0.0,0,0.0
16,S1,H4,processor,46,531.895933,24.0,0.0,54.92,0,0,24.0,1.0,0.0,0,0.0
16,S1,H5,processor,46,395.784917,24.0,0.0,53.48,0,0,24.0,1.0,0.0,0,0.0
16,S1,H7,loader,46,424.433991,24.0,0.0,54.92,0,0,24.0,1.0,0.0,0,0.0
17,S1,H1,feller_buncher,46,576.960683,24.0,0.0,53.72,0,0,24.0,1.0,0.0,0,0.0
17,S1,H2,feller_buncher,46,787.363583,24.0,0.0,54.44,0,0,24.0,1.0,0.0,0,0.0
17,S1,H3,grapple_skidder,46,674.603847,24.0,0.0,53.96,0,0,24.0,1.0,0.0,0,0.0
17,S1,H4,processor,46,569.826226,24.0,0.0,53.24,0,0,24.0,1.0,0.0,0,0.0
17,S1,H5,processor,46,395.784917,24.0,0.0,0.0,0,0,24.0,1.0,0.0,0,0.0
17,S1,H6,processor,46,469.046841,24.0,0.0,0.0,0,0,24.0,1.0,0.0,0,0.0
17,S1,H7,loader,46,424.433991,24.0,0.0,0.0,0,0,24.0,1.0,0.0,0,0.0
17,S1,H8,loader,46,735.5193972000001,24.0,0.0,55.16,1,0,24.0,1.0,0.0,0,0.0
18,S1,H1,feller_buncher,46,1220.906942,24.0,0.0,54.2,0,0,24.0,1.0,0.0,0,0.0
18,S1,H2,feller_buncher,46,486.3476200000001,24.0,0.0,0.0,0,0,24.0,1.0,0.0,0,0.0
18,S1,H3,grapple_skidder,46,1164.728216,24.0,0.0,53.24,0,0,24.0,1.0,0.0,0,0.0
18,S1,H4,processor,46,569.826226,24.0,0.0,0.0,0,0,24.0,1.0,0.0,0,0.0
18,S1,H5,processor,46,456.082335,24.0,0.0,53.72,0,0,24.0,1.0,0.0,0,0.0
18,S1,H7,loader,46,400.7137538239738,20.257608142468772,3.742391857531228,53.24,0,0,24.0,0.8440670059361989,3.742391857531229,1,0.0
18,S1,H8,loader,46,456.725789,24.0,0.0,54.44,0,0,24.0,1.0,0.0,0,0.0
19,S1,H1,feller_buncher,46,1013.0077249999999,24.0,0.0,0.0,0,0,24.0,1.0,0.0,0,0.0
19,S1,H2,feller_buncher,46,680.207863,24.0,0.0,53.72,0,0,24.0,1.0,0.0,0,0.0
19,S1,H3,grapple_skidder,46,1273.711203,24.0,0.0,53.24,0,0,24.0,1.0,0.0,0,0.0
19,S1,H4,processor,46,517.165642,24.0,0.0,53.72,0,0,24.0,1.0,0.0,0,0.0
19,S1,H5,processor,46,172.72604774495477,24.0,0.0,0.0,0,0,24.0,1.0,0.0,0,0.0
19,S1,H6,processor,46,469.046841,24.0,0.0,0.0,0,0,24.0,1.0,0.0,0,0.0
19,S1,H7,loader,46,937.184825,24.0,0.0,54.92,0,0,24.0,1.0,0.0,0,0.0
20,S1,H1,feller_buncher,46,1194.708925,24.0,0.0,53.24,0,0,24.0,1.0,0.0,0,0.0
20,S1,H2,feller_buncher,46,364.89843800000006,24.0,0.0,0.0,0,0,24.0,1.0,0.0,0,0.0
20,S1,H3,grapple_skidder,46,1332.369187,24.0,0.0,53.24,0,0,24.0,1.0,0.0,0,0.0
20,S1,H4,processor,46,517.165642,24.0,0.0,0.0,0,0,24.0,1.0,0.0,0,0.0
20,S1,H5,processor,46,469.046841,24.0,0.0,53.96,0,0,24.0,1.0,0.0,0,0.0
20,S1,H6,processor,46,441.264891,24.0,0.0,54.44,0,0,24.0,1.0,0.0,0,0.0
20,S1,H7,loader,46,628.8083827449548,24.0,0.0,53.96,1,0,24.0,1.0,0.0,0,0.0
21,S1,H3,grapple_skidder,46,739.620424,24.0,0.0,55.16,0,0,24.0,1.0,0.0,0,0.0
21,S1,H4,processor,46,531.895933,24.0,0.0,53.48,0,0,24.0,1.0,0.0,0,0.0
21,S1,H5,processor,46,469.046841,24.0,0.0,0.0,0,0,24.0,1.0,0.0,0,0.0
21,S1,H6,processor,46,348.75414581492447,24.0,0.0,0.0,0,0,24.0,1.0,0.0,0,0.0
21,S1,H7,loader,46,687.364703,24.0,0.0,53.24,0,0,24.0,1.0,0.0,0,0.0
22,S1,H3,grapple_skidder,46,1480.641393,24.0,0.0,55.4,0,0,24.0,1.0,0.0,0,0.0
22,S1,H4,processor,46,421.5859390025113,24.0,0.0,0.0,0,0,24.0,1.0,0.0,0,0.0
22,S1,H5,processor,46,481.329283,24.0,0.0,53.48,0,0,24.0,1.0,0.0,0,0.0
22,S1,H6,processor,46,469.046841,24.0,0.0,54.44,0,0,24.0,1.0,0.0,0,0.0
22,S1,H7,loader,46,733.483855,24.0,0.0,53.24,0,0,24.0,1.0,0.0,0,0.0
23,S1,H3,grapple_skidder,46,815.3097511999999,24.0,0.0,53.72,0,0,24.0,1.0,0.0,0,0.3
23,S1,H4,processor,46,340.57945443666927,20.49222961949121,3.5077703805087914,53.24,0,0,24.0,0.8538429008121337,3.507770380508792,1,0.3
23,S1,H5,processor,46,336.93049809999997,24.0,0.0,0.0,0,0,24.0,1.0,0.0,0,0.3
23,S1,H6,processor,46,328.3327887,24.0,0.0,0.0,0,0,24.0,1.0,0.0,0,0.3
23,S1,H7,loader,46,561.6879478,24.0,0.0,53.24,0,0,24.0,1.0,0.0,0,0.3
24,S1,H3,grapple_skidder,46,739.620424,24.0,0.0,54.68,0,0,24.0,1.0,0.0,0,0.0
24,S1,H4,processor,46,569.826226,24.0,0.0,0.0,0,0,24.0,1.0,0.0,0,0.0
24,S1,H5,processor,46,517.165642,24.0,0.0,54.68,0,0,24.0,1.0,0.0,0,0.0
24,S1,H6,processor,46,391.18142100000006,24.0,0.0,54.44,0,0,24.0,1.0,0.0,0,0.0
24,S1,H7,loader,46,474.741639,24.0,0.0,54.68,0,0,24.0,1.0,0.0,0,0.0
25,S1,H3,grapple_skidder,46,1332.369187,24.0,0.0,55.16,0,0,24.0,1.0,0.0,0,0.0
25,S1,H4,processor,46,481.329283,24.0,0.0,55.4,0,0,24.0,1.0,0.0,0,0.0
25,S1,H5,processor,46,428.54104119999977,24.0,0.0,0.0,1,0,24.0,1.0,0.0,0,0.0
25,S1,H7,loader,46,474.741639,24.0,0.0,0.0,0,0,24.0,1.0,0.0,0,0.0
25,S1,H8,loader,46,447.71660281492456,24.0,0.0,54.2,1,0,24.0,1.0,0.0,0,0.0
25,S1,H9,loader,46,937.184825,24.0,0.0,0.0,0,0,24.0,1.0,0.0,0,0.0
26,S1,H3,grapple_skidder,46,778.104169,24.0,0.0,54.68,0,0,24.0,1.0,0.0,0,0.0
26,S1,H4,processor,46,569.826226,24.0,0.0,55.4,0,0,24.0,1.0,0.0,0,0.0
26,S1,H5,processor,46,217.26751252136887,24.0,0.0,53.48,0,0,24.0,1.0,0.0,0,0.0
26,S1,H7,loader,46,645.9791413611005,22.55498329344155,1.4450167065584516,54.2,0,0,24.0,0.9397909705600646,1.4450167065584525,1,0.0
26,S1,H8,loader,46,451.958924,24.0,0.0,54.92,0,0,24.0,1.0,0.0,0,0.0
27,S1,H3,grapple_skidder,46,159.77199800000017,24.0,0.0,54.2,0,0,24.0,1.0,0.0,0,0.0
27,S1,H4,processor,46,469.046841,24.0,0.0,54.92,0,0,24.0,1.0,0.0,0,0.0
27,S1,H5,processor,46,531.895933,24.0,0.0,0.0,0,0,24.0,1.0,0.0,0,0.0
27,S1,H7,loader,46,745.5147084366691,24.0,0.0,53.72,1,0,24.0,1.0,0.0,0,0.0
27,S1,H8,loader,46,194.26226436386236,24.0,0.0,0.0,0,0,24.0,1.0,0.0,0,0.0
28,S1,H1,feller_buncher,46,1194.708925,24.0,0.0,0.0,0,0,24.0,1.0,0.0,0,0.0
28,S1,H3,grapple_skidder,46,1045.106301,24.0,0.0,53.48,0,0,24.0,1.0,0.0,0,0.0
28,S1,H4,processor,46,159.77199800000017,24.0,0.0,54.2,1,0,24.0,1.0,0.0,0,0.0
28,S1,H7,loader,46,802.411354,24.0,0.0,53.24,0,0,24.0,1.0,0.0,0,0.0
28,S1,H8,loader,46,474.741639,24.0,0.0,53.48,0,0,24.0,1.0,0.0,0,0.0
28,S1,H9,loader,46,451.958924,24.0,0.0,55.4,0,0,24.0,1.0,0.0,0,0.0
29,S1,H3,grapple_skidder,46,517.7342967999999,24.0,0.0,54.2,0,0,24.0,1.0,0.0,0,0.3
29,S1,H4,processor,46,301.63516739999994,24.0,0.0,53.48,0,0,24.0,1.0,0.0,0,0.3
29,S1,H5,processor,46,372.3271531,24.0,0.0,0.0,0,0,24.0,1.0,0.0,0,0.3
29,S1,H7,loader,46,481.15529209999994,24.0,0.0,53.48,0,0,24.0,1.0,0.0,0,0.3
29,S1,H8,loader,46,332.3191473,24.0,0.0,0.0,0,0,24.0,1.0,0.0,0,0.3
30,S1,H3,grapple_skidder,46,1459.1402364999994,24.0,0.0,55.4,1,0,24.0,1.0,0.0,0,0.0
30,S1,H4,processor,46,0.0,24.0,0.0,53.48,1,0,24.0,1.0,0.0,0,0.0
30,S1,H5,processor,46,481.329283,24.0,0.0,55.16,0,0,24.0,1.0,0.0,0,0.0
30,S1,H6,processor,46,430.907382,24.0,0.0,53.72,0,0,24.0,1.0,0.0,0,0.0
30,S1,H7,loader,46,710.8731688238802,24.0,0.0,53.48,1,0,24.0,1.0,0.0,0,0.0
30,S1,H8,loader,46,474.741639,24.0,0.0,0.0,0,0,24.0,1.0,0.0,0,0.0
31,S1,H3,grapple_skidder,46,567.1587449999993,24.0,0.0,53.24,0,0,24.0,1.0,0.0,0,0.0
31,S1,H4,processor,46,569.826226,24.0,0.0,53.72,0,0,24.0,1.0,0.0,0,0.0
31,S1,H5,processor,46,474.3479386999998,24.0,0.0,0.0,1,0,24.0,1.0,0.0,0,0.0
31,S1,H6,processor,46,183.29153700000006,24.0,0.0,0.0,0,0,24.0,1.0,0.0,0,0.0
31,S1,H7,loader,46,449.4640978388997,24.0,0.0,53.48,1,0,24.0,1.0,0.0,0,0.0
31,S1,H8,loader,46,474.741639,24.0,0.0,0.0,0,0,24.0,1.0,0.0,0,0.0
32,S1,H3,grapple_skidder,46,778.104169,24.0,0.0,54.68,0,0,24.0,1.0,0.0,0,0.0
32,S1,H4,processor,46,569.826226,24.0,0.0,0.0,0,0,24.0,1.0,0.0,0,0.0
32,S1,H5,processor,46,531.895933,24.0,0.0,55.16,0,0,24.0,1.0,0.0,0,0.0
32,S1,H7,loader,46,0.0,24.0,0.0,0.0,1,0,24.0,1.0,0.0,0,0.0
32,S1,H8,loader,46,558.398094,24.0,0.0,53.72,0,0,24.0,1.0,0.0,0,0.0
32,S1,H9,loader,46,451.958924,24.0,0.0,0.0,0,0,24.0,1.0,0.0,0,0.0
33,S1,H3,grapple_skidder,46,452.68497480984513,18.83046750940615,5.1695324905938485,53.48,0,0,24.0,0.784602812891923,5.1695324905938485,1,0.0
33,S1,H4,processor,46,45.780229999999165,24.0,0.0,53.24,0,0,24.0,1.0,0.0,0,0.0
33,S1,H5,processor,46,469.046841,24.0,0.0,54.68,0,0,24.0,1.0,0.0,0,0.0
33,S1,H7,loader,46,937.184825,24.0,0.0,53.72,0,0,24.0,1.0,0.0,0,0.0
33,S1,H8,loader,46,292.54456763864647,24.0,0.0,0.0,0,0,24.0,1.0,0.0,0,0.0
33,S1,H9,loader,46,451.958924,24.0,0.0,0.0,0,0,24.0,1.0,0.0,0,0.0
34,S1,H1,feller_buncher,46,140.55055100000027,24.0,0.0,0.0,0,0,24.0,1.0,0.0,0,0.0
34,S1,H3,grapple_skidder,46,174.38547920731662,24.0,0.0,53.72,1,0,24.0,1.0,0.0,0,0.0
34,S1,H4,processor,46,428.751305,24.0,0.0,54.2,0,0,24.0,1.0,0.0,0,0.0
34,S1,H5,processor,46,469.046841,24.0,0.0,0.0,0,0,24.0,1.0,0.0,0,0.0
34,S1,H7,loader,46,577.6761629999992,24.0,0.0,53.24,1,0,24.0,1.0,0.0,0,0.0
35,S1,H3,grapple_skidder,46,140.55055100000027,24.0,0.0,55.16,1,0,24.0,1.0,0.0,0,0.3
35,S1,H4,processor,46,23.933669809845128,24.0,0.0,0.0,1,0,24.0,1.0,0.0,0,0.3
35,S1,H5,processor,46,286.75535279999997,24.0,0.0,53.24,0,0,24.0,1.0,0.0,0,0.3
35,S1,H7,loader,46,0.0,24.0,0.0,0.0,1,0,24.0,1.0,0.0,0,0.3
35,S1,H8,loader,46,332.3191473,24.0,0.0,53.72,0,0,24.0,1.0,0.0,0,0.3
36,S1,H3,grapple_skidder,46,855.829418,24.0,0.0,54.68,0,0,24.0,1.0,0.0,0,0.0
36,S1,H4,processor,46,569.826226,24.0,0.0,54.44,0,0,24.0,1.0,0.0,0,0.0
36,S1,H5,processor,46,35.03970000731675,24.0,0.0,0.0,1,0,24.0,1.0,0.0,0,0.0
36,S1,H7,loader,46,452.68497480984513,24.0,0.0,54.2,1,0,24.0,1.0,0.0,0,0.0
36,S1,H8,loader,46,474.741639,24.0,0.0,0.0,0,0,24.0,1.0,0.0,0,0.0
37,S1,H3,grapple_skidder,46,150.5522570885866,24.0,0.0,53.72,0,0,24.0,1.0,0.0,0,0.0
37,S1,H4,processor,46,231.61053706333064,24.0,0.0,0.0,1,0,24.0,1.0,0.0,0,0.0
37,S1,H5,processor,46,395.784917,24.0,0.0,53.48,0,0,24.0,1.0,0.0,0,0.0
37,S1,H7,loader,46,0.0,24.0,0.0,0.0,1,0,24.0,1.0,0.0,0,0.0
37,S1,H8,loader,46,424.433991,24.0,0.0,53.24,0,0,24.0,1.0,0.0,0,0.0
38,S1,H3,grapple_skidder,46,527.0705279999997,24.0,0.0,53.48,1,0,24.0,1.0,0.0,0,0.0
38,S1,H4,processor,46,150.5522570885866,24.0,0.0,55.4,1,0,24.0,1.0,0.0,0,0.0
38,S1,H5,processor,46,219.82641324440584,24.0,0.0,0.0,0,0,24.0,1.0,0.0,0,0.0
38,S1,H7,loader,46,937.184825,24.0,0.0,54.44,0,0,24.0,1.0,0.0,0,0.0
38,S1,H8,loader,46,277.4445918073169,24.0,0.0,0.0,1,0,24.0,1.0,0.0,0,0.0
39,S1,H3,grapple_skidder,46,380.21465611075246,19.199624580041334,4.800375419958666,53.72,0,0,24.0,0.7999843575017223,4.800375419958666,1,0.3
39,S1,H4,processor,46,328.3327887,24.0,0.0,53.48,0,0,24.0,1.0,0.0,0,0.3
39,S1,H5,processor,46,137.12272280000008,24.0,0.0,0.0,0,0,24.0,1.0,0.0,0,0.3
39,S1,H7,loader,46,66.7195650633306,24.0,0.0,0.0,1,0,24.0,1.0,0.0,0,0.3
39,S1,H8,loader,46,0.0,19.07809431420924,4.921905685790762,0.0,1,0,24.0,0.7949205964253849,4.92190568579076,1,0.3
39,S1,H9,loader,46,316.3712468,24.0,0.0,0.0,0,0,24.0,1.0,0.0,0,0.3
40,S1,H4,processor,46,511.94562511075253,24.0,0.0,53.72,1,0,24.0,1.0,0.0,0,0.0
40,S1,H7,loader,46,474.741639,24.0,0.0,54.92,0,0,24.0,1.0,0.0,0,0.0
40,S1,H8,loader,46,456.725789,24.0,0.0,53.48,0,0,24.0,1.0,0.0,0,0.0
40,S1,H9,loader,46,116.71969472472375,24.0,0.0,0.0,1,0,24.0,1.0,0.0,0,0.0
41,S1,H4,processor,46,425.9046882322281,21.792519689037785,2.2074803109622145,53.72,0,0,24.0,0.9080216537099077,2.207480310962215,1,0.0
41,S1,H7,loader,46,485.857474,24.0,0.0,53.72,0,0,24.0,1.0,0.0,0,0.0
41,S1,H8,loader,46,456.725789,24.0,0.0,0.0,0,0,24.0,1.0,0.0,0,0.0
42,S1,H3,grapple_skidder,46,678.968019,24.0,0.0,0.0,0,0,24.0,1.0,0.0,0,0.0
42,S1,H7,loader,46,474.741639,24.0,0.0,53.72,0,0,24.0,1.0,0.0,0,0.0
42,S1,H8,loader,46,174.1265200444057,24.0,0.0,0.0,1,0,24.0,1.0,0.0,0,0.0
1,S1,H1,feller_buncher,47,1220.906942,24.0,0.0,0.0,0,0,24.0,1.0,0.0,0,0.0
1,S1,H2,feller_buncher,47,1299.478592,24.0,0.0,0.0,0,0,24.0,1.0,0.0,0,0.0
2,S1,H1,feller_buncher,47,1220.906942,24.0,0.0,0.0,0,0,24.0,1.0,0.0,0,0.0
2,S1,H2,feller_buncher,47,1164.04956,24.0,0.0,53.72,0,0,24.0,1.0,0.0,0,0.0
2,S1,H3,grapple_skidder,47,678.968019,24.0,0.0,0.0,0,0,24.0,1.0,0.0,0,0.0
3,S1,H1,feller_buncher,47,1176.844281,24.0,0.0,53.48,0,0,24.0,1.0,0.0,0,0.0
3,S1,H2,feller_buncher,47,723.5672362744514,19.53834007897755,4.461659921022449,53.24,0,0,24.0,0.8140975032907313,4.461659921022449,1,0.0
3,S1,H3,grapple_skidder,47,778.104169,24.0,0.0,53.72,0,0,24.0,1.0,0.0,0,0.0
3,S1,H4,processor,47,547.23705,24.0,0.0,0.0,0,0,24.0,1.0,0.0,0,0.0
4,S1,H1,feller_buncher,47,1176.844281,24.0,0.0,0.0,0,0,24.0,1.0,0.0,0,0.0
4,S1,H2,feller_buncher,47,888.796776,24.0,0.0,0.0,0,0,24.0,1.0,0.0,0,0.0
4,S1,H3,grapple_skidder,47,1332.369187,24.0,0.0,54.68,0,0,24.0,1.0,0.0,0,0.0
4,S1,H4,processor,47,469.046841,24.0,0.0,53.72,0,0,24.0,1.0,0.0,0,0.0
4,S1,H7,loader,47,485.857474,24.0,0.0,0.0,0,0,24.0,1.0,0.0,0,0.0
5,S1,H1,feller_buncher,47,925.4203882574965,19.080020371452154,4.919979628547846,54.2,0,0,24.0,0.7950008488105064,4.919979628547845,1,0.0
5,S1,H2,feller_buncher,47,961.553907,24.0,0.0,53.24,0,0,24.0,1.0,0.0,0,0.0
5,S1,H3,grapple_skidder,47,1164.728216,24.0,0.0,53.48,0,0,24.0,1.0,0.0,0,0.0
5,S1,H4,processor,47,296.89125526089305,24.0,0.0,54.68,0,0,24.0,1.0,0.0,0,0.0
6,S1,H1,feller_buncher,47,256.1621419999998,24.0,0.0,53.24,0,0,24.0,1.0,0.0,0,0.0
6,S1,H2,feller_buncher,47,961.553907,24.0,0.0,0.0,0,0,24.0,1.0,0.0,0,0.0
6,S1,H3,grapple_skidder,47,1164.728216,24.0,0.0,0.0,0,0,24.0,1.0,0.0,0,0.0
6,S1,H4,processor,47,531.895933,24.0,0.0,0.0,0,0,24.0,1.0,0.0,0,0.0
7,S1,H1,feller_buncher,47,1164.04956,24.0,0.0,53.24,0,0,24.0,1.0,0.0,0,0.0
7,S1,H2,feller_buncher,47,961.553907,24.0,0.0,0.0,0,0,24.0,1.0,0.0,0,0.0
7,S1,H3,grapple_skidder,47,809.624168,24.0,0.0,54.44,0,0,24.0,1.0,0.0,0,0.0
7,S1,H4,processor,47,227.5615292330513,24.0,0.0,53.48,0,0,24.0,1.0,0.0,0,0.0
7,S1,H7,loader,47,585.428230359002,24.0,0.0,55.4,0,0,24.0,1.0,0.0,0,0.0
8,S1,H1,feller_buncher,47,860.013242,24.0,0.0,53.24,0,0,24.0,1.0,0.0,0,0.0
8,S1,H2,feller_buncher,47,413.7565330000002,24.0,0.0,0.0,0,0,24.0,1.0,0.0,0,0.0
8,S1,H3,grapple_skidder,47,778.104169,24.0,0.0,53.24,0,0,24.0,1.0,0.0,0,0.0
8,S1,H4,processor,47,517.165642,24.0,0.0,0.0,0,0,24.0,1.0,0.0,0,0.0
8,S1,H5,processor,47,409.650504,24.0,0.0,0.0,0,0,24.0,1.0,0.0,0,0.0
9,S1,H1,feller_buncher,47,1299.478592,24.0,0.0,53.96,0,0,24.0,1.0,0.0,0,0.0
9,S1,H2,feller_buncher,47,1220.906942,24.0,0.0,55.16,0,0,24.0,1.0,0.0,0,0.0
9,S1,H3,grapple_skidder,47,778.104169,24.0,0.0,0.0,0,0,24.0,1.0,0.0,0,0.0
9,S1,H7,loader,47,687.364703,24.0,0.0,53.48,0,0,24.0,1.0,0.0,0,0.0
10,S1,H1,feller_buncher,47,1299.478592,24.0,0.0,0.0,0,0,24.0,1.0,0.0,0,0.0
10,S1,H2,feller_buncher,47,860.013242,24.0,0.0,54.44,0,0,24.0,1.0,0.0,0,0.0
10,S1,H3,grapple_skidder,47,336.46595644799163,24.0,0.0,53.48,0,0,24.0,1.0,0.0,0,0.0
10,S1,H4,processor,47,403.6717770811969,18.733113461448248,5.266886538551752,0.0,0,0,24.0,0.7805463942270103,5.266886538551752,1,0.0
10,S1,H5,processor,47,469.046841,24.0,0.0,53.24,0,0,24.0,1.0,0.0,0,0.0
11,S1,H1,feller_buncher,47,1299.478592,24.0,0.0,0.0,0,0,24.0,1.0,0.0,0,0.0
11,S1,H2,feller_buncher,47,59.00278800000001,24.0,0.0,0.0,0,0,24.0,1.0,0.0,0,0.0
11,S1,H3,grapple_skidder,47,778.104169,24.0,0.0,53.48,0,0,24.0,1.0,0.0,0,0.0
11,S1,H4,processor,47,336.46595644799163,24.0,0.0,54.68,1,0,24.0,1.0,0.0,0,0.0
11,S1,H7,loader,47,461.03424531424827,24.0,0.0,0.0,1,0,24.0,1.0,0.0,0,0.0
12,S1,H1,feller_buncher,47,356.0085949999998,24.0,0.0,0.0,0,0,24.0,1.0,0.0,0,0.0
12,S1,H2,feller_buncher,47,674.603847,24.0,0.0,53.72,0,0,24.0,1.0,0.0,0,0.0
12,S1,H3,grapple_skidder,47,1332.369187,24.0,0.0,54.68,0,0,24.0,1.0,0.0,0,0.0
12,S1,H4,processor,47,517.165642,24.0,0.0,54.68,0,0,24.0,1.0,0.0,0,0.0
12,S1,H7,loader,47,474.741639,24.0,0.0,54.2,0,0,24.0,1.0,0.0,0,0.0
12,S1,H8,loader,47,336.46595644799163,24.0,0.0,0.0,1,0,24.0,1.0,0.0,0,0.0
13,S1,H1,feller_buncher,47,1164.04956,24.0,0.0,53.72,0,0,24.0,1.0,0.0,0,0.0
13,S1,H2,feller_buncher,47,1194.708925,24.0,0.0,53.96,0,0,24.0,1.0,0.0,0,0.0
13,S1,H3,grapple_skidder,47,809.624168,24.0,0.0,54.92,0,0,24.0,1.0,0.0,0,0.0
13,S1,H4,processor,47,531.895933,24.0,0.0,53.48,0,0,24.0,1.0,0.0,0,0.0
13,S1,H7,loader,47,517.165642,24.0,0.0,54.2,1,0,24.0,1.0,0.0,0,0.0
14,S1,H1,feller_buncher,47,1176.844281,24.0,0.0,54.2,0,0,24.0,1.0,0.0,0,0.0
14,S1,H2,feller_buncher,47,1194.708925,24.0,0.0,0.0,0,0,24.0,1.0,0.0,0,0.0
14,S1,H3,grapple_skidder,47,778.104169,24.0,0.0,53.24,0,0,24.0,1.0,0.0,0,0.0
14,S1,H4,processor,47,531.895933,24.0,0.0,0.0,0,0,24.0,1.0,0.0,0,0.0
14,S1,H5,processor,47,409.650504,24.0,0.0,53.24,0,0,24.0,1.0,0.0,0,0.0
15,S1,H1,feller_buncher,47,1176.844281,24.0,0.0,0.0,0,0,24.0,1.0,0.0,0,0.0
15,S1,H2,feller_buncher,47,1164.04956,24.0,0.0,54.92,0,0,24.0,1.0,0.0,0,0.0
15,S1,H3,grapple_skidder,47,923.199854,24.0,0.0,53.24,0,0,24.0,1.0,0.0,0,0.0
15,S1,H4,processor,47,409.650504,24.0,0.0,54.92,0,0,24.0,1.0,0.0,0,0.0
15,S1,H7,loader,47,802.411354,24.0,0.0,53.48,0,0,24.0,1.0,0.0,0,0.0
16,S1,H1,feller_buncher,47,111.30773800000088,24.0,0.0,0.0,0,0,24.0,1.0,0.0,0,0.0
16,S1,H2,feller_buncher,47,502.7667789999996,24.0,0.0,0.0,0,0,24.0,1.0,0.0,0,0.0
16,S1,H3,grapple_skidder,47,1480.641393,24.0,0.0,54.68,0,0,24.0,1.0,0.0,0,0.0
16,S1,H4,processor,47,531.895933,24.0,0.0,54.92,0,0,24.0,1.0,0.0,0,0.0
16,S1,H5,processor,47,395.784917,24.0,0.0,53.48,0,0,24.0,1.0,0.0,0,0.0
16,S1,H7,loader,47,424.433991,24.0,0.0,54.92,0,0,24.0,1.0,0.0,0,0.0
17,S1,H1,feller_buncher,47,576.960683,24.0,0.0,53.72,0,0,24.0,1.0,0.0,0,0.0
17,S1,H2,feller_buncher,47,787.363583,24.0,0.0,54.44,0,0,24.0,1.0,0.0,0,0.0
17,S1,H3,grapple_skidder,47,674.603847,24.0,0.0,53.96,0,0,24.0,1.0,0.0,0,0.0
17,S1,H4,processor,47,569.826226,24.0,0.0,53.24,0,0,24.0,1.0,0.0,0,0.0
17,S1,H5,processor,47,395.784917,24.0,0.0,0.0,0,0,24.0,1.0,0.0,0,0.0
17,S1,H6,processor,47,469.046841,24.0,0.0,0.0,0,0,24.0,1.0,0.0,0,0.0
17,S1,H7,loader,47,424.433991,24.0,0.0,0.0,0,0,24.0,1.0,0.0,0,0.0
17,S1,H8,loader,47,802.411354,24.0,0.0,55.16,0,0,24.0,1.0,0.0,0,0.0
18,S1,H1,feller_buncher,47,854.6348594,24.0,0.0,54.2,0,0,24.0,1.0,0.0,0,0.3
18,S1,H2,feller_buncher,47,340.44333400000005,24.0,0.0,0.0,0,0,24.0,1.0,0.0,0,0.3
18,S1,H3,grapple_skidder,47,815.3097511999999,24.0,0.0,53.24,0,0,24.0,1.0,0.0,0,0.3
18,S1,H4,processor,47,398.8783582,24.0,0.0,0.0,0,0,24.0,1.0,0.0,0,0.3
18,S1,H5,processor,47,232.7014015061043,24.0,0.0,53.72,0,0,24.0,1.0,0.0,0,0.3
18,S1,H7,loader,47,332.3191473,24.0,0.0,53.24,0,0,24.0,1.0,0.0,0,0.3
18,S1,H8,loader,47,319.7080523,24.0,0.0,54.44,0,0,24.0,1.0,0.0,0,0.3
19,S1,H1,feller_buncher,47,709.1054075,24.0,0.0,0.0,0,0,24.0,1.0,0.0,0,0.3
19,S1,H2,feller_buncher,47,476.1455040999999,24.0,0.0,53.72,0,0,24.0,1.0,0.0,0,0.3
19,S1,H3,grapple_skidder,47,891.5978421,24.0,0.0,53.24,0,0,24.0,1.0,0.0,0,0.3
19,S1,H4,processor,47,362.0159494,24.0,0.0,53.72,0,0,24.0,1.0,0.0,0,0.3
19,S1,H5,processor,47,152.96505839999998,24.0,0.0,0.0,0,0,24.0,1.0,0.0,0,0.3
19,S1,H6,processor,47,328.3327887,24.0,0.0,0.0,0,0,24.0,1.0,0.0,0,0.3
19,S1,H7,loader,47,656.0293775,24.0,0.0,54.92,0,0,24.0,1.0,0.0,0,0.3
20,S1,H1,feller_buncher,47,1194.708925,24.0,0.0,53.24,0,0,24.0,1.0,0.0,0,0.0
20,S1,H2,feller_buncher,47,364.89843800000006,24.0,0.0,0.0,0,0,24.0,1.0,0.0,0,0.0
20,S1,H3,grapple_skidder,47,1332.369187,24.0,0.0,53.24,0,0,24.0,1.0,0.0,0,0.0
20,S1,H4,processor,47,517.165642,24.0,0.0,0.0,0,0,24.0,1.0,0.0,0,0.0
20,S1,H5,processor,47,469.046841,24.0,0.0,53.96,0,0,24.0,1.0,0.0,0,0.0
20,S1,H6,processor,47,441.264891,24.0,0.0,54.44,0,0,24.0,1.0,0.0,0,0.0
20,S1,H7,loader,47,385.66645990610425,24.0,0.0,53.96,1,0,24.0,1.0,0.0,0,0.0
21,S1,H3,grapple_skidder,47,739.620424,24.0,0.0,55.16,0,0,24.0,1.0,0.0,0,0.0
21,S1,H4,processor,47,531.895933,24.0,0.0,53.48,0,0,24.0,1.0,0.0,0,0.0
21,S1,H5,processor,47,469.046841,24.0,0.0,0.0,0,0,24.0,1.0,0.0,0,0.0
21,S1,H6,processor,47,441.264891,24.0,0.0,0.0,0,0,24.0,1.0,0.0,0,0.0
21,S1,H7,loader,47,687.364703,24.0,0.0,53.24,0,0,24.0,1.0,0.0,0,0.0
22,S1,H3,grapple_skidder,47,1480.641393,24.0,0.0,55.4,0,0,24.0,1.0,0.0,0,0.0
22,S1,H4,processor,47,531.895933,24.0,0.0,0.0,0,0,24.0,1.0,0.0,0,0.0
22,S1,H5,processor,47,481.329283,24.0,0.0,53.48,0,0,24.0,1.0,0.0,0,0.0
22,S1,H6,processor,47,469.046841,24.0,0.0,54.44,0,0,24.0,1.0,0.0,0,0.0
22,S1,H7,loader,47,733.483855,24.0,0.0,53.24,0,0,24.0,1.0,0.0,0,0.0
23,S1,H3,grapple_skidder,47,815.3097511999999,24.0,0.0,53.72,0,0,24.0,1.0,0.0,0,0.3
23,S1,H4,processor,47,398.8783582,24.0,0.0,53.24,0,0,24.0,1.0,0.0,0,0.3
23,S1,H5,processor,47,258.291141,24.0,0.0,0.0,1,0,24.0,1.0,0.0,0,0.3
23,S1,H6,processor,47,180.0055775138449,24.0,0.0,0.0,0,0,24.0,1.0,0.0,0,0.3
23,S1,H7,loader,47,561.6879478,24.0,0.0,53.24,0,0,24.0,1.0,0.0,0,0.3
24,S1,H3,grapple_skidder,47,739.620424,24.0,0.0,54.68,0,0,24.0,1.0,0.0,0,0.0
24,S1,H4,processor,47,569.826226,24.0,0.0,0.0,0,0,24.0,1.0,0.0,0,0.0
24,S1,H5,processor,47,517.165642,24.0,0.0,54.68,0,0,24.0,1.0,0.0,0,0.0
24,S1,H6,processor,47,9.068060100000025,24.0,0.0,54.44,1,0,24.0,1.0,0.0,0,0.0
24,S1,H7,loader,47,474.741639,24.0,0.0,54.68,0,0,24.0,1.0,0.0,0,0.0
25,S1,H3,grapple_skidder,47,1229.3535319000005,24.0,0.0,55.16,1,0,24.0,1.0,0.0,0,0.0
25,S1,H4,processor,47,481.329283,24.0,0.0,55.4,0,0,24.0,1.0,0.0,0,0.0
25,S1,H5,processor,47,517.165642,24.0,0.0,0.0,0,0,24.0,1.0,0.0,0,0.0
25,S1,H7,loader,47,474.741639,24.0,0.0,0.0,0,0,24.0,1.0,0.0,0,0.0
25,S1,H8,loader,47,158.11398710000003,24.0,0.0,54.2,1,0,24.0,1.0,0.0,0,0.0
25,S1,H9,loader,47,937.184825,24.0,0.0,0.0,0,0,24.0,1.0,0.0,0,0.0
26,S1,H3,grapple_skidder,47,778.104169,24.0,0.0,54.68,0,0,24.0,1.0,0.0,0,0.0
26,S1,H4,processor,47,569.826226,24.0,0.0,55.4,0,0,24.0,1.0,0.0,0,0.0
26,S1,H5,processor,47,531.895933,24.0,0.0,53.48,0,0,24.0,1.0,0.0,0,0.0
26,S1,H7,loader,47,687.364703,24.0,0.0,54.2,0,0,24.0,1.0,0.0,0,0.0
26,S1,H8,loader,47,451.958924,24.0,0.0,54.92,0,0,24.0,1.0,0.0,0,0.0
27,S1,H3,grapple_skidder,47,104.1230819079182,24.0,0.0,54.2,0,0,24.0,1.0,0.0,0,0.0
27,S1,H4,processor,47,469.046841,24.0,0.0,54.92,0,0,24.0,1.0,0.0,0,0.0
27,S1,H5,processor,47,531.895933,24.0,0.0,0.0,0,0,24.0,1.0,0.0,0,0.0
27,S1,H7,loader,47,914.0211919,24.0,0.0,53.72,1,0,24.0,1.0,0.0,0,0.0
27,S1,H8,loader,47,451.958924,24.0,0.0,0.0,0,0,24.0,1.0,0.0,0,0.0
28,S1,H1,feller_buncher,47,1194.708925,24.0,0.0,0.0,0,0,24.0,1.0,0.0,0,0.0
28,S1,H3,grapple_skidder,47,841.0439421,24.0,0.0,53.48,1,0,24.0,1.0,0.0,0,0.0
28,S1,H4,processor,47,485.12155059366995,24.0,0.0,54.2,1,0,24.0,1.0,0.0,0,0.0
28,S1,H7,loader,47,802.411354,24.0,0.0,53.24,0,0,24.0,1.0,0.0,0,0.0
28,S1,H8,loader,47,474.741639,24.0,0.0,53.48,0,0,24.0,1.0,0.0,0,0.0
28,S1,H9,loader,47,317.03185899999994,24.0,0.0,55.4,1,0,24.0,1.0,0.0,0,0.0
29,S1,H3,grapple_skidder,47,617.9206976591014,20.05095622375408,3.9490437762459187,54.2,0,0,24.0,0.8354565093230867,3.949043776245918,1,0.0
29,S1,H4,processor,47,430.907382,24.0,0.0,53.48,0,0,24.0,1.0,0.0,0,0.0
29,S1,H5,processor,47,531.895933,24.0,0.0,0.0,0,0,24.0,1.0,0.0,0,0.0
29,S1,H7,loader,47,687.364703,24.0,0.0,53.48,0,0,24.0,1.0,0.0,0,0.0
29,S1,H8,loader,47,474.741639,24.0,0.0,0.0,0,0,24.0,1.0,0.0,0,0.0
30,S1,H3,grapple_skidder,47,791.8710318704524,24.0,0.0,55.4,0,0,24.0,1.0,0.0,0,0.0
30,S1,H4,processor,47,0.0,24.0,0.0,53.48,1,0,24.0,1.0,0.0,0,0.0
30,S1,H5,processor,47,481.329283,24.0,0.0,55.16,0,0,24.0,1.0,0.0,0,0.0
30,S1,H6,processor,47,410.1365601,24.0,0.0,53.72,1,0,24.0,1.0,0.0,0,0.0
30,S1,H7,loader,47,802.411354,24.0,0.0,53.48,0,0,24.0,1.0,0.0,0,0.0
30,S1,H8,loader,47,474.741639,24.0,0.0,0.0,0,0,24.0,1.0,0.0,0,0.0
31,S1,H3,grapple_skidder,47,0.0,24.0,0.0,53.24,1,0,24.0,1.0,0.0,0,0.0
31,S1,H4,processor,47,569.826226,24.0,0.0,53.72,0,0,24.0,1.0,0.0,0,0.0
31,S1,H5,processor,47,394.88255565910146,24.0,0.0,0.0,1,0,24.0,1.0,0.0,0,0.0
31,S1,H6,processor,47,0.0,24.0,0.0,0.0,1,0,24.0,1.0,0.0,0,0.0
31,S1,H7,loader,47,336.54031699367033,24.0,0.0,53.48,1,0,24.0,1.0,0.0,0,0.0
31,S1,H8,loader,47,409.05814922175364,20.679449146279936,3.3205508537200643,0.0,0,0,24.0,0.8616437144283307,3.320550853720064,1,0.0
32,S1,H3,grapple_skidder,47,778.104169,24.0,0.0,54.68,0,0,24.0,1.0,0.0,0,0.0
32,S1,H4,processor,47,569.826226,24.0,0.0,0.0,0,0,24.0,1.0,0.0,0,0.0
32,S1,H5,processor,47,142.50644063910727,24.0,0.0,55.16,1,0,24.0,1.0,0.0,0,0.0
32,S1,H7,loader,47,0.0,24.0,0.0,0.0,1,0,24.0,1.0,0.0,0,0.0
32,S1,H8,loader,47,558.398094,24.0,0.0,53.72,0,0,24.0,1.0,0.0,0,0.0
32,S1,H9,loader,47,451.958924,24.0,0.0,0.0,0,0,24.0,1.0,0.0,0,0.0
33,S1,H3,grapple_skidder,47,576.960683,24.0,0.0,53.48,0,0,24.0,1.0,0.0,0,0.0
33,S1,H4,processor,47,0.0,24.0,0.0,53.24,1,0,24.0,1.0,0.0,0,0.0
33,S1,H5,processor,47,469.046841,24.0,0.0,54.68,0,0,24.0,1.0,0.0,0,0.0
33,S1,H7,loader,47,937.184825,24.0,0.0,53.72,0,0,24.0,1.0,0.0,0,0.0
33,S1,H8,loader,47,282.64584809999997,24.0,0.0,0.0,1,0,24.0,1.0,0.0,0,0.0
33,S1,H9,loader,47,424.2529146591014,24.0,0.0,0.0,1,0,24.0,1.0,0.0,0,0.0
34,S1,H1,feller_buncher,47,140.55055100000027,24.0,0.0,0.0,0,0,24.0,1.0,0.0,0,0.0
34,S1,H3,grapple_skidder,47,249.27781827445096,24.0,0.0,53.72,1,0,24.0,1.0,0.0,0,0.0
34,S1,H4,processor,47,428.751305,24.0,0.0,54.2,0,0,24.0,1.0,0.0,0,0.0
34,S1,H5,processor,47,469.046841,24.0,0.0,0.0,0,0,24.0,1.0,0.0,0,0.0
34,S1,H7,loader,47,802.411354,24.0,0.0,53.24,0,0,24.0,1.0,0.0,0,0.0
35,S1,H3,grapple_skidder,47,477.4620719999998,24.0,0.0,55.16,0,0,24.0,1.0,0.0,0,0.0
35,S1,H4,processor,47,148.20937800000002,24.0,0.0,0.0,0,0,24.0,1.0,0.0,0,0.0
35,S1,H5,processor,47,409.650504,24.0,0.0,53.24,0,0,24.0,1.0,0.0,0,0.0
35,S1,H7,loader,47,67.28814474099909,24.0,0.0,0.0,1,0,24.0,1.0,0.0,0,0.0
35,S1,H8,loader,47,474.741639,24.0,0.0,53.72,0,0,24.0,1.0,0.0,0,0.0
36,S1,H3,grapple_skidder,47,855.829418,24.0,0.0,54.68,0,0,24.0,1.0,0.0,0,0.0
36,S1,H4,processor,47,569.826226,24.0,0.0,54.44,0,0,24.0,1.0,0.0,0,0.0
36,S1,H5,processor,47,229.9241382744512,24.0,0.0,0.0,1,0,24.0,1.0,0.0,0,0.0
36,S1,H7,loader,47,552.163711,24.0,0.0,54.2,0,0,24.0,1.0,0.0,0,0.0
36,S1,H8,loader,47,474.741639,24.0,0.0,0.0,0,0,24.0,1.0,0.0,0,0.0
37,S1,H3,grapple_skidder,47,339.93655800000056,24.0,0.0,53.72,0,0,24.0,1.0,0.0,0,0.0
37,S1,H4,processor,47,13.901817470452329,24.0,0.0,0.0,1,0,24.0,1.0,0.0,0,0.0
37,S1,H5,processor,47,395.784917,24.0,0.0,53.48,0,0,24.0,1.0,0.0,0,0.0
37,S1,H7,loader,47,24.796971999999982,24.0,0.0,0.0,0,0,24.0,1.0,0.0,0,0.0
37,S1,H8,loader,47,424.433991,24.0,0.0,53.24,0,0,24.0,1.0,0.0,0,0.0
38,S1,H3,grapple_skidder,47,637.656224257496,24.0,0.0,53.48,1,0,24.0,1.0,0.0,0,0.0
38,S1,H4,processor,47,339.93655800000056,24.0,0.0,55.4,1,0,24.0,1.0,0.0,0,0.0
38,S1,H5,processor,47,345.98283969473545,20.98005203334631,3.019947966653689,0.0,0,0,24.0,0.874168834722763,3.019947966653689,1,0.0
38,S1,H7,loader,47,786.1956704704523,24.0,0.0,54.44,1,0,24.0,1.0,0.0,0,0.0
38,S1,H8,loader,47,424.433991,24.0,0.0,0.0,0,0,24.0,1.0,0.0,0,0.0
39,S1,H3,grapple_skidder,47,475.2776133,24.0,0.0,53.72,0,0,24.0,1.0,0.0,0,0.3
39,S1,H4,processor,47,328.3327887,24.0,0.0,53.48,0,0,24.0,1.0,0.0,0,0.3
39,S1,H5,processor,47,137.12272280000008,24.0,0.0,0.0,0,0,24.0,1.0,0.0,0,0.3
39,S1,H7,loader,47,0.0,20.1142964649795,3.8857035350205003,0.0,1,0,24.0,0.8380956860408125,3.885703535020501,1,0.3
39,S1,H8,loader,47,170.79019027445133,24.0,0.0,0.0,1,0,24.0,1.0,0.0,0,0.3
39,S1,H9,loader,47,316.3712468,24.0,0.0,0.0,0,0,24.0,1.0,0.0,0,0.3
40,S1,H4,processor,47,547.23705,24.0,0.0,53.72,0,0,24.0,1.0,0.0,0,0.0
40,S1,H7,loader,47,219.0595618374394,24.0,0.0,54.92,0,0,24.0,1.0,0.0,0,0.0
40,S1,H8,loader,47,456.725789,24.0,0.0,53.48,0,0,24.0,1.0,0.0,0,0.0
40,S1,H9,loader,47,23.565311200000565,24.0,0.0,0.0,1,0,24.0,1.0,0.0,0,0.0
41,S1,H4,processor,47,469.046841,24.0,0.0,53.72,0,0,24.0,1.0,0.0,0,0.0
41,S1,H7,loader,47,485.857474,24.0,0.0,53.72,0,0,24.0,1.0,0.0,0,0.0
41,S1,H8,loader,47,456.725789,24.0,0.0,0.0,0,0,24.0,1.0,0.0,0,0.0
42,S1,H3,grapple_skidder,47,678.968019,24.0,0.0,0.0,0,0,24.0,1.0,0.0,0,0.0
42,S1,H7,loader,47,474.741639,24.0,0.0,53.72,0,0,24.0,1.0,0.0,0,0.0
42,S1,H8,loader,47,408.8519049999998,24.0,0.0,0.0,0,0,24.0,1.0,0.0,0,0.0
1,S1,H1,feller_buncher,48,1220.906942,24.0,0.0,0.0,0,0,24.0,1.0,0.0,0,0.0
1,S1,H2,feller_buncher,48,1299.478592,24.0,0.0,0.0,0,0,24.0,1.0,0.0,0,0.0
2,S1,H1,feller_buncher,48,1220.906942,24.0,0.0,0.0,0,0,24.0,1.0,0.0,0,0.0
2,S1,H2,feller_buncher,48,1164.04956,24.0,0.0,53.72,0,0,24.0,1.0,0.0,0,0.0
2,S1,H3,grapple_skidder,48,678.968019,24.0,0.0,0.0,0,0,24.0,1.0,0.0,0,0.0
3,S1,H1,feller_buncher,48,823.7909966999999,24.0,0.0,53.48,0,0,24.0,1.0,0.0,0,0.3
3,S1,H2,feller_buncher,48,492.9753412255537,24.0,0.0,53.24,0,0,24.0,1.0,0.0,0,0.3
3,S1,H3,grapple_skidder,48,544.6729182999999,24.0,0.0,53.72,0,0,24.0,1.0,0.0,0,0.3
3,S1,H4,processor,48,383.06593499999997,24.0,0.0,0.0,0,0,24.0,1.0,0.0,0,0.3
4,S1,H1,feller_buncher,48,1176.844281,24.0,0.0,0.0,0,0,24.0,1.0,0.0,0,0.0
4,S1,H2,feller_buncher,48,888.796776,24.0,0.0,0.0,0,0,24.0,1.0,0.0,0,0.0
4,S1,H3,grapple_skidder,48,1332.369187,24.0,0.0,54.68,0,0,24.0,1.0,0.0,0,0.0
4,S1,H4,processor,48,469.046841,24.0,0.0,53.72,0,0,24.0,1.0,0.0,0,0.0
4,S1,H7,loader,48,383.06593499999997,24.0,0.0,0.0,1,0,24.0,1.0,0.0,0,0.0
5,S1,H1,feller_buncher,48,1164.04956,24.0,0.0,54.2,0,0,24.0,1.0,0.0,0,0.0
5,S1,H2,feller_buncher,48,961.553907,24.0,0.0,53.24,0,0,24.0,1.0,0.0,0,0.0
5,S1,H3,grapple_skidder,48,1164.728216,24.0,0.0,53.48,0,0,24.0,1.0,0.0,0,0.0
5,S1,H4,processor,48,531.895933,24.0,0.0,54.68,0,0,24.0,1.0,0.0,0,0.0
6,S1,H1,feller_buncher,48,256.1621419999998,24.0,0.0,53.24,0,0,24.0,1.0,0.0,0,0.0
6,S1,H2,feller_buncher,48,961.553907,24.0,0.0,0.0,0,0,24.0,1.0,0.0,0,0.0
6,S1,H3,grapple_skidder,48,835.9070616999998,24.0,0.0,0.0,1,0,24.0,1.0,0.0,0,0.0
6,S1,H4,processor,48,531.895933,24.0,0.0,0.0,0,0,24.0,1.0,0.0,0,0.0
7,S1,H1,feller_buncher,48,1164.04956,24.0,0.0,53.24,0,0,24.0,1.0,0.0,0,0.0
7,S1,H2,feller_buncher,48,961.553907,24.0,0.0,0.0,0,0,24.0,1.0,0.0,0,0.0
7,S1,H3,grapple_skidder,48,809.624168,24.0,0.0,54.44,0,0,24.0,1.0,0.0,0,0.0
7,S1,H4,processor,48,517.165642,24.0,0.0,53.48,0,0,24.0,1.0,0.0,0,0.0
7,S1,H7,loader,48,802.411354,24.0,0.0,55.4,0,0,24.0,1.0,0.0,0,0.0
8,S1,H1,feller_buncher,48,860.013242,24.0,0.0,53.24,0,0,24.0,1.0,0.0,0,0.0
8,S1,H2,feller_buncher,48,186.81641568297684,24.0,0.0,0.0,0,0,24.0,1.0,0.0,0,0.0
8,S1,H3,grapple_skidder,48,778.104169,24.0,0.0,53.24,0,0,24.0,1.0,0.0,0,0.0
8,S1,H4,processor,48,517.165642,24.0,0.0,0.0,0,0,24.0,1.0,0.0,0,0.0
8,S1,H5,processor,48,278.90945611706763,24.0,0.0,0.0,0,0,24.0,1.0,0.0,0,0.0
9,S1,H1,feller_buncher,48,893.9881072946212,24.0,0.0,53.96,0,0,24.0,1.0,0.0,0,0.0
9,S1,H2,feller_buncher,48,1220.906942,24.0,0.0,55.16,0,0,24.0,1.0,0.0,0,0.0
9,S1,H3,grapple_skidder,48,778.104169,24.0,0.0,0.0,0,0,24.0,1.0,0.0,0,0.0
9,S1,H7,loader,48,687.364703,24.0,0.0,53.48,0,0,24.0,1.0,0.0,0,0.0
10,S1,H1,feller_buncher,48,757.5827343809842,24.0,0.0,0.0,0,0,24.0,1.0,0.0,0,0.0
10,S1,H2,feller_buncher,48,860.013242,24.0,0.0,54.44,0,0,24.0,1.0,0.0,0,0.0
10,S1,H3,grapple_skidder,48,739.620424,24.0,0.0,53.48,0,0,24.0,1.0,0.0,0,0.0
10,S1,H4,processor,48,416.89211251389924,19.346626859511254,4.653373140488746,0.0,0,0,24.0,0.8061094524796356,4.653373140488748,1,0.0
10,S1,H5,processor,48,469.046841,24.0,0.0,53.24,0,0,24.0,1.0,0.0,0,0.0
11,S1,H1,feller_buncher,48,1299.478592,24.0,0.0,0.0,0,0,24.0,1.0,0.0,0,0.0
11,S1,H2,feller_buncher,48,59.00278800000001,24.0,0.0,0.0,0,0,24.0,1.0,0.0,0,0.0
11,S1,H3,grapple_skidder,48,778.104169,24.0,0.0,53.48,0,0,24.0,1.0,0.0,0,0.0
11,S1,H4,processor,48,481.329283,24.0,0.0,54.68,0,0,24.0,1.0,0.0,0,0.0
11,S1,H7,loader,48,687.364703,24.0,0.0,0.0,0,0,24.0,1.0,0.0,0,0.0
12,S1,H1,feller_buncher,48,356.0085949999998,24.0,0.0,0.0,0,0,24.0,1.0,0.0,0,0.0
12,S1,H2,feller_buncher,48,674.603847,24.0,0.0,53.72,0,0,24.0,1.0,0.0,0,0.0
12,S1,H3,grapple_skidder,48,1332.369187,24.0,0.0,54.68,0,0,24.0,1.0,0.0,0,0.0
12,S1,H4,processor,48,517.165642,24.0,0.0,54.68,0,0,24.0,1.0,0.0,0,0.0
12,S1,H7,loader,48,474.741639,24.0,0.0,54.2,0,0,24.0,1.0,0.0,0,0.0
12,S1,H8,loader,48,451.958924,24.0,0.0,0.0,0,0,24.0,1.0,0.0,0,0.0
13,S1,H1,feller_buncher,48,1164.04956,24.0,0.0,53.72,0,0,24.0,1.0,0.0,0,0.0
13,S1,H2,feller_buncher,48,1194.708925,24.0,0.0,53.96,0,0,24.0,1.0,0.0,0,0.0
13,S1,H3,grapple_skidder,48,809.624168,24.0,0.0,54.92,0,0,24.0,1.0,0.0,0,0.0
13,S1,H4,processor,48,531.895933,24.0,0.0,53.48,0,0,24.0,1.0,0.0,0,0.0
13,S1,H7,loader,48,593.6596325138995,24.0,0.0,54.2,1,0,24.0,1.0,0.0,0,0.0
14,S1,H1,feller_buncher,48,877.8514724144836,17.902483512980258,6.0975164870197425,54.2,0,0,24.0,0.745936813040844,6.0975164870197425,1,0.0
14,S1,H2,feller_buncher,48,1194.708925,24.0,0.0,0.0,0,0,24.0,1.0,0.0,0,0.0
14,S1,H3,grapple_skidder,48,778.104169,24.0,0.0,53.24,0,0,24.0,1.0,0.0,0,0.0
14,S1,H4,processor,48,531.895933,24.0,0.0,0.0,0,0,24.0,1.0,0.0,0,0.0
14,S1,H5,processor,48,409.650504,24.0,0.0,53.24,0,0,24.0,1.0,0.0,0,0.0
15,S1,H1,feller_buncher,48,1176.844281,24.0,0.0,0.0,0,0,24.0,1.0,0.0,0,0.0
15,S1,H2,feller_buncher,48,741.7575968227611,24.0,0.0,54.92,0,0,24.0,1.0,0.0,0,0.0
15,S1,H3,grapple_skidder,48,923.199854,24.0,0.0,53.24,0,0,24.0,1.0,0.0,0,0.0
15,S1,H4,processor,48,409.650504,24.0,0.0,54.92,0,0,24.0,1.0,0.0,0,0.0
15,S1,H7,loader,48,802.411354,24.0,0.0,53.48,0,0,24.0,1.0,0.0,0,0.0
16,S1,H1,feller_buncher,48,74.34725321732788,24.0,0.0,0.0,0,0,24.0,1.0,0.0,0,0.0
16,S1,H2,feller_buncher,48,502.7667789999996,24.0,0.0,0.0,0,0,24.0,1.0,0.0,0,0.0
16,S1,H3,grapple_skidder,48,1480.641393,24.0,0.0,54.68,0,0,24.0,1.0,0.0,0,0.0
16,S1,H4,processor,48,531.895933,24.0,0.0,54.92,0,0,24.0,1.0,0.0,0,0.0
16,S1,H5,processor,48,395.784917,24.0,0.0,53.48,0,0,24.0,1.0,0.0,0,0.0
16,S1,H7,loader,48,424.433991,24.0,0.0,54.92,0,0,24.0,1.0,0.0,0,0.0
17,S1,H1,feller_buncher,48,576.960683,24.0,0.0,53.72,0,0,24.0,1.0,0.0,0,0.0
17,S1,H2,feller_buncher,48,787.363583,24.0,0.0,54.44,0,0,24.0,1.0,0.0,0,0.0
17,S1,H3,grapple_skidder,48,674.603847,24.0,0.0,53.96,0,0,24.0,1.0,0.0,0,0.0
17,S1,H4,processor,48,569.826226,24.0,0.0,53.24,0,0,24.0,1.0,0.0,0,0.0
17,S1,H5,processor,48,395.784917,24.0,0.0,0.0,0,0,24.0,1.0,0.0,0,0.0
17,S1,H6,processor,48,469.046841,24.0,0.0,0.0,0,0,24.0,1.0,0.0,0,0.0
17,S1,H7,loader,48,424.433991,24.0,0.0,0.0,0,0,24.0,1.0,0.0,0,0.0
17,S1,H8,loader,48,802.411354,24.0,0.0,55.16,0,0,24.0,1.0,0.0,0,0.0
18,S1,H1,feller_buncher,48,854.6348594,24.0,0.0,54.2,0,0,24.0,1.0,0.0,0,0.3
18,S1,H2,feller_buncher,48,340.44333400000005,24.0,0.0,0.0,0,0,24.0,1.0,0.0,0,0.3
18,S1,H3,grapple_skidder,48,815.3097511999999,24.0,0.0,53.24,0,0,24.0,1.0,0.0,0,0.3
18,S1,H4,processor,48,398.8783582,24.0,0.0,0.0,0,0,24.0,1.0,0.0,0,0.3
18,S1,H5,processor,48,319.2576345,24.0,0.0,53.72,0,0,24.0,1.0,0.0,0,0.3
18,S1,H7,loader,48,332.3191473,24.0,0.0,53.24,0,0,24.0,1.0,0.0,0,0.3
18,S1,H8,loader,48,319.7080523,24.0,0.0,54.44,0,0,24.0,1.0,0.0,0,0.3
19,S1,H1,feller_buncher,48,709.1054075,24.0,0.0,0.0,0,0,24.0,1.0,0.0,0,0.3
19,S1,H2,feller_buncher,48,476.1455040999999,24.0,0.0,53.72,0,0,24.0,1.0,0.0,0,0.3
19,S1,H3,grapple_skidder,48,891.5978421,24.0,0.0,53.24,0,0,24.0,1.0,0.0,0,0.3
19,S1,H4,processor,48,362.0159494,24.0,0.0,53.72,0,0,24.0,1.0,0.0,0,0.3
19,S1,H5,processor,48,152.96505839999998,24.0,0.0,0.0,0,0,24.0,1.0,0.0,0,0.3
19,S1,H6,processor,48,328.3327887,24.0,0.0,0.0,0,0,24.0,1.0,0.0,0,0.3
19,S1,H7,loader,48,656.0293775,24.0,0.0,54.92,0,0,24.0,1.0,0.0,0,0.3
20,S1,H1,feller_buncher,48,776.9217548578254,24.0,0.0,53.24,0,0,24.0,1.0,0.0,0,0.0
20,S1,H2,feller_buncher,48,146.57578207250918,24.0,0.0,0.0,0,0,24.0,1.0,0.0,0,0.0
20,S1,H3,grapple_skidder,48,1063.2247717002413,19.151894812474218,4.848105187525782,53.24,0,0,24.0,0.7979956171864258,4.848105187525782,1,0.0
20,S1,H4,processor,48,485.54004098610045,24.0,0.0,0.0,1,0,24.0,1.0,0.0,0,0.0
20,S1,H5,processor,48,469.046841,24.0,0.0,53.96,0,0,24.0,1.0,0.0,0,0.0
20,S1,H6,processor,48,441.264891,24.0,0.0,54.44,0,0,24.0,1.0,0.0,0,0.0
20,S1,H7,loader,48,472.22269289999997,24.0,0.0,53.96,1,0,24.0,1.0,0.0,0,0.0
21,S1,H3,grapple_skidder,48,739.620424,24.0,0.0,55.16,0,0,24.0,1.0,0.0,0,0.0
21,S1,H4,processor,48,531.895933,24.0,0.0,53.48,0,0,24.0,1.0,0.0,0,0.0
21,S1,H5,processor,48,469.046841,24.0,0.0,0.0,0,0,24.0,1.0,0.0,0,0.0
21,S1,H6,processor,48,441.264891,24.0,0.0,0.0,0,0,24.0,1.0,0.0,0,0.0
21,S1,H7,loader,48,687.364703,24.0,0.0,53.24,0,0,24.0,1.0,0.0,0,0.0
22,S1,H3,grapple_skidder,48,1480.641393,24.0,0.0,55.4,0,0,24.0,1.0,0.0,0,0.0
22,S1,H4,processor,48,531.895933,24.0,0.0,0.0,0,0,24.0,1.0,0.0,0,0.0
22,S1,H5,processor,48,481.329283,24.0,0.0,53.48,0,0,24.0,1.0,0.0,0,0.0
22,S1,H6,processor,48,469.046841,24.0,0.0,54.44,0,0,24.0,1.0,0.0,0,0.0
22,S1,H7,loader,48,733.483855,24.0,0.0,53.24,0,0,24.0,1.0,0.0,0,0.0
23,S1,H3,grapple_skidder,48,1164.728216,24.0,0.0,53.72,0,0,24.0,1.0,0.0,0,0.0
23,S1,H4,processor,48,569.826226,24.0,0.0,53.24,0,0,24.0,1.0,0.0,0,0.0
23,S1,H5,processor,48,359.73838914120114,17.93724513409426,6.062754865905742,0.0,0,0,24.0,0.7473852139205941,6.062754865905743,1,0.0
23,S1,H6,processor,48,469.046841,24.0,0.0,0.0,0,0,24.0,1.0,0.0,0,0.0
23,S1,H7,loader,48,802.411354,24.0,0.0,53.24,0,0,24.0,1.0,0.0,0,0.0
24,S1,H3,grapple_skidder,48,739.620424,24.0,0.0,54.68,0,0,24.0,1.0,0.0,0,0.0
24,S1,H4,processor,48,262.3574349186961,18.40156718250523,5.598432817494771,0.0,0,0,24.0,0.7667319659377179,5.59843281749477,1,0.0
24,S1,H5,processor,48,402.89835928178456,18.697221620075894,5.302778379924106,54.68,0,0,24.0,0.7790509008364955,5.302778379924107,1,0.0
24,S1,H6,processor,48,9.068060100000025,24.0,0.0,54.44,1,0,24.0,1.0,0.0,0,0.0
24,S1,H7,loader,48,394.62605469844857,19.949851739806554,4.0501482601934455,54.68,0,0,24.0,0.8312438224919397,4.050148260193447,1,0.0
25,S1,H3,grapple_skidder,48,556.0493298471616,24.0,0.0,55.16,0,0,24.0,1.0,0.0,0,0.0
25,S1,H4,processor,48,481.329283,24.0,0.0,55.4,0,0,24.0,1.0,0.0,0,0.0
25,S1,H5,processor,48,457.575004544552,21.234589495543567,2.765410504456433,0.0,0,0,24.0,0.8847745623143153,2.7654105044564314,1,0.0
25,S1,H7,loader,48,474.741639,24.0,0.0,0.0,0,0,24.0,1.0,0.0,0,0.0
25,S1,H8,loader,48,158.11398710000003,24.0,0.0,54.2,1,0,24.0,1.0,0.0,0,0.0
25,S1,H9,loader,48,937.184825,24.0,0.0,0.0,0,0,24.0,1.0,0.0,0,0.0
26,S1,H3,grapple_skidder,48,778.104169,24.0,0.0,54.68,0,0,24.0,1.0,0.0,0,0.0
26,S1,H4,processor,48,569.826226,24.0,0.0,55.4,0,0,24.0,1.0,0.0,0,0.0
26,S1,H5,processor,48,531.895933,24.0,0.0,53.48,0,0,24.0,1.0,0.0,0,0.0
26,S1,H7,loader,48,687.364703,24.0,0.0,54.2,0,0,24.0,1.0,0.0,0,0.0
26,S1,H8,loader,48,368.35955326264786,19.560691932047234,4.439308067952766,54.92,0,0,24.0,0.8150288305019681,4.439308067952766,1,0.0
27,S1,H3,grapple_skidder,48,149.00503943181138,24.0,0.0,54.2,1,0,24.0,1.0,0.0,0,0.0
27,S1,H4,processor,48,469.046841,24.0,0.0,54.92,0,0,24.0,1.0,0.0,0,0.0
27,S1,H5,processor,48,28.845011547402805,24.0,0.0,0.0,1,0,24.0,1.0,0.0,0,0.0
27,S1,H7,loader,48,777.5002686186959,24.0,0.0,53.72,1,0,24.0,1.0,0.0,0,0.0
27,S1,H8,loader,48,303.2190386975475,24.0,0.0,0.0,0,0,24.0,1.0,0.0,0,0.0
28,S1,H1,feller_buncher,48,677.5050292307159,19.4430152594188,4.5569847405812,0.0,0,0,24.0,0.8101256358091167,4.556984740581199,1,0.3
28,S1,H3,grapple_skidder,48,622.721286172509,24.0,0.0,53.48,1,0,24.0,1.0,0.0,0,0.3
28,S1,H4,processor,48,362.0159494,24.0,0.0,54.2,0,0,24.0,1.0,0.0,0,0.3
28,S1,H7,loader,48,561.6879478,24.0,0.0,53.24,0,0,24.0,1.0,0.0,0,0.3
28,S1,H8,loader,48,332.3191473,24.0,0.0,53.48,0,0,24.0,1.0,0.0,0,0.3
28,S1,H9,loader,48,316.3712468,24.0,0.0,55.4,0,0,24.0,1.0,0.0,0,0.3
29,S1,H3,grapple_skidder,48,739.620424,24.0,0.0,54.2,0,0,24.0,1.0,0.0,0,0.0
29,S1,H4,processor,48,242.79474217096876,24.0,0.0,53.48,0,0,24.0,1.0,0.0,0,0.0
29,S1,H5,processor,48,0.0,24.0,0.0,0.0,1,0,24.0,1.0,0.0,0,0.0
29,S1,H7,loader,48,687.364703,24.0,0.0,53.48,0,0,24.0,1.0,0.0,0,0.0
29,S1,H8,loader,48,474.741639,24.0,0.0,0.0,0,0,24.0,1.0,0.0,0,0.0
30,S1,H3,grapple_skidder,48,882.5618480885408,24.0,0.0,55.4,1,0,24.0,1.0,0.0,0,0.0
30,S1,H4,processor,48,91.24394220547481,24.0,0.0,53.48,1,0,24.0,1.0,0.0,0,0.0
30,S1,H5,processor,48,253.52714251039438,24.0,0.0,55.16,0,0,24.0,1.0,0.0,0,0.0
30,S1,H6,processor,48,379.92654400154026,24.0,0.0,53.72,1,0,24.0,1.0,0.0,0,0.0
30,S1,H7,loader,48,512.6791117474032,24.0,0.0,53.48,1,0,24.0,1.0,0.0,0,0.0
30,S1,H8,loader,48,474.741639,24.0,0.0,0.0,0,0,24.0,1.0,0.0,0,0.0
31,S1,H3,grapple_skidder,48,369.9137874179607,24.0,0.0,53.24,0,0,24.0,1.0,0.0,0,0.0
31,S1,H4,processor,48,569.826226,24.0,0.0,53.72,0,0,24.0,1.0,0.0,0,0.0
31,S1,H5,processor,48,481.329283,24.0,0.0,0.0,0,0,24.0,1.0,0.0,0,0.0
31,S1,H6,processor,48,0.0,24.0,0.0,0.0,1,0,24.0,1.0,0.0,0,0.0
31,S1,H7,loader,48,99.19513681791193,24.0,0.0,53.48,1,0,24.0,1.0,0.0,0,0.0
31,S1,H8,loader,48,388.4687198968728,19.63857498820521,4.36142501179479,0.0,0,0,24.0,0.8182739578418837,4.36142501179479,1,0.0
32,S1,H3,grapple_skidder,48,698.4326161563654,21.542594752185128,2.4574052478148722,54.68,0,0,24.0,0.8976081146743803,2.457405247814871,1,0.0
32,S1,H4,processor,48,569.826226,24.0,0.0,0.0,0,0,24.0,1.0,0.0,0,0.0
32,S1,H5,processor,48,295.0813676198885,20.086806959331504,3.913193040668496,55.16,0,0,24.0,0.836950289972146,3.9131930406684976,1,0.0
32,S1,H7,loader,48,0.0,24.0,0.0,0.0,1,0,24.0,1.0,0.0,0,0.0
32,S1,H8,loader,48,558.398094,24.0,0.0,53.72,0,0,24.0,1.0,0.0,0,0.0
32,S1,H9,loader,48,451.958924,24.0,0.0,0.0,0,0,24.0,1.0,0.0,0,0.0
33,S1,H3,grapple_skidder,48,492.0673753176976,20.46866858625225,3.5313314137477505,53.48,0,0,24.0,0.8528611910938437,3.5313314137477514,1,0.0
33,S1,H4,processor,48,45.780229999999165,24.0,0.0,53.24,0,0,24.0,1.0,0.0,0,0.0
33,S1,H5,processor,48,402.78509592933636,20.609545694188085,3.3904543058119145,54.68,0,0,24.0,0.8587310705911703,3.3904543058119145,1,0.0
33,S1,H7,loader,48,937.184825,24.0,0.0,53.72,0,0,24.0,1.0,0.0,0,0.0
33,S1,H8,loader,48,64.32319217250904,24.0,0.0,0.0,1,0,24.0,1.0,0.0,0,0.0
33,S1,H9,loader,48,451.958924,24.0,0.0,0.0,0,0,24.0,1.0,0.0,0,0.0
34,S1,H1,feller_buncher,48,140.55055100000027,24.0,0.0,0.0,0,0,24.0,1.0,0.0,0,0.0
34,S1,H3,grapple_skidder,48,18.685923225553324,24.0,0.0,53.72,1,0,24.0,1.0,0.0,0,0.0
34,S1,H4,processor,48,428.751305,24.0,0.0,54.2,0,0,24.0,1.0,0.0,0,0.0
34,S1,H5,processor,48,469.046841,24.0,0.0,0.0,0,0,24.0,1.0,0.0,0,0.0
34,S1,H7,loader,48,340.8615976198877,24.0,0.0,53.24,1,0,24.0,1.0,0.0,0,0.0
35,S1,H3,grapple_skidder,48,140.55055100000027,24.0,0.0,55.16,1,0,24.0,1.0,0.0,0,0.0
35,S1,H4,processor,48,63.31607031769761,24.0,0.0,0.0,1,0,24.0,1.0,0.0,0,0.0
35,S1,H5,processor,48,409.650504,24.0,0.0,53.24,0,0,24.0,1.0,0.0,0,0.0
35,S1,H7,loader,48,0.0,24.0,0.0,0.0,1,0,24.0,1.0,0.0,0,0.0
35,S1,H8,loader,48,474.741639,24.0,0.0,53.72,0,0,24.0,1.0,0.0,0,0.0
36,S1,H3,grapple_skidder,48,855.829418,24.0,0.0,54.68,0,0,24.0,1.0,0.0,0,0.0
36,S1,H4,processor,48,474.0282619698453,24.0,0.0,54.44,1,0,24.0,1.0,0.0,0,0.0
36,S1,H5,processor,48,130.07329110848576,24.0,0.0,0.0,1,0,24.0,1.0,0.0,0,0.0
36,S1,H7,loader,48,492.0673753176976,24.0,0.0,54.2,1,0,24.0,1.0,0.0,0,0.0
36,S1,H8,loader,48,196.1857122351986,24.0,0.0,0.0,0,0,24.0,1.0,0.0,0,0.0
37,S1,H3,grapple_skidder,48,112.99644068297698,24.0,0.0,53.72,1,0,24.0,1.0,0.0,0,0.0
37,S1,H4,processor,48,0.0,24.0,0.0,0.0,1,0,24.0,1.0,0.0,0,0.0
37,S1,H5,processor,48,395.784917,24.0,0.0,53.48,0,0,24.0,1.0,0.0,0,0.0
37,S1,H7,loader,48,0.0,24.0,0.0,0.0,1,0,24.0,1.0,0.0,0,0.0
37,S1,H8,loader,48,424.433991,24.0,0.0,53.24,0,0,24.0,1.0,0.0,0,0.0
38,S1,H3,grapple_skidder,48,544.6729182999999,24.0,0.0,53.48,0,0,24.0,1.0,0.0,0,0.3
38,S1,H4,processor,48,287.3097892,24.0,0.0,55.4,0,0,24.0,1.0,0.0,0,0.3
38,S1,H5,processor,48,277.0494419,24.0,0.0,0.0,0,0,24.0,1.0,0.0,0,0.3
38,S1,H7,loader,48,584.2306474339128,21.37333482205819,2.6266651779418098,54.44,0,0,24.0,0.890555617585758,2.62666517794181,1,0.3
38,S1,H8,loader,48,297.1037937,24.0,0.0,0.0,0,0,24.0,1.0,0.0,0,0.3
39,S1,H3,grapple_skidder,48,678.968019,24.0,0.0,53.72,0,0,24.0,1.0,0.0,0,0.0
39,S1,H4,processor,48,469.046841,24.0,0.0,53.48,0,0,24.0,1.0,0.0,0,0.0
39,S1,H5,processor,48,195.88960400000013,24.0,0.0,0.0,0,0,24.0,1.0,0.0,0,0.0
39,S1,H7,loader,48,92.26524153593243,24.0,0.0,0.0,1,0,24.0,1.0,0.0,0,0.0
39,S1,H8,loader,48,67.52849252555347,24.0,0.0,0.0,1,0,24.0,1.0,0.0,0,0.0
39,S1,H9,loader,48,451.958924,24.0,0.0,0.0,0,0,24.0,1.0,0.0,0,0.0
40,S1,H4,processor,48,383.06593499999997,24.0,0.0,53.72,0,0,24.0,1.0,0.0,0,0.3
40,S1,H7,loader,48,332.3191473,24.0,0.0,54.92,0,0,24.0,1.0,0.0,0,0.3
40,S1,H8,loader,48,160.4659836297585,24.0,0.0,53.48,0,0,24.0,1.0,0.0,0,0.3
40,S1,H9,loader,48,30.10691809140002,24.0,0.0,0.0,1,0,24.0,1.0,0.0,0,0.3
41,S1,H4,processor,48,256.7130031270291,24.0,0.0,53.72,1,0,24.0,1.0,0.0,0,0.0
41,S1,H7,loader,48,383.06593499999997,24.0,0.0,53.72,1,0,24.0,1.0,0.0,0,0.0
41,S1,H8,loader,48,456.725789,24.0,0.0,0.0,0,0,24.0,1.0,0.0,0,0.0
42,S1,H3,grapple_skidder,48,678.968019,24.0,0.0,0.0,0,0,24.0,1.0,0.0,0,0.0
42,S1,H7,loader,48,474.741639,24.0,0.0,53.72,0,0,24.0,1.0,0.0,0,0.0
42,S1,H8,loader,48,408.8519049999998,24.0,0.0,0.0,0,0,24.0,1.0,0.0,0,0.0
1,S1,H1,feller_buncher,49,1220.906942,24.0,0.0,0.0,0,0,24.0,1.0,0.0,0,0.0
1,S1,H2,feller_buncher,49,1299.478592,24.0,0.0,0.0,0,0,24.0,1.0,0.0,0,0.0
2,S1,H1,feller_buncher,49,1220.906942,24.0,0.0,0.0,0,0,24.0,1.0,0.0,0,0.0
2,S1,H2,feller_buncher,49,1164.04956,24.0,0.0,53.72,0,0,24.0,1.0,0.0,0,0.0
2,S1,H3,grapple_skidder,49,678.968019,24.0,0.0,0.0,0,0,24.0,1.0,0.0,0,0.0
3,S1,H1,feller_buncher,49,1176.844281,24.0,0.0,53.48,0,0,24.0,1.0,0.0,0,0.0
3,S1,H2,feller_buncher,49,888.796776,24.0,0.0,53.24,0,0,24.0,1.0,0.0,0,0.0
3,S1,H3,grapple_skidder,49,778.104169,24.0,0.0,53.72,0,0,24.0,1.0,0.0,0,0.0
3,S1,H4,processor,49,547.23705,24.0,0.0,0.0,0,0,24.0,1.0,0.0,0,0.0
4,S1,H1,feller_buncher,49,1176.844281,24.0,0.0,0.0,0,0,24.0,1.0,0.0,0,0.0
4,S1,H2,feller_buncher,49,748.1038484308209,20.20089726601315,3.7991027339868495,0.0,0,0,24.0,0.8417040527505479,3.7991027339868513,1,0.0
4,S1,H3,grapple_skidder,49,1332.369187,24.0,0.0,54.68,0,0,24.0,1.0,0.0,0,0.0
4,S1,H4,processor,49,469.046841,24.0,0.0,53.72,0,0,24.0,1.0,0.0,0,0.0
4,S1,H7,loader,49,485.857474,24.0,0.0,0.0,0,0,24.0,1.0,0.0,0,0.0
5,S1,H1,feller_buncher,49,1164.04956,24.0,0.0,54.2,0,0,24.0,1.0,0.0,0,0.0
5,S1,H2,feller_buncher,49,961.553907,24.0,0.0,53.24,0,0,24.0,1.0,0.0,0,0.0
5,S1,H3,grapple_skidder,49,1164.728216,24.0,0.0,53.48,0,0,24.0,1.0,0.0,0,0.0
5,S1,H4,processor,49,531.895933,24.0,0.0,54.68,0,0,24.0,1.0,0.0,0,0.0
6,S1,H1,feller_buncher,49,256.1621419999998,24.0,0.0,53.24,0,0,24.0,1.0,0.0,0,0.0
6,S1,H2,feller_buncher,49,961.553907,24.0,0.0,0.0,0,0,24.0,1.0,0.0,0,0.0
6,S1,H3,grapple_skidder,49,1164.728216,24.0,0.0,0.0,0,0,24.0,1.0,0.0,0,0.0
6,S1,H4,processor,49,531.895933,24.0,0.0,0.0,0,0,24.0,1.0,0.0,0,0.0
7,S1,H1,feller_buncher,49,1164.04956,24.0,0.0,53.24,0,0,24.0,1.0,0.0,0,0.0
7,S1,H2,feller_buncher,49,543.9896570708399,24.0,0.0,0.0,0,0,24.0,1.0,0.0,0,0.0
7,S1,H3,grapple_skidder,49,809.624168,24.0,0.0,54.44,0,0,24.0,1.0,0.0,0,0.0
7,S1,H4,processor,49,517.165642,24.0,0.0,53.48,0,0,24.0,1.0,0.0,0,0.0
7,S1,H7,loader,49,802.411354,24.0,0.0,55.4,0,0,24.0,1.0,0.0,0,0.0
8,S1,H1,feller_buncher,49,431.7364097510586,24.0,0.0,53.24,0,0,24.0,1.0,0.0,0,0.3
8,S1,H2,feller_buncher,49,289.62957310000013,24.0,0.0,0.0,0,0,24.0,1.0,0.0,0,0.3
8,S1,H3,grapple_skidder,49,544.6729182999999,24.0,0.0,53.24,0,0,24.0,1.0,0.0,0,0.3
8,S1,H4,processor,49,362.0159494,24.0,0.0,0.0,0,0,24.0,1.0,0.0,0,0.3
8,S1,H5,processor,49,286.75535279999997,24.0,0.0,0.0,0,0,24.0,1.0,0.0,0,0.3
9,S1,H1,feller_buncher,49,1299.478592,24.0,0.0,53.96,0,0,24.0,1.0,0.0,0,0.0
9,S1,H2,feller_buncher,49,1220.906942,24.0,0.0,55.16,0,0,24.0,1.0,0.0,0,0.0
9,S1,H3,grapple_skidder,49,778.104169,24.0,0.0,0.0,0,0,24.0,1.0,0.0,0,0.0
9,S1,H7,loader,49,687.364703,24.0,0.0,53.48,0,0,24.0,1.0,0.0,0,0.0
10,S1,H1,feller_buncher,49,1299.478592,24.0,0.0,0.0,0,0,24.0,1.0,0.0,0,0.0
10,S1,H2,feller_buncher,49,860.013242,24.0,0.0,54.44,0,0,24.0,1.0,0.0,0,0.0
10,S1,H3,grapple_skidder,49,739.620424,24.0,0.0,53.48,0,0,24.0,1.0,0.0,0,0.0
10,S1,H4,processor,49,517.165642,24.0,0.0,0.0,0,0,24.0,1.0,0.0,0,0.0
10,S1,H5,processor,49,416.311565178302,21.301662629211158,2.698337370788842,53.24,0,0,24.0,0.8875692762171316,2.6983373707888427,1,0.0
11,S1,H1,feller_buncher,49,1299.478592,24.0,0.0,0.0,0,0,24.0,1.0,0.0,0,0.0
11,S1,H2,feller_buncher,49,47.8873214063712,19.47866791909746,4.521332080902539,0.0,0,0,24.0,0.8116111632957276,4.52133208090254,1,0.0
11,S1,H3,grapple_skidder,49,778.104169,24.0,0.0,53.48,0,0,24.0,1.0,0.0,0,0.0
11,S1,H4,processor,49,481.329283,24.0,0.0,54.68,0,0,24.0,1.0,0.0,0,0.0
11,S1,H7,loader,49,687.364703,24.0,0.0,0.0,0,0,24.0,1.0,0.0,0,0.0
12,S1,H1,feller_buncher,49,356.0085949999998,24.0,0.0,0.0,0,0,24.0,1.0,0.0,0,0.0
12,S1,H2,feller_buncher,49,674.603847,24.0,0.0,53.72,0,0,24.0,1.0,0.0,0,0.0
12,S1,H3,grapple_skidder,49,1332.369187,24.0,0.0,54.68,0,0,24.0,1.0,0.0,0,0.0
12,S1,H4,processor,49,517.165642,24.0,0.0,54.68,0,0,24.0,1.0,0.0,0,0.0
12,S1,H7,loader,49,474.741639,24.0,0.0,54.2,0,0,24.0,1.0,0.0,0,0.0
12,S1,H8,loader,49,451.958924,24.0,0.0,0.0,0,0,24.0,1.0,0.0,0,0.0
13,S1,H1,feller_buncher,49,1164.04956,24.0,0.0,53.72,0,0,24.0,1.0,0.0,0,0.0
13,S1,H2,feller_buncher,49,1194.708925,24.0,0.0,53.96,0,0,24.0,1.0,0.0,0,0.0
13,S1,H3,grapple_skidder,49,809.624168,24.0,0.0,54.92,0,0,24.0,1.0,0.0,0,0.0
13,S1,H4,processor,49,531.895933,24.0,0.0,53.48,0,0,24.0,1.0,0.0,0,0.0
13,S1,H7,loader,49,538.7834694000003,24.0,0.0,54.2,1,0,24.0,1.0,0.0,0,0.0
14,S1,H1,feller_buncher,49,1176.844281,24.0,0.0,54.2,0,0,24.0,1.0,0.0,0,0.0
14,S1,H2,feller_buncher,49,1194.708925,24.0,0.0,0.0,0,0,24.0,1.0,0.0,0,0.0
14,S1,H3,grapple_skidder,49,778.104169,24.0,0.0,53.24,0,0,24.0,1.0,0.0,0,0.0
14,S1,H4,processor,49,390.98575930618796,24.0,0.0,0.0,0,0,24.0,1.0,0.0,0,0.0
14,S1,H5,processor,49,409.650504,24.0,0.0,53.24,0,0,24.0,1.0,0.0,0,0.0
15,S1,H1,feller_buncher,49,1176.844281,24.0,0.0,0.0,0,0,24.0,1.0,0.0,0,0.0
15,S1,H2,feller_buncher,49,1164.04956,24.0,0.0,54.92,0,0,24.0,1.0,0.0,0,0.0
15,S1,H3,grapple_skidder,49,923.199854,24.0,0.0,53.24,0,0,24.0,1.0,0.0,0,0.0
15,S1,H4,processor,49,329.23001859799257,19.28844312212007,4.711556877879929,54.92,0,0,24.0,0.8036851300883363,4.711556877879927,1,0.0
15,S1,H7,loader,49,802.411354,24.0,0.0,53.48,0,0,24.0,1.0,0.0,0,0.0
16,S1,H1,feller_buncher,49,111.30773800000088,24.0,0.0,0.0,0,0,24.0,1.0,0.0,0,0.0
16,S1,H2,feller_buncher,49,502.7667789999996,24.0,0.0,0.0,0,0,24.0,1.0,0.0,0,0.0
16,S1,H3,grapple_skidder,49,1480.641393,24.0,0.0,54.68,0,0,24.0,1.0,0.0,0,0.0
16,S1,H4,processor,49,531.895933,24.0,0.0,54.92,0,0,24.0,1.0,0.0,0,0.0
16,S1,H5,processor,49,395.784917,24.0,0.0,53.48,0,0,24.0,1.0,0.0,0,0.0
16,S1,H7,loader,49,424.433991,24.0,0.0,54.92,0,0,24.0,1.0,0.0,0,0.0
17,S1,H1,feller_buncher,49,358.080569373115,21.278829657778456,2.7211703422215443,53.72,0,0,24.0,0.8866179024074357,2.721170342221544,1,0.3
17,S1,H2,feller_buncher,49,551.1545080999999,24.0,0.0,54.44,0,0,24.0,1.0,0.0,0,0.3
17,S1,H3,grapple_skidder,49,472.22269289999997,24.0,0.0,53.96,0,0,24.0,1.0,0.0,0,0.3
17,S1,H4,processor,49,398.8783582,24.0,0.0,53.24,0,0,24.0,1.0,0.0,0,0.3
17,S1,H5,processor,49,277.0494419,24.0,0.0,0.0,0,0,24.0,1.0,0.0,0,0.3
17,S1,H6,processor,49,328.3327887,24.0,0.0,0.0,0,0,24.0,1.0,0.0,0,0.3
17,S1,H7,loader,49,297.1037937,24.0,0.0,0.0,0,0,24.0,1.0,0.0,0,0.3
17,S1,H8,loader,49,561.6879478,24.0,0.0,55.16,0,0,24.0,1.0,0.0,0,0.3
18,S1,H1,feller_buncher,49,1220.906942,24.0,0.0,54.2,0,0,24.0,1.0,0.0,0,0.0
18,S1,H2,feller_buncher,49,486.3476200000001,24.0,0.0,0.0,0,0,24.0,1.0,0.0,0,0.0
18,S1,H3,grapple_skidder,49,1164.728216,24.0,0.0,53.24,0,0,24.0,1.0,0.0,0,0.0
18,S1,H4,processor,49,569.826226,24.0,0.0,0.0,0,0,24.0,1.0,0.0,0,0.0
18,S1,H5,processor,49,456.082335,24.0,0.0,53.72,0,0,24.0,1.0,0.0,0,0.0
18,S1,H7,loader,49,474.741639,24.0,0.0,53.24,0,0,24.0,1.0,0.0,0,0.0
18,S1,H8,loader,49,378.98088041408226,19.91466509883893,4.085334901161069,54.44,0,0,24.0,0.8297777124516221,4.085334901161069,1,0.0
19,S1,H1,feller_buncher,49,735.7943560547149,17.432309852635285,6.567690147364715,0.0,0,0,24.0,0.7263462438598035,6.567690147364713,1,0.0
19,S1,H2,feller_buncher,49,680.207863,24.0,0.0,53.72,0,0,24.0,1.0,0.0,0,0.0
19,S1,H3,grapple_skidder,49,1037.5021281,24.0,0.0,53.24,1,0,24.0,1.0,0.0,0,0.0
19,S1,H4,processor,49,517.165642,24.0,0.0,53.72,0,0,24.0,1.0,0.0,0,0.0
19,S1,H5,processor,49,16.14035789999997,24.0,0.0,0.0,1,0,24.0,1.0,0.0,0,0.0
19,S1,H6,processor,49,469.046841,24.0,0.0,0.0,0,0,24.0,1.0,0.0,0,0.0
19,S1,H7,loader,49,937.184825,24.0,0.0,54.92,0,0,24.0,1.0,0.0,0,0.0
20,S1,H1,feller_buncher,49,1194.708925,24.0,0.0,53.24,0,0,24.0,1.0,0.0,0,0.0
20,S1,H2,feller_buncher,49,364.89843800000006,24.0,0.0,0.0,0,0,24.0,1.0,0.0,0,0.0
20,S1,H3,grapple_skidder,49,1332.369187,24.0,0.0,53.24,0,0,24.0,1.0,0.0,0,0.0
20,S1,H4,processor,49,517.165642,24.0,0.0,0.0,0,0,24.0,1.0,0.0,0,0.0
20,S1,H5,processor,49,469.046841,24.0,0.0,53.96,0,0,24.0,1.0,0.0,0,0.0
20,S1,H6,processor,49,441.264891,24.0,0.0,54.44,0,0,24.0,1.0,0.0,0,0.0
20,S1,H7,loader,49,472.22269289999997,24.0,0.0,53.96,1,0,24.0,1.0,0.0,0,0.0
21,S1,H3,grapple_skidder,49,739.620424,24.0,0.0,55.16,0,0,24.0,1.0,0.0,0,0.0
21,S1,H4,processor,49,531.895933,24.0,0.0,53.48,0,0,24.0,1.0,0.0,0,0.0
21,S1,H5,processor,49,469.046841,24.0,0.0,0.0,0,0,24.0,1.0,0.0,0,0.0
21,S1,H6,processor,49,441.264891,24.0,0.0,0.0,0,0,24.0,1.0,0.0,0,0.0
21,S1,H7,loader,49,687.364703,24.0,0.0,53.24,0,0,24.0,1.0,0.0,0,0.0
22,S1,H3,grapple_skidder,49,1480.641393,24.0,0.0,55.4,0,0,24.0,1.0,0.0,0,0.0
22,S1,H4,processor,49,531.895933,24.0,0.0,0.0,0,0,24.0,1.0,0.0,0,0.0
22,S1,H5,processor,49,481.329283,24.0,0.0,53.48,0,0,24.0,1.0,0.0,0,0.0
22,S1,H6,processor,49,469.046841,24.0,0.0,54.44,0,0,24.0,1.0,0.0,0,0.0
22,S1,H7,loader,49,307.8336800204197,24.0,0.0,53.24,0,0,24.0,1.0,0.0,0,0.0
23,S1,H3,grapple_skidder,49,1164.728216,24.0,0.0,53.72,0,0,24.0,1.0,0.0,0,0.0
23,S1,H4,processor,49,569.826226,24.0,0.0,53.24,0,0,24.0,1.0,0.0,0,0.0
23,S1,H5,processor,49,481.329283,24.0,0.0,0.0,0,0,24.0,1.0,0.0,0,0.0
23,S1,H6,processor,49,469.046841,24.0,0.0,0.0,0,0,24.0,1.0,0.0,0,0.0
23,S1,H7,loader,49,802.411354,24.0,0.0,53.24,0,0,24.0,1.0,0.0,0,0.0
24,S1,H3,grapple_skidder,49,739.620424,24.0,0.0,54.68,0,0,24.0,1.0,0.0,0,0.0
24,S1,H4,processor,49,569.826226,24.0,0.0,0.0,0,0,24.0,1.0,0.0,0,0.0
24,S1,H5,processor,49,517.165642,24.0,0.0,54.68,0,0,24.0,1.0,0.0,0,0.0
24,S1,H6,processor,49,154.97234609999992,24.0,0.0,54.44,1,0,24.0,1.0,0.0,0,0.0
24,S1,H7,loader,49,474.741639,24.0,0.0,54.68,0,0,24.0,1.0,0.0,0,0.0
25,S1,H3,grapple_skidder,49,1332.369187,24.0,0.0,55.16,0,0,24.0,1.0,0.0,0,0.0
25,S1,H4,processor,49,244.05804638347715,24.0,0.0,55.4,0,0,24.0,1.0,0.0,0,0.0
25,S1,H5,processor,49,517.165642,24.0,0.0,0.0,0,0,24.0,1.0,0.0,0,0.0
25,S1,H7,loader,49,474.741639,24.0,0.0,0.0,0,0,24.0,1.0,0.0,0,0.0
25,S1,H8,loader,49,540.2273480000001,24.0,0.0,54.2,0,0,24.0,1.0,0.0,0,0.0
25,S1,H9,loader,49,937.184825,24.0,0.0,0.0,0,0,24.0,1.0,0.0,0,0.0
26,S1,H3,grapple_skidder,49,778.104169,24.0,0.0,54.68,0,0,24.0,1.0,0.0,0,0.0
26,S1,H4,processor,49,569.826226,24.0,0.0,55.4,0,0,24.0,1.0,0.0,0,0.0
26,S1,H5,processor,49,531.895933,24.0,0.0,53.48,0,0,24.0,1.0,0.0,0,0.0
26,S1,H7,loader,49,687.364703,24.0,0.0,54.2,0,0,24.0,1.0,0.0,0,0.0
26,S1,H8,loader,49,451.958924,24.0,0.0,54.92,0,0,24.0,1.0,0.0,0,0.0
27,S1,H3,grapple_skidder,49,159.77199800000017,24.0,0.0,54.2,0,0,24.0,1.0,0.0,0,0.0
27,S1,H4,processor,49,469.046841,24.0,0.0,54.92,0,0,24.0,1.0,0.0,0,0.0
27,S1,H5,processor,49,531.895933,24.0,0.0,0.0,0,0,24.0,1.0,0.0,0,0.0
27,S1,H7,loader,49,803.8136122,24.0,0.0,53.72,1,0,24.0,1.0,0.0,0,0.0
27,S1,H8,loader,49,451.958924,24.0,0.0,0.0,0,0,24.0,1.0,0.0,0,0.0
28,S1,H1,feller_buncher,49,1194.708925,24.0,0.0,0.0,0,0,24.0,1.0,0.0,0,0.0
28,S1,H3,grapple_skidder,49,1045.106301,24.0,0.0,53.48,0,0,24.0,1.0,0.0,0,0.0
28,S1,H4,processor,49,517.165642,24.0,0.0,54.2,0,0,24.0,1.0,0.0,0,0.0
28,S1,H7,loader,49,802.411354,24.0,0.0,53.24,0,0,24.0,1.0,0.0,0,0.0
28,S1,H8,loader,49,474.741639,24.0,0.0,53.48,0,0,24.0,1.0,0.0,0,0.0
28,S1,H9,loader,49,332.169123383477,24.0,0.0,55.4,1,0,24.0,1.0,0.0,0,0.0
29,S1,H3,grapple_skidder,49,537.8657721708398,24.0,0.0,54.2,1,0,24.0,1.0,0.0,0,0.0
29,S1,H4,processor,49,430.907382,24.0,0.0,53.48,0,0,24.0,1.0,0.0,0,0.0
29,S1,H5,processor,49,286.6737802227598,24.0,0.0,0.0,0,0,24.0,1.0,0.0,0,0.0
29,S1,H7,loader,49,687.364703,24.0,0.0,53.48,0,0,24.0,1.0,0.0,0,0.0
29,S1,H8,loader,49,474.741639,24.0,0.0,0.0,0,0,24.0,1.0,0.0,0,0.0
30,S1,H3,grapple_skidder,49,1480.641393,24.0,0.0,55.4,0,0,24.0,1.0,0.0,0,0.0
30,S1,H4,processor,49,164.19408399999998,24.0,0.0,53.48,0,0,24.0,1.0,0.0,0,0.0
30,S1,H5,processor,49,481.329283,24.0,0.0,55.16,0,0,24.0,1.0,0.0,0,0.0
30,S1,H6,processor,49,430.907382,24.0,0.0,53.72,0,0,24.0,1.0,0.0,0,0.0
30,S1,H7,loader,49,802.411354,24.0,0.0,53.48,0,0,24.0,1.0,0.0,0,0.0
30,S1,H8,loader,49,474.741639,24.0,0.0,0.0,0,0,24.0,1.0,0.0,0,0.0
31,S1,H3,grapple_skidder,49,289.9453760547153,24.0,0.0,53.24,1,0,24.0,1.0,0.0,0,0.0
31,S1,H4,processor,49,569.826226,24.0,0.0,53.72,0,0,24.0,1.0,0.0,0,0.0
31,S1,H5,processor,49,481.329283,24.0,0.0,0.0,0,0,24.0,1.0,0.0,0,0.0
31,S1,H6,processor,49,183.29153700000006,24.0,0.0,0.0,0,0,24.0,1.0,0.0,0,0.0
31,S1,H7,loader,49,687.364703,24.0,0.0,53.48,0,0,24.0,1.0,0.0,0,0.0
31,S1,H8,loader,49,255.4493283930216,24.0,0.0,0.0,0,0,24.0,1.0,0.0,0,0.0
32,S1,H3,grapple_skidder,49,481.95514154311434,24.0,0.0,54.68,0,0,24.0,1.0,0.0,0,0.0
32,S1,H4,processor,49,569.826226,24.0,0.0,0.0,0,0,24.0,1.0,0.0,0,0.0
32,S1,H5,processor,49,531.895933,24.0,0.0,55.16,0,0,24.0,1.0,0.0,0,0.0
32,S1,H7,loader,49,0.5634820000002492,24.0,0.0,0.0,1,0,24.0,1.0,0.0,0,0.0
32,S1,H8,loader,49,558.398094,24.0,0.0,53.72,0,0,24.0,1.0,0.0,0,0.0
32,S1,H9,loader,49,451.958924,24.0,0.0,0.0,0,0,24.0,1.0,0.0,0,0.0
33,S1,H3,grapple_skidder,49,358.080569373115,24.0,0.0,53.48,1,0,24.0,1.0,0.0,0,0.0
33,S1,H4,processor,49,45.780229999999165,24.0,0.0,53.24,0,0,24.0,1.0,0.0,0,0.0
33,S1,H5,processor,49,469.046841,24.0,0.0,54.68,0,0,24.0,1.0,0.0,0,0.0
33,S1,H7,loader,49,937.184825,24.0,0.0,53.72,0,0,24.0,1.0,0.0,0,0.0
33,S1,H8,loader,49,486.708207,24.0,0.0,0.0,0,0,24.0,1.0,0.0,0,0.0
33,S1,H9,loader,49,451.958924,24.0,0.0,0.0,0,0,24.0,1.0,0.0,0,0.0
34,S1,H1,feller_buncher,49,140.55055100000027,24.0,0.0,0.0,0,0,24.0,1.0,0.0,0,0.0
34,S1,H3,grapple_skidder,49,273.8144304308207,24.0,0.0,53.72,1,0,24.0,1.0,0.0,0,0.0
34,S1,H4,processor,49,358.080569373115,24.0,0.0,54.2,1,0,24.0,1.0,0.0,0,0.0
34,S1,H5,processor,49,420.12982296481266,24.0,0.0,0.0,1,0,24.0,1.0,0.0,0,0.0
34,S1,H7,loader,49,802.411354,24.0,0.0,53.24,0,0,24.0,1.0,0.0,0,0.0
35,S1,H3,grapple_skidder,49,477.4620719999998,24.0,0.0,55.16,0,0,24.0,1.0,0.0,0,0.0
35,S1,H4,processor,49,0.0,24.0,0.0,0.0,1,0,24.0,1.0,0.0,0,0.0
35,S1,H5,processor,49,409.650504,24.0,0.0,53.24,0,0,24.0,1.0,0.0,0,0.0
35,S1,H7,loader,49,134.34709472894724,24.0,0.0,0.0,1,0,24.0,1.0,0.0,0,0.0
35,S1,H8,loader,49,405.6575262394117,20.507534688243094,3.4924653117569058,53.72,0,0,24.0,0.8544806120101289,3.4924653117569067,1,0.0
36,S1,H3,grapple_skidder,49,416.43711915742983,24.0,0.0,54.68,1,0,24.0,1.0,0.0,0,0.0
36,S1,H4,processor,49,569.826226,24.0,0.0,54.44,0,0,24.0,1.0,0.0,0,0.0
36,S1,H5,processor,49,395.15367800000007,24.0,0.0,0.0,0,0,24.0,1.0,0.0,0,0.0
36,S1,H7,loader,49,358.080569373115,24.0,0.0,54.2,1,0,24.0,1.0,0.0,0,0.0
36,S1,H8,loader,49,474.741639,24.0,0.0,0.0,0,0,24.0,1.0,0.0,0,0.0
37,S1,H3,grapple_skidder,49,0.0,24.0,0.0,53.72,1,0,24.0,1.0,0.0,0,0.0
37,S1,H4,processor,49,360.77644299999906,24.0,0.0,0.0,0,0,24.0,1.0,0.0,0,0.0
37,S1,H5,processor,49,395.784917,24.0,0.0,53.48,0,0,24.0,1.0,0.0,0,0.0
37,S1,H7,loader,49,0.0,24.0,0.0,0.0,1,0,24.0,1.0,0.0,0,0.0
37,S1,H8,loader,49,424.433991,24.0,0.0,53.24,0,0,24.0,1.0,0.0,0,0.0
38,S1,H3,grapple_skidder,49,778.104169,24.0,0.0,53.48,0,0,24.0,1.0,0.0,0,0.0
38,S1,H4,processor,49,106.02258278736241,24.0,0.0,55.4,1,0,24.0,1.0,0.0,0,0.0
38,S1,H5,processor,49,271.0176972574299,18.818975386785702,5.181024613214298,0.0,1,0,24.0,0.7841239744494043,5.181024613214296,1,0.0
38,S1,H7,loader,49,937.184825,24.0,0.0,54.44,0,0,24.0,1.0,0.0,0,0.0
38,S1,H8,loader,49,395.4479629892963,22.36095909609443,1.6390409039055704,0.0,0,0,24.0,0.9317066290039345,1.6390409039055704,1,0.0
39,S1,H3,grapple_skidder,49,678.968019,24.0,0.0,53.72,0,0,24.0,1.0,0.0,0,0.0
39,S1,H4,processor,49,469.046841,24.0,0.0,53.48,0,0,24.0,1.0,0.0,0,0.0
39,S1,H5,processor,49,0.0,24.0,0.0,0.0,1,0,24.0,1.0,0.0,0,0.0
39,S1,H7,loader,49,195.88547099999892,24.0,0.0,0.0,1,0,24.0,1.0,0.0,0,0.0
39,S1,H8,loader,49,289.0203187086964,24.0,0.0,0.0,1,0,24.0,1.0,0.0,0,0.0
39,S1,H9,loader,49,164.7633007873623,24.0,0.0,0.0,1,0,24.0,1.0,0.0,0,0.0
40,S1,H4,processor,49,547.23705,24.0,0.0,53.72,0,0,24.0,1.0,0.0,0,0.0
40,S1,H7,loader,49,474.741639,24.0,0.0,54.92,0,0,24.0,1.0,0.0,0,0.0
40,S1,H8,loader,49,456.725789,24.0,0.0,53.48,0,0,24.0,1.0,0.0,0,0.0
40,S1,H9,loader,49,0.0,24.0,0.0,0.0,1,0,24.0,1.0,0.0,0,0.0
41,S1,H4,processor,49,309.057328,24.0,0.0,53.72,1,0,24.0,1.0,0.0,0,0.0
41,S1,H7,loader,49,485.857474,24.0,0.0,53.72,0,0,24.0,1.0,0.0,0,0.0
41,S1,H8,loader,49,456.725789,24.0,0.0,0.0,0,0,24.0,1.0,0.0,0,0.0
42,S1,H3,grapple_skidder,49,678.968019,24.0,0.0,0.0,0,0,24.0,1.0,0.0,0,0.0
42,S1,H7,loader,49,474.741639,24.0,0.0,53.72,0,0,24.0,1.0,0.0,0,0.0
42,S1,H8,loader,49,47.20451474334766,22.25172955905022,1.7482704409497813,0.0,1,0,24.0,0.9271553982937591,1.7482704409497831,1,0.0
