algorithm,wins,scenarios,win_rate,avg_best_objective,avg_mean_objective,avg_runtime,avg_delta_vs_best
tabu,3,4,0.75,22.51775,22.51775,0.623,-5.375
bayes,2,4,0.5,-96.32675000000002,-179.45038333333338,0.32968333333333333,-124.21950000000002
grid,1,4,0.25,-174.18450000000007,-196.01637500000004,0.2235,-202.07725000000008
ils,1,4,0.25,-264.04475,-264.04475,0.30224999999999996,-291.9375
random,1,4,0.25,-159.89550000000003,-206.42412500000003,0.195875,-187.78825000000006
