algorithm,wins,scenarios,win_rate,avg_best_objective,avg_mean_objective,avg_runtime,avg_delta_vs_best
tabu,2,3,0.6666666666666666,-5196.619395333336,-5196.619395333336,26.265333333333334,-30.539656666665298
bayes,1,3,0.3333333333333333,-5173.071072000003,-6970.805906833338,2.4717499999999997,-6.991333333333387
ils,1,3,0.3333333333333333,-5921.797182666669,-5921.797182666669,11.261333333333333,-755.7174439999986
grid,0,3,0.0,-6047.32472066667,-7113.814597833337,2.4036666666666666,-881.2449819999989
random,0,3,0.0,-6593.916352666671,-7527.7881336666715,2.7451666666666665,-1427.836614
