scenario,bundle,algorithm,best_objective,mean_objective,mean_runtime,delta_vs_best
synthetic-small,standalone,bayes,39.791000000000004,39.791000000000004,0.05006666666666667,0.0
synthetic-small,standalone,grid,39.791000000000004,39.791000000000004,0.04925,0.0
synthetic-small,standalone,ils,39.791000000000004,39.791000000000004,0.078,0.0
synthetic-small,standalone,random,39.791000000000004,39.791000000000004,0.0505,0.0
synthetic-small,standalone,tabu,39.791000000000004,39.791000000000004,0.037,0.0
