algorithm,wins,scenarios,win_rate,avg_best_objective,avg_mean_objective,avg_runtime,avg_delta_vs_best
bayes,1,1,1.0,39.791000000000004,39.791000000000004,0.05046666666666667,0.0
grid,1,1,1.0,39.791000000000004,39.791000000000004,0.04375,0.0
ils,1,1,1.0,39.791000000000004,39.791000000000004,0.077,0.0
random,1,1,1.0,39.791000000000004,39.791000000000004,0.05,0.0
tabu,1,1,1.0,39.791000000000004,39.791000000000004,0.036,0.0
