{
  "samples": 1,
  "total_production": 39.791000000000004,
  "total_hours": 47.19224929950295,
  "mobilisation_cost": 0.0,
  "average_utilisation": 0.4166666666666667
}