tier,blocks,machines,num_days,assignments,runtime_s,objective
small,4,2,6,5.0,0.2549630259163677,39.791
medium,8,4,12,9.0,0.5046387198381126,91.368
large,16,6,18,16.0,1.043862578924745,169.77700000000004
