tier,blocks,machines,num_days,assignments,runtime_s,objective
small,4,2,6,5.0,0.251388322096318,39.791
medium,8,4,12,9.0,0.504431685898453,91.368
large,16,6,18,16.0,1.02872322127223,169.77700000000004
