tier,blocks,machines,num_days,assignments,runtime_s,objective
small,4,2,6,5.0,0.2498829909600317,39.791
medium,8,4,12,9.0,0.5052363323047757,91.368
large,16,6,18,16.0,1.0284628877416253,169.77700000000004
