tier,blocks,machines,num_days,assignments,runtime_s,objective
small,4,2,6,5.0,0.2524810140021145,39.791
medium,8,4,12,9.0,0.4940417800098657,91.368
large,16,6,18,16.0,1.0265968688763678,169.77700000000004
