tier,blocks,machines,num_days,assignments,runtime_s,objective
small,4,2,112,122.0,31.67842185823247,-75039.791
medium,8,4,112,272.0,83.58066941611469,-261097.033
large,16,6,112,317.0,105.42369785439224,-359224.711
